6174
476000.0     4152191.488873656     -25000.0     3300.0     125510000000.0     0.25 
482000.0     4152191.488873656     -25000.0     3300.0     125510000000.0     0.25 
484000.0     4152191.488873656     -25000.0     3300.0     125510000000.0     0.25 
486000.0     4152191.488873656     -25000.0     3300.0     125510000000.0     0.25 
488000.0     4152191.488873656     -25000.0     3300.0     125510000000.0     0.25 
490000.0     4152191.488873656     -25000.0     3300.0     125510000000.0     0.25 
492000.0     4152191.488873656     -25000.0     3300.0     125510000000.0     0.25 
494000.0     4152191.488873656     -25000.0     3300.0     125510000000.0     0.25 
496000.0     4152191.488873656     -25000.0     3300.0     125510000000.0     0.25 
498000.0     4152191.488873656     -25000.0     3300.0     125510000000.0     0.25 
500000.0     4152191.488873656     -25000.0     3300.0     125510000000.0     0.25 
502000.0     4152191.488873656     -25000.0     3300.0     125510000000.0     0.25 
504000.0     4152191.488873656     -25000.0     3300.0     125510000000.0     0.25 
506000.0     4152191.488873656     -25000.0     3300.0     125510000000.0     0.25 
508000.0     4152191.488873656     -25000.0     3300.0     125510000000.0     0.25 
510000.0     4152191.488873656     -25000.0     3300.0     125510000000.0     0.25 
512000.0     4152191.488873656     -25000.0     3300.0     125510000000.0     0.25 
514000.0     4152191.488873656     -25000.0     3300.0     125510000000.0     0.25 
516000.0     4152191.488873656     -25000.0     3300.0     125510000000.0     0.25 
518000.0     4152191.488873656     -25000.0     3300.0     125510000000.0     0.25 
524000.0     4152191.488873656     -25000.0     3300.0     125510000000.0     0.25 
476000.0     4158191.488873656     -25000.0     3300.0     125510000000.0     0.25 
482000.0     4158191.488873656     -25000.0     3300.0     125510000000.0     0.25 
484000.0     4158191.488873656     -25000.0     3300.0     125510000000.0     0.25 
486000.0     4158191.488873656     -25000.0     3300.0     125510000000.0     0.25 
488000.0     4158191.488873656     -25000.0     3300.0     125510000000.0     0.25 
490000.0     4158191.488873656     -25000.0     3300.0     125510000000.0     0.25 
492000.0     4158191.488873656     -25000.0     3300.0     125510000000.0     0.25 
494000.0     4158191.488873656     -25000.0     3300.0     125510000000.0     0.25 
496000.0     4158191.488873656     -25000.0     3300.0     125510000000.0     0.25 
498000.0     4158191.488873656     -25000.0     3300.0     125510000000.0     0.25 
500000.0     4158191.488873656     -25000.0     3300.0     125510000000.0     0.25 
502000.0     4158191.488873656     -25000.0     3300.0     125510000000.0     0.25 
504000.0     4158191.488873656     -25000.0     3300.0     125510000000.0     0.25 
506000.0     4158191.488873656     -25000.0     3300.0     125510000000.0     0.25 
508000.0     4158191.488873656     -25000.0     3300.0     125510000000.0     0.25 
510000.0     4158191.488873656     -25000.0     3300.0     125510000000.0     0.25 
512000.0     4158191.488873656     -25000.0     3300.0     125510000000.0     0.25 
514000.0     4158191.488873656     -25000.0     3300.0     125510000000.0     0.25 
516000.0     4158191.488873656     -25000.0     3300.0     125510000000.0     0.25 
518000.0     4158191.488873656     -25000.0     3300.0     125510000000.0     0.25 
524000.0     4158191.488873656     -25000.0     3300.0     125510000000.0     0.25 
476000.0     4160191.488873656     -25000.0     3300.0     125510000000.0     0.25 
482000.0     4160191.488873656     -25000.0     3300.0     125510000000.0     0.25 
484000.0     4160191.488873656     -25000.0     3300.0     125510000000.0     0.25 
486000.0     4160191.488873656     -25000.0     3300.0     125510000000.0     0.25 
488000.0     4160191.488873656     -25000.0     3300.0     125510000000.0     0.25 
490000.0     4160191.488873656     -25000.0     3300.0     125510000000.0     0.25 
492000.0     4160191.488873656     -25000.0     3300.0     125510000000.0     0.25 
494000.0     4160191.488873656     -25000.0     3300.0     125510000000.0     0.25 
496000.0     4160191.488873656     -25000.0     3300.0     125510000000.0     0.25 
498000.0     4160191.488873656     -25000.0     3300.0     125510000000.0     0.25 
500000.0     4160191.488873656     -25000.0     3300.0     125510000000.0     0.25 
502000.0     4160191.488873656     -25000.0     3300.0     125510000000.0     0.25 
504000.0     4160191.488873656     -25000.0     3300.0     125510000000.0     0.25 
506000.0     4160191.488873656     -25000.0     3300.0     125510000000.0     0.25 
508000.0     4160191.488873656     -25000.0     3300.0     126020000000.0     0.25 
510000.0     4160191.488873656     -25000.0     3300.0     125510000000.0     0.25 
512000.0     4160191.488873656     -25000.0     3300.0     125510000000.0     0.25 
514000.0     4160191.488873656     -25000.0     3300.0     125510000000.0     0.25 
516000.0     4160191.488873656     -25000.0     3300.0     125510000000.0     0.25 
518000.0     4160191.488873656     -25000.0     3300.0     125510000000.0     0.25 
524000.0     4160191.488873656     -25000.0     3300.0     125510000000.0     0.25 
476000.0     4162191.488873656     -25000.0     3300.0     125510000000.0     0.25 
482000.0     4162191.488873656     -25000.0     3300.0     125510000000.0     0.25 
484000.0     4162191.488873656     -25000.0     3300.0     125510000000.0     0.25 
486000.0     4162191.488873656     -25000.0     3300.0     125510000000.0     0.25 
488000.0     4162191.488873656     -25000.0     3300.0     125510000000.0     0.25 
490000.0     4162191.488873656     -25000.0     3300.0     125510000000.0     0.25 
492000.0     4162191.488873656     -25000.0     3300.0     125510000000.0     0.25 
494000.0     4162191.488873656     -25000.0     3300.0     125510000000.0     0.25 
496000.0     4162191.488873656     -25000.0     3300.0     125510000000.0     0.25 
498000.0     4162191.488873656     -25000.0     3300.0     125510000000.0     0.25 
500000.0     4162191.488873656     -25000.0     3300.0     125510000000.0     0.25 
502000.0     4162191.488873656     -25000.0     3300.0     125510000000.0     0.25 
504000.0     4162191.488873656     -25000.0     3300.0     125510000000.0     0.25 
506000.0     4162191.488873656     -25000.0     3300.0     125510000000.0     0.25 
508000.0     4162191.488873656     -25000.0     3300.0     125510000000.0     0.25 
510000.0     4162191.488873656     -25000.0     3300.0     125510000000.0     0.25 
512000.0     4162191.488873656     -25000.0     3300.0     125510000000.0     0.25 
514000.0     4162191.488873656     -25000.0     3300.0     125510000000.0     0.25 
516000.0     4162191.488873656     -25000.0     3200.0     125000000000.0     0.25 
518000.0     4162191.488873656     -25000.0     3300.0     126020000000.0     0.25 
524000.0     4162191.488873656     -25000.0     3300.0     125510000000.0     0.25 
476000.0     4164191.488873656     -25000.0     3300.0     125510000000.0     0.25 
482000.0     4164191.488873656     -25000.0     3300.0     125510000000.0     0.25 
484000.0     4164191.488873656     -25000.0     3300.0     125510000000.0     0.25 
486000.0     4164191.488873656     -25000.0     3300.0     125510000000.0     0.25 
488000.0     4164191.488873656     -25000.0     3300.0     125510000000.0     0.25 
490000.0     4164191.488873656     -25000.0     3300.0     125510000000.0     0.25 
492000.0     4164191.488873656     -25000.0     3300.0     125510000000.0     0.25 
494000.0     4164191.488873656     -25000.0     3300.0     125510000000.0     0.25 
496000.0     4164191.488873656     -25000.0     3300.0     125510000000.0     0.25 
498000.0     4164191.488873656     -25000.0     3300.0     125510000000.0     0.25 
500000.0     4164191.488873656     -25000.0     3300.0     125510000000.0     0.25 
502000.0     4164191.488873656     -25000.0     3300.0     125510000000.0     0.25 
504000.0     4164191.488873656     -25000.0     3300.0     125510000000.0     0.25 
506000.0     4164191.488873656     -25000.0     3300.0     125510000000.0     0.25 
508000.0     4164191.488873656     -25000.0     3300.0     125510000000.0     0.25 
510000.0     4164191.488873656     -25000.0     3300.0     125510000000.0     0.25 
512000.0     4164191.488873656     -25000.0     3300.0     125510000000.0     0.25 
514000.0     4164191.488873656     -25000.0     3300.0     125510000000.0     0.25 
516000.0     4164191.488873656     -25000.0     3300.0     126020000000.0     0.25 
518000.0     4164191.488873656     -25000.0     3300.0     126520000000.0     0.25 
524000.0     4164191.488873656     -25000.0     3300.0     125510000000.0     0.25 
476000.0     4166191.488873656     -25000.0     3300.0     125510000000.0     0.25 
482000.0     4166191.488873656     -25000.0     3300.0     125510000000.0     0.25 
484000.0     4166191.488873656     -25000.0     3300.0     125510000000.0     0.25 
486000.0     4166191.488873656     -25000.0     3300.0     125510000000.0     0.25 
488000.0     4166191.488873656     -25000.0     3300.0     125510000000.0     0.25 
490000.0     4166191.488873656     -25000.0     3300.0     125510000000.0     0.25 
492000.0     4166191.488873656     -25000.0     3300.0     125510000000.0     0.25 
494000.0     4166191.488873656     -25000.0     3300.0     125510000000.0     0.25 
496000.0     4166191.488873656     -25000.0     3300.0     125510000000.0     0.25 
498000.0     4166191.488873656     -25000.0     3300.0     125510000000.0     0.25 
500000.0     4166191.488873656     -25000.0     3300.0     125510000000.0     0.25 
502000.0     4166191.488873656     -25000.0     3300.0     125510000000.0     0.25 
504000.0     4166191.488873656     -25000.0     3300.0     125510000000.0     0.25 
506000.0     4166191.488873656     -25000.0     3300.0     125510000000.0     0.25 
508000.0     4166191.488873656     -25000.0     3300.0     125510000000.0     0.25 
510000.0     4166191.488873656     -25000.0     3300.0     125510000000.0     0.25 
512000.0     4166191.488873656     -25000.0     3300.0     125510000000.0     0.25 
514000.0     4166191.488873656     -25000.0     3300.0     125510000000.0     0.25 
516000.0     4166191.488873656     -25000.0     3300.0     125510000000.0     0.25 
518000.0     4166191.488873656     -25000.0     3200.0     125000000000.0     0.25 
524000.0     4166191.488873656     -25000.0     3300.0     125510000000.0     0.25 
476000.0     4168191.488873656     -25000.0     3300.0     126020000000.0     0.25 
482000.0     4168191.488873656     -25000.0     3300.0     125510000000.0     0.25 
484000.0     4168191.488873656     -25000.0     3200.0     125000000000.0     0.25 
486000.0     4168191.488873656     -25000.0     3300.0     125510000000.0     0.25 
488000.0     4168191.488873656     -25000.0     3300.0     125510000000.0     0.25 
490000.0     4168191.488873656     -25000.0     3300.0     125510000000.0     0.25 
492000.0     4168191.488873656     -25000.0     3300.0     125510000000.0     0.25 
494000.0     4168191.488873656     -25000.0     3300.0     125510000000.0     0.25 
496000.0     4168191.488873656     -25000.0     3300.0     125510000000.0     0.25 
498000.0     4168191.488873656     -25000.0     3300.0     125510000000.0     0.25 
500000.0     4168191.488873656     -25000.0     3300.0     125510000000.0     0.25 
502000.0     4168191.488873656     -25000.0     3300.0     125510000000.0     0.25 
504000.0     4168191.488873656     -25000.0     3300.0     125510000000.0     0.25 
506000.0     4168191.488873656     -25000.0     3300.0     125510000000.0     0.25 
508000.0     4168191.488873656     -25000.0     3300.0     125510000000.0     0.25 
510000.0     4168191.488873656     -25000.0     3300.0     125510000000.0     0.25 
512000.0     4168191.488873656     -25000.0     3300.0     125510000000.0     0.25 
514000.0     4168191.488873656     -25000.0     3300.0     125510000000.0     0.25 
516000.0     4168191.488873656     -25000.0     3300.0     125510000000.0     0.25 
518000.0     4168191.488873656     -25000.0     3300.0     125510000000.0     0.25 
524000.0     4168191.488873656     -25000.0     3300.0     125510000000.0     0.25 
476000.0     4170191.488873656     -25000.0     3300.0     125510000000.0     0.25 
482000.0     4170191.488873656     -25000.0     3300.0     125510000000.0     0.25 
484000.0     4170191.488873656     -25000.0     3300.0     126520000000.0     0.25 
486000.0     4170191.488873656     -25000.0     3300.0     126520000000.0     0.25 
488000.0     4170191.488873656     -25000.0     3300.0     126020000000.0     0.25 
490000.0     4170191.488873656     -25000.0     3300.0     125510000000.0     0.25 
492000.0     4170191.488873656     -25000.0     3300.0     125510000000.0     0.25 
494000.0     4170191.488873656     -25000.0     3300.0     125510000000.0     0.25 
496000.0     4170191.488873656     -25000.0     3300.0     126020000000.0     0.25 
498000.0     4170191.488873656     -25000.0     3300.0     125510000000.0     0.25 
500000.0     4170191.488873656     -25000.0     3300.0     125510000000.0     0.25 
502000.0     4170191.488873656     -25000.0     3300.0     125510000000.0     0.25 
504000.0     4170191.488873656     -25000.0     3300.0     125510000000.0     0.25 
506000.0     4170191.488873656     -25000.0     3300.0     125510000000.0     0.25 
508000.0     4170191.488873656     -25000.0     3300.0     125510000000.0     0.25 
510000.0     4170191.488873656     -25000.0     3300.0     125510000000.0     0.25 
512000.0     4170191.488873656     -25000.0     3300.0     125510000000.0     0.25 
514000.0     4170191.488873656     -25000.0     3300.0     125510000000.0     0.25 
516000.0     4170191.488873656     -25000.0     3300.0     125510000000.0     0.25 
518000.0     4170191.488873656     -25000.0     3300.0     125510000000.0     0.25 
524000.0     4170191.488873656     -25000.0     3300.0     125510000000.0     0.25 
476000.0     4172191.488873656     -25000.0     3300.0     125510000000.0     0.25 
482000.0     4172191.488873656     -25000.0     3300.0     125510000000.0     0.25 
484000.0     4172191.488873656     -25000.0     3200.0     123000000000.0     0.25 
486000.0     4172191.488873656     -25000.0     3300.0     126020000000.0     0.25 
488000.0     4172191.488873656     -25000.0     3300.0     125510000000.0     0.25 
490000.0     4172191.488873656     -25000.0     3200.0     125000000000.0     0.25 
492000.0     4172191.488873656     -25000.0     3200.0     124500000000.0     0.25 
494000.0     4172191.488873656     -25000.0     3300.0     125510000000.0     0.25 
496000.0     4172191.488873656     -25000.0     3300.0     125510000000.0     0.25 
498000.0     4172191.488873656     -25000.0     3300.0     125510000000.0     0.25 
500000.0     4172191.488873656     -25000.0     3300.0     125510000000.0     0.25 
502000.0     4172191.488873656     -25000.0     3300.0     125510000000.0     0.25 
504000.0     4172191.488873656     -25000.0     3300.0     125510000000.0     0.25 
506000.0     4172191.488873656     -25000.0     3300.0     125510000000.0     0.25 
508000.0     4172191.488873656     -25000.0     3300.0     125510000000.0     0.25 
510000.0     4172191.488873656     -25000.0     3300.0     125510000000.0     0.25 
512000.0     4172191.488873656     -25000.0     3300.0     125510000000.0     0.25 
514000.0     4172191.488873656     -25000.0     3300.0     125510000000.0     0.25 
516000.0     4172191.488873656     -25000.0     3300.0     125510000000.0     0.25 
518000.0     4172191.488873656     -25000.0     3300.0     125510000000.0     0.25 
524000.0     4172191.488873656     -25000.0     3300.0     125510000000.0     0.25 
476000.0     4174191.488873656     -25000.0     3300.0     125510000000.0     0.25 
482000.0     4174191.488873656     -25000.0     3300.0     125510000000.0     0.25 
484000.0     4174191.488873656     -25000.0     3200.0     125000000000.0     0.25 
486000.0     4174191.488873656     -25000.0     3200.0     124500000000.0     0.25 
488000.0     4174191.488873656     -25000.0     3200.0     122500000000.0     0.25 
490000.0     4174191.488873656     -25000.0     3200.0     124000000000.0     0.25 
492000.0     4174191.488873656     -25000.0     3200.0     123500000000.0     0.25 
494000.0     4174191.488873656     -25000.0     3200.0     125000000000.0     0.25 
496000.0     4174191.488873656     -25000.0     3200.0     124500000000.0     0.25 
498000.0     4174191.488873656     -25000.0     3300.0     125510000000.0     0.25 
500000.0     4174191.488873656     -25000.0     3300.0     125510000000.0     0.25 
502000.0     4174191.488873656     -25000.0     3300.0     125510000000.0     0.25 
504000.0     4174191.488873656     -25000.0     3300.0     125510000000.0     0.25 
506000.0     4174191.488873656     -25000.0     3300.0     125510000000.0     0.25 
508000.0     4174191.488873656     -25000.0     3300.0     125510000000.0     0.25 
510000.0     4174191.488873656     -25000.0     3300.0     125510000000.0     0.25 
512000.0     4174191.488873656     -25000.0     3300.0     125510000000.0     0.25 
514000.0     4174191.488873656     -25000.0     3300.0     125510000000.0     0.25 
516000.0     4174191.488873656     -25000.0     3300.0     125510000000.0     0.25 
518000.0     4174191.488873656     -25000.0     3300.0     125510000000.0     0.25 
524000.0     4174191.488873656     -25000.0     3300.0     125510000000.0     0.25 
476000.0     4176191.488873656     -25000.0     3300.0     125510000000.0     0.25 
482000.0     4176191.488873656     -25000.0     3200.0     125000000000.0     0.25 
484000.0     4176191.488873656     -25000.0     3200.0     125000000000.0     0.25 
486000.0     4176191.488873656     -25000.0     3200.0     125000000000.0     0.25 
488000.0     4176191.488873656     -25000.0     3300.0     127030000000.0     0.25 
490000.0     4176191.488873656     -25000.0     3300.0     125510000000.0     0.25 
492000.0     4176191.488873656     -25000.0     3200.0     124000000000.0     0.25 
494000.0     4176191.488873656     -25000.0     3300.0     126020000000.0     0.25 
496000.0     4176191.488873656     -25000.0     3300.0     125510000000.0     0.25 
498000.0     4176191.488873656     -25000.0     3200.0     125000000000.0     0.25 
500000.0     4176191.488873656     -25000.0     3300.0     125510000000.0     0.25 
502000.0     4176191.488873656     -25000.0     3300.0     125510000000.0     0.25 
504000.0     4176191.488873656     -25000.0     3300.0     125510000000.0     0.25 
506000.0     4176191.488873656     -25000.0     3300.0     125510000000.0     0.25 
508000.0     4176191.488873656     -25000.0     3300.0     125510000000.0     0.25 
510000.0     4176191.488873656     -25000.0     3300.0     125510000000.0     0.25 
512000.0     4176191.488873656     -25000.0     3300.0     126020000000.0     0.25 
514000.0     4176191.488873656     -25000.0     3300.0     126020000000.0     0.25 
516000.0     4176191.488873656     -25000.0     3300.0     125510000000.0     0.25 
518000.0     4176191.488873656     -25000.0     3300.0     125510000000.0     0.25 
524000.0     4176191.488873656     -25000.0     3300.0     125510000000.0     0.25 
476000.0     4178191.488873656     -25000.0     3300.0     125510000000.0     0.25 
482000.0     4178191.488873656     -25000.0     3200.0     124500000000.0     0.25 
484000.0     4178191.488873656     -25000.0     3200.0     124500000000.0     0.25 
486000.0     4178191.488873656     -25000.0     3200.0     125000000000.0     0.25 
488000.0     4178191.488873656     -25000.0     3200.0     122500000000.0     0.25 
490000.0     4178191.488873656     -25000.0     3200.0     119040000000.0     0.25 
492000.0     4178191.488873656     -25000.0     3200.0     122500000000.0     0.25 
494000.0     4178191.488873656     -25000.0     3300.0     126020000000.0     0.25 
496000.0     4178191.488873656     -25000.0     3300.0     126520000000.0     0.25 
498000.0     4178191.488873656     -25000.0     3200.0     125000000000.0     0.25 
500000.0     4178191.488873656     -25000.0     3300.0     125510000000.0     0.25 
502000.0     4178191.488873656     -25000.0     3300.0     125510000000.0     0.25 
504000.0     4178191.488873656     -25000.0     3300.0     125510000000.0     0.25 
506000.0     4178191.488873656     -25000.0     3300.0     125510000000.0     0.25 
508000.0     4178191.488873656     -25000.0     3300.0     125510000000.0     0.25 
510000.0     4178191.488873656     -25000.0     3300.0     125510000000.0     0.25 
512000.0     4178191.488873656     -25000.0     3300.0     125510000000.0     0.25 
514000.0     4178191.488873656     -25000.0     3300.0     126020000000.0     0.25 
516000.0     4178191.488873656     -25000.0     3300.0     125510000000.0     0.25 
518000.0     4178191.488873656     -25000.0     3300.0     125510000000.0     0.25 
524000.0     4178191.488873656     -25000.0     3300.0     125510000000.0     0.25 
476000.0     4180191.488873656     -25000.0     3300.0     125510000000.0     0.25 
482000.0     4180191.488873656     -25000.0     3200.0     123500000000.0     0.25 
484000.0     4180191.488873656     -25000.0     3200.0     124000000000.0     0.25 
486000.0     4180191.488873656     -25000.0     3200.0     123000000000.0     0.25 
488000.0     4180191.488873656     -25000.0     3300.0     125510000000.0     0.25 
490000.0     4180191.488873656     -25000.0     3200.0     119040000000.0     0.25 
492000.0     4180191.488873656     -25000.0     3200.0     117100000000.0     0.25 
494000.0     4180191.488873656     -25000.0     3300.0     125510000000.0     0.25 
496000.0     4180191.488873656     -25000.0     3300.0     130639999999.99998     0.25 
498000.0     4180191.488873656     -25000.0     3200.0     125000000000.0     0.25 
500000.0     4180191.488873656     -25000.0     3200.0     124500000000.0     0.25 
502000.0     4180191.488873656     -25000.0     3300.0     126020000000.0     0.25 
504000.0     4180191.488873656     -25000.0     3200.0     125000000000.0     0.25 
506000.0     4180191.488873656     -25000.0     3300.0     126020000000.0     0.25 
508000.0     4180191.488873656     -25000.0     3300.0     125510000000.0     0.25 
510000.0     4180191.488873656     -25000.0     3300.0     125510000000.0     0.25 
512000.0     4180191.488873656     -25000.0     3300.0     125510000000.0     0.25 
514000.0     4180191.488873656     -25000.0     3200.0     125000000000.0     0.25 
516000.0     4180191.488873656     -25000.0     3300.0     125510000000.0     0.25 
518000.0     4180191.488873656     -25000.0     3300.0     125510000000.0     0.25 
524000.0     4180191.488873656     -25000.0     3300.0     125510000000.0     0.25 
476000.0     4182191.488873656     -25000.0     3300.0     125510000000.0     0.25 
482000.0     4182191.488873656     -25000.0     3200.0     124500000000.0     0.25 
484000.0     4182191.488873656     -25000.0     3300.0     128060000000.0     0.25 
486000.0     4182191.488873656     -25000.0     3300.0     127540000000.0     0.25 
488000.0     4182191.488873656     -25000.0     3300.0     132699999999.99998     0.25 
490000.0     4182191.488873656     -25000.0     3200.0     124000000000.0     0.25 
492000.0     4182191.488873656     -25000.0     3200.0     119040000000.0     0.25 
494000.0     4182191.488873656     -25000.0     3300.0     126020000000.0     0.25 
496000.0     4182191.488873656     -25000.0     3200.0     123000000000.0     0.25 
498000.0     4182191.488873656     -25000.0     3200.0     114700000000.0     0.25 
500000.0     4182191.488873656     -25000.0     3200.0     119540000000.0     0.25 
502000.0     4182191.488873656     -25000.0     3300.0     132199999999.99998     0.25 
504000.0     4182191.488873656     -25000.0     3200.0     119530000000.0     0.25 
506000.0     4182191.488873656     -25000.0     3200.0     125000000000.0     0.25 
508000.0     4182191.488873656     -25000.0     3200.0     125000000000.0     0.25 
510000.0     4182191.488873656     -25000.0     3300.0     125510000000.0     0.25 
512000.0     4182191.488873656     -25000.0     3300.0     125510000000.0     0.25 
514000.0     4182191.488873656     -25000.0     3300.0     125510000000.0     0.25 
516000.0     4182191.488873656     -25000.0     3300.0     125510000000.0     0.25 
518000.0     4182191.488873656     -25000.0     3300.0     125510000000.0     0.25 
524000.0     4182191.488873656     -25000.0     3300.0     125510000000.0     0.25 
476000.0     4184191.488873656     -25000.0     3300.0     125510000000.0     0.25 
482000.0     4184191.488873656     -25000.0     3300.0     125510000000.0     0.25 
484000.0     4184191.488873656     -25000.0     3200.0     123000000000.0     0.25 
486000.0     4184191.488873656     -25000.0     3200.0     122000000000.0     0.25 
488000.0     4184191.488873656     -25000.0     3200.0     120520000000.0     0.25 
490000.0     4184191.488873656     -25000.0     3300.0     123490000000.0     0.26 
492000.0     4184191.488873656     -25000.0     3300.0     125500000000.0     0.25 
494000.0     4184191.488873656     -25000.0     3300.0     124500000000.0     0.25 
496000.0     4184191.488873656     -25000.0     3200.0     119060000000.0     0.26 
498000.0     4184191.488873656     -25000.0     3200.0     117580000000.0     0.25 
500000.0     4184191.488873656     -25000.0     3200.0     122500000000.0     0.25 
502000.0     4184191.488873656     -25000.0     3200.0     124000000000.0     0.25 
504000.0     4184191.488873656     -25000.0     3200.0     122000000000.0     0.25 
506000.0     4184191.488873656     -25000.0     3200.0     125000000000.0     0.25 
508000.0     4184191.488873656     -25000.0     3300.0     125510000000.0     0.25 
510000.0     4184191.488873656     -25000.0     3300.0     125510000000.0     0.25 
512000.0     4184191.488873656     -25000.0     3300.0     125510000000.0     0.25 
514000.0     4184191.488873656     -25000.0     3300.0     125510000000.0     0.25 
516000.0     4184191.488873656     -25000.0     3300.0     125510000000.0     0.25 
518000.0     4184191.488873656     -25000.0     3300.0     125510000000.0     0.25 
524000.0     4184191.488873656     -25000.0     3300.0     125510000000.0     0.25 
476000.0     4186191.488873656     -25000.0     3300.0     125510000000.0     0.25 
482000.0     4186191.488873656     -25000.0     3300.0     127540000000.0     0.25 
484000.0     4186191.488873656     -25000.0     3300.0     126520000000.0     0.25 
486000.0     4186191.488873656     -25000.0     3300.0     125500000000.0     0.25 
488000.0     4186191.488873656     -25000.0     3200.0     121500000000.0     0.25 
490000.0     4186191.488873656     -25000.0     3300.0     128020000000.00002     0.26 
492000.0     4186191.488873656     -25000.0     3300.0     136970000000.0     0.25 
494000.0     4186191.488873656     -25000.0     3200.0     122500000000.0     0.25 
496000.0     4186191.488873656     -25000.0     3200.0     122000000000.0     0.25 
498000.0     4186191.488873656     -25000.0     3200.0     119540000000.0     0.25 
500000.0     4186191.488873656     -25000.0     3200.0     123000000000.0     0.25 
502000.0     4186191.488873656     -25000.0     3200.0     119530000000.0     0.25 
504000.0     4186191.488873656     -25000.0     3200.0     123000000000.0     0.25 
506000.0     4186191.488873656     -25000.0     3200.0     125000000000.0     0.25 
508000.0     4186191.488873656     -25000.0     3300.0     125510000000.0     0.25 
510000.0     4186191.488873656     -25000.0     3300.0     125510000000.0     0.25 
512000.0     4186191.488873656     -25000.0     3300.0     125510000000.0     0.25 
514000.0     4186191.488873656     -25000.0     3300.0     125510000000.0     0.25 
516000.0     4186191.488873656     -25000.0     3300.0     125510000000.0     0.25 
518000.0     4186191.488873656     -25000.0     3300.0     125510000000.0     0.25 
524000.0     4186191.488873656     -25000.0     3300.0     125510000000.0     0.25 
476000.0     4188191.488873656     -25000.0     3300.0     125510000000.0     0.25 
482000.0     4188191.488873656     -25000.0     3200.0     124500000000.0     0.25 
484000.0     4188191.488873656     -25000.0     3300.0     126520000000.0     0.25 
486000.0     4188191.488873656     -25000.0     3200.0     120500000000.0     0.24 
488000.0     4188191.488873656     -25000.0     3200.0     122500000000.0     0.25 
490000.0     4188191.488873656     -25000.0     3300.0     127030000000.0     0.25 
492000.0     4188191.488873656     -25000.0     3200.0     124500000000.0     0.25 
494000.0     4188191.488873656     -25000.0     3300.0     125000000000.0     0.25 
496000.0     4188191.488873656     -25000.0     3300.0     131660000000.0     0.25 
498000.0     4188191.488873656     -25000.0     3300.0     124990000000.0     0.26 
500000.0     4188191.488873656     -25000.0     3300.0     135370000000.0     0.25 
502000.0     4188191.488873656     -25000.0     3200.0     119530000000.0     0.25 
504000.0     4188191.488873656     -25000.0     3300.0     125510000000.0     0.25 
506000.0     4188191.488873656     -25000.0     3200.0     125000000000.0     0.25 
508000.0     4188191.488873656     -25000.0     3300.0     125510000000.0     0.25 
510000.0     4188191.488873656     -25000.0     3300.0     125510000000.0     0.25 
512000.0     4188191.488873656     -25000.0     3300.0     125510000000.0     0.25 
514000.0     4188191.488873656     -25000.0     3300.0     125510000000.0     0.25 
516000.0     4188191.488873656     -25000.0     3300.0     125510000000.0     0.25 
518000.0     4188191.488873656     -25000.0     3300.0     125510000000.0     0.25 
524000.0     4188191.488873656     -25000.0     3300.0     125510000000.0     0.25 
476000.0     4190191.488873656     -25000.0     3300.0     125510000000.0     0.25 
482000.0     4190191.488873656     -25000.0     3200.0     125000000000.0     0.25 
484000.0     4190191.488873656     -25000.0     3300.0     126020000000.0     0.25 
486000.0     4190191.488873656     -25000.0     3200.0     124500000000.0     0.25 
488000.0     4190191.488873656     -25000.0     3300.0     132699999999.99998     0.25 
490000.0     4190191.488873656     -25000.0     3300.0     131160000000.0     0.25 
492000.0     4190191.488873656     -25000.0     3200.0     121500000000.0     0.25 
494000.0     4190191.488873656     -25000.0     3300.0     126520000000.0     0.25 
496000.0     4190191.488873656     -25000.0     3300.0     136889999999.99998     0.26 
498000.0     4190191.488873656     -25000.0     3300.0     131630000000.0     0.26 
500000.0     4190191.488873656     -25000.0     3200.0     121990000000.0     0.24 
502000.0     4190191.488873656     -25000.0     3200.0     120990000000.0     0.24 
504000.0     4190191.488873656     -25000.0     3200.0     124500000000.0     0.25 
506000.0     4190191.488873656     -25000.0     3200.0     125000000000.0     0.25 
508000.0     4190191.488873656     -25000.0     3300.0     125510000000.0     0.25 
510000.0     4190191.488873656     -25000.0     3300.0     125510000000.0     0.25 
512000.0     4190191.488873656     -25000.0     3300.0     125510000000.0     0.25 
514000.0     4190191.488873656     -25000.0     3300.0     125510000000.0     0.25 
516000.0     4190191.488873656     -25000.0     3300.0     125510000000.0     0.25 
518000.0     4190191.488873656     -25000.0     3300.0     125510000000.0     0.25 
524000.0     4190191.488873656     -25000.0     3300.0     125510000000.0     0.25 
476000.0     4192191.488873656     -25000.0     3300.0     125510000000.0     0.25 
482000.0     4192191.488873656     -25000.0     3300.0     125510000000.0     0.25 
484000.0     4192191.488873656     -25000.0     3300.0     125510000000.0     0.25 
486000.0     4192191.488873656     -25000.0     3200.0     125000000000.0     0.25 
488000.0     4192191.488873656     -25000.0     3200.0     121500000000.0     0.25 
490000.0     4192191.488873656     -25000.0     3200.0     124000000000.0     0.25 
492000.0     4192191.488873656     -25000.0     3200.0     120020000000.0     0.25 
494000.0     4192191.488873656     -25000.0     3300.0     127540000000.0     0.25 
496000.0     4192191.488873656     -25000.0     3200.0     122500000000.0     0.25 
498000.0     4192191.488873656     -25000.0     3300.0     127540000000.0     0.25 
500000.0     4192191.488873656     -25000.0     3200.0     120990000000.0     0.24 
502000.0     4192191.488873656     -25000.0     3200.0     120520000000.0     0.25 
504000.0     4192191.488873656     -25000.0     3200.0     120520000000.0     0.25 
506000.0     4192191.488873656     -25000.0     3200.0     125000000000.0     0.25 
508000.0     4192191.488873656     -25000.0     3300.0     125510000000.0     0.25 
510000.0     4192191.488873656     -25000.0     3300.0     125510000000.0     0.25 
512000.0     4192191.488873656     -25000.0     3300.0     125510000000.0     0.25 
514000.0     4192191.488873656     -25000.0     3300.0     125510000000.0     0.25 
516000.0     4192191.488873656     -25000.0     3300.0     125510000000.0     0.25 
518000.0     4192191.488873656     -25000.0     3300.0     125510000000.0     0.25 
524000.0     4192191.488873656     -25000.0     3300.0     125510000000.0     0.25 
476000.0     4194191.488873656     -25000.0     3300.0     125510000000.0     0.25 
482000.0     4194191.488873656     -25000.0     3200.0     125000000000.0     0.25 
484000.0     4194191.488873656     -25000.0     3200.0     125000000000.0     0.25 
486000.0     4194191.488873656     -25000.0     3200.0     125000000000.0     0.25 
488000.0     4194191.488873656     -25000.0     3200.0     123500000000.0     0.25 
490000.0     4194191.488873656     -25000.0     3200.0     125000000000.0     0.25 
492000.0     4194191.488873656     -25000.0     3200.0     122000000000.0     0.25 
494000.0     4194191.488873656     -25000.0     3200.0     123000000000.0     0.25 
496000.0     4194191.488873656     -25000.0     3200.0     120520000000.0     0.25 
498000.0     4194191.488873656     -25000.0     3200.0     123000000000.0     0.25 
500000.0     4194191.488873656     -25000.0     3200.0     123500000000.0     0.25 
502000.0     4194191.488873656     -25000.0     3200.0     123000000000.0     0.25 
504000.0     4194191.488873656     -25000.0     3200.0     124000000000.0     0.25 
506000.0     4194191.488873656     -25000.0     3200.0     125000000000.0     0.25 
508000.0     4194191.488873656     -25000.0     3200.0     125000000000.0     0.25 
510000.0     4194191.488873656     -25000.0     3300.0     125510000000.0     0.25 
512000.0     4194191.488873656     -25000.0     3300.0     125510000000.0     0.25 
514000.0     4194191.488873656     -25000.0     3300.0     125510000000.0     0.25 
516000.0     4194191.488873656     -25000.0     3300.0     125510000000.0     0.25 
518000.0     4194191.488873656     -25000.0     3300.0     125510000000.0     0.25 
524000.0     4194191.488873656     -25000.0     3300.0     125510000000.0     0.25 
476000.0     4200191.488873656     -25000.0     3300.0     125510000000.0     0.25 
482000.0     4200191.488873656     -25000.0     3300.0     125510000000.0     0.25 
484000.0     4200191.488873656     -25000.0     3300.0     125510000000.0     0.25 
486000.0     4200191.488873656     -25000.0     3300.0     125510000000.0     0.25 
488000.0     4200191.488873656     -25000.0     3300.0     126020000000.0     0.25 
490000.0     4200191.488873656     -25000.0     3300.0     125510000000.0     0.25 
492000.0     4200191.488873656     -25000.0     3300.0     126020000000.0     0.25 
494000.0     4200191.488873656     -25000.0     3200.0     124490000000.0     0.24 
496000.0     4200191.488873656     -25000.0     3200.0     125000000000.0     0.25 
498000.0     4200191.488873656     -25000.0     3300.0     127030000000.0     0.25 
500000.0     4200191.488873656     -25000.0     3300.0     127540000000.0     0.25 
502000.0     4200191.488873656     -25000.0     3300.0     126020000000.0     0.25 
504000.0     4200191.488873656     -25000.0     3300.0     125510000000.0     0.25 
506000.0     4200191.488873656     -25000.0     3300.0     125510000000.0     0.25 
508000.0     4200191.488873656     -25000.0     3300.0     125510000000.0     0.25 
510000.0     4200191.488873656     -25000.0     3300.0     125510000000.0     0.25 
512000.0     4200191.488873656     -25000.0     3300.0     125510000000.0     0.25 
514000.0     4200191.488873656     -25000.0     3300.0     125510000000.0     0.25 
516000.0     4200191.488873656     -25000.0     3300.0     125510000000.0     0.25 
518000.0     4200191.488873656     -25000.0     3300.0     125510000000.0     0.25 
524000.0     4200191.488873656     -25000.0     3300.0     125510000000.0     0.25 
476000.0     4152191.488873656     -18000.0     3200.0     115660000000.0     0.25 
482000.0     4152191.488873656     -18000.0     3200.0     115660000000.0     0.25 
484000.0     4152191.488873656     -18000.0     3200.0     115660000000.0     0.25 
486000.0     4152191.488873656     -18000.0     3200.0     115660000000.0     0.25 
488000.0     4152191.488873656     -18000.0     3200.0     115660000000.0     0.25 
490000.0     4152191.488873656     -18000.0     3200.0     115660000000.0     0.25 
492000.0     4152191.488873656     -18000.0     3200.0     115660000000.0     0.25 
494000.0     4152191.488873656     -18000.0     3200.0     115660000000.0     0.25 
496000.0     4152191.488873656     -18000.0     3200.0     115660000000.0     0.25 
498000.0     4152191.488873656     -18000.0     3200.0     115660000000.0     0.25 
500000.0     4152191.488873656     -18000.0     3200.0     115660000000.0     0.25 
502000.0     4152191.488873656     -18000.0     3200.0     115660000000.0     0.25 
504000.0     4152191.488873656     -18000.0     3200.0     115660000000.0     0.25 
506000.0     4152191.488873656     -18000.0     3200.0     115660000000.0     0.25 
508000.0     4152191.488873656     -18000.0     3200.0     115660000000.0     0.25 
510000.0     4152191.488873656     -18000.0     3200.0     115660000000.0     0.25 
512000.0     4152191.488873656     -18000.0     3200.0     115660000000.0     0.25 
514000.0     4152191.488873656     -18000.0     3200.0     115660000000.0     0.25 
516000.0     4152191.488873656     -18000.0     3200.0     115660000000.0     0.25 
518000.0     4152191.488873656     -18000.0     3200.0     115660000000.0     0.25 
524000.0     4152191.488873656     -18000.0     3200.0     115660000000.0     0.25 
476000.0     4158191.488873656     -18000.0     3200.0     115660000000.0     0.25 
482000.0     4158191.488873656     -18000.0     3200.0     115660000000.0     0.25 
484000.0     4158191.488873656     -18000.0     3200.0     115660000000.0     0.25 
486000.0     4158191.488873656     -18000.0     3200.0     115660000000.0     0.25 
488000.0     4158191.488873656     -18000.0     3200.0     115660000000.0     0.25 
490000.0     4158191.488873656     -18000.0     3200.0     115660000000.0     0.25 
492000.0     4158191.488873656     -18000.0     3200.0     115660000000.0     0.25 
494000.0     4158191.488873656     -18000.0     3200.0     115660000000.0     0.25 
496000.0     4158191.488873656     -18000.0     3200.0     115660000000.0     0.25 
498000.0     4158191.488873656     -18000.0     3200.0     115660000000.0     0.25 
500000.0     4158191.488873656     -18000.0     3200.0     115660000000.0     0.25 
502000.0     4158191.488873656     -18000.0     3200.0     115660000000.0     0.25 
504000.0     4158191.488873656     -18000.0     3200.0     115660000000.0     0.25 
506000.0     4158191.488873656     -18000.0     3200.0     115660000000.0     0.25 
508000.0     4158191.488873656     -18000.0     3200.0     115660000000.0     0.25 
510000.0     4158191.488873656     -18000.0     3200.0     116140000000.0     0.25 
512000.0     4158191.488873656     -18000.0     3200.0     115660000000.0     0.25 
514000.0     4158191.488873656     -18000.0     3200.0     115660000000.0     0.25 
516000.0     4158191.488873656     -18000.0     3200.0     115660000000.0     0.25 
518000.0     4158191.488873656     -18000.0     3200.0     115660000000.0     0.25 
524000.0     4158191.488873656     -18000.0     3200.0     115660000000.0     0.25 
476000.0     4160191.488873656     -18000.0     3200.0     115660000000.0     0.25 
482000.0     4160191.488873656     -18000.0     3200.0     116140000000.0     0.25 
484000.0     4160191.488873656     -18000.0     3200.0     115660000000.0     0.25 
486000.0     4160191.488873656     -18000.0     3200.0     115660000000.0     0.25 
488000.0     4160191.488873656     -18000.0     3200.0     115660000000.0     0.25 
490000.0     4160191.488873656     -18000.0     3200.0     115660000000.0     0.25 
492000.0     4160191.488873656     -18000.0     3200.0     115660000000.0     0.25 
494000.0     4160191.488873656     -18000.0     3200.0     115660000000.0     0.25 
496000.0     4160191.488873656     -18000.0     3200.0     115660000000.0     0.25 
498000.0     4160191.488873656     -18000.0     3200.0     115660000000.0     0.25 
500000.0     4160191.488873656     -18000.0     3200.0     115660000000.0     0.25 
502000.0     4160191.488873656     -18000.0     3200.0     116140000000.0     0.25 
504000.0     4160191.488873656     -18000.0     3200.0     116140000000.0     0.25 
506000.0     4160191.488873656     -18000.0     3200.0     114220000000.0     0.25 
508000.0     4160191.488873656     -18000.0     3200.0     117100000000.0     0.25 
510000.0     4160191.488873656     -18000.0     3200.0     114700000000.0     0.25 
512000.0     4160191.488873656     -18000.0     3200.0     115660000000.0     0.25 
514000.0     4160191.488873656     -18000.0     3200.0     115660000000.0     0.25 
516000.0     4160191.488873656     -18000.0     3200.0     115660000000.0     0.25 
518000.0     4160191.488873656     -18000.0     3200.0     115180000000.0     0.25 
524000.0     4160191.488873656     -18000.0     3200.0     115660000000.0     0.25 
476000.0     4162191.488873656     -18000.0     3200.0     115180000000.0     0.25 
482000.0     4162191.488873656     -18000.0     3200.0     117580000000.0     0.25 
484000.0     4162191.488873656     -18000.0     3200.0     113750000000.0     0.25 
486000.0     4162191.488873656     -18000.0     3200.0     113750000000.0     0.25 
488000.0     4162191.488873656     -18000.0     3200.0     115660000000.0     0.25 
490000.0     4162191.488873656     -18000.0     3200.0     115660000000.0     0.25 
492000.0     4162191.488873656     -18000.0     3200.0     115660000000.0     0.25 
494000.0     4162191.488873656     -18000.0     3200.0     115660000000.0     0.25 
496000.0     4162191.488873656     -18000.0     3200.0     115660000000.0     0.25 
498000.0     4162191.488873656     -18000.0     3200.0     115660000000.0     0.25 
500000.0     4162191.488873656     -18000.0     3200.0     115660000000.0     0.25 
502000.0     4162191.488873656     -18000.0     3200.0     115660000000.0     0.25 
504000.0     4162191.488873656     -18000.0     3200.0     113750000000.0     0.25 
506000.0     4162191.488873656     -18000.0     3200.0     117100000000.0     0.25 
508000.0     4162191.488873656     -18000.0     3200.0     118080000000.0     0.25 
510000.0     4162191.488873656     -18000.0     3200.0     113750000000.0     0.25 
512000.0     4162191.488873656     -18000.0     3200.0     116140000000.0     0.25 
514000.0     4162191.488873656     -18000.0     3200.0     115660000000.0     0.25 
516000.0     4162191.488873656     -18000.0     3100.0     106780000000.0     0.25 
518000.0     4162191.488873656     -18000.0     3200.0     117100000000.0     0.25 
524000.0     4162191.488873656     -18000.0     3200.0     115660000000.0     0.25 
476000.0     4164191.488873656     -18000.0     3200.0     115660000000.0     0.25 
482000.0     4164191.488873656     -18000.0     3200.0     115180000000.0     0.25 
484000.0     4164191.488873656     -18000.0     3200.0     116140000000.0     0.25 
486000.0     4164191.488873656     -18000.0     3200.0     116140000000.0     0.25 
488000.0     4164191.488873656     -18000.0     3200.0     116620000000.0     0.25 
490000.0     4164191.488873656     -18000.0     3200.0     115660000000.0     0.25 
492000.0     4164191.488873656     -18000.0     3200.0     115660000000.0     0.25 
494000.0     4164191.488873656     -18000.0     3200.0     115660000000.0     0.25 
496000.0     4164191.488873656     -18000.0     3200.0     115660000000.0     0.25 
498000.0     4164191.488873656     -18000.0     3200.0     115660000000.0     0.25 
500000.0     4164191.488873656     -18000.0     3200.0     116140000000.0     0.25 
502000.0     4164191.488873656     -18000.0     3200.0     116140000000.0     0.25 
504000.0     4164191.488873656     -18000.0     3200.0     114700000000.0     0.25 
506000.0     4164191.488873656     -18000.0     3200.0     117580000000.0     0.25 
508000.0     4164191.488873656     -18000.0     3200.0     116140000000.0     0.25 
510000.0     4164191.488873656     -18000.0     3200.0     115660000000.0     0.25 
512000.0     4164191.488873656     -18000.0     3200.0     118070000000.0     0.25 
514000.0     4164191.488873656     -18000.0     3200.0     120520000000.0     0.25 
516000.0     4164191.488873656     -18000.0     3200.0     117580000000.0     0.25 
518000.0     4164191.488873656     -18000.0     3200.0     119530000000.0     0.25 
524000.0     4164191.488873656     -18000.0     3200.0     115660000000.0     0.25 
476000.0     4166191.488873656     -18000.0     3200.0     117100000000.0     0.25 
482000.0     4166191.488873656     -18000.0     3200.0     115180000000.0     0.25 
484000.0     4166191.488873656     -18000.0     3200.0     113280000000.0     0.25 
486000.0     4166191.488873656     -18000.0     3200.0     114700000000.0     0.25 
488000.0     4166191.488873656     -18000.0     3200.0     116140000000.0     0.25 
490000.0     4166191.488873656     -18000.0     3200.0     116140000000.0     0.25 
492000.0     4166191.488873656     -18000.0     3200.0     115660000000.0     0.25 
494000.0     4166191.488873656     -18000.0     3200.0     116140000000.0     0.25 
496000.0     4166191.488873656     -18000.0     3200.0     113280000000.0     0.25 
498000.0     4166191.488873656     -18000.0     3200.0     116140000000.0     0.25 
500000.0     4166191.488873656     -18000.0     3200.0     115660000000.0     0.25 
502000.0     4166191.488873656     -18000.0     3200.0     114700000000.0     0.25 
504000.0     4166191.488873656     -18000.0     3200.0     117100000000.0     0.25 
506000.0     4166191.488873656     -18000.0     3200.0     115660000000.0     0.25 
508000.0     4166191.488873656     -18000.0     3200.0     115180000000.0     0.25 
510000.0     4166191.488873656     -18000.0     3200.0     115660000000.0     0.25 
512000.0     4166191.488873656     -18000.0     3200.0     118070000000.0     0.25 
514000.0     4166191.488873656     -18000.0     3200.0     117580000000.0     0.25 
516000.0     4166191.488873656     -18000.0     3200.0     119040000000.0     0.25 
518000.0     4166191.488873656     -18000.0     3200.0     115180000000.0     0.25 
524000.0     4166191.488873656     -18000.0     3200.0     115660000000.0     0.25 
476000.0     4168191.488873656     -18000.0     3200.0     119530000000.0     0.25 
482000.0     4168191.488873656     -18000.0     3200.0     115180000000.0     0.25 
484000.0     4168191.488873656     -18000.0     3100.0     110930000000.0     0.25 
486000.0     4168191.488873656     -18000.0     3100.0     110460000000.0     0.25 
488000.0     4168191.488873656     -18000.0     3200.0     114220000000.0     0.25 
490000.0     4168191.488873656     -18000.0     3200.0     113750000000.0     0.25 
492000.0     4168191.488873656     -18000.0     3200.0     115180000000.0     0.25 
494000.0     4168191.488873656     -18000.0     3200.0     115660000000.0     0.25 
496000.0     4168191.488873656     -18000.0     3200.0     117580000000.0     0.25 
498000.0     4168191.488873656     -18000.0     3200.0     118070000000.0     0.25 
500000.0     4168191.488873656     -18000.0     3200.0     115180000000.0     0.25 
502000.0     4168191.488873656     -18000.0     3200.0     115180000000.0     0.25 
504000.0     4168191.488873656     -18000.0     3200.0     115660000000.0     0.25 
506000.0     4168191.488873656     -18000.0     3200.0     115180000000.0     0.25 
508000.0     4168191.488873656     -18000.0     3200.0     116620000000.0     0.25 
510000.0     4168191.488873656     -18000.0     3200.0     115660000000.0     0.25 
512000.0     4168191.488873656     -18000.0     3200.0     115660000000.0     0.25 
514000.0     4168191.488873656     -18000.0     3200.0     116140000000.0     0.25 
516000.0     4168191.488873656     -18000.0     3200.0     115660000000.0     0.25 
518000.0     4168191.488873656     -18000.0     3200.0     113750000000.0     0.25 
524000.0     4168191.488873656     -18000.0     3200.0     115660000000.0     0.25 
476000.0     4170191.488873656     -18000.0     3200.0     116140000000.0     0.25 
482000.0     4170191.488873656     -18000.0     3200.0     117100000000.0     0.25 
484000.0     4170191.488873656     -18000.0     3200.0     123000000000.0     0.25 
486000.0     4170191.488873656     -18000.0     3200.0     116110000000.0     0.24 
488000.0     4170191.488873656     -18000.0     3100.0     111780000000.0     0.24 
490000.0     4170191.488873656     -18000.0     3100.0     109030000000.0     0.24 
492000.0     4170191.488873656     -18000.0     3200.0     112330000000.0     0.25 
494000.0     4170191.488873656     -18000.0     3200.0     114220000000.0     0.25 
496000.0     4170191.488873656     -18000.0     3200.0     116140000000.0     0.25 
498000.0     4170191.488873656     -18000.0     3100.0     111820000000.0     0.24 
500000.0     4170191.488873656     -18000.0     3200.0     114700000000.0     0.25 
502000.0     4170191.488873656     -18000.0     3200.0     115660000000.0     0.25 
504000.0     4170191.488873656     -18000.0     3200.0     115180000000.0     0.25 
506000.0     4170191.488873656     -18000.0     3200.0     115660000000.0     0.25 
508000.0     4170191.488873656     -18000.0     3200.0     116620000000.0     0.25 
510000.0     4170191.488873656     -18000.0     3200.0     116140000000.0     0.25 
512000.0     4170191.488873656     -18000.0     3200.0     115180000000.0     0.25 
514000.0     4170191.488873656     -18000.0     3200.0     115660000000.0     0.25 
516000.0     4170191.488873656     -18000.0     3200.0     115180000000.0     0.25 
518000.0     4170191.488873656     -18000.0     3200.0     114700000000.0     0.25 
524000.0     4170191.488873656     -18000.0     3200.0     115660000000.0     0.25 
476000.0     4172191.488873656     -18000.0     3200.0     115660000000.0     0.25 
482000.0     4172191.488873656     -18000.0     3200.0     115660000000.0     0.25 
484000.0     4172191.488873656     -18000.0     3200.0     112330000000.0     0.25 
486000.0     4172191.488873656     -18000.0     3200.0     121010000000.0     0.26 
488000.0     4172191.488873656     -18000.0     3200.0     117580000000.0     0.25 
490000.0     4172191.488873656     -18000.0     3100.0     111780000000.0     0.24 
492000.0     4172191.488873656     -18000.0     3100.0     111780000000.0     0.24 
494000.0     4172191.488873656     -18000.0     3100.0     110890000000.0     0.24 
496000.0     4172191.488873656     -18000.0     3200.0     113780000000.0     0.25 
498000.0     4172191.488873656     -18000.0     3200.0     113280000000.0     0.25 
500000.0     4172191.488873656     -18000.0     3200.0     113280000000.0     0.25 
502000.0     4172191.488873656     -18000.0     3200.0     115180000000.0     0.25 
504000.0     4172191.488873656     -18000.0     3200.0     115660000000.0     0.25 
506000.0     4172191.488873656     -18000.0     3200.0     115660000000.0     0.25 
508000.0     4172191.488873656     -18000.0     3200.0     113750000000.0     0.25 
510000.0     4172191.488873656     -18000.0     3200.0     116140000000.0     0.25 
512000.0     4172191.488873656     -18000.0     3200.0     115180000000.0     0.25 
514000.0     4172191.488873656     -18000.0     3200.0     116140000000.0     0.25 
516000.0     4172191.488873656     -18000.0     3200.0     115660000000.0     0.25 
518000.0     4172191.488873656     -18000.0     3200.0     115660000000.0     0.25 
524000.0     4172191.488873656     -18000.0     3200.0     115660000000.0     0.25 
476000.0     4174191.488873656     -18000.0     3200.0     115660000000.0     0.25 
482000.0     4174191.488873656     -18000.0     3200.0     115660000000.0     0.25 
484000.0     4174191.488873656     -18000.0     3100.0     111390000000.0     0.25 
486000.0     4174191.488873656     -18000.0     3200.0     112360000000.0     0.25 
488000.0     4174191.488873656     -18000.0     3100.0     109530000000.0     0.25 
490000.0     4174191.488873656     -18000.0     3100.0     111390000000.0     0.25 
492000.0     4174191.488873656     -18000.0     3200.0     114250000000.0     0.25 
494000.0     4174191.488873656     -18000.0     3100.0     108610000000.0     0.25 
496000.0     4174191.488873656     -18000.0     3200.0     113750000000.0     0.25 
498000.0     4174191.488873656     -18000.0     3200.0     114700000000.0     0.25 
500000.0     4174191.488873656     -18000.0     3200.0     116140000000.0     0.25 
502000.0     4174191.488873656     -18000.0     3200.0     114700000000.0     0.25 
504000.0     4174191.488873656     -18000.0     3200.0     115660000000.0     0.25 
506000.0     4174191.488873656     -18000.0     3200.0     115180000000.0     0.25 
508000.0     4174191.488873656     -18000.0     3200.0     118070000000.0     0.25 
510000.0     4174191.488873656     -18000.0     3200.0     113750000000.0     0.25 
512000.0     4174191.488873656     -18000.0     3200.0     112800000000.0     0.25 
514000.0     4174191.488873656     -18000.0     3200.0     115660000000.0     0.25 
516000.0     4174191.488873656     -18000.0     3200.0     115660000000.0     0.25 
518000.0     4174191.488873656     -18000.0     3200.0     115660000000.0     0.25 
524000.0     4174191.488873656     -18000.0     3200.0     115660000000.0     0.25 
476000.0     4176191.488873656     -18000.0     3200.0     115660000000.0     0.25 
482000.0     4176191.488873656     -18000.0     3200.0     112330000000.0     0.25 
484000.0     4176191.488873656     -18000.0     3100.0     110000000000.0     0.25 
486000.0     4176191.488873656     -18000.0     3100.0     107690000000.0     0.25 
488000.0     4176191.488873656     -18000.0     3200.0     113780000000.0     0.25 
490000.0     4176191.488873656     -18000.0     3200.0     117600000000.0     0.27 
492000.0     4176191.488873656     -18000.0     3200.0     113320000000.0     0.26 
494000.0     4176191.488873656     -18000.0     3100.0     109070000000.0     0.25 
496000.0     4176191.488873656     -18000.0     3200.0     114700000000.0     0.25 
498000.0     4176191.488873656     -18000.0     3200.0     118070000000.0     0.25 
500000.0     4176191.488873656     -18000.0     3200.0     115180000000.0     0.25 
502000.0     4176191.488873656     -18000.0     3200.0     114700000000.0     0.25 
504000.0     4176191.488873656     -18000.0     3200.0     114220000000.0     0.25 
506000.0     4176191.488873656     -18000.0     3200.0     116140000000.0     0.25 
508000.0     4176191.488873656     -18000.0     3200.0     116620000000.0     0.25 
510000.0     4176191.488873656     -18000.0     3200.0     114700000000.0     0.25 
512000.0     4176191.488873656     -18000.0     3200.0     117100000000.0     0.25 
514000.0     4176191.488873656     -18000.0     3200.0     115180000000.0     0.25 
516000.0     4176191.488873656     -18000.0     3200.0     115660000000.0     0.25 
518000.0     4176191.488873656     -18000.0     3200.0     115660000000.0     0.25 
524000.0     4176191.488873656     -18000.0     3200.0     115660000000.0     0.25 
476000.0     4178191.488873656     -18000.0     3200.0     115180000000.0     0.25 
482000.0     4178191.488873656     -18000.0     3200.0     113750000000.0     0.25 
484000.0     4178191.488873656     -18000.0     3100.0     110460000000.0     0.25 
486000.0     4178191.488873656     -18000.0     3100.0     108190000000.0     0.25 
488000.0     4178191.488873656     -18000.0     3100.0     104020000000.0     0.24 
490000.0     4178191.488873656     -18000.0     3100.0     105920000000.0     0.25 
492000.0     4178191.488873656     -18000.0     3100.0     106370000000.0     0.25 
494000.0     4178191.488873656     -18000.0     3200.0     116160000000.0     0.25 
496000.0     4178191.488873656     -18000.0     3300.0     128570000000.0     0.25 
498000.0     4178191.488873656     -18000.0     3200.0     122500000000.0     0.25 
500000.0     4178191.488873656     -18000.0     3200.0     113750000000.0     0.25 
502000.0     4178191.488873656     -18000.0     3200.0     115180000000.0     0.25 
504000.0     4178191.488873656     -18000.0     3200.0     111860000000.0     0.25 
506000.0     4178191.488873656     -18000.0     3200.0     113750000000.0     0.25 
508000.0     4178191.488873656     -18000.0     3200.0     114720000000.0     0.25 
510000.0     4178191.488873656     -18000.0     3100.0     111390000000.0     0.25 
512000.0     4178191.488873656     -18000.0     3200.0     116640000000.0     0.25 
514000.0     4178191.488873656     -18000.0     3200.0     116620000000.0     0.25 
516000.0     4178191.488873656     -18000.0     3200.0     115660000000.0     0.25 
518000.0     4178191.488873656     -18000.0     3200.0     115660000000.0     0.25 
524000.0     4178191.488873656     -18000.0     3200.0     115660000000.0     0.25 
476000.0     4180191.488873656     -18000.0     3200.0     115180000000.0     0.25 
482000.0     4180191.488873656     -18000.0     3200.0     119040000000.0     0.25 
484000.0     4180191.488873656     -18000.0     3200.0     116140000000.0     0.25 
486000.0     4180191.488873656     -18000.0     3100.0     110000000000.0     0.25 
488000.0     4180191.488873656     -18000.0     3100.0     108970000000.0     0.24 
490000.0     4180191.488873656     -18000.0     3100.0     103950000000.0     0.24 
492000.0     4180191.488873656     -18000.0     3100.0     104850000000.0     0.24 
494000.0     4180191.488873656     -18000.0     3100.0     103280000000.0     0.26 
496000.0     4180191.488873656     -18000.0     3300.0     127530000000.0     0.25 
498000.0     4180191.488873656     -18000.0     3200.0     114700000000.0     0.25 
500000.0     4180191.488873656     -18000.0     3200.0     113300000000.0     0.25 
502000.0     4180191.488873656     -18000.0     3100.0     110000000000.0     0.25 
504000.0     4180191.488873656     -18000.0     3200.0     111890000000.0     0.25 
506000.0     4180191.488873656     -18000.0     3200.0     112330000000.0     0.25 
508000.0     4180191.488873656     -18000.0     3200.0     114700000000.0     0.25 
510000.0     4180191.488873656     -18000.0     3200.0     113750000000.0     0.25 
512000.0     4180191.488873656     -18000.0     3200.0     114700000000.0     0.25 
514000.0     4180191.488873656     -18000.0     3200.0     115180000000.0     0.25 
516000.0     4180191.488873656     -18000.0     3200.0     115660000000.0     0.25 
518000.0     4180191.488873656     -18000.0     3200.0     115660000000.0     0.25 
524000.0     4180191.488873656     -18000.0     3200.0     115660000000.0     0.25 
476000.0     4182191.488873656     -18000.0     3200.0     116140000000.0     0.25 
482000.0     4182191.488873656     -18000.0     3200.0     115200000000.0     0.25 
484000.0     4182191.488873656     -18000.0     3200.0     118070000000.0     0.25 
486000.0     4182191.488873656     -18000.0     3200.0     117100000000.0     0.25 
488000.0     4182191.488873656     -18000.0     3200.0     115680000000.0     0.25 
490000.0     4182191.488873656     -18000.0     3200.0     116640000000.0     0.25 
492000.0     4182191.488873656     -18000.0     3200.0     122990000000.0     0.24 
494000.0     4182191.488873656     -18000.0     3300.0     128530000000.0     0.26 
496000.0     4182191.488873656     -18000.0     3200.0     121510000000.0     0.25 
498000.0     4182191.488873656     -18000.0     3200.0     110060000000.0     0.26 
500000.0     4182191.488873656     -18000.0     3100.0     100740000000.0     0.27 
502000.0     4182191.488873656     -18000.0     3200.0     118080000000.0     0.25 
504000.0     4182191.488873656     -18000.0     3100.0     102740000000.0     0.25 
506000.0     4182191.488873656     -18000.0     3100.0     106330000000.0     0.25 
508000.0     4182191.488873656     -18000.0     3100.0     111390000000.0     0.25 
510000.0     4182191.488873656     -18000.0     3200.0     115180000000.0     0.25 
512000.0     4182191.488873656     -18000.0     3200.0     115180000000.0     0.25 
514000.0     4182191.488873656     -18000.0     3200.0     115180000000.0     0.25 
516000.0     4182191.488873656     -18000.0     3200.0     115660000000.0     0.25 
518000.0     4182191.488873656     -18000.0     3200.0     115660000000.0     0.25 
524000.0     4182191.488873656     -18000.0     3200.0     115660000000.0     0.25 
476000.0     4184191.488873656     -18000.0     3200.0     115660000000.0     0.25 
482000.0     4184191.488873656     -18000.0     3200.0     115630000000.0     0.24 
484000.0     4184191.488873656     -18000.0     3200.0     112800000000.0     0.25 
486000.0     4184191.488873656     -18000.0     3100.0     108150000000.0     0.25 
488000.0     4184191.488873656     -18000.0     3100.0     105020000000.0     0.25 
490000.0     4184191.488873656     -18000.0     3200.0     113340000000.0     0.27 
492000.0     4184191.488873656     -18000.0     3200.0     121510000000.0     0.25 
494000.0     4184191.488873656     -18000.0     3300.0     124440000000.0     0.27 
496000.0     4184191.488873656     -18000.0     3100.0     105060000000.0     0.26 
498000.0     4184191.488873656     -18000.0     3100.0     103280000000.0     0.26 
500000.0     4184191.488873656     -18000.0     3100.0     99730000000.0     0.25 
502000.0     4184191.488873656     -18000.0     3200.0     112360000000.0     0.25 
504000.0     4184191.488873656     -18000.0     3100.0     104970000000.0     0.25 
506000.0     4184191.488873656     -18000.0     3100.0     102740000000.0     0.25 
508000.0     4184191.488873656     -18000.0     3100.0     110930000000.0     0.25 
510000.0     4184191.488873656     -18000.0     3200.0     114220000000.0     0.25 
512000.0     4184191.488873656     -18000.0     3200.0     115660000000.0     0.25 
514000.0     4184191.488873656     -18000.0     3200.0     115660000000.0     0.25 
516000.0     4184191.488873656     -18000.0     3200.0     115660000000.0     0.25 
518000.0     4184191.488873656     -18000.0     3200.0     115660000000.0     0.25 
524000.0     4184191.488873656     -18000.0     3200.0     115660000000.0     0.25 
476000.0     4186191.488873656     -18000.0     3200.0     115660000000.0     0.25 
482000.0     4186191.488873656     -18000.0     3200.0     117100000000.0     0.25 
484000.0     4186191.488873656     -18000.0     3200.0     120520000000.0     0.25 
486000.0     4186191.488873656     -18000.0     3200.0     111430000000.0     0.25 
488000.0     4186191.488873656     -18000.0     3200.0     114220000000.0     0.25 
490000.0     4186191.488873656     -18000.0     3200.0     111480000000.0     0.27 
492000.0     4186191.488873656     -18000.0     3300.0     134310000000.0     0.25 
494000.0     4186191.488873656     -18000.0     3300.0     131630000000.0     0.26 
496000.0     4186191.488873656     -18000.0     3100.0     102790000000.0     0.25 
498000.0     4186191.488873656     -18000.0     3000.0     96720000000.0     0.25 
500000.0     4186191.488873656     -18000.0     3200.0     115200000000.0     0.25 
502000.0     4186191.488873656     -18000.0     3100.0     107740000000.0     0.25 
504000.0     4186191.488873656     -18000.0     3100.0     109530000000.0     0.25 
506000.0     4186191.488873656     -18000.0     3100.0     104970000000.0     0.25 
508000.0     4186191.488873656     -18000.0     3100.0     109070000000.0     0.25 
510000.0     4186191.488873656     -18000.0     3200.0     114220000000.0     0.25 
512000.0     4186191.488873656     -18000.0     3200.0     116140000000.0     0.25 
514000.0     4186191.488873656     -18000.0     3200.0     115660000000.0     0.25 
516000.0     4186191.488873656     -18000.0     3200.0     115660000000.0     0.25 
518000.0     4186191.488873656     -18000.0     3200.0     115660000000.0     0.25 
524000.0     4186191.488873656     -18000.0     3200.0     115660000000.0     0.25 
476000.0     4188191.488873656     -18000.0     3200.0     115660000000.0     0.25 
482000.0     4188191.488873656     -18000.0     3200.0     115660000000.0     0.25 
484000.0     4188191.488873656     -18000.0     3200.0     116620000000.0     0.25 
486000.0     4188191.488873656     -18000.0     3200.0     113240000000.0     0.24 
488000.0     4188191.488873656     -18000.0     3300.0     125500000000.0     0.25 
490000.0     4188191.488873656     -18000.0     3200.0     121510000000.0     0.25 
492000.0     4188191.488873656     -18000.0     3200.0     126510000000.0     0.24 
494000.0     4188191.488873656     -18000.0     3300.0     131110000000.00002     0.26 
496000.0     4188191.488873656     -18000.0     3300.0     134770000000.00002     0.26 
498000.0     4188191.488873656     -18000.0     3100.0     106860000000.0     0.26 
500000.0     4188191.488873656     -18000.0     3300.0     133710000000.00002     0.26 
502000.0     4188191.488873656     -18000.0     3200.0     116140000000.0     0.25 
504000.0     4188191.488873656     -18000.0     3200.0     117100000000.0     0.25 
506000.0     4188191.488873656     -18000.0     3100.0     110460000000.0     0.25 
508000.0     4188191.488873656     -18000.0     3200.0     113750000000.0     0.25 
510000.0     4188191.488873656     -18000.0     3200.0     115660000000.0     0.25 
512000.0     4188191.488873656     -18000.0     3200.0     116140000000.0     0.25 
514000.0     4188191.488873656     -18000.0     3200.0     113780000000.0     0.25 
516000.0     4188191.488873656     -18000.0     3200.0     114220000000.0     0.25 
518000.0     4188191.488873656     -18000.0     3200.0     115660000000.0     0.25 
524000.0     4188191.488873656     -18000.0     3200.0     115660000000.0     0.25 
476000.0     4190191.488873656     -18000.0     3200.0     115660000000.0     0.25 
482000.0     4190191.488873656     -18000.0     3200.0     115180000000.0     0.25 
484000.0     4190191.488873656     -18000.0     3200.0     115660000000.0     0.25 
486000.0     4190191.488873656     -18000.0     3200.0     115180000000.0     0.25 
488000.0     4190191.488873656     -18000.0     3300.0     125000000000.0     0.25 
490000.0     4190191.488873656     -18000.0     3200.0     120020000000.0     0.25 
492000.0     4190191.488873656     -18000.0     3200.0     113280000000.0     0.25 
494000.0     4190191.488873656     -18000.0     3200.0     125000000000.0     0.25 
496000.0     4190191.488873656     -18000.0     3400.0     137950000000.0     0.26 
498000.0     4190191.488873656     -18000.0     3200.0     121510000000.0     0.25 
500000.0     4190191.488873656     -18000.0     3200.0     121010000000.0     0.25 
502000.0     4190191.488873656     -18000.0     3100.0     108970000000.0     0.24 
504000.0     4190191.488873656     -18000.0     3100.0     109950000000.0     0.24 
506000.0     4190191.488873656     -18000.0     3200.0     112770000000.0     0.24 
508000.0     4190191.488873656     -18000.0     3200.0     116160000000.0     0.25 
510000.0     4190191.488873656     -18000.0     3200.0     113300000000.0     0.25 
512000.0     4190191.488873656     -18000.0     3200.0     111860000000.0     0.25 
514000.0     4190191.488873656     -18000.0     3200.0     113750000000.0     0.25 
516000.0     4190191.488873656     -18000.0     3200.0     115660000000.0     0.25 
518000.0     4190191.488873656     -18000.0     3200.0     115180000000.0     0.25 
524000.0     4190191.488873656     -18000.0     3200.0     115660000000.0     0.25 
476000.0     4192191.488873656     -18000.0     3200.0     115660000000.0     0.25 
482000.0     4192191.488873656     -18000.0     3200.0     115660000000.0     0.25 
484000.0     4192191.488873656     -18000.0     3200.0     115180000000.0     0.25 
486000.0     4192191.488873656     -18000.0     3200.0     115180000000.0     0.25 
488000.0     4192191.488873656     -18000.0     3200.0     115660000000.0     0.25 
490000.0     4192191.488873656     -18000.0     3200.0     115660000000.0     0.25 
492000.0     4192191.488873656     -18000.0     3100.0     109070000000.0     0.25 
494000.0     4192191.488873656     -18000.0     3200.0     116160000000.0     0.25 
496000.0     4192191.488873656     -18000.0     3200.0     112330000000.0     0.25 
498000.0     4192191.488873656     -18000.0     3200.0     119040000000.0     0.25 
500000.0     4192191.488873656     -18000.0     3200.0     115150000000.0     0.24 
502000.0     4192191.488873656     -18000.0     3200.0     116590000000.0     0.24 
504000.0     4192191.488873656     -18000.0     3100.0     107650000000.0     0.24 
506000.0     4192191.488873656     -18000.0     3200.0     118050000000.0     0.24 
508000.0     4192191.488873656     -18000.0     3200.0     112330000000.0     0.25 
510000.0     4192191.488873656     -18000.0     3200.0     114220000000.0     0.25 
512000.0     4192191.488873656     -18000.0     3200.0     113280000000.0     0.25 
514000.0     4192191.488873656     -18000.0     3200.0     113300000000.0     0.25 
516000.0     4192191.488873656     -18000.0     3200.0     115680000000.0     0.25 
518000.0     4192191.488873656     -18000.0     3200.0     116620000000.0     0.25 
524000.0     4192191.488873656     -18000.0     3200.0     115660000000.0     0.25 
476000.0     4194191.488873656     -18000.0     3200.0     115660000000.0     0.25 
482000.0     4194191.488873656     -18000.0     3200.0     115660000000.0     0.25 
484000.0     4194191.488873656     -18000.0     3200.0     114700000000.0     0.25 
486000.0     4194191.488873656     -18000.0     3200.0     115180000000.0     0.25 
488000.0     4194191.488873656     -18000.0     3200.0     113750000000.0     0.25 
490000.0     4194191.488873656     -18000.0     3200.0     115660000000.0     0.25 
492000.0     4194191.488873656     -18000.0     3200.0     113300000000.0     0.25 
494000.0     4194191.488873656     -18000.0     3200.0     117100000000.0     0.25 
496000.0     4194191.488873656     -18000.0     3200.0     112800000000.0     0.25 
498000.0     4194191.488873656     -18000.0     3200.0     113720000000.0     0.24 
500000.0     4194191.488873656     -18000.0     3200.0     114670000000.0     0.24 
502000.0     4194191.488873656     -18000.0     3200.0     117580000000.0     0.25 
504000.0     4194191.488873656     -18000.0     3100.0     111390000000.0     0.25 
506000.0     4194191.488873656     -18000.0     3200.0     111860000000.0     0.25 
508000.0     4194191.488873656     -18000.0     3100.0     110000000000.0     0.25 
510000.0     4194191.488873656     -18000.0     3200.0     112800000000.0     0.25 
512000.0     4194191.488873656     -18000.0     3200.0     115180000000.0     0.25 
514000.0     4194191.488873656     -18000.0     3200.0     115180000000.0     0.25 
516000.0     4194191.488873656     -18000.0     3200.0     116140000000.0     0.25 
518000.0     4194191.488873656     -18000.0     3200.0     114700000000.0     0.25 
524000.0     4194191.488873656     -18000.0     3200.0     115660000000.0     0.25 
476000.0     4200191.488873656     -18000.0     3200.0     114220000000.0     0.25 
482000.0     4200191.488873656     -18000.0     3200.0     115180000000.0     0.25 
484000.0     4200191.488873656     -18000.0     3200.0     115180000000.0     0.25 
486000.0     4200191.488873656     -18000.0     3200.0     115180000000.0     0.25 
488000.0     4200191.488873656     -18000.0     3200.0     115180000000.0     0.25 
490000.0     4200191.488873656     -18000.0     3200.0     116140000000.0     0.25 
492000.0     4200191.488873656     -18000.0     3200.0     117580000000.0     0.25 
494000.0     4200191.488873656     -18000.0     3200.0     113280000000.0     0.25 
496000.0     4200191.488873656     -18000.0     3200.0     115180000000.0     0.25 
498000.0     4200191.488873656     -18000.0     3200.0     116140000000.0     0.25 
500000.0     4200191.488873656     -18000.0     3200.0     117100000000.0     0.25 
502000.0     4200191.488873656     -18000.0     3200.0     116140000000.0     0.25 
504000.0     4200191.488873656     -18000.0     3200.0     114220000000.0     0.25 
506000.0     4200191.488873656     -18000.0     3200.0     115660000000.0     0.25 
508000.0     4200191.488873656     -18000.0     3200.0     117100000000.0     0.25 
510000.0     4200191.488873656     -18000.0     3200.0     117580000000.0     0.25 
512000.0     4200191.488873656     -18000.0     3200.0     118560000000.0     0.25 
514000.0     4200191.488873656     -18000.0     3200.0     115210000000.0     0.26 
516000.0     4200191.488873656     -18000.0     3200.0     114700000000.0     0.25 
518000.0     4200191.488873656     -18000.0     3200.0     112800000000.0     0.25 
524000.0     4200191.488873656     -18000.0     3200.0     115660000000.0     0.25 
476000.0     4152191.488873656     -15000.0     3000.0     97510000000.0     0.25 
482000.0     4152191.488873656     -15000.0     3000.0     97510000000.0     0.25 
484000.0     4152191.488873656     -15000.0     3000.0     97510000000.0     0.25 
486000.0     4152191.488873656     -15000.0     3000.0     97510000000.0     0.25 
488000.0     4152191.488873656     -15000.0     3000.0     97510000000.0     0.25 
490000.0     4152191.488873656     -15000.0     3000.0     97080000000.0     0.25 
492000.0     4152191.488873656     -15000.0     3000.0     97510000000.0     0.25 
494000.0     4152191.488873656     -15000.0     3000.0     97510000000.0     0.25 
496000.0     4152191.488873656     -15000.0     3000.0     97510000000.0     0.25 
498000.0     4152191.488873656     -15000.0     3000.0     97510000000.0     0.25 
500000.0     4152191.488873656     -15000.0     3000.0     97510000000.0     0.25 
502000.0     4152191.488873656     -15000.0     3000.0     97510000000.0     0.25 
504000.0     4152191.488873656     -15000.0     3000.0     97510000000.0     0.25 
506000.0     4152191.488873656     -15000.0     3000.0     97510000000.0     0.25 
508000.0     4152191.488873656     -15000.0     3000.0     97510000000.0     0.25 
510000.0     4152191.488873656     -15000.0     3000.0     97510000000.0     0.25 
512000.0     4152191.488873656     -15000.0     3000.0     97510000000.0     0.25 
514000.0     4152191.488873656     -15000.0     3000.0     97510000000.0     0.25 
516000.0     4152191.488873656     -15000.0     3000.0     97510000000.0     0.25 
518000.0     4152191.488873656     -15000.0     3000.0     97510000000.0     0.25 
524000.0     4152191.488873656     -15000.0     3000.0     97510000000.0     0.25 
476000.0     4158191.488873656     -15000.0     3000.0     97510000000.0     0.25 
482000.0     4158191.488873656     -15000.0     3000.0     97510000000.0     0.25 
484000.0     4158191.488873656     -15000.0     3000.0     97510000000.0     0.25 
486000.0     4158191.488873656     -15000.0     3000.0     97510000000.0     0.25 
488000.0     4158191.488873656     -15000.0     3000.0     97510000000.0     0.25 
490000.0     4158191.488873656     -15000.0     3000.0     97080000000.0     0.25 
492000.0     4158191.488873656     -15000.0     3000.0     97940000000.0     0.25 
494000.0     4158191.488873656     -15000.0     3000.0     97510000000.0     0.25 
496000.0     4158191.488873656     -15000.0     3000.0     97510000000.0     0.25 
498000.0     4158191.488873656     -15000.0     3000.0     97510000000.0     0.25 
500000.0     4158191.488873656     -15000.0     3000.0     97510000000.0     0.25 
502000.0     4158191.488873656     -15000.0     3000.0     97510000000.0     0.25 
504000.0     4158191.488873656     -15000.0     3000.0     97940000000.0     0.25 
506000.0     4158191.488873656     -15000.0     3000.0     97510000000.0     0.25 
508000.0     4158191.488873656     -15000.0     3000.0     97510000000.0     0.25 
510000.0     4158191.488873656     -15000.0     3000.0     97510000000.0     0.25 
512000.0     4158191.488873656     -15000.0     3000.0     97510000000.0     0.25 
514000.0     4158191.488873656     -15000.0     3000.0     97510000000.0     0.25 
516000.0     4158191.488873656     -15000.0     3000.0     97510000000.0     0.25 
518000.0     4158191.488873656     -15000.0     3000.0     97510000000.0     0.25 
524000.0     4158191.488873656     -15000.0     3000.0     97510000000.0     0.25 
476000.0     4160191.488873656     -15000.0     3000.0     97510000000.0     0.25 
482000.0     4160191.488873656     -15000.0     3000.0     97510000000.0     0.25 
484000.0     4160191.488873656     -15000.0     3000.0     97510000000.0     0.25 
486000.0     4160191.488873656     -15000.0     3000.0     97510000000.0     0.25 
488000.0     4160191.488873656     -15000.0     3000.0     97510000000.0     0.25 
490000.0     4160191.488873656     -15000.0     3000.0     97510000000.0     0.25 
492000.0     4160191.488873656     -15000.0     3000.0     97510000000.0     0.25 
494000.0     4160191.488873656     -15000.0     3000.0     97510000000.0     0.25 
496000.0     4160191.488873656     -15000.0     3000.0     97510000000.0     0.25 
498000.0     4160191.488873656     -15000.0     3000.0     97510000000.0     0.25 
500000.0     4160191.488873656     -15000.0     3000.0     97940000000.0     0.25 
502000.0     4160191.488873656     -15000.0     3000.0     97510000000.0     0.25 
504000.0     4160191.488873656     -15000.0     3000.0     98370000000.0     0.25 
506000.0     4160191.488873656     -15000.0     3000.0     96660000000.0     0.25 
508000.0     4160191.488873656     -15000.0     3000.0     97510000000.0     0.25 
510000.0     4160191.488873656     -15000.0     3000.0     97940000000.0     0.25 
512000.0     4160191.488873656     -15000.0     3000.0     97510000000.0     0.25 
514000.0     4160191.488873656     -15000.0     3000.0     97510000000.0     0.25 
516000.0     4160191.488873656     -15000.0     3000.0     97510000000.0     0.25 
518000.0     4160191.488873656     -15000.0     3000.0     97510000000.0     0.25 
524000.0     4160191.488873656     -15000.0     3000.0     97510000000.0     0.25 
476000.0     4162191.488873656     -15000.0     3000.0     97080000000.0     0.25 
482000.0     4162191.488873656     -15000.0     3000.0     97940000000.0     0.25 
484000.0     4162191.488873656     -15000.0     3000.0     97510000000.0     0.25 
486000.0     4162191.488873656     -15000.0     3000.0     97510000000.0     0.25 
488000.0     4162191.488873656     -15000.0     3000.0     97510000000.0     0.25 
490000.0     4162191.488873656     -15000.0     3000.0     97080000000.0     0.25 
492000.0     4162191.488873656     -15000.0     3000.0     97510000000.0     0.25 
494000.0     4162191.488873656     -15000.0     3000.0     97510000000.0     0.25 
496000.0     4162191.488873656     -15000.0     3000.0     97510000000.0     0.25 
498000.0     4162191.488873656     -15000.0     3000.0     97080000000.0     0.25 
500000.0     4162191.488873656     -15000.0     3000.0     97080000000.0     0.25 
502000.0     4162191.488873656     -15000.0     3000.0     96660000000.0     0.25 
504000.0     4162191.488873656     -15000.0     3000.0     94960000000.0     0.25 
506000.0     4162191.488873656     -15000.0     3000.0     96230000000.0     0.25 
508000.0     4162191.488873656     -15000.0     3100.0     99230000000.0     0.25 
510000.0     4162191.488873656     -15000.0     3000.0     93710000000.0     0.25 
512000.0     4162191.488873656     -15000.0     3000.0     94960000000.0     0.25 
514000.0     4162191.488873656     -15000.0     3000.0     93290000000.0     0.25 
516000.0     4162191.488873656     -15000.0     3000.0     98370000000.0     0.25 
518000.0     4162191.488873656     -15000.0     3000.0     97940000000.0     0.25 
524000.0     4162191.488873656     -15000.0     3000.0     97510000000.0     0.25 
476000.0     4164191.488873656     -15000.0     3000.0     97510000000.0     0.25 
482000.0     4164191.488873656     -15000.0     3000.0     97510000000.0     0.25 
484000.0     4164191.488873656     -15000.0     3000.0     97510000000.0     0.25 
486000.0     4164191.488873656     -15000.0     3000.0     96660000000.0     0.25 
488000.0     4164191.488873656     -15000.0     3000.0     95810000000.0     0.25 
490000.0     4164191.488873656     -15000.0     3000.0     97080000000.0     0.25 
492000.0     4164191.488873656     -15000.0     3000.0     97510000000.0     0.25 
494000.0     4164191.488873656     -15000.0     3000.0     97510000000.0     0.25 
496000.0     4164191.488873656     -15000.0     3000.0     97510000000.0     0.25 
498000.0     4164191.488873656     -15000.0     3000.0     96230000000.0     0.25 
500000.0     4164191.488873656     -15000.0     3000.0     96230000000.0     0.25 
502000.0     4164191.488873656     -15000.0     3000.0     97510000000.0     0.25 
504000.0     4164191.488873656     -15000.0     3000.0     98370000000.0     0.25 
506000.0     4164191.488873656     -15000.0     3100.0     103680000000.0     0.25 
508000.0     4164191.488873656     -15000.0     3100.0     99230000000.0     0.25 
510000.0     4164191.488873656     -15000.0     3000.0     94120000000.0     0.25 
512000.0     4164191.488873656     -15000.0     3100.0     102740000000.0     0.25 
514000.0     4164191.488873656     -15000.0     3000.0     88790000000.0     0.25 
516000.0     4164191.488873656     -15000.0     3000.0     87580000000.0     0.25 
518000.0     4164191.488873656     -15000.0     3100.0     103630000000.0     0.25 
524000.0     4164191.488873656     -15000.0     3000.0     97510000000.0     0.25 
476000.0     4166191.488873656     -15000.0     3100.0     100100000000.0     0.25 
482000.0     4166191.488873656     -15000.0     3000.0     97510000000.0     0.25 
484000.0     4166191.488873656     -15000.0     3000.0     95380000000.0     0.25 
486000.0     4166191.488873656     -15000.0     3000.0     93290000000.0     0.25 
488000.0     4166191.488873656     -15000.0     3000.0     94540000000.0     0.25 
490000.0     4166191.488873656     -15000.0     3000.0     97510000000.0     0.25 
492000.0     4166191.488873656     -15000.0     3100.0     99230000000.0     0.25 
494000.0     4166191.488873656     -15000.0     3000.0     96230000000.0     0.25 
496000.0     4166191.488873656     -15000.0     3000.0     95380000000.0     0.25 
498000.0     4166191.488873656     -15000.0     3000.0     96660000000.0     0.25 
500000.0     4166191.488873656     -15000.0     3000.0     94960000000.0     0.25 
502000.0     4166191.488873656     -15000.0     3000.0     95810000000.0     0.25 
504000.0     4166191.488873656     -15000.0     3100.0     101420000000.0     0.25 
506000.0     4166191.488873656     -15000.0     3100.0     100980000000.0     0.25 
508000.0     4166191.488873656     -15000.0     3100.0     100980000000.0     0.25 
510000.0     4166191.488873656     -15000.0     3100.0     105880000000.0     0.25 
512000.0     4166191.488873656     -15000.0     3100.0     104970000000.0     0.25 
514000.0     4166191.488873656     -15000.0     3000.0     94120000000.0     0.25 
516000.0     4166191.488873656     -15000.0     3000.0     93290000000.0     0.25 
518000.0     4166191.488873656     -15000.0     3000.0     97940000000.0     0.25 
524000.0     4166191.488873656     -15000.0     3000.0     97510000000.0     0.25 
476000.0     4168191.488873656     -15000.0     3100.0     100980000000.0     0.25 
482000.0     4168191.488873656     -15000.0     3000.0     97510000000.0     0.25 
484000.0     4168191.488873656     -15000.0     3000.0     94960000000.0     0.25 
486000.0     4168191.488873656     -15000.0     3000.0     91550000000.0     0.24 
488000.0     4168191.488873656     -15000.0     3000.0     95220000000.0     0.24 
490000.0     4168191.488873656     -15000.0     3000.0     94880000000.0     0.24 
492000.0     4168191.488873656     -15000.0     3000.0     96580000000.0     0.24 
494000.0     4168191.488873656     -15000.0     3000.0     94200000000.0     0.25 
496000.0     4168191.488873656     -15000.0     3000.0     96230000000.0     0.25 
498000.0     4168191.488873656     -15000.0     3000.0     97440000000.0     0.24 
500000.0     4168191.488873656     -15000.0     3000.0     93710000000.0     0.25 
502000.0     4168191.488873656     -15000.0     3000.0     96230000000.0     0.25 
504000.0     4168191.488873656     -15000.0     3000.0     98800000000.0     0.25 
506000.0     4168191.488873656     -15000.0     3000.0     97510000000.0     0.25 
508000.0     4168191.488873656     -15000.0     3100.0     100100000000.0     0.25 
510000.0     4168191.488873656     -15000.0     3100.0     100540000000.0     0.25 
512000.0     4168191.488873656     -15000.0     3000.0     97510000000.0     0.25 
514000.0     4168191.488873656     -15000.0     3000.0     97080000000.0     0.25 
516000.0     4168191.488873656     -15000.0     3000.0     98800000000.0     0.25 
518000.0     4168191.488873656     -15000.0     3100.0     99670000000.0     0.25 
524000.0     4168191.488873656     -15000.0     3000.0     97510000000.0     0.25 
476000.0     4170191.488873656     -15000.0     3000.0     97510000000.0     0.25 
482000.0     4170191.488873656     -15000.0     3000.0     97940000000.0     0.25 
484000.0     4170191.488873656     -15000.0     3100.0     100980000000.0     0.25 
486000.0     4170191.488873656     -15000.0     3100.0     102170000000.0     0.24 
488000.0     4170191.488873656     -15000.0     2900.0     85570000000.0     0.23 
490000.0     4170191.488873656     -15000.0     2900.0     86990000000.0     0.24 
492000.0     4170191.488873656     -15000.0     3000.0     92790000000.0     0.24 
494000.0     4170191.488873656     -15000.0     3200.0     114280000000.0     0.27 
496000.0     4170191.488873656     -15000.0     3100.0     102790000000.0     0.25 
498000.0     4170191.488873656     -15000.0     3000.0     90120000000.0     0.24 
500000.0     4170191.488873656     -15000.0     3000.0     96230000000.0     0.25 
502000.0     4170191.488873656     -15000.0     3000.0     97510000000.0     0.25 
504000.0     4170191.488873656     -15000.0     3000.0     97080000000.0     0.25 
506000.0     4170191.488873656     -15000.0     3000.0     97080000000.0     0.25 
508000.0     4170191.488873656     -15000.0     3000.0     97510000000.0     0.25 
510000.0     4170191.488873656     -15000.0     3000.0     97940000000.0     0.25 
512000.0     4170191.488873656     -15000.0     3000.0     95380000000.0     0.25 
514000.0     4170191.488873656     -15000.0     3000.0     96230000000.0     0.25 
516000.0     4170191.488873656     -15000.0     3000.0     98800000000.0     0.25 
518000.0     4170191.488873656     -15000.0     3000.0     96660000000.0     0.25 
524000.0     4170191.488873656     -15000.0     3000.0     97510000000.0     0.25 
476000.0     4172191.488873656     -15000.0     3000.0     97080000000.0     0.25 
482000.0     4172191.488873656     -15000.0     3000.0     96580000000.0     0.24 
484000.0     4172191.488873656     -15000.0     3000.0     95810000000.0     0.25 
486000.0     4172191.488873656     -15000.0     3100.0     107320000000.0     0.26 
488000.0     4172191.488873656     -15000.0     3000.0     90900000000.0     0.25 
490000.0     4172191.488873656     -15000.0     3000.0     97870000000.0     0.24 
492000.0     4172191.488873656     -15000.0     2900.0     83330000000.0     0.24 
494000.0     4172191.488873656     -15000.0     3000.0     97080000000.0     0.25 
496000.0     4172191.488873656     -15000.0     3000.0     96230000000.0     0.25 
498000.0     4172191.488873656     -15000.0     3000.0     91040000000.0     0.24 
500000.0     4172191.488873656     -15000.0     3000.0     94540000000.0     0.25 
502000.0     4172191.488873656     -15000.0     3000.0     95810000000.0     0.25 
504000.0     4172191.488873656     -15000.0     3000.0     96660000000.0     0.25 
506000.0     4172191.488873656     -15000.0     3000.0     92870000000.0     0.25 
508000.0     4172191.488873656     -15000.0     3000.0     98800000000.0     0.25 
510000.0     4172191.488873656     -15000.0     3000.0     96660000000.0     0.25 
512000.0     4172191.488873656     -15000.0     3000.0     91640000000.0     0.25 
514000.0     4172191.488873656     -15000.0     3000.0     95810000000.0     0.25 
516000.0     4172191.488873656     -15000.0     3000.0     95810000000.0     0.25 
518000.0     4172191.488873656     -15000.0     3000.0     96230000000.0     0.25 
524000.0     4172191.488873656     -15000.0     3000.0     97510000000.0     0.25 
476000.0     4174191.488873656     -15000.0     3000.0     96660000000.0     0.25 
482000.0     4174191.488873656     -15000.0     3000.0     97080000000.0     0.25 
484000.0     4174191.488873656     -15000.0     3000.0     94200000000.0     0.25 
486000.0     4174191.488873656     -15000.0     3100.0     100260000000.0     0.26 
488000.0     4174191.488873656     -15000.0     3100.0     98490000000.0     0.26 
490000.0     4174191.488873656     -15000.0     3100.0     101040000000.0     0.25 
492000.0     4174191.488873656     -15000.0     3100.0     99300000000.0     0.25 
494000.0     4174191.488873656     -15000.0     3000.0     98370000000.0     0.25 
496000.0     4174191.488873656     -15000.0     3100.0     99670000000.0     0.25 
498000.0     4174191.488873656     -15000.0     3100.0     101790000000.0     0.24 
500000.0     4174191.488873656     -15000.0     3000.0     98370000000.0     0.25 
502000.0     4174191.488873656     -15000.0     3000.0     95380000000.0     0.25 
504000.0     4174191.488873656     -15000.0     3000.0     95380000000.0     0.25 
506000.0     4174191.488873656     -15000.0     3000.0     95810000000.0     0.25 
508000.0     4174191.488873656     -15000.0     3100.0     103630000000.0     0.25 
510000.0     4174191.488873656     -15000.0     3000.0     90820000000.0     0.25 
512000.0     4174191.488873656     -15000.0     2900.0     86000000000.0     0.25 
514000.0     4174191.488873656     -15000.0     3000.0     95460000000.0     0.25 
516000.0     4174191.488873656     -15000.0     3000.0     98370000000.0     0.25 
518000.0     4174191.488873656     -15000.0     3000.0     97940000000.0     0.25 
524000.0     4174191.488873656     -15000.0     3000.0     97510000000.0     0.25 
476000.0     4176191.488873656     -15000.0     3000.0     97080000000.0     0.25 
482000.0     4176191.488873656     -15000.0     3000.0     97510000000.0     0.25 
484000.0     4176191.488873656     -15000.0     3000.0     95810000000.0     0.25 
486000.0     4176191.488873656     -15000.0     3000.0     91220000000.0     0.25 
488000.0     4176191.488873656     -15000.0     3000.0     90900000000.0     0.25 
490000.0     4176191.488873656     -15000.0     3100.0     106020000000.0     0.27 
492000.0     4176191.488873656     -15000.0     3200.0     117130000000.0     0.26 
494000.0     4176191.488873656     -15000.0     3000.0     89680000000.0     0.25 
496000.0     4176191.488873656     -15000.0     3100.0     109570000000.0     0.25 
498000.0     4176191.488873656     -15000.0     3100.0     106730000000.0     0.24 
500000.0     4176191.488873656     -15000.0     3100.0     100980000000.0     0.25 
502000.0     4176191.488873656     -15000.0     3000.0     94540000000.0     0.25 
504000.0     4176191.488873656     -15000.0     3000.0     92380000000.0     0.24 
506000.0     4176191.488873656     -15000.0     3100.0     99230000000.0     0.25 
508000.0     4176191.488873656     -15000.0     3100.0     100100000000.0     0.25 
510000.0     4176191.488873656     -15000.0     3000.0     93960000000.0     0.24 
512000.0     4176191.488873656     -15000.0     3100.0     99730000000.0     0.25 
514000.0     4176191.488873656     -15000.0     3100.0     100540000000.0     0.25 
516000.0     4176191.488873656     -15000.0     3000.0     96660000000.0     0.25 
518000.0     4176191.488873656     -15000.0     3000.0     97080000000.0     0.25 
524000.0     4176191.488873656     -15000.0     3000.0     97510000000.0     0.25 
476000.0     4178191.488873656     -15000.0     3000.0     95810000000.0     0.25 
482000.0     4178191.488873656     -15000.0     3000.0     98370000000.0     0.25 
484000.0     4178191.488873656     -15000.0     3100.0     99230000000.0     0.25 
486000.0     4178191.488873656     -15000.0     3000.0     87360000000.0     0.26 
488000.0     4178191.488873656     -15000.0     2900.0     82880000000.0     0.25 
490000.0     4178191.488873656     -15000.0     3000.0     90410000000.0     0.25 
492000.0     4178191.488873656     -15000.0     3200.0     111430000000.0     0.25 
494000.0     4178191.488873656     -15000.0     3000.0     92540000000.0     0.25 
496000.0     4178191.488873656     -15000.0     3100.0     102400000000.0     0.26 
498000.0     4178191.488873656     -15000.0     3100.0     107280000000.0     0.25 
500000.0     4178191.488873656     -15000.0     3100.0     106780000000.0     0.25 
502000.0     4178191.488873656     -15000.0     3000.0     94960000000.0     0.25 
504000.0     4178191.488873656     -15000.0     3000.0     87980000000.0     0.25 
506000.0     4178191.488873656     -15000.0     3100.0     100100000000.0     0.25 
508000.0     4178191.488873656     -15000.0     3000.0     92950000000.0     0.25 
510000.0     4178191.488873656     -15000.0     3000.0     95730000000.0     0.24 
512000.0     4178191.488873656     -15000.0     3100.0     101960000000.0     0.26 
514000.0     4178191.488873656     -15000.0     3100.0     101910000000.0     0.25 
516000.0     4178191.488873656     -15000.0     3000.0     97510000000.0     0.25 
518000.0     4178191.488873656     -15000.0     3000.0     97510000000.0     0.25 
524000.0     4178191.488873656     -15000.0     3000.0     98370000000.0     0.25 
476000.0     4180191.488873656     -15000.0     3000.0     96660000000.0     0.25 
482000.0     4180191.488873656     -15000.0     3100.0     105020000000.0     0.25 
484000.0     4180191.488873656     -15000.0     3000.0     98800000000.0     0.25 
486000.0     4180191.488873656     -15000.0     3000.0     97010000000.0     0.24 
488000.0     4180191.488873656     -15000.0     3000.0     90630000000.0     0.24 
490000.0     4180191.488873656     -15000.0     2900.0     80110000000.0     0.24 
492000.0     4180191.488873656     -15000.0     3000.0     94380000000.0     0.24 
494000.0     4180191.488873656     -15000.0     3000.0     91640000000.0     0.25 
496000.0     4180191.488873656     -15000.0     3100.0     98920000000.0     0.26 
498000.0     4180191.488873656     -15000.0     3100.0     106860000000.0     0.26 
500000.0     4180191.488873656     -15000.0     3200.0     110540000000.0     0.26 
502000.0     4180191.488873656     -15000.0     3000.0     90490000000.0     0.25 
504000.0     4180191.488873656     -15000.0     2800.0     75780000000.0     0.25 
506000.0     4180191.488873656     -15000.0     3000.0     89270000000.0     0.25 
508000.0     4180191.488873656     -15000.0     3200.0     113320000000.0     0.26 
510000.0     4180191.488873656     -15000.0     3000.0     89100000000.0     0.24 
512000.0     4180191.488873656     -15000.0     3000.0     91790000000.0     0.26 
514000.0     4180191.488873656     -15000.0     3000.0     93360000000.0     0.25 
516000.0     4180191.488873656     -15000.0     3000.0     96660000000.0     0.25 
518000.0     4180191.488873656     -15000.0     3000.0     97080000000.0     0.25 
524000.0     4180191.488873656     -15000.0     3000.0     97940000000.0     0.25 
476000.0     4182191.488873656     -15000.0     3000.0     96660000000.0     0.25 
482000.0     4182191.488873656     -15000.0     3000.0     96720000000.0     0.25 
484000.0     4182191.488873656     -15000.0     3000.0     95380000000.0     0.25 
486000.0     4182191.488873656     -15000.0     3000.0     91640000000.0     0.25 
488000.0     4182191.488873656     -15000.0     3000.0     89410000000.0     0.24 
490000.0     4182191.488873656     -15000.0     3000.0     93210000000.0     0.24 
492000.0     4182191.488873656     -15000.0     3100.0     106330000000.0     0.25 
494000.0     4182191.488873656     -15000.0     3100.0     107650000000.0     0.24 
496000.0     4182191.488873656     -15000.0     3000.0     98300000000.0     0.24 
498000.0     4182191.488873656     -15000.0     3100.0     105880000000.0     0.25 
500000.0     4182191.488873656     -15000.0     3100.0     104620000000.0     0.26 
502000.0     4182191.488873656     -15000.0     3000.0     86960000000.0     0.26 
504000.0     4182191.488873656     -15000.0     2900.0     77980000000.0     0.25 
506000.0     4182191.488873656     -15000.0     2900.0     81350000000.0     0.25 
508000.0     4182191.488873656     -15000.0     3000.0     90000000000.0     0.25 
510000.0     4182191.488873656     -15000.0     3000.0     93710000000.0     0.25 
512000.0     4182191.488873656     -15000.0     3000.0     97940000000.0     0.25 
514000.0     4182191.488873656     -15000.0     3000.0     95380000000.0     0.25 
516000.0     4182191.488873656     -15000.0     3000.0     97080000000.0     0.25 
518000.0     4182191.488873656     -15000.0     3000.0     97510000000.0     0.25 
524000.0     4182191.488873656     -15000.0     3000.0     96660000000.0     0.25 
476000.0     4184191.488873656     -15000.0     3000.0     97510000000.0     0.25 
482000.0     4184191.488873656     -15000.0     3000.0     95310000000.0     0.24 
484000.0     4184191.488873656     -15000.0     3000.0     96660000000.0     0.25 
486000.0     4184191.488873656     -15000.0     3000.0     94120000000.0     0.25 
488000.0     4184191.488873656     -15000.0     3100.0     101090000000.0     0.26 
490000.0     4184191.488873656     -15000.0     3100.0     101570000000.0     0.26 
492000.0     4184191.488873656     -15000.0     3100.0     102240000000.0     0.24 
494000.0     4184191.488873656     -15000.0     3100.0     101910000000.0     0.25 
496000.0     4184191.488873656     -15000.0     3000.0     91710000000.0     0.25 
498000.0     4184191.488873656     -15000.0     3000.0     88070000000.0     0.25 
500000.0     4184191.488873656     -15000.0     3000.0     90490000000.0     0.25 
502000.0     4184191.488873656     -15000.0     3100.0     101960000000.0     0.26 
504000.0     4184191.488873656     -15000.0     3000.0     96300000000.0     0.25 
506000.0     4184191.488873656     -15000.0     2900.0     85210000000.0     0.25 
508000.0     4184191.488873656     -15000.0     2900.0     86790000000.0     0.25 
510000.0     4184191.488873656     -15000.0     3000.0     92460000000.0     0.25 
512000.0     4184191.488873656     -15000.0     3000.0     97510000000.0     0.25 
514000.0     4184191.488873656     -15000.0     3000.0     94960000000.0     0.25 
516000.0     4184191.488873656     -15000.0     3000.0     97080000000.0     0.25 
518000.0     4184191.488873656     -15000.0     3000.0     97510000000.0     0.25 
524000.0     4184191.488873656     -15000.0     3000.0     96660000000.0     0.25 
476000.0     4186191.488873656     -15000.0     3000.0     97510000000.0     0.25 
482000.0     4186191.488873656     -15000.0     3000.0     97510000000.0     0.25 
484000.0     4186191.488873656     -15000.0     3100.0     99230000000.0     0.25 
486000.0     4186191.488873656     -15000.0     3000.0     98370000000.0     0.25 
488000.0     4186191.488873656     -15000.0     3100.0     102790000000.0     0.25 
490000.0     4186191.488873656     -15000.0     3100.0     102000000000.0     0.26 
492000.0     4186191.488873656     -15000.0     3000.0     94120000000.0     0.25 
494000.0     4186191.488873656     -15000.0     3100.0     106920000000.0     0.27 
496000.0     4186191.488873656     -15000.0     3000.0     88470000000.0     0.25 
498000.0     4186191.488873656     -15000.0     3000.0     88470000000.0     0.25 
500000.0     4186191.488873656     -15000.0     3000.0     95520000000.0     0.26 
502000.0     4186191.488873656     -15000.0     3000.0     93360000000.0     0.25 
504000.0     4186191.488873656     -15000.0     3000.0     97210000000.0     0.26 
506000.0     4186191.488873656     -15000.0     3000.0     88790000000.0     0.25 
508000.0     4186191.488873656     -15000.0     3000.0     90820000000.0     0.25 
510000.0     4186191.488873656     -15000.0     3000.0     95380000000.0     0.25 
512000.0     4186191.488873656     -15000.0     3100.0     99230000000.0     0.25 
514000.0     4186191.488873656     -15000.0     3000.0     93290000000.0     0.25 
516000.0     4186191.488873656     -15000.0     3000.0     95810000000.0     0.25 
518000.0     4186191.488873656     -15000.0     3000.0     97510000000.0     0.25 
524000.0     4186191.488873656     -15000.0     3000.0     97510000000.0     0.25 
476000.0     4188191.488873656     -15000.0     3000.0     97510000000.0     0.25 
482000.0     4188191.488873656     -15000.0     3000.0     97510000000.0     0.25 
484000.0     4188191.488873656     -15000.0     3000.0     97510000000.0     0.25 
486000.0     4188191.488873656     -15000.0     3000.0     97510000000.0     0.25 
488000.0     4188191.488873656     -15000.0     3100.0     108150000000.0     0.25 
490000.0     4188191.488873656     -15000.0     3000.0     97150000000.0     0.25 
492000.0     4188191.488873656     -15000.0     3100.0     103570000000.0     0.24 
494000.0     4188191.488873656     -15000.0     3300.0     123450000000.0     0.27 
496000.0     4188191.488873656     -15000.0     3100.0     100600000000.0     0.25 
498000.0     4188191.488873656     -15000.0     3000.0     97150000000.0     0.25 
500000.0     4188191.488873656     -15000.0     3000.0     95880000000.0     0.25 
502000.0     4188191.488873656     -15000.0     3000.0     94260000000.0     0.26 
504000.0     4188191.488873656     -15000.0     3100.0     105920000000.0     0.25 
506000.0     4188191.488873656     -15000.0     3000.0     94880000000.0     0.24 
508000.0     4188191.488873656     -15000.0     3000.0     93780000000.0     0.25 
510000.0     4188191.488873656     -15000.0     3100.0     100100000000.0     0.25 
512000.0     4188191.488873656     -15000.0     3000.0     95040000000.0     0.25 
514000.0     4188191.488873656     -15000.0     3000.0     96720000000.0     0.25 
516000.0     4188191.488873656     -15000.0     3000.0     93710000000.0     0.25 
518000.0     4188191.488873656     -15000.0     3000.0     96660000000.0     0.25 
524000.0     4188191.488873656     -15000.0     3000.0     97510000000.0     0.25 
476000.0     4190191.488873656     -15000.0     3000.0     97510000000.0     0.25 
482000.0     4190191.488873656     -15000.0     3000.0     97510000000.0     0.25 
484000.0     4190191.488873656     -15000.0     3000.0     97510000000.0     0.25 
486000.0     4190191.488873656     -15000.0     3000.0     97510000000.0     0.25 
488000.0     4190191.488873656     -15000.0     3100.0     100100000000.0     0.25 
490000.0     4190191.488873656     -15000.0     3000.0     97940000000.0     0.25 
492000.0     4190191.488873656     -15000.0     3000.0     96660000000.0     0.25 
494000.0     4190191.488873656     -15000.0     3100.0     104570000000.0     0.25 
496000.0     4190191.488873656     -15000.0     3000.0     98730000000.0     0.24 
498000.0     4190191.488873656     -15000.0     3000.0     98730000000.0     0.24 
500000.0     4190191.488873656     -15000.0     3100.0     101420000000.0     0.25 
502000.0     4190191.488873656     -15000.0     3000.0     95880000000.0     0.25 
504000.0     4190191.488873656     -15000.0     3000.0     96580000000.0     0.24 
506000.0     4190191.488873656     -15000.0     3000.0     94880000000.0     0.24 
508000.0     4190191.488873656     -15000.0     3000.0     90900000000.0     0.25 
510000.0     4190191.488873656     -15000.0     3000.0     87670000000.0     0.25 
512000.0     4190191.488873656     -15000.0     3000.0     92540000000.0     0.25 
514000.0     4190191.488873656     -15000.0     3000.0     91870000000.0     0.24 
516000.0     4190191.488873656     -15000.0     3000.0     97080000000.0     0.25 
518000.0     4190191.488873656     -15000.0     3000.0     96230000000.0     0.25 
524000.0     4190191.488873656     -15000.0     3000.0     97510000000.0     0.25 
476000.0     4192191.488873656     -15000.0     3000.0     97510000000.0     0.25 
482000.0     4192191.488873656     -15000.0     3000.0     97510000000.0     0.25 
484000.0     4192191.488873656     -15000.0     3000.0     97510000000.0     0.25 
486000.0     4192191.488873656     -15000.0     3000.0     97510000000.0     0.25 
488000.0     4192191.488873656     -15000.0     3000.0     97510000000.0     0.25 
490000.0     4192191.488873656     -15000.0     3000.0     97940000000.0     0.25 
492000.0     4192191.488873656     -15000.0     3000.0     95380000000.0     0.25 
494000.0     4192191.488873656     -15000.0     3000.0     97150000000.0     0.25 
496000.0     4192191.488873656     -15000.0     3000.0     95810000000.0     0.25 
498000.0     4192191.488873656     -15000.0     3000.0     94120000000.0     0.25 
500000.0     4192191.488873656     -15000.0     3000.0     95810000000.0     0.25 
502000.0     4192191.488873656     -15000.0     3000.0     95040000000.0     0.25 
504000.0     4192191.488873656     -15000.0     3000.0     95220000000.0     0.24 
506000.0     4192191.488873656     -15000.0     3000.0     99520000000.0     0.24 
508000.0     4192191.488873656     -15000.0     3000.0     95810000000.0     0.25 
510000.0     4192191.488873656     -15000.0     3000.0     94540000000.0     0.25 
512000.0     4192191.488873656     -15000.0     3000.0     96660000000.0     0.25 
514000.0     4192191.488873656     -15000.0     3000.0     97080000000.0     0.25 
516000.0     4192191.488873656     -15000.0     3100.0     103280000000.0     0.26 
518000.0     4192191.488873656     -15000.0     3100.0     100100000000.0     0.25 
524000.0     4192191.488873656     -15000.0     3000.0     97510000000.0     0.25 
476000.0     4194191.488873656     -15000.0     3000.0     97510000000.0     0.25 
482000.0     4194191.488873656     -15000.0     3000.0     97510000000.0     0.25 
484000.0     4194191.488873656     -15000.0     3000.0     97510000000.0     0.25 
486000.0     4194191.488873656     -15000.0     3000.0     97510000000.0     0.25 
488000.0     4194191.488873656     -15000.0     3000.0     97510000000.0     0.25 
490000.0     4194191.488873656     -15000.0     3000.0     97510000000.0     0.25 
492000.0     4194191.488873656     -15000.0     3000.0     98800000000.0     0.25 
494000.0     4194191.488873656     -15000.0     3100.0     101420000000.0     0.25 
496000.0     4194191.488873656     -15000.0     3000.0     97080000000.0     0.25 
498000.0     4194191.488873656     -15000.0     3000.0     98370000000.0     0.25 
500000.0     4194191.488873656     -15000.0     3100.0     100540000000.0     0.25 
502000.0     4194191.488873656     -15000.0     3000.0     98370000000.0     0.25 
504000.0     4194191.488873656     -15000.0     3000.0     94540000000.0     0.25 
506000.0     4194191.488873656     -15000.0     3000.0     96230000000.0     0.25 
508000.0     4194191.488873656     -15000.0     3000.0     96230000000.0     0.25 
510000.0     4194191.488873656     -15000.0     3000.0     93290000000.0     0.25 
512000.0     4194191.488873656     -15000.0     3000.0     94540000000.0     0.25 
514000.0     4194191.488873656     -15000.0     3000.0     94620000000.0     0.25 
516000.0     4194191.488873656     -15000.0     3000.0     94330000000.0     0.26 
518000.0     4194191.488873656     -15000.0     3000.0     92460000000.0     0.25 
524000.0     4194191.488873656     -15000.0     3000.0     97510000000.0     0.25 
476000.0     4200191.488873656     -15000.0     3000.0     96660000000.0     0.25 
482000.0     4200191.488873656     -15000.0     3000.0     97080000000.0     0.25 
484000.0     4200191.488873656     -15000.0     3000.0     97510000000.0     0.25 
486000.0     4200191.488873656     -15000.0     3000.0     96660000000.0     0.25 
488000.0     4200191.488873656     -15000.0     3000.0     94960000000.0     0.25 
490000.0     4200191.488873656     -15000.0     3000.0     95880000000.0     0.25 
492000.0     4200191.488873656     -15000.0     3000.0     97080000000.0     0.25 
494000.0     4200191.488873656     -15000.0     3000.0     95810000000.0     0.25 
496000.0     4200191.488873656     -15000.0     3000.0     98370000000.0     0.25 
498000.0     4200191.488873656     -15000.0     3000.0     97940000000.0     0.25 
500000.0     4200191.488873656     -15000.0     3000.0     98370000000.0     0.25 
502000.0     4200191.488873656     -15000.0     3000.0     98300000000.0     0.24 
504000.0     4200191.488873656     -15000.0     3000.0     97510000000.0     0.25 
506000.0     4200191.488873656     -15000.0     3000.0     97510000000.0     0.25 
508000.0     4200191.488873656     -15000.0     3100.0     102300000000.0     0.25 
510000.0     4200191.488873656     -15000.0     3100.0     102300000000.0     0.25 
512000.0     4200191.488873656     -15000.0     3100.0     98430000000.0     0.25 
514000.0     4200191.488873656     -15000.0     3100.0     98920000000.0     0.26 
516000.0     4200191.488873656     -15000.0     3100.0     103950000000.0     0.24 
518000.0     4200191.488873656     -15000.0     3000.0     97080000000.0     0.25 
524000.0     4200191.488873656     -15000.0     3000.0     97080000000.0     0.25 
476000.0     4152191.488873656     -12000.0     3000.0     89190000000.0     0.25 
482000.0     4152191.488873656     -12000.0     3000.0     89190000000.0     0.25 
484000.0     4152191.488873656     -12000.0     3000.0     89190000000.0     0.25 
486000.0     4152191.488873656     -12000.0     3000.0     89190000000.0     0.25 
488000.0     4152191.488873656     -12000.0     3000.0     89190000000.0     0.25 
490000.0     4152191.488873656     -12000.0     2900.0     84820000000.0     0.25 
492000.0     4152191.488873656     -12000.0     3000.0     89190000000.0     0.25 
494000.0     4152191.488873656     -12000.0     3000.0     89590000000.0     0.25 
496000.0     4152191.488873656     -12000.0     3000.0     89190000000.0     0.25 
498000.0     4152191.488873656     -12000.0     3000.0     89190000000.0     0.25 
500000.0     4152191.488873656     -12000.0     3000.0     89190000000.0     0.25 
502000.0     4152191.488873656     -12000.0     3000.0     89190000000.0     0.25 
504000.0     4152191.488873656     -12000.0     3000.0     89190000000.0     0.25 
506000.0     4152191.488873656     -12000.0     3000.0     89190000000.0     0.25 
508000.0     4152191.488873656     -12000.0     3000.0     89190000000.0     0.25 
510000.0     4152191.488873656     -12000.0     3000.0     89190000000.0     0.25 
512000.0     4152191.488873656     -12000.0     3000.0     89190000000.0     0.25 
514000.0     4152191.488873656     -12000.0     3000.0     89190000000.0     0.25 
516000.0     4152191.488873656     -12000.0     3000.0     89190000000.0     0.25 
518000.0     4152191.488873656     -12000.0     3000.0     89190000000.0     0.25 
524000.0     4152191.488873656     -12000.0     3000.0     89190000000.0     0.25 
476000.0     4158191.488873656     -12000.0     3000.0     89190000000.0     0.25 
482000.0     4158191.488873656     -12000.0     3000.0     89190000000.0     0.25 
484000.0     4158191.488873656     -12000.0     3000.0     89190000000.0     0.25 
486000.0     4158191.488873656     -12000.0     3000.0     89190000000.0     0.25 
488000.0     4158191.488873656     -12000.0     3000.0     89190000000.0     0.25 
490000.0     4158191.488873656     -12000.0     3000.0     90000000000.0     0.25 
492000.0     4158191.488873656     -12000.0     3000.0     88870000000.0     0.25 
494000.0     4158191.488873656     -12000.0     3000.0     90410000000.0     0.25 
496000.0     4158191.488873656     -12000.0     3000.0     90000000000.0     0.25 
498000.0     4158191.488873656     -12000.0     3000.0     89190000000.0     0.25 
500000.0     4158191.488873656     -12000.0     3000.0     89190000000.0     0.25 
502000.0     4158191.488873656     -12000.0     3000.0     89190000000.0     0.25 
504000.0     4158191.488873656     -12000.0     3000.0     90410000000.0     0.25 
506000.0     4158191.488873656     -12000.0     3000.0     89190000000.0     0.25 
508000.0     4158191.488873656     -12000.0     3000.0     89190000000.0     0.25 
510000.0     4158191.488873656     -12000.0     3000.0     89190000000.0     0.25 
512000.0     4158191.488873656     -12000.0     3000.0     89190000000.0     0.25 
514000.0     4158191.488873656     -12000.0     3000.0     89190000000.0     0.25 
516000.0     4158191.488873656     -12000.0     3000.0     89190000000.0     0.25 
518000.0     4158191.488873656     -12000.0     3000.0     89190000000.0     0.25 
524000.0     4158191.488873656     -12000.0     3000.0     89190000000.0     0.25 
476000.0     4160191.488873656     -12000.0     3000.0     89190000000.0     0.25 
482000.0     4160191.488873656     -12000.0     3000.0     89190000000.0     0.25 
484000.0     4160191.488873656     -12000.0     3000.0     89190000000.0     0.25 
486000.0     4160191.488873656     -12000.0     3000.0     89190000000.0     0.25 
488000.0     4160191.488873656     -12000.0     3000.0     89190000000.0     0.25 
490000.0     4160191.488873656     -12000.0     3000.0     88380000000.0     0.25 
492000.0     4160191.488873656     -12000.0     3000.0     87980000000.0     0.25 
494000.0     4160191.488873656     -12000.0     3000.0     90410000000.0     0.25 
496000.0     4160191.488873656     -12000.0     3000.0     90410000000.0     0.25 
498000.0     4160191.488873656     -12000.0     3000.0     89590000000.0     0.25 
500000.0     4160191.488873656     -12000.0     3000.0     89590000000.0     0.25 
502000.0     4160191.488873656     -12000.0     3000.0     90000000000.0     0.25 
504000.0     4160191.488873656     -12000.0     3000.0     88790000000.0     0.25 
506000.0     4160191.488873656     -12000.0     3000.0     89190000000.0     0.25 
508000.0     4160191.488873656     -12000.0     3000.0     88470000000.0     0.25 
510000.0     4160191.488873656     -12000.0     3000.0     89190000000.0     0.25 
512000.0     4160191.488873656     -12000.0     3000.0     89190000000.0     0.25 
514000.0     4160191.488873656     -12000.0     3000.0     89190000000.0     0.25 
516000.0     4160191.488873656     -12000.0     3000.0     89190000000.0     0.25 
518000.0     4160191.488873656     -12000.0     3000.0     89190000000.0     0.25 
524000.0     4160191.488873656     -12000.0     3000.0     89190000000.0     0.25 
476000.0     4162191.488873656     -12000.0     3000.0     88790000000.0     0.25 
482000.0     4162191.488873656     -12000.0     3000.0     89190000000.0     0.25 
484000.0     4162191.488873656     -12000.0     3000.0     90820000000.0     0.25 
486000.0     4162191.488873656     -12000.0     3000.0     89190000000.0     0.25 
488000.0     4162191.488873656     -12000.0     3000.0     89190000000.0     0.25 
490000.0     4162191.488873656     -12000.0     3000.0     88380000000.0     0.25 
492000.0     4162191.488873656     -12000.0     3000.0     87980000000.0     0.25 
494000.0     4162191.488873656     -12000.0     3000.0     89190000000.0     0.25 
496000.0     4162191.488873656     -12000.0     3000.0     91640000000.0     0.25 
498000.0     4162191.488873656     -12000.0     3000.0     94960000000.0     0.25 
500000.0     4162191.488873656     -12000.0     3000.0     88790000000.0     0.25 
502000.0     4162191.488873656     -12000.0     2900.0     85600000000.0     0.25 
504000.0     4162191.488873656     -12000.0     3000.0     88070000000.0     0.25 
506000.0     4162191.488873656     -12000.0     2900.0     85210000000.0     0.25 
508000.0     4162191.488873656     -12000.0     3000.0     92540000000.0     0.25 
510000.0     4162191.488873656     -12000.0     2900.0     86790000000.0     0.25 
512000.0     4162191.488873656     -12000.0     3000.0     87190000000.0     0.25 
514000.0     4162191.488873656     -12000.0     3000.0     88790000000.0     0.25 
516000.0     4162191.488873656     -12000.0     3000.0     90000000000.0     0.25 
518000.0     4162191.488873656     -12000.0     3000.0     89190000000.0     0.25 
524000.0     4162191.488873656     -12000.0     3000.0     89190000000.0     0.25 
476000.0     4164191.488873656     -12000.0     3000.0     89590000000.0     0.25 
482000.0     4164191.488873656     -12000.0     3000.0     89190000000.0     0.25 
484000.0     4164191.488873656     -12000.0     3000.0     89190000000.0     0.25 
486000.0     4164191.488873656     -12000.0     3000.0     88380000000.0     0.25 
488000.0     4164191.488873656     -12000.0     3000.0     87580000000.0     0.25 
490000.0     4164191.488873656     -12000.0     3000.0     87190000000.0     0.25 
492000.0     4164191.488873656     -12000.0     3000.0     87980000000.0     0.25 
494000.0     4164191.488873656     -12000.0     3000.0     88380000000.0     0.25 
496000.0     4164191.488873656     -12000.0     3000.0     89190000000.0     0.25 
498000.0     4164191.488873656     -12000.0     2900.0     82110000000.0     0.25 
500000.0     4164191.488873656     -12000.0     2900.0     84040000000.0     0.25 
502000.0     4164191.488873656     -12000.0     3000.0     95380000000.0     0.25 
504000.0     4164191.488873656     -12000.0     3000.0     88380000000.0     0.25 
506000.0     4164191.488873656     -12000.0     3000.0     91220000000.0     0.25 
508000.0     4164191.488873656     -12000.0     3000.0     89680000000.0     0.25 
510000.0     4164191.488873656     -12000.0     2900.0     83650000000.0     0.25 
512000.0     4164191.488873656     -12000.0     3000.0     92050000000.0     0.25 
514000.0     4164191.488873656     -12000.0     2900.0     79090000000.0     0.25 
516000.0     4164191.488873656     -12000.0     3000.0     97940000000.0     0.25 
518000.0     4164191.488873656     -12000.0     3000.0     97510000000.0     0.25 
524000.0     4164191.488873656     -12000.0     3000.0     89190000000.0     0.25 
476000.0     4166191.488873656     -12000.0     3000.0     92870000000.0     0.25 
482000.0     4166191.488873656     -12000.0     3000.0     88790000000.0     0.25 
484000.0     4166191.488873656     -12000.0     3000.0     88380000000.0     0.25 
486000.0     4166191.488873656     -12000.0     2900.0     83270000000.0     0.25 
488000.0     4166191.488873656     -12000.0     2900.0     81630000000.0     0.24 
490000.0     4166191.488873656     -12000.0     2900.0     84430000000.0     0.25 
492000.0     4166191.488873656     -12000.0     3000.0     89590000000.0     0.25 
494000.0     4166191.488873656     -12000.0     3000.0     90000000000.0     0.25 
496000.0     4166191.488873656     -12000.0     2900.0     85210000000.0     0.25 
498000.0     4166191.488873656     -12000.0     2900.0     83270000000.0     0.25 
500000.0     4166191.488873656     -12000.0     2900.0     80110000000.0     0.24 
502000.0     4166191.488873656     -12000.0     3000.0     93710000000.0     0.25 
504000.0     4166191.488873656     -12000.0     3000.0     98000000000.0     0.25 
506000.0     4166191.488873656     -12000.0     3100.0     98860000000.0     0.25 
508000.0     4166191.488873656     -12000.0     3000.0     95380000000.0     0.25 
510000.0     4166191.488873656     -12000.0     3000.0     93710000000.0     0.25 
512000.0     4166191.488873656     -12000.0     3000.0     87580000000.0     0.25 
514000.0     4166191.488873656     -12000.0     2800.0     70470000000.0     0.25 
516000.0     4166191.488873656     -12000.0     2900.0     82110000000.0     0.25 
518000.0     4166191.488873656     -12000.0     3100.0     100100000000.0     0.25 
524000.0     4166191.488873656     -12000.0     3000.0     89190000000.0     0.25 
476000.0     4168191.488873656     -12000.0     3000.0     90000000000.0     0.25 
482000.0     4168191.488873656     -12000.0     3000.0     87190000000.0     0.25 
484000.0     4168191.488873656     -12000.0     3000.0     87980000000.0     0.25 
486000.0     4168191.488873656     -12000.0     2900.0     84330000000.0     0.24 
488000.0     4168191.488873656     -12000.0     2900.0     85440000000.0     0.23 
490000.0     4168191.488873656     -12000.0     2900.0     82500000000.0     0.25 
492000.0     4168191.488873656     -12000.0     2900.0     79730000000.0     0.24 
494000.0     4168191.488873656     -12000.0     3100.0     97690000000.0     0.26 
496000.0     4168191.488873656     -12000.0     2800.0     73980000000.0     0.25 
498000.0     4168191.488873656     -12000.0     2800.0     71740000000.0     0.24 
500000.0     4168191.488873656     -12000.0     2900.0     78610000000.0     0.24 
502000.0     4168191.488873656     -12000.0     2900.0     85210000000.0     0.25 
504000.0     4168191.488873656     -12000.0     3000.0     95380000000.0     0.25 
506000.0     4168191.488873656     -12000.0     3000.0     95310000000.0     0.24 
508000.0     4168191.488873656     -12000.0     3100.0     99670000000.0     0.25 
510000.0     4168191.488873656     -12000.0     3000.0     96230000000.0     0.25 
512000.0     4168191.488873656     -12000.0     2900.0     84430000000.0     0.25 
514000.0     4168191.488873656     -12000.0     3000.0     87270000000.0     0.25 
516000.0     4168191.488873656     -12000.0     3000.0     87580000000.0     0.25 
518000.0     4168191.488873656     -12000.0     3000.0     90410000000.0     0.25 
524000.0     4168191.488873656     -12000.0     3000.0     89190000000.0     0.25 
476000.0     4170191.488873656     -12000.0     3000.0     87580000000.0     0.25 
482000.0     4170191.488873656     -12000.0     3000.0     87980000000.0     0.25 
484000.0     4170191.488873656     -12000.0     3000.0     87580000000.0     0.25 
486000.0     4170191.488873656     -12000.0     3000.0     87890000000.0     0.24 
488000.0     4170191.488873656     -12000.0     2800.0     71820000000.0     0.24 
490000.0     4170191.488873656     -12000.0     2800.0     70340000000.0     0.24 
492000.0     4170191.488873656     -12000.0     2900.0     80870000000.0     0.24 
494000.0     4170191.488873656     -12000.0     3300.0     126810000000.0     0.28 
496000.0     4170191.488873656     -12000.0     3200.0     119060000000.0     0.26 
498000.0     4170191.488873656     -12000.0     2800.0     81070000000.0     0.21 
500000.0     4170191.488873656     -12000.0     2900.0     80110000000.0     0.24 
502000.0     4170191.488873656     -12000.0     2900.0     85510000000.0     0.24 
504000.0     4170191.488873656     -12000.0     3000.0     90820000000.0     0.25 
506000.0     4170191.488873656     -12000.0     3000.0     93620000000.0     0.24 
508000.0     4170191.488873656     -12000.0     3000.0     92870000000.0     0.25 
510000.0     4170191.488873656     -12000.0     2900.0     86000000000.0     0.25 
512000.0     4170191.488873656     -12000.0     2900.0     79090000000.0     0.25 
514000.0     4170191.488873656     -12000.0     2900.0     86390000000.0     0.25 
516000.0     4170191.488873656     -12000.0     3000.0     89590000000.0     0.25 
518000.0     4170191.488873656     -12000.0     3000.0     90000000000.0     0.25 
524000.0     4170191.488873656     -12000.0     3000.0     89190000000.0     0.25 
476000.0     4172191.488873656     -12000.0     3000.0     88380000000.0     0.25 
482000.0     4172191.488873656     -12000.0     3000.0     87580000000.0     0.25 
484000.0     4172191.488873656     -12000.0     3000.0     89190000000.0     0.25 
486000.0     4172191.488873656     -12000.0     3100.0     98490000000.0     0.26 
488000.0     4172191.488873656     -12000.0     2800.0     68880000000.0     0.25 
490000.0     4172191.488873656     -12000.0     2800.0     71390000000.0     0.24 
492000.0     4172191.488873656     -12000.0     2900.0     79740000000.0     0.23 
494000.0     4172191.488873656     -12000.0     3100.0     100300000000.0     0.27 
496000.0     4172191.488873656     -12000.0     2900.0     81250000000.0     0.24 
498000.0     4172191.488873656     -12000.0     3000.0     91360000000.0     0.24 
500000.0     4172191.488873656     -12000.0     3000.0     89810000000.0     0.24 
502000.0     4172191.488873656     -12000.0     3000.0     92790000000.0     0.24 
504000.0     4172191.488873656     -12000.0     2900.0     84820000000.0     0.25 
506000.0     4172191.488873656     -12000.0     2900.0     86300000000.0     0.24 
508000.0     4172191.488873656     -12000.0     3000.0     91640000000.0     0.25 
510000.0     4172191.488873656     -12000.0     2900.0     80220000000.0     0.25 
512000.0     4172191.488873656     -12000.0     2800.0     67069999999.99999     0.25 
514000.0     4172191.488873656     -12000.0     2900.0     80970000000.0     0.25 
516000.0     4172191.488873656     -12000.0     2900.0     82500000000.0     0.25 
518000.0     4172191.488873656     -12000.0     2900.0     85600000000.0     0.25 
524000.0     4172191.488873656     -12000.0     3000.0     89190000000.0     0.25 
476000.0     4174191.488873656     -12000.0     3000.0     90000000000.0     0.25 
482000.0     4174191.488873656     -12000.0     2900.0     86000000000.0     0.25 
484000.0     4174191.488873656     -12000.0     3000.0     94680000000.0     0.26 
486000.0     4174191.488873656     -12000.0     3200.0     109170000000.0     0.26 
488000.0     4174191.488873656     -12000.0     3100.0     98590000000.0     0.27 
490000.0     4174191.488873656     -12000.0     3000.0     90630000000.0     0.26 
492000.0     4174191.488873656     -12000.0     3000.0     86480000000.0     0.25 
494000.0     4174191.488873656     -12000.0     3100.0     101520000000.0     0.26 
496000.0     4174191.488873656     -12000.0     3100.0     101040000000.0     0.25 
498000.0     4174191.488873656     -12000.0     3100.0     105470000000.0     0.25 
500000.0     4174191.488873656     -12000.0     3000.0     97440000000.0     0.24 
502000.0     4174191.488873656     -12000.0     3000.0     92050000000.0     0.25 
504000.0     4174191.488873656     -12000.0     2900.0     83830000000.0     0.24 
506000.0     4174191.488873656     -12000.0     2900.0     83550000000.0     0.24 
508000.0     4174191.488873656     -12000.0     3000.0     89410000000.0     0.24 
510000.0     4174191.488873656     -12000.0     2900.0     79470000000.0     0.25 
512000.0     4174191.488873656     -12000.0     2800.0     75060000000.0     0.25 
514000.0     4174191.488873656     -12000.0     3000.0     93710000000.0     0.25 
516000.0     4174191.488873656     -12000.0     3000.0     90820000000.0     0.25 
518000.0     4174191.488873656     -12000.0     3000.0     91220000000.0     0.25 
524000.0     4174191.488873656     -12000.0     3000.0     89190000000.0     0.25 
476000.0     4176191.488873656     -12000.0     3000.0     88790000000.0     0.25 
482000.0     4176191.488873656     -12000.0     3000.0     89590000000.0     0.25 
484000.0     4176191.488873656     -12000.0     3000.0     91300000000.0     0.25 
486000.0     4176191.488873656     -12000.0     2900.0     85700000000.0     0.25 
488000.0     4176191.488873656     -12000.0     3000.0     91790000000.0     0.26 
490000.0     4176191.488873656     -12000.0     3000.0     86170000000.0     0.26 
492000.0     4176191.488873656     -12000.0     2900.0     83750000000.0     0.25 
494000.0     4176191.488873656     -12000.0     3100.0     101470000000.0     0.25 
496000.0     4176191.488873656     -12000.0     3200.0     116650000000.0     0.26 
498000.0     4176191.488873656     -12000.0     3100.0     103760000000.0     0.26 
500000.0     4176191.488873656     -12000.0     3100.0     102240000000.0     0.24 
502000.0     4176191.488873656     -12000.0     3000.0     88700000000.0     0.24 
504000.0     4176191.488873656     -12000.0     3000.0     95730000000.0     0.24 
506000.0     4176191.488873656     -12000.0     3100.0     106280000000.0     0.24 
508000.0     4176191.488873656     -12000.0     3100.0     101860000000.0     0.25 
510000.0     4176191.488873656     -12000.0     3100.0     104080000000.0     0.25 
512000.0     4176191.488873656     -12000.0     3000.0     95940000000.0     0.26 
514000.0     4176191.488873656     -12000.0     3100.0     106410000000.0     0.26 
516000.0     4176191.488873656     -12000.0     3000.0     91220000000.0     0.25 
518000.0     4176191.488873656     -12000.0     3000.0     90000000000.0     0.25 
524000.0     4176191.488873656     -12000.0     3000.0     89190000000.0     0.25 
476000.0     4178191.488873656     -12000.0     2900.0     86790000000.0     0.25 
482000.0     4178191.488873656     -12000.0     3000.0     90820000000.0     0.25 
484000.0     4178191.488873656     -12000.0     3000.0     90000000000.0     0.25 
486000.0     4178191.488873656     -12000.0     2900.0     83840000000.0     0.26 
488000.0     4178191.488873656     -12000.0     2900.0     84140000000.0     0.25 
490000.0     4178191.488873656     -12000.0     2900.0     81630000000.0     0.24 
492000.0     4178191.488873656     -12000.0     3100.0     104780000000.0     0.24 
494000.0     4178191.488873656     -12000.0     2900.0     80590000000.0     0.25 
496000.0     4178191.488873656     -12000.0     2900.0     77090000000.0     0.26 
498000.0     4178191.488873656     -12000.0     3100.0     103360000000.0     0.27 
500000.0     4178191.488873656     -12000.0     3200.0     113320000000.0     0.26 
502000.0     4178191.488873656     -12000.0     3100.0     102350000000.0     0.25 
504000.0     4178191.488873656     -12000.0     2800.0     74580000000.0     0.24 
506000.0     4178191.488873656     -12000.0     2900.0     81650000000.0     0.23 
508000.0     4178191.488873656     -12000.0     2800.0     68970000000.0     0.24 
510000.0     4178191.488873656     -12000.0     2900.0     81630000000.0     0.24 
512000.0     4178191.488873656     -12000.0     3000.0     86960000000.0     0.26 
514000.0     4178191.488873656     -12000.0     3000.0     97580000000.0     0.25 
516000.0     4178191.488873656     -12000.0     3000.0     90820000000.0     0.25 
518000.0     4178191.488873656     -12000.0     3000.0     87190000000.0     0.25 
524000.0     4178191.488873656     -12000.0     3000.0     89190000000.0     0.25 
476000.0     4180191.488873656     -12000.0     3000.0     88380000000.0     0.25 
482000.0     4180191.488873656     -12000.0     3100.0     99350000000.0     0.26 
484000.0     4180191.488873656     -12000.0     3000.0     89190000000.0     0.25 
486000.0     4180191.488873656     -12000.0     2900.0     79240000000.0     0.24 
488000.0     4180191.488873656     -12000.0     2800.0     73630000000.0     0.25 
490000.0     4180191.488873656     -12000.0     2900.0     83360000000.0     0.25 
492000.0     4180191.488873656     -12000.0     2900.0     86790000000.0     0.25 
494000.0     4180191.488873656     -12000.0     2800.0     71740000000.0     0.24 
496000.0     4180191.488873656     -12000.0     2900.0     83650000000.0     0.25 
498000.0     4180191.488873656     -12000.0     2900.0     84520000000.0     0.25 
500000.0     4180191.488873656     -12000.0     3000.0     95460000000.0     0.25 
502000.0     4180191.488873656     -12000.0     3000.0     87270000000.0     0.25 
504000.0     4180191.488873656     -12000.0     2700.0     63640000000.0     0.24 
506000.0     4180191.488873656     -12000.0     2800.0     73150000000.0     0.24 
508000.0     4180191.488873656     -12000.0     3100.0     106920000000.0     0.27 
510000.0     4180191.488873656     -12000.0     3000.0     87360000000.0     0.26 
512000.0     4180191.488873656     -12000.0     2900.0     80040000000.0     0.26 
514000.0     4180191.488873656     -12000.0     2900.0     82310000000.0     0.26 
516000.0     4180191.488873656     -12000.0     2900.0     84820000000.0     0.25 
518000.0     4180191.488873656     -12000.0     2900.0     86390000000.0     0.25 
524000.0     4180191.488873656     -12000.0     3000.0     89590000000.0     0.25 
476000.0     4182191.488873656     -12000.0     3000.0     89190000000.0     0.25 
482000.0     4182191.488873656     -12000.0     3000.0     89190000000.0     0.25 
484000.0     4182191.488873656     -12000.0     2900.0     84430000000.0     0.25 
486000.0     4182191.488873656     -12000.0     2900.0     82780000000.0     0.24 
488000.0     4182191.488873656     -12000.0     2900.0     81400000000.0     0.24 
490000.0     4182191.488873656     -12000.0     2900.0     85010000000.0     0.24 
492000.0     4182191.488873656     -12000.0     3000.0     95100000000.0     0.26 
494000.0     4182191.488873656     -12000.0     3000.0     93210000000.0     0.24 
496000.0     4182191.488873656     -12000.0     2900.0     87390000000.0     0.24 
498000.0     4182191.488873656     -12000.0     2900.0     79090000000.0     0.25 
500000.0     4182191.488873656     -12000.0     2900.0     85110000000.0     0.24 
502000.0     4182191.488873656     -12000.0     2800.0     76030000000.0     0.24 
504000.0     4182191.488873656     -12000.0     2900.0     78350000000.0     0.25 
506000.0     4182191.488873656     -12000.0     2900.0     82980000000.0     0.25 
508000.0     4182191.488873656     -12000.0     3000.0     88870000000.0     0.25 
510000.0     4182191.488873656     -12000.0     2900.0     84140000000.0     0.25 
512000.0     4182191.488873656     -12000.0     2900.0     81730000000.0     0.25 
514000.0     4182191.488873656     -12000.0     3000.0     88150000000.0     0.26 
516000.0     4182191.488873656     -12000.0     2900.0     85700000000.0     0.25 
518000.0     4182191.488873656     -12000.0     2900.0     86390000000.0     0.25 
524000.0     4182191.488873656     -12000.0     3000.0     88790000000.0     0.25 
476000.0     4184191.488873656     -12000.0     3000.0     89190000000.0     0.25 
482000.0     4184191.488873656     -12000.0     3000.0     87580000000.0     0.25 
484000.0     4184191.488873656     -12000.0     2900.0     87090000000.0     0.24 
486000.0     4184191.488873656     -12000.0     3000.0     94540000000.0     0.25 
488000.0     4184191.488873656     -12000.0     3100.0     97640000000.0     0.26 
490000.0     4184191.488873656     -12000.0     3100.0     100600000000.0     0.25 
492000.0     4184191.488873656     -12000.0     3000.0     97940000000.0     0.25 
494000.0     4184191.488873656     -12000.0     3000.0     92050000000.0     0.25 
496000.0     4184191.488873656     -12000.0     2900.0     83270000000.0     0.25 
498000.0     4184191.488873656     -12000.0     3000.0     88950000000.0     0.26 
500000.0     4184191.488873656     -12000.0     2900.0     85300000000.0     0.25 
502000.0     4184191.488873656     -12000.0     3000.0     91300000000.0     0.25 
504000.0     4184191.488873656     -12000.0     3000.0     93020000000.0     0.26 
506000.0     4184191.488873656     -12000.0     2800.0     73030000000.0     0.25 
508000.0     4184191.488873656     -12000.0     2900.0     78450000000.0     0.25 
510000.0     4184191.488873656     -12000.0     2900.0     79470000000.0     0.25 
512000.0     4184191.488873656     -12000.0     2900.0     82880000000.0     0.25 
514000.0     4184191.488873656     -12000.0     2900.0     81450000000.0     0.25 
516000.0     4184191.488873656     -12000.0     3000.0     89680000000.0     0.25 
518000.0     4184191.488873656     -12000.0     3000.0     91710000000.0     0.25 
524000.0     4184191.488873656     -12000.0     3000.0     88380000000.0     0.25 
476000.0     4186191.488873656     -12000.0     3000.0     89190000000.0     0.25 
482000.0     4186191.488873656     -12000.0     3000.0     88790000000.0     0.25 
484000.0     4186191.488873656     -12000.0     3000.0     88790000000.0     0.25 
486000.0     4186191.488873656     -12000.0     3000.0     90820000000.0     0.25 
488000.0     4186191.488873656     -12000.0     3000.0     90560000000.0     0.26 
490000.0     4186191.488873656     -12000.0     3000.0     85550000000.0     0.27 
492000.0     4186191.488873656     -12000.0     2900.0     79360000000.0     0.24 
494000.0     4186191.488873656     -12000.0     3000.0     92730000000.0     0.27 
496000.0     4186191.488873656     -12000.0     2900.0     83540000000.0     0.26 
498000.0     4186191.488873656     -12000.0     3000.0     93200000000.0     0.27 
500000.0     4186191.488873656     -12000.0     3000.0     88690000000.0     0.27 
502000.0     4186191.488873656     -12000.0     2900.0     79760000000.0     0.26 
504000.0     4186191.488873656     -12000.0     3000.0     85470000000.0     0.26 
506000.0     4186191.488873656     -12000.0     2900.0     80700000000.0     0.25 
508000.0     4186191.488873656     -12000.0     2900.0     84820000000.0     0.25 
510000.0     4186191.488873656     -12000.0     2900.0     79570000000.0     0.25 
512000.0     4186191.488873656     -12000.0     3000.0     88470000000.0     0.25 
514000.0     4186191.488873656     -12000.0     2900.0     81830000000.0     0.25 
516000.0     4186191.488873656     -12000.0     2900.0     85000000000.0     0.26 
518000.0     4186191.488873656     -12000.0     3000.0     87670000000.0     0.25 
524000.0     4186191.488873656     -12000.0     3000.0     87580000000.0     0.25 
476000.0     4188191.488873656     -12000.0     3000.0     89190000000.0     0.25 
482000.0     4188191.488873656     -12000.0     3000.0     89190000000.0     0.25 
484000.0     4188191.488873656     -12000.0     3000.0     89190000000.0     0.25 
486000.0     4188191.488873656     -12000.0     3000.0     88790000000.0     0.25 
488000.0     4188191.488873656     -12000.0     3100.0     99670000000.0     0.25 
490000.0     4188191.488873656     -12000.0     3000.0     90000000000.0     0.25 
492000.0     4188191.488873656     -12000.0     3100.0     99440000000.0     0.27 
494000.0     4188191.488873656     -12000.0     3100.0     101600000000.0     0.27 
496000.0     4188191.488873656     -12000.0     2900.0     85300000000.0     0.25 
498000.0     4188191.488873656     -12000.0     2900.0     84140000000.0     0.25 
500000.0     4188191.488873656     -12000.0     2900.0     79940000000.0     0.25 
502000.0     4188191.488873656     -12000.0     3000.0     90700000000.0     0.27 
504000.0     4188191.488873656     -12000.0     2900.0     82690000000.0     0.26 
506000.0     4188191.488873656     -12000.0     2900.0     77870000000.0     0.24 
508000.0     4188191.488873656     -12000.0     2900.0     83360000000.0     0.25 
510000.0     4188191.488873656     -12000.0     3000.0     96580000000.0     0.24 
512000.0     4188191.488873656     -12000.0     3000.0     91710000000.0     0.25 
514000.0     4188191.488873656     -12000.0     3000.0     87190000000.0     0.25 
516000.0     4188191.488873656     -12000.0     2900.0     85900000000.0     0.24 
518000.0     4188191.488873656     -12000.0     2900.0     85210000000.0     0.25 
524000.0     4188191.488873656     -12000.0     3000.0     87980000000.0     0.25 
476000.0     4190191.488873656     -12000.0     3000.0     89190000000.0     0.25 
482000.0     4190191.488873656     -12000.0     3000.0     89190000000.0     0.25 
484000.0     4190191.488873656     -12000.0     3000.0     89190000000.0     0.25 
486000.0     4190191.488873656     -12000.0     3000.0     88790000000.0     0.25 
488000.0     4190191.488873656     -12000.0     3000.0     90410000000.0     0.25 
490000.0     4190191.488873656     -12000.0     3000.0     88790000000.0     0.25 
492000.0     4190191.488873656     -12000.0     3000.0     95520000000.0     0.26 
494000.0     4190191.488873656     -12000.0     3000.0     93360000000.0     0.25 
496000.0     4190191.488873656     -12000.0     2900.0     87490000000.0     0.24 
498000.0     4190191.488873656     -12000.0     3000.0     93210000000.0     0.24 
500000.0     4190191.488873656     -12000.0     3000.0     87360000000.0     0.26 
502000.0     4190191.488873656     -12000.0     2900.0     84310000000.0     0.26 
504000.0     4190191.488873656     -12000.0     2900.0     80110000000.0     0.24 
506000.0     4190191.488873656     -12000.0     2900.0     83940000000.0     0.24 
508000.0     4190191.488873656     -12000.0     3000.0     91710000000.0     0.25 
510000.0     4190191.488873656     -12000.0     2900.0     83270000000.0     0.25 
512000.0     4190191.488873656     -12000.0     3000.0     88870000000.0     0.25 
514000.0     4190191.488873656     -12000.0     3000.0     96160000000.0     0.24 
516000.0     4190191.488873656     -12000.0     3000.0     95380000000.0     0.25 
518000.0     4190191.488873656     -12000.0     3000.0     89190000000.0     0.25 
524000.0     4190191.488873656     -12000.0     3000.0     89190000000.0     0.25 
476000.0     4192191.488873656     -12000.0     3000.0     89190000000.0     0.25 
482000.0     4192191.488873656     -12000.0     3000.0     89190000000.0     0.25 
484000.0     4192191.488873656     -12000.0     3000.0     89190000000.0     0.25 
486000.0     4192191.488873656     -12000.0     3000.0     89190000000.0     0.25 
488000.0     4192191.488873656     -12000.0     3000.0     89190000000.0     0.25 
490000.0     4192191.488873656     -12000.0     3000.0     89590000000.0     0.25 
492000.0     4192191.488873656     -12000.0     3000.0     90410000000.0     0.25 
494000.0     4192191.488873656     -12000.0     3000.0     92460000000.0     0.25 
496000.0     4192191.488873656     -12000.0     3000.0     87980000000.0     0.25 
498000.0     4192191.488873656     -12000.0     3000.0     91220000000.0     0.25 
500000.0     4192191.488873656     -12000.0     3000.0     94260000000.0     0.26 
502000.0     4192191.488873656     -12000.0     3000.0     88150000000.0     0.26 
504000.0     4192191.488873656     -12000.0     2800.0     77380000000.0     0.24 
506000.0     4192191.488873656     -12000.0     2900.0     87970000000.0     0.23 
508000.0     4192191.488873656     -12000.0     3000.0     90320000000.0     0.24 
510000.0     4192191.488873656     -12000.0     2900.0     84430000000.0     0.25 
512000.0     4192191.488873656     -12000.0     3000.0     95810000000.0     0.25 
514000.0     4192191.488873656     -12000.0     3100.0     99230000000.0     0.25 
516000.0     4192191.488873656     -12000.0     2900.0     83650000000.0     0.25 
518000.0     4192191.488873656     -12000.0     3000.0     88790000000.0     0.25 
524000.0     4192191.488873656     -12000.0     3000.0     89190000000.0     0.25 
476000.0     4194191.488873656     -12000.0     3000.0     89190000000.0     0.25 
482000.0     4194191.488873656     -12000.0     3000.0     89190000000.0     0.25 
484000.0     4194191.488873656     -12000.0     3000.0     89190000000.0     0.25 
486000.0     4194191.488873656     -12000.0     3000.0     89190000000.0     0.25 
488000.0     4194191.488873656     -12000.0     3000.0     89190000000.0     0.25 
490000.0     4194191.488873656     -12000.0     3000.0     89590000000.0     0.25 
492000.0     4194191.488873656     -12000.0     3000.0     90000000000.0     0.25 
494000.0     4194191.488873656     -12000.0     3000.0     93710000000.0     0.25 
496000.0     4194191.488873656     -12000.0     3000.0     90000000000.0     0.25 
498000.0     4194191.488873656     -12000.0     3000.0     91640000000.0     0.25 
500000.0     4194191.488873656     -12000.0     3000.0     88380000000.0     0.25 
502000.0     4194191.488873656     -12000.0     3000.0     87980000000.0     0.25 
504000.0     4194191.488873656     -12000.0     2900.0     85110000000.0     0.24 
506000.0     4194191.488873656     -12000.0     2900.0     83270000000.0     0.25 
508000.0     4194191.488873656     -12000.0     2900.0     86000000000.0     0.25 
510000.0     4194191.488873656     -12000.0     2900.0     82110000000.0     0.25 
512000.0     4194191.488873656     -12000.0     2900.0     83650000000.0     0.25 
514000.0     4194191.488873656     -12000.0     3000.0     92870000000.0     0.25 
516000.0     4194191.488873656     -12000.0     2900.0     81930000000.0     0.26 
518000.0     4194191.488873656     -12000.0     2900.0     86090000000.0     0.25 
524000.0     4194191.488873656     -12000.0     3000.0     89190000000.0     0.25 
476000.0     4200191.488873656     -12000.0     3000.0     88380000000.0     0.25 
482000.0     4200191.488873656     -12000.0     3000.0     89190000000.0     0.25 
484000.0     4200191.488873656     -12000.0     3000.0     89190000000.0     0.25 
486000.0     4200191.488873656     -12000.0     3000.0     87580000000.0     0.25 
488000.0     4200191.488873656     -12000.0     2900.0     85300000000.0     0.25 
490000.0     4200191.488873656     -12000.0     3000.0     88070000000.0     0.25 
492000.0     4200191.488873656     -12000.0     3000.0     89680000000.0     0.25 
494000.0     4200191.488873656     -12000.0     3000.0     88790000000.0     0.25 
496000.0     4200191.488873656     -12000.0     3000.0     90410000000.0     0.25 
498000.0     4200191.488873656     -12000.0     3000.0     90410000000.0     0.25 
500000.0     4200191.488873656     -12000.0     3000.0     92460000000.0     0.25 
502000.0     4200191.488873656     -12000.0     3000.0     94540000000.0     0.25 
504000.0     4200191.488873656     -12000.0     3000.0     94040000000.0     0.24 
506000.0     4200191.488873656     -12000.0     3000.0     88380000000.0     0.25 
508000.0     4200191.488873656     -12000.0     2900.0     86390000000.0     0.25 
510000.0     4200191.488873656     -12000.0     3000.0     89190000000.0     0.25 
512000.0     4200191.488873656     -12000.0     2900.0     85700000000.0     0.25 
514000.0     4200191.488873656     -12000.0     2900.0     84700000000.0     0.26 
516000.0     4200191.488873656     -12000.0     3000.0     96580000000.0     0.24 
518000.0     4200191.488873656     -12000.0     3000.0     95220000000.0     0.24 
524000.0     4200191.488873656     -12000.0     2900.0     86790000000.0     0.25 
476000.0     4152191.488873656     -9000.0     2900.0     77610000000.0     0.25 
482000.0     4152191.488873656     -9000.0     2900.0     77610000000.0     0.25 
484000.0     4152191.488873656     -9000.0     2900.0     77610000000.0     0.25 
486000.0     4152191.488873656     -9000.0     2900.0     77610000000.0     0.25 
488000.0     4152191.488873656     -9000.0     2900.0     76870000000.0     0.25 
490000.0     4152191.488873656     -9000.0     2800.0     74700000000.0     0.25 
492000.0     4152191.488873656     -9000.0     2900.0     79090000000.0     0.25 
494000.0     4152191.488873656     -9000.0     2900.0     77980000000.0     0.25 
496000.0     4152191.488873656     -9000.0     2900.0     77610000000.0     0.25 
498000.0     4152191.488873656     -9000.0     2900.0     77610000000.0     0.25 
500000.0     4152191.488873656     -9000.0     2900.0     77610000000.0     0.25 
502000.0     4152191.488873656     -9000.0     2900.0     77610000000.0     0.25 
504000.0     4152191.488873656     -9000.0     2900.0     77610000000.0     0.25 
506000.0     4152191.488873656     -9000.0     2900.0     77610000000.0     0.25 
508000.0     4152191.488873656     -9000.0     2900.0     77610000000.0     0.25 
510000.0     4152191.488873656     -9000.0     2900.0     77610000000.0     0.25 
512000.0     4152191.488873656     -9000.0     2900.0     77610000000.0     0.25 
514000.0     4152191.488873656     -9000.0     2900.0     77610000000.0     0.25 
516000.0     4152191.488873656     -9000.0     2900.0     77610000000.0     0.25 
518000.0     4152191.488873656     -9000.0     2900.0     77610000000.0     0.25 
524000.0     4152191.488873656     -9000.0     2900.0     77610000000.0     0.25 
476000.0     4158191.488873656     -9000.0     2900.0     77610000000.0     0.25 
482000.0     4158191.488873656     -9000.0     2900.0     77610000000.0     0.25 
484000.0     4158191.488873656     -9000.0     2900.0     77610000000.0     0.25 
486000.0     4158191.488873656     -9000.0     2900.0     77610000000.0     0.25 
488000.0     4158191.488873656     -9000.0     2900.0     77610000000.0     0.25 
490000.0     4158191.488873656     -9000.0     2900.0     78350000000.0     0.25 
492000.0     4158191.488873656     -9000.0     2900.0     78720000000.0     0.25 
494000.0     4158191.488873656     -9000.0     2900.0     76870000000.0     0.25 
496000.0     4158191.488873656     -9000.0     2900.0     77240000000.0     0.25 
498000.0     4158191.488873656     -9000.0     2900.0     77610000000.0     0.25 
500000.0     4158191.488873656     -9000.0     2900.0     78350000000.0     0.25 
502000.0     4158191.488873656     -9000.0     2900.0     79470000000.0     0.25 
504000.0     4158191.488873656     -9000.0     2900.0     78350000000.0     0.25 
506000.0     4158191.488873656     -9000.0     2900.0     77980000000.0     0.25 
508000.0     4158191.488873656     -9000.0     2900.0     78450000000.0     0.25 
510000.0     4158191.488873656     -9000.0     2900.0     77610000000.0     0.25 
512000.0     4158191.488873656     -9000.0     2900.0     77610000000.0     0.25 
514000.0     4158191.488873656     -9000.0     2900.0     77610000000.0     0.25 
516000.0     4158191.488873656     -9000.0     2900.0     77610000000.0     0.25 
518000.0     4158191.488873656     -9000.0     2900.0     77610000000.0     0.25 
524000.0     4158191.488873656     -9000.0     2900.0     77610000000.0     0.25 
476000.0     4160191.488873656     -9000.0     2900.0     77240000000.0     0.25 
482000.0     4160191.488873656     -9000.0     2900.0     77610000000.0     0.25 
484000.0     4160191.488873656     -9000.0     2900.0     77610000000.0     0.25 
486000.0     4160191.488873656     -9000.0     2900.0     77610000000.0     0.25 
488000.0     4160191.488873656     -9000.0     2900.0     77610000000.0     0.25 
490000.0     4160191.488873656     -9000.0     2900.0     78720000000.0     0.25 
492000.0     4160191.488873656     -9000.0     2900.0     77610000000.0     0.25 
494000.0     4160191.488873656     -9000.0     2900.0     76510000000.0     0.25 
496000.0     4160191.488873656     -9000.0     2900.0     78720000000.0     0.25 
498000.0     4160191.488873656     -9000.0     2900.0     77980000000.0     0.25 
500000.0     4160191.488873656     -9000.0     2900.0     79840000000.0     0.25 
502000.0     4160191.488873656     -9000.0     2900.0     82880000000.0     0.25 
504000.0     4160191.488873656     -9000.0     2900.0     77240000000.0     0.25 
506000.0     4160191.488873656     -9000.0     2900.0     76510000000.0     0.25 
508000.0     4160191.488873656     -9000.0     2900.0     81730000000.0     0.25 
510000.0     4160191.488873656     -9000.0     2900.0     79090000000.0     0.25 
512000.0     4160191.488873656     -9000.0     2900.0     77240000000.0     0.25 
514000.0     4160191.488873656     -9000.0     2900.0     77610000000.0     0.25 
516000.0     4160191.488873656     -9000.0     2900.0     77610000000.0     0.25 
518000.0     4160191.488873656     -9000.0     2900.0     77610000000.0     0.25 
524000.0     4160191.488873656     -9000.0     2900.0     77610000000.0     0.25 
476000.0     4162191.488873656     -9000.0     2900.0     77240000000.0     0.25 
482000.0     4162191.488873656     -9000.0     2900.0     77610000000.0     0.25 
484000.0     4162191.488873656     -9000.0     2900.0     77610000000.0     0.25 
486000.0     4162191.488873656     -9000.0     2900.0     79470000000.0     0.25 
488000.0     4162191.488873656     -9000.0     2900.0     78350000000.0     0.25 
490000.0     4162191.488873656     -9000.0     2900.0     77610000000.0     0.25 
492000.0     4162191.488873656     -9000.0     2800.0     76140000000.0     0.25 
494000.0     4162191.488873656     -9000.0     2900.0     79940000000.0     0.25 
496000.0     4162191.488873656     -9000.0     2900.0     86390000000.0     0.25 
498000.0     4162191.488873656     -9000.0     2900.0     84040000000.0     0.25 
500000.0     4162191.488873656     -9000.0     2900.0     77980000000.0     0.25 
502000.0     4162191.488873656     -9000.0     2900.0     79200000000.0     0.25 
504000.0     4162191.488873656     -9000.0     2900.0     77350000000.0     0.25 
506000.0     4162191.488873656     -9000.0     2900.0     75890000000.0     0.25 
508000.0     4162191.488873656     -9000.0     2900.0     77980000000.0     0.25 
510000.0     4162191.488873656     -9000.0     2900.0     82110000000.0     0.25 
512000.0     4162191.488873656     -9000.0     2900.0     76870000000.0     0.25 
514000.0     4162191.488873656     -9000.0     2900.0     77610000000.0     0.25 
516000.0     4162191.488873656     -9000.0     2900.0     77610000000.0     0.25 
518000.0     4162191.488873656     -9000.0     2900.0     77610000000.0     0.25 
524000.0     4162191.488873656     -9000.0     2900.0     77610000000.0     0.25 
476000.0     4164191.488873656     -9000.0     2900.0     78720000000.0     0.25 
482000.0     4164191.488873656     -9000.0     2800.0     76140000000.0     0.25 
484000.0     4164191.488873656     -9000.0     2800.0     76140000000.0     0.25 
486000.0     4164191.488873656     -9000.0     2800.0     75420000000.0     0.25 
488000.0     4164191.488873656     -9000.0     2800.0     72560000000.0     0.25 
490000.0     4164191.488873656     -9000.0     2800.0     75780000000.0     0.25 
492000.0     4164191.488873656     -9000.0     2800.0     75780000000.0     0.25 
494000.0     4164191.488873656     -9000.0     2800.0     74810000000.0     0.25 
496000.0     4164191.488873656     -9000.0     2900.0     76250000000.0     0.25 
498000.0     4164191.488873656     -9000.0     2800.0     72560000000.0     0.25 
500000.0     4164191.488873656     -9000.0     2800.0     75780000000.0     0.25 
502000.0     4164191.488873656     -9000.0     2800.0     74700000000.0     0.25 
504000.0     4164191.488873656     -9000.0     2900.0     76870000000.0     0.25 
506000.0     4164191.488873656     -9000.0     2800.0     74700000000.0     0.25 
508000.0     4164191.488873656     -9000.0     2800.0     71860000000.0     0.25 
510000.0     4164191.488873656     -9000.0     2900.0     86390000000.0     0.25 
512000.0     4164191.488873656     -9000.0     2900.0     77610000000.0     0.25 
514000.0     4164191.488873656     -9000.0     2800.0     74700000000.0     0.25 
516000.0     4164191.488873656     -9000.0     2900.0     81350000000.0     0.25 
518000.0     4164191.488873656     -9000.0     2900.0     77610000000.0     0.25 
524000.0     4164191.488873656     -9000.0     2900.0     77610000000.0     0.25 
476000.0     4166191.488873656     -9000.0     2900.0     79840000000.0     0.25 
482000.0     4166191.488873656     -9000.0     2800.0     75780000000.0     0.25 
484000.0     4166191.488873656     -9000.0     2800.0     75420000000.0     0.25 
486000.0     4166191.488873656     -9000.0     2800.0     71160000000.0     0.25 
488000.0     4166191.488873656     -9000.0     2700.0     66349999999.99999     0.23 
490000.0     4166191.488873656     -9000.0     2800.0     68410000000.0     0.25 
492000.0     4166191.488873656     -9000.0     3000.0     88950000000.0     0.26 
494000.0     4166191.488873656     -9000.0     3100.0     100650000000.0     0.26 
496000.0     4166191.488873656     -9000.0     2800.0     73270000000.0     0.25 
498000.0     4166191.488873656     -9000.0     2600.0     54380000000.0     0.24 
500000.0     4166191.488873656     -9000.0     2700.0     63640000000.0     0.24 
502000.0     4166191.488873656     -9000.0     2900.0     79730000000.0     0.24 
504000.0     4166191.488873656     -9000.0     2800.0     74340000000.0     0.25 
506000.0     4166191.488873656     -9000.0     2800.0     72680000000.0     0.25 
508000.0     4166191.488873656     -9000.0     2900.0     84520000000.0     0.25 
510000.0     4166191.488873656     -9000.0     2900.0     82500000000.0     0.25 
512000.0     4166191.488873656     -9000.0     2800.0     76140000000.0     0.25 
514000.0     4166191.488873656     -9000.0     2700.0     61080000000.0     0.24 
516000.0     4166191.488873656     -9000.0     3000.0     92050000000.0     0.25 
518000.0     4166191.488873656     -9000.0     3000.0     95380000000.0     0.25 
524000.0     4166191.488873656     -9000.0     2900.0     77610000000.0     0.25 
476000.0     4168191.488873656     -9000.0     2800.0     75060000000.0     0.25 
482000.0     4168191.488873656     -9000.0     2800.0     76140000000.0     0.25 
484000.0     4168191.488873656     -9000.0     2900.0     77240000000.0     0.25 
486000.0     4168191.488873656     -9000.0     2800.0     70470000000.0     0.25 
488000.0     4168191.488873656     -9000.0     2700.0     66319999999.99999     0.24 
490000.0     4168191.488873656     -9000.0     2700.0     65739999999.99999     0.25 
492000.0     4168191.488873656     -9000.0     2800.0     73740000000.0     0.25 
494000.0     4168191.488873656     -9000.0     3200.0     113750000000.0     0.25 
496000.0     4168191.488873656     -9000.0     2700.0     58590000000.0     0.24 
498000.0     4168191.488873656     -9000.0     2600.0     50800000000.0     0.24 
500000.0     4168191.488873656     -9000.0     2700.0     59680000000.0     0.24 
502000.0     4168191.488873656     -9000.0     2800.0     75420000000.0     0.25 
504000.0     4168191.488873656     -9000.0     3000.0     86650000000.0     0.26 
506000.0     4168191.488873656     -9000.0     3000.0     86170000000.0     0.26 
508000.0     4168191.488873656     -9000.0     3000.0     93780000000.0     0.25 
510000.0     4168191.488873656     -9000.0     2800.0     69900000000.0     0.25 
512000.0     4168191.488873656     -9000.0     2700.0     64750000000.0     0.25 
514000.0     4168191.488873656     -9000.0     2700.0     61350000000.0     0.25 
516000.0     4168191.488873656     -9000.0     2900.0     76250000000.0     0.25 
518000.0     4168191.488873656     -9000.0     2900.0     83650000000.0     0.25 
524000.0     4168191.488873656     -9000.0     2900.0     77610000000.0     0.25 
476000.0     4170191.488873656     -9000.0     2900.0     77980000000.0     0.25 
482000.0     4170191.488873656     -9000.0     2900.0     77610000000.0     0.25 
484000.0     4170191.488873656     -9000.0     2900.0     77240000000.0     0.25 
486000.0     4170191.488873656     -9000.0     2800.0     73630000000.0     0.25 
488000.0     4170191.488873656     -9000.0     2800.0     69180000000.0     0.24 
490000.0     4170191.488873656     -9000.0     2600.0     54240000000.0     0.24 
492000.0     4170191.488873656     -9000.0     2700.0     65599999999.99999     0.24 
494000.0     4170191.488873656     -9000.0     2700.0     61910000000.0     0.23 
496000.0     4170191.488873656     -9000.0     2700.0     62810000000.0     0.25 
498000.0     4170191.488873656     -9000.0     2900.0     89480000000.0     0.23 
500000.0     4170191.488873656     -9000.0     2800.0     74040000000.0     0.23 
502000.0     4170191.488873656     -9000.0     2800.0     70910000000.0     0.24 
504000.0     4170191.488873656     -9000.0     2900.0     86000000000.0     0.25 
506000.0     4170191.488873656     -9000.0     2800.0     76030000000.0     0.24 
508000.0     4170191.488873656     -9000.0     2700.0     62490000000.0     0.25 
510000.0     4170191.488873656     -9000.0     2700.0     57950000000.0     0.25 
512000.0     4170191.488873656     -9000.0     2700.0     62620000000.0     0.25 
514000.0     4170191.488873656     -9000.0     2800.0     71050000000.0     0.26 
516000.0     4170191.488873656     -9000.0     2900.0     80590000000.0     0.25 
518000.0     4170191.488873656     -9000.0     2900.0     77980000000.0     0.25 
524000.0     4170191.488873656     -9000.0     2900.0     77610000000.0     0.25 
476000.0     4172191.488873656     -9000.0     2900.0     78720000000.0     0.25 
482000.0     4172191.488873656     -9000.0     2900.0     77610000000.0     0.25 
484000.0     4172191.488873656     -9000.0     2900.0     76510000000.0     0.25 
486000.0     4172191.488873656     -9000.0     2900.0     79200000000.0     0.25 
488000.0     4172191.488873656     -9000.0     2700.0     65410000000.0     0.25 
490000.0     4172191.488873656     -9000.0     2700.0     60930000000.0     0.24 
492000.0     4172191.488873656     -9000.0     2900.0     77870000000.0     0.24 
494000.0     4172191.488873656     -9000.0     2700.0     61390000000.0     0.24 
496000.0     4172191.488873656     -9000.0     2800.0     70910000000.0     0.24 
498000.0     4172191.488873656     -9000.0     3300.0     129050000000.00002     0.26 
500000.0     4172191.488873656     -9000.0     3000.0     102000000000.0     0.23 
502000.0     4172191.488873656     -9000.0     2900.0     86190000000.0     0.24 
504000.0     4172191.488873656     -9000.0     2900.0     78980000000.0     0.24 
506000.0     4172191.488873656     -9000.0     2800.0     74320000000.0     0.24 
508000.0     4172191.488873656     -9000.0     2700.0     64099999999.99999     0.25 
510000.0     4172191.488873656     -9000.0     2800.0     67400000000.00001     0.25 
512000.0     4172191.488873656     -9000.0     2700.0     61850000000.0     0.25 
514000.0     4172191.488873656     -9000.0     2800.0     72560000000.0     0.25 
516000.0     4172191.488873656     -9000.0     2900.0     76510000000.0     0.25 
518000.0     4172191.488873656     -9000.0     2800.0     75420000000.0     0.25 
524000.0     4172191.488873656     -9000.0     2900.0     77610000000.0     0.25 
476000.0     4174191.488873656     -9000.0     2900.0     77240000000.0     0.25 
482000.0     4174191.488873656     -9000.0     2800.0     73980000000.0     0.25 
484000.0     4174191.488873656     -9000.0     3000.0     86570000000.0     0.26 
486000.0     4174191.488873656     -9000.0     3000.0     96360000000.0     0.26 
488000.0     4174191.488873656     -9000.0     2900.0     77550000000.0     0.26 
490000.0     4174191.488873656     -9000.0     3000.0     93360000000.0     0.25 
492000.0     4174191.488873656     -9000.0     3000.0     90560000000.0     0.26 
494000.0     4174191.488873656     -9000.0     2700.0     56840000000.0     0.27 
496000.0     4174191.488873656     -9000.0     2800.0     74200000000.0     0.26 
498000.0     4174191.488873656     -9000.0     3200.0     113790000000.0     0.26 
500000.0     4174191.488873656     -9000.0     3200.0     118570000000.0     0.25 
502000.0     4174191.488873656     -9000.0     3100.0     104470000000.0     0.24 
504000.0     4174191.488873656     -9000.0     2800.0     75780000000.0     0.24 
506000.0     4174191.488873656     -9000.0     2900.0     88900000000.0     0.24 
508000.0     4174191.488873656     -9000.0     2900.0     78610000000.0     0.24 
510000.0     4174191.488873656     -9000.0     2800.0     66190000000.0     0.25 
512000.0     4174191.488873656     -9000.0     2900.0     78720000000.0     0.25 
514000.0     4174191.488873656     -9000.0     2900.0     78720000000.0     0.25 
516000.0     4174191.488873656     -9000.0     2800.0     69090000000.0     0.25 
518000.0     4174191.488873656     -9000.0     2900.0     76870000000.0     0.25 
524000.0     4174191.488873656     -9000.0     2900.0     77610000000.0     0.25 
476000.0     4176191.488873656     -9000.0     2800.0     75060000000.0     0.25 
482000.0     4176191.488873656     -9000.0     2900.0     76870000000.0     0.25 
484000.0     4176191.488873656     -9000.0     2900.0     81640000000.0     0.26 
486000.0     4176191.488873656     -9000.0     2900.0     76550000000.0     0.27 
488000.0     4176191.488873656     -9000.0     3000.0     91510000000.0     0.27 
490000.0     4176191.488873656     -9000.0     3000.0     87900000000.0     0.27 
492000.0     4176191.488873656     -9000.0     2700.0     59040000000.0     0.25 
494000.0     4176191.488873656     -9000.0     2800.0     69650000000.0     0.24 
496000.0     4176191.488873656     -9000.0     2900.0     76980000000.0     0.25 
498000.0     4176191.488873656     -9000.0     3100.0     103730000000.0     0.26 
500000.0     4176191.488873656     -9000.0     3200.0     114280000000.0     0.26 
502000.0     4176191.488873656     -9000.0     3200.0     118070000000.0     0.25 
504000.0     4176191.488873656     -9000.0     3200.0     128039999999.99998     0.24 
506000.0     4176191.488873656     -9000.0     2900.0     78490000000.0     0.24 
508000.0     4176191.488873656     -9000.0     2700.0     63710000000.0     0.26 
510000.0     4176191.488873656     -9000.0     2800.0     74310000000.0     0.26 
512000.0     4176191.488873656     -9000.0     3000.0     85160000000.0     0.27 
514000.0     4176191.488873656     -9000.0     2900.0     81720000000.0     0.27 
516000.0     4176191.488873656     -9000.0     2800.0     71510000000.0     0.25 
518000.0     4176191.488873656     -9000.0     2900.0     77240000000.0     0.25 
524000.0     4176191.488873656     -9000.0     2900.0     77240000000.0     0.25 
476000.0     4178191.488873656     -9000.0     2900.0     76510000000.0     0.25 
482000.0     4178191.488873656     -9000.0     2900.0     84520000000.0     0.25 
484000.0     4178191.488873656     -9000.0     2900.0     76870000000.0     0.25 
486000.0     4178191.488873656     -9000.0     2800.0     69900000000.0     0.25 
488000.0     4178191.488873656     -9000.0     2900.0     84040000000.0     0.25 
490000.0     4178191.488873656     -9000.0     2900.0     79240000000.0     0.24 
492000.0     4178191.488873656     -9000.0     2800.0     78700000000.0     0.22 
494000.0     4178191.488873656     -9000.0     2800.0     67069999999.99999     0.25 
496000.0     4178191.488873656     -9000.0     2700.0     59040000000.0     0.25 
498000.0     4178191.488873656     -9000.0     2900.0     83160000000.0     0.24 
500000.0     4178191.488873656     -9000.0     2900.0     86390000000.0     0.25 
502000.0     4178191.488873656     -9000.0     2900.0     79840000000.0     0.25 
504000.0     4178191.488873656     -9000.0     2800.0     72210000000.0     0.25 
506000.0     4178191.488873656     -9000.0     2600.0     55860000000.0     0.24 
508000.0     4178191.488873656     -9000.0     2600.0     51240000000.0     0.24 
510000.0     4178191.488873656     -9000.0     2700.0     63190000000.0     0.26 
512000.0     4178191.488873656     -9000.0     2700.0     60360000000.0     0.26 
514000.0     4178191.488873656     -9000.0     2800.0     72900000000.0     0.26 
516000.0     4178191.488873656     -9000.0     2900.0     75640000000.0     0.26 
518000.0     4178191.488873656     -9000.0     2900.0     76510000000.0     0.25 
524000.0     4178191.488873656     -9000.0     2900.0     77610000000.0     0.25 
476000.0     4180191.488873656     -9000.0     2900.0     77610000000.0     0.25 
482000.0     4180191.488873656     -9000.0     2900.0     85700000000.0     0.25 
484000.0     4180191.488873656     -9000.0     2800.0     75170000000.0     0.25 
486000.0     4180191.488873656     -9000.0     2700.0     64800000000.0     0.24 
488000.0     4180191.488873656     -9000.0     2700.0     66069999999.99999     0.25 
490000.0     4180191.488873656     -9000.0     2900.0     75890000000.0     0.25 
492000.0     4180191.488873656     -9000.0     2800.0     74940000000.0     0.24 
494000.0     4180191.488873656     -9000.0     2700.0     66069999999.99999     0.25 
496000.0     4180191.488873656     -9000.0     2800.0     67530000000.0     0.25 
498000.0     4180191.488873656     -9000.0     2900.0     76510000000.0     0.25 
500000.0     4180191.488873656     -9000.0     2800.0     71860000000.0     0.25 
502000.0     4180191.488873656     -9000.0     2800.0     71630000000.0     0.25 
504000.0     4180191.488873656     -9000.0     2600.0     56910000000.0     0.25 
506000.0     4180191.488873656     -9000.0     2500.0     48630000000.0     0.25 
508000.0     4180191.488873656     -9000.0     2700.0     63770000000.0     0.25 
510000.0     4180191.488873656     -9000.0     2700.0     61100000000.0     0.27 
512000.0     4180191.488873656     -9000.0     2800.0     70810000000.0     0.26 
514000.0     4180191.488873656     -9000.0     2900.0     83160000000.0     0.24 
516000.0     4180191.488873656     -9000.0     2800.0     67310000000.0     0.26 
518000.0     4180191.488873656     -9000.0     2800.0     74340000000.0     0.25 
524000.0     4180191.488873656     -9000.0     2900.0     77610000000.0     0.25 
476000.0     4182191.488873656     -9000.0     2900.0     77610000000.0     0.25 
482000.0     4182191.488873656     -9000.0     2900.0     78350000000.0     0.25 
484000.0     4182191.488873656     -9000.0     2900.0     77610000000.0     0.25 
486000.0     4182191.488873656     -9000.0     2900.0     81070000000.0     0.25 
488000.0     4182191.488873656     -9000.0     2800.0     68970000000.0     0.24 
490000.0     4182191.488873656     -9000.0     2800.0     72550000000.0     0.26 
492000.0     4182191.488873656     -9000.0     2800.0     74310000000.0     0.26 
494000.0     4182191.488873656     -9000.0     2900.0     78720000000.0     0.25 
496000.0     4182191.488873656     -9000.0     2800.0     72310000000.0     0.24 
498000.0     4182191.488873656     -9000.0     2700.0     62940000000.0     0.25 
500000.0     4182191.488873656     -9000.0     2800.0     74340000000.0     0.25 
502000.0     4182191.488873656     -9000.0     2700.0     66930000000.00001     0.24 
504000.0     4182191.488873656     -9000.0     2800.0     66190000000.0     0.25 
506000.0     4182191.488873656     -9000.0     2800.0     67069999999.99999     0.25 
508000.0     4182191.488873656     -9000.0     2800.0     73700000000.0     0.27 
510000.0     4182191.488873656     -9000.0     2900.0     73890000000.0     0.27 
512000.0     4182191.488873656     -9000.0     2800.0     70190000000.0     0.28 
514000.0     4182191.488873656     -9000.0     2900.0     80970000000.0     0.27 
516000.0     4182191.488873656     -9000.0     2800.0     71980000000.0     0.25 
518000.0     4182191.488873656     -9000.0     2900.0     78350000000.0     0.25 
524000.0     4182191.488873656     -9000.0     2900.0     77240000000.0     0.25 
476000.0     4184191.488873656     -9000.0     2900.0     77610000000.0     0.25 
482000.0     4184191.488873656     -9000.0     2900.0     77610000000.0     0.25 
484000.0     4184191.488873656     -9000.0     2800.0     75780000000.0     0.25 
486000.0     4184191.488873656     -9000.0     2900.0     76870000000.0     0.25 
488000.0     4184191.488873656     -9000.0     2900.0     79090000000.0     0.25 
490000.0     4184191.488873656     -9000.0     2900.0     87090000000.0     0.24 
492000.0     4184191.488873656     -9000.0     2900.0     83360000000.0     0.25 
494000.0     4184191.488873656     -9000.0     2900.0     78560000000.0     0.26 
496000.0     4184191.488873656     -9000.0     2800.0     70690000000.0     0.24 
498000.0     4184191.488873656     -9000.0     2900.0     75570000000.0     0.27 
500000.0     4184191.488873656     -9000.0     2800.0     73980000000.0     0.25 
502000.0     4184191.488873656     -9000.0     2900.0     76000000000.0     0.26 
504000.0     4184191.488873656     -9000.0     2900.0     82100000000.0     0.27 
506000.0     4184191.488873656     -9000.0     2800.0     70360000000.0     0.26 
508000.0     4184191.488873656     -9000.0     2900.0     79570000000.0     0.25 
510000.0     4184191.488873656     -9000.0     2800.0     70020000000.0     0.26 
512000.0     4184191.488873656     -9000.0     2700.0     61040000000.0     0.25 
514000.0     4184191.488873656     -9000.0     2800.0     70930000000.0     0.25 
516000.0     4184191.488873656     -9000.0     2900.0     79570000000.0     0.25 
518000.0     4184191.488873656     -9000.0     2900.0     79470000000.0     0.25 
524000.0     4184191.488873656     -9000.0     2900.0     77610000000.0     0.25 
476000.0     4186191.488873656     -9000.0     2900.0     77610000000.0     0.25 
482000.0     4186191.488873656     -9000.0     2900.0     77610000000.0     0.25 
484000.0     4186191.488873656     -9000.0     2800.0     76760000000.0     0.24 
486000.0     4186191.488873656     -9000.0     2900.0     77610000000.0     0.25 
488000.0     4186191.488873656     -9000.0     2900.0     83070000000.0     0.26 
490000.0     4186191.488873656     -9000.0     2800.0     68209999999.99999     0.27 
492000.0     4186191.488873656     -9000.0     2800.0     68650000000.00001     0.26 
494000.0     4186191.488873656     -9000.0     2900.0     76550000000.0     0.27 
496000.0     4186191.488873656     -9000.0     2700.0     64230000000.00001     0.25 
498000.0     4186191.488873656     -9000.0     3000.0     85550000000.0     0.27 
500000.0     4186191.488873656     -9000.0     2900.0     85000000000.0     0.26 
502000.0     4186191.488873656     -9000.0     2900.0     80130000000.0     0.26 
504000.0     4186191.488873656     -9000.0     2900.0     76460000000.0     0.26 
506000.0     4186191.488873656     -9000.0     2800.0     72440000000.0     0.26 
508000.0     4186191.488873656     -9000.0     2800.0     75530000000.0     0.25 
510000.0     4186191.488873656     -9000.0     2800.0     67980000000.00001     0.26 
512000.0     4186191.488873656     -9000.0     2800.0     69560000000.0     0.25 
514000.0     4186191.488873656     -9000.0     2900.0     80320000000.0     0.25 
516000.0     4186191.488873656     -9000.0     2900.0     76100000000.0     0.26 
518000.0     4186191.488873656     -9000.0     2800.0     74100000000.0     0.25 
524000.0     4186191.488873656     -9000.0     2900.0     77610000000.0     0.25 
476000.0     4188191.488873656     -9000.0     2900.0     77610000000.0     0.25 
482000.0     4188191.488873656     -9000.0     2900.0     77610000000.0     0.25 
484000.0     4188191.488873656     -9000.0     2900.0     77610000000.0     0.25 
486000.0     4188191.488873656     -9000.0     2900.0     76870000000.0     0.25 
488000.0     4188191.488873656     -9000.0     2900.0     84820000000.0     0.25 
490000.0     4188191.488873656     -9000.0     2900.0     79470000000.0     0.25 
492000.0     4188191.488873656     -9000.0     3000.0     85360000000.0     0.28 
494000.0     4188191.488873656     -9000.0     2800.0     67540000000.00001     0.27 
496000.0     4188191.488873656     -9000.0     2800.0     70360000000.0     0.26 
498000.0     4188191.488873656     -9000.0     2800.0     67760000000.00001     0.26 
500000.0     4188191.488873656     -9000.0     2800.0     69110000000.0     0.26 
502000.0     4188191.488873656     -9000.0     2900.0     75030000000.0     0.28 
504000.0     4188191.488873656     -9000.0     2800.0     68880000000.0     0.25 
506000.0     4188191.488873656     -9000.0     2800.0     70340000000.0     0.24 
508000.0     4188191.488873656     -9000.0     2800.0     68830000000.0     0.24 
510000.0     4188191.488873656     -9000.0     2900.0     77610000000.0     0.25 
512000.0     4188191.488873656     -9000.0     2900.0     79200000000.0     0.25 
514000.0     4188191.488873656     -9000.0     2900.0     79360000000.0     0.24 
516000.0     4188191.488873656     -9000.0     2900.0     82390000000.0     0.24 
518000.0     4188191.488873656     -9000.0     2800.0     74700000000.0     0.25 
524000.0     4188191.488873656     -9000.0     2900.0     77240000000.0     0.25 
476000.0     4190191.488873656     -9000.0     2900.0     77610000000.0     0.25 
482000.0     4190191.488873656     -9000.0     2900.0     77610000000.0     0.25 
484000.0     4190191.488873656     -9000.0     2900.0     77610000000.0     0.25 
486000.0     4190191.488873656     -9000.0     2900.0     77610000000.0     0.25 
488000.0     4190191.488873656     -9000.0     2900.0     77980000000.0     0.25 
490000.0     4190191.488873656     -9000.0     2900.0     76510000000.0     0.25 
492000.0     4190191.488873656     -9000.0     3000.0     91920000000.0     0.27 
494000.0     4190191.488873656     -9000.0     2900.0     80700000000.0     0.25 
496000.0     4190191.488873656     -9000.0     2900.0     83840000000.0     0.26 
498000.0     4190191.488873656     -9000.0     2900.0     83450000000.0     0.26 
500000.0     4190191.488873656     -9000.0     2900.0     81640000000.0     0.26 
502000.0     4190191.488873656     -9000.0     3000.0     87180000000.0     0.27 
504000.0     4190191.488873656     -9000.0     2900.0     82780000000.0     0.24 
506000.0     4190191.488873656     -9000.0     2800.0     74100000000.0     0.24 
508000.0     4190191.488873656     -9000.0     2800.0     73500000000.0     0.24 
510000.0     4190191.488873656     -9000.0     2800.0     75060000000.0     0.25 
512000.0     4190191.488873656     -9000.0     2900.0     82980000000.0     0.25 
514000.0     4190191.488873656     -9000.0     2900.0     82600000000.0     0.25 
516000.0     4190191.488873656     -9000.0     2900.0     78450000000.0     0.25 
518000.0     4190191.488873656     -9000.0     2900.0     76870000000.0     0.25 
524000.0     4190191.488873656     -9000.0     2800.0     76140000000.0     0.25 
476000.0     4192191.488873656     -9000.0     2900.0     77610000000.0     0.25 
482000.0     4192191.488873656     -9000.0     2900.0     77610000000.0     0.25 
484000.0     4192191.488873656     -9000.0     2900.0     77610000000.0     0.25 
486000.0     4192191.488873656     -9000.0     2900.0     77610000000.0     0.25 
488000.0     4192191.488873656     -9000.0     2900.0     77610000000.0     0.25 
490000.0     4192191.488873656     -9000.0     2900.0     77610000000.0     0.25 
492000.0     4192191.488873656     -9000.0     2900.0     83750000000.0     0.25 
494000.0     4192191.488873656     -9000.0     2900.0     80220000000.0     0.25 
496000.0     4192191.488873656     -9000.0     2900.0     77130000000.0     0.24 
498000.0     4192191.488873656     -9000.0     2900.0     77720000000.0     0.25 
500000.0     4192191.488873656     -9000.0     2900.0     79570000000.0     0.25 
502000.0     4192191.488873656     -9000.0     2900.0     79200000000.0     0.25 
504000.0     4192191.488873656     -9000.0     2800.0     71390000000.0     0.24 
506000.0     4192191.488873656     -9000.0     2700.0     67519999999.99999     0.23 
508000.0     4192191.488873656     -9000.0     2800.0     75280000000.0     0.23 
510000.0     4192191.488873656     -9000.0     2800.0     76030000000.0     0.24 
512000.0     4192191.488873656     -9000.0     3000.0     89190000000.0     0.25 
514000.0     4192191.488873656     -9000.0     3000.0     87980000000.0     0.25 
516000.0     4192191.488873656     -9000.0     2900.0     81450000000.0     0.25 
518000.0     4192191.488873656     -9000.0     2800.0     75780000000.0     0.25 
524000.0     4192191.488873656     -9000.0     2900.0     76870000000.0     0.25 
476000.0     4194191.488873656     -9000.0     2900.0     77610000000.0     0.25 
482000.0     4194191.488873656     -9000.0     2900.0     77610000000.0     0.25 
484000.0     4194191.488873656     -9000.0     2900.0     77610000000.0     0.25 
486000.0     4194191.488873656     -9000.0     2900.0     77610000000.0     0.25 
488000.0     4194191.488873656     -9000.0     2900.0     77610000000.0     0.25 
490000.0     4194191.488873656     -9000.0     2900.0     77240000000.0     0.25 
492000.0     4194191.488873656     -9000.0     2900.0     79840000000.0     0.25 
494000.0     4194191.488873656     -9000.0     2900.0     80590000000.0     0.25 
496000.0     4194191.488873656     -9000.0     2900.0     80220000000.0     0.25 
498000.0     4194191.488873656     -9000.0     2900.0     78350000000.0     0.25 
500000.0     4194191.488873656     -9000.0     2900.0     77610000000.0     0.25 
502000.0     4194191.488873656     -9000.0     2900.0     79090000000.0     0.25 
504000.0     4194191.488873656     -9000.0     2800.0     76140000000.0     0.25 
506000.0     4194191.488873656     -9000.0     2800.0     73860000000.0     0.24 
508000.0     4194191.488873656     -9000.0     2800.0     72920000000.0     0.25 
510000.0     4194191.488873656     -9000.0     2800.0     76140000000.0     0.25 
512000.0     4194191.488873656     -9000.0     2900.0     77130000000.0     0.24 
514000.0     4194191.488873656     -9000.0     2900.0     82880000000.0     0.25 
516000.0     4194191.488873656     -9000.0     2900.0     77980000000.0     0.25 
518000.0     4194191.488873656     -9000.0     2800.0     71630000000.0     0.25 
524000.0     4194191.488873656     -9000.0     2900.0     77610000000.0     0.25 
476000.0     4200191.488873656     -9000.0     2900.0     76870000000.0     0.25 
482000.0     4200191.488873656     -9000.0     2900.0     77610000000.0     0.25 
484000.0     4200191.488873656     -9000.0     2900.0     77610000000.0     0.25 
486000.0     4200191.488873656     -9000.0     2900.0     76870000000.0     0.25 
488000.0     4200191.488873656     -9000.0     2800.0     74450000000.0     0.25 
490000.0     4200191.488873656     -9000.0     2900.0     77450000000.0     0.26 
492000.0     4200191.488873656     -9000.0     2900.0     76980000000.0     0.25 
494000.0     4200191.488873656     -9000.0     2900.0     77610000000.0     0.25 
496000.0     4200191.488873656     -9000.0     2900.0     77980000000.0     0.25 
498000.0     4200191.488873656     -9000.0     2900.0     82500000000.0     0.25 
500000.0     4200191.488873656     -9000.0     2900.0     81350000000.0     0.25 
502000.0     4200191.488873656     -9000.0     2900.0     79470000000.0     0.25 
504000.0     4200191.488873656     -9000.0     2900.0     77980000000.0     0.25 
506000.0     4200191.488873656     -9000.0     2800.0     76390000000.0     0.24 
508000.0     4200191.488873656     -9000.0     2800.0     70470000000.0     0.25 
510000.0     4200191.488873656     -9000.0     2800.0     75420000000.0     0.25 
512000.0     4200191.488873656     -9000.0     2900.0     75640000000.0     0.26 
514000.0     4200191.488873656     -9000.0     2800.0     74560000000.0     0.26 
516000.0     4200191.488873656     -9000.0     2900.0     77240000000.0     0.25 
518000.0     4200191.488873656     -9000.0     2900.0     85400000000.0     0.24 
524000.0     4200191.488873656     -9000.0     2800.0     75530000000.0     0.25 
476000.0     4152191.488873656     -6000.0     2700.0     63770000000.0     0.25 
482000.0     4152191.488873656     -6000.0     2700.0     63770000000.0     0.25 
484000.0     4152191.488873656     -6000.0     2700.0     63770000000.0     0.25 
486000.0     4152191.488873656     -6000.0     2700.0     63770000000.0     0.25 
488000.0     4152191.488873656     -6000.0     2700.0     62810000000.0     0.25 
490000.0     4152191.488873656     -6000.0     2700.0     62810000000.0     0.25 
492000.0     4152191.488873656     -6000.0     2700.0     64099999999.99999     0.25 
494000.0     4152191.488873656     -6000.0     2700.0     63770000000.0     0.25 
496000.0     4152191.488873656     -6000.0     2700.0     63770000000.0     0.25 
498000.0     4152191.488873656     -6000.0     2700.0     63770000000.0     0.25 
500000.0     4152191.488873656     -6000.0     2700.0     63770000000.0     0.25 
502000.0     4152191.488873656     -6000.0     2700.0     63770000000.0     0.25 
504000.0     4152191.488873656     -6000.0     2700.0     63770000000.0     0.25 
506000.0     4152191.488873656     -6000.0     2700.0     63770000000.0     0.25 
508000.0     4152191.488873656     -6000.0     2700.0     63770000000.0     0.25 
510000.0     4152191.488873656     -6000.0     2700.0     63770000000.0     0.25 
512000.0     4152191.488873656     -6000.0     2700.0     63770000000.0     0.25 
514000.0     4152191.488873656     -6000.0     2700.0     63770000000.0     0.25 
516000.0     4152191.488873656     -6000.0     2700.0     63770000000.0     0.25 
518000.0     4152191.488873656     -6000.0     2700.0     63770000000.0     0.25 
524000.0     4152191.488873656     -6000.0     2700.0     63770000000.0     0.25 
476000.0     4158191.488873656     -6000.0     2700.0     63770000000.0     0.25 
482000.0     4158191.488873656     -6000.0     2700.0     63770000000.0     0.25 
484000.0     4158191.488873656     -6000.0     2700.0     63770000000.0     0.25 
486000.0     4158191.488873656     -6000.0     2700.0     63770000000.0     0.25 
488000.0     4158191.488873656     -6000.0     2700.0     63770000000.0     0.25 
490000.0     4158191.488873656     -6000.0     2700.0     63450000000.0     0.25 
492000.0     4158191.488873656     -6000.0     2700.0     64099999999.99999     0.25 
494000.0     4158191.488873656     -6000.0     2700.0     63770000000.0     0.25 
496000.0     4158191.488873656     -6000.0     2700.0     63770000000.0     0.25 
498000.0     4158191.488873656     -6000.0     2700.0     63450000000.0     0.25 
500000.0     4158191.488873656     -6000.0     2700.0     65080000000.0     0.25 
502000.0     4158191.488873656     -6000.0     2800.0     68069999999.99999     0.25 
504000.0     4158191.488873656     -6000.0     2700.0     65080000000.0     0.25 
506000.0     4158191.488873656     -6000.0     2700.0     64750000000.0     0.25 
508000.0     4158191.488873656     -6000.0     2800.0     68750000000.0     0.25 
510000.0     4158191.488873656     -6000.0     2700.0     64750000000.0     0.25 
512000.0     4158191.488873656     -6000.0     2700.0     63770000000.0     0.25 
514000.0     4158191.488873656     -6000.0     2700.0     63770000000.0     0.25 
516000.0     4158191.488873656     -6000.0     2700.0     63770000000.0     0.25 
518000.0     4158191.488873656     -6000.0     2700.0     63770000000.0     0.25 
524000.0     4158191.488873656     -6000.0     2700.0     63770000000.0     0.25 
476000.0     4160191.488873656     -6000.0     2700.0     63770000000.0     0.25 
482000.0     4160191.488873656     -6000.0     2700.0     63770000000.0     0.25 
484000.0     4160191.488873656     -6000.0     2700.0     63770000000.0     0.25 
486000.0     4160191.488873656     -6000.0     2700.0     63770000000.0     0.25 
488000.0     4160191.488873656     -6000.0     2700.0     63450000000.0     0.25 
490000.0     4160191.488873656     -6000.0     2700.0     63770000000.0     0.25 
492000.0     4160191.488873656     -6000.0     2700.0     64750000000.0     0.25 
494000.0     4160191.488873656     -6000.0     2700.0     63130000000.0     0.25 
496000.0     4160191.488873656     -6000.0     2700.0     62810000000.0     0.25 
498000.0     4160191.488873656     -6000.0     2700.0     63770000000.0     0.25 
500000.0     4160191.488873656     -6000.0     2700.0     66400000000.00001     0.25 
502000.0     4160191.488873656     -6000.0     2700.0     66069999999.99999     0.25 
504000.0     4160191.488873656     -6000.0     2700.0     61850000000.0     0.25 
506000.0     4160191.488873656     -6000.0     2700.0     64750000000.0     0.25 
508000.0     4160191.488873656     -6000.0     2700.0     65410000000.0     0.25 
510000.0     4160191.488873656     -6000.0     2700.0     66069999999.99999     0.25 
512000.0     4160191.488873656     -6000.0     2700.0     62810000000.0     0.25 
514000.0     4160191.488873656     -6000.0     2700.0     63770000000.0     0.25 
516000.0     4160191.488873656     -6000.0     2700.0     63770000000.0     0.25 
518000.0     4160191.488873656     -6000.0     2700.0     63770000000.0     0.25 
524000.0     4160191.488873656     -6000.0     2700.0     63770000000.0     0.25 
476000.0     4162191.488873656     -6000.0     2700.0     63450000000.0     0.25 
482000.0     4162191.488873656     -6000.0     2700.0     63450000000.0     0.25 
484000.0     4162191.488873656     -6000.0     2700.0     63770000000.0     0.25 
486000.0     4162191.488873656     -6000.0     2700.0     64420000000.0     0.25 
488000.0     4162191.488873656     -6000.0     2700.0     64230000000.00001     0.25 
490000.0     4162191.488873656     -6000.0     2700.0     64099999999.99999     0.25 
492000.0     4162191.488873656     -6000.0     2700.0     65410000000.0     0.25 
494000.0     4162191.488873656     -6000.0     2800.0     66730000000.00001     0.25 
496000.0     4162191.488873656     -6000.0     2700.0     61530000000.0     0.25 
498000.0     4162191.488873656     -6000.0     2700.0     65410000000.0     0.25 
500000.0     4162191.488873656     -6000.0     2700.0     64420000000.0     0.25 
502000.0     4162191.488873656     -6000.0     2800.0     67860000000.0     0.25 
504000.0     4162191.488873656     -6000.0     2700.0     62810000000.0     0.25 
506000.0     4162191.488873656     -6000.0     2700.0     65080000000.0     0.25 
508000.0     4162191.488873656     -6000.0     2700.0     63770000000.0     0.25 
510000.0     4162191.488873656     -6000.0     2700.0     66069999999.99999     0.25 
512000.0     4162191.488873656     -6000.0     2700.0     63450000000.0     0.25 
514000.0     4162191.488873656     -6000.0     2700.0     63770000000.0     0.25 
516000.0     4162191.488873656     -6000.0     2700.0     63770000000.0     0.25 
518000.0     4162191.488873656     -6000.0     2700.0     63770000000.0     0.25 
524000.0     4162191.488873656     -6000.0     2700.0     63770000000.0     0.25 
476000.0     4164191.488873656     -6000.0     2700.0     63130000000.0     0.25 
482000.0     4164191.488873656     -6000.0     2700.0     60590000000.0     0.25 
484000.0     4164191.488873656     -6000.0     2700.0     63130000000.0     0.25 
486000.0     4164191.488873656     -6000.0     2700.0     62810000000.0     0.25 
488000.0     4164191.488873656     -6000.0     2700.0     60720000000.0     0.25 
490000.0     4164191.488873656     -6000.0     2700.0     63260000000.0     0.25 
492000.0     4164191.488873656     -6000.0     2800.0     67650000000.00001     0.26 
494000.0     4164191.488873656     -6000.0     2700.0     63070000000.0     0.26 
496000.0     4164191.488873656     -6000.0     2700.0     59430000000.0     0.26 
498000.0     4164191.488873656     -6000.0     2600.0     54540000000.0     0.25 
500000.0     4164191.488873656     -6000.0     2600.0     52230000000.0     0.25 
502000.0     4164191.488873656     -6000.0     2700.0     59170000000.0     0.25 
504000.0     4164191.488873656     -6000.0     2700.0     65739999999.99999     0.25 
506000.0     4164191.488873656     -6000.0     2700.0     59040000000.0     0.25 
508000.0     4164191.488873656     -6000.0     2700.0     60100000000.0     0.25 
510000.0     4164191.488873656     -6000.0     2900.0     78610000000.0     0.24 
512000.0     4164191.488873656     -6000.0     2700.0     64750000000.0     0.25 
514000.0     4164191.488873656     -6000.0     2700.0     61850000000.0     0.25 
516000.0     4164191.488873656     -6000.0     2700.0     63130000000.0     0.25 
518000.0     4164191.488873656     -6000.0     2700.0     63450000000.0     0.25 
524000.0     4164191.488873656     -6000.0     2700.0     63770000000.0     0.25 
476000.0     4166191.488873656     -6000.0     2700.0     61850000000.0     0.25 
482000.0     4166191.488873656     -6000.0     2700.0     63130000000.0     0.25 
484000.0     4166191.488873656     -6000.0     2700.0     63450000000.0     0.25 
486000.0     4166191.488873656     -6000.0     2700.0     59040000000.0     0.25 
488000.0     4166191.488873656     -6000.0     2600.0     56160000000.0     0.24 
490000.0     4166191.488873656     -6000.0     2600.0     55120000000.0     0.25 
492000.0     4166191.488873656     -6000.0     3100.0     105130000000.0     0.27 
494000.0     4166191.488873656     -6000.0     2800.0     69670000000.0     0.26 
496000.0     4166191.488873656     -6000.0     2700.0     65330000000.0     0.26 
498000.0     4166191.488873656     -6000.0     2500.0     47510000000.0     0.24 
500000.0     4166191.488873656     -6000.0     2400.0     40690000000.0     0.25 
502000.0     4166191.488873656     -6000.0     2600.0     50560000000.0     0.26 
504000.0     4166191.488873656     -6000.0     2500.0     48230000000.0     0.25 
506000.0     4166191.488873656     -6000.0     2600.0     53960000000.0     0.25 
508000.0     4166191.488873656     -6000.0     2700.0     63770000000.0     0.25 
510000.0     4166191.488873656     -6000.0     2800.0     68410000000.0     0.25 
512000.0     4166191.488873656     -6000.0     2700.0     62170000000.0     0.25 
514000.0     4166191.488873656     -6000.0     2700.0     59340000000.0     0.25 
516000.0     4166191.488873656     -6000.0     2800.0     72210000000.0     0.25 
518000.0     4166191.488873656     -6000.0     2800.0     69440000000.0     0.25 
524000.0     4166191.488873656     -6000.0     2700.0     63770000000.0     0.25 
476000.0     4168191.488873656     -6000.0     2700.0     64420000000.0     0.25 
482000.0     4168191.488873656     -6000.0     2700.0     63770000000.0     0.25 
484000.0     4168191.488873656     -6000.0     2700.0     63770000000.0     0.25 
486000.0     4168191.488873656     -6000.0     2600.0     57510000000.0     0.25 
488000.0     4168191.488873656     -6000.0     2600.0     54250000000.0     0.25 
490000.0     4168191.488873656     -6000.0     2600.0     56310000000.0     0.25 
492000.0     4168191.488873656     -6000.0     2700.0     61530000000.0     0.25 
494000.0     4168191.488873656     -6000.0     2600.0     53090000000.0     0.25 
496000.0     4168191.488873656     -6000.0     2600.0     56910000000.0     0.25 
498000.0     4168191.488873656     -6000.0     2600.0     53370000000.0     0.24 
500000.0     4168191.488873656     -6000.0     2500.0     46820000000.0     0.24 
502000.0     4168191.488873656     -6000.0     2700.0     61170000000.0     0.26 
504000.0     4168191.488873656     -6000.0     2900.0     74150000000.0     0.27 
506000.0     4168191.488873656     -6000.0     2700.0     60720000000.0     0.25 
508000.0     4168191.488873656     -6000.0     2600.0     56290000000.0     0.26 
510000.0     4168191.488873656     -6000.0     2600.0     54240000000.0     0.26 
512000.0     4168191.488873656     -6000.0     2700.0     57180000000.0     0.26 
514000.0     4168191.488873656     -6000.0     2500.0     48360000000.0     0.25 
516000.0     4168191.488873656     -6000.0     2800.0     67530000000.0     0.25 
518000.0     4168191.488873656     -6000.0     2800.0     70810000000.0     0.25 
524000.0     4168191.488873656     -6000.0     2700.0     63770000000.0     0.25 
476000.0     4170191.488873656     -6000.0     2700.0     64099999999.99999     0.25 
482000.0     4170191.488873656     -6000.0     2700.0     63770000000.0     0.25 
484000.0     4170191.488873656     -6000.0     2700.0     64099999999.99999     0.25 
486000.0     4170191.488873656     -6000.0     2700.0     61530000000.0     0.25 
488000.0     4170191.488873656     -6000.0     2700.0     62810000000.0     0.25 
490000.0     4170191.488873656     -6000.0     2500.0     47080000000.0     0.24 
492000.0     4170191.488873656     -6000.0     2500.0     48320000000.0     0.24 
494000.0     4170191.488873656     -6000.0     2400.0     38320000000.0     0.24 
496000.0     4170191.488873656     -6000.0     2400.0     36710000000.0     0.24 
498000.0     4170191.488873656     -6000.0     2500.0     49250000000.0     0.24 
500000.0     4170191.488873656     -6000.0     2700.0     67860000000.0     0.23 
502000.0     4170191.488873656     -6000.0     2800.0     68069999999.99999     0.25 
504000.0     4170191.488873656     -6000.0     3100.0     102790000000.0     0.25 
506000.0     4170191.488873656     -6000.0     2700.0     60450000000.0     0.24 
508000.0     4170191.488873656     -6000.0     2500.0     46520000000.0     0.26 
510000.0     4170191.488873656     -6000.0     2700.0     56840000000.0     0.27 
512000.0     4170191.488873656     -6000.0     2700.0     57950000000.0     0.25 
514000.0     4170191.488873656     -6000.0     2700.0     58730000000.0     0.25 
516000.0     4170191.488873656     -6000.0     2800.0     68200000000.0     0.25 
518000.0     4170191.488873656     -6000.0     2800.0     67400000000.00001     0.25 
524000.0     4170191.488873656     -6000.0     2700.0     63770000000.0     0.25 
476000.0     4172191.488873656     -6000.0     2700.0     63770000000.0     0.25 
482000.0     4172191.488873656     -6000.0     2700.0     63450000000.0     0.25 
484000.0     4172191.488873656     -6000.0     2700.0     63130000000.0     0.25 
486000.0     4172191.488873656     -6000.0     2700.0     62490000000.0     0.25 
488000.0     4172191.488873656     -6000.0     2600.0     57050000000.0     0.25 
490000.0     4172191.488873656     -6000.0     2500.0     43850000000.0     0.24 
492000.0     4172191.488873656     -6000.0     2500.0     45810000000.0     0.24 
494000.0     4172191.488873656     -6000.0     2400.0     39640000000.0     0.23 
496000.0     4172191.488873656     -6000.0     2500.0     50640000000.0     0.24 
498000.0     4172191.488873656     -6000.0     2700.0     65209999999.99999     0.25 
500000.0     4172191.488873656     -6000.0     3000.0     93960000000.0     0.24 
502000.0     4172191.488873656     -6000.0     2800.0     77620000000.0     0.24 
504000.0     4172191.488873656     -6000.0     2900.0     79990000000.0     0.24 
506000.0     4172191.488873656     -6000.0     2700.0     67129999999.99999     0.24 
508000.0     4172191.488873656     -6000.0     2600.0     57050000000.0     0.25 
510000.0     4172191.488873656     -6000.0     2600.0     51530000000.0     0.26 
512000.0     4172191.488873656     -6000.0     2600.0     52650000000.0     0.26 
514000.0     4172191.488873656     -6000.0     2800.0     67069999999.99999     0.25 
516000.0     4172191.488873656     -6000.0     2700.0     65080000000.0     0.25 
518000.0     4172191.488873656     -6000.0     2700.0     61220000000.0     0.25 
524000.0     4172191.488873656     -6000.0     2700.0     63770000000.0     0.25 
476000.0     4174191.488873656     -6000.0     2700.0     63130000000.0     0.25 
482000.0     4174191.488873656     -6000.0     2700.0     62810000000.0     0.25 
484000.0     4174191.488873656     -6000.0     2700.0     63900000000.0     0.25 
486000.0     4174191.488873656     -6000.0     2700.0     63580000000.0     0.25 
488000.0     4174191.488873656     -6000.0     2700.0     65739999999.99999     0.25 
490000.0     4174191.488873656     -6000.0     2700.0     64420000000.0     0.25 
492000.0     4174191.488873656     -6000.0     2600.0     52610000000.0     0.28 
494000.0     4174191.488873656     -6000.0     2400.0     35970000000.0     0.28 
496000.0     4174191.488873656     -6000.0     2500.0     44970000000.0     0.26 
498000.0     4174191.488873656     -6000.0     2900.0     84520000000.0     0.25 
500000.0     4174191.488873656     -6000.0     3000.0     93910000000.0     0.26 
502000.0     4174191.488873656     -6000.0     3000.0     99600000000.0     0.24 
504000.0     4174191.488873656     -6000.0     2900.0     87280000000.0     0.24 
506000.0     4174191.488873656     -6000.0     3000.0     96580000000.0     0.24 
508000.0     4174191.488873656     -6000.0     2700.0     58090000000.0     0.26 
510000.0     4174191.488873656     -6000.0     2500.0     41910000000.0     0.27 
512000.0     4174191.488873656     -6000.0     2600.0     51940000000.0     0.27 
514000.0     4174191.488873656     -6000.0     2600.0     50970000000.0     0.25 
516000.0     4174191.488873656     -6000.0     2600.0     50550000000.0     0.25 
518000.0     4174191.488873656     -6000.0     2700.0     59040000000.0     0.25 
524000.0     4174191.488873656     -6000.0     2700.0     63770000000.0     0.25 
476000.0     4176191.488873656     -6000.0     2700.0     64420000000.0     0.25 
482000.0     4176191.488873656     -6000.0     2700.0     62170000000.0     0.25 
484000.0     4176191.488873656     -6000.0     2800.0     70920000000.0     0.27 
486000.0     4176191.488873656     -6000.0     2700.0     62900000000.0     0.27 
488000.0     4176191.488873656     -6000.0     2800.0     69790000000.0     0.26 
490000.0     4176191.488873656     -6000.0     2900.0     75740000000.0     0.28 
492000.0     4176191.488873656     -6000.0     2500.0     46800000000.0     0.27 
494000.0     4176191.488873656     -6000.0     2600.0     55370000000.0     0.27 
496000.0     4176191.488873656     -6000.0     2500.0     41280000000.0     0.27 
498000.0     4176191.488873656     -6000.0     2600.0     56300000000.0     0.23 
500000.0     4176191.488873656     -6000.0     2800.0     72440000000.0     0.24 
502000.0     4176191.488873656     -6000.0     2900.0     83940000000.0     0.24 
504000.0     4176191.488873656     -6000.0     2800.0     73020000000.0     0.24 
506000.0     4176191.488873656     -6000.0     2600.0     57520000000.0     0.23 
508000.0     4176191.488873656     -6000.0     2600.0     54020000000.0     0.28 
510000.0     4176191.488873656     -6000.0     2600.0     49860000000.0     0.28 
512000.0     4176191.488873656     -6000.0     2600.0     53330000000.0     0.27 
514000.0     4176191.488873656     -6000.0     2600.0     50280000000.0     0.27 
516000.0     4176191.488873656     -6000.0     2500.0     48900000000.0     0.25 
518000.0     4176191.488873656     -6000.0     2700.0     60280000000.0     0.25 
524000.0     4176191.488873656     -6000.0     2700.0     63770000000.0     0.25 
476000.0     4178191.488873656     -6000.0     2700.0     63450000000.0     0.25 
482000.0     4178191.488873656     -6000.0     2800.0     70590000000.0     0.25 
484000.0     4178191.488873656     -6000.0     2700.0     64349999999.99999     0.26 
486000.0     4178191.488873656     -6000.0     2700.0     59790000000.0     0.25 
488000.0     4178191.488873656     -6000.0     2700.0     65860000000.0     0.25 
490000.0     4178191.488873656     -6000.0     2800.0     66730000000.00001     0.25 
492000.0     4178191.488873656     -6000.0     2600.0     59040000000.0     0.22 
494000.0     4178191.488873656     -6000.0     2700.0     62670000000.0     0.24 
496000.0     4178191.488873656     -6000.0     2600.0     50690000000.0     0.25 
498000.0     4178191.488873656     -6000.0     2600.0     55700000000.0     0.23 
500000.0     4178191.488873656     -6000.0     2700.0     66459999999.99999     0.24 
502000.0     4178191.488873656     -6000.0     2700.0     59370000000.0     0.24 
504000.0     4178191.488873656     -6000.0     2700.0     63640000000.0     0.24 
506000.0     4178191.488873656     -6000.0     2700.0     56880000000.0     0.26 
508000.0     4178191.488873656     -6000.0     2600.0     48120000000.0     0.27 
510000.0     4178191.488873656     -6000.0     2500.0     43660000000.0     0.28 
512000.0     4178191.488873656     -6000.0     2500.0     42310000000.0     0.28 
514000.0     4178191.488873656     -6000.0     2600.0     52350000000.0     0.27 
516000.0     4178191.488873656     -6000.0     2600.0     54970000000.0     0.25 
518000.0     4178191.488873656     -6000.0     2700.0     64750000000.0     0.25 
524000.0     4178191.488873656     -6000.0     2700.0     63770000000.0     0.25 
476000.0     4180191.488873656     -6000.0     2700.0     63770000000.0     0.25 
482000.0     4180191.488873656     -6000.0     2800.0     66519999999.99999     0.25 
484000.0     4180191.488873656     -6000.0     2700.0     61530000000.0     0.25 
486000.0     4180191.488873656     -6000.0     2700.0     62810000000.0     0.25 
488000.0     4180191.488873656     -6000.0     2700.0     65410000000.0     0.25 
490000.0     4180191.488873656     -6000.0     2700.0     59040000000.0     0.25 
492000.0     4180191.488873656     -6000.0     2700.0     60280000000.0     0.25 
494000.0     4180191.488873656     -6000.0     2800.0     72550000000.0     0.26 
496000.0     4180191.488873656     -6000.0     2600.0     55560000000.0     0.25 
498000.0     4180191.488873656     -6000.0     2700.0     63770000000.0     0.25 
500000.0     4180191.488873656     -6000.0     2600.0     55870000000.0     0.24 
502000.0     4180191.488873656     -6000.0     2600.0     51890000000.0     0.28 
504000.0     4180191.488873656     -6000.0     2700.0     55160000000.0     0.28 
506000.0     4180191.488873656     -6000.0     2500.0     46260000000.0     0.26 
508000.0     4180191.488873656     -6000.0     2500.0     44930000000.0     0.25 
510000.0     4180191.488873656     -6000.0     2400.0     39300000000.0     0.27 
512000.0     4180191.488873656     -6000.0     2600.0     50420000000.0     0.25 
514000.0     4180191.488873656     -6000.0     2700.0     59510000000.0     0.24 
516000.0     4180191.488873656     -6000.0     2800.0     68209999999.99999     0.27 
518000.0     4180191.488873656     -6000.0     2700.0     63260000000.0     0.25 
524000.0     4180191.488873656     -6000.0     2700.0     63770000000.0     0.25 
476000.0     4182191.488873656     -6000.0     2700.0     63770000000.0     0.25 
482000.0     4182191.488873656     -6000.0     2700.0     63130000000.0     0.25 
484000.0     4182191.488873656     -6000.0     2700.0     62810000000.0     0.25 
486000.0     4182191.488873656     -6000.0     2800.0     68990000000.0     0.26 
488000.0     4182191.488873656     -6000.0     2700.0     64230000000.00001     0.25 
490000.0     4182191.488873656     -6000.0     2800.0     66319999999.99999     0.26 
492000.0     4182191.488873656     -6000.0     2700.0     61390000000.0     0.24 
494000.0     4182191.488873656     -6000.0     2700.0     64879999999.99999     0.25 
496000.0     4182191.488873656     -6000.0     2700.0     58120000000.0     0.25 
498000.0     4182191.488873656     -6000.0     2700.0     57950000000.0     0.25 
500000.0     4182191.488873656     -6000.0     2600.0     55120000000.0     0.25 
502000.0     4182191.488873656     -6000.0     2600.0     54970000000.0     0.25 
504000.0     4182191.488873656     -6000.0     2600.0     48660000000.0     0.27 
506000.0     4182191.488873656     -6000.0     2700.0     58580000000.0     0.27 
508000.0     4182191.488873656     -6000.0     2700.0     60170000000.0     0.27 
510000.0     4182191.488873656     -6000.0     2600.0     48120000000.0     0.27 
512000.0     4182191.488873656     -6000.0     2600.0     52480000000.0     0.27 
514000.0     4182191.488873656     -6000.0     2700.0     61530000000.0     0.25 
516000.0     4182191.488873656     -6000.0     2700.0     61040000000.0     0.25 
518000.0     4182191.488873656     -6000.0     2700.0     64550000000.0     0.25 
524000.0     4182191.488873656     -6000.0     2700.0     63770000000.0     0.25 
476000.0     4184191.488873656     -6000.0     2700.0     63770000000.0     0.25 
482000.0     4184191.488873656     -6000.0     2700.0     63770000000.0     0.25 
484000.0     4184191.488873656     -6000.0     2700.0     63770000000.0     0.25 
486000.0     4184191.488873656     -6000.0     2700.0     61670000000.0     0.25 
488000.0     4184191.488873656     -6000.0     2700.0     61530000000.0     0.25 
490000.0     4184191.488873656     -6000.0     2800.0     70240000000.0     0.25 
492000.0     4184191.488873656     -6000.0     2700.0     63130000000.0     0.25 
494000.0     4184191.488873656     -6000.0     2700.0     61040000000.0     0.25 
496000.0     4184191.488873656     -6000.0     2800.0     65660000000.0     0.26 
498000.0     4184191.488873656     -6000.0     2700.0     58340000000.0     0.27 
500000.0     4184191.488873656     -6000.0     2600.0     57210000000.0     0.25 
502000.0     4184191.488873656     -6000.0     2800.0     66730000000.00001     0.25 
504000.0     4184191.488873656     -6000.0     2800.0     69450000000.0     0.26 
506000.0     4184191.488873656     -6000.0     2700.0     65739999999.99999     0.25 
508000.0     4184191.488873656     -6000.0     2700.0     62990000000.0     0.24 
510000.0     4184191.488873656     -6000.0     2600.0     56310000000.0     0.25 
512000.0     4184191.488873656     -6000.0     2600.0     55830000000.0     0.26 
514000.0     4184191.488873656     -6000.0     2700.0     65330000000.0     0.26 
516000.0     4184191.488873656     -6000.0     2700.0     60410000000.0     0.25 
518000.0     4184191.488873656     -6000.0     2700.0     63260000000.0     0.25 
524000.0     4184191.488873656     -6000.0     2700.0     63770000000.0     0.25 
476000.0     4186191.488873656     -6000.0     2700.0     63770000000.0     0.25 
482000.0     4186191.488873656     -6000.0     2700.0     63770000000.0     0.25 
484000.0     4186191.488873656     -6000.0     2700.0     63770000000.0     0.25 
486000.0     4186191.488873656     -6000.0     2700.0     62350000000.0     0.24 
488000.0     4186191.488873656     -6000.0     2800.0     66980000000.00001     0.26 
490000.0     4186191.488873656     -6000.0     2700.0     58520000000.0     0.26 
492000.0     4186191.488873656     -6000.0     2700.0     59430000000.0     0.26 
494000.0     4186191.488873656     -6000.0     2600.0     55830000000.0     0.26 
496000.0     4186191.488873656     -6000.0     2600.0     52950000000.0     0.25 
498000.0     4186191.488873656     -6000.0     2800.0     66650000000.00001     0.26 
500000.0     4186191.488873656     -6000.0     2800.0     75170000000.0     0.25 
502000.0     4186191.488873656     -6000.0     2800.0     69220000000.0     0.27 
504000.0     4186191.488873656     -6000.0     2800.0     73600000000.0     0.26 
506000.0     4186191.488873656     -6000.0     2700.0     59790000000.0     0.25 
508000.0     4186191.488873656     -6000.0     2800.0     66190000000.0     0.25 
510000.0     4186191.488873656     -6000.0     2700.0     61670000000.0     0.25 
512000.0     4186191.488873656     -6000.0     2700.0     57350000000.0     0.25 
514000.0     4186191.488873656     -6000.0     2800.0     72560000000.0     0.25 
516000.0     4186191.488873656     -6000.0     2800.0     67069999999.99999     0.25 
518000.0     4186191.488873656     -6000.0     2700.0     60590000000.0     0.25 
524000.0     4186191.488873656     -6000.0     2700.0     63770000000.0     0.25 
476000.0     4188191.488873656     -6000.0     2700.0     63770000000.0     0.25 
482000.0     4188191.488873656     -6000.0     2700.0     63770000000.0     0.25 
484000.0     4188191.488873656     -6000.0     2700.0     63770000000.0     0.25 
486000.0     4188191.488873656     -6000.0     2700.0     63770000000.0     0.25 
488000.0     4188191.488873656     -6000.0     2800.0     67069999999.99999     0.25 
490000.0     4188191.488873656     -6000.0     2700.0     64230000000.00001     0.25 
492000.0     4188191.488873656     -6000.0     2700.0     61100000000.0     0.27 
494000.0     4188191.488873656     -6000.0     2600.0     55540000000.0     0.26 
496000.0     4188191.488873656     -6000.0     2700.0     58870000000.0     0.25 
498000.0     4188191.488873656     -6000.0     2700.0     63390000000.0     0.26 
500000.0     4188191.488873656     -6000.0     2800.0     65450000000.0     0.26 
502000.0     4188191.488873656     -6000.0     2800.0     67650000000.00001     0.27 
504000.0     4188191.488873656     -6000.0     2700.0     62170000000.0     0.25 
506000.0     4188191.488873656     -6000.0     2700.0     62350000000.0     0.24 
508000.0     4188191.488873656     -6000.0     2700.0     62210000000.0     0.24 
510000.0     4188191.488873656     -6000.0     2700.0     66400000000.00001     0.25 
512000.0     4188191.488873656     -6000.0     2800.0     68069999999.99999     0.25 
514000.0     4188191.488873656     -6000.0     2700.0     61530000000.0     0.25 
516000.0     4188191.488873656     -6000.0     2800.0     71390000000.0     0.24 
518000.0     4188191.488873656     -6000.0     2700.0     63450000000.0     0.25 
524000.0     4188191.488873656     -6000.0     2700.0     63770000000.0     0.25 
476000.0     4190191.488873656     -6000.0     2700.0     63770000000.0     0.25 
482000.0     4190191.488873656     -6000.0     2700.0     63770000000.0     0.25 
484000.0     4190191.488873656     -6000.0     2700.0     63770000000.0     0.25 
486000.0     4190191.488873656     -6000.0     2700.0     63770000000.0     0.25 
488000.0     4190191.488873656     -6000.0     2700.0     63770000000.0     0.25 
490000.0     4190191.488873656     -6000.0     2700.0     63770000000.0     0.25 
492000.0     4190191.488873656     -6000.0     2800.0     69670000000.0     0.26 
494000.0     4190191.488873656     -6000.0     2800.0     66319999999.99999     0.26 
496000.0     4190191.488873656     -6000.0     2800.0     68430000000.00001     0.26 
498000.0     4190191.488873656     -6000.0     2800.0     70120000000.0     0.25 
500000.0     4190191.488873656     -6000.0     2800.0     68540000000.00001     0.25 
502000.0     4190191.488873656     -6000.0     2800.0     68200000000.0     0.25 
504000.0     4190191.488873656     -6000.0     2700.0     66069999999.99999     0.25 
506000.0     4190191.488873656     -6000.0     2700.0     61250000000.0     0.24 
508000.0     4190191.488873656     -6000.0     2600.0     56160000000.0     0.24 
510000.0     4190191.488873656     -6000.0     2700.0     61390000000.0     0.24 
512000.0     4190191.488873656     -6000.0     2800.0     66730000000.00001     0.25 
514000.0     4190191.488873656     -6000.0     2800.0     67530000000.0     0.25 
516000.0     4190191.488873656     -6000.0     2800.0     74810000000.0     0.25 
518000.0     4190191.488873656     -6000.0     2800.0     67069999999.99999     0.25 
524000.0     4190191.488873656     -6000.0     2700.0     63770000000.0     0.25 
476000.0     4192191.488873656     -6000.0     2700.0     63770000000.0     0.25 
482000.0     4192191.488873656     -6000.0     2700.0     63770000000.0     0.25 
484000.0     4192191.488873656     -6000.0     2700.0     63770000000.0     0.25 
486000.0     4192191.488873656     -6000.0     2700.0     63770000000.0     0.25 
488000.0     4192191.488873656     -6000.0     2700.0     63770000000.0     0.25 
490000.0     4192191.488873656     -6000.0     2700.0     64099999999.99999     0.25 
492000.0     4192191.488873656     -6000.0     2800.0     72680000000.0     0.25 
494000.0     4192191.488873656     -6000.0     2700.0     64290000000.00001     0.24 
496000.0     4192191.488873656     -6000.0     2700.0     63450000000.0     0.25 
498000.0     4192191.488873656     -6000.0     2700.0     63900000000.0     0.25 
500000.0     4192191.488873656     -6000.0     2800.0     69780000000.0     0.25 
502000.0     4192191.488873656     -6000.0     2700.0     65739999999.99999     0.25 
504000.0     4192191.488873656     -6000.0     2700.0     62810000000.0     0.25 
506000.0     4192191.488873656     -6000.0     2600.0     56020000000.0     0.24 
508000.0     4192191.488873656     -6000.0     2600.0     58730000000.0     0.22 
510000.0     4192191.488873656     -6000.0     2700.0     64800000000.0     0.24 
512000.0     4192191.488873656     -6000.0     2800.0     74700000000.0     0.25 
514000.0     4192191.488873656     -6000.0     2700.0     66069999999.99999     0.25 
516000.0     4192191.488873656     -6000.0     2800.0     69780000000.0     0.25 
518000.0     4192191.488873656     -6000.0     2700.0     65410000000.0     0.25 
524000.0     4192191.488873656     -6000.0     2700.0     63770000000.0     0.25 
476000.0     4194191.488873656     -6000.0     2700.0     63770000000.0     0.25 
482000.0     4194191.488873656     -6000.0     2700.0     63770000000.0     0.25 
484000.0     4194191.488873656     -6000.0     2700.0     63770000000.0     0.25 
486000.0     4194191.488873656     -6000.0     2700.0     63770000000.0     0.25 
488000.0     4194191.488873656     -6000.0     2700.0     63770000000.0     0.25 
490000.0     4194191.488873656     -6000.0     2700.0     63770000000.0     0.25 
492000.0     4194191.488873656     -6000.0     2700.0     65739999999.99999     0.25 
494000.0     4194191.488873656     -6000.0     2700.0     65739999999.99999     0.25 
496000.0     4194191.488873656     -6000.0     2700.0     65080000000.0     0.25 
498000.0     4194191.488873656     -6000.0     2700.0     64750000000.0     0.25 
500000.0     4194191.488873656     -6000.0     2700.0     64750000000.0     0.25 
502000.0     4194191.488873656     -6000.0     2700.0     65080000000.0     0.25 
504000.0     4194191.488873656     -6000.0     2700.0     64099999999.99999     0.25 
506000.0     4194191.488873656     -6000.0     2700.0     63960000000.0     0.24 
508000.0     4194191.488873656     -6000.0     2700.0     64290000000.00001     0.24 
510000.0     4194191.488873656     -6000.0     2700.0     65599999999.99999     0.24 
512000.0     4194191.488873656     -6000.0     2700.0     64620000000.00001     0.24 
514000.0     4194191.488873656     -6000.0     2700.0     63770000000.0     0.25 
516000.0     4194191.488873656     -6000.0     2700.0     64420000000.0     0.25 
518000.0     4194191.488873656     -6000.0     2700.0     60590000000.0     0.25 
524000.0     4194191.488873656     -6000.0     2700.0     63770000000.0     0.25 
476000.0     4200191.488873656     -6000.0     2700.0     63130000000.0     0.25 
482000.0     4200191.488873656     -6000.0     2700.0     63770000000.0     0.25 
484000.0     4200191.488873656     -6000.0     2700.0     63770000000.0     0.25 
486000.0     4200191.488873656     -6000.0     2700.0     63450000000.0     0.25 
488000.0     4200191.488873656     -6000.0     2700.0     61670000000.0     0.25 
490000.0     4200191.488873656     -6000.0     2700.0     63900000000.0     0.25 
492000.0     4200191.488873656     -6000.0     2700.0     63260000000.0     0.25 
494000.0     4200191.488873656     -6000.0     2700.0     63580000000.0     0.25 
496000.0     4200191.488873656     -6000.0     2800.0     66730000000.00001     0.25 
498000.0     4200191.488873656     -6000.0     2700.0     65080000000.0     0.25 
500000.0     4200191.488873656     -6000.0     2700.0     64750000000.0     0.25 
502000.0     4200191.488873656     -6000.0     2700.0     64420000000.0     0.25 
504000.0     4200191.488873656     -6000.0     2700.0     64099999999.99999     0.25 
506000.0     4200191.488873656     -6000.0     2700.0     63770000000.0     0.25 
508000.0     4200191.488873656     -6000.0     2700.0     61390000000.0     0.24 
510000.0     4200191.488873656     -6000.0     2700.0     60590000000.0     0.25 
512000.0     4200191.488873656     -6000.0     2700.0     64550000000.0     0.25 
514000.0     4200191.488873656     -6000.0     2700.0     64230000000.00001     0.25 
516000.0     4200191.488873656     -6000.0     2700.0     59960000000.0     0.25 
518000.0     4200191.488873656     -6000.0     2700.0     64099999999.99999     0.25 
524000.0     4200191.488873656     -6000.0     2700.0     64420000000.0     0.25 
476000.0     4152191.488873656     -5000.0     2600.0     57510000000.0     0.25 
482000.0     4152191.488873656     -5000.0     2600.0     57510000000.0     0.25 
484000.0     4152191.488873656     -5000.0     2600.0     57510000000.0     0.25 
486000.0     4152191.488873656     -5000.0     2600.0     57510000000.0     0.25 
488000.0     4152191.488873656     -5000.0     2600.0     57210000000.0     0.25 
490000.0     4152191.488873656     -5000.0     2600.0     57510000000.0     0.25 
492000.0     4152191.488873656     -5000.0     2700.0     57810000000.0     0.25 
494000.0     4152191.488873656     -5000.0     2600.0     57510000000.0     0.25 
496000.0     4152191.488873656     -5000.0     2600.0     57510000000.0     0.25 
498000.0     4152191.488873656     -5000.0     2600.0     57510000000.0     0.25 
500000.0     4152191.488873656     -5000.0     2600.0     57510000000.0     0.25 
502000.0     4152191.488873656     -5000.0     2600.0     57510000000.0     0.25 
504000.0     4152191.488873656     -5000.0     2600.0     57510000000.0     0.25 
506000.0     4152191.488873656     -5000.0     2600.0     57510000000.0     0.25 
508000.0     4152191.488873656     -5000.0     2600.0     57510000000.0     0.25 
510000.0     4152191.488873656     -5000.0     2600.0     57510000000.0     0.25 
512000.0     4152191.488873656     -5000.0     2600.0     57510000000.0     0.25 
514000.0     4152191.488873656     -5000.0     2600.0     57510000000.0     0.25 
516000.0     4152191.488873656     -5000.0     2600.0     57510000000.0     0.25 
518000.0     4152191.488873656     -5000.0     2600.0     57510000000.0     0.25 
524000.0     4152191.488873656     -5000.0     2600.0     57510000000.0     0.25 
476000.0     4158191.488873656     -5000.0     2600.0     57510000000.0     0.25 
482000.0     4158191.488873656     -5000.0     2600.0     57510000000.0     0.25 
484000.0     4158191.488873656     -5000.0     2600.0     57510000000.0     0.25 
486000.0     4158191.488873656     -5000.0     2600.0     57510000000.0     0.25 
488000.0     4158191.488873656     -5000.0     2600.0     57510000000.0     0.25 
490000.0     4158191.488873656     -5000.0     2600.0     57210000000.0     0.25 
492000.0     4158191.488873656     -5000.0     2600.0     57510000000.0     0.25 
494000.0     4158191.488873656     -5000.0     2600.0     57510000000.0     0.25 
496000.0     4158191.488873656     -5000.0     2600.0     57510000000.0     0.25 
498000.0     4158191.488873656     -5000.0     2600.0     57510000000.0     0.25 
500000.0     4158191.488873656     -5000.0     2600.0     57510000000.0     0.25 
502000.0     4158191.488873656     -5000.0     2700.0     59340000000.0     0.25 
504000.0     4158191.488873656     -5000.0     2700.0     57810000000.0     0.25 
506000.0     4158191.488873656     -5000.0     2700.0     57810000000.0     0.25 
508000.0     4158191.488873656     -5000.0     2700.0     60590000000.0     0.25 
510000.0     4158191.488873656     -5000.0     2700.0     58420000000.0     0.25 
512000.0     4158191.488873656     -5000.0     2600.0     57510000000.0     0.25 
514000.0     4158191.488873656     -5000.0     2600.0     57510000000.0     0.25 
516000.0     4158191.488873656     -5000.0     2600.0     57510000000.0     0.25 
518000.0     4158191.488873656     -5000.0     2600.0     57510000000.0     0.25 
524000.0     4158191.488873656     -5000.0     2600.0     57510000000.0     0.25 
476000.0     4160191.488873656     -5000.0     2600.0     57510000000.0     0.25 
482000.0     4160191.488873656     -5000.0     2600.0     57510000000.0     0.25 
484000.0     4160191.488873656     -5000.0     2600.0     57510000000.0     0.25 
486000.0     4160191.488873656     -5000.0     2600.0     57510000000.0     0.25 
488000.0     4160191.488873656     -5000.0     2600.0     57510000000.0     0.25 
490000.0     4160191.488873656     -5000.0     2600.0     57510000000.0     0.25 
492000.0     4160191.488873656     -5000.0     2700.0     57810000000.0     0.25 
494000.0     4160191.488873656     -5000.0     2600.0     57510000000.0     0.25 
496000.0     4160191.488873656     -5000.0     2700.0     57810000000.0     0.25 
498000.0     4160191.488873656     -5000.0     2600.0     56610000000.0     0.25 
500000.0     4160191.488873656     -5000.0     2700.0     57810000000.0     0.25 
502000.0     4160191.488873656     -5000.0     2700.0     58120000000.0     0.25 
504000.0     4160191.488873656     -5000.0     2600.0     56610000000.0     0.25 
506000.0     4160191.488873656     -5000.0     2700.0     57810000000.0     0.25 
508000.0     4160191.488873656     -5000.0     2700.0     58730000000.0     0.25 
510000.0     4160191.488873656     -5000.0     2700.0     58730000000.0     0.25 
512000.0     4160191.488873656     -5000.0     2600.0     56610000000.0     0.25 
514000.0     4160191.488873656     -5000.0     2600.0     57510000000.0     0.25 
516000.0     4160191.488873656     -5000.0     2600.0     57510000000.0     0.25 
518000.0     4160191.488873656     -5000.0     2600.0     57510000000.0     0.25 
524000.0     4160191.488873656     -5000.0     2600.0     57510000000.0     0.25 
476000.0     4162191.488873656     -5000.0     2600.0     57210000000.0     0.25 
482000.0     4162191.488873656     -5000.0     2600.0     57510000000.0     0.25 
484000.0     4162191.488873656     -5000.0     2600.0     57510000000.0     0.25 
486000.0     4162191.488873656     -5000.0     2600.0     57510000000.0     0.25 
488000.0     4162191.488873656     -5000.0     2600.0     56910000000.0     0.25 
490000.0     4162191.488873656     -5000.0     2700.0     57810000000.0     0.25 
492000.0     4162191.488873656     -5000.0     2700.0     59040000000.0     0.25 
494000.0     4162191.488873656     -5000.0     2700.0     57810000000.0     0.25 
496000.0     4162191.488873656     -5000.0     2600.0     56610000000.0     0.25 
498000.0     4162191.488873656     -5000.0     2600.0     55120000000.0     0.25 
500000.0     4162191.488873656     -5000.0     2600.0     56610000000.0     0.25 
502000.0     4162191.488873656     -5000.0     2700.0     59040000000.0     0.25 
504000.0     4162191.488873656     -5000.0     2700.0     58730000000.0     0.25 
506000.0     4162191.488873656     -5000.0     2700.0     59960000000.0     0.25 
508000.0     4162191.488873656     -5000.0     2700.0     57810000000.0     0.25 
510000.0     4162191.488873656     -5000.0     2700.0     58120000000.0     0.25 
512000.0     4162191.488873656     -5000.0     2700.0     60590000000.0     0.25 
514000.0     4162191.488873656     -5000.0     2600.0     56910000000.0     0.25 
516000.0     4162191.488873656     -5000.0     2600.0     57510000000.0     0.25 
518000.0     4162191.488873656     -5000.0     2600.0     57510000000.0     0.25 
524000.0     4162191.488873656     -5000.0     2600.0     57510000000.0     0.25 
476000.0     4164191.488873656     -5000.0     2600.0     55710000000.0     0.25 
482000.0     4164191.488873656     -5000.0     2600.0     57210000000.0     0.25 
484000.0     4164191.488873656     -5000.0     2600.0     57510000000.0     0.25 
486000.0     4164191.488873656     -5000.0     2600.0     57510000000.0     0.25 
488000.0     4164191.488873656     -5000.0     2600.0     53380000000.0     0.25 
490000.0     4164191.488873656     -5000.0     2700.0     58120000000.0     0.25 
492000.0     4164191.488873656     -5000.0     2700.0     65530000000.0     0.25 
494000.0     4164191.488873656     -5000.0     2700.0     58730000000.0     0.25 
496000.0     4164191.488873656     -5000.0     2600.0     54240000000.0     0.26 
498000.0     4164191.488873656     -5000.0     2600.0     49720000000.0     0.25 
500000.0     4164191.488873656     -5000.0     2500.0     44670000000.0     0.25 
502000.0     4164191.488873656     -5000.0     2600.0     52090000000.0     0.25 
504000.0     4164191.488873656     -5000.0     2600.0     54540000000.0     0.25 
506000.0     4164191.488873656     -5000.0     2600.0     55420000000.0     0.25 
508000.0     4164191.488873656     -5000.0     2600.0     56450000000.0     0.25 
510000.0     4164191.488873656     -5000.0     2700.0     61390000000.0     0.24 
512000.0     4164191.488873656     -5000.0     2700.0     58730000000.0     0.25 
514000.0     4164191.488873656     -5000.0     2600.0     56010000000.0     0.25 
516000.0     4164191.488873656     -5000.0     2600.0     57510000000.0     0.25 
518000.0     4164191.488873656     -5000.0     2600.0     57510000000.0     0.25 
524000.0     4164191.488873656     -5000.0     2600.0     57510000000.0     0.25 
476000.0     4166191.488873656     -5000.0     2600.0     57510000000.0     0.25 
482000.0     4166191.488873656     -5000.0     2600.0     57510000000.0     0.25 
484000.0     4166191.488873656     -5000.0     2600.0     57510000000.0     0.25 
486000.0     4166191.488873656     -5000.0     2600.0     56610000000.0     0.25 
488000.0     4166191.488873656     -5000.0     2600.0     54680000000.0     0.25 
490000.0     4166191.488873656     -5000.0     2600.0     55400000000.0     0.26 
492000.0     4166191.488873656     -5000.0     2900.0     77820000000.0     0.26 
494000.0     4166191.488873656     -5000.0     2700.0     58950000000.0     0.27 
496000.0     4166191.488873656     -5000.0     2700.0     55960000000.0     0.27 
498000.0     4166191.488873656     -5000.0     2500.0     44570000000.0     0.25 
500000.0     4166191.488873656     -5000.0     2500.0     42060000000.0     0.25 
502000.0     4166191.488873656     -5000.0     2500.0     48770000000.0     0.25 
504000.0     4166191.488873656     -5000.0     2500.0     47400000000.0     0.24 
506000.0     4166191.488873656     -5000.0     2500.0     49440000000.0     0.25 
508000.0     4166191.488873656     -5000.0     2600.0     52520000000.0     0.25 
510000.0     4166191.488873656     -5000.0     2700.0     59960000000.0     0.25 
512000.0     4166191.488873656     -5000.0     2600.0     56310000000.0     0.25 
514000.0     4166191.488873656     -5000.0     2600.0     56310000000.0     0.25 
516000.0     4166191.488873656     -5000.0     2700.0     59340000000.0     0.25 
518000.0     4166191.488873656     -5000.0     2700.0     59340000000.0     0.25 
524000.0     4166191.488873656     -5000.0     2600.0     57510000000.0     0.25 
476000.0     4168191.488873656     -5000.0     2700.0     57810000000.0     0.25 
482000.0     4168191.488873656     -5000.0     2600.0     57510000000.0     0.25 
484000.0     4168191.488873656     -5000.0     2600.0     57510000000.0     0.25 
486000.0     4168191.488873656     -5000.0     2600.0     55420000000.0     0.25 
488000.0     4168191.488873656     -5000.0     2600.0     54540000000.0     0.25 
490000.0     4168191.488873656     -5000.0     2600.0     55120000000.0     0.25 
492000.0     4168191.488873656     -5000.0     2600.0     56910000000.0     0.25 
494000.0     4168191.488873656     -5000.0     2600.0     52370000000.0     0.26 
496000.0     4168191.488873656     -5000.0     2600.0     51940000000.0     0.27 
498000.0     4168191.488873656     -5000.0     2600.0     52520000000.0     0.25 
500000.0     4168191.488873656     -5000.0     2500.0     47620000000.0     0.24 
502000.0     4168191.488873656     -5000.0     2700.0     57010000000.0     0.26 
504000.0     4168191.488873656     -5000.0     2700.0     60230000000.0     0.26 
506000.0     4168191.488873656     -5000.0     2500.0     47580000000.0     0.26 
508000.0     4168191.488873656     -5000.0     2600.0     51810000000.0     0.25 
510000.0     4168191.488873656     -5000.0     2600.0     51390000000.0     0.25 
512000.0     4168191.488873656     -5000.0     2600.0     50140000000.0     0.25 
514000.0     4168191.488873656     -5000.0     2500.0     48630000000.0     0.25 
516000.0     4168191.488873656     -5000.0     2700.0     65410000000.0     0.25 
518000.0     4168191.488873656     -5000.0     2700.0     61850000000.0     0.25 
524000.0     4168191.488873656     -5000.0     2600.0     57510000000.0     0.25 
476000.0     4170191.488873656     -5000.0     2600.0     57510000000.0     0.25 
482000.0     4170191.488873656     -5000.0     2600.0     56610000000.0     0.25 
484000.0     4170191.488873656     -5000.0     2600.0     57510000000.0     0.25 
486000.0     4170191.488873656     -5000.0     2600.0     54250000000.0     0.25 
488000.0     4170191.488873656     -5000.0     2600.0     53960000000.0     0.25 
490000.0     4170191.488873656     -5000.0     2500.0     49970000000.0     0.24 
492000.0     4170191.488873656     -5000.0     2500.0     45810000000.0     0.24 
494000.0     4170191.488873656     -5000.0     2400.0     40210000000.0     0.25 
496000.0     4170191.488873656     -5000.0     2400.0     39580000000.0     0.24 
498000.0     4170191.488873656     -5000.0     2500.0     47130000000.0     0.24 
500000.0     4170191.488873656     -5000.0     2600.0     58130000000.0     0.24 
502000.0     4170191.488873656     -5000.0     2800.0     66650000000.00001     0.26 
504000.0     4170191.488873656     -5000.0     2800.0     73030000000.0     0.25 
506000.0     4170191.488873656     -5000.0     2700.0     57180000000.0     0.26 
508000.0     4170191.488873656     -5000.0     2700.0     62750000000.0     0.26 
510000.0     4170191.488873656     -5000.0     2600.0     52520000000.0     0.25 
512000.0     4170191.488873656     -5000.0     2500.0     46900000000.0     0.25 
514000.0     4170191.488873656     -5000.0     2600.0     49990000000.0     0.25 
516000.0     4170191.488873656     -5000.0     2700.0     59340000000.0     0.25 
518000.0     4170191.488873656     -5000.0     2700.0     58120000000.0     0.25 
524000.0     4170191.488873656     -5000.0     2600.0     57510000000.0     0.25 
476000.0     4172191.488873656     -5000.0     2600.0     57510000000.0     0.25 
482000.0     4172191.488873656     -5000.0     2600.0     56610000000.0     0.25 
484000.0     4172191.488873656     -5000.0     2600.0     57510000000.0     0.25 
486000.0     4172191.488873656     -5000.0     2600.0     54540000000.0     0.25 
488000.0     4172191.488873656     -5000.0     2600.0     51670000000.0     0.25 
490000.0     4172191.488873656     -5000.0     2500.0     43500000000.0     0.24 
492000.0     4172191.488873656     -5000.0     2400.0     39740000000.0     0.24 
494000.0     4172191.488873656     -5000.0     2400.0     39900000000.0     0.24 
496000.0     4172191.488873656     -5000.0     2500.0     44360000000.0     0.24 
498000.0     4172191.488873656     -5000.0     2600.0     53960000000.0     0.25 
500000.0     4172191.488873656     -5000.0     2800.0     75420000000.0     0.25 
502000.0     4172191.488873656     -5000.0     2900.0     83160000000.0     0.24 
504000.0     4172191.488873656     -5000.0     2900.0     78610000000.0     0.24 
506000.0     4172191.488873656     -5000.0     2800.0     72680000000.0     0.25 
508000.0     4172191.488873656     -5000.0     2500.0     47430000000.0     0.25 
510000.0     4172191.488873656     -5000.0     2400.0     39110000000.0     0.24 
512000.0     4172191.488873656     -5000.0     2500.0     44670000000.0     0.25 
514000.0     4172191.488873656     -5000.0     2500.0     47550000000.0     0.25 
516000.0     4172191.488873656     -5000.0     2600.0     51110000000.0     0.25 
518000.0     4172191.488873656     -5000.0     2600.0     55420000000.0     0.25 
524000.0     4172191.488873656     -5000.0     2600.0     57510000000.0     0.25 
476000.0     4174191.488873656     -5000.0     2700.0     57810000000.0     0.25 
482000.0     4174191.488873656     -5000.0     2700.0     58120000000.0     0.25 
484000.0     4174191.488873656     -5000.0     2600.0     56310000000.0     0.25 
486000.0     4174191.488873656     -5000.0     2600.0     54830000000.0     0.25 
488000.0     4174191.488873656     -5000.0     2600.0     53090000000.0     0.25 
490000.0     4174191.488873656     -5000.0     2500.0     49050000000.0     0.25 
492000.0     4174191.488873656     -5000.0     2600.0     47990000000.0     0.27 
494000.0     4174191.488873656     -5000.0     2400.0     39950000000.0     0.26 
496000.0     4174191.488873656     -5000.0     2500.0     44310000000.0     0.25 
498000.0     4174191.488873656     -5000.0     2800.0     74320000000.0     0.24 
500000.0     4174191.488873656     -5000.0     2900.0     78350000000.0     0.25 
502000.0     4174191.488873656     -5000.0     3000.0     93020000000.0     0.24 
504000.0     4174191.488873656     -5000.0     3000.0     92700000000.0     0.24 
506000.0     4174191.488873656     -5000.0     2700.0     64230000000.00001     0.25 
508000.0     4174191.488873656     -5000.0     2600.0     49320000000.0     0.25 
510000.0     4174191.488873656     -5000.0     2400.0     40420000000.0     0.26 
512000.0     4174191.488873656     -5000.0     2500.0     45110000000.0     0.26 
514000.0     4174191.488873656     -5000.0     2500.0     42060000000.0     0.25 
516000.0     4174191.488873656     -5000.0     2500.0     47820000000.0     0.25 
518000.0     4174191.488873656     -5000.0     2600.0     55420000000.0     0.25 
524000.0     4174191.488873656     -5000.0     2600.0     57510000000.0     0.25 
476000.0     4176191.488873656     -5000.0     2700.0     58420000000.0     0.25 
482000.0     4176191.488873656     -5000.0     2600.0     57510000000.0     0.25 
484000.0     4176191.488873656     -5000.0     2700.0     63190000000.0     0.26 
486000.0     4176191.488873656     -5000.0     2700.0     62670000000.0     0.27 
488000.0     4176191.488873656     -5000.0     2700.0     60670000000.0     0.26 
490000.0     4176191.488873656     -5000.0     2700.0     58280000000.0     0.27 
492000.0     4176191.488873656     -5000.0     2600.0     56150000000.0     0.25 
494000.0     4176191.488873656     -5000.0     2500.0     45970000000.0     0.25 
496000.0     4176191.488873656     -5000.0     2500.0     42900000000.0     0.25 
498000.0     4176191.488873656     -5000.0     2600.0     52350000000.0     0.24 
500000.0     4176191.488873656     -5000.0     2700.0     66660000000.0     0.24 
502000.0     4176191.488873656     -5000.0     2600.0     57210000000.0     0.23 
504000.0     4176191.488873656     -5000.0     2900.0     80970000000.0     0.25 
506000.0     4176191.488873656     -5000.0     2500.0     48110000000.0     0.26 
508000.0     4176191.488873656     -5000.0     2400.0     35970000000.0     0.28 
510000.0     4176191.488873656     -5000.0     2500.0     46260000000.0     0.26 
512000.0     4176191.488873656     -5000.0     2500.0     43810000000.0     0.25 
514000.0     4176191.488873656     -5000.0     2500.0     42310000000.0     0.25 
516000.0     4176191.488873656     -5000.0     2500.0     49440000000.0     0.25 
518000.0     4176191.488873656     -5000.0     2600.0     55420000000.0     0.25 
524000.0     4176191.488873656     -5000.0     2600.0     57510000000.0     0.25 
476000.0     4178191.488873656     -5000.0     2600.0     57510000000.0     0.25 
482000.0     4178191.488873656     -5000.0     2700.0     60590000000.0     0.25 
484000.0     4178191.488873656     -5000.0     2600.0     57510000000.0     0.25 
486000.0     4178191.488873656     -5000.0     2600.0     56450000000.0     0.25 
488000.0     4178191.488873656     -5000.0     2600.0     53520000000.0     0.25 
490000.0     4178191.488873656     -5000.0     2600.0     56750000000.0     0.25 
492000.0     4178191.488873656     -5000.0     2600.0     56460000000.0     0.24 
494000.0     4178191.488873656     -5000.0     2700.0     59840000000.0     0.24 
496000.0     4178191.488873656     -5000.0     2500.0     47620000000.0     0.24 
498000.0     4178191.488873656     -5000.0     2400.0     41110000000.0     0.24 
500000.0     4178191.488873656     -5000.0     2700.0     61250000000.0     0.24 
502000.0     4178191.488873656     -5000.0     2800.0     78610000000.0     0.23 
504000.0     4178191.488873656     -5000.0     2600.0     53370000000.0     0.24 
506000.0     4178191.488873656     -5000.0     2500.0     49530000000.0     0.24 
508000.0     4178191.488873656     -5000.0     2500.0     43850000000.0     0.26 
510000.0     4178191.488873656     -5000.0     2600.0     54340000000.0     0.27 
512000.0     4178191.488873656     -5000.0     2700.0     58320000000.0     0.28 
514000.0     4178191.488873656     -5000.0     2600.0     51530000000.0     0.26 
516000.0     4178191.488873656     -5000.0     2600.0     55420000000.0     0.25 
518000.0     4178191.488873656     -5000.0     2600.0     56010000000.0     0.25 
524000.0     4178191.488873656     -5000.0     2600.0     57510000000.0     0.25 
476000.0     4180191.488873656     -5000.0     2600.0     57510000000.0     0.25 
482000.0     4180191.488873656     -5000.0     2600.0     57510000000.0     0.25 
484000.0     4180191.488873656     -5000.0     2600.0     56010000000.0     0.25 
486000.0     4180191.488873656     -5000.0     2700.0     60900000000.0     0.25 
488000.0     4180191.488873656     -5000.0     2700.0     58420000000.0     0.25 
490000.0     4180191.488873656     -5000.0     2600.0     54680000000.0     0.25 
492000.0     4180191.488873656     -5000.0     2600.0     56150000000.0     0.25 
494000.0     4180191.488873656     -5000.0     2800.0     67090000000.0     0.26 
496000.0     4180191.488873656     -5000.0     2600.0     57980000000.0     0.24 
498000.0     4180191.488873656     -5000.0     2700.0     58750000000.0     0.24 
500000.0     4180191.488873656     -5000.0     2600.0     56000000000.0     0.23 
502000.0     4180191.488873656     -5000.0     2700.0     63310000000.0     0.27 
504000.0     4180191.488873656     -5000.0     2600.0     54180000000.0     0.27 
506000.0     4180191.488873656     -5000.0     2300.0     34580000000.0     0.24 
508000.0     4180191.488873656     -5000.0     2400.0     42340000000.0     0.24 
510000.0     4180191.488873656     -5000.0     2600.0     50270000000.0     0.27 
512000.0     4180191.488873656     -5000.0     2600.0     52640000000.0     0.27 
514000.0     4180191.488873656     -5000.0     2500.0     47970000000.0     0.25 
516000.0     4180191.488873656     -5000.0     2700.0     57010000000.0     0.26 
518000.0     4180191.488873656     -5000.0     2700.0     58260000000.0     0.25 
524000.0     4180191.488873656     -5000.0     2600.0     57510000000.0     0.25 
476000.0     4182191.488873656     -5000.0     2600.0     57510000000.0     0.25 
482000.0     4182191.488873656     -5000.0     2600.0     57510000000.0     0.25 
484000.0     4182191.488873656     -5000.0     2600.0     56310000000.0     0.25 
486000.0     4182191.488873656     -5000.0     2700.0     58280000000.0     0.24 
488000.0     4182191.488873656     -5000.0     2700.0     61080000000.0     0.24 
490000.0     4182191.488873656     -5000.0     2700.0     65530000000.0     0.25 
492000.0     4182191.488873656     -5000.0     2600.0     56010000000.0     0.25 
494000.0     4182191.488873656     -5000.0     2600.0     55400000000.0     0.26 
496000.0     4182191.488873656     -5000.0     2600.0     50690000000.0     0.25 
498000.0     4182191.488873656     -5000.0     2600.0     52660000000.0     0.24 
500000.0     4182191.488873656     -5000.0     2500.0     44420000000.0     0.25 
502000.0     4182191.488873656     -5000.0     2600.0     55120000000.0     0.25 
504000.0     4182191.488873656     -5000.0     2600.0     54950000000.0     0.26 
506000.0     4182191.488873656     -5000.0     2600.0     53790000000.0     0.26 
508000.0     4182191.488873656     -5000.0     2700.0     55960000000.0     0.27 
510000.0     4182191.488873656     -5000.0     2600.0     51800000000.0     0.27 
512000.0     4182191.488873656     -5000.0     2500.0     44210000000.0     0.26 
514000.0     4182191.488873656     -5000.0     2600.0     56620000000.0     0.24 
516000.0     4182191.488873656     -5000.0     2700.0     58730000000.0     0.25 
518000.0     4182191.488873656     -5000.0     2700.0     57950000000.0     0.25 
524000.0     4182191.488873656     -5000.0     2600.0     57510000000.0     0.25 
476000.0     4184191.488873656     -5000.0     2600.0     57510000000.0     0.25 
482000.0     4184191.488873656     -5000.0     2600.0     57510000000.0     0.25 
484000.0     4184191.488873656     -5000.0     2600.0     57210000000.0     0.25 
486000.0     4184191.488873656     -5000.0     2600.0     57510000000.0     0.25 
488000.0     4184191.488873656     -5000.0     2600.0     55710000000.0     0.25 
490000.0     4184191.488873656     -5000.0     2700.0     63070000000.0     0.26 
492000.0     4184191.488873656     -5000.0     2600.0     56010000000.0     0.25 
494000.0     4184191.488873656     -5000.0     2600.0     54100000000.0     0.24 
496000.0     4184191.488873656     -5000.0     2700.0     61480000000.0     0.26 
498000.0     4184191.488873656     -5000.0     2600.0     57050000000.0     0.25 
500000.0     4184191.488873656     -5000.0     2600.0     50550000000.0     0.25 
502000.0     4184191.488873656     -5000.0     2700.0     58280000000.0     0.24 
504000.0     4184191.488873656     -5000.0     2700.0     58090000000.0     0.26 
506000.0     4184191.488873656     -5000.0     2700.0     57350000000.0     0.25 
508000.0     4184191.488873656     -5000.0     2700.0     58690000000.0     0.26 
510000.0     4184191.488873656     -5000.0     2600.0     51810000000.0     0.25 
512000.0     4184191.488873656     -5000.0     2600.0     50280000000.0     0.26 
514000.0     4184191.488873656     -5000.0     2700.0     58390000000.0     0.26 
516000.0     4184191.488873656     -5000.0     2600.0     56610000000.0     0.25 
518000.0     4184191.488873656     -5000.0     2600.0     55560000000.0     0.25 
524000.0     4184191.488873656     -5000.0     2600.0     57510000000.0     0.25 
476000.0     4186191.488873656     -5000.0     2600.0     57510000000.0     0.25 
482000.0     4186191.488873656     -5000.0     2600.0     57510000000.0     0.25 
484000.0     4186191.488873656     -5000.0     2600.0     57510000000.0     0.25 
486000.0     4186191.488873656     -5000.0     2600.0     56610000000.0     0.25 
488000.0     4186191.488873656     -5000.0     2700.0     58560000000.0     0.25 
490000.0     4186191.488873656     -5000.0     2600.0     56580000000.0     0.26 
492000.0     4186191.488873656     -5000.0     2600.0     53090000000.0     0.26 
494000.0     4186191.488873656     -5000.0     2600.0     54530000000.0     0.26 
496000.0     4186191.488873656     -5000.0     2600.0     56150000000.0     0.25 
498000.0     4186191.488873656     -5000.0     2700.0     57650000000.0     0.25 
500000.0     4186191.488873656     -5000.0     2700.0     58560000000.0     0.25 
502000.0     4186191.488873656     -5000.0     2700.0     59860000000.0     0.27 
504000.0     4186191.488873656     -5000.0     2700.0     58090000000.0     0.26 
506000.0     4186191.488873656     -5000.0     2600.0     55120000000.0     0.25 
508000.0     4186191.488873656     -5000.0     2700.0     57810000000.0     0.25 
510000.0     4186191.488873656     -5000.0     2600.0     55560000000.0     0.25 
512000.0     4186191.488873656     -5000.0     2600.0     52380000000.0     0.25 
514000.0     4186191.488873656     -5000.0     2600.0     54540000000.0     0.25 
516000.0     4186191.488873656     -5000.0     2700.0     58900000000.0     0.24 
518000.0     4186191.488873656     -5000.0     2600.0     55710000000.0     0.25 
524000.0     4186191.488873656     -5000.0     2600.0     57510000000.0     0.25 
476000.0     4188191.488873656     -5000.0     2600.0     57510000000.0     0.25 
482000.0     4188191.488873656     -5000.0     2600.0     57510000000.0     0.25 
484000.0     4188191.488873656     -5000.0     2600.0     57510000000.0     0.25 
486000.0     4188191.488873656     -5000.0     2600.0     57510000000.0     0.25 
488000.0     4188191.488873656     -5000.0     2700.0     58730000000.0     0.25 
490000.0     4188191.488873656     -5000.0     2700.0     57180000000.0     0.26 
492000.0     4188191.488873656     -5000.0     2600.0     53370000000.0     0.26 
494000.0     4188191.488873656     -5000.0     2600.0     54100000000.0     0.25 
496000.0     4188191.488873656     -5000.0     2600.0     56610000000.0     0.25 
498000.0     4188191.488873656     -5000.0     2700.0     59000000000.0     0.26 
500000.0     4188191.488873656     -5000.0     2600.0     56750000000.0     0.25 
502000.0     4188191.488873656     -5000.0     2700.0     61980000000.0     0.25 
504000.0     4188191.488873656     -5000.0     2600.0     55420000000.0     0.25 
506000.0     4188191.488873656     -5000.0     2600.0     56610000000.0     0.25 
508000.0     4188191.488873656     -5000.0     2700.0     59510000000.0     0.24 
510000.0     4188191.488873656     -5000.0     2800.0     66860000000.0     0.25 
512000.0     4188191.488873656     -5000.0     2700.0     59960000000.0     0.25 
514000.0     4188191.488873656     -5000.0     2600.0     55710000000.0     0.25 
516000.0     4188191.488873656     -5000.0     2700.0     61220000000.0     0.25 
518000.0     4188191.488873656     -5000.0     2700.0     58120000000.0     0.25 
524000.0     4188191.488873656     -5000.0     2600.0     57510000000.0     0.25 
476000.0     4190191.488873656     -5000.0     2600.0     57510000000.0     0.25 
482000.0     4190191.488873656     -5000.0     2600.0     57510000000.0     0.25 
484000.0     4190191.488873656     -5000.0     2600.0     57510000000.0     0.25 
486000.0     4190191.488873656     -5000.0     2600.0     57510000000.0     0.25 
488000.0     4190191.488873656     -5000.0     2600.0     57510000000.0     0.25 
490000.0     4190191.488873656     -5000.0     2700.0     57810000000.0     0.25 
492000.0     4190191.488873656     -5000.0     2600.0     57050000000.0     0.25 
494000.0     4190191.488873656     -5000.0     2700.0     60100000000.0     0.25 
496000.0     4190191.488873656     -5000.0     2700.0     60590000000.0     0.25 
498000.0     4190191.488873656     -5000.0     2700.0     59650000000.0     0.25 
500000.0     4190191.488873656     -5000.0     2700.0     59040000000.0     0.25 
502000.0     4190191.488873656     -5000.0     2700.0     57810000000.0     0.25 
504000.0     4190191.488873656     -5000.0     2600.0     56610000000.0     0.25 
506000.0     4190191.488873656     -5000.0     2600.0     56610000000.0     0.25 
508000.0     4190191.488873656     -5000.0     2600.0     52230000000.0     0.25 
510000.0     4190191.488873656     -5000.0     2600.0     57370000000.0     0.24 
512000.0     4190191.488873656     -5000.0     2700.0     60280000000.0     0.25 
514000.0     4190191.488873656     -5000.0     2700.0     59170000000.0     0.25 
516000.0     4190191.488873656     -5000.0     2700.0     61530000000.0     0.25 
518000.0     4190191.488873656     -5000.0     2700.0     59650000000.0     0.25 
524000.0     4190191.488873656     -5000.0     2600.0     57510000000.0     0.25 
476000.0     4192191.488873656     -5000.0     2600.0     57510000000.0     0.25 
482000.0     4192191.488873656     -5000.0     2600.0     57510000000.0     0.25 
484000.0     4192191.488873656     -5000.0     2600.0     57510000000.0     0.25 
486000.0     4192191.488873656     -5000.0     2600.0     57510000000.0     0.25 
488000.0     4192191.488873656     -5000.0     2600.0     57510000000.0     0.25 
490000.0     4192191.488873656     -5000.0     2700.0     57810000000.0     0.25 
492000.0     4192191.488873656     -5000.0     2700.0     63580000000.0     0.25 
494000.0     4192191.488873656     -5000.0     2600.0     57510000000.0     0.25 
496000.0     4192191.488873656     -5000.0     2600.0     56310000000.0     0.25 
498000.0     4192191.488873656     -5000.0     2700.0     57810000000.0     0.25 
500000.0     4192191.488873656     -5000.0     2700.0     58730000000.0     0.25 
502000.0     4192191.488873656     -5000.0     2600.0     57510000000.0     0.25 
504000.0     4192191.488873656     -5000.0     2600.0     57210000000.0     0.25 
506000.0     4192191.488873656     -5000.0     2600.0     57510000000.0     0.25 
508000.0     4192191.488873656     -5000.0     2600.0     53790000000.0     0.24 
510000.0     4192191.488873656     -5000.0     2600.0     58440000000.0     0.24 
512000.0     4192191.488873656     -5000.0     2700.0     66069999999.99999     0.25 
514000.0     4192191.488873656     -5000.0     2700.0     60590000000.0     0.25 
516000.0     4192191.488873656     -5000.0     2700.0     59960000000.0     0.25 
518000.0     4192191.488873656     -5000.0     2700.0     60900000000.0     0.25 
524000.0     4192191.488873656     -5000.0     2600.0     57510000000.0     0.25 
476000.0     4194191.488873656     -5000.0     2600.0     57510000000.0     0.25 
482000.0     4194191.488873656     -5000.0     2600.0     57510000000.0     0.25 
484000.0     4194191.488873656     -5000.0     2600.0     57510000000.0     0.25 
486000.0     4194191.488873656     -5000.0     2600.0     57510000000.0     0.25 
488000.0     4194191.488873656     -5000.0     2600.0     57510000000.0     0.25 
490000.0     4194191.488873656     -5000.0     2600.0     57510000000.0     0.25 
492000.0     4194191.488873656     -5000.0     2700.0     58420000000.0     0.25 
494000.0     4194191.488873656     -5000.0     2700.0     58730000000.0     0.25 
496000.0     4194191.488873656     -5000.0     2600.0     57510000000.0     0.25 
498000.0     4194191.488873656     -5000.0     2600.0     57510000000.0     0.25 
500000.0     4194191.488873656     -5000.0     2600.0     57510000000.0     0.25 
502000.0     4194191.488873656     -5000.0     2600.0     57510000000.0     0.25 
504000.0     4194191.488873656     -5000.0     2600.0     57510000000.0     0.25 
506000.0     4194191.488873656     -5000.0     2600.0     57510000000.0     0.25 
508000.0     4194191.488873656     -5000.0     2700.0     58280000000.0     0.24 
510000.0     4194191.488873656     -5000.0     2600.0     57370000000.0     0.24 
512000.0     4194191.488873656     -5000.0     2700.0     59200000000.0     0.24 
514000.0     4194191.488873656     -5000.0     2700.0     59340000000.0     0.25 
516000.0     4194191.488873656     -5000.0     2700.0     59960000000.0     0.25 
518000.0     4194191.488873656     -5000.0     2700.0     59040000000.0     0.25 
524000.0     4194191.488873656     -5000.0     2600.0     57510000000.0     0.25 
476000.0     4200191.488873656     -5000.0     2600.0     57210000000.0     0.25 
482000.0     4200191.488873656     -5000.0     2600.0     57510000000.0     0.25 
484000.0     4200191.488873656     -5000.0     2600.0     57510000000.0     0.25 
486000.0     4200191.488873656     -5000.0     2600.0     57510000000.0     0.25 
488000.0     4200191.488873656     -5000.0     2600.0     56610000000.0     0.25 
490000.0     4200191.488873656     -5000.0     2600.0     57050000000.0     0.25 
492000.0     4200191.488873656     -5000.0     2600.0     57510000000.0     0.25 
494000.0     4200191.488873656     -5000.0     2700.0     59960000000.0     0.25 
496000.0     4200191.488873656     -5000.0     2700.0     58420000000.0     0.25 
498000.0     4200191.488873656     -5000.0     2700.0     57810000000.0     0.25 
500000.0     4200191.488873656     -5000.0     2600.0     57510000000.0     0.25 
502000.0     4200191.488873656     -5000.0     2600.0     57510000000.0     0.25 
504000.0     4200191.488873656     -5000.0     2600.0     57510000000.0     0.25 
506000.0     4200191.488873656     -5000.0     2600.0     57510000000.0     0.25 
508000.0     4200191.488873656     -5000.0     2700.0     57810000000.0     0.25 
510000.0     4200191.488873656     -5000.0     2600.0     56310000000.0     0.25 
512000.0     4200191.488873656     -5000.0     2700.0     58260000000.0     0.25 
514000.0     4200191.488873656     -5000.0     2700.0     59650000000.0     0.25 
516000.0     4200191.488873656     -5000.0     2600.0     54100000000.0     0.24 
518000.0     4200191.488873656     -5000.0     2600.0     54250000000.0     0.25 
524000.0     4200191.488873656     -5000.0     2700.0     58420000000.0     0.25 
476000.0     4152191.488873656     -4000.0     2500.0     48900000000.0     0.25 
482000.0     4152191.488873656     -4000.0     2500.0     48900000000.0     0.25 
484000.0     4152191.488873656     -4000.0     2500.0     49170000000.0     0.25 
486000.0     4152191.488873656     -4000.0     2500.0     49170000000.0     0.25 
488000.0     4152191.488873656     -4000.0     2500.0     48630000000.0     0.25 
490000.0     4152191.488873656     -4000.0     2500.0     48090000000.0     0.25 
492000.0     4152191.488873656     -4000.0     2500.0     48900000000.0     0.25 
494000.0     4152191.488873656     -4000.0     2500.0     48900000000.0     0.25 
496000.0     4152191.488873656     -4000.0     2500.0     48900000000.0     0.25 
498000.0     4152191.488873656     -4000.0     2500.0     48900000000.0     0.25 
500000.0     4152191.488873656     -4000.0     2500.0     48900000000.0     0.25 
502000.0     4152191.488873656     -4000.0     2500.0     48900000000.0     0.25 
504000.0     4152191.488873656     -4000.0     2500.0     49170000000.0     0.25 
506000.0     4152191.488873656     -4000.0     2500.0     49440000000.0     0.25 
508000.0     4152191.488873656     -4000.0     2500.0     48900000000.0     0.25 
510000.0     4152191.488873656     -4000.0     2500.0     48900000000.0     0.25 
512000.0     4152191.488873656     -4000.0     2500.0     48900000000.0     0.25 
514000.0     4152191.488873656     -4000.0     2500.0     48900000000.0     0.25 
516000.0     4152191.488873656     -4000.0     2500.0     48900000000.0     0.25 
518000.0     4152191.488873656     -4000.0     2500.0     48900000000.0     0.25 
524000.0     4152191.488873656     -4000.0     2500.0     48900000000.0     0.25 
476000.0     4158191.488873656     -4000.0     2500.0     48900000000.0     0.25 
482000.0     4158191.488873656     -4000.0     2500.0     48900000000.0     0.25 
484000.0     4158191.488873656     -4000.0     2500.0     48900000000.0     0.25 
486000.0     4158191.488873656     -4000.0     2500.0     48900000000.0     0.25 
488000.0     4158191.488873656     -4000.0     2500.0     48900000000.0     0.25 
490000.0     4158191.488873656     -4000.0     2500.0     48900000000.0     0.25 
492000.0     4158191.488873656     -4000.0     2500.0     48900000000.0     0.25 
494000.0     4158191.488873656     -4000.0     2500.0     48900000000.0     0.25 
496000.0     4158191.488873656     -4000.0     2500.0     48900000000.0     0.25 
498000.0     4158191.488873656     -4000.0     2500.0     48900000000.0     0.25 
500000.0     4158191.488873656     -4000.0     2500.0     48900000000.0     0.25 
502000.0     4158191.488873656     -4000.0     2500.0     49440000000.0     0.25 
504000.0     4158191.488873656     -4000.0     2500.0     49440000000.0     0.25 
506000.0     4158191.488873656     -4000.0     2500.0     48360000000.0     0.25 
508000.0     4158191.488873656     -4000.0     2600.0     51110000000.0     0.25 
510000.0     4158191.488873656     -4000.0     2500.0     49440000000.0     0.25 
512000.0     4158191.488873656     -4000.0     2500.0     48900000000.0     0.25 
514000.0     4158191.488873656     -4000.0     2500.0     48900000000.0     0.25 
516000.0     4158191.488873656     -4000.0     2500.0     48900000000.0     0.25 
518000.0     4158191.488873656     -4000.0     2500.0     48900000000.0     0.25 
524000.0     4158191.488873656     -4000.0     2500.0     48900000000.0     0.25 
476000.0     4160191.488873656     -4000.0     2500.0     48900000000.0     0.25 
482000.0     4160191.488873656     -4000.0     2500.0     48900000000.0     0.25 
484000.0     4160191.488873656     -4000.0     2500.0     48900000000.0     0.25 
486000.0     4160191.488873656     -4000.0     2500.0     48900000000.0     0.25 
488000.0     4160191.488873656     -4000.0     2500.0     48900000000.0     0.25 
490000.0     4160191.488873656     -4000.0     2500.0     49170000000.0     0.25 
492000.0     4160191.488873656     -4000.0     2500.0     48630000000.0     0.25 
494000.0     4160191.488873656     -4000.0     2500.0     49170000000.0     0.25 
496000.0     4160191.488873656     -4000.0     2500.0     49170000000.0     0.25 
498000.0     4160191.488873656     -4000.0     2500.0     48900000000.0     0.25 
500000.0     4160191.488873656     -4000.0     2500.0     49170000000.0     0.25 
502000.0     4160191.488873656     -4000.0     2500.0     48900000000.0     0.25 
504000.0     4160191.488873656     -4000.0     2500.0     48900000000.0     0.25 
506000.0     4160191.488873656     -4000.0     2600.0     49720000000.0     0.25 
508000.0     4160191.488873656     -4000.0     2600.0     49720000000.0     0.25 
510000.0     4160191.488873656     -4000.0     2500.0     47820000000.0     0.25 
512000.0     4160191.488873656     -4000.0     2500.0     48360000000.0     0.25 
514000.0     4160191.488873656     -4000.0     2500.0     48900000000.0     0.25 
516000.0     4160191.488873656     -4000.0     2500.0     48900000000.0     0.25 
518000.0     4160191.488873656     -4000.0     2500.0     48900000000.0     0.25 
524000.0     4160191.488873656     -4000.0     2500.0     48900000000.0     0.25 
476000.0     4162191.488873656     -4000.0     2500.0     47550000000.0     0.25 
482000.0     4162191.488873656     -4000.0     2500.0     48900000000.0     0.25 
484000.0     4162191.488873656     -4000.0     2500.0     48900000000.0     0.25 
486000.0     4162191.488873656     -4000.0     2500.0     48900000000.0     0.25 
488000.0     4162191.488873656     -4000.0     2500.0     47550000000.0     0.25 
490000.0     4162191.488873656     -4000.0     2500.0     49440000000.0     0.25 
492000.0     4162191.488873656     -4000.0     2500.0     49170000000.0     0.25 
494000.0     4162191.488873656     -4000.0     2500.0     48630000000.0     0.25 
496000.0     4162191.488873656     -4000.0     2500.0     48200000000.0     0.24 
498000.0     4162191.488873656     -4000.0     2500.0     46750000000.0     0.25 
500000.0     4162191.488873656     -4000.0     2500.0     44420000000.0     0.25 
502000.0     4162191.488873656     -4000.0     2500.0     48900000000.0     0.25 
504000.0     4162191.488873656     -4000.0     2500.0     49170000000.0     0.25 
506000.0     4162191.488873656     -4000.0     2600.0     50270000000.0     0.25 
508000.0     4162191.488873656     -4000.0     2500.0     48630000000.0     0.25 
510000.0     4162191.488873656     -4000.0     2500.0     48900000000.0     0.25 
512000.0     4162191.488873656     -4000.0     2600.0     54540000000.0     0.25 
514000.0     4162191.488873656     -4000.0     2500.0     47550000000.0     0.25 
516000.0     4162191.488873656     -4000.0     2500.0     48900000000.0     0.25 
518000.0     4162191.488873656     -4000.0     2500.0     48900000000.0     0.25 
524000.0     4162191.488873656     -4000.0     2500.0     48900000000.0     0.25 
476000.0     4164191.488873656     -4000.0     2500.0     47280000000.0     0.25 
482000.0     4164191.488873656     -4000.0     2500.0     48900000000.0     0.25 
484000.0     4164191.488873656     -4000.0     2500.0     48900000000.0     0.25 
486000.0     4164191.488873656     -4000.0     2500.0     48900000000.0     0.25 
488000.0     4164191.488873656     -4000.0     2500.0     42750000000.0     0.24 
490000.0     4164191.488873656     -4000.0     2500.0     48900000000.0     0.25 
492000.0     4164191.488873656     -4000.0     2600.0     53380000000.0     0.25 
494000.0     4164191.488873656     -4000.0     2600.0     49190000000.0     0.26 
496000.0     4164191.488873656     -4000.0     2500.0     47050000000.0     0.26 
498000.0     4164191.488873656     -4000.0     2500.0     43150000000.0     0.25 
500000.0     4164191.488873656     -4000.0     2400.0     36660000000.0     0.25 
502000.0     4164191.488873656     -4000.0     2500.0     44820000000.0     0.25 
504000.0     4164191.488873656     -4000.0     2500.0     45190000000.0     0.25 
506000.0     4164191.488873656     -4000.0     2500.0     45190000000.0     0.25 
508000.0     4164191.488873656     -4000.0     2500.0     47170000000.0     0.25 
510000.0     4164191.488873656     -4000.0     2500.0     48900000000.0     0.25 
512000.0     4164191.488873656     -4000.0     2500.0     49440000000.0     0.25 
514000.0     4164191.488873656     -4000.0     2500.0     48630000000.0     0.25 
516000.0     4164191.488873656     -4000.0     2500.0     48900000000.0     0.25 
518000.0     4164191.488873656     -4000.0     2500.0     48900000000.0     0.25 
524000.0     4164191.488873656     -4000.0     2500.0     48900000000.0     0.25 
476000.0     4166191.488873656     -4000.0     2500.0     49170000000.0     0.25 
482000.0     4166191.488873656     -4000.0     2500.0     48900000000.0     0.25 
484000.0     4166191.488873656     -4000.0     2500.0     48900000000.0     0.25 
486000.0     4166191.488873656     -4000.0     2500.0     48900000000.0     0.25 
488000.0     4166191.488873656     -4000.0     2500.0     43810000000.0     0.25 
490000.0     4166191.488873656     -4000.0     2500.0     46260000000.0     0.26 
492000.0     4166191.488873656     -4000.0     2600.0     56580000000.0     0.26 
494000.0     4166191.488873656     -4000.0     2600.0     48920000000.0     0.27 
496000.0     4166191.488873656     -4000.0     2600.0     51650000000.0     0.27 
498000.0     4166191.488873656     -4000.0     2400.0     40850000000.0     0.25 
500000.0     4166191.488873656     -4000.0     2400.0     38250000000.0     0.25 
502000.0     4166191.488873656     -4000.0     2500.0     44820000000.0     0.25 
504000.0     4166191.488873656     -4000.0     2400.0     38870000000.0     0.24 
506000.0     4166191.488873656     -4000.0     2500.0     42900000000.0     0.25 
508000.0     4166191.488873656     -4000.0     2500.0     45340000000.0     0.25 
510000.0     4166191.488873656     -4000.0     2500.0     46640000000.0     0.25 
512000.0     4166191.488873656     -4000.0     2500.0     44420000000.0     0.25 
514000.0     4166191.488873656     -4000.0     2500.0     45970000000.0     0.25 
516000.0     4166191.488873656     -4000.0     2500.0     49170000000.0     0.25 
518000.0     4166191.488873656     -4000.0     2500.0     48900000000.0     0.25 
524000.0     4166191.488873656     -4000.0     2500.0     48900000000.0     0.25 
476000.0     4168191.488873656     -4000.0     2500.0     48900000000.0     0.25 
482000.0     4168191.488873656     -4000.0     2500.0     48900000000.0     0.25 
484000.0     4168191.488873656     -4000.0     2500.0     48900000000.0     0.25 
486000.0     4168191.488873656     -4000.0     2500.0     47550000000.0     0.25 
488000.0     4168191.488873656     -4000.0     2500.0     46120000000.0     0.25 
490000.0     4168191.488873656     -4000.0     2500.0     48500000000.0     0.25 
492000.0     4168191.488873656     -4000.0     2400.0     41670000000.0     0.25 
494000.0     4168191.488873656     -4000.0     2500.0     45250000000.0     0.27 
496000.0     4168191.488873656     -4000.0     2500.0     41080000000.0     0.27 
498000.0     4168191.488873656     -4000.0     2500.0     45860000000.0     0.25 
500000.0     4168191.488873656     -4000.0     2500.0     43090000000.0     0.24 
502000.0     4168191.488873656     -4000.0     2600.0     50010000000.0     0.26 
504000.0     4168191.488873656     -4000.0     2500.0     47170000000.0     0.25 
506000.0     4168191.488873656     -4000.0     2500.0     44970000000.0     0.26 
508000.0     4168191.488873656     -4000.0     2500.0     45370000000.0     0.26 
510000.0     4168191.488873656     -4000.0     2500.0     45450000000.0     0.25 
512000.0     4168191.488873656     -4000.0     2400.0     40130000000.0     0.25 
514000.0     4168191.488873656     -4000.0     2500.0     43050000000.0     0.25 
516000.0     4168191.488873656     -4000.0     2700.0     60720000000.0     0.25 
518000.0     4168191.488873656     -4000.0     2600.0     53670000000.0     0.25 
524000.0     4168191.488873656     -4000.0     2500.0     48900000000.0     0.25 
476000.0     4170191.488873656     -4000.0     2500.0     48900000000.0     0.25 
482000.0     4170191.488873656     -4000.0     2500.0     48630000000.0     0.25 
484000.0     4170191.488873656     -4000.0     2500.0     48900000000.0     0.25 
486000.0     4170191.488873656     -4000.0     2500.0     47700000000.0     0.25 
488000.0     4170191.488873656     -4000.0     2500.0     46380000000.0     0.25 
490000.0     4170191.488873656     -4000.0     2400.0     41600000000.0     0.24 
492000.0     4170191.488873656     -4000.0     2400.0     35900000000.0     0.24 
494000.0     4170191.488873656     -4000.0     2400.0     36290000000.0     0.26 
496000.0     4170191.488873656     -4000.0     2300.0     32759999999.999996     0.25 
498000.0     4170191.488873656     -4000.0     2400.0     41270000000.0     0.24 
500000.0     4170191.488873656     -4000.0     2600.0     57520000000.0     0.24 
502000.0     4170191.488873656     -4000.0     2700.0     63130000000.0     0.25 
504000.0     4170191.488873656     -4000.0     2800.0     70360000000.0     0.26 
506000.0     4170191.488873656     -4000.0     2700.0     63420000000.0     0.27 
508000.0     4170191.488873656     -4000.0     2700.0     60410000000.0     0.25 
510000.0     4170191.488873656     -4000.0     2400.0     38410000000.0     0.24 
512000.0     4170191.488873656     -4000.0     2400.0     36210000000.0     0.25 
514000.0     4170191.488873656     -4000.0     2400.0     37710000000.0     0.26 
516000.0     4170191.488873656     -4000.0     2500.0     48500000000.0     0.25 
518000.0     4170191.488873656     -4000.0     2500.0     48630000000.0     0.25 
524000.0     4170191.488873656     -4000.0     2500.0     48900000000.0     0.25 
476000.0     4172191.488873656     -4000.0     2500.0     48900000000.0     0.25 
482000.0     4172191.488873656     -4000.0     2500.0     48900000000.0     0.25 
484000.0     4172191.488873656     -4000.0     2500.0     48630000000.0     0.25 
486000.0     4172191.488873656     -4000.0     2500.0     44310000000.0     0.25 
488000.0     4172191.488873656     -4000.0     2500.0     46120000000.0     0.25 
490000.0     4172191.488873656     -4000.0     2400.0     39420000000.0     0.24 
492000.0     4172191.488873656     -4000.0     2300.0     32180000000.0     0.23 
494000.0     4172191.488873656     -4000.0     2300.0     33240000000.000004     0.25 
496000.0     4172191.488873656     -4000.0     2400.0     37410000000.0     0.25 
498000.0     4172191.488873656     -4000.0     2500.0     45400000000.0     0.24 
500000.0     4172191.488873656     -4000.0     2800.0     68410000000.0     0.25 
502000.0     4172191.488873656     -4000.0     2900.0     80700000000.0     0.25 
504000.0     4172191.488873656     -4000.0     2900.0     80590000000.0     0.25 
506000.0     4172191.488873656     -4000.0     2700.0     64879999999.99999     0.25 
508000.0     4172191.488873656     -4000.0     2400.0     42000000000.0     0.24 
510000.0     4172191.488873656     -4000.0     2300.0     29920000000.0     0.25 
512000.0     4172191.488873656     -4000.0     2500.0     41820000000.0     0.25 
514000.0     4172191.488873656     -4000.0     2300.0     31370000000.0     0.25 
516000.0     4172191.488873656     -4000.0     2300.0     35170000000.0     0.25 
518000.0     4172191.488873656     -4000.0     2500.0     44670000000.0     0.25 
524000.0     4172191.488873656     -4000.0     2500.0     48900000000.0     0.25 
476000.0     4174191.488873656     -4000.0     2500.0     49170000000.0     0.25 
482000.0     4174191.488873656     -4000.0     2500.0     48900000000.0     0.25 
484000.0     4174191.488873656     -4000.0     2500.0     47280000000.0     0.25 
486000.0     4174191.488873656     -4000.0     2500.0     43550000000.0     0.25 
488000.0     4174191.488873656     -4000.0     2500.0     45600000000.0     0.25 
490000.0     4174191.488873656     -4000.0     2600.0     49060000000.0     0.26 
492000.0     4174191.488873656     -4000.0     2500.0     46280000000.0     0.27 
494000.0     4174191.488873656     -4000.0     2300.0     31520000000.0     0.25 
496000.0     4174191.488873656     -4000.0     2300.0     32710000000.0     0.24 
498000.0     4174191.488873656     -4000.0     2600.0     59520000000.0     0.23 
500000.0     4174191.488873656     -4000.0     2900.0     83330000000.0     0.24 
502000.0     4174191.488873656     -4000.0     3000.0     86480000000.0     0.25 
504000.0     4174191.488873656     -4000.0     2900.0     82010000000.0     0.24 
506000.0     4174191.488873656     -4000.0     2600.0     55240000000.0     0.26 
508000.0     4174191.488873656     -4000.0     2400.0     38320000000.0     0.24 
510000.0     4174191.488873656     -4000.0     2300.0     33119999999.999996     0.26 
512000.0     4174191.488873656     -4000.0     2400.0     36730000000.0     0.25 
514000.0     4174191.488873656     -4000.0     2400.0     36730000000.0     0.25 
516000.0     4174191.488873656     -4000.0     2400.0     38800000000.0     0.25 
518000.0     4174191.488873656     -4000.0     2500.0     44420000000.0     0.25 
524000.0     4174191.488873656     -4000.0     2500.0     48900000000.0     0.25 
476000.0     4176191.488873656     -4000.0     2500.0     48900000000.0     0.25 
482000.0     4176191.488873656     -4000.0     2500.0     48360000000.0     0.25 
484000.0     4176191.488873656     -4000.0     2600.0     53640000000.0     0.27 
486000.0     4176191.488873656     -4000.0     2700.0     57740000000.0     0.27 
488000.0     4176191.488873656     -4000.0     2600.0     54080000000.0     0.26 
490000.0     4176191.488873656     -4000.0     2800.0     64590000000.0     0.27 
492000.0     4176191.488873656     -4000.0     2500.0     47240000000.0     0.24 
494000.0     4176191.488873656     -4000.0     2600.0     51930000000.0     0.24 
496000.0     4176191.488873656     -4000.0     2300.0     35420000000.0     0.23 
498000.0     4176191.488873656     -4000.0     2300.0     32850000000.0     0.23 
500000.0     4176191.488873656     -4000.0     2700.0     66989999999.99999     0.24 
502000.0     4176191.488873656     -4000.0     2700.0     70690000000.0     0.21 
504000.0     4176191.488873656     -4000.0     3000.0     90220000000.0     0.24 
506000.0     4176191.488873656     -4000.0     2700.0     61980000000.0     0.25 
508000.0     4176191.488873656     -4000.0     2400.0     41350000000.0     0.24 
510000.0     4176191.488873656     -4000.0     2500.0     41620000000.0     0.26 
512000.0     4176191.488873656     -4000.0     2400.0     39800000000.0     0.26 
514000.0     4176191.488873656     -4000.0     2400.0     41910000000.0     0.25 
516000.0     4176191.488873656     -4000.0     2500.0     45710000000.0     0.25 
518000.0     4176191.488873656     -4000.0     2500.0     45710000000.0     0.25 
524000.0     4176191.488873656     -4000.0     2500.0     48900000000.0     0.25 
476000.0     4178191.488873656     -4000.0     2500.0     48900000000.0     0.25 
482000.0     4178191.488873656     -4000.0     2600.0     51390000000.0     0.25 
484000.0     4178191.488873656     -4000.0     2600.0     49320000000.0     0.25 
486000.0     4178191.488873656     -4000.0     2600.0     51810000000.0     0.26 
488000.0     4178191.488873656     -4000.0     2700.0     58390000000.0     0.26 
490000.0     4178191.488873656     -4000.0     2600.0     52800000000.0     0.25 
492000.0     4178191.488873656     -4000.0     2500.0     45780000000.0     0.22 
494000.0     4178191.488873656     -4000.0     2500.0     44200000000.0     0.24 
496000.0     4178191.488873656     -4000.0     2300.0     32680000000.0     0.22 
498000.0     4178191.488873656     -4000.0     2400.0     36640000000.0     0.24 
500000.0     4178191.488873656     -4000.0     2700.0     67129999999.99999     0.24 
502000.0     4178191.488873656     -4000.0     2900.0     85810000000.0     0.21 
504000.0     4178191.488873656     -4000.0     2600.0     53090000000.0     0.25 
506000.0     4178191.488873656     -4000.0     2400.0     41550000000.0     0.21 
508000.0     4178191.488873656     -4000.0     2500.0     44740000000.0     0.27 
510000.0     4178191.488873656     -4000.0     2500.0     43900000000.0     0.28 
512000.0     4178191.488873656     -4000.0     2600.0     49740000000.0     0.27 
514000.0     4178191.488873656     -4000.0     2500.0     44060000000.0     0.25 
516000.0     4178191.488873656     -4000.0     2500.0     44930000000.0     0.25 
518000.0     4178191.488873656     -4000.0     2500.0     47820000000.0     0.25 
524000.0     4178191.488873656     -4000.0     2500.0     48900000000.0     0.25 
476000.0     4180191.488873656     -4000.0     2500.0     48900000000.0     0.25 
482000.0     4180191.488873656     -4000.0     2500.0     49170000000.0     0.25 
484000.0     4180191.488873656     -4000.0     2500.0     48630000000.0     0.25 
486000.0     4180191.488873656     -4000.0     2600.0     52790000000.0     0.24 
488000.0     4180191.488873656     -4000.0     2600.0     50400000000.0     0.24 
490000.0     4180191.488873656     -4000.0     2500.0     46640000000.0     0.25 
492000.0     4180191.488873656     -4000.0     2600.0     51250000000.0     0.25 
494000.0     4180191.488873656     -4000.0     2600.0     54390000000.0     0.25 
496000.0     4180191.488873656     -4000.0     2500.0     46870000000.0     0.24 
498000.0     4180191.488873656     -4000.0     2600.0     51770000000.0     0.24 
500000.0     4180191.488873656     -4000.0     2600.0     54240000000.0     0.24 
502000.0     4180191.488873656     -4000.0     2600.0     55710000000.0     0.25 
504000.0     4180191.488873656     -4000.0     2500.0     43900000000.0     0.28 
506000.0     4180191.488873656     -4000.0     2300.0     33500000000.0     0.23 
508000.0     4180191.488873656     -4000.0     2500.0     41870000000.0     0.26 
510000.0     4180191.488873656     -4000.0     2500.0     42050000000.0     0.27 
512000.0     4180191.488873656     -4000.0     2500.0     47450000000.0     0.26 
514000.0     4180191.488873656     -4000.0     2400.0     38250000000.0     0.25 
516000.0     4180191.488873656     -4000.0     2500.0     41140000000.0     0.26 
518000.0     4180191.488873656     -4000.0     2600.0     50280000000.0     0.26 
524000.0     4180191.488873656     -4000.0     2500.0     48900000000.0     0.25 
476000.0     4182191.488873656     -4000.0     2500.0     48900000000.0     0.25 
482000.0     4182191.488873656     -4000.0     2500.0     48900000000.0     0.25 
484000.0     4182191.488873656     -4000.0     2500.0     47550000000.0     0.25 
486000.0     4182191.488873656     -4000.0     2500.0     48480000000.0     0.24 
488000.0     4182191.488873656     -4000.0     2500.0     49440000000.0     0.25 
490000.0     4182191.488873656     -4000.0     2600.0     50690000000.0     0.25 
492000.0     4182191.488873656     -4000.0     2600.0     48920000000.0     0.26 
494000.0     4182191.488873656     -4000.0     2500.0     48230000000.0     0.25 
496000.0     4182191.488873656     -4000.0     2600.0     49860000000.0     0.25 
498000.0     4182191.488873656     -4000.0     2500.0     43750000000.0     0.24 
500000.0     4182191.488873656     -4000.0     2400.0     35900000000.0     0.24 
502000.0     4182191.488873656     -4000.0     2600.0     51530000000.0     0.25 
504000.0     4182191.488873656     -4000.0     2700.0     56250000000.0     0.27 
506000.0     4182191.488873656     -4000.0     2500.0     48980000000.0     0.24 
508000.0     4182191.488873656     -4000.0     2500.0     44510000000.0     0.27 
510000.0     4182191.488873656     -4000.0     2500.0     45660000000.0     0.28 
512000.0     4182191.488873656     -4000.0     2500.0     42640000000.0     0.27 
514000.0     4182191.488873656     -4000.0     2500.0     42800000000.0     0.25 
516000.0     4182191.488873656     -4000.0     2500.0     48770000000.0     0.25 
518000.0     4182191.488873656     -4000.0     2500.0     48380000000.0     0.26 
524000.0     4182191.488873656     -4000.0     2500.0     48900000000.0     0.25 
476000.0     4184191.488873656     -4000.0     2500.0     48900000000.0     0.25 
482000.0     4184191.488873656     -4000.0     2500.0     48900000000.0     0.25 
484000.0     4184191.488873656     -4000.0     2500.0     48900000000.0     0.25 
486000.0     4184191.488873656     -4000.0     2500.0     47550000000.0     0.25 
488000.0     4184191.488873656     -4000.0     2500.0     46230000000.0     0.25 
490000.0     4184191.488873656     -4000.0     2600.0     52230000000.0     0.26 
492000.0     4184191.488873656     -4000.0     2500.0     46380000000.0     0.25 
494000.0     4184191.488873656     -4000.0     2400.0     41270000000.0     0.24 
496000.0     4184191.488873656     -4000.0     2600.0     50140000000.0     0.25 
498000.0     4184191.488873656     -4000.0     2500.0     47280000000.0     0.25 
500000.0     4184191.488873656     -4000.0     2400.0     40210000000.0     0.25 
502000.0     4184191.488873656     -4000.0     2500.0     46340000000.0     0.24 
504000.0     4184191.488873656     -4000.0     2500.0     47840000000.0     0.26 
506000.0     4184191.488873656     -4000.0     2500.0     49050000000.0     0.25 
508000.0     4184191.488873656     -4000.0     2600.0     50150000000.0     0.26 
510000.0     4184191.488873656     -4000.0     2500.0     45510000000.0     0.27 
512000.0     4184191.488873656     -4000.0     2400.0     39570000000.0     0.26 
514000.0     4184191.488873656     -4000.0     2600.0     50970000000.0     0.26 
516000.0     4184191.488873656     -4000.0     2600.0     50400000000.0     0.24 
518000.0     4184191.488873656     -4000.0     2500.0     46120000000.0     0.25 
524000.0     4184191.488873656     -4000.0     2500.0     48900000000.0     0.25 
476000.0     4186191.488873656     -4000.0     2500.0     48900000000.0     0.25 
482000.0     4186191.488873656     -4000.0     2500.0     48900000000.0     0.25 
484000.0     4186191.488873656     -4000.0     2500.0     48900000000.0     0.25 
486000.0     4186191.488873656     -4000.0     2500.0     48090000000.0     0.25 
488000.0     4186191.488873656     -4000.0     2500.0     49440000000.0     0.25 
490000.0     4186191.488873656     -4000.0     2600.0     49870000000.0     0.26 
492000.0     4186191.488873656     -4000.0     2500.0     41820000000.0     0.25 
494000.0     4186191.488873656     -4000.0     2600.0     50140000000.0     0.25 
496000.0     4186191.488873656     -4000.0     2600.0     50690000000.0     0.25 
498000.0     4186191.488873656     -4000.0     2500.0     46260000000.0     0.26 
500000.0     4186191.488873656     -4000.0     2500.0     46900000000.0     0.25 
502000.0     4186191.488873656     -4000.0     2600.0     47730000000.0     0.27 
504000.0     4186191.488873656     -4000.0     2500.0     47840000000.0     0.26 
506000.0     4186191.488873656     -4000.0     2600.0     53380000000.0     0.25 
508000.0     4186191.488873656     -4000.0     2600.0     53520000000.0     0.25 
510000.0     4186191.488873656     -4000.0     2600.0     53230000000.0     0.25 
512000.0     4186191.488873656     -4000.0     2500.0     42900000000.0     0.25 
514000.0     4186191.488873656     -4000.0     2500.0     43660000000.0     0.25 
516000.0     4186191.488873656     -4000.0     2600.0     50400000000.0     0.24 
518000.0     4186191.488873656     -4000.0     2500.0     47820000000.0     0.25 
524000.0     4186191.488873656     -4000.0     2500.0     48900000000.0     0.25 
476000.0     4188191.488873656     -4000.0     2500.0     48900000000.0     0.25 
482000.0     4188191.488873656     -4000.0     2500.0     48900000000.0     0.25 
484000.0     4188191.488873656     -4000.0     2500.0     48900000000.0     0.25 
486000.0     4188191.488873656     -4000.0     2500.0     48900000000.0     0.25 
488000.0     4188191.488873656     -4000.0     2600.0     49720000000.0     0.25 
490000.0     4188191.488873656     -4000.0     2600.0     49190000000.0     0.26 
492000.0     4188191.488873656     -4000.0     2500.0     45630000000.0     0.26 
494000.0     4188191.488873656     -4000.0     2600.0     49590000000.0     0.25 
496000.0     4188191.488873656     -4000.0     2500.0     47280000000.0     0.25 
498000.0     4188191.488873656     -4000.0     2500.0     47580000000.0     0.26 
500000.0     4188191.488873656     -4000.0     2500.0     49170000000.0     0.25 
502000.0     4188191.488873656     -4000.0     2600.0     50830000000.0     0.25 
504000.0     4188191.488873656     -4000.0     2500.0     46490000000.0     0.25 
506000.0     4188191.488873656     -4000.0     2600.0     49990000000.0     0.25 
508000.0     4188191.488873656     -4000.0     2600.0     55420000000.0     0.25 
510000.0     4188191.488873656     -4000.0     2700.0     58260000000.0     0.25 
512000.0     4188191.488873656     -4000.0     2600.0     51800000000.0     0.24 
514000.0     4188191.488873656     -4000.0     2600.0     49720000000.0     0.25 
516000.0     4188191.488873656     -4000.0     2600.0     53670000000.0     0.25 
518000.0     4188191.488873656     -4000.0     2500.0     48900000000.0     0.25 
524000.0     4188191.488873656     -4000.0     2500.0     48900000000.0     0.25 
476000.0     4190191.488873656     -4000.0     2500.0     48900000000.0     0.25 
482000.0     4190191.488873656     -4000.0     2500.0     48900000000.0     0.25 
484000.0     4190191.488873656     -4000.0     2500.0     48900000000.0     0.25 
486000.0     4190191.488873656     -4000.0     2500.0     48900000000.0     0.25 
488000.0     4190191.488873656     -4000.0     2500.0     48900000000.0     0.25 
490000.0     4190191.488873656     -4000.0     2500.0     48900000000.0     0.25 
492000.0     4190191.488873656     -4000.0     2500.0     45860000000.0     0.25 
494000.0     4190191.488873656     -4000.0     2600.0     49860000000.0     0.25 
496000.0     4190191.488873656     -4000.0     2500.0     47280000000.0     0.25 
498000.0     4190191.488873656     -4000.0     2600.0     51110000000.0     0.25 
500000.0     4190191.488873656     -4000.0     2600.0     50550000000.0     0.25 
502000.0     4190191.488873656     -4000.0     2500.0     48630000000.0     0.25 
504000.0     4190191.488873656     -4000.0     2500.0     48480000000.0     0.24 
506000.0     4190191.488873656     -4000.0     2600.0     51950000000.0     0.25 
508000.0     4190191.488873656     -4000.0     2500.0     47550000000.0     0.25 
510000.0     4190191.488873656     -4000.0     2500.0     48900000000.0     0.25 
512000.0     4190191.488873656     -4000.0     2600.0     50830000000.0     0.25 
514000.0     4190191.488873656     -4000.0     2600.0     53670000000.0     0.25 
516000.0     4190191.488873656     -4000.0     2600.0     51390000000.0     0.25 
518000.0     4190191.488873656     -4000.0     2500.0     48900000000.0     0.25 
524000.0     4190191.488873656     -4000.0     2500.0     48900000000.0     0.25 
476000.0     4192191.488873656     -4000.0     2500.0     48900000000.0     0.25 
482000.0     4192191.488873656     -4000.0     2500.0     48900000000.0     0.25 
484000.0     4192191.488873656     -4000.0     2500.0     48900000000.0     0.25 
486000.0     4192191.488873656     -4000.0     2500.0     48900000000.0     0.25 
488000.0     4192191.488873656     -4000.0     2500.0     48900000000.0     0.25 
490000.0     4192191.488873656     -4000.0     2500.0     49170000000.0     0.25 
492000.0     4192191.488873656     -4000.0     2600.0     55270000000.0     0.25 
494000.0     4192191.488873656     -4000.0     2500.0     48500000000.0     0.25 
496000.0     4192191.488873656     -4000.0     2500.0     47820000000.0     0.25 
498000.0     4192191.488873656     -4000.0     2500.0     49170000000.0     0.25 
500000.0     4192191.488873656     -4000.0     2500.0     48900000000.0     0.25 
502000.0     4192191.488873656     -4000.0     2500.0     48900000000.0     0.25 
504000.0     4192191.488873656     -4000.0     2500.0     48900000000.0     0.25 
506000.0     4192191.488873656     -4000.0     2600.0     49990000000.0     0.25 
508000.0     4192191.488873656     -4000.0     2500.0     44110000000.0     0.24 
510000.0     4192191.488873656     -4000.0     2500.0     47780000000.0     0.24 
512000.0     4192191.488873656     -4000.0     2600.0     54250000000.0     0.25 
514000.0     4192191.488873656     -4000.0     2600.0     53960000000.0     0.25 
516000.0     4192191.488873656     -4000.0     2600.0     54250000000.0     0.25 
518000.0     4192191.488873656     -4000.0     2600.0     51390000000.0     0.25 
524000.0     4192191.488873656     -4000.0     2500.0     48900000000.0     0.25 
476000.0     4194191.488873656     -4000.0     2500.0     48900000000.0     0.25 
482000.0     4194191.488873656     -4000.0     2500.0     48900000000.0     0.25 
484000.0     4194191.488873656     -4000.0     2500.0     48900000000.0     0.25 
486000.0     4194191.488873656     -4000.0     2500.0     48900000000.0     0.25 
488000.0     4194191.488873656     -4000.0     2500.0     48900000000.0     0.25 
490000.0     4194191.488873656     -4000.0     2500.0     48900000000.0     0.25 
492000.0     4194191.488873656     -4000.0     2600.0     49990000000.0     0.25 
494000.0     4194191.488873656     -4000.0     2600.0     49720000000.0     0.25 
496000.0     4194191.488873656     -4000.0     2500.0     48900000000.0     0.25 
498000.0     4194191.488873656     -4000.0     2500.0     48900000000.0     0.25 
500000.0     4194191.488873656     -4000.0     2500.0     48900000000.0     0.25 
502000.0     4194191.488873656     -4000.0     2500.0     48900000000.0     0.25 
504000.0     4194191.488873656     -4000.0     2500.0     48900000000.0     0.25 
506000.0     4194191.488873656     -4000.0     2500.0     48900000000.0     0.25 
508000.0     4194191.488873656     -4000.0     2500.0     48200000000.0     0.24 
510000.0     4194191.488873656     -4000.0     2500.0     47400000000.0     0.24 
512000.0     4194191.488873656     -4000.0     2500.0     48900000000.0     0.25 
514000.0     4194191.488873656     -4000.0     2600.0     51670000000.0     0.25 
516000.0     4194191.488873656     -4000.0     2600.0     56610000000.0     0.25 
518000.0     4194191.488873656     -4000.0     2600.0     54250000000.0     0.25 
524000.0     4194191.488873656     -4000.0     2500.0     48900000000.0     0.25 
476000.0     4200191.488873656     -4000.0     2500.0     48630000000.0     0.25 
482000.0     4200191.488873656     -4000.0     2500.0     48900000000.0     0.25 
484000.0     4200191.488873656     -4000.0     2500.0     48900000000.0     0.25 
486000.0     4200191.488873656     -4000.0     2500.0     48900000000.0     0.25 
488000.0     4200191.488873656     -4000.0     2500.0     48090000000.0     0.25 
490000.0     4200191.488873656     -4000.0     2500.0     48500000000.0     0.25 
492000.0     4200191.488873656     -4000.0     2600.0     49990000000.0     0.25 
494000.0     4200191.488873656     -4000.0     2600.0     50550000000.0     0.25 
496000.0     4200191.488873656     -4000.0     2500.0     49170000000.0     0.25 
498000.0     4200191.488873656     -4000.0     2500.0     48900000000.0     0.25 
500000.0     4200191.488873656     -4000.0     2500.0     48900000000.0     0.25 
502000.0     4200191.488873656     -4000.0     2500.0     48900000000.0     0.25 
504000.0     4200191.488873656     -4000.0     2500.0     48900000000.0     0.25 
506000.0     4200191.488873656     -4000.0     2500.0     48900000000.0     0.25 
508000.0     4200191.488873656     -4000.0     2500.0     49170000000.0     0.25 
510000.0     4200191.488873656     -4000.0     2500.0     48630000000.0     0.25 
512000.0     4200191.488873656     -4000.0     2500.0     49050000000.0     0.25 
514000.0     4200191.488873656     -4000.0     2600.0     50270000000.0     0.25 
516000.0     4200191.488873656     -4000.0     2500.0     48480000000.0     0.24 
518000.0     4200191.488873656     -4000.0     2500.0     44420000000.0     0.25 
524000.0     4200191.488873656     -4000.0     2500.0     49440000000.0     0.25 
476000.0     4152191.488873656     -3000.0     2400.0     41180000000.0     0.25 
482000.0     4152191.488873656     -3000.0     2400.0     41180000000.0     0.25 
484000.0     4152191.488873656     -3000.0     2400.0     41180000000.0     0.25 
486000.0     4152191.488873656     -3000.0     2400.0     41180000000.0     0.25 
488000.0     4152191.488873656     -3000.0     2400.0     40940000000.0     0.25 
490000.0     4152191.488873656     -3000.0     2400.0     40450000000.0     0.25 
492000.0     4152191.488873656     -3000.0     2400.0     41180000000.0     0.25 
494000.0     4152191.488873656     -3000.0     2400.0     41180000000.0     0.25 
496000.0     4152191.488873656     -3000.0     2400.0     41180000000.0     0.25 
498000.0     4152191.488873656     -3000.0     2400.0     41180000000.0     0.25 
500000.0     4152191.488873656     -3000.0     2400.0     41180000000.0     0.25 
502000.0     4152191.488873656     -3000.0     2400.0     41180000000.0     0.25 
504000.0     4152191.488873656     -3000.0     2400.0     41670000000.0     0.25 
506000.0     4152191.488873656     -3000.0     2500.0     42650000000.0     0.25 
508000.0     4152191.488873656     -3000.0     2500.0     42160000000.0     0.25 
510000.0     4152191.488873656     -3000.0     2400.0     41180000000.0     0.25 
512000.0     4152191.488873656     -3000.0     2400.0     41180000000.0     0.25 
514000.0     4152191.488873656     -3000.0     2400.0     41180000000.0     0.25 
516000.0     4152191.488873656     -3000.0     2400.0     41180000000.0     0.25 
518000.0     4152191.488873656     -3000.0     2400.0     41180000000.0     0.25 
524000.0     4152191.488873656     -3000.0     2400.0     41180000000.0     0.25 
476000.0     4158191.488873656     -3000.0     2400.0     41180000000.0     0.25 
482000.0     4158191.488873656     -3000.0     2400.0     41180000000.0     0.25 
484000.0     4158191.488873656     -3000.0     2400.0     41180000000.0     0.25 
486000.0     4158191.488873656     -3000.0     2400.0     41180000000.0     0.25 
488000.0     4158191.488873656     -3000.0     2400.0     41180000000.0     0.25 
490000.0     4158191.488873656     -3000.0     2400.0     41180000000.0     0.25 
492000.0     4158191.488873656     -3000.0     2400.0     41180000000.0     0.25 
494000.0     4158191.488873656     -3000.0     2400.0     41180000000.0     0.25 
496000.0     4158191.488873656     -3000.0     2400.0     41180000000.0     0.25 
498000.0     4158191.488873656     -3000.0     2400.0     41180000000.0     0.25 
500000.0     4158191.488873656     -3000.0     2400.0     41180000000.0     0.25 
502000.0     4158191.488873656     -3000.0     2400.0     41180000000.0     0.25 
504000.0     4158191.488873656     -3000.0     2400.0     41180000000.0     0.25 
506000.0     4158191.488873656     -3000.0     2400.0     40940000000.0     0.25 
508000.0     4158191.488873656     -3000.0     2400.0     41420000000.0     0.25 
510000.0     4158191.488873656     -3000.0     2400.0     41180000000.0     0.25 
512000.0     4158191.488873656     -3000.0     2400.0     41180000000.0     0.25 
514000.0     4158191.488873656     -3000.0     2400.0     41180000000.0     0.25 
516000.0     4158191.488873656     -3000.0     2400.0     41180000000.0     0.25 
518000.0     4158191.488873656     -3000.0     2400.0     41180000000.0     0.25 
524000.0     4158191.488873656     -3000.0     2400.0     41180000000.0     0.25 
476000.0     4160191.488873656     -3000.0     2400.0     41180000000.0     0.25 
482000.0     4160191.488873656     -3000.0     2400.0     41180000000.0     0.25 
484000.0     4160191.488873656     -3000.0     2400.0     41180000000.0     0.25 
486000.0     4160191.488873656     -3000.0     2400.0     41180000000.0     0.25 
488000.0     4160191.488873656     -3000.0     2400.0     41180000000.0     0.25 
490000.0     4160191.488873656     -3000.0     2400.0     41180000000.0     0.25 
492000.0     4160191.488873656     -3000.0     2400.0     41670000000.0     0.25 
494000.0     4160191.488873656     -3000.0     2400.0     40940000000.0     0.25 
496000.0     4160191.488873656     -3000.0     2400.0     40210000000.0     0.25 
498000.0     4160191.488873656     -3000.0     2400.0     41180000000.0     0.25 
500000.0     4160191.488873656     -3000.0     2400.0     41180000000.0     0.25 
502000.0     4160191.488873656     -3000.0     2400.0     41180000000.0     0.25 
504000.0     4160191.488873656     -3000.0     2400.0     41180000000.0     0.25 
506000.0     4160191.488873656     -3000.0     2500.0     43150000000.0     0.25 
508000.0     4160191.488873656     -3000.0     2400.0     41910000000.0     0.25 
510000.0     4160191.488873656     -3000.0     2400.0     39500000000.0     0.25 
512000.0     4160191.488873656     -3000.0     2500.0     42650000000.0     0.25 
514000.0     4160191.488873656     -3000.0     2400.0     40940000000.0     0.25 
516000.0     4160191.488873656     -3000.0     2400.0     41180000000.0     0.25 
518000.0     4160191.488873656     -3000.0     2400.0     41180000000.0     0.25 
524000.0     4160191.488873656     -3000.0     2400.0     41180000000.0     0.25 
476000.0     4162191.488873656     -3000.0     2400.0     38100000000.0     0.25 
482000.0     4162191.488873656     -3000.0     2400.0     41180000000.0     0.25 
484000.0     4162191.488873656     -3000.0     2400.0     41180000000.0     0.25 
486000.0     4162191.488873656     -3000.0     2400.0     41180000000.0     0.25 
488000.0     4162191.488873656     -3000.0     2400.0     39740000000.0     0.25 
490000.0     4162191.488873656     -3000.0     2500.0     42160000000.0     0.25 
492000.0     4162191.488873656     -3000.0     2500.0     42800000000.0     0.25 
494000.0     4162191.488873656     -3000.0     2400.0     39180000000.0     0.25 
496000.0     4162191.488873656     -3000.0     2400.0     39260000000.0     0.25 
498000.0     4162191.488873656     -3000.0     2400.0     40210000000.0     0.25 
500000.0     4162191.488873656     -3000.0     2400.0     35610000000.0     0.25 
502000.0     4162191.488873656     -3000.0     2400.0     39500000000.0     0.25 
504000.0     4162191.488873656     -3000.0     2400.0     41180000000.0     0.25 
506000.0     4162191.488873656     -3000.0     2400.0     40940000000.0     0.25 
508000.0     4162191.488873656     -3000.0     2400.0     40690000000.0     0.25 
510000.0     4162191.488873656     -3000.0     2400.0     40940000000.0     0.25 
512000.0     4162191.488873656     -3000.0     2500.0     44930000000.0     0.25 
514000.0     4162191.488873656     -3000.0     2400.0     40690000000.0     0.25 
516000.0     4162191.488873656     -3000.0     2400.0     41180000000.0     0.25 
518000.0     4162191.488873656     -3000.0     2400.0     41180000000.0     0.25 
524000.0     4162191.488873656     -3000.0     2400.0     41180000000.0     0.25 
476000.0     4164191.488873656     -3000.0     2400.0     40210000000.0     0.25 
482000.0     4164191.488873656     -3000.0     2400.0     41910000000.0     0.25 
484000.0     4164191.488873656     -3000.0     2400.0     41180000000.0     0.25 
486000.0     4164191.488873656     -3000.0     2400.0     41180000000.0     0.25 
488000.0     4164191.488873656     -3000.0     2300.0     34800000000.0     0.24 
490000.0     4164191.488873656     -3000.0     2500.0     43750000000.0     0.24 
492000.0     4164191.488873656     -3000.0     2500.0     42950000000.0     0.26 
494000.0     4164191.488873656     -3000.0     2400.0     40420000000.0     0.26 
496000.0     4164191.488873656     -3000.0     2400.0     40130000000.0     0.25 
498000.0     4164191.488873656     -3000.0     2400.0     39980000000.0     0.25 
500000.0     4164191.488873656     -3000.0     2300.0     31730000000.0     0.25 
502000.0     4164191.488873656     -3000.0     2400.0     39180000000.0     0.25 
504000.0     4164191.488873656     -3000.0     2400.0     38100000000.0     0.25 
506000.0     4164191.488873656     -3000.0     2400.0     37410000000.0     0.25 
508000.0     4164191.488873656     -3000.0     2400.0     37030000000.0     0.26 
510000.0     4164191.488873656     -3000.0     2400.0     39420000000.0     0.25 
512000.0     4164191.488873656     -3000.0     2400.0     41180000000.0     0.25 
514000.0     4164191.488873656     -3000.0     2400.0     41420000000.0     0.25 
516000.0     4164191.488873656     -3000.0     2400.0     41180000000.0     0.25 
518000.0     4164191.488873656     -3000.0     2400.0     41180000000.0     0.25 
524000.0     4164191.488873656     -3000.0     2400.0     41180000000.0     0.25 
476000.0     4166191.488873656     -3000.0     2400.0     41180000000.0     0.25 
482000.0     4166191.488873656     -3000.0     2400.0     41180000000.0     0.25 
484000.0     4166191.488873656     -3000.0     2400.0     41420000000.0     0.25 
486000.0     4166191.488873656     -3000.0     2400.0     41420000000.0     0.25 
488000.0     4166191.488873656     -3000.0     2400.0     37180000000.0     0.25 
490000.0     4166191.488873656     -3000.0     2300.0     34090000000.000004     0.25 
492000.0     4166191.488873656     -3000.0     2300.0     34670000000.0     0.25 
494000.0     4166191.488873656     -3000.0     2500.0     41040000000.0     0.27 
496000.0     4166191.488873656     -3000.0     2500.0     43550000000.0     0.25 
498000.0     4166191.488873656     -3000.0     2300.0     35680000000.0     0.24 
500000.0     4166191.488873656     -3000.0     2300.0     33509999999.999996     0.24 
502000.0     4166191.488873656     -3000.0     2400.0     41000000000.0     0.26 
504000.0     4166191.488873656     -3000.0     2300.0     34520000000.0     0.25 
506000.0     4166191.488873656     -3000.0     2400.0     36280000000.0     0.25 
508000.0     4166191.488873656     -3000.0     2400.0     35770000000.0     0.25 
510000.0     4166191.488873656     -3000.0     2300.0     33689999999.999996     0.26 
512000.0     4166191.488873656     -3000.0     2300.0     33659999999.999996     0.25 
514000.0     4166191.488873656     -3000.0     2400.0     39030000000.0     0.25 
516000.0     4166191.488873656     -3000.0     2400.0     41180000000.0     0.25 
518000.0     4166191.488873656     -3000.0     2400.0     41180000000.0     0.25 
524000.0     4166191.488873656     -3000.0     2400.0     41180000000.0     0.25 
476000.0     4168191.488873656     -3000.0     2400.0     41180000000.0     0.25 
482000.0     4168191.488873656     -3000.0     2400.0     41180000000.0     0.25 
484000.0     4168191.488873656     -3000.0     2400.0     41180000000.0     0.25 
486000.0     4168191.488873656     -3000.0     2500.0     42650000000.0     0.25 
488000.0     4168191.488873656     -3000.0     2500.0     44820000000.0     0.25 
490000.0     4168191.488873656     -3000.0     2500.0     46670000000.0     0.26 
492000.0     4168191.488873656     -3000.0     2400.0     41090000000.0     0.25 
494000.0     4168191.488873656     -3000.0     2500.0     46430000000.0     0.28 
496000.0     4168191.488873656     -3000.0     2500.0     45280000000.0     0.28 
498000.0     4168191.488873656     -3000.0     2400.0     39030000000.0     0.25 
500000.0     4168191.488873656     -3000.0     2300.0     33780000000.0     0.24 
502000.0     4168191.488873656     -3000.0     2500.0     48630000000.0     0.25 
504000.0     4168191.488873656     -3000.0     2500.0     44160000000.0     0.25 
506000.0     4168191.488873656     -3000.0     2600.0     50420000000.0     0.25 
508000.0     4168191.488873656     -3000.0     2600.0     53790000000.0     0.26 
510000.0     4168191.488873656     -3000.0     2400.0     38800000000.0     0.25 
512000.0     4168191.488873656     -3000.0     2300.0     33450000000.000004     0.25 
514000.0     4168191.488873656     -3000.0     2400.0     38230000000.0     0.27 
516000.0     4168191.488873656     -3000.0     2600.0     54370000000.0     0.26 
518000.0     4168191.488873656     -3000.0     2500.0     45450000000.0     0.25 
524000.0     4168191.488873656     -3000.0     2400.0     41180000000.0     0.25 
476000.0     4170191.488873656     -3000.0     2400.0     41180000000.0     0.25 
482000.0     4170191.488873656     -3000.0     2400.0     41180000000.0     0.25 
484000.0     4170191.488873656     -3000.0     2400.0     41180000000.0     0.25 
486000.0     4170191.488873656     -3000.0     2500.0     44520000000.0     0.24 
488000.0     4170191.488873656     -3000.0     2500.0     42560000000.0     0.25 
490000.0     4170191.488873656     -3000.0     2400.0     36960000000.0     0.25 
492000.0     4170191.488873656     -3000.0     2300.0     31930000000.0     0.24 
494000.0     4170191.488873656     -3000.0     2400.0     39860000000.0     0.27 
496000.0     4170191.488873656     -3000.0     2300.0     32030000000.0     0.26 
498000.0     4170191.488873656     -3000.0     2400.0     41190000000.0     0.24 
500000.0     4170191.488873656     -3000.0     2500.0     49810000000.0     0.24 
502000.0     4170191.488873656     -3000.0     2700.0     64230000000.00001     0.25 
504000.0     4170191.488873656     -3000.0     2800.0     72900000000.0     0.26 
506000.0     4170191.488873656     -3000.0     2800.0     69890000000.0     0.27 
508000.0     4170191.488873656     -3000.0     2600.0     53670000000.0     0.25 
510000.0     4170191.488873656     -3000.0     2300.0     32759999999.999996     0.25 
512000.0     4170191.488873656     -3000.0     2200.0     29230000000.0     0.24 
514000.0     4170191.488873656     -3000.0     2200.0     27440000000.0     0.25 
516000.0     4170191.488873656     -3000.0     2300.0     34240000000.000004     0.25 
518000.0     4170191.488873656     -3000.0     2400.0     41180000000.0     0.25 
524000.0     4170191.488873656     -3000.0     2400.0     41180000000.0     0.25 
476000.0     4172191.488873656     -3000.0     2400.0     41180000000.0     0.25 
482000.0     4172191.488873656     -3000.0     2400.0     41180000000.0     0.25 
484000.0     4172191.488873656     -3000.0     2400.0     40210000000.0     0.25 
486000.0     4172191.488873656     -3000.0     2400.0     39740000000.0     0.24 
488000.0     4172191.488873656     -3000.0     2400.0     38950000000.0     0.25 
490000.0     4172191.488873656     -3000.0     2300.0     35520000000.0     0.24 
492000.0     4172191.488873656     -3000.0     2100.0     25230000000.0     0.23 
494000.0     4172191.488873656     -3000.0     2200.0     25240000000.0     0.26 
496000.0     4172191.488873656     -3000.0     2300.0     34700000000.0     0.24 
498000.0     4172191.488873656     -3000.0     2400.0     42850000000.0     0.23 
500000.0     4172191.488873656     -3000.0     2800.0     68620000000.00001     0.24 
502000.0     4172191.488873656     -3000.0     2800.0     66980000000.00001     0.26 
504000.0     4172191.488873656     -3000.0     2800.0     71390000000.0     0.24 
506000.0     4172191.488873656     -3000.0     2900.0     79200000000.0     0.25 
508000.0     4172191.488873656     -3000.0     2500.0     48270000000.0     0.23 
510000.0     4172191.488873656     -3000.0     2200.0     28340000000.0     0.26 
512000.0     4172191.488873656     -3000.0     2400.0     36730000000.0     0.26 
514000.0     4172191.488873656     -3000.0     2200.0     28420000000.0     0.25 
516000.0     4172191.488873656     -3000.0     2200.0     27480000000.0     0.25 
518000.0     4172191.488873656     -3000.0     2400.0     37870000000.0     0.25 
524000.0     4172191.488873656     -3000.0     2400.0     41180000000.0     0.25 
476000.0     4174191.488873656     -3000.0     2400.0     41180000000.0     0.25 
482000.0     4174191.488873656     -3000.0     2400.0     41180000000.0     0.25 
484000.0     4174191.488873656     -3000.0     2400.0     37410000000.0     0.25 
486000.0     4174191.488873656     -3000.0     2300.0     34299999999.999996     0.25 
488000.0     4174191.488873656     -3000.0     2400.0     41570000000.0     0.25 
490000.0     4174191.488873656     -3000.0     2500.0     46670000000.0     0.26 
492000.0     4174191.488873656     -3000.0     2500.0     46750000000.0     0.25 
494000.0     4174191.488873656     -3000.0     2200.0     25320000000.0     0.24 
496000.0     4174191.488873656     -3000.0     2200.0     27840000000.0     0.22 
498000.0     4174191.488873656     -3000.0     2400.0     40670000000.0     0.2 
500000.0     4174191.488873656     -3000.0     2800.0     73470000000.0     0.23 
502000.0     4174191.488873656     -3000.0     2700.0     63260000000.0     0.25 
504000.0     4174191.488873656     -3000.0     2800.0     76010000000.0     0.23 
506000.0     4174191.488873656     -3000.0     3000.0     89270000000.0     0.25 
508000.0     4174191.488873656     -3000.0     2400.0     37620000000.0     0.24 
510000.0     4174191.488873656     -3000.0     2300.0     30260000000.0     0.24 
512000.0     4174191.488873656     -3000.0     2300.0     30900000000.0     0.24 
514000.0     4174191.488873656     -3000.0     2300.0     35460000000.0     0.24 
516000.0     4174191.488873656     -3000.0     2400.0     39500000000.0     0.25 
518000.0     4174191.488873656     -3000.0     2400.0     39030000000.0     0.25 
524000.0     4174191.488873656     -3000.0     2400.0     41180000000.0     0.25 
476000.0     4176191.488873656     -3000.0     2400.0     41180000000.0     0.25 
482000.0     4176191.488873656     -3000.0     2400.0     40940000000.0     0.25 
484000.0     4176191.488873656     -3000.0     2500.0     44740000000.0     0.27 
486000.0     4176191.488873656     -3000.0     2500.0     45270000000.0     0.27 
488000.0     4176191.488873656     -3000.0     2500.0     44570000000.0     0.25 
490000.0     4176191.488873656     -3000.0     2600.0     56450000000.0     0.25 
492000.0     4176191.488873656     -3000.0     2400.0     37940000000.0     0.26 
494000.0     4176191.488873656     -3000.0     2400.0     42930000000.0     0.24 
496000.0     4176191.488873656     -3000.0     2200.0     26670000000.0     0.23 
498000.0     4176191.488873656     -3000.0     2100.0     25810000000.0     0.22 
500000.0     4176191.488873656     -3000.0     2600.0     58900000000.0     0.23 
502000.0     4176191.488873656     -3000.0     2800.0     74100000000.0     0.19 
504000.0     4176191.488873656     -3000.0     3100.0     105070000000.0     0.23 
506000.0     4176191.488873656     -3000.0     2600.0     53470000000.0     0.23 
508000.0     4176191.488873656     -3000.0     2300.0     31930000000.0     0.24 
510000.0     4176191.488873656     -3000.0     2500.0     41870000000.0     0.26 
512000.0     4176191.488873656     -3000.0     2300.0     33900000000.0     0.26 
514000.0     4176191.488873656     -3000.0     2300.0     34580000000.0     0.24 
516000.0     4176191.488873656     -3000.0     2500.0     43150000000.0     0.25 
518000.0     4176191.488873656     -3000.0     2400.0     39740000000.0     0.25 
524000.0     4176191.488873656     -3000.0     2400.0     41180000000.0     0.25 
476000.0     4178191.488873656     -3000.0     2400.0     41180000000.0     0.25 
482000.0     4178191.488873656     -3000.0     2500.0     43150000000.0     0.25 
484000.0     4178191.488873656     -3000.0     2400.0     40570000000.0     0.27 
486000.0     4178191.488873656     -3000.0     2500.0     45250000000.0     0.27 
488000.0     4178191.488873656     -3000.0     2500.0     43500000000.0     0.24 
490000.0     4178191.488873656     -3000.0     2400.0     37550000000.0     0.24 
492000.0     4178191.488873656     -3000.0     2300.0     35800000000.0     0.24 
494000.0     4178191.488873656     -3000.0     2300.0     34310000000.000004     0.23 
496000.0     4178191.488873656     -3000.0     2100.0     24320000000.0     0.24 
498000.0     4178191.488873656     -3000.0     2300.0     32090000000.000004     0.24 
500000.0     4178191.488873656     -3000.0     2900.0     86640000000.0     0.23 
502000.0     4178191.488873656     -3000.0     2700.0     67230000000.00001     0.18 
504000.0     4178191.488873656     -3000.0     2600.0     55700000000.0     0.23 
506000.0     4178191.488873656     -3000.0     2400.0     43650000000.0     0.2 
508000.0     4178191.488873656     -3000.0     2400.0     41420000000.0     0.25 
510000.0     4178191.488873656     -3000.0     2300.0     33000000000.0     0.27 
512000.0     4178191.488873656     -3000.0     2500.0     40370000000.0     0.27 
514000.0     4178191.488873656     -3000.0     2300.0     35680000000.0     0.24 
516000.0     4178191.488873656     -3000.0     2400.0     38170000000.0     0.24 
518000.0     4178191.488873656     -3000.0     2400.0     39260000000.0     0.25 
524000.0     4178191.488873656     -3000.0     2400.0     41180000000.0     0.25 
476000.0     4180191.488873656     -3000.0     2400.0     41180000000.0     0.25 
482000.0     4180191.488873656     -3000.0     2400.0     41180000000.0     0.25 
484000.0     4180191.488873656     -3000.0     2400.0     42250000000.0     0.24 
486000.0     4180191.488873656     -3000.0     2400.0     42430000000.0     0.24 
488000.0     4180191.488873656     -3000.0     2400.0     37180000000.0     0.25 
490000.0     4180191.488873656     -3000.0     2400.0     38330000000.0     0.25 
492000.0     4180191.488873656     -3000.0     2500.0     43250000000.0     0.24 
494000.0     4180191.488873656     -3000.0     2500.0     46870000000.0     0.24 
496000.0     4180191.488873656     -3000.0     2300.0     35300000000.0     0.24 
498000.0     4180191.488873656     -3000.0     2500.0     49690000000.0     0.24 
500000.0     4180191.488873656     -3000.0     2700.0     63530000000.0     0.23 
502000.0     4180191.488873656     -3000.0     2500.0     43940000000.0     0.24 
504000.0     4180191.488873656     -3000.0     2400.0     39570000000.0     0.26 
506000.0     4180191.488873656     -3000.0     2300.0     33509999999.999996     0.24 
508000.0     4180191.488873656     -3000.0     2500.0     44710000000.0     0.26 
510000.0     4180191.488873656     -3000.0     2300.0     33240000000.000004     0.25 
512000.0     4180191.488873656     -3000.0     2300.0     33030000000.0     0.25 
514000.0     4180191.488873656     -3000.0     2300.0     33350000000.0     0.24 
516000.0     4180191.488873656     -3000.0     2300.0     31470000000.0     0.26 
518000.0     4180191.488873656     -3000.0     2400.0     40040000000.0     0.26 
524000.0     4180191.488873656     -3000.0     2400.0     41180000000.0     0.25 
476000.0     4182191.488873656     -3000.0     2400.0     41180000000.0     0.25 
482000.0     4182191.488873656     -3000.0     2400.0     41180000000.0     0.25 
484000.0     4182191.488873656     -3000.0     2400.0     41180000000.0     0.25 
486000.0     4182191.488873656     -3000.0     2400.0     41510000000.0     0.24 
488000.0     4182191.488873656     -3000.0     2500.0     42410000000.0     0.25 
490000.0     4182191.488873656     -3000.0     2500.0     43550000000.0     0.25 
492000.0     4182191.488873656     -3000.0     2500.0     47310000000.0     0.26 
494000.0     4182191.488873656     -3000.0     2400.0     40450000000.0     0.25 
496000.0     4182191.488873656     -3000.0     2500.0     45080000000.0     0.25 
498000.0     4182191.488873656     -3000.0     2400.0     38480000000.0     0.24 
500000.0     4182191.488873656     -3000.0     2300.0     31970000000.0     0.23 
502000.0     4182191.488873656     -3000.0     2500.0     47930000000.0     0.24 
504000.0     4182191.488873656     -3000.0     2600.0     53090000000.0     0.25 
506000.0     4182191.488873656     -3000.0     2500.0     45780000000.0     0.22 
508000.0     4182191.488873656     -3000.0     2500.0     41280000000.0     0.27 
510000.0     4182191.488873656     -3000.0     2300.0     34049999999.999996     0.27 
512000.0     4182191.488873656     -3000.0     2400.0     40230000000.0     0.27 
514000.0     4182191.488873656     -3000.0     2300.0     33619999999.999996     0.27 
516000.0     4182191.488873656     -3000.0     2400.0     39100000000.0     0.26 
518000.0     4182191.488873656     -3000.0     2400.0     39390000000.0     0.27 
524000.0     4182191.488873656     -3000.0     2400.0     41180000000.0     0.25 
476000.0     4184191.488873656     -3000.0     2400.0     41180000000.0     0.25 
482000.0     4184191.488873656     -3000.0     2400.0     41180000000.0     0.25 
484000.0     4184191.488873656     -3000.0     2400.0     41180000000.0     0.25 
486000.0     4184191.488873656     -3000.0     2400.0     39030000000.0     0.25 
488000.0     4184191.488873656     -3000.0     2400.0     39260000000.0     0.25 
490000.0     4184191.488873656     -3000.0     2500.0     41720000000.0     0.26 
492000.0     4184191.488873656     -3000.0     2400.0     38720000000.0     0.25 
494000.0     4184191.488873656     -3000.0     2300.0     33350000000.0     0.24 
496000.0     4184191.488873656     -3000.0     2400.0     38720000000.0     0.25 
498000.0     4184191.488873656     -3000.0     2300.0     32820000000.0     0.25 
500000.0     4184191.488873656     -3000.0     2300.0     33290000000.0     0.24 
502000.0     4184191.488873656     -3000.0     2400.0     40940000000.0     0.25 
504000.0     4184191.488873656     -3000.0     2400.0     37100000000.0     0.27 
506000.0     4184191.488873656     -3000.0     2400.0     39010000000.0     0.26 
508000.0     4184191.488873656     -3000.0     2400.0     38510000000.0     0.27 
510000.0     4184191.488873656     -3000.0     2500.0     40470000000.0     0.27 
512000.0     4184191.488873656     -3000.0     2400.0     39110000000.0     0.28 
514000.0     4184191.488873656     -3000.0     2400.0     37470000000.0     0.27 
516000.0     4184191.488873656     -3000.0     2500.0     43850000000.0     0.24 
518000.0     4184191.488873656     -3000.0     2400.0     38020000000.0     0.25 
524000.0     4184191.488873656     -3000.0     2400.0     41180000000.0     0.25 
476000.0     4186191.488873656     -3000.0     2400.0     41180000000.0     0.25 
482000.0     4186191.488873656     -3000.0     2400.0     41180000000.0     0.25 
484000.0     4186191.488873656     -3000.0     2400.0     41420000000.0     0.25 
486000.0     4186191.488873656     -3000.0     2400.0     40690000000.0     0.25 
488000.0     4186191.488873656     -3000.0     2400.0     39890000000.0     0.25 
490000.0     4186191.488873656     -3000.0     2400.0     40330000000.0     0.27 
492000.0     4186191.488873656     -3000.0     2300.0     32500000000.0     0.26 
494000.0     4186191.488873656     -3000.0     2500.0     42060000000.0     0.25 
496000.0     4186191.488873656     -3000.0     2500.0     42950000000.0     0.26 
498000.0     4186191.488873656     -3000.0     2400.0     39800000000.0     0.26 
500000.0     4186191.488873656     -3000.0     2400.0     39260000000.0     0.25 
502000.0     4186191.488873656     -3000.0     2400.0     38740000000.0     0.27 
504000.0     4186191.488873656     -3000.0     2400.0     38480000000.0     0.25 
506000.0     4186191.488873656     -3000.0     2500.0     45860000000.0     0.25 
508000.0     4186191.488873656     -3000.0     2400.0     38250000000.0     0.25 
510000.0     4186191.488873656     -3000.0     2600.0     49730000000.0     0.26 
512000.0     4186191.488873656     -3000.0     2500.0     42160000000.0     0.25 
514000.0     4186191.488873656     -3000.0     2300.0     35390000000.0     0.25 
516000.0     4186191.488873656     -3000.0     2500.0     43850000000.0     0.24 
518000.0     4186191.488873656     -3000.0     2400.0     41180000000.0     0.25 
524000.0     4186191.488873656     -3000.0     2400.0     41180000000.0     0.25 
476000.0     4188191.488873656     -3000.0     2400.0     41180000000.0     0.25 
482000.0     4188191.488873656     -3000.0     2400.0     41180000000.0     0.25 
484000.0     4188191.488873656     -3000.0     2400.0     41180000000.0     0.25 
486000.0     4188191.488873656     -3000.0     2400.0     41180000000.0     0.25 
488000.0     4188191.488873656     -3000.0     2400.0     41910000000.0     0.25 
490000.0     4188191.488873656     -3000.0     2500.0     42110000000.0     0.26 
492000.0     4188191.488873656     -3000.0     2500.0     41970000000.0     0.26 
494000.0     4188191.488873656     -3000.0     2500.0     42650000000.0     0.25 
496000.0     4188191.488873656     -3000.0     2400.0     39980000000.0     0.25 
498000.0     4188191.488873656     -3000.0     2400.0     40130000000.0     0.25 
500000.0     4188191.488873656     -3000.0     2400.0     41910000000.0     0.25 
502000.0     4188191.488873656     -3000.0     2400.0     40210000000.0     0.25 
504000.0     4188191.488873656     -3000.0     2400.0     40780000000.0     0.24 
506000.0     4188191.488873656     -3000.0     2500.0     47820000000.0     0.25 
508000.0     4188191.488873656     -3000.0     2600.0     54250000000.0     0.25 
510000.0     4188191.488873656     -3000.0     2600.0     48920000000.0     0.26 
512000.0     4188191.488873656     -3000.0     2500.0     46600000000.0     0.24 
514000.0     4188191.488873656     -3000.0     2500.0     44780000000.0     0.24 
516000.0     4188191.488873656     -3000.0     2500.0     45970000000.0     0.25 
518000.0     4188191.488873656     -3000.0     2400.0     41180000000.0     0.25 
524000.0     4188191.488873656     -3000.0     2400.0     41180000000.0     0.25 
476000.0     4190191.488873656     -3000.0     2400.0     41180000000.0     0.25 
482000.0     4190191.488873656     -3000.0     2400.0     41180000000.0     0.25 
484000.0     4190191.488873656     -3000.0     2400.0     41180000000.0     0.25 
486000.0     4190191.488873656     -3000.0     2400.0     41180000000.0     0.25 
488000.0     4190191.488873656     -3000.0     2400.0     41180000000.0     0.25 
490000.0     4190191.488873656     -3000.0     2400.0     41180000000.0     0.25 
492000.0     4190191.488873656     -3000.0     2400.0     37180000000.0     0.25 
494000.0     4190191.488873656     -3000.0     2400.0     38560000000.0     0.25 
496000.0     4190191.488873656     -3000.0     2400.0     39740000000.0     0.25 
498000.0     4190191.488873656     -3000.0     2500.0     43660000000.0     0.25 
500000.0     4190191.488873656     -3000.0     2500.0     42650000000.0     0.25 
502000.0     4190191.488873656     -3000.0     2400.0     40690000000.0     0.25 
504000.0     4190191.488873656     -3000.0     2400.0     41180000000.0     0.25 
506000.0     4190191.488873656     -3000.0     2500.0     42900000000.0     0.25 
508000.0     4190191.488873656     -3000.0     2500.0     44420000000.0     0.25 
510000.0     4190191.488873656     -3000.0     2500.0     42060000000.0     0.25 
512000.0     4190191.488873656     -3000.0     2500.0     42060000000.0     0.25 
514000.0     4190191.488873656     -3000.0     2500.0     44160000000.0     0.25 
516000.0     4190191.488873656     -3000.0     2400.0     41420000000.0     0.25 
518000.0     4190191.488873656     -3000.0     2400.0     41180000000.0     0.25 
524000.0     4190191.488873656     -3000.0     2400.0     41180000000.0     0.25 
476000.0     4192191.488873656     -3000.0     2400.0     41180000000.0     0.25 
482000.0     4192191.488873656     -3000.0     2400.0     41180000000.0     0.25 
484000.0     4192191.488873656     -3000.0     2400.0     41180000000.0     0.25 
486000.0     4192191.488873656     -3000.0     2400.0     41180000000.0     0.25 
488000.0     4192191.488873656     -3000.0     2400.0     41180000000.0     0.25 
490000.0     4192191.488873656     -3000.0     2400.0     41180000000.0     0.25 
492000.0     4192191.488873656     -3000.0     2500.0     46260000000.0     0.26 
494000.0     4192191.488873656     -3000.0     2400.0     39890000000.0     0.25 
496000.0     4192191.488873656     -3000.0     2400.0     40940000000.0     0.25 
498000.0     4192191.488873656     -3000.0     2400.0     41420000000.0     0.25 
500000.0     4192191.488873656     -3000.0     2400.0     41180000000.0     0.25 
502000.0     4192191.488873656     -3000.0     2400.0     41180000000.0     0.25 
504000.0     4192191.488873656     -3000.0     2400.0     41180000000.0     0.25 
506000.0     4192191.488873656     -3000.0     2400.0     41180000000.0     0.25 
508000.0     4192191.488873656     -3000.0     2400.0     37710000000.0     0.24 
510000.0     4192191.488873656     -3000.0     2400.0     37690000000.0     0.23 
512000.0     4192191.488873656     -3000.0     2500.0     43810000000.0     0.25 
514000.0     4192191.488873656     -3000.0     2500.0     42410000000.0     0.25 
516000.0     4192191.488873656     -3000.0     2500.0     42650000000.0     0.25 
518000.0     4192191.488873656     -3000.0     2400.0     41180000000.0     0.25 
524000.0     4192191.488873656     -3000.0     2400.0     41180000000.0     0.25 
476000.0     4194191.488873656     -3000.0     2400.0     41180000000.0     0.25 
482000.0     4194191.488873656     -3000.0     2400.0     41180000000.0     0.25 
484000.0     4194191.488873656     -3000.0     2400.0     41180000000.0     0.25 
486000.0     4194191.488873656     -3000.0     2400.0     41180000000.0     0.25 
488000.0     4194191.488873656     -3000.0     2400.0     41180000000.0     0.25 
490000.0     4194191.488873656     -3000.0     2400.0     41180000000.0     0.25 
492000.0     4194191.488873656     -3000.0     2500.0     42650000000.0     0.25 
494000.0     4194191.488873656     -3000.0     2400.0     41420000000.0     0.25 
496000.0     4194191.488873656     -3000.0     2400.0     41180000000.0     0.25 
498000.0     4194191.488873656     -3000.0     2400.0     41180000000.0     0.25 
500000.0     4194191.488873656     -3000.0     2400.0     41180000000.0     0.25 
502000.0     4194191.488873656     -3000.0     2400.0     41180000000.0     0.25 
504000.0     4194191.488873656     -3000.0     2400.0     41180000000.0     0.25 
506000.0     4194191.488873656     -3000.0     2400.0     41180000000.0     0.25 
508000.0     4194191.488873656     -3000.0     2400.0     40450000000.0     0.25 
510000.0     4194191.488873656     -3000.0     2400.0     39350000000.0     0.24 
512000.0     4194191.488873656     -3000.0     2400.0     40940000000.0     0.25 
514000.0     4194191.488873656     -3000.0     2400.0     41180000000.0     0.25 
516000.0     4194191.488873656     -3000.0     2500.0     42900000000.0     0.25 
518000.0     4194191.488873656     -3000.0     2500.0     48630000000.0     0.25 
524000.0     4194191.488873656     -3000.0     2400.0     41180000000.0     0.25 
476000.0     4200191.488873656     -3000.0     2400.0     40940000000.0     0.25 
482000.0     4200191.488873656     -3000.0     2400.0     41180000000.0     0.25 
484000.0     4200191.488873656     -3000.0     2400.0     41180000000.0     0.25 
486000.0     4200191.488873656     -3000.0     2400.0     41180000000.0     0.25 
488000.0     4200191.488873656     -3000.0     2400.0     40690000000.0     0.25 
490000.0     4200191.488873656     -3000.0     2400.0     40850000000.0     0.25 
492000.0     4200191.488873656     -3000.0     2500.0     42900000000.0     0.25 
494000.0     4200191.488873656     -3000.0     2400.0     41670000000.0     0.25 
496000.0     4200191.488873656     -3000.0     2400.0     41180000000.0     0.25 
498000.0     4200191.488873656     -3000.0     2400.0     41180000000.0     0.25 
500000.0     4200191.488873656     -3000.0     2400.0     41180000000.0     0.25 
502000.0     4200191.488873656     -3000.0     2400.0     41180000000.0     0.25 
504000.0     4200191.488873656     -3000.0     2400.0     41180000000.0     0.25 
506000.0     4200191.488873656     -3000.0     2400.0     41180000000.0     0.25 
508000.0     4200191.488873656     -3000.0     2400.0     41180000000.0     0.25 
510000.0     4200191.488873656     -3000.0     2400.0     40690000000.0     0.25 
512000.0     4200191.488873656     -3000.0     2400.0     41090000000.0     0.25 
514000.0     4200191.488873656     -3000.0     2400.0     41670000000.0     0.25 
516000.0     4200191.488873656     -3000.0     2500.0     43000000000.0     0.24 
518000.0     4200191.488873656     -3000.0     2400.0     40060000000.0     0.24 
524000.0     4200191.488873656     -3000.0     2400.0     41420000000.0     0.25 
476000.0     4152191.488873656     -2000.0     2300.0     32189999999.999996     0.25 
482000.0     4152191.488873656     -2000.0     2300.0     32189999999.999996     0.25 
484000.0     4152191.488873656     -2000.0     2300.0     32189999999.999996     0.25 
486000.0     4152191.488873656     -2000.0     2300.0     32189999999.999996     0.25 
488000.0     4152191.488873656     -2000.0     2300.0     31990000000.0     0.25 
490000.0     4152191.488873656     -2000.0     2300.0     31780000000.0     0.25 
492000.0     4152191.488873656     -2000.0     2300.0     32189999999.999996     0.25 
494000.0     4152191.488873656     -2000.0     2300.0     32189999999.999996     0.25 
496000.0     4152191.488873656     -2000.0     2300.0     32189999999.999996     0.25 
498000.0     4152191.488873656     -2000.0     2300.0     32189999999.999996     0.25 
500000.0     4152191.488873656     -2000.0     2300.0     32189999999.999996     0.25 
502000.0     4152191.488873656     -2000.0     2300.0     32189999999.999996     0.25 
504000.0     4152191.488873656     -2000.0     2300.0     32189999999.999996     0.25 
506000.0     4152191.488873656     -2000.0     2300.0     35170000000.0     0.25 
508000.0     4152191.488873656     -2000.0     2300.0     34740000000.0     0.25 
510000.0     4152191.488873656     -2000.0     2300.0     32189999999.999996     0.25 
512000.0     4152191.488873656     -2000.0     2300.0     32189999999.999996     0.25 
514000.0     4152191.488873656     -2000.0     2300.0     32189999999.999996     0.25 
516000.0     4152191.488873656     -2000.0     2300.0     32189999999.999996     0.25 
518000.0     4152191.488873656     -2000.0     2300.0     32189999999.999996     0.25 
524000.0     4152191.488873656     -2000.0     2300.0     32189999999.999996     0.25 
476000.0     4158191.488873656     -2000.0     2300.0     32189999999.999996     0.25 
482000.0     4158191.488873656     -2000.0     2300.0     32189999999.999996     0.25 
484000.0     4158191.488873656     -2000.0     2300.0     32189999999.999996     0.25 
486000.0     4158191.488873656     -2000.0     2300.0     32189999999.999996     0.25 
488000.0     4158191.488873656     -2000.0     2300.0     32189999999.999996     0.25 
490000.0     4158191.488873656     -2000.0     2300.0     32400000000.0     0.25 
492000.0     4158191.488873656     -2000.0     2300.0     32400000000.0     0.25 
494000.0     4158191.488873656     -2000.0     2300.0     31990000000.0     0.25 
496000.0     4158191.488873656     -2000.0     2300.0     32189999999.999996     0.25 
498000.0     4158191.488873656     -2000.0     2300.0     32189999999.999996     0.25 
500000.0     4158191.488873656     -2000.0     2300.0     32189999999.999996     0.25 
502000.0     4158191.488873656     -2000.0     2300.0     32189999999.999996     0.25 
504000.0     4158191.488873656     -2000.0     2300.0     32189999999.999996     0.25 
506000.0     4158191.488873656     -2000.0     2300.0     32189999999.999996     0.25 
508000.0     4158191.488873656     -2000.0     2300.0     32189999999.999996     0.25 
510000.0     4158191.488873656     -2000.0     2300.0     31170000000.0     0.25 
512000.0     4158191.488873656     -2000.0     2300.0     31990000000.0     0.25 
514000.0     4158191.488873656     -2000.0     2300.0     32189999999.999996     0.25 
516000.0     4158191.488873656     -2000.0     2300.0     32189999999.999996     0.25 
518000.0     4158191.488873656     -2000.0     2300.0     32189999999.999996     0.25 
524000.0     4158191.488873656     -2000.0     2300.0     32189999999.999996     0.25 
476000.0     4160191.488873656     -2000.0     2300.0     31580000000.0     0.25 
482000.0     4160191.488873656     -2000.0     2300.0     32189999999.999996     0.25 
484000.0     4160191.488873656     -2000.0     2300.0     32189999999.999996     0.25 
486000.0     4160191.488873656     -2000.0     2300.0     32189999999.999996     0.25 
488000.0     4160191.488873656     -2000.0     2300.0     32189999999.999996     0.25 
490000.0     4160191.488873656     -2000.0     2300.0     32189999999.999996     0.25 
492000.0     4160191.488873656     -2000.0     2300.0     32400000000.0     0.25 
494000.0     4160191.488873656     -2000.0     2300.0     31990000000.0     0.25 
496000.0     4160191.488873656     -2000.0     2300.0     30970000000.0     0.25 
498000.0     4160191.488873656     -2000.0     2300.0     32189999999.999996     0.25 
500000.0     4160191.488873656     -2000.0     2300.0     30570000000.0     0.25 
502000.0     4160191.488873656     -2000.0     2300.0     32189999999.999996     0.25 
504000.0     4160191.488873656     -2000.0     2300.0     32189999999.999996     0.25 
506000.0     4160191.488873656     -2000.0     2300.0     33659999999.999996     0.25 
508000.0     4160191.488873656     -2000.0     2300.0     32189999999.999996     0.25 
510000.0     4160191.488873656     -2000.0     2300.0     31170000000.0     0.25 
512000.0     4160191.488873656     -2000.0     2300.0     35170000000.0     0.25 
514000.0     4160191.488873656     -2000.0     2300.0     33030000000.0     0.25 
516000.0     4160191.488873656     -2000.0     2300.0     32189999999.999996     0.25 
518000.0     4160191.488873656     -2000.0     2300.0     32189999999.999996     0.25 
524000.0     4160191.488873656     -2000.0     2300.0     32189999999.999996     0.25 
476000.0     4162191.488873656     -2000.0     2200.0     28420000000.0     0.25 
482000.0     4162191.488873656     -2000.0     2300.0     32189999999.999996     0.25 
484000.0     4162191.488873656     -2000.0     2300.0     32189999999.999996     0.25 
486000.0     4162191.488873656     -2000.0     2300.0     32189999999.999996     0.25 
488000.0     4162191.488873656     -2000.0     2300.0     31370000000.0     0.25 
490000.0     4162191.488873656     -2000.0     2300.0     33030000000.0     0.25 
492000.0     4162191.488873656     -2000.0     2300.0     33330000000.0     0.26 
494000.0     4162191.488873656     -2000.0     2300.0     31780000000.0     0.25 
496000.0     4162191.488873656     -2000.0     2300.0     30920000000.0     0.25 
498000.0     4162191.488873656     -2000.0     2300.0     31370000000.0     0.25 
500000.0     4162191.488873656     -2000.0     2200.0     28610000000.0     0.25 
502000.0     4162191.488873656     -2000.0     2200.0     28230000000.0     0.25 
504000.0     4162191.488873656     -2000.0     2300.0     32189999999.999996     0.25 
506000.0     4162191.488873656     -2000.0     2300.0     32189999999.999996     0.25 
508000.0     4162191.488873656     -2000.0     2300.0     31990000000.0     0.25 
510000.0     4162191.488873656     -2000.0     2300.0     31780000000.0     0.25 
512000.0     4162191.488873656     -2000.0     2300.0     32820000000.0     0.25 
514000.0     4162191.488873656     -2000.0     2300.0     32400000000.0     0.25 
516000.0     4162191.488873656     -2000.0     2300.0     32189999999.999996     0.25 
518000.0     4162191.488873656     -2000.0     2300.0     32189999999.999996     0.25 
524000.0     4162191.488873656     -2000.0     2300.0     32189999999.999996     0.25 
476000.0     4164191.488873656     -2000.0     2300.0     31990000000.0     0.25 
482000.0     4164191.488873656     -2000.0     2300.0     32189999999.999996     0.25 
484000.0     4164191.488873656     -2000.0     2300.0     32189999999.999996     0.25 
486000.0     4164191.488873656     -2000.0     2300.0     32189999999.999996     0.25 
488000.0     4164191.488873656     -2000.0     2200.0     26400000000.0     0.24 
490000.0     4164191.488873656     -2000.0     2300.0     30370000000.0     0.25 
492000.0     4164191.488873656     -2000.0     2300.0     32869999999.999996     0.27 
494000.0     4164191.488873656     -2000.0     2300.0     32500000000.0     0.26 
496000.0     4164191.488873656     -2000.0     2200.0     28950000000.0     0.25 
498000.0     4164191.488873656     -2000.0     2300.0     31320000000.0     0.25 
500000.0     4164191.488873656     -2000.0     2200.0     25800000000.0     0.25 
502000.0     4164191.488873656     -2000.0     2300.0     29490000000.0     0.26 
504000.0     4164191.488873656     -2000.0     2300.0     30170000000.0     0.25 
506000.0     4164191.488873656     -2000.0     2300.0     29970000000.0     0.25 
508000.0     4164191.488873656     -2000.0     2200.0     27810000000.0     0.25 
510000.0     4164191.488873656     -2000.0     2300.0     30070000000.0     0.26 
512000.0     4164191.488873656     -2000.0     2300.0     31990000000.0     0.25 
514000.0     4164191.488873656     -2000.0     2300.0     32189999999.999996     0.25 
516000.0     4164191.488873656     -2000.0     2300.0     32189999999.999996     0.25 
518000.0     4164191.488873656     -2000.0     2300.0     32189999999.999996     0.25 
524000.0     4164191.488873656     -2000.0     2300.0     32189999999.999996     0.25 
476000.0     4166191.488873656     -2000.0     2300.0     32400000000.0     0.25 
482000.0     4166191.488873656     -2000.0     2300.0     32189999999.999996     0.25 
484000.0     4166191.488873656     -2000.0     2300.0     32189999999.999996     0.25 
486000.0     4166191.488873656     -2000.0     2300.0     32400000000.0     0.25 
488000.0     4166191.488873656     -2000.0     2300.0     33750000000.0     0.26 
490000.0     4166191.488873656     -2000.0     2200.0     24950000000.0     0.25 
492000.0     4166191.488873656     -2000.0     2300.0     30170000000.0     0.25 
494000.0     4166191.488873656     -2000.0     2300.0     30920000000.0     0.25 
496000.0     4166191.488873656     -2000.0     2200.0     29230000000.0     0.24 
498000.0     4166191.488873656     -2000.0     2300.0     32450000000.000004     0.24 
500000.0     4166191.488873656     -2000.0     2200.0     26250000000.0     0.24 
502000.0     4166191.488873656     -2000.0     2400.0     35990000000.0     0.25 
504000.0     4166191.488873656     -2000.0     2200.0     25680000000.0     0.24 
506000.0     4166191.488873656     -2000.0     2200.0     29420000000.0     0.24 
508000.0     4166191.488873656     -2000.0     2200.0     29340000000.0     0.25 
510000.0     4166191.488873656     -2000.0     2200.0     26780000000.0     0.27 
512000.0     4166191.488873656     -2000.0     2200.0     25090000000.0     0.25 
514000.0     4166191.488873656     -2000.0     2300.0     32400000000.0     0.25 
516000.0     4166191.488873656     -2000.0     2300.0     32189999999.999996     0.25 
518000.0     4166191.488873656     -2000.0     2300.0     32189999999.999996     0.25 
524000.0     4166191.488873656     -2000.0     2300.0     32189999999.999996     0.25 
476000.0     4168191.488873656     -2000.0     2300.0     32189999999.999996     0.25 
482000.0     4168191.488873656     -2000.0     2300.0     32189999999.999996     0.25 
484000.0     4168191.488873656     -2000.0     2300.0     32189999999.999996     0.25 
486000.0     4168191.488873656     -2000.0     2300.0     31990000000.0     0.25 
488000.0     4168191.488873656     -2000.0     2400.0     37340000000.0     0.25 
490000.0     4168191.488873656     -2000.0     2500.0     44710000000.0     0.26 
492000.0     4168191.488873656     -2000.0     2600.0     53090000000.0     0.25 
494000.0     4168191.488873656     -2000.0     2400.0     37030000000.0     0.26 
496000.0     4168191.488873656     -2000.0     2400.0     37120000000.0     0.28 
498000.0     4168191.488873656     -2000.0     2400.0     35480000000.0     0.26 
500000.0     4168191.488873656     -2000.0     2300.0     31830000000.0     0.24 
502000.0     4168191.488873656     -2000.0     2400.0     36810000000.0     0.26 
504000.0     4168191.488873656     -2000.0     2400.0     37340000000.0     0.25 
506000.0     4168191.488873656     -2000.0     2400.0     38100000000.0     0.25 
508000.0     4168191.488873656     -2000.0     2500.0     47700000000.0     0.25 
510000.0     4168191.488873656     -2000.0     2300.0     34820000000.0     0.26 
512000.0     4168191.488873656     -2000.0     2200.0     25950000000.0     0.26 
514000.0     4168191.488873656     -2000.0     2300.0     31220000000.0     0.26 
516000.0     4168191.488873656     -2000.0     2400.0     39330000000.0     0.26 
518000.0     4168191.488873656     -2000.0     2300.0     35170000000.0     0.25 
524000.0     4168191.488873656     -2000.0     2300.0     32189999999.999996     0.25 
476000.0     4170191.488873656     -2000.0     2300.0     32189999999.999996     0.25 
482000.0     4170191.488873656     -2000.0     2300.0     32189999999.999996     0.25 
484000.0     4170191.488873656     -2000.0     2300.0     32189999999.999996     0.25 
486000.0     4170191.488873656     -2000.0     2300.0     32400000000.0     0.25 
488000.0     4170191.488873656     -2000.0     2300.0     31990000000.0     0.25 
490000.0     4170191.488873656     -2000.0     2300.0     33030000000.0     0.25 
492000.0     4170191.488873656     -2000.0     2300.0     34970000000.0     0.23 
494000.0     4170191.488873656     -2000.0     2300.0     31360000000.0     0.27 
496000.0     4170191.488873656     -2000.0     2200.0     25450000000.0     0.27 
498000.0     4170191.488873656     -2000.0     2300.0     32130000000.000004     0.24 
500000.0     4170191.488873656     -2000.0     2300.0     34480000000.0     0.24 
502000.0     4170191.488873656     -2000.0     2400.0     38170000000.0     0.24 
504000.0     4170191.488873656     -2000.0     2500.0     43350000000.0     0.26 
506000.0     4170191.488873656     -2000.0     2400.0     39800000000.0     0.26 
508000.0     4170191.488873656     -2000.0     2400.0     37180000000.0     0.25 
510000.0     4170191.488873656     -2000.0     2300.0     32640000000.0     0.26 
512000.0     4170191.488873656     -2000.0     2100.0     23050000000.0     0.25 
514000.0     4170191.488873656     -2000.0     2100.0     22530000000.0     0.26 
516000.0     4170191.488873656     -2000.0     2000.0     19010000000.0     0.24 
518000.0     4170191.488873656     -2000.0     2300.0     30370000000.0     0.25 
524000.0     4170191.488873656     -2000.0     2300.0     32189999999.999996     0.25 
476000.0     4172191.488873656     -2000.0     2300.0     32189999999.999996     0.25 
482000.0     4172191.488873656     -2000.0     2300.0     32189999999.999996     0.25 
484000.0     4172191.488873656     -2000.0     2300.0     31990000000.0     0.25 
486000.0     4172191.488873656     -2000.0     2300.0     34580000000.0     0.24 
488000.0     4172191.488873656     -2000.0     2300.0     31170000000.0     0.25 
490000.0     4172191.488873656     -2000.0     2200.0     26220000000.0     0.24 
492000.0     4172191.488873656     -2000.0     2000.0     20860000000.0     0.2 
494000.0     4172191.488873656     -2000.0     2000.0     19760000000.0     0.24 
496000.0     4172191.488873656     -2000.0     2300.0     31180000000.0     0.23 
498000.0     4172191.488873656     -2000.0     2400.0     39050000000.0     0.22 
500000.0     4172191.488873656     -2000.0     2700.0     59060000000.0     0.24 
502000.0     4172191.488873656     -2000.0     2700.0     65530000000.0     0.25 
504000.0     4172191.488873656     -2000.0     2600.0     55120000000.0     0.25 
506000.0     4172191.488873656     -2000.0     2700.0     66459999999.99999     0.24 
508000.0     4172191.488873656     -2000.0     2700.0     62700000000.0     0.24 
510000.0     4172191.488873656     -2000.0     2100.0     22650000000.0     0.27 
512000.0     4172191.488873656     -2000.0     2200.0     24390000000.0     0.28 
514000.0     4172191.488873656     -2000.0     2100.0     21730000000.0     0.26 
516000.0     4172191.488873656     -2000.0     2100.0     23070000000.0     0.25 
518000.0     4172191.488873656     -2000.0     2300.0     30170000000.0     0.25 
524000.0     4172191.488873656     -2000.0     2300.0     32189999999.999996     0.25 
476000.0     4174191.488873656     -2000.0     2300.0     32189999999.999996     0.25 
482000.0     4174191.488873656     -2000.0     2300.0     32189999999.999996     0.25 
484000.0     4174191.488873656     -2000.0     2200.0     29860000000.0     0.24 
486000.0     4174191.488873656     -2000.0     2300.0     31060000000.0     0.24 
488000.0     4174191.488873656     -2000.0     2300.0     33880000000.000004     0.25 
490000.0     4174191.488873656     -2000.0     2300.0     34330000000.0     0.26 
492000.0     4174191.488873656     -2000.0     2400.0     37260000000.0     0.26 
494000.0     4174191.488873656     -2000.0     2200.0     25170000000.0     0.24 
496000.0     4174191.488873656     -2000.0     2100.0     24250000000.0     0.25 
498000.0     4174191.488873656     -2000.0     2100.0     24560000000.0     0.21 
500000.0     4174191.488873656     -2000.0     2700.0     66870000000.00001     0.22 
502000.0     4174191.488873656     -2000.0     2700.0     61420000000.0     0.24 
504000.0     4174191.488873656     -2000.0     2700.0     69090000000.0     0.23 
506000.0     4174191.488873656     -2000.0     2700.0     65319999999.99999     0.24 
508000.0     4174191.488873656     -2000.0     2500.0     44110000000.0     0.24 
510000.0     4174191.488873656     -2000.0     2300.0     33070000000.0     0.23 
512000.0     4174191.488873656     -2000.0     2200.0     25620000000.0     0.25 
514000.0     4174191.488873656     -2000.0     2200.0     26550000000.0     0.25 
516000.0     4174191.488873656     -2000.0     2300.0     30770000000.0     0.25 
518000.0     4174191.488873656     -2000.0     2300.0     31580000000.0     0.25 
524000.0     4174191.488873656     -2000.0     2300.0     32189999999.999996     0.25 
476000.0     4176191.488873656     -2000.0     2300.0     32189999999.999996     0.25 
482000.0     4176191.488873656     -2000.0     2300.0     31990000000.0     0.25 
484000.0     4176191.488873656     -2000.0     2300.0     31300000000.0     0.27 
486000.0     4176191.488873656     -2000.0     2300.0     30760000000.0     0.27 
488000.0     4176191.488873656     -2000.0     2200.0     27890000000.0     0.24 
490000.0     4176191.488873656     -2000.0     2400.0     35770000000.0     0.25 
492000.0     4176191.488873656     -2000.0     2300.0     31970000000.0     0.27 
494000.0     4176191.488873656     -2000.0     2200.0     27140000000.0     0.24 
496000.0     4176191.488873656     -2000.0     2100.0     22110000000.0     0.24 
498000.0     4176191.488873656     -2000.0     2200.0     25790000000.0     0.22 
500000.0     4176191.488873656     -2000.0     2500.0     52640000000.0     0.21 
502000.0     4176191.488873656     -2000.0     2700.0     66700000000.0     0.22 
504000.0     4176191.488873656     -2000.0     2800.0     74100000000.0     0.24 
506000.0     4176191.488873656     -2000.0     2500.0     52340000000.0     0.19 
508000.0     4176191.488873656     -2000.0     2300.0     31520000000.0     0.25 
510000.0     4176191.488873656     -2000.0     2300.0     31070000000.0     0.26 
512000.0     4176191.488873656     -2000.0     2300.0     29290000000.0     0.26 
514000.0     4176191.488873656     -2000.0     2200.0     28800000000.0     0.25 
516000.0     4176191.488873656     -2000.0     2300.0     31780000000.0     0.25 
518000.0     4176191.488873656     -2000.0     2300.0     31780000000.0     0.25 
524000.0     4176191.488873656     -2000.0     2300.0     32189999999.999996     0.25 
476000.0     4178191.488873656     -2000.0     2300.0     32189999999.999996     0.25 
482000.0     4178191.488873656     -2000.0     2300.0     33450000000.000004     0.25 
484000.0     4178191.488873656     -2000.0     2400.0     34330000000.0     0.27 
486000.0     4178191.488873656     -2000.0     2300.0     33450000000.000004     0.25 
488000.0     4178191.488873656     -2000.0     2200.0     28370000000.0     0.23 
490000.0     4178191.488873656     -2000.0     2300.0     30260000000.0     0.24 
492000.0     4178191.488873656     -2000.0     2200.0     29700000000.0     0.24 
494000.0     4178191.488873656     -2000.0     2100.0     24490000000.0     0.24 
496000.0     4178191.488873656     -2000.0     2000.0     17290000000.0     0.24 
498000.0     4178191.488873656     -2000.0     2200.0     24990000000.0     0.24 
500000.0     4178191.488873656     -2000.0     2700.0     67670000000.0     0.24 
502000.0     4178191.488873656     -2000.0     2600.0     54590000000.0     0.22 
504000.0     4178191.488873656     -2000.0     2700.0     65510000000.00001     0.21 
506000.0     4178191.488873656     -2000.0     2300.0     37300000000.0     0.2 
508000.0     4178191.488873656     -2000.0     2200.0     28300000000.0     0.24 
510000.0     4178191.488873656     -2000.0     2200.0     26740000000.0     0.25 
512000.0     4178191.488873656     -2000.0     2400.0     35030000000.0     0.28 
514000.0     4178191.488873656     -2000.0     2300.0     30320000000.0     0.25 
516000.0     4178191.488873656     -2000.0     2300.0     30570000000.0     0.25 
518000.0     4178191.488873656     -2000.0     2300.0     32400000000.0     0.25 
524000.0     4178191.488873656     -2000.0     2300.0     32189999999.999996     0.25 
476000.0     4180191.488873656     -2000.0     2300.0     32189999999.999996     0.25 
482000.0     4180191.488873656     -2000.0     2300.0     32189999999.999996     0.25 
484000.0     4180191.488873656     -2000.0     2300.0     33080000000.0     0.24 
486000.0     4180191.488873656     -2000.0     2300.0     32040000000.0     0.24 
488000.0     4180191.488873656     -2000.0     2300.0     31580000000.0     0.25 
490000.0     4180191.488873656     -2000.0     2300.0     32450000000.000004     0.24 
492000.0     4180191.488873656     -2000.0     2300.0     35140000000.0     0.24 
494000.0     4180191.488873656     -2000.0     2400.0     38720000000.0     0.24 
496000.0     4180191.488873656     -2000.0     2100.0     22570000000.0     0.25 
498000.0     4180191.488873656     -2000.0     2400.0     37640000000.0     0.25 
500000.0     4180191.488873656     -2000.0     2600.0     56920000000.0     0.24 
502000.0     4180191.488873656     -2000.0     2200.0     27630000000.0     0.23 
504000.0     4180191.488873656     -2000.0     2200.0     27360000000.0     0.24 
506000.0     4180191.488873656     -2000.0     2100.0     23310000000.0     0.27 
508000.0     4180191.488873656     -2000.0     2400.0     35920000000.0     0.26 
510000.0     4180191.488873656     -2000.0     2100.0     23290000000.0     0.24 
512000.0     4180191.488873656     -2000.0     2100.0     23400000000.0     0.25 
514000.0     4180191.488873656     -2000.0     2200.0     27660000000.0     0.25 
516000.0     4180191.488873656     -2000.0     2200.0     24800000000.0     0.24 
518000.0     4180191.488873656     -2000.0     2200.0     27220000000.0     0.26 
524000.0     4180191.488873656     -2000.0     2300.0     32189999999.999996     0.25 
476000.0     4182191.488873656     -2000.0     2300.0     32189999999.999996     0.25 
482000.0     4182191.488873656     -2000.0     2300.0     32189999999.999996     0.25 
484000.0     4182191.488873656     -2000.0     2300.0     32400000000.0     0.25 
486000.0     4182191.488873656     -2000.0     2300.0     32610000000.0     0.25 
488000.0     4182191.488873656     -2000.0     2300.0     31780000000.0     0.25 
490000.0     4182191.488873656     -2000.0     2300.0     32659999999.999996     0.24 
492000.0     4182191.488873656     -2000.0     2300.0     33610000000.0     0.24 
494000.0     4182191.488873656     -2000.0     2200.0     29070000000.0     0.24 
496000.0     4182191.488873656     -2000.0     2400.0     36190000000.0     0.24 
498000.0     4182191.488873656     -2000.0     2400.0     41910000000.0     0.25 
500000.0     4182191.488873656     -2000.0     2200.0     29200000000.0     0.22 
502000.0     4182191.488873656     -2000.0     2400.0     40370000000.0     0.23 
504000.0     4182191.488873656     -2000.0     2400.0     37750000000.0     0.23 
506000.0     4182191.488873656     -2000.0     2100.0     23670000000.0     0.22 
508000.0     4182191.488873656     -2000.0     2300.0     32710000000.0     0.24 
510000.0     4182191.488873656     -2000.0     2200.0     28300000000.0     0.24 
512000.0     4182191.488873656     -2000.0     2300.0     31320000000.0     0.25 
514000.0     4182191.488873656     -2000.0     2200.0     26520000000.0     0.25 
516000.0     4182191.488873656     -2000.0     2300.0     31930000000.0     0.25 
518000.0     4182191.488873656     -2000.0     2300.0     27880000000.0     0.28 
524000.0     4182191.488873656     -2000.0     2300.0     32189999999.999996     0.25 
476000.0     4184191.488873656     -2000.0     2300.0     32189999999.999996     0.25 
482000.0     4184191.488873656     -2000.0     2300.0     32189999999.999996     0.25 
484000.0     4184191.488873656     -2000.0     2300.0     32189999999.999996     0.25 
486000.0     4184191.488873656     -2000.0     2300.0     31170000000.0     0.25 
488000.0     4184191.488873656     -2000.0     2300.0     30770000000.0     0.25 
490000.0     4184191.488873656     -2000.0     2300.0     33810000000.000004     0.25 
492000.0     4184191.488873656     -2000.0     2300.0     30570000000.0     0.25 
494000.0     4184191.488873656     -2000.0     2200.0     28380000000.0     0.25 
496000.0     4184191.488873656     -2000.0     2200.0     27660000000.0     0.25 
498000.0     4184191.488873656     -2000.0     2100.0     24450000000.0     0.24 
500000.0     4184191.488873656     -2000.0     2200.0     28490000000.0     0.24 
502000.0     4184191.488873656     -2000.0     2300.0     34960000000.0     0.25 
504000.0     4184191.488873656     -2000.0     2200.0     25240000000.0     0.26 
506000.0     4184191.488873656     -2000.0     2300.0     34390000000.0     0.26 
508000.0     4184191.488873656     -2000.0     2300.0     31700000000.0     0.27 
510000.0     4184191.488873656     -2000.0     2200.0     26590000000.0     0.24 
512000.0     4184191.488873656     -2000.0     2500.0     41250000000.0     0.28 
514000.0     4184191.488873656     -2000.0     2300.0     29910000000.0     0.29 
516000.0     4184191.488873656     -2000.0     2300.0     32040000000.0     0.24 
518000.0     4184191.488873656     -2000.0     2300.0     29530000000.0     0.25 
524000.0     4184191.488873656     -2000.0     2300.0     32189999999.999996     0.25 
476000.0     4186191.488873656     -2000.0     2300.0     32189999999.999996     0.25 
482000.0     4186191.488873656     -2000.0     2300.0     32189999999.999996     0.25 
484000.0     4186191.488873656     -2000.0     2300.0     32189999999.999996     0.25 
486000.0     4186191.488873656     -2000.0     2300.0     31990000000.0     0.25 
488000.0     4186191.488873656     -2000.0     2300.0     30320000000.0     0.25 
490000.0     4186191.488873656     -2000.0     2200.0     27790000000.0     0.27 
492000.0     4186191.488873656     -2000.0     2200.0     24920000000.0     0.25 
494000.0     4186191.488873656     -2000.0     2300.0     35390000000.0     0.25 
496000.0     4186191.488873656     -2000.0     2500.0     41280000000.0     0.27 
498000.0     4186191.488873656     -2000.0     2300.0     34030000000.0     0.25 
500000.0     4186191.488873656     -2000.0     2300.0     30970000000.0     0.25 
502000.0     4186191.488873656     -2000.0     2300.0     33280000000.0     0.27 
504000.0     4186191.488873656     -2000.0     2200.0     27290000000.0     0.25 
506000.0     4186191.488873656     -2000.0     2400.0     38860000000.0     0.26 
508000.0     4186191.488873656     -2000.0     2200.0     27960000000.0     0.26 
510000.0     4186191.488873656     -2000.0     2400.0     38560000000.0     0.25 
512000.0     4186191.488873656     -2000.0     2400.0     37030000000.0     0.26 
514000.0     4186191.488873656     -2000.0     2200.0     28570000000.0     0.25 
516000.0     4186191.488873656     -2000.0     2400.0     36420000000.0     0.24 
518000.0     4186191.488873656     -2000.0     2300.0     32189999999.999996     0.25 
524000.0     4186191.488873656     -2000.0     2300.0     32189999999.999996     0.25 
476000.0     4188191.488873656     -2000.0     2300.0     32189999999.999996     0.25 
482000.0     4188191.488873656     -2000.0     2300.0     32189999999.999996     0.25 
484000.0     4188191.488873656     -2000.0     2300.0     32189999999.999996     0.25 
486000.0     4188191.488873656     -2000.0     2300.0     32189999999.999996     0.25 
488000.0     4188191.488873656     -2000.0     2300.0     32610000000.0     0.25 
490000.0     4188191.488873656     -2000.0     2300.0     32110000000.0     0.27 
492000.0     4188191.488873656     -2000.0     2400.0     35330000000.0     0.25 
494000.0     4188191.488873656     -2000.0     2300.0     31580000000.0     0.25 
496000.0     4188191.488873656     -2000.0     2300.0     32549999999.999996     0.25 
498000.0     4188191.488873656     -2000.0     2300.0     31580000000.0     0.25 
500000.0     4188191.488873656     -2000.0     2200.0     29190000000.0     0.25 
502000.0     4188191.488873656     -2000.0     2300.0     30770000000.0     0.25 
504000.0     4188191.488873656     -2000.0     2300.0     33080000000.0     0.24 
506000.0     4188191.488873656     -2000.0     2400.0     37180000000.0     0.25 
508000.0     4188191.488873656     -2000.0     2400.0     39570000000.0     0.26 
510000.0     4188191.488873656     -2000.0     2400.0     37180000000.0     0.26 
512000.0     4188191.488873656     -2000.0     2300.0     35390000000.0     0.25 
514000.0     4188191.488873656     -2000.0     2300.0     34150000000.0     0.24 
516000.0     4188191.488873656     -2000.0     2300.0     34299999999.999996     0.25 
518000.0     4188191.488873656     -2000.0     2300.0     32189999999.999996     0.25 
524000.0     4188191.488873656     -2000.0     2300.0     32189999999.999996     0.25 
476000.0     4190191.488873656     -2000.0     2300.0     32189999999.999996     0.25 
482000.0     4190191.488873656     -2000.0     2300.0     32189999999.999996     0.25 
484000.0     4190191.488873656     -2000.0     2300.0     32189999999.999996     0.25 
486000.0     4190191.488873656     -2000.0     2300.0     32189999999.999996     0.25 
488000.0     4190191.488873656     -2000.0     2300.0     32189999999.999996     0.25 
490000.0     4190191.488873656     -2000.0     2300.0     33030000000.0     0.25 
492000.0     4190191.488873656     -2000.0     2200.0     29580000000.0     0.25 
494000.0     4190191.488873656     -2000.0     2200.0     28990000000.0     0.25 
496000.0     4190191.488873656     -2000.0     2300.0     32610000000.0     0.25 
498000.0     4190191.488873656     -2000.0     2300.0     32820000000.0     0.25 
500000.0     4190191.488873656     -2000.0     2300.0     32820000000.0     0.25 
502000.0     4190191.488873656     -2000.0     2300.0     31170000000.0     0.25 
504000.0     4190191.488873656     -2000.0     2300.0     32189999999.999996     0.25 
506000.0     4190191.488873656     -2000.0     2300.0     32400000000.0     0.25 
508000.0     4190191.488873656     -2000.0     2500.0     42800000000.0     0.25 
510000.0     4190191.488873656     -2000.0     2400.0     38690000000.0     0.27 
512000.0     4190191.488873656     -2000.0     2300.0     31730000000.0     0.25 
514000.0     4190191.488873656     -2000.0     2300.0     32189999999.999996     0.25 
516000.0     4190191.488873656     -2000.0     2300.0     32189999999.999996     0.25 
518000.0     4190191.488873656     -2000.0     2300.0     31990000000.0     0.25 
524000.0     4190191.488873656     -2000.0     2300.0     32189999999.999996     0.25 
476000.0     4192191.488873656     -2000.0     2300.0     32189999999.999996     0.25 
482000.0     4192191.488873656     -2000.0     2300.0     32189999999.999996     0.25 
484000.0     4192191.488873656     -2000.0     2300.0     32189999999.999996     0.25 
486000.0     4192191.488873656     -2000.0     2300.0     32189999999.999996     0.25 
488000.0     4192191.488873656     -2000.0     2300.0     31990000000.0     0.25 
490000.0     4192191.488873656     -2000.0     2300.0     32189999999.999996     0.25 
492000.0     4192191.488873656     -2000.0     2300.0     33689999999.999996     0.26 
494000.0     4192191.488873656     -2000.0     2300.0     29730000000.0     0.25 
496000.0     4192191.488873656     -2000.0     2300.0     32189999999.999996     0.25 
498000.0     4192191.488873656     -2000.0     2300.0     32189999999.999996     0.25 
500000.0     4192191.488873656     -2000.0     2300.0     32189999999.999996     0.25 
502000.0     4192191.488873656     -2000.0     2300.0     32189999999.999996     0.25 
504000.0     4192191.488873656     -2000.0     2300.0     32189999999.999996     0.25 
506000.0     4192191.488873656     -2000.0     2300.0     32189999999.999996     0.25 
508000.0     4192191.488873656     -2000.0     2300.0     31420000000.0     0.24 
510000.0     4192191.488873656     -2000.0     2200.0     27790000000.0     0.23 
512000.0     4192191.488873656     -2000.0     2300.0     33180000000.0     0.25 
514000.0     4192191.488873656     -2000.0     2300.0     32189999999.999996     0.25 
516000.0     4192191.488873656     -2000.0     2300.0     32189999999.999996     0.25 
518000.0     4192191.488873656     -2000.0     2300.0     31990000000.0     0.25 
524000.0     4192191.488873656     -2000.0     2300.0     32189999999.999996     0.25 
476000.0     4194191.488873656     -2000.0     2300.0     32189999999.999996     0.25 
482000.0     4194191.488873656     -2000.0     2300.0     32189999999.999996     0.25 
484000.0     4194191.488873656     -2000.0     2300.0     32189999999.999996     0.25 
486000.0     4194191.488873656     -2000.0     2300.0     32189999999.999996     0.25 
488000.0     4194191.488873656     -2000.0     2300.0     32189999999.999996     0.25 
490000.0     4194191.488873656     -2000.0     2300.0     32189999999.999996     0.25 
492000.0     4194191.488873656     -2000.0     2300.0     34299999999.999996     0.25 
494000.0     4194191.488873656     -2000.0     2300.0     32189999999.999996     0.25 
496000.0     4194191.488873656     -2000.0     2300.0     32189999999.999996     0.25 
498000.0     4194191.488873656     -2000.0     2300.0     32189999999.999996     0.25 
500000.0     4194191.488873656     -2000.0     2300.0     32189999999.999996     0.25 
502000.0     4194191.488873656     -2000.0     2300.0     32189999999.999996     0.25 
504000.0     4194191.488873656     -2000.0     2300.0     32189999999.999996     0.25 
506000.0     4194191.488873656     -2000.0     2300.0     32189999999.999996     0.25 
508000.0     4194191.488873656     -2000.0     2300.0     31990000000.0     0.25 
510000.0     4194191.488873656     -2000.0     2300.0     30460000000.0     0.24 
512000.0     4194191.488873656     -2000.0     2300.0     32189999999.999996     0.25 
514000.0     4194191.488873656     -2000.0     2300.0     32189999999.999996     0.25 
516000.0     4194191.488873656     -2000.0     2300.0     32189999999.999996     0.25 
518000.0     4194191.488873656     -2000.0     2300.0     33240000000.000004     0.25 
524000.0     4194191.488873656     -2000.0     2300.0     32189999999.999996     0.25 
476000.0     4200191.488873656     -2000.0     2300.0     31990000000.0     0.25 
482000.0     4200191.488873656     -2000.0     2300.0     32189999999.999996     0.25 
484000.0     4200191.488873656     -2000.0     2300.0     32189999999.999996     0.25 
486000.0     4200191.488873656     -2000.0     2300.0     32189999999.999996     0.25 
488000.0     4200191.488873656     -2000.0     2300.0     31520000000.0     0.25 
490000.0     4200191.488873656     -2000.0     2300.0     32350000000.0     0.25 
492000.0     4200191.488873656     -2000.0     2300.0     33450000000.000004     0.25 
494000.0     4200191.488873656     -2000.0     2300.0     32189999999.999996     0.25 
496000.0     4200191.488873656     -2000.0     2300.0     32189999999.999996     0.25 
498000.0     4200191.488873656     -2000.0     2300.0     32189999999.999996     0.25 
500000.0     4200191.488873656     -2000.0     2300.0     32189999999.999996     0.25 
502000.0     4200191.488873656     -2000.0     2300.0     32189999999.999996     0.25 
504000.0     4200191.488873656     -2000.0     2300.0     32189999999.999996     0.25 
506000.0     4200191.488873656     -2000.0     2300.0     32189999999.999996     0.25 
508000.0     4200191.488873656     -2000.0     2300.0     32189999999.999996     0.25 
510000.0     4200191.488873656     -2000.0     2300.0     31780000000.0     0.25 
512000.0     4200191.488873656     -2000.0     2300.0     31930000000.0     0.25 
514000.0     4200191.488873656     -2000.0     2300.0     32610000000.0     0.25 
516000.0     4200191.488873656     -2000.0     2300.0     32400000000.0     0.25 
518000.0     4200191.488873656     -2000.0     2300.0     35460000000.0     0.24 
524000.0     4200191.488873656     -2000.0     2300.0     32400000000.0     0.25 
476000.0     4152191.488873656     -1000.0     2200.0     24600000000.0     0.25 
482000.0     4152191.488873656     -1000.0     2200.0     24600000000.0     0.25 
484000.0     4152191.488873656     -1000.0     2200.0     24600000000.0     0.25 
486000.0     4152191.488873656     -1000.0     2200.0     24600000000.0     0.25 
488000.0     4152191.488873656     -1000.0     2100.0     24420000000.0     0.25 
490000.0     4152191.488873656     -1000.0     2100.0     24420000000.0     0.25 
492000.0     4152191.488873656     -1000.0     2200.0     24600000000.0     0.25 
494000.0     4152191.488873656     -1000.0     2200.0     24600000000.0     0.25 
496000.0     4152191.488873656     -1000.0     2100.0     24080000000.0     0.25 
498000.0     4152191.488873656     -1000.0     2200.0     24600000000.0     0.25 
500000.0     4152191.488873656     -1000.0     2200.0     24600000000.0     0.25 
502000.0     4152191.488873656     -1000.0     2200.0     24600000000.0     0.25 
504000.0     4152191.488873656     -1000.0     2200.0     24600000000.0     0.25 
506000.0     4152191.488873656     -1000.0     2200.0     27850000000.0     0.25 
508000.0     4152191.488873656     -1000.0     2200.0     28420000000.0     0.25 
510000.0     4152191.488873656     -1000.0     2200.0     24600000000.0     0.25 
512000.0     4152191.488873656     -1000.0     2200.0     24600000000.0     0.25 
514000.0     4152191.488873656     -1000.0     2200.0     24600000000.0     0.25 
516000.0     4152191.488873656     -1000.0     2200.0     24600000000.0     0.25 
518000.0     4152191.488873656     -1000.0     2200.0     24600000000.0     0.25 
524000.0     4152191.488873656     -1000.0     2200.0     24600000000.0     0.25 
476000.0     4158191.488873656     -1000.0     2200.0     24600000000.0     0.25 
482000.0     4158191.488873656     -1000.0     2200.0     24600000000.0     0.25 
484000.0     4158191.488873656     -1000.0     2200.0     24600000000.0     0.25 
486000.0     4158191.488873656     -1000.0     2200.0     24600000000.0     0.25 
488000.0     4158191.488873656     -1000.0     2200.0     24600000000.0     0.25 
490000.0     4158191.488873656     -1000.0     2200.0     24600000000.0     0.25 
492000.0     4158191.488873656     -1000.0     2200.0     24770000000.0     0.25 
494000.0     4158191.488873656     -1000.0     2200.0     24600000000.0     0.25 
496000.0     4158191.488873656     -1000.0     2200.0     24600000000.0     0.25 
498000.0     4158191.488873656     -1000.0     2200.0     24600000000.0     0.25 
500000.0     4158191.488873656     -1000.0     2200.0     24600000000.0     0.25 
502000.0     4158191.488873656     -1000.0     2200.0     24600000000.0     0.25 
504000.0     4158191.488873656     -1000.0     2200.0     24600000000.0     0.25 
506000.0     4158191.488873656     -1000.0     2200.0     25300000000.0     0.25 
508000.0     4158191.488873656     -1000.0     2200.0     24600000000.0     0.25 
510000.0     4158191.488873656     -1000.0     2100.0     22570000000.0     0.25 
512000.0     4158191.488873656     -1000.0     2200.0     24600000000.0     0.25 
514000.0     4158191.488873656     -1000.0     2200.0     24770000000.0     0.25 
516000.0     4158191.488873656     -1000.0     2200.0     24600000000.0     0.25 
518000.0     4158191.488873656     -1000.0     2200.0     24600000000.0     0.25 
524000.0     4158191.488873656     -1000.0     2200.0     24600000000.0     0.25 
476000.0     4160191.488873656     -1000.0     2100.0     23400000000.0     0.25 
482000.0     4160191.488873656     -1000.0     2200.0     24600000000.0     0.25 
484000.0     4160191.488873656     -1000.0     2200.0     24600000000.0     0.25 
486000.0     4160191.488873656     -1000.0     2200.0     24600000000.0     0.25 
488000.0     4160191.488873656     -1000.0     2200.0     24600000000.0     0.25 
490000.0     4160191.488873656     -1000.0     2200.0     24600000000.0     0.25 
492000.0     4160191.488873656     -1000.0     2200.0     24600000000.0     0.25 
494000.0     4160191.488873656     -1000.0     2200.0     24600000000.0     0.25 
496000.0     4160191.488873656     -1000.0     2200.0     24600000000.0     0.25 
498000.0     4160191.488873656     -1000.0     2100.0     23230000000.0     0.25 
500000.0     4160191.488873656     -1000.0     2200.0     24600000000.0     0.25 
502000.0     4160191.488873656     -1000.0     2200.0     24600000000.0     0.25 
504000.0     4160191.488873656     -1000.0     2200.0     24600000000.0     0.25 
506000.0     4160191.488873656     -1000.0     2200.0     25470000000.0     0.25 
508000.0     4160191.488873656     -1000.0     2100.0     24420000000.0     0.25 
510000.0     4160191.488873656     -1000.0     2100.0     24250000000.0     0.25 
512000.0     4160191.488873656     -1000.0     2200.0     26550000000.0     0.25 
514000.0     4160191.488873656     -1000.0     2200.0     26590000000.0     0.24 
516000.0     4160191.488873656     -1000.0     2200.0     24600000000.0     0.25 
518000.0     4160191.488873656     -1000.0     2200.0     24600000000.0     0.25 
524000.0     4160191.488873656     -1000.0     2200.0     24600000000.0     0.25 
476000.0     4162191.488873656     -1000.0     2100.0     21440000000.0     0.25 
482000.0     4162191.488873656     -1000.0     2200.0     24600000000.0     0.25 
484000.0     4162191.488873656     -1000.0     2200.0     24600000000.0     0.25 
486000.0     4162191.488873656     -1000.0     2200.0     24600000000.0     0.25 
488000.0     4162191.488873656     -1000.0     2100.0     23740000000.0     0.25 
490000.0     4162191.488873656     -1000.0     2200.0     25950000000.0     0.26 
492000.0     4162191.488873656     -1000.0     2200.0     24570000000.0     0.25 
494000.0     4162191.488873656     -1000.0     2200.0     24770000000.0     0.25 
496000.0     4162191.488873656     -1000.0     2100.0     23550000000.0     0.25 
498000.0     4162191.488873656     -1000.0     2100.0     23570000000.0     0.25 
500000.0     4162191.488873656     -1000.0     2100.0     22740000000.0     0.25 
502000.0     4162191.488873656     -1000.0     2000.0     19300000000.0     0.25 
504000.0     4162191.488873656     -1000.0     2100.0     24420000000.0     0.25 
506000.0     4162191.488873656     -1000.0     2200.0     24600000000.0     0.25 
508000.0     4162191.488873656     -1000.0     2100.0     24420000000.0     0.25 
510000.0     4162191.488873656     -1000.0     2200.0     24600000000.0     0.25 
512000.0     4162191.488873656     -1000.0     2100.0     24420000000.0     0.25 
514000.0     4162191.488873656     -1000.0     2200.0     24600000000.0     0.25 
516000.0     4162191.488873656     -1000.0     2200.0     24600000000.0     0.25 
518000.0     4162191.488873656     -1000.0     2200.0     24600000000.0     0.25 
524000.0     4162191.488873656     -1000.0     2200.0     24600000000.0     0.25 
476000.0     4164191.488873656     -1000.0     2200.0     25300000000.0     0.25 
482000.0     4164191.488873656     -1000.0     2200.0     24600000000.0     0.25 
484000.0     4164191.488873656     -1000.0     2200.0     24600000000.0     0.25 
486000.0     4164191.488873656     -1000.0     2200.0     24600000000.0     0.25 
488000.0     4164191.488873656     -1000.0     2100.0     20490000000.0     0.25 
490000.0     4164191.488873656     -1000.0     2000.0     17820000000.0     0.27 
492000.0     4164191.488873656     -1000.0     2200.0     25210000000.0     0.26 
494000.0     4164191.488873656     -1000.0     2200.0     24920000000.0     0.25 
496000.0     4164191.488873656     -1000.0     2100.0     23030000000.0     0.26 
498000.0     4164191.488873656     -1000.0     2100.0     21760000000.0     0.25 
500000.0     4164191.488873656     -1000.0     2100.0     20200000000.0     0.25 
502000.0     4164191.488873656     -1000.0     2100.0     20940000000.0     0.26 
504000.0     4164191.488873656     -1000.0     2100.0     22430000000.0     0.24 
506000.0     4164191.488873656     -1000.0     2100.0     23090000000.0     0.24 
508000.0     4164191.488873656     -1000.0     2100.0     21590000000.0     0.25 
510000.0     4164191.488873656     -1000.0     2100.0     20310000000.0     0.26 
512000.0     4164191.488873656     -1000.0     2100.0     23740000000.0     0.25 
514000.0     4164191.488873656     -1000.0     2200.0     24600000000.0     0.25 
516000.0     4164191.488873656     -1000.0     2200.0     24600000000.0     0.25 
518000.0     4164191.488873656     -1000.0     2200.0     24600000000.0     0.25 
524000.0     4164191.488873656     -1000.0     2200.0     24600000000.0     0.25 
476000.0     4166191.488873656     -1000.0     2200.0     24600000000.0     0.25 
482000.0     4166191.488873656     -1000.0     2200.0     24600000000.0     0.25 
484000.0     4166191.488873656     -1000.0     2200.0     24600000000.0     0.25 
486000.0     4166191.488873656     -1000.0     2200.0     24770000000.0     0.25 
488000.0     4166191.488873656     -1000.0     2200.0     26310000000.0     0.26 
490000.0     4166191.488873656     -1000.0     2100.0     23070000000.0     0.25 
492000.0     4166191.488873656     -1000.0     2100.0     21800000000.0     0.24 
494000.0     4166191.488873656     -1000.0     2100.0     22920000000.0     0.24 
496000.0     4166191.488873656     -1000.0     2200.0     25150000000.0     0.24 
498000.0     4166191.488873656     -1000.0     2200.0     27540000000.0     0.24 
500000.0     4166191.488873656     -1000.0     2100.0     21630000000.0     0.24 
502000.0     4166191.488873656     -1000.0     2200.0     27100000000.0     0.25 
504000.0     4166191.488873656     -1000.0     2100.0     20520000000.0     0.24 
506000.0     4166191.488873656     -1000.0     2100.0     21130000000.0     0.25 
508000.0     4166191.488873656     -1000.0     2200.0     24740000000.0     0.25 
510000.0     4166191.488873656     -1000.0     2300.0     30400000000.0     0.28 
512000.0     4166191.488873656     -1000.0     2000.0     18400000000.0     0.26 
514000.0     4166191.488873656     -1000.0     2200.0     24950000000.0     0.25 
516000.0     4166191.488873656     -1000.0     2200.0     24600000000.0     0.25 
518000.0     4166191.488873656     -1000.0     2200.0     24600000000.0     0.25 
524000.0     4166191.488873656     -1000.0     2200.0     24600000000.0     0.25 
476000.0     4168191.488873656     -1000.0     2200.0     24600000000.0     0.25 
482000.0     4168191.488873656     -1000.0     2200.0     24600000000.0     0.25 
484000.0     4168191.488873656     -1000.0     2200.0     24600000000.0     0.25 
486000.0     4168191.488873656     -1000.0     2100.0     24250000000.0     0.25 
488000.0     4168191.488873656     -1000.0     2100.0     24420000000.0     0.25 
490000.0     4168191.488873656     -1000.0     2200.0     25150000000.0     0.24 
492000.0     4168191.488873656     -1000.0     2100.0     24640000000.0     0.24 
494000.0     4168191.488873656     -1000.0     2100.0     23640000000.0     0.23 
496000.0     4168191.488873656     -1000.0     2200.0     25140000000.0     0.27 
498000.0     4168191.488873656     -1000.0     2200.0     25800000000.0     0.25 
500000.0     4168191.488873656     -1000.0     2100.0     21780000000.0     0.24 
502000.0     4168191.488873656     -1000.0     2100.0     21940000000.0     0.24 
504000.0     4168191.488873656     -1000.0     2200.0     25350000000.0     0.27 
506000.0     4168191.488873656     -1000.0     2200.0     25350000000.0     0.27 
508000.0     4168191.488873656     -1000.0     2200.0     24600000000.0     0.25 
510000.0     4168191.488873656     -1000.0     2100.0     22530000000.0     0.26 
512000.0     4168191.488873656     -1000.0     2000.0     17710000000.0     0.25 
514000.0     4168191.488873656     -1000.0     2200.0     26270000000.0     0.26 
516000.0     4168191.488873656     -1000.0     2200.0     25740000000.0     0.26 
518000.0     4168191.488873656     -1000.0     2200.0     26550000000.0     0.25 
524000.0     4168191.488873656     -1000.0     2200.0     24600000000.0     0.25 
476000.0     4170191.488873656     -1000.0     2200.0     24600000000.0     0.25 
482000.0     4170191.488873656     -1000.0     2200.0     24600000000.0     0.25 
484000.0     4170191.488873656     -1000.0     2200.0     24600000000.0     0.25 
486000.0     4170191.488873656     -1000.0     2100.0     24420000000.0     0.25 
488000.0     4170191.488873656     -1000.0     2100.0     23590000000.0     0.24 
490000.0     4170191.488873656     -1000.0     2200.0     25300000000.0     0.25 
492000.0     4170191.488873656     -1000.0     2200.0     28650000000.0     0.24 
494000.0     4170191.488873656     -1000.0     2100.0     23520000000.0     0.26 
496000.0     4170191.488873656     -1000.0     2100.0     21890000000.0     0.28 
498000.0     4170191.488873656     -1000.0     2100.0     21300000000.0     0.24 
500000.0     4170191.488873656     -1000.0     2200.0     29140000000.0     0.23 
502000.0     4170191.488873656     -1000.0     2300.0     35360000000.0     0.24 
504000.0     4170191.488873656     -1000.0     2400.0     37320000000.0     0.27 
506000.0     4170191.488873656     -1000.0     2300.0     32140000000.0     0.25 
508000.0     4170191.488873656     -1000.0     2200.0     26130000000.0     0.26 
510000.0     4170191.488873656     -1000.0     2200.0     25060000000.0     0.26 
512000.0     4170191.488873656     -1000.0     2000.0     19760000000.0     0.24 
514000.0     4170191.488873656     -1000.0     2000.0     19120000000.0     0.26 
516000.0     4170191.488873656     -1000.0     1900.0     13010000000.0     0.25 
518000.0     4170191.488873656     -1000.0     2100.0     21760000000.0     0.25 
524000.0     4170191.488873656     -1000.0     2200.0     24600000000.0     0.25 
476000.0     4172191.488873656     -1000.0     2200.0     24600000000.0     0.25 
482000.0     4172191.488873656     -1000.0     2200.0     24600000000.0     0.25 
484000.0     4172191.488873656     -1000.0     2200.0     24600000000.0     0.25 
486000.0     4172191.488873656     -1000.0     2200.0     24600000000.0     0.25 
488000.0     4172191.488873656     -1000.0     2100.0     23910000000.0     0.25 
490000.0     4172191.488873656     -1000.0     2100.0     20210000000.0     0.24 
492000.0     4172191.488873656     -1000.0     1900.0     15660000000.0     0.18 
494000.0     4172191.488873656     -1000.0     2000.0     17270000000.0     0.22 
496000.0     4172191.488873656     -1000.0     2100.0     24080000000.0     0.25 
498000.0     4172191.488873656     -1000.0     2200.0     27150000000.0     0.19 
500000.0     4172191.488873656     -1000.0     2400.0     42670000000.0     0.22 
502000.0     4172191.488873656     -1000.0     2600.0     51330000000.0     0.23 
504000.0     4172191.488873656     -1000.0     2400.0     35480000000.0     0.26 
506000.0     4172191.488873656     -1000.0     2500.0     44260000000.0     0.24 
508000.0     4172191.488873656     -1000.0     2300.0     32400000000.0     0.25 
510000.0     4172191.488873656     -1000.0     1900.0     14040000000.0     0.24 
512000.0     4172191.488873656     -1000.0     1800.0     11710000000.0     0.26 
514000.0     4172191.488873656     -1000.0     1900.0     13610000000.0     0.26 
516000.0     4172191.488873656     -1000.0     2000.0     17710000000.0     0.25 
518000.0     4172191.488873656     -1000.0     2200.0     24600000000.0     0.25 
524000.0     4172191.488873656     -1000.0     2200.0     24600000000.0     0.25 
476000.0     4174191.488873656     -1000.0     2100.0     24420000000.0     0.25 
482000.0     4174191.488873656     -1000.0     2200.0     24600000000.0     0.25 
484000.0     4174191.488873656     -1000.0     2100.0     24250000000.0     0.25 
486000.0     4174191.488873656     -1000.0     2200.0     24950000000.0     0.25 
488000.0     4174191.488873656     -1000.0     2200.0     25830000000.0     0.25 
490000.0     4174191.488873656     -1000.0     2200.0     26130000000.0     0.26 
492000.0     4174191.488873656     -1000.0     2200.0     27650000000.0     0.27 
494000.0     4174191.488873656     -1000.0     2100.0     20990000000.0     0.24 
496000.0     4174191.488873656     -1000.0     2100.0     20350000000.0     0.25 
498000.0     4174191.488873656     -1000.0     2100.0     22310000000.0     0.23 
500000.0     4174191.488873656     -1000.0     2500.0     49680000000.0     0.22 
502000.0     4174191.488873656     -1000.0     2500.0     48000000000.0     0.23 
504000.0     4174191.488873656     -1000.0     2600.0     51610000000.0     0.23 
506000.0     4174191.488873656     -1000.0     2400.0     42760000000.0     0.23 
508000.0     4174191.488873656     -1000.0     2400.0     37640000000.0     0.25 
510000.0     4174191.488873656     -1000.0     2400.0     38870000000.0     0.24 
512000.0     4174191.488873656     -1000.0     2100.0     24450000000.0     0.24 
514000.0     4174191.488873656     -1000.0     2100.0     20200000000.0     0.25 
516000.0     4174191.488873656     -1000.0     2100.0     23070000000.0     0.25 
518000.0     4174191.488873656     -1000.0     2100.0     24080000000.0     0.25 
524000.0     4174191.488873656     -1000.0     2200.0     24600000000.0     0.25 
476000.0     4176191.488873656     -1000.0     2200.0     24600000000.0     0.25 
482000.0     4176191.488873656     -1000.0     2200.0     24600000000.0     0.25 
484000.0     4176191.488873656     -1000.0     2100.0     21690000000.0     0.27 
486000.0     4176191.488873656     -1000.0     2000.0     19590000000.0     0.25 
488000.0     4176191.488873656     -1000.0     2000.0     19010000000.0     0.24 
490000.0     4176191.488873656     -1000.0     2200.0     26190000000.0     0.25 
492000.0     4176191.488873656     -1000.0     2200.0     24250000000.0     0.27 
494000.0     4176191.488873656     -1000.0     2000.0     20220000000.0     0.24 
496000.0     4176191.488873656     -1000.0     2000.0     18430000000.0     0.24 
498000.0     4176191.488873656     -1000.0     2200.0     26900000000.0     0.22 
500000.0     4176191.488873656     -1000.0     2600.0     55490000000.0     0.22 
502000.0     4176191.488873656     -1000.0     2500.0     46280000000.0     0.24 
504000.0     4176191.488873656     -1000.0     2500.0     43200000000.0     0.26 
506000.0     4176191.488873656     -1000.0     2500.0     46660000000.0     0.22 
508000.0     4176191.488873656     -1000.0     2200.0     23950000000.0     0.27 
510000.0     4176191.488873656     -1000.0     2100.0     21550000000.0     0.26 
512000.0     4176191.488873656     -1000.0     2200.0     26490000000.0     0.26 
514000.0     4176191.488873656     -1000.0     2100.0     23230000000.0     0.25 
516000.0     4176191.488873656     -1000.0     2100.0     23740000000.0     0.25 
518000.0     4176191.488873656     -1000.0     2200.0     24600000000.0     0.25 
524000.0     4176191.488873656     -1000.0     2200.0     24600000000.0     0.25 
476000.0     4178191.488873656     -1000.0     2200.0     24600000000.0     0.25 
482000.0     4178191.488873656     -1000.0     2200.0     25500000000.0     0.24 
484000.0     4178191.488873656     -1000.0     2200.0     26610000000.0     0.28 
486000.0     4178191.488873656     -1000.0     2100.0     20660000000.0     0.25 
488000.0     4178191.488873656     -1000.0     2100.0     22410000000.0     0.25 
490000.0     4178191.488873656     -1000.0     2100.0     22100000000.0     0.24 
492000.0     4178191.488873656     -1000.0     2100.0     21470000000.0     0.24 
494000.0     4178191.488873656     -1000.0     2000.0     17710000000.0     0.24 
496000.0     4178191.488873656     -1000.0     1900.0     12650000000.0     0.24 
498000.0     4178191.488873656     -1000.0     2300.0     31310000000.0     0.24 
500000.0     4178191.488873656     -1000.0     2200.0     30000000000.0     0.22 
502000.0     4178191.488873656     -1000.0     2500.0     43750000000.0     0.24 
504000.0     4178191.488873656     -1000.0     2400.0     42340000000.0     0.24 
506000.0     4178191.488873656     -1000.0     2300.0     37810000000.0     0.19 
508000.0     4178191.488873656     -1000.0     2200.0     27010000000.0     0.24 
510000.0     4178191.488873656     -1000.0     1900.0     15810000000.0     0.24 
512000.0     4178191.488873656     -1000.0     2200.0     26660000000.0     0.29 
514000.0     4178191.488873656     -1000.0     2200.0     24770000000.0     0.25 
516000.0     4178191.488873656     -1000.0     2100.0     24250000000.0     0.25 
518000.0     4178191.488873656     -1000.0     2200.0     24600000000.0     0.25 
524000.0     4178191.488873656     -1000.0     2200.0     24600000000.0     0.25 
476000.0     4180191.488873656     -1000.0     2200.0     24600000000.0     0.25 
482000.0     4180191.488873656     -1000.0     2200.0     24600000000.0     0.25 
484000.0     4180191.488873656     -1000.0     2200.0     24950000000.0     0.25 
486000.0     4180191.488873656     -1000.0     2200.0     24600000000.0     0.25 
488000.0     4180191.488873656     -1000.0     2200.0     24600000000.0     0.25 
490000.0     4180191.488873656     -1000.0     2200.0     24950000000.0     0.25 
492000.0     4180191.488873656     -1000.0     2200.0     25830000000.0     0.25 
494000.0     4180191.488873656     -1000.0     2200.0     27660000000.0     0.25 
496000.0     4180191.488873656     -1000.0     1900.0     14800000000.0     0.25 
498000.0     4180191.488873656     -1000.0     2300.0     33030000000.0     0.25 
500000.0     4180191.488873656     -1000.0     2500.0     45860000000.0     0.25 
502000.0     4180191.488873656     -1000.0     2000.0     20230000000.0     0.23 
504000.0     4180191.488873656     -1000.0     2200.0     29630000000.0     0.22 
506000.0     4180191.488873656     -1000.0     2100.0     20050000000.0     0.25 
508000.0     4180191.488873656     -1000.0     2000.0     17290000000.0     0.26 
510000.0     4180191.488873656     -1000.0     2000.0     16870000000.000002     0.23 
512000.0     4180191.488873656     -1000.0     2000.0     19580000000.0     0.25 
514000.0     4180191.488873656     -1000.0     2100.0     23070000000.0     0.25 
516000.0     4180191.488873656     -1000.0     2100.0     22080000000.0     0.25 
518000.0     4180191.488873656     -1000.0     2100.0     21600000000.0     0.25 
524000.0     4180191.488873656     -1000.0     2200.0     24600000000.0     0.25 
476000.0     4182191.488873656     -1000.0     2200.0     24600000000.0     0.25 
482000.0     4182191.488873656     -1000.0     2200.0     24600000000.0     0.25 
484000.0     4182191.488873656     -1000.0     2200.0     24600000000.0     0.25 
486000.0     4182191.488873656     -1000.0     2200.0     24600000000.0     0.25 
488000.0     4182191.488873656     -1000.0     2200.0     24600000000.0     0.25 
490000.0     4182191.488873656     -1000.0     2200.0     25300000000.0     0.25 
492000.0     4182191.488873656     -1000.0     2200.0     25170000000.0     0.24 
494000.0     4182191.488873656     -1000.0     2100.0     22440000000.0     0.24 
496000.0     4182191.488873656     -1000.0     2200.0     24540000000.0     0.26 
498000.0     4182191.488873656     -1000.0     2200.0     25650000000.0     0.25 
500000.0     4182191.488873656     -1000.0     2100.0     21170000000.0     0.23 
502000.0     4182191.488873656     -1000.0     2100.0     22990000000.0     0.22 
504000.0     4182191.488873656     -1000.0     2100.0     22790000000.0     0.24 
506000.0     4182191.488873656     -1000.0     1900.0     16040000000.0     0.22 
508000.0     4182191.488873656     -1000.0     2100.0     21470000000.0     0.24 
510000.0     4182191.488873656     -1000.0     2000.0     20050000000.0     0.24 
512000.0     4182191.488873656     -1000.0     2200.0     24770000000.0     0.25 
514000.0     4182191.488873656     -1000.0     2100.0     22570000000.0     0.25 
516000.0     4182191.488873656     -1000.0     2200.0     26740000000.0     0.25 
518000.0     4182191.488873656     -1000.0     2000.0     17610000000.0     0.29 
524000.0     4182191.488873656     -1000.0     2200.0     24600000000.0     0.25 
476000.0     4184191.488873656     -1000.0     2200.0     24600000000.0     0.25 
482000.0     4184191.488873656     -1000.0     2200.0     24600000000.0     0.25 
484000.0     4184191.488873656     -1000.0     2200.0     24600000000.0     0.25 
486000.0     4184191.488873656     -1000.0     2200.0     24600000000.0     0.25 
488000.0     4184191.488873656     -1000.0     2100.0     23570000000.0     0.25 
490000.0     4184191.488873656     -1000.0     2200.0     25890000000.0     0.24 
492000.0     4184191.488873656     -1000.0     2100.0     22940000000.0     0.24 
494000.0     4184191.488873656     -1000.0     2100.0     21110000000.0     0.25 
496000.0     4184191.488873656     -1000.0     2100.0     22790000000.0     0.24 
498000.0     4184191.488873656     -1000.0     2200.0     26070000000.0     0.24 
500000.0     4184191.488873656     -1000.0     2100.0     23300000000.0     0.23 
502000.0     4184191.488873656     -1000.0     2200.0     25550000000.0     0.24 
504000.0     4184191.488873656     -1000.0     2100.0     22140000000.0     0.23 
506000.0     4184191.488873656     -1000.0     2100.0     21870000000.0     0.26 
508000.0     4184191.488873656     -1000.0     2200.0     27830000000.0     0.27 
510000.0     4184191.488873656     -1000.0     2200.0     26090000000.0     0.26 
512000.0     4184191.488873656     -1000.0     2300.0     32759999999.999996     0.25 
514000.0     4184191.488873656     -1000.0     2200.0     23720000000.0     0.29 
516000.0     4184191.488873656     -1000.0     2100.0     21590000000.0     0.25 
518000.0     4184191.488873656     -1000.0     2100.0     24080000000.0     0.25 
524000.0     4184191.488873656     -1000.0     2200.0     24600000000.0     0.25 
476000.0     4186191.488873656     -1000.0     2200.0     24600000000.0     0.25 
482000.0     4186191.488873656     -1000.0     2200.0     24600000000.0     0.25 
484000.0     4186191.488873656     -1000.0     2200.0     24600000000.0     0.25 
486000.0     4186191.488873656     -1000.0     2200.0     24600000000.0     0.25 
488000.0     4186191.488873656     -1000.0     2100.0     22720000000.0     0.25 
490000.0     4186191.488873656     -1000.0     2000.0     17800000000.0     0.28 
492000.0     4186191.488873656     -1000.0     2100.0     21940000000.0     0.24 
494000.0     4186191.488873656     -1000.0     2200.0     27400000000.0     0.26 
496000.0     4186191.488873656     -1000.0     2200.0     27240000000.0     0.27 
498000.0     4186191.488873656     -1000.0     2100.0     21270000000.0     0.25 
500000.0     4186191.488873656     -1000.0     2100.0     22570000000.0     0.25 
502000.0     4186191.488873656     -1000.0     2300.0     28720000000.0     0.27 
504000.0     4186191.488873656     -1000.0     2100.0     21780000000.0     0.24 
506000.0     4186191.488873656     -1000.0     2200.0     28300000000.0     0.26 
508000.0     4186191.488873656     -1000.0     2300.0     33479999999.999996     0.26 
510000.0     4186191.488873656     -1000.0     2500.0     40800000000.0     0.27 
512000.0     4186191.488873656     -1000.0     2400.0     35990000000.0     0.25 
514000.0     4186191.488873656     -1000.0     2300.0     29380000000.0     0.28 
516000.0     4186191.488873656     -1000.0     2200.0     27510000000.0     0.24 
518000.0     4186191.488873656     -1000.0     2200.0     24600000000.0     0.25 
524000.0     4186191.488873656     -1000.0     2200.0     24600000000.0     0.25 
476000.0     4188191.488873656     -1000.0     2200.0     24600000000.0     0.25 
482000.0     4188191.488873656     -1000.0     2200.0     24600000000.0     0.25 
484000.0     4188191.488873656     -1000.0     2200.0     24600000000.0     0.25 
486000.0     4188191.488873656     -1000.0     2200.0     24600000000.0     0.25 
488000.0     4188191.488873656     -1000.0     2200.0     24740000000.0     0.25 
490000.0     4188191.488873656     -1000.0     2200.0     24590000000.0     0.27 
492000.0     4188191.488873656     -1000.0     2200.0     26550000000.0     0.25 
494000.0     4188191.488873656     -1000.0     2200.0     24950000000.0     0.25 
496000.0     4188191.488873656     -1000.0     2200.0     24950000000.0     0.25 
498000.0     4188191.488873656     -1000.0     2100.0     23910000000.0     0.25 
500000.0     4188191.488873656     -1000.0     2100.0     21440000000.0     0.25 
502000.0     4188191.488873656     -1000.0     2200.0     24950000000.0     0.25 
504000.0     4188191.488873656     -1000.0     2200.0     26190000000.0     0.25 
506000.0     4188191.488873656     -1000.0     2200.0     25830000000.0     0.25 
508000.0     4188191.488873656     -1000.0     2200.0     25410000000.0     0.26 
510000.0     4188191.488873656     -1000.0     2100.0     24030000000.0     0.26 
512000.0     4188191.488873656     -1000.0     2200.0     24950000000.0     0.25 
514000.0     4188191.488873656     -1000.0     2200.0     24950000000.0     0.25 
516000.0     4188191.488873656     -1000.0     2200.0     25120000000.0     0.25 
518000.0     4188191.488873656     -1000.0     2200.0     24600000000.0     0.25 
524000.0     4188191.488873656     -1000.0     2200.0     24600000000.0     0.25 
476000.0     4190191.488873656     -1000.0     2200.0     24600000000.0     0.25 
482000.0     4190191.488873656     -1000.0     2200.0     24600000000.0     0.25 
484000.0     4190191.488873656     -1000.0     2200.0     24600000000.0     0.25 
486000.0     4190191.488873656     -1000.0     2200.0     24600000000.0     0.25 
488000.0     4190191.488873656     -1000.0     2200.0     24600000000.0     0.25 
490000.0     4190191.488873656     -1000.0     2200.0     24600000000.0     0.25 
492000.0     4190191.488873656     -1000.0     2100.0     23570000000.0     0.25 
494000.0     4190191.488873656     -1000.0     2100.0     23740000000.0     0.25 
496000.0     4190191.488873656     -1000.0     2200.0     24600000000.0     0.25 
498000.0     4190191.488873656     -1000.0     2200.0     24950000000.0     0.25 
500000.0     4190191.488873656     -1000.0     2100.0     22900000000.0     0.25 
502000.0     4190191.488873656     -1000.0     2200.0     24600000000.0     0.25 
504000.0     4190191.488873656     -1000.0     2200.0     24600000000.0     0.25 
506000.0     4190191.488873656     -1000.0     2200.0     24770000000.0     0.25 
508000.0     4190191.488873656     -1000.0     2200.0     29340000000.0     0.25 
510000.0     4190191.488873656     -1000.0     2300.0     29430000000.0     0.28 
512000.0     4190191.488873656     -1000.0     2200.0     24570000000.0     0.25 
514000.0     4190191.488873656     -1000.0     2200.0     24600000000.0     0.25 
516000.0     4190191.488873656     -1000.0     2200.0     24600000000.0     0.25 
518000.0     4190191.488873656     -1000.0     2200.0     24600000000.0     0.25 
524000.0     4190191.488873656     -1000.0     2200.0     24600000000.0     0.25 
476000.0     4192191.488873656     -1000.0     2200.0     24600000000.0     0.25 
482000.0     4192191.488873656     -1000.0     2200.0     24600000000.0     0.25 
484000.0     4192191.488873656     -1000.0     2200.0     24600000000.0     0.25 
486000.0     4192191.488873656     -1000.0     2200.0     24770000000.0     0.25 
488000.0     4192191.488873656     -1000.0     2200.0     24770000000.0     0.25 
490000.0     4192191.488873656     -1000.0     2200.0     24770000000.0     0.25 
492000.0     4192191.488873656     -1000.0     2100.0     22350000000.0     0.26 
494000.0     4192191.488873656     -1000.0     2100.0     22740000000.0     0.25 
496000.0     4192191.488873656     -1000.0     2200.0     24600000000.0     0.25 
498000.0     4192191.488873656     -1000.0     2200.0     24600000000.0     0.25 
500000.0     4192191.488873656     -1000.0     2200.0     24600000000.0     0.25 
502000.0     4192191.488873656     -1000.0     2200.0     24600000000.0     0.25 
504000.0     4192191.488873656     -1000.0     2200.0     24600000000.0     0.25 
506000.0     4192191.488873656     -1000.0     2200.0     24600000000.0     0.25 
508000.0     4192191.488873656     -1000.0     2200.0     25830000000.0     0.25 
510000.0     4192191.488873656     -1000.0     2200.0     25300000000.0     0.25 
512000.0     4192191.488873656     -1000.0     2200.0     24920000000.0     0.25 
514000.0     4192191.488873656     -1000.0     2200.0     24600000000.0     0.25 
516000.0     4192191.488873656     -1000.0     2200.0     24600000000.0     0.25 
518000.0     4192191.488873656     -1000.0     2200.0     24600000000.0     0.25 
524000.0     4192191.488873656     -1000.0     2200.0     24600000000.0     0.25 
476000.0     4194191.488873656     -1000.0     2200.0     24600000000.0     0.25 
482000.0     4194191.488873656     -1000.0     2200.0     24600000000.0     0.25 
484000.0     4194191.488873656     -1000.0     2200.0     24600000000.0     0.25 
486000.0     4194191.488873656     -1000.0     2200.0     24600000000.0     0.25 
488000.0     4194191.488873656     -1000.0     2200.0     24600000000.0     0.25 
490000.0     4194191.488873656     -1000.0     2200.0     24600000000.0     0.25 
492000.0     4194191.488873656     -1000.0     2200.0     26700000000.0     0.25 
494000.0     4194191.488873656     -1000.0     2200.0     24600000000.0     0.25 
496000.0     4194191.488873656     -1000.0     2200.0     24600000000.0     0.25 
498000.0     4194191.488873656     -1000.0     2200.0     24600000000.0     0.25 
500000.0     4194191.488873656     -1000.0     2200.0     24600000000.0     0.25 
502000.0     4194191.488873656     -1000.0     2200.0     24600000000.0     0.25 
504000.0     4194191.488873656     -1000.0     2200.0     24600000000.0     0.25 
506000.0     4194191.488873656     -1000.0     2200.0     24600000000.0     0.25 
508000.0     4194191.488873656     -1000.0     2200.0     24600000000.0     0.25 
510000.0     4194191.488873656     -1000.0     2100.0     23440000000.0     0.24 
512000.0     4194191.488873656     -1000.0     2200.0     24770000000.0     0.25 
514000.0     4194191.488873656     -1000.0     2200.0     24600000000.0     0.25 
516000.0     4194191.488873656     -1000.0     2200.0     24600000000.0     0.25 
518000.0     4194191.488873656     -1000.0     2200.0     24600000000.0     0.25 
524000.0     4194191.488873656     -1000.0     2200.0     24600000000.0     0.25 
476000.0     4200191.488873656     -1000.0     2100.0     24420000000.0     0.25 
482000.0     4200191.488873656     -1000.0     2200.0     24600000000.0     0.25 
484000.0     4200191.488873656     -1000.0     2200.0     24600000000.0     0.25 
486000.0     4200191.488873656     -1000.0     2200.0     24600000000.0     0.25 
488000.0     4200191.488873656     -1000.0     2100.0     24060000000.0     0.25 
490000.0     4200191.488873656     -1000.0     2200.0     25450000000.0     0.25 
492000.0     4200191.488873656     -1000.0     2200.0     24950000000.0     0.25 
494000.0     4200191.488873656     -1000.0     2200.0     24600000000.0     0.25 
496000.0     4200191.488873656     -1000.0     2200.0     24600000000.0     0.25 
498000.0     4200191.488873656     -1000.0     2200.0     24600000000.0     0.25 
500000.0     4200191.488873656     -1000.0     2200.0     24600000000.0     0.25 
502000.0     4200191.488873656     -1000.0     2200.0     24600000000.0     0.25 
504000.0     4200191.488873656     -1000.0     2200.0     24600000000.0     0.25 
506000.0     4200191.488873656     -1000.0     2200.0     24600000000.0     0.25 
508000.0     4200191.488873656     -1000.0     2200.0     24600000000.0     0.25 
510000.0     4200191.488873656     -1000.0     2100.0     24250000000.0     0.25 
512000.0     4200191.488873656     -1000.0     2200.0     24400000000.0     0.25 
514000.0     4200191.488873656     -1000.0     2200.0     24770000000.0     0.25 
516000.0     4200191.488873656     -1000.0     2200.0     24600000000.0     0.25 
518000.0     4200191.488873656     -1000.0     2200.0     27140000000.0     0.24 
524000.0     4200191.488873656     -1000.0     2200.0     24600000000.0     0.25 
476000.0     4152191.488873656     0.0     2000.0     18280000000.0     0.25 
482000.0     4152191.488873656     0.0     2000.0     18280000000.0     0.25 
484000.0     4152191.488873656     0.0     2000.0     18280000000.0     0.25 
486000.0     4152191.488873656     0.0     2000.0     18280000000.0     0.25 
488000.0     4152191.488873656     0.0     2000.0     18130000000.0     0.25 
490000.0     4152191.488873656     0.0     2000.0     18130000000.0     0.25 
492000.0     4152191.488873656     0.0     2000.0     18280000000.0     0.25 
494000.0     4152191.488873656     0.0     2000.0     18280000000.0     0.25 
496000.0     4152191.488873656     0.0     2000.0     18280000000.0     0.25 
498000.0     4152191.488873656     0.0     2000.0     18280000000.0     0.25 
500000.0     4152191.488873656     0.0     2000.0     18280000000.0     0.25 
502000.0     4152191.488873656     0.0     2000.0     18280000000.0     0.25 
504000.0     4152191.488873656     0.0     2000.0     18280000000.0     0.25 
506000.0     4152191.488873656     0.0     2000.0     19590000000.0     0.25 
508000.0     4152191.488873656     0.0     2100.0     20350000000.0     0.25 
510000.0     4152191.488873656     0.0     2000.0     18280000000.0     0.25 
512000.0     4152191.488873656     0.0     2000.0     18280000000.0     0.25 
514000.0     4152191.488873656     0.0     2000.0     18280000000.0     0.25 
516000.0     4152191.488873656     0.0     2000.0     18280000000.0     0.25 
518000.0     4152191.488873656     0.0     2000.0     18280000000.0     0.25 
524000.0     4152191.488873656     0.0     2000.0     18280000000.0     0.25 
476000.0     4158191.488873656     0.0     2000.0     18280000000.0     0.25 
482000.0     4158191.488873656     0.0     2000.0     18130000000.0     0.25 
484000.0     4158191.488873656     0.0     2000.0     18280000000.0     0.25 
486000.0     4158191.488873656     0.0     2000.0     18280000000.0     0.25 
488000.0     4158191.488873656     0.0     2000.0     18280000000.0     0.25 
490000.0     4158191.488873656     0.0     2000.0     18280000000.0     0.25 
492000.0     4158191.488873656     0.0     2000.0     18280000000.0     0.25 
494000.0     4158191.488873656     0.0     2000.0     18280000000.0     0.25 
496000.0     4158191.488873656     0.0     2000.0     18280000000.0     0.25 
498000.0     4158191.488873656     0.0     2000.0     17020000000.0     0.25 
500000.0     4158191.488873656     0.0     2000.0     18280000000.0     0.25 
502000.0     4158191.488873656     0.0     2000.0     18280000000.0     0.25 
504000.0     4158191.488873656     0.0     2000.0     18280000000.0     0.25 
506000.0     4158191.488873656     0.0     2000.0     19000000000.0     0.25 
508000.0     4158191.488873656     0.0     2000.0     18280000000.0     0.25 
510000.0     4158191.488873656     0.0     2000.0     17020000000.0     0.25 
512000.0     4158191.488873656     0.0     2000.0     18420000000.0     0.25 
514000.0     4158191.488873656     0.0     2000.0     18710000000.0     0.25 
516000.0     4158191.488873656     0.0     2000.0     18280000000.0     0.25 
518000.0     4158191.488873656     0.0     2000.0     18280000000.0     0.25 
524000.0     4158191.488873656     0.0     2000.0     18280000000.0     0.25 
476000.0     4160191.488873656     0.0     2000.0     16750000000.0     0.25 
482000.0     4160191.488873656     0.0     2000.0     18280000000.0     0.25 
484000.0     4160191.488873656     0.0     2000.0     18280000000.0     0.25 
486000.0     4160191.488873656     0.0     2000.0     18280000000.0     0.25 
488000.0     4160191.488873656     0.0     2000.0     18280000000.0     0.25 
490000.0     4160191.488873656     0.0     2000.0     18280000000.0     0.25 
492000.0     4160191.488873656     0.0     2000.0     18280000000.0     0.25 
494000.0     4160191.488873656     0.0     2000.0     18280000000.0     0.25 
496000.0     4160191.488873656     0.0     2000.0     18280000000.0     0.25 
498000.0     4160191.488873656     0.0     2000.0     18280000000.0     0.25 
500000.0     4160191.488873656     0.0     2000.0     18280000000.0     0.25 
502000.0     4160191.488873656     0.0     2000.0     18280000000.0     0.25 
504000.0     4160191.488873656     0.0     2000.0     18280000000.0     0.25 
506000.0     4160191.488873656     0.0     2000.0     18560000000.0     0.25 
508000.0     4160191.488873656     0.0     2000.0     18280000000.0     0.25 
510000.0     4160191.488873656     0.0     2000.0     18280000000.0     0.25 
512000.0     4160191.488873656     0.0     2000.0     18710000000.0     0.25 
514000.0     4160191.488873656     0.0     2000.0     19300000000.0     0.25 
516000.0     4160191.488873656     0.0     2000.0     18280000000.0     0.25 
518000.0     4160191.488873656     0.0     2000.0     18280000000.0     0.25 
524000.0     4160191.488873656     0.0     2000.0     18280000000.0     0.25 
476000.0     4162191.488873656     0.0     2000.0     16750000000.0     0.25 
482000.0     4162191.488873656     0.0     2000.0     18280000000.0     0.25 
484000.0     4162191.488873656     0.0     2000.0     18280000000.0     0.25 
486000.0     4162191.488873656     0.0     2000.0     18280000000.0     0.25 
488000.0     4162191.488873656     0.0     2000.0     17710000000.0     0.25 
490000.0     4162191.488873656     0.0     2000.0     17149999999.999998     0.26 
492000.0     4162191.488873656     0.0     2000.0     18280000000.0     0.25 
494000.0     4162191.488873656     0.0     2000.0     18420000000.0     0.25 
496000.0     4162191.488873656     0.0     2000.0     17020000000.0     0.25 
498000.0     4162191.488873656     0.0     2000.0     16750000000.0     0.25 
500000.0     4162191.488873656     0.0     2000.0     18130000000.0     0.25 
502000.0     4162191.488873656     0.0     1900.0     12550000000.0     0.25 
504000.0     4162191.488873656     0.0     2000.0     18130000000.0     0.25 
506000.0     4162191.488873656     0.0     2000.0     18420000000.0     0.24 
508000.0     4162191.488873656     0.0     2000.0     17990000000.0     0.25 
510000.0     4162191.488873656     0.0     2000.0     18280000000.0     0.25 
512000.0     4162191.488873656     0.0     2000.0     18280000000.0     0.25 
514000.0     4162191.488873656     0.0     2000.0     18280000000.0     0.25 
516000.0     4162191.488873656     0.0     2000.0     18280000000.0     0.25 
518000.0     4162191.488873656     0.0     2000.0     18280000000.0     0.25 
524000.0     4162191.488873656     0.0     2000.0     18280000000.0     0.25 
476000.0     4164191.488873656     0.0     2000.0     18710000000.0     0.25 
482000.0     4164191.488873656     0.0     2000.0     18280000000.0     0.25 
484000.0     4164191.488873656     0.0     2000.0     18280000000.0     0.25 
486000.0     4164191.488873656     0.0     2000.0     18280000000.0     0.25 
488000.0     4164191.488873656     0.0     2000.0     16610000000.0     0.26 
490000.0     4164191.488873656     0.0     1900.0     13060000000.0     0.28 
492000.0     4164191.488873656     0.0     2000.0     19890000000.0     0.25 
494000.0     4164191.488873656     0.0     2000.0     18420000000.0     0.25 
496000.0     4164191.488873656     0.0     2000.0     16469999999.999998     0.27 
498000.0     4164191.488873656     0.0     1900.0     15050000000.0     0.25 
500000.0     4164191.488873656     0.0     1900.0     13940000000.0     0.25 
502000.0     4164191.488873656     0.0     1900.0     14810000000.0     0.26 
504000.0     4164191.488873656     0.0     2000.0     17160000000.0     0.24 
506000.0     4164191.488873656     0.0     2000.0     17860000000.0     0.24 
508000.0     4164191.488873656     0.0     2000.0     17710000000.0     0.25 
510000.0     4164191.488873656     0.0     2000.0     17260000000.0     0.27 
512000.0     4164191.488873656     0.0     2000.0     17430000000.0     0.26 
514000.0     4164191.488873656     0.0     2000.0     18280000000.0     0.25 
516000.0     4164191.488873656     0.0     2000.0     18280000000.0     0.25 
518000.0     4164191.488873656     0.0     2000.0     18280000000.0     0.25 
524000.0     4164191.488873656     0.0     2000.0     18280000000.0     0.25 
476000.0     4166191.488873656     0.0     2000.0     18280000000.0     0.25 
482000.0     4166191.488873656     0.0     2000.0     18280000000.0     0.25 
484000.0     4166191.488873656     0.0     2000.0     18280000000.0     0.25 
486000.0     4166191.488873656     0.0     2000.0     18280000000.0     0.25 
488000.0     4166191.488873656     0.0     2000.0     18130000000.0     0.25 
490000.0     4166191.488873656     0.0     2000.0     16210000000.0     0.25 
492000.0     4166191.488873656     0.0     2000.0     16750000000.0     0.24 
494000.0     4166191.488873656     0.0     2000.0     18000000000.0     0.24 
496000.0     4166191.488873656     0.0     2000.0     17850000000.0     0.25 
498000.0     4166191.488873656     0.0     2000.0     16079999999.999998     0.25 
500000.0     4166191.488873656     0.0     1900.0     14800000000.0     0.25 
502000.0     4166191.488873656     0.0     2000.0     17700000000.0     0.26 
504000.0     4166191.488873656     0.0     2000.0     17570000000.0     0.25 
506000.0     4166191.488873656     0.0     2000.0     16750000000.0     0.24 
508000.0     4166191.488873656     0.0     2000.0     18410000000.0     0.25 
510000.0     4166191.488873656     0.0     2100.0     21890000000.0     0.28 
512000.0     4166191.488873656     0.0     2000.0     15560000000.0     0.27 
514000.0     4166191.488873656     0.0     2000.0     18420000000.0     0.25 
516000.0     4166191.488873656     0.0     2000.0     18280000000.0     0.25 
518000.0     4166191.488873656     0.0     2000.0     18280000000.0     0.25 
524000.0     4166191.488873656     0.0     2000.0     18280000000.0     0.25 
476000.0     4168191.488873656     0.0     2000.0     18280000000.0     0.25 
482000.0     4168191.488873656     0.0     2000.0     18280000000.0     0.25 
484000.0     4168191.488873656     0.0     2000.0     18280000000.0     0.25 
486000.0     4168191.488873656     0.0     2000.0     18130000000.0     0.25 
488000.0     4168191.488873656     0.0     2000.0     18130000000.0     0.25 
490000.0     4168191.488873656     0.0     2000.0     17430000000.0     0.25 
492000.0     4168191.488873656     0.0     1900.0     14540000000.0     0.24 
494000.0     4168191.488873656     0.0     1900.0     15140000000.0     0.23 
496000.0     4168191.488873656     0.0     1900.0     16070000000.0     0.24 
498000.0     4168191.488873656     0.0     2000.0     17290000000.0     0.26 
500000.0     4168191.488873656     0.0     1900.0     14190000000.0     0.25 
502000.0     4168191.488873656     0.0     2000.0     16210000000.0     0.25 
504000.0     4168191.488873656     0.0     2000.0     19110000000.0     0.27 
506000.0     4168191.488873656     0.0     1900.0     14440000000.0     0.26 
508000.0     4168191.488873656     0.0     2000.0     16750000000.0     0.25 
510000.0     4168191.488873656     0.0     2000.0     15820000000.0     0.26 
512000.0     4168191.488873656     0.0     1900.0     14800000000.0     0.25 
514000.0     4168191.488873656     0.0     2000.0     17430000000.0     0.25 
516000.0     4168191.488873656     0.0     2000.0     16350000000.000002     0.26 
518000.0     4168191.488873656     0.0     2000.0     17990000000.0     0.25 
524000.0     4168191.488873656     0.0     2000.0     18280000000.0     0.25 
476000.0     4170191.488873656     0.0     2000.0     18280000000.0     0.25 
482000.0     4170191.488873656     0.0     2000.0     18280000000.0     0.25 
484000.0     4170191.488873656     0.0     2000.0     18280000000.0     0.25 
486000.0     4170191.488873656     0.0     2000.0     18280000000.0     0.25 
488000.0     4170191.488873656     0.0     2000.0     17850000000.0     0.25 
490000.0     4170191.488873656     0.0     2000.0     17990000000.0     0.25 
492000.0     4170191.488873656     0.0     1900.0     14670000000.0     0.25 
494000.0     4170191.488873656     0.0     1900.0     14690000000.0     0.28 
496000.0     4170191.488873656     0.0     1900.0     13510000000.0     0.28 
498000.0     4170191.488873656     0.0     2000.0     17290000000.0     0.25 
500000.0     4170191.488873656     0.0     2000.0     19580000000.0     0.25 
502000.0     4170191.488873656     0.0     2200.0     27890000000.0     0.24 
504000.0     4170191.488873656     0.0     2200.0     24520000000.0     0.26 
506000.0     4170191.488873656     0.0     2100.0     20960000000.0     0.25 
508000.0     4170191.488873656     0.0     2000.0     18550000000.0     0.26 
510000.0     4170191.488873656     0.0     2000.0     18690000000.0     0.26 
512000.0     4170191.488873656     0.0     2100.0     21710000000.0     0.26 
514000.0     4170191.488873656     0.0     2000.0     16210000000.0     0.26 
516000.0     4170191.488873656     0.0     1800.0     11080000000.0     0.26 
518000.0     4170191.488873656     0.0     2000.0     16610000000.0     0.25 
524000.0     4170191.488873656     0.0     2000.0     18280000000.0     0.25 
476000.0     4172191.488873656     0.0     2000.0     18280000000.0     0.25 
482000.0     4172191.488873656     0.0     2000.0     18280000000.0     0.25 
484000.0     4172191.488873656     0.0     2000.0     18280000000.0     0.25 
486000.0     4172191.488873656     0.0     2000.0     18280000000.0     0.25 
488000.0     4172191.488873656     0.0     2000.0     17570000000.0     0.25 
490000.0     4172191.488873656     0.0     2000.0     17430000000.0     0.25 
492000.0     4172191.488873656     0.0     1800.0     11170000000.0     0.2 
494000.0     4172191.488873656     0.0     1900.0     13500000000.0     0.27 
496000.0     4172191.488873656     0.0     1900.0     15310000000.0     0.27 
498000.0     4172191.488873656     0.0     2300.0     32619999999.999996     0.19 
500000.0     4172191.488873656     0.0     2300.0     33140000000.0     0.24 
502000.0     4172191.488873656     0.0     2200.0     28010000000.0     0.23 
504000.0     4172191.488873656     0.0     2200.0     25950000000.0     0.26 
506000.0     4172191.488873656     0.0     2300.0     30010000000.0     0.24 
508000.0     4172191.488873656     0.0     2000.0     18410000000.0     0.25 
510000.0     4172191.488873656     0.0     1700.0     8330000000.0     0.24 
512000.0     4172191.488873656     0.0     1700.0     7760000000.0     0.24 
514000.0     4172191.488873656     0.0     1900.0     12460000000.0     0.26 
516000.0     4172191.488873656     0.0     1900.0     13480000000.0     0.25 
518000.0     4172191.488873656     0.0     2000.0     18280000000.0     0.25 
524000.0     4172191.488873656     0.0     2000.0     18280000000.0     0.25 
476000.0     4174191.488873656     0.0     2000.0     18130000000.0     0.25 
482000.0     4174191.488873656     0.0     2000.0     18280000000.0     0.25 
484000.0     4174191.488873656     0.0     2000.0     18280000000.0     0.25 
486000.0     4174191.488873656     0.0     2000.0     17020000000.0     0.25 
488000.0     4174191.488873656     0.0     2000.0     18420000000.0     0.25 
490000.0     4174191.488873656     0.0     2000.0     18130000000.0     0.25 
492000.0     4174191.488873656     0.0     2000.0     15690000000.0     0.27 
494000.0     4174191.488873656     0.0     1900.0     14210000000.0     0.29 
496000.0     4174191.488873656     0.0     1900.0     14810000000.0     0.26 
498000.0     4174191.488873656     0.0     2200.0     25150000000.0     0.24 
500000.0     4174191.488873656     0.0     2400.0     38860000000.0     0.26 
502000.0     4174191.488873656     0.0     2200.0     23580000000.0     0.27 
504000.0     4174191.488873656     0.0     2300.0     35970000000.0     0.24 
506000.0     4174191.488873656     0.0     2100.0     24860000000.0     0.23 
508000.0     4174191.488873656     0.0     2000.0     18690000000.0     0.26 
510000.0     4174191.488873656     0.0     2200.0     27070000000.0     0.25 
512000.0     4174191.488873656     0.0     2000.0     19000000000.0     0.25 
514000.0     4174191.488873656     0.0     2000.0     16750000000.0     0.25 
516000.0     4174191.488873656     0.0     2000.0     17850000000.0     0.25 
518000.0     4174191.488873656     0.0     2000.0     17290000000.0     0.25 
524000.0     4174191.488873656     0.0     2000.0     18280000000.0     0.25 
476000.0     4176191.488873656     0.0     2000.0     18280000000.0     0.25 
482000.0     4176191.488873656     0.0     2000.0     18280000000.0     0.25 
484000.0     4176191.488873656     0.0     1900.0     14450000000.0     0.27 
486000.0     4176191.488873656     0.0     1900.0     15560000000.0     0.24 
488000.0     4176191.488873656     0.0     2000.0     16610000000.0     0.25 
490000.0     4176191.488873656     0.0     2100.0     20500000000.0     0.25 
492000.0     4176191.488873656     0.0     2000.0     15810000000.0     0.28 
494000.0     4176191.488873656     0.0     1900.0     15560000000.0     0.25 
496000.0     4176191.488873656     0.0     2100.0     22140000000.0     0.23 
498000.0     4176191.488873656     0.0     2200.0     27440000000.0     0.23 
500000.0     4176191.488873656     0.0     2300.0     32509999999.999996     0.22 
502000.0     4176191.488873656     0.0     2300.0     30610000000.0     0.24 
504000.0     4176191.488873656     0.0     2200.0     28800000000.0     0.25 
506000.0     4176191.488873656     0.0     2200.0     28460000000.0     0.24 
508000.0     4176191.488873656     0.0     2100.0     22600000000.0     0.27 
510000.0     4176191.488873656     0.0     1900.0     15190000000.0     0.27 
512000.0     4176191.488873656     0.0     2000.0     18270000000.0     0.25 
514000.0     4176191.488873656     0.0     2000.0     17290000000.0     0.25 
516000.0     4176191.488873656     0.0     2000.0     18280000000.0     0.25 
518000.0     4176191.488873656     0.0     2000.0     18280000000.0     0.25 
524000.0     4176191.488873656     0.0     2000.0     18280000000.0     0.25 
476000.0     4178191.488873656     0.0     2000.0     18280000000.0     0.25 
482000.0     4178191.488873656     0.0     2000.0     18560000000.0     0.25 
484000.0     4178191.488873656     0.0     2000.0     14930000000.0     0.28 
486000.0     4178191.488873656     0.0     1900.0     15820000000.0     0.24 
488000.0     4178191.488873656     0.0     2000.0     17430000000.0     0.25 
490000.0     4178191.488873656     0.0     1900.0     15300000000.0     0.25 
492000.0     4178191.488873656     0.0     1900.0     15420000000.0     0.24 
494000.0     4178191.488873656     0.0     1900.0     14050000000.0     0.24 
496000.0     4178191.488873656     0.0     1900.0     13900000000.0     0.23 
498000.0     4178191.488873656     0.0     2200.0     28040000000.0     0.22 
500000.0     4178191.488873656     0.0     2100.0     22320000000.0     0.2 
502000.0     4178191.488873656     0.0     2300.0     30810000000.0     0.24 
504000.0     4178191.488873656     0.0     2000.0     19300000000.0     0.25 
506000.0     4178191.488873656     0.0     2200.0     28950000000.0     0.23 
508000.0     4178191.488873656     0.0     2000.0     19160000000.0     0.24 
510000.0     4178191.488873656     0.0     1800.0     10320000000.0     0.24 
512000.0     4178191.488873656     0.0     2000.0     18040000000.0     0.29 
514000.0     4178191.488873656     0.0     2000.0     17570000000.0     0.25 
516000.0     4178191.488873656     0.0     2000.0     18280000000.0     0.25 
518000.0     4178191.488873656     0.0     2000.0     18280000000.0     0.25 
524000.0     4178191.488873656     0.0     2000.0     18280000000.0     0.25 
476000.0     4180191.488873656     0.0     2000.0     18280000000.0     0.25 
482000.0     4180191.488873656     0.0     2000.0     18280000000.0     0.25 
484000.0     4180191.488873656     0.0     2000.0     18280000000.0     0.25 
486000.0     4180191.488873656     0.0     2000.0     18280000000.0     0.25 
488000.0     4180191.488873656     0.0     2000.0     18280000000.0     0.25 
490000.0     4180191.488873656     0.0     2000.0     18280000000.0     0.25 
492000.0     4180191.488873656     0.0     2000.0     17710000000.0     0.25 
494000.0     4180191.488873656     0.0     2000.0     16879999999.999998     0.25 
496000.0     4180191.488873656     0.0     1900.0     14450000000.0     0.27 
498000.0     4180191.488873656     0.0     2300.0     31760000000.0     0.27 
500000.0     4180191.488873656     0.0     2600.0     51950000000.0     0.25 
502000.0     4180191.488873656     0.0     2200.0     27320000000.0     0.24 
504000.0     4180191.488873656     0.0     2200.0     28170000000.0     0.23 
506000.0     4180191.488873656     0.0     2200.0     26770000000.0     0.19 
508000.0     4180191.488873656     0.0     1900.0     14540000000.0     0.24 
510000.0     4180191.488873656     0.0     1800.0     12200000000.0     0.24 
512000.0     4180191.488873656     0.0     1900.0     13700000000.0     0.25 
514000.0     4180191.488873656     0.0     2000.0     18280000000.0     0.25 
516000.0     4180191.488873656     0.0     2000.0     17990000000.0     0.25 
518000.0     4180191.488873656     0.0     2000.0     18130000000.0     0.25 
524000.0     4180191.488873656     0.0     2000.0     18280000000.0     0.25 
476000.0     4182191.488873656     0.0     2000.0     18280000000.0     0.25 
482000.0     4182191.488873656     0.0     2000.0     18280000000.0     0.25 
484000.0     4182191.488873656     0.0     2000.0     18280000000.0     0.25 
486000.0     4182191.488873656     0.0     2000.0     18280000000.0     0.25 
488000.0     4182191.488873656     0.0     2000.0     18280000000.0     0.25 
490000.0     4182191.488873656     0.0     2000.0     18420000000.0     0.25 
492000.0     4182191.488873656     0.0     2000.0     18130000000.0     0.25 
494000.0     4182191.488873656     0.0     2000.0     17990000000.0     0.25 
496000.0     4182191.488873656     0.0     2000.0     16210000000.0     0.26 
498000.0     4182191.488873656     0.0     1900.0     13360000000.0     0.25 
500000.0     4182191.488873656     0.0     2100.0     22760000000.0     0.27 
502000.0     4182191.488873656     0.0     1900.0     13980000000.0     0.28 
504000.0     4182191.488873656     0.0     1700.0     9410000000.0     0.26 
506000.0     4182191.488873656     0.0     1700.0     8620000000.0     0.22 
508000.0     4182191.488873656     0.0     2000.0     17000000000.0     0.27 
510000.0     4182191.488873656     0.0     1900.0     15690000000.0     0.25 
512000.0     4182191.488873656     0.0     2000.0     17990000000.0     0.25 
514000.0     4182191.488873656     0.0     2000.0     18850000000.0     0.25 
516000.0     4182191.488873656     0.0     2000.0     18130000000.0     0.25 
518000.0     4182191.488873656     0.0     1900.0     14810000000.0     0.27 
524000.0     4182191.488873656     0.0     2000.0     18280000000.0     0.25 
476000.0     4184191.488873656     0.0     2000.0     18280000000.0     0.25 
482000.0     4184191.488873656     0.0     2000.0     18280000000.0     0.25 
484000.0     4184191.488873656     0.0     2000.0     18280000000.0     0.25 
486000.0     4184191.488873656     0.0     2000.0     18280000000.0     0.25 
488000.0     4184191.488873656     0.0     2000.0     18130000000.0     0.25 
490000.0     4184191.488873656     0.0     2000.0     19310000000.0     0.24 
492000.0     4184191.488873656     0.0     2000.0     17990000000.0     0.25 
494000.0     4184191.488873656     0.0     1900.0     15420000000.0     0.24 
496000.0     4184191.488873656     0.0     1900.0     14280000000.0     0.24 
498000.0     4184191.488873656     0.0     2000.0     19740000000.0     0.25 
500000.0     4184191.488873656     0.0     2000.0     16739999999.999998     0.24 
502000.0     4184191.488873656     0.0     2000.0     18970000000.0     0.19 
504000.0     4184191.488873656     0.0     1900.0     13330000000.0     0.24 
506000.0     4184191.488873656     0.0     1800.0     10680000000.0     0.26 
508000.0     4184191.488873656     0.0     2100.0     19380000000.0     0.27 
510000.0     4184191.488873656     0.0     2000.0     18250000000.0     0.27 
512000.0     4184191.488873656     0.0     2000.0     19150000000.0     0.25 
514000.0     4184191.488873656     0.0     2000.0     18820000000.0     0.27 
516000.0     4184191.488873656     0.0     2000.0     15950000000.0     0.26 
518000.0     4184191.488873656     0.0     2000.0     18560000000.0     0.25 
524000.0     4184191.488873656     0.0     2000.0     18280000000.0     0.25 
476000.0     4186191.488873656     0.0     2000.0     18280000000.0     0.25 
482000.0     4186191.488873656     0.0     2000.0     18280000000.0     0.25 
484000.0     4186191.488873656     0.0     2000.0     18280000000.0     0.25 
486000.0     4186191.488873656     0.0     2000.0     18280000000.0     0.25 
488000.0     4186191.488873656     0.0     2000.0     16210000000.0     0.26 
490000.0     4186191.488873656     0.0     1900.0     12480000000.0     0.27 
492000.0     4186191.488873656     0.0     2000.0     17850000000.0     0.25 
494000.0     4186191.488873656     0.0     2000.0     19280000000.0     0.26 
496000.0     4186191.488873656     0.0     2000.0     17250000000.0     0.28 
498000.0     4186191.488873656     0.0     2000.0     16610000000.0     0.24 
500000.0     4186191.488873656     0.0     2000.0     16750000000.0     0.25 
502000.0     4186191.488873656     0.0     2000.0     18100000000.0     0.27 
504000.0     4186191.488873656     0.0     1900.0     15430000000.0     0.24 
506000.0     4186191.488873656     0.0     2000.0     18690000000.0     0.26 
508000.0     4186191.488873656     0.0     2000.0     17430000000.0     0.25 
510000.0     4186191.488873656     0.0     2100.0     22580000000.0     0.28 
512000.0     4186191.488873656     0.0     2100.0     20660000000.0     0.25 
514000.0     4186191.488873656     0.0     2200.0     24590000000.0     0.27 
516000.0     4186191.488873656     0.0     2100.0     20260000000.0     0.27 
518000.0     4186191.488873656     0.0     2000.0     18280000000.0     0.25 
524000.0     4186191.488873656     0.0     2000.0     18280000000.0     0.25 
476000.0     4188191.488873656     0.0     2000.0     18280000000.0     0.25 
482000.0     4188191.488873656     0.0     2000.0     18280000000.0     0.25 
484000.0     4188191.488873656     0.0     2000.0     18280000000.0     0.25 
486000.0     4188191.488873656     0.0     2000.0     18280000000.0     0.25 
488000.0     4188191.488873656     0.0     2000.0     18410000000.0     0.25 
490000.0     4188191.488873656     0.0     2000.0     17960000000.0     0.27 
492000.0     4188191.488873656     0.0     2000.0     18420000000.0     0.25 
494000.0     4188191.488873656     0.0     2000.0     18280000000.0     0.25 
496000.0     4188191.488873656     0.0     2000.0     18280000000.0     0.25 
498000.0     4188191.488873656     0.0     2000.0     18130000000.0     0.25 
500000.0     4188191.488873656     0.0     2000.0     16879999999.999998     0.25 
502000.0     4188191.488873656     0.0     2000.0     17850000000.0     0.25 
504000.0     4188191.488873656     0.0     2000.0     18710000000.0     0.25 
506000.0     4188191.488873656     0.0     2000.0     18280000000.0     0.25 
508000.0     4188191.488873656     0.0     2000.0     17710000000.0     0.25 
510000.0     4188191.488873656     0.0     2000.0     19260000000.0     0.27 
512000.0     4188191.488873656     0.0     2000.0     18420000000.0     0.25 
514000.0     4188191.488873656     0.0     2000.0     18280000000.0     0.25 
516000.0     4188191.488873656     0.0     2000.0     18280000000.0     0.25 
518000.0     4188191.488873656     0.0     2000.0     18280000000.0     0.25 
524000.0     4188191.488873656     0.0     2000.0     18280000000.0     0.25 
476000.0     4190191.488873656     0.0     2000.0     18280000000.0     0.25 
482000.0     4190191.488873656     0.0     2000.0     18280000000.0     0.25 
484000.0     4190191.488873656     0.0     2000.0     18280000000.0     0.25 
486000.0     4190191.488873656     0.0     2000.0     18280000000.0     0.25 
488000.0     4190191.488873656     0.0     2000.0     18280000000.0     0.25 
490000.0     4190191.488873656     0.0     2000.0     18280000000.0     0.25 
492000.0     4190191.488873656     0.0     2000.0     18280000000.0     0.25 
494000.0     4190191.488873656     0.0     2000.0     18280000000.0     0.25 
496000.0     4190191.488873656     0.0     2000.0     18280000000.0     0.25 
498000.0     4190191.488873656     0.0     2000.0     17710000000.0     0.25 
500000.0     4190191.488873656     0.0     2000.0     15950000000.0     0.25 
502000.0     4190191.488873656     0.0     2000.0     18420000000.0     0.25 
504000.0     4190191.488873656     0.0     2000.0     18280000000.0     0.25 
506000.0     4190191.488873656     0.0     2000.0     18280000000.0     0.25 
508000.0     4190191.488873656     0.0     2000.0     18130000000.0     0.25 
510000.0     4190191.488873656     0.0     2000.0     17670000000.0     0.27 
512000.0     4190191.488873656     0.0     2000.0     18410000000.0     0.25 
514000.0     4190191.488873656     0.0     2000.0     18280000000.0     0.25 
516000.0     4190191.488873656     0.0     2000.0     18280000000.0     0.25 
518000.0     4190191.488873656     0.0     2000.0     18280000000.0     0.25 
524000.0     4190191.488873656     0.0     2000.0     18280000000.0     0.25 
476000.0     4192191.488873656     0.0     2000.0     18280000000.0     0.25 
482000.0     4192191.488873656     0.0     2000.0     18280000000.0     0.25 
484000.0     4192191.488873656     0.0     2000.0     18280000000.0     0.25 
486000.0     4192191.488873656     0.0     2000.0     18280000000.0     0.25 
488000.0     4192191.488873656     0.0     2000.0     18280000000.0     0.25 
490000.0     4192191.488873656     0.0     2000.0     18280000000.0     0.25 
492000.0     4192191.488873656     0.0     2000.0     15820000000.0     0.26 
494000.0     4192191.488873656     0.0     2000.0     17570000000.0     0.25 
496000.0     4192191.488873656     0.0     2000.0     18280000000.0     0.25 
498000.0     4192191.488873656     0.0     2000.0     18280000000.0     0.25 
500000.0     4192191.488873656     0.0     2000.0     18280000000.0     0.25 
502000.0     4192191.488873656     0.0     2000.0     18280000000.0     0.25 
504000.0     4192191.488873656     0.0     2000.0     18280000000.0     0.25 
506000.0     4192191.488873656     0.0     2000.0     18280000000.0     0.25 
508000.0     4192191.488873656     0.0     2000.0     18420000000.0     0.25 
510000.0     4192191.488873656     0.0     2100.0     22410000000.0     0.28 
512000.0     4192191.488873656     0.0     2000.0     18400000000.0     0.26 
514000.0     4192191.488873656     0.0     2000.0     18280000000.0     0.25 
516000.0     4192191.488873656     0.0     2000.0     18280000000.0     0.25 
518000.0     4192191.488873656     0.0     2000.0     18280000000.0     0.25 
524000.0     4192191.488873656     0.0     2000.0     18280000000.0     0.25 
476000.0     4194191.488873656     0.0     2000.0     18280000000.0     0.25 
482000.0     4194191.488873656     0.0     2000.0     18280000000.0     0.25 
484000.0     4194191.488873656     0.0     2000.0     18280000000.0     0.25 
486000.0     4194191.488873656     0.0     2000.0     18280000000.0     0.25 
488000.0     4194191.488873656     0.0     2000.0     18280000000.0     0.25 
490000.0     4194191.488873656     0.0     2000.0     18280000000.0     0.25 
492000.0     4194191.488873656     0.0     2000.0     18840000000.0     0.26 
494000.0     4194191.488873656     0.0     2000.0     18130000000.0     0.25 
496000.0     4194191.488873656     0.0     2000.0     18280000000.0     0.25 
498000.0     4194191.488873656     0.0     2000.0     18280000000.0     0.25 
500000.0     4194191.488873656     0.0     2000.0     18280000000.0     0.25 
502000.0     4194191.488873656     0.0     2000.0     18280000000.0     0.25 
504000.0     4194191.488873656     0.0     2000.0     18280000000.0     0.25 
506000.0     4194191.488873656     0.0     2000.0     18280000000.0     0.25 
508000.0     4194191.488873656     0.0     2000.0     18280000000.0     0.25 
510000.0     4194191.488873656     0.0     2000.0     17850000000.0     0.24 
512000.0     4194191.488873656     0.0     2000.0     18280000000.0     0.25 
514000.0     4194191.488873656     0.0     2000.0     18280000000.0     0.25 
516000.0     4194191.488873656     0.0     2000.0     18280000000.0     0.25 
518000.0     4194191.488873656     0.0     2000.0     18280000000.0     0.25 
524000.0     4194191.488873656     0.0     2000.0     18280000000.0     0.25 
476000.0     4200191.488873656     0.0     2000.0     18280000000.0     0.25 
482000.0     4200191.488873656     0.0     2000.0     18280000000.0     0.25 
484000.0     4200191.488873656     0.0     2000.0     18280000000.0     0.25 
486000.0     4200191.488873656     0.0     2000.0     18280000000.0     0.25 
488000.0     4200191.488873656     0.0     2000.0     18130000000.0     0.25 
490000.0     4200191.488873656     0.0     2000.0     18990000000.0     0.25 
492000.0     4200191.488873656     0.0     2000.0     18280000000.0     0.25 
494000.0     4200191.488873656     0.0     2000.0     18280000000.0     0.25 
496000.0     4200191.488873656     0.0     2000.0     18280000000.0     0.25 
498000.0     4200191.488873656     0.0     2000.0     18280000000.0     0.25 
500000.0     4200191.488873656     0.0     2000.0     18280000000.0     0.25 
502000.0     4200191.488873656     0.0     2000.0     18280000000.0     0.25 
504000.0     4200191.488873656     0.0     2000.0     18280000000.0     0.25 
506000.0     4200191.488873656     0.0     2000.0     18280000000.0     0.25 
508000.0     4200191.488873656     0.0     2000.0     18280000000.0     0.25 
510000.0     4200191.488873656     0.0     2000.0     18130000000.0     0.25 
512000.0     4200191.488873656     0.0     2000.0     17990000000.0     0.25 
514000.0     4200191.488873656     0.0     2000.0     18280000000.0     0.25 
516000.0     4200191.488873656     0.0     2000.0     18280000000.0     0.25 
518000.0     4200191.488873656     0.0     2000.0     19300000000.0     0.25 
524000.0     4200191.488873656     0.0     2000.0     18130000000.0     0.25 
476000.0     4152191.488873656     1000.0     2000.0     16879999999.999998     0.25 
482000.0     4152191.488873656     1000.0     2000.0     16879999999.999998     0.25 
484000.0     4152191.488873656     1000.0     2000.0     16879999999.999998     0.25 
486000.0     4152191.488873656     1000.0     2000.0     16879999999.999998     0.25 
488000.0     4152191.488873656     1000.0     2000.0     16879999999.999998     0.25 
490000.0     4152191.488873656     1000.0     2000.0     16879999999.999998     0.25 
492000.0     4152191.488873656     1000.0     2000.0     16879999999.999998     0.25 
494000.0     4152191.488873656     1000.0     2000.0     16879999999.999998     0.25 
496000.0     4152191.488873656     1000.0     2000.0     16879999999.999998     0.25 
498000.0     4152191.488873656     1000.0     2000.0     16879999999.999998     0.25 
500000.0     4152191.488873656     1000.0     2000.0     16879999999.999998     0.25 
502000.0     4152191.488873656     1000.0     2000.0     16879999999.999998     0.25 
504000.0     4152191.488873656     1000.0     2000.0     16879999999.999998     0.25 
506000.0     4152191.488873656     1000.0     2000.0     16879999999.999998     0.25 
508000.0     4152191.488873656     1000.0     2000.0     16879999999.999998     0.25 
510000.0     4152191.488873656     1000.0     2000.0     16879999999.999998     0.25 
512000.0     4152191.488873656     1000.0     2000.0     16879999999.999998     0.25 
514000.0     4152191.488873656     1000.0     2000.0     16879999999.999998     0.25 
516000.0     4152191.488873656     1000.0     2000.0     16879999999.999998     0.25 
518000.0     4152191.488873656     1000.0     2000.0     16879999999.999998     0.25 
524000.0     4152191.488873656     1000.0     2000.0     16879999999.999998     0.25 
476000.0     4158191.488873656     1000.0     2000.0     16879999999.999998     0.25 
482000.0     4158191.488873656     1000.0     2000.0     16879999999.999998     0.25 
484000.0     4158191.488873656     1000.0     2000.0     16879999999.999998     0.25 
486000.0     4158191.488873656     1000.0     2000.0     16879999999.999998     0.25 
488000.0     4158191.488873656     1000.0     2000.0     16879999999.999998     0.25 
490000.0     4158191.488873656     1000.0     2000.0     16879999999.999998     0.25 
492000.0     4158191.488873656     1000.0     2000.0     16879999999.999998     0.25 
494000.0     4158191.488873656     1000.0     2000.0     16879999999.999998     0.25 
496000.0     4158191.488873656     1000.0     2000.0     16879999999.999998     0.25 
498000.0     4158191.488873656     1000.0     2000.0     16879999999.999998     0.25 
500000.0     4158191.488873656     1000.0     2000.0     16879999999.999998     0.25 
502000.0     4158191.488873656     1000.0     2000.0     16879999999.999998     0.25 
504000.0     4158191.488873656     1000.0     2000.0     16879999999.999998     0.25 
506000.0     4158191.488873656     1000.0     2000.0     16879999999.999998     0.25 
508000.0     4158191.488873656     1000.0     2000.0     16879999999.999998     0.25 
510000.0     4158191.488873656     1000.0     2000.0     16879999999.999998     0.25 
512000.0     4158191.488873656     1000.0     2000.0     16879999999.999998     0.25 
514000.0     4158191.488873656     1000.0     2000.0     16879999999.999998     0.25 
516000.0     4158191.488873656     1000.0     2000.0     16879999999.999998     0.25 
518000.0     4158191.488873656     1000.0     2000.0     16879999999.999998     0.25 
524000.0     4158191.488873656     1000.0     2000.0     16879999999.999998     0.25 
476000.0     4160191.488873656     1000.0     2000.0     16610000000.0     0.25 
482000.0     4160191.488873656     1000.0     2000.0     16879999999.999998     0.25 
484000.0     4160191.488873656     1000.0     2000.0     16879999999.999998     0.25 
486000.0     4160191.488873656     1000.0     2000.0     16879999999.999998     0.25 
488000.0     4160191.488873656     1000.0     2000.0     16879999999.999998     0.25 
490000.0     4160191.488873656     1000.0     2000.0     16879999999.999998     0.25 
492000.0     4160191.488873656     1000.0     2000.0     16879999999.999998     0.25 
494000.0     4160191.488873656     1000.0     2000.0     16879999999.999998     0.25 
496000.0     4160191.488873656     1000.0     2000.0     16879999999.999998     0.25 
498000.0     4160191.488873656     1000.0     2000.0     16879999999.999998     0.25 
500000.0     4160191.488873656     1000.0     2000.0     16879999999.999998     0.25 
502000.0     4160191.488873656     1000.0     2000.0     16879999999.999998     0.25 
504000.0     4160191.488873656     1000.0     2000.0     16879999999.999998     0.25 
506000.0     4160191.488873656     1000.0     2000.0     16879999999.999998     0.25 
508000.0     4160191.488873656     1000.0     2000.0     16879999999.999998     0.25 
510000.0     4160191.488873656     1000.0     2000.0     16879999999.999998     0.25 
512000.0     4160191.488873656     1000.0     2000.0     16879999999.999998     0.25 
514000.0     4160191.488873656     1000.0     2000.0     16879999999.999998     0.25 
516000.0     4160191.488873656     1000.0     2000.0     16879999999.999998     0.25 
518000.0     4160191.488873656     1000.0     2000.0     16879999999.999998     0.25 
524000.0     4160191.488873656     1000.0     2000.0     16879999999.999998     0.25 
476000.0     4162191.488873656     1000.0     2000.0     16750000000.0     0.25 
482000.0     4162191.488873656     1000.0     2000.0     16879999999.999998     0.25 
484000.0     4162191.488873656     1000.0     2000.0     16879999999.999998     0.25 
486000.0     4162191.488873656     1000.0     2000.0     16879999999.999998     0.25 
488000.0     4162191.488873656     1000.0     2000.0     16879999999.999998     0.25 
490000.0     4162191.488873656     1000.0     2000.0     16750000000.0     0.25 
492000.0     4162191.488873656     1000.0     2000.0     17430000000.0     0.25 
494000.0     4162191.488873656     1000.0     2000.0     16350000000.000002     0.25 
496000.0     4162191.488873656     1000.0     1900.0     15820000000.0     0.25 
498000.0     4162191.488873656     1000.0     2000.0     16079999999.999998     0.25 
500000.0     4162191.488873656     1000.0     2000.0     16879999999.999998     0.25 
502000.0     4162191.488873656     1000.0     1900.0     15050000000.0     0.25 
504000.0     4162191.488873656     1000.0     2000.0     16879999999.999998     0.25 
506000.0     4162191.488873656     1000.0     2000.0     16750000000.0     0.25 
508000.0     4162191.488873656     1000.0     2000.0     17160000000.0     0.25 
510000.0     4162191.488873656     1000.0     2000.0     16879999999.999998     0.25 
512000.0     4162191.488873656     1000.0     2000.0     16879999999.999998     0.25 
514000.0     4162191.488873656     1000.0     2000.0     16879999999.999998     0.25 
516000.0     4162191.488873656     1000.0     2000.0     16879999999.999998     0.25 
518000.0     4162191.488873656     1000.0     2000.0     16879999999.999998     0.25 
524000.0     4162191.488873656     1000.0     2000.0     16879999999.999998     0.25 
476000.0     4164191.488873656     1000.0     2000.0     16879999999.999998     0.25 
482000.0     4164191.488873656     1000.0     2000.0     16879999999.999998     0.25 
484000.0     4164191.488873656     1000.0     2000.0     16879999999.999998     0.25 
486000.0     4164191.488873656     1000.0     2000.0     16879999999.999998     0.25 
488000.0     4164191.488873656     1000.0     2000.0     16879999999.999998     0.25 
490000.0     4164191.488873656     1000.0     2000.0     17570000000.0     0.25 
492000.0     4164191.488873656     1000.0     2100.0     20050000000.0     0.25 
494000.0     4164191.488873656     1000.0     2000.0     17570000000.0     0.24 
496000.0     4164191.488873656     1000.0     2000.0     16480000000.0     0.25 
498000.0     4164191.488873656     1000.0     2000.0     16210000000.0     0.25 
500000.0     4164191.488873656     1000.0     1900.0     13940000000.0     0.25 
502000.0     4164191.488873656     1000.0     1900.0     13820000000.0     0.25 
504000.0     4164191.488873656     1000.0     2000.0     16750000000.0     0.24 
506000.0     4164191.488873656     1000.0     2000.0     17149999999.999998     0.25 
508000.0     4164191.488873656     1000.0     2000.0     16879999999.999998     0.25 
510000.0     4164191.488873656     1000.0     2000.0     17290000000.0     0.25 
512000.0     4164191.488873656     1000.0     2000.0     16610000000.0     0.25 
514000.0     4164191.488873656     1000.0     2000.0     16879999999.999998     0.25 
516000.0     4164191.488873656     1000.0     2000.0     16879999999.999998     0.25 
518000.0     4164191.488873656     1000.0     2000.0     16879999999.999998     0.25 
524000.0     4164191.488873656     1000.0     2000.0     16879999999.999998     0.25 
476000.0     4166191.488873656     1000.0     2000.0     16879999999.999998     0.25 
482000.0     4166191.488873656     1000.0     2000.0     16879999999.999998     0.25 
484000.0     4166191.488873656     1000.0     2000.0     16879999999.999998     0.25 
486000.0     4166191.488873656     1000.0     2000.0     16879999999.999998     0.25 
488000.0     4166191.488873656     1000.0     2000.0     16879999999.999998     0.25 
490000.0     4166191.488873656     1000.0     2000.0     16210000000.0     0.25 
492000.0     4166191.488873656     1000.0     2000.0     16610000000.0     0.25 
494000.0     4166191.488873656     1000.0     2000.0     16480000000.0     0.24 
496000.0     4166191.488873656     1000.0     1900.0     15430000000.0     0.25 
498000.0     4166191.488873656     1000.0     1900.0     14920000000.0     0.25 
500000.0     4166191.488873656     1000.0     1800.0     12200000000.0     0.24 
502000.0     4166191.488873656     1000.0     1900.0     14680000000.0     0.25 
504000.0     4166191.488873656     1000.0     2000.0     17430000000.0     0.25 
506000.0     4166191.488873656     1000.0     2000.0     16610000000.0     0.25 
508000.0     4166191.488873656     1000.0     2000.0     16610000000.0     0.24 
510000.0     4166191.488873656     1000.0     2000.0     16750000000.0     0.24 
512000.0     4166191.488873656     1000.0     2000.0     16480000000.0     0.25 
514000.0     4166191.488873656     1000.0     2000.0     17850000000.0     0.25 
516000.0     4166191.488873656     1000.0     2000.0     16879999999.999998     0.25 
518000.0     4166191.488873656     1000.0     2000.0     16879999999.999998     0.25 
524000.0     4166191.488873656     1000.0     2000.0     16879999999.999998     0.25 
476000.0     4168191.488873656     1000.0     2000.0     16879999999.999998     0.25 
482000.0     4168191.488873656     1000.0     2000.0     16879999999.999998     0.25 
484000.0     4168191.488873656     1000.0     2000.0     16879999999.999998     0.25 
486000.0     4168191.488873656     1000.0     2000.0     16879999999.999998     0.25 
488000.0     4168191.488873656     1000.0     2000.0     16750000000.0     0.25 
490000.0     4168191.488873656     1000.0     2000.0     17020000000.0     0.25 
492000.0     4168191.488873656     1000.0     1900.0     14550000000.0     0.25 
494000.0     4168191.488873656     1000.0     1900.0     12780000000.0     0.25 
496000.0     4168191.488873656     1000.0     1900.0     15160000000.0     0.24 
498000.0     4168191.488873656     1000.0     2000.0     15950000000.0     0.26 
500000.0     4168191.488873656     1000.0     1900.0     14300000000.0     0.24 
502000.0     4168191.488873656     1000.0     2000.0     16079999999.999998     0.25 
504000.0     4168191.488873656     1000.0     2000.0     18690000000.0     0.26 
506000.0     4168191.488873656     1000.0     1900.0     15430000000.0     0.25 
508000.0     4168191.488873656     1000.0     2000.0     16610000000.0     0.25 
510000.0     4168191.488873656     1000.0     2000.0     17290000000.0     0.25 
512000.0     4168191.488873656     1000.0     2000.0     17290000000.0     0.26 
514000.0     4168191.488873656     1000.0     2000.0     17850000000.0     0.25 
516000.0     4168191.488873656     1000.0     2000.0     17710000000.0     0.25 
518000.0     4168191.488873656     1000.0     2000.0     16879999999.999998     0.25 
524000.0     4168191.488873656     1000.0     2000.0     16879999999.999998     0.25 
476000.0     4170191.488873656     1000.0     2000.0     16879999999.999998     0.25 
482000.0     4170191.488873656     1000.0     2000.0     16879999999.999998     0.25 
484000.0     4170191.488873656     1000.0     2000.0     16879999999.999998     0.25 
486000.0     4170191.488873656     1000.0     2000.0     16879999999.999998     0.25 
488000.0     4170191.488873656     1000.0     1900.0     15560000000.0     0.25 
490000.0     4170191.488873656     1000.0     2000.0     17570000000.0     0.25 
492000.0     4170191.488873656     1000.0     1800.0     11090000000.0     0.27 
494000.0     4170191.488873656     1000.0     1800.0     9790000000.0     0.29 
496000.0     4170191.488873656     1000.0     1800.0     10070000000.0     0.29 
498000.0     4170191.488873656     1000.0     2200.0     27960000000.0     0.26 
500000.0     4170191.488873656     1000.0     2000.0     15820000000.0     0.25 
502000.0     4170191.488873656     1000.0     2100.0     23380000000.0     0.25 
504000.0     4170191.488873656     1000.0     2000.0     17560000000.0     0.26 
506000.0     4170191.488873656     1000.0     2000.0     16750000000.0     0.25 
508000.0     4170191.488873656     1000.0     2000.0     17570000000.0     0.25 
510000.0     4170191.488873656     1000.0     1900.0     15560000000.0     0.25 
512000.0     4170191.488873656     1000.0     2000.0     17410000000.0     0.27 
514000.0     4170191.488873656     1000.0     2000.0     16480000000.0     0.25 
516000.0     4170191.488873656     1000.0     2000.0     16750000000.0     0.25 
518000.0     4170191.488873656     1000.0     2000.0     16879999999.999998     0.25 
524000.0     4170191.488873656     1000.0     2000.0     16879999999.999998     0.25 
476000.0     4172191.488873656     1000.0     2000.0     16879999999.999998     0.25 
482000.0     4172191.488873656     1000.0     2000.0     16879999999.999998     0.25 
484000.0     4172191.488873656     1000.0     2000.0     16879999999.999998     0.25 
486000.0     4172191.488873656     1000.0     2000.0     16879999999.999998     0.25 
488000.0     4172191.488873656     1000.0     1900.0     15560000000.0     0.25 
490000.0     4172191.488873656     1000.0     2000.0     19300000000.0     0.25 
492000.0     4172191.488873656     1000.0     1900.0     12270000000.0     0.27 
494000.0     4172191.488873656     1000.0     1900.0     13740000000.0     0.28 
496000.0     4172191.488873656     1000.0     1800.0     11030000000.0     0.28 
498000.0     4172191.488873656     1000.0     2000.0     18140000000.0     0.23 
500000.0     4172191.488873656     1000.0     2100.0     22980000000.0     0.27 
502000.0     4172191.488873656     1000.0     2000.0     17550000000.0     0.27 
504000.0     4172191.488873656     1000.0     2100.0     21550000000.0     0.26 
506000.0     4172191.488873656     1000.0     2100.0     22920000000.0     0.24 
508000.0     4172191.488873656     1000.0     2000.0     17990000000.0     0.25 
510000.0     4172191.488873656     1000.0     1900.0     13230000000.0     0.25 
512000.0     4172191.488873656     1000.0     1900.0     13240000000.0     0.25 
514000.0     4172191.488873656     1000.0     2000.0     16610000000.0     0.25 
516000.0     4172191.488873656     1000.0     2000.0     16610000000.0     0.25 
518000.0     4172191.488873656     1000.0     2000.0     16879999999.999998     0.25 
524000.0     4172191.488873656     1000.0     2000.0     16879999999.999998     0.25 
476000.0     4174191.488873656     1000.0     2000.0     16879999999.999998     0.25 
482000.0     4174191.488873656     1000.0     2000.0     16879999999.999998     0.25 
484000.0     4174191.488873656     1000.0     2000.0     16879999999.999998     0.25 
486000.0     4174191.488873656     1000.0     2000.0     15950000000.0     0.25 
488000.0     4174191.488873656     1000.0     2000.0     16610000000.0     0.25 
490000.0     4174191.488873656     1000.0     2000.0     17990000000.0     0.25 
492000.0     4174191.488873656     1000.0     1700.0     7180000000.0     0.25 
494000.0     4174191.488873656     1000.0     1900.0     13140000000.0     0.26 
496000.0     4174191.488873656     1000.0     2000.0     17260000000.0     0.27 
498000.0     4174191.488873656     1000.0     2000.0     17010000000.000002     0.27 
500000.0     4174191.488873656     1000.0     2200.0     28460000000.0     0.24 
502000.0     4174191.488873656     1000.0     2000.0     17540000000.0     0.27 
504000.0     4174191.488873656     1000.0     2200.0     25300000000.0     0.25 
506000.0     4174191.488873656     1000.0     2200.0     27290000000.0     0.25 
508000.0     4174191.488873656     1000.0     2000.0     16480000000.0     0.25 
510000.0     4174191.488873656     1000.0     2000.0     16350000000.000002     0.25 
512000.0     4174191.488873656     1000.0     2000.0     17850000000.0     0.25 
514000.0     4174191.488873656     1000.0     2000.0     16350000000.000002     0.25 
516000.0     4174191.488873656     1000.0     2000.0     16879999999.999998     0.25 
518000.0     4174191.488873656     1000.0     2000.0     16879999999.999998     0.25 
524000.0     4174191.488873656     1000.0     2000.0     16879999999.999998     0.25 
476000.0     4176191.488873656     1000.0     2000.0     16879999999.999998     0.25 
482000.0     4176191.488873656     1000.0     2000.0     16879999999.999998     0.25 
484000.0     4176191.488873656     1000.0     1900.0     15430000000.0     0.25 
486000.0     4176191.488873656     1000.0     2000.0     16079999999.999998     0.24 
488000.0     4176191.488873656     1000.0     2000.0     16210000000.0     0.25 
490000.0     4176191.488873656     1000.0     2000.0     16610000000.0     0.25 
492000.0     4176191.488873656     1000.0     1900.0     12710000000.0     0.27 
494000.0     4176191.488873656     1000.0     2200.0     26890000000.0     0.25 
496000.0     4176191.488873656     1000.0     2100.0     23690000000.0     0.26 
498000.0     4176191.488873656     1000.0     1900.0     15310000000.0     0.26 
500000.0     4176191.488873656     1000.0     1900.0     16430000000.0     0.21 
502000.0     4176191.488873656     1000.0     2100.0     23460000000.0     0.24 
504000.0     4176191.488873656     1000.0     2000.0     18990000000.0     0.25 
506000.0     4176191.488873656     1000.0     2000.0     19760000000.0     0.24 
508000.0     4176191.488873656     1000.0     2000.0     16879999999.999998     0.26 
510000.0     4176191.488873656     1000.0     2000.0     16079999999.999998     0.27 
512000.0     4176191.488873656     1000.0     2000.0     16750000000.0     0.25 
514000.0     4176191.488873656     1000.0     2000.0     16350000000.000002     0.25 
516000.0     4176191.488873656     1000.0     2000.0     16879999999.999998     0.25 
518000.0     4176191.488873656     1000.0     2000.0     16879999999.999998     0.25 
524000.0     4176191.488873656     1000.0     2000.0     16879999999.999998     0.25 
476000.0     4178191.488873656     1000.0     2000.0     16879999999.999998     0.25 
482000.0     4178191.488873656     1000.0     2000.0     16879999999.999998     0.25 
484000.0     4178191.488873656     1000.0     1900.0     15050000000.0     0.25 
486000.0     4178191.488873656     1000.0     2000.0     16610000000.0     0.25 
488000.0     4178191.488873656     1000.0     2000.0     16480000000.0     0.25 
490000.0     4178191.488873656     1000.0     1900.0     12780000000.0     0.25 
492000.0     4178191.488873656     1000.0     1900.0     14180000000.0     0.25 
494000.0     4178191.488873656     1000.0     1900.0     14670000000.0     0.24 
496000.0     4178191.488873656     1000.0     1900.0     14150000000.0     0.23 
498000.0     4178191.488873656     1000.0     1900.0     16170000000.000002     0.22 
500000.0     4178191.488873656     1000.0     2000.0     18870000000.0     0.23 
502000.0     4178191.488873656     1000.0     2000.0     17980000000.0     0.26 
504000.0     4178191.488873656     1000.0     2000.0     16610000000.0     0.25 
506000.0     4178191.488873656     1000.0     2000.0     19010000000.0     0.24 
508000.0     4178191.488873656     1000.0     1900.0     12970000000.0     0.24 
510000.0     4178191.488873656     1000.0     1900.0     12670000000.0     0.25 
512000.0     4178191.488873656     1000.0     1900.0     15060000000.0     0.26 
514000.0     4178191.488873656     1000.0     2000.0     16750000000.0     0.25 
516000.0     4178191.488873656     1000.0     2000.0     16879999999.999998     0.25 
518000.0     4178191.488873656     1000.0     2000.0     16879999999.999998     0.25 
524000.0     4178191.488873656     1000.0     2000.0     16879999999.999998     0.25 
476000.0     4180191.488873656     1000.0     2000.0     16879999999.999998     0.25 
482000.0     4180191.488873656     1000.0     2000.0     16879999999.999998     0.25 
484000.0     4180191.488873656     1000.0     2000.0     16879999999.999998     0.25 
486000.0     4180191.488873656     1000.0     2000.0     16879999999.999998     0.25 
488000.0     4180191.488873656     1000.0     2000.0     16879999999.999998     0.25 
490000.0     4180191.488873656     1000.0     2000.0     16879999999.999998     0.25 
492000.0     4180191.488873656     1000.0     2000.0     16879999999.999998     0.25 
494000.0     4180191.488873656     1000.0     1900.0     13230000000.0     0.25 
496000.0     4180191.488873656     1000.0     2000.0     17630000000.0     0.29 
498000.0     4180191.488873656     1000.0     2100.0     21870000000.0     0.26 
500000.0     4180191.488873656     1000.0     2300.0     32090000000.000004     0.24 
502000.0     4180191.488873656     1000.0     2100.0     24680000000.0     0.23 
504000.0     4180191.488873656     1000.0     2100.0     19710000000.0     0.26 
506000.0     4180191.488873656     1000.0     2000.0     19770000000.0     0.22 
508000.0     4180191.488873656     1000.0     1900.0     14350000000.0     0.22 
510000.0     4180191.488873656     1000.0     1800.0     10930000000.0     0.24 
512000.0     4180191.488873656     1000.0     1900.0     13700000000.0     0.24 
514000.0     4180191.488873656     1000.0     2000.0     17160000000.0     0.25 
516000.0     4180191.488873656     1000.0     2000.0     16879999999.999998     0.25 
518000.0     4180191.488873656     1000.0     2000.0     16879999999.999998     0.25 
524000.0     4180191.488873656     1000.0     2000.0     16879999999.999998     0.25 
476000.0     4182191.488873656     1000.0     2000.0     16879999999.999998     0.25 
482000.0     4182191.488873656     1000.0     2000.0     16879999999.999998     0.25 
484000.0     4182191.488873656     1000.0     2000.0     16879999999.999998     0.25 
486000.0     4182191.488873656     1000.0     2000.0     16879999999.999998     0.25 
488000.0     4182191.488873656     1000.0     2000.0     16879999999.999998     0.25 
490000.0     4182191.488873656     1000.0     2000.0     16879999999.999998     0.25 
492000.0     4182191.488873656     1000.0     2000.0     16879999999.999998     0.25 
494000.0     4182191.488873656     1000.0     2000.0     17430000000.0     0.25 
496000.0     4182191.488873656     1000.0     2000.0     17430000000.0     0.26 
498000.0     4182191.488873656     1000.0     1900.0     13820000000.0     0.25 
500000.0     4182191.488873656     1000.0     2000.0     18400000000.0     0.26 
502000.0     4182191.488873656     1000.0     1800.0     12240000000.0     0.26 
504000.0     4182191.488873656     1000.0     2200.0     26920000000.0     0.28 
506000.0     4182191.488873656     1000.0     1700.0     7470000000.0     0.25 
508000.0     4182191.488873656     1000.0     2100.0     20270000000.0     0.3 
510000.0     4182191.488873656     1000.0     1900.0     15170000000.0     0.24 
512000.0     4182191.488873656     1000.0     2000.0     16350000000.000002     0.25 
514000.0     4182191.488873656     1000.0     2000.0     17290000000.0     0.25 
516000.0     4182191.488873656     1000.0     2000.0     16879999999.999998     0.25 
518000.0     4182191.488873656     1000.0     2000.0     16879999999.999998     0.25 
524000.0     4182191.488873656     1000.0     2000.0     16879999999.999998     0.25 
476000.0     4184191.488873656     1000.0     2000.0     16879999999.999998     0.25 
482000.0     4184191.488873656     1000.0     2000.0     16879999999.999998     0.25 
484000.0     4184191.488873656     1000.0     2000.0     16879999999.999998     0.25 
486000.0     4184191.488873656     1000.0     2000.0     16879999999.999998     0.25 
488000.0     4184191.488873656     1000.0     2000.0     16879999999.999998     0.25 
490000.0     4184191.488873656     1000.0     2000.0     16879999999.999998     0.25 
492000.0     4184191.488873656     1000.0     2000.0     16879999999.999998     0.25 
494000.0     4184191.488873656     1000.0     1900.0     15430000000.0     0.24 
496000.0     4184191.488873656     1000.0     1800.0     11360000000.0     0.25 
498000.0     4184191.488873656     1000.0     2000.0     17990000000.0     0.25 
500000.0     4184191.488873656     1000.0     2000.0     17710000000.0     0.25 
502000.0     4184191.488873656     1000.0     2300.0     29730000000.0     0.27 
504000.0     4184191.488873656     1000.0     2100.0     19910000000.0     0.28 
506000.0     4184191.488873656     1000.0     1800.0     10030000000.0     0.24 
508000.0     4184191.488873656     1000.0     2000.0     17020000000.0     0.26 
510000.0     4184191.488873656     1000.0     2000.0     17570000000.0     0.25 
512000.0     4184191.488873656     1000.0     2000.0     16480000000.0     0.25 
514000.0     4184191.488873656     1000.0     2000.0     17290000000.0     0.25 
516000.0     4184191.488873656     1000.0     2000.0     16879999999.999998     0.25 
518000.0     4184191.488873656     1000.0     2000.0     16879999999.999998     0.25 
524000.0     4184191.488873656     1000.0     2000.0     16879999999.999998     0.25 
476000.0     4186191.488873656     1000.0     2000.0     16879999999.999998     0.25 
482000.0     4186191.488873656     1000.0     2000.0     16879999999.999998     0.25 
484000.0     4186191.488873656     1000.0     2000.0     16879999999.999998     0.25 
486000.0     4186191.488873656     1000.0     2000.0     16879999999.999998     0.25 
488000.0     4186191.488873656     1000.0     1900.0     15310000000.0     0.26 
490000.0     4186191.488873656     1000.0     1900.0     14320000000.0     0.26 
492000.0     4186191.488873656     1000.0     2000.0     16879999999.999998     0.25 
494000.0     4186191.488873656     1000.0     2000.0     16210000000.0     0.25 
496000.0     4186191.488873656     1000.0     1900.0     13730000000.0     0.27 
498000.0     4186191.488873656     1000.0     2000.0     19300000000.0     0.25 
500000.0     4186191.488873656     1000.0     2000.0     18280000000.0     0.25 
502000.0     4186191.488873656     1000.0     2000.0     16739999999.999998     0.26 
504000.0     4186191.488873656     1000.0     1900.0     14180000000.0     0.25 
506000.0     4186191.488873656     1000.0     2000.0     17160000000.0     0.25 
508000.0     4186191.488873656     1000.0     1800.0     11970000000.0     0.24 
510000.0     4186191.488873656     1000.0     2000.0     15440000000.0     0.27 
512000.0     4186191.488873656     1000.0     2000.0     16210000000.0     0.24 
514000.0     4186191.488873656     1000.0     2000.0     17020000000.0     0.25 
516000.0     4186191.488873656     1000.0     2000.0     17290000000.0     0.25 
518000.0     4186191.488873656     1000.0     2000.0     16879999999.999998     0.25 
524000.0     4186191.488873656     1000.0     2000.0     16879999999.999998     0.25 
476000.0     4188191.488873656     1000.0     2000.0     16879999999.999998     0.25 
482000.0     4188191.488873656     1000.0     2000.0     16879999999.999998     0.25 
484000.0     4188191.488873656     1000.0     2000.0     16879999999.999998     0.25 
486000.0     4188191.488873656     1000.0     2000.0     16879999999.999998     0.25 
488000.0     4188191.488873656     1000.0     2000.0     16350000000.000002     0.25 
490000.0     4188191.488873656     1000.0     2000.0     16079999999.999998     0.26 
492000.0     4188191.488873656     1000.0     2000.0     16879999999.999998     0.25 
494000.0     4188191.488873656     1000.0     2000.0     16879999999.999998     0.25 
496000.0     4188191.488873656     1000.0     2000.0     16879999999.999998     0.25 
498000.0     4188191.488873656     1000.0     2000.0     16879999999.999998     0.25 
500000.0     4188191.488873656     1000.0     1900.0     15690000000.0     0.25 
502000.0     4188191.488873656     1000.0     2000.0     17020000000.0     0.25 
504000.0     4188191.488873656     1000.0     2000.0     16879999999.999998     0.25 
506000.0     4188191.488873656     1000.0     2000.0     16750000000.0     0.25 
508000.0     4188191.488873656     1000.0     2000.0     16610000000.0     0.25 
510000.0     4188191.488873656     1000.0     2000.0     16879999999.999998     0.25 
512000.0     4188191.488873656     1000.0     2000.0     16879999999.999998     0.25 
514000.0     4188191.488873656     1000.0     2000.0     16879999999.999998     0.25 
516000.0     4188191.488873656     1000.0     2000.0     16879999999.999998     0.25 
518000.0     4188191.488873656     1000.0     2000.0     16879999999.999998     0.25 
524000.0     4188191.488873656     1000.0     2000.0     16879999999.999998     0.25 
476000.0     4190191.488873656     1000.0     2000.0     16879999999.999998     0.25 
482000.0     4190191.488873656     1000.0     2000.0     16879999999.999998     0.25 
484000.0     4190191.488873656     1000.0     2000.0     16879999999.999998     0.25 
486000.0     4190191.488873656     1000.0     2000.0     16879999999.999998     0.25 
488000.0     4190191.488873656     1000.0     2000.0     16750000000.0     0.25 
490000.0     4190191.488873656     1000.0     2000.0     16879999999.999998     0.25 
492000.0     4190191.488873656     1000.0     2000.0     16879999999.999998     0.25 
494000.0     4190191.488873656     1000.0     2000.0     16879999999.999998     0.25 
496000.0     4190191.488873656     1000.0     2000.0     16879999999.999998     0.25 
498000.0     4190191.488873656     1000.0     2000.0     16610000000.0     0.25 
500000.0     4190191.488873656     1000.0     2000.0     16210000000.0     0.25 
502000.0     4190191.488873656     1000.0     2000.0     16879999999.999998     0.25 
504000.0     4190191.488873656     1000.0     2000.0     16879999999.999998     0.25 
506000.0     4190191.488873656     1000.0     2000.0     16879999999.999998     0.25 
508000.0     4190191.488873656     1000.0     2000.0     16879999999.999998     0.25 
510000.0     4190191.488873656     1000.0     2000.0     16750000000.0     0.25 
512000.0     4190191.488873656     1000.0     2000.0     16879999999.999998     0.25 
514000.0     4190191.488873656     1000.0     2000.0     16879999999.999998     0.25 
516000.0     4190191.488873656     1000.0     2000.0     16879999999.999998     0.25 
518000.0     4190191.488873656     1000.0     2000.0     16879999999.999998     0.25 
524000.0     4190191.488873656     1000.0     2000.0     16879999999.999998     0.25 
476000.0     4192191.488873656     1000.0     2000.0     16879999999.999998     0.25 
482000.0     4192191.488873656     1000.0     2000.0     16879999999.999998     0.25 
484000.0     4192191.488873656     1000.0     2000.0     16879999999.999998     0.25 
486000.0     4192191.488873656     1000.0     2000.0     16750000000.0     0.25 
488000.0     4192191.488873656     1000.0     2000.0     16879999999.999998     0.25 
490000.0     4192191.488873656     1000.0     2000.0     16879999999.999998     0.25 
492000.0     4192191.488873656     1000.0     2000.0     15690000000.0     0.26 
494000.0     4192191.488873656     1000.0     2000.0     16879999999.999998     0.25 
496000.0     4192191.488873656     1000.0     2000.0     16879999999.999998     0.25 
498000.0     4192191.488873656     1000.0     2000.0     16879999999.999998     0.25 
500000.0     4192191.488873656     1000.0     2000.0     16879999999.999998     0.25 
502000.0     4192191.488873656     1000.0     2000.0     16879999999.999998     0.25 
504000.0     4192191.488873656     1000.0     2000.0     16879999999.999998     0.25 
506000.0     4192191.488873656     1000.0     2000.0     16879999999.999998     0.25 
508000.0     4192191.488873656     1000.0     2000.0     16879999999.999998     0.25 
510000.0     4192191.488873656     1000.0     2000.0     17010000000.000002     0.26 
512000.0     4192191.488873656     1000.0     2000.0     17020000000.0     0.25 
514000.0     4192191.488873656     1000.0     2000.0     16879999999.999998     0.25 
516000.0     4192191.488873656     1000.0     2000.0     16879999999.999998     0.25 
518000.0     4192191.488873656     1000.0     2000.0     16879999999.999998     0.25 
524000.0     4192191.488873656     1000.0     2000.0     16879999999.999998     0.25 
476000.0     4194191.488873656     1000.0     2000.0     16879999999.999998     0.25 
482000.0     4194191.488873656     1000.0     2000.0     16879999999.999998     0.25 
484000.0     4194191.488873656     1000.0     2000.0     16879999999.999998     0.25 
486000.0     4194191.488873656     1000.0     2000.0     16879999999.999998     0.25 
488000.0     4194191.488873656     1000.0     2000.0     16879999999.999998     0.25 
490000.0     4194191.488873656     1000.0     2000.0     16879999999.999998     0.25 
492000.0     4194191.488873656     1000.0     2000.0     16350000000.000002     0.26 
494000.0     4194191.488873656     1000.0     2000.0     16879999999.999998     0.25 
496000.0     4194191.488873656     1000.0     2000.0     16879999999.999998     0.25 
498000.0     4194191.488873656     1000.0     2000.0     16879999999.999998     0.25 
500000.0     4194191.488873656     1000.0     2000.0     16879999999.999998     0.25 
502000.0     4194191.488873656     1000.0     2000.0     16879999999.999998     0.25 
504000.0     4194191.488873656     1000.0     2000.0     16879999999.999998     0.25 
506000.0     4194191.488873656     1000.0     2000.0     16879999999.999998     0.25 
508000.0     4194191.488873656     1000.0     2000.0     16879999999.999998     0.25 
510000.0     4194191.488873656     1000.0     2000.0     16879999999.999998     0.25 
512000.0     4194191.488873656     1000.0     2000.0     16879999999.999998     0.25 
514000.0     4194191.488873656     1000.0     2000.0     16879999999.999998     0.25 
516000.0     4194191.488873656     1000.0     2000.0     16879999999.999998     0.25 
518000.0     4194191.488873656     1000.0     2000.0     16879999999.999998     0.25 
524000.0     4194191.488873656     1000.0     2000.0     16879999999.999998     0.25 
476000.0     4200191.488873656     1000.0     2000.0     16879999999.999998     0.25 
482000.0     4200191.488873656     1000.0     2000.0     16879999999.999998     0.25 
484000.0     4200191.488873656     1000.0     2000.0     16879999999.999998     0.25 
486000.0     4200191.488873656     1000.0     2000.0     16879999999.999998     0.25 
488000.0     4200191.488873656     1000.0     2000.0     16879999999.999998     0.25 
490000.0     4200191.488873656     1000.0     2000.0     17020000000.0     0.25 
492000.0     4200191.488873656     1000.0     2000.0     16879999999.999998     0.25 
494000.0     4200191.488873656     1000.0     2000.0     16879999999.999998     0.25 
496000.0     4200191.488873656     1000.0     2000.0     16879999999.999998     0.25 
498000.0     4200191.488873656     1000.0     2000.0     16879999999.999998     0.25 
500000.0     4200191.488873656     1000.0     2000.0     16879999999.999998     0.25 
502000.0     4200191.488873656     1000.0     2000.0     16879999999.999998     0.25 
504000.0     4200191.488873656     1000.0     2000.0     16879999999.999998     0.25 
506000.0     4200191.488873656     1000.0     2000.0     16879999999.999998     0.25 
508000.0     4200191.488873656     1000.0     2000.0     16879999999.999998     0.25 
510000.0     4200191.488873656     1000.0     2000.0     16879999999.999998     0.25 
512000.0     4200191.488873656     1000.0     2000.0     16610000000.0     0.25 
514000.0     4200191.488873656     1000.0     2000.0     16879999999.999998     0.25 
516000.0     4200191.488873656     1000.0     2000.0     16879999999.999998     0.25 
518000.0     4200191.488873656     1000.0     2000.0     17160000000.0     0.25 
524000.0     4200191.488873656     1000.0     2000.0     16879999999.999998     0.25 
476000.0     4152191.488873656     2000.0     1900.0     14310000000.0     0.25 
482000.0     4152191.488873656     2000.0     1900.0     14310000000.0     0.25 
484000.0     4152191.488873656     2000.0     1900.0     14310000000.0     0.25 
486000.0     4152191.488873656     2000.0     1900.0     14310000000.0     0.25 
488000.0     4152191.488873656     2000.0     1900.0     14310000000.0     0.25 
490000.0     4152191.488873656     2000.0     1900.0     14310000000.0     0.25 
492000.0     4152191.488873656     2000.0     1900.0     14310000000.0     0.25 
494000.0     4152191.488873656     2000.0     1900.0     14310000000.0     0.25 
496000.0     4152191.488873656     2000.0     1900.0     14310000000.0     0.25 
498000.0     4152191.488873656     2000.0     1900.0     14310000000.0     0.25 
500000.0     4152191.488873656     2000.0     1900.0     14310000000.0     0.25 
502000.0     4152191.488873656     2000.0     1900.0     14310000000.0     0.25 
504000.0     4152191.488873656     2000.0     1900.0     14310000000.0     0.25 
506000.0     4152191.488873656     2000.0     1900.0     14310000000.0     0.25 
508000.0     4152191.488873656     2000.0     1900.0     14310000000.0     0.25 
510000.0     4152191.488873656     2000.0     1900.0     14310000000.0     0.25 
512000.0     4152191.488873656     2000.0     1900.0     14310000000.0     0.25 
514000.0     4152191.488873656     2000.0     1900.0     14310000000.0     0.25 
516000.0     4152191.488873656     2000.0     1900.0     14310000000.0     0.25 
518000.0     4152191.488873656     2000.0     1900.0     14310000000.0     0.25 
524000.0     4152191.488873656     2000.0     1900.0     14310000000.0     0.25 
476000.0     4158191.488873656     2000.0     1900.0     14310000000.0     0.25 
482000.0     4158191.488873656     2000.0     1900.0     14310000000.0     0.25 
484000.0     4158191.488873656     2000.0     1900.0     14310000000.0     0.25 
486000.0     4158191.488873656     2000.0     1900.0     14310000000.0     0.25 
488000.0     4158191.488873656     2000.0     1900.0     14310000000.0     0.25 
490000.0     4158191.488873656     2000.0     1900.0     14310000000.0     0.25 
492000.0     4158191.488873656     2000.0     1900.0     14310000000.0     0.25 
494000.0     4158191.488873656     2000.0     1900.0     14310000000.0     0.25 
496000.0     4158191.488873656     2000.0     1900.0     14310000000.0     0.25 
498000.0     4158191.488873656     2000.0     1900.0     14310000000.0     0.25 
500000.0     4158191.488873656     2000.0     1900.0     14310000000.0     0.25 
502000.0     4158191.488873656     2000.0     1900.0     14310000000.0     0.25 
504000.0     4158191.488873656     2000.0     1900.0     14310000000.0     0.25 
506000.0     4158191.488873656     2000.0     1900.0     14310000000.0     0.25 
508000.0     4158191.488873656     2000.0     1900.0     14310000000.0     0.25 
510000.0     4158191.488873656     2000.0     1900.0     14310000000.0     0.25 
512000.0     4158191.488873656     2000.0     1900.0     14310000000.0     0.25 
514000.0     4158191.488873656     2000.0     1900.0     14310000000.0     0.25 
516000.0     4158191.488873656     2000.0     1900.0     14310000000.0     0.25 
518000.0     4158191.488873656     2000.0     1900.0     14310000000.0     0.25 
524000.0     4158191.488873656     2000.0     1900.0     14310000000.0     0.25 
476000.0     4160191.488873656     2000.0     1900.0     14310000000.0     0.25 
482000.0     4160191.488873656     2000.0     1900.0     14310000000.0     0.25 
484000.0     4160191.488873656     2000.0     1900.0     14310000000.0     0.25 
486000.0     4160191.488873656     2000.0     1900.0     14310000000.0     0.25 
488000.0     4160191.488873656     2000.0     1900.0     14310000000.0     0.25 
490000.0     4160191.488873656     2000.0     1900.0     14310000000.0     0.25 
492000.0     4160191.488873656     2000.0     1900.0     14310000000.0     0.25 
494000.0     4160191.488873656     2000.0     1900.0     14310000000.0     0.25 
496000.0     4160191.488873656     2000.0     1900.0     14310000000.0     0.25 
498000.0     4160191.488873656     2000.0     1900.0     14310000000.0     0.25 
500000.0     4160191.488873656     2000.0     1900.0     14310000000.0     0.25 
502000.0     4160191.488873656     2000.0     1900.0     14310000000.0     0.25 
504000.0     4160191.488873656     2000.0     1900.0     14310000000.0     0.25 
506000.0     4160191.488873656     2000.0     1900.0     14310000000.0     0.25 
508000.0     4160191.488873656     2000.0     1900.0     14310000000.0     0.25 
510000.0     4160191.488873656     2000.0     1900.0     14310000000.0     0.25 
512000.0     4160191.488873656     2000.0     1900.0     14310000000.0     0.25 
514000.0     4160191.488873656     2000.0     1900.0     14310000000.0     0.25 
516000.0     4160191.488873656     2000.0     1900.0     14310000000.0     0.25 
518000.0     4160191.488873656     2000.0     1900.0     14310000000.0     0.25 
524000.0     4160191.488873656     2000.0     1900.0     14310000000.0     0.25 
476000.0     4162191.488873656     2000.0     1900.0     14310000000.0     0.25 
482000.0     4162191.488873656     2000.0     1900.0     14310000000.0     0.25 
484000.0     4162191.488873656     2000.0     1900.0     14310000000.0     0.25 
486000.0     4162191.488873656     2000.0     1900.0     14310000000.0     0.25 
488000.0     4162191.488873656     2000.0     1900.0     14310000000.0     0.25 
490000.0     4162191.488873656     2000.0     1900.0     14310000000.0     0.25 
492000.0     4162191.488873656     2000.0     1900.0     14430000000.0     0.25 
494000.0     4162191.488873656     2000.0     1900.0     14310000000.0     0.25 
496000.0     4162191.488873656     2000.0     1900.0     14310000000.0     0.25 
498000.0     4162191.488873656     2000.0     1900.0     14310000000.0     0.25 
500000.0     4162191.488873656     2000.0     1900.0     14310000000.0     0.25 
502000.0     4162191.488873656     2000.0     1900.0     14310000000.0     0.25 
504000.0     4162191.488873656     2000.0     1900.0     14310000000.0     0.25 
506000.0     4162191.488873656     2000.0     1900.0     14310000000.0     0.25 
508000.0     4162191.488873656     2000.0     1900.0     14550000000.0     0.25 
510000.0     4162191.488873656     2000.0     1900.0     14310000000.0     0.25 
512000.0     4162191.488873656     2000.0     1900.0     14310000000.0     0.25 
514000.0     4162191.488873656     2000.0     1900.0     14310000000.0     0.25 
516000.0     4162191.488873656     2000.0     1900.0     14310000000.0     0.25 
518000.0     4162191.488873656     2000.0     1900.0     14310000000.0     0.25 
524000.0     4162191.488873656     2000.0     1900.0     14310000000.0     0.25 
476000.0     4164191.488873656     2000.0     1900.0     14310000000.0     0.25 
482000.0     4164191.488873656     2000.0     1900.0     14310000000.0     0.25 
484000.0     4164191.488873656     2000.0     1900.0     14310000000.0     0.25 
486000.0     4164191.488873656     2000.0     1900.0     14310000000.0     0.25 
488000.0     4164191.488873656     2000.0     1900.0     14310000000.0     0.25 
490000.0     4164191.488873656     2000.0     1900.0     14310000000.0     0.25 
492000.0     4164191.488873656     2000.0     1900.0     14310000000.0     0.25 
494000.0     4164191.488873656     2000.0     1900.0     14310000000.0     0.25 
496000.0     4164191.488873656     2000.0     1900.0     14310000000.0     0.25 
498000.0     4164191.488873656     2000.0     1900.0     14310000000.0     0.25 
500000.0     4164191.488873656     2000.0     1900.0     14310000000.0     0.25 
502000.0     4164191.488873656     2000.0     1900.0     14310000000.0     0.25 
504000.0     4164191.488873656     2000.0     1900.0     14310000000.0     0.25 
506000.0     4164191.488873656     2000.0     1900.0     14310000000.0     0.25 
508000.0     4164191.488873656     2000.0     1900.0     14310000000.0     0.25 
510000.0     4164191.488873656     2000.0     1900.0     14310000000.0     0.25 
512000.0     4164191.488873656     2000.0     1900.0     14310000000.0     0.25 
514000.0     4164191.488873656     2000.0     1900.0     14310000000.0     0.25 
516000.0     4164191.488873656     2000.0     1900.0     14310000000.0     0.25 
518000.0     4164191.488873656     2000.0     1900.0     14310000000.0     0.25 
524000.0     4164191.488873656     2000.0     1900.0     14310000000.0     0.25 
476000.0     4166191.488873656     2000.0     1900.0     14310000000.0     0.25 
482000.0     4166191.488873656     2000.0     1900.0     14310000000.0     0.25 
484000.0     4166191.488873656     2000.0     1900.0     14310000000.0     0.25 
486000.0     4166191.488873656     2000.0     1900.0     14310000000.0     0.25 
488000.0     4166191.488873656     2000.0     1900.0     14310000000.0     0.25 
490000.0     4166191.488873656     2000.0     1900.0     14310000000.0     0.25 
492000.0     4166191.488873656     2000.0     1900.0     14310000000.0     0.25 
494000.0     4166191.488873656     2000.0     1900.0     14430000000.0     0.25 
496000.0     4166191.488873656     2000.0     1900.0     13940000000.0     0.25 
498000.0     4166191.488873656     2000.0     1900.0     14310000000.0     0.25 
500000.0     4166191.488873656     2000.0     1900.0     14310000000.0     0.25 
502000.0     4166191.488873656     2000.0     1900.0     14310000000.0     0.25 
504000.0     4166191.488873656     2000.0     1900.0     14310000000.0     0.25 
506000.0     4166191.488873656     2000.0     1900.0     14310000000.0     0.25 
508000.0     4166191.488873656     2000.0     1900.0     14310000000.0     0.25 
510000.0     4166191.488873656     2000.0     1900.0     13940000000.0     0.25 
512000.0     4166191.488873656     2000.0     1900.0     14670000000.0     0.25 
514000.0     4166191.488873656     2000.0     1900.0     14310000000.0     0.25 
516000.0     4166191.488873656     2000.0     1900.0     14310000000.0     0.25 
518000.0     4166191.488873656     2000.0     1900.0     14310000000.0     0.25 
524000.0     4166191.488873656     2000.0     1900.0     14310000000.0     0.25 
476000.0     4168191.488873656     2000.0     1900.0     14310000000.0     0.25 
482000.0     4168191.488873656     2000.0     1900.0     14310000000.0     0.25 
484000.0     4168191.488873656     2000.0     1900.0     14310000000.0     0.25 
486000.0     4168191.488873656     2000.0     1900.0     14310000000.0     0.25 
488000.0     4168191.488873656     2000.0     1900.0     14310000000.0     0.25 
490000.0     4168191.488873656     2000.0     1900.0     14310000000.0     0.25 
492000.0     4168191.488873656     2000.0     1900.0     13000000000.0     0.25 
494000.0     4168191.488873656     2000.0     1900.0     13820000000.0     0.25 
496000.0     4168191.488873656     2000.0     1900.0     15690000000.0     0.24 
498000.0     4168191.488873656     2000.0     1900.0     14550000000.0     0.25 
500000.0     4168191.488873656     2000.0     1900.0     14180000000.0     0.25 
502000.0     4168191.488873656     2000.0     1900.0     14310000000.0     0.25 
504000.0     4168191.488873656     2000.0     1900.0     14310000000.0     0.25 
506000.0     4168191.488873656     2000.0     1900.0     14310000000.0     0.25 
508000.0     4168191.488873656     2000.0     1900.0     14060000000.0     0.25 
510000.0     4168191.488873656     2000.0     1900.0     14060000000.0     0.25 
512000.0     4168191.488873656     2000.0     1900.0     14430000000.0     0.25 
514000.0     4168191.488873656     2000.0     1900.0     14310000000.0     0.25 
516000.0     4168191.488873656     2000.0     1900.0     14310000000.0     0.25 
518000.0     4168191.488873656     2000.0     1900.0     14310000000.0     0.25 
524000.0     4168191.488873656     2000.0     1900.0     14310000000.0     0.25 
476000.0     4170191.488873656     2000.0     1900.0     14310000000.0     0.25 
482000.0     4170191.488873656     2000.0     1900.0     14310000000.0     0.25 
484000.0     4170191.488873656     2000.0     1900.0     14310000000.0     0.25 
486000.0     4170191.488873656     2000.0     1900.0     14310000000.0     0.25 
488000.0     4170191.488873656     2000.0     1900.0     14310000000.0     0.25 
490000.0     4170191.488873656     2000.0     1900.0     14430000000.0     0.25 
492000.0     4170191.488873656     2000.0     1800.0     12120000000.0     0.25 
494000.0     4170191.488873656     2000.0     1900.0     12150000000.0     0.27 
496000.0     4170191.488873656     2000.0     1900.0     14440000000.0     0.26 
498000.0     4170191.488873656     2000.0     2000.0     17430000000.0     0.26 
500000.0     4170191.488873656     2000.0     1900.0     14060000000.0     0.25 
502000.0     4170191.488873656     2000.0     1900.0     14550000000.0     0.25 
504000.0     4170191.488873656     2000.0     1900.0     14180000000.0     0.25 
506000.0     4170191.488873656     2000.0     1900.0     14310000000.0     0.25 
508000.0     4170191.488873656     2000.0     1900.0     14430000000.0     0.25 
510000.0     4170191.488873656     2000.0     1900.0     14180000000.0     0.25 
512000.0     4170191.488873656     2000.0     1900.0     14180000000.0     0.25 
514000.0     4170191.488873656     2000.0     1900.0     14310000000.0     0.25 
516000.0     4170191.488873656     2000.0     1900.0     14310000000.0     0.25 
518000.0     4170191.488873656     2000.0     1900.0     14310000000.0     0.25 
524000.0     4170191.488873656     2000.0     1900.0     14310000000.0     0.25 
476000.0     4172191.488873656     2000.0     1900.0     14310000000.0     0.25 
482000.0     4172191.488873656     2000.0     1900.0     14310000000.0     0.25 
484000.0     4172191.488873656     2000.0     1900.0     14310000000.0     0.25 
486000.0     4172191.488873656     2000.0     1900.0     14310000000.0     0.25 
488000.0     4172191.488873656     2000.0     1900.0     14310000000.0     0.25 
490000.0     4172191.488873656     2000.0     1900.0     14550000000.0     0.25 
492000.0     4172191.488873656     2000.0     1900.0     13120000000.0     0.25 
494000.0     4172191.488873656     2000.0     1900.0     12900000000.0     0.25 
496000.0     4172191.488873656     2000.0     1900.0     12930000000.0     0.27 
498000.0     4172191.488873656     2000.0     1800.0     10850000000.0     0.25 
500000.0     4172191.488873656     2000.0     1900.0     13120000000.0     0.25 
502000.0     4172191.488873656     2000.0     1900.0     13140000000.0     0.26 
504000.0     4172191.488873656     2000.0     1900.0     14310000000.0     0.25 
506000.0     4172191.488873656     2000.0     1900.0     14800000000.0     0.25 
508000.0     4172191.488873656     2000.0     1900.0     14310000000.0     0.25 
510000.0     4172191.488873656     2000.0     1900.0     14310000000.0     0.25 
512000.0     4172191.488873656     2000.0     1900.0     14310000000.0     0.25 
514000.0     4172191.488873656     2000.0     1900.0     14310000000.0     0.25 
516000.0     4172191.488873656     2000.0     1900.0     14310000000.0     0.25 
518000.0     4172191.488873656     2000.0     1900.0     14310000000.0     0.25 
524000.0     4172191.488873656     2000.0     1900.0     14310000000.0     0.25 
476000.0     4174191.488873656     2000.0     1900.0     14310000000.0     0.25 
482000.0     4174191.488873656     2000.0     1900.0     14310000000.0     0.25 
484000.0     4174191.488873656     2000.0     1900.0     14310000000.0     0.25 
486000.0     4174191.488873656     2000.0     1900.0     14310000000.0     0.25 
488000.0     4174191.488873656     2000.0     1900.0     14310000000.0     0.25 
490000.0     4174191.488873656     2000.0     1900.0     14430000000.0     0.25 
492000.0     4174191.488873656     2000.0     1800.0     11750000000.0     0.24 
494000.0     4174191.488873656     2000.0     1900.0     14420000000.0     0.24 
496000.0     4174191.488873656     2000.0     2000.0     17840000000.0     0.26 
498000.0     4174191.488873656     2000.0     2100.0     19600000000.0     0.29 
500000.0     4174191.488873656     2000.0     2100.0     20620000000.0     0.26 
502000.0     4174191.488873656     2000.0     1900.0     14310000000.0     0.25 
504000.0     4174191.488873656     2000.0     1900.0     14670000000.0     0.25 
506000.0     4174191.488873656     2000.0     2000.0     16079999999.999998     0.25 
508000.0     4174191.488873656     2000.0     1900.0     14310000000.0     0.25 
510000.0     4174191.488873656     2000.0     1900.0     14310000000.0     0.25 
512000.0     4174191.488873656     2000.0     1900.0     14310000000.0     0.25 
514000.0     4174191.488873656     2000.0     1900.0     14310000000.0     0.25 
516000.0     4174191.488873656     2000.0     1900.0     14310000000.0     0.25 
518000.0     4174191.488873656     2000.0     1900.0     14310000000.0     0.25 
524000.0     4174191.488873656     2000.0     1900.0     14310000000.0     0.25 
476000.0     4176191.488873656     2000.0     1900.0     14310000000.0     0.25 
482000.0     4176191.488873656     2000.0     1900.0     14310000000.0     0.25 
484000.0     4176191.488873656     2000.0     1900.0     14310000000.0     0.25 
486000.0     4176191.488873656     2000.0     1900.0     14310000000.0     0.25 
488000.0     4176191.488873656     2000.0     1900.0     14310000000.0     0.25 
490000.0     4176191.488873656     2000.0     1900.0     14310000000.0     0.25 
492000.0     4176191.488873656     2000.0     1900.0     13580000000.0     0.24 
494000.0     4176191.488873656     2000.0     1900.0     15170000000.0     0.24 
496000.0     4176191.488873656     2000.0     2000.0     17430000000.0     0.25 
498000.0     4176191.488873656     2000.0     2000.0     15440000000.0     0.27 
500000.0     4176191.488873656     2000.0     1900.0     13590000000.0     0.25 
502000.0     4176191.488873656     2000.0     2100.0     23070000000.0     0.25 
504000.0     4176191.488873656     2000.0     1900.0     14670000000.0     0.25 
506000.0     4176191.488873656     2000.0     1900.0     14310000000.0     0.25 
508000.0     4176191.488873656     2000.0     1900.0     14060000000.0     0.25 
510000.0     4176191.488873656     2000.0     1900.0     14310000000.0     0.25 
512000.0     4176191.488873656     2000.0     1900.0     14310000000.0     0.25 
514000.0     4176191.488873656     2000.0     1900.0     14310000000.0     0.25 
516000.0     4176191.488873656     2000.0     1900.0     14310000000.0     0.25 
518000.0     4176191.488873656     2000.0     1900.0     14310000000.0     0.25 
524000.0     4176191.488873656     2000.0     1900.0     14310000000.0     0.25 
476000.0     4178191.488873656     2000.0     1900.0     14310000000.0     0.25 
482000.0     4178191.488873656     2000.0     1900.0     14310000000.0     0.25 
484000.0     4178191.488873656     2000.0     1900.0     14310000000.0     0.25 
486000.0     4178191.488873656     2000.0     1900.0     14310000000.0     0.25 
488000.0     4178191.488873656     2000.0     1900.0     14310000000.0     0.25 
490000.0     4178191.488873656     2000.0     1900.0     14310000000.0     0.25 
492000.0     4178191.488873656     2000.0     1900.0     14310000000.0     0.25 
494000.0     4178191.488873656     2000.0     1900.0     13470000000.0     0.25 
496000.0     4178191.488873656     2000.0     1900.0     15420000000.0     0.24 
498000.0     4178191.488873656     2000.0     2300.0     32759999999.999996     0.24 
500000.0     4178191.488873656     2000.0     2300.0     35800000000.0     0.24 
502000.0     4178191.488873656     2000.0     1900.0     13930000000.0     0.24 
504000.0     4178191.488873656     2000.0     1900.0     13940000000.0     0.25 
506000.0     4178191.488873656     2000.0     1900.0     14430000000.0     0.25 
508000.0     4178191.488873656     2000.0     1900.0     14310000000.0     0.25 
510000.0     4178191.488873656     2000.0     1900.0     14310000000.0     0.25 
512000.0     4178191.488873656     2000.0     1900.0     14310000000.0     0.25 
514000.0     4178191.488873656     2000.0     1900.0     14310000000.0     0.25 
516000.0     4178191.488873656     2000.0     1900.0     14310000000.0     0.25 
518000.0     4178191.488873656     2000.0     1900.0     14310000000.0     0.25 
524000.0     4178191.488873656     2000.0     1900.0     14310000000.0     0.25 
476000.0     4180191.488873656     2000.0     1900.0     14310000000.0     0.25 
482000.0     4180191.488873656     2000.0     1900.0     14310000000.0     0.25 
484000.0     4180191.488873656     2000.0     1900.0     14310000000.0     0.25 
486000.0     4180191.488873656     2000.0     1900.0     14310000000.0     0.25 
488000.0     4180191.488873656     2000.0     1900.0     14310000000.0     0.25 
490000.0     4180191.488873656     2000.0     1900.0     14310000000.0     0.25 
492000.0     4180191.488873656     2000.0     1900.0     14310000000.0     0.25 
494000.0     4180191.488873656     2000.0     1900.0     13010000000.0     0.25 
496000.0     4180191.488873656     2000.0     1800.0     11820000000.0     0.27 
498000.0     4180191.488873656     2000.0     1900.0     15430000000.0     0.24 
500000.0     4180191.488873656     2000.0     2100.0     22940000000.0     0.24 
502000.0     4180191.488873656     2000.0     2000.0     15820000000.0     0.26 
504000.0     4180191.488873656     2000.0     1900.0     13700000000.0     0.25 
506000.0     4180191.488873656     2000.0     1900.0     14670000000.0     0.25 
508000.0     4180191.488873656     2000.0     1900.0     13590000000.0     0.25 
510000.0     4180191.488873656     2000.0     1900.0     14060000000.0     0.25 
512000.0     4180191.488873656     2000.0     1900.0     14310000000.0     0.25 
514000.0     4180191.488873656     2000.0     1900.0     14310000000.0     0.25 
516000.0     4180191.488873656     2000.0     1900.0     14310000000.0     0.25 
518000.0     4180191.488873656     2000.0     1900.0     14310000000.0     0.25 
524000.0     4180191.488873656     2000.0     1900.0     14310000000.0     0.25 
476000.0     4182191.488873656     2000.0     1900.0     14310000000.0     0.25 
482000.0     4182191.488873656     2000.0     1900.0     14310000000.0     0.25 
484000.0     4182191.488873656     2000.0     1900.0     14310000000.0     0.25 
486000.0     4182191.488873656     2000.0     1900.0     14310000000.0     0.25 
488000.0     4182191.488873656     2000.0     1900.0     14310000000.0     0.25 
490000.0     4182191.488873656     2000.0     1900.0     14310000000.0     0.25 
492000.0     4182191.488873656     2000.0     1900.0     14310000000.0     0.25 
494000.0     4182191.488873656     2000.0     1900.0     14310000000.0     0.25 
496000.0     4182191.488873656     2000.0     1900.0     14060000000.0     0.25 
498000.0     4182191.488873656     2000.0     1900.0     13700000000.0     0.25 
500000.0     4182191.488873656     2000.0     1900.0     13820000000.0     0.25 
502000.0     4182191.488873656     2000.0     1800.0     10370000000.0     0.23 
504000.0     4182191.488873656     2000.0     2000.0     17850000000.0     0.25 
506000.0     4182191.488873656     2000.0     1900.0     14060000000.0     0.25 
508000.0     4182191.488873656     2000.0     1900.0     14680000000.0     0.26 
510000.0     4182191.488873656     2000.0     1900.0     14430000000.0     0.25 
512000.0     4182191.488873656     2000.0     1900.0     14310000000.0     0.25 
514000.0     4182191.488873656     2000.0     1900.0     14310000000.0     0.25 
516000.0     4182191.488873656     2000.0     1900.0     14310000000.0     0.25 
518000.0     4182191.488873656     2000.0     1900.0     14310000000.0     0.25 
524000.0     4182191.488873656     2000.0     1900.0     14310000000.0     0.25 
476000.0     4184191.488873656     2000.0     1900.0     14310000000.0     0.25 
482000.0     4184191.488873656     2000.0     1900.0     14310000000.0     0.25 
484000.0     4184191.488873656     2000.0     1900.0     14310000000.0     0.25 
486000.0     4184191.488873656     2000.0     1900.0     14310000000.0     0.25 
488000.0     4184191.488873656     2000.0     1900.0     14310000000.0     0.25 
490000.0     4184191.488873656     2000.0     1900.0     14310000000.0     0.25 
492000.0     4184191.488873656     2000.0     1900.0     14310000000.0     0.25 
494000.0     4184191.488873656     2000.0     1900.0     14310000000.0     0.25 
496000.0     4184191.488873656     2000.0     1900.0     13820000000.0     0.25 
498000.0     4184191.488873656     2000.0     1900.0     14310000000.0     0.25 
500000.0     4184191.488873656     2000.0     1900.0     14310000000.0     0.25 
502000.0     4184191.488873656     2000.0     2000.0     16730000000.0     0.27 
504000.0     4184191.488873656     2000.0     2000.0     16870000000.000002     0.27 
506000.0     4184191.488873656     2000.0     1900.0     13000000000.0     0.25 
508000.0     4184191.488873656     2000.0     1900.0     14180000000.0     0.25 
510000.0     4184191.488873656     2000.0     1900.0     14920000000.0     0.25 
512000.0     4184191.488873656     2000.0     1900.0     14060000000.0     0.25 
514000.0     4184191.488873656     2000.0     1900.0     14310000000.0     0.25 
516000.0     4184191.488873656     2000.0     1900.0     14310000000.0     0.25 
518000.0     4184191.488873656     2000.0     1900.0     14310000000.0     0.25 
524000.0     4184191.488873656     2000.0     1900.0     14310000000.0     0.25 
476000.0     4186191.488873656     2000.0     1900.0     14310000000.0     0.25 
482000.0     4186191.488873656     2000.0     1900.0     14310000000.0     0.25 
484000.0     4186191.488873656     2000.0     1900.0     14310000000.0     0.25 
486000.0     4186191.488873656     2000.0     1900.0     14310000000.0     0.25 
488000.0     4186191.488873656     2000.0     1900.0     14310000000.0     0.25 
490000.0     4186191.488873656     2000.0     1900.0     14310000000.0     0.25 
492000.0     4186191.488873656     2000.0     1900.0     14310000000.0     0.25 
494000.0     4186191.488873656     2000.0     1900.0     14180000000.0     0.25 
496000.0     4186191.488873656     2000.0     1900.0     14070000000.0     0.25 
498000.0     4186191.488873656     2000.0     1900.0     14920000000.0     0.25 
500000.0     4186191.488873656     2000.0     1900.0     14310000000.0     0.25 
502000.0     4186191.488873656     2000.0     1900.0     13960000000.0     0.26 
504000.0     4186191.488873656     2000.0     1900.0     13130000000.0     0.25 
506000.0     4186191.488873656     2000.0     1900.0     14190000000.0     0.25 
508000.0     4186191.488873656     2000.0     1900.0     14310000000.0     0.25 
510000.0     4186191.488873656     2000.0     1900.0     14430000000.0     0.25 
512000.0     4186191.488873656     2000.0     1900.0     14310000000.0     0.25 
514000.0     4186191.488873656     2000.0     1900.0     14310000000.0     0.25 
516000.0     4186191.488873656     2000.0     1900.0     14310000000.0     0.25 
518000.0     4186191.488873656     2000.0     1900.0     14310000000.0     0.25 
524000.0     4186191.488873656     2000.0     1900.0     14310000000.0     0.25 
476000.0     4188191.488873656     2000.0     1900.0     14310000000.0     0.25 
482000.0     4188191.488873656     2000.0     1900.0     14310000000.0     0.25 
484000.0     4188191.488873656     2000.0     1900.0     14310000000.0     0.25 
486000.0     4188191.488873656     2000.0     1900.0     14310000000.0     0.25 
488000.0     4188191.488873656     2000.0     1900.0     14310000000.0     0.25 
490000.0     4188191.488873656     2000.0     1900.0     14310000000.0     0.25 
492000.0     4188191.488873656     2000.0     1900.0     14310000000.0     0.25 
494000.0     4188191.488873656     2000.0     1900.0     14310000000.0     0.25 
496000.0     4188191.488873656     2000.0     1900.0     14310000000.0     0.25 
498000.0     4188191.488873656     2000.0     1900.0     14310000000.0     0.25 
500000.0     4188191.488873656     2000.0     1900.0     14310000000.0     0.25 
502000.0     4188191.488873656     2000.0     1900.0     14310000000.0     0.25 
504000.0     4188191.488873656     2000.0     1900.0     14310000000.0     0.25 
506000.0     4188191.488873656     2000.0     1900.0     14310000000.0     0.25 
508000.0     4188191.488873656     2000.0     1900.0     14310000000.0     0.25 
510000.0     4188191.488873656     2000.0     1900.0     14310000000.0     0.25 
512000.0     4188191.488873656     2000.0     1900.0     14310000000.0     0.25 
514000.0     4188191.488873656     2000.0     1900.0     14310000000.0     0.25 
516000.0     4188191.488873656     2000.0     1900.0     14310000000.0     0.25 
518000.0     4188191.488873656     2000.0     1900.0     14310000000.0     0.25 
524000.0     4188191.488873656     2000.0     1900.0     14310000000.0     0.25 
476000.0     4190191.488873656     2000.0     1900.0     14310000000.0     0.25 
482000.0     4190191.488873656     2000.0     1900.0     14310000000.0     0.25 
484000.0     4190191.488873656     2000.0     1900.0     14310000000.0     0.25 
486000.0     4190191.488873656     2000.0     1900.0     14310000000.0     0.25 
488000.0     4190191.488873656     2000.0     1900.0     14310000000.0     0.25 
490000.0     4190191.488873656     2000.0     1900.0     14310000000.0     0.25 
492000.0     4190191.488873656     2000.0     1900.0     14310000000.0     0.25 
494000.0     4190191.488873656     2000.0     1900.0     14310000000.0     0.25 
496000.0     4190191.488873656     2000.0     1900.0     14310000000.0     0.25 
498000.0     4190191.488873656     2000.0     1900.0     14310000000.0     0.25 
500000.0     4190191.488873656     2000.0     1900.0     14310000000.0     0.25 
502000.0     4190191.488873656     2000.0     1900.0     14310000000.0     0.25 
504000.0     4190191.488873656     2000.0     1900.0     14310000000.0     0.25 
506000.0     4190191.488873656     2000.0     1900.0     14310000000.0     0.25 
508000.0     4190191.488873656     2000.0     1900.0     14310000000.0     0.25 
510000.0     4190191.488873656     2000.0     1900.0     14310000000.0     0.25 
512000.0     4190191.488873656     2000.0     1900.0     14310000000.0     0.25 
514000.0     4190191.488873656     2000.0     1900.0     14310000000.0     0.25 
516000.0     4190191.488873656     2000.0     1900.0     14310000000.0     0.25 
518000.0     4190191.488873656     2000.0     1900.0     14310000000.0     0.25 
524000.0     4190191.488873656     2000.0     1900.0     14310000000.0     0.25 
476000.0     4192191.488873656     2000.0     1900.0     14310000000.0     0.25 
482000.0     4192191.488873656     2000.0     1900.0     14310000000.0     0.25 
484000.0     4192191.488873656     2000.0     1900.0     14310000000.0     0.25 
486000.0     4192191.488873656     2000.0     1900.0     14310000000.0     0.25 
488000.0     4192191.488873656     2000.0     1900.0     14310000000.0     0.25 
490000.0     4192191.488873656     2000.0     1900.0     14310000000.0     0.25 
492000.0     4192191.488873656     2000.0     1900.0     14310000000.0     0.25 
494000.0     4192191.488873656     2000.0     1900.0     14310000000.0     0.25 
496000.0     4192191.488873656     2000.0     1900.0     14310000000.0     0.25 
498000.0     4192191.488873656     2000.0     1900.0     14310000000.0     0.25 
500000.0     4192191.488873656     2000.0     1900.0     14310000000.0     0.25 
502000.0     4192191.488873656     2000.0     1900.0     14310000000.0     0.25 
504000.0     4192191.488873656     2000.0     1900.0     14310000000.0     0.25 
506000.0     4192191.488873656     2000.0     1900.0     14310000000.0     0.25 
508000.0     4192191.488873656     2000.0     1900.0     14310000000.0     0.25 
510000.0     4192191.488873656     2000.0     1900.0     14310000000.0     0.25 
512000.0     4192191.488873656     2000.0     1900.0     14310000000.0     0.25 
514000.0     4192191.488873656     2000.0     1900.0     14310000000.0     0.25 
516000.0     4192191.488873656     2000.0     1900.0     14310000000.0     0.25 
518000.0     4192191.488873656     2000.0     1900.0     14310000000.0     0.25 
524000.0     4192191.488873656     2000.0     1900.0     14310000000.0     0.25 
476000.0     4194191.488873656     2000.0     1900.0     14310000000.0     0.25 
482000.0     4194191.488873656     2000.0     1900.0     14310000000.0     0.25 
484000.0     4194191.488873656     2000.0     1900.0     14310000000.0     0.25 
486000.0     4194191.488873656     2000.0     1900.0     14310000000.0     0.25 
488000.0     4194191.488873656     2000.0     1900.0     14310000000.0     0.25 
490000.0     4194191.488873656     2000.0     1900.0     14310000000.0     0.25 
492000.0     4194191.488873656     2000.0     1900.0     14310000000.0     0.25 
494000.0     4194191.488873656     2000.0     1900.0     14310000000.0     0.25 
496000.0     4194191.488873656     2000.0     1900.0     14310000000.0     0.25 
498000.0     4194191.488873656     2000.0     1900.0     14310000000.0     0.25 
500000.0     4194191.488873656     2000.0     1900.0     14310000000.0     0.25 
502000.0     4194191.488873656     2000.0     1900.0     14310000000.0     0.25 
504000.0     4194191.488873656     2000.0     1900.0     14310000000.0     0.25 
506000.0     4194191.488873656     2000.0     1900.0     14310000000.0     0.25 
508000.0     4194191.488873656     2000.0     1900.0     14310000000.0     0.25 
510000.0     4194191.488873656     2000.0     1900.0     14310000000.0     0.25 
512000.0     4194191.488873656     2000.0     1900.0     14310000000.0     0.25 
514000.0     4194191.488873656     2000.0     1900.0     14310000000.0     0.25 
516000.0     4194191.488873656     2000.0     1900.0     14310000000.0     0.25 
518000.0     4194191.488873656     2000.0     1900.0     14310000000.0     0.25 
524000.0     4194191.488873656     2000.0     1900.0     14310000000.0     0.25 
476000.0     4200191.488873656     2000.0     1900.0     14310000000.0     0.25 
482000.0     4200191.488873656     2000.0     1900.0     14310000000.0     0.25 
484000.0     4200191.488873656     2000.0     1900.0     14310000000.0     0.25 
486000.0     4200191.488873656     2000.0     1900.0     14310000000.0     0.25 
488000.0     4200191.488873656     2000.0     1900.0     14310000000.0     0.25 
490000.0     4200191.488873656     2000.0     1900.0     14310000000.0     0.25 
492000.0     4200191.488873656     2000.0     1900.0     14310000000.0     0.25 
494000.0     4200191.488873656     2000.0     1900.0     14310000000.0     0.25 
496000.0     4200191.488873656     2000.0     1900.0     14310000000.0     0.25 
498000.0     4200191.488873656     2000.0     1900.0     14310000000.0     0.25 
500000.0     4200191.488873656     2000.0     1900.0     14310000000.0     0.25 
502000.0     4200191.488873656     2000.0     1900.0     14310000000.0     0.25 
504000.0     4200191.488873656     2000.0     1900.0     14310000000.0     0.25 
506000.0     4200191.488873656     2000.0     1900.0     14310000000.0     0.25 
508000.0     4200191.488873656     2000.0     1900.0     14310000000.0     0.25 
510000.0     4200191.488873656     2000.0     1900.0     14310000000.0     0.25 
512000.0     4200191.488873656     2000.0     1900.0     14310000000.0     0.25 
514000.0     4200191.488873656     2000.0     1900.0     14310000000.0     0.25 
516000.0     4200191.488873656     2000.0     1900.0     14310000000.0     0.25 
518000.0     4200191.488873656     2000.0     1900.0     14310000000.0     0.25 
524000.0     4200191.488873656     2000.0     1900.0     14310000000.0     0.25 
