{"type":"FeatureCollection","features":[{"type":"Feature","properties":{"objectid":285.0,"category":"625k","feature":"625k_Fault","feature_d":"Fault at rockhead","fltname_c":" ","fltname_d":" ","sheet":"625k_V5_Bedrock","version":"5.17","released":"23- 4-2008","nom_scale":"625000","nom_os_yr":"2005 HC","nom_bgs_yr":"2007","mslink":107067},"id":285.0,"geometry":{"type":"LineString","coordinates":[[-5.6004872917316195,55.328193687102896],[-5.59893130995794,55.3223856139879],[-5.59719618832089,55.3158100394515],[-5.5949370691458595,55.30847025897601]]}},{"type":"Feature","properties":{"objectid":286.0,"category":"625k","feature":"625k_Fault","feature_d":"Fault at rockhead","fltname_c":" ","fltname_d":" ","sheet":"625k_V5_Bedrock","version":"5.17","released":"23- 4-2008","nom_scale":"625000","nom_os_yr":"2005 HC","nom_bgs_yr":"2007","mslink":107067},"id":286.0,"geometry":{"type":"LineString","coordinates":[[-5.5630161167507906,55.3306722903924],[-5.5757414755440005,55.3401204924092],[-5.58294141963404,55.346043739497595],[-5.58594809657802,55.3488528928777],[-5.5966580047763,55.362883261861],[-5.59874447133678,55.36660739134779],[-5.602593222850969,55.3704787378682],[-5.6086260171887705,55.375281669166796],[-5.61172453606417,55.3785771914105],[-5.6133918985531,55.3815165121051],[-5.614670275844479,55.387854471899004],[-5.6149385295317495,55.394620808844195],[-5.61559620298319,55.3979884745086],[-5.61702473403404,55.4021302942464],[-5.6185772547640305,55.4114487483136],[-5.61872274398497,55.4130383831511],[-5.61866105338038,55.420013723494094],[-5.618177369286459,55.4262045843824],[-5.6171206758285,55.43333460042769]]}},{"type":"Feature","properties":{"objectid":287.0,"category":"625k","feature":"625k_Fault","feature_d":"Fault at rockhead","fltname_c":" ","fltname_d":" ","sheet":"625k_V5_Bedrock","version":"5.17","released":"23- 4-2008","nom_scale":"625000","nom_os_yr":"2005 HC","nom_bgs_yr":"2007","mslink":107067},"id":287.0,"geometry":{"type":"LineString","coordinates":[[-5.6225358356359,55.3757616906522],[-5.628859037438559,55.38211474031579],[-5.632780634774419,55.3855891831264],[-5.63688049044088,55.388545188811],[-5.64299610755497,55.39259521455901],[-5.647883648223759,55.39552737406189],[-5.65248234666879,55.3977625954188],[-5.65702970669995,55.3994878540788],[-5.677623867905379,55.4064409187506],[-5.69545095732027,55.413673604964096],[-5.7351648425007005,55.426413400230295]]}},{"type":"Feature","properties":{"objectid":851.0,"category":"625k","feature":"625k_Fault","feature_d":"Fault at rockhead","fltname_c":" ","fltname_d":" ","sheet":"625k_V5_Bedrock","version":"5.17","released":"23- 4-2008","nom_scale":"625000","nom_os_yr":"2005 HC","nom_bgs_yr":"2007","mslink":107067},"id":851.0,"geometry":{"type":"LineString","coordinates":[[-6.731270076892719,54.74194574491809],[-6.6933856077240605,54.7365545006197],[-6.6655458172664,54.73430568664101]]}},{"type":"Feature","properties":{"objectid":852.0,"category":"625k","feature":"625k_Fault","feature_d":"Fault at rockhead","fltname_c":" ","fltname_d":" ","sheet":"625k_V5_Bedrock","version":"5.17","released":"23- 4-2008","nom_scale":"625000","nom_os_yr":"2005 HC","nom_bgs_yr":"2007","mslink":107067},"id":852.0,"geometry":{"type":"LineString","coordinates":[[-6.794443353820979,54.7552181087721],[-6.770483438390509,54.749812334198296],[-6.74691966364784,54.7446471908052]]}},{"type":"Feature","properties":{"objectid":853.0,"category":"625k","feature":"625k_Fault","feature_d":"Fault at rockhead","fltname_c":" ","fltname_d":" ","sheet":"625k_V5_Bedrock","version":"5.17","released":"23- 4-2008","nom_scale":"625000","nom_os_yr":"2005 HC","nom_bgs_yr":"2007","mslink":107067},"id":853.0,"geometry":{"type":"LineString","coordinates":[[-5.726828857053389,54.7912537693465],[-5.7127743536177595,54.7872203550086],[-5.67905472610329,54.7775333196156]]}},{"type":"Feature","properties":{"objectid":854.0,"category":"625k","feature":"625k_Fault","feature_d":"Fault at rockhead","fltname_c":" ","fltname_d":" ","sheet":"625k_V5_Bedrock","version":"5.17","released":"23- 4-2008","nom_scale":"625000","nom_os_yr":"2005 HC","nom_bgs_yr":"2007","mslink":107067},"id":854.0,"geometry":{"type":"LineString","coordinates":[[-5.74478434616873,54.7338808772595],[-5.7413861884388195,54.734821304534094],[-5.73390590207855,54.7370040041842],[-5.72606105749486,54.73930588231259],[-5.71482010616871,54.742177273782595],[-5.70750688916377,54.7433745452463]]}},{"type":"Feature","properties":{"objectid":855.0,"category":"625k","feature":"625k_Fault","feature_d":"Fault at rockhead","fltname_c":" ","fltname_d":" ","sheet":"625k_V5_Bedrock","version":"5.17","released":"23- 4-2008","nom_scale":"625000","nom_os_yr":"2005 HC","nom_bgs_yr":"2007","mslink":107067},"id":855.0,"geometry":{"type":"LineString","coordinates":[[-5.7880468624268495,54.823913496156194],[-5.78412719913841,54.8181483696399],[-5.78104128858313,54.813256668142294],[-5.7788057603589795,54.8094227366186],[-5.77408945171462,54.8005786006922],[-5.77020195451595,54.7936423835839],[-5.76443638219623,54.7760383976967],[-5.76277172530376,54.77023465212749],[-5.75784097686988,54.753471948491],[-5.75722653687213,54.75088858496839],[-5.75619836428562,54.747884311043],[-5.755741728639509,54.7461962538126],[-5.7547438332383996,54.7435163339783],[-5.75418254702695,54.742308225710794]]}},{"type":"Feature","properties":{"objectid":856.0,"category":"625k","feature":"625k_Fault","feature_d":"Fault at rockhead","fltname_c":" ","fltname_d":" ","sheet":"625k_V5_Bedrock","version":"5.17","released":"23- 4-2008","nom_scale":"625000","nom_os_yr":"2005 HC","nom_bgs_yr":"2007","mslink":107067},"id":856.0,"geometry":{"type":"LineString","coordinates":[[-5.830339441987119,54.8778550230184],[-5.826533699259699,54.8735064392926],[-5.82489702290254,54.870928770511796],[-5.820425305477429,54.865235840922296],[-5.8167285692571795,54.8611832771079],[-5.813798657667509,54.8580223806463],[-5.81215672823467,54.856555910416006],[-5.80837612921991,54.852337274286896],[-5.79784059033288,54.840717135873795]]}},{"type":"Feature","properties":{"objectid":857.0,"category":"625k","feature":"625k_Fault","feature_d":"Fault at rockhead","fltname_c":" ","fltname_d":" ","sheet":"625k_V5_Bedrock","version":"5.17","released":"23- 4-2008","nom_scale":"625000","nom_os_yr":"2005 HC","nom_bgs_yr":"2007","mslink":107067},"id":857.0,"geometry":{"type":"LineString","coordinates":[[-5.9292304419477295,54.9664744961369],[-5.91427354131108,54.9522098450367],[-5.90412639987409,54.9408251914017],[-5.89623732030286,54.9293673034885],[-5.89047908797692,54.9165394076714],[-5.88616184998467,54.908837552676495],[-5.88095360190544,54.8976201333552],[-5.88004548034548,54.895680438198696],[-5.87567438149743,54.8861333757968],[-5.872334773060399,54.879164338200695],[-5.86710809794163,54.86914007226059]]}},{"type":"Feature","properties":{"objectid":858.0,"category":"625k","feature":"625k_Fault","feature_d":"Fault at rockhead","fltname_c":" ","fltname_d":" ","sheet":"625k_V5_Bedrock","version":"5.17","released":"23- 4-2008","nom_scale":"625000","nom_os_yr":"2005 HC","nom_bgs_yr":"2007","mslink":107067},"id":858.0,"geometry":{"type":"LineString","coordinates":[[-5.86894167355349,54.8726573310937],[-5.87733921170771,54.8746208615563],[-5.8845992821012,54.8789912059602],[-5.893506329287679,54.885325567547696],[-5.8977328946237595,54.8892770945518],[-5.8987116264710595,54.890700429244895],[-5.899873665696839,54.892476394187895],[-5.90082922945434,54.8939575935606],[-5.90235378511858,54.899241628669],[-5.90342275646486,54.9033649256601],[-5.90519527293744,54.9130304166655]]}},{"type":"Feature","properties":{"objectid":859.0,"category":"625k","feature":"625k_Fault","feature_d":"Fault at rockhead","fltname_c":" ","fltname_d":" ","sheet":"625k_V5_Bedrock","version":"5.17","released":"23- 4-2008","nom_scale":"625000","nom_os_yr":"2005 HC","nom_bgs_yr":"2007","mslink":107067},"id":859.0,"geometry":{"type":"LineString","coordinates":[[-5.77098153321643,54.7335452022442],[-5.77567029371461,54.7442240157099],[-5.786208683895669,54.7682031636782],[-5.7932227924656905,54.771019929126496],[-5.80031907396543,54.7747012097502],[-5.80261078220678,54.7911115766867],[-5.814690717680469,54.79984052457701],[-5.8301235655670895,54.816749126657896],[-5.83269093751263,54.819250625482496],[-5.8397290999624305,54.826375927295196]]}},{"type":"Feature","properties":{"objectid":860.0,"category":"625k","feature":"625k_Fault","feature_d":"Fault at rockhead","fltname_c":" ","fltname_d":" ","sheet":"625k_V5_Bedrock","version":"5.17","released":"23- 4-2008","nom_scale":"625000","nom_os_yr":"2005 HC","nom_bgs_yr":"2007","mslink":107067},"id":860.0,"geometry":{"type":"LineString","coordinates":[[-5.81018886817096,54.7759529178295],[-5.80941859788091,54.7712185784807],[-5.80875299787292,54.767829916722896],[-5.80538407335869,54.756758650840595],[-5.803773624932179,54.7498344336952],[-5.80146946949776,54.7429265736152],[-5.79937016962855,54.7366050689591]]}},{"type":"Feature","properties":{"objectid":861.0,"category":"625k","feature":"625k_Fault","feature_d":"Fault at rockhead","fltname_c":" ","fltname_d":" ","sheet":"625k_V5_Bedrock","version":"5.17","released":"23- 4-2008","nom_scale":"625000","nom_os_yr":"2005 HC","nom_bgs_yr":"2007","mslink":107067},"id":861.0,"geometry":{"type":"LineString","coordinates":[[-5.80340918171315,54.7487420158345],[-5.7982002374301596,54.7452814443907],[-5.793407405403889,54.742096593894495],[-5.7895247861230805,54.739516053477296]]}},{"type":"Feature","properties":{"objectid":862.0,"category":"625k","feature":"625k_Fault","feature_d":"Fault at rockhead","fltname_c":" ","fltname_d":" ","sheet":"625k_V5_Bedrock","version":"5.17","released":"23- 4-2008","nom_scale":"625000","nom_os_yr":"2005 HC","nom_bgs_yr":"2007","mslink":107067},"id":862.0,"geometry":{"type":"LineString","coordinates":[[-5.86913586994561,54.7530037182835],[-5.868555658726979,54.7508534742999],[-5.868921418876719,54.7376422717022],[-5.868896629963159,54.7347935709522]]}},{"type":"Feature","properties":{"objectid":863.0,"category":"625k","feature":"625k_Fault","feature_d":"Fault at rockhead","fltname_c":" ","fltname_d":" ","sheet":"625k_V5_Bedrock","version":"5.17","released":"23- 4-2008","nom_scale":"625000","nom_os_yr":"2005 HC","nom_bgs_yr":"2007","mslink":107067},"id":863.0,"geometry":{"type":"LineString","coordinates":[[-6.9437266805828,54.670816762248194],[-6.946557215401549,54.676857841055],[-6.95001289699973,54.6815013140382],[-6.94906229914181,54.69063161720089],[-6.9485890358862905,54.6935219510752],[-6.939974270325529,54.7041618254047],[-6.923126422640001,54.71848583898729],[-6.91462939798153,54.7233770306568],[-6.90392989306663,54.727160696096696],[-6.891850716249,54.7298029822467],[-6.869486627974029,54.7328584827926],[-6.84611585713303,54.7330214407734]]}},{"type":"Feature","properties":{"objectid":864.0,"category":"625k","feature":"625k_Fault","feature_d":"Fault at rockhead","fltname_c":" ","fltname_d":" ","sheet":"625k_V5_Bedrock","version":"5.17","released":"23- 4-2008","nom_scale":"625000","nom_os_yr":"2005 HC","nom_bgs_yr":"2007","mslink":107067},"id":864.0,"geometry":{"type":"LineString","coordinates":[[-6.88095813122694,54.711338533494],[-6.8634920865192,54.7070228805233],[-6.85136295525679,54.7161225385457],[-6.8439901472969495,54.7166572830658],[-6.83169660268894,54.714038994932494],[-6.820141945752489,54.710672350325],[-6.81514832144334,54.708773749014604]]}},{"type":"Feature","properties":{"objectid":865.0,"category":"625k","feature":"625k_Fault","feature_d":"Fault at rockhead","fltname_c":" ","fltname_d":" ","sheet":"625k_V5_Bedrock","version":"5.17","released":"23- 4-2008","nom_scale":"625000","nom_os_yr":"2005 HC","nom_bgs_yr":"2007","mslink":107067},"id":865.0,"geometry":{"type":"LineString","coordinates":[[-6.85378710186418,54.6760600053535],[-6.812262072885559,54.7001531499044]]}},{"type":"Feature","properties":{"objectid":866.0,"category":"625k","feature":"625k_Fault","feature_d":"Fault at rockhead","fltname_c":" ","fltname_d":" ","sheet":"625k_V5_Bedrock","version":"5.17","released":"23- 4-2008","nom_scale":"625000","nom_os_yr":"2005 HC","nom_bgs_yr":"2007","mslink":107067},"id":866.0,"geometry":{"type":"LineString","coordinates":[[-6.901683282321359,54.6846668655225],[-6.87434948912163,54.6797578309862],[-6.845150343181429,54.6745055621075]]}},{"type":"Feature","properties":{"objectid":867.0,"category":"625k","feature":"625k_Fault","feature_d":"Fault at rockhead","fltname_c":" ","fltname_d":" ","sheet":"625k_V5_Bedrock","version":"5.17","released":"23- 4-2008","nom_scale":"625000","nom_os_yr":"2005 HC","nom_bgs_yr":"2007","mslink":107067},"id":867.0,"geometry":{"type":"LineString","coordinates":[[-6.87434948912163,54.6797578309862],[-6.888677444277869,54.6704404924373]]}},{"type":"Feature","properties":{"objectid":868.0,"category":"625k","feature":"625k_Fault","feature_d":"Fault at rockhead","fltname_c":" ","fltname_d":" ","sheet":"625k_V5_Bedrock","version":"5.17","released":"23- 4-2008","nom_scale":"625000","nom_os_yr":"2005 HC","nom_bgs_yr":"2007","mslink":107067},"id":868.0,"geometry":{"type":"LineString","coordinates":[[-6.89481221222884,54.6726479514224],[-6.888677444277869,54.6704404924373],[-6.86338338582873,54.6613330559452]]}},{"type":"Feature","properties":{"objectid":869.0,"category":"625k","feature":"625k_Fault","feature_d":"Fault at rockhead","fltname_c":" ","fltname_d":" ","sheet":"625k_V5_Bedrock","version":"5.17","released":"23- 4-2008","nom_scale":"625000","nom_os_yr":"2005 HC","nom_bgs_yr":"2007","mslink":107067},"id":869.0,"geometry":{"type":"LineString","coordinates":[[-6.86898937691104,54.663352384112194],[-6.87957889073795,54.6587663516705],[-6.89794844159394,54.65371692633779],[-6.96645642675609,54.6336947239647],[-7.00337963994528,54.625471980174694],[-7.0181296872079,54.6213908837672],[-7.044468513826759,54.609407405817194],[-7.0694905633428,54.5996630335081]]}},{"type":"Feature","properties":{"objectid":870.0,"category":"625k","feature":"625k_Fault","feature_d":"Fault at rockhead","fltname_c":" ","fltname_d":" ","sheet":"625k_V5_Bedrock","version":"5.17","released":"23- 4-2008","nom_scale":"625000","nom_os_yr":"2005 HC","nom_bgs_yr":"2007","mslink":107067},"id":870.0,"geometry":{"type":"LineString","coordinates":[[-6.90681362293008,54.5227609012267],[-6.895205923480829,54.5315752169508],[-6.89092211247114,54.5370122425488],[-6.88833187113398,54.542858985767694],[-6.889692897426399,54.547349437056894],[-6.88871143310693,54.5528917377455],[-6.87945672227289,54.575276309004195],[-6.8741255581389,54.585778928828795],[-6.86893776250568,54.595851808237896],[-6.8688735827576295,54.6004648883324],[-6.86133439119483,54.6066117648718],[-6.85878982172549,54.6088351630726],[-6.84704154479309,54.617730561222494],[-6.83449175654393,54.6245105036436],[-6.81269392139345,54.6374524903655],[-6.80843288330401,54.6397752121984]]}},{"type":"Feature","properties":{"objectid":871.0,"category":"625k","feature":"625k_Fault","feature_d":"Fault at rockhead","fltname_c":" ","fltname_d":" ","sheet":"625k_V5_Bedrock","version":"5.17","released":"23- 4-2008","nom_scale":"625000","nom_os_yr":"2005 HC","nom_bgs_yr":"2007","mslink":107067},"id":871.0,"geometry":{"type":"LineString","coordinates":[[-7.167231429913529,54.6559729427263],[-7.158292132271609,54.6578733122349],[-7.1495633046572395,54.660481814289795],[-7.1406835714319,54.6657439085784],[-7.13054811917523,54.672198206338294],[-7.12750231102417,54.6741991670082],[-7.12496150167341,54.6791099541325]]}},{"type":"Feature","properties":{"objectid":872.0,"category":"625k","feature":"625k_Fault","feature_d":"Fault at rockhead","fltname_c":" ","fltname_d":" ","sheet":"625k_V5_Bedrock","version":"5.17","released":"23- 4-2008","nom_scale":"625000","nom_os_yr":"2005 HC","nom_bgs_yr":"2007","mslink":107067},"id":872.0,"geometry":{"type":"LineString","coordinates":[[-6.81135866753015,54.6975930451596],[-6.812262072885559,54.7001531499044],[-6.81514832144334,54.708773749014604],[-6.81628863955643,54.7165454036171],[-6.81746519391929,54.7232289117362],[-6.81945095608331,54.7303968502114],[-6.82087962043469,54.7378770469943],[-6.82284744228721,54.7449304745303]]}},{"type":"Feature","properties":{"objectid":873.0,"category":"625k","feature":"625k_Fault","feature_d":"Fault at rockhead","fltname_c":" ","fltname_d":" ","sheet":"625k_V5_Bedrock","version":"5.17","released":"23- 4-2008","nom_scale":"625000","nom_os_yr":"2005 HC","nom_bgs_yr":"2007","mslink":107067},"id":873.0,"geometry":{"type":"LineString","coordinates":[[-8.021796798048591,54.4352888918745],[-8.01090290207117,54.43538664311559],[-7.99374031504409,54.4357384946512],[-7.984548775955069,54.4360311557182],[-7.930562929697909,54.438864278492396],[-7.9164794514165795,54.439882043146795]]}},{"type":"Feature","properties":{"objectid":874.0,"category":"625k","feature":"625k_Fault","feature_d":"Fault at rockhead","fltname_c":" ","fltname_d":" ","sheet":"625k_V5_Bedrock","version":"5.17","released":"23- 4-2008","nom_scale":"625000","nom_os_yr":"2005 HC","nom_bgs_yr":"2007","mslink":107067},"id":874.0,"geometry":{"type":"LineString","coordinates":[[-7.48586124405948,54.661368684371396],[-7.48401063608549,54.6642545823671],[-7.48003425469028,54.6709926416343],[-7.47702322662475,54.6810438807389],[-7.47759509001101,54.6922516245169]]}},{"type":"Feature","properties":{"objectid":875.0,"category":"625k","feature":"625k_Fault","feature_d":"Fault at rockhead","fltname_c":" ","fltname_d":" ","sheet":"625k_V5_Bedrock","version":"5.17","released":"23- 4-2008","nom_scale":"625000","nom_os_yr":"2005 HC","nom_bgs_yr":"2007","mslink":107067},"id":875.0,"geometry":{"type":"LineString","coordinates":[[-7.6325763681659,54.655677372822],[-7.627519843025089,54.6610570404855],[-7.61816898139998,54.666423047328095],[-7.610966418380819,54.6713802303196],[-7.601556027728869,54.6795106757462],[-7.59761319844357,54.6829568604727],[-7.592178221373399,54.689578809965695]]}},{"type":"Feature","properties":{"objectid":876.0,"category":"625k","feature":"625k_Fault","feature_d":"Fault at rockhead","fltname_c":" ","fltname_d":" ","sheet":"625k_V5_Bedrock","version":"5.17","released":"23- 4-2008","nom_scale":"625000","nom_os_yr":"2005 HC","nom_bgs_yr":"2007","mslink":107067},"id":876.0,"geometry":{"type":"LineString","coordinates":[[-7.4595032397282095,54.60440262674201],[-7.461825157668319,54.596169416215595]]}},{"type":"Feature","properties":{"objectid":877.0,"category":"625k","feature":"625k_Fault","feature_d":"Fault at rockhead","fltname_c":" ","fltname_d":" ","sheet":"625k_V5_Bedrock","version":"5.17","released":"23- 4-2008","nom_scale":"625000","nom_os_yr":"2005 HC","nom_bgs_yr":"2007","mslink":107067},"id":877.0,"geometry":{"type":"LineString","coordinates":[[-7.47785636066249,54.599073541298395],[-7.4698742562445695,54.594080384055395]]}},{"type":"Feature","properties":{"objectid":878.0,"category":"625k","feature":"625k_Fault","feature_d":"Fault at rockhead","fltname_c":" ","fltname_d":" ","sheet":"625k_V5_Bedrock","version":"5.17","released":"23- 4-2008","nom_scale":"625000","nom_os_yr":"2005 HC","nom_bgs_yr":"2007","mslink":107067},"id":878.0,"geometry":{"type":"LineString","coordinates":[[-7.4824737219727595,54.591416897082],[-7.48200904338659,54.5976267827927]]}},{"type":"Feature","properties":{"objectid":879.0,"category":"625k","feature":"625k_Fault","feature_d":"Fault at rockhead","fltname_c":" ","fltname_d":" ","sheet":"625k_V5_Bedrock","version":"5.17","released":"23- 4-2008","nom_scale":"625000","nom_os_yr":"2005 HC","nom_bgs_yr":"2007","mslink":107067},"id":879.0,"geometry":{"type":"LineString","coordinates":[[-7.36341774881311,54.613931507865004],[-7.345030930280309,54.6245513867623],[-7.3311046768637596,54.63249478374169],[-7.29798734387766,54.65295938442569],[-7.28629384603025,54.6614003176542],[-7.26304347141034,54.6757650822982],[-7.24898890876315,54.685070805482795],[-7.23935703489155,54.6940292758439],[-7.2326905603546,54.7007558324741],[-7.2203946311896,54.7085289138444],[-7.20194521925193,54.7204569249003]]}},{"type":"Feature","properties":{"objectid":880.0,"category":"625k","feature":"625k_Fault","feature_d":"Fault at rockhead","fltname_c":" ","fltname_d":" ","sheet":"625k_V5_Bedrock","version":"5.17","released":"23- 4-2008","nom_scale":"625000","nom_os_yr":"2005 HC","nom_bgs_yr":"2007","mslink":107067},"id":880.0,"geometry":{"type":"LineString","coordinates":[[-6.36210555449547,54.36593777602509],[-6.36695337287605,54.3722078224763],[-6.3736202541731695,54.3808598197797],[-6.386079759228299,54.3930374456797],[-6.39517837672744,54.4015567646061],[-6.403526818920569,54.409426510460094],[-6.41442750153315,54.4216684465913],[-6.4235632717183195,54.4329556732456],[-6.4337621840393,54.449963803132896],[-6.43771836988533,54.4578323179261]]}},{"type":"Feature","properties":{"objectid":881.0,"category":"625k","feature":"625k_Fault","feature_d":"Fault at rockhead","fltname_c":" ","fltname_d":" ","sheet":"625k_V5_Bedrock","version":"5.17","released":"23- 4-2008","nom_scale":"625000","nom_os_yr":"2005 HC","nom_bgs_yr":"2007","mslink":107067},"id":881.0,"geometry":{"type":"LineString","coordinates":[[-6.33374623183647,54.495236377307],[-6.36138407141506,54.4852987120929],[-6.3961651089411395,54.4727364060507],[-6.43771836988533,54.4578323179261],[-6.441277862500789,54.4565754154287]]}},{"type":"Feature","properties":{"objectid":882.0,"category":"625k","feature":"625k_Fault","feature_d":"Fault at rockhead","fltname_c":" ","fltname_d":" ","sheet":"625k_V5_Bedrock","version":"5.17","released":"23- 4-2008","nom_scale":"625000","nom_os_yr":"2005 HC","nom_bgs_yr":"2007","mslink":107067},"id":882.0,"geometry":{"type":"LineString","coordinates":[[-6.529994318386979,54.357936756113695],[-6.5444918628457796,54.3702552089083],[-6.54970380698398,54.37471512291379],[-6.55872494916904,54.3825281108207],[-6.56246147016479,54.3876361652587],[-6.56537399514147,54.3918427230406],[-6.567458476333699,54.3958504741168],[-6.569275500353199,54.3997485871844]]}},{"type":"Feature","properties":{"objectid":883.0,"category":"625k","feature":"625k_Fault","feature_d":"Fault at rockhead","fltname_c":" ","fltname_d":" ","sheet":"625k_V5_Bedrock","version":"5.17","released":"23- 4-2008","nom_scale":"625000","nom_os_yr":"2005 HC","nom_bgs_yr":"2007","mslink":107067},"id":883.0,"geometry":{"type":"LineString","coordinates":[[-6.575091927975969,54.418848020328895],[-6.56083305334888,54.4408831284711]]}},{"type":"Feature","properties":{"objectid":884.0,"category":"625k","feature":"625k_Fault","feature_d":"Fault at rockhead","fltname_c":" ","fltname_d":" ","sheet":"625k_V5_Bedrock","version":"5.17","released":"23- 4-2008","nom_scale":"625000","nom_os_yr":"2005 HC","nom_bgs_yr":"2007","mslink":107067},"id":884.0,"geometry":{"type":"LineString","coordinates":[[-6.39517837672744,54.4015567646061],[-6.40423644801026,54.3976076533522],[-6.42071943113183,54.3894723105618],[-6.44733524737822,54.3733457448397],[-6.46335537190984,54.363392851582894],[-6.469165961038599,54.3575355254103],[-6.47810201336496,54.3511121739572],[-6.47941538444608,54.349192025375594],[-6.47847440054197,54.3466382228796],[-6.47808731087531,54.3459070844825]]}},{"type":"Feature","properties":{"objectid":885.0,"category":"625k","feature":"625k_Fault","feature_d":"Fault at rockhead","fltname_c":" ","fltname_d":" ","sheet":"625k_V5_Bedrock","version":"5.17","released":"23- 4-2008","nom_scale":"625000","nom_os_yr":"2005 HC","nom_bgs_yr":"2007","mslink":107067},"id":885.0,"geometry":{"type":"LineString","coordinates":[[-6.519226741785809,54.43316296350189],[-6.505206794882359,54.429346244153294],[-6.487770129941329,54.4264292679472],[-6.47337295157604,54.425580015466],[-6.46163320731365,54.42556498808539]]}},{"type":"Feature","properties":{"objectid":886.0,"category":"625k","feature":"625k_Fault","feature_d":"Fault at rockhead","fltname_c":" ","fltname_d":" ","sheet":"625k_V5_Bedrock","version":"5.17","released":"23- 4-2008","nom_scale":"625000","nom_os_yr":"2005 HC","nom_bgs_yr":"2007","mslink":107067},"id":886.0,"geometry":{"type":"LineString","coordinates":[[-7.3367136670113,54.5873398234831],[-7.32391975381882,54.592574328131896],[-7.314898632343819,54.5961686481364],[-7.30362364800196,54.5996267844697],[-7.29688618131012,54.6007031934953],[-7.290417497903159,54.6014468523372],[-7.284181897436939,54.6012343271845]]}},{"type":"Feature","properties":{"objectid":887.0,"category":"625k","feature":"625k_Fault","feature_d":"Fault at rockhead","fltname_c":" ","fltname_d":" ","sheet":"625k_V5_Bedrock","version":"5.17","released":"23- 4-2008","nom_scale":"625000","nom_os_yr":"2005 HC","nom_bgs_yr":"2007","mslink":107067},"id":887.0,"geometry":{"type":"LineString","coordinates":[[-7.34190561812781,54.584980073808595],[-7.3473475420993,54.590671266005],[-7.3531494022154895,54.597891301359795],[-7.357331962740489,54.605571297587],[-7.36034950208141,54.612402831588696],[-7.360845403725929,54.614192706771696]]}},{"type":"Feature","properties":{"objectid":888.0,"category":"625k","feature":"625k_Fault","feature_d":"Fault at rockhead","fltname_c":" ","fltname_d":" ","sheet":"625k_V5_Bedrock","version":"5.17","released":"23- 4-2008","nom_scale":"625000","nom_os_yr":"2005 HC","nom_bgs_yr":"2007","mslink":107067},"id":888.0,"geometry":{"type":"LineString","coordinates":[[-7.32119096219681,54.58699288161179],[-7.31623654522665,54.5856548212932],[-7.311660595941619,54.5859414487841],[-7.305183871267589,54.58731095852529],[-7.29275881909775,54.5905208924788],[-7.269746272237939,54.5991359908793],[-7.25944959977639,54.6032930207994],[-7.25157474980164,54.6073079068539],[-7.24911058490069,54.609636857396794],[-7.2480114587063,54.610880291482395],[-7.24873658784977,54.6123270451928]]}},{"type":"Feature","properties":{"objectid":889.0,"category":"625k","feature":"625k_Fault","feature_d":"Fault at rockhead","fltname_c":" ","fltname_d":" ","sheet":"625k_V5_Bedrock","version":"5.17","released":"23- 4-2008","nom_scale":"625000","nom_os_yr":"2005 HC","nom_bgs_yr":"2007","mslink":107067},"id":889.0,"geometry":{"type":"LineString","coordinates":[[-7.21590735845935,54.6153650617539],[-7.22189513369036,54.6118092209025],[-7.22868297526335,54.608570747556904],[-7.23680299754503,54.6059654336118],[-7.24303623116981,54.6035040672666],[-7.25711416459961,54.598590280214694],[-7.268482760870629,54.594596207166795],[-7.2784880791872695,54.5915306411258],[-7.28848101693104,54.58908930313309],[-7.2960367564477,54.5875706682219],[-7.30034414041175,54.5872830802475],[-7.305183871267589,54.58731095852529]]}},{"type":"Feature","properties":{"objectid":890.0,"category":"625k","feature":"625k_Fault","feature_d":"Fault at rockhead","fltname_c":" ","fltname_d":" ","sheet":"625k_V5_Bedrock","version":"5.17","released":"23- 4-2008","nom_scale":"625000","nom_os_yr":"2005 HC","nom_bgs_yr":"2007","mslink":107067},"id":890.0,"geometry":{"type":"LineString","coordinates":[[-7.47121916304966,54.6014140651383],[-7.463655117154249,54.5956537001216]]}},{"type":"Feature","properties":{"objectid":891.0,"category":"625k","feature":"625k_Fault","feature_d":"Fault at rockhead","fltname_c":" ","fltname_d":" ","sheet":"625k_V5_Bedrock","version":"5.17","released":"23- 4-2008","nom_scale":"625000","nom_os_yr":"2005 HC","nom_bgs_yr":"2007","mslink":107067},"id":891.0,"geometry":{"type":"LineString","coordinates":[[-6.32273042092177,54.477447414998004],[-6.33374623183647,54.495236377307],[-6.33923552027282,54.504606391480294],[-6.35746096480463,54.5202130390334],[-6.345849242525049,54.5250934939524],[-6.337607655341359,54.528696148913596],[-6.32464925062306,54.53448040981559]]}},{"type":"Feature","properties":{"objectid":892.0,"category":"625k","feature":"625k_Fault","feature_d":"Fault at rockhead","fltname_c":" ","fltname_d":" ","sheet":"625k_V5_Bedrock","version":"5.17","released":"23- 4-2008","nom_scale":"625000","nom_os_yr":"2005 HC","nom_bgs_yr":"2007","mslink":107067},"id":892.0,"geometry":{"type":"LineString","coordinates":[[-6.91688417603291,54.7438560020309],[-6.909940475726319,54.7469708868934],[-6.90441904956275,54.7481919764279],[-6.89233611369414,54.7494787419382],[-6.8840419432400894,54.7507067215462],[-6.875624749920389,54.75259186026079],[-6.86275016013816,54.756386589650006],[-6.85333025826375,54.759475016472095],[-6.844165295916699,54.7632005667311],[-6.83191985492705,54.7689609486865],[-6.819180340733289,54.7750281124491]]}},{"type":"Feature","properties":{"objectid":893.0,"category":"625k","feature":"625k_Fault","feature_d":"Fault at rockhead","fltname_c":" ","fltname_d":" ","sheet":"625k_V5_Bedrock","version":"5.17","released":"23- 4-2008","nom_scale":"625000","nom_os_yr":"2005 HC","nom_bgs_yr":"2007","mslink":107067},"id":893.0,"geometry":{"type":"LineString","coordinates":[[-6.82106016244426,54.7977676771399],[-6.8210905351173095,54.7872834925227],[-6.819180340733289,54.7750281124491],[-6.817578251682889,54.766439134890796],[-6.81355362545312,54.75385015531501],[-6.812667690118129,54.748465022944]]}},{"type":"Feature","properties":{"objectid":894.0,"category":"625k","feature":"625k_Fault","feature_d":"Fault at rockhead","fltname_c":" ","fltname_d":" ","sheet":"625k_V5_Bedrock","version":"5.17","released":"23- 4-2008","nom_scale":"625000","nom_os_yr":"2005 HC","nom_bgs_yr":"2007","mslink":107067},"id":894.0,"geometry":{"type":"LineString","coordinates":[[-6.88007552122523,54.780058398657296],[-6.874946797682269,54.77893962737689],[-6.86074632406822,54.7760673777248],[-6.85265099669366,54.774751896777005],[-6.836902397540129,54.7723447964405]]}},{"type":"Feature","properties":{"objectid":895.0,"category":"625k","feature":"625k_Fault","feature_d":"Fault at rockhead","fltname_c":" ","fltname_d":" ","sheet":"625k_V5_Bedrock","version":"5.17","released":"23- 4-2008","nom_scale":"625000","nom_os_yr":"2005 HC","nom_bgs_yr":"2007","mslink":107067},"id":895.0,"geometry":{"type":"LineString","coordinates":[[-6.875624749920389,54.75259186026079],[-6.88580124224294,54.75660054449901],[-6.901892590353239,54.765191668814296],[-6.916120603380409,54.772443064233094]]}},{"type":"Feature","properties":{"objectid":896.0,"category":"625k","feature":"625k_Fault","feature_d":"Fault at rockhead","fltname_c":" ","fltname_d":" ","sheet":"625k_V5_Bedrock","version":"5.17","released":"23- 4-2008","nom_scale":"625000","nom_os_yr":"2005 HC","nom_bgs_yr":"2007","mslink":107067},"id":896.0,"geometry":{"type":"LineString","coordinates":[[-6.8171872553055,54.8233362389812],[-6.78221032533371,54.8344105707917],[-6.75213950388038,54.8438687355773],[-6.736359680516039,54.8491769055518],[-6.7200631168949,54.8546580216113]]}},{"type":"Feature","properties":{"objectid":897.0,"category":"625k","feature":"625k_Fault","feature_d":"Fault at rockhead","fltname_c":" ","fltname_d":" ","sheet":"625k_V5_Bedrock","version":"5.17","released":"23- 4-2008","nom_scale":"625000","nom_os_yr":"2005 HC","nom_bgs_yr":"2007","mslink":107067},"id":897.0,"geometry":{"type":"LineString","coordinates":[[-6.65787059646323,54.758492686297004],[-6.64772789773196,54.7643915374641],[-6.63502609998735,54.7722453956588],[-6.62366512861592,54.7811793006347]]}},{"type":"Feature","properties":{"objectid":898.0,"category":"625k","feature":"625k_Fault","feature_d":"Fault at rockhead","fltname_c":" ","fltname_d":" ","sheet":"625k_V5_Bedrock","version":"5.17","released":"23- 4-2008","nom_scale":"625000","nom_os_yr":"2005 HC","nom_bgs_yr":"2007","mslink":107067},"id":898.0,"geometry":{"type":"LineString","coordinates":[[-7.7038741352155595,54.6804707817229],[-7.69195256298971,54.6855304271213],[-7.6665562148704,54.699778837944095],[-7.658825446854039,54.7036828999022],[-7.647059489527869,54.7109155140407],[-7.63588913942784,54.7190627383678],[-7.61180287979907,54.7382000514304]]}},{"type":"Feature","properties":{"objectid":899.0,"category":"625k","feature":"625k_Fault","feature_d":"Fault at rockhead","fltname_c":" ","fltname_d":" ","sheet":"625k_V5_Bedrock","version":"5.17","released":"23- 4-2008","nom_scale":"625000","nom_os_yr":"2005 HC","nom_bgs_yr":"2007","mslink":107067},"id":899.0,"geometry":{"type":"LineString","coordinates":[[-7.50622012651631,54.74604588254059],[-7.51660213416831,54.739205537756796],[-7.5288519228906,54.733651177381596],[-7.54306625522731,54.7275044161145],[-7.55872622561695,54.7215209063733],[-7.575751685029919,54.7156090198852],[-7.60632539547046,54.7064330539907],[-7.635483346561649,54.69806145252709],[-7.649700215287499,54.6937428166332]]}},{"type":"Feature","properties":{"objectid":900.0,"category":"625k","feature":"625k_Fault","feature_d":"Fault at rockhead","fltname_c":" ","fltname_d":" ","sheet":"625k_V5_Bedrock","version":"5.17","released":"23- 4-2008","nom_scale":"625000","nom_os_yr":"2005 HC","nom_bgs_yr":"2007","mslink":107067},"id":900.0,"geometry":{"type":"LineString","coordinates":[[-7.96498285788921,54.391687406717296],[-7.9831099358561195,54.3888156763402],[-7.996641903101899,54.3873984404704],[-8.016124123286259,54.3856112162727],[-8.032618183417929,54.3847401841151],[-8.03966202728682,54.3845552278896]]}},{"type":"Feature","properties":{"objectid":901.0,"category":"625k","feature":"625k_Fault","feature_d":"Fault at rockhead","fltname_c":" ","fltname_d":" ","sheet":"625k_V5_Bedrock","version":"5.17","released":"23- 4-2008","nom_scale":"625000","nom_os_yr":"2005 HC","nom_bgs_yr":"2007","mslink":107067},"id":901.0,"geometry":{"type":"LineString","coordinates":[[-7.93978096055364,54.41222951961019],[-7.945853456609989,54.4118359849357],[-7.951718043506001,54.41081179172539],[-7.9578763848362595,54.4089318257335],[-7.96286192597003,54.4067089658005]]}},{"type":"Feature","properties":{"objectid":902.0,"category":"625k","feature":"625k_Fault","feature_d":"Fault at rockhead","fltname_c":" ","fltname_d":" ","sheet":"625k_V5_Bedrock","version":"5.17","released":"23- 4-2008","nom_scale":"625000","nom_os_yr":"2005 HC","nom_bgs_yr":"2007","mslink":107067},"id":902.0,"geometry":{"type":"LineString","coordinates":[[-7.875729805129001,54.424683792165794],[-7.86562763022676,54.4302626301834],[-7.85906211664208,54.4331970738491],[-7.856194711792679,54.4349881529161],[-7.85373046697028,54.436324881826096],[-7.8441495553278395,54.4425929067101],[-7.840009414575239,54.44700682062369],[-7.83449840458861,54.4528942979481]]}},{"type":"Feature","properties":{"objectid":903.0,"category":"625k","feature":"625k_Fault","feature_d":"Fault at rockhead","fltname_c":" ","fltname_d":" ","sheet":"625k_V5_Bedrock","version":"5.17","released":"23- 4-2008","nom_scale":"625000","nom_os_yr":"2005 HC","nom_bgs_yr":"2007","mslink":107067},"id":903.0,"geometry":{"type":"LineString","coordinates":[[-7.745300472149349,54.665195408210394],[-7.74177791307179,54.65816855932201],[-7.735316269107001,54.6465057031989],[-7.73076062537942,54.633964083819]]}},{"type":"Feature","properties":{"objectid":904.0,"category":"625k","feature":"625k_Fault","feature_d":"Fault at rockhead","fltname_c":" ","fltname_d":" ","sheet":"625k_V5_Bedrock","version":"5.17","released":"23- 4-2008","nom_scale":"625000","nom_os_yr":"2005 HC","nom_bgs_yr":"2007","mslink":107067},"id":904.0,"geometry":{"type":"LineString","coordinates":[[-7.604027088640909,54.2236928509265],[-7.58779323745995,54.2170653124174],[-7.57648689670887,54.2122977497297]]}},{"type":"Feature","properties":{"objectid":905.0,"category":"625k","feature":"625k_Fault","feature_d":"Fault at rockhead","fltname_c":" ","fltname_d":" ","sheet":"625k_V5_Bedrock","version":"5.17","released":"23- 4-2008","nom_scale":"625000","nom_os_yr":"2005 HC","nom_bgs_yr":"2007","mslink":107067},"id":905.0,"geometry":{"type":"LineString","coordinates":[[-6.941938096702249,54.5059561674129],[-6.926885070580619,54.509536392528794],[-6.91492960055597,54.5122683520873],[-6.899930690423389,54.514794067973696],[-6.886167981399339,54.5166196579606]]}},{"type":"Feature","properties":{"objectid":906.0,"category":"625k","feature":"625k_Fault","feature_d":"Fault at rockhead","fltname_c":" ","fltname_d":" ","sheet":"625k_V5_Bedrock","version":"5.17","released":"23- 4-2008","nom_scale":"625000","nom_os_yr":"2005 HC","nom_bgs_yr":"2007","mslink":107067},"id":906.0,"geometry":{"type":"LineString","coordinates":[[-6.83449175654393,54.6245105036436],[-6.82251908262227,54.6137107113829],[-6.79285934989678,54.5856265213242],[-6.7757075859745495,54.570052837128294]]}},{"type":"Feature","properties":{"objectid":907.0,"category":"625k","feature":"625k_Fault","feature_d":"Fault at rockhead","fltname_c":" ","fltname_d":" ","sheet":"625k_V5_Bedrock","version":"5.17","released":"23- 4-2008","nom_scale":"625000","nom_os_yr":"2005 HC","nom_bgs_yr":"2007","mslink":107067},"id":907.0,"geometry":{"type":"LineString","coordinates":[[-6.77859308930751,54.5104227208488],[-6.7891225198265195,54.4993992104666],[-6.80151427458322,54.4897823982704],[-6.81379329927841,54.483857817955304],[-6.83007356835589,54.4789784176022],[-6.85844020598005,54.4745474634617],[-6.8983593572626205,54.4688722680499],[-6.9209513571268495,54.464373928375494],[-6.94241242915476,54.4588538793272],[-6.95870171819705,54.452613841123004],[-6.97146391877562,54.4490286060444],[-6.989372983438869,54.446828651569696],[-7.00208945166512,54.4449896723115],[-7.0262063871514595,54.441081799452],[-7.03324393958927,54.4388467029095],[-7.04297645121158,54.4333224768004],[-7.05484307406023,54.4271107214783],[-7.06856170842683,54.421427853906096],[-7.087474756979749,54.413479793789094]]}},{"type":"Feature","properties":{"objectid":908.0,"category":"625k","feature":"625k_Fault","feature_d":"Fault at rockhead","fltname_c":" ","fltname_d":" ","sheet":"625k_V5_Bedrock","version":"5.17","released":"23- 4-2008","nom_scale":"625000","nom_os_yr":"2005 HC","nom_bgs_yr":"2007","mslink":107067},"id":908.0,"geometry":{"type":"LineString","coordinates":[[-6.94381612557565,54.502022508945096],[-6.95849924951297,54.4963540226725],[-6.9634668135704,54.4947305502958],[-6.96972822726441,54.4921922690386],[-6.97980231336602,54.488283747129195],[-6.987904966478929,54.4860080228824],[-6.9975716132601695,54.4836890684154],[-7.02190665671142,54.47642699655201],[-7.0382052004442395,54.4722998451597],[-7.04315160111564,54.471320898643],[-7.05672768134468,54.468002761306],[-7.07016587049891,54.4636638252978],[-7.084043803154979,54.459416154836],[-7.092716171280199,54.457257608106296],[-7.103709019728659,54.4551156934896],[-7.11435657984043,54.4535504014683]]}},{"type":"Feature","properties":{"objectid":909.0,"category":"625k","feature":"625k_Fault","feature_d":"Fault at rockhead","fltname_c":" ","fltname_d":" ","sheet":"625k_V5_Bedrock","version":"5.17","released":"23- 4-2008","nom_scale":"625000","nom_os_yr":"2005 HC","nom_bgs_yr":"2007","mslink":107067},"id":909.0,"geometry":{"type":"LineString","coordinates":[[-7.56781145059981,54.31332133116501],[-7.556397676960329,54.304085870129]]}},{"type":"Feature","properties":{"objectid":910.0,"category":"625k","feature":"625k_Fault","feature_d":"Fault at rockhead","fltname_c":" ","fltname_d":" ","sheet":"625k_V5_Bedrock","version":"5.17","released":"23- 4-2008","nom_scale":"625000","nom_os_yr":"2005 HC","nom_bgs_yr":"2007","mslink":107067},"id":910.0,"geometry":{"type":"LineString","coordinates":[[-6.700140882778289,54.4557455609021],[-6.707397385733099,54.4501320949694],[-6.71693241965839,54.439997482818],[-6.723146525292139,54.4320326214026],[-6.727218947868749,54.42539843645589],[-6.73423624021582,54.399758757253295]]}},{"type":"Feature","properties":{"objectid":911.0,"category":"625k","feature":"625k_Fault","feature_d":"Fault at rockhead","fltname_c":" ","fltname_d":" ","sheet":"625k_V5_Bedrock","version":"5.17","released":"23- 4-2008","nom_scale":"625000","nom_os_yr":"2005 HC","nom_bgs_yr":"2007","mslink":107067},"id":911.0,"geometry":{"type":"LineString","coordinates":[[-6.817699655212519,54.5235761271517],[-6.79616508769582,54.5275380621941],[-6.79101733282107,54.5283482160192],[-6.77798492276122,54.5304484647955],[-6.761389442271899,54.534117021885294],[-6.7553881199589,54.535654673294005],[-6.74474570741895,54.539143031259194],[-6.73066243628851,54.5427276690396],[-6.71914177039249,54.544871846981],[-6.71521518157567,54.5458963804048],[-6.7087187212952095,54.54849264511859],[-6.69478733576757,54.5507828165956],[-6.68413793970727,54.55197451698869],[-6.67604645783468,54.552804014157296],[-6.66628812999406,54.5534298146184]]}},{"type":"Feature","properties":{"objectid":912.0,"category":"625k","feature":"625k_Fault","feature_d":"Fault at rockhead","fltname_c":" ","fltname_d":" ","sheet":"625k_V5_Bedrock","version":"5.17","released":"23- 4-2008","nom_scale":"625000","nom_os_yr":"2005 HC","nom_bgs_yr":"2007","mslink":107067},"id":912.0,"geometry":{"type":"LineString","coordinates":[[-6.7088780299714195,54.493869393062596],[-6.70399803765916,54.4878030117782],[-6.69620603736028,54.4810555308423],[-6.69053142341073,54.4773246712197],[-6.68027248120558,54.4715534130564]]}},{"type":"Feature","properties":{"objectid":913.0,"category":"625k","feature":"625k_Fault","feature_d":"Fault at rockhead","fltname_c":" ","fltname_d":" ","sheet":"625k_V5_Bedrock","version":"5.17","released":"23- 4-2008","nom_scale":"625000","nom_os_yr":"2005 HC","nom_bgs_yr":"2007","mslink":107067},"id":913.0,"geometry":{"type":"LineString","coordinates":[[-6.69053142341073,54.4773246712197],[-6.68680106547993,54.487855754547496]]}},{"type":"Feature","properties":{"objectid":914.0,"category":"625k","feature":"625k_Fault","feature_d":"Fault at rockhead","fltname_c":" ","fltname_d":" ","sheet":"625k_V5_Bedrock","version":"5.17","released":"23- 4-2008","nom_scale":"625000","nom_os_yr":"2005 HC","nom_bgs_yr":"2007","mslink":107067},"id":914.0,"geometry":{"type":"LineString","coordinates":[[-6.716657968992799,54.4926776651373],[-6.7187008942534,54.484943637273595],[-6.72241740211743,54.476670864044095]]}},{"type":"Feature","properties":{"objectid":915.0,"category":"625k","feature":"625k_Fault","feature_d":"Fault at rockhead","fltname_c":" ","fltname_d":" ","sheet":"625k_V5_Bedrock","version":"5.17","released":"23- 4-2008","nom_scale":"625000","nom_os_yr":"2005 HC","nom_bgs_yr":"2007","mslink":107067},"id":915.0,"geometry":{"type":"LineString","coordinates":[[-6.62093689513216,54.42666401598719],[-6.608069782067001,54.4329315590189],[-6.59371766622051,54.4400277659066],[-6.5876893009119,54.44393002516439],[-6.572135777410259,54.454526756002096],[-6.559318647103259,54.4622570655592],[-6.54371688945935,54.4705516138637],[-6.5171989826623795,54.4843822576297]]}},{"type":"Feature","properties":{"objectid":916.0,"category":"625k","feature":"625k_Fault","feature_d":"Fault at rockhead","fltname_c":" ","fltname_d":" ","sheet":"625k_V5_Bedrock","version":"5.17","released":"23- 4-2008","nom_scale":"625000","nom_os_yr":"2005 HC","nom_bgs_yr":"2007","mslink":107067},"id":916.0,"geometry":{"type":"LineString","coordinates":[[-7.05484307406023,54.4271107214783],[-7.03282311722297,54.42940262793039],[-6.99991509168948,54.434091357995094],[-6.96732703886187,54.439269568464695],[-6.934893101200029,54.4447377725613],[-6.925337434438299,54.4461401610707],[-6.91917757555383,54.4476713755863],[-6.9121464397626,54.4499874994582],[-6.90580350362946,54.4525680479289],[-6.89841909060622,54.454720728610695],[-6.8896923687148295,54.4567722449675],[-6.878955969476469,54.4576644653735],[-6.86550742196068,54.45823289936369],[-6.853766803552199,54.4585186444258],[-6.839110863633779,54.459667485682196],[-6.81781553877521,54.4619749612154],[-6.775862408379,54.465635550622096]]}},{"type":"Feature","properties":{"objectid":917.0,"category":"625k","feature":"625k_Fault","feature_d":"Fault at rockhead","fltname_c":" ","fltname_d":" ","sheet":"625k_V5_Bedrock","version":"5.17","released":"23- 4-2008","nom_scale":"625000","nom_os_yr":"2005 HC","nom_bgs_yr":"2007","mslink":107067},"id":917.0,"geometry":{"type":"LineString","coordinates":[[-6.81781553877521,54.4619749612154],[-6.815374970737349,54.4690036923952],[-6.810113168236279,54.480352561755396],[-6.807602599080079,54.486845180623796]]}},{"type":"Feature","properties":{"objectid":918.0,"category":"625k","feature":"625k_Fault","feature_d":"Fault at rockhead","fltname_c":" ","fltname_d":" ","sheet":"625k_V5_Bedrock","version":"5.17","released":"23- 4-2008","nom_scale":"625000","nom_os_yr":"2005 HC","nom_bgs_yr":"2007","mslink":107067},"id":918.0,"geometry":{"type":"LineString","coordinates":[[-7.2281711364435095,54.4244335555722],[-7.2201316108156295,54.426297970650005],[-7.19531292936496,54.432573303148196],[-7.18464694073585,54.4364936798826],[-7.174535107266349,54.4394879391054],[-7.159595903061439,54.443673049975494],[-7.15354240750684,54.4461686446061],[-7.14549927396833,54.450487647413],[-7.13477351656068,54.4538242975487],[-7.1176596696153,54.45784448984159],[-7.10565844293206,54.46061331719189]]}},{"type":"Feature","properties":{"objectid":919.0,"category":"625k","feature":"625k_Fault","feature_d":"Fault at rockhead","fltname_c":" ","fltname_d":" ","sheet":"625k_V5_Bedrock","version":"5.17","released":"23- 4-2008","nom_scale":"625000","nom_os_yr":"2005 HC","nom_bgs_yr":"2007","mslink":107067},"id":919.0,"geometry":{"type":"LineString","coordinates":[[-6.5882867704536805,54.5864644731713],[-6.59758284613509,54.58443432728969],[-6.626710809224001,54.578842023529],[-6.637360178608249,54.57576386068501],[-6.64734255963081,54.5720109442662],[-6.6531855746051995,54.5686110341166],[-6.65700063065683,54.5641221745202],[-6.66086285167871,54.5581677101545],[-6.66628812999406,54.5534298146184],[-6.67398074833584,54.5493829284764],[-6.68352962574401,54.544556138486996],[-6.690497814209779,54.54156650662139]]}},{"type":"Feature","properties":{"objectid":920.0,"category":"625k","feature":"625k_Fault","feature_d":"Fault at rockhead","fltname_c":" ","fltname_d":" ","sheet":"625k_V5_Bedrock","version":"5.17","released":"23- 4-2008","nom_scale":"625000","nom_os_yr":"2005 HC","nom_bgs_yr":"2007","mslink":107067},"id":920.0,"geometry":{"type":"LineString","coordinates":[[-6.63390676141689,54.55753765340501],[-6.645272138487949,54.558179129384],[-6.6565510266329495,54.5572984248604],[-6.66086285167871,54.5581677101545]]}},{"type":"Feature","properties":{"objectid":921.0,"category":"625k","feature":"625k_Fault","feature_d":"Fault at rockhead","fltname_c":" ","fltname_d":" ","sheet":"625k_V5_Bedrock","version":"5.17","released":"23- 4-2008","nom_scale":"625000","nom_os_yr":"2005 HC","nom_bgs_yr":"2007","mslink":107067},"id":921.0,"geometry":{"type":"LineString","coordinates":[[-6.63493069328169,54.5568886576533],[-6.626088741582709,54.562491980993094],[-6.60615314612287,54.5741479661725],[-6.5882867704536805,54.5864644731713],[-6.57717289740699,54.596174332567195],[-6.56359294165982,54.6028721172514],[-6.52974891235227,54.6095792469068],[-6.51420622326431,54.612377961354596],[-6.50763894986133,54.613338270599],[-6.49027182178785,54.6137553876466],[-6.47877724542099,54.6143522353554],[-6.4674130421639395,54.6157116776917]]}},{"type":"Feature","properties":{"objectid":922.0,"category":"625k","feature":"625k_Fault","feature_d":"Fault at rockhead","fltname_c":" ","fltname_d":" ","sheet":"625k_V5_Bedrock","version":"5.17","released":"23- 4-2008","nom_scale":"625000","nom_os_yr":"2005 HC","nom_bgs_yr":"2007","mslink":107067},"id":922.0,"geometry":{"type":"LineString","coordinates":[[-7.62662092813571,54.53234412571519],[-7.6059144873108995,54.5385846348534],[-7.601081278850939,54.540108818981196],[-7.5890621512674095,54.5434428611283],[-7.58115553728119,54.5456816462511],[-7.55427791564076,54.5540026883443]]}},{"type":"Feature","properties":{"objectid":923.0,"category":"625k","feature":"625k_Fault","feature_d":"Fault at rockhead","fltname_c":" ","fltname_d":" ","sheet":"625k_V5_Bedrock","version":"5.17","released":"23- 4-2008","nom_scale":"625000","nom_os_yr":"2005 HC","nom_bgs_yr":"2007","mslink":107067},"id":923.0,"geometry":{"type":"LineString","coordinates":[[-7.617846286229309,54.538757580654895],[-7.59238332664184,54.545902570338],[-7.58394940610389,54.54843978093359],[-7.57511822518137,54.5509061177295],[-7.56756472643322,54.5529942071147]]}},{"type":"Feature","properties":{"objectid":924.0,"category":"625k","feature":"625k_Fault","feature_d":"Fault at rockhead","fltname_c":" ","fltname_d":" ","sheet":"625k_V5_Bedrock","version":"5.17","released":"23- 4-2008","nom_scale":"625000","nom_os_yr":"2005 HC","nom_bgs_yr":"2007","mslink":107067},"id":924.0,"geometry":{"type":"LineString","coordinates":[[-7.69277466381123,54.4937899832246],[-7.6649734435282895,54.493729262987394],[-7.6406920980144095,54.4936030946149],[-7.6161954657808595,54.499807578608795],[-7.5857151536921394,54.50733857361],[-7.56743629824266,54.5140878572888],[-7.55020314139621,54.5205752461787],[-7.534234536790669,54.525736956670194],[-7.5226892900494695,54.5287963915846],[-7.4452499624577895,54.5470762264185],[-7.42568024211567,54.5525963151204],[-7.41461234294334,54.5565419910458],[-7.400281550068479,54.5606932508473],[-7.3809942498507395,54.56652998318089],[-7.37247623481894,54.5707043709731],[-7.3623646061399795,54.576278526477196]]}},{"type":"Feature","properties":{"objectid":925.0,"category":"625k","feature":"625k_Fault","feature_d":"Fault at rockhead","fltname_c":" ","fltname_d":" ","sheet":"625k_V5_Bedrock","version":"5.17","released":"23- 4-2008","nom_scale":"625000","nom_os_yr":"2005 HC","nom_bgs_yr":"2007","mslink":107067},"id":925.0,"geometry":{"type":"LineString","coordinates":[[-7.34564157733527,54.583281762856004],[-7.3385903473705,54.5834348337149],[-7.33454994089924,54.5838815220921],[-7.33076294069669,54.5852671770397],[-7.327513819551919,54.587313628359496]]}},{"type":"Feature","properties":{"objectid":926.0,"category":"625k","feature":"625k_Fault","feature_d":"Fault at rockhead","fltname_c":" ","fltname_d":" ","sheet":"625k_V5_Bedrock","version":"5.17","released":"23- 4-2008","nom_scale":"625000","nom_os_yr":"2005 HC","nom_bgs_yr":"2007","mslink":107067},"id":926.0,"geometry":{"type":"LineString","coordinates":[[-7.43829187510306,54.5536302287204],[-7.42428907579376,54.554682359044],[-7.41461234294334,54.5565419910458]]}},{"type":"Feature","properties":{"objectid":927.0,"category":"625k","feature":"625k_Fault","feature_d":"Fault at rockhead","fltname_c":" ","fltname_d":" ","sheet":"625k_V5_Bedrock","version":"5.17","released":"23- 4-2008","nom_scale":"625000","nom_os_yr":"2005 HC","nom_bgs_yr":"2007","mslink":107067},"id":927.0,"geometry":{"type":"LineString","coordinates":[[-6.81628863955643,54.7165454036171],[-6.812486980208909,54.7088241329455],[-6.80324897805522,54.700579132963895],[-6.789595871191369,54.6898769540958],[-6.77642073831049,54.68156431062],[-6.7686226543590005,54.6765500812639]]}},{"type":"Feature","properties":{"objectid":928.0,"category":"625k","feature":"625k_Fault","feature_d":"Fault at rockhead","fltname_c":" ","fltname_d":" ","sheet":"625k_V5_Bedrock","version":"5.17","released":"23- 4-2008","nom_scale":"625000","nom_os_yr":"2005 HC","nom_bgs_yr":"2007","mslink":107067},"id":928.0,"geometry":{"type":"LineString","coordinates":[[-6.81363230646555,54.30195740632409],[-6.74930594943264,54.3118054548589],[-6.71970574090531,54.3162386585022],[-6.68535668080715,54.3192433256149],[-6.67490472931091,54.3200249331655],[-6.654816333361049,54.3207606485361]]}},{"type":"Feature","properties":{"objectid":929.0,"category":"625k","feature":"625k_Fault","feature_d":"Fault at rockhead","fltname_c":" ","fltname_d":" ","sheet":"625k_V5_Bedrock","version":"5.17","released":"23- 4-2008","nom_scale":"625000","nom_os_yr":"2005 HC","nom_bgs_yr":"2007","mslink":107067},"id":929.0,"geometry":{"type":"LineString","coordinates":[[-6.68535668080715,54.3192433256149],[-6.68444969140422,54.3262624215615],[-6.68380716885909,54.3306107255077],[-6.6838441582347,54.335930272502594]]}},{"type":"Feature","properties":{"objectid":930.0,"category":"625k","feature":"625k_Fault","feature_d":"Fault at rockhead","fltname_c":" ","fltname_d":" ","sheet":"625k_V5_Bedrock","version":"5.17","released":"23- 4-2008","nom_scale":"625000","nom_os_yr":"2005 HC","nom_bgs_yr":"2007","mslink":107067},"id":930.0,"geometry":{"type":"LineString","coordinates":[[-6.67490472931091,54.3200249331655],[-6.675557874025929,54.3281133132369],[-6.6760858113857395,54.331451609288195],[-6.6776115265626395,54.3411609668512]]}},{"type":"Feature","properties":{"objectid":931.0,"category":"625k","feature":"625k_Fault","feature_d":"Fault at rockhead","fltname_c":" ","fltname_d":" ","sheet":"625k_V5_Bedrock","version":"5.17","released":"23- 4-2008","nom_scale":"625000","nom_os_yr":"2005 HC","nom_bgs_yr":"2007","mslink":107067},"id":931.0,"geometry":{"type":"LineString","coordinates":[[-6.5982143912470095,54.40293716701439],[-6.60302531611274,54.391589553333],[-6.605179583609099,54.3850023400183],[-6.60794225932348,54.3764576539704],[-6.60847080458616,54.3710512782858],[-6.6106886019417095,54.3583741556209],[-6.61048467108502,54.346410156368]]}},{"type":"Feature","properties":{"objectid":932.0,"category":"625k","feature":"625k_Fault","feature_d":"Fault at rockhead","fltname_c":" ","fltname_d":" ","sheet":"625k_V5_Bedrock","version":"5.17","released":"23- 4-2008","nom_scale":"625000","nom_os_yr":"2005 HC","nom_bgs_yr":"2007","mslink":107067},"id":932.0,"geometry":{"type":"LineString","coordinates":[[-5.7643828496092695,54.609532413709495],[-5.77877658488415,54.603812357387596]]}},{"type":"Feature","properties":{"objectid":933.0,"category":"625k","feature":"625k_Fault","feature_d":"Fault at rockhead","fltname_c":" ","fltname_d":" ","sheet":"625k_V5_Bedrock","version":"5.17","released":"23- 4-2008","nom_scale":"625000","nom_os_yr":"2005 HC","nom_bgs_yr":"2007","mslink":107067},"id":933.0,"geometry":{"type":"LineString","coordinates":[[-6.242067798033659,55.19886033195401],[-6.23370299550286,55.190551639391096],[-6.22428668436704,55.182728731832796],[-6.210371891672549,55.17361671499609],[-6.19913535056552,55.167686181295394],[-6.1730628803132195,55.1554194562252]]}},{"type":"Feature","properties":{"objectid":934.0,"category":"625k","feature":"625k_Fault","feature_d":"Fault at rockhead","fltname_c":" ","fltname_d":" ","sheet":"625k_V5_Bedrock","version":"5.17","released":"23- 4-2008","nom_scale":"625000","nom_os_yr":"2005 HC","nom_bgs_yr":"2007","mslink":107067},"id":934.0,"geometry":{"type":"LineString","coordinates":[[-6.3343314182207395,55.124805821157004],[-6.32609850158975,55.1268603741526],[-6.31984655627951,55.1284200647171],[-6.31378951647208,55.1301109065957],[-6.29793674871829,55.135007256389294],[-6.2844261313851595,55.1399538535212]]}},{"type":"Feature","properties":{"objectid":935.0,"category":"625k","feature":"625k_Fault","feature_d":"Fault at rockhead","fltname_c":" ","fltname_d":" ","sheet":"625k_V5_Bedrock","version":"5.17","released":"23- 4-2008","nom_scale":"625000","nom_os_yr":"2005 HC","nom_bgs_yr":"2007","mslink":107067},"id":935.0,"geometry":{"type":"LineString","coordinates":[[-6.659913676417739,55.2050351506363],[-6.6550130008740895,55.198953700637595],[-6.64971855366311,55.192381187007],[-6.63261743213341,55.1704747307817],[-6.62067950864114,55.158030652063594],[-6.61414649475414,55.1535436658669]]}},{"type":"Feature","properties":{"objectid":936.0,"category":"625k","feature":"625k_Fault","feature_d":"Fault at rockhead","fltname_c":" ","fltname_d":" ","sheet":"625k_V5_Bedrock","version":"5.17","released":"23- 4-2008","nom_scale":"625000","nom_os_yr":"2005 HC","nom_bgs_yr":"2007","mslink":107067},"id":936.0,"geometry":{"type":"LineString","coordinates":[[-6.25467679529103,55.1682646276726],[-6.25277076866136,55.1723541997397],[-6.2514735347951795,55.1748034035775],[-6.249355870778159,55.17694340918779],[-6.244336616442269,55.1811414746104]]}},{"type":"Feature","properties":{"objectid":937.0,"category":"625k","feature":"625k_Fault","feature_d":"Fault at rockhead","fltname_c":" ","fltname_d":" ","sheet":"625k_V5_Bedrock","version":"5.17","released":"23- 4-2008","nom_scale":"625000","nom_os_yr":"2005 HC","nom_bgs_yr":"2007","mslink":107067},"id":937.0,"geometry":{"type":"LineString","coordinates":[[-6.63493069328169,54.5568886576533],[-6.53392676645862,54.5969937275365],[-6.4674130421639395,54.6157116776917],[-6.4487943437491895,54.619302685758],[-6.40863890138315,54.630152197403895],[-6.336922850156279,54.6446492455531],[-6.2655686668735004,54.6624516790928],[-6.19171237255424,54.6816890113338],[-6.11215301045531,54.702774220078],[-6.10257625852996,54.7060439868517],[-6.0339404187212695,54.7298058795217],[-5.99917372073529,54.74526220169329],[-5.98447568713485,54.752898116439795],[-5.97003413641884,54.7632054740143],[-5.950974408485759,54.7817068305367],[-5.90492055250947,54.8252126775931],[-5.90059235904183,54.8284806184315],[-5.89791964155525,54.83003811548401],[-5.882965760899499,54.8369764887269],[-5.8732226788709205,54.8427579828819],[-5.87039189269754,54.8445834002753],[-5.866178090569219,54.84857312230459],[-5.8602280811539496,54.8590850046395],[-5.857453053271629,54.8646145296729],[-5.85464969648689,54.8708070389673]]}},{"type":"Feature","properties":{"objectid":938.0,"category":"625k","feature":"625k_Fault","feature_d":"Fault at rockhead","fltname_c":" ","fltname_d":" ","sheet":"625k_V5_Bedrock","version":"5.17","released":"23- 4-2008","nom_scale":"625000","nom_os_yr":"2005 HC","nom_bgs_yr":"2007","mslink":107067},"id":938.0,"geometry":{"type":"LineString","coordinates":[[-6.2655686668735004,54.6624516790928],[-6.22814881042149,54.7010350219568],[-6.21630939258644,54.708794515288],[-6.189372145098369,54.7244810672832],[-6.15861131811014,54.7407396323121],[-6.136611159554449,54.752221072537296],[-6.13013378358395,54.755357228230494],[-6.110018160700629,54.7666806602924],[-6.095183102356589,54.7791519708122],[-6.08826031412711,54.786045658286],[-6.07641633534478,54.7989600941699]]}},{"type":"Feature","properties":{"objectid":939.0,"category":"625k","feature":"625k_Fault","feature_d":"Fault at rockhead","fltname_c":" ","fltname_d":" ","sheet":"625k_V5_Bedrock","version":"5.17","released":"23- 4-2008","nom_scale":"625000","nom_os_yr":"2005 HC","nom_bgs_yr":"2007","mslink":107067},"id":939.0,"geometry":{"type":"LineString","coordinates":[[-6.32081840303263,54.5240826937913],[-6.2564213701905595,54.558636312149005],[-6.2285879945047,54.5729469809234],[-6.202450146843169,54.58663405594601],[-6.1680344462356596,54.6099773837149],[-6.12140164463825,54.641860308404596],[-6.097954439412829,54.659567676560094]]}},{"type":"Feature","properties":{"objectid":940.0,"category":"625k","feature":"625k_Fault","feature_d":"Fault at rockhead","fltname_c":" ","fltname_d":" ","sheet":"625k_V5_Bedrock","version":"5.17","released":"23- 4-2008","nom_scale":"625000","nom_os_yr":"2005 HC","nom_bgs_yr":"2007","mslink":107067},"id":940.0,"geometry":{"type":"LineString","coordinates":[[-6.18396703601832,54.649617257969],[-6.21065794507095,54.62455246573639],[-6.236315958348659,54.6032652783607],[-6.276335025892619,54.5699361217576],[-6.3212684526143095,54.5491240553369]]}},{"type":"Feature","properties":{"objectid":941.0,"category":"625k","feature":"625k_Fault","feature_d":"Fault at rockhead","fltname_c":" ","fltname_d":" ","sheet":"625k_V5_Bedrock","version":"5.17","released":"23- 4-2008","nom_scale":"625000","nom_os_yr":"2005 HC","nom_bgs_yr":"2007","mslink":107067},"id":941.0,"geometry":{"type":"LineString","coordinates":[[-6.276335025892619,54.5699361217576],[-6.23317805214125,54.58409086147319],[-6.1680344462356596,54.6099773837149]]}},{"type":"Feature","properties":{"objectid":942.0,"category":"625k","feature":"625k_Fault","feature_d":"Fault at rockhead","fltname_c":" ","fltname_d":" ","sheet":"625k_V5_Bedrock","version":"5.17","released":"23- 4-2008","nom_scale":"625000","nom_os_yr":"2005 HC","nom_bgs_yr":"2007","mslink":107067},"id":942.0,"geometry":{"type":"LineString","coordinates":[[-6.43862553649163,54.5692387914617],[-6.3835392719846,54.58449034420109],[-6.29272628547109,54.6075321793098],[-6.26207994801186,54.6196489698767],[-6.23000234742485,54.632817249441594],[-6.18396703601832,54.649617257969]]}},{"type":"Feature","properties":{"objectid":943.0,"category":"625k","feature":"625k_Fault","feature_d":"Fault at rockhead","fltname_c":" ","fltname_d":" ","sheet":"625k_V5_Bedrock","version":"5.17","released":"23- 4-2008","nom_scale":"625000","nom_os_yr":"2005 HC","nom_bgs_yr":"2007","mslink":107067},"id":943.0,"geometry":{"type":"LineString","coordinates":[[-6.27516628137769,54.2414395206435],[-6.272604512829919,54.2381454884982],[-6.26977318897698,54.232513328630496],[-6.2674641073825,54.22366680023519],[-6.26663758610124,54.2161618270329]]}},{"type":"Feature","properties":{"objectid":944.0,"category":"625k","feature":"625k_Fault","feature_d":"Fault at rockhead","fltname_c":" ","fltname_d":" ","sheet":"625k_V5_Bedrock","version":"5.17","released":"23- 4-2008","nom_scale":"625000","nom_os_yr":"2005 HC","nom_bgs_yr":"2007","mslink":107067},"id":944.0,"geometry":{"type":"LineString","coordinates":[[-5.7630628069728695,54.6043025177437],[-5.7643828496092695,54.609532413709495],[-5.76666029033317,54.616067011584],[-5.7881413017113195,54.6598863302193],[-5.791852597838689,54.6673470179271]]}},{"type":"Feature","properties":{"objectid":945.0,"category":"625k","feature":"625k_Fault","feature_d":"Fault at rockhead","fltname_c":" ","fltname_d":" ","sheet":"625k_V5_Bedrock","version":"5.17","released":"23- 4-2008","nom_scale":"625000","nom_os_yr":"2005 HC","nom_bgs_yr":"2007","mslink":107067},"id":945.0,"geometry":{"type":"LineString","coordinates":[[-5.660015550277049,54.64440437710859],[-5.76666029033317,54.616067011584]]}},{"type":"Feature","properties":{"objectid":946.0,"category":"625k","feature":"625k_Fault","feature_d":"Fault at rockhead","fltname_c":" ","fltname_d":" ","sheet":"625k_V5_Bedrock","version":"5.17","released":"23- 4-2008","nom_scale":"625000","nom_os_yr":"2005 HC","nom_bgs_yr":"2007","mslink":107067},"id":946.0,"geometry":{"type":"LineString","coordinates":[[-5.65686739021788,54.64972681996309],[-5.57059580840022,54.669627266213496],[-5.56067687864725,54.6716511204938]]}},{"type":"Feature","properties":{"objectid":947.0,"category":"625k","feature":"625k_Fault","feature_d":"Fault at rockhead","fltname_c":" ","fltname_d":" ","sheet":"625k_V5_Bedrock","version":"5.17","released":"23- 4-2008","nom_scale":"625000","nom_os_yr":"2005 HC","nom_bgs_yr":"2007","mslink":107067},"id":947.0,"geometry":{"type":"LineString","coordinates":[[-5.7038230705338195,54.527869947504996],[-5.72344239146194,54.4840808622971],[-5.743692233398219,54.4502075781149],[-5.77125607748406,54.402854114943096],[-5.78530529050823,54.381651925243595]]}},{"type":"Feature","properties":{"objectid":948.0,"category":"625k","feature":"625k_Fault","feature_d":"Fault at rockhead","fltname_c":" ","fltname_d":" ","sheet":"625k_V5_Bedrock","version":"5.17","released":"23- 4-2008","nom_scale":"625000","nom_os_yr":"2005 HC","nom_bgs_yr":"2007","mslink":107067},"id":948.0,"geometry":{"type":"LineString","coordinates":[[-5.58338504785064,54.395583289999394],[-5.547811266742049,54.40564757129779],[-5.512743764120249,54.4146048556203],[-5.47398678589122,54.4247825099976],[-5.4564738091442395,54.428847350086194]]}},{"type":"Feature","properties":{"objectid":949.0,"category":"625k","feature":"625k_Fault","feature_d":"Fault at rockhead","fltname_c":" ","fltname_d":" ","sheet":"625k_V5_Bedrock","version":"5.17","released":"23- 4-2008","nom_scale":"625000","nom_os_yr":"2005 HC","nom_bgs_yr":"2007","mslink":107067},"id":949.0,"geometry":{"type":"LineString","coordinates":[[-5.67775712556569,54.3422339835731],[-5.68138856545045,54.339694075302596],[-5.69277390745053,54.3346022025603],[-5.712945110353109,54.328692840226594],[-5.86424637741116,54.2874942131553],[-5.9149950213067,54.2731150360304],[-5.96631071862766,54.2618008244266],[-5.97668545989768,54.2588593377326]]}},{"type":"Feature","properties":{"objectid":950.0,"category":"625k","feature":"625k_Fault","feature_d":"Fault at rockhead","fltname_c":" ","fltname_d":" ","sheet":"625k_V5_Bedrock","version":"5.17","released":"23- 4-2008","nom_scale":"625000","nom_os_yr":"2005 HC","nom_bgs_yr":"2007","mslink":107067},"id":950.0,"geometry":{"type":"LineString","coordinates":[[-5.68620392907338,54.349501191485594],[-5.66355119089332,54.358745135586396],[-5.649872786809319,54.3658234635433],[-5.647114713850299,54.368256462540494]]}},{"type":"Feature","properties":{"objectid":951.0,"category":"625k","feature":"625k_Fault","feature_d":"Fault at rockhead","fltname_c":" ","fltname_d":" ","sheet":"625k_V5_Bedrock","version":"5.17","released":"23- 4-2008","nom_scale":"625000","nom_os_yr":"2005 HC","nom_bgs_yr":"2007","mslink":107067},"id":951.0,"geometry":{"type":"LineString","coordinates":[[-5.5297385969444,54.3463346702248],[-5.501889130193869,54.3525544625061]]}},{"type":"Feature","properties":{"objectid":952.0,"category":"625k","feature":"625k_Fault","feature_d":"Fault at rockhead","fltname_c":" ","fltname_d":" ","sheet":"625k_V5_Bedrock","version":"5.17","released":"23- 4-2008","nom_scale":"625000","nom_os_yr":"2005 HC","nom_bgs_yr":"2007","mslink":107067},"id":952.0,"geometry":{"type":"LineString","coordinates":[[-5.54587175292349,54.6748055417398],[-5.52488683778524,54.6789071328747],[-5.5105871132203506,54.681467808999095]]}},{"type":"Feature","properties":{"objectid":953.0,"category":"625k","feature":"625k_Fault","feature_d":"Fault at rockhead","fltname_c":" ","fltname_d":" ","sheet":"625k_V5_Bedrock","version":"5.17","released":"23- 4-2008","nom_scale":"625000","nom_os_yr":"2005 HC","nom_bgs_yr":"2007","mslink":107067},"id":953.0,"geometry":{"type":"LineString","coordinates":[[-6.02833896919131,54.5708674696261],[-6.017301410879001,54.5663296800225],[-5.9969535940670795,54.559809031532595],[-5.98874691869585,54.5574607635417]]}},{"type":"Feature","properties":{"objectid":954.0,"category":"625k","feature":"625k_Fault","feature_d":"Fault at rockhead","fltname_c":" ","fltname_d":" ","sheet":"625k_V5_Bedrock","version":"5.17","released":"23- 4-2008","nom_scale":"625000","nom_os_yr":"2005 HC","nom_bgs_yr":"2007","mslink":107067},"id":954.0,"geometry":{"type":"LineString","coordinates":[[-6.76477723477403,54.688081244290395],[-6.766001537813639,54.684444610423796],[-6.7686226543590005,54.6765500812639],[-6.77000008613644,54.6728040919355],[-6.77469656554496,54.662522901317004],[-6.77781370696494,54.655031969218],[-6.77872798750459,54.6487759198161],[-6.77988450558215,54.6410749107136],[-6.780732735566819,54.630754569805895]]}},{"type":"Feature","properties":{"objectid":955.0,"category":"625k","feature":"625k_Fault","feature_d":"Fault at rockhead","fltname_c":" ","fltname_d":" ","sheet":"625k_V5_Bedrock","version":"5.17","released":"23- 4-2008","nom_scale":"625000","nom_os_yr":"2005 HC","nom_bgs_yr":"2007","mslink":107067},"id":955.0,"geometry":{"type":"LineString","coordinates":[[-6.52918376233409,54.3510278080272],[-6.54116435328855,54.34876722060589],[-6.558525988214339,54.3446622418855],[-6.57926990591809,54.3391567883946],[-6.59206612344705,54.3347877637323],[-6.61693801465235,54.3263455455456],[-6.63507886376204,54.320554215718694],[-6.6446448270794995,54.316800376422],[-6.66096336877017,54.3116420038147],[-6.668250446846679,54.30884695394629],[-6.687497331176799,54.2997118565189],[-6.69972884053953,54.293014529347296],[-6.709169174319939,54.2884942744185],[-6.719825411011759,54.28429429902089],[-6.735069779178789,54.2791145722541],[-6.74730508433693,54.274723339361394],[-6.75761874654011,54.2700029821636],[-6.76812371512004,54.26466748342779],[-6.77884370311846,54.2578953911039],[-6.7976263511185495,54.2509976574968],[-6.81337911767323,54.245450576440795]]}},{"type":"Feature","properties":{"objectid":956.0,"category":"625k","feature":"625k_Fault","feature_d":"Fault at rockhead","fltname_c":" ","fltname_d":" ","sheet":"625k_V5_Bedrock","version":"5.17","released":"23- 4-2008","nom_scale":"625000","nom_os_yr":"2005 HC","nom_bgs_yr":"2007","mslink":107067},"id":956.0,"geometry":{"type":"LineString","coordinates":[[-5.83795425299929,54.6445219414167],[-5.83583667347808,54.6433473998681],[-5.832653269080129,54.6415814859055],[-5.8277051665355195,54.638823932397194],[-5.8207363322868,54.635935754302594],[-5.81447247930449,54.633413526437]]}},{"type":"Feature","properties":{"objectid":957.0,"category":"625k","feature":"625k_Fault","feature_d":"Fault at rockhead","fltname_c":" ","fltname_d":" ","sheet":"625k_V5_Bedrock","version":"5.17","released":"23- 4-2008","nom_scale":"625000","nom_os_yr":"2005 HC","nom_bgs_yr":"2007","mslink":107067},"id":957.0,"geometry":{"type":"LineString","coordinates":[[-6.94334498325982,54.898912686198],[-6.96287986642255,54.8975271233275],[-6.98104656038648,54.896300760412196],[-6.98416516570943,54.8960913848223],[-7.00247887165734,54.8948214194084],[-7.014751442582489,54.8941680279741],[-7.05512076338286,54.8930131133478]]}},{"type":"Feature","properties":{"objectid":958.0,"category":"625k","feature":"625k_Fault","feature_d":"Fault at rockhead","fltname_c":" ","fltname_d":" ","sheet":"625k_V5_Bedrock","version":"5.17","released":"23- 4-2008","nom_scale":"625000","nom_os_yr":"2005 HC","nom_bgs_yr":"2007","mslink":107067},"id":958.0,"geometry":{"type":"LineString","coordinates":[[-6.7218873124028695,54.6507428347998],[-6.72286104836882,54.6474510027282],[-6.72725214643612,54.634716268003395],[-6.7291692999660295,54.6261132600705],[-6.72950278494205,54.6200981836039],[-6.7303898422541595,54.6154075641563],[-6.731595891738669,54.601143720769]]}},{"type":"Feature","properties":{"objectid":959.0,"category":"625k","feature":"625k_Fault","feature_d":"Fault at rockhead","fltname_c":" ","fltname_d":" ","sheet":"625k_V5_Bedrock","version":"5.17","released":"23- 4-2008","nom_scale":"625000","nom_os_yr":"2005 HC","nom_bgs_yr":"2007","mslink":107067},"id":959.0,"geometry":{"type":"LineString","coordinates":[[-6.9347795792108,54.613271561713],[-6.92805560842461,54.6037529593333],[-6.92394832091763,54.5933003897602],[-6.920294717465829,54.5789272492226],[-6.9180388338020595,54.5673752603005],[-6.91710485931713,54.5625110019712]]}},{"type":"Feature","properties":{"objectid":960.0,"category":"625k","feature":"625k_Fault","feature_d":"Fault at rockhead","fltname_c":" ","fltname_d":" ","sheet":"625k_V5_Bedrock","version":"5.17","released":"23- 4-2008","nom_scale":"625000","nom_os_yr":"2005 HC","nom_bgs_yr":"2007","mslink":107067},"id":960.0,"geometry":{"type":"LineString","coordinates":[[-6.75484800020707,54.5808059870877],[-6.72392964938045,54.587891344778896],[-6.71724386205182,54.5894829203341],[-6.714120540003959,54.590157584284796],[-6.70180176701943,54.59268561358719],[-6.6965750854113395,54.5939465994895],[-6.67468424905003,54.598111220121595],[-6.670428155647139,54.5986395583056],[-6.66541249612564,54.5995461963353],[-6.65423564364097,54.6017377370807],[-6.63594964613514,54.6046024585461],[-6.628326780549309,54.6055598594432],[-6.60036047945372,54.6089558534976],[-6.58845959015254,54.610152276532496],[-6.58085771462805,54.6109662160916],[-6.555177296886329,54.6146582872203],[-6.534062188262309,54.617447666719],[-6.51153570405495,54.6209510655206],[-6.49973696046824,54.6230536244541],[-6.47345239568274,54.62369694998019],[-6.45579894605741,54.624681646201395],[-6.434828722635159,54.6267830579614],[-6.40863890138315,54.630152197403895]]}},{"type":"Feature","properties":{"objectid":961.0,"category":"625k","feature":"625k_Fault","feature_d":"Fault at rockhead","fltname_c":" ","fltname_d":" ","sheet":"625k_V5_Bedrock","version":"5.17","released":"23- 4-2008","nom_scale":"625000","nom_os_yr":"2005 HC","nom_bgs_yr":"2007","mslink":107067},"id":961.0,"geometry":{"type":"LineString","coordinates":[[-6.59947534458857,54.3999635121826],[-6.592608254630259,54.387554502057895],[-6.5906686408959,54.3828047152498],[-6.588155490456219,54.37685923126789],[-6.58624539151146,54.372542286162]]}},{"type":"Feature","properties":{"objectid":962.0,"category":"625k","feature":"625k_Fault","feature_d":"Fault at rockhead","fltname_c":" ","fltname_d":" ","sheet":"625k_V5_Bedrock","version":"5.17","released":"23- 4-2008","nom_scale":"625000","nom_os_yr":"2005 HC","nom_bgs_yr":"2007","mslink":107067},"id":962.0,"geometry":{"type":"LineString","coordinates":[[-6.6446448270794995,54.316800376422],[-6.654816333361049,54.3207606485361],[-6.65794763497097,54.3232999928896],[-6.661482541639059,54.3262534359779],[-6.66296602715567,54.3274289883336],[-6.665569524316259,54.330321156345896],[-6.6776115265626395,54.3411609668512]]}},{"type":"Feature","properties":{"objectid":963.0,"category":"625k","feature":"625k_Fault","feature_d":"Fault at rockhead","fltname_c":" ","fltname_d":" ","sheet":"625k_V5_Bedrock","version":"5.17","released":"23- 4-2008","nom_scale":"625000","nom_os_yr":"2005 HC","nom_bgs_yr":"2007","mslink":107067},"id":963.0,"geometry":{"type":"LineString","coordinates":[[-6.74930594943264,54.3118054548589],[-6.74761505821562,54.3190300633678],[-6.744639024583759,54.3301321798017],[-6.74058028701855,54.341486385486],[-6.73957369014012,54.350337510329695],[-6.739066155455399,54.357655408704396],[-6.73959658064626,54.3736304019558],[-6.73993763945302,54.3890326836797],[-6.739804088751679,54.4009703662484],[-6.740388323349039,54.4122371603102],[-6.7386004962393,54.4200749421685],[-6.7359052208116,54.4332871232426]]}},{"type":"Feature","properties":{"objectid":964.0,"category":"625k","feature":"625k_Fault","feature_d":"Fault at rockhead","fltname_c":" ","fltname_d":" ","sheet":"625k_V5_Bedrock","version":"5.17","released":"23- 4-2008","nom_scale":"625000","nom_os_yr":"2005 HC","nom_bgs_yr":"2007","mslink":107067},"id":964.0,"geometry":{"type":"LineString","coordinates":[[-7.22603889321389,54.307610001893096],[-7.22274618024689,54.3112877829648],[-7.2072482103014295,54.3278844931345],[-7.20181298104788,54.3345489519563],[-7.19201873096594,54.3464641128924],[-7.18521222618044,54.3532896754789],[-7.180945343541549,54.3575542561457]]}},{"type":"Feature","properties":{"objectid":965.0,"category":"625k","feature":"625k_Fault","feature_d":"Fault at rockhead","fltname_c":" ","fltname_d":" ","sheet":"625k_V5_Bedrock","version":"5.17","released":"23- 4-2008","nom_scale":"625000","nom_os_yr":"2005 HC","nom_bgs_yr":"2007","mslink":107067},"id":965.0,"geometry":{"type":"LineString","coordinates":[[-7.335366813148689,54.328281456724795],[-7.328597166536559,54.33069612425889],[-7.31866715055598,54.3342368581774],[-7.299439459805289,54.3419723981786],[-7.29509494698183,54.3438109723053]]}},{"type":"Feature","properties":{"objectid":966.0,"category":"625k","feature":"625k_Fault","feature_d":"Fault at rockhead","fltname_c":" ","fltname_d":" ","sheet":"625k_V5_Bedrock","version":"5.17","released":"23- 4-2008","nom_scale":"625000","nom_os_yr":"2005 HC","nom_bgs_yr":"2007","mslink":107067},"id":966.0,"geometry":{"type":"LineString","coordinates":[[-7.6915369888914995,54.4293121195797],[-7.694993062531749,54.4305705002989],[-7.69875038098537,54.43142394715039],[-7.70146674320948,54.43225607237029],[-7.70775096202585,54.433829532881695],[-7.73169987844725,54.447462829791895],[-7.754331036064199,54.4606434740223],[-7.76994695647774,54.470279170465005]]}},{"type":"Feature","properties":{"objectid":967.0,"category":"625k","feature":"625k_Fault","feature_d":"Fault at rockhead","fltname_c":" ","fltname_d":" ","sheet":"625k_V5_Bedrock","version":"5.17","released":"23- 4-2008","nom_scale":"625000","nom_os_yr":"2005 HC","nom_bgs_yr":"2007","mslink":107067},"id":967.0,"geometry":{"type":"LineString","coordinates":[[-7.55115362532899,54.32175501038449],[-7.59428725467708,54.3632511499339],[-7.61197570528812,54.379369948997294],[-7.62731129978689,54.390407105828494],[-7.65514382632524,54.4085227105251],[-7.675720882213639,54.421414178602596],[-7.677258621665029,54.4223023335342],[-7.6812151426776,54.424796171209],[-7.6915369888914995,54.4293121195797]]}},{"type":"Feature","properties":{"objectid":968.0,"category":"625k","feature":"625k_Fault","feature_d":"Fault at rockhead","fltname_c":" ","fltname_d":" ","sheet":"625k_V5_Bedrock","version":"5.17","released":"23- 4-2008","nom_scale":"625000","nom_os_yr":"2005 HC","nom_bgs_yr":"2007","mslink":107067},"id":968.0,"geometry":{"type":"LineString","coordinates":[[-7.6915369888914995,54.4293121195797],[-7.50006678159079,54.46897764933279],[-7.468086269336379,54.475335580483694],[-7.373120331744389,54.4953699425747],[-7.31291165326192,54.5069369272913],[-7.20802347021653,54.5276540961847]]}},{"type":"Feature","properties":{"objectid":969.0,"category":"625k","feature":"625k_Fault","feature_d":"Fault at rockhead","fltname_c":" ","fltname_d":" ","sheet":"625k_V5_Bedrock","version":"5.17","released":"23- 4-2008","nom_scale":"625000","nom_os_yr":"2005 HC","nom_bgs_yr":"2007","mslink":107067},"id":969.0,"geometry":{"type":"LineString","coordinates":[[-7.382862763629859,54.6125384506808],[-7.38479246427148,54.6171322299928],[-7.388193390652079,54.6252257904561],[-7.39754885254104,54.6415828121275],[-7.40728088582368,54.657780329860394],[-7.41216458525408,54.6658722778629],[-7.41326784213491,54.6689012695027],[-7.414131055095679,54.671846764542195],[-7.415339682715589,54.676520670973396],[-7.4170026126094,54.6839136670801]]}},{"type":"Feature","properties":{"objectid":970.0,"category":"625k","feature":"625k_Fault","feature_d":"Fault at rockhead","fltname_c":" ","fltname_d":" ","sheet":"625k_V5_Bedrock","version":"5.17","released":"23- 4-2008","nom_scale":"625000","nom_os_yr":"2005 HC","nom_bgs_yr":"2007","mslink":107067},"id":970.0,"geometry":{"type":"LineString","coordinates":[[-7.550752678160059,54.6389657466449],[-7.541057140310209,54.6518376154499],[-7.53194976286443,54.6663281400857],[-7.52624895653806,54.6764025427485],[-7.5228773218225395,54.6829188294894],[-7.520369329185639,54.6878386423828],[-7.51895274539085,54.6907545691392],[-7.515100433682879,54.6992551264743],[-7.511998072889919,54.70359407622669],[-7.4949369197649505,54.7202123822257],[-7.4886247457526,54.726121834331]]}},{"type":"Feature","properties":{"objectid":971.0,"category":"625k","feature":"625k_Fault","feature_d":"Fault at rockhead","fltname_c":" ","fltname_d":" ","sheet":"625k_V5_Bedrock","version":"5.17","released":"23- 4-2008","nom_scale":"625000","nom_os_yr":"2005 HC","nom_bgs_yr":"2007","mslink":107067},"id":971.0,"geometry":{"type":"LineString","coordinates":[[-7.64555975429275,54.6643274746637],[-7.674223901167959,54.64395699898569],[-7.680813446919269,54.6393174611042]]}},{"type":"Feature","properties":{"objectid":972.0,"category":"625k","feature":"625k_Fault","feature_d":"Fault at rockhead","fltname_c":" ","fltname_d":" ","sheet":"625k_V5_Bedrock","version":"5.17","released":"23- 4-2008","nom_scale":"625000","nom_os_yr":"2005 HC","nom_bgs_yr":"2007","mslink":107067},"id":972.0,"geometry":{"type":"LineString","coordinates":[[-7.477457113651259,54.60540988208739],[-7.48823350764401,54.6006829965806],[-7.4993642333618995,54.595956862806304],[-7.506197337155229,54.5920422805819],[-7.5115763722728195,54.589145831663295],[-7.52340804556062,54.5860935475371],[-7.5327101236406,54.5844697452238],[-7.54092175025357,54.584501176874895],[-7.55160981858934,54.5866163214058]]}},{"type":"Feature","properties":{"objectid":973.0,"category":"625k","feature":"625k_Fault","feature_d":"Fault at rockhead","fltname_c":" ","fltname_d":" ","sheet":"625k_V5_Bedrock","version":"5.17","released":"23- 4-2008","nom_scale":"625000","nom_os_yr":"2005 HC","nom_bgs_yr":"2007","mslink":107067},"id":973.0,"geometry":{"type":"LineString","coordinates":[[-7.281160154662659,54.62567298267379],[-7.287504164798669,54.6244867215814],[-7.298637707265669,54.6224038980303],[-7.31713261252175,54.620041567221904],[-7.33942086621102,54.6174296523432],[-7.360845403725929,54.614192706771696],[-7.36963119021812,54.6133003212726],[-7.382862763629859,54.6125384506808],[-7.40543700135166,54.6080862230175],[-7.420226442596,54.6048954577183],[-7.43731329277121,54.602220837091004],[-7.44985089390413,54.5995808576373],[-7.46347462442225,54.5956993572363],[-7.4763736191365,54.592435706514095],[-7.492119352461629,54.5898051977892],[-7.522181487858799,54.5841173766368],[-7.54220974070614,54.5810821639398],[-7.5593792634469095,54.578033286958394],[-7.576366679462459,54.5750850782583],[-7.587816224047989,54.5724270123393],[-7.6042790192759,54.5679167944274],[-7.625392406523949,54.5617587702086],[-7.6447155365927095,54.5555918164947],[-7.68225014060511,54.546358361395896],[-7.6979741192249795,54.5424559937645],[-7.72549187996679,54.534428753209006],[-7.752926864214129,54.526310256340295],[-7.83132511336148,54.502168570558695],[-7.877837865675439,54.489122809743094]]}},{"type":"Feature","properties":{"objectid":974.0,"category":"625k","feature":"625k_Fault","feature_d":"Fault at rockhead","fltname_c":" ","fltname_d":" ","sheet":"625k_V5_Bedrock","version":"5.17","released":"23- 4-2008","nom_scale":"625000","nom_os_yr":"2005 HC","nom_bgs_yr":"2007","mslink":107067},"id":974.0,"geometry":{"type":"LineString","coordinates":[[-7.48871759916816,54.6617957878797],[-7.49126336223803,54.666335395744596],[-7.493028751507,54.6732967840508],[-7.49312927559186,54.680964422276695],[-7.49209584767596,54.6914807647577]]}},{"type":"Feature","properties":{"objectid":975.0,"category":"625k","feature":"625k_Fault","feature_d":"Fault at rockhead","fltname_c":" ","fltname_d":" ","sheet":"625k_V5_Bedrock","version":"5.17","released":"23- 4-2008","nom_scale":"625000","nom_os_yr":"2005 HC","nom_bgs_yr":"2007","mslink":107067},"id":975.0,"geometry":{"type":"LineString","coordinates":[[-6.14812020352415,54.5001223910733],[-6.14270388965588,54.501826757401794],[-6.1276317751130405,54.5075488395124],[-6.116291577794289,54.513358683837296],[-6.105799741878809,54.520223067434195],[-6.09707553914115,54.526158893304796],[-6.09296175573493,54.5295508723451],[-6.08590126171863,54.535601247144896],[-6.08431490914521,54.5368962180997],[-6.07544808104983,54.5453308720166],[-6.062921831057209,54.5576326754399],[-6.05907496970785,54.562316782446],[-6.05842659789944,54.5632707268665],[-6.05410568449173,54.5702920703111]]}},{"type":"Feature","properties":{"objectid":976.0,"category":"625k","feature":"625k_Fault","feature_d":"Fault at rockhead","fltname_c":" ","fltname_d":" ","sheet":"625k_V5_Bedrock","version":"5.17","released":"23- 4-2008","nom_scale":"625000","nom_os_yr":"2005 HC","nom_bgs_yr":"2007","mslink":107067},"id":976.0,"geometry":{"type":"LineString","coordinates":[[-6.242067798033659,55.19886033195401],[-6.2193237542517705,55.2030643828927],[-6.196201878719109,55.2060982761476],[-6.16908953043125,55.208370425727196],[-6.15974521868578,55.2086899597079],[-6.147186311134259,55.2076610356611],[-6.1381979116834495,55.2067338085053],[-6.1292372041171,55.2065591058646],[-6.12434601549321,55.2069725270007],[-6.12134821357519,55.20732928076009],[-6.11205821086217,55.208521549816794],[-6.08970285286343,55.2115091068777]]}},{"type":"Feature","properties":{"objectid":977.0,"category":"625k","feature":"625k_Fault","feature_d":"Fault at rockhead","fltname_c":" ","fltname_d":" ","sheet":"625k_V5_Bedrock","version":"5.17","released":"23- 4-2008","nom_scale":"625000","nom_os_yr":"2005 HC","nom_bgs_yr":"2007","mslink":107067},"id":977.0,"geometry":{"type":"LineString","coordinates":[[-6.31378951647208,55.1301109065957],[-6.313253552241269,55.1200815871546],[-6.31291704098833,55.116964459505596],[-6.31258312501635,55.112559991442595],[-6.31196936724614,55.1093730170507],[-6.3089208345720795,55.0994398753803],[-6.30655258520223,55.0919246267333],[-6.3007934900248,55.081847301143],[-6.29755637721611,55.0734686345032],[-6.2966002361356095,55.064562283741395],[-6.299666007588719,55.056854722460095],[-6.2986622000287795,55.0475030479418],[-6.296979225634409,55.039069417651795],[-6.2920535661311,55.0294093433052],[-6.288584938359219,55.0188036551545],[-6.2861443162283095,55.0032445433625],[-6.28089363645418,54.9904665443571]]}},{"type":"Feature","properties":{"objectid":978.0,"category":"625k","feature":"625k_Fault","feature_d":"Fault at rockhead","fltname_c":" ","fltname_d":" ","sheet":"625k_V5_Bedrock","version":"5.17","released":"23- 4-2008","nom_scale":"625000","nom_os_yr":"2005 HC","nom_bgs_yr":"2007","mslink":107067},"id":978.0,"geometry":{"type":"LineString","coordinates":[[-5.98136226933942,55.02921704316729],[-5.97871578053893,55.0283099706939],[-5.96364188783173,55.0231415777837]]}},{"type":"Feature","properties":{"objectid":979.0,"category":"625k","feature":"625k_Fault","feature_d":"Fault at rockhead","fltname_c":" ","fltname_d":" ","sheet":"625k_V5_Bedrock","version":"5.17","released":"23- 4-2008","nom_scale":"625000","nom_os_yr":"2005 HC","nom_bgs_yr":"2007","mslink":107067},"id":979.0,"geometry":{"type":"LineString","coordinates":[[-5.990693916945959,55.0492012524702],[-5.98942086219423,55.05142837578939],[-5.9820363858906,55.064342057019694]]}},{"type":"Feature","properties":{"objectid":980.0,"category":"625k","feature":"625k_Fault","feature_d":"Fault at rockhead","fltname_c":" ","fltname_d":" ","sheet":"625k_V5_Bedrock","version":"5.17","released":"23- 4-2008","nom_scale":"625000","nom_os_yr":"2005 HC","nom_bgs_yr":"2007","mslink":107067},"id":980.0,"geometry":{"type":"LineString","coordinates":[[-5.957894398266001,54.5241839099375],[-5.97816448391444,54.5321280586115],[-5.98241831714362,54.5339343996628],[-5.99552751045835,54.53906283487449],[-6.03236849695406,54.552759142361005],[-6.04091275864742,54.5561608534767],[-6.0448641467911,54.5575722441722],[-6.04975803252728,54.5594780934779],[-6.05842659789944,54.5632707268665]]}},{"type":"Feature","properties":{"objectid":981.0,"category":"625k","feature":"625k_Fault","feature_d":"Fault at rockhead","fltname_c":" ","fltname_d":" ","sheet":"625k_V5_Bedrock","version":"5.17","released":"23- 4-2008","nom_scale":"625000","nom_os_yr":"2005 HC","nom_bgs_yr":"2007","mslink":107067},"id":981.0,"geometry":{"type":"LineString","coordinates":[[-7.8363275167612,54.242619387425094],[-7.82400741399519,54.2416205413224],[-7.81126138643027,54.24212580010679],[-7.80195226279497,54.24288598918359],[-7.78743036167252,54.2452306007799],[-7.770379920693849,54.246309213011294],[-7.751110675987159,54.2466286825864],[-7.73834441381349,54.245721072269696],[-7.7250837540677795,54.243930426675696]]}},{"type":"Feature","properties":{"objectid":982.0,"category":"625k","feature":"625k_Fault","feature_d":"Fault at rockhead","fltname_c":" ","fltname_d":" ","sheet":"625k_V5_Bedrock","version":"5.17","released":"23- 4-2008","nom_scale":"625000","nom_os_yr":"2005 HC","nom_bgs_yr":"2007","mslink":107067},"id":982.0,"geometry":{"type":"LineString","coordinates":[[-6.14341418380928,54.20933011553039],[-6.14171584691678,54.202567201910796],[-6.14076345650646,54.1984825003888],[-6.138188744894189,54.1843434997026],[-6.13766449094747,54.17836104164709],[-6.1372933457237,54.1719154238711],[-6.1385796934417,54.1668144332321],[-6.14397066819223,54.157082660075595],[-6.15495653679814,54.14770809195019],[-6.17868731529786,54.1231246916079],[-6.18982694840431,54.114733714867]]}},{"type":"Feature","properties":{"objectid":983.0,"category":"625k","feature":"625k_Fault","feature_d":"Fault at rockhead","fltname_c":" ","fltname_d":" ","sheet":"625k_V5_Bedrock","version":"5.17","released":"23- 4-2008","nom_scale":"625000","nom_os_yr":"2005 HC","nom_bgs_yr":"2007","mslink":107067},"id":983.0,"geometry":{"type":"LineString","coordinates":[[-5.645896425433659,54.670360552422196],[-5.65686739021788,54.64972681996309],[-5.660015550277049,54.64440437710859],[-5.66800009905036,54.63013500479901],[-5.683792033655969,54.598035788763696],[-5.68444314402777,54.59655705010201]]}},{"type":"Feature","properties":{"objectid":984.0,"category":"625k","feature":"625k_Fault","feature_d":"Fault at rockhead","fltname_c":" ","fltname_d":" ","sheet":"625k_V5_Bedrock","version":"5.17","released":"23- 4-2008","nom_scale":"625000","nom_os_yr":"2005 HC","nom_bgs_yr":"2007","mslink":107067},"id":984.0,"geometry":{"type":"LineString","coordinates":[[-5.869687834452749,54.612458115688796],[-5.86355090863655,54.611350694090795],[-5.825236307514079,54.6044282513218],[-5.8245145427817295,54.598623472083695],[-5.8031246594130295,54.60203206312149],[-5.77877658488415,54.603812357387596],[-5.7630628069728695,54.6043025177437],[-5.72892188188053,54.604343683669],[-5.70594581016688,54.6020000424383],[-5.69436678034407,54.599812667002],[-5.68444314402777,54.59655705010201],[-5.6744753830674,54.5927936341781],[-5.65849938552414,54.580569499975596],[-5.6483111599175695,54.57426895039801],[-5.63459150315323,54.5675654951584],[-5.62380810409472,54.564330937066096],[-5.60857558563645,54.5602116908579],[-5.60224633814494,54.5578588352235],[-5.59761737140983,54.5549467115563],[-5.59106657468871,54.5500581972014],[-5.58377892160026,54.546716215229004],[-5.573832454143619,54.5429441561732],[-5.564803835069659,54.539652562113595],[-5.55660428420212,54.5358275699883],[-5.54966503441351,54.526373364775196],[-5.546478376828,54.5198586627837],[-5.54619118822414,54.5155462818753],[-5.5472756196597,54.5122305730663],[-5.55397368755781,54.4995592085851]]}},{"type":"Feature","properties":{"objectid":985.0,"category":"625k","feature":"625k_Fault","feature_d":"Fault at rockhead","fltname_c":" ","fltname_d":" ","sheet":"625k_V5_Bedrock","version":"5.17","released":"23- 4-2008","nom_scale":"625000","nom_os_yr":"2005 HC","nom_bgs_yr":"2007","mslink":107067},"id":985.0,"geometry":{"type":"LineString","coordinates":[[-6.1153935499905,54.5192457159273],[-6.11504242472783,54.5231619590832],[-6.11453744468742,54.5292524787056],[-6.11403376926358,54.5316555867383],[-6.113135147339269,54.537542601262295],[-6.112346721258049,54.54082300702039]]}},{"type":"Feature","properties":{"objectid":986.0,"category":"625k","feature":"625k_Fault","feature_d":"Fault at rockhead","fltname_c":" ","fltname_d":" ","sheet":"625k_V5_Bedrock","version":"5.17","released":"23- 4-2008","nom_scale":"625000","nom_os_yr":"2005 HC","nom_bgs_yr":"2007","mslink":107067},"id":986.0,"geometry":{"type":"LineString","coordinates":[[-6.894358122869919,54.895785545188296],[-6.88318351543729,54.904339404961],[-6.880372461630439,54.9064904881379],[-6.86991628243581,54.9145402214595],[-6.86647973189357,54.917187425067596],[-6.862752241108409,54.9196979321714],[-6.858869612600789,54.92208048064939],[-6.82255705620391,54.9477557555079]]}},{"type":"Feature","properties":{"objectid":987.0,"category":"625k","feature":"625k_Fault","feature_d":"Fault at rockhead","fltname_c":" ","fltname_d":" ","sheet":"625k_V5_Bedrock","version":"5.17","released":"23- 4-2008","nom_scale":"625000","nom_os_yr":"2005 HC","nom_bgs_yr":"2007","mslink":107067},"id":987.0,"geometry":{"type":"LineString","coordinates":[[-6.69606510838299,54.635685782393594],[-6.68972434553298,54.6366373549432],[-6.6768198749642105,54.638572815237495],[-6.64089700288116,54.644467992362],[-6.60553644119509,54.6511412764837]]}},{"type":"Feature","properties":{"objectid":988.0,"category":"625k","feature":"625k_Fault","feature_d":"Fault at rockhead","fltname_c":" ","fltname_d":" ","sheet":"625k_V5_Bedrock","version":"5.17","released":"23- 4-2008","nom_scale":"625000","nom_os_yr":"2005 HC","nom_bgs_yr":"2007","mslink":107067},"id":988.0,"geometry":{"type":"LineString","coordinates":[[-6.88982507006233,54.623279454810195],[-6.88889683528064,54.62072133082],[-6.885563024657249,54.6115310196645],[-6.8830744488450994,54.60325940805959],[-6.88059292691214,54.5955493454683],[-6.878814073329739,54.5903564457569]]}},{"type":"Feature","properties":{"objectid":989.0,"category":"625k","feature":"625k_Fault","feature_d":"Fault at rockhead","fltname_c":" ","fltname_d":" ","sheet":"625k_V5_Bedrock","version":"5.17","released":"23- 4-2008","nom_scale":"625000","nom_os_yr":"2005 HC","nom_bgs_yr":"2007","mslink":107067},"id":989.0,"geometry":{"type":"LineString","coordinates":[[-6.49047398015417,54.4823568530207],[-6.482459490503389,54.474388772192],[-6.47165497101655,54.463358825664],[-6.465479009383699,54.456527269346694],[-6.4627508102320395,54.4516257960001],[-6.4620716790149695,54.4420547813056],[-6.46160590564216,54.4267974396508],[-6.4619060603084,54.4132444201575],[-6.46387091160115,54.3967470120394],[-6.46556172765763,54.3792171659332],[-6.469165961038599,54.3575355254103]]}},{"type":"Feature","properties":{"objectid":990.0,"category":"625k","feature":"625k_Fault","feature_d":"Fault at rockhead","fltname_c":" ","fltname_d":" ","sheet":"625k_V5_Bedrock","version":"5.17","released":"23- 4-2008","nom_scale":"625000","nom_os_yr":"2005 HC","nom_bgs_yr":"2007","mslink":107067},"id":990.0,"geometry":{"type":"LineString","coordinates":[[-6.68895163139303,54.3844296304175],[-6.68774253046461,54.38094655864109],[-6.68353661893997,54.3711953117044],[-6.67808059533523,54.3651688400701],[-6.67327023269225,54.3607904560704]]}},{"type":"Feature","properties":{"objectid":991.0,"category":"625k","feature":"625k_Fault","feature_d":"Fault at rockhead","fltname_c":" ","fltname_d":" ","sheet":"625k_V5_Bedrock","version":"5.17","released":"23- 4-2008","nom_scale":"625000","nom_os_yr":"2005 HC","nom_bgs_yr":"2007","mslink":107067},"id":991.0,"geometry":{"type":"LineString","coordinates":[[-6.64904881933513,54.334051798347595],[-6.64961960531031,54.34310577287789],[-6.6499648497058494,54.3485791765245],[-6.65064671407153,54.3569793804828],[-6.65206211377036,54.3626841959457],[-6.6546673151050095,54.368033004601294]]}},{"type":"Feature","properties":{"objectid":992.0,"category":"625k","feature":"625k_Fault","feature_d":"Fault at rockhead","fltname_c":" ","fltname_d":" ","sheet":"625k_V5_Bedrock","version":"5.17","released":"23- 4-2008","nom_scale":"625000","nom_os_yr":"2005 HC","nom_bgs_yr":"2007","mslink":107067},"id":992.0,"geometry":{"type":"LineString","coordinates":[[-6.753084679740749,54.4962403691588],[-6.74588100418306,54.49464189770689],[-6.73449817679931,54.4927907281443],[-6.7267384014218,54.492176143254],[-6.716657968992799,54.4926776651373],[-6.7088780299714195,54.493869393062596],[-6.69835234745591,54.4948550492992],[-6.69333915251443,54.494924824607196]]}},{"type":"Feature","properties":{"objectid":993.0,"category":"625k","feature":"625k_Fault","feature_d":"Fault at rockhead","fltname_c":" ","fltname_d":" ","sheet":"625k_V5_Bedrock","version":"5.17","released":"23- 4-2008","nom_scale":"625000","nom_os_yr":"2005 HC","nom_bgs_yr":"2007","mslink":107067},"id":993.0,"geometry":{"type":"LineString","coordinates":[[-7.2754036855052,54.399934616501],[-7.272197236754329,54.403584029261495],[-7.25930859958224,54.413807425546004],[-7.24866470699216,54.42017190097601],[-7.24050464440226,54.4253453342132]]}},{"type":"Feature","properties":{"objectid":994.0,"category":"625k","feature":"625k_Fault","feature_d":"Fault at rockhead","fltname_c":" ","fltname_d":" ","sheet":"625k_V5_Bedrock","version":"5.17","released":"23- 4-2008","nom_scale":"625000","nom_os_yr":"2005 HC","nom_bgs_yr":"2007","mslink":107067},"id":994.0,"geometry":{"type":"LineString","coordinates":[[-7.24331610341133,54.6148027539875],[-7.234904448922809,54.617620524175194],[-7.22412022762684,54.6221380555349],[-7.208312639594199,54.6303800618392],[-7.1974810215917495,54.6355608861478]]}},{"type":"Feature","properties":{"objectid":995.0,"category":"625k","feature":"625k_Fault","feature_d":"Fault at rockhead","fltname_c":" ","fltname_d":" ","sheet":"625k_V5_Bedrock","version":"5.17","released":"23- 4-2008","nom_scale":"625000","nom_os_yr":"2005 HC","nom_bgs_yr":"2007","mslink":107067},"id":995.0,"geometry":{"type":"LineString","coordinates":[[-7.420226442596,54.6048954577183],[-7.438164808499139,54.6052336676889],[-7.45138415036706,54.6050867860793],[-7.4595032397282095,54.60440262674201],[-7.46533684506063,54.6034891422582],[-7.47121916304966,54.6014140651383],[-7.47785636066249,54.599073541298395],[-7.49224497002629,54.59405962921719],[-7.50120565750421,54.591399294622],[-7.5115763722728195,54.589145831663295],[-7.52194586346943,54.5889928844066],[-7.53086298902186,54.58985780349259]]}},{"type":"Feature","properties":{"objectid":996.0,"category":"625k","feature":"625k_Fault","feature_d":"Fault at rockhead","fltname_c":" ","fltname_d":" ","sheet":"625k_V5_Bedrock","version":"5.17","released":"23- 4-2008","nom_scale":"625000","nom_os_yr":"2005 HC","nom_bgs_yr":"2007","mslink":107067},"id":996.0,"geometry":{"type":"LineString","coordinates":[[-7.10161231066751,54.7105106763998],[-7.1108625000154,54.7122056778989],[-7.117327611090399,54.71287862187479],[-7.1229480249678705,54.712669143130796],[-7.12964278082009,54.7127173931969],[-7.1397664919524795,54.714041044567296],[-7.160445261394079,54.7168139390639],[-7.18241443444198,54.7183672087464],[-7.20194521925193,54.7204569249003],[-7.21909994812919,54.7220863318922],[-7.2320490882846,54.7227947350006],[-7.24562817138455,54.724506768629595],[-7.26773043175007,54.7282029734874],[-7.2756296585062294,54.7296947788091],[-7.28001298386669,54.7305994570486],[-7.29639298692664,54.733881057849196],[-7.30079538564339,54.73475148824019],[-7.30398595596964,54.735381389271296],[-7.30844370998498,54.7361744597761],[-7.3169468857577495,54.7375691545454],[-7.325318428929119,54.738868381705096],[-7.343869374276149,54.741556437920494],[-7.349975148917229,54.742256552011796],[-7.3713932082930596,54.7444479365751],[-7.386617326436629,54.7468572017137],[-7.3947488315779895,54.7483038894923],[-7.400151177230489,54.7492068982701],[-7.41619424543666,54.7529940470224],[-7.41895245036401,54.7535195345115],[-7.42594447363822,54.753798232802595],[-7.4505883120037595,54.7526205628321],[-7.4602338800646795,54.751668331310796],[-7.4798490846916295,54.7493788032498],[-7.50622012651631,54.74604588254059],[-7.52388363114673,54.7437890195758],[-7.5409877581936495,54.7417248782077],[-7.557551767620089,54.74118504362169],[-7.56928310750887,54.7412631585214]]}},{"type":"Feature","properties":{"objectid":997.0,"category":"625k","feature":"625k_Fault","feature_d":"Fault at rockhead","fltname_c":" ","fltname_d":" ","sheet":"625k_V5_Bedrock","version":"5.17","released":"23- 4-2008","nom_scale":"625000","nom_os_yr":"2005 HC","nom_bgs_yr":"2007","mslink":107067},"id":997.0,"geometry":{"type":"LineString","coordinates":[[-7.6299386646117995,54.6407581101606],[-7.62823982890459,54.6414500500646],[-7.609899022912029,54.6525976452886],[-7.5994485297924195,54.6606562263316],[-7.5875064156357395,54.67271645946769],[-7.58392737182138,54.6763080191609],[-7.582530801745249,54.67770842605059],[-7.5687647433546195,54.689922317556004],[-7.561384074575369,54.6973351231579],[-7.55841142697388,54.7004581861494]]}},{"type":"Feature","properties":{"objectid":998.0,"category":"625k","feature":"625k_Fault","feature_d":"Fault at rockhead","fltname_c":" ","fltname_d":" ","sheet":"625k_V5_Bedrock","version":"5.17","released":"23- 4-2008","nom_scale":"625000","nom_os_yr":"2005 HC","nom_bgs_yr":"2007","mslink":107067},"id":998.0,"geometry":{"type":"LineString","coordinates":[[-7.87960693955989,54.6572279584552],[-7.834425833032929,54.6729073274677],[-7.8059212567611995,54.6843468474357],[-7.78711299851725,54.6918877989613],[-7.775456596744399,54.696558436865494],[-7.76842731371445,54.69937395319129]]}},{"type":"Feature","properties":{"objectid":999.0,"category":"625k","feature":"625k_Fault","feature_d":"Fault at rockhead","fltname_c":" ","fltname_d":" ","sheet":"625k_V5_Bedrock","version":"5.17","released":"23- 4-2008","nom_scale":"625000","nom_os_yr":"2005 HC","nom_bgs_yr":"2007","mslink":107067},"id":999.0,"geometry":{"type":"LineString","coordinates":[[-7.68090931440799,54.6270749122107],[-7.67658884804517,54.6316348672162],[-7.667570596303319,54.641149373019196],[-7.658672658448979,54.6507203115944],[-7.64555975429275,54.6643274746637],[-7.641001220232959,54.6692610016895],[-7.632437941704169,54.678524971432]]}},{"type":"Feature","properties":{"objectid":1000.0,"category":"625k","feature":"625k_Fault","feature_d":"Fault at rockhead","fltname_c":" ","fltname_d":" ","sheet":"625k_V5_Bedrock","version":"5.17","released":"23- 4-2008","nom_scale":"625000","nom_os_yr":"2005 HC","nom_bgs_yr":"2007","mslink":107067},"id":1000.0,"geometry":{"type":"LineString","coordinates":[[-7.5259684517507,54.5934219893359],[-7.52798241343426,54.591921687051496],[-7.53086298902186,54.58985780349259],[-7.54092175025357,54.584501176874895],[-7.54474094553187,54.583254291070595],[-7.54880159458103,54.5822482213483],[-7.584652271237039,54.57661006896819],[-7.59174974108953,54.5750782563968],[-7.61018585725126,54.5710967731914],[-7.6217606727077705,54.56859522777749],[-7.63882680174176,54.5667553179485]]}},{"type":"Feature","properties":{"objectid":1001.0,"category":"625k","feature":"625k_Fault","feature_d":"Fault at rockhead","fltname_c":" ","fltname_d":" ","sheet":"625k_V5_Bedrock","version":"5.17","released":"23- 4-2008","nom_scale":"625000","nom_os_yr":"2005 HC","nom_bgs_yr":"2007","mslink":107067},"id":1001.0,"geometry":{"type":"LineString","coordinates":[[-7.24210220120896,54.3769319439671],[-7.23746297766416,54.3739658048578],[-7.23186534293063,54.3703860850831],[-7.213263496392949,54.3588013114987],[-7.19767166746085,54.3497479578594],[-7.19201873096594,54.3464641128924]]}},{"type":"Feature","properties":{"objectid":1002.0,"category":"625k","feature":"625k_Fault","feature_d":"Fault at rockhead","fltname_c":" ","fltname_d":" ","sheet":"625k_V5_Bedrock","version":"5.17","released":"23- 4-2008","nom_scale":"625000","nom_os_yr":"2005 HC","nom_bgs_yr":"2007","mslink":107067},"id":1002.0,"geometry":{"type":"LineString","coordinates":[[-6.66541249612564,54.5995461963353],[-6.67555244642191,54.599657577742704],[-6.681929384590029,54.5995232266619],[-6.6901619606439295,54.5991068842333],[-6.7009784327173305,54.5982365151656],[-6.706641724517139,54.5978155183458],[-6.71339222747054,54.596717206336],[-6.71791747248037,54.5954229799626],[-6.72238727508742,54.5939513759433],[-6.732003724505359,54.5890848259343],[-6.74094193761521,54.586339464222],[-6.75484800020707,54.5808059870877],[-6.7757075859745495,54.570052837128294],[-6.782433695825979,54.5667159205238],[-6.7963327082381895,54.5610002353284],[-6.811116909041769,54.55617875880579],[-6.83231120407212,54.5510626873025],[-6.85135604874615,54.54627737387629],[-6.8685820731653,54.540939828202],[-6.8751417209064,54.5379208752839],[-6.88633811012123,54.5327660740889],[-6.90681362293008,54.5227609012267],[-6.9251520285035,54.5099325042496]]}},{"type":"Feature","properties":{"objectid":1003.0,"category":"625k","feature":"625k_Fault","feature_d":"Fault at rockhead","fltname_c":" ","fltname_d":" ","sheet":"625k_V5_Bedrock","version":"5.17","released":"23- 4-2008","nom_scale":"625000","nom_os_yr":"2005 HC","nom_bgs_yr":"2007","mslink":107067},"id":1003.0,"geometry":{"type":"LineString","coordinates":[[-6.75213950388038,54.8438687355773],[-6.75348971545871,54.8503051731322],[-6.75748963955017,54.8684305580644],[-6.760761367872,54.8767941172721],[-6.76863447231502,54.8879286441696],[-6.770787512890859,54.8903185939865],[-6.77459043460838,54.894263729294494],[-6.77997934222083,54.8998527480237]]}},{"type":"Feature","properties":{"objectid":1004.0,"category":"625k","feature":"625k_Fault","feature_d":"Fault at rockhead","fltname_c":" ","fltname_d":" ","sheet":"625k_V5_Bedrock","version":"5.17","released":"23- 4-2008","nom_scale":"625000","nom_os_yr":"2005 HC","nom_bgs_yr":"2007","mslink":107067},"id":1004.0,"geometry":{"type":"LineString","coordinates":[[-6.68413793970727,54.55197451698869],[-6.6880980408244,54.5485373265932],[-6.68935421092042,54.5450858511944],[-6.690497814209779,54.54156650662139],[-6.6914165168766795,54.53791146411349],[-6.691480446478839,54.535913054872005],[-6.694093549754619,54.5316617063869],[-6.69590746000574,54.5263652345703],[-6.697179647382169,54.51807020247029],[-6.698281163545389,54.509331860625494],[-6.69723259558004,54.502723544099005],[-6.69333915251443,54.494924824607196],[-6.68680106547993,54.487855754547496],[-6.679834251702659,54.48161081944139],[-6.6729575319743395,54.4750050765145],[-6.66416043572163,54.464246199422696],[-6.65541882496498,54.4554197372074],[-6.64704341072404,54.4459969729318],[-6.63975037281044,54.4348945499697],[-6.63725437341608,54.4310933523685]]}},{"type":"Feature","properties":{"objectid":1005.0,"category":"625k","feature":"625k_Fault","feature_d":"Fault at rockhead","fltname_c":" ","fltname_d":" ","sheet":"625k_V5_Bedrock","version":"5.17","released":"23- 4-2008","nom_scale":"625000","nom_os_yr":"2005 HC","nom_bgs_yr":"2007","mslink":107067},"id":1005.0,"geometry":{"type":"LineString","coordinates":[[-7.26291499496249,54.9958454917606],[-7.21601652400573,55.0233791765167],[-7.2012187227497595,55.0303619230803],[-7.17139526052791,55.0438478947726]]}},{"type":"Feature","properties":{"objectid":1006.0,"category":"625k","feature":"625k_Fault","feature_d":"Fault at rockhead","fltname_c":" ","fltname_d":" ","sheet":"625k_V5_Bedrock","version":"5.17","released":"23- 4-2008","nom_scale":"625000","nom_os_yr":"2005 HC","nom_bgs_yr":"2007","mslink":107067},"id":1006.0,"geometry":{"type":"LineString","coordinates":[[-7.17968131253269,55.0041719403714],[-7.1658822410731595,55.0247805894032],[-7.16231088651187,55.0284280201194],[-7.1467314530349,55.0445730119843]]}},{"type":"Feature","properties":{"objectid":1007.0,"category":"625k","feature":"625k_Fault","feature_d":"Fault at rockhead","fltname_c":" ","fltname_d":" ","sheet":"625k_V5_Bedrock","version":"5.17","released":"23- 4-2008","nom_scale":"625000","nom_os_yr":"2005 HC","nom_bgs_yr":"2007","mslink":107067},"id":1007.0,"geometry":{"type":"LineString","coordinates":[[-6.92849851484848,54.8924261056937],[-6.92402206345552,54.8993698249909],[-6.92222381544199,54.9021587287365],[-6.9211513646622205,54.903821728822],[-6.919672913474759,54.9061137587904],[-6.917595641222309,54.9093340175509],[-6.91581068915621,54.9121008618218],[-6.9122787233075895,54.91757411913439]]}},{"type":"Feature","properties":{"objectid":1008.0,"category":"625k","feature":"625k_Fault","feature_d":"Fault at rockhead","fltname_c":" ","fltname_d":" ","sheet":"625k_V5_Bedrock","version":"5.17","released":"23- 4-2008","nom_scale":"625000","nom_os_yr":"2005 HC","nom_bgs_yr":"2007","mslink":107067},"id":1008.0,"geometry":{"type":"LineString","coordinates":[[-6.97909446488328,54.8629496138361],[-6.970512906582609,54.872804109102695],[-6.96715498143153,54.8766587228794],[-6.96420764923239,54.8795849068341],[-6.96227325108125,54.8813754417559],[-6.96024185724825,54.883255534989004],[-6.95820064434827,54.885144449621194],[-6.955062184204619,54.888048482804194],[-6.95217777405576,54.8907169302419],[-6.94657993710768,54.895906935698896],[-6.94334498325982,54.898912686198],[-6.94273940196757,54.8994753085726],[-6.93256093216231,54.9089288024541],[-6.9164067567217,54.9237246716318],[-6.90319838738076,54.935793421097294]]}},{"type":"Feature","properties":{"objectid":1009.0,"category":"625k","feature":"625k_Fault","feature_d":"Fault at rockhead","fltname_c":" ","fltname_d":" ","sheet":"625k_V5_Bedrock","version":"5.17","released":"23- 4-2008","nom_scale":"625000","nom_os_yr":"2005 HC","nom_bgs_yr":"2007","mslink":107067},"id":1009.0,"geometry":{"type":"LineString","coordinates":[[-6.67808059533523,54.3651688400701],[-6.676420762554729,54.369722448709595],[-6.669787329242509,54.381181808296795],[-6.66714709323369,54.3857409265675],[-6.664729288780779,54.3921091714018],[-6.663941802034739,54.3945407730713]]}},{"type":"Feature","properties":{"objectid":1010.0,"category":"625k","feature":"625k_Fault","feature_d":"Fault at rockhead","fltname_c":" ","fltname_d":" ","sheet":"625k_V5_Bedrock","version":"5.17","released":"23- 4-2008","nom_scale":"625000","nom_os_yr":"2005 HC","nom_bgs_yr":"2007","mslink":107067},"id":1010.0,"geometry":{"type":"LineString","coordinates":[[-6.51065573985828,54.2698076295779],[-6.517083352831079,54.277891861132694],[-6.52143354738656,54.285814591573],[-6.52594873747949,54.30403131987959],[-6.5266524992505595,54.3084008922474],[-6.52704325825326,54.3099748866648],[-6.5280260343473,54.3327613556226],[-6.52918376233409,54.3510278080272],[-6.529994318386979,54.357936756113695],[-6.53096020517184,54.3664550645468],[-6.532954421943679,54.3725530201951],[-6.536233003443539,54.3774926807559],[-6.53961830174424,54.3841979372131],[-6.5416324698279595,54.3929054802484],[-6.543045144902349,54.4007688308519],[-6.5436289960262,54.4040178428629],[-6.54512652056217,54.4123491094733],[-6.546835287428459,54.419899614753504],[-6.55079036452502,54.4276888851051],[-6.56083305334888,54.4408831284711],[-6.572135777410259,54.454526756002096]]}},{"type":"Feature","properties":{"objectid":1011.0,"category":"625k","feature":"625k_Fault","feature_d":"Fault at rockhead","fltname_c":" ","fltname_d":" ","sheet":"625k_V5_Bedrock","version":"5.17","released":"23- 4-2008","nom_scale":"625000","nom_os_yr":"2005 HC","nom_bgs_yr":"2007","mslink":107067},"id":1011.0,"geometry":{"type":"LineString","coordinates":[[-6.858121614373539,54.7989163729212],[-6.84751118232579,54.79848707217649],[-6.834364005930889,54.7980690551777],[-6.82514330937682,54.797820867931],[-6.82106016244426,54.7977676771399],[-6.7955140077062,54.79751678708409],[-6.78645409020791,54.7972676618667],[-6.77029597368459,54.7955164265719],[-6.7576903476488495,54.79443486787869],[-6.747307219662039,54.7925806905792],[-6.73801368018467,54.79105467093579],[-6.72546032206781,54.788381719670596],[-6.72138111859381,54.78706793160401],[-6.70476306516839,54.77937308961],[-6.69594115449738,54.7752004843318],[-6.6875491145623,54.7714562155459],[-6.673726313248229,54.765904653509295],[-6.65787059646323,54.758492686297004],[-6.6471074808357,54.752862363129],[-6.6463215676548195,54.752451137788704],[-6.64357333431243,54.751076400901496],[-6.639693290106539,54.7491651122581],[-6.634044352185599,54.7457655311836]]}},{"type":"Feature","properties":{"objectid":1012.0,"category":"625k","feature":"625k_Fault","feature_d":"Fault at rockhead","fltname_c":" ","fltname_d":" ","sheet":"625k_V5_Bedrock","version":"5.17","released":"23- 4-2008","nom_scale":"625000","nom_os_yr":"2005 HC","nom_bgs_yr":"2007","mslink":107067},"id":1012.0,"geometry":{"type":"LineString","coordinates":[[-6.05340616643946,54.5524488198607],[-6.0484932080351195,54.5498338929727],[-6.04189419324197,54.5472352321482],[-6.00781608140322,54.5316059044016],[-6.003975554992939,54.5298681644178],[-5.99867910027947,54.5274712102779],[-5.9952449380961195,54.525916769809896],[-5.9941428300384505,54.5254178608842],[-5.991114518205239,54.5240468873748],[-5.98166936970083,54.519498237141896],[-5.97104955388593,54.5148927500223]]}},{"type":"Feature","properties":{"objectid":1013.0,"category":"625k","feature":"625k_Fault","feature_d":"Fault at rockhead","fltname_c":" ","fltname_d":" ","sheet":"625k_V5_Bedrock","version":"5.17","released":"23- 4-2008","nom_scale":"625000","nom_os_yr":"2005 HC","nom_bgs_yr":"2007","mslink":107067},"id":1013.0,"geometry":{"type":"LineString","coordinates":[[-6.0654164965563,54.543528969853696],[-6.060528167835369,54.5410581007638],[-6.05628891265783,54.5396822717199],[-6.020972118447509,54.525680585259],[-6.0168921064851295,54.5239255884103],[-6.011987960645509,54.5214994102152],[-6.009103472681869,54.520301844793096],[-6.00483450809438,54.5185292196156],[-5.996108674053709,54.5146833531118],[-5.98067764740058,54.5083476221675]]}},{"type":"Feature","properties":{"objectid":1014.0,"category":"625k","feature":"625k_Fault","feature_d":"Fault at rockhead","fltname_c":" ","fltname_d":" ","sheet":"625k_V5_Bedrock","version":"5.17","released":"23- 4-2008","nom_scale":"625000","nom_os_yr":"2005 HC","nom_bgs_yr":"2007","mslink":107067},"id":1014.0,"geometry":{"type":"LineString","coordinates":[[-5.81890668621167,54.6521190834857],[-5.81751386003999,54.6508139684338],[-5.814181592135889,54.64778177310419],[-5.8113761420605705,54.645228547145194],[-5.80856016930502,54.642665375959304]]}},{"type":"Feature","properties":{"objectid":1015.0,"category":"625k","feature":"625k_Fault","feature_d":"Fault at rockhead","fltname_c":" ","fltname_d":" ","sheet":"625k_V5_Bedrock","version":"5.17","released":"23- 4-2008","nom_scale":"625000","nom_os_yr":"2005 HC","nom_bgs_yr":"2007","mslink":107067},"id":1015.0,"geometry":{"type":"LineString","coordinates":[[-7.41619424543666,54.7529940470224],[-7.40467452277259,54.7447090462492],[-7.40100438551717,54.7420842338105],[-7.38987869390082,54.734358209847],[-7.3785722349465495,54.7254663392811],[-7.369429463311449,54.71648946886479],[-7.36480096466147,54.7118931891983],[-7.35886166913914,54.7058542268748],[-7.3551625786122,54.7004028510462],[-7.35132869821073,54.6933066182674],[-7.34979268275947,54.690345527904],[-7.3487414848776496,54.6880918666379],[-7.34697199514204,54.6842976781315],[-7.344293035286899,54.6785520289941],[-7.339494776207229,54.666240243259494],[-7.33902506577154,54.659831396280396],[-7.34088413894296,54.6457564981287],[-7.343213936202259,54.6323945438318],[-7.345030930280309,54.6245513867623]]}},{"type":"Feature","properties":{"objectid":1016.0,"category":"625k","feature":"625k_Fault","feature_d":"Fault at rockhead","fltname_c":" ","fltname_d":" ","sheet":"625k_V5_Bedrock","version":"5.17","released":"23- 4-2008","nom_scale":"625000","nom_os_yr":"2005 HC","nom_bgs_yr":"2007","mslink":107067},"id":1016.0,"geometry":{"type":"LineString","coordinates":[[-7.273017899420729,54.4997753884006],[-7.280146640946899,54.47703273622359],[-7.285421791020039,54.462163793296895]]}},{"type":"Feature","properties":{"objectid":1017.0,"category":"625k","feature":"625k_Fault","feature_d":"Fault at rockhead","fltname_c":" ","fltname_d":" ","sheet":"625k_V5_Bedrock","version":"5.17","released":"23- 4-2008","nom_scale":"625000","nom_os_yr":"2005 HC","nom_bgs_yr":"2007","mslink":107067},"id":1017.0,"geometry":{"type":"LineString","coordinates":[[-6.884329993794609,54.63438820015289],[-6.910688403468059,54.6230620245844],[-6.9347795792108,54.613271561713],[-6.967324172570629,54.601137862111194],[-6.985007875834209,54.59530853118309],[-7.028445466563039,54.5817176595435],[-7.07343379616209,54.5681881769121],[-7.1247081439849,54.5532671911999],[-7.16195631432658,54.5419649380426],[-7.19118628188605,54.533089049064],[-7.20802347021653,54.5276540961847]]}},{"type":"Feature","properties":{"objectid":1018.0,"category":"625k","feature":"625k_Fault","feature_d":"Fault at rockhead","fltname_c":" ","fltname_d":" ","sheet":"625k_V5_Bedrock","version":"5.17","released":"23- 4-2008","nom_scale":"625000","nom_os_yr":"2005 HC","nom_bgs_yr":"2007","mslink":107067},"id":1018.0,"geometry":{"type":"LineString","coordinates":[[-7.594361188818239,54.30007146491101],[-7.56858745554725,54.312928303087],[-7.55115362532899,54.32175501038449],[-7.54608352053885,54.3243208085311],[-7.53698975002349,54.327817043328395],[-7.51704006633399,54.3345061987868],[-7.50617343822555,54.3385814724074],[-7.49604511486833,54.343835782853],[-7.48155464020924,54.3555436964375],[-7.4667584119677395,54.3707793027689],[-7.45369280064356,54.3836684526669],[-7.4247064106901695,54.4086233225993],[-7.4024879868903,54.427199064476596],[-7.37458355592839,54.4471649438372],[-7.355774143052839,54.459699768316],[-7.3480594931584795,54.4649965622523],[-7.3354291699865595,54.4710437823277],[-7.321597755528869,54.477662489625395],[-7.29604205101747,54.48997206554589],[-7.2788073521390695,54.4973438963532],[-7.273017899420729,54.4997753884006],[-7.24584400419409,54.512267562381],[-7.229599660096329,54.5193390939169],[-7.20802347021653,54.5276540961847]]}},{"type":"Feature","properties":{"objectid":1019.0,"category":"625k","feature":"625k_Fault","feature_d":"Fault at rockhead","fltname_c":" ","fltname_d":" ","sheet":"625k_V5_Bedrock","version":"5.17","released":"23- 4-2008","nom_scale":"625000","nom_os_yr":"2005 HC","nom_bgs_yr":"2007","mslink":107067},"id":1019.0,"geometry":{"type":"LineString","coordinates":[[-6.8751417209064,54.5379208752839],[-6.849356496338869,54.531223297915595],[-6.8298547616836,54.527005757183694],[-6.817699655212519,54.5235761271517],[-6.81382788052483,54.52248331846219],[-6.78412161563131,54.5124480187543],[-6.77859308930751,54.5104227208488],[-6.762440798369259,54.5045029854064],[-6.74951588397394,54.498406500388]]}},{"type":"Feature","properties":{"objectid":1020.0,"category":"625k","feature":"625k_Fault","feature_d":"Fault at rockhead","fltname_c":" ","fltname_d":" ","sheet":"625k_V5_Bedrock","version":"5.17","released":"23- 4-2008","nom_scale":"625000","nom_os_yr":"2005 HC","nom_bgs_yr":"2007","mslink":107067},"id":1020.0,"geometry":{"type":"LineString","coordinates":[[-7.042887580063329,54.6209215020629],[-7.03049400072703,54.62470467464989],[-7.01474839773099,54.6307426625756],[-6.992182942232049,54.641725927420104],[-6.96497054351353,54.6552882278521],[-6.95264726819358,54.6624928572193],[-6.9437266805828,54.670816762248194],[-6.93884033349322,54.6778911258972],[-6.927025955859,54.6893784974667],[-6.91213927226148,54.6987086141248],[-6.9038794209151995,54.702118856435],[-6.891943646317889,54.707570304411796],[-6.88095813122694,54.711338533494],[-6.8781980542448595,54.712243143869],[-6.87146712861981,54.7143710830929],[-6.86284936223895,54.7205716579616],[-6.85969060612332,54.7236334344661],[-6.84611585713303,54.7330214407734],[-6.838447708802639,54.7375700430442],[-6.82284744228721,54.7449304745303],[-6.812667690118129,54.748465022944],[-6.80533580004174,54.750995268921095],[-6.794443353820979,54.7552181087721],[-6.783435404931629,54.760541491929295],[-6.76590440823188,54.7683072636609],[-6.7528277468108096,54.773892392228],[-6.736697618756,54.7803975070977],[-6.72138111859381,54.78706793160401]]}},{"type":"Feature","properties":{"objectid":1021.0,"category":"625k","feature":"625k_Fault","feature_d":"Fault at rockhead","fltname_c":" ","fltname_d":" ","sheet":"625k_V5_Bedrock","version":"5.17","released":"23- 4-2008","nom_scale":"625000","nom_os_yr":"2005 HC","nom_bgs_yr":"2007","mslink":107067},"id":1021.0,"geometry":{"type":"LineString","coordinates":[[-6.9164067567217,54.9237246716318],[-6.9122787233075895,54.91757411913439],[-6.91153506539248,54.91646588815289],[-6.9078424002368495,54.91115986896801],[-6.90587356011148,54.9086972204331],[-6.90500260828692,54.9076077563304],[-6.9030475572745,54.9051618667901],[-6.901004629644129,54.90260568492509],[-6.899332359200919,54.9005130151632],[-6.898666431466009,54.8998802152127],[-6.89071133737773,54.8923188460929],[-6.88426291446181,54.8881397581157],[-6.8816071168795,54.8863673129857],[-6.8801192789879195,54.885453756713495],[-6.878459695513599,54.8843778198342],[-6.86462155761984,54.876541846732394],[-6.84966504950879,54.8655027032943]]}},{"type":"Feature","properties":{"objectid":1022.0,"category":"625k","feature":"625k_Fault","feature_d":"Fault at rockhead","fltname_c":" ","fltname_d":" ","sheet":"625k_V5_Bedrock","version":"5.17","released":"23- 4-2008","nom_scale":"625000","nom_os_yr":"2005 HC","nom_bgs_yr":"2007","mslink":107067},"id":1022.0,"geometry":{"type":"LineString","coordinates":[[-6.82514330937682,54.797820867931],[-6.82437413534373,54.80727338844319],[-6.818960038403939,54.8200878655174],[-6.8171872553055,54.8233362389812],[-6.81052275519473,54.83554300836679],[-6.79327333051454,54.86426285778369],[-6.79154487370371,54.8688935455368],[-6.79030208170079,54.8722224453247],[-6.7866439538842,54.882018066921006],[-6.785299110562449,54.885618073958604],[-6.78227312564149,54.8937162078973],[-6.780821952267409,54.897598734365694],[-6.77997934222083,54.8998527480237],[-6.7766729032088096,54.91240854968301],[-6.77630623803718,54.9178589671253],[-6.77590568421239,54.923811095805],[-6.76610637767327,54.9411915423543],[-6.758193993990419,54.9517928998893],[-6.746268420491639,54.954027847308595],[-6.722573489007599,54.9584642340148],[-6.68877888818674,54.966965698187494],[-6.67088163092949,54.9725979476781],[-6.656766240897469,54.9785121769962],[-6.65083855276777,54.9791748941541],[-6.635989667385689,54.9816797737166],[-6.61555644124111,54.9870326976175],[-6.598416064128619,54.994605180485],[-6.57906539110557,55.004820003776494],[-6.57535429448816,55.00829684031579],[-6.56976387591398,55.02304051234889],[-6.56521328881111,55.03221237153029],[-6.55998137866119,55.0367632898111],[-6.55007665739432,55.04198674284579],[-6.53635923424406,55.047406384045296],[-6.5205796910248495,55.0513428045762],[-6.5039793676974496,55.0545387709434],[-6.49627552840285,55.057114391269195],[-6.481709892257079,55.062274675867094],[-6.463713543985099,55.068603886237895],[-6.45046373919983,55.072320413289695],[-6.43896826173,55.074358573086],[-6.43043017838572,55.076433807010595],[-6.4203496830289,55.080066521573],[-6.40967663047749,55.082598163636],[-6.404930243592769,55.08496387101879],[-6.389403203241289,55.098517733680794],[-6.38071891287576,55.1084366821936],[-6.37325221669661,55.115135006571194],[-6.36632501224371,55.11892677004919],[-6.347348639403929,55.1274108881356],[-6.332596801163089,55.1359499670293],[-6.31710413149927,55.1484212985264],[-6.2906058240450795,55.1671724408583],[-6.27096720644756,55.1802484329521],[-6.263670158535099,55.1849501211309],[-6.242067798033659,55.19886033195401],[-6.2280513124602495,55.207990669044]]}},{"type":"Feature","properties":{"objectid":1023.0,"category":"625k","feature":"625k_Fault","feature_d":"Fault at rockhead","fltname_c":" ","fltname_d":" ","sheet":"625k_V5_Bedrock","version":"5.17","released":"23- 4-2008","nom_scale":"625000","nom_os_yr":"2005 HC","nom_bgs_yr":"2007","mslink":107067},"id":1023.0,"geometry":{"type":"LineString","coordinates":[[-5.68856044617993,54.35152807735879],[-5.68620392907338,54.349501191485594],[-5.67775712556569,54.3422339835731],[-5.670485548478039,54.335975290133]]}},{"type":"Feature","properties":{"objectid":1024.0,"category":"625k","feature":"625k_Fault","feature_d":"Fault at rockhead","fltname_c":" ","fltname_d":" ","sheet":"625k_V5_Bedrock","version":"5.17","released":"23- 4-2008","nom_scale":"625000","nom_os_yr":"2005 HC","nom_bgs_yr":"2007","mslink":107067},"id":1024.0,"geometry":{"type":"LineString","coordinates":[[-7.65788972567713,54.5035931240802],[-7.65158229171667,54.502493959114595],[-7.641409020773749,54.5023841208968],[-7.63202583616238,54.503205279335795],[-7.596733111084969,54.5129777389236],[-7.596186687261639,54.5113755914509],[-7.575496145026969,54.5197874925174],[-7.5570497303057795,54.528018684099],[-7.54106062282401,54.535712304756096],[-7.52713218404887,54.542762281185496]]}},{"type":"Feature","properties":{"objectid":1025.0,"category":"625k","feature":"625k_Fault","feature_d":"Fault at rockhead","fltname_c":" ","fltname_d":" ","sheet":"625k_V5_Bedrock","version":"5.17","released":"23- 4-2008","nom_scale":"625000","nom_os_yr":"2005 HC","nom_bgs_yr":"2007","mslink":107067},"id":1025.0,"geometry":{"type":"LineString","coordinates":[[-6.32054999945305,55.061921319974395],[-6.30617725795457,55.076123423768294],[-6.28913512423133,55.0942359252593]]}},{"type":"Feature","properties":{"objectid":1026.0,"category":"625k","feature":"625k_Fault","feature_d":"Fault at rockhead","fltname_c":" ","fltname_d":" ","sheet":"625k_V5_Bedrock","version":"5.17","released":"23- 4-2008","nom_scale":"625000","nom_os_yr":"2005 HC","nom_bgs_yr":"2007","mslink":107067},"id":1026.0,"geometry":{"type":"LineString","coordinates":[[-6.7303898422541595,54.6154075641563],[-6.713274754815449,54.6170240398294],[-6.70799355180275,54.617656146017794],[-6.702442689362449,54.6182730260203],[-6.67796961950845,54.6213892136515],[-6.67068700746359,54.622834893153005],[-6.658407916227749,54.62568695138629],[-6.6431911487517,54.6304295154869],[-6.63549909507998,54.633335058711594],[-6.631921967318239,54.6346361331254],[-6.62255952056946,54.63798753564559]]}},{"type":"Feature","properties":{"objectid":1027.0,"category":"625k","feature":"625k_Fault","feature_d":"Fault at rockhead","fltname_c":" ","fltname_d":" ","sheet":"625k_V5_Bedrock","version":"5.17","released":"23- 4-2008","nom_scale":"625000","nom_os_yr":"2005 HC","nom_bgs_yr":"2007","mslink":107067},"id":1027.0,"geometry":{"type":"LineString","coordinates":[[-6.648316320413089,54.6026654183287],[-6.6417403651703895,54.6126938496524],[-6.633689313585379,54.6224805327633],[-6.62608642552189,54.631201650152896],[-6.62416162624747,54.6344345114859],[-6.62255952056946,54.63798753564559],[-6.61722170394613,54.646505220383496],[-6.6156534575107,54.649233247373196]]}},{"type":"Feature","properties":{"objectid":1028.0,"category":"625k","feature":"625k_Fault","feature_d":"Fault at rockhead","fltname_c":" ","fltname_d":" ","sheet":"625k_V5_Bedrock","version":"5.17","released":"23- 4-2008","nom_scale":"625000","nom_os_yr":"2005 HC","nom_bgs_yr":"2007","mslink":107067},"id":1028.0,"geometry":{"type":"LineString","coordinates":[[-6.59758284613509,54.58443432728969],[-6.59767737085468,54.5902693060405],[-6.5988035372720795,54.597708663954094],[-6.600579691677329,54.608929261540794]]}},{"type":"Feature","properties":{"objectid":1029.0,"category":"625k","feature":"625k_Fault","feature_d":"Fault at rockhead","fltname_c":" ","fltname_d":" ","sheet":"625k_V5_Bedrock","version":"5.17","released":"23- 4-2008","nom_scale":"625000","nom_os_yr":"2005 HC","nom_bgs_yr":"2007","mslink":107067},"id":1029.0,"geometry":{"type":"LineString","coordinates":[[-6.6531855746051995,54.5686110341166],[-6.64710484396792,54.5793988060136],[-6.6450310903126795,54.5838017438443],[-6.640616169684019,54.592784048961],[-6.63812182556804,54.5985331962223],[-6.635361849482599,54.604676303348796]]}},{"type":"Feature","properties":{"objectid":1030.0,"category":"625k","feature":"625k_Fault","feature_d":"Fault at rockhead","fltname_c":" ","fltname_d":" ","sheet":"625k_V5_Bedrock","version":"5.17","released":"23- 4-2008","nom_scale":"625000","nom_os_yr":"2005 HC","nom_bgs_yr":"2007","mslink":107067},"id":1030.0,"geometry":{"type":"LineString","coordinates":[[-6.6909359748282995,54.5585225923088],[-6.6854722256482395,54.569602324323895],[-6.683156259928479,54.574347970076495],[-6.6796243243825,54.5809697428331],[-6.678275963913319,54.5854283551577],[-6.67692733562361,54.5898869559722],[-6.67468424905003,54.598111220121595]]}},{"type":"Feature","properties":{"objectid":1031.0,"category":"625k","feature":"625k_Fault","feature_d":"Fault at rockhead","fltname_c":" ","fltname_d":" ","sheet":"625k_V5_Bedrock","version":"5.17","released":"23- 4-2008","nom_scale":"625000","nom_os_yr":"2005 HC","nom_bgs_yr":"2007","mslink":107067},"id":1031.0,"geometry":{"type":"LineString","coordinates":[[-6.228774754797939,54.4209172782643],[-6.2337793925863,54.423396564063694],[-6.25879755173148,54.435096815421005],[-6.27207930383673,54.4434532675534],[-6.28204160626348,54.4512142605388]]}},{"type":"Feature","properties":{"objectid":1032.0,"category":"625k","feature":"625k_Fault","feature_d":"Fault at rockhead","fltname_c":" ","fltname_d":" ","sheet":"625k_V5_Bedrock","version":"5.17","released":"23- 4-2008","nom_scale":"625000","nom_os_yr":"2005 HC","nom_bgs_yr":"2007","mslink":107067},"id":1032.0,"geometry":{"type":"LineString","coordinates":[[-6.262596510755129,54.412364176652595],[-6.264973071844779,54.4157896590475],[-6.27391446810565,54.4302236045178],[-6.279174115588579,54.4378462105756],[-6.28380218000874,54.44375056381129]]}},{"type":"Feature","properties":{"objectid":1033.0,"category":"625k","feature":"625k_Fault","feature_d":"Fault at rockhead","fltname_c":" ","fltname_d":" ","sheet":"625k_V5_Bedrock","version":"5.17","released":"23- 4-2008","nom_scale":"625000","nom_os_yr":"2005 HC","nom_bgs_yr":"2007","mslink":107067},"id":1033.0,"geometry":{"type":"LineString","coordinates":[[-5.96919534833,54.60116516369659],[-5.93594079695626,54.5853052553149]]}},{"type":"Feature","properties":{"objectid":1034.0,"category":"625k","feature":"625k_Fault","feature_d":"Fault at rockhead","fltname_c":" ","fltname_d":" ","sheet":"625k_V5_Bedrock","version":"5.17","released":"23- 4-2008","nom_scale":"625000","nom_os_yr":"2005 HC","nom_bgs_yr":"2007","mslink":107067},"id":1034.0,"geometry":{"type":"LineString","coordinates":[[-5.95502923543942,54.617533910038595],[-5.95053185726178,54.6110727520502],[-5.941518636825549,54.5990043895084],[-5.933805550894659,54.5892301098178]]}},{"type":"Feature","properties":{"objectid":1035.0,"category":"625k","feature":"625k_Fault","feature_d":"Fault at rockhead","fltname_c":" ","fltname_d":" ","sheet":"625k_V5_Bedrock","version":"5.17","released":"23- 4-2008","nom_scale":"625000","nom_os_yr":"2005 HC","nom_bgs_yr":"2007","mslink":107067},"id":1035.0,"geometry":{"type":"LineString","coordinates":[[-7.510391948572809,54.2332071366853],[-7.4145390348429,54.25524850129119],[-7.40232359073967,54.25811854428839],[-7.37533602068567,54.2646489622859]]}},{"type":"Feature","properties":{"objectid":1036.0,"category":"625k","feature":"625k_Fault","feature_d":"Fault at rockhead","fltname_c":" ","fltname_d":" ","sheet":"625k_V5_Bedrock","version":"5.17","released":"23- 4-2008","nom_scale":"625000","nom_os_yr":"2005 HC","nom_bgs_yr":"2007","mslink":107067},"id":1036.0,"geometry":{"type":"LineString","coordinates":[[-7.522231507502649,54.2650727319735],[-7.4188224837599295,54.2664067830482],[-7.41189529299768,54.266505123505],[-7.36322683882387,54.2676788866268]]}},{"type":"Feature","properties":{"objectid":1037.0,"category":"625k","feature":"625k_Fault","feature_d":"Fault at rockhead","fltname_c":" ","fltname_d":" ","sheet":"625k_V5_Bedrock","version":"5.17","released":"23- 4-2008","nom_scale":"625000","nom_os_yr":"2005 HC","nom_bgs_yr":"2007","mslink":107067},"id":1037.0,"geometry":{"type":"LineString","coordinates":[[-6.5956858518710995,54.419225042864696],[-6.6109672551643595,54.4054851812369],[-6.615022741019979,54.401006796009895],[-6.62205674845269,54.3950148081315],[-6.63135763324331,54.387157040326194],[-6.64664774922948,54.373248833606695],[-6.6546673151050095,54.368033004601294],[-6.66425409046549,54.3628624867847],[-6.668299722642001,54.3583824949116],[-6.671892738684369,54.34992918794939],[-6.6699693160639,54.343020048027],[-6.66820296135047,54.3363869169535]]}},{"type":"Feature","properties":{"objectid":1038.0,"category":"625k","feature":"625k_Fault","feature_d":"Fault at rockhead","fltname_c":" ","fltname_d":" ","sheet":"625k_V5_Bedrock","version":"5.17","released":"23- 4-2008","nom_scale":"625000","nom_os_yr":"2005 HC","nom_bgs_yr":"2007","mslink":107067},"id":1038.0,"geometry":{"type":"LineString","coordinates":[[-6.30228394369758,54.4697867856597],[-6.2886178640848795,54.470745135408],[-6.282023141695969,54.471569075456294],[-6.27564212708968,54.472503028818004],[-6.26300820137871,54.475888572435196],[-6.25423845890156,54.478768000860896],[-6.23635272219958,54.486921102660006],[-6.2266520926377495,54.4913241835549],[-6.21631000945159,54.4960839242438],[-6.20329190068844,54.500520083042495]]}},{"type":"Feature","properties":{"objectid":1039.0,"category":"625k","feature":"625k_Fault","feature_d":"Fault at rockhead","fltname_c":" ","fltname_d":" ","sheet":"625k_V5_Bedrock","version":"5.17","released":"23- 4-2008","nom_scale":"625000","nom_os_yr":"2005 HC","nom_bgs_yr":"2007","mslink":107067},"id":1039.0,"geometry":{"type":"LineString","coordinates":[[-5.92488633750408,54.81040860377269],[-5.93042537121967,54.8196752661812],[-5.93407539658877,54.82799319241],[-5.93556723375254,54.8349750517503],[-5.9356457988303,54.8441118792368],[-5.93432790778796,54.8514192733756],[-5.93447473747149,54.861256893415295],[-5.93566497795257,54.87762222333829],[-5.93651425935883,54.89048347618159],[-5.936707872522869,54.9007882312346],[-5.933990220012389,54.906266236855004],[-5.93122627281531,54.911276989652],[-5.929885661339029,54.919003822619395]]}},{"type":"Feature","properties":{"objectid":1040.0,"category":"625k","feature":"625k_Fault","feature_d":"Fault at rockhead","fltname_c":" ","fltname_d":" ","sheet":"625k_V5_Bedrock","version":"5.17","released":"23- 4-2008","nom_scale":"625000","nom_os_yr":"2005 HC","nom_bgs_yr":"2007","mslink":107067},"id":1040.0,"geometry":{"type":"LineString","coordinates":[[-6.22221705250184,54.8463281792975],[-6.2011847372286395,54.8538234938113],[-6.18346177651429,54.858758146086096],[-6.16216438949448,54.8638128845652],[-6.14506196057979,54.868532557145],[-6.133130375005069,54.872885698884595],[-6.12230419542386,54.8785153258665],[-6.10943094448367,54.8864680477339],[-6.0954830114178495,54.8935161378362],[-6.081933287351739,54.8981065225581],[-6.063544745315779,54.9032333022765],[-6.04960655818449,54.9072692928005],[-6.04402083509494,54.9100860639007],[-6.038122391649029,54.91629499083],[-6.03110938973398,54.9244195115251],[-6.02476239145762,54.9327066256093],[-6.022858889720769,54.946297661294295],[-6.02231482829178,54.9588615400408],[-6.0217287429371495,54.9643031493037]]}},{"type":"Feature","properties":{"objectid":1041.0,"category":"625k","feature":"625k_Fault","feature_d":"Fault at rockhead","fltname_c":" ","fltname_d":" ","sheet":"625k_V5_Bedrock","version":"5.17","released":"23- 4-2008","nom_scale":"625000","nom_os_yr":"2005 HC","nom_bgs_yr":"2007","mslink":107067},"id":1041.0,"geometry":{"type":"LineString","coordinates":[[-6.024282137376829,54.95981991742389],[-6.04167144404535,54.970348925103096],[-6.05088884496,54.97556044307159],[-6.07430391887585,54.987711566708796]]}},{"type":"Feature","properties":{"objectid":1042.0,"category":"625k","feature":"625k_Fault","feature_d":"Fault at rockhead","fltname_c":" ","fltname_d":" ","sheet":"625k_V5_Bedrock","version":"5.17","released":"23- 4-2008","nom_scale":"625000","nom_os_yr":"2005 HC","nom_bgs_yr":"2007","mslink":107067},"id":1042.0,"geometry":{"type":"LineString","coordinates":[[-6.67044622482146,54.739079835167004],[-6.66081952160683,54.730680217508],[-6.65747509550753,54.7275820044306],[-6.65528315340194,54.7260036198166],[-6.6447333529393795,54.7191599215048],[-6.64227540943633,54.7177578032626],[-6.637335401067399,54.7147379152301],[-6.631028989225349,54.7105649402815]]}},{"type":"Feature","properties":{"objectid":1043.0,"category":"625k","feature":"625k_Fault","feature_d":"Fault at rockhead","fltname_c":" ","fltname_d":" ","sheet":"625k_V5_Bedrock","version":"5.17","released":"23- 4-2008","nom_scale":"625000","nom_os_yr":"2005 HC","nom_bgs_yr":"2007","mslink":107067},"id":1043.0,"geometry":{"type":"LineString","coordinates":[[-7.56989057230281,54.693282350964395],[-7.58839986020294,54.6953393861023],[-7.59581747663572,54.695899581216594],[-7.59847467970857,54.6960368243601],[-7.60856221789406,54.6965696494106],[-7.61299789441919,54.6970682106334],[-7.619228979817789,54.698012534983796],[-7.62907748553007,54.6997793227599]]}},{"type":"Feature","properties":{"objectid":1044.0,"category":"625k","feature":"625k_Fault","feature_d":"Fault at rockhead","fltname_c":" ","fltname_d":" ","sheet":"625k_V5_Bedrock","version":"5.17","released":"23- 4-2008","nom_scale":"625000","nom_os_yr":"2005 HC","nom_bgs_yr":"2007","mslink":107067},"id":1044.0,"geometry":{"type":"LineString","coordinates":[[-7.94473968647091,54.393412378055],[-7.932648651141309,54.3983007710485],[-7.923328435016949,54.4009857685748],[-7.911252304402689,54.4038054219582],[-7.90187761016018,54.4058626629902],[-7.89569580557422,54.4073601535953],[-7.892266224715209,54.4084239826836],[-7.87657466905716,54.4131892023974],[-7.86401475035595,54.417751437479005],[-7.854923092189879,54.4215128365882],[-7.84111370006488,54.429048323115296],[-7.8323434776784,54.435530504335006],[-7.82571988004141,54.4425138401351],[-7.820126153261379,54.44944698693809],[-7.8038318219482,54.4611882397207],[-7.79959716024516,54.463286638024194],[-7.76994695647774,54.470279170465005],[-7.75338626101696,54.473404496172],[-7.72211724540671,54.4824310051729],[-7.707258644972369,54.487465080758],[-7.69277466381123,54.4937899832246],[-7.6773321519834,54.4993107139347],[-7.65788972567713,54.5035931240802],[-7.615222673859069,54.5122177657857],[-7.60735320230123,54.5138974128883],[-7.5925013012737095,54.5192331479729],[-7.5763175208952696,54.5251778153255],[-7.560393447848879,54.53112125218],[-7.55752396463076,54.5321344987625],[-7.52713218404887,54.542762281185496],[-7.52656194737138,54.542951900565896],[-7.5068959359906104,54.5494887241196],[-7.4915571396604195,54.553188494202],[-7.4744724631988495,54.556721248353],[-7.459424449389529,54.559405827016896],[-7.43850715629055,54.562490650345296],[-7.42390845801051,54.5640113971282]]}},{"type":"Feature","properties":{"objectid":1045.0,"category":"625k","feature":"625k_Fault","feature_d":"Fault at rockhead","fltname_c":" ","fltname_d":" ","sheet":"625k_V5_Bedrock","version":"5.17","released":"23- 4-2008","nom_scale":"625000","nom_os_yr":"2005 HC","nom_bgs_yr":"2007","mslink":107067},"id":1045.0,"geometry":{"type":"LineString","coordinates":[[-7.87574804457776,54.4134895296138],[-7.86972841974679,54.4240998909264],[-7.86910372740958,54.4261171344846],[-7.868458447198189,54.428699572734004]]}},{"type":"Feature","properties":{"objectid":1046.0,"category":"625k","feature":"625k_Fault","feature_d":"Fault at rockhead","fltname_c":" ","fltname_d":" ","sheet":"625k_V5_Bedrock","version":"5.17","released":"23- 4-2008","nom_scale":"625000","nom_os_yr":"2005 HC","nom_bgs_yr":"2007","mslink":107067},"id":1046.0,"geometry":{"type":"LineString","coordinates":[[-6.4487943437491895,54.619302685758],[-6.41592653220489,54.601489802943604],[-6.474706722413609,54.5840309381666]]}},{"type":"Feature","properties":{"objectid":1047.0,"category":"625k","feature":"625k_Fault","feature_d":"Fault at rockhead","fltname_c":" ","fltname_d":" ","sheet":"625k_V5_Bedrock","version":"5.17","released":"23- 4-2008","nom_scale":"625000","nom_os_yr":"2005 HC","nom_bgs_yr":"2007","mslink":107067},"id":1047.0,"geometry":{"type":"LineString","coordinates":[[-6.469546446090189,54.745560267778096],[-6.47916223208677,54.728578683756005],[-6.48434199163619,54.71309076504839],[-6.48365523143896,54.6964900396489],[-6.4779598631561,54.6760846008795],[-6.459748845428379,54.6774226253176],[-6.44525505908031,54.681281442016],[-6.428327834617639,54.68389753392359],[-6.41025521919745,54.686552973271496],[-6.381891061259839,54.689578942781495],[-6.36388374986111,54.69288998519801],[-6.33371935809919,54.7006244391659],[-6.28451655330567,54.713016732446896],[-6.267704099793289,54.7169357709979],[-6.25969477499333,54.7172179720221],[-6.249119194374949,54.7149298632274],[-6.23941188762808,54.7099505479636],[-6.22814881042149,54.7010350219568]]}},{"type":"Feature","properties":{"objectid":1048.0,"category":"625k","feature":"625k_Fault","feature_d":"Fault at rockhead","fltname_c":" ","fltname_d":" ","sheet":"625k_V5_Bedrock","version":"5.17","released":"23- 4-2008","nom_scale":"625000","nom_os_yr":"2005 HC","nom_bgs_yr":"2007","mslink":107067},"id":1048.0,"geometry":{"type":"LineString","coordinates":[[-6.32081840303263,54.5240826937913],[-6.322733557900049,54.5292815688227],[-6.32464925062306,54.53448040981559],[-6.330961431564609,54.55300469934149]]}},{"type":"Feature","properties":{"objectid":1049.0,"category":"625k","feature":"625k_Fault","feature_d":"Fault at rockhead","fltname_c":" ","fltname_d":" ","sheet":"625k_V5_Bedrock","version":"5.17","released":"23- 4-2008","nom_scale":"625000","nom_os_yr":"2005 HC","nom_bgs_yr":"2007","mslink":107067},"id":1049.0,"geometry":{"type":"LineString","coordinates":[[-6.1085919265717195,54.99968178092539],[-6.09687699614749,55.01438054066929],[-6.08552046107597,55.025043248315896],[-6.081815580675809,55.028541437794495],[-6.07624915549655,55.03381652982009],[-6.07108548779953,55.0357055738452],[-6.065769502791619,55.037950759736695],[-6.060452916988369,55.040195722164796],[-6.04940505788048,55.046374821261004],[-6.03931226974235,55.052409388231396],[-6.02505716194617,55.061597895247196]]}},{"type":"Feature","properties":{"objectid":1050.0,"category":"625k","feature":"625k_Fault","feature_d":"Fault at rockhead","fltname_c":" ","fltname_d":" ","sheet":"625k_V5_Bedrock","version":"5.17","released":"23- 4-2008","nom_scale":"625000","nom_os_yr":"2005 HC","nom_bgs_yr":"2007","mslink":107067},"id":1050.0,"geometry":{"type":"LineString","coordinates":[[-5.72366073893112,54.253395693628],[-5.71496494900013,54.2607039509045],[-5.705434676332639,54.2716291886943],[-5.69333897099176,54.2859895862057],[-5.67626244109377,54.30357825977819],[-5.67447061448749,54.3156631731908],[-5.670943018154549,54.3297593343966],[-5.670485548478039,54.335975290133],[-5.666781615139469,54.3475116494382],[-5.66390086142032,54.363546193477]]}},{"type":"Feature","properties":{"objectid":1051.0,"category":"625k","feature":"625k_Fault","feature_d":"Fault at rockhead","fltname_c":" ","fltname_d":" ","sheet":"625k_V5_Bedrock","version":"5.17","released":"23- 4-2008","nom_scale":"625000","nom_os_yr":"2005 HC","nom_bgs_yr":"2007","mslink":107067},"id":1051.0,"geometry":{"type":"LineString","coordinates":[[-5.67626244109377,54.30357825977819],[-5.66866995116159,54.30613379360629],[-5.65960913862002,54.3082119853014],[-5.64132574379865,54.3105685970575],[-5.636046608440969,54.3136121782725],[-5.60673784404947,54.3238664606508],[-5.57855083998143,54.332998562259895],[-5.5502580591337995,54.34104546798879],[-5.53758400056621,54.3443021505815]]}},{"type":"Feature","properties":{"objectid":1052.0,"category":"625k","feature":"625k_Fault","feature_d":"Fault at rockhead","fltname_c":" ","fltname_d":" ","sheet":"625k_V5_Bedrock","version":"5.17","released":"23- 4-2008","nom_scale":"625000","nom_os_yr":"2005 HC","nom_bgs_yr":"2007","mslink":107067},"id":1052.0,"geometry":{"type":"LineString","coordinates":[[-6.49572895488321,54.3430059479752],[-6.49632916816731,54.3399408400913],[-6.496507324158939,54.3392253009657],[-6.49672656756026,54.3357111254551],[-6.4968749520191,54.3339939622991],[-6.494750482510749,54.3174313202014],[-6.49473810519392,54.31211124404229],[-6.49277411914584,54.3045362818606],[-6.48955818213875,54.29850439812759],[-6.48634323181721,54.292472406214095],[-6.485795160537069,54.2900490101328],[-6.4852471606133895,54.2876256006783],[-6.4874276381092395,54.281558724526896],[-6.489607521522689,54.2754918169428]]}},{"type":"Feature","properties":{"objectid":1053.0,"category":"625k","feature":"625k_Fault","feature_d":"Fault at rockhead","fltname_c":" ","fltname_d":" ","sheet":"625k_V5_Bedrock","version":"5.17","released":"23- 4-2008","nom_scale":"625000","nom_os_yr":"2005 HC","nom_bgs_yr":"2007","mslink":107067},"id":1053.0,"geometry":{"type":"LineString","coordinates":[[-6.49672656756026,54.3357111254551],[-6.5122353155839,54.331690102390596],[-6.6107719140996695,54.3039635540137],[-6.6203905801954,54.3001672464073],[-6.628675273569879,54.295686980765595],[-6.63343340788893,54.2896281970488],[-6.645774125337099,54.2803388235339],[-6.65434445954832,54.2755623829246],[-6.6632868317261895,54.2717655798758],[-6.68858134135354,54.263069737515],[-6.70783858826046,54.2565580178046],[-6.72239141770542,54.2511324015359],[-6.731222495649289,54.248378357269395],[-6.740916029884239,54.2457540588655],[-6.7709559750235595,54.2365903698303],[-6.79277506685905,54.229434168843596],[-6.803987403831649,54.2256278309509]]}},{"type":"Feature","properties":{"objectid":1054.0,"category":"625k","feature":"625k_Fault","feature_d":"Fault at rockhead","fltname_c":" ","fltname_d":" ","sheet":"625k_V5_Bedrock","version":"5.17","released":"23- 4-2008","nom_scale":"625000","nom_os_yr":"2005 HC","nom_bgs_yr":"2007","mslink":107067},"id":1054.0,"geometry":{"type":"LineString","coordinates":[[-5.792937803430839,54.5777960783287],[-5.82822738834363,54.563762605955496],[-5.84721463271872,54.5529793302336],[-5.86080838474658,54.5455644136805],[-5.87800519918303,54.540026902140696],[-5.942746352739119,54.5060155016881],[-5.970753615460799,54.494458991543695],[-5.99772019141333,54.484093795229],[-6.02467293560142,54.473722784432496],[-6.02945386117331,54.4725934412228],[-6.034234515893759,54.4714639218989],[-6.067156796757899,54.4589995786243],[-6.09019188474192,54.4525687977413],[-6.11321956673591,54.4461337397157],[-6.15320380063553,54.4354541520671],[-6.23823642587975,54.4138123091233],[-6.29136560574156,54.39793321513729],[-6.335354704411349,54.3850788664786],[-6.34898255539619,54.3802496916519],[-6.36695337287605,54.3722078224763],[-6.452277683241309,54.350599431065795],[-6.4699123141493695,54.3452908846317],[-6.4858422628212,54.34004318300269],[-6.496507324158939,54.3392253009657]]}},{"type":"Feature","properties":{"objectid":1055.0,"category":"625k","feature":"625k_Fault","feature_d":"Fault at rockhead","fltname_c":" ","fltname_d":" ","sheet":"625k_V5_Bedrock","version":"5.17","released":"23- 4-2008","nom_scale":"625000","nom_os_yr":"2005 HC","nom_bgs_yr":"2007","mslink":107067},"id":1055.0,"geometry":{"type":"LineString","coordinates":[[-5.957894398266001,54.5241839099375],[-5.94555173542697,54.52762427636159],[-5.92994497215709,54.532037155822],[-5.916978436766029,54.536796128644596],[-5.90514488839146,54.541733922672904],[-5.89551889602252,54.546382453925006],[-5.88735765974502,54.550766163377894],[-5.87940207888815,54.5548961462514],[-5.87309755859459,54.5577306848978],[-5.862195901207929,54.5627856395884],[-5.84858980034147,54.5688586893126],[-5.83671820400006,54.57357381337749],[-5.8266437859036095,54.5775801948597],[-5.81712956617974,54.579616105064595]]}},{"type":"Feature","properties":{"objectid":1056.0,"category":"625k","feature":"625k_Fault","feature_d":"Fault at rockhead","fltname_c":" ","fltname_d":" ","sheet":"625k_V5_Bedrock","version":"5.17","released":"23- 4-2008","nom_scale":"625000","nom_os_yr":"2005 HC","nom_bgs_yr":"2007","mslink":107067},"id":1056.0,"geometry":{"type":"LineString","coordinates":[[-5.98166936970083,54.519498237141896],[-5.9729410667214,54.5217377678951],[-5.957894398266001,54.5241839099375]]}},{"type":"Feature","properties":{"objectid":1057.0,"category":"625k","feature":"625k_Fault","feature_d":"Fault at rockhead","fltname_c":" ","fltname_d":" ","sheet":"625k_V5_Bedrock","version":"5.17","released":"23- 4-2008","nom_scale":"625000","nom_os_yr":"2005 HC","nom_bgs_yr":"2007","mslink":107067},"id":1057.0,"geometry":{"type":"LineString","coordinates":[[-5.996108674053709,54.5146833531118],[-5.98166936970083,54.519498237141896]]}},{"type":"Feature","properties":{"objectid":1058.0,"category":"625k","feature":"625k_Fault","feature_d":"Fault at rockhead","fltname_c":" ","fltname_d":" ","sheet":"625k_V5_Bedrock","version":"5.17","released":"23- 4-2008","nom_scale":"625000","nom_os_yr":"2005 HC","nom_bgs_yr":"2007","mslink":107067},"id":1058.0,"geometry":{"type":"LineString","coordinates":[[-6.05107556477447,54.4938747619384],[-6.04378452974831,54.495527184169894],[-6.035871579222019,54.498394791274],[-6.021220299789119,54.5047399568838],[-6.01087356240817,54.5094220633793],[-5.996108674053709,54.5146833531118]]}},{"type":"Feature","properties":{"objectid":1059.0,"category":"625k","feature":"625k_Fault","feature_d":"Fault at rockhead","fltname_c":" ","fltname_d":" ","sheet":"625k_V5_Bedrock","version":"5.17","released":"23- 4-2008","nom_scale":"625000","nom_os_yr":"2005 HC","nom_bgs_yr":"2007","mslink":107067},"id":1059.0,"geometry":{"type":"LineString","coordinates":[[-6.323221249590989,54.4180535038016],[-6.2875454801140895,54.425401276395],[-6.27391446810565,54.4302236045178]]}},{"type":"Feature","properties":{"objectid":1060.0,"category":"625k","feature":"625k_Fault","feature_d":"Fault at rockhead","fltname_c":" ","fltname_d":" ","sheet":"625k_V5_Bedrock","version":"5.17","released":"23- 4-2008","nom_scale":"625000","nom_os_yr":"2005 HC","nom_bgs_yr":"2007","mslink":107067},"id":1060.0,"geometry":{"type":"LineString","coordinates":[[-6.25879755173148,54.435096815421005],[-6.21280236806838,54.4436535704074],[-6.17289712299954,54.4537171996725],[-6.143882363505799,54.461224609286795]]}},{"type":"Feature","properties":{"objectid":1061.0,"category":"625k","feature":"625k_Fault","feature_d":"Fault at rockhead","fltname_c":" ","fltname_d":" ","sheet":"625k_V5_Bedrock","version":"5.17","released":"23- 4-2008","nom_scale":"625000","nom_os_yr":"2005 HC","nom_bgs_yr":"2007","mslink":107067},"id":1061.0,"geometry":{"type":"LineString","coordinates":[[-6.11948314127196,54.470302605639695],[-6.10363345697457,54.4756145726937]]}},{"type":"Feature","properties":{"objectid":1062.0,"category":"625k","feature":"625k_Fault","feature_d":"Fault at rockhead","fltname_c":" ","fltname_d":" ","sheet":"625k_V5_Bedrock","version":"5.17","released":"23- 4-2008","nom_scale":"625000","nom_os_yr":"2005 HC","nom_bgs_yr":"2007","mslink":107067},"id":1062.0,"geometry":{"type":"LineString","coordinates":[[-6.44733524737822,54.3733457448397],[-6.418051813249079,54.3833851548577],[-6.39665518654119,54.39000242500929],[-6.386079759228299,54.3930374456797]]}},{"type":"Feature","properties":{"objectid":1063.0,"category":"625k","feature":"625k_Fault","feature_d":"Fault at rockhead","fltname_c":" ","fltname_d":" ","sheet":"625k_V5_Bedrock","version":"5.17","released":"23- 4-2008","nom_scale":"625000","nom_os_yr":"2005 HC","nom_bgs_yr":"2007","mslink":107067},"id":1063.0,"geometry":{"type":"LineString","coordinates":[[-6.48492226936345,54.31170019589509],[-6.44010664723813,54.322219339755094],[-6.4230798121567,54.3278338171885],[-6.40863998554054,54.3328149794946],[-6.363964877920509,54.3442886081491],[-6.346777987778119,54.34856767183489],[-6.31746175356992,54.356604611365896],[-6.301572181685129,54.362493060371904],[-6.27077603381686,54.3728985960759],[-6.257469805271399,54.3763619304575],[-6.23809064806836,54.3816999427074],[-6.22345103454571,54.3888637217931],[-6.19267363387374,54.4004106570115],[-6.10912852494854,54.425230659083006],[-6.0936836512334995,54.43041056946989],[-6.05666094713423,54.442300536984696],[-6.05974309532493,54.438872152285796],[-5.98635814685086,54.4582750905715],[-5.95491381068136,54.478392518665004],[-5.97074685675933,54.4776152401883],[-5.94068185575863,54.4912125869037],[-5.90227018488656,54.505586928929404],[-5.88004539449254,54.5133659187371],[-5.862274658442019,54.518756046578794],[-5.84449912884845,54.524143631394196],[-5.83377878605467,54.5286398945076],[-5.82305607821212,54.53313524968049],[-5.79735195262402,54.5455812470897],[-5.7871600366758305,54.5497241509405],[-5.77696604702732,54.55386622491],[-5.7658256076517995,54.559003547968594]]}},{"type":"Feature","properties":{"objectid":1064.0,"category":"625k","feature":"625k_Fault","feature_d":"Fault at rockhead","fltname_c":" ","fltname_d":" ","sheet":"625k_V5_Bedrock","version":"5.17","released":"23- 4-2008","nom_scale":"625000","nom_os_yr":"2005 HC","nom_bgs_yr":"2007","mslink":107067},"id":1064.0,"geometry":{"type":"LineString","coordinates":[[-5.683792033655969,54.598035788763696],[-5.67813494436078,54.59936491838619],[-5.6719182790651095,54.6009138146462],[-5.663890855197719,54.6046542775959],[-5.6553128449765495,54.61346191319001],[-5.6507998065202605,54.6181892190717],[-5.6392360385604094,54.631491827907396]]}},{"type":"Feature","properties":{"objectid":1065.0,"category":"625k","feature":"625k_Fault","feature_d":"Fault at rockhead","fltname_c":" ","fltname_d":" ","sheet":"625k_V5_Bedrock","version":"5.17","released":"23- 4-2008","nom_scale":"625000","nom_os_yr":"2005 HC","nom_bgs_yr":"2007","mslink":107067},"id":1065.0,"geometry":{"type":"LineString","coordinates":[[-5.650331157885139,54.618728525468796],[-5.612484379975469,54.629517995617],[-5.5356279175813,54.6502942007323]]}},{"type":"Feature","properties":{"objectid":1066.0,"category":"625k","feature":"625k_Fault","feature_d":"Fault at rockhead","fltname_c":" ","fltname_d":" ","sheet":"625k_V5_Bedrock","version":"5.17","released":"23- 4-2008","nom_scale":"625000","nom_os_yr":"2005 HC","nom_bgs_yr":"2007","mslink":107067},"id":1066.0,"geometry":{"type":"LineString","coordinates":[[-6.644599714954469,54.1806472774362],[-6.64682363107153,54.183531998324],[-6.65333334486858,54.1919734531936],[-6.66284209176916,54.204074531115495]]}},{"type":"Feature","properties":{"objectid":1067.0,"category":"625k","feature":"625k_Fault","feature_d":"Fault at rockhead","fltname_c":" ","fltname_d":" ","sheet":"625k_V5_Bedrock","version":"5.17","released":"23- 4-2008","nom_scale":"625000","nom_os_yr":"2005 HC","nom_bgs_yr":"2007","mslink":107067},"id":1067.0,"geometry":{"type":"LineString","coordinates":[[-6.60783172047356,54.1583922596125],[-6.617929824253479,54.1695145166521],[-6.623667313935549,54.1757399093161],[-6.62670955977999,54.178958203078004],[-6.62849994031642,54.1812553609687]]}},{"type":"Feature","properties":{"objectid":1068.0,"category":"625k","feature":"625k_Fault","feature_d":"Fault at rockhead","fltname_c":" ","fltname_d":" ","sheet":"625k_V5_Bedrock","version":"5.17","released":"23- 4-2008","nom_scale":"625000","nom_os_yr":"2005 HC","nom_bgs_yr":"2007","mslink":107067},"id":1068.0,"geometry":{"type":"LineString","coordinates":[[-5.79147594220836,54.4510427089315],[-5.8449126752364,54.428260427677],[-5.86005258663172,54.4225850113122],[-5.8715766930445605,54.4179501763129],[-5.93020139783374,54.3962176380123],[-5.9504782645617595,54.38790846799],[-5.96649401575353,54.3827281634179],[-5.9825056691934995,54.3775457957847],[-6.00666989759647,54.368433384875395],[-6.12195472102333,54.33728207502379],[-6.14132926065535,54.3319628159381],[-6.15783150116156,54.32640705219669],[-6.2372928553938305,54.3027591884663],[-6.2592270488172,54.2950027716848],[-6.26817228406014,54.2905322883817],[-6.28942168731715,54.2800770036103],[-6.317807130567879,54.268778491480795],[-6.3397178676010695,54.2612181846584],[-6.375885581956539,54.249949321984204],[-6.398552786429709,54.2365085398102],[-6.45003031815578,54.2099868335385],[-6.46367072884508,54.2034743201423],[-6.47259450023492,54.2007399214305],[-6.48025753909842,54.2002140605672],[-6.48752706426689,54.198812466337294],[-6.49981956811281,54.195915250604],[-6.5057738626085095,54.19268624401201],[-6.52055972636302,54.1886446700553],[-6.57263461081524,54.1755547582245],[-6.57834025011086,54.180957103868],[-6.617929824253479,54.1695145166521]]}},{"type":"Feature","properties":{"objectid":1069.0,"category":"625k","feature":"625k_Fault","feature_d":"Fault at rockhead","fltname_c":" ","fltname_d":" ","sheet":"625k_V5_Bedrock","version":"5.17","released":"23- 4-2008","nom_scale":"625000","nom_os_yr":"2005 HC","nom_bgs_yr":"2007","mslink":107067},"id":1069.0,"geometry":{"type":"LineString","coordinates":[[-5.7894701805633195,54.53016356500309],[-5.79078701544086,54.5153544219372],[-5.79087985931169,54.5071895333207],[-5.78980560658757,54.49559862759019],[-5.787512504903249,54.4707049475699],[-5.79147594220836,54.4510427089315],[-5.806193166697899,54.3987429783246],[-5.8140563031595,54.3764791674108]]}},{"type":"Feature","properties":{"objectid":1070.0,"category":"625k","feature":"625k_Fault","feature_d":"Fault at rockhead","fltname_c":" ","fltname_d":" ","sheet":"625k_V5_Bedrock","version":"5.17","released":"23- 4-2008","nom_scale":"625000","nom_os_yr":"2005 HC","nom_bgs_yr":"2007","mslink":107067},"id":1070.0,"geometry":{"type":"LineString","coordinates":[[-6.65333334486858,54.1919734531936],[-6.64801517081083,54.19385432930339],[-6.63629792762193,54.197996896525396],[-6.622216074227,54.2040790045461],[-6.617117728022479,54.206875113138196],[-6.56323763228318,54.2232802933477],[-6.54670858111757,54.2289842021482],[-6.51094510253735,54.2402573413506],[-6.486507050377489,54.2499736182119],[-6.44612273561989,54.264776229863195],[-6.432821266805379,54.2698773326302],[-6.41651165758307,54.2768634363309],[-6.4002319187718895,54.283264929102394],[-6.38875058908711,54.288173979969],[-6.381224765621529,54.2922856231906],[-6.37474684327145,54.2974550995397],[-6.36551247255107,54.3041285176215],[-6.3605207650147095,54.3064188181299],[-6.350215947356819,54.3091710551663],[-6.3401031285573,54.3110435532532],[-6.32687873709598,54.31453459124219],[-6.16155485894814,54.368836633717],[-6.13612462592329,54.3763617513862],[-6.117389463271859,54.382659155312595],[-6.09642384187437,54.38935430445701]]}},{"type":"Feature","properties":{"objectid":1071.0,"category":"625k","feature":"625k_Fault","feature_d":"Fault at rockhead","fltname_c":" ","fltname_d":" ","sheet":"625k_V5_Bedrock","version":"5.17","released":"23- 4-2008","nom_scale":"625000","nom_os_yr":"2005 HC","nom_bgs_yr":"2007","mslink":107067},"id":1071.0,"geometry":{"type":"LineString","coordinates":[[-6.10267269203654,54.3986750126267],[-6.09652302705128,54.390348367529796],[-6.09642384187437,54.38935430445701],[-6.0951152972734395,54.38757956071019],[-6.09132084121812,54.3809147543875]]}},{"type":"Feature","properties":{"objectid":1072.0,"category":"625k","feature":"625k_Fault","feature_d":"Fault at rockhead","fltname_c":" ","fltname_d":" ","sheet":"625k_V5_Bedrock","version":"5.17","released":"23- 4-2008","nom_scale":"625000","nom_os_yr":"2005 HC","nom_bgs_yr":"2007","mslink":107067},"id":1072.0,"geometry":{"type":"LineString","coordinates":[[-6.060610834216989,54.3872515150943],[-6.07615255555557,54.3917038354786],[-6.080388909019661,54.3931839735743],[-6.082627834699349,54.393812029173695],[-6.08623203528982,54.395684755551194],[-6.09410663857388,54.400755925740896]]}},{"type":"Feature","properties":{"objectid":1073.0,"category":"625k","feature":"625k_Fault","feature_d":"Fault at rockhead","fltname_c":" ","fltname_d":" ","sheet":"625k_V5_Bedrock","version":"5.17","released":"23- 4-2008","nom_scale":"625000","nom_os_yr":"2005 HC","nom_bgs_yr":"2007","mslink":107067},"id":1073.0,"geometry":{"type":"LineString","coordinates":[[-6.0951152972734395,54.38757956071019],[-6.07615255555557,54.3917038354786]]}},{"type":"Feature","properties":{"objectid":1074.0,"category":"625k","feature":"625k_Fault","feature_d":"Fault at rockhead","fltname_c":" ","fltname_d":" ","sheet":"625k_V5_Bedrock","version":"5.17","released":"23- 4-2008","nom_scale":"625000","nom_os_yr":"2005 HC","nom_bgs_yr":"2007","mslink":107067},"id":1074.0,"geometry":{"type":"LineString","coordinates":[[-5.81422607654243,54.521559106053495],[-5.8142510746103495,54.501991982982894],[-5.815000134323269,54.4958247727604],[-5.813912049979719,54.485128952580595],[-5.81278042642402,54.4795999599805],[-5.8111752574542,54.4722908285668],[-5.810742116632869,54.467637294956695],[-5.810640333271899,54.459921659804294]]}},{"type":"Feature","properties":{"objectid":1075.0,"category":"625k","feature":"625k_Fault","feature_d":"Fault at rockhead","fltname_c":" ","fltname_d":" ","sheet":"625k_V5_Bedrock","version":"5.17","released":"23- 4-2008","nom_scale":"625000","nom_os_yr":"2005 HC","nom_bgs_yr":"2007","mslink":107067},"id":1075.0,"geometry":{"type":"LineString","coordinates":[[-6.080388909019661,54.3931839735743],[-6.064854209957799,54.3984022882837],[-6.04610413734353,54.404684969248],[-6.023169459166279,54.411935483945],[-6.00022653737871,54.4191817751168],[-5.98672597670309,54.4239508096935],[-5.97322222954552,54.428718391778894],[-5.9671209886568795,54.431822129260695],[-5.96179393127412,54.4356702068558],[-5.95176507580275,54.4405466734274],[-5.94605154578666,54.442576096244395],[-5.92956861161305,54.4490982582222],[-5.921546044196179,54.451686447329294],[-5.91352242976702,54.4542741193667],[-5.90248387373352,54.4569331295328],[-5.88415177801335,54.460375125093],[-5.87446457922783,54.4635123347816],[-5.8647758858567,54.4666487892282],[-5.843180259405649,54.4736548177511],[-5.8292963860279094,54.4777529453014],[-5.822746286898379,54.480952505171196],[-5.81619514408081,54.484151734172094],[-5.8139344303949,54.4853490246021]]}},{"type":"Feature","properties":{"objectid":1076.0,"category":"625k","feature":"625k_Fault","feature_d":"Fault at rockhead","fltname_c":" ","fltname_d":" ","sheet":"625k_V5_Bedrock","version":"5.17","released":"23- 4-2008","nom_scale":"625000","nom_os_yr":"2005 HC","nom_bgs_yr":"2007","mslink":107067},"id":1076.0,"geometry":{"type":"LineString","coordinates":[[-5.814237594901719,54.5124969844022],[-5.8087273196889795,54.514306754115196],[-5.795619095532089,54.5177113860512],[-5.78250863426391,54.5211146282403],[-5.77338411919986,54.524391940007895],[-5.76425813606009,54.5276685836209],[-5.73209034292072,54.54142304118479]]}},{"type":"Feature","properties":{"objectid":1077.0,"category":"625k","feature":"625k_Fault","feature_d":"Fault at rockhead","fltname_c":" ","fltname_d":" ","sheet":"625k_V5_Bedrock","version":"5.17","released":"23- 4-2008","nom_scale":"625000","nom_os_yr":"2005 HC","nom_bgs_yr":"2007","mslink":107067},"id":1077.0,"geometry":{"type":"LineString","coordinates":[[-5.723372011489749,54.4842381191443],[-5.71286040840414,54.4867839543738],[-5.69975244715739,54.4901781779427],[-5.68611364338693,54.4932873610074],[-5.67012780619908,54.4973770021339],[-5.65866439429844,54.5001695451363],[-5.63962098253408,54.504733657922095]]}},{"type":"Feature","properties":{"objectid":1078.0,"category":"625k","feature":"625k_Fault","feature_d":"Fault at rockhead","fltname_c":" ","fltname_d":" ","sheet":"625k_V5_Bedrock","version":"5.17","released":"23- 4-2008","nom_scale":"625000","nom_os_yr":"2005 HC","nom_bgs_yr":"2007","mslink":107067},"id":1078.0,"geometry":{"type":"LineString","coordinates":[[-5.78997974620523,54.4584671568055],[-5.77641941829543,54.4622071990175],[-5.762382837654459,54.466965294566094],[-5.74934288349927,54.471073661659396],[-5.74209894274654,54.4729440426794],[-5.7280195002262095,54.4764294240416]]}},{"type":"Feature","properties":{"objectid":1079.0,"category":"625k","feature":"625k_Fault","feature_d":"Fault at rockhead","fltname_c":" ","fltname_d":" ","sheet":"625k_V5_Bedrock","version":"5.17","released":"23- 4-2008","nom_scale":"625000","nom_os_yr":"2005 HC","nom_bgs_yr":"2007","mslink":107067},"id":1079.0,"geometry":{"type":"LineString","coordinates":[[-5.5191423635711,54.5662023412293],[-5.52220146689711,54.571811322694195],[-5.52830765088481,54.5806890291878],[-5.5358868968683295,54.592524088377594],[-5.54860256483177,54.613091852744596]]}},{"type":"Feature","properties":{"objectid":1080.0,"category":"625k","feature":"625k_Fault","feature_d":"Fault at rockhead","fltname_c":" ","fltname_d":" ","sheet":"625k_V5_Bedrock","version":"5.17","released":"23- 4-2008","nom_scale":"625000","nom_os_yr":"2005 HC","nom_bgs_yr":"2007","mslink":107067},"id":1080.0,"geometry":{"type":"LineString","coordinates":[[-6.372422793197289,54.2510289536473],[-6.3674344608177895,54.2365014843655],[-6.35779733088292,54.2159131138087],[-6.33726893843498,54.1755071051649],[-6.33001843846293,54.164949937118],[-6.32459876370619,54.157414457394395],[-6.31523863458754,54.1472856322129],[-6.30789706142647,54.1395457959137]]}},{"type":"Feature","properties":{"objectid":1081.0,"category":"625k","feature":"625k_Fault","feature_d":"Fault at rockhead","fltname_c":" ","fltname_d":" ","sheet":"625k_V5_Bedrock","version":"5.17","released":"23- 4-2008","nom_scale":"625000","nom_os_yr":"2005 HC","nom_bgs_yr":"2007","mslink":107067},"id":1081.0,"geometry":{"type":"LineString","coordinates":[[-5.6363715829190495,54.5684354632573],[-5.62446945445128,54.5714566318403],[-5.60870531394393,54.5746481432673],[-5.59727380751305,54.5777086865756],[-5.59180946517753,54.5802024146409],[-5.588798444559299,54.5839829445211],[-5.5842544687794895,54.5864628743407],[-5.5431020736165495,54.6041975453172],[-5.52250448838352,54.6108225876128]]}},{"type":"Feature","properties":{"objectid":1082.0,"category":"625k","feature":"625k_Fault","feature_d":"Fault at rockhead","fltname_c":" ","fltname_d":" ","sheet":"625k_V5_Bedrock","version":"5.17","released":"23- 4-2008","nom_scale":"625000","nom_os_yr":"2005 HC","nom_bgs_yr":"2007","mslink":107067},"id":1082.0,"geometry":{"type":"LineString","coordinates":[[-6.11838161389181,55.0506471215721],[-6.08503963563403,55.067530167048005],[-6.075275782181669,55.0733948438818],[-6.068672979657669,55.0787427990638],[-6.064458062074761,55.0829852069849],[-6.06183321712697,55.088814931467496],[-6.0605047738331495,55.0968570806696]]}},{"type":"Feature","properties":{"objectid":1185.0,"category":"625k","feature":"625k_Fault","feature_d":"Fault at rockhead","fltname_c":" ","fltname_d":" ","sheet":"625k_V5_Bedrock","version":"5.17","released":"23- 4-2008","nom_scale":"625000","nom_os_yr":"2005 HC","nom_bgs_yr":"2007","mslink":107067},"id":1185.0,"geometry":{"type":"LineString","coordinates":[[-6.75690223095294,54.74683608479779],[-6.73145885861381,54.755560755363796],[-6.720557043694839,54.7593327870522],[-6.688512795477589,54.77188623930339]]}},{"type":"Feature","properties":{"objectid":1186.0,"category":"625k","feature":"625k_Fault","feature_d":"Fault at rockhead","fltname_c":" ","fltname_d":" ","sheet":"625k_V5_Bedrock","version":"5.17","released":"23- 4-2008","nom_scale":"625000","nom_os_yr":"2005 HC","nom_bgs_yr":"2007","mslink":107067},"id":1186.0,"geometry":{"type":"LineString","coordinates":[[-6.770483438390509,54.749812334198296],[-6.7632896387954995,54.754408246686594],[-6.747390758249849,54.766026983972395]]}},{"type":"Feature","properties":{"objectid":1187.0,"category":"625k","feature":"625k_Thrust_Fault_Barbs_on_hanging_wall_side","feature_d":"Thrust Fault; barbs on hanging wall side","fltname_c":" ","fltname_d":" ","sheet":"625k_V5_Bedrock","version":"5.17","released":"23- 4-2008","nom_scale":"625000","nom_os_yr":"2005 HC","nom_bgs_yr":"2007","mslink":107069},"id":1187.0,"geometry":{"type":"LineString","coordinates":[[-7.12750231102417,54.6741991670082],[-7.1194251086067295,54.677386653384005],[-7.1077119327532,54.6846838328484],[-7.094362051381779,54.6911473514774],[-7.0767470093660005,54.6982605829063],[-7.05666531646322,54.7097271486176],[-7.03900656565202,54.718065076134394],[-7.0299588850870895,54.7212842122888],[-6.99409577140616,54.7333523586048],[-6.987122310143519,54.735416327952],[-6.97884272562719,54.7360304924397],[-6.9729547750431795,54.735433868223005],[-6.96331091644197,54.7339846007208],[-6.951500964684819,54.7341564903969],[-6.94225907809703,54.7354434242153],[-6.92961430103595,54.740391134905096],[-6.91788177622943,54.7464394582331],[-6.912410546178769,54.7478944365747],[-6.90441904956275,54.7481919764279]]}},{"type":"Feature","properties":{"objectid":1188.0,"category":"625k","feature":"625k_Thrust_Fault_Barbs_on_hanging_wall_side","feature_d":"Thrust Fault; barbs on hanging wall side","fltname_c":" ","fltname_d":" ","sheet":"625k_V5_Bedrock","version":"5.17","released":"23- 4-2008","nom_scale":"625000","nom_os_yr":"2005 HC","nom_bgs_yr":"2007","mslink":107069},"id":1188.0,"geometry":{"type":"LineString","coordinates":[[-7.52713218404887,54.542762281185496],[-7.52689701525873,54.5427846425116],[-7.501298672040619,54.545215520221596],[-7.4514104287508305,54.552271870404795],[-7.43829187510306,54.5536302287204],[-7.41433126923607,54.558913227114495],[-7.39788811110559,54.563658782930396],[-7.3623646061399795,54.576278526477196],[-7.353443237721749,54.579734419940394],[-7.34190561812781,54.584980073808595],[-7.3367136670113,54.5873398234831],[-7.327513819551919,54.587313628359496],[-7.32119096219681,54.58699288161179],[-7.310572257470319,54.58767685050739],[-7.3004672014401795,54.590382259766095],[-7.290327549861679,54.594999748505295],[-7.284181897436939,54.6012343271845],[-7.28050086475382,54.602487913598004],[-7.26727629768013,54.6053845565077],[-7.2527282651734595,54.610503552924094],[-7.24331610341133,54.6148027539875],[-7.2380932123337205,54.6200842115883],[-7.23445767385222,54.6236218053611],[-7.22910974511471,54.625713572733005],[-7.220285460644029,54.627676475042804],[-7.21162489302136,54.630596353101794],[-7.20884398986414,54.6323850486248],[-7.20732159933848,54.6353510525013],[-7.2043405047734295,54.6379886079277],[-7.196398527635849,54.641443550191006],[-7.18939405659046,54.6437351329159],[-7.18051696814864,54.648033040702],[-7.172958892054179,54.650426210706094],[-7.16742113572768,54.6525139620215],[-7.16224696694599,54.6547102566896],[-7.158292132271609,54.6578733122349]]}},{"type":"Feature","properties":{"objectid":1204.0,"category":"625k","feature":"625k_Fault","feature_d":"Fault at rockhead","fltname_c":" ","fltname_d":" ","sheet":"625k_V5_Bedrock","version":"5.17","released":"23- 4-2008","nom_scale":"625000","nom_os_yr":"2005 HC","nom_bgs_yr":"2007","mslink":107067},"id":1204.0,"geometry":{"type":"LineString","coordinates":[[-7.257801064894189,55.0453121931973],[-7.26294940941461,55.04156083355279],[-7.331559171064099,54.9930205166205],[-7.36838193586246,54.965834559366],[-7.39290685116765,54.9474358051602],[-7.41489008645267,54.9260668455554],[-7.435253014539489,54.8966760334278],[-7.4369447329092795,54.893792542643496],[-7.43790110695644,54.8921622232681],[-7.44051920135552,54.8876984690798],[-7.441550656618089,54.8859410620738]]}},{"type":"Feature","properties":{"objectid":1205.0,"category":"625k","feature":"625k_Fault","feature_d":"Fault at rockhead","fltname_c":" ","fltname_d":" ","sheet":"625k_V5_Bedrock","version":"5.17","released":"23- 4-2008","nom_scale":"625000","nom_os_yr":"2005 HC","nom_bgs_yr":"2007","mslink":107067},"id":1205.0,"geometry":{"type":"LineString","coordinates":[[-7.7038741352155595,54.6804707817229],[-7.70244761504417,54.6838224777228],[-7.70088796710548,54.6874862866924],[-7.69846872303213,54.6931679924751],[-7.691760579470249,54.7108591049693],[-7.687698885200769,54.7248822396342],[-7.686809473821519,54.7299683029316],[-7.68674462269012,54.730407220402796]]}},{"type":"Feature","properties":{"objectid":1206.0,"category":"625k","feature":"625k_Fault","feature_d":"Fault at rockhead","fltname_c":" ","fltname_d":" ","sheet":"625k_V5_Bedrock","version":"5.17","released":"23- 4-2008","nom_scale":"625000","nom_os_yr":"2005 HC","nom_bgs_yr":"2007","mslink":107067},"id":1206.0,"geometry":{"type":"LineString","coordinates":[[-7.806840211823849,54.7213283389465],[-7.81888266945912,54.7168794812975],[-7.839011667274309,54.7102858634603],[-7.858347628698749,54.703231274202196],[-7.87215769059251,54.6973096291729],[-7.888332949590289,54.689333491768096],[-7.90746021911499,54.6793023558733],[-7.91254115825108,54.6770670654487]]}},{"type":"Feature","properties":{"objectid":1207.0,"category":"625k","feature":"625k_Fault","feature_d":"Fault at rockhead","fltname_c":" ","fltname_d":" ","sheet":"625k_V5_Bedrock","version":"5.17","released":"23- 4-2008","nom_scale":"625000","nom_os_yr":"2005 HC","nom_bgs_yr":"2007","mslink":107067},"id":1207.0,"geometry":{"type":"LineString","coordinates":[[-7.8793247573603695,54.6565796897642],[-7.876584274076939,54.662346937342],[-7.865058383351049,54.68145123061719],[-7.8542055733858795,54.697867768314396]]}},{"type":"Feature","properties":{"objectid":1208.0,"category":"625k","feature":"625k_Fault","feature_d":"Fault at rockhead","fltname_c":" ","fltname_d":" ","sheet":"625k_V5_Bedrock","version":"5.17","released":"23- 4-2008","nom_scale":"625000","nom_os_yr":"2005 HC","nom_bgs_yr":"2007","mslink":107067},"id":1208.0,"geometry":{"type":"LineString","coordinates":[[-7.8513463781455695,54.639027896548896],[-7.8189429578637,54.6463358950168],[-7.75971409263133,54.661318594414006],[-7.750363497584199,54.6638381624332],[-7.745300472149349,54.665195408210394],[-7.726073941317339,54.6710424597015],[-7.71370556133575,54.6756512376942],[-7.7038741352155595,54.6804707817229]]}},{"type":"Feature","properties":{"objectid":1209.0,"category":"625k","feature":"625k_Fault","feature_d":"Fault at rockhead","fltname_c":" ","fltname_d":" ","sheet":"625k_V5_Bedrock","version":"5.17","released":"23- 4-2008","nom_scale":"625000","nom_os_yr":"2005 HC","nom_bgs_yr":"2007","mslink":107067},"id":1209.0,"geometry":{"type":"LineString","coordinates":[[-7.594793795034729,54.7449403707124],[-7.59668566167526,54.7412522668661],[-7.615495391666199,54.722360080303595],[-7.62825386063647,54.7103843623081],[-7.634584679221899,54.7053946445943],[-7.649700215287499,54.6937428166332],[-7.6583591003078295,54.68708341686249],[-7.66556886036412,54.68153637690129],[-7.67906163401844,54.6711500600431],[-7.691282705430649,54.6611685127194],[-7.6947365204189895,54.658329080995294],[-7.7199932249527095,54.6395065906353],[-7.73076062537942,54.633964083819],[-7.74613373143189,54.6260421213723],[-7.75010141056824,54.6240409087941],[-7.7526472162884295,54.6209220066024]]}},{"type":"Feature","properties":{"objectid":1210.0,"category":"625k","feature":"625k_Fault","feature_d":"Fault at rockhead","fltname_c":" ","fltname_d":" ","sheet":"625k_V5_Bedrock","version":"5.17","released":"23- 4-2008","nom_scale":"625000","nom_os_yr":"2005 HC","nom_bgs_yr":"2007","mslink":107067},"id":1210.0,"geometry":{"type":"LineString","coordinates":[[-7.86757881075999,54.5361912328167],[-7.880790850064649,54.526119173263595],[-7.896802398178719,54.5163137168761],[-7.9041605048278205,54.5088854476754],[-7.90737979098887,54.5064938579834],[-7.91823676948635,54.4990504079075],[-7.936734444322079,54.4886090092838],[-7.9571734414462,54.4810631968478],[-7.9751179373546,54.4745483297993],[-7.99579835473298,54.4681299457024],[-8.00389175535444,54.4655568515682],[-8.02179177505198,54.4599798660056],[-8.04017826619902,54.455400717739195],[-8.07987910952411,54.4455173696923],[-8.09702949819933,54.441931037403]]}},{"type":"Feature","properties":{"objectid":1211.0,"category":"625k","feature":"625k_Fault","feature_d":"Fault at rockhead","fltname_c":" ","fltname_d":" ","sheet":"625k_V5_Bedrock","version":"5.17","released":"23- 4-2008","nom_scale":"625000","nom_os_yr":"2005 HC","nom_bgs_yr":"2007","mslink":107067},"id":1211.0,"geometry":{"type":"LineString","coordinates":[[-7.85906211664208,54.4331970738491],[-7.87999568742823,54.43145453383389],[-7.893365162957,54.429113531894004],[-7.90295285731307,54.426179696445004],[-7.90749374668234,54.424859391563395],[-7.91556514486031,54.422805962753394],[-7.9317084506358295,54.4169323057115],[-7.93978096055364,54.41222951961019],[-7.94728482535026,54.4076704652001],[-7.95728728082112,54.3997722248414],[-7.964622049502001,54.392528380783396],[-7.96664108744098,54.3878218442541],[-7.96866009925553,54.3825268893241],[-7.9721889357997,54.3779677345936],[-7.978486691885619,54.3732618972113],[-7.986797171363789,54.368114688217396],[-7.99485372571278,54.3639965718397],[-7.99938484924603,54.361054718421],[-8.00155067048459,54.3594481835337]]}},{"type":"Feature","properties":{"objectid":1212.0,"category":"625k","feature":"625k_Fault","feature_d":"Fault at rockhead","fltname_c":" ","fltname_d":" ","sheet":"625k_V5_Bedrock","version":"5.17","released":"23- 4-2008","nom_scale":"625000","nom_os_yr":"2005 HC","nom_bgs_yr":"2007","mslink":107067},"id":1212.0,"geometry":{"type":"LineString","coordinates":[[-7.95280180582821,54.3437232488352],[-7.955232781004989,54.33926638331489],[-7.960518346144389,54.3326894717996],[-7.96574316586261,54.3265861956842],[-7.96687977875905,54.3252306578622]]}},{"type":"Feature","properties":{"objectid":1213.0,"category":"625k","feature":"625k_Fault","feature_d":"Fault at rockhead","fltname_c":" ","fltname_d":" ","sheet":"625k_V5_Bedrock","version":"5.17","released":"23- 4-2008","nom_scale":"625000","nom_os_yr":"2005 HC","nom_bgs_yr":"2007","mslink":107067},"id":1213.0,"geometry":{"type":"LineString","coordinates":[[-7.57381176756781,54.3103232983214],[-7.62562916743497,54.318144799080194],[-7.657626393789379,54.3222510872822],[-7.685666665304709,54.3246669631934],[-7.71018935786521,54.3247511876575],[-7.727700900715949,54.324229949819596],[-7.74662663699321,54.3223924166373],[-7.76480416473168,54.3190300448435],[-7.78459744503549,54.314147751978005],[-7.80106097761289,54.310895411072494],[-7.828743090724939,54.3059778900821],[-7.843689933066259,54.305345561523005],[-7.873356033177879,54.305119302003],[-7.8988343066964095,54.305716855372495],[-7.9101790109101096,54.3064159142539],[-7.93275826591428,54.3096952057973],[-7.93570485369576,54.31029746059],[-7.946385686609389,54.3116141912235],[-7.95353228027691,54.3120210782286]]}},{"type":"Feature","properties":{"objectid":1214.0,"category":"625k","feature":"625k_Fault","feature_d":"Fault at rockhead","fltname_c":" ","fltname_d":" ","sheet":"625k_V5_Bedrock","version":"5.17","released":"23- 4-2008","nom_scale":"625000","nom_os_yr":"2005 HC","nom_bgs_yr":"2007","mslink":107067},"id":1214.0,"geometry":{"type":"LineString","coordinates":[[-7.50494393405986,54.3392194225432],[-7.5231246910762195,54.325234056914596],[-7.54011339053909,54.3137474650244],[-7.55804644663393,54.3031072658777],[-7.5721137693606,54.2930142802457],[-7.574899276486209,54.2908673067536],[-7.69019472786056,54.2048209535649]]}},{"type":"Feature","properties":{"objectid":1215.0,"category":"625k","feature":"625k_Fault","feature_d":"Fault at rockhead","fltname_c":" ","fltname_d":" ","sheet":"625k_V5_Bedrock","version":"5.17","released":"23- 4-2008","nom_scale":"625000","nom_os_yr":"2005 HC","nom_bgs_yr":"2007","mslink":107067},"id":1215.0,"geometry":{"type":"LineString","coordinates":[[-7.685230040158579,54.196415638971295],[-7.664615385553479,54.2055387218415],[-7.609412951395949,54.229055238009494],[-7.54336141237329,54.2565760568274]]}},{"type":"Feature","properties":{"objectid":1216.0,"category":"625k","feature":"625k_Fault","feature_d":"Fault at rockhead","fltname_c":" ","fltname_d":" ","sheet":"625k_V5_Bedrock","version":"5.17","released":"23- 4-2008","nom_scale":"625000","nom_os_yr":"2005 HC","nom_bgs_yr":"2007","mslink":107067},"id":1216.0,"geometry":{"type":"LineString","coordinates":[[-7.6821372949531,54.1938606962704],[-7.6780904435784905,54.1953173421408],[-7.66286790547402,54.200510922691194],[-7.6585888262241095,54.202167206956496],[-7.61930609209868,54.217604438508694],[-7.604027088640909,54.2236928509265],[-7.535477881203869,54.250961283857]]}},{"type":"Feature","properties":{"objectid":1217.0,"category":"625k","feature":"625k_Fault","feature_d":"Fault at rockhead","fltname_c":" ","fltname_d":" ","sheet":"625k_V5_Bedrock","version":"5.17","released":"23- 4-2008","nom_scale":"625000","nom_os_yr":"2005 HC","nom_bgs_yr":"2007","mslink":107067},"id":1217.0,"geometry":{"type":"LineString","coordinates":[[-7.65778442091633,54.1859693145257],[-7.6561769338165595,54.192674295298396],[-7.652568122571689,54.2006583222641],[-7.6585888262241095,54.202167206956496]]}},{"type":"Feature","properties":{"objectid":1218.0,"category":"625k","feature":"625k_Fault","feature_d":"Fault at rockhead","fltname_c":" ","fltname_d":" ","sheet":"625k_V5_Bedrock","version":"5.17","released":"23- 4-2008","nom_scale":"625000","nom_os_yr":"2005 HC","nom_bgs_yr":"2007","mslink":107067},"id":1218.0,"geometry":{"type":"LineString","coordinates":[[-7.3607083560522995,54.238981142326594],[-7.35644615699142,54.2330517899309],[-7.352961848318349,54.2281878431221],[-7.3396140599931,54.207290619693],[-7.33073420226759,54.193305872245595],[-7.32045474001257,54.1793826076815],[-7.307462364078349,54.165841441267006]]}},{"type":"Feature","properties":{"objectid":1219.0,"category":"625k","feature":"625k_Fault","feature_d":"Fault at rockhead","fltname_c":" ","fltname_d":" ","sheet":"625k_V5_Bedrock","version":"5.17","released":"23- 4-2008","nom_scale":"625000","nom_os_yr":"2005 HC","nom_bgs_yr":"2007","mslink":107067},"id":1219.0,"geometry":{"type":"LineString","coordinates":[[-7.33163907294278,54.24778172915779],[-7.32773672642654,54.2370602710023],[-7.32421027223968,54.2282762692733],[-7.3179903562239,54.2151626644371],[-7.285446256357349,54.17097375812109]]}},{"type":"Feature","properties":{"objectid":1220.0,"category":"625k","feature":"625k_Fault","feature_d":"Fault at rockhead","fltname_c":" ","fltname_d":" ","sheet":"625k_V5_Bedrock","version":"5.17","released":"23- 4-2008","nom_scale":"625000","nom_os_yr":"2005 HC","nom_bgs_yr":"2007","mslink":107067},"id":1220.0,"geometry":{"type":"LineString","coordinates":[[-7.39035235215184,54.125598273985695],[-7.37006747717233,54.1350364770222],[-7.3485413372808,54.1443316008775],[-7.31754239122963,54.1574828365617]]}},{"type":"Feature","properties":{"objectid":1221.0,"category":"625k","feature":"625k_Fault","feature_d":"Fault at rockhead","fltname_c":" ","fltname_d":" ","sheet":"625k_V5_Bedrock","version":"5.17","released":"23- 4-2008","nom_scale":"625000","nom_os_yr":"2005 HC","nom_bgs_yr":"2007","mslink":107067},"id":1221.0,"geometry":{"type":"LineString","coordinates":[[-7.28731655410916,54.1700459925373],[-7.25145967890266,54.187820778605]]}},{"type":"Feature","properties":{"objectid":1222.0,"category":"625k","feature":"625k_Fault","feature_d":"Fault at rockhead","fltname_c":" ","fltname_d":" ","sheet":"625k_V5_Bedrock","version":"5.17","released":"23- 4-2008","nom_scale":"625000","nom_os_yr":"2005 HC","nom_bgs_yr":"2007","mslink":107067},"id":1222.0,"geometry":{"type":"LineString","coordinates":[[-7.102000961716199,54.3600376580865],[-7.131533924565889,54.3666799599136],[-7.144503287969499,54.3694820172263],[-7.16165660175591,54.37295689423819],[-7.180153219369069,54.3756643316499],[-7.18772456064185,54.377016721194394],[-7.1991719953677595,54.3796452837589],[-7.2029400746607095,54.381188154822496],[-7.20590543719794,54.3827208152193]]}},{"type":"Feature","properties":{"objectid":1223.0,"category":"625k","feature":"625k_Fault","feature_d":"Fault at rockhead","fltname_c":" ","fltname_d":" ","sheet":"625k_V5_Bedrock","version":"5.17","released":"23- 4-2008","nom_scale":"625000","nom_os_yr":"2005 HC","nom_bgs_yr":"2007","mslink":107067},"id":1223.0,"geometry":{"type":"LineString","coordinates":[[-7.1873330931986,54.398717420496794],[-7.16978714966473,54.404244979556395],[-7.16287514172853,54.4056439188372],[-7.13398589741898,54.40920182512129],[-7.12799644544545,54.40982956008389],[-7.111086238581339,54.41149673208],[-7.09798923952445,54.4120580005256],[-7.087474756979749,54.413479793789094],[-7.068646441062739,54.4155484110799],[-7.056281767503309,54.4159768203856],[-7.04658825726227,54.4157559444799],[-7.043745067869089,54.41560445432889]]}},{"type":"Feature","properties":{"objectid":1224.0,"category":"625k","feature":"625k_Fault","feature_d":"Fault at rockhead","fltname_c":" ","fltname_d":" ","sheet":"625k_V5_Bedrock","version":"5.17","released":"23- 4-2008","nom_scale":"625000","nom_os_yr":"2005 HC","nom_bgs_yr":"2007","mslink":107067},"id":1224.0,"geometry":{"type":"LineString","coordinates":[[-7.014299707226329,54.4142369301172],[-6.99019501994298,54.4134166068214],[-6.949341632157889,54.413236054626594],[-6.916198146283979,54.415294278613096],[-6.87984107673048,54.4189930375642],[-6.86482501402834,54.4208680789057],[-6.85264730582981,54.424111747946895],[-6.83342800288476,54.431988645180695],[-6.81131840809588,54.44374491188069],[-6.7891602363447,54.454224606160395],[-6.779761424696519,54.46034373746169],[-6.775862408379,54.465635550622096],[-6.7678290181354095,54.4835659247443],[-6.76191698268943,54.490360292841196],[-6.75759893468686,54.4934999135527],[-6.753084679740749,54.4962403691588],[-6.74951588397394,54.498406500388],[-6.73456009319681,54.506952858233795],[-6.72346501365893,54.515181608419596],[-6.7075967435905595,54.5244175298828],[-6.694093549754619,54.5316617063869]]}},{"type":"Feature","properties":{"objectid":1225.0,"category":"625k","feature":"625k_Fault","feature_d":"Fault at rockhead","fltname_c":" ","fltname_d":" ","sheet":"625k_V5_Bedrock","version":"5.17","released":"23- 4-2008","nom_scale":"625000","nom_os_yr":"2005 HC","nom_bgs_yr":"2007","mslink":107067},"id":1225.0,"geometry":{"type":"LineString","coordinates":[[-6.81131840809588,54.44374491188069],[-6.81447760600976,54.428889582207496],[-6.825375505204559,54.4102280991593],[-6.83596773014308,54.3902141110659],[-6.83934122761567,54.3706723778498],[-6.84145714553616,54.3509239648813],[-6.84895365386825,54.323976954985696],[-6.85691481861754,54.3046600904741]]}},{"type":"Feature","properties":{"objectid":1226.0,"category":"625k","feature":"625k_Fault","feature_d":"Fault at rockhead","fltname_c":" ","fltname_d":" ","sheet":"625k_V5_Bedrock","version":"5.17","released":"23- 4-2008","nom_scale":"625000","nom_os_yr":"2005 HC","nom_bgs_yr":"2007","mslink":107067},"id":1226.0,"geometry":{"type":"LineString","coordinates":[[-6.75996799099954,54.435896165575],[-6.76441093395416,54.42550182383739],[-6.768569113887859,54.4062955945837],[-6.77082362235918,54.3951844705988],[-6.78234712313755,54.36958688447],[-6.80042769193956,54.3317313240038],[-6.80592165182198,54.319834436410304],[-6.81363230646555,54.30195740632409],[-6.82034826985113,54.2867045870653],[-6.82645244264078,54.2777476936393],[-6.833664183391679,54.2690755380976],[-6.83670026017127,54.265660967100494]]}},{"type":"Feature","properties":{"objectid":1227.0,"category":"625k","feature":"625k_Fault","feature_d":"Fault at rockhead","fltname_c":" ","fltname_d":" ","sheet":"625k_V5_Bedrock","version":"5.17","released":"23- 4-2008","nom_scale":"625000","nom_os_yr":"2005 HC","nom_bgs_yr":"2007","mslink":107067},"id":1227.0,"geometry":{"type":"LineString","coordinates":[[-6.52594873747949,54.30403131987959],[-6.54102515485749,54.2987352858401],[-6.554432596617639,54.2946024986261],[-6.57506313334894,54.284919272043595],[-6.62115091230221,54.2681424131383],[-6.73919485062324,54.2230703711958],[-6.788185626126659,54.2061989221269]]}},{"type":"Feature","properties":{"objectid":1228.0,"category":"625k","feature":"625k_Fault","feature_d":"Fault at rockhead","fltname_c":" ","fltname_d":" ","sheet":"625k_V5_Bedrock","version":"5.17","released":"23- 4-2008","nom_scale":"625000","nom_os_yr":"2005 HC","nom_bgs_yr":"2007","mslink":107067},"id":1228.0,"geometry":{"type":"LineString","coordinates":[[-6.801924811946599,54.215213218199295],[-6.803987403831649,54.2256278309509],[-6.81337911767323,54.245450576440795],[-6.8174072695896495,54.253584031414796]]}},{"type":"Feature","properties":{"objectid":1229.0,"category":"625k","feature":"625k_Fault","feature_d":"Fault at rockhead","fltname_c":" ","fltname_d":" ","sheet":"625k_V5_Bedrock","version":"5.17","released":"23- 4-2008","nom_scale":"625000","nom_os_yr":"2005 HC","nom_bgs_yr":"2007","mslink":107067},"id":1229.0,"geometry":{"type":"LineString","coordinates":[[-5.815000134323269,54.4958247727604],[-5.823291963959269,54.4929029690665],[-5.82718380916508,54.4917823394968],[-5.85340725529067,54.485296607783496],[-5.86134393022783,54.4847105405582],[-5.88439461453212,54.4809789366523],[-5.89555493887321,54.4782921217153],[-5.904485269127509,54.4761750894262],[-5.91341463257057,54.4740574025984],[-5.93047848162575,54.4683342893576],[-5.96343378745185,54.4559289126224],[-5.9881416561052,54.4453178957319],[-6.0325866664579095,54.4273078647484],[-6.08076776775997,54.4104811478133],[-6.12620556425632,54.3966505408424],[-6.21254286349063,54.366400022855196],[-6.29351280973251,54.3398377577635],[-6.3261527273328895,54.3310221702468],[-6.35042030807829,54.323830276395604],[-6.369721855725089,54.3181437125967],[-6.380733750870649,54.3147509406073],[-6.410607017006179,54.2981859854835],[-6.414604809810339,54.296555211492],[-6.42871871126761,54.2903838726045],[-6.444561892485909,54.284479474254894],[-6.47422304012805,54.2750671923122],[-6.52246044086748,54.260899071184596],[-6.53625843050212,54.2554525564565],[-6.56142743190319,54.2468523633614],[-6.6792376843345,54.20531934155039],[-6.692067440201599,54.2013666849406],[-6.69787056571052,54.1997738039718]]}},{"type":"Feature","properties":{"objectid":1230.0,"category":"625k","feature":"625k_Fault","feature_d":"Fault at rockhead","fltname_c":" ","fltname_d":" ","sheet":"625k_V5_Bedrock","version":"5.17","released":"23- 4-2008","nom_scale":"625000","nom_os_yr":"2005 HC","nom_bgs_yr":"2007","mslink":107067},"id":1230.0,"geometry":{"type":"LineString","coordinates":[[-6.63700354601697,54.170148622250295],[-6.623667313935549,54.1757399093161]]}},{"type":"Feature","properties":{"objectid":1231.0,"category":"625k","feature":"625k_Fault","feature_d":"Fault at rockhead","fltname_c":" ","fltname_d":" ","sheet":"625k_V5_Bedrock","version":"5.17","released":"23- 4-2008","nom_scale":"625000","nom_os_yr":"2005 HC","nom_bgs_yr":"2007","mslink":107067},"id":1231.0,"geometry":{"type":"LineString","coordinates":[[-6.55786882244647,54.0512943088553],[-6.553674235712,54.0531762194683],[-6.52700897029992,54.0647294679155],[-6.48246307061662,54.08222518392]]}},{"type":"Feature","properties":{"objectid":1232.0,"category":"625k","feature":"625k_Fault","feature_d":"Fault at rockhead","fltname_c":" ","fltname_d":" ","sheet":"625k_V5_Bedrock","version":"5.17","released":"23- 4-2008","nom_scale":"625000","nom_os_yr":"2005 HC","nom_bgs_yr":"2007","mslink":107067},"id":1232.0,"geometry":{"type":"LineString","coordinates":[[-6.4965945818032695,54.1637811300755],[-6.492841356429169,54.1592201589774],[-6.485794962703539,54.148211628986196],[-6.46457485349999,54.1143238002861],[-6.448312139587779,54.0938437964291],[-6.4455140091126895,54.086888991313096],[-6.44636399431107,54.081721709852395],[-6.4483837374399,54.077679880088596],[-6.45000416762119,54.0756363215057],[-6.45301580829438,54.07219243577919]]}},{"type":"Feature","properties":{"objectid":1233.0,"category":"625k","feature":"625k_Fault","feature_d":"Fault at rockhead","fltname_c":" ","fltname_d":" ","sheet":"625k_V5_Bedrock","version":"5.17","released":"23- 4-2008","nom_scale":"625000","nom_os_yr":"2005 HC","nom_bgs_yr":"2007","mslink":107067},"id":1233.0,"geometry":{"type":"LineString","coordinates":[[-6.44985469169475,54.1905148326341],[-6.4376989397773405,54.1797864446444],[-6.43498318050243,54.176768495334],[-6.40985147594438,54.1519751056703],[-6.39950218323502,54.1420424026109],[-6.3843526708552,54.1283589423621],[-6.37228122130814,54.1163639236503],[-6.36394400833837,54.10670622869019]]}},{"type":"Feature","properties":{"objectid":1234.0,"category":"625k","feature":"625k_Fault","feature_d":"Fault at rockhead","fltname_c":" ","fltname_d":" ","sheet":"625k_V5_Bedrock","version":"5.17","released":"23- 4-2008","nom_scale":"625000","nom_os_yr":"2005 HC","nom_bgs_yr":"2007","mslink":107067},"id":1234.0,"geometry":{"type":"LineString","coordinates":[[-6.32028548098439,54.1211649999461],[-6.3048416118247195,54.110952367153196],[-6.30172254004599,54.1080787412975]]}},{"type":"Feature","properties":{"objectid":1235.0,"category":"625k","feature":"625k_Fault","feature_d":"Fault at rockhead","fltname_c":" ","fltname_d":" ","sheet":"625k_V5_Bedrock","version":"5.17","released":"23- 4-2008","nom_scale":"625000","nom_os_yr":"2005 HC","nom_bgs_yr":"2007","mslink":107067},"id":1235.0,"geometry":{"type":"LineString","coordinates":[[-6.19057343776002,54.09515943125209],[-6.174711055985729,54.10648474057229],[-6.1681047445983,54.112726894129096],[-6.16180818924551,54.1219074040721],[-6.15561690299223,54.1294503749807],[-6.12002519204789,54.1675912857313],[-6.11047111823219,54.1809013327833],[-6.10124582192168,54.1926052624326]]}},{"type":"Feature","properties":{"objectid":1236.0,"category":"625k","feature":"625k_Fault","feature_d":"Fault at rockhead","fltname_c":" ","fltname_d":" ","sheet":"625k_V5_Bedrock","version":"5.17","released":"23- 4-2008","nom_scale":"625000","nom_os_yr":"2005 HC","nom_bgs_yr":"2007","mslink":107067},"id":1236.0,"geometry":{"type":"LineString","coordinates":[[-7.18197887963888,54.405174617971696],[-7.1873330931986,54.398717420496794],[-7.19287071488805,54.3920366204539],[-7.19981430970296,54.3853976072231],[-7.20590543719794,54.3827208152193],[-7.21413468251959,54.3807130349707],[-7.22228162699305,54.380290789036096],[-7.233983294713279,54.3798890240328],[-7.2380849767873,54.3791191309479],[-7.24386507702259,54.375972024304694],[-7.25923333518315,54.369859601021005],[-7.27319870866243,54.3658060156837],[-7.2915243430372,54.3614581606659],[-7.309605851985,54.3551960657293],[-7.34410893941908,54.3432914555662],[-7.3812062206069795,54.3294802838184],[-7.40283888841389,54.320357332435094],[-7.41951656187942,54.31218124287889],[-7.448584862188199,54.2974951902157],[-7.49657480404684,54.27589850574601],[-7.525724894059249,54.2635978630302],[-7.52777492778199,54.2627677906303],[-7.534227858871329,54.26000709653909],[-7.54336141237329,54.2565760568274],[-7.535477881203869,54.250961283857],[-7.37883707711854,54.1412052625604]]}},{"type":"Feature","properties":{"objectid":1237.0,"category":"625k","feature":"625k_Fault","feature_d":"Fault at rockhead","fltname_c":" ","fltname_d":" ","sheet":"625k_V5_Bedrock","version":"5.17","released":"23- 4-2008","nom_scale":"625000","nom_os_yr":"2005 HC","nom_bgs_yr":"2007","mslink":107067},"id":1237.0,"geometry":{"type":"LineString","coordinates":[[-7.37350620619656,54.1374556831125],[-7.37006747717233,54.1350364770222]]}},{"type":"Feature","properties":{"objectid":1238.0,"category":"625k","feature":"625k_Fault","feature_d":"Fault at rockhead","fltname_c":" ","fltname_d":" ","sheet":"625k_V5_Bedrock","version":"5.17","released":"23- 4-2008","nom_scale":"625000","nom_os_yr":"2005 HC","nom_bgs_yr":"2007","mslink":107067},"id":1238.0,"geometry":{"type":"LineString","coordinates":[[-6.71178039454992,54.1947756872121],[-6.7129544935,54.1945051291189],[-6.72107848338439,54.1929697605788],[-6.7264740102164895,54.1917295424787],[-6.74362957163567,54.186997483297795]]}},{"type":"Feature","properties":{"objectid":1239.0,"category":"625k","feature":"625k_Fault","feature_d":"Fault at rockhead","fltname_c":" ","fltname_d":" ","sheet":"625k_V5_Bedrock","version":"5.17","released":"23- 4-2008","nom_scale":"625000","nom_os_yr":"2005 HC","nom_bgs_yr":"2007","mslink":107067},"id":1239.0,"geometry":{"type":"LineString","coordinates":[[-6.86513292628499,54.2847017007341],[-6.867624323227259,54.2786474418184],[-6.868552003622149,54.2761562020704]]}},{"type":"Feature","properties":{"objectid":1240.0,"category":"625k","feature":"625k_Fault","feature_d":"Fault at rockhead","fltname_c":" ","fltname_d":" ","sheet":"625k_V5_Bedrock","version":"5.17","released":"23- 4-2008","nom_scale":"625000","nom_os_yr":"2005 HC","nom_bgs_yr":"2007","mslink":107067},"id":1240.0,"geometry":{"type":"LineString","coordinates":[[-5.6581320500066505,54.5802883163938],[-5.61387520694313,54.6029030351055],[-5.60524879314625,54.6068652793498]]}},{"type":"Feature","properties":{"objectid":1241.0,"category":"625k","feature":"625k_Fault","feature_d":"Fault at rockhead","fltname_c":" ","fltname_d":" ","sheet":"625k_V5_Bedrock","version":"5.17","released":"23- 4-2008","nom_scale":"625000","nom_os_yr":"2005 HC","nom_bgs_yr":"2007","mslink":107067},"id":1241.0,"geometry":{"type":"LineString","coordinates":[[-5.60035301402275,54.6091133859002],[-5.5918601462669795,54.613012186365296],[-5.5696810252646,54.621371430822194],[-5.5206924904882495,54.6379606592547]]}},{"type":"Feature","properties":{"objectid":1242.0,"category":"625k","feature":"625k_Fault","feature_d":"Fault at rockhead","fltname_c":" ","fltname_d":" ","sheet":"625k_V5_Bedrock","version":"5.17","released":"23- 4-2008","nom_scale":"625000","nom_os_yr":"2005 HC","nom_bgs_yr":"2007","mslink":107067},"id":1242.0,"geometry":{"type":"LineString","coordinates":[[-5.58871112509859,54.5489781435841],[-5.52299795818117,54.5729695713852]]}},{"type":"Feature","properties":{"objectid":1243.0,"category":"625k","feature":"625k_Fault","feature_d":"Fault at rockhead","fltname_c":" ","fltname_d":" ","sheet":"625k_V5_Bedrock","version":"5.17","released":"23- 4-2008","nom_scale":"625000","nom_os_yr":"2005 HC","nom_bgs_yr":"2007","mslink":107067},"id":1243.0,"geometry":{"type":"LineString","coordinates":[[-5.5215119128604995,54.5705471617694],[-5.491248109008129,54.581006520759296]]}},{"type":"Feature","properties":{"objectid":1244.0,"category":"625k","feature":"625k_Fault","feature_d":"Fault at rockhead","fltname_c":" ","fltname_d":" ","sheet":"625k_V5_Bedrock","version":"5.17","released":"23- 4-2008","nom_scale":"625000","nom_os_yr":"2005 HC","nom_bgs_yr":"2007","mslink":107067},"id":1244.0,"geometry":{"type":"LineString","coordinates":[[-5.546153698893379,54.504566143746196],[-5.4719812612083,54.531004376907795]]}},{"type":"Feature","properties":{"objectid":1245.0,"category":"625k","feature":"625k_Fault","feature_d":"Fault at rockhead","fltname_c":" ","fltname_d":" ","sheet":"625k_V5_Bedrock","version":"5.17","released":"23- 4-2008","nom_scale":"625000","nom_os_yr":"2005 HC","nom_bgs_yr":"2007","mslink":107067},"id":1245.0,"geometry":{"type":"LineString","coordinates":[[-5.535979216505259,54.47753313094619],[-5.5094981970482895,54.485150844637495],[-5.48980554359908,54.4904479112357],[-5.45667535393691,54.4990606115732]]}}]}