DATETIME,MD,ML,LAT,LON,DEPTH,N.O.,RMS,GAP,ERZ,ERH
2017-01-01 00:07:12,1.4,1.3,37.663,14.966,3.28,15,0.2,240,0.4,0.6
2017-01-01 12:55:20,1,1,37.75,15.006,1.66,10,0.06,102,0.5,0.4
2017-01-02 06:06:06,1.3,1.3,37.71,14.994,7.71,21,0.1,87,0.4,0.3
2017-01-02 09:45:40,1.1,1.2,37.743,15.074,4.61,13,0.27,96,0.6,0.6
2017-01-02 09:46:08,1.9,1.7,37.718,15.067,6.24,28,0.14,114,0.4,0.3
2017-01-02 09:46:46,1.4,1.3,37.737,15.054,4.37,11,0.13,79,0.3,0.4
2017-01-02 09:47:07,1.4,1.3,37.731,15.063,5.21,19,0.19,91,0.6,0.3
2017-01-03 01:05:06,1.6,1.5,37.633,15.09,6.93,28,0.25,201,0.8,0.4
2017-01-03 01:16:06,1.3,1.2,37.659,15.082,4.51,13,0.21,158,1,0.4
2017-01-03 02:02:38,0.8,0.6,37.765,15.122,2.43,8,0.17,95,0.9,0.4
2017-01-04 08:02:38,1.3,1.4,37.71,15.02,4.96,18,0.11,97,0.3,0.3
2017-01-04 18:14:42,1,0.8,37.698,14.977,1.98,7,0.11,100,0.5,0.6
2017-01-04 21:52:05,1.3,1.2,37.754,15.027,3.06,23,0.2,57,0.5,0.2
2017-01-06 01:44:12,1,0.7,37.804,15.048,-1.54,9,0.13,96,0.6,0.2
2017-01-07 04:46:07,2.2,2.1,37.75,15.014,1.49,26,0.28,52,0.2,0.1
2017-01-09 07:57:40,1.7,1.5,37.746,15.027,5.25,10,0.23,122,0.8,0.4
2017-01-09 15:25:12,1.9,1.8,37.642,15.037,4.97,12,0.26,229,0.7,0.6
2017-01-09 22:53:33,1,1.2,37.715,15.016,5.4,7,0.02,142,0.9,0.9
2017-01-10 21:35:28,1.5,1.6,37.7,15.124,15.17,16,0.17,122,0.7,0.8
2017-01-11 00:03:07,1.4,1.4,37.752,14.999,1.29,17,0.24,69,0.3,0.2
2017-01-11 01:04:28,1,1.1,37.692,14.95,1.52,9,0.12,100,0.7,0.3
2017-01-11 04:39:31,1.4,1.4,37.733,15.036,4.6,14,0.17,100,0.5,0.4
2017-01-12 00:04:08,1.2,1.3,37.737,15.042,2.84,16,0.19,80,0.4,0.2
2017-01-13 14:54:06,1.3,1.3,37.708,14.972,7.76,10,0.1,99,0.5,0.7
2017-01-13 16:56:58,1.2,1,37.75,15.056,1.59,16,0.12,68,0.6,0.3
2017-01-13 23:15:44,1.1,1.2,37.719,15.022,3.91,14,0.13,121,0.4,0.5
2017-01-14 18:53:38,1.3,1.1,37.744,14.914,1.72,15,0.08,68,0.3,0.3
2017-01-15 03:23:36,1.3,1.2,37.754,15.005,0.83,22,0.16,52,0.2,0.2
2017-01-15 14:35:19,1.1,1,37.749,15.03,1.57,7,0.09,119,0.5,0.4
2017-01-15 16:48:29,1.2,1.1,37.743,15.049,5.34,10,0.06,96,1.2,0.5
2017-01-15 18:36:07,1,0.9,37.699,15.014,1.99,8,0.12,119,0.4,0.5
2017-01-16 17:44:37,1.5,1.4,37.757,15.003,1.31,24,0.16,50,0.2,0.2
2017-01-17 05:08:42,1,1,37.723,15.025,3.17,8,0.14,175,0.8,0.6
2017-01-17 05:09:49,1,1.1,37.736,15.05,6.06,6,0.03,168,1.8,1.1
2017-01-17 10:30:03,1,1.1,37.753,15.04,6.05,12,0.09,79,0.9,0.5
2017-01-17 13:52:31,1,1.1,37.723,15.018,4.52,8,0.07,180,0.7,0.6
2017-01-18 02:51:23,0.9,1,37.745,15.073,4.18,11,0.14,108,0.6,0.6
2017-01-18 16:55:47,1.6,1.3,37.752,15.004,0.79,24,0.22,47,0.3,0.1
2017-01-18 20:23:44,0.9,1,37.759,15.012,1.03,11,0.16,175,0.5,0.4
2017-01-19 07:48:41,1.6,1.6,37.813,15.095,0.26,20,0.17,93,0.8,0.2
2017-01-19 07:48:52,2.6,2.6,37.815,15.096,0.42,20,0.19,94,0.8,0.2
2017-01-19 08:29:45,2.9,3,37.813,15.097,2.45,29,0.22,69,0.3,0.2
2017-01-19 08:31:44,2.4,2.1,37.816,15.097,3.06,24,0.22,94,0.2,0.2
2017-01-19 08:32:38,2.7,2.4,37.811,15.102,1.84,15,0.33,96,0.3,0.2
2017-01-19 10:46:02,1.3,1.2,37.673,15.06,2.18,12,0.15,184,0.4,0.5
2017-01-20 01:14:22,1,0.9,37.639,14.789,1.21,7,0.11,204,0.6,0.8
2017-01-20 10:32:17,1.1,1,37.741,15.009,1.78,12,0.13,94,0.4,0.3
2017-01-21 01:06:44,1.3,1.4,37.618,14.892,8.56,13,0.3,101,0.6,0.7
2017-01-21 03:48:25,1.1,1.3,37.72,15.019,5.97,10,0.03,92,0.5,0.4
2017-01-21 11:16:35,1.1,1.1,37.738,15.03,1.86,17,0.16,65,0.3,0.2
2017-01-22 04:43:10,1.4,1.3,37.756,15.007,1.93,9,0.09,97,0.5,0.3
2017-01-22 04:43:25,1.5,1.5,37.757,15.008,1.69,12,0.08,97,0.4,0.3
2017-01-23 12:50:33,1.2,1.2,37.621,14.947,2.91,8,0.06,187,1,0.4
2017-01-23 13:33:18,1.4,1.3,37.62,14.954,5.49,10,0.25,190,0.4,0.5
2017-01-23 14:57:42,2,2.1,37.583,15.138,13.82,18,0.23,140,1.1,0.6
2017-01-23 18:44:15,1.7,1.7,37.535,15.032,4.49,17,0.24,154,0.6,0.6
2017-01-23 21:55:55,1.5,1.6,37.626,15.02,9.09,19,0.27,107,0.5,0.4
2017-01-23 22:09:48,1.5,1.6,37.631,15.043,6.82,19,0.28,113,0.6,0.3
2017-01-23 22:11:46,1.4,1.5,37.627,15.046,6.4,18,0.33,158,0.6,0.4
2017-01-23 22:31:27,1.2,1.4,37.65,15.038,5.67,11,0.17,199,0.3,0.6
2017-01-24 09:14:05,1.5,1.5,37.723,14.982,6.23,21,0.21,62,0.4,0.3
2017-01-24 09:17:50,1.2,1.2,37.721,14.982,3.22,14,0.3,64,1,0.4
2017-01-24 09:27:01,1.3,1.3,37.724,14.988,5.27,12,0.13,63,0.6,0.4
2017-01-24 12:24:18,1.5,1.4,37.722,14.996,5.22,15,0.08,60,0.6,0.3
2017-01-24 16:29:06,1.1,0.9,37.755,15.024,2.71,8,0.03,154,1.3,0.4
2017-01-25 02:24:01,1.2,1,37.734,15.077,2.33,20,0.21,69,0.2,0.2
2017-01-25 02:30:24,1.2,1.1,37.741,15.066,3.51,20,0.22,65,0.3,0.2
2017-01-25 07:35:47,1.5,1.4,37.825,14.971,26.95,10,0.17,99,1.1,1.2
2017-01-25 07:36:09,2.2,2.1,37.865,14.94,19.82,17,0.11,78,1,0.5
2017-01-25 07:37:11,2,2,37.836,14.948,26.52,14,0.13,92,1,0.8
2017-01-25 07:38:13,1.5,1.5,37.836,14.953,26.38,11,0.11,92,1,0.9
2017-01-25 07:44:22,1.6,1.6,37.867,14.943,22.82,13,0.07,102,1,0.9
2017-01-25 08:00:14,1.8,1.8,37.86,15.002,18.05,13,0.26,94,0.9,0.6
2017-01-25 08:10:11,1.8,2,37.82,14.956,30.89,14,0.2,130,1.1,0.9
2017-01-25 08:11:06,1.7,1.9,37.825,14.932,28.66,10,0.13,143,0.9,1.2
2017-01-25 08:18:31,1.7,1.9,37.846,14.968,30.57,18,0.19,94,1.1,1
2017-01-25 09:39:44,1.6,1.6,37.845,14.942,24.91,9,0.11,95,2.1,1.3
2017-01-25 09:40:45,1.7,1.9,37.83,14.946,26.95,13,0.19,91,0.8,0.9
2017-01-25 10:19:56,1.3,1.4,37.684,15.008,4.92,20,0.16,201,0.4,0.5
2017-01-25 10:36:20,1.2,1.2,37.673,15.011,6.24,13,0.18,235,0.5,0.9
2017-01-25 11:50:42,1.6,1.7,37.83,14.955,24.6,19,0.17,90,1,0.4
2017-01-25 14:56:10,1.1,1.1,37.738,15.07,3.68,11,0.22,117,0.4,0.4
2017-01-26 00:42:04,1.2,1.2,37.754,15.023,2.76,16,0.17,68,1.2,0.2
2017-01-26 12:37:28,1.5,1.4,37.852,14.95,23.36,12,0.1,97,1.3,0.9
2017-01-27 01:09:24,1,1.1,37.743,15.003,2.12,18,0.09,63,0.3,0.3
2017-01-27 01:43:22,2.8,2.8,37.839,14.937,24.75,27,0.3,55,0.6,0.4
2017-01-27 01:51:35,1.6,1.7,37.831,14.965,26.81,12,0.17,90,0.9,0.8
2017-01-27 01:51:59,1.7,1.7,37.829,14.97,27.03,14,0.17,89,0.9,0.8
2017-01-27 01:58:16,1.8,2,37.819,14.964,31.99,15,0.17,87,1.3,1.3
2017-01-27 02:05:26,1.9,1.9,37.852,14.957,26.95,22,0.19,96,0.7,0.4
2017-01-27 07:03:30,1.2,1.2,37.833,14.963,26.3,9,0.14,113,1.2,1.3
2017-01-27 12:15:35,1.4,1.4,37.743,15.059,4.35,17,0.29,96,0.2,0.3
2017-01-28 01:02:44,1,1.1,37.743,15.006,4.44,9,0.26,249,0.6,0.9
2017-01-28 01:05:58,1.3,1.2,37.709,15.019,4.58,10,0.1,121,0.4,0.5
2017-01-28 01:31:22,1,0.9,37.748,15.121,4.94,15,0.25,85,0.5,0.4
2017-01-28 01:32:24,1.3,1.1,37.741,15.1,6.5,18,0.22,85,0.4,0.3
2017-01-28 01:32:41,0.9,1,37.745,15.108,5.48,11,0.19,81,0.8,0.6
2017-01-28 01:34:22,1.3,1.1,37.742,15.1,7.08,18,0.21,78,0.5,0.4
2017-01-28 01:43:34,0.9,0.9,37.745,15.116,4.96,12,0.21,105,0.8,0.6
2017-01-29 11:30:51,1.8,1.9,37.832,15.178,5.09,24,0.19,118,0.4,0.2
2017-01-29 18:10:15,1.3,1.1,37.667,14.942,3.19,13,0.12,107,0.6,0.4
2017-01-29 20:31:43,1.4,1,37.814,15.064,0.38,12,0.21,126,0.3,0.4
2017-01-29 20:53:38,1.5,1.3,37.83,15.063,0.02,12,0.22,139,0.4,0.3
2017-01-30 01:05:13,1.1,0.9,37.662,14.947,5.18,9,0.14,166,0.6,0.6
2017-01-30 03:01:23,1.4,1.2,37.665,14.952,4.56,11,0.2,165,0.4,0.4
2017-01-30 03:13:34,1.2,1.3,37.663,14.952,4.47,10,0.12,169,0.6,0.6
2017-01-30 06:47:38,1.5,1.6,37.668,14.993,12.77,11,0.11,148,1.2,1.1
2017-01-30 06:50:02,1.6,1.5,37.668,14.941,13.31,14,0.14,159,0.7,0.7
2017-01-30 06:58:30,1.6,1.7,37.666,14.986,13.67,18,0.31,110,0.6,0.5
2017-01-30 07:04:44,1.3,1.3,37.69,14.968,9.25,12,0.14,93,0.7,0.6
2017-01-30 07:11:20,1.5,1.6,37.665,14.908,14.64,14,0.18,166,0.6,0.8
2017-01-30 07:18:06,1.5,1.7,37.667,14.968,12.31,16,0.17,132,0.5,0.5
2017-01-30 07:18:32,1.7,1.8,37.672,14.969,11.57,16,0.18,127,0.6,0.7
2017-01-30 07:18:43,2.5,2.8,37.659,14.986,13.43,15,0.09,152,0.7,0.9
2017-01-30 07:20:11,1.8,1.9,37.63,14.981,14.02,19,0.29,119,0.7,0.7
2017-01-30 07:23:42,1.4,1.6,37.672,15.005,13.57,14,0.15,158,0.7,0.7
2017-01-30 07:24:45,1.5,1.5,37.643,15.002,11.53,13,0.28,193,1,1
2017-01-30 07:33:48,2.1,2,37.68,14.947,11.7,23,0.17,65,0.6,0.4
2017-01-30 07:35:44,1.7,1.7,37.658,14.976,12.18,19,0.32,109,0.6,0.5
2017-01-30 07:36:34,1.7,1.6,37.672,14.986,11.77,16,0.13,138,0.7,0.7
2017-01-30 08:15:33,3.2,3.3,37.666,14.953,13.1,37,0.32,76,0.4,0.3
2017-01-30 08:16:38,2.1,2.3,37.641,15.015,14.11,20,0.25,127,0.6,0.6
2017-01-30 08:18:17,1.4,1.6,37.677,14.976,9.94,17,0.19,125,0.3,0.6
2017-01-30 08:19:07,2.4,2.6,37.694,14.93,14.78,20,0.2,90,1.1,1
2017-01-30 08:22:26,2.2,2.2,37.674,14.942,18.16,25,0.36,77,0.6,0.5
2017-01-30 08:25:48,1.8,1.7,37.67,14.974,12.44,24,0.16,97,0.4,0.5
2017-01-30 08:26:31,1.4,1.5,37.674,14.969,9.55,19,0.13,92,0.4,0.5
2017-01-30 08:28:54,1.8,1.9,37.683,14.948,16.06,22,0.37,57,0.8,0.7
2017-01-30 08:51:51,3.1,3,37.678,14.951,10.03,30,0.26,72,0.3,0.3
2017-01-30 08:53:47,1.6,1.7,37.667,14.954,11.38,19,0.17,108,0.5,0.4
2017-01-30 08:56:45,2.1,1.8,37.677,14.975,11.44,19,0.19,163,0.7,0.7
2017-01-30 08:57:12,2.2,2.1,37.691,14.972,10.64,21,0.18,96,0.5,0.5
2017-01-30 09:03:18,2.3,2.3,37.678,14.96,11.17,27,0.23,74,0.4,0.3
2017-01-30 09:05:02,2,2.1,37.672,14.951,11.03,29,0.24,78,0.3,0.3
2017-01-30 09:43:53,1.7,1.7,37.671,14.966,11.83,13,0.17,127,0.7,0.7
2017-01-30 09:44:28,1.7,1.6,37.688,14.971,12,16,0.22,76,0.6,0.7
2017-01-30 09:44:56,3.1,3,37.688,14.969,10.18,31,0.19,84,0.2,0.4
2017-01-30 09:47:22,1.9,1.9,37.664,14.969,13.54,17,0.18,179,0.6,0.7
2017-01-30 09:48:12,1.3,1.2,37.726,14.97,5.2,15,0.28,49,2.1,0.5
2017-01-30 09:49:05,1.6,1.6,37.679,14.993,9.32,26,0.29,98,0.4,0.4
2017-01-30 09:49:42,1.7,1.7,37.685,14.978,11.45,17,0.2,100,0.9,0.4
2017-01-30 09:51:07,3.6,3.6,37.678,14.967,11.19,41,0.2,74,0.3,0.3
2017-01-30 09:53:02,1.9,2,37.675,14.982,10.94,17,0.21,97,0.3,0.4
2017-01-30 09:53:50,2.3,2.3,37.67,14.973,9.64,29,0.24,70,0.3,0.4
2017-01-30 09:54:47,2.8,2.8,37.675,14.955,10.61,32,0.19,73,0.3,0.2
2017-01-30 09:56:19,2.1,2.2,37.679,14.936,19.14,26,0.15,75,0.5,0.4
2017-01-30 09:59:48,3.2,3.2,37.666,14.962,11,38,0.18,77,0.3,0.3
2017-01-30 10:09:01,2.2,2.3,37.683,14.968,10.53,22,0.2,77,0.4,0.4
2017-01-30 10:24:04,1.7,1.8,37.664,14.961,13.69,16,0.16,131,0.8,0.5
2017-01-30 10:27:04,2.7,2.8,37.673,14.976,11.87,30,0.18,77,0.3,0.3
2017-01-30 10:28:18,1.5,1.6,37.682,14.955,12.27,11,0.12,118,1.2,1.2
2017-01-30 10:35:28,1.8,1.7,37.669,14.964,9.65,26,0.17,69,0.2,0.3
2017-01-30 10:37:03,1.8,1.8,37.678,14.948,13.5,21,0.1,96,0.5,0.5
2017-01-30 11:26:04,1.6,1.6,37.686,14.947,10.24,13,0.22,108,0.5,0.7
2017-01-30 11:43:59,2,2.1,37.647,14.99,14.15,25,0.34,120,0.5,0.5
2017-01-30 11:56:49,1.7,1.7,37.667,14.981,12.15,20,0.2,106,0.4,0.5
2017-01-30 11:58:51,1.7,1.6,37.668,14.973,11.27,15,0.23,99,0.7,0.9
2017-01-30 12:32:18,2.2,2.1,37.672,14.979,11.29,29,0.19,98,0.3,0.3
2017-01-30 14:36:40,1.7,1.6,37.674,14.986,11.77,20,0.15,87,0.5,0.5
2017-01-30 15:06:04,2.1,2.4,37.684,14.965,10.02,36,0.22,86,0.3,0.3
2017-01-30 15:07:54,1.6,1.5,37.684,14.966,9.76,16,0.17,82,0.4,0.6
2017-01-30 16:55:50,1.4,1.4,37.685,15.096,0.52,10,0.17,192,0.6,0.2
2017-01-30 20:45:33,1.7,1.8,37.637,15.004,19.31,12,0.13,225,1.2,1
2017-01-30 21:09:57,1,1.1,37.742,15.059,4.85,16,0.18,103,0.6,0.4
2017-01-30 21:57:40,1.6,1.7,37.67,14.969,13.46,15,0.16,129,1,0.7
2017-01-31 02:10:00,2.2,2.2,37.682,14.952,13.31,32,0.3,76,0.4,0.4
2017-02-01 00:43:54,1.1,1.1,37.743,15.027,3.29,17,0.14,78,0.4,0.3
2017-02-01 04:22:24,1.8,1.7,37.673,14.978,13.16,19,0.2,76,0.7,0.6
2017-02-01 05:35:13,1.5,1.6,37.667,14.976,10.94,13,0.13,159,1,1.1
2017-02-01 05:35:59,1.5,1.5,37.663,14.989,11.93,16,0.12,149,0.8,0.7
2017-02-01 05:54:28,1.6,1.6,37.673,14.983,11.99,21,0.2,99,0.5,0.5
2017-02-01 05:56:12,2.1,2,37.668,14.968,12.23,20,0.21,139,0.6,0.6
2017-02-01 05:59:50,1.6,1.6,37.64,14.988,13.43,16,0.12,267,1,1
2017-02-01 06:08:57,1.7,1.6,37.668,14.966,10.52,23,0.24,95,0.5,0.4
2017-02-01 06:11:47,1.5,1.6,37.682,14.977,13.78,18,0.19,86,1,0.5
2017-02-01 12:37:13,1,1.1,37.763,15.027,3.99,9,0.1,99,0.8,0.4
2017-02-01 15:39:13,1.5,1.5,37.732,15.047,3.57,24,0.29,81,0.4,0.2
2017-02-01 15:58:28,1.8,1.8,37.677,14.983,15.2,16,0.19,214,0.7,1
2017-02-01 16:03:30,1.3,1.4,37.706,15.005,13.74,14,0.22,70,1.1,1
2017-02-01 16:21:48,1.6,1.6,37.694,15.009,15.52,20,0.26,100,0.7,0.5
2017-02-01 18:24:26,1.9,2,37.753,15.006,0.38,30,0.21,45,0.2,0.2
2017-02-01 18:24:42,1.5,1.7,37.75,15.006,1.91,16,0.18,61,0.4,0.3
2017-02-01 19:08:33,1.3,1.2,37.756,15.003,1.65,20,0.21,72,0.3,0.2
2017-02-01 20:51:24,1.2,1.1,37.755,15.004,1.8,15,0.07,58,0.4,0.2
2017-02-01 21:24:13,1.9,1.8,37.677,14.974,12.91,24,0.22,101,0.6,0.5
2017-02-01 21:25:24,1.7,1.8,37.67,15.041,13.05,20,0.17,167,0.6,0.5
2017-02-01 21:26:55,1.5,1.5,37.676,14.983,11.23,21,0.21,130,0.5,0.4
2017-02-01 21:29:40,1.6,1.6,37.677,14.987,10.97,27,0.2,84,0.6,0.3
2017-02-01 22:25:32,1.6,1.6,37.673,14.983,11.38,19,0.18,134,0.5,0.4
2017-02-01 22:35:27,1.7,1.6,37.691,14.97,13.52,19,0.24,72,1.1,0.5
2017-02-01 22:36:43,1.3,1.4,37.691,14.942,9.89,21,0.27,56,0.7,0.4
2017-02-02 00:04:04,1,1.1,37.753,15.003,1.14,16,0.16,58,0.4,0.2
2017-02-02 02:51:05,1.4,1.3,37.756,15.002,1.51,22,0.17,40,0.2,0.2
2017-02-02 03:37:46,1.3,1.2,37.755,15.004,2.01,14,0.08,66,0.3,0.2
2017-02-02 04:55:29,1.1,1.3,37.753,15.003,2.75,12,0.18,93,0.6,0.3
2017-02-02 07:52:56,1.3,1.3,37.725,15.046,6.8,14,0.11,132,0.5,0.4
2017-02-02 08:56:35,1,1,37.748,14.996,0.14,15,0.13,57,0.3,0.2
2017-02-02 12:41:04,1.5,1.5,37.677,14.979,11.6,10,0.07,241,1,1.2
2017-02-02 14:17:15,1.7,1.8,37.648,14.968,15.23,15,0.24,147,0.6,0.7
2017-02-02 14:22:19,1.4,1.4,37.682,14.961,10.51,10,0.11,163,0.9,1.1
2017-02-02 17:02:24,1.2,1.2,37.756,15.019,5.95,10,0.16,115,1.1,0.6
2017-02-02 18:23:36,1,1,37.734,15.082,3.92,11,0.13,155,0.6,0.7
2017-02-02 20:56:15,1.3,1.4,37.84,15.155,3.89,15,0.28,113,0.3,0.2
2017-02-03 07:14:21,1.1,1.2,37.75,15.042,6.72,9,0.15,89,2,0.8
2017-02-03 13:23:39,1.4,1.2,37.707,15.018,3.17,10,0.11,170,0.5,0.5
2017-02-03 13:29:05,1.4,1.3,37.709,15.019,5.09,10,0.04,123,0.6,0.6
2017-02-03 14:02:27,1.3,1.2,37.71,15.016,4.5,13,0.08,97,0.5,0.4
2017-02-03 17:36:57,1.1,1.1,37.756,15.029,6.5,9,0.07,104,1.2,0.4
2017-02-04 07:12:49,1.1,1.2,37.739,15.045,5.56,9,0.12,102,0.8,0.6
2017-02-05 02:22:46,1.1,1.1,37.745,15.099,2.89,12,0.12,65,0.4,0.3
2017-02-05 02:52:23,1.1,1.2,37.738,15.095,5.35,10,0.13,108,0.5,0.4
2017-02-05 07:56:40,1.1,1.2,37.729,15.044,4.91,10,0.05,119,0.9,0.5
2017-02-05 07:57:07,1.4,1.4,37.733,15.043,5.5,16,0.09,112,0.6,0.3
2017-02-05 07:57:22,1.2,1.2,37.728,15.049,4.36,10,0.07,129,0.5,0.6
2017-02-05 14:12:35,1.1,1.2,37.721,15.023,4.63,8,0.11,98,1.8,0.9
2017-02-05 14:51:59,1.2,1.3,37.731,15.047,3.8,14,0.1,120,0.6,0.3
2017-02-06 04:15:21,1.1,1.2,37.719,15.04,1.9,12,0.13,89,0.4,0.3
2017-02-06 07:56:55,1.5,1.5,37.743,15.055,5.58,19,0.16,74,0.6,0.2
2017-02-07 05:13:58,1,1.1,37.695,15.095,2.65,7,0.04,168,1.3,0.4
2017-02-07 15:27:23,1.3,1.2,37.698,14.943,2.07,9,0.1,113,0.5,0.5
2017-02-07 15:27:41,1.4,1.4,37.711,14.955,0.29,13,0.19,74,0.3,0.2
2017-02-07 15:37:30,1.2,1.1,37.689,14.942,2.04,8,0.11,148,0.7,0.5
2017-02-08 01:17:06,1.2,1.2,37.74,15.027,3.01,19,0.15,94,0.5,0.4
2017-02-08 01:17:46,1.2,1.2,37.741,15.038,5.1,18,0.07,83,0.6,0.4
2017-02-09 04:33:26,1.3,1.4,37.796,15.105,-1.59,8,0.23,218,0.5,0.4
2017-02-09 12:40:22,1.1,1,37.697,14.913,0.05,8,0.11,150,0.7,0.3
2017-02-09 13:33:56,1.3,1.3,37.747,15.049,4.55,13,0.11,78,0.8,0.4
2017-02-09 14:18:34,1.1,1.1,37.74,15.008,1.77,19,0.07,73,0.3,0.2
2017-02-09 18:00:50,0.9,0.9,37.682,14.933,0.26,11,0.3,118,0.6,0.4
2017-02-09 23:28:52,1,1,37.715,15.025,4.14,9,0.04,113,0.6,0.6
2017-02-09 23:32:38,1.1,1.2,37.722,15.015,4.53,7,0.03,144,0.8,1.5
2017-02-10 20:41:53,1.4,1.3,37.883,15.032,9.66,10,0.07,143,1.1,0.7
2017-02-11 02:18:52,1.4,1.2,37.689,15.1,0,10,0.19,247,0.5,0.5
2017-02-11 09:25:00,1.3,1.2,37.728,15.097,6.25,15,0.23,96,0.5,0.4
2017-02-11 09:46:43,1,1.1,37.741,15.094,5.34,13,0.31,97,0.7,0.5
2017-02-11 11:51:54,1.2,1.3,37.721,15.111,7.01,13,0.18,100,0.7,0.5
2017-02-12 11:20:11,1.2,1.3,37.725,15.014,4.64,10,0.12,165,0.7,0.6
2017-02-12 13:08:36,1,1,37.747,15.031,0.25,13,0.13,137,0.5,0.3
2017-02-12 20:46:32,1.4,1.1,37.695,14.913,0.02,11,0.16,150,0.7,0.4
2017-02-13 07:23:21,1.3,1.4,37.724,14.991,6.69,12,0.11,79,0.9,0.5
2017-02-13 12:17:36,1.4,1.3,37.741,15.037,3.42,17,0.15,91,0.7,0.3
2017-02-13 16:05:17,1.1,1.3,37.732,15.036,4.96,9,0.14,151,1.7,0.9
2017-02-13 17:06:01,1.2,1.4,37.737,15.044,5.17,9,0.08,159,1.4,0.9
2017-02-13 18:35:39,1.5,1.5,37.721,15.006,3.72,21,0.18,78,0.3,0.3
2017-02-14 06:01:28,1.3,1.4,37.729,15.106,4.31,11,0.13,91,0.4,0.4
2017-02-14 19:55:08,1.4,1.6,37.658,14.966,11.04,17,0.13,139,0.6,0.6
2017-02-14 19:55:40,1.6,1.8,37.658,14.961,11.83,20,0.18,74,0.5,0.6
2017-02-14 19:56:37,1.7,1.9,37.659,14.96,11.49,26,0.19,71,0.4,0.4
2017-02-14 20:00:01,1.5,1.7,37.663,14.967,15.11,12,0.22,179,1.1,1.7
2017-02-14 20:04:18,1.9,2.1,37.664,14.967,11.28,23,0.2,99,0.3,0.3
2017-02-15 10:59:05,1,1.2,37.713,15.023,5.19,9,0.06,137,0.8,0.9
2017-02-15 12:25:35,1.1,0.7,37.802,15.052,-0.74,12,0.08,107,0.5,0.2
2017-02-15 16:02:21,1.2,1.3,37.735,15.05,3.85,14,0.13,114,0.5,0.4
2017-02-16 05:57:21,1.2,1.3,37.751,14.998,0.67,12,0.11,118,1,0.3
2017-02-16 23:58:52,1,1.2,37.753,15.025,2.65,8,0.03,183,1.5,0.6
2017-02-17 04:27:22,1.3,1.3,37.737,15.078,6.08,12,0.09,86,0.5,0.4
2017-02-17 15:36:34,1.3,1.3,37.756,15.005,1.23,13,0.08,120,0.4,0.3
2017-02-18 01:05:38,1.2,1.3,37.761,15.013,3.14,8,0.06,200,1,0.5
2017-02-19 00:54:10,1.6,1.6,37.681,15.101,1.97,17,0.16,111,0.4,0.3
2017-02-19 03:08:41,0.9,0.8,37.703,15.099,2.66,9,0.08,142,0.8,0.5
2017-02-19 03:38:17,2.5,2.6,37.688,15.094,1.85,36,0.18,68,0.2,0.2
2017-02-19 04:08:05,2,2,37.686,15.098,1.9,29,0.16,69,0.2,0.2
2017-02-19 05:40:39,1,1.1,37.683,15.105,0,7,0.13,180,0.8,0.4
2017-02-19 06:30:33,1,1.2,37.748,15.036,0.49,15,0.17,90,0.9,0.3
2017-02-19 06:37:29,1.2,1.4,37.745,15.041,5.08,17,0.14,89,0.5,0.3
2017-02-19 12:15:16,1.3,1.3,37.689,14.957,7.84,7,0.11,170,1,1.3
2017-02-19 17:28:03,1.2,1.2,37.674,15.113,1.06,7,0.06,180,1.5,0.6
2017-02-19 20:34:53,1.1,1.3,37.667,15.083,4.03,20,0.12,121,1,0.4
2017-02-20 01:09:28,1.5,1.7,37.812,14.927,24.21,25,0.16,59,0.7,0.6
2017-02-20 01:51:13,1.4,1.5,37.633,14.859,4.38,17,0.23,90,0.6,0.5
2017-02-20 02:09:51,1.3,1.3,37.685,15.104,0.02,10,0.05,176,1.2,0.6
2017-02-20 07:51:59,2.7,2.8,37.686,15.099,2.04,35,0.25,72,0.2,0.2
2017-02-20 11:15:12,1.1,1.3,37.751,15.001,2.07,16,0.07,58,0.2,0.2
2017-02-20 11:18:18,1.1,1.1,37.745,14.995,0.43,11,0.13,90,2.3,0.4
2017-02-20 12:50:07,1.1,1.3,37.68,15.112,6.52,15,0.12,113,0.6,0.6
2017-02-20 17:56:15,1.5,1.6,37.679,15.108,1.59,12,0.17,155,0.4,0.3
2017-02-21 00:53:36,1.1,1.2,37.687,15.108,0.01,8,0.07,163,0.9,0.7
2017-02-21 01:07:21,1,1.1,37.687,15.108,0.02,8,0.1,171,1.3,0.6
2017-02-21 01:13:46,1.2,1.4,37.679,15.112,2,11,0.08,174,0.8,0.8
2017-02-21 02:00:11,1.1,1,37.696,14.984,0.92,10,0.16,116,0.3,0.3
2017-02-21 02:50:36,1,0.9,37.694,15.099,0.06,9,0.13,162,0.8,0.3
2017-02-21 04:58:24,1.1,1.1,37.681,15.006,1.53,9,0.06,181,0.5,0.7
2017-02-21 07:42:19,1.1,1.2,37.749,15.023,3.06,8,0.11,145,2.1,1
2017-02-21 10:33:58,1.5,1.5,37.683,15.112,3.16,10,0.17,175,0.5,0.4
2017-02-21 17:37:20,1.2,1.2,37.702,15.021,2.77,10,0.05,93,0.6,0.5
2017-02-21 18:17:51,1.3,1.3,37.756,15.106,7.65,19,0.18,64,0.4,0.4
2017-02-21 18:26:11,1.3,1.2,37.76,15.111,5.43,10,0.11,96,0.6,0.4
2017-02-21 20:09:19,1.3,1.2,37.739,15.03,3.61,10,0.08,125,1,0.3
2017-02-21 20:28:07,1.2,1.2,37.723,15.013,3.67,9,0.08,154,0.9,0.6
2017-02-21 21:51:48,1.3,1.2,37.757,15.004,0.65,14,0.09,118,0.7,0.3
2017-02-22 04:01:20,1.7,1.7,37.682,15.104,1.83,21,0.2,111,0.3,0.3
2017-02-22 05:08:57,1,1.3,37.738,15.117,8.59,12,0.12,199,0.7,0.9
2017-02-22 12:51:35,1.2,1.3,37.73,15.096,10.11,11,0.16,120,0.8,0.6
2017-02-23 00:49:07,1.3,1.3,37.673,15.109,0.12,12,0.16,182,0.8,0.5
2017-02-23 04:05:29,1.1,0.7,37.805,15.05,-0.93,10,0.1,98,0.8,0.2
2017-02-23 07:01:26,1,1.1,37.75,15.027,2.02,17,0.16,74,0.3,0.2
2017-02-23 09:46:31,1.1,1.2,37.74,15.045,5.53,7,0.04,153,2.1,0.9
2017-02-23 21:03:44,1.5,1.8,37.685,15.103,-0.31,14,0.3,174,0.3,0.3
2017-02-24 05:55:06,1.7,1.9,37.719,15.046,20.78,14,0.29,163,0.8,1
2017-02-24 15:37:49,1.2,1.2,37.749,15,-1.53,12,0.16,60,0.5,0.2
2017-02-25 03:41:06,1.7,1.7,37.681,15.101,1.94,21,0.21,172,0.4,0.3
2017-02-25 17:21:27,1.5,1.3,37.694,14.948,5.3,9,0.21,123,1,0.8
2017-02-25 20:28:43,1.5,1.7,37.649,14.984,9.94,8,0.18,295,1.1,1.5
2017-02-26 08:06:44,0.7,0.7,37.798,15.047,0,8,0.11,118,0.3,0.2
2017-02-27 01:34:26,1.3,1.4,37.741,15.035,4.87,19,0.13,64,0.7,0.4
2017-02-27 03:00:24,1.8,1.7,37.685,15.088,1.71,22,0.23,148,0.3,0.3
2017-02-27 03:05:37,1.2,1.3,37.662,15.092,1.53,7,0.13,206,2.3,0.9
2017-02-27 17:11:10,1.3,1.3,37.71,15.016,3.83,13,0.12,86,0.8,0.8
2017-02-27 17:34:46,1.2,1.4,37.715,15.012,3.7,12,0.11,151,0.9,0.6
2017-03-02 09:01:44,1.6,1.5,37.805,15.044,-1.56,14,0.2,88,0.3,0.2
2017-03-02 12:56:04,1,0.8,37.818,15.058,0.38,7,0.12,241,0.4,1.1
2017-03-02 21:06:40,0.5,0.4,37.801,15.042,-0.49,8,0.17,108,0.7,0.2
2017-03-03 04:21:41,1.5,1.6,37.802,15.094,11.5,18,0.15,89,0.5,0.4
2017-03-03 04:30:01,1.8,1.9,37.794,15.106,11.4,25,0.18,57,0.4,0.3
2017-03-03 04:30:30,1,1,37.793,15.107,13.68,11,0.11,86,0.8,1
2017-03-03 04:43:50,1,1.1,37.756,15.017,2.26,9,0.07,194,0.9,0.4
2017-03-03 06:40:10,1.5,1.6,37.602,15.162,5.24,14,0.08,294,0.4,0.5
2017-03-04 01:06:49,1.2,1.3,37.748,15.062,4.21,15,0.19,71,0.4,0.4
2017-03-04 02:47:01,1.2,1.3,37.771,15.029,5.5,11,0.16,69,0.9,0.7
2017-03-04 19:02:21,1,1.1,37.683,14.95,3.73,9,0.07,173,1.1,1.2
2017-03-05 06:19:53,1.2,1.3,37.717,15.01,4.79,12,0.06,86,0.5,0.5
2017-03-05 15:27:44,1.1,1.2,37.726,15.01,1.89,8,0.12,94,0.9,0.7
2017-03-06 06:41:24,1.4,1.4,37.747,15.031,5.89,20,0.12,95,0.5,0.3
2017-03-06 06:52:23,1.1,1.2,37.746,15.037,6.08,13,0.08,92,0.8,0.5
2017-03-06 06:52:49,1,1.1,37.746,15.037,6.27,12,0.09,92,0.9,0.6
2017-03-06 20:21:36,1,1.2,37.761,15.106,6.56,9,0.17,114,0.6,0.5
2017-03-06 23:24:04,1.3,1.2,37.734,14.905,5.25,12,0.12,88,0.5,0.4
2017-03-08 05:50:03,1.1,1.1,37.809,15.015,2.41,8,0.14,124,0.5,0.6
2017-03-08 07:43:57,1.3,1.4,37.758,15.069,5.66,10,0.1,110,0.8,0.7
2017-03-08 16:40:40,1.4,1.5,37.749,15.029,7.9,11,0.22,122,0.6,0.9
2017-03-09 17:47:56,1,1.1,37.751,15,0.88,19,0.15,58,0.7,0.2
2017-03-09 18:53:08,1.1,1.2,37.737,15.03,4.73,20,0.25,66,0.4,0.3
2017-03-10 13:10:50,1.2,1,37.7,14.95,0.29,8,0.08,145,0.3,0.4
2017-03-10 15:57:39,1.5,1.3,37.715,15.019,4.76,15,0.12,93,0.4,0.3
2017-03-11 16:28:03,1.3,1.4,37.735,15.044,5.13,13,0.09,108,0.7,0.4
2017-03-11 16:47:12,1.5,1.6,37.592,14.886,6.06,10,0.08,167,0.9,1.1
2017-03-12 22:11:07,1.5,1.3,37.649,14.947,3.28,9,0.24,292,1,1.1
2017-03-14 08:22:35,1.3,1.4,37.733,15.043,3.68,20,0.17,112,0.3,0.2
2017-03-14 09:19:48,1.5,1.4,37.749,15.001,-0.67,20,0.07,58,0.6,0.2
2017-03-14 17:14:20,1.1,1.3,37.755,15.011,1.4,17,0.16,90,0.3,0.2
2017-03-14 19:50:22,1.1,1,37.74,15.045,2.66,11,0.16,108,1.3,0.4
2017-03-14 19:56:20,1,1.2,37.742,15.026,1.41,16,0.2,97,0.3,0.2
2017-03-16 07:43:13,1.8,2,37.849,15.165,15.87,15,0.15,95,0.7,0.6
2017-03-16 07:43:35,1.5,1.9,37.837,15.169,18.01,12,0.13,125,0.9,1.1
2017-03-16 09:25:18,1.8,2.1,37.858,15.146,14.6,17,0.12,88,0.6,0.5
2017-03-16 09:55:02,2,2.3,37.865,15.133,10.16,23,0.13,85,0.3,0.3
2017-03-16 09:55:55,1.6,1.9,37.869,15.135,9.83,19,0.15,87,0.4,0.3
2017-03-16 10:41:23,1.4,1.7,37.875,15.129,12.31,17,0.27,102,1,0.5
2017-03-16 11:02:56,1.4,1.7,37.862,15.131,10.44,13,0.14,103,1.7,0.5
2017-03-16 19:14:17,1.3,1.4,37.867,15.14,11.24,15,0.23,109,0.8,0.4
2017-03-16 19:18:00,1.5,2,37.858,15.141,10.7,22,0.14,106,0.5,0.4
2017-03-16 20:14:03,2.4,2.6,37.837,15.155,14.38,27,0.19,81,0.4,0.3
2017-03-16 22:31:45,1.3,1.5,37.857,15.165,16.87,12,0.19,127,0.9,0.9
2017-03-17 01:11:50,1.2,1.5,37.728,14.98,5.37,16,0.12,51,0.9,0.4
2017-03-18 04:13:03,1.4,1.4,37.752,15.031,3.65,13,0.14,73,0.5,0.3
2017-03-18 06:37:10,1.3,1.4,37.73,15.056,5.74,11,0.07,133,0.8,0.5
2017-03-19 11:27:28,1.4,1.4,37.73,15.094,4.52,13,0.14,94,0.4,0.3
2017-03-19 13:58:59,1.8,1.9,37.681,14.902,20.12,17,0.21,118,0.7,0.6
2017-03-20 05:44:24,1.3,1.2,37.697,15.025,1.82,10,0.12,106,0.2,0.3
2017-03-21 03:22:44,1,1,37.699,15.112,4.89,12,0.15,149,0.6,0.4
2017-03-22 20:07:38,1,1.1,37.757,15.095,7.01,9,0.15,111,0.6,0.7
2017-03-23 07:38:09,1.2,1.3,37.743,15.077,8.85,9,0.11,93,1,0.6
2017-03-23 23:15:12,1.1,1.2,37.752,15.126,9.78,11,0.08,84,0.5,0.6
2017-03-24 06:50:11,1.1,1.2,37.731,15.059,6.95,7,0.06,145,1.1,1.4
2017-03-25 00:59:38,1.1,1.1,37.723,15.256,11.16,12,0.21,230,0.5,0.6
2017-03-25 01:13:35,2.9,3.1,37.741,15.24,10.52,26,0.16,140,0.3,0.3
2017-03-25 01:14:40,1.4,1.5,37.754,15.216,7.06,12,0.11,191,0.8,0.5
2017-03-25 01:14:57,1.5,1.4,37.757,15.229,9.58,8,0.18,200,0.8,0.9
2017-03-25 10:06:31,2,2,37.756,15.255,10.7,18,0.18,217,0.4,0.5
2017-03-25 10:07:32,1,0.9,37.751,15.221,9.01,9,0.18,196,1,0.8
2017-03-25 21:57:06,1.8,1.8,37.765,15.066,9.85,32,0.19,56,0.2,0.3
2017-03-25 22:00:25,1.1,1.2,37.763,15.063,9.53,9,0.14,101,0.8,0.7
2017-03-25 22:00:32,1.4,1.5,37.766,15.055,9.04,22,0.17,51,0.5,0.4
2017-03-25 22:01:06,1.4,1.4,37.752,15.067,10.46,11,0.09,76,0.8,0.7
2017-03-26 12:12:11,1.5,1.4,37.753,15.214,7.86,13,0.11,151,0.7,0.7
2017-03-26 22:47:51,1.4,1.5,37.746,15.101,6.1,17,0.17,65,0.4,0.3
2017-03-27 06:45:03,1.1,0.8,37.8,15.036,-0.61,7,0.08,115,0.4,0.3
2017-03-27 20:39:17,0.9,0.7,37.808,15.039,-0.32,9,0.12,155,0.3,0.3
2017-03-28 05:11:42,1,0.8,37.805,15.03,-1.54,7,0.13,150,0.4,0.2
2017-03-28 14:02:44,1.6,1.4,37.803,15.068,0.29,8,0.15,99,0.3,0.3
2017-03-28 23:47:21,2.4,2.4,37.747,15.272,8.94,33,0.18,199,0.4,0.3
2017-03-29 09:20:21,0.8,1,37.762,15.236,7.33,7,0.06,204,0.9,0.8
2017-03-31 02:05:26,1.2,1.2,37.655,15.007,1.35,9,0.08,138,0.5,0.3
2017-03-31 09:49:58,1.5,1.8,37.852,14.781,7.74,14,0.26,155,0.9,0.7
2017-04-01 04:43:21,1,1.2,37.754,15.011,6.22,8,0.04,203,1.9,0.8
2017-04-01 04:43:31,1,1.3,37.754,15.012,7.73,6,0.04,202,2.6,1.2
2017-04-02 13:19:38,1.4,1.5,37.758,15.078,5.8,16,0.28,117,0.8,0.4
2017-04-02 14:19:34,1.1,1,37.732,15.074,3.64,8,0.15,109,1,0.5
2017-04-03 06:23:19,1.5,1.8,37.723,15.153,16.05,9,0.23,137,1.1,0.6
2017-04-03 09:21:33,2,1.8,37.694,14.922,-0.96,13,0.25,93,0.6,0.2
2017-04-06 01:44:09,2.3,2.5,37.698,14.905,19.21,28,0.21,111,0.5,0.5
2017-04-06 01:45:10,2.1,2.2,37.709,14.873,20.19,25,0.25,129,0.6,0.5
2017-04-06 09:56:53,2.2,2.4,37.695,14.922,18.79,30,0.24,84,0.5,0.4
2017-04-06 20:28:41,1.5,1.3,37.706,14.935,9.34,19,0.18,95,0.6,0.5
2017-04-07 16:07:17,1.7,1.5,37.751,15.124,8.09,19,0.22,86,0.5,0.3
2017-04-07 21:21:59,1.4,1.1,37.698,14.925,0.44,10,0.3,114,0.7,0.3
2017-04-07 21:23:26,1.3,1.1,37.692,14.906,0.51,9,0.18,162,0.4,0.3
2017-04-08 04:34:24,1.7,1.6,37.737,14.966,18.58,20,0.23,59,0.5,0.4
2017-04-08 10:58:28,1.6,1.6,37.738,15.111,5.02,20,0.17,80,0.4,0.3
2017-04-08 15:52:05,1.4,1.3,37.686,15.084,8.41,19,0.26,166,0.5,0.4
2017-04-14 17:32:58,1.8,1.9,37.685,14.947,15.45,22,0.29,134,0.6,0.5
2017-04-15 16:21:52,1.2,1.1,37.742,15.089,3.64,19,0.16,62,0.4,0.2
2017-04-15 20:52:26,1.5,1.5,37.754,15.278,25.21,18,0.26,172,0.7,0.8
2017-04-16 05:12:04,1,0.8,37.735,15.097,4.07,8,0.13,117,0.3,0.6
2017-04-18 22:02:11,1.4,1.5,37.752,15.028,3.81,36,0.18,55,0.2,0.2
2017-04-20 05:19:40,1.3,1.5,37.743,15.068,6.89,11,0.06,119,0.9,0.6
2017-04-20 06:12:56,1.3,1.4,37.879,15.163,12.81,9,0.29,138,2.4,1.3
2017-04-20 06:14:27,1.2,1.3,37.884,15.221,19.57,10,0.13,202,1.2,1.1
2017-04-20 06:15:30,1.7,1.8,37.888,15.226,19.02,13,0.15,206,1,1
2017-04-20 14:17:08,1.8,1.8,37.895,15.213,18.24,19,0.17,169,1,1
2017-04-21 16:30:42,1.2,1.3,37.746,15.085,6.88,8,0.1,184,0.6,0.8
2017-04-23 23:06:30,1.2,1.2,37.749,14.986,0.45,13,0.21,118,0.7,0.2
2017-04-23 23:52:17,1,1,37.742,15.036,1.53,14,0.13,90,0.3,0.3
2017-04-25 12:02:53,1.2,1.2,37.747,15.049,4,15,0.12,152,0.3,0.4
2017-04-25 12:03:16,1.7,1.8,37.608,15.045,17.11,14,0.19,214,1.1,0.7
2017-04-25 22:37:40,1.5,1.5,37.742,15.056,5.26,22,0.19,75,0.4,0.2
2017-04-26 19:57:37,1.7,1.8,37.71,14.871,20.61,18,0.15,134,0.6,0.6
2017-04-27 14:07:46,1.1,1.2,37.744,15.113,4.14,12,0.17,173,0.4,0.4
2017-04-27 18:38:36,1.2,1.2,37.751,14.999,-1.3,17,0.12,66,0.3,0.2
2017-04-29 23:48:06,1.2,0.9,37.691,15.078,1.75,8,0.17,169,0.7,0.5
2017-04-30 19:38:28,1.3,1.3,37.748,15.067,6.01,9,0.09,99,0.9,0.7
2017-05-01 00:12:10,1,0.8,37.685,15.005,-1.58,9,0.15,190,0.7,0.6
2017-05-01 14:02:29,1.8,2,37.744,15.163,8.21,26,0.27,125,0.5,0.3
2017-05-01 14:03:36,1.1,1,37.751,15.16,5.65,10,0.09,118,0.5,0.4
2017-05-01 17:40:46,1.3,1.5,37.77,15.049,10.42,14,0.27,66,0.7,0.6
2017-05-02 14:22:18,1.1,1.2,37.754,15.038,6.86,10,0.15,135,1,0.8
2017-05-02 14:26:23,1.4,1.5,37.753,15.045,5.16,22,0.22,103,0.7,0.3
2017-05-02 22:53:41,1.6,1.5,37.845,14.771,27.52,15,0.22,139,0.5,0.6
2017-05-03 02:05:25,1.3,1.4,37.748,15.056,5.67,15,0.26,87,0.9,0.6
2017-05-03 03:13:26,0.9,0.8,37.688,15.088,-0.5,8,0.26,121,1.8,0.8
2017-05-03 03:22:58,1,0.9,37.685,15.089,2.9,8,0.11,167,1.7,0.5
2017-05-03 11:09:10,1,1,37.75,15.039,2.39,8,0.17,204,0.3,0.9
2017-05-03 21:34:52,1.1,1.3,37.676,15.09,5.46,11,0.25,179,0.6,0.6
2017-05-04 16:44:05,1.4,1.3,37.689,14.917,1.31,8,0.11,122,0.8,0.8
2017-05-04 16:44:54,1.3,1.3,37.686,14.912,2.17,8,0.14,231,0.3,0.6
2017-05-04 16:46:35,1.3,1.3,37.69,14.917,0.26,9,0.16,123,0.6,0.5
2017-05-05 03:24:33,1.5,1.4,37.896,14.913,23.22,16,0.11,91,1.1,0.5
2017-05-05 15:34:07,1.8,1.8,37.74,15.11,6.3,21,0.2,79,0.4,0.2
2017-05-05 15:34:25,1.2,1.2,37.743,15.113,5.68,8,0.13,128,1,0.7
2017-05-06 20:33:34,1.2,1.3,37.746,15.048,5.63,10,0.15,237,1.2,0.8
2017-05-06 23:09:22,1.6,1.6,37.707,14.773,25.84,9,0.13,226,0.6,1.7
2017-05-06 23:12:00,1.9,1.9,37.708,14.786,25.3,17,0.15,221,0.4,1
2017-05-06 23:32:51,1.7,1.7,37.697,14.812,19.81,16,0.19,191,0.7,0.6
2017-05-06 23:40:05,1.6,1.7,37.717,14.798,25.66,8,0.16,214,0.6,1.4
2017-05-06 23:40:24,1.9,2,37.693,14.817,21.9,21,0.16,186,0.6,0.6
2017-05-06 23:40:58,1.7,1.8,37.696,14.803,20.79,16,0.17,198,0.9,0.6
2017-05-07 21:22:14,1.3,1.4,37.725,15.068,5.35,20,0.14,101,0.5,0.3
2017-05-07 23:30:45,1,1,37.746,15.103,6.61,8,0.15,114,1.2,1.1
2017-05-08 16:21:19,0.9,0.6,37.814,15.054,0.13,7,0.08,223,0.6,0.5
2017-05-08 23:45:13,1.3,1.4,37.768,15.087,9.73,12,0.17,103,0.9,0.6
2017-05-09 05:37:25,1.6,1.8,37.745,15.027,8.84,20,0.15,99,0.5,0.4
2017-05-09 19:28:34,1.1,1.3,37.734,15.106,7.69,12,0.25,103,0.8,0.5
2017-05-13 16:18:02,1.1,1.2,37.721,14.955,3.84,13,0.2,61,0.5,0.4
2017-05-14 02:00:08,1.1,1.1,37.758,15.005,2.53,12,0.19,94,0.5,0.3
2017-05-14 22:01:29,1.1,1.1,37.743,15.059,1.76,10,0.19,82,0.4,0.4
2017-05-14 22:19:33,1.2,1.3,37.739,15.068,3.5,14,0.22,141,0.9,0.6
2017-05-14 22:20:01,1.1,1.1,37.746,15.048,1.45,12,0.19,73,0.5,0.4
2017-05-14 22:46:36,1.2,1.2,37.755,15.104,5.08,11,0.29,83,0.9,0.4
2017-05-15 14:59:24,1.2,1.2,37.764,15.142,3.85,10,0.29,131,0.3,0.3
2017-05-15 15:00:06,1.5,1.4,37.74,15.069,2.05,18,0.24,89,0.2,0.2
2017-05-15 15:05:20,1.1,1.2,37.729,15.063,3.33,11,0.2,153,0.5,0.4
2017-05-16 09:38:17,1.2,1.1,37.749,15.041,3.38,15,0.3,106,0.4,0.3
2017-05-17 06:48:55,1.1,1.1,37.781,15.05,7.63,10,0.25,149,0.8,1.5
2017-05-17 17:45:48,1.8,1.8,37.855,15.182,15.1,12,0.17,198,1,1.2
2017-05-18 19:40:16,1.2,1,37.808,15.067,0.41,12,0.14,104,0.3,0.3
2017-05-18 20:29:58,1,0.7,37.807,15.069,0.11,8,0.08,220,0.4,0.4
2017-05-21 18:42:28,1,1.1,37.757,15.026,4.33,10,0.06,137,0.5,0.5
2017-05-22 12:31:45,1.5,1.7,37.846,15.2,18.96,10,0.11,206,1.4,1.3
2017-05-22 15:37:11,1,0.9,37.773,15.043,1.52,8,0.05,203,1,0.4
2017-05-23 14:29:17,1.3,1.5,37.733,14.909,6.46,14,0.16,103,0.7,0.8
2017-05-23 17:18:17,1.5,1.5,37.813,15,13.05,11,0.1,146,0.8,0.7
2017-05-23 17:18:54,1.2,1.1,37.807,14.996,14.25,8,0.11,151,1.2,0.7
2017-05-23 21:40:23,1.4,1.4,37.752,15.042,5.95,17,0.18,75,0.8,0.5
2017-05-23 23:48:47,1.7,1.9,37.835,14.998,26.02,27,0.26,55,0.8,0.4
2017-05-24 02:04:46,0.9,0.7,37.805,15.075,-0.15,11,0.15,88,0.8,0.5
2017-05-24 04:16:22,1,0.9,37.737,15.084,3.28,8,0.11,105,0.6,0.4
2017-05-24 12:41:01,1,1,37.714,14.964,1.12,7,0.04,148,1.3,0.4
2017-05-24 13:35:01,1.3,1.4,37.728,15.056,6.61,16,0.04,138,0.6,0.6
2017-05-24 13:43:31,1.2,1.5,37.724,15.059,6.75,15,0.03,154,0.6,0.6
2017-05-26 03:33:39,1.4,1.4,37.772,15.116,4.66,18,0.19,72,0.5,0.2
2017-05-26 03:52:14,0.9,1,37.769,15.099,6.15,10,0.19,102,0.7,0.5
2017-05-26 07:28:41,1.7,1.7,37.766,15.099,5.84,17,0.18,63,0.6,0.3
2017-05-26 08:42:49,1.4,1.5,37.742,15.127,9.63,12,0.11,211,0.6,0.5
2017-05-27 15:17:36,1.3,1.2,37.739,15.074,7.09,11,0.1,110,0.9,0.5
2017-05-28 06:15:54,1.1,1.2,37.768,15.162,8.37,10,0.15,155,0.7,0.5
2017-05-28 19:05:16,1,1,37.803,14.998,1.57,11,0.2,123,0.5,0.3
2017-05-29 13:06:01,1.5,1.6,37.783,14.912,22.62,12,0.19,128,1.1,0.6
2017-05-29 13:06:43,2,2.1,37.752,14.885,31.33,15,0.13,217,0.8,0.7
2017-05-29 13:10:49,2,2,37.746,14.965,27.87,13,0.16,81,0.7,0.8
2017-05-29 13:20:18,2.1,2.2,37.764,14.944,24.83,19,0.17,73,0.6,0.6
2017-05-29 13:25:28,2.1,2.1,37.769,14.922,24.95,18,0.14,73,0.7,0.8
2017-05-29 13:30:22,1.4,1.5,37.832,14.942,17.47,10,0.04,90,1.8,1.6
2017-05-29 14:14:42,1.5,1.5,37.777,14.911,23.73,11,0.07,148,1.2,0.7
2017-05-29 15:16:30,1.9,1.9,37.78,14.909,24.32,15,0.1,86,0.8,0.7
2017-05-30 01:09:34,1.8,1.8,37.759,14.943,23.68,13,0.16,99,0.7,0.8
2017-05-31 00:50:45,1.5,1.4,37.658,14.987,3.75,14,0.16,220,0.2,0.6
2017-05-31 00:51:51,1,1.1,37.698,14.994,5.54,9,0.09,94,0.5,0.7
2017-05-31 00:52:18,1,1,37.698,14.983,3.76,7,0.1,91,0.8,0.5
2017-05-31 03:18:57,1.1,1.1,37.706,15.002,4.78,8,0.16,79,0.7,0.6
2017-05-31 03:37:24,1.1,1.1,37.711,14.995,4.51,7,0.05,151,1.4,1.6
2017-05-31 05:10:29,1.5,1.5,37.748,14.963,8.98,14,0.14,88,0.9,0.4
2017-05-31 20:16:39,1.5,1.5,37.723,15.015,11.3,13,0.09,78,0.9,0.5
2017-05-31 20:18:08,1.3,1.4,37.74,15.032,16.09,11,0.19,97,1.7,1
2017-06-01 02:33:51,1,1.1,37.714,15.027,5.93,14,0.2,166,0.3,0.6
2017-06-01 10:07:35,1.7,1.8,37.82,14.903,24.23,15,0.22,70,0.7,0.8
2017-06-01 10:15:08,1.7,1.9,37.769,14.953,26.7,12,0.25,89,0.8,0.9
2017-06-03 05:30:59,1.4,1.3,37.709,15.065,4.12,17,0.15,93,0.3,0.2
2017-06-03 06:27:08,1.3,1.2,37.709,15.069,3.84,15,0.17,131,0.4,0.3
2017-06-03 20:46:17,1,0.8,37.742,15.105,3.75,10,0.14,100,0.5,0.5
2017-06-03 20:56:13,1.2,1.3,37.734,15.129,6.95,8,0.12,231,0.6,1
2017-06-04 01:26:27,1.1,1.1,37.746,15.113,4.22,10,0.16,95,0.3,0.5
2017-06-04 01:26:43,0.9,1,37.743,15.098,5.99,8,0.15,101,0.6,0.7
2017-06-04 01:28:29,1.5,1.4,37.744,15.099,6.29,19,0.18,67,0.4,0.3
2017-06-04 01:29:12,1,1,37.752,15.115,5.74,12,0.13,89,0.4,0.4
2017-06-04 01:30:53,1,1,37.749,15.109,5.95,10,0.12,93,0.6,0.6
2017-06-04 01:36:41,1,0.9,37.746,15.096,6.53,10,0.14,96,0.5,0.5
2017-06-04 04:04:44,1.2,1.1,37.759,15.089,7.25,10,0.05,103,0.5,0.5
2017-06-04 04:06:22,1.2,1.2,37.748,15.081,6.52,9,0.14,110,0.6,0.7
2017-06-04 06:09:36,1.2,1.2,37.752,15.11,5.57,13,0.16,79,0.4,0.6
2017-06-04 06:09:58,1.3,1.4,37.727,15.125,7.67,11,0.13,150,0.6,0.9
2017-06-04 06:10:40,1.1,1.1,37.744,15.104,5.49,10,0.15,88,0.5,0.6
2017-06-04 06:28:38,1.2,1.3,37.743,15.106,5.09,11,0.13,95,0.5,0.3
2017-06-04 19:53:13,1.5,1.5,37.779,14.99,12.45,13,0.18,124,0.8,0.6
2017-06-04 23:14:25,1.1,1.1,37.75,15.087,4.97,11,0.18,95,0.4,0.3
2017-06-04 23:42:39,1.1,1,37.783,14.997,22.66,15,0.17,73,0.8,0.9
2017-06-07 00:12:15,1,1,37.815,15.058,7.66,7,0.09,157,1,1.2
2017-06-07 04:18:22,1.1,1.2,37.744,15.153,11.96,10,0.1,144,0.8,0.9
2017-06-07 05:02:48,1.6,1.5,37.733,15.134,10.83,15,0.17,132,0.5,0.5
2017-06-08 01:56:39,1.3,1.4,37.697,15.017,12.37,8,0.19,218,0.8,1
2017-06-08 21:19:08,1,1.2,37.748,15.117,7.25,10,0.08,180,0.5,0.5
2017-06-09 18:33:46,1.4,1.3,37.682,15.043,3.63,13,0.26,163,1.1,0.3
2017-06-10 23:24:52,1.9,2,37.696,15.115,6.25,26,0.17,115,0.4,0.3
2017-06-10 23:28:51,1.5,1.6,37.696,15.115,6.12,22,0.19,117,0.4,0.3
2017-06-10 23:31:52,1.3,1.3,37.692,15.109,5.61,13,0.21,155,0.6,0.4
2017-06-10 23:34:43,1,1,37.699,15.111,4.09,9,0.17,149,0.5,0.6
2017-06-11 00:17:32,1.3,1.2,37.694,15.118,6.81,15,0.2,158,0.6,0.3
2017-06-11 06:02:19,1,0.9,37.704,15.119,7.44,7,0.17,156,0.8,1.2
2017-06-11 06:05:34,1,0.7,37.683,15.113,5.23,8,0.27,178,1,1.2
2017-06-12 16:08:25,2.1,1.9,37.806,14.997,1.88,36,0.2,116,0.1,0.2
2017-06-15 10:53:36,0.8,0.5,37.801,15.038,0.31,7,0.11,130,0.4,0.2
2017-06-16 05:38:36,1.3,1.4,37.739,15.059,7.05,14,0.14,111,0.5,0.3
2017-06-16 05:39:17,1.3,1.4,37.741,15.059,7.51,12,0.12,104,0.6,0.4
2017-06-18 22:50:27,1.3,1.3,37.612,14.917,2.11,9,0.18,205,0.8,0.5
2017-06-20 01:01:46,1,0.8,37.784,15.179,1.01,10,0.1,99,0.8,0.3
2017-06-20 10:39:25,1,1.1,37.732,15.05,3.7,10,0.09,120,1.2,0.5
2017-06-20 22:38:08,1.7,1.7,37.762,15.12,5.67,23,0.18,52,0.4,0.3
2017-06-22 04:07:33,1,1,37.75,15.043,3.08,10,0.05,119,1.1,0.4
2017-06-22 08:42:22,0.9,0.8,37.877,14.907,0.55,11,0.13,93,1.4,0.7
2017-06-23 20:05:48,1.2,1.2,37.688,15.078,3.12,17,0.22,164,0.5,0.3
2017-06-23 20:15:05,1,1.1,37.708,15.084,4.91,9,0.25,138,0.7,0.5
2017-06-23 20:31:09,2.2,2.2,37.694,15.074,3.07,25,0.17,110,0.3,0.3
2017-06-23 20:36:40,2,2,37.693,15.076,3.64,28,0.16,112,0.2,0.2
2017-06-23 20:36:55,2.3,2.4,37.695,15.076,2.49,19,0.16,139,0.5,0.3
2017-06-23 20:39:04,1.1,1.2,37.698,15.08,3.71,13,0.17,155,0.4,0.4
2017-06-23 20:39:49,0.9,0.9,37.691,15.079,0.73,10,0.12,160,0.4,0.3
2017-06-23 20:40:20,1,1.1,37.692,15.09,2.94,12,0.18,157,0.4,0.3
2017-06-24 05:31:28,1.5,1.8,37.661,15.042,8.68,11,0.21,203,0.7,0.9
2017-06-24 10:43:13,1.3,1.6,37.839,14.839,29.74,8,0.12,259,1.6,2
2017-06-24 23:09:24,1.3,1.5,37.771,14.745,7.46,7,0.15,308,1.4,1.6
2017-06-26 19:14:54,1.5,1.7,37.575,15.054,12.11,18,0.3,116,1.2,0.5
2017-06-26 19:34:33,2.4,2.4,37.559,15.101,7.76,22,0.3,139,1.1,0.3
2017-06-26 19:54:19,1.7,1.7,37.575,15.046,14.59,18,0.33,131,1,0.6
2017-06-26 21:25:08,1.3,1.8,37.543,15.119,5.24,12,0.37,268,0.9,1.1
2017-06-26 22:36:22,1.4,1.6,37.653,14.955,6.15,25,0.28,128,0.4,0.3
2017-06-26 22:45:46,1.4,1.4,37.658,14.973,10.07,12,0.23,118,0.8,0.7
2017-06-26 22:46:27,1.4,1.6,37.642,14.963,6.54,23,0.25,148,0.5,0.3
2017-06-26 23:59:30,1.4,1.4,37.661,14.97,8.1,9,0.22,113,1.1,0.9
2017-06-27 00:15:50,1.3,1.3,37.633,14.957,7.25,15,0.19,188,0.6,0.5
2017-06-27 03:06:33,1.2,1.3,37.686,14.946,10.49,8,0.27,110,1,1.2
2017-06-27 09:31:02,1.7,1.7,37.646,14.963,6.91,13,0.19,199,0.6,0.8
2017-06-27 09:32:35,2.1,1.8,37.633,14.973,5.51,23,0.22,216,0.6,0.5
2017-06-27 09:42:25,1.9,1.7,37.636,14.969,6.92,15,0.23,212,0.6,0.6
2017-06-27 09:44:27,1.3,1.3,37.665,14.951,7.46,7,0.05,256,1.1,1.3
2017-06-27 09:52:39,1.8,1.6,37.637,14.973,6.83,9,0.13,218,1,1
2017-06-27 11:37:12,1.3,1.1,37.686,14.959,5.39,7,0.08,104,1.1,1.1
2017-06-27 11:41:31,2.2,2,37.657,14.958,5.47,25,0.23,121,0.4,0.3
2017-06-27 11:46:47,1.4,1.4,37.665,14.959,8.77,7,0.08,170,1.3,1.9
2017-06-27 12:45:13,1.3,1.3,37.686,14.969,9.87,8,0.12,145,0.9,1
2017-06-27 13:26:57,1,0.9,37.763,15.064,4.51,7,0.09,188,1,1
2017-06-27 13:27:46,1.5,1.4,37.764,15.066,4.88,15,0.13,99,0.5,0.5
2017-06-27 13:29:45,1.3,1.3,37.762,15.063,4.94,14,0.14,66,0.7,0.4
2017-06-27 13:51:05,1.3,1.3,37.775,15.098,5.88,9,0.28,135,0.7,0.6
2017-06-27 13:52:00,2.7,2.7,37.654,14.96,6.5,34,0.2,126,0.4,0.3
2017-06-27 14:00:20,1.7,1.6,37.636,14.976,6.94,17,0.19,221,0.6,0.6
2017-06-27 14:01:33,1.5,1.5,37.69,14.977,11.34,12,0.11,120,0.7,0.8
2017-06-27 15:06:42,1.9,1.7,37.644,14.961,7.33,21,0.25,144,0.5,0.4
2017-06-27 16:17:03,1.5,1.5,37.678,14.929,7.46,8,0.12,125,1,1.3
2017-06-27 17:16:06,1.4,1.4,37.734,14.923,2.43,11,0.29,147,1.5,0.5
2017-06-27 18:31:13,1.5,1.3,37.668,14.965,8.36,11,0.19,105,0.8,0.7
2017-06-27 18:39:32,1.3,1.3,37.683,14.975,8.09,10,0.13,81,0.6,1.1
2017-06-27 20:16:59,1.3,1.4,37.815,15.099,11.38,17,0.17,68,0.4,0.4
2017-06-27 20:39:47,1.3,1.4,37.817,15.097,11.02,17,0.14,54,0.4,0.4
2017-06-28 00:15:40,2,1.8,37.654,14.959,5.86,32,0.27,126,0.4,0.3
2017-06-28 06:45:11,1.6,1.6,37.664,14.955,4.19,14,0.18,182,0.3,0.7
2017-06-28 07:07:27,2.2,2.2,37.649,14.96,6.58,32,0.21,135,0.4,0.3
2017-06-28 11:15:08,1.2,1.3,37.671,15.064,4.1,12,0.16,187,0.4,0.5
2017-06-28 12:22:15,2,1.8,37.646,14.959,5.82,21,0.26,139,0.5,0.4
2017-06-29 19:23:26,1.6,1.7,37.564,15.079,14.25,8,0.17,166,2,1.1
2017-06-29 19:32:35,1.5,1.6,37.588,15.008,12.98,6,0.04,227,2.4,1.7
2017-06-29 19:38:10,2.2,2.1,37.564,15.081,12.13,31,0.33,129,1.7,0.3
2017-06-29 19:40:03,1.7,1.8,37.615,15.055,12.92,9,0.16,209,0.9,0.8
2017-06-30 17:45:39,1.6,1.6,37.647,15.108,7.73,17,0.2,217,0.5,0.5
2017-06-30 22:09:29,1.9,1.7,37.813,15.075,0.6,15,0.19,112,0.8,0.2
2017-07-01 00:15:38,2.1,1.8,37.71,15.089,4.74,30,0.17,65,0.4,0.2
2017-07-01 00:19:47,0.9,0.9,37.708,15.084,6.17,8,0.26,135,0.6,0.5
2017-07-01 00:20:08,1.2,1.1,37.714,15.078,5.3,11,0.16,124,0.5,0.3
2017-07-01 00:20:27,1,1,37.721,15.08,5.4,10,0.1,129,0.7,0.4
2017-07-01 00:21:09,0.9,1.1,37.708,15.054,6.72,9,0.14,173,1.1,0.7
2017-07-01 00:49:14,1.3,1.2,37.713,15.074,5.1,15,0.12,124,0.5,0.3
2017-07-01 00:54:34,1.7,1.7,37.715,15.075,5.45,18,0.12,89,0.5,0.3
2017-07-01 01:01:49,1,1.1,37.713,15.069,5.79,9,0.15,159,0.8,0.5
2017-07-01 01:11:18,1,1,37.708,15.097,5.88,9,0.14,132,0.8,0.6
2017-07-01 01:25:17,0.9,0.9,37.717,15.081,4.04,8,0.09,142,0.9,0.6
2017-07-01 02:30:44,0.9,0.8,37.744,15.112,4.01,9,0.15,88,0.5,0.4
2017-07-01 03:09:01,1.3,1.5,37.638,15.092,8.69,13,0.17,235,0.7,0.8
2017-07-01 03:26:51,2.3,2.3,37.749,14.997,0.29,29,0.12,34,0.3,0.2
2017-07-03 03:31:09,1.1,1.1,37.759,15.031,3.87,12,0.13,68,0.8,0.3
2017-07-03 05:22:26,1.4,1.4,37.747,15.036,6.27,30,0.15,61,0.4,0.2
2017-07-03 14:04:25,1.3,1.5,37.641,15.103,9.48,7,0.07,246,1.2,1.1
2017-07-03 14:13:51,1.2,1.3,37.664,15.115,8.84,9,0.23,195,0.9,0.8
2017-07-04 06:25:48,1.4,1.3,37.736,14.947,5.44,13,0.14,66,0.9,0.4
2017-07-05 02:37:14,1.2,1.1,37.654,14.97,7.19,7,0.26,125,0.9,1.1
2017-07-05 05:35:26,1.3,1.2,37.723,15.103,5.55,11,0.19,105,0.5,0.4
2017-07-05 21:12:20,1.4,1.3,37.542,14.79,0.04,9,0.23,176,0.5,0.5
2017-07-06 04:05:15,1.3,1.3,37.735,15.052,4.84,19,0.12,80,0.5,0.3
2017-07-06 04:54:10,1,1,37.731,15.044,3.19,8,0.15,117,1.8,0.9
2017-07-06 19:01:22,1.1,1.3,37.745,15.102,7.21,9,0.09,246,0.8,1
2017-07-07 02:02:43,1.4,1.2,37.747,15.048,1.72,23,0.23,61,0.2,0.1
2017-07-07 02:14:44,1.1,1,37.749,15.045,0.86,16,0.21,65,0.9,0.2
2017-07-07 08:54:32,1.2,1.2,37.757,15.109,3.07,9,0.14,134,1.1,0.7
2017-07-07 12:52:17,1.6,1.3,37.77,15.204,8.83,12,0.1,172,1,0.5
2017-07-07 12:55:28,1.2,1.4,37.762,15.187,3.95,12,0.18,145,0.5,0.5
2017-07-07 13:37:39,1.4,1.3,37.758,15.217,9.81,11,0.1,192,0.9,0.8
2017-07-07 13:38:25,1.5,1.3,37.757,15.225,9.97,14,0.15,197,0.6,0.5
2017-07-07 14:07:23,1.5,1.4,37.756,15.197,10.88,14,0.16,166,0.6,0.5
2017-07-07 14:55:37,1.3,1.4,37.748,15.205,9.68,7,0.24,207,1.6,1.2
2017-07-07 14:55:45,1.3,1.3,37.752,15.197,8.8,13,0.21,169,0.9,0.6
2017-07-07 14:57:07,1.6,1.6,37.757,15.227,11,19,0.22,199,0.6,0.6
2017-07-07 15:02:28,1.5,1.5,37.754,15.204,10.42,18,0.23,183,0.5,0.5
2017-07-07 17:25:57,1.5,1.6,37.771,15.195,13.14,13,0.13,150,1.4,1
2017-07-08 19:43:35,1.5,1.6,37.758,15.189,9.28,19,0.25,152,0.7,0.5
2017-07-11 11:01:01,1.4,1.6,37.84,15.2,20.76,14,0.17,160,0.9,1.3
2017-07-11 11:09:38,1.4,1.5,37.878,15.168,14.59,13,0.34,144,1.2,1.1
2017-07-11 11:14:20,1.5,1.7,37.845,15.185,20.27,11,0.14,178,0.9,1
2017-07-11 11:21:10,1.5,1.6,37.828,15.214,20.85,15,0.14,221,0.8,1
2017-07-11 12:21:03,1.7,1.7,37.863,15.194,18.3,12,0.18,181,0.8,1
2017-07-12 01:41:09,1,0.9,37.742,15.105,6.74,10,0.14,94,1.1,0.6
2017-07-13 00:04:11,1.2,1.2,37.768,15.121,5.6,13,0.2,130,0.5,0.5
2017-07-13 01:53:04,2,1.9,37.55,15.239,25.66,21,0.24,181,0.4,0.7
2017-07-13 21:15:41,1.5,1.3,37.762,15.18,8.41,13,0.23,135,0.7,0.5
2017-07-15 03:24:14,1.7,1.6,37.596,14.906,5.08,13,0.19,130,0.4,0.4
2017-07-16 13:54:34,1.1,0.9,37.757,15.117,3.7,9,0.14,85,0.4,0.4
2017-07-17 23:46:13,1.3,1.1,37.626,14.958,5.12,10,0.1,180,1.3,0.5
2017-07-18 14:32:10,1,1.2,37.728,15.186,0.82,7,0.09,280,0.9,0.7
2017-07-18 20:36:53,1.2,1.2,37.752,15.033,5.01,20,0.14,74,0.6,0.3
2017-07-18 22:21:16,1.1,1,37.764,15.1,3.93,10,0.14,80,0.5,0.4
2017-07-20 03:30:49,1.8,1.7,37.76,15.139,8.03,28,0.21,93,0.4,0.3
2017-07-21 18:12:54,1.3,1.4,37.76,15.138,6.53,9,0.15,183,0.6,0.7
2017-07-22 01:37:13,1.3,1.3,37.852,15.168,17.47,16,0.18,128,0.6,0.6
2017-07-22 07:41:20,1.4,1.4,37.709,15.127,6.23,13,0.12,239,0.7,1.1
2017-07-23 12:28:37,2.6,2.5,37.801,14.848,9.85,40,0.14,113,0.3,0.2
2017-07-23 12:29:55,1.3,1.3,37.799,14.852,9.72,16,0.12,109,0.4,0.3
2017-07-23 13:56:52,1.4,1.4,37.79,14.851,10.29,19,0.08,107,0.4,0.4
2017-07-24 12:34:58,1.2,1.1,37.754,15.008,0.29,17,0.11,88,0.8,0.2
2017-07-26 05:07:06,1.3,1.3,37.746,15.031,7.13,20,0.13,81,0.5,0.3
2017-07-26 05:37:28,1,1,37.734,15.148,8.11,10,0.16,177,0.9,1.1
2017-07-27 08:30:32,2.8,2.8,37.544,14.949,7.63,35,0.19,116,0.4,0.3
2017-07-28 18:26:25,1.4,1.3,37.754,15,2.34,20,0.13,56,0.1,0.2
2017-07-29 00:54:57,1.5,1.6,37.861,15.172,16.62,17,0.19,133,0.5,0.6
2017-07-29 05:58:01,1.1,0.9,37.735,15.064,2.68,10,0.08,127,1.1,0.6
2017-07-29 11:55:58,1.4,1.2,37.684,14.826,3.07,11,0.22,205,0.6,0.4
2017-07-30 23:15:25,1.7,1.6,37.682,14.965,3.82,14,0.14,99,0.3,0.3
2017-07-31 07:00:53,1.6,1.4,37.681,15.061,5.2,22,0.18,117,0.7,0.4
2017-07-31 12:03:14,1.4,1.2,37.729,15.081,3.28,19,0.21,96,0.4,0.2
2017-07-31 12:10:53,1.5,1.5,37.74,15.082,3.48,27,0.22,82,0.2,0.2
2017-07-31 12:11:19,1.2,1.2,37.729,15.095,3.15,13,0.19,106,0.4,0.5
2017-08-02 21:56:33,1.2,1.3,37.771,15.08,10.49,11,0.14,88,0.7,0.7
2017-08-05 01:53:35,1.3,1.6,37.754,14.913,22.62,24,0.19,74,0.6,0.5
2017-08-05 18:28:12,1,0.9,37.75,15.068,3.94,12,0.15,102,1,0.7
2017-08-06 03:19:53,1.1,1.2,37.748,15.056,3.9,10,0.14,113,0.4,0.4
2017-08-06 05:29:13,1.5,1.7,37.723,14.939,17.43,25,0.24,75,0.6,0.5
2017-08-07 09:05:09,1.8,1.9,37.613,15.11,11.03,13,0.14,169,1,0.7
2017-08-07 13:31:46,1.2,1.3,37.814,14.852,3.26,13,0.14,245,0.6,0.5
2017-08-08 13:44:45,1.6,1.8,37.869,15.071,25.27,16,0.14,118,0.8,1
2017-08-08 19:35:08,1,1.1,37.735,15.062,5.71,10,0.09,124,0.9,0.7
2017-08-08 19:46:03,1.8,1.8,37.88,15.067,25.51,11,0.11,123,1.5,1.2
2017-08-08 22:20:07,1.7,1.6,37.81,15.116,0.42,12,0.21,118,1.2,0.3
2017-08-08 23:02:28,1.2,1.3,37.75,15.113,10.59,9,0.14,194,1,0.7
2017-08-09 01:10:22,1.6,1.9,37.863,15.075,23.52,23,0.23,168,0.7,0.7
2017-08-09 01:13:13,1.3,1.4,37.873,15.056,22.48,12,0.12,121,1,1.1
2017-08-09 01:30:00,1,0.9,37.736,15.144,4.28,9,0.24,170,0.6,0.7
2017-08-09 04:40:39,1.3,1.3,37.721,15.097,5.04,13,0.13,210,0.5,0.5
2017-08-09 05:21:30,1,1.2,37.74,15.057,5.27,11,0.09,107,1,0.6
2017-08-10 10:44:46,1.1,1.2,37.728,14.965,1.01,10,0.31,175,0.9,0.4
2017-08-11 07:22:48,1,1.2,37.739,15.066,5.83,9,0.09,120,1,0.7
2017-08-11 18:21:47,1.6,1.5,37.646,15.106,10.14,19,0.17,218,0.6,0.6
2017-08-11 19:34:21,2,1.9,37.648,15.069,5.83,30,0.22,216,0.5,0.4
2017-08-11 22:48:46,1,1,37.743,15.032,4.4,10,0.19,133,1,0.4
2017-08-12 16:28:12,1.3,1.5,37.662,15.13,12.09,9,0.16,199,0.9,1.3
2017-08-14 02:21:41,1,1,37.69,15.056,4.03,11,0.1,161,0.6,1.4
2017-08-14 21:11:08,1.5,1.4,37.734,15.036,7.05,22,0.15,102,0.4,0.4
2017-08-16 06:44:12,1.4,1.4,37.735,15.044,5.7,19,0.11,68,0.5,0.4
2017-08-17 04:26:30,1.4,1.6,37.851,15.007,11.69,10,0.1,256,0.9,1
2017-08-17 12:18:15,2.1,2.1,37.643,14.951,3.47,25,0.21,90,0.3,0.3
2017-08-18 07:37:01,1.3,1.2,37.736,14.845,3.91,10,0.2,129,0.3,0.4
2017-08-18 22:42:09,1.7,1.6,37.746,14.96,19.76,10,0.1,126,1.1,1.2
2017-08-19 06:07:53,1.3,1.2,37.713,15.022,5.03,15,0.07,101,0.4,0.4
2017-08-19 09:57:21,1.4,1.3,37.702,14.948,8.41,10,0.18,98,1.2,0.8
2017-08-19 10:25:36,1.6,1.6,37.69,14.866,16.71,14,0.28,145,0.8,0.8
2017-08-19 10:32:19,1.3,1.2,37.721,14.871,6.56,8,0.17,165,1.2,0.8
2017-08-19 11:12:36,1.7,1.7,37.683,14.826,19.46,22,0.19,149,0.5,0.9
2017-08-19 11:19:40,1.5,1.7,37.683,14.823,15.5,13,0.18,182,0.7,0.7
2017-08-19 11:24:14,2,1.9,37.676,14.847,18.93,26,0.23,146,0.5,0.6
2017-08-19 11:29:55,2.3,2.5,37.676,14.852,18.04,38,0.24,138,0.4,0.5
2017-08-19 11:32:44,2.5,2.7,37.671,14.859,17.38,39,0.2,128,0.4,0.4
2017-08-19 11:35:38,2,2.1,37.675,14.847,17.91,34,0.18,139,0.5,0.6
2017-08-19 11:36:27,2,2.2,37.675,14.848,18.09,36,0.19,146,0.5,0.6
2017-08-19 11:36:51,2.4,2.7,37.671,14.871,15.95,36,0.31,126,0.6,0.5
2017-08-19 11:38:10,2.8,3.3,37.674,14.863,17.44,41,0.19,127,0.4,0.4
2017-08-19 11:41:19,1.6,1.7,37.668,14.857,16.62,25,0.17,152,0.7,0.9
2017-08-19 11:43:13,2.6,2.8,37.672,14.858,16.88,41,0.25,128,0.4,0.4
2017-08-19 11:49:55,2.1,2.1,37.678,14.849,18.25,34,0.18,129,0.5,0.6
2017-08-19 11:50:57,2.3,2.3,37.677,14.852,18.05,36,0.2,129,0.5,0.5
2017-08-19 12:00:15,2.7,2.9,37.672,14.862,16.86,41,0.23,128,0.4,0.3
2017-08-19 12:02:39,2,2.2,37.679,14.864,17.65,19,0.19,150,0.5,0.4
2017-08-19 12:03:44,1.6,1.7,37.682,14.841,20.74,15,0.15,167,0.7,0.9
2017-08-19 12:05:37,1.9,2,37.697,14.799,19.4,12,0.15,204,0.6,0.9
2017-08-19 12:09:14,2.3,2.3,37.674,14.848,21.12,25,0.15,138,0.5,0.6
2017-08-19 12:10:45,1.8,1.9,37.687,14.83,18.66,12,0.16,175,0.8,0.9
2017-08-19 12:12:10,2.4,2.4,37.672,14.832,21.71,23,0.15,150,0.5,0.7
2017-08-19 12:13:24,1.5,1.6,37.731,14.868,11.48,13,0.14,150,0.7,0.7
2017-08-19 12:14:24,2.3,2.3,37.672,14.856,20.75,23,0.15,128,0.5,0.6
2017-08-19 12:15:39,1.7,1.9,37.704,14.849,24.22,17,0.16,151,0.5,0.8
2017-08-19 12:19:30,2,2,37.703,14.818,20.89,14,0.13,184,0.6,0.9
2017-08-19 12:24:59,1.7,1.8,37.695,14.849,21.54,15,0.21,156,0.6,0.8
2017-08-19 12:27:55,1.9,2,37.715,14.822,24.97,13,0.17,177,0.6,0.9
2017-08-19 12:39:31,1.8,1.8,37.693,14.851,21.67,13,0.22,155,0.6,0.9
2017-08-19 12:41:43,2.4,2.4,37.67,14.852,20.56,21,0.18,153,0.5,0.6
2017-08-19 12:54:15,1.8,1.9,37.697,14.832,20.1,16,0.16,171,0.6,0.8
2017-08-19 12:57:01,2,2,37.686,14.819,20.49,15,0.17,184,0.8,1
2017-08-19 13:01:42,1.7,1.8,37.694,14.836,18,16,0.16,155,0.6,0.6
2017-08-19 13:21:11,2.1,2.2,37.679,14.868,18.64,22,0.19,149,0.4,0.5
2017-08-19 13:37:42,2.1,2.2,37.695,14.819,20.87,20,0.23,184,0.5,0.7
2017-08-19 23:52:53,1,0.9,37.782,15.115,5.42,7,0.16,115,0.7,0.5
2017-08-20 00:07:58,1,1,37.776,15.096,5.29,8,0.1,111,0.6,0.6
2017-08-20 22:25:14,1.8,1.8,37.559,14.892,15.02,11,0.11,166,1.8,1.1
2017-08-21 23:28:22,1.3,1.2,37.721,15.004,3.91,13,0.07,92,0.2,0.4
2017-08-22 04:21:41,1.2,1.1,37.755,15.007,1.17,19,0.1,60,0.6,0.1
2017-08-22 12:00:52,1.3,1.3,37.67,14.937,9.41,8,0.14,102,1.4,1.2
2017-08-23 02:51:32,1,0.9,37.763,15.092,7.38,9,0.1,133,1.5,0.9
2017-08-23 03:08:13,1.1,1,37.756,15.115,8.15,10,0.09,130,1.1,0.9
2017-08-23 19:07:23,1.3,1.3,37.874,15.168,15.62,12,0.11,131,0.9,0.8
2017-08-24 00:37:04,1.4,1.2,37.669,15.102,5.35,18,0.19,151,0.5,0.4
2017-08-25 21:57:47,3.2,3.3,37.626,14.913,2.6,38,0.21,166,0.3,0.3
2017-08-25 22:07:29,1.7,1.6,37.607,14.94,-0.04,23,0.19,122,0.3,0.2
2017-08-25 22:09:22,2.5,2.3,37.61,14.928,0.1,20,0.22,116,0.3,0.3
2017-08-25 22:10:33,1.5,1.4,37.625,14.915,2.12,15,0.25,101,0.2,0.3
2017-08-25 22:29:42,1.4,1.4,37.621,14.918,2.26,16,0.27,137,0.3,0.4
2017-08-25 22:39:19,1.9,1.6,37.626,14.919,2.81,12,0.15,102,1.1,0.4
2017-08-25 23:31:24,2,1.9,37.629,14.915,2.98,9,0.09,98,0.8,0.4
2017-08-26 00:06:48,1.5,1.6,37.626,14.903,4.48,11,0.1,112,1,0.6
2017-08-26 00:07:24,1.7,1.5,37.627,14.908,3.1,11,0.13,99,0.6,0.4
2017-08-26 17:13:37,2.1,2.2,37.692,14.858,18.5,36,0.27,127,0.5,0.5
2017-08-26 17:17:50,1.6,1.7,37.683,14.812,18.11,18,0.18,190,0.8,0.8
2017-08-26 17:23:09,2,2.2,37.688,14.829,20.18,33,0.19,159,0.5,0.5
2017-08-26 17:24:46,1.6,1.6,37.682,14.865,22.13,23,0.23,184,0.7,1
2017-08-26 17:31:59,1.6,1.5,37.691,14.835,20.87,25,0.22,170,0.6,0.9
2017-08-26 17:35:29,1.7,1.7,37.682,14.839,21.02,35,0.22,168,0.4,0.6
2017-08-26 17:41:47,2.2,2,37.681,14.827,20.56,35,0.21,178,0.4,0.6
2017-08-26 17:48:18,2.1,1.9,37.61,14.92,2.1,29,0.28,113,0.6,0.5
2017-08-26 18:01:13,2.5,2.6,37.695,14.826,20.16,37,0.21,177,0.4,0.5
2017-08-26 20:17:20,2.1,1.9,37.69,14.833,22.08,36,0.21,172,0.4,0.5
2017-08-26 20:20:21,2,2,37.7,14.838,20.68,33,0.22,164,0.5,0.5
2017-08-26 20:27:05,2.3,2.5,37.695,14.827,19.67,25,0.25,160,1,0.9
2017-08-26 20:33:30,1.9,1.8,37.691,14.821,21,31,0.21,182,0.5,0.7
2017-08-26 20:39:08,2.2,2.4,37.688,14.827,20.91,32,0.18,177,0.4,0.5
2017-08-26 20:42:10,2,2.2,37.68,14.832,19.67,34,0.21,174,0.5,0.5
2017-08-26 20:42:39,1.8,2,37.685,14.828,21.42,31,0.26,177,0.5,0.6
2017-08-26 20:44:02,2.3,2.4,37.678,14.869,15.6,38,0.19,143,0.4,0.3
2017-08-26 20:46:21,2.8,3.1,37.685,14.846,17.94,44,0.2,162,0.4,0.4
2017-08-26 20:48:49,2.3,2.5,37.68,14.86,18.15,45,0.3,128,0.3,0.3
2017-08-26 20:49:48,2.2,2.1,37.682,14.82,19.89,34,0.25,150,0.4,0.5
2017-08-26 21:02:08,2.1,1.9,37.693,14.856,22.2,29,0.22,151,0.6,0.7
2017-08-26 21:29:36,1.9,1.6,37.675,14.866,22.9,26,0.26,152,0.6,0.8
2017-08-26 22:01:46,1.8,1.7,37.743,15.035,6.45,33,0.23,62,0.4,0.2
2017-08-26 22:21:40,2,1.9,37.687,14.858,17.98,30,0.25,151,0.5,0.5
2017-08-26 22:40:05,2.6,2.8,37.688,14.835,20.62,40,0.24,170,0.4,0.5
2017-08-26 22:43:41,1.7,1.8,37.692,14.825,19.97,32,0.2,178,0.5,0.6
2017-08-26 23:05:30,2.5,2.4,37.684,14.81,21.77,27,0.2,192,0.5,0.7
2017-08-26 23:07:56,2.5,2.7,37.684,14.821,22.01,36,0.22,183,0.4,0.5
2017-08-26 23:09:40,2.3,2.2,37.682,14.833,20.52,39,0.27,132,0.3,0.5
2017-08-26 23:15:56,1.9,1.7,37.687,14.824,20.8,32,0.22,180,0.5,0.6
2017-08-26 23:25:35,1.6,1.8,37.696,14.833,20.57,30,0.22,170,0.5,0.7
2017-08-26 23:52:43,1.6,1.7,37.692,14.843,21.6,26,0.2,162,0.5,0.7
2017-08-27 06:04:25,1.7,1.5,37.627,14.913,2.4,18,0.27,99,0.8,0.7
2017-08-28 04:43:23,1.3,1.3,37.736,15.052,4.32,15,0.11,79,0.3,0.3
2017-08-29 09:52:54,1.2,1,37.813,15.069,0.54,7,0.17,240,2.4,0.6
2017-08-29 11:44:29,1,0.8,37.744,15.068,2.11,8,0.14,220,0.3,0.5
2017-08-29 19:00:41,2.2,2,37.616,14.922,1.68,32,0.27,110,0.2,0.2
2017-08-29 21:51:18,1,0.9,37.74,15.032,2.87,10,0.1,171,1.2,0.4
2017-09-01 10:33:24,1.2,1.1,37.737,14.974,4.97,11,0.26,133,1.7,0.5
2017-09-01 10:35:27,1.2,1,37.756,15.007,1.35,12,0.08,67,0.6,0.3
2017-09-01 20:40:51,1.3,1.1,37.732,15.054,4.37,18,0.12,90,0.2,0.3
2017-09-03 02:51:51,1,0.9,37.734,15.044,6.57,7,0.13,154,1.2,0.7
2017-09-03 23:49:25,1.2,1.2,37.643,14.849,4.07,11,0.13,169,0.6,0.4
2017-09-04 01:43:09,1,1,37.645,15.134,2.17,8,0.19,242,2.3,0.5
2017-09-04 02:28:10,1.4,1.4,37.676,14.973,12.66,21,0.19,70,0.5,0.5
2017-09-04 03:23:32,2.3,2.4,37.667,14.958,11.4,41,0.25,66,0.3,0.3
2017-09-04 03:49:42,1.5,1.6,37.675,14.979,12.19,29,0.2,51,0.3,0.4
2017-09-04 03:54:32,1.3,1.3,37.677,14.967,11.1,25,0.18,52,0.5,0.4
2017-09-04 04:01:38,1.5,1.5,37.673,15,12.63,26,0.23,108,0.4,0.4
2017-09-04 04:03:19,1.6,1.7,37.67,15.003,12.93,20,0.18,116,0.5,0.5
2017-09-04 05:51:26,1.1,0.9,37.755,15.043,3.39,12,0.22,74,1.4,0.5
2017-09-04 08:20:21,1,1.1,37.757,15.033,2.77,11,0.21,98,1.7,0.4
2017-09-04 16:54:46,1.2,1.3,37.85,15.033,10,15,0.08,86,0.6,0.6
2017-09-05 01:00:52,1.1,1.2,37.672,15.041,3.54,17,0.2,111,0.6,0.3
2017-09-05 02:19:14,0.8,0.7,37.722,15.128,4.29,16,0.22,92,0.5,0.3
2017-09-05 20:13:42,1.6,1.7,37.823,14.756,23.71,23,0.17,136,0.3,0.3
2017-09-06 05:37:02,1.6,1.5,37.742,14.707,22.79,16,0.18,163,0.4,0.6
2017-09-06 10:21:16,0.8,0.4,37.774,15.054,1.7,8,0.12,240,0.6,0.6
2017-09-07 00:49:15,1.1,1.1,37.75,15.106,10.24,19,0.14,83,0.5,0.5
2017-09-07 10:06:50,1,1,37.745,15.076,3.36,9,0.17,132,0.6,0.5
2017-09-07 11:24:44,1.1,0.9,37.759,15.03,0.58,16,0.18,66,0.9,0.2
2017-09-07 16:44:21,1,0.9,37.741,15.052,4.59,8,0.07,141,1.7,1.1
2017-09-07 22:04:24,1,0.9,37.73,15.048,6.57,19,0.06,124,0.6,0.4
2017-09-07 22:05:37,1.3,1.3,37.735,15.038,6,25,0.11,67,0.4,0.2
2017-09-08 00:48:12,1.4,1.2,37.752,15.077,7.54,28,0.23,67,0.4,0.2
2017-09-08 00:49:44,1.1,1.1,37.754,15.082,9.51,15,0.11,80,0.6,0.6
2017-09-08 03:34:47,1.1,1.1,37.753,15.048,4.42,18,0.13,81,0.6,0.3
2017-09-08 16:44:05,1.3,1.2,37.747,15.031,3.92,18,0.16,79,0.4,0.2
2017-09-08 23:36:55,1.1,1.2,37.749,14.997,1.93,25,0.18,57,0.2,0.1
2017-09-09 01:27:34,1.5,1.4,37.742,15.036,3.62,22,0.24,62,0.3,0.2
2017-09-09 04:33:14,0.8,0.8,37.755,15.019,4.14,8,0.05,191,1.1,0.7
2017-09-09 06:21:57,1.1,1.2,37.722,15.087,7.86,8,0.12,228,1,1.2
2017-09-09 07:25:27,1.4,1.3,37.734,15.106,2.09,17,0.24,87,0.2,0.2
2017-09-09 09:32:32,1.1,0.7,37.749,15.033,6.52,11,0.14,133,0.8,0.5
2017-09-09 09:41:40,1.1,1.3,37.728,15.043,8.94,12,0.27,159,0.7,0.6
2017-09-13 04:17:11,1,1,37.69,15.078,4.28,9,0.17,186,0.4,0.9
2017-09-13 16:44:40,0.8,0.7,37.768,15.12,4.2,10,0.21,96,0.7,0.4
2017-09-16 22:42:24,1.2,1,37.748,15.039,2.85,23,0.23,64,0.4,0.2
2017-09-16 22:47:12,1.9,1.7,37.746,15.039,3.58,33,0.2,60,0.2,0.2
2017-09-18 04:06:54,1.2,1.2,37.726,14.913,4.73,8,0.14,105,0.6,0.5
2017-09-18 04:14:25,1.9,2,37.731,14.913,5.02,16,0.13,82,0.5,0.3
2017-09-18 04:19:26,1.2,1,37.73,14.898,4.02,9,0.12,184,0.7,0.6
2017-09-18 04:25:17,1.6,1.4,37.732,14.905,4.81,11,0.1,99,0.6,0.4
2017-09-18 04:40:48,1.1,1,37.734,14.906,4.1,8,0.11,139,0.6,0.6
2017-09-18 05:07:50,1.1,1,37.73,14.913,4.54,7,0.08,99,0.7,0.8
2017-09-18 06:05:40,2.5,2.5,37.729,14.908,5.27,26,0.19,92,0.4,0.3
2017-09-18 06:08:19,1.4,1.4,37.73,14.906,4.07,13,0.09,139,0.3,0.5
2017-09-18 06:08:28,1.6,1.5,37.735,14.913,4.24,10,0.1,102,0.3,0.4
2017-09-18 06:14:55,1.5,1.5,37.725,14.913,6.1,14,0.18,106,0.5,0.5
2017-09-18 06:15:15,1.2,1.4,37.727,14.885,6.83,16,0.17,205,0.5,0.7
2017-09-18 06:18:21,1.8,1.8,37.724,14.919,5.78,25,0.17,89,0.4,0.3
2017-09-18 06:58:27,1.1,1.1,37.73,14.911,5.96,8,0.11,101,0.7,1
2017-09-18 07:07:44,1.2,1.3,37.736,14.899,5.71,13,0.18,182,0.5,0.8
2017-09-18 07:15:45,1.2,1.4,37.736,14.902,5.37,12,0.25,178,0.6,0.7
2017-09-18 07:16:22,1.2,1.2,37.723,14.916,5.8,10,0.19,128,0.5,0.6
2017-09-18 07:18:54,1.2,1.2,37.733,14.907,5.36,8,0.13,99,0.5,0.5
2017-09-18 07:19:05,1.3,1.3,37.729,14.907,5.65,9,0.09,111,0.4,0.4
2017-09-18 07:21:09,1.8,1.6,37.724,14.907,5.74,21,0.13,114,0.4,0.4
2017-09-18 07:21:27,3,3.2,37.728,14.923,5.64,39,0.22,85,0.3,0.2
2017-09-18 07:23:39,2.3,2,37.725,14.923,5.7,24,0.21,87,0.4,0.3
2017-09-18 07:46:28,1.2,1.1,37.738,14.904,4.41,10,0.15,88,0.3,0.4
2017-09-18 07:51:34,1.1,1,37.734,14.92,6.03,8,0.2,159,0.6,0.9
2017-09-18 07:53:30,1.1,1.1,37.729,14.898,5.44,8,0.13,185,0.5,0.7
2017-09-18 08:00:37,1.4,1.4,37.719,14.918,5.89,12,0.29,101,0.5,0.5
2017-09-18 08:14:40,1.2,1.2,37.725,14.929,5.01,12,0.11,90,0.7,0.5
2017-09-18 08:16:22,1,1,37.739,14.903,4.62,9,0.14,108,0.6,0.7
2017-09-18 08:20:42,1.9,1.8,37.718,14.905,6,19,0.11,123,0.4,0.4
2017-09-18 08:31:37,1.1,1.1,37.725,14.918,7.65,10,0.24,160,0.6,0.8
2017-09-18 10:32:54,1.2,1.2,37.715,14.888,8.07,10,0.15,210,0.7,0.8
2017-09-18 16:27:43,1.2,1.1,37.727,14.904,5.61,11,0.1,116,0.7,0.5
2017-09-19 02:29:24,1.2,1.3,37.747,15.116,5.05,25,0.24,82,0.4,0.2
2017-09-21 07:48:11,1.1,1.1,37.707,15.126,9.97,8,0.12,134,1.1,1
2017-09-21 21:39:37,1.5,1.2,37.636,14.921,0.01,12,0.17,148,0.4,0.3
2017-09-22 05:22:19,1,0.9,37.759,15.006,1.24,10,0.12,214,0.7,0.5
2017-09-23 18:25:43,1,0.8,37.746,15.122,2.92,10,0.13,204,0.8,0.6
2017-09-23 22:05:09,0.9,0.5,37.798,15.042,0.73,6,0.03,183,0.8,0.5
2017-09-24 15:43:13,1,1,37.665,14.975,0.8,12,0.17,107,1.3,0.3
2017-09-24 23:32:21,1.3,1.2,37.747,15.036,5.44,13,0.09,90,0.8,0.4
2017-09-25 17:58:35,1.4,1.5,37.566,14.931,9.52,10,0.21,273,2.1,1.5
2017-09-25 21:57:07,1,0.6,37.701,14.903,0.13,9,0.32,168,0.7,0.6
2017-09-25 22:25:01,1,0.9,37.763,15.028,3.53,13,0.13,79,0.6,0.4
2017-09-26 18:19:39,1,0.9,37.74,15.049,3.62,11,0.11,147,0.3,0.4
2017-09-28 09:54:28,1,1.1,37.727,15.055,4.6,9,0.06,140,1.6,1.2
2017-09-30 04:24:46,1.4,1.3,37.715,15.074,4.08,16,0.09,121,0.3,0.3
2017-09-30 10:44:50,1.5,1.4,37.702,14.906,6.8,14,0.16,188,0.6,0.6
2017-09-30 10:49:48,1.4,1.3,37.702,14.904,6.12,13,0.22,189,0.6,0.6
2017-09-30 14:34:51,1.5,1.7,37.855,15.165,19.46,11,0.12,140,1.1,1.3
2017-09-30 14:39:43,1.8,1.7,37.862,15.155,19.76,16,0.22,119,0.7,0.7
2017-09-30 14:47:43,1.5,1.5,37.864,15.16,21.28,13,0.25,135,0.9,1
2017-09-30 15:18:11,1.1,1.1,37.724,15.021,3.5,9,0.2,128,0.4,0.4
2017-09-30 16:37:10,1.2,1.2,37.847,15.172,20.6,9,0.1,150,1.3,1.4
2017-09-30 16:42:53,1.5,1.5,37.861,15.182,19.61,15,0.27,142,0.7,0.9
2017-09-30 16:45:51,1.7,1.6,37.849,15.163,18.98,14,0.15,134,1,1
2017-09-30 18:08:34,1.7,1.8,37.84,15.167,18.54,28,0.29,113,0.4,0.4
2017-09-30 18:50:12,1.1,1.1,37.757,15.035,4.02,11,0.08,83,0.8,0.4
2017-09-30 19:06:45,1.5,1.7,37.866,15.162,17.97,12,0.14,131,1.3,1.3
2017-10-01 05:08:34,1.5,1.6,37.834,15.05,22.34,12,0.2,138,0.8,1
2017-10-01 06:49:31,1.6,1.6,37.68,14.982,12.83,21,0.28,102,0.5,0.5
2017-10-01 09:57:05,1,0.9,37.741,15.03,3.21,9,0.09,175,1,0.6
2017-10-01 13:24:54,1.7,1.6,37.865,15.136,17.75,12,0.23,106,0.9,0.8
2017-10-01 20:50:42,1.2,1.1,37.746,15.015,5.47,13,0.17,118,0.7,0.5
2017-10-02 03:03:18,2,1.9,37.649,14.947,19.5,26,0.27,85,0.6,0.7
2017-10-03 14:17:27,1,1,37.724,15.086,6.34,8,0.22,219,0.8,0.8
2017-10-03 17:11:43,1.1,1.1,37.753,15.012,0.01,13,0.12,63,0.5,0.3
2017-10-03 17:39:51,1.1,1,37.756,15.006,0.93,12,0.12,88,0.6,0.2
2017-10-04 00:19:15,1,1,37.752,15.034,2.77,10,0.24,94,0.8,0.3
2017-10-04 02:05:03,1,1,37.704,15,4.94,8,0.21,125,1,1.1
2017-10-04 02:56:50,1.2,1.2,37.752,15.002,1.41,13,0.13,129,0.6,0.3
2017-10-05 03:31:34,1.1,1.2,37.755,15.001,1.46,8,0.1,115,0.5,0.5
2017-10-06 09:30:40,0.9,0.9,37.753,15.007,0.96,11,0.05,99,0.4,0.3
2017-10-06 20:13:13,0.9,1,37.678,15.106,6.16,8,0.16,188,0.9,0.6
2017-10-06 23:02:19,0.8,0.7,37.753,15.057,1.79,10,0.2,206,0.4,0.4
2017-10-07 15:42:17,1.6,1.6,37.704,14.978,9.94,16,0.19,66,0.7,0.5
2017-10-07 18:54:27,1.2,1.2,37.718,15.015,5.88,9,0.03,203,0.5,0.6
2017-10-08 08:23:43,1.2,1.1,37.712,15.022,5.29,11,0.08,102,0.5,0.5
2017-10-08 10:26:05,1.3,1.3,37.749,15.01,1.08,19,0.15,64,0.3,0.2
2017-10-09 00:35:25,1.7,1.6,37.653,15.13,0.12,16,0.21,147,0.6,0.2
2017-10-09 10:54:16,1.5,1.4,37.854,15.03,9.76,15,0.13,156,0.6,0.5
2017-10-09 11:34:57,1.8,1.7,37.859,15.048,10.03,21,0.3,89,0.4,0.4
2017-10-09 11:56:40,1.3,1.4,37.841,15.027,10.65,9,0.07,159,1.3,1.1
2017-10-09 11:59:28,1.3,1.4,37.84,15.033,11.05,10,0.09,145,1,0.8
2017-10-09 12:51:53,1.4,1.3,37.849,15.033,11.22,15,0.18,152,0.6,0.5
2017-10-09 12:55:12,1.3,1.4,37.849,15.021,10.51,8,0.08,242,2.1,1.5
2017-10-09 15:18:53,1,1,37.746,15.044,1.71,13,0.15,110,0.3,0.3
2017-10-10 11:22:39,1.5,1.3,37.747,15,1.26,17,0.13,74,0.3,0.2
2017-10-10 13:22:01,1.3,1.1,37.754,14.998,-0.36,12,0.05,97,0.5,0.3
2017-10-10 15:41:16,1.2,1.2,37.707,15.017,4.7,14,0.11,87,0.3,0.4
2017-10-10 23:09:59,1.5,1.5,37.749,15.109,17.67,18,0.21,71,0.7,0.6
2017-10-11 00:01:22,1.6,1.5,37.746,15.103,19.49,21,0.23,81,0.5,0.6
2017-10-11 00:03:19,1.8,1.9,37.735,15.128,17.06,34,0.31,93,0.5,0.4
2017-10-11 22:43:03,1,0.8,37.751,15.121,6.44,10,0.23,91,0.5,0.5
2017-10-11 23:13:04,1.8,1.6,37.751,15.126,6.78,29,0.22,88,0.4,0.2
2017-10-11 23:15:58,2.1,1.9,37.752,15.129,5.33,30,0.22,89,0.3,0.2
2017-10-12 01:18:15,1.3,1.1,37.758,15.118,6.01,19,0.2,69,0.4,0.3
2017-10-12 05:44:38,0.8,0.8,37.722,15.153,8.56,9,0.14,139,0.6,0.7
2017-10-12 18:25:42,1.7,1.6,37.76,15.182,6.36,16,0.12,141,0.7,0.4
2017-10-12 19:01:24,1.1,1,37.759,15.175,6.51,9,0.12,130,0.9,0.6
2017-10-13 16:54:01,1.4,1.2,37.741,15.031,2.91,24,0.23,64,0.4,0.2
2017-10-13 23:42:57,1.2,1.2,37.722,15.013,3,29,0.2,51,0.2,0.2
2017-10-14 03:11:14,1.4,1.3,37.747,15.003,-1.39,21,0.1,61,0.3,0.2
2017-10-14 10:55:22,1,1,37.723,15.019,4.96,9,0.13,121,0.6,0.6
2017-10-14 10:55:31,1.3,1.2,37.723,15.011,3.66,16,0.13,79,0.3,0.3
2017-10-16 02:05:51,0.9,0.7,37.748,15.1,2.61,10,0.15,83,0.6,0.4
2017-10-16 07:55:50,1,1,37.703,15.023,4.53,11,0.04,182,0.7,0.9
2017-10-16 12:19:53,1.1,1.3,37.758,15.104,5.26,10,0.11,240,1,1.2
2017-10-16 13:11:56,0.9,0.6,37.806,15.061,-0.05,7,0.04,174,0.6,0.3
2017-10-16 14:16:11,1.2,0.9,37.751,15.051,2.16,14,0.13,105,0.5,0.3
2017-10-16 18:02:41,0.9,1,37.755,15.104,7.53,12,0.15,122,0.6,0.5
2017-10-17 01:16:02,0.9,0.8,37.749,15.024,2.67,11,0.16,180,1.6,0.3
2017-10-17 02:11:42,2.5,2.3,37.636,15.137,0.61,32,0.24,125,0.3,0.3
2017-10-17 02:13:54,1.7,1.6,37.637,15.114,0.03,20,0.27,154,0.7,0.4
2017-10-17 02:15:04,1.8,1.7,37.638,15.141,0.5,23,0.26,137,0.3,0.3
2017-10-17 02:54:42,1.1,1.1,37.729,14.912,4.42,8,0.13,186,0.6,0.7
2017-10-17 03:05:18,1.7,1.8,37.728,14.922,5,15,0.15,86,0.4,0.3
2017-10-17 03:07:20,1.1,1,37.742,14.91,4.26,8,0.18,107,0.7,0.5
2017-10-17 03:11:49,1.2,1.2,37.738,14.903,4.52,8,0.13,106,0.5,0.5
2017-10-17 12:41:16,1.3,1.5,37.733,14.907,4.59,9,0.08,106,0.5,0.5
2017-10-17 17:07:28,1.6,1.5,37.727,14.918,5.03,18,0.11,88,0.4,0.3
2017-10-17 21:39:36,1.2,1.4,37.739,14.878,4.58,8,0.18,265,0.6,1.1
2017-10-17 21:55:58,1.3,1.2,37.721,14.911,5.49,9,0.17,171,0.7,0.6
2017-10-18 01:07:13,1.1,1.1,37.735,14.912,5.7,18,0.1,64,0.6,0.4
2017-10-18 05:02:41,1,1.1,37.716,14.976,7.55,13,0.1,99,0.9,0.8
2017-10-18 05:14:03,0.9,0.9,37.71,15.011,4.74,9,0.1,189,0.8,0.8
2017-10-18 10:34:09,1,1.1,37.705,15.024,4.99,15,0.06,179,0.5,0.6
2017-10-19 00:18:35,1.2,0.8,37.692,14.975,2.85,12,0.15,67,0.4,0.4
2017-10-19 01:49:47,1.2,1,37.75,14.996,1.04,26,0.08,56,0.2,0.2
2017-10-19 03:57:22,1.1,1.1,37.754,15.044,5.07,11,0.08,111,0.7,0.4
2017-10-19 12:43:06,1.4,1.2,37.807,14.998,0.47,14,0.12,135,1.1,0.3
2017-10-19 15:44:43,1.2,1.2,37.757,15.03,4.98,15,0.09,69,1,0.4
2017-10-19 17:53:11,1.3,1.1,37.729,15.073,4.72,19,0.08,103,0.7,0.5
2017-10-20 14:19:00,1.1,1.1,37.695,15.158,3.78,13,0.13,262,0.3,0.6
2017-10-21 16:09:02,1.3,1.3,37.756,15.003,1.53,15,0.09,65,0.5,0.3
2017-10-21 16:52:15,1,1.1,37.752,15.003,1.1,11,0.13,108,0.6,0.3
2017-10-21 17:22:56,1.3,1.3,37.753,15.002,1.63,13,0.08,108,0.5,0.3
2017-10-21 23:44:18,1.7,1.3,37.756,15.007,1.16,29,0.12,46,0.2,0.2
2017-10-21 23:46:40,1.2,1.1,37.755,15.004,1.28,17,0.09,58,0.3,0.2
2017-10-22 00:52:25,1.1,1.2,37.758,15.007,1.56,10,0.07,97,1,0.4
2017-10-22 09:27:45,1.2,1.2,37.734,15.103,6.82,13,0.14,185,0.8,0.8
2017-10-22 13:52:18,1,0.9,37.759,15.017,2.37,10,0.04,172,0.5,0.6
2017-10-22 17:08:52,1.3,1.2,37.737,15.098,6.22,15,0.17,84,0.5,0.3
2017-10-23 14:12:04,1.8,1.7,37.688,14.979,3.12,19,0.12,68,0.3,0.2
2017-10-23 17:47:11,2.2,2.1,37.647,15.135,0.07,11,0.18,156,1,0.4
2017-10-23 21:43:07,1.2,1,37.751,15.009,1.77,12,0.08,88,0.6,0.4
2017-10-23 22:43:01,1.7,1.5,37.718,14.962,8.95,16,0.13,61,0.5,0.4
2017-10-23 23:25:33,1.4,1.4,37.733,15.056,6.74,17,0.11,89,0.7,0.4
2017-10-23 23:30:03,1.7,1.5,37.743,15.047,3.54,18,0.11,63,0.3,0.3
2017-10-23 23:32:02,1,0.9,37.745,15.045,2.04,10,0.06,121,0.4,0.3
2017-10-24 05:36:22,1.2,1.1,37.748,15.056,4.1,12,0.14,97,0.4,0.4
2017-10-24 21:42:16,1,1,37.733,15.07,5.63,10,0.16,93,0.5,0.6
2017-10-25 00:06:27,1.2,1.3,37.744,15.037,6.71,17,0.13,64,0.5,0.3
2017-10-25 02:49:03,1.2,1.2,37.742,15.065,7.8,7,0.12,130,0.9,1.6
2017-10-25 18:38:59,1.2,1.2,37.738,15.05,5.55,13,0.1,107,0.8,0.5
2017-10-25 22:02:25,1.2,1.1,37.762,15.151,6.33,17,0.15,102,0.7,0.4
2017-10-26 02:38:20,1,0.9,37.71,15.012,4.9,12,0.08,80,0.6,0.5
2017-10-26 04:12:12,1.3,1.3,37.733,15.047,5.94,12,0.09,115,0.9,0.6
2017-10-26 08:19:51,1.1,1.1,37.85,15.004,12.98,9,0.15,95,1.1,0.8
2017-10-26 10:04:09,1.1,1.3,37.745,15.02,7.38,8,0.06,190,1.5,1.2
2017-10-26 14:53:41,0.9,1,37.693,15.031,1.39,7,0.08,207,0.6,0.6
2017-10-26 15:26:21,1.1,1.1,37.72,15.123,6.41,9,0.09,227,0.7,1.3
2017-10-26 15:31:34,1,0.9,37.737,15.104,6.94,8,0.04,199,0.8,1.3
2017-10-26 15:47:15,1.1,1.2,37.742,15.091,6.68,7,0.05,144,0.8,1.5
2017-10-26 18:41:27,1.1,1.2,37.757,15.006,1.7,11,0.09,98,0.9,0.4
2017-10-27 20:33:12,1.3,1.2,37.742,14.99,3.99,17,0.18,85,0.4,0.2
2017-10-27 22:50:23,1,1.1,37.733,15.05,4.9,12,0.12,119,0.9,0.5
2017-10-28 08:01:31,1,1.1,37.67,15.089,3.72,7,0.12,195,0.6,0.7
2017-10-28 08:20:44,1.3,1.5,37.714,15.016,5.47,15,0.07,87,0.6,0.4
2017-10-28 08:21:00,1.3,1.4,37.715,15.014,5.39,15,0.07,85,0.5,0.4
2017-10-28 09:25:53,1,1,37.71,15.019,5.27,9,0.04,126,0.7,0.8
2017-10-29 11:00:50,1.2,1.2,37.748,15.058,3.29,17,0.15,97,0.5,0.4
2017-10-30 17:48:14,1,1.1,37.855,15.078,-0.18,10,0.2,179,1.7,0.6
2017-10-30 20:08:12,1.2,1.2,37.749,15.001,1.05,13,0.14,120,0.8,0.4
2017-10-30 23:34:46,1.6,1.4,37.755,15.087,7.12,25,0.19,46,0.4,0.3
2017-10-31 23:31:53,1.2,1.3,37.767,15.062,6.42,17,0.2,65,0.5,0.5
2017-10-31 23:32:17,1,0.9,37.761,15.083,5.45,9,0.13,95,0.8,0.5
2017-11-01 01:30:24,2.2,2,37.81,15.052,0.2,14,0.26,119,0.2,0.2
2017-11-01 09:57:14,1,1.1,37.756,15.02,1.02,8,0.3,133,1.1,0.6
2017-11-01 20:25:54,1.1,1,37.67,14.941,4.23,9,0.09,102,0.4,0.5
2017-11-01 20:52:23,1,1,37.699,15.074,3.97,8,0.16,150,0.8,0.9
2017-11-02 11:48:04,1.1,1.1,37.715,15.01,3.89,13,0.17,84,0.8,0.6
2017-11-02 17:16:08,1,0.8,37.749,15.049,2.21,9,0.06,122,0.7,0.4
2017-11-02 17:42:32,1.2,1.1,37.751,15.001,0.69,24,0.12,59,0.3,0.2
2017-11-02 18:57:44,0.9,0.8,37.754,15.004,-0.28,8,0.09,105,1.5,0.2
2017-11-02 21:53:28,1,1,37.751,15.003,0.54,9,0.09,109,0.7,0.4
2017-11-03 05:59:27,1.3,1.4,37.751,15.093,12.62,10,0.23,113,0.8,0.6
2017-11-03 23:37:38,2.7,2.7,37.75,15.003,0.43,29,0.17,42,0.2,0.1
2017-11-04 02:46:27,1,1.1,37.754,15.016,6.5,9,0.14,196,0.9,0.8
2017-11-04 12:15:12,1,0.9,37.758,15.058,4.04,8,0.07,103,0.5,0.4
2017-11-04 13:31:04,1.1,1.1,37.739,14.993,3.26,15,0.15,115,0.5,0.3
2017-11-04 13:35:50,1.2,1.1,37.743,14.998,2.1,20,0.16,60,0.2,0.2
2017-11-04 13:42:30,1,1.1,37.748,14.999,3.28,6,0.03,189,0.9,1.1
2017-11-04 17:33:41,1.2,1.1,37.752,15.005,1.12,21,0.16,60,0.3,0.2
2017-11-04 19:56:27,0.9,0.9,37.756,15.006,1.16,9,0.09,183,0.6,0.5
2017-11-05 01:51:17,1.5,1.5,37.61,14.972,3.6,14,0.2,135,0.3,0.3
2017-11-05 02:46:48,1.9,2,37.532,14.934,9.6,25,0.22,120,0.5,0.4
2017-11-05 03:06:39,1.3,1.1,37.627,14.956,0.52,9,0.15,176,1,0.4
2017-11-05 14:25:56,1.4,1.4,37.746,15.052,4.09,17,0.12,75,0.3,0.2
2017-11-06 04:45:11,1.3,1.2,37.725,14.981,7.76,11,0.13,85,0.7,0.5
2017-11-07 10:12:09,1,0.9,37.761,15.013,2.16,12,0.2,169,0.3,0.4
2017-11-08 19:27:52,1.1,1.2,37.848,15.045,9.13,11,0.12,85,0.7,0.5
2017-11-08 20:43:19,1.5,1.4,37.701,14.958,0.56,9,0.15,115,0.6,0.4
2017-11-09 09:04:08,1.5,1.6,37.715,15.017,5.09,14,0.09,66,0.4,0.4
2017-11-10 00:04:25,1.1,1.1,37.757,15.03,5.18,9,0.08,94,1.6,0.7
2017-11-10 00:14:07,1.3,1.3,37.751,15.029,5.69,16,0.11,71,0.8,0.5
2017-11-11 02:36:46,2.2,2.3,37.753,15.008,1.02,31,0.17,50,0.2,0.1
2017-11-11 02:56:46,1,1,37.761,15.01,1.46,8,0.12,208,0.8,0.6
2017-11-11 03:05:40,1,1,37.751,15.005,-0.08,7,0.01,193,0.7,0.5
2017-11-11 03:05:46,1.4,1.5,37.755,15.013,1.57,15,0.16,91,0.3,0.2
2017-11-11 03:15:48,1.3,1.1,37.753,15.008,1.37,22,0.1,61,0.2,0.2
2017-11-11 03:20:08,1,1,37.757,15.01,1.29,7,0.09,219,0.8,0.7
2017-11-11 03:21:57,1.1,1.1,37.742,15.014,1.43,8,0.15,244,0.5,1.1
2017-11-11 19:50:59,1.2,1.1,37.767,15.131,3.7,13,0.28,84,0.4,0.3
2017-11-11 20:15:04,1.8,1.8,37.752,14.995,-0.41,12,0.05,88,0.4,0.3
2017-11-11 22:38:17,1.3,1.3,37.733,14.904,5.23,11,0.16,109,0.6,0.5
2017-11-11 23:54:18,1.1,1.1,37.755,15.009,1.65,9,0.08,126,0.6,0.5
2017-11-12 00:41:49,1.4,1.2,37.735,14.91,4.84,13,0.11,65,0.5,0.4
2017-11-12 01:07:37,1.2,1.1,37.753,15.007,1.31,10,0.09,114,0.6,0.3
2017-11-12 01:21:37,1.3,1.2,37.765,14.802,6.02,11,0.17,245,0.5,0.8
2017-11-12 01:41:52,2.4,2.6,37.759,14.794,6.6,28,0.21,176,0.4,0.4
2017-11-12 03:01:57,1.6,1.4,37.765,14.799,6.29,12,0.24,172,0.4,0.5
2017-11-12 08:23:59,2,1.8,37.759,14.805,6.27,18,0.21,171,0.4,0.4
2017-11-12 10:54:13,1,0.5,37.771,15.107,0.3,8,0.2,171,0.3,0.4
2017-11-12 19:39:59,1.3,1.2,37.757,15.001,2.17,12,0.15,112,0.2,0.3
2017-11-13 23:02:44,1.3,1.2,37.746,15.014,1.27,15,0.12,87,0.5,0.3
2017-11-14 04:52:28,1.5,1.4,37.68,14.921,9.18,8,0.22,137,1.2,0.8
2017-11-14 06:55:20,1.2,1.2,37.786,15.091,9.99,11,0.11,73,1.2,0.6
2017-11-14 12:49:10,1.3,1.2,37.707,15.003,6.6,14,0.1,97,0.7,0.6
2017-11-15 21:08:23,1,1,37.693,14.97,2.05,9,0.22,94,0.3,0.4
2017-11-16 06:33:17,1.3,1.3,37.752,15.006,0.78,15,0.09,67,0.4,0.2
2017-11-16 18:23:53,1.3,1.2,37.765,14.832,2.89,12,0.14,108,0.5,0.4
2017-11-16 18:25:25,1.3,1.3,37.737,15.045,5.79,13,0.06,105,0.7,0.4
2017-11-16 23:38:47,1.5,1.4,37.749,15.082,3.81,14,0.16,109,0.3,0.4
2017-11-17 16:44:49,1,0.9,37.745,15.049,2.8,9,0.08,92,1.3,0.4
2017-11-17 16:45:33,1,0.9,37.749,15.057,3.35,10,0.12,85,1.1,0.4
2017-11-19 01:38:33,1.3,1.3,37.878,15.036,10.83,15,0.13,81,0.7,0.4
2017-11-19 05:25:16,1.4,1.3,37.749,15.029,5.97,13,0.16,99,0.7,0.4
2017-11-20 13:29:19,1.2,1.3,37.713,14.943,7.3,15,0.18,154,0.7,0.6
2017-11-21 20:20:40,1,0.9,37.76,15.107,3.71,11,0.09,108,0.6,0.7
2017-11-21 22:30:27,1.1,1.1,37.753,15.022,3.37,14,0.15,130,0.4,0.4
2017-11-22 04:15:05,1.3,1,37.806,15.047,-1.57,15,0.21,94,0.3,0.2
2017-11-22 04:48:24,1.2,1.1,37.749,15.038,3.48,10,0.26,89,1.1,0.7
2017-11-22 13:11:03,1.6,1.8,37.769,14.925,22.52,20,0.28,112,0.9,0.6
2017-11-22 19:52:32,1,0.9,37.758,15.071,4.36,9,0.28,67,0.7,0.6
2017-11-23 04:14:22,1.2,1.1,37.719,15.012,4.6,23,0.19,46,0.3,0.3
2017-11-23 04:49:18,1,1.2,37.721,15.05,4.93,10,0.14,147,0.9,0.4
2017-11-23 14:41:48,1.4,1.4,37.68,15.06,5.02,21,0.16,117,0.6,0.3
2017-11-23 15:39:07,1,1,37.758,15.04,4.17,10,0.15,96,0.7,0.4
2017-11-23 21:43:09,1.3,1.5,37.828,14.992,22.31,19,0.2,72,0.7,0.4
2017-11-23 23:51:49,1,0.9,37.718,14.902,4.34,9,0.2,129,0.4,0.5
2017-11-24 00:31:34,0.9,0.8,37.72,14.896,2.83,11,0.06,106,0.6,0.4
2017-11-24 07:36:13,1,1.1,37.708,15.009,5.2,12,0.07,90,0.7,0.8
2017-11-24 14:00:19,1.3,1.2,37.743,15.026,3.02,21,0.16,97,0.3,0.2
2017-11-24 17:21:47,2,1.9,37.804,15.042,-0.6,28,0.13,63,0.2,0.1
2017-11-24 17:24:57,1.7,1.4,37.803,15.039,-0.46,15,0.14,79,0.3,0.2
2017-11-24 21:52:47,1,0.9,37.738,15.066,2.45,17,0.11,101,0.6,0.4
2017-11-25 03:53:00,1.3,1.1,37.805,15.043,-0.28,15,0.12,86,0.2,0.2
2017-11-25 10:07:53,1.5,1.3,37.687,15.054,3.63,16,0.17,107,0.3,0.3
2017-11-25 17:13:12,1.3,1,37.756,15.006,0.43,18,0.13,100,0.2,0.2
2017-11-25 17:54:20,1.3,1.1,37.758,15.005,1.15,16,0.15,99,0.2,0.3
2017-11-26 05:07:57,1.2,1.1,37.726,15.004,3.4,18,0.29,59,0.3,0.4
2017-11-26 10:33:40,1.2,1.1,37.754,14.999,-0.84,16,0.07,70,0.6,0.2
2017-11-27 02:18:42,0.9,1,37.635,14.881,5.33,6,0.04,203,0.9,1.7
2017-11-27 02:55:47,1.6,1.6,37.614,14.908,6.21,15,0.2,107,0.5,0.4
2017-11-27 02:58:38,0.9,1,37.624,14.902,4.01,5,0.05,117,0.7,0.8
2017-11-27 03:08:20,1,1,37.632,14.894,4.52,6,0.09,155,1.2,1.6
2017-11-27 03:08:39,1,0.9,37.631,14.89,4.36,6,0.12,167,0.7,1.3
2017-11-27 15:02:19,1.2,1.2,37.627,14.895,4.47,7,0.11,139,1.1,1.5
2017-11-27 16:00:14,1.1,1,37.627,14.895,4.48,6,0.09,138,1.1,1.6
2017-11-27 22:43:50,1.1,1,37.744,15.032,4.1,8,0.07,173,1.4,0.6
2017-11-28 01:42:08,1,0.8,37.753,15.044,2.04,8,0.1,155,1,0.4
2017-11-28 01:44:24,1,0.9,37.754,15.07,3.24,11,0.08,180,0.5,0.5
2017-11-28 04:05:52,1.4,1.2,37.687,15.097,4.52,23,0.23,68,0.6,0.2
2017-11-28 04:11:07,1.2,1.1,37.691,15.098,4.21,11,0.09,121,0.3,0.3
2017-11-28 04:13:07,1.2,1,37.695,15.093,4.23,10,0.14,115,0.4,0.4
2017-11-28 04:16:04,1.4,1.2,37.7,15.093,4.13,13,0.14,109,0.2,0.3
2017-11-28 04:17:24,1,0.8,37.694,15.093,4.21,10,0.07,116,0.5,0.3
2017-11-28 04:18:29,1,0.9,37.686,15.094,2.1,11,0.16,70,0.3,0.3
2017-11-28 04:46:32,1,0.9,37.689,15.094,3.37,14,0.14,122,0.5,0.3
2017-11-29 02:22:29,1.1,1.1,37.719,15.009,4.65,18,0.17,88,0.3,0.3
2017-11-29 02:24:27,1.1,1,37.678,14.957,4.28,10,0.1,143,0.5,1.1
2017-11-29 03:54:36,1,1,37.687,14.96,3.26,12,0.12,85,0.6,0.5
2017-11-29 03:55:26,1,1.1,37.679,14.953,4.52,8,0.06,194,0.9,1.4
2017-11-29 05:48:38,1.5,1.4,37.7,14.93,0.05,11,0.13,102,0.8,0.3
2017-11-29 05:52:46,1,0.9,37.683,14.955,2.95,6,0.04,170,0.9,0.9
2017-11-30 18:00:17,1.4,1.3,37.638,14.916,1.82,12,0.12,119,0.4,0.3
2017-11-30 19:53:35,1,1,37.691,15.079,5.64,12,0.14,170,0.6,0.5
2017-12-02 00:16:06,1.2,1.3,37.749,14.994,2.11,10,0.07,107,0.3,0.4
2017-12-02 00:18:38,1.3,1.3,37.749,14.999,3.54,13,0.12,81,0.4,0.3
2017-12-02 00:20:56,1.1,1.1,37.751,14.996,1.43,13,0.16,110,0.3,0.3
2017-12-02 00:21:25,1.3,1.3,37.749,15.004,3.62,17,0.14,88,0.4,0.2
2017-12-02 00:21:35,1.2,1.2,37.758,14.999,2.15,15,0.14,74,0.3,0.2
2017-12-02 00:22:11,1.4,1.4,37.747,15.003,3.92,16,0.08,89,0.3,0.2
2017-12-02 00:22:55,1.2,1.2,37.749,15,3.7,12,0.07,82,0.4,0.4
2017-12-02 00:23:10,1.3,1.3,37.745,15,3.75,19,0.08,69,0.3,0.2
2017-12-02 00:23:48,1.3,1.3,37.75,15.003,3.29,19,0.1,68,0.4,0.2
2017-12-02 00:25:01,1.4,1.4,37.747,15.003,3.79,23,0.11,70,0.3,0.2
2017-12-02 00:26:04,1.4,1.4,37.749,15.003,3.6,21,0.13,87,0.3,0.2
2017-12-02 00:27:26,1.2,1.3,37.736,15,4.61,10,0.1,96,0.6,0.5
2017-12-02 00:28:06,1.2,1.3,37.748,15.01,3.32,17,0.09,98,0.3,0.2
2017-12-02 00:29:26,1.4,1.4,37.749,15.004,3.91,24,0.12,70,0.3,0.2
2017-12-02 00:31:50,1.1,1.2,37.758,14.989,1.75,10,0.11,76,0.7,0.4
2017-12-02 00:33:52,1.2,1.3,37.75,15,3.63,10,0.12,82,0.5,0.4
2017-12-02 00:34:48,1.2,1.3,37.747,14.997,3.92,11,0.09,79,0.6,0.4
2017-12-02 00:52:47,1.2,1.3,37.735,14.987,6.68,14,0.09,82,0.6,0.4
2017-12-02 01:04:18,1.2,1.2,37.749,14.994,3.71,17,0.09,74,0.3,0.3
2017-12-02 01:21:19,1.1,1.1,37.755,15.003,3.08,11,0.16,81,0.7,0.4
2017-12-02 01:29:16,1.1,1.2,37.75,15.014,3.56,8,0.07,194,0.8,1
2017-12-02 01:32:19,1,0.9,37.77,14.995,0.37,9,0.08,77,0.4,0.3
2017-12-02 01:48:12,1.3,1.3,37.75,15,3.93,21,0.13,83,0.3,0.2
2017-12-02 01:49:04,1,1,37.755,14.995,1.91,19,0.13,106,0.4,0.2
2017-12-02 03:21:21,1.1,1.1,37.706,15.017,5.19,9,0.05,170,0.6,0.8
2017-12-02 03:49:52,1.2,1.3,37.744,15.009,3.17,12,0.15,141,0.4,0.4
2017-12-02 05:07:10,1.2,1.3,37.756,14.998,2.31,11,0.13,74,0.4,0.4
2017-12-02 09:09:03,1.2,1.2,37.751,15.028,2.47,11,0.15,108,0.8,0.4
2017-12-03 02:24:54,1,1.1,37.717,15.021,4.18,8,0.04,155,0.9,0.7
2017-12-03 04:28:45,1.3,1.4,37.755,14.983,2.07,12,0.16,220,0.3,0.8
2017-12-03 04:38:14,1.2,1.3,37.744,15.054,4.91,14,0.1,118,0.9,0.5
2017-12-03 05:59:03,1.2,1.2,37.743,15.039,3.98,13,0.16,134,0.8,0.5
2017-12-03 18:15:27,1,0.9,37.753,15.035,1.93,7,0.08,169,1.3,0.6
2017-12-03 20:57:08,1,1,37.749,15.004,0.99,10,0.15,213,2.2,0.6
2017-12-04 00:40:34,1.3,1.4,37.745,15.042,7.04,19,0.12,88,0.5,0.3
2017-12-04 00:51:16,1.9,1.9,37.751,15.033,5.8,31,0.18,57,0.4,0.2
2017-12-04 00:51:35,1.7,1.7,37.743,15.038,7.7,18,0.1,90,0.6,0.3
2017-12-04 02:28:35,1,1.2,37.736,15.051,4.51,13,0.07,79,1.1,0.5
2017-12-04 05:40:33,1.8,1.8,37.701,14.958,21.79,22,0.17,57,0.6,0.5
2017-12-04 05:53:57,2.2,2.3,37.691,14.942,22.12,23,0.17,71,0.6,0.5
2017-12-04 06:20:27,1,1.1,37.761,14.962,0.78,9,0.06,143,0.7,0.4
2017-12-04 07:29:55,1.7,1.6,37.805,15.043,-0.5,20,0.15,48,0.2,0.2
2017-12-04 09:59:36,1.7,1.7,37.665,14.928,0.38,7,0.08,151,1.5,0.9
2017-12-04 22:21:58,1.1,1.1,37.715,15.014,5.34,10,0.05,113,0.6,0.6
2017-12-05 01:33:39,1.3,1.2,37.723,15.02,4.63,8,0.06,178,0.7,0.6
2017-12-05 13:00:13,1.3,1.4,37.742,14.961,9.67,21,0.15,83,0.5,0.3
2017-12-06 09:31:33,1.2,1.3,37.712,15.021,6.48,9,0.13,99,1,0.7
2017-12-07 06:33:42,1.5,1.4,37.71,15.01,5.54,19,0.1,83,0.4,0.3
2017-12-07 18:00:52,1.5,1.5,37.611,14.978,6.31,13,0.12,250,1.1,0.7
2017-12-08 02:00:56,1.3,1.3,37.718,14.986,8.54,15,0.16,60,0.9,0.6
2017-12-08 02:03:29,1.1,1.2,37.708,14.978,8.64,12,0.1,95,0.9,0.7
2017-12-08 08:24:37,2.1,2,37.798,14.851,9.48,28,0.14,110,0.3,0.3
2017-12-08 16:53:54,0.9,1,37.794,14.843,8.48,11,0.1,160,0.8,0.6
2017-12-08 18:24:20,1.7,1.6,37.716,14.922,-0.82,11,0.2,91,0.6,0.2
2017-12-08 18:27:24,1.3,1.2,37.714,14.92,-0.51,8,0.29,122,0.7,0.3
2017-12-08 20:06:18,1.9,1.7,37.814,15.062,-0.8,19,0.16,51,0.3,0.2
2017-12-08 23:49:37,1.1,0.9,37.682,15.139,2.44,7,0.13,129,0.4,0.3
2017-12-09 00:09:06,1.2,1.2,37.717,15.013,4.99,10,0.04,86,0.4,0.5
2017-12-09 04:21:51,1.7,1.5,37.713,14.914,-0.68,16,0.28,97,1,0.3
2017-12-09 05:31:52,0.9,0.8,37.679,14.942,2.79,8,0.1,130,0.7,0.7
2017-12-09 05:39:17,0.8,0.6,37.681,14.948,0.49,8,0.08,125,0.5,0.6
2017-12-09 15:14:34,1,0.9,37.673,14.95,2.29,8,0.12,100,0.4,0.5
2017-12-09 16:40:26,1,0.8,37.667,14.946,1.94,9,0.12,107,0.6,0.7
2017-12-09 17:53:37,0.9,0.7,37.682,14.926,-1.56,9,0.25,115,1.9,0.4
2017-12-09 22:22:49,1,1,37.741,15.048,2.28,11,0.13,111,0.4,0.6
2017-12-10 11:02:54,1.8,1.6,37.734,15.038,6.56,25,0.15,72,0.6,0.3
2017-12-10 16:22:44,1.7,1.5,37.749,15.002,0.14,23,0.13,51,0.2,0.2
2017-12-11 00:16:13,1.1,0.8,37.737,15.075,5.2,8,0.14,113,0.9,0.4
2017-12-11 01:34:25,1.6,1.5,37.669,14.954,3.56,19,0.14,104,0.2,0.3
2017-12-11 14:48:32,1.5,1.4,37.746,14.838,7.09,9,0.21,230,0.9,1.3
2017-12-12 07:07:47,1.3,1.3,37.647,14.985,4.61,10,0.21,243,0.8,0.6
2017-12-13 10:34:30,1.2,1.4,37.69,15.009,6.34,18,0.15,168,0.4,0.5
2017-12-13 10:37:54,1.7,1.6,37.703,14.994,3.68,23,0.18,62,0.3,0.3
2017-12-13 11:24:24,1,1,37.704,14.98,3.72,10,0.19,91,0.8,0.6
2017-12-13 14:34:32,1,1,37.682,14.917,0.02,8,0.17,116,0.7,0.5
2017-12-13 19:41:22,1.2,1.2,37.684,15.036,5.26,11,0.17,152,0.8,0.8
2017-12-13 22:59:51,1,0.9,37.711,14.922,-1.58,6,0.21,102,3.5,0.3
2017-12-13 23:50:04,1.1,1.1,37.706,15.133,8.77,10,0.1,91,0.8,1.1
2017-12-14 03:32:28,1,0.9,37.808,15.048,-0.77,10,0.17,102,1,0.5
2017-12-14 04:40:06,1,0.9,37.665,15.052,2.73,9,0.23,129,0.9,0.4
2017-12-14 06:38:51,1,1.1,37.705,15.051,3.64,7,0.14,178,0.7,0.9
2017-12-14 09:11:22,2,1.9,37.717,15.016,4.66,31,0.15,52,0.3,0.3
2017-12-14 09:19:05,1.6,1.6,37.715,15.012,4.26,28,0.16,48,0.2,0.3
2017-12-14 09:20:20,1.2,1.2,37.712,15.017,5.31,14,0.08,89,0.5,0.5
2017-12-14 09:20:40,1.1,1.2,37.718,15.02,5.43,12,0.09,95,0.5,0.5
2017-12-14 09:23:58,1,1,37.761,15.035,2.85,7,0.11,121,0.9,0.4
2017-12-14 09:43:41,1.1,1.1,37.711,15.023,4.77,10,0.11,105,0.5,0.5
2017-12-14 09:48:47,1.4,1.4,37.717,15.012,4.02,24,0.17,113,0.3,0.3
2017-12-14 10:50:13,1.2,1.1,37.736,15.043,5.42,18,0.16,106,0.6,0.4
2017-12-14 11:51:48,1.2,1.2,37.714,15.015,4.78,18,0.18,86,0.4,0.4
2017-12-14 18:34:59,1.5,1.4,37.665,14.949,2.23,19,0.14,110,0.2,0.3
2017-12-14 20:37:22,1.3,1.3,37.671,14.948,3.59,12,0.1,102,0.6,0.5
2017-12-15 03:23:50,1.8,1.5,37.768,14.754,7.05,20,0.2,212,0.4,0.6
2017-12-15 03:28:44,1.3,1.3,37.735,14.789,8.98,13,0.2,216,0.3,0.5
2017-12-15 03:50:02,1.2,1.2,37.773,14.791,6.75,12,0.28,186,0.5,0.7
2017-12-15 03:52:05,1,0.9,37.7,14.982,3.62,9,0.15,104,0.6,0.6
2017-12-15 05:36:53,1.3,1.3,37.667,14.988,4.41,11,0.24,232,0.5,0.5
2017-12-15 17:19:11,1,1.1,37.784,14.827,4.04,11,0.28,174,0.4,0.4
2017-12-15 21:59:49,1.1,1.1,37.777,14.802,4.22,10,0.18,166,0.4,0.7
2017-12-16 00:57:38,1.1,1,37.667,14.955,4.27,10,0.16,108,0.5,0.4
2017-12-16 02:54:59,1.9,1.8,37.781,14.794,6.55,19,0.21,170,0.6,0.5
2017-12-16 03:04:13,1.4,1.5,37.779,14.826,6.05,14,0.15,174,0.7,0.7
2017-12-16 03:29:18,1.1,1,37.684,14.974,5.51,9,0.14,204,0.5,0.6
2017-12-16 11:28:20,1.1,0.9,37.729,15.072,1.62,12,0.14,103,0.3,0.3
2017-12-16 19:34:35,1.2,1.1,37.703,14.963,3.74,13,0.15,117,0.3,0.3
2017-12-16 19:39:44,1.1,1,37.691,14.958,4.63,7,0.1,125,0.6,1
2017-12-16 21:32:22,1.6,1.5,37.691,14.967,3.88,12,0.15,80,0.4,0.3
2017-12-17 04:19:11,1,1,37.745,15.033,4.07,9,0.1,127,0.3,0.3
2017-12-17 10:52:19,1.2,1.2,37.733,14.924,-0.71,9,0.24,105,0.7,0.2
2017-12-17 18:04:52,0.7,0.6,37.758,15.09,2.81,7,0.22,156,0.6,0.3
2017-12-18 04:52:33,1.8,1.7,37.688,14.925,-1.58,15,0.19,104,0.7,0.2
2017-12-18 08:07:41,1.3,1.2,37.671,14.932,-1.59,8,0.18,142,0.7,0.3
2017-12-18 14:32:00,1.2,1.1,37.764,15.097,4.95,12,0.23,84,0.5,0.3
2017-12-19 00:41:27,1,0.8,37.755,15.009,2.74,9,0.14,205,0.9,0.5
2017-12-19 00:49:54,0.9,0.8,37.753,15.025,2.26,8,0.06,141,0.5,0.6
2017-12-19 04:03:46,0.9,0.7,37.75,15.024,0.09,10,0.21,105,0.5,0.4
2017-12-19 09:00:10,1.4,1.3,37.676,14.987,10.5,16,0.24,174,0.6,0.8
2017-12-19 20:52:05,1.1,1,37.769,15.08,5.88,14,0.23,84,0.6,0.4
2017-12-19 21:22:29,1.1,1,37.76,15.09,5.46,14,0.25,58,0.7,0.3
2017-12-20 00:27:00,1.2,1.1,37.752,14.935,15.9,17,0.24,69,0.9,0.5
2017-12-20 00:37:01,1,0.6,37.722,14.925,-1.59,9,0.19,151,0.8,0.3
2017-12-20 02:02:56,1.1,0.8,37.729,14.927,-1.58,10,0.17,98,0.7,0.2
2017-12-20 04:18:27,1,1,37.717,15.016,5.31,10,0.04,120,0.6,0.6
2017-12-20 04:20:06,1.2,1.1,37.71,15.017,4.58,12,0.06,90,0.4,0.5
2017-12-21 06:03:07,1,0.9,37.749,15,0.62,13,0.09,100,0.5,0.2
2017-12-21 14:34:13,1,0.6,37.8,15.049,-1.59,9,0.16,109,0.5,0.2
2017-12-21 16:39:49,1.4,1.4,37.797,15.129,14.7,10,0.09,134,0.8,0.9
2017-12-22 00:27:16,1.2,1.3,37.732,15.087,5.36,14,0.17,103,0.6,0.4
2017-12-22 05:14:10,1.3,1.1,37.804,15.051,-0.74,9,0.1,99,0.8,0.3
2017-12-22 10:26:46,1.1,1.1,37.74,15.041,4.98,15,0.1,104,0.9,0.4
2017-12-22 16:15:50,1.8,2.1,37.801,14.832,9.18,22,0.19,219,0.5,0.5
2017-12-22 17:07:58,1.6,1.8,37.803,14.815,9.5,16,0.22,242,0.7,0.7
2017-12-22 21:51:01,1.2,1.2,37.676,14.981,3.92,7,0.12,227,0.8,1
2017-12-23 17:35:28,2,2,37.654,14.96,4.2,22,0.26,127,0.2,0.3
2017-12-23 17:58:11,1.3,1.3,37.665,14.955,7.18,8,0.19,167,0.8,1.1
2017-12-23 20:44:58,1.7,1.6,37.812,15.044,-0.19,12,0.2,123,0.2,0.2
2017-12-23 20:52:53,1.1,1,37.809,15.042,-0.74,8,0.14,124,0.3,0.2
2017-12-24 01:42:43,2,1.8,37.657,14.954,2.48,26,0.23,121,0.3,0.2
2017-12-24 03:01:19,1.5,1.3,37.665,14.954,3.21,12,0.14,110,0.3,0.3
2017-12-24 03:55:38,1.4,1.1,37.81,15.049,-1.54,9,0.17,120,0.7,0.3
2017-12-24 10:51:28,1.7,1.1,37.814,15.055,-0.47,11,0.16,119,0.6,0.4
2017-12-24 10:57:44,1.5,0.9,37.67,14.951,3.63,9,0.05,103,0.8,0.8
2017-12-24 19:02:19,1.6,1.6,37.663,14.965,2.47,19,0.29,71,0.5,0.3
2017-12-24 19:13:57,1.6,1.6,37.672,14.957,1.7,20,0.25,102,0.2,0.2
2017-12-24 19:17:25,1.2,1.2,37.69,14.928,3.47,8,0.19,167,0.6,1
2017-12-24 19:18:09,1.1,1.1,37.663,14.966,4.25,12,0.19,178,0.4,0.4
2017-12-24 19:43:06,1.1,1.1,37.649,14.972,4.42,9,0.17,232,0.6,0.6
2017-12-24 20:42:02,1,1,37.666,14.959,4.62,11,0.28,169,0.5,0.5
2017-12-24 23:15:50,1,1,37.677,14.966,4.15,8,0.22,157,0.5,0.6
2017-12-25 03:32:54,1,1,37.741,15.036,1.03,12,0.17,119,0.4,0.3
2017-12-25 04:34:36,1.5,1.2,37.683,14.96,6.1,12,0.17,88,0.6,0.5
2017-12-25 07:53:45,1.3,1.1,37.705,15.033,3.84,9,0.13,143,0.5,0.5
2017-12-25 12:03:18,1.1,1.1,37.707,15.031,4.1,10,0.1,182,0.3,0.6
2017-12-25 14:18:17,1.1,1,37.741,15.021,2.99,13,0.18,81,0.4,0.3
2017-12-26 05:18:47,1.1,0.9,37.842,15.042,11.19,13,0.11,62,1.2,0.5
2017-12-26 05:19:00,1,0.7,37.84,15.048,15.35,9,0.14,65,0.9,1
2017-12-26 05:40:22,0.9,0.6,37.849,15.043,12.66,8,0.13,98,0.7,0.8
2017-12-26 05:42:29,1.4,1.3,37.836,15.042,14.32,19,0.2,60,0.6,0.4
2017-12-26 05:47:35,1.1,0.9,37.838,15.041,13.55,12,0.17,61,0.7,0.7
2017-12-26 07:20:20,0.9,0.9,37.741,15.032,1.38,9,0.16,128,1.4,0.3
2017-12-26 17:51:31,0.9,0.7,37.691,14.95,-0.22,9,0.13,95,0.6,0.3
2017-12-26 18:46:34,1,0.7,37.748,15.049,2.17,7,0.02,123,0.7,0.4
2017-12-27 10:42:33,1,1,37.745,15.016,1.65,16,0.17,150,0.5,0.2
2017-12-27 13:18:14,1.1,1,37.738,15.016,3.49,12,0.11,154,0.5,0.4
2017-12-28 13:09:16,1,0.9,37.736,15.057,2.53,8,0.11,214,0.8,0.6
2017-12-29 07:26:29,1.5,1.4,37.669,15.1,0.2,12,0.14,123,0.4,0.3
2017-12-30 08:39:36,1,1,37.743,15.051,5.12,9,0.08,120,1.1,0.5
2017-12-30 15:34:35,1.2,1.3,37.74,15.024,6.36,8,0.12,147,1,0.7
2017-12-30 15:38:20,1.2,1.3,37.773,15.023,5.38,6,0.1,113,0.7,1.4
2017-12-30 18:13:04,1.4,1.5,37.807,15.003,10.11,11,0.1,155,0.8,0.6
2017-12-31 09:22:43,1.3,1.2,37.779,14.968,18.87,14,0.14,65,0.9,0.8
2017-12-31 09:27:44,1.2,1.3,37.78,14.946,20.67,10,0.17,123,1.3,0.9
2017-12-31 13:00:07,2.2,2.1,37.69,14.948,-0.65,13,0.18,82,0.5,0.2
2017-12-31 13:02:04,1.5,1.5,37.702,14.961,2.18,10,0.15,115,0.3,0.5
2017-12-31 13:07:51,1.8,1.7,37.698,14.949,-0.2,13,0.14,76,0.3,0.2
2018-01-01 11:41:36,1,0.8,37.736,15.037,1.52,7,0.09,164,2.3,0.7
2018-01-01 12:12:47,1.7,1.7,37.738,15.036,3.77,29,0.19,64,0.3,0.2
2018-01-02 03:04:52,1,1.1,37.737,15.04,5.74,14,0.08,101,0.7,0.4
2018-01-02 03:21:50,1.3,1.2,37.738,15.03,4.01,19,0.13,64,0.4,0.2
2018-01-03 11:02:04,1.5,1.5,37.69,14.899,4.47,8,0.06,255,0.7,0.7
2018-01-03 12:28:45,1.3,1.2,37.739,15.103,7.98,15,0.1,173,0.5,0.4
2018-01-03 12:33:43,1.1,0.5,37.804,15.067,-0.38,8,0.1,193,0.5,0.4
2018-01-03 12:34:22,1.1,0.7,37.814,15.066,1.05,7,0.04,239,0.6,0.5
2018-01-03 19:17:05,1.8,1.7,37.756,15.008,1.56,27,0.11,71,0.2,0.2
2018-01-03 20:40:47,1.2,1.1,37.758,15.003,1.61,9,0.08,235,0.4,0.6
2018-01-04 00:14:06,1.9,1.8,37.692,14.938,0.27,13,0.14,96,0.5,0.2
2018-01-04 01:36:31,0.9,0.7,37.697,14.907,0.02,6,0.06,160,1.2,0.8
2018-01-04 15:06:37,1.4,1.5,37.795,14.997,22.56,14,0.13,101,1.1,1.5
2018-01-04 15:08:48,1.7,1.7,37.786,14.996,22.72,13,0.15,92,0.7,0.6
2018-01-05 09:43:08,1.5,1.6,37.749,14.97,7.82,26,0.15,63,0.5,0.2
2018-01-05 13:22:51,1,1.1,37.735,15.081,6.26,11,0.23,89,0.7,0.4
2018-01-05 17:51:58,1.3,1.2,37.769,15.14,9.78,14,0.14,88,0.5,0.4
2018-01-05 19:16:18,1,1.2,37.78,14.908,8.25,9,0.19,87,0.9,0.6
2018-01-05 19:17:53,1,1.3,37.783,14.896,8.51,13,0.26,100,0.8,0.5
2018-01-06 01:39:31,1,1,37.762,15.071,7.61,9,0.11,188,0.7,0.6
2018-01-06 01:40:46,1,0.7,37.749,15.087,4.81,10,0.13,140,0.6,0.8
2018-01-06 02:30:40,1,0.9,37.746,15.019,4.19,15,0.13,111,0.3,0.4
2018-01-06 03:23:15,1,1.1,37.749,15.029,6.61,10,0.1,98,0.9,0.6
2018-01-06 03:29:29,1.6,1.5,37.736,15.095,5.68,26,0.14,71,0.3,0.2
2018-01-06 03:32:36,1,0.9,37.739,15.092,5.58,13,0.17,116,0.5,0.4
2018-01-06 03:32:54,0.9,0.7,37.737,15.089,5.1,11,0.18,130,0.6,0.4
2018-01-06 03:41:04,1,0.9,37.737,15.081,6.29,14,0.21,102,0.6,0.4
2018-01-06 03:56:14,1,1,37.738,15.081,7.53,11,0.14,143,0.6,0.5
2018-01-06 06:14:38,1,0.9,37.731,15.039,2.97,8,0.13,111,1.2,0.5
2018-01-06 06:42:44,1.3,1.2,37.703,15.001,4.51,13,0.08,58,0.3,0.4
2018-01-06 15:08:50,1,1.1,37.726,15.049,6.86,12,0.13,134,0.7,0.5
2018-01-06 15:50:45,1.5,1.4,37.67,14.95,5.16,13,0.16,103,0.4,0.5
2018-01-06 16:18:35,1,1,37.758,14.984,1.87,12,0.24,132,0.7,0.3
2018-01-06 16:20:15,1,1,37.73,15.062,4.91,12,0.13,140,0.9,0.5
2018-01-06 16:21:31,1,1,37.751,15.003,1.56,19,0.08,59,0.3,0.2
2018-01-06 19:44:23,1,0.9,37.742,15.052,1.88,8,0.14,101,1.1,0.3
2018-01-06 20:53:41,1,0.9,37.74,15.046,3.3,14,0.13,100,0.6,0.2
2018-01-06 21:07:27,1.1,1,37.763,15.026,4.13,15,0.1,96,0.4,0.3
2018-01-06 21:21:26,1,0.9,37.753,15.016,2.58,8,0.03,216,1.2,0.7
2018-01-07 07:23:00,1.3,1.2,37.758,14.907,12.3,11,0.23,89,0.8,0.6
2018-01-07 07:53:17,1.8,1.6,37.643,15.085,11.56,18,0.13,149,0.8,0.6
2018-01-07 08:31:17,1.3,1.4,37.756,14.877,12.94,11,0.17,120,0.9,0.7
2018-01-07 10:57:12,1,1,37.748,15.015,4.24,10,0.16,125,0.8,0.5
2018-01-07 16:39:12,1,1,37.733,15.01,1.3,14,0.14,74,1.3,0.3
2018-01-08 00:40:20,1.2,0.9,37.693,14.956,1.6,10,0.19,98,0.4,0.5
2018-01-08 06:42:20,1.1,1.2,37.745,15.066,5.53,15,0.07,94,0.7,0.5
2018-01-09 00:16:51,0.9,1.1,37.754,15.04,5.93,8,0.19,124,1,0.5
2018-01-09 00:51:22,1.3,1.5,37.721,14.94,13.36,12,0.21,173,1,0.6
2018-01-09 00:56:43,1.3,1.5,37.714,14.916,13.67,7,0.16,241,2.5,2
2018-01-09 09:21:56,1,1,37.717,15.017,4.15,6,0.01,151,1,0.8
2018-01-10 02:25:55,1.3,1.2,37.737,15.073,6.32,19,0.15,85,0.5,0.3
2018-01-10 03:42:34,1,1,37.751,15.052,5.29,8,0.11,205,0.7,0.5
2018-01-11 08:51:16,1,0.8,37.741,15.036,1.94,11,0.17,131,0.6,0.4
2018-01-11 15:32:53,1.8,1.5,37.752,15.062,5.64,28,0.14,68,0.4,0.2
2018-01-12 14:59:30,2.2,2.1,37.709,15.069,4.07,29,0.14,57,0.2,0.2
2018-01-13 01:41:08,1.5,1.4,37.719,15.076,4.62,12,0.11,128,0.7,0.5
2018-01-13 14:53:22,2.6,2.6,37.709,15.074,4.72,24,0.13,59,0.3,0.2
2018-01-13 14:56:51,1.9,1.9,37.716,15.068,5.62,15,0.19,82,0.4,0.3
2018-01-13 14:57:31,1.6,1.6,37.715,15.069,4.6,13,0.09,62,0.7,0.3
2018-01-13 14:59:20,1.2,1,37.72,15.064,4.86,7,0.16,149,1.1,0.9
2018-01-13 15:25:08,1.3,1.3,37.716,15.061,4.65,10,0.05,116,0.7,0.4
2018-01-13 17:57:35,1.7,1.7,37.718,15.063,5.14,11,0.13,71,0.6,0.4
2018-01-13 20:05:43,1,0.9,37.71,15.07,3.48,8,0.1,130,1.2,0.7
2018-01-14 10:38:25,1.9,2,37.821,14.884,27.47,13,0.17,96,0.6,0.7
2018-01-14 10:40:53,2.3,2.4,37.82,14.884,26.91,20,0.18,96,0.5,0.5
2018-01-14 12:37:31,2.4,2.5,37.818,14.873,26.33,25,0.15,101,0.4,0.5
2018-01-14 21:17:31,1.2,1.1,37.755,15.011,1.62,12,0.1,93,0.3,0.2
2018-01-14 21:44:38,1.3,1.3,37.756,15.007,2.04,11,0.05,122,0.4,0.3
2018-01-14 21:59:02,1.3,1.1,37.753,15.006,1.59,11,0.07,99,0.4,0.3
2018-01-14 22:22:46,1.1,1.1,37.752,15.005,1.94,10,0.09,191,0.4,0.3
2018-01-15 09:32:24,1.2,1.2,37.749,15.033,7.55,9,0.09,131,1.1,0.7
2018-01-16 00:10:59,1.2,1.1,37.722,14.96,0.93,11,0.12,106,0.4,0.3
2018-01-16 11:21:06,1.3,1.3,37.741,15.078,6.81,8,0.14,232,0.5,0.6
2018-01-16 14:11:29,1,1,37.751,14.998,1.07,8,0.09,145,0.5,0.3
2018-01-16 20:55:07,1.2,1.2,37.731,15.006,2.91,10,0.11,123,0.7,0.6
2018-01-16 23:45:50,1.1,1,37.745,15.095,5.73,8,0.19,142,0.9,1
2018-01-17 07:18:37,1.4,1.5,37.748,15.034,6.48,11,0.07,133,0.6,0.5
2018-01-18 12:58:03,1.6,1.5,37.753,15,1.43,18,0.08,68,0.4,0.3
2018-01-18 17:51:51,1.2,1.1,37.797,14.955,23.84,10,0.08,109,1.6,2
2018-01-18 17:53:05,1.3,1.2,37.742,14.961,23.38,11,0.12,189,1.4,1.2
2018-01-18 19:33:50,1.3,1.2,37.743,15.075,5.83,13,0.14,88,0.7,0.4
2018-01-18 19:39:42,0.9,1,37.729,15.065,7.11,8,0.08,224,0.5,0.9
2018-01-18 22:43:30,1.2,1,37.688,14.925,0.02,8,0.16,104,0.7,0.3
2018-01-19 13:18:35,1.4,1.2,37.752,15.015,0.83,18,0.18,66,0.3,0.2
2018-01-19 13:19:03,1,1,37.768,15.003,2.43,10,0.16,104,0.6,0.4
2018-01-19 13:44:37,1.2,1.1,37.75,15.004,0.62,13,0.11,101,0.6,0.2
2018-01-19 13:52:41,0.9,1,37.771,15.001,1.94,9,0.19,134,0.8,0.4
2018-01-19 19:34:57,0.8,0.8,37.762,15.047,3.02,10,0.2,118,0.6,0.4
2018-01-19 21:43:48,1.4,1.4,37.64,14.944,17.5,16,0.24,146,0.8,0.6
2018-01-19 23:42:20,1,1,37.748,14.998,0.97,17,0.14,103,0.3,0.2
2018-01-20 04:24:55,1.1,1.1,37.752,15.003,1.71,8,0.09,108,1,0.4
2018-01-20 05:40:19,1.3,1.2,37.703,14.948,3.64,15,0.24,96,0.5,0.4
2018-01-20 07:18:28,1.4,1.5,37.706,14.948,11.4,12,0.27,89,1.7,1.1
2018-01-20 08:21:44,1,1,37.768,15.017,2.11,8,0.23,100,0.7,0.6
2018-01-20 11:01:08,1,1,37.719,14.93,3.7,10,0.26,99,0.3,0.5
2018-01-20 17:24:14,1.3,1.4,37.746,15.054,7.31,10,0.11,93,0.9,1.2
2018-01-20 21:36:58,1.1,1.1,37.727,15.026,4.83,10,0.28,97,0.8,0.6
2018-01-20 23:06:37,1.2,1.1,37.732,15.054,3.51,18,0.19,71,0.3,0.2
2018-01-20 23:52:27,1,0.9,37.749,15.034,1.2,9,0.16,93,0.7,0.3
2018-01-21 00:13:41,1.2,1.1,37.641,14.949,3.29,9,0.09,229,1.6,1.1
2018-01-21 05:03:40,1.2,1.1,37.76,15.016,3.43,10,0.33,76,0.5,0.4
2018-01-22 06:03:41,1.4,1.3,37.698,14.914,-1.59,10,0.2,148,1.1,0.4
2018-01-22 07:06:23,1.2,1.1,37.7,14.935,2.82,7,0.22,224,0.7,1
2018-01-22 09:19:35,1,1,37.665,14.95,3.21,10,0.28,239,0.7,0.8
2018-01-22 11:39:37,1.1,1,37.755,14.968,3.3,11,0.1,75,0.8,0.6
2018-01-22 11:41:06,1.2,1.1,37.717,14.909,0.75,11,0.18,168,0.4,0.3
2018-01-22 11:41:56,1.9,1.7,37.727,14.916,0.99,16,0.29,100,0.4,0.2
2018-01-22 11:43:22,1.9,1.7,37.732,14.93,-0.46,17,0.24,68,0.5,0.2
2018-01-22 11:53:20,2.2,2.2,37.726,14.931,-1.54,30,0.24,82,0.6,0.2
2018-01-22 11:53:49,2.5,2.5,37.726,14.931,-1.55,32,0.27,82,0.5,0.2
2018-01-22 12:28:19,1.3,1.1,37.721,14.925,-1.58,10,0.12,91,0.7,0.2
2018-01-22 17:31:07,1.1,1.1,37.707,15.016,5.3,12,0.09,85,0.4,0.4
2018-01-22 22:13:15,1,1,37.755,14.984,-1.57,14,0.2,112,0.7,0.4
2018-01-22 22:59:23,1,0.9,37.749,14.999,0.76,12,0.1,103,0.4,0.2
2018-01-23 00:51:13,1.2,1.2,37.736,14.922,-1.58,17,0.31,97,0.5,0.2
2018-01-23 01:36:07,1,1,37.663,15.035,4.75,14,0.19,171,0.5,0.5
2018-01-23 01:49:52,2.5,2.4,37.808,15.107,0.82,30,0.34,52,0.4,0.2
2018-01-23 02:18:36,2,2,37.832,15.14,8.33,13,0.27,128,1.1,0.7
2018-01-23 02:19:22,2.1,2,37.807,15.117,0.58,15,0.22,62,0.6,0.2
2018-01-23 02:29:11,1.2,1.2,37.84,15.165,7.11,9,0.28,183,0.7,0.5
2018-01-23 02:30:34,2.4,2.1,37.813,15.122,0.03,15,0.12,78,0.4,0.2
2018-01-23 02:35:38,1.8,1.7,37.818,15.125,0.55,8,0.05,159,0.8,0.3
2018-01-23 10:39:17,1.3,1.3,37.714,14.903,0.73,15,0.19,131,0.4,0.3
2018-01-23 13:37:34,1.2,1.2,37.71,15.017,5.33,15,0.17,88,0.6,0.6
2018-01-23 16:32:36,1,0.8,37.751,15.057,2.47,10,0.16,99,1.4,0.6
2018-01-23 18:43:44,1,1,37.71,15.009,4.51,9,0.22,84,1.5,1.5
2018-01-23 20:15:15,1.2,1.1,37.744,15.046,2.31,14,0.2,76,0.3,0.3
2018-01-23 22:01:58,1,0.9,37.752,14.928,0.01,9,0.21,214,0.3,0.4
2018-01-23 23:26:56,0.9,0.8,37.743,15.027,2.26,8,0.1,187,0.5,0.4
2018-01-24 02:29:18,1,1.1,37.722,15.01,4.5,19,0.16,61,0.4,0.3
2018-01-24 03:45:47,0.8,0.8,37.757,15.003,0.96,10,0.06,93,1.1,0.3
2018-01-24 13:53:10,1.9,1.7,37.726,14.933,-1.54,23,0.25,81,0.7,0.2
2018-01-24 14:16:37,1,1,37.756,14.932,0.84,11,0.27,150,1.8,0.5
2018-01-24 14:16:48,1.4,1.3,37.723,14.929,-1.59,10,0.18,94,2.3,0.9
2018-01-24 14:40:31,1.2,1.2,37.723,15.007,3.5,19,0.27,104,0.3,0.3
2018-01-24 14:41:01,1.3,1.2,37.716,15.015,4.66,17,0.14,86,0.4,0.4
2018-01-24 17:25:04,1.2,1,37.719,14.924,1.17,9,0.18,112,1.2,0.3
2018-01-24 18:51:52,1,0.9,37.748,15.068,4.73,8,0.1,203,0.7,0.8
2018-01-24 22:20:12,1.4,1.4,37.686,14.945,9.55,17,0.26,161,0.8,0.8
2018-01-25 00:22:50,1,0.8,37.717,14.933,1.72,10,0.22,80,0.3,0.4
2018-01-25 03:21:35,1.3,1.3,37.703,14.93,-0.69,15,0.24,78,0.5,0.2
2018-01-25 03:43:07,1.5,1.4,37.703,14.923,1.05,19,0.28,91,0.3,0.2
2018-01-25 03:49:48,1.4,1.4,37.707,14.926,-1.58,16,0.24,88,0.8,0.2
2018-01-25 03:50:09,1.2,1.3,37.695,14.906,-0.03,9,0.26,163,0.4,0.4
2018-01-25 04:00:57,1.7,1.5,37.696,14.921,0.39,15,0.27,88,0.5,0.5
2018-01-25 16:06:35,1.1,0.9,37.754,15.009,2.55,18,0.16,60,0.3,0.2
2018-01-25 20:02:20,1.4,1.2,37.706,14.932,-1.01,15,0.22,88,0.8,0.2
2018-01-25 20:51:43,1.1,1.1,37.736,15.035,1.8,19,0.21,70,0.2,0.2
2018-01-25 20:54:54,1.1,0.9,37.735,15.043,3.67,11,0.11,109,0.6,0.4
2018-01-26 03:08:53,1.3,1.3,37.687,14.915,7.56,7,0.18,156,0.8,0.9
2018-01-26 03:26:34,1,1,37.757,15.029,3.43,10,0.07,132,0.7,0.4
2018-01-26 06:49:53,1,0.9,37.727,15.137,7.18,10,0.1,265,0.9,0.6
2018-01-26 17:21:06,1.2,1.2,37.73,14.859,5.78,8,0.13,263,0.3,0.9
2018-01-26 22:00:00,1.5,1.4,37.692,14.918,4.25,9,0.1,133,0.7,0.6
2018-01-26 22:44:00,1.3,1.3,37.705,14.969,10.62,21,0.18,70,0.5,0.4
2018-01-26 23:57:43,1,1,37.758,15.01,1.78,10,0.12,176,0.6,0.4
2018-01-27 00:13:56,1,1,37.755,15.004,1.49,12,0.09,186,0.4,0.5
2018-01-27 03:16:48,1.1,1.1,37.74,15.045,4.95,17,0.07,100,0.6,0.3
2018-01-27 17:21:20,0.9,1,37.752,15.007,1.97,12,0.11,126,0.6,0.6
2018-01-27 22:28:18,1.1,1.1,37.758,14.997,1.04,19,0.1,73,0.3,0.2
2018-01-28 04:40:41,1.4,1.5,37.752,15.005,0.87,31,0.15,43,0.2,0.2
2018-01-28 04:40:50,1.9,1.9,37.75,15.005,1.16,24,0.17,44,0.3,0.3
2018-01-28 04:42:46,1,1.1,37.745,15.002,1.55,12,0.07,240,0.4,0.8
2018-01-28 06:06:33,1.5,1.5,37.688,14.954,3.58,15,0.13,84,0.3,0.4
2018-01-28 06:08:31,1.2,1.1,37.692,14.905,5.12,8,0.15,228,0.7,0.5
2018-01-28 07:46:32,1.2,1.1,37.685,14.961,4.93,10,0.06,142,0.6,0.8
2018-01-28 08:10:45,1.7,1.5,37.717,14.929,1.56,19,0.21,86,0.2,0.3
2018-01-28 09:52:07,1.2,1.1,37.723,14.939,1.25,11,0.08,87,0.5,0.3
2018-01-28 09:57:40,1.5,1.4,37.716,14.932,0.14,14,0.26,97,0.3,0.2
2018-01-28 22:56:12,1.1,1,37.738,15.068,3.86,12,0.11,83,0.6,0.3
2018-01-29 01:52:36,1.2,1.4,37.66,14.956,11.23,17,0.17,73,0.8,0.7
2018-01-29 01:55:03,1.1,1.2,37.675,14.973,9.45,13,0.11,94,1.1,0.7
2018-01-29 02:02:15,1.3,1.5,37.659,14.956,13.87,16,0.17,75,0.6,0.6
2018-01-29 09:52:29,1.3,1.3,37.688,15.14,6.8,18,0.1,84,0.6,0.6
2018-01-29 13:54:08,0.9,1,37.752,15.004,1.47,13,0.06,127,0.3,0.6
2018-01-29 14:43:06,1.6,1.7,37.754,15.007,1.03,32,0.15,46,0.2,0.2
2018-01-29 17:37:29,1.9,1.9,37.756,15.008,1.43,33,0.14,52,0.2,0.2
2018-01-29 18:57:40,0.9,1.2,37.758,15.008,2.07,13,0.06,95,0.3,0.3
2018-01-29 19:05:33,0.9,1.1,37.757,15.01,1.78,15,0.09,93,0.3,0.2
2018-01-29 19:15:05,0.9,1.1,37.752,15.007,2.12,9,0.07,228,0.4,0.8
2018-01-29 19:21:52,0.9,1,37.758,15.011,2.09,14,0.1,91,0.2,0.2
2018-01-29 19:31:42,0.9,1,37.757,15.012,1.99,13,0.12,90,0.3,0.3
2018-01-29 20:12:51,1,1.1,37.745,15.022,5.1,9,0.04,187,0.9,0.6
2018-01-29 21:46:26,1,0.9,37.745,15.039,0.7,15,0.17,84,0.5,0.2
2018-01-30 03:29:52,1,1,37.724,14.932,0.66,13,0.19,82,1.4,0.2
2018-01-30 06:47:13,1.4,1.4,37.727,14.938,0.39,11,0.11,90,0.6,0.2
2018-01-30 13:15:59,0.9,0.9,37.747,15.067,2.49,8,0.05,119,1.2,0.8
2018-01-30 13:32:46,0.9,0.9,37.726,14.938,0.48,8,0.13,88,1,0.3
2018-01-30 15:50:55,1,1,37.758,15.005,1.6,12,0.06,116,0.3,0.5
2018-01-30 17:06:25,1.2,1.2,37.758,15.003,1.79,21,0.1,89,0.3,0.2
2018-01-30 20:10:04,1,1,37.756,15.007,1.43,15,0.08,99,0.3,0.2
2018-01-30 20:29:39,1,1.1,37.757,15.005,1.43,15,0.06,100,0.3,0.3
2018-01-30 22:28:25,1,1,37.753,15.054,3.94,11,0.06,104,1,0.4
2018-01-30 22:29:37,1,1,37.757,15.057,4.85,16,0.11,97,0.6,0.4
2018-01-30 23:30:31,0.9,1,37.76,15,1.76,8,0.05,214,0.6,0.6
2018-01-30 23:50:32,1,0.9,37.753,15.051,3.29,12,0.06,108,0.7,0.3
2018-01-31 02:44:11,1.2,1.2,37.751,14.996,1.36,18,0.08,74,0.3,0.2
2018-01-31 11:38:15,1,1.1,37.766,15.143,9.24,7,0.15,132,0.6,0.7
2018-01-31 20:09:12,1.1,1.2,37.746,15.035,6.16,11,0.1,90,0.9,0.5
2018-01-31 20:12:25,1.1,1,37.752,14.998,2.2,14,0.1,90,0.2,0.2
2018-01-31 22:09:04,1,1,37.722,15.026,1.84,9,0.09,103,0.7,0.5
2018-02-01 05:53:11,1,1,37.759,14.987,0.57,11,0.15,92,1.1,0.3
2018-02-01 05:53:28,1.1,1,37.758,14.995,1.68,15,0.15,86,0.4,0.2
2018-02-01 09:41:13,1.2,1,37.754,15.004,2.25,20,0.09,59,0.2,0.2
2018-02-01 09:49:06,1.1,1.1,37.76,14.983,3.99,10,0.22,132,0.7,0.9
2018-02-01 12:53:23,1.1,1.2,37.744,15.002,7.62,12,0.11,187,0.9,0.7
2018-02-01 12:57:52,1.3,1.3,37.749,15.005,7.69,9,0.11,211,1.2,1
2018-02-01 15:52:33,1.1,1.1,37.744,15.037,5.63,13,0.1,87,0.8,0.5
2018-02-01 23:39:31,1.1,1.1,37.757,15,2.02,13,0.05,111,0.3,0.4
2018-02-02 02:05:12,1,0.8,37.808,15.012,3.72,13,0.14,150,0.2,0.4
2018-02-02 04:40:43,1,1,37.737,15.044,2.43,13,0.1,106,0.9,0.2
2018-02-02 04:41:01,1.5,1.4,37.735,15.055,3.94,25,0.15,82,0.2,0.2
2018-02-02 11:35:20,1.3,1.3,37.721,14.96,8.14,13,0.14,65,0.6,0.5
2018-02-02 23:44:54,2.1,2.2,37.855,14.944,24.69,30,0.16,80,0.4,0.3
2018-02-02 23:47:12,2.8,2.9,37.853,14.942,22.33,33,0.18,63,0.4,0.3
2018-02-03 12:47:50,1.3,1.2,37.753,15.003,0.98,16,0.12,58,0.3,0.2
2018-02-03 21:24:15,1.1,1.3,37.737,15.007,5.57,9,0.16,220,1.2,0.8
2018-02-03 23:16:33,1.2,1.4,37.662,15.164,10.85,7,0.12,167,1.3,1.2
2018-02-04 02:17:26,1,1.1,37.743,15.035,6.18,8,0.03,127,1.5,0.7
2018-02-05 16:20:58,1.1,1.1,37.751,15,2.51,17,0.08,99,0.3,0.2
2018-02-06 00:52:36,1.1,0.9,37.699,15.017,1.32,10,0.09,82,0.5,0.3
2018-02-06 05:11:58,1.3,1.1,37.737,15.027,1.92,13,0.11,100,0.3,0.3
2018-02-06 05:20:44,1.6,1.5,37.71,15.025,0.44,22,0.13,52,0.5,0.2
2018-02-06 15:11:02,1.3,1.5,37.713,15.085,5.82,9,0.21,161,1.7,0.7
2018-02-06 21:34:09,2.2,2.1,37.743,15.034,3.66,27,0.2,71,0.3,0.2
2018-02-07 02:27:31,1.3,1.2,37.743,15.062,7.62,10,0.22,113,0.9,0.4
2018-02-07 05:05:27,1,1.1,37.761,15.057,4.07,10,0.13,90,0.4,0.4
2018-02-07 10:19:29,1.1,1.1,37.753,14.989,0.28,10,0.09,211,0.2,0.4
2018-02-07 17:04:50,1.1,1.1,37.743,15.042,3.31,9,0.08,134,0.5,0.4
2018-02-07 22:25:54,2,2,37.747,14.784,9.47,15,0.12,233,0.4,0.7
2018-02-07 22:37:54,1.8,1.6,37.679,14.935,-1.56,13,0.2,92,0.6,0.2
2018-02-08 01:02:01,1,1.1,37.737,15.035,3.57,14,0.11,116,0.5,0.3
2018-02-08 08:27:22,1.1,1.4,37.723,15.031,8.92,10,0.13,110,1,0.8
2018-02-08 12:13:06,1,1.1,37.732,15.035,3.99,12,0.08,139,0.4,0.4
2018-02-08 12:58:27,1.7,1.6,37.73,14.921,6.29,22,0.15,88,0.4,0.3
2018-02-09 00:39:05,1.2,1.4,37.748,15.078,6.64,9,0.12,130,1,1
2018-02-09 01:52:27,1.3,1.2,37.741,15.111,2.28,21,0.17,80,0.2,0.2
2018-02-09 04:15:47,2.1,2.1,37.691,14.937,0.01,16,0.3,81,0.4,0.2
2018-02-09 09:42:03,1.6,1.7,37.835,14.906,24.84,17,0.14,73,0.7,0.5
2018-02-09 13:29:23,1,1.2,37.711,15.042,3.99,14,0.13,154,0.6,0.4
2018-02-10 01:25:47,1,1.2,37.704,15.028,4.66,10,0.16,183,1.1,1.1
2018-02-10 14:29:01,1.3,1.3,37.712,15.018,4.75,9,0.04,131,0.5,0.6
2018-02-10 15:36:46,2,1.8,37.66,14.963,0.06,14,0.29,117,0.4,0.2
2018-02-11 10:50:42,1,1.2,37.734,15.043,8.44,7,0.11,123,1,0.9
2018-02-11 10:53:31,1.2,1.3,37.734,15.036,8.81,8,0.1,133,1.1,0.7
2018-02-11 10:57:30,1.2,1.3,37.743,15.036,8.23,10,0.12,131,0.9,0.6
2018-02-11 11:05:38,1.1,1.2,37.73,15.027,6.08,9,0.16,147,1.2,0.6
2018-02-12 03:50:27,1.1,1.1,37.754,14.997,1.19,14,0.08,64,0.3,0.2
2018-02-12 07:04:21,1,1,37.742,15.041,0.43,15,0.14,71,0.9,0.2
2018-02-12 12:52:25,1.5,1.6,37.72,14.96,8.84,16,0.16,59,0.8,0.5
2018-02-12 17:20:37,1.3,1.5,37.757,15.039,13.87,11,0.19,220,0.9,1.2
2018-02-13 00:26:15,1.1,1.1,37.72,15.068,1.74,16,0.12,111,0.3,0.3
2018-02-13 05:14:03,1,1.1,37.76,15.011,4.15,9,0.2,202,0.5,0.6
2018-02-13 06:22:38,1,1,37.651,14.928,2.08,8,0.07,180,0.4,0.5
2018-02-13 07:37:50,1.4,1.4,37.718,15.016,4.58,20,0.09,63,0.4,0.3
2018-02-13 11:12:38,1.2,1.1,37.678,14.915,0.05,9,0.03,145,0.6,0.3
2018-02-13 13:22:49,1.6,1.8,37.624,15.064,2.3,11,0.2,291,0.5,0.7
2018-02-13 23:27:36,1,1.1,37.755,15.01,-1.12,13,0.12,95,0.7,0.2
2018-02-14 04:21:25,1.7,1.8,37.674,14.78,22.19,18,0.11,201,0.8,1.1
2018-02-14 06:42:24,1.3,1.4,37.703,14.819,5.86,11,0.1,205,0.6,1.8
2018-02-14 07:07:48,1.7,1.8,37.698,14.885,14.81,12,0.11,128,1.3,0.8
2018-02-14 10:10:53,0.9,0.9,37.748,15.058,1.4,8,0.06,120,1.3,0.4
2018-02-14 12:07:03,1.6,1.8,37.675,14.726,20.74,11,0.04,244,1.3,1.6
2018-02-14 14:55:38,1.6,1.8,37.677,14.798,17.71,16,0.12,190,0.9,1
2018-02-14 15:16:03,1.3,1.5,37.672,14.805,9.88,11,0.16,235,1.2,0.9
2018-02-14 16:17:05,1.7,1.8,37.691,14.814,15.23,20,0.24,217,0.8,0.8
2018-02-14 17:46:44,1.6,1.9,37.663,14.804,20.92,20,0.19,239,0.6,0.8
2018-02-14 19:22:40,1.3,1.5,37.66,14.786,14.39,13,0.18,207,1.1,0.9
2018-02-14 21:07:44,1.6,1.9,37.672,14.808,20.42,15,0.25,231,0.9,0.9
2018-02-15 07:50:49,1,1.2,37.752,15.003,1.48,14,0.13,135,0.4,0.2
2018-02-15 10:27:56,1.5,1.4,37.749,14.95,-1.58,10,0.21,226,0.5,0.6
2018-02-15 12:39:47,1.7,1.8,37.805,14.968,22.14,15,0.23,131,0.9,0.7
2018-02-15 12:47:57,1.9,2.1,37.805,15.023,26,24,0.19,96,0.6,0.6
2018-02-15 13:30:58,1.8,1.9,37.793,14.97,25.74,12,0.21,140,0.9,0.9
2018-02-15 13:50:53,1.7,1.9,37.819,14.956,25.75,15,0.2,104,0.8,0.8
2018-02-15 14:39:22,1.8,2.1,37.785,15.009,27.63,26,0.2,95,0.6,0.7
2018-02-16 02:30:06,1.3,1.2,37.752,15.017,1.84,16,0.18,66,0.3,0.2
2018-02-16 04:40:07,1,1,37.753,15.017,1.96,8,0.05,150,1.2,0.4
2018-02-16 06:31:57,0.9,1,37.738,15.042,6.22,8,0.11,124,2,1
2018-02-16 06:57:34,0.9,1,37.747,15.035,6.91,8,0.05,91,1.9,1
2018-02-16 07:02:29,1.1,1.2,37.75,15.027,4.24,12,0.12,102,0.5,0.4
2018-02-16 12:05:27,1.3,1.3,37.735,15.001,3.59,17,0.13,68,0.4,0.4
2018-02-16 18:21:56,1.6,1.5,37.618,14.948,1.16,11,0.12,115,0.4,0.4
2018-02-16 20:29:34,1.3,1.2,37.716,15.019,3.43,16,0.16,93,0.4,0.4
2018-02-17 14:59:48,1.1,1.2,37.717,15.022,4.82,10,0.07,100,0.8,0.7
2018-02-17 23:48:29,1.2,1.3,37.787,15.098,11.04,13,0.19,60,1.1,0.7
2018-02-18 14:25:26,1.2,1.1,37.756,15,1.54,13,0.15,95,0.4,0.3
2018-02-18 15:30:57,1,0.9,37.743,14.923,4.11,11,0.13,71,0.6,0.5
2018-02-18 17:15:17,1.3,1.2,37.754,15.008,0.3,19,0.12,60,0.4,0.3
2018-02-18 17:20:37,1,1,37.834,15.087,2.94,10,0.13,108,0.7,0.4
2018-02-19 11:37:08,1.4,1.5,37.746,15.027,5.55,30,0.2,60,0.5,0.3
2018-02-19 11:56:51,1.4,1.3,37.75,15.059,4.44,11,0.21,95,0.7,0.5
2018-02-19 11:57:00,1.7,1.7,37.733,15.076,3.77,11,0.23,99,0.6,0.6
2018-02-19 11:57:24,1.8,1.7,37.738,15.061,3.56,19,0.15,81,0.4,0.2
2018-02-19 11:58:17,1.8,1.8,37.737,15.061,4.08,27,0.24,82,0.3,0.3
2018-02-20 07:18:46,2.5,2.4,37.678,15.092,6.06,29,0.17,57,0.5,0.3
2018-02-20 07:53:51,1.3,1.3,37.665,15.098,7.95,12,0.16,137,0.6,0.5
2018-02-20 07:56:59,1,1.1,37.666,15.085,7.43,8,0.07,162,0.6,0.5
2018-02-20 08:02:58,1,1.1,37.685,15.094,7.86,8,0.12,85,0.8,0.8
2018-02-20 08:08:28,1.3,1.4,37.666,15.084,7.1,8,0.07,98,0.8,0.6
2018-02-20 08:18:56,1.5,1.6,37.612,14.97,8.54,13,0.12,209,0.7,0.8
2018-02-21 03:17:23,1.2,1.2,37.678,15.098,5.55,21,0.2,114,0.5,0.5
2018-02-21 10:11:38,1.7,1.7,37.757,15.006,0.41,24,0.2,50,0.4,0.2
2018-02-21 14:34:24,2,2,37.706,14.908,6.08,11,0.27,158,1,0.7
2018-02-21 16:49:17,1.7,1.7,37.689,14.934,0.02,10,0.15,102,0.8,0.3
2018-02-21 16:53:31,1.3,1.2,37.681,14.94,0.03,10,0.22,122,0.6,0.3
2018-02-21 16:57:43,1.6,1.7,37.684,14.949,-0.14,14,0.25,87,0.3,0.2
2018-02-21 17:28:54,1.4,1.5,37.769,15.035,3.07,25,0.17,56,0.3,0.2
2018-02-22 00:27:13,1,0.9,37.706,14.935,-1.58,7,0.23,119,1.7,0.9
2018-02-22 00:49:46,1.6,1.5,37.702,14.932,0.02,18,0.18,72,0.5,0.2
2018-02-22 00:57:59,1,0.8,37.681,14.901,0.68,10,0.23,168,0.5,0.4
2018-02-22 02:48:32,2.3,2.2,37.69,14.934,0.02,10,0.13,102,0.5,0.2
2018-02-23 01:07:57,1.9,1.8,37.701,14.939,18.72,19,0.22,79,0.6,0.5
2018-02-23 08:18:57,1.2,1.3,37.74,15.025,4.79,10,0.21,135,0.5,0.4
2018-02-23 08:19:02,2.1,2.1,37.735,15.033,3.65,22,0.2,69,0.2,0.2
2018-02-23 08:30:06,1.3,1.4,37.722,15.031,7.78,8,0.09,148,0.7,0.8
2018-02-23 08:48:47,1.4,1.4,37.71,15.005,4.69,8,0.15,121,0.5,0.6
2018-02-23 12:28:28,2.3,2.3,37.684,14.927,0.02,13,0.15,112,0.6,0.2
2018-02-23 14:42:48,1.5,1.5,37.741,15.03,6.03,12,0.16,102,0.6,0.4
2018-02-23 15:32:33,1.6,1.6,37.74,15.033,4.56,14,0.13,106,0.5,0.4
2018-02-24 13:38:10,1.4,1.3,37.741,15.032,3.57,16,0.21,88,0.4,0.2
2018-02-24 14:50:30,0.9,1,37.729,15.048,6.49,8,0.06,134,0.6,0.7
2018-02-24 20:23:35,1,1.1,37.738,15.035,5.95,9,0.11,146,1,0.6
2018-02-25 06:31:31,1.9,1.8,37.687,14.934,0.01,15,0.19,107,0.5,0.2
2018-02-25 17:08:59,1.1,1,37.728,15.128,3.7,6,0.16,128,0.9,0.5
2018-02-26 01:17:32,1.6,1.5,37.693,14.93,0.26,14,0.25,95,0.3,0.2
2018-02-26 02:57:51,1.6,1.5,37.744,15.025,3.07,30,0.2,56,0.2,0.2
2018-02-26 06:53:13,1.1,1.3,37.738,15.174,7.27,8,0.08,266,1.1,0.9
2018-02-26 20:49:48,1.3,1.5,37.731,15.038,4.54,14,0.12,109,0.7,0.4
2018-02-27 02:35:33,1.5,1.4,37.754,15,0.49,29,0.17,39,0.4,0.2
2018-02-27 20:20:45,1.1,1.1,37.74,15.069,5.65,8,0.16,137,0.8,0.6
2018-02-27 20:21:55,1.4,1.5,37.738,15.078,5.22,26,0.25,66,0.3,0.2
2018-02-27 20:29:57,1.9,1.8,37.741,15.086,5.08,24,0.28,92,0.4,0.2
2018-02-27 20:53:05,1.2,1,37.736,15.073,3.33,9,0.09,111,0.6,0.4
2018-02-28 05:50:16,1.1,1.2,37.769,15.121,4.45,5,0.04,108,1.3,0.7
2018-02-28 05:50:18,1.3,1.3,37.764,15.131,5.33,14,0.15,94,0.6,0.5
2018-02-28 15:45:27,1.3,1.6,37.751,14.964,8.99,9,0.06,80,1.8,0.7
2018-02-28 18:27:10,1.3,1.3,37.685,14.91,0,12,0.13,110,0.6,0.6
2018-03-01 01:04:06,1.2,1.1,37.689,14.937,0.1,8,0.12,113,0.6,0.3
2018-03-01 01:34:01,2.2,2.2,37.696,14.934,0.89,12,0.14,100,0.5,0.3
2018-03-01 01:44:49,1.1,1,37.696,14.937,0.05,9,0.09,125,1,0.6
2018-03-01 01:46:17,2.1,2.1,37.693,14.935,0.58,13,0.12,79,0.6,0.3
2018-03-01 01:47:30,2,2,37.692,14.938,0.07,12,0.14,83,0.6,0.2
2018-03-01 21:08:13,0.9,1,37.754,14.998,2.15,8,0.09,123,0.5,0.4
2018-03-02 02:16:40,1.1,1.3,37.68,15.034,1.43,9,0.13,248,0.3,0.6
2018-03-02 02:24:30,1.1,1.1,37.71,15.017,4.78,13,0.1,97,0.5,0.5
2018-03-02 18:00:03,1.3,1.4,37.732,14.998,8.36,16,0.29,63,0.5,0.5
2018-03-03 02:40:04,1.2,1.2,37.701,15.023,4.39,8,0.03,161,0.3,0.7
2018-03-03 04:31:15,1.2,1.3,37.722,15.015,3.98,14,0.11,74,0.3,0.3
2018-03-03 04:58:34,0.9,0.9,37.759,15.008,2.04,6,0.05,176,2,1.3
2018-03-03 05:58:52,1.5,1.6,37.767,15.055,10.26,20,0.23,81,0.4,0.4
2018-03-03 05:59:22,1.5,1.5,37.763,15.05,10.05,22,0.16,57,0.4,0.4
2018-03-03 06:00:25,1.1,1.1,37.764,15.043,10.02,8,0.08,217,0.8,1.1
2018-03-03 08:10:41,0.6,0.6,37.855,15.121,8.04,7,0.15,233,0.7,0.8
2018-03-03 20:09:11,1.3,1.3,37.755,15.007,1.09,13,0.13,99,0.9,0.2
2018-03-03 20:37:53,1.1,1.1,37.752,15.015,0.16,17,0.16,98,0.3,0.2
2018-03-03 20:52:39,1.2,1.1,37.748,15.015,0.41,16,0.14,68,0.7,0.2
2018-03-03 21:20:55,1.1,1.1,37.749,15.014,0.03,9,0.13,110,0.8,0.3
2018-03-04 01:07:06,1.4,1.4,37.731,15.014,7.21,10,0.2,191,0.8,0.6
2018-03-04 07:00:54,1,0.9,37.718,15.115,4.4,9,0.17,162,0.7,0.8
2018-03-05 01:24:39,1,1,37.745,15.047,5.19,9,0.18,118,0.9,0.5
2018-03-05 02:42:33,1.6,1.4,37.752,15.001,0.29,19,0.13,58,0.2,0.1
2018-03-05 04:12:46,1.2,1.3,37.748,15.023,8.43,9,0.08,113,1.2,0.7
2018-03-05 05:41:15,1.2,1,37.751,15.035,3.29,15,0.12,78,0.3,0.3
2018-03-05 18:27:57,1.2,1.1,37.65,14.966,8.6,9,0.05,133,0.9,1.2
2018-03-06 05:28:56,1.9,1.8,37.701,14.935,0.04,16,0.09,98,0.6,0.3
2018-03-06 05:29:29,1.1,0.9,37.693,14.932,0.06,7,0.09,120,0.8,0.4
2018-03-06 10:24:48,1.2,1.2,37.71,15.019,5.03,13,0.11,165,0.4,0.6
2018-03-06 18:52:22,1.9,1.9,37.782,14.932,16.77,27,0.16,67,0.7,0.4
2018-03-06 19:19:04,2,2.1,37.766,14.918,18.81,25,0.14,75,0.7,0.4
2018-03-06 19:20:57,0.8,0.6,37.738,15.063,1.82,9,0.18,259,0.3,0.6
2018-03-06 19:36:32,1.9,1.8,37.779,14.911,23.16,20,0.15,84,0.8,0.7
2018-03-06 21:17:20,2.3,2.2,37.793,14.925,15.97,28,0.18,71,0.6,0.4
2018-03-06 22:59:02,2.3,2.2,37.779,14.901,22.33,27,0.12,94,0.5,0.5
2018-03-06 23:17:28,0.8,0.7,37.751,15.053,1.22,13,0.21,94,0.4,0.3
2018-03-07 08:05:12,1.3,1.2,37.71,15.091,1.19,12,0.24,222,0.6,0.3
2018-03-07 13:01:16,1.3,1.2,37.675,14.933,1.16,10,0.26,140,0.7,0.3
2018-03-07 18:49:56,2.5,2.5,37.768,14.946,20.2,19,0.19,59,0.6,0.6
2018-03-08 08:10:58,1.2,1.2,37.753,14.998,0.28,13,0.07,99,0.3,0.3
2018-03-08 08:48:56,1.2,1,37.679,14.941,0.01,8,0.17,139,0.7,0.5
2018-03-08 08:49:54,2.8,2.8,37.689,14.935,0.06,19,0.14,82,0.6,0.2
2018-03-08 08:50:47,3.4,3.3,37.691,14.939,0.11,19,0.21,81,0.5,0.2
2018-03-08 08:55:35,2.6,2.5,37.685,14.934,0.03,22,0.18,86,0.5,0.2
2018-03-08 08:58:03,1.8,1.7,37.679,14.942,0.58,12,0.14,130,0.6,0.2
2018-03-08 09:33:42,1.5,1.4,37.668,14.915,0.01,9,0.32,142,0.5,0.3
2018-03-08 16:00:22,1.2,1,37.697,14.915,0.05,9,0.13,145,0.4,0.3
2018-03-08 18:58:54,1.4,1.4,37.712,15.031,11.27,12,0.23,125,0.8,1
2018-03-08 19:18:55,1.3,1.2,37.728,15.009,3.15,19,0.2,74,0.3,0.3
2018-03-08 21:25:26,1,1,37.761,15.003,2.27,13,0.12,75,0.3,0.3
2018-03-08 22:36:54,1,1,37.753,15.005,0.1,7,0.04,227,0.6,0.7
2018-03-08 22:42:27,1,0.8,37.679,14.911,0.02,9,0.2,151,0.4,0.2
2018-03-09 02:28:23,1.3,1.2,37.693,14.932,0.02,12,0.19,83,0.7,0.3
2018-03-09 02:41:22,1.5,1.3,37.711,14.968,0.4,13,0.23,61,1,0.2
2018-03-09 03:17:24,1,0.9,37.716,14.965,0.01,7,0.19,225,0.8,0.6
2018-03-09 04:33:46,1.2,1,37.754,15.018,0.66,12,0.13,148,1.5,0.3
2018-03-09 08:07:30,1.1,1,37.755,15.007,2.03,12,0.12,117,0.7,0.3
2018-03-09 08:42:22,1.1,1.1,37.754,15.006,1.74,12,0.12,119,0.6,0.3
2018-03-09 14:14:51,2.3,2.4,37.746,14.967,18.44,24,0.15,51,0.8,0.6
2018-03-09 17:24:39,1,0.8,37.766,15.031,2.53,9,0.11,128,0.9,0.6
2018-03-09 18:32:39,1.5,1.5,37.747,14.827,4.72,12,0.17,116,0.8,0.7
2018-03-09 22:17:27,1,0.8,37.689,14.927,0,7,0.1,107,1.1,0.5
2018-03-09 22:18:05,1.1,1,37.688,14.935,0.07,8,0.15,109,0.8,0.3
2018-03-09 23:18:47,1.1,1.1,37.751,15.01,6.26,8,0.05,204,1.4,0.9
2018-03-10 04:30:08,1.8,1.6,37.688,14.931,0.03,25,0.24,83,0.4,0.2
2018-03-10 04:46:10,1,0.8,37.689,14.916,0.05,11,0.21,122,0.5,0.3
2018-03-10 06:40:23,1.5,1.6,37.739,15.104,6.88,30,0.2,94,0.4,0.2
2018-03-10 07:53:25,1.9,1.7,37.694,14.925,0.02,19,0.17,107,0.5,0.2
2018-03-10 09:48:35,1.9,1.7,37.688,14.932,0.02,22,0.22,83,0.4,0.2
2018-03-10 10:36:27,1.6,1.4,37.706,14.935,0.07,19,0.24,74,0.6,0.2
2018-03-10 11:37:40,1.2,1.1,37.701,14.917,1.41,8,0.25,149,0.9,0.5
2018-03-10 13:34:48,1,1.2,37.729,15.122,6.2,12,0.11,218,0.6,0.6
2018-03-10 18:18:14,1.3,1.3,37.747,15.05,3.73,29,0.15,90,0.5,0.2
2018-03-10 18:51:53,1.2,1.3,37.72,15.059,6.43,24,0.22,55,0.5,0.3
2018-03-10 18:57:26,2.7,2.8,37.715,15.082,9.76,44,0.2,63,0.3,0.2
2018-03-10 19:02:00,1.4,1.5,37.714,15.082,6.6,33,0.19,63,0.5,0.2
2018-03-10 19:05:08,1,1.3,37.699,15.072,10.95,13,0.18,111,0.7,0.6
2018-03-10 22:30:29,1.5,1.3,37.741,15.007,3.51,13,0.13,104,0.6,0.6
2018-03-11 00:37:00,1.2,1.2,37.737,15.044,3.45,16,0.11,105,0.8,0.3
2018-03-11 04:46:40,1,1.1,37.752,15.046,6.73,12,0.13,152,0.9,0.6
2018-03-11 06:30:20,1.2,1.4,37.714,15.02,5.17,8,0.03,111,0.9,0.8
2018-03-11 08:21:22,1.4,1.4,37.715,15.016,5.43,21,0.11,88,0.4,0.4
2018-03-11 13:19:37,1.4,1.1,37.686,14.906,-1.6,8,0.3,161,1.5,0.9
2018-03-11 15:55:02,1,1,37.752,15.004,1.75,11,0.1,132,0.7,0.3
2018-03-11 16:22:10,1,1.2,37.712,15.017,5.22,17,0.1,90,0.5,0.4
2018-03-11 16:28:14,1,0.9,37.72,15.021,2.09,9,0.17,114,0.7,0.4
2018-03-11 16:31:34,1,1,37.825,15.071,0.4,8,0.11,268,1.7,1
2018-03-11 19:58:39,1.3,1.2,37.653,15.02,7.03,11,0.17,102,0.8,0.6
2018-03-12 01:32:46,1.4,1.5,37.754,15.008,1.57,28,0.15,61,0.3,0.2
2018-03-12 01:33:00,1.4,1.5,37.751,15.008,1.53,27,0.15,90,0.2,0.2
2018-03-12 01:38:59,1.8,1.7,37.753,15.006,1.15,43,0.2,43,0.1,0.1
2018-03-12 01:53:54,1.4,1.3,37.753,15.005,1.58,19,0.1,91,0.4,0.2
2018-03-12 08:25:52,1,1,37.755,15.004,1.46,14,0.08,223,0.4,0.5
2018-03-12 18:49:09,1.6,1.7,37.666,15.088,6.99,24,0.17,96,0.5,0.3
2018-03-12 23:49:02,1,1,37.757,15.016,0.02,16,0.16,144,0.3,0.2
2018-03-13 00:35:12,1,1,37.755,15.007,1.49,9,0.15,185,0.9,0.4
2018-03-13 02:36:05,1,1,37.755,15.007,1.55,13,0.13,148,0.4,0.4
2018-03-13 02:51:09,1,1,37.746,14.912,4.17,12,0.13,70,0.6,0.4
2018-03-13 04:31:12,1.7,1.5,37.756,15.008,0.5,36,0.19,43,0.2,0.1
2018-03-13 04:33:39,1.2,1.3,37.756,15.006,0.61,25,0.15,83,0.3,0.2
2018-03-13 05:30:44,1.3,1.2,37.75,15.003,-0.09,13,0.09,95,0.5,0.2
2018-03-13 05:31:49,1.4,1.4,37.7,14.991,4.88,9,0.1,114,0.8,0.7
2018-03-13 05:34:32,1.3,1.2,37.755,15.006,1.63,12,0.11,102,0.6,0.3
2018-03-13 14:35:49,1.2,1.2,37.753,15.027,6.71,7,0.1,180,1.5,1.2
2018-03-14 03:19:56,1,0.9,37.672,15.085,3.98,9,0.21,151,1,0.3
2018-03-14 08:07:42,1.3,1.4,37.711,15.014,5.53,17,0.12,82,0.5,0.4
2018-03-14 10:20:30,1,1,37.689,15.034,2.32,8,0.09,215,1.2,1.3
2018-03-14 10:20:53,1,1.1,37.728,15.016,4.11,14,0.16,134,0.5,0.4
2018-03-14 11:29:15,1,1.2,37.747,15.023,4.49,13,0.11,145,0.7,0.3
2018-03-14 12:38:09,1.1,1.3,37.748,15.01,1.67,16,0.08,163,0.5,0.3
2018-03-14 21:59:36,1.2,1.3,37.718,15.014,5.22,10,0.15,83,0.7,0.6
2018-03-15 05:23:34,1.2,1.1,37.75,15.049,2.15,17,0.25,82,0.3,0.2
2018-03-15 06:00:56,1,1.1,37.707,14.981,2.3,13,0.17,125,0.2,0.4
2018-03-15 06:15:59,1,1.1,37.709,14.994,1.92,11,0.28,141,0.6,0.5
2018-03-15 08:26:53,1.5,1.4,37.65,15.097,4.83,11,0.27,125,1.4,0.7
2018-03-15 10:41:46,1.1,1.2,37.695,15.075,6.33,13,0.21,237,0.8,0.9
2018-03-15 14:48:03,1.3,1.2,37.659,15.087,1.35,7,0.22,110,0.9,0.3
2018-03-15 15:18:17,1.2,1.1,37.751,14.993,-0.23,10,0.09,181,1.2,0.6
2018-03-15 15:55:21,1.1,1.1,37.735,15.039,3.09,10,0.1,125,0.8,0.5
2018-03-16 02:20:07,1.3,1.2,37.715,15.018,3.82,15,0.1,91,0.3,0.4
2018-03-16 05:11:59,1.3,1.3,37.744,14.993,3.01,19,0.12,88,0.3,0.2
2018-03-16 10:48:54,2,1.6,37.656,15.073,0.86,16,0.16,120,0.3,0.2
2018-03-16 10:52:53,2.4,2.3,37.659,15.066,1.04,27,0.22,112,0.2,0.1
2018-03-16 17:41:41,1,0.9,37.716,15.028,3.19,9,0.14,113,0.5,0.4
2018-03-16 20:06:37,1.9,1.9,37.847,14.987,24.34,24,0.16,82,0.5,0.5
2018-03-17 00:15:49,1.1,1,37.737,15.04,5.8,10,0.23,125,1.1,0.9
2018-03-17 02:39:26,1,1,37.765,14.993,2.02,8,0.07,128,0.5,1.1
2018-03-17 04:08:31,1.1,1.1,37.706,15.019,4.17,11,0.12,112,0.5,0.6
2018-03-17 14:14:01,1.9,2,37.752,14.999,0.6,32,0.12,55,0.2,0.1
2018-03-17 18:38:23,1.3,1.4,37.645,15.074,1.66,11,0.18,204,0.4,0.4
2018-03-18 00:05:21,1,0.8,37.745,15.085,2.05,10,0.08,92,0.3,0.4
2018-03-18 03:15:07,1.3,1.2,37.716,15.019,4.71,19,0.11,58,0.4,0.4
2018-03-18 13:39:55,0.9,0.9,37.751,15.028,0.71,8,0.26,113,2.1,0.6
2018-03-18 13:45:29,1.3,1.2,37.7,15.033,6.05,11,0.17,161,0.7,1.2
2018-03-18 14:41:44,1.1,1,37.74,15.063,4.41,12,0.11,108,0.7,0.4
2018-03-18 16:04:42,1.7,1.8,37.598,14.978,15.31,16,0.22,238,0.6,0.7
2018-03-18 18:06:52,1.3,1.4,37.754,14.954,7.48,8,0.09,103,1.4,0.8
2018-03-18 18:12:38,1,1.1,37.743,15.038,8.04,8,0.06,133,0.8,0.6
2018-03-18 18:34:29,0.9,0.7,37.784,15.09,3.4,8,0.15,99,0.5,0.6
2018-03-18 18:36:26,1,0.8,37.786,15.052,3.52,12,0.27,112,0.5,0.5
2018-03-19 01:02:28,1,0.8,37.783,15.096,3.19,14,0.14,72,0.5,0.3
2018-03-19 01:32:27,1.1,1.2,37.755,15.009,0.32,11,0.17,96,0.4,0.4
2018-03-19 03:36:33,1,1,37.741,15.03,1.24,18,0.2,61,0.6,0.3
2018-03-19 05:56:53,1,1.1,37.744,15.043,4.04,9,0.07,91,0.9,0.6
2018-03-19 10:59:37,1.3,1.2,37.736,15.043,5.03,14,0.11,105,0.5,0.3
2018-03-19 13:48:14,1.5,1.6,37.743,15.037,4.21,28,0.16,40,0.2,0.2
2018-03-19 15:33:37,1,0.9,37.82,15.007,3.86,11,0.11,174,0.4,0.5
2018-03-19 17:45:05,2,1.8,37.753,14.97,7.07,28,0.15,56,0.3,0.2
2018-03-19 17:46:41,2.9,3.1,37.758,14.965,6.8,34,0.17,56,0.3,0.2
2018-03-19 17:47:27,2.1,2.4,37.753,14.966,8.24,24,0.12,54,0.3,0.3
2018-03-19 18:50:04,1.4,1.6,37.752,14.973,6.43,18,0.19,57,1.1,0.3
2018-03-19 19:45:36,1,1.1,37.669,15.014,5.07,9,0.27,128,0.7,0.7
2018-03-19 20:19:00,1.3,1.4,37.663,15.018,8.87,12,0.2,92,0.6,0.6
2018-03-19 21:00:14,1.3,1.2,37.748,14.982,5.85,17,0.16,78,0.5,0.2
2018-03-20 04:00:34,1.2,1.2,37.697,15.036,4.91,15,0.18,88,1.1,0.3
2018-03-20 04:02:21,1.3,1.3,37.682,15.033,4.95,19,0.17,106,0.4,0.4
2018-03-20 21:46:58,1.2,1.2,37.752,15.019,4.44,15,0.22,110,0.5,0.4
2018-03-21 02:55:03,1.5,1.4,37.735,15.042,3.6,27,0.13,67,0.2,0.2
2018-03-21 02:56:44,2,1.8,37.734,15.042,3.94,29,0.14,41,0.2,0.2
2018-03-21 18:14:53,1.4,1.4,37.744,15.013,5.42,12,0.13,120,0.6,0.4
2018-03-22 04:02:43,1,1,37.768,15.004,2.3,8,0.21,115,0.3,0.7
2018-03-22 05:59:29,1.2,1.2,37.756,15.01,2.26,13,0.12,87,0.3,0.3
2018-03-22 10:14:59,1.4,1.6,37.694,15.063,6.4,13,0.18,216,0.9,0.8
2018-03-22 12:31:05,1.2,1,37.756,15.055,3.87,10,0.18,106,0.7,0.5
2018-03-23 06:28:40,1.3,1.4,37.86,15.016,9.99,11,0.16,163,0.7,0.7
2018-03-23 08:29:43,1.2,1.2,37.735,14.977,4.71,16,0.18,70,0.6,0.3
2018-03-23 10:12:30,1.8,1.7,37.745,15.069,7.22,14,0.18,115,0.5,0.4
2018-03-23 10:17:07,1.4,1.4,37.681,15.056,4.88,9,0.22,242,1.6,0.8
2018-03-23 16:02:28,1.2,1.2,37.764,15.071,4.41,8,0.15,114,0.8,0.7
2018-03-23 17:51:11,1.2,1.1,37.758,15.01,1.66,14,0.12,66,0.4,0.3
2018-03-23 20:36:44,1.8,1.9,37.678,14.816,21.52,15,0.2,188,0.7,0.9
2018-03-23 21:38:39,1.1,1.1,37.748,15.029,4.6,9,0.07,143,0.9,0.5
2018-03-23 23:33:50,1.4,1.4,37.725,15.014,1.49,13,0.19,65,0.4,0.2
2018-03-24 03:02:37,1.2,1.2,37.723,14.995,5.35,18,0.1,44,0.6,0.4
2018-03-24 16:42:28,1.1,1.1,37.718,15.003,4.14,13,0.07,70,0.3,0.4
2018-03-24 20:15:24,1,1,37.718,15.099,6.55,9,0.09,214,0.5,0.8
2018-03-25 09:43:45,1.2,1.2,37.716,15.022,3.52,10,0.11,158,0.4,0.5
2018-03-25 10:39:09,1.3,1.5,37.736,15.039,4,19,0.1,134,0.4,0.3
2018-03-25 10:47:30,1.5,1.5,37.803,14.899,6.88,9,0.31,99,0.9,0.6
2018-03-25 19:30:28,1.4,1.5,37.717,15.097,10.22,9,0.27,125,1,0.8
2018-03-25 23:23:45,1.6,1.4,37.706,14.926,1,12,0.27,86,0.9,0.2
2018-03-26 06:14:54,1.8,1.8,37.828,15.001,11.62,20,0.17,141,0.5,0.4
2018-03-26 06:17:01,1.5,1.5,37.694,15.026,4.16,11,0.16,112,0.4,0.5
2018-03-26 09:41:32,1.5,1.4,37.785,14.944,6.76,14,0.1,77,0.4,0.4
2018-03-26 14:29:04,1.1,1.1,37.737,15.052,3.37,9,0.21,223,0.4,0.5
2018-03-27 01:35:43,1.1,1.1,37.749,14.996,0.85,10,0.11,198,0.8,0.5
2018-03-27 01:39:24,1.1,1.1,37.761,15.002,1.53,11,0.15,101,0.7,0.3
2018-03-27 03:44:11,1.1,1,37.784,15.019,4.36,10,0.2,149,0.5,0.8
2018-03-27 03:52:33,1.1,1.1,37.744,15.032,4.21,8,0.04,133,0.9,0.6
2018-03-27 10:11:13,1.3,1.4,37.74,15.026,4.63,9,0.08,228,1.3,0.6
2018-03-27 10:27:50,0.9,0.8,37.752,15.071,4.15,8,0.13,212,0.3,0.6
2018-03-27 21:28:36,1,1.1,37.746,15.028,6.24,8,0.07,98,0.8,0.5
2018-03-27 21:37:04,1,0.9,37.754,15.035,0.07,9,0.27,94,0.5,0.3
2018-03-27 21:45:19,1.2,1.1,37.749,15.028,5.99,9,0.07,139,0.7,0.5
2018-03-28 05:36:29,1.2,1.2,37.759,15.037,5.71,11,0.14,100,0.7,0.5
2018-03-28 09:25:43,1.3,1.3,37.75,15.035,6.95,13,0.2,107,0.7,0.5
2018-03-28 11:16:04,1.2,1.3,37.727,15,1.71,12,0.21,65,0.7,0.4
2018-03-29 04:10:48,1.8,1.8,37.752,15,0.49,31,0.11,40,0.2,0.2
2018-03-29 04:32:19,1.7,1.7,37.746,15.071,7.1,22,0.16,61,0.4,0.4
2018-03-29 10:48:01,1.2,1.2,37.739,15.037,4.71,9,0.13,133,0.7,0.4
2018-03-29 21:07:21,1.1,1.1,37.757,14.998,2.22,11,0.05,111,0.3,0.4
2018-03-30 00:49:31,1.4,1.4,37.717,14.98,7.45,12,0.12,103,0.9,0.7
2018-03-30 01:32:13,1.3,1.3,37.73,15.044,6.07,9,0.05,117,1.1,0.6
2018-03-30 12:37:14,2.2,2.4,37.749,15.075,12.16,30,0.29,48,0.5,0.3
2018-03-30 12:39:10,1.8,2,37.719,15.082,17.99,16,0.22,184,1.1,0.9
2018-03-30 18:09:41,1.8,1.8,37.718,14.985,5.61,33,0.19,41,0.4,0.2
2018-03-30 19:47:44,1.4,1.6,37.732,15.066,14.99,8,0.19,152,1.3,1.7
2018-03-30 19:49:28,1.8,2,37.747,15.08,13.32,32,0.29,52,0.5,0.3
2018-03-30 19:50:47,2.2,2.3,37.75,15.073,11.55,32,0.28,47,0.5,0.3
2018-03-30 20:10:49,2.1,2.3,37.745,15.078,12.44,37,0.3,52,0.4,0.3
2018-03-30 20:26:20,2.5,2.7,37.748,15.069,11.64,39,0.26,45,0.4,0.3
2018-03-31 02:43:14,1,1.2,37.679,15.049,7.38,15,0.23,111,0.6,0.4
2018-03-31 02:58:47,1,0.9,37.733,15.006,3.53,8,0.03,305,0.8,0.8
2018-04-01 00:32:28,1.4,1.4,37.688,15.101,8.03,10,0.17,112,0.6,0.5
2018-04-01 11:34:25,1.1,1.1,37.701,15.103,6.86,8,0.09,149,0.7,0.6
2018-04-01 12:25:59,1.5,1.4,37.738,14.999,4.25,11,0.11,112,0.4,0.5
2018-04-02 03:45:36,1.2,1.2,37.74,15.048,7.54,10,0.07,102,1.1,0.7
2018-04-02 04:42:23,1.6,1.6,37.736,14.945,7.41,14,0.16,73,0.7,0.4
2018-04-03 05:17:10,1.2,1.3,37.727,15.149,9.3,8,0.07,213,1,1.2
2018-04-03 05:18:07,1.3,1.4,37.718,15.158,9.68,11,0.14,182,0.5,0.5
2018-04-03 12:22:09,1.3,1.3,37.754,15.001,1.56,16,0.1,95,0.2,0.2
2018-04-04 01:11:39,2.1,2,37.754,15.007,1.09,27,0.16,49,0.2,0.1
2018-04-04 01:46:06,1,0.8,37.747,15.041,2.32,7,0.15,125,0.4,0.4
2018-04-04 05:52:15,1.2,1.2,37.703,15.001,3.26,8,0.16,124,1,0.6
2018-04-04 07:10:54,1,0.9,37.74,14.999,-0.32,12,0.13,122,1.1,0.4
2018-04-04 08:26:46,1.1,1,37.735,15.039,4.55,8,0.07,163,1,0.5
2018-04-04 10:20:31,1,1.3,37.748,15.023,5.83,7,0.03,195,1.3,1
2018-04-05 03:59:08,1.1,1,37.75,15.035,2.05,13,0.23,93,0.3,0.3
2018-04-05 10:15:07,1,0.9,37.765,15.084,4.39,7,0.06,132,0.6,0.7
2018-04-05 16:55:58,1.3,1.2,37.709,14.997,6.44,10,0.05,92,0.5,0.6
2018-04-05 18:24:17,1.4,1.4,37.726,15.046,5.59,10,0.06,130,0.6,0.5
2018-04-05 19:34:40,1,1.3,37.752,15.006,0.79,9,0.11,136,0.6,0.4
2018-04-06 02:46:18,1,0.9,37.737,15.035,3.03,11,0.11,120,0.5,0.3
2018-04-06 12:03:26,1.2,1.2,37.762,15.019,3.11,10,0.13,102,0.6,0.4
2018-04-06 12:46:58,1,0.9,37.736,15.029,3.23,13,0.11,115,0.5,0.3
2018-04-06 22:41:22,1.2,1.2,37.747,15.023,5.18,10,0.09,145,0.8,0.4
2018-04-06 22:42:04,1.3,1.3,37.669,14.976,11.33,8,0.18,229,0.8,1.8
2018-04-06 22:43:05,1,0.9,37.701,14.972,3.8,6,0.05,162,1.2,0.9
2018-04-06 23:18:10,1.3,1.3,37.665,15.1,3.16,13,0.15,91,0.5,0.3
2018-04-06 23:19:04,0.9,0.9,37.664,15.103,1.38,7,0.07,142,1.9,0.4
2018-04-07 09:10:23,1.4,1.4,37.743,15.067,5.67,28,0.18,77,0.4,0.2
2018-04-07 09:13:50,1,0.9,37.735,15.044,6.32,11,0.15,155,0.9,0.6
2018-04-07 11:07:21,1.4,1.2,37.743,15.058,5.78,17,0.15,75,0.7,0.3
2018-04-07 12:25:12,1.4,1.4,37.75,15.086,14.35,15,0.17,85,0.7,0.7
2018-04-07 19:06:30,1,0.9,37.741,15.093,5.2,8,0.09,135,0.8,1
2018-04-07 20:36:43,1,1,37.757,15.02,3.4,20,0.13,80,0.4,0.2
2018-04-08 08:35:47,1.5,1.4,37.703,14.885,5.41,12,0.16,201,0.8,1
2018-04-08 11:28:57,1.3,1.1,37.743,15.097,7.27,18,0.17,82,0.5,0.4
2018-04-08 13:49:17,1,0.9,37.717,15.06,6.06,11,0.11,117,0.7,0.5
2018-04-08 13:53:43,1.5,1.5,37.75,15.084,6.62,31,0.23,53,0.3,0.2
2018-04-08 14:41:59,1,1.1,37.742,15.083,6.51,13,0.15,100,0.7,0.5
2018-04-08 16:52:02,1,1,37.744,15.1,5.9,10,0.14,153,0.8,0.7
2018-04-09 01:34:55,1.1,0.9,37.679,14.945,5.62,11,0.12,133,0.7,0.7
2018-04-09 01:41:49,1.5,1.2,37.668,14.94,4.43,8,0.06,105,0.8,0.7
2018-04-09 07:54:38,1.5,1.4,37.732,15.035,1.73,19,0.14,103,0.3,0.2
2018-04-09 12:08:03,1,0.8,37.702,14.967,2.89,7,0.1,207,0.8,0.5
2018-04-09 12:09:39,0.9,0.7,37.696,14.95,2.39,7,0.08,143,1.2,0.5
2018-04-09 14:09:34,2.1,2,37.752,15.088,5.68,23,0.14,64,0.4,0.3
2018-04-09 14:11:47,1,0.9,37.746,15.101,6.82,9,0.08,179,1,1.1
2018-04-09 16:01:33,1.7,1.6,37.747,15.083,5.75,20,0.15,66,0.5,0.3
2018-04-09 22:33:08,1.1,1,37.739,15.035,4.74,15,0.14,94,0.7,0.4
2018-04-09 22:33:15,1.3,1.1,37.743,15.026,5.12,12,0.18,121,0.8,0.8
2018-04-09 22:51:54,1.3,1.2,37.742,15.038,3.92,18,0.11,84,0.4,0.3
2018-04-09 22:54:26,1.7,1.5,37.74,15.04,3.85,29,0.18,91,0.2,0.2
2018-04-09 22:55:21,1,1,37.741,15.036,5.17,12,0.14,93,0.8,0.5
2018-04-09 22:56:58,1.1,1.1,37.739,15.044,5.81,11,0.11,135,0.8,0.5
2018-04-10 00:16:02,1.1,1.2,37.812,14.952,6.64,6,0.07,195,0.8,1.6
2018-04-10 00:29:29,1,1.2,37.74,15.045,3.26,19,0.16,99,0.6,0.2
2018-04-10 00:29:39,1,0.9,37.739,15.04,3.55,18,0.17,98,0.5,0.3
2018-04-10 06:25:00,1.1,1.1,37.735,15.053,4.78,16,0.08,116,0.6,0.3
2018-04-10 14:51:29,1.4,1.4,37.751,15.111,10.9,13,0.11,149,0.6,0.8
2018-04-10 16:39:18,1.2,1.2,37.741,15.11,11.94,7,0.13,198,0.8,1.4
2018-04-10 19:14:11,1.3,1.3,37.65,15.202,7.87,25,0.24,183,0.5,0.5
2018-04-10 19:47:03,1,1,37.807,15.066,0.94,8,0.11,140,0.6,0.5
2018-04-10 19:52:19,1,0.7,37.803,15.063,0.56,7,0.07,175,1,0.6
2018-04-11 01:21:52,1.9,1.7,37.75,14.999,0.27,35,0.3,52,0.2,0.1
2018-04-11 01:58:18,0.7,0.5,37.757,15.104,4.22,10,0.12,119,0.4,0.4
2018-04-11 04:40:50,0.9,0.9,37.741,15.046,5.92,8,0.07,108,1.7,1
2018-04-11 07:25:34,0.9,0.9,37.765,15.101,6.01,7,0.14,126,1.1,0.7
2018-04-11 08:42:55,1,0.7,37.756,15.135,3.72,8,0.19,150,0.5,0.7
2018-04-11 09:20:48,1.6,1.5,37.808,15.066,-0.23,26,0.13,95,0.2,0.2
2018-04-11 11:46:52,1,1,37.813,15.063,1.19,7,0.05,257,0.6,0.7
2018-04-11 12:20:04,1,0.9,37.755,15.006,1.9,14,0.09,90,0.4,0.3
2018-04-11 20:23:13,0.8,0.8,37.716,14.901,7.22,7,0.08,132,0.8,1.3
2018-04-11 21:40:50,1,0.9,37.806,15.067,0.07,12,0.12,86,0.3,0.2
2018-04-11 21:42:51,1.1,1.1,37.741,15.047,5.19,13,0.06,99,0.9,0.4
2018-04-11 23:28:12,1.4,1.3,37.802,15.069,-0.32,20,0.14,75,0.3,0.2
2018-04-12 09:23:30,1.3,1.3,37.749,15,-0.2,23,0.08,56,0.3,0.2
2018-04-12 12:51:06,0.7,0.7,37.743,15.03,2.35,8,0.1,139,0.9,0.5
2018-04-12 12:51:24,1.1,1.1,37.748,15.041,6.13,16,0.09,84,0.6,0.3
2018-04-12 13:27:53,1,0.9,37.825,15.081,-0.6,9,0.13,185,1.4,0.6
2018-04-12 15:34:50,1,0.4,37.763,15.107,2.33,9,0.19,110,0.4,0.4
2018-04-12 15:37:01,0.8,0.6,37.737,15.139,3.7,10,0.11,221,0.8,0.6
2018-04-12 15:59:16,1,0.7,37.733,15.123,4.7,11,0.11,216,0.7,0.7
2018-04-12 17:55:41,1.3,1.2,37.737,15.042,5.84,20,0.08,102,0.5,0.3
2018-04-12 20:25:04,1,0.8,37.752,15.024,4.68,13,0.07,106,0.9,0.4
2018-04-12 21:18:04,1.3,1,37.695,14.967,3.68,16,0.07,66,0.2,0.3
2018-04-12 23:24:03,1,0.8,37.746,15.044,4.65,16,0.18,110,0.6,0.4
2018-04-13 02:03:42,1,1,37.711,15.137,6.66,9,0.17,118,0.8,0.6
2018-04-13 04:10:39,1,0.8,37.723,15.015,3.51,11,0.06,97,0.7,0.5
2018-04-13 10:30:44,1.9,2,37.673,15.092,5.41,22,0.14,125,0.6,0.3
2018-04-13 10:35:46,1.2,1.1,37.675,15.09,6.31,11,0.06,133,0.9,0.5
2018-04-13 15:44:10,1.5,1.6,37.743,14.79,8.79,11,0.11,275,0.6,0.7
2018-04-13 18:30:01,2,2.1,37.695,14.771,23.28,25,0.25,152,0.5,0.7
2018-04-13 18:37:09,1.3,1.5,37.677,14.812,18.59,12,0.18,190,0.7,1
2018-04-13 18:44:53,1.7,1.8,37.681,14.811,19.42,18,0.13,106,0.6,0.7
2018-04-13 18:45:58,1.7,1.7,37.675,14.818,17.46,18,0.15,186,0.5,0.7
2018-04-13 18:51:53,1.7,1.6,37.676,14.814,17.77,19,0.13,189,0.5,0.6
2018-04-13 18:59:17,1.8,1.8,37.682,14.77,20.46,21,0.16,223,0.5,0.7
2018-04-13 19:04:50,1.3,1.3,37.681,14.784,16.03,12,0.18,213,0.6,0.9
2018-04-13 19:15:13,1.8,1.8,37.675,14.828,21.23,16,0.11,200,0.5,0.9
2018-04-13 19:32:01,1.3,1.5,37.688,14.785,19.21,13,0.1,214,0.6,0.9
2018-04-13 19:35:10,1.9,2,37.679,14.779,19.89,20,0.15,216,0.5,0.7
2018-04-13 19:41:09,1.3,1.3,37.688,14.799,19.85,10,0.16,202,0.8,1.1
2018-04-13 19:46:20,1.6,1.4,37.698,14.849,10.94,25,0.21,169,0.6,0.5
2018-04-13 20:06:59,1.7,1.7,37.673,14.802,19.69,16,0.09,198,0.6,0.7
2018-04-13 20:12:29,1.9,2,37.669,14.811,21.56,28,0.13,163,0.7,0.6
2018-04-13 20:16:25,1.3,1.5,37.681,14.797,19.13,14,0.12,203,0.7,0.9
2018-04-13 20:23:12,1.7,1.8,37.679,14.797,24.03,15,0.1,174,0.8,0.9
2018-04-13 20:35:25,1.7,1.8,37.67,14.833,19.86,25,0.18,149,0.7,0.7
2018-04-13 20:38:45,1.9,2,37.666,14.795,20.66,27,0.17,171,0.6,0.7
2018-04-13 20:44:44,1.3,1.5,37.686,14.775,20.61,12,0.16,220,0.7,1.1
2018-04-13 20:45:35,1.3,1.3,37.683,14.794,18.27,13,0.12,205,0.6,0.8
2018-04-13 20:49:05,1.7,1.9,37.668,14.802,20.48,27,0.19,186,0.6,0.7
2018-04-13 20:50:46,1.4,1.6,37.689,14.801,20.08,16,0.1,199,0.5,0.8
2018-04-13 20:53:42,1.5,1.7,37.669,14.794,17.86,19,0.15,200,0.8,1
2018-04-13 20:57:00,1.4,1.6,37.678,14.773,16.05,15,0.17,219,0.6,0.8
2018-04-13 20:59:21,2,2,37.707,14.815,16.35,34,0.19,211,0.6,0.5
2018-04-13 21:04:02,1.6,1.8,37.671,14.815,17.33,20,0.18,188,0.8,0.7
2018-04-13 21:09:32,1.5,1.6,37.678,14.81,21.34,17,0.14,165,0.8,1
2018-04-13 21:24:55,1.9,1.8,37.688,14.85,15.85,26,0.23,173,0.7,0.6
2018-04-13 21:26:30,1.7,1.9,37.658,14.853,16.8,29,0.23,189,0.6,0.7
2018-04-13 21:33:49,1.4,1.4,37.676,14.809,16.98,15,0.15,192,0.7,0.8
2018-04-13 21:51:36,1.7,1.7,37.693,14.846,14.64,25,0.26,175,0.7,0.7
2018-04-13 21:52:44,1.7,1.8,37.671,14.829,19.31,26,0.26,209,0.7,0.7
2018-04-13 22:33:49,2,1.9,37.675,14.824,16.37,30,0.26,213,0.7,0.7
2018-04-14 01:18:50,1.8,1.9,37.661,14.755,16.91,23,0.19,145,0.7,0.6
2018-04-14 02:06:21,1.2,1.3,37.748,14.989,0.32,12,0.1,105,0.2,0.3
2018-04-14 03:26:09,1,0.8,37.76,15.088,7.32,16,0.12,90,0.4,0.3
2018-04-14 04:27:48,1.3,1.2,37.717,15.048,10.83,16,0.19,78,0.6,0.5
2018-04-14 04:28:02,1.2,1,37.719,15.066,7.43,8,0.19,113,0.9,0.7
2018-04-14 15:13:16,2.1,2.1,37.743,15.035,4.51,31,0.14,38,0.3,0.2
2018-04-14 16:46:50,1.3,1.3,37.742,15.028,5.1,13,0.06,123,0.4,0.4
2018-04-14 16:46:56,1.5,1.6,37.743,15.022,5.19,16,0.12,130,0.4,0.4
2018-04-14 22:08:11,1.1,1,37.698,14.952,1.78,7,0.05,170,1.2,1
2018-04-14 22:31:38,1,0.9,37.746,15.051,2.8,8,0.11,143,1.4,0.7
2018-04-15 03:24:56,1.1,1.3,37.819,14.928,7.61,11,0.08,143,0.7,0.7
2018-04-15 04:03:10,1.2,1,37.744,15.042,3.39,13,0.07,126,0.4,0.3
2018-04-15 04:05:34,1.3,1.2,37.745,15.046,3.17,18,0.12,85,0.5,0.3
2018-04-15 04:09:06,1.3,1.3,37.745,15.046,2.83,17,0.1,75,0.6,0.3
2018-04-15 04:09:43,1.3,1.1,37.744,15.046,3.54,13,0.09,111,0.6,0.4
2018-04-15 04:09:54,1.1,1.1,37.731,15.07,4.94,10,0.11,92,0.9,0.7
2018-04-15 04:11:33,1,1.1,37.742,15.052,3.54,13,0.07,100,0.4,0.4
2018-04-15 04:11:49,1,0.9,37.744,15.063,4.28,10,0.12,89,0.4,0.5
2018-04-15 04:55:14,1,0.9,37.727,15.054,3.88,14,0.11,92,0.5,0.4
2018-04-15 05:28:42,1.6,1.2,37.708,14.93,-1.56,12,0.11,107,0.7,0.2
2018-04-15 06:41:22,1.1,0.9,37.744,15.024,3.99,12,0.13,151,0.5,0.5
2018-04-15 09:19:44,1.4,1.9,37.759,14.931,23.15,14,0.22,111,3,1.4
2018-04-15 09:19:49,2.5,2.7,37.777,14.972,14.72,27,0.23,68,0.6,0.4
2018-04-15 09:21:15,2.6,2.6,37.765,14.952,17.87,33,0.19,56,0.4,0.4
2018-04-15 09:36:54,2.1,2.1,37.684,14.819,18.92,20,0.16,185,0.5,0.7
2018-04-15 18:22:41,1.3,1.1,37.75,15.028,6.56,7,0.07,185,2.2,1.1
2018-04-15 22:16:52,1,1.1,37.734,15.05,5.96,13,0.04,117,0.6,0.4
2018-04-15 23:32:20,1.1,0.9,37.708,14.92,2.2,10,0.09,131,0.9,0.3
2018-04-16 10:31:18,1.2,1.1,37.713,15.125,6.43,11,0.15,139,0.8,0.7
2018-04-17 02:03:19,0.9,0.8,37.769,15.042,5.32,11,0.11,131,0.5,0.5
2018-04-17 08:32:44,1,0.7,37.757,15.041,1.56,12,0.14,103,0.7,0.2
2018-04-17 15:19:21,1,0.6,37.821,15.04,2.03,7,0.23,283,0.5,0.7
2018-04-17 17:20:01,1.3,1.1,37.707,14.973,6.97,16,0.12,67,0.5,0.4
2018-04-17 17:24:15,1,0.8,37.745,15.041,1.74,14,0.19,118,0.8,0.3
2018-04-17 20:57:33,1,0.7,37.707,14.989,0.03,13,0.16,93,0.3,0.3
2018-04-17 23:01:03,1,1,37.726,15.016,3.66,18,0.21,99,0.4,0.3
2018-04-17 23:01:47,1,1.1,37.719,15.013,3.56,28,0.19,50,0.3,0.2
2018-04-17 23:10:05,1,0.8,37.721,15.017,2.11,11,0.21,104,1,0.4
2018-04-17 23:12:48,1,1.1,37.709,15.026,5.72,10,0.11,112,0.7,0.6
2018-04-18 11:27:47,1.3,1.2,37.723,15.049,10.39,14,0.13,106,0.4,0.7
2018-04-18 11:28:29,1.2,1.2,37.73,15.065,7.47,9,0.11,145,0.7,0.7
2018-04-18 11:46:17,1,0.8,37.757,15.083,3.75,10,0.15,77,0.6,0.4
2018-04-18 11:46:25,1.3,1.1,37.741,15.061,4.11,16,0.13,105,0.3,0.3
2018-04-18 11:58:48,0.8,0.8,37.731,15.05,5.2,10,0.1,142,0.7,0.5
2018-04-18 13:43:34,1.3,1.2,37.739,15.028,5.13,16,0.11,124,0.5,0.3
2018-04-18 14:31:54,1.1,1,37.674,15.079,2.37,13,0.16,135,0.8,0.4
2018-04-19 22:22:27,2.6,2.7,37.745,14.951,20.21,27,0.19,54,0.5,0.4
2018-04-20 02:30:59,1.3,1.3,37.691,15.112,3.96,15,0.22,64,0.3,0.3
2018-04-20 05:18:13,1.3,1.5,37.658,15.079,7.17,23,0.24,157,0.7,0.4
2018-04-20 06:52:35,1.8,2.1,37.848,15.168,17.98,22,0.22,140,0.7,0.5
2018-04-20 09:14:33,1.3,1.6,37.851,15.149,19.1,9,0.08,115,1.5,1.5
2018-04-20 09:32:45,1.4,1.6,37.852,15.178,19.78,14,0.18,138,0.8,0.8
2018-04-20 11:11:18,1,1.2,37.855,15.154,15.21,7,0.05,124,1.8,1.5
2018-04-20 11:25:30,1.2,1.4,37.85,15.146,17.69,12,0.14,111,0.9,0.9
2018-04-20 14:02:06,0.9,0.9,37.745,15.024,5.13,6,0.03,192,1.8,0.8
2018-04-20 18:12:38,1.1,1,37.711,15.021,4.94,10,0.08,103,0.5,0.5
2018-04-20 20:19:39,1.2,1.3,37.777,15.213,8.83,11,0.21,200,0.8,0.6
2018-04-20 20:30:29,1,0.9,37.775,15.196,5.54,10,0.2,146,0.9,0.6
2018-04-21 02:09:19,1.1,1,37.713,15.134,3.27,18,0.19,96,0.4,0.2
2018-04-21 03:07:47,1,0.9,37.692,14.956,2.14,13,0.21,97,0.3,0.3
2018-04-21 18:04:34,1.2,1.1,37.739,15.117,7.53,12,0.1,196,0.7,0.6
2018-04-21 20:05:59,0.9,0.8,37.744,15.112,7.13,6,0.09,188,1.9,1.1
2018-04-21 20:49:45,1,0.8,37.757,15.108,4.58,14,0.22,76,0.5,0.3
2018-04-21 20:53:39,0.9,0.9,37.756,15.125,4.91,8,0.16,138,1,0.9
2018-04-21 20:54:11,0.8,0.9,37.741,15.108,6.48,9,0.16,195,0.9,0.8
2018-04-21 21:29:41,1.3,1.3,37.754,15.11,6.14,15,0.15,75,0.6,0.5
2018-04-21 21:36:13,1.3,1.2,37.76,15.107,5.49,19,0.17,47,0.5,0.3
2018-04-22 00:18:47,1,1,37.728,15.002,4.58,10,0.24,109,1.5,0.7
2018-04-22 02:25:32,1,0.9,37.756,15.104,4.62,12,0.13,79,0.6,0.4
2018-04-22 02:26:02,0.9,0.8,37.761,15.121,3.14,10,0.17,82,0.5,0.4
2018-04-22 02:41:11,0.6,0.6,37.762,15.114,2.93,9,0.13,95,0.8,0.5
2018-04-22 02:42:21,1.4,1.3,37.723,15.01,3.94,26,0.17,46,0.2,0.2
2018-04-22 08:24:21,1.2,1,37.789,15.067,3.42,12,0.26,93,0.4,0.4
2018-04-22 15:18:57,1.7,1.6,37.675,14.896,-1.57,9,0.25,205,1.6,0.6
2018-04-23 02:17:13,1,0.7,37.771,15.064,3.79,11,0.2,113,0.5,0.8
2018-04-23 06:17:03,0.9,0.7,37.842,15.015,6.32,9,0.25,85,1.4,0.9
2018-04-24 03:33:56,1.2,1.1,37.747,15.075,14.71,10,0.14,132,1.2,0.9
2018-04-24 10:39:15,1,1,37.717,15.02,4.64,10,0.07,95,0.6,0.6
2018-04-24 17:43:26,1.4,1.5,37.712,14.968,9.63,17,0.23,63,0.8,0.6
2018-04-24 17:54:48,1.5,1.6,37.739,14.968,6.1,24,0.3,47,0.6,0.3
2018-04-24 22:31:42,1,0.8,37.745,15.017,-0.16,12,0.17,197,0.5,0.4
2018-04-25 08:27:31,1.9,1.7,37.73,14.998,3.76,32,0.19,39,0.2,0.2
2018-04-25 12:58:47,1,1,37.843,14.864,8.03,7,0.11,160,0.8,0.7
2018-04-26 00:51:42,1.1,1,37.744,15.024,2.28,11,0.23,130,0.3,0.3
2018-04-26 03:17:33,1.3,1.1,37.747,15.039,6.84,12,0.07,93,0.6,0.4
2018-04-26 14:39:47,1.9,1.9,37.727,14.847,28.41,14,0.17,200,0.7,1
2018-04-26 18:51:09,1,1,37.745,15.036,9.15,11,0.18,88,0.8,0.6
2018-04-27 05:13:58,1.1,1.1,37.836,15.019,10.74,13,0.06,80,0.8,0.6
2018-04-27 11:27:57,1.3,1.3,37.738,15.068,5.34,20,0.12,83,0.5,0.4
2018-04-27 14:53:13,0.8,0.8,37.754,15.024,3.8,9,0.08,210,0.4,0.5
2018-04-27 20:27:38,1.3,1.2,37.674,15.177,6.21,16,0.16,90,0.5,0.6
2018-04-27 20:29:27,1.3,1.2,37.674,15.176,7.9,12,0.12,122,0.6,0.6
2018-04-28 02:39:19,1.3,1.2,37.754,15.116,8.48,11,0.12,142,0.6,0.6
2018-04-28 02:52:56,1.2,1.1,37.764,15.111,6.67,11,0.13,84,0.7,0.5
2018-04-28 09:24:19,1.2,1.3,37.706,15.002,6.35,11,0.07,155,0.4,0.5
2018-04-29 00:13:31,1.5,1.3,37.74,15.048,0.44,21,0.16,48,0.7,0.2
2018-04-29 00:14:25,0.9,0.8,37.742,15.052,0.65,16,0.12,73,0.7,0.3
2018-04-29 06:13:28,0.9,0.9,37.717,15.017,5.23,8,0.04,120,0.6,0.6
2018-04-29 07:53:48,1.1,1.1,37.765,15.02,4.26,10,0.19,171,0.4,0.5
2018-04-29 13:50:48,1.8,1.7,37.667,14.94,2.06,22,0.14,84,0.2,0.3
2018-04-29 13:52:33,1.2,1.1,37.75,15.024,2.09,9,0.08,214,0.4,0.5
2018-04-29 13:54:08,1.1,1,37.669,14.941,4.36,7,0.15,157,0.9,0.6
2018-04-29 14:26:51,1.9,1.8,37.667,14.939,2.28,26,0.16,85,0.2,0.3
2018-04-29 15:14:19,1,0.9,37.672,14.941,2.91,7,0.05,149,0.7,0.7
2018-04-29 22:31:10,0.9,0.8,37.674,14.937,2.46,7,0.05,140,1.2,1
2018-04-30 01:58:37,1.1,1,37.742,15.071,3.63,14,0.16,79,0.4,0.3
2018-04-30 02:41:51,1,0.8,37.674,14.934,2.73,8,0.16,96,0.6,0.4
2018-04-30 04:45:11,1.4,1.3,37.658,14.957,4.49,12,0.16,179,0.5,0.5
2018-04-30 09:24:09,1.9,1.9,37.726,14.855,21.86,14,0.21,238,1.3,1
2018-04-30 20:07:39,2.3,2.2,37.659,14.95,3.95,30,0.23,133,0.2,0.3
2018-04-30 20:10:12,1,1,37.651,14.95,5.13,9,0.17,184,0.6,0.5
2018-04-30 20:11:21,1,1,37.647,14.958,5.28,11,0.18,195,0.6,0.5
2018-04-30 20:18:31,1.5,1.4,37.656,14.954,3.72,18,0.21,179,0.3,0.3
2018-04-30 22:57:44,1.3,1.2,37.659,14.953,4.56,13,0.21,175,0.5,0.6
2018-05-01 00:53:45,1.1,1,37.67,14.95,5.62,8,0.17,158,0.7,0.6
2018-05-01 03:33:36,1.1,1.1,37.743,15.055,4.21,14,0.1,100,0.5,0.3
2018-05-01 11:52:00,1.3,1.3,37.741,15.03,7,16,0.18,87,0.7,0.3
2018-05-01 12:04:55,1.4,1.4,37.747,15.022,6.49,15,0.15,78,0.6,0.3
2018-05-01 12:08:38,1.1,1.1,37.74,15.034,8.15,10,0.03,135,0.7,0.6
2018-05-01 12:31:24,1.7,1.6,37.752,15.026,6.11,23,0.15,74,0.4,0.2
2018-05-01 12:37:35,1.3,1.3,37.743,15.031,7.79,14,0.12,124,0.6,0.4
2018-05-02 05:06:25,1.5,1.6,37.822,14.971,18.64,16,0.16,175,0.8,0.8
2018-05-02 06:04:48,1,1.1,37.747,15.028,5,11,0.12,154,1,0.5
2018-05-02 06:08:35,0.9,0.9,37.753,15.041,4.43,9,0.2,125,0.7,0.5
2018-05-02 06:43:24,1.4,1.2,37.669,14.942,3.88,8,0.04,236,0.9,1.5
2018-05-02 09:43:28,1,1,37.811,15.039,1.11,7,0.03,255,0.5,0.5
2018-05-02 09:47:33,1,0.8,37.801,15.046,0.29,8,0.2,102,0.6,0.3
2018-05-02 09:47:48,0.8,0.7,37.8,15.048,0.34,9,0.2,93,0.5,0.3
2018-05-02 10:44:45,1.3,1.2,37.675,14.94,3.7,10,0.05,141,0.6,0.7
2018-05-02 19:44:14,1.2,1.2,37.733,15.047,7.59,15,0.06,116,0.7,0.6
2018-05-02 20:39:23,1,0.9,37.689,14.929,4.22,8,0.12,183,0.6,0.7
2018-05-03 02:44:06,1.1,1.1,37.685,14.95,6.4,8,0.14,109,0.6,0.8
2018-05-03 14:44:44,1.2,1.1,37.748,15.061,4.57,17,0.1,92,0.5,0.3
2018-05-03 18:29:23,1,0.9,37.74,15.064,3.75,14,0.05,79,0.7,0.4
2018-05-03 21:21:03,1.2,1.2,37.722,14.991,5.52,13,0.16,70,0.7,0.4
2018-05-03 21:22:07,1.1,1.1,37.724,14.982,5.84,11,0.13,97,1.1,0.5
2018-05-04 01:26:58,1,1,37.71,14.967,7.88,18,0.15,67,0.9,0.8
2018-05-04 17:12:55,1.7,1.7,37.69,14.97,18.64,15,0.21,91,1,0.9
2018-05-04 23:49:34,1.5,1.5,37.796,14.938,8.74,10,0.24,243,1.4,1
2018-05-05 03:46:38,1,0.9,37.749,15.037,4.54,10,0.07,89,0.9,0.5
2018-05-05 03:50:27,1,0.9,37.751,15.032,5.11,14,0.08,96,0.7,0.4
2018-05-05 19:23:26,1.2,0.9,37.663,14.96,5.27,9,0.13,174,0.6,0.6
2018-05-05 23:03:41,1.7,1.5,37.722,14.972,7.88,21,0.14,52,0.5,0.3
2018-05-06 01:44:50,1.1,1.1,37.748,15.035,4.71,10,0.19,233,1,0.9
2018-05-06 05:27:46,0.8,0.6,37.752,15.026,1.87,9,0.17,140,0.7,0.7
2018-05-06 07:22:43,2.4,2.4,37.752,15.132,8.05,33,0.22,92,0.3,0.2
2018-05-06 07:25:09,1.6,1.6,37.755,15.138,7.31,18,0.18,96,0.4,0.3
2018-05-06 07:30:15,1.2,1.1,37.751,15.14,6.12,11,0.24,98,0.6,0.4
2018-05-06 07:30:50,1,1,37.752,15.157,5.62,12,0.28,114,0.5,0.4
2018-05-06 08:15:00,1.3,1.3,37.766,15.144,3.32,12,0.18,94,0.7,0.3
2018-05-06 09:42:34,1.3,1.2,37.701,14.976,8.7,14,0.16,88,0.6,0.5
2018-05-06 17:01:10,0.8,0.7,37.747,15.084,4.09,7,0.09,152,1.4,1.8
2018-05-07 04:59:34,1,1,37.729,15.045,5.23,13,0.1,122,0.8,0.5
2018-05-07 17:15:33,0.8,0.9,37.733,15.058,6.08,10,0.04,127,1.2,0.7
2018-05-07 17:22:35,1.1,0.9,37.756,15.14,5.01,13,0.12,97,0.5,0.5
2018-05-07 17:48:13,0.8,0.7,37.771,15.106,2.44,8,0.15,102,0.6,0.5
2018-05-07 17:54:36,1.1,0.9,37.734,15.074,5.59,12,0.13,139,0.9,0.7
2018-05-08 00:44:22,0.9,0.9,37.739,15.03,4.21,13,0.1,131,0.4,0.3
2018-05-08 03:06:37,1.2,1.2,37.736,15.019,5.61,11,0.11,147,0.8,0.6
2018-05-08 03:27:31,1,0.8,37.743,15.071,3.24,15,0.11,78,0.5,0.3
2018-05-08 04:56:53,0.8,0.8,37.738,15.107,9.89,9,0.08,99,0.8,0.8
2018-05-08 05:03:13,0.8,0.8,37.733,15.115,10.78,10,0.12,103,0.9,0.7
2018-05-08 16:01:28,0.9,0.8,37.753,15.07,4.03,9,0.13,103,0.4,0.4
2018-05-09 00:22:40,1.1,1.1,37.69,14.935,0,9,0.19,81,0.8,0.3
2018-05-09 00:22:44,2,2,37.665,14.936,4.19,10,0.14,108,0.9,0.6
2018-05-09 06:48:45,1.1,0.9,37.77,15.08,2.4,8,0.21,130,0.5,0.6
2018-05-10 07:07:47,1,1,37.736,15.037,3.41,16,0.15,100,0.3,0.3
2018-05-10 11:04:44,0.8,0.6,37.709,15.066,-0.13,7,0.08,206,1.8,0.7
2018-05-11 02:09:31,0.9,0.5,37.761,15.065,0.49,9,0.21,179,1.2,0.4
2018-05-11 09:28:19,1,1,37.691,15.082,2.29,13,0.21,171,0.3,0.4
2018-05-11 09:42:15,1.3,1.2,37.735,15.056,5.32,15,0.14,119,0.6,0.3
2018-05-11 14:37:02,1,1,37.744,15.048,5.66,12,0.19,100,0.9,0.6
2018-05-11 15:04:41,1.2,1.4,37.744,14.964,8.85,17,0.17,66,0.7,0.4
2018-05-11 16:31:33,1,1.1,37.672,15.086,0.99,14,0.26,89,1.7,0.2
2018-05-11 18:08:03,0.9,0.6,37.76,15.029,1.67,8,0.25,176,2,0.5
2018-05-11 19:31:54,1,1.2,37.824,15.122,7.56,9,0.2,211,1.4,1.5
2018-05-12 03:01:30,1,0.9,37.701,14.96,2.68,12,0.2,169,0.5,0.4
2018-05-12 06:15:40,1.3,1.1,37.708,15.004,5.64,11,0.11,93,0.6,0.7
2018-05-12 07:38:23,1,1.1,37.681,14.955,4.57,8,0.04,178,0.7,1.4
2018-05-12 09:53:12,2.9,3,37.736,15.1,6.08,35,0.18,74,0.3,0.2
2018-05-12 20:13:12,0.9,0.6,37.702,15.153,4.61,12,0.3,127,1.6,0.6
2018-05-13 11:27:35,1,0.9,37.742,15.015,8.08,9,0.12,208,1,1.1
2018-05-13 15:38:09,1.6,1.3,37.735,15.05,4.15,24,0.17,83,0.2,0.2
2018-05-13 15:38:58,1,0.8,37.751,15.065,3.68,10,0.17,187,1,0.6
2018-05-13 18:45:47,1,1.1,37.686,14.929,1.35,10,0.19,108,0.5,0.4
2018-05-13 19:00:09,1.3,1.3,37.707,14.994,5.86,13,0.11,96,0.5,0.5
2018-05-14 04:10:36,1,0.9,37.723,15.111,7.49,14,0.14,96,0.5,0.4
2018-05-14 04:23:37,1.8,1.7,37.659,14.914,-0.67,9,0.16,148,0.5,0.3
2018-05-14 15:02:57,1.2,1.2,37.744,15.029,3.72,11,0.27,130,0.7,0.4
2018-05-14 15:17:20,1.4,1.3,37.751,15.005,3.47,22,0.1,97,0.3,0.2
2018-05-14 17:13:42,1,0.8,37.764,15.041,4.25,11,0.13,159,0.7,0.4
2018-05-14 17:23:22,0.8,0.5,37.806,15.054,-1.59,8,0.18,117,0.8,0.3
2018-05-14 19:53:37,1.3,1.3,37.733,15.053,5.52,10,0.2,167,0.8,0.6
2018-05-14 23:38:39,1.6,1.4,37.758,15.12,5.74,14,0.08,70,0.4,0.3
2018-05-15 00:20:32,1.1,1,37.763,15.121,4.91,13,0.14,70,0.5,0.3
2018-05-15 01:58:53,1,0.8,37.749,15.033,3.57,14,0.16,171,0.8,0.4
2018-05-15 02:52:47,1.5,1.3,37.752,15.027,3.81,28,0.18,54,0.2,0.2
2018-05-15 15:58:21,1,0.9,37.747,15.039,2.29,15,0.13,86,0.3,0.4
2018-05-15 16:13:32,1.2,1,37.75,15.134,7.16,11,0.06,229,0.8,1.1
2018-05-15 22:36:09,1.3,1.4,37.75,15.112,9.05,22,0.14,68,0.4,0.3
2018-05-15 22:49:02,1,0.9,37.755,15.103,8.44,16,0.23,96,0.6,0.4
2018-05-15 23:56:09,1.4,1.1,37.754,15.024,5.33,21,0.14,90,0.4,0.2
2018-05-16 00:08:55,1.1,0.8,37.741,15.041,2.15,20,0.15,79,0.2,0.2
2018-05-16 00:38:15,1,0.8,37.77,15.117,3.87,12,0.14,76,0.3,0.3
2018-05-16 04:21:01,1,1,37.731,15.13,8.76,15,0.2,197,0.5,0.5
2018-05-16 13:14:21,1,0.9,37.743,15.038,3.2,10,0.09,127,1,0.4
2018-05-17 04:45:31,1.2,1.1,37.741,15.053,4.45,16,0.06,103,0.6,0.3
2018-05-17 20:20:43,1.8,1.7,37.888,14.969,27.86,16,0.13,103,0.4,0.5
2018-05-17 22:25:38,1.6,1.3,37.734,15.051,4.56,25,0.15,107,0.4,0.2
2018-05-18 02:40:59,1,1,37.749,14.999,1.23,8,0.08,149,0.7,0.5
2018-05-18 03:08:14,1.3,1.3,37.727,14.894,7.54,10,0.2,137,0.9,0.7
2018-05-18 07:54:54,1.2,1.2,37.738,14.996,9.51,8,0.18,171,1.2,1.1
2018-05-19 07:18:03,2.2,2.3,37.697,14.925,20,32,0.26,77,0.4,0.5
2018-05-21 20:12:50,0.9,0.5,37.692,14.98,3.73,8,0.05,122,0.6,0.8
2018-05-21 21:29:59,1,1,37.695,14.985,4.04,8,0.22,120,0.9,0.8
2018-05-22 00:15:56,1.3,1.3,37.735,15.109,4.32,18,0.18,82,0.3,0.3
2018-05-22 01:32:43,0.9,0.7,37.732,15.131,2.54,11,0.3,101,0.9,0.5
2018-05-22 02:06:15,1.2,1,37.756,15.11,3.11,17,0.22,54,0.5,0.3
2018-05-22 02:07:41,1.3,1.1,37.739,15.059,1.01,21,0.25,66,0.3,0.2
2018-05-22 02:30:08,0.8,0.6,37.736,15.068,1.36,9,0.2,126,0.9,0.6
2018-05-22 06:35:14,0.9,0.9,37.718,15.082,0.56,9,0.12,203,0.9,0.8
2018-05-22 06:43:53,1,1,37.749,15.16,3.6,10,0.09,152,0.8,0.6
2018-05-22 08:42:13,1.3,1.1,37.74,15.066,1.32,15,0.22,109,0.5,0.4
2018-05-22 09:54:47,1,1,37.754,15.101,0.46,10,0.28,117,2.1,0.6
2018-05-22 21:13:20,1,0.8,37.737,15.063,1.74,12,0.19,88,0.6,0.2
2018-05-23 00:13:23,1,1,37.713,15.022,5.25,9,0.03,102,0.6,0.5
2018-05-23 00:50:43,1.1,1,37.726,15.016,3.2,18,0.24,61,0.3,0.3
2018-05-23 02:47:37,0.8,0.6,37.739,15.068,0.63,8,0.2,82,1.8,0.7
2018-05-23 03:11:51,1,0.9,37.735,15.073,1.55,9,0.23,133,0.6,0.4
2018-05-23 03:56:17,0.9,0.8,37.736,15.078,1.1,8,0.18,131,1,0.5
2018-05-23 21:38:03,0.9,0.8,37.75,15,1.68,9,0.09,150,0.8,0.5
2018-05-23 21:38:52,1,0.9,37.742,15.091,4.83,9,0.12,152,0.7,1
2018-05-24 04:49:43,2.9,3,37.776,14.983,19.42,41,0.25,43,0.4,0.3
2018-05-24 04:51:23,2,2.2,37.759,15.007,21.37,28,0.22,57,0.5,0.5
2018-05-24 05:06:15,1.4,1.4,37.761,15.006,20.14,11,0.14,100,1.3,0.9
2018-05-24 05:06:40,1.4,1.3,37.768,14.995,21.79,11,0.18,91,1.2,0.8
2018-05-24 05:09:28,1.6,1.7,37.752,14.992,22.63,15,0.19,82,1.1,1.2
2018-05-24 05:20:25,1.6,1.6,37.808,14.965,22.38,14,0.16,91,1.2,1.1
2018-05-24 05:37:42,1.1,1,37.736,15.031,4.07,12,0.11,93,0.7,0.5
2018-05-24 06:03:59,1.5,1.5,37.825,14.978,16.77,14,0.1,75,1.1,0.9
2018-05-24 07:40:36,1.5,1.6,37.729,15.171,9.2,17,0.17,139,0.6,0.6
2018-05-24 08:24:58,1.5,1.4,37.74,14.895,1.63,13,0.16,112,0.3,0.3
2018-05-24 08:45:26,1.1,1,37.745,15.149,8.01,8,0.07,242,1.2,1
2018-05-24 12:39:22,1,0.9,37.735,15.098,6.15,9,0.16,129,0.9,0.7
2018-05-24 15:15:04,1,1.1,37.724,15.028,3.39,9,0.14,104,0.8,0.5
2018-05-24 17:02:26,1.1,1.1,37.738,15.074,10.34,9,0.1,119,1.5,1.1
2018-05-25 05:14:17,1.3,1.3,37.751,15.033,9.52,15,0.13,76,0.7,0.6
2018-05-25 08:46:28,1.3,1.3,37.744,15.092,14.34,10,0.15,150,0.7,1.2
2018-05-25 09:00:25,1,0.9,37.75,15.046,3.88,9,0.12,235,0.4,0.7
2018-05-25 09:01:48,1.5,1.5,37.75,15.096,18.01,10,0.1,116,0.9,1.1
2018-05-25 09:02:25,1.4,1.4,37.733,15.068,7.41,16,0.3,80,0.9,0.5
2018-05-25 09:18:23,1.4,1.5,37.696,15.125,16.19,12,0.11,249,0.9,1.6
2018-05-25 09:19:05,1.2,1.4,37.712,15.115,18.15,12,0.13,230,0.9,0.9
2018-05-25 09:36:33,1.9,1.9,37.733,15.075,12.63,16,0.24,78,0.8,0.9
2018-05-25 09:40:55,1.5,1.5,37.741,15.086,13.97,10,0.15,169,0.8,1
2018-05-25 09:41:14,1.7,1.7,37.757,15.099,18.42,13,0.12,106,1,1
2018-05-25 09:41:36,1.4,1.5,37.756,15.088,15.36,9,0.17,126,1.3,1.4
2018-05-25 09:42:15,1.7,1.7,37.73,15.089,13.38,17,0.19,174,0.9,0.9
2018-05-25 09:43:03,1.6,1.6,37.708,15.116,18.75,16,0.18,216,0.8,0.9
2018-05-25 09:43:30,2,2,37.757,15.079,13.9,27,0.32,43,0.9,0.7
2018-05-25 09:44:47,1.8,1.8,37.747,15.088,17.07,15,0.21,123,0.7,0.6
2018-05-25 09:45:50,2,2.2,37.74,15.102,15.5,27,0.23,75,0.6,0.4
2018-05-25 09:54:09,1.5,1.5,37.721,15.087,14.04,12,0.23,191,0.9,1
2018-05-25 09:54:18,2.6,2.6,37.733,15.096,14.51,35,0.25,86,0.5,0.5
2018-05-25 09:54:53,2.4,2.6,37.726,15.112,19.49,31,0.27,90,0.5,0.5
2018-05-25 09:55:07,2.3,2.4,37.749,15.08,8.8,17,0.23,67,1.3,1
2018-05-25 09:55:42,1.9,1.9,37.744,15.067,10.79,23,0.23,85,0.6,0.4
2018-05-25 09:56:09,1.2,1.4,37.797,15.104,8.16,15,0.23,82,0.7,0.7
2018-05-25 09:56:43,2.3,2.3,37.749,15.085,17.55,23,0.25,56,0.7,0.6
2018-05-25 09:57:03,2.5,2.6,37.735,15.085,14.62,16,0.24,88,0.8,0.6
2018-05-25 09:59:53,1.5,1.5,37.736,15.098,18.2,14,0.14,210,0.7,1
2018-05-25 10:06:57,1.5,1.5,37.711,15.118,18.2,19,0.14,131,0.9,0.9
2018-05-25 10:12:26,1.8,1.9,37.723,15.092,14.81,15,0.21,192,0.9,1
2018-05-25 10:13:06,1.6,1.7,37.739,15.087,17.84,12,0.15,144,1.2,1.1
2018-05-25 10:14:53,1.2,1.4,37.755,15.095,12.69,14,0.19,102,0.6,0.8
2018-05-25 10:27:12,2.1,2.2,37.753,15.106,19.75,17,0.26,76,0.6,0.6
2018-05-25 10:28:11,3.3,3.3,37.757,15.094,20.68,30,0.26,61,0.5,0.4
2018-05-25 12:12:01,1.4,1.3,37.744,15.021,2.91,28,0.2,54,0.3,0.2
2018-05-25 12:21:34,2.4,2.4,37.743,15.103,15.2,30,0.19,110,0.6,0.5
2018-05-25 17:22:26,1,0.8,37.804,15.098,5.29,14,0.24,84,1.6,0.9
2018-05-26 22:57:12,1,1,37.74,15.029,4.3,9,0.18,177,1.1,0.6
2018-05-27 01:45:37,1.1,0.8,37.684,14.972,2.97,9,0.13,120,0.3,0.4
2018-05-27 16:54:17,1.3,1.1,37.714,14.924,1.77,14,0.15,93,0.4,0.4
2018-05-27 18:13:31,1.3,1.3,37.723,14.913,6.77,15,0.13,107,0.6,0.5
2018-05-27 18:50:41,1.4,1.2,37.725,14.914,6.27,15,0.13,104,0.5,0.4
2018-05-27 18:54:23,1.4,1.5,37.727,14.9,6.6,15,0.21,156,0.6,0.8
2018-05-27 18:55:56,1.3,1.3,37.728,14.91,6.34,13,0.11,108,0.5,0.5
2018-05-27 18:59:53,2.6,2.6,37.732,14.926,5.92,37,0.18,70,0.3,0.2
2018-05-27 19:00:51,1.9,1.7,37.728,14.914,5.54,21,0.14,90,0.4,0.3
2018-05-27 19:03:16,1.2,1.2,37.729,14.907,6.04,9,0.12,187,0.6,0.7
2018-05-27 19:04:45,2.3,2.3,37.73,14.925,5.56,37,0.2,78,0.3,0.2
2018-05-27 19:05:55,1.2,1.1,37.734,14.917,5.8,10,0.15,123,0.5,0.6
2018-05-27 19:06:14,1.2,1.2,37.734,14.919,5.34,12,0.1,85,0.6,0.6
2018-05-27 19:09:33,1.2,1.3,37.732,14.91,5.98,11,0.12,124,0.5,0.5
2018-05-27 19:09:38,2.1,2,37.727,14.918,5.8,28,0.2,88,0.4,0.3
2018-05-27 19:12:34,2.5,2.4,37.733,14.922,5.35,37,0.22,66,0.3,0.2
2018-05-27 19:15:06,1.9,1.7,37.727,14.911,5.76,24,0.12,92,0.4,0.3
2018-05-27 19:17:11,1.3,1.4,37.72,14.907,6.12,19,0.13,119,0.5,0.3
2018-05-27 19:28:13,1.1,1.2,37.73,14.902,6.55,10,0.12,115,0.5,0.6
2018-05-27 19:30:35,1.7,1.5,37.733,14.917,4.9,27,0.16,66,0.4,0.3
2018-05-27 19:31:14,1.4,1.3,37.733,14.926,5.42,12,0.16,128,0.6,0.6
2018-05-27 19:45:35,2.2,2,37.732,14.927,5.48,36,0.19,70,0.3,0.2
2018-05-27 19:46:17,1.1,1.1,37.731,14.919,6.39,9,0.18,139,0.7,0.6
2018-05-27 19:46:59,1.3,1.2,37.729,14.917,6.18,17,0.13,88,0.5,0.3
2018-05-27 19:50:42,1.1,1.2,37.774,14.906,3.45,11,0.28,87,0.8,0.6
2018-05-27 19:53:50,1.1,1.2,37.732,14.904,6.3,14,0.11,89,0.5,0.6
2018-05-27 20:04:01,2.2,2.1,37.733,14.925,5.97,35,0.2,65,0.3,0.3
2018-05-27 20:07:22,1.4,1.3,37.715,14.907,6.58,17,0.22,124,0.5,0.5
2018-05-27 20:13:48,1,0.9,37.726,14.911,5.99,9,0.21,124,0.6,0.6
2018-05-27 20:17:29,1.5,1.5,37.733,14.914,6.15,10,0.09,118,0.5,0.5
2018-05-27 20:17:50,1.9,1.7,37.729,14.918,5.72,25,0.11,87,0.4,0.3
2018-05-27 20:26:32,1.4,1.2,37.728,14.913,5.1,24,0.14,91,0.4,0.3
2018-05-27 20:27:42,1.4,1.4,37.731,14.909,4.66,22,0.12,88,0.4,0.3
2018-05-27 20:30:58,1.8,1.5,37.734,14.927,5.13,22,0.16,64,0.3,0.2
2018-05-27 20:31:21,1.6,1.3,37.734,14.912,4.42,22,0.14,64,0.3,0.2
2018-05-27 20:48:13,1.2,1.1,37.736,14.912,4.65,17,0.07,64,0.7,0.6
2018-05-27 21:08:13,1.2,1.1,37.732,14.907,4.71,13,0.07,77,0.5,0.4
2018-05-27 21:12:36,1.9,1.6,37.722,14.925,6.73,33,0.23,87,0.4,0.2
2018-05-27 21:24:20,1.9,1.5,37.73,14.912,5.76,26,0.23,89,0.4,0.4
2018-05-27 21:32:27,1.9,1.6,37.724,14.925,6.02,27,0.22,86,0.4,0.3
2018-05-27 21:49:48,2.5,2.3,37.729,14.917,6.08,39,0.21,87,0.4,0.2
2018-05-27 21:51:22,1.3,1.1,37.738,14.906,5.45,13,0.14,81,0.5,0.4
2018-05-27 22:04:44,1.2,1.1,37.743,14.925,4.38,12,0.13,100,0.5,0.5
2018-05-27 22:08:02,1.4,1.4,37.743,14.919,4.18,15,0.11,66,0.3,0.3
2018-05-27 22:42:23,1.1,1.1,37.747,14.915,5.01,12,0.16,87,0.6,0.4
2018-05-27 22:48:52,1.9,1.5,37.716,14.912,6.66,29,0.25,97,0.4,0.3
2018-05-27 22:49:30,1.6,1.4,37.721,14.917,5.61,26,0.2,92,0.4,0.3
2018-05-27 23:02:02,1.3,1.2,37.736,14.913,4.08,18,0.1,65,0.4,0.3
2018-05-27 23:05:52,1.1,1.1,37.739,14.919,6.27,8,0.16,98,0.6,0.6
2018-05-28 00:21:28,1.4,1.3,37.739,14.92,5.12,21,0.16,64,0.5,0.3
2018-05-28 00:27:50,1.4,1.2,37.736,14.918,5.48,21,0.11,63,0.5,0.4
2018-05-28 00:28:54,1.8,1.4,37.73,14.921,7.29,35,0.2,78,0.4,0.3
2018-05-28 00:40:33,1.2,1.3,37.751,14.916,5.3,17,0.19,71,0.5,0.4
2018-05-28 01:12:42,1.2,1.2,37.723,14.908,5.87,15,0.13,114,0.4,0.4
2018-05-28 01:52:06,1.1,1.1,37.762,14.909,3.19,11,0.26,80,0.8,0.5
2018-05-28 01:59:10,1.2,1.3,37.737,14.916,6.27,14,0.11,64,0.5,0.5
2018-05-28 04:55:01,1.3,1.2,37.741,14.92,5.24,15,0.14,64,0.7,0.6
2018-05-28 05:26:33,2,1.8,37.726,14.91,6.2,28,0.18,93,0.4,0.2
2018-05-28 05:27:37,2.3,2.2,37.731,14.915,5.96,37,0.22,79,0.4,0.2
2018-05-28 05:28:51,1.3,1.2,37.735,14.908,4.12,15,0.06,66,0.3,0.4
2018-05-28 05:49:06,1.4,1.3,37.735,14.908,4.27,13,0.05,66,0.4,0.5
2018-05-28 06:41:49,1.2,1.3,37.73,14.918,5.56,13,0.16,91,0.5,0.5
2018-05-28 06:44:20,1.1,1.4,37.743,14.829,1.25,14,0.24,162,0.5,0.5
2018-05-28 07:13:24,1.7,1.5,37.732,14.915,4.91,23,0.13,71,0.5,0.2
2018-05-28 08:04:29,1.3,1.3,37.73,14.908,5.82,11,0.13,117,0.6,0.8
2018-05-28 09:14:55,1.1,1.1,37.725,14.903,5.81,10,0.15,120,0.5,0.9
2018-05-28 13:44:56,1.1,1.2,37.731,14.905,5.53,11,0.12,128,0.5,0.5
2018-05-28 14:43:17,1.5,1.4,37.731,14.909,5.62,10,0.1,100,0.5,0.6
2018-05-28 19:10:45,1.4,1.3,37.734,14.904,7.12,9,0.16,110,0.6,0.6
2018-05-28 20:08:33,1.1,1.3,37.706,14.991,4.27,14,0.22,93,0.4,0.5
2018-05-28 20:42:54,0.8,0.8,37.745,15.023,3.3,10,0.08,185,0.6,0.5
2018-05-29 01:27:40,1,0.7,37.804,15.07,0.21,8,0.1,96,0.5,0.4
2018-05-29 05:30:36,1.2,1.1,37.733,14.913,4.78,17,0.09,75,0.5,0.4
2018-05-29 06:02:32,1.8,1.8,37.721,14.92,7.38,27,0.2,99,0.4,0.3
2018-05-29 08:58:24,1,1,37.752,14.934,4.38,10,0.15,100,0.4,0.6
2018-05-29 12:28:24,1.2,1.2,37.745,15.037,5.75,11,0.08,129,0.9,0.6
2018-05-29 13:50:51,1.4,1.3,37.726,14.895,6.68,14,0.2,192,0.5,0.6
2018-05-29 14:28:32,1.6,1.6,37.734,15.039,14.16,25,0.27,41,0.6,0.5
2018-05-29 14:28:42,2.2,2.4,37.74,15.028,14.03,23,0.25,68,0.6,0.5
2018-05-29 14:31:13,1.7,1.6,37.772,15.054,17.24,14,0.15,129,0.8,0.7
2018-05-29 21:12:21,1.1,1.1,37.744,14.939,6.86,20,0.16,58,0.7,0.4
2018-05-29 22:10:42,1,1,37.738,15.019,4.01,12,0.27,120,0.6,0.4
2018-05-30 03:31:02,1.3,1.3,37.735,15.063,13.03,8,0.18,212,0.8,0.9
2018-05-30 09:30:41,1.2,1.2,37.752,15.023,4.05,12,0.16,214,0.4,0.5
2018-05-30 18:22:39,1.3,1.2,37.75,15.051,12.37,16,0.29,84,0.6,0.5
2018-05-30 22:18:56,0.9,1,37.758,15.124,6.37,10,0.17,124,0.9,0.6
2018-05-31 18:17:06,1,1.1,37.734,15.032,8.68,10,0.05,114,0.8,1
2018-05-31 18:17:12,1.2,1.3,37.735,15.048,7.59,14,0.07,113,0.9,0.6
2018-05-31 18:30:05,1.2,1.3,37.743,15.012,7.6,9,0.06,117,1.6,0.7
2018-06-01 02:26:47,1.6,1.4,37.755,14.963,6.08,25,0.21,62,0.5,0.2
2018-06-01 13:30:29,1,1.1,37.734,15.099,7.28,11,0.14,198,0.6,0.8
2018-06-01 13:34:40,1,1.1,37.746,15.09,6.1,14,0.12,92,0.5,0.3
2018-06-01 15:37:47,1.5,1.5,37.889,15.041,28.53,16,0.14,74,0.7,0.7
2018-06-01 18:03:56,1.2,1.2,37.679,14.967,9.17,8,0.14,138,0.8,1.1
2018-06-01 19:25:54,1.1,1.2,37.569,15.157,1.6,11,0.23,167,2.1,1.2
2018-06-02 03:22:54,1,1.2,37.735,15.028,2.68,18,0.17,101,0.6,0.2
2018-06-02 03:23:32,1.1,1.1,37.735,15.03,3.38,22,0.2,64,0.3,0.2
2018-06-02 06:27:25,2.2,2.2,37.71,15.117,5.89,27,0.17,81,0.5,0.2
2018-06-02 07:15:43,0.9,0.8,37.711,15.119,5.65,12,0.17,102,0.6,0.3
2018-06-02 07:19:08,1,1.1,37.707,15.106,8.15,12,0.18,166,0.6,0.6
2018-06-02 07:19:29,1.5,1.5,37.71,15.115,6.34,18,0.21,112,0.5,0.4
2018-06-02 07:40:54,3.1,3.4,37.708,15.113,7.34,46,0.21,77,0.3,0.2
2018-06-02 07:46:36,0.8,0.8,37.709,15.121,6.66,11,0.16,112,0.6,0.4
2018-06-02 07:47:36,1.9,1.8,37.715,15.127,5.49,17,0.15,89,0.5,0.3
2018-06-02 18:14:08,0.9,1,37.706,15.107,3.94,15,0.27,132,0.3,0.4
2018-06-02 18:14:38,1.1,1.4,37.691,15.122,7.91,19,0.22,124,0.4,0.4
2018-06-02 18:16:36,1.5,1.6,37.7,15.121,6.4,20,0.2,85,0.5,0.3
2018-06-02 18:30:48,1.2,1.2,37.693,15.101,7.26,9,0.11,163,0.7,0.5
2018-06-02 19:55:37,1,0.8,37.718,15.111,4.08,13,0.18,103,0.3,0.4
2018-06-02 23:53:13,1,0.8,37.71,15.109,6.39,14,0.18,82,0.6,0.4
2018-06-02 23:54:14,0.9,0.7,37.718,15.107,6.92,11,0.14,106,0.6,0.4
2018-06-02 23:55:29,0.9,0.8,37.714,15.093,7.49,10,0.12,121,0.8,0.6
2018-06-03 00:33:34,1.3,1.3,37.737,14.911,4.71,19,0.22,66,0.4,0.3
2018-06-03 01:43:59,0.9,0.8,37.748,15.026,4.69,12,0.14,102,0.9,0.4
2018-06-03 01:44:22,1,1,37.749,15.026,4.89,11,0.11,141,1.2,0.4
2018-06-03 01:44:36,1.4,1.5,37.75,15.032,3.43,23,0.19,57,0.3,0.3
2018-06-03 01:45:24,1,1.3,37.745,15.049,9.69,7,0.07,158,2.2,1.4
2018-06-03 01:46:09,1,1,37.745,15.017,2.06,12,0.16,154,0.4,0.3
2018-06-03 01:47:49,1,1,37.748,15.024,4.18,17,0.18,141,0.4,0.3
2018-06-03 01:57:02,1,1,37.745,15.021,5.14,19,0.18,144,0.7,0.4
2018-06-03 02:46:27,1.1,1.1,37.737,14.917,4.47,27,0.21,64,0.4,0.2
2018-06-03 03:24:36,1.4,1.3,37.727,14.924,4.75,14,0.15,91,0.4,0.3
2018-06-03 11:01:49,1.1,1.1,37.752,15.047,5.04,16,0.14,80,0.7,0.4
2018-06-03 11:02:29,1.3,1.6,37.756,15.029,3.88,24,0.18,53,0.3,0.2
2018-06-03 11:02:41,1.2,1.5,37.754,15.029,6.75,18,0.11,71,0.8,0.5
2018-06-03 11:02:59,1.3,1.5,37.755,15.031,5.25,26,0.13,54,0.5,0.3
2018-06-03 11:03:36,1.8,2.1,37.754,15.036,6.09,24,0.17,80,0.4,0.2
2018-06-03 11:04:09,1.1,1.1,37.762,15.039,2.17,10,0.19,132,0.3,0.4
2018-06-03 11:04:24,1.2,1.5,37.757,15.03,4.07,26,0.19,54,0.3,0.3
2018-06-03 11:04:54,1.8,2.3,37.756,15.036,5.25,39,0.19,39,0.3,0.2
2018-06-03 11:05:15,1.5,2,37.757,15.028,6.74,13,0.13,104,0.7,0.4
2018-06-03 11:05:37,1.4,1.8,37.755,15.026,5.85,18,0.14,104,0.6,0.3
2018-06-03 11:07:22,1,0.9,37.752,15.033,4.5,10,0.11,133,1.2,0.5
2018-06-03 11:07:40,1,1,37.751,15.035,6.24,11,0.12,92,0.8,0.4
2018-06-03 11:08:14,1,1.2,37.754,15.035,5.83,15,0.15,94,0.7,0.3
2018-06-03 11:26:49,1,1.2,37.759,15.026,6.63,12,0.16,150,1,0.7
2018-06-03 11:28:54,1.4,1.7,37.758,15.035,4,28,0.17,54,0.2,0.2
2018-06-03 12:25:10,1.6,1.9,37.784,14.986,16.65,33,0.17,43,0.5,0.4
2018-06-03 13:20:31,1,0.8,37.801,15.063,0.13,7,0.09,108,0.5,0.4
2018-06-03 16:00:17,1.2,1.5,37.741,15.027,5.08,38,0.15,35,0.3,0.2
2018-06-04 09:26:49,1.2,0.6,37.805,15.072,0.33,7,0.08,219,0.6,0.9
2018-06-04 10:43:14,1.2,1.1,37.738,15.035,3.41,21,0.13,94,0.4,0.3
2018-06-04 10:44:37,1,1.1,37.735,15.032,4.46,10,0.07,139,1.2,0.7
2018-06-04 14:50:00,1,0.9,37.752,14.995,0.26,15,0.06,52,0.3,0.3
2018-06-04 19:35:16,1,0.8,37.751,15.021,3.32,11,0.09,111,0.7,0.3
2018-06-04 19:35:26,1.1,0.8,37.755,15.018,3.13,12,0.16,116,0.4,0.3
2018-06-04 19:47:32,1.2,0.8,37.803,15.069,0.46,8,0.05,128,0.9,0.3
2018-06-04 19:51:38,1,0.9,37.751,15.03,3.26,12,0.06,74,0.8,0.4
2018-06-05 04:20:35,1.3,1.2,37.691,15.011,3.62,16,0.21,89,0.4,0.3
2018-06-05 04:25:56,0.9,0.7,37.732,15.09,3.82,11,0.15,172,0.5,0.4
2018-06-05 05:56:10,0.6,0.5,37.812,15.07,0.71,7,0.12,240,0.5,0.5
2018-06-06 11:25:17,1.1,0.9,37.758,15.071,-1.01,10,0.14,159,1.5,0.2
2018-06-06 16:26:29,1,0.6,37.751,15.069,1,10,0.23,115,2.8,0.5
2018-06-06 21:23:45,1,0.9,37.712,15.054,4.55,7,0.02,202,1.4,1.2
2018-06-06 21:31:42,1,0.5,37.799,15.061,0.31,6,0.15,150,0.8,0.6
2018-06-07 01:23:43,1.2,1.1,37.733,15.021,6.3,17,0.24,86,0.5,0.3
2018-06-07 09:57:11,1.5,1.6,37.781,14.929,27.05,12,0.26,111,0.8,1
2018-06-07 12:47:32,0.8,0.8,37.738,15.053,4.93,8,0.03,110,1.1,0.5
2018-06-07 20:59:19,1.8,1.8,37.665,15.175,7.89,19,0.18,125,0.5,0.5
2018-06-07 21:37:06,0.8,0.8,37.723,14.911,5.32,7,0.07,149,0.5,0.9
2018-06-07 22:23:46,1.4,1.5,37.748,15.026,5.16,18,0.16,85,0.6,0.3
2018-06-07 22:33:16,1.1,1.2,37.74,15.04,8.07,10,0.03,127,1,0.8
2018-06-08 00:36:43,0.8,0.5,37.758,15.059,3.16,9,0.16,99,1,0.4
2018-06-08 03:33:07,1.5,1.4,37.734,15.104,14.94,25,0.17,76,0.4,0.5
2018-06-08 03:37:58,1.4,1.3,37.746,15.035,6.81,28,0.1,63,0.4,0.2
2018-06-08 05:47:48,1,1.1,37.814,15.106,7.44,9,0.21,193,1.2,1.6
2018-06-08 10:04:31,1.4,1.1,37.724,14.938,5.41,11,0.29,87,1,0.6
2018-06-08 10:52:15,1.5,1.7,37.678,14.821,8.15,11,0.17,306,1.6,1.5
2018-06-08 16:45:25,0.8,0.5,37.778,15.045,2.18,9,0.2,186,0.8,0.7
2018-06-08 16:50:23,1.5,1.7,37.804,14.853,23.59,13,0.2,189,0.9,1.4
2018-06-08 19:03:09,1.1,1.1,37.672,15.057,7.51,15,0.1,182,0.5,0.6
2018-06-08 19:25:58,0.9,0.8,37.735,15.019,3.1,11,0.1,99,1.1,0.3
2018-06-08 19:30:44,1,0.9,37.745,15.024,1.62,11,0.08,144,1.3,0.4
2018-06-09 00:12:12,1.1,0.9,37.753,15.049,4,19,0.13,63,0.3,0.2
2018-06-10 00:52:24,1.5,1.4,37.764,14.972,18.7,22,0.23,57,0.8,0.6
2018-06-10 01:49:36,1.1,1,37.721,14.945,7.23,16,0.21,68,0.5,0.4
2018-06-10 02:01:24,1,0.8,37.752,15.014,2.54,14,0.17,140,0.7,0.4
2018-06-10 02:51:03,0.8,0.8,37.789,15.066,2.36,7,0.1,156,0.5,0.6
2018-06-10 16:32:05,1.3,1.1,37.752,15.061,6.17,12,0.1,105,0.6,0.6
2018-06-10 20:00:14,0.8,0.6,37.725,15.039,-0.13,10,0.09,120,0.8,0.3
2018-06-11 00:12:56,0.8,0.7,37.766,15.039,4.04,11,0.08,93,0.6,0.4
2018-06-11 01:28:52,3,2.8,37.633,14.968,2.74,43,0.24,220,0.3,0.3
2018-06-11 04:24:40,0.8,0.6,37.738,15.05,5.36,11,0.05,107,1,0.5
2018-06-11 05:24:33,2.1,2,37.594,14.967,1.24,28,0.16,125,0.3,0.3
2018-06-11 07:09:33,0.9,0.8,37.735,15.026,5.92,11,0.09,167,0.9,0.6
2018-06-11 08:04:41,1.2,1,37.723,15.013,5.02,19,0.14,81,0.4,0.3
2018-06-11 16:08:27,1,0.8,37.71,15.014,4.8,13,0.1,82,0.5,0.5
2018-06-11 16:12:52,1.2,0.9,37.717,15.018,4.85,11,0.05,92,0.6,0.6
2018-06-11 17:04:21,1.4,1.2,37.674,15.029,8.67,14,0.12,88,0.7,0.6
2018-06-12 03:47:46,0.8,0.5,37.828,15.088,0.04,10,0.25,199,0.7,0.4
2018-06-12 08:07:13,1.3,1.1,37.73,14.908,7.64,13,0.18,108,0.6,0.5
2018-06-12 08:26:21,1.4,1.2,37.725,14.92,7.48,15,0.12,97,0.5,0.4
2018-06-12 08:44:02,0.8,0.7,37.733,15.038,4.54,7,0.04,164,2.2,1
2018-06-12 08:44:34,1.2,1.1,37.738,14.873,8.11,9,0.11,248,0.7,1.3
2018-06-12 11:46:27,1,0.9,37.717,14.916,7.87,11,0.17,141,0.6,0.6
2018-06-12 14:52:35,1.6,1.5,37.645,15.175,9.34,18,0.16,198,0.4,0.5
2018-06-12 20:46:47,1,1.1,37.858,15.009,10.74,14,0.17,211,1.1,1.5
2018-06-13 00:16:22,1,1,37.73,14.9,7.22,10,0.33,174,1.6,1
2018-06-13 06:01:37,1.6,1.6,37.72,15.012,3.99,25,0.13,84,0.2,0.2
2018-06-13 06:51:13,1.1,1.1,37.708,15.018,4.86,15,0.16,168,0.5,0.5
2018-06-13 08:46:19,0.8,0.5,37.799,15.026,0.84,6,0.03,218,0.7,0.5
2018-06-13 12:21:00,1.3,1.4,37.704,14.997,7.7,11,0.06,132,0.6,0.7
2018-06-13 13:29:58,1,1.1,37.708,14.996,7.98,8,0.04,135,0.9,1.7
2018-06-13 16:51:54,1,1,37.729,15.017,5.44,9,0.15,163,1.6,0.8
2018-06-13 17:19:55,1,0.8,37.721,15.015,3.79,9,0.17,139,1.1,0.9
2018-06-13 17:32:39,1,0.7,37.717,15.012,4.41,10,0.16,172,1.1,1.1
2018-06-13 18:35:02,1.5,1.4,37.724,15.011,3.96,32,0.19,67,0.2,0.2
2018-06-13 18:38:06,1,0.9,37.722,15.011,5.07,13,0.19,92,0.5,0.5
2018-06-13 19:39:27,1,0.7,37.691,15.035,0.83,10,0.17,212,0.6,0.6
2018-06-13 21:26:31,1,1,37.723,15.019,4.1,20,0.2,57,0.3,0.3
2018-06-13 21:58:11,1,0.9,37.74,15.046,5.7,12,0.11,106,1,0.5
2018-06-14 00:32:05,0.9,0.9,37.744,15.039,5.01,13,0.08,89,0.8,0.5
2018-06-14 00:35:11,1.2,1,37.746,15.027,4.21,25,0.12,99,0.2,0.2
2018-06-14 02:06:02,0.7,0.6,37.801,15.042,0.02,9,0.11,94,0.3,0.2
2018-06-14 13:23:17,1,0.9,37.755,14.99,1.96,9,0.06,144,0.8,0.9
2018-06-14 16:39:26,1.5,1.5,37.723,14.988,11.45,10,0.23,162,0.7,0.7
2018-06-14 22:22:02,1,1,37.733,15.007,3.01,12,0.12,71,0.4,0.4
2018-06-15 06:25:32,1.9,1.9,37.737,15.037,4.06,26,0.14,68,0.2,0.2
2018-06-15 13:23:28,1.3,1.4,37.768,14.928,15.7,11,0.22,140,0.8,0.7
2018-06-15 15:15:16,1,0.9,37.734,15.034,4.85,8,0.13,169,1.5,0.9
2018-06-15 15:38:46,1.6,1.6,37.758,14.991,17.44,18,0.14,83,0.8,0.5
2018-06-15 20:38:12,1.7,1.6,37.733,15.033,4.02,27,0.13,40,0.3,0.2
2018-06-15 21:02:53,1,1,37.721,14.995,6.66,8,0.22,164,1.1,1.1
2018-06-16 18:50:37,1,0.7,37.752,15.048,2.49,8,0.08,227,1.5,0.7
2018-06-17 05:06:20,0.9,0.9,37.76,15.056,2.88,9,0.06,101,1,0.5
2018-06-17 16:20:30,1.3,1.2,37.689,15.024,3.88,8,0.08,207,1.6,1.6
2018-06-17 21:44:23,1.6,1.7,37.687,14.973,15.84,14,0.14,114,0.9,0.8
2018-06-18 02:35:26,1.3,1.4,37.718,14.929,12.74,15,0.14,86,1,0.6
2018-06-18 07:07:09,0.9,0.7,37.759,15.074,4.26,7,0.07,163,0.4,0.6
2018-06-19 00:20:05,1,0.9,37.668,15.109,0.02,7,0.17,105,1.3,0.4
2018-06-19 01:44:14,2.1,1.8,37.632,14.939,0.89,16,0.14,100,0.3,0.3
2018-06-19 22:30:42,1.2,1,37.748,15.002,0.3,15,0.09,72,0.2,0.2
2018-06-20 09:00:41,1.7,1.7,37.816,14.82,10.11,11,0.17,242,0.4,0.9
2018-06-20 09:46:36,1,1,37.712,15.029,4.04,8,0.07,136,0.9,0.8
2018-06-20 09:47:48,1.1,1,37.696,15.031,3.28,7,0.06,200,2.2,1.1
2018-06-20 09:53:01,0.9,0.7,37.713,15.028,3.63,8,0.1,141,0.8,0.7
2018-06-20 13:21:22,2.1,2,37.759,15.079,11.85,25,0.27,47,0.4,0.3
2018-06-20 13:23:04,1.5,1.6,37.733,15.083,17.47,10,0.1,102,2,1
2018-06-20 17:34:42,1.3,1.3,37.71,15.02,3.59,12,0.13,96,0.4,0.5
2018-06-21 01:48:34,1.3,1.3,37.781,15.102,11.91,21,0.13,70,0.6,0.4
2018-06-21 03:39:40,1.4,1.3,37.858,15.174,13.7,13,0.08,131,0.6,0.5
2018-06-21 19:50:45,1.3,1.3,37.669,14.948,11.89,7,0.05,173,1.3,2.2
2018-06-21 23:44:29,1.5,1.5,37.742,15.11,4.53,19,0.13,79,0.3,0.2
2018-06-22 01:49:25,1.7,1.6,37.73,15.077,8.23,15,0.24,123,0.5,0.5
2018-06-22 02:10:14,0.8,0.8,37.728,15.086,5.8,11,0.26,197,0.5,0.5
2018-06-22 05:26:20,1.2,1.1,37.733,15.12,6.72,13,0.17,113,0.5,0.5
2018-06-22 06:07:34,1.1,1.1,37.737,15.106,6.66,10,0.16,112,0.7,0.6
2018-06-22 07:28:29,1,1,37.747,15.057,5.49,8,0.07,198,1.3,1.1
2018-06-22 07:32:02,1.3,1.2,37.746,15.053,3.84,11,0.13,112,0.6,0.5
2018-06-22 08:38:53,1.8,1.7,37.715,14.927,11.43,13,0.17,170,1.1,0.5
2018-06-23 09:45:33,1.2,1.1,37.738,15.043,3.61,10,0.05,102,1.2,0.4
2018-06-23 13:58:37,1,0.8,37.76,15.049,5.07,10,0.17,98,0.9,0.5
2018-06-23 21:54:03,1,0.9,37.756,15.014,0.62,9,0.15,92,1,0.3
2018-06-24 00:55:56,1.3,1.2,37.68,15.04,4.92,11,0.17,113,1.2,0.8
2018-06-24 13:09:49,0.9,0.8,37.748,15.007,-1.56,11,0.18,125,0.9,0.3
2018-06-24 23:23:00,1.7,1.8,37.648,14.906,5.37,10,0.21,189,1,0.8
2018-06-24 23:24:13,1.8,1.9,37.585,14.935,14.85,12,0.16,250,0.8,1.1
2018-06-24 23:29:10,1.1,1.1,37.744,15.026,8.15,9,0.1,100,0.9,0.7
2018-06-24 23:36:49,0.8,0.7,37.676,15.029,2.31,9,0.13,95,0.3,0.4
2018-06-25 00:07:48,1.7,1.6,37.577,14.963,3.93,19,0.29,240,1.3,0.7
2018-06-25 00:14:41,2,1.9,37.644,14.92,7.56,19,0.25,132,0.6,0.5
2018-06-25 07:44:21,1,1.1,37.733,15.038,3.87,11,0.34,152,0.8,0.7
2018-06-25 07:45:00,1.1,1.1,37.714,15.001,5.24,12,0.09,109,0.6,0.8
2018-06-25 08:09:11,2.2,2.3,37.617,14.966,4.69,17,0.27,123,0.4,0.4
2018-06-25 10:45:07,1.1,1.2,37.707,15.018,4.68,12,0.21,115,0.5,0.5
2018-06-25 10:57:02,0.8,0.7,37.753,15.029,1.88,9,0.13,122,0.5,0.4
2018-06-25 14:02:15,1.2,1.1,37.736,15.013,6.33,13,0.13,150,0.9,0.5
2018-06-25 17:44:19,1,1,37.749,14.999,1.22,7,0.09,150,0.6,0.4
2018-06-25 21:08:51,1.2,1.1,37.708,15.035,4.68,13,0.1,210,0.9,0.6
2018-06-25 22:35:52,1,0.8,37.761,15.046,2.39,8,0.06,180,0.4,0.8
2018-06-25 23:31:26,2,2,37.677,15.028,4.3,31,0.21,73,0.2,0.3
2018-06-25 23:35:19,1.2,1.2,37.676,15.027,3.7,12,0.18,94,0.2,0.4
2018-06-26 00:07:38,1.5,1.4,37.722,15.007,5.37,13,0.12,143,0.4,0.5
2018-06-26 08:06:07,1,1.1,37.74,15.044,3.77,10,0.11,99,1.5,0.6
2018-06-26 09:01:45,1.6,1.5,37.74,15.03,5.28,15,0.18,129,0.5,0.4
2018-06-26 09:12:05,1.4,1.3,37.749,15.035,4.08,12,0.16,101,0.4,0.4
2018-06-26 09:17:19,1.4,1.3,37.746,15.04,5.71,11,0.1,121,0.8,0.4
2018-06-26 09:22:14,1,0.8,37.756,15.059,4.73,10,0.14,178,0.7,0.6
2018-06-26 09:30:13,1,0.9,37.754,15.055,2.2,10,0.16,99,0.6,1
2018-06-26 11:22:48,1,1,37.758,15.023,1.96,9,0.22,109,1,0.4
2018-06-26 11:23:03,1.1,1.1,37.74,15.043,6.47,12,0.08,132,0.9,0.5
2018-06-26 11:23:18,1.3,1.3,37.751,15.033,4.15,14,0.17,106,0.8,0.3
2018-06-26 13:27:41,0.9,0.8,37.801,15.06,0.56,8,0.09,166,0.6,0.5
2018-06-26 19:29:59,1,0.8,37.739,15.022,0.32,9,0.2,105,1.4,0.9
2018-06-27 09:56:17,1.5,1.6,37.765,14.961,22.15,19,0.14,73,1,1
2018-06-27 20:42:38,1.2,1.1,37.719,14.956,6.06,12,0.19,91,0.9,0.7
2018-06-27 21:35:32,1.6,1.5,37.675,15.075,2.57,24,0.15,132,0.6,0.2
2018-06-27 23:38:56,1.2,1.1,37.704,15.065,10.09,9,0.13,130,0.8,1.5
2018-06-28 01:34:50,1.2,1,37.71,15.067,7.89,8,0.2,231,0.9,0.9
2018-06-28 02:00:13,1,0.9,37.715,15.067,4.82,7,0.17,240,1,1.1
2018-06-28 02:54:10,1.1,1.1,37.664,15.083,2.46,15,0.18,152,0.9,0.5
2018-06-28 05:07:59,0.7,0.6,37.737,15.124,4.11,8,0.15,240,0.5,0.6
2018-06-28 05:14:06,1.3,1.2,37.739,14.973,7.17,10,0.22,105,0.8,0.5
2018-06-29 03:15:51,1,0.9,37.755,15.026,2.1,12,0.09,123,0.3,0.3
2018-06-29 05:03:23,1,0.9,37.746,15.024,-0.21,12,0.1,104,0.5,0.2
2018-06-29 05:51:18,1,1,37.745,15.045,2.86,8,0.06,113,2.1,0.6
2018-06-29 07:19:23,1.4,1.3,37.711,15.007,4.73,16,0.09,153,0.4,0.6
2018-06-29 18:57:30,1.4,1.3,37.753,15.002,0.7,23,0.11,58,0.3,0.3
2018-06-29 21:58:09,0.9,0.8,37.74,15.026,3.27,9,0.04,139,1.8,0.5
2018-06-29 23:00:45,1.6,1.6,37.739,15.1,3.83,29,0.18,74,0.3,0.2
2018-06-30 00:48:25,0.8,0.8,37.765,15.036,4.38,8,0.09,137,0.8,0.6
2018-06-30 03:15:53,1,1,37.713,15.004,5.41,8,0.04,91,1.2,0.7
2018-06-30 03:50:10,1.3,1.3,37.728,15.009,3.46,24,0.13,47,0.3,0.2
2018-06-30 06:07:46,1,1.1,37.741,15.044,4.79,11,0.06,126,1.4,0.6
2018-06-30 20:21:09,1,1,37.737,14.997,3.84,11,0.15,92,0.3,0.3
2018-06-30 23:23:14,1,1,37.754,15.003,1.14,8,0.06,133,0.4,0.5
2018-07-01 00:56:59,1.2,1.3,37.78,15.016,14.12,20,0.12,58,0.8,0.6
2018-07-01 02:04:46,0.8,0.8,37.75,14.988,1.05,10,0.04,162,0.7,0.7
2018-07-01 02:17:13,1,1,37.745,15.014,6.08,8,0.08,198,0.7,0.6
2018-07-01 03:13:28,1.3,1.3,37.605,15.127,19.12,15,0.22,142,0.9,0.7
2018-07-01 03:38:09,0.7,0.6,37.759,15.039,2,9,0.09,289,0.5,0.7
2018-07-01 10:29:00,1.4,1.4,37.744,14.858,4.77,16,0.05,103,2.5,1.3
2018-07-01 12:00:34,1.3,1.3,37.742,14.87,2.24,18,0.08,97,0.6,0.5
2018-07-01 16:15:35,1.2,1.1,37.814,14.896,7.97,14,0.11,121,0.6,0.6
2018-07-01 16:30:36,1,1.1,37.744,15.037,5.85,13,0.07,87,0.9,0.5
2018-07-01 17:42:14,1,1,37.819,14.899,8.97,8,0.06,129,0.7,0.6
2018-07-02 05:07:15,1.2,1.1,37.733,15.021,8.82,11,0.13,154,1.1,0.9
2018-07-02 06:37:27,1.1,1,37.735,15.036,4.15,9,0.02,141,0.6,0.4
2018-07-02 06:47:43,1.6,1.6,37.737,15.02,9.54,15,0.11,123,0.5,0.7
2018-07-02 06:49:09,1.6,1.6,37.737,15.039,5.91,25,0.12,70,0.6,0.4
2018-07-02 07:39:38,1,1,37.745,15.03,4.47,12,0.13,119,0.9,0.6
2018-07-02 19:42:56,1,0.9,37.768,15.036,0.03,11,0.19,181,0.4,0.5
2018-07-02 20:38:27,1.3,1.3,37.717,14.994,10.52,14,0.15,130,1,0.6
2018-07-03 11:32:26,0.9,1.1,37.743,15.08,7.49,7,0.08,197,1.4,2.1
2018-07-03 11:36:15,1.6,1.6,37.741,15.055,3.33,27,0.2,76,0.3,0.2
2018-07-03 11:37:31,0.9,1.1,37.751,15.133,9.5,6,0.16,291,1.3,3.5
2018-07-03 11:39:21,0.9,0.9,37.752,15.074,5.12,9,0.1,165,1,1
2018-07-03 11:39:34,0.9,1,37.742,15.066,6.33,7,0.06,224,1.3,1.4
2018-07-03 11:40:59,0.9,1,37.739,15.095,8.97,8,0.13,232,1.3,2.4
2018-07-03 17:52:01,1.8,1.9,37.86,14.996,26.87,15,0.13,80,0.5,0.6
2018-07-03 18:02:29,1.3,1.3,37.845,14.986,25.22,9,0.06,129,1,0.7
2018-07-04 17:02:17,1.5,1.4,37.742,15.03,2.93,26,0.14,60,0.4,0.2
2018-07-04 18:17:38,0.9,0.8,37.762,15.036,1.78,12,0.09,96,0.8,0.4
2018-07-05 06:13:12,1,0.9,37.73,15.048,4.77,9,0.04,123,2.2,1.1
2018-07-05 06:53:39,0.9,0.9,37.75,15.028,2.5,8,0.05,139,1.9,0.7
2018-07-05 06:54:01,1,1,37.749,15.026,3.68,9,0.08,141,1.4,0.5
2018-07-05 08:36:26,0.9,0.8,37.757,15.11,2.99,11,0.09,122,0.8,0.5
2018-07-05 19:15:12,1.6,1.6,37.728,14.997,5,23,0.18,58,0.3,0.3
2018-07-05 19:15:46,1,1.1,37.713,15.021,5.08,12,0.13,162,0.5,0.8
2018-07-05 21:02:48,0.9,1,37.732,15.006,3.99,7,0.02,120,0.5,0.5
2018-07-06 01:04:50,1.3,1.3,37.83,14.897,10.41,15,0.16,88,0.6,0.5
2018-07-06 01:54:06,1.2,1.1,37.83,14.9,10.12,9,0.18,87,0.7,0.7
2018-07-06 06:54:17,1.4,1.4,37.716,15.007,6.12,15,0.11,74,0.6,0.5
2018-07-06 09:47:32,1.5,1.4,37.748,15.013,3.34,13,0.12,93,0.7,0.5
2018-07-06 10:16:42,1.9,1.8,37.753,15.002,1.41,20,0.21,43,0.3,0.2
2018-07-06 18:04:01,1.2,1.1,37.744,15.014,2.58,12,0.07,115,0.7,0.4
2018-07-06 21:36:22,0.9,0.9,37.715,15.099,6.86,7,0.17,125,1.3,1
2018-07-07 02:18:16,1.2,1.1,37.721,15.004,2.82,22,0.24,41,0.2,0.2
2018-07-08 12:08:13,1.1,1,37.702,15.084,5.23,7,0.07,148,1.1,0.7
2018-07-08 12:20:54,1.4,1.5,37.71,15.111,4.71,18,0.13,85,0.4,0.3
2018-07-08 16:49:53,1,1.2,37.734,15.04,4.99,6,0.02,107,1.9,0.8
2018-07-08 18:03:42,1,1.1,37.827,14.898,11.06,6,0.15,179,1.2,2.4
2018-07-08 18:18:34,1.7,1.9,37.821,14.899,10.59,20,0.14,73,0.4,0.3
2018-07-08 20:28:18,1.4,1.3,37.747,15.013,1.85,17,0.1,116,0.4,0.3
2018-07-09 01:05:02,1.2,1.2,37.722,15.058,8.5,10,0.08,158,1.7,1
2018-07-09 08:38:33,1.3,1.1,37.756,15.054,2.2,12,0.12,96,0.5,0.3
2018-07-09 11:22:42,1.7,1.7,37.745,15.055,3.78,22,0.15,71,0.3,0.3
2018-07-09 11:53:33,1.1,1.3,37.748,14.858,5.56,11,0.13,101,1.2,0.6
2018-07-09 18:29:35,0.9,0.5,37.812,15.063,-0.7,8,0.15,230,0.5,0.6
2018-07-09 19:01:06,1.1,1.1,37.736,15.036,5.85,12,0.07,112,1,0.5
2018-07-09 19:21:46,1,1,37.751,15.026,5.76,13,0.17,104,0.8,0.4
2018-07-09 20:41:23,1,1,37.754,15.052,4.71,6,0.05,216,1.6,1
2018-07-09 23:42:57,2,1.9,37.797,14.926,20.91,21,0.12,69,0.7,0.4
2018-07-10 02:51:49,1.6,1.5,37.743,15.143,8.32,20,0.18,104,0.6,0.3
2018-07-10 09:08:54,1.3,1.2,37.734,15.04,4.12,19,0.14,107,0.4,0.3
2018-07-10 12:29:52,1.3,1.3,37.75,14.994,1.61,17,0.14,88,0.4,0.3
2018-07-10 16:22:56,1.1,1.1,37.716,15.018,3.65,13,0.11,92,0.6,0.4
2018-07-11 00:30:29,1,0.9,37.751,14.998,0.58,15,0.09,67,0.5,0.4
2018-07-11 15:22:33,0.9,1,37.752,15.036,7.52,8,0.02,167,1.2,1.1
2018-07-11 15:44:14,0.9,0.9,37.743,15.038,5.47,9,0.05,133,1.3,0.6
2018-07-11 18:43:59,1.2,1.1,37.747,15.04,2.82,17,0.18,85,0.6,0.3
2018-07-11 21:13:01,1,0.8,37.743,15.04,3.39,5,0.01,161,2.6,0.8
2018-07-11 23:04:21,1.8,1.7,37.708,14.887,4.2,23,0.15,121,0.2,0.3
2018-07-12 00:24:41,0.8,0.8,37.726,15.03,2.41,7,0.08,129,1.5,0.6
2018-07-12 09:43:43,1.1,1,37.744,15.021,3.79,16,0.1,107,0.5,0.3
2018-07-12 15:09:53,1.6,1.5,37.756,15.005,0.86,25,0.16,65,0.2,0.2
2018-07-12 17:21:21,1,1,37.758,14.991,0.31,11,0.16,101,0.5,0.4
2018-07-12 21:26:09,1.1,1.1,37.745,15.021,3.91,15,0.12,107,0.5,0.5
2018-07-13 05:30:31,1,0.9,37.711,15.012,4.9,9,0.1,79,0.6,0.6
2018-07-13 05:36:06,0.9,0.8,37.715,15.02,4.58,10,0.08,96,0.6,0.6
2018-07-13 13:05:58,1,0.8,37.746,15.041,3.3,12,0.13,133,0.5,0.3
2018-07-13 13:46:31,1,0.9,37.746,14.999,0.71,9,0.07,103,0.6,0.3
2018-07-13 16:39:05,0.8,0.8,37.761,15.051,5.74,9,0.06,140,1.2,0.7
2018-07-13 17:48:13,1.1,1,37.788,15.1,7.81,9,0.12,245,0.7,1.5
2018-07-13 19:04:43,1.2,1.1,37.739,15.049,6.73,21,0.13,105,0.5,0.3
2018-07-13 20:28:42,1,1,37.738,14.957,7.32,10,0.22,179,0.7,0.5
2018-07-13 21:33:04,1.7,1.5,37.687,14.888,0.62,9,0.17,130,0.8,0.4
2018-07-13 21:55:32,1.3,1.2,37.738,15.057,6.01,17,0.1,133,0.6,0.4
2018-07-13 22:25:22,1,0.9,37.751,15.029,5.2,13,0.07,181,0.6,0.4
2018-07-13 23:02:25,0.9,0.7,37.736,15.032,3.78,13,0.07,95,0.4,0.3
2018-07-14 08:18:53,1.5,1.4,37.745,15.168,11.97,14,0.2,154,0.8,0.9
2018-07-14 08:47:20,1.2,1,37.719,15.016,4.96,12,0.09,87,0.5,0.5
2018-07-14 11:51:19,1,0.8,37.741,15.05,0.84,11,0.16,149,1.8,1.2
2018-07-14 19:44:20,1.7,1.7,37.71,14.988,3.73,28,0.15,58,0.2,0.2
2018-07-14 19:45:34,1.3,1.3,37.69,15.006,5.52,23,0.12,87,0.4,0.4
2018-07-14 21:20:28,1.1,1,37.716,15.008,4.52,11,0.2,94,0.5,0.5
2018-07-14 21:28:06,1.7,1.6,37.701,15.003,4.37,24,0.14,73,0.2,0.3
2018-07-14 21:29:15,1,1,37.694,14.999,5.54,10,0.15,189,0.9,0.9
2018-07-14 22:08:28,1,1,37.71,15.018,4.92,12,0.18,108,0.4,0.4
2018-07-15 14:33:51,1.1,1.2,37.737,15.071,7.14,10,0.05,172,0.7,0.8
2018-07-15 14:49:10,1,0.8,37.699,14.972,0.53,10,0.09,121,0.6,0.5
2018-07-15 22:41:33,1.1,1,37.754,15.029,4.05,15,0.17,92,0.3,0.3
2018-07-16 03:14:46,1.1,1.1,37.726,15.029,1.77,13,0.19,228,0.6,0.5
2018-07-16 15:12:57,1.2,1.1,37.718,15.015,4.54,18,0.12,85,0.3,0.3
2018-07-16 16:40:42,1.6,1.4,37.714,15.001,7.31,23,0.11,80,0.4,0.3
2018-07-16 16:41:27,1.2,1.2,37.724,15.004,5.85,18,0.13,69,0.7,0.4
2018-07-16 17:31:39,0.9,0.8,37.76,15.025,2.91,14,0.1,94,0.7,0.3
2018-07-16 21:55:53,1.2,1.1,37.712,15.009,5.44,15,0.06,79,0.5,0.4
2018-07-16 23:34:37,1,0.8,37.734,15.05,3.27,8,0.07,118,0.9,0.7
2018-07-17 01:54:09,2,1.8,37.667,15.069,1.06,19,0.22,139,0.5,0.4
2018-07-17 07:09:01,2.3,2.2,37.754,15.002,0.63,29,0.18,41,0.2,0.1
2018-07-17 11:49:18,1.4,1.2,37.748,15.005,0.91,19,0.16,99,0.6,0.3
2018-07-17 14:30:20,1.1,1.1,37.707,15.017,4.17,11,0.11,87,0.6,0.5
2018-07-17 14:30:32,1,1,37.709,15.022,5.07,8,0.1,102,0.6,0.6
2018-07-17 14:30:40,0.9,0.9,37.715,15.012,3.89,7,0.15,121,0.7,0.6
2018-07-17 15:08:27,1.4,1.4,37.712,15.017,5.21,19,0.1,70,0.3,0.3
2018-07-17 15:13:00,0.7,0.7,37.799,15.035,1.43,6,0.05,150,0.6,0.4
2018-07-17 16:30:28,1.2,1.2,37.715,15.017,5.22,10,0.1,90,0.5,0.6
2018-07-17 17:34:14,1.2,1.2,37.75,14.992,2.03,10,0.04,148,0.7,0.5
2018-07-17 19:35:36,1,1,37.72,15.017,4.28,8,0.11,158,0.4,0.8
2018-07-18 05:44:59,1.5,1.5,37.71,14.956,14.57,16,0.21,76,0.7,0.6
2018-07-18 06:10:10,1.1,1.2,37.728,14.811,5.34,10,0.11,217,1,0.8
2018-07-18 11:37:16,1.3,1.3,37.711,14.976,7.62,14,0.14,71,0.9,0.8
2018-07-18 11:38:55,1.3,1.3,37.715,14.979,7.79,11,0.16,113,1.4,0.8
2018-07-18 11:41:24,1.5,1.5,37.718,14.977,5.84,18,0.26,100,0.6,0.3
2018-07-18 11:42:19,1.3,1.3,37.733,15.034,5.12,17,0.17,100,0.6,0.3
2018-07-18 11:46:59,1,0.7,37.731,14.982,-0.42,8,0.21,115,1.1,0.3
2018-07-18 13:24:36,1.7,1.7,37.749,14.997,0.7,19,0.15,66,0.5,0.2
2018-07-18 20:56:26,2,2,37.7,14.981,8.55,25,0.17,53,0.4,0.3
2018-07-18 20:56:36,2,2,37.716,14.987,5.92,13,0.16,73,0.8,0.5
2018-07-18 20:57:09,1.5,1.5,37.715,14.995,9.24,15,0.23,85,0.7,0.5
2018-07-18 21:06:10,1.4,1.3,37.739,15.005,10.42,12,0.23,121,0.6,0.5
2018-07-18 21:06:26,1.2,1.2,37.708,14.983,6.8,16,0.18,84,0.8,0.4
2018-07-18 21:07:17,1.2,1.3,37.717,14.971,6.28,19,0.24,55,0.6,0.4
2018-07-18 21:09:20,1.2,1.2,37.713,14.982,7.81,16,0.17,75,1,0.7
2018-07-18 21:10:11,2.1,2.5,37.724,14.977,6.64,29,0.19,44,0.3,0.2
2018-07-18 21:11:13,1.2,1.3,37.715,14.977,7.49,16,0.21,67,0.5,0.4
2018-07-18 21:11:45,1.5,1.5,37.705,14.982,8.44,13,0.15,90,0.5,0.5
2018-07-18 21:11:52,1.6,1.7,37.711,14.981,8.01,14,0.12,79,0.6,0.5
2018-07-18 21:12:48,1.1,1.2,37.702,14.981,8.71,11,0.15,96,0.7,0.6
2018-07-18 21:12:54,1.3,1.4,37.715,14.984,8.17,14,0.13,80,0.6,0.4
2018-07-18 21:13:36,1.2,1.3,37.705,14.981,8.89,20,0.13,89,0.4,0.4
2018-07-18 21:18:14,1.3,1.5,37.711,14.987,9.27,23,0.12,83,0.4,0.4
2018-07-18 21:20:24,1.5,1.7,37.71,14.976,8.85,16,0.13,71,0.9,0.6
2018-07-18 21:20:36,3.6,3.6,37.73,14.965,5.11,37,0.2,48,0.3,0.2
2018-07-18 21:20:53,3.5,3.5,37.713,14.974,8.83,25,0.16,63,0.8,0.5
2018-07-18 21:22:33,2.5,2.7,37.728,14.971,5.37,30,0.19,46,0.4,0.2
2018-07-18 21:23:07,1.5,1.8,37.714,14.973,7.32,10,0.1,110,1,1
2018-07-18 21:23:26,1.9,2.1,37.714,14.977,7.66,25,0.14,69,0.6,0.5
2018-07-18 21:24:43,1.7,2,37.715,14.971,6.1,30,0.2,46,0.5,0.3
2018-07-18 21:24:57,2.1,2.2,37.711,14.975,6.73,22,0.21,68,0.7,0.6
2018-07-18 21:29:02,1.3,1.4,37.703,14.975,8.82,19,0.15,79,0.6,0.5
2018-07-18 21:30:21,1.2,1.1,37.717,14.972,5.59,19,0.14,57,0.5,0.3
2018-07-18 21:31:12,1.6,1.6,37.719,14.954,4.58,18,0.22,59,0.4,0.3
2018-07-18 21:31:29,2.1,2.1,37.719,14.973,6.37,23,0.26,56,0.4,0.4
2018-07-18 21:33:49,1.3,1.3,37.705,14.96,11.17,8,0.04,138,1.1,1.3
2018-07-18 21:35:28,1.4,1.5,37.678,14.963,10.92,11,0.08,244,0.8,0.9
2018-07-18 21:35:49,1.1,1.1,37.714,14.974,7.07,10,0.14,62,1,0.7
2018-07-18 21:36:30,2.5,2.5,37.704,14.96,8.22,27,0.15,83,0.4,0.3
2018-07-18 21:40:40,1.5,1.5,37.714,14.986,8.39,20,0.13,76,0.7,0.4
2018-07-18 21:48:38,1.3,1.3,37.71,14.971,7.61,10,0.16,121,0.8,0.6
2018-07-18 21:50:22,1.2,1.2,37.707,14.965,7.73,11,0.16,72,0.9,0.8
2018-07-18 21:51:50,1.3,1.2,37.728,14.984,5.49,14,0.16,56,1.4,0.5
2018-07-18 21:53:36,1.3,1.3,37.705,14.973,8.4,13,0.14,104,0.5,0.5
2018-07-18 21:54:33,1.2,1.2,37.713,14.979,7.86,9,0.1,96,1.1,0.7
2018-07-18 21:57:44,1.3,1.3,37.724,14.988,7.34,17,0.13,62,0.6,0.4
2018-07-18 21:59:43,1.3,1.4,37.71,14.985,8.7,21,0.12,84,0.4,0.4
2018-07-18 22:00:54,1.5,1.7,37.726,14.97,5.41,27,0.21,66,0.5,0.3
2018-07-18 22:04:38,1.1,1.1,37.727,14.975,7.1,12,0.17,96,0.6,0.5
2018-07-18 22:05:22,1.2,1.2,37.719,14.975,7.27,14,0.14,91,0.6,0.4
2018-07-18 22:05:29,1.2,1.2,37.719,14.974,7.26,11,0.15,77,0.9,0.7
2018-07-18 22:05:37,1.3,1.3,37.716,14.983,8.2,13,0.13,78,0.5,0.5
2018-07-18 22:20:17,1.3,1.3,37.719,14.984,8.12,20,0.12,68,0.5,0.4
2018-07-18 22:22:31,2.1,2.1,37.709,14.981,8.47,26,0.15,82,0.4,0.3
2018-07-18 22:24:32,1,1,37.724,14.983,5.28,10,0.13,85,1,0.8
2018-07-18 22:24:43,1.9,1.9,37.72,14.976,6.47,25,0.2,59,0.5,0.4
2018-07-18 22:25:31,1.1,1.1,37.713,14.98,8.51,14,0.15,89,0.5,0.5
2018-07-18 22:29:13,1.2,1.2,37.711,14.982,7.31,15,0.14,79,1,0.7
2018-07-18 22:52:19,1.6,1.4,37.732,14.973,4.58,22,0.2,56,0.4,0.3
2018-07-18 22:58:26,1.3,1.3,37.723,14.976,5.86,17,0.15,48,0.7,0.4
2018-07-18 22:58:46,1.6,1.6,37.725,14.967,3.35,23,0.24,49,0.4,0.3
2018-07-18 22:59:38,1.3,1.5,37.719,14.971,6.09,20,0.18,53,0.6,0.4
2018-07-18 23:01:37,1.2,1,37.728,14.979,5.6,14,0.26,73,0.8,0.6
2018-07-18 23:44:50,1.6,1.6,37.714,14.975,7.34,18,0.13,64,0.7,0.4
2018-07-18 23:55:36,1.2,1.2,37.719,14.97,4.73,15,0.18,54,0.8,0.6
2018-07-18 23:56:58,1.5,1.5,37.727,14.977,5.04,25,0.2,43,0.5,0.3
2018-07-19 00:02:38,1.5,1.5,37.724,14.974,6.1,19,0.16,53,0.7,0.4
2018-07-19 00:22:15,1.2,1.2,37.698,14.972,9.35,17,0.23,71,1.1,0.6
2018-07-19 00:23:15,1.4,1.4,37.707,14.964,7.57,13,0.11,127,0.7,0.6
2018-07-19 00:23:47,2.9,2.8,37.721,14.966,5.66,31,0.17,51,0.3,0.2
2018-07-19 00:25:29,1.2,1.1,37.725,14.975,5.12,14,0.18,70,0.9,0.7
2018-07-19 00:27:01,1.1,1.1,37.707,14.964,7.49,14,0.14,73,0.7,0.7
2018-07-19 00:27:24,1.1,1.2,37.715,14.973,6.37,16,0.21,64,0.7,0.5
2018-07-19 00:31:03,1.4,1.3,37.714,14.966,6.42,22,0.17,49,0.5,0.3
2018-07-19 00:38:37,1.7,1.7,37.721,14.965,4.98,23,0.16,52,0.5,0.3
2018-07-19 00:42:32,0.9,0.8,37.722,14.968,2.76,10,0.16,90,0.8,0.4
2018-07-19 01:11:48,1.3,1,37.724,14.969,2.71,16,0.24,51,0.6,0.3
2018-07-19 01:49:41,2.6,2.7,37.724,14.965,6.13,41,0.19,50,0.3,0.2
2018-07-19 01:50:58,1.4,1.4,37.722,14.973,6.11,19,0.2,56,0.6,0.4
2018-07-19 01:51:44,1.1,1.1,37.724,14.977,5.09,14,0.22,96,1,0.5
2018-07-19 01:58:38,1,1,37.716,14.977,4.33,14,0.18,65,0.5,0.5
2018-07-19 02:14:18,1.1,1.1,37.714,14.974,4.6,16,0.21,62,0.7,0.5
2018-07-19 02:15:01,1.3,1.1,37.703,14.97,-0.49,13,0.2,79,0.5,0.3
2018-07-19 03:15:32,1.2,1.1,37.72,14.98,4.23,13,0.17,64,0.5,0.5
2018-07-19 03:55:50,1.1,1.2,37.712,14.956,7.29,8,0.1,112,0.9,0.8
2018-07-19 04:31:37,2.2,1.9,37.731,15.002,3.2,35,0.2,41,0.2,0.2
2018-07-19 06:02:31,1,1.1,37.722,14.982,3.8,12,0.19,69,0.9,0.5
2018-07-19 08:12:03,1,1,37.727,14.963,3.56,8,0.09,103,1.1,0.6
2018-07-19 09:07:45,1.3,1.2,37.72,14.986,5.45,13,0.16,67,1,0.5
2018-07-19 09:20:27,1.1,1.3,37.709,14.964,7.68,8,0.2,125,0.9,0.9
2018-07-19 09:23:10,1.4,1.4,37.727,14.974,6.67,12,0.15,71,1.3,0.6
2018-07-19 11:31:52,1,0.9,37.716,14.983,4.01,10,0.26,87,0.8,0.6
2018-07-19 11:34:15,1,1,37.725,14.997,4.55,12,0.12,74,1.2,0.5
2018-07-19 14:29:33,1,0.9,37.727,14.99,0.98,9,0.17,114,1.5,0.4
2018-07-19 15:13:10,1.4,1.4,37.718,14.981,6.92,11,0.12,76,1.1,0.6
2018-07-19 15:40:59,1.8,1.8,37.715,14.983,8.28,15,0.1,88,0.5,0.5
2018-07-19 15:42:00,1.1,1.2,37.713,15.013,5.16,9,0.17,82,1.7,1.4
2018-07-19 15:47:39,1.2,1.2,37.714,14.978,7.35,10,0.11,97,1.1,0.7
2018-07-19 15:49:25,1,0.9,37.72,14.987,4,10,0.21,79,1.2,0.9
2018-07-19 16:14:32,1.1,1.2,37.714,14.967,5.02,12,0.23,113,0.9,0.7
2018-07-19 16:32:22,1.4,1.4,37.714,15.006,6.82,11,0.05,77,0.5,0.5
2018-07-19 17:38:09,1.1,1.1,37.709,15.003,4.77,12,0.23,91,0.4,0.5
2018-07-19 19:35:02,1.8,1.8,37.719,14.978,6.18,17,0.14,86,0.5,0.3
2018-07-19 20:37:11,1,1,37.711,14.962,5.53,11,0.25,119,2,1.2
2018-07-20 00:23:28,1.3,1.3,37.719,15.019,4.89,9,0.04,102,0.4,0.4
2018-07-20 00:23:52,1.9,1.8,37.721,15.014,4.28,23,0.1,44,0.2,0.2
2018-07-20 02:44:14,1.7,1.7,37.841,14.984,9.44,22,0.18,74,0.5,0.4
2018-07-20 03:04:34,1.2,1.2,37.834,14.993,9.52,13,0.1,123,1,1
2018-07-20 03:30:17,1.1,1.1,37.747,15.01,5.42,9,0.14,161,1.3,0.7
2018-07-20 05:16:18,1.2,1.2,37.714,14.981,8.17,10,0.11,91,0.8,0.9
2018-07-20 05:16:57,1.4,1.4,37.717,14.983,8,11,0.08,90,0.8,0.6
2018-07-20 06:52:02,1.2,1.1,37.716,14.979,6.89,9,0.1,94,1.2,0.8
2018-07-20 07:07:14,1.1,1.1,37.71,15.032,3.79,13,0.09,130,0.6,0.6
2018-07-20 10:32:15,1.2,1.2,37.714,14.978,7.45,13,0.2,113,0.7,0.6
2018-07-20 10:47:17,1.2,1.2,37.712,14.974,6.94,9,0.22,111,0.8,0.7
2018-07-20 16:19:40,1,1,37.75,15.007,3.07,15,0.2,91,0.5,0.3
2018-07-20 19:25:54,1.3,1.3,37.743,14.936,7.86,17,0.23,59,0.5,0.4
2018-07-20 19:27:08,1.1,1.1,37.721,14.908,7.66,12,0.24,172,0.6,0.5
2018-07-20 19:38:53,1.3,1.3,37.718,14.941,6.08,17,0.15,71,0.6,0.4
2018-07-21 01:13:15,1.2,1.1,37.722,14.991,3.9,12,0.21,70,0.5,0.3
2018-07-21 01:23:11,1.2,1.2,37.725,14.989,6.97,10,0.13,101,0.8,0.5
2018-07-21 01:25:31,0.6,0.5,37.754,15.104,3.02,7,0.09,116,0.7,0.5
2018-07-21 01:35:21,1,1,37.715,14.977,7.65,9,0.1,113,0.9,0.9
2018-07-21 02:09:28,1.1,1.1,37.724,14.999,6.29,12,0.11,73,0.8,0.5
2018-07-21 02:47:19,1.4,1.4,37.724,14.993,7.2,16,0.16,60,0.4,0.4
2018-07-21 02:49:59,1,1,37.727,14.99,6.2,9,0.13,114,0.9,0.5
2018-07-21 03:21:21,0.8,0.8,37.724,15.014,2.82,8,0.13,107,1.3,0.7
2018-07-21 04:09:15,1.3,1.2,37.718,14.995,9.07,10,0.07,83,0.6,0.5
2018-07-21 08:20:56,1.8,1.8,37.753,15.003,0.62,23,0.22,63,0.2,0.2
2018-07-21 08:25:03,1,1,37.751,14.997,1.27,11,0.2,106,0.3,0.3
2018-07-21 14:41:18,1.2,1.1,37.755,15.004,1.72,11,0.09,187,0.3,0.3
2018-07-21 16:04:59,1.4,1.5,37.712,14.974,8.7,10,0.11,103,0.5,0.6
2018-07-21 20:47:09,1.3,1.2,37.757,15.006,0.87,14,0.18,100,0.5,0.2
2018-07-22 15:26:36,1.1,1.1,37.715,15.012,5.46,8,0.06,151,0.5,0.8
2018-07-22 18:13:35,1,0.9,37.733,15.01,0.67,12,0.22,128,0.5,0.3
2018-07-23 01:21:31,1,1,37.741,14.987,4.76,7,0.19,218,1.3,1
2018-07-23 11:14:08,1.2,1.2,37.729,15.04,5.74,12,0.15,156,0.7,0.5
2018-07-23 20:46:20,1,1,37.738,15.028,1.86,16,0.15,108,0.3,0.2
2018-07-23 23:00:56,1.2,1.2,37.752,15.043,5.02,14,0.16,78,0.6,0.3
2018-07-24 00:25:19,1.1,1.1,37.714,14.976,7.71,8,0.06,103,1.1,0.9
2018-07-24 19:11:29,1.1,1.1,37.751,15.044,6.91,9,0.05,111,0.8,0.5
2018-07-24 20:17:46,0.9,0.8,37.751,14.994,1.31,13,0.11,105,0.5,0.2
2018-07-24 20:24:06,0.9,0.9,37.748,15.046,3.78,8,0.13,125,1.2,0.5
2018-07-24 21:05:34,1,0.9,37.758,15.009,2.07,9,0.08,94,0.6,0.3
2018-07-24 22:15:45,1,1,37.751,15.01,0.7,15,0.17,93,0.5,0.3
2018-07-25 06:55:47,0.9,0.8,37.75,15.036,4.92,9,0.17,109,1,0.6
2018-07-25 07:14:58,0.9,0.9,37.736,15.027,2.84,9,0.13,128,1.6,0.4
2018-07-25 13:08:46,1.6,1.5,37.741,15.102,5.07,17,0.16,92,0.3,0.3
2018-07-25 15:26:36,1.6,1.6,37.706,14.914,13.49,11,0.16,115,0.9,0.7
2018-07-25 16:06:48,2.1,2.1,37.732,14.793,8.1,19,0.23,245,0.5,0.7
2018-07-25 16:20:14,1.2,1.2,37.712,15.015,5.22,18,0.12,85,0.4,0.4
2018-07-26 09:43:19,1,0.9,37.743,15.034,3.64,9,0.11,131,0.8,0.7
2018-07-26 09:48:08,1.2,1.1,37.745,15.036,3.39,15,0.12,86,0.4,0.2
2018-07-26 11:13:17,1.2,1.3,37.737,14.934,7.76,14,0.15,57,0.7,0.4
2018-07-26 15:35:40,1.3,1.3,37.752,15.054,14.77,10,0.15,235,0.9,1
2018-07-26 19:25:46,0.9,0.9,37.741,15.006,2.05,13,0.19,79,0.3,0.3
2018-07-26 19:56:09,1.3,1.3,37.776,14.985,10.11,9,0.16,231,1,0.9
2018-07-27 00:19:40,1.5,1.5,37.75,15.11,16.04,16,0.1,76,0.6,0.7
2018-07-27 06:40:01,1,0.9,37.759,15.022,2.01,7,0.07,203,0.8,0.8
2018-07-27 08:10:24,1,1,37.738,15.044,5.33,8,0.07,258,1.1,1.1
2018-07-27 08:13:16,1,1,37.74,15.047,3.26,9,0.09,219,1.1,0.6
2018-07-27 12:55:02,1,1.1,37.744,15.044,6.86,10,0.05,108,1.4,0.7
2018-07-27 14:37:50,1,0.7,37.764,15.083,3.88,7,0.24,161,1,0.7
2018-07-27 14:39:08,1,1,37.745,15.05,3.88,9,0.09,208,0.6,0.7
2018-07-27 14:42:15,1,0.9,37.741,15.041,3.68,8,0.09,256,0.7,0.9
2018-07-27 15:14:04,1.2,1.1,37.721,15.015,4.55,19,0.14,85,0.4,0.4
2018-07-27 17:43:11,1,0.9,37.736,15.045,5.72,7,0.12,108,1.8,0.7
2018-07-27 21:00:47,1.4,1.4,37.749,15.092,16.37,13,0.2,62,0.5,0.6
2018-07-27 21:08:46,1.4,1.4,37.743,15.057,17.03,15,0.17,81,0.6,0.6
2018-07-27 21:10:07,1.5,1.6,37.795,15.142,22.18,12,0.32,116,0.7,0.8
2018-07-27 21:12:04,1.3,1.4,37.739,15.073,15.83,16,0.16,92,0.8,0.8
2018-07-27 21:17:30,1.4,1.3,37.752,15.131,12.65,14,0.16,91,0.5,0.5
2018-07-27 21:24:53,1.7,1.6,37.749,15.047,16.45,15,0.15,112,0.9,1
2018-07-27 21:26:35,1.5,1.4,37.747,15.064,14.95,14,0.15,147,0.9,1.1
2018-07-27 21:36:01,1.3,1.5,37.715,15.05,16.47,12,0.27,107,0.7,0.8
2018-07-27 21:43:39,1.3,1.4,37.749,15.173,15.98,13,0.27,135,0.7,1
2018-07-27 22:00:09,1.3,1.3,37.746,15.058,15.74,14,0.15,132,1,1.1
2018-07-27 22:00:36,1.6,1.5,37.737,15.077,16.23,16,0.18,89,0.8,0.6
2018-07-27 23:07:22,1.1,1,37.747,15.024,6.41,8,0.08,193,1.3,0.9
2018-07-27 23:14:48,1.6,1.5,37.749,15.108,15.33,12,0.2,73,0.8,1
2018-07-27 23:15:13,1.5,1.4,37.743,15.056,14.65,16,0.13,109,0.8,0.8
2018-07-27 23:26:54,1.4,1.4,37.765,15.107,12.52,17,0.12,82,0.6,0.4
2018-07-27 23:39:38,1.3,1.4,37.745,15.091,15.97,14,0.23,80,0.5,0.6
2018-07-27 23:40:08,1.4,1.4,37.756,15.066,15.06,14,0.15,100,0.5,0.5
2018-07-28 00:09:39,1.4,1.5,37.749,15.033,16.09,13,0.13,192,0.8,0.9
2018-07-28 00:10:23,1.7,1.6,37.736,15.058,16.27,13,0.19,106,0.9,0.9
2018-07-28 00:10:59,1.6,1.6,37.75,15.036,15.86,18,0.16,91,0.8,0.8
2018-07-28 00:39:13,1.7,1.6,37.753,15.081,14.54,20,0.16,70,0.7,0.5
2018-07-28 01:34:00,1.6,1.5,37.754,15.101,14.16,17,0.13,82,0.8,0.8
2018-07-28 01:44:41,1.6,1.5,37.735,15.105,17.93,17,0.21,102,0.5,0.6
2018-07-28 03:21:31,1,0.8,37.748,15.043,1.73,14,0.23,83,0.3,0.2
2018-07-28 03:38:08,1.2,1.1,37.754,15.009,2.11,14,0.16,89,0.2,0.3
2018-07-28 03:49:18,1.3,1.3,37.737,15.038,16,12,0.27,166,0.8,0.9
2018-07-28 05:25:35,1.6,1.6,37.739,15.062,14.71,18,0.2,81,0.6,0.5
2018-07-28 15:20:55,0.9,0.9,37.761,15.039,3.58,10,0.1,95,0.4,0.5
2018-07-28 22:01:17,1.5,1.5,37.729,15.089,16.9,12,0.26,108,0.6,0.8
2018-07-28 22:02:36,1.5,1.5,37.722,15.099,16.6,13,0.18,118,0.6,0.8
2018-07-28 23:19:37,1.4,1.4,37.738,15.07,17.18,14,0.13,95,0.7,1
2018-07-28 23:37:59,1.4,1.4,37.752,15.096,13.07,18,0.21,53,0.5,0.4
2018-07-28 23:43:10,1.8,1.8,37.75,15.114,17.04,21,0.22,70,0.5,0.4
2018-07-28 23:46:09,1.5,1.5,37.748,15.1,16.54,17,0.26,68,0.6,0.5
2018-07-28 23:48:56,1.3,1.3,37.745,15.105,15.39,13,0.11,94,0.8,0.8
2018-07-28 23:49:41,1.6,1.6,37.745,15.103,14.93,16,0.19,87,0.6,0.5
2018-07-28 23:52:49,1.4,1.4,37.76,15.088,14.71,13,0.12,123,0.7,0.5
2018-07-28 23:54:08,1.5,1.5,37.755,15.064,16.96,14,0.16,166,0.7,0.6
2018-07-29 00:33:28,1.3,1.4,37.733,15.078,19.35,9,0.16,149,0.8,1.7
2018-07-29 01:15:51,1.6,1.5,37.743,15.083,16.23,15,0.14,103,0.7,0.6
2018-07-29 01:24:07,1.3,1.3,37.755,15.071,14.3,10,0.11,179,1.1,0.7
2018-07-29 06:42:45,1,0.9,37.745,15.021,3.4,8,0.11,197,1.5,0.9
2018-07-29 11:03:01,1.1,1.2,37.739,15.026,5.64,9,0.09,144,1.2,0.5
2018-07-29 11:20:49,1.2,1.1,37.751,14.993,1.87,21,0.11,60,0.3,0.2
2018-07-30 00:03:59,2.2,2,37.756,15.008,0.45,32,0.25,58,0.2,0.1
2018-07-30 00:08:26,1.1,1,37.758,15.002,0.57,12,0.17,104,0.3,0.3
2018-07-30 00:17:47,1.1,0.9,37.757,15.007,0.11,13,0.26,182,0.2,0.3
2018-07-30 00:32:26,0.8,1,37.751,15.001,2.43,13,0.25,112,0.4,0.4
2018-07-30 03:13:31,1.3,1.1,37.753,15.005,0.7,18,0.14,59,0.3,0.2
2018-07-30 03:17:41,1,0.9,37.756,15.005,1.48,10,0.08,99,0.6,0.3
2018-07-30 03:49:26,0.9,0.8,37.757,15.009,1.29,9,0.09,123,0.6,0.3
2018-07-30 07:16:50,1.1,1,37.772,15.1,4.46,8,0.09,98,0.7,0.5
2018-07-30 11:52:53,0.9,0.9,37.75,14.999,0.73,8,0.08,101,0.5,0.3
2018-07-30 15:46:31,1,1,37.74,15.009,5.48,10,0.11,108,0.6,0.4
2018-07-30 16:35:24,1,1.3,37.757,15.108,12.81,14,0.13,78,0.6,0.5
2018-07-30 17:28:26,0.9,1.3,37.742,15.108,15.33,9,0.19,111,0.8,1.1
2018-07-31 00:15:12,1.1,1,37.757,15.057,5.11,9,0.13,147,0.8,0.6
2018-07-31 01:37:10,1,1.1,37.718,15.022,4.06,16,0.15,64,0.5,0.3
2018-07-31 03:20:07,0.9,1,37.717,15.023,4.15,13,0.09,88,0.3,0.3
2018-07-31 09:49:17,1.5,1.4,37.738,15.052,2.46,23,0.21,77,0.7,0.2
2018-07-31 10:03:39,0.9,0.6,37.747,15.081,2.98,9,0.1,87,0.4,0.4
2018-07-31 11:52:08,1.1,0.8,37.748,15.039,3.48,12,0.14,122,0.4,0.3
2018-07-31 11:54:06,1,1.1,37.747,15.046,5.88,11,0.13,87,0.9,0.6
2018-07-31 19:27:12,1,1.2,37.715,15.08,1.25,8,0.17,238,0.6,0.6
2018-08-01 01:19:35,1.5,1.6,37.74,14.919,6.06,16,0.1,64,0.4,0.3
2018-08-01 02:01:54,0.9,1.3,37.762,15.103,13.95,16,0.11,101,0.6,0.5
2018-08-01 06:34:10,1.1,0.8,37.768,15.032,2.54,9,0.12,130,0.6,0.4
2018-08-01 08:18:35,1.2,1.3,37.741,15.001,3.33,10,0.13,161,0.5,0.5
2018-08-02 04:17:23,1,0.9,37.739,15.005,3.69,8,0.03,174,0.5,0.8
2018-08-02 06:17:11,1.5,1.5,37.711,15.099,15.74,12,0.13,219,0.8,0.8
2018-08-02 06:36:10,1.3,1.4,37.741,15.127,12.76,14,0.16,118,0.6,0.5
2018-08-02 15:21:41,1.3,1.2,37.73,14.984,5.35,15,0.12,73,0.3,0.2
2018-08-02 19:27:59,1.1,1,37.754,15.005,-1.58,19,0.22,96,0.3,0.2
2018-08-02 22:01:37,0.9,1,37.899,15.052,7.62,13,0.15,72,0.8,0.3
2018-08-03 04:03:37,1.1,1.1,37.708,15.027,4.46,11,0.1,204,0.5,0.6
2018-08-03 05:00:13,0.9,0.9,37.741,15.094,4.44,10,0.16,162,0.7,0.4
2018-08-03 15:46:10,1.3,1.2,37.721,15.017,4.17,16,0.13,121,0.5,0.4
2018-08-03 21:55:59,1.5,1.4,37.616,15.105,18.03,18,0.18,123,1.1,0.6
2018-08-04 14:01:05,1.5,1.4,37.757,15.001,1.75,29,0.17,83,0.2,0.2
2018-08-04 14:03:52,2,1.9,37.756,15.005,1.3,30,0.19,92,0.2,0.1
2018-08-04 14:04:53,1.1,1.1,37.757,15.006,1.98,8,0.05,219,0.7,0.8
2018-08-04 21:01:53,1.5,1.3,37.734,14.924,0.02,17,0.17,70,0.4,0.2
2018-08-04 21:24:26,1.5,1.6,37.718,15.089,14.88,22,0.22,158,0.7,0.7
2018-08-04 21:35:05,1.5,1.7,37.636,15.182,13.63,14,0.19,222,1.9,1.1
2018-08-04 21:50:35,1.2,1.3,37.741,15.05,13.09,9,0.2,149,1,1.3
2018-08-04 22:33:02,1.2,0.9,37.746,15.03,4.29,10,0.1,137,0.5,0.6
2018-08-04 23:38:59,1.6,1.5,37.74,15.078,11.99,24,0.27,75,0.7,0.4
2018-08-05 00:49:52,1.6,1.6,37.765,15.095,19.28,9,0.16,155,1.3,1.2
2018-08-05 02:14:51,0.8,0.8,37.752,15.027,1.97,9,0.09,139,0.3,0.3
2018-08-05 02:16:55,1,0.9,37.75,15.024,2.33,7,0.08,142,0.4,0.4
2018-08-05 17:05:54,1.3,1.3,37.693,14.946,8.95,11,0.19,195,0.7,0.7
2018-08-05 20:54:21,1.1,1.1,37.712,15.01,4.16,8,0.06,168,0.4,0.9
2018-08-06 00:56:18,1,1.1,37.746,15.01,3.51,19,0.2,198,0.5,0.5
2018-08-06 03:40:44,1.3,1.3,37.729,15.082,0.42,10,0.25,289,0.9,0.6
2018-08-06 10:57:28,1.2,1.2,37.739,15.052,5.08,9,0.21,194,0.7,0.9
2018-08-06 13:38:22,1.7,1.7,37.821,14.996,21.35,15,0.18,75,0.7,0.6
2018-08-06 14:11:29,1.8,1.8,37.808,15.009,21.21,14,0.19,121,0.7,0.7
2018-08-06 14:42:02,1.6,1.6,37.783,14.979,22.23,10,0.18,143,0.8,1.3
2018-08-06 15:32:40,1.5,1.5,37.808,14.981,23.01,10,0.14,107,0.8,0.8
2018-08-06 16:58:54,1.2,1.2,37.807,15.052,0.04,9,0.1,117,0.2,0.3
2018-08-06 18:36:12,1.2,1.3,37.714,15.068,6.85,10,0.09,242,0.9,0.7
2018-08-06 19:03:01,1.5,1.5,37.8,14.98,23.12,14,0.18,118,1,0.7
2018-08-06 19:36:04,1.7,1.7,37.742,14.831,14.64,14,0.2,131,0.6,0.8
2018-08-06 20:57:05,1,0.9,37.751,15.015,2.95,12,0.16,84,0.4,0.4
2018-08-06 21:01:08,0.8,0.8,37.746,15.031,3.09,9,0.05,137,1,0.3
2018-08-06 22:06:53,1.2,1.3,37.726,15.076,9.05,14,0.21,113,0.8,0.6
2018-08-06 22:10:46,1.3,1.5,37.74,15.082,11.35,16,0.24,85,0.8,0.6
2018-08-06 22:14:52,1,1.2,37.744,15.03,4.9,17,0.19,126,0.7,0.5
2018-08-06 22:24:53,1.5,1.3,37.738,15.08,8.4,14,0.17,95,0.7,0.4
2018-08-06 22:25:46,1.3,1.4,37.744,15.097,10.08,19,0.24,73,0.5,0.4
2018-08-06 22:28:39,1.5,1.5,37.733,15.075,15.71,20,0.25,81,0.7,0.6
2018-08-06 22:45:33,1.3,1.4,37.729,15.074,14.62,19,0.27,81,0.7,0.6
2018-08-06 22:48:51,1,1.2,37.705,15.069,9.29,10,0.24,139,1,1.1
2018-08-06 23:08:59,1.2,1.2,37.733,15.089,10.35,14,0.21,102,0.6,0.5
2018-08-06 23:11:25,1.1,1.2,37.733,15.099,12.25,13,0.28,154,1.2,1.1
2018-08-07 04:35:07,1,1.1,37.745,15.006,1.78,19,0.17,101,0.6,0.2
2018-08-07 09:38:26,1,0.9,37.754,14.978,1.21,12,0.25,98,2,0.3
2018-08-07 14:40:59,1.5,1.5,37.725,15.079,1.31,16,0.2,210,0.3,0.4
2018-08-07 18:18:41,1.3,1.2,37.745,14.993,-1.54,14,0.21,112,0.5,0.2
2018-08-07 19:30:42,1.1,1.1,37.727,14.984,5.8,9,0.14,82,0.5,0.7
2018-08-07 22:22:37,1.1,0.8,37.76,15.017,3.67,7,0.16,209,1.1,0.5
2018-08-07 23:32:32,1.3,1.3,37.713,15.101,9.52,14,0.23,131,1.2,0.6
2018-08-08 00:18:20,0.8,0.4,37.765,15.04,2.11,10,0.2,148,0.4,0.4
2018-08-08 00:19:02,1,0.8,37.745,15.044,1.54,15,0.15,80,0.4,0.3
2018-08-08 00:26:50,1.1,0.9,37.757,15.039,1.8,15,0.22,91,0.3,0.3
2018-08-08 03:05:22,1,1,37.76,15.009,1.26,17,0.14,97,0.4,0.2
2018-08-08 03:43:14,1,0.9,37.757,15.009,0.38,21,0.17,98,0.2,0.2
2018-08-08 05:43:13,1.1,1.1,37.753,15.002,1.87,14,0.17,117,0.3,0.3
2018-08-08 06:14:51,1,1,37.752,15.004,1.93,14,0.09,96,0.8,0.3
2018-08-08 06:15:21,1.1,1,37.75,15.012,2.32,19,0.17,105,0.3,0.3
2018-08-08 13:41:25,1.2,1.2,37.747,15.011,1.83,10,0.08,140,0.6,0.3
2018-08-08 14:05:43,1.3,1.3,37.743,15.007,1.41,12,0.11,138,0.5,0.4
2018-08-08 19:25:49,1,0.9,37.725,15.027,1.21,9,0.17,173,0.8,0.7
2018-08-08 22:11:01,1.2,1.2,37.72,14.977,7.81,15,0.09,93,0.6,0.4
2018-08-09 00:28:59,0.8,0.6,37.762,15.107,4.66,10,0.16,82,0.7,0.5
2018-08-09 02:36:49,1.2,1.2,37.739,15.009,4.84,15,0.22,104,0.7,0.4
2018-08-09 15:22:13,1.3,1.2,37.732,15.025,5.86,19,0.15,123,0.5,0.5
2018-08-09 20:51:34,1,1.1,37.736,15.069,3.27,10,0.21,199,1.3,0.6
2018-08-10 07:01:25,1,1.1,37.748,14.998,0.84,19,0.14,103,0.4,0.2
2018-08-10 07:01:41,1,1.2,37.754,14.987,1.98,12,0.1,112,0.5,0.3
2018-08-10 07:01:54,1,1,37.759,15.004,-1.6,17,0.29,114,0.3,0.2
2018-08-10 07:02:12,1,0.7,37.755,14.998,-1.55,7,0.15,122,0.4,0.3
2018-08-10 09:28:20,1.3,1.2,37.749,14.998,0.98,26,0.1,87,0.3,0.2
2018-08-11 01:32:22,1,1.1,37.712,15.009,3.75,16,0.17,102,0.5,0.3
2018-08-11 03:39:03,2.6,2.7,37.743,15.031,3.93,38,0.2,64,0.2,0.2
2018-08-11 03:40:34,1,1,37.734,15.036,3.15,14,0.16,149,1,0.5
2018-08-11 03:44:25,1,1.1,37.742,15.036,5.09,18,0.17,140,0.6,0.5
2018-08-11 13:23:32,1.2,1.1,37.742,15.084,6.31,14,0.2,99,0.7,0.5
2018-08-11 13:41:08,0.9,1,37.746,15.094,7.31,14,0.16,151,0.6,0.5
2018-08-12 00:02:00,0.8,0.5,37.77,15.11,3.58,10,0.15,171,0.6,0.5
2018-08-12 01:55:40,1.3,1.2,37.749,15.097,6.31,21,0.21,70,0.6,0.3
2018-08-12 01:55:54,1.9,1.8,37.729,15.115,5.35,31,0.23,188,0.5,0.3
2018-08-12 01:57:31,1,1,37.747,15.099,5.6,23,0.28,71,0.5,0.2
2018-08-12 01:59:15,1.2,1,37.737,15.109,3.48,19,0.17,157,0.5,0.3
2018-08-12 14:55:04,1.3,1.3,37.738,15.101,5.52,17,0.18,173,0.6,0.3
2018-08-13 00:18:52,1.3,1,37.745,15.031,4.11,26,0.18,100,0.3,0.3
2018-08-13 02:28:02,1,0.7,37.768,15.072,3.57,10,0.16,127,0.9,0.7
2018-08-13 16:45:56,1.2,1.1,37.692,14.964,4.56,12,0.16,105,0.8,0.7
2018-08-13 16:53:53,1.4,1.5,37.733,14.909,7.92,11,0.26,153,0.8,0.6
2018-08-14 00:17:00,1,1,37.71,15.058,3.41,20,0.21,90,0.5,0.3
2018-08-14 20:42:16,1,1,37.75,15.011,3.9,10,0.12,170,0.9,0.5
2018-08-14 23:11:50,1,0.9,37.753,15.016,1.67,18,0.12,107,0.4,0.2
2018-08-15 03:54:47,1.5,1.3,37.718,15.017,5.25,24,0.15,120,0.4,0.3
2018-08-15 05:37:43,1.3,1.2,37.707,15.026,4.77,16,0.13,141,0.5,0.5
2018-08-15 05:44:32,2,2.1,37.722,14.868,23.13,29,0.19,166,0.6,0.7
2018-08-15 05:48:33,1,1,37.746,15.021,3.41,14,0.19,117,0.9,0.5
2018-08-15 06:40:17,2,1.9,37.706,14.883,23.75,22,0.16,178,0.7,0.7
2018-08-15 11:56:25,1.8,1.9,37.677,14.931,18.06,28,0.22,128,0.6,0.5
2018-08-16 04:07:59,1.3,1.1,37.748,15.007,0.88,21,0.14,132,0.5,0.3
2018-08-16 09:25:42,1,0.9,37.749,14.997,0.63,12,0.09,236,0.5,0.7
2018-08-16 10:46:54,1.2,1.1,37.756,14.994,0.92,30,0.17,81,0.2,0.2
2018-08-16 20:01:48,1.2,1.1,37.849,15.031,8.67,21,0.14,152,0.6,0.5
2018-08-16 21:51:57,1.3,1.2,37.843,15.031,10.52,20,0.16,147,0.6,0.6
2018-08-16 22:29:47,1.4,1.2,37.741,15.082,6.2,18,0.13,151,0.6,0.3
2018-08-16 22:53:59,1.5,1.3,37.741,15.086,5.79,25,0.18,154,0.6,0.3
2018-08-17 00:18:31,1.7,1.6,37.749,15.038,4.93,26,0.17,64,0.6,0.3
2018-08-17 00:21:03,1.6,1.5,37.755,15.028,5.2,22,0.2,57,0.6,0.3
2018-08-17 00:25:14,1.2,1.1,37.75,15.032,6.04,14,0.13,96,0.9,0.6
2018-08-17 00:26:58,2.8,2.7,37.752,15.028,5.95,31,0.19,58,0.5,0.3
2018-08-17 00:27:39,1.3,1.4,37.757,15.027,7.15,12,0.11,121,1,0.7
2018-08-17 00:30:23,1.3,1.1,37.751,15.029,4.45,14,0.11,100,1,0.4
2018-08-17 03:03:22,1.5,1.4,37.748,15.002,-0.11,23,0.09,43,0.3,0.2
2018-08-17 04:06:18,1.3,1.2,37.752,15.039,8.36,14,0.11,102,0.8,0.6
2018-08-17 05:12:21,1.1,1,37.722,15.044,6.53,13,0.1,138,1.4,0.7
2018-08-17 23:47:33,1.3,1.2,37.838,15.188,19.16,10,0.15,137,0.8,1.1
2018-08-17 23:59:08,1.5,1.4,37.837,15.183,15.88,9,0.14,171,0.9,1.1
2018-08-18 16:27:46,1.3,1.3,37.711,14.991,8.54,15,0.06,84,0.6,0.6
2018-08-19 00:06:02,1,1,37.752,14.99,2.66,16,0.09,84,0.3,0.3
2018-08-19 01:16:31,1.7,1.7,37.717,14.974,6.18,23,0.17,66,0.4,0.3
2018-08-19 02:15:36,1.3,1.3,37.715,14.98,6.1,15,0.11,93,0.5,0.4
2018-08-19 02:35:41,1.1,1.2,37.704,14.981,6.7,15,0.1,92,0.9,0.7
2018-08-19 04:41:00,1.2,1.2,37.715,14.985,5.96,15,0.1,83,0.5,0.5
2018-08-19 11:39:18,1.3,1.3,37.702,14.986,6.9,14,0.09,102,0.8,0.7
2018-08-19 12:42:00,1,1,37.761,15.004,1.83,7,0.01,211,0.9,0.9
2018-08-19 13:31:50,1.5,1.4,37.754,15.06,3.12,23,0.15,65,0.5,0.3
2018-08-19 14:36:15,1,1.1,37.711,14.969,5.21,13,0.15,109,1.4,0.8
2018-08-19 15:47:23,1,1,37.73,14.968,3.52,15,0.07,93,0.5,0.3
2018-08-19 18:04:46,1.7,1.7,37.792,14.843,6.22,23,0.15,160,0.8,0.5
2018-08-19 18:48:26,1.6,1.6,37.746,15.027,4.15,27,0.15,60,0.3,0.3
2018-08-20 10:52:46,1.5,1.5,37.673,14.927,13.44,18,0.12,108,0.5,0.5
2018-08-20 12:02:28,1.1,1.2,37.741,15.035,6.01,14,0.07,165,0.8,0.9
2018-08-20 17:09:39,1.4,1.4,37.703,14.854,3.51,13,0.24,158,0.4,0.3
2018-08-20 17:25:55,1.8,1.8,37.776,14.806,29.65,18,0.17,241,0.8,1.3
2018-08-20 17:56:38,1.7,1.7,37.772,14.835,28.4,15,0.23,177,0.4,1.3
2018-08-20 17:59:52,2.1,2.1,37.733,14.836,28.39,17,0.22,148,0.6,1.2
2018-08-20 18:00:24,1.8,1.8,37.765,14.822,28.21,12,0.15,198,0.5,1.7
2018-08-20 18:03:30,2,2,37.798,14.812,25.98,16,0.16,241,0.6,1
2018-08-20 18:07:05,1.4,1.4,37.782,14.875,18.9,9,0.13,128,1,1.5
2018-08-20 18:08:01,1.8,2,37.764,14.861,22.98,16,0.16,117,0.9,1
2018-08-20 18:09:48,1.5,1.5,37.763,14.86,25.45,13,0.15,116,1,1
2018-08-20 18:10:58,1.9,2.1,37.771,14.833,23,22,0.14,157,0.7,0.6
2018-08-20 18:15:20,1.4,1.4,37.77,14.859,24.64,11,0.1,126,1.1,1.3
2018-08-20 18:21:05,1.6,1.7,37.77,14.844,25.92,14,0.15,139,0.9,0.8
2018-08-20 18:23:23,1.7,1.9,37.761,14.864,24.79,14,0.12,111,1.1,1
2018-08-20 18:32:49,1.7,2,37.772,14.854,24.57,16,0.11,132,0.8,1
2018-08-20 18:44:18,2.2,2.3,37.771,14.878,24.33,21,0.1,114,0.8,0.8
2018-08-20 18:48:00,1.9,1.9,37.784,14.86,23,16,0.19,152,0.7,0.9
2018-08-20 18:49:36,2.1,2.1,37.744,14.863,26.39,18,0.25,100,0.7,0.7
2018-08-20 18:50:55,1.7,1.7,37.743,14.911,27.33,13,0.16,109,0.9,1.5
2018-08-20 18:52:07,1.5,1.5,37.798,14.907,16.7,13,0.16,92,0.7,1
2018-08-20 18:55:43,1.2,1.7,37.78,14.849,21.25,23,0.14,164,0.7,0.9
2018-08-20 19:00:08,1.1,1.8,37.774,14.827,27.65,17,0.2,197,0.9,1.6
2018-08-20 19:01:52,1.1,1.4,37.816,14.913,14.52,13,0.2,124,1.1,1.3
2018-08-20 19:17:48,2.8,2.8,37.789,14.837,22.84,25,0.13,195,0.5,0.6
2018-08-20 19:26:13,1.2,1.8,37.772,14.891,22.11,17,0.1,101,1.4,1.4
2018-08-20 19:30:42,1.3,1.7,37.771,14.87,23.05,22,0.18,120,1.4,1.1
2018-08-20 19:31:03,2.2,2.6,37.761,14.874,22.66,29,0.16,106,0.7,0.7
2018-08-20 19:35:02,1.5,2,37.772,14.895,17.53,12,0.09,97,1.3,1.1
2018-08-20 19:46:20,1.3,1.7,37.764,14.882,21.64,28,0.18,104,0.5,0.6
2018-08-20 19:56:43,1.3,1.6,37.773,14.9,15.49,13,0.12,92,1.5,1.1
2018-08-20 20:07:13,1.3,1.8,37.778,14.879,19.82,18,0.27,118,1.5,1
2018-08-20 20:29:57,1.4,1.8,37.769,14.886,21.24,17,0.23,105,1.1,0.8
2018-08-20 21:43:59,1.1,1.2,37.739,15.039,5.19,14,0.06,149,0.6,0.5
2018-08-20 21:57:22,1.5,2,37.769,14.871,22.6,24,0.16,117,0.6,0.6
2018-08-20 21:59:12,1.6,2.1,37.761,14.885,21.09,29,0.16,75,0.5,0.6
2018-08-20 23:43:05,0.9,0.8,37.687,14.982,3.43,8,0.04,150,0.5,0.7
2018-08-21 00:38:27,1.3,1.3,37.767,14.861,25.46,13,0.11,120,0.9,1.1
2018-08-21 00:44:13,1.2,1.2,37.77,14.854,26.44,9,0.14,130,1.1,1.6
2018-08-21 01:01:31,1.5,1.6,37.764,14.851,26.93,11,0.14,125,1.1,1.7
2018-08-21 01:14:27,1.2,1.2,37.762,14.854,25.12,8,0.14,123,1,1.8
2018-08-21 01:20:19,1.2,1.2,37.759,14.888,25.67,8,0.14,130,1.3,1.9
2018-08-21 02:17:29,1.5,1.6,37.773,14.868,20.04,26,0.17,122,0.8,0.7
2018-08-21 04:29:33,1.4,1.5,37.773,14.849,22.86,12,0.14,138,0.9,1
2018-08-21 04:43:12,1.2,1.2,37.74,14.857,10.74,12,0.13,111,0.6,0.7
2018-08-21 04:57:40,1.1,1.1,37.755,15.007,1.18,13,0.11,124,0.4,0.3
2018-08-21 05:14:00,1.5,1.5,37.754,15.006,1.24,25,0.12,45,0.2,0.2
2018-08-21 05:19:03,1.2,1.2,37.75,15.006,5.01,11,0.15,105,0.8,0.5
2018-08-21 05:51:35,1.6,1.8,37.763,14.855,21.45,18,0.08,119,1.1,1
2018-08-21 07:09:11,1.4,1.4,37.749,14.847,13.27,14,0.13,98,0.8,0.8
2018-08-21 08:41:35,1.3,1.1,37.771,15.137,7.78,11,0.14,125,0.9,0.6
2018-08-21 09:13:42,1.3,1.3,37.773,15.136,7.11,12,0.13,123,0.8,0.4
2018-08-21 10:00:27,1.4,1.4,37.75,15.144,7.63,13,0.13,185,0.9,0.7
2018-08-21 10:01:12,1,1,37.74,15.044,4.55,9,0.09,143,1.9,0.9
2018-08-21 11:45:41,1.1,1,37.757,15.134,8.77,8,0.08,142,1.1,1
2018-08-21 12:26:40,1.3,1.6,37.778,14.866,21.01,18,0.16,129,1.3,1.3
2018-08-21 12:35:22,1.5,1.9,37.785,14.871,21.74,23,0.12,131,0.8,0.8
2018-08-21 12:36:40,2.1,2.4,37.783,14.87,19.6,30,0.11,130,0.6,0.5
2018-08-21 12:40:40,2.2,2.7,37.761,14.879,21.45,31,0.2,103,0.7,0.6
2018-08-21 12:42:23,1.8,2,37.788,14.874,20.27,21,0.11,131,1,0.9
2018-08-21 12:44:36,1.9,2,37.78,14.866,19.6,25,0.14,131,1,0.7
2018-08-21 12:46:51,2,2.3,37.778,14.86,21.67,21,0.09,133,0.7,0.6
2018-08-21 12:48:05,1.8,2.1,37.782,14.856,20.49,21,0.11,141,1.1,0.8
2018-08-21 12:53:37,1.2,1,37.764,15.137,4.06,13,0.12,98,0.5,0.5
2018-08-21 16:03:48,1,0.9,37.718,14.993,1.11,9,0.09,90,1.1,0.7
2018-08-21 16:19:25,1,1,37.745,15.039,2.1,9,0.09,162,1.3,0.6
2018-08-21 16:19:53,1,1.1,37.743,15.032,5.6,9,0.04,172,1.3,0.9
2018-08-21 16:48:51,1.1,1,37.706,15.007,3.72,9,0.1,98,0.7,0.6
2018-08-23 04:05:14,1.2,1.2,37.766,15.044,5.15,13,0.05,123,0.6,0.5
2018-08-23 05:13:29,1,1,37.736,15.057,4.29,9,0.08,180,1,0.7
2018-08-23 06:20:46,1.1,1.2,37.714,15.022,5.27,11,0.08,132,0.5,0.7
2018-08-23 11:27:46,1,1,37.745,15.077,5.29,9,0.05,170,1.1,1.1
2018-08-23 13:11:27,1.2,1.2,37.746,15.011,1.88,15,0.09,118,0.3,0.3
2018-08-23 16:40:55,1.2,1.2,37.724,14.997,3.91,17,0.09,116,0.4,0.5
2018-08-23 16:52:23,1.3,1.4,37.724,14.999,3.82,21,0.11,53,0.4,0.3
2018-08-23 21:27:53,1,1.1,37.777,15.087,3.12,8,0.17,167,0.6,1
2018-08-24 15:08:17,1.4,1.5,37.701,14.957,11.56,10,0.25,237,1.3,1
2018-08-24 17:13:47,2.5,2.7,37.72,14.943,-0.96,25,0.16,69,0.2,0.1
2018-08-24 19:42:42,1.5,1.6,37.75,15.027,5.45,14,0.08,139,0.6,0.4
2018-08-26 00:26:30,1.3,1.3,37.741,15.034,2.99,12,0.22,131,1.5,0.4
2018-08-26 05:49:40,1,1,37.769,15.09,4.38,9,0.26,102,0.5,1
2018-08-26 13:26:39,1.3,1.4,37.733,15.04,7.15,11,0.15,127,0.9,0.5
2018-08-26 19:44:11,1.3,1.2,37.735,14.968,-0.65,13,0.16,103,0.9,0.3
2018-08-26 20:36:44,2.5,2.6,37.785,14.852,23.12,25,0.13,147,0.6,0.6
2018-08-26 21:13:33,1.2,1.1,37.779,15.073,4.6,10,0.19,108,0.5,0.6
2018-08-27 00:37:52,1,1.1,37.77,15.042,-1.58,13,0.27,115,0.8,0.5
2018-08-27 00:54:11,1.2,1.1,37.723,14.991,4.16,18,0.29,67,0.2,0.2
2018-08-27 01:07:12,1.2,1.3,37.702,14.988,9.03,13,0.18,104,0.7,0.7
2018-08-27 01:35:52,1.3,1.2,37.731,14.957,4.17,19,0.23,52,0.3,0.3
2018-08-27 02:02:36,1.3,1.4,37.711,14.978,8.77,13,0.15,95,1,0.8
2018-08-27 07:32:12,1.2,1.2,37.775,15.135,5.38,12,0.18,96,0.6,0.3
2018-08-27 20:02:25,1,1,37.778,15.038,4.25,9,0.14,118,0.6,0.6
2018-08-27 23:46:03,1.1,1,37.734,15.044,0.31,14,0.2,83,0.3,0.3
2018-08-28 06:33:51,1.2,1.3,37.717,14.953,7.04,11,0.11,129,0.8,0.6
2018-08-28 06:39:02,1.6,1.7,37.722,14.975,5.89,20,0.19,56,0.4,0.3
2018-08-28 11:19:08,1.8,1.9,37.745,14.862,25.62,13,0.17,99,0.8,1
2018-08-28 11:20:02,2.2,2.3,37.748,14.863,25.96,20,0.2,121,0.7,0.8
2018-08-28 14:38:24,1.1,0.5,37.803,15.042,-1.32,8,0.07,106,0.3,0.2
2018-08-29 01:33:29,0.8,0.6,37.703,14.964,0.58,8,0.3,132,0.5,0.3
2018-08-29 01:34:52,1.1,1,37.784,14.983,3.65,16,0.24,81,1.1,0.4
2018-08-29 01:36:20,1.2,1.4,37.768,14.948,8.54,12,0.27,93,0.8,0.4
2018-08-29 01:38:57,1.2,1.1,37.746,14.985,4.07,18,0.26,51,0.4,0.2
2018-08-29 01:46:34,1.2,1.3,37.756,14.968,5.92,15,0.17,88,1,0.3
2018-08-29 06:08:20,1,1,37.742,15.052,4.47,13,0.14,167,0.7,0.6
2018-08-29 19:17:43,1.2,0.9,37.747,15.058,3.4,15,0.1,96,0.4,0.2
2018-08-29 20:14:05,1,0.8,37.771,15.035,1.6,12,0.16,122,0.6,0.3
2018-08-29 21:43:04,2.3,2.3,37.726,14.97,5.37,31,0.19,47,0.3,0.2
2018-08-29 22:10:56,1.2,1.3,37.71,14.985,8.56,8,0.05,128,1.5,1
2018-08-29 22:15:55,1.8,1.6,37.725,14.975,5.14,30,0.15,45,0.3,0.2
2018-08-29 22:17:05,1,0.8,37.736,14.985,1.16,11,0.18,130,1.6,0.3
2018-08-29 22:19:38,1.1,1.1,37.698,14.988,9.13,11,0.14,117,0.6,0.8
2018-08-29 23:44:22,1.1,1.1,37.698,14.979,8.74,11,0.23,100,0.8,0.8
2018-08-29 23:44:45,1.2,1.3,37.703,15.018,11.11,12,0.26,93,0.6,1
2018-08-30 04:57:57,1.1,1,37.683,15.106,1.93,15,0.21,133,0.3,0.3
2018-08-30 07:13:01,1.2,1.1,37.7,14.991,1.35,16,0.21,113,0.3,0.3
2018-08-30 08:59:45,1,1,37.731,15.022,2.15,9,0.17,134,0.6,0.7
2018-08-30 10:14:18,1,1,37.705,14.984,1.29,12,0.22,106,0.5,0.4
2018-08-30 13:29:41,1.1,1,37.738,15.006,2.16,17,0.15,68,0.3,0.3
2018-08-30 21:54:05,1.5,1.5,37.709,14.942,18.27,20,0.17,83,0.8,0.9
2018-08-31 11:13:56,1.5,1.4,37.801,15.087,12.88,13,0.14,85,0.9,0.8
2018-08-31 18:03:20,1.5,1.4,37.886,14.959,28.38,16,0.15,108,0.7,0.6
2018-08-31 18:20:30,1.4,1.4,37.89,14.971,29.06,13,0.19,102,0.9,1
2018-08-31 18:46:42,1.3,1.2,37.886,14.959,29.99,13,0.15,108,0.9,0.6
2018-08-31 19:08:13,1.3,1.3,37.882,14.949,28.3,14,0.12,112,0.8,0.6
2018-08-31 19:15:51,1.3,1.2,37.886,14.949,28.6,14,0.12,114,0.8,0.6
2018-08-31 20:01:13,1.4,1.3,37.803,15.057,12.61,16,0.17,58,0.8,0.6
2018-08-31 21:33:03,1.4,1.4,37.724,14.934,0.09,10,0.17,84,0.5,0.3
2018-08-31 21:33:14,1.6,1.5,37.726,14.945,0.96,11,0.13,80,0.6,0.3
2018-08-31 22:15:09,1.2,1,37.718,14.939,0.02,13,0.15,82,1.1,0.3
2018-09-01 00:04:28,1,1,37.712,15.016,5.23,11,0.06,88,0.6,0.6
2018-09-01 02:03:31,0.9,0.7,37.732,14.941,4.91,7,0.18,197,1.1,0.7
2018-09-01 08:46:04,1.2,1.2,37.704,15,6.42,12,0.09,104,0.8,0.7
2018-09-01 10:17:18,1.5,1.5,37.788,14.901,23.22,14,0.16,95,0.8,1.1
2018-09-01 16:36:36,1.1,1,37.705,14.983,8.46,15,0.13,92,0.6,0.4
2018-09-01 20:35:08,0.8,0.6,37.715,14.904,4.29,6,0.14,196,0.9,0.8
2018-09-02 13:29:05,1.1,0.9,37.763,15.006,3.82,10,0.13,93,1.2,0.5
2018-09-03 08:00:21,1.3,1.1,37.71,14.924,4.22,9,0.12,122,0.7,0.5
2018-09-03 08:08:48,0.7,0.7,37.744,15.047,3.46,7,0.08,242,0.5,0.6
2018-09-03 09:02:38,2,1.8,37.737,15.048,3.87,29,0.15,102,0.2,0.2
2018-09-03 09:04:40,1.2,1,37.74,15.047,3.85,18,0.12,105,0.5,0.3
2018-09-03 09:06:26,1,0.8,37.74,15.06,4.11,7,0.06,236,1.5,1.5
2018-09-03 09:54:24,1,0.9,37.749,15.119,7.71,9,0.08,176,0.9,1
2018-09-03 12:03:07,1.1,1,37.732,15.041,4.32,10,0.07,119,0.8,0.6
2018-09-03 16:10:48,1,1,37.742,15.072,5.69,10,0.08,102,0.7,0.7
2018-09-03 17:01:50,1,0.8,37.74,15.089,5.98,10,0.09,96,0.7,0.6
2018-09-03 17:42:14,1,0.9,37.75,15.042,4.29,11,0.08,158,0.7,0.4
2018-09-03 22:37:53,1.1,1,37.715,15.095,7.89,15,0.18,118,0.5,0.4
2018-09-04 03:03:37,1.5,1.3,37.752,15.029,3.28,28,0.18,86,0.2,0.2
2018-09-04 03:22:43,1,0.9,37.754,15.023,0.49,13,0.17,181,0.7,0.4
2018-09-04 12:34:46,1.2,1.1,37.723,15.028,4.04,12,0.15,105,0.6,0.5
2018-09-05 03:06:30,1,0.7,37.801,15.041,0.15,8,0.11,111,0.4,0.3
2018-09-05 10:10:43,0.8,0.7,37.74,15.105,6.01,8,0.07,191,0.7,0.7
2018-09-05 15:49:44,1.3,1.2,37.718,14.984,8.29,16,0.11,113,0.6,0.5
2018-09-05 23:03:07,1.2,0.6,37.805,15.04,0.34,7,0.1,118,0.4,0.3
2018-09-06 00:01:21,0.9,0.7,37.813,15.042,2.79,6,0.1,172,0.7,0.6
2018-09-06 01:03:45,1.1,0.9,37.741,14.984,4.05,7,0.07,172,1.2,0.6
2018-09-06 10:23:07,1,1,37.751,15.019,7.59,7,0.05,192,1.7,1.1
2018-09-06 12:04:31,1,0.7,37.803,15.042,0.2,8,0.07,99,0.6,0.3
2018-09-06 18:21:04,1.2,1.2,37.716,14.988,8.21,12,0.1,77,0.7,0.6
2018-09-06 22:06:39,1.1,1.1,37.812,14.904,25.18,15,0.16,80,1,1
2018-09-06 22:20:12,1.5,1.5,37.807,14.902,22.81,14,0.12,88,0.8,0.9
2018-09-06 23:49:56,1.5,1.4,37.806,14.897,24.45,20,0.15,96,0.6,0.7
2018-09-07 02:00:59,1.2,1,37.745,15.026,3.14,24,0.2,85,0.3,0.2
2018-09-07 02:04:22,1.2,1,37.744,15.026,3.29,24,0.16,84,0.3,0.2
2018-09-07 02:42:27,1.6,1.6,37.623,15.019,0.52,7,0.11,237,1.6,1.1
2018-09-07 07:41:42,1.1,1,37.745,15,0.72,7,0.13,241,1.9,0.7
2018-09-07 18:52:35,1.2,1.4,37.771,15,12.68,21,0.25,48,0.5,0.4
2018-09-07 22:20:06,0.9,0.7,37.756,15.125,8.83,7,0.05,159,1.3,1.2
2018-09-07 22:31:18,0.9,0.8,37.764,15.112,11.08,7,0.08,191,0.8,1.4
2018-09-08 05:09:02,1.2,1.4,37.814,14.911,17.83,16,0.07,71,1.2,1
2018-09-08 16:42:24,1.2,1.1,37.735,15.099,5.73,12,0.14,93,0.6,0.5
2018-09-08 20:26:11,1.3,1.1,37.754,15.033,3.46,22,0.17,61,0.4,0.3
2018-09-08 21:18:25,1.1,1.1,37.718,15.02,4.94,17,0.05,94,0.5,0.5
2018-09-09 12:01:27,1.1,0.9,37.692,15.088,2.09,15,0.1,66,0.3,0.3
2018-09-09 18:53:22,1.1,1.1,37.746,15.038,7.34,10,0.08,128,1.1,0.6
2018-09-09 22:58:19,0.9,0.6,37.827,15.008,2.56,8,0.11,209,0.6,1.2
2018-09-10 02:38:49,1,0.8,37.727,15.016,2.3,10,0.13,92,0.3,0.3
2018-09-10 14:44:52,1.4,1.4,37.717,14.936,1.08,21,0.2,77,0.5,0.2
2018-09-10 15:02:15,0.8,0.8,37.744,15.03,2.78,6,0.02,175,4,0.5
2018-09-10 21:46:14,0.9,0.9,37.744,15.038,5.81,10,0.07,120,1.3,0.6
2018-09-10 22:03:27,1.1,0.9,37.803,14.975,0.98,12,0.14,120,0.5,0.3
2018-09-11 01:37:09,1,1,37.75,15,1.18,18,0.1,144,0.4,0.3
2018-09-11 04:57:44,1.2,1.2,37.806,15.041,0.33,14,0.12,66,0.3,0.2
2018-09-11 05:28:31,1,0.9,37.719,15.114,3.99,12,0.15,123,0.4,0.8
2018-09-11 07:09:49,0.9,0.5,37.778,15.085,1.97,7,0.12,135,0.4,1.4
2018-09-11 13:43:44,1,1,37.732,15.041,6.05,13,0.08,142,1.2,0.9
2018-09-11 14:30:44,1.1,1.1,37.74,15.104,7.33,15,0.18,78,0.9,0.7
2018-09-11 23:50:14,1.1,1.1,37.711,15.011,5.21,23,0.1,77,0.4,0.3
2018-09-12 00:03:06,1,0.9,37.744,15.021,4.06,10,0.11,149,1.1,0.5
2018-09-12 00:10:20,0.9,0.6,37.75,15.019,-0.52,6,0.06,192,8,0.6
2018-09-12 01:43:26,1,1.1,37.741,15.032,6.45,11,0.12,137,1,0.6
2018-09-12 02:37:32,1.2,1.2,37.752,15.032,5.41,26,0.18,56,0.5,0.3
2018-09-12 08:28:57,1,0.7,37.781,15.047,3.24,6,0.09,222,1,1.3
2018-09-12 09:23:26,2.2,2.2,37.646,14.959,3.55,31,0.23,86,0.3,0.3
2018-09-12 11:35:04,1.3,1.3,37.76,15.035,5.93,19,0.13,66,0.9,0.8
2018-09-12 14:10:18,1.9,2,37.632,14.97,3.52,24,0.23,105,0.4,0.4
2018-09-12 14:17:13,1.6,1.6,37.647,14.96,3.58,16,0.28,86,0.4,0.5
2018-09-12 21:40:25,1,1,37.713,15.016,5.31,7,0.1,86,1.4,0.9
2018-09-12 22:38:46,2.5,2.5,37.731,14.999,3.79,43,0.17,39,0.1,0.2
2018-09-12 23:44:25,0.8,0.9,37.714,15.013,4.65,13,0.11,81,0.6,0.5
2018-09-13 07:01:42,1,1.1,37.749,15.1,7.31,8,0.17,169,1,0.6
2018-09-13 07:02:06,1,1.3,37.746,15.097,10.95,9,0.09,138,1.1,0.9
2018-09-13 12:07:18,1.3,1.3,37.738,15.045,8.32,21,0.07,104,0.6,0.5
2018-09-13 19:00:31,0.9,1,37.738,15.034,3.19,11,0.03,129,1.2,0.4
2018-09-14 06:16:30,1.2,1.1,37.744,14.998,2.36,16,0.13,82,0.3,0.3
2018-09-14 07:35:50,1.3,1.5,37.794,15,19.97,13,0.22,102,0.9,1
2018-09-14 22:12:36,1.5,1.5,37.683,14.943,13.5,24,0.18,60,0.7,0.5
2018-09-15 08:51:03,1.2,1.2,37.752,15.011,1.89,12,0.12,132,0.6,0.3
2018-09-15 15:12:38,1.6,1.5,37.658,14.952,3.42,12,0.16,119,0.4,0.4
2018-09-16 16:24:43,1.3,1.3,37.663,14.957,5.89,10,0.17,201,0.7,0.7
2018-09-16 18:03:14,1.3,1.4,37.697,14.932,8.2,11,0.15,208,0.7,0.8
2018-09-16 22:11:13,1.2,1.2,37.746,15.033,6.35,8,0.05,170,1.3,1.3
2018-09-16 23:18:40,1.2,1.3,37.728,15.01,4.96,19,0.27,62,0.4,0.4
2018-09-16 23:20:42,1.3,1.3,37.733,15.054,6.5,10,0.09,179,1.2,0.9
2018-09-17 14:25:31,1.3,1.2,37.73,15.026,4.7,10,0.07,126,1.2,0.8
2018-09-17 16:30:27,1,0.9,37.753,15.034,2.63,9,0.16,126,1.6,0.4
2018-09-17 20:15:07,1.2,1.1,37.761,14.988,2.13,12,0.26,101,0.7,0.3
2018-09-17 21:28:56,1,0.9,37.717,15.013,2.66,12,0.12,103,0.5,0.4
2018-09-17 22:39:51,1.2,1.2,37.722,15.003,3.54,16,0.23,65,0.3,0.3
2018-09-18 02:13:45,1,1,37.717,15,3.89,16,0.15,105,0.4,0.6
2018-09-18 11:01:07,1.4,1.5,37.742,15.026,5.02,30,0.2,97,0.4,0.2
2018-09-18 12:22:31,1,1.2,37.666,15.023,3.03,13,0.17,172,0.6,0.5
2018-09-18 12:27:27,1.3,1.2,37.669,15.012,5.11,13,0.19,114,0.7,0.6
2018-09-18 12:33:26,1.4,1.5,37.663,15.02,4.16,24,0.23,72,0.3,0.3
2018-09-18 12:43:29,1.5,1.4,37.667,15.03,4.14,21,0.22,91,0.3,0.4
2018-09-18 23:11:09,1.7,1.7,37.814,14.837,24.57,17,0.13,173,0.9,0.7
2018-09-19 06:46:30,1,1.1,37.728,15.053,2.31,8,0.29,194,0.4,0.8
2018-09-19 17:46:57,2,1.9,37.75,15.003,0.19,22,0.19,56,0.2,0.2
2018-09-19 22:59:16,0.9,0.8,37.75,15.03,1.8,8,0.09,136,0.8,0.5
2018-09-19 23:33:46,1.3,1.3,37.747,15.02,1.94,15,0.2,58,0.3,0.3
2018-09-19 23:34:46,1,1,37.746,15.025,5.26,13,0.15,103,0.7,0.4
2018-09-19 23:35:01,1,1,37.741,15.039,5.58,9,0.1,137,0.8,0.6
2018-09-19 23:35:28,1.2,1.2,37.746,15.023,6.79,12,0.11,118,0.7,0.6
2018-09-20 00:28:30,0.8,0.8,37.75,15.031,4.44,12,0.16,124,0.7,0.4
2018-09-20 06:32:37,1,0.9,37.75,15.017,4.08,11,0.15,151,0.7,0.5
2018-09-20 19:32:15,1.8,1.8,37.793,14.863,26.4,15,0.18,157,0.7,1
2018-09-20 21:37:31,0.9,0.8,37.745,15.042,2.15,8,0.16,124,0.3,0.5
2018-09-21 02:40:01,1.3,1.2,37.752,15.007,1.22,13,0.16,131,0.7,0.4
2018-09-21 03:45:28,1,1,37.746,15.057,1.72,11,0.17,97,0.5,0.3
2018-09-21 06:08:49,1.1,1.1,37.725,15.043,3.63,10,0.14,127,0.6,0.5
2018-09-21 17:55:40,0.9,0.9,37.759,15.031,3.59,8,0.13,240,1,0.7
2018-09-21 23:19:12,1,0.9,37.746,15.007,2.01,14,0.19,101,0.4,0.3
2018-09-22 00:56:05,1.4,1.6,37.774,15.097,18.22,11,0.1,108,1,1.7
2018-09-22 07:07:30,1.2,1.3,37.736,14.979,7.2,15,0.2,123,0.9,0.6
2018-09-22 17:05:19,1,1.2,37.725,15.015,4.09,20,0.16,84,0.4,0.3
2018-09-22 17:42:37,1.8,1.7,37.798,15.021,15.16,29,0.19,80,0.6,0.5
2018-09-22 18:59:31,1,1,37.714,15.066,3.82,14,0.17,194,0.4,0.5
2018-09-22 19:08:12,2.4,2.3,37.804,15.02,16.33,37,0.25,92,0.4,0.4
2018-09-22 19:10:00,1.5,1.4,37.797,15.007,12.35,26,0.24,98,0.6,0.5
2018-09-22 19:59:05,1,0.9,37.706,15.004,2.9,10,0.13,100,0.8,0.6
2018-09-22 21:21:16,1,0.9,37.715,15.015,4.58,15,0.11,89,0.6,0.5
2018-09-22 21:55:49,1.4,1.3,37.792,15.011,14.88,20,0.24,84,0.8,0.7
2018-09-22 23:10:04,1.3,1.4,37.802,15.04,16.15,14,0.22,91,0.8,1.2
2018-09-23 08:11:32,1.2,1.1,37.736,15.005,2.09,16,0.12,115,0.3,0.3
2018-09-23 12:44:11,1,0.9,37.748,15.044,4.62,13,0.12,113,0.9,0.4
2018-09-23 12:45:37,1,1,37.746,15.038,5.78,15,0.16,118,0.8,0.5
2018-09-23 12:51:32,1,0.9,37.744,15.043,4.89,26,0.18,91,0.5,0.3
2018-09-23 13:36:15,1,1,37.752,15.003,1.44,12,0.09,108,0.9,0.3
2018-09-24 08:34:19,1.4,1.3,37.752,15.043,5,17,0.12,105,0.6,0.4
2018-09-24 12:11:48,1.1,1.1,37.745,15.028,5.69,12,0.06,101,0.8,0.6
2018-09-24 18:00:41,1.4,1.3,37.678,14.99,3.31,19,0.19,87,0.3,0.4
2018-09-24 18:03:54,0.8,0.8,37.682,14.981,3.75,9,0.09,178,0.4,0.9
2018-09-24 20:50:47,1.2,1,37.738,15.004,4.18,16,0.13,66,0.5,0.3
2018-09-24 22:12:08,1.6,1.5,37.737,15.002,1.91,21,0.15,65,0.4,0.3
2018-09-24 22:57:17,1.1,1.1,37.743,15.034,5.4,10,0.04,134,1,0.9
2018-09-25 08:33:45,1,1,37.736,15.039,4.18,14,0.09,102,0.6,0.3
2018-09-25 22:33:15,1.3,1.5,37.788,14.961,20.13,21,0.26,77,0.8,0.8
2018-09-26 01:14:20,1.2,1.1,37.726,15.037,4.03,14,0.12,79,0.5,0.4
2018-09-26 01:24:23,1,0.9,37.725,15.05,3.93,11,0.1,122,0.7,0.4
2018-09-26 10:34:19,0.9,0.9,37.744,15.024,4.19,10,0.04,223,0.7,0.9
2018-09-26 10:35:52,1,1,37.744,15.023,3.45,14,0.1,106,0.4,0.3
2018-09-26 12:25:13,1,0.9,37.74,15.04,2.4,12,0.15,104,0.5,0.7
2018-09-27 02:28:56,1,1.1,37.74,15.048,8.06,12,0.25,73,0.6,0.7
2018-09-27 02:30:43,1.1,1.3,37.725,15.103,14.83,13,0.2,86,1.2,1.3
2018-09-27 02:40:16,1.1,1.2,37.749,15.094,9.37,9,0.13,111,1,0.6
2018-09-27 02:43:11,1.2,1.3,37.757,15.049,12.52,14,0.29,116,1.1,0.8
2018-09-27 03:05:40,1.2,1.3,37.744,15.013,5.21,12,0.19,115,1.1,0.4
2018-09-27 04:14:44,1.4,1.4,37.681,15.185,17.73,13,0.2,151,0.8,0.9
2018-09-27 10:49:01,1.7,1.6,37.739,15.039,6.02,22,0.17,64,0.6,0.4
2018-09-27 10:52:26,1.3,1.2,37.733,15.049,5.41,14,0.16,144,0.6,0.5
2018-09-27 18:18:55,1.1,1.2,37.741,15.109,5.28,10,0.14,99,0.8,0.4
2018-09-27 18:25:48,1,1,37.733,15.109,6.34,8,0.22,123,0.7,0.8
2018-09-27 19:08:27,1.5,1.4,37.747,15.104,7.2,13,0.18,66,0.5,0.5
2018-09-28 05:43:43,2,1.8,37.743,15.105,5.75,20,0.22,75,0.4,0.3
2018-09-28 05:47:30,2.4,2.6,37.744,15.102,4.57,42,0.23,63,0.5,0.2
2018-09-28 05:50:58,1.5,1.2,37.744,15.123,4.08,7,0.16,131,0.5,0.5
2018-09-28 05:56:17,2.1,1.9,37.741,15.109,6.95,21,0.2,79,0.4,0.4
2018-09-28 06:00:36,1.5,1.4,37.745,15.12,5.49,8,0.14,119,0.7,0.6
2018-09-28 06:02:34,1.3,1.3,37.735,15.037,5.41,9,0.09,134,1,0.6
2018-09-28 06:05:39,1.5,1.3,37.744,15.111,5.21,15,0.18,79,0.5,0.5
2018-09-28 06:09:56,1.5,1.5,37.739,15.103,5.3,15,0.14,88,0.5,0.5
2018-09-28 06:15:04,2.7,3,37.748,15.1,5.26,24,0.22,63,0.5,0.2
2018-09-28 06:16:08,2.6,2.8,37.739,15.104,4.63,32,0.25,62,0.5,0.3
2018-09-28 06:17:44,1.2,1.1,37.724,15.092,7.18,6,0.15,196,0.8,1.1
2018-09-28 06:19:14,1.2,1,37.722,15.087,6.34,7,0.09,203,0.8,1
2018-09-28 06:19:30,1.2,1.2,37.724,15.106,7.97,9,0.15,129,0.7,1.4
2018-09-28 06:22:38,1.7,1.6,37.744,15.115,5.34,9,0.15,108,0.5,0.4
2018-09-28 06:23:22,1.8,1.7,37.744,15.11,5.8,16,0.14,79,0.7,0.4
2018-09-28 06:26:33,2.7,2.8,37.747,15.104,6.05,37,0.22,65,0.3,0.2
2018-09-28 06:27:58,1.5,1.4,37.739,15.108,6.37,9,0.19,111,0.5,0.6
2018-09-28 06:30:07,1.7,1.7,37.748,15.096,5.39,16,0.19,81,0.5,0.4
2018-09-28 06:37:50,2.1,2.3,37.74,15.106,5.77,24,0.22,78,0.4,0.3
2018-09-28 07:25:09,1.5,1.4,37.74,15.101,4.88,15,0.14,79,0.5,0.4
2018-09-28 07:33:57,1.3,1.3,37.758,15.119,2.96,15,0.17,70,0.5,0.3
2018-09-28 07:45:50,1.2,1.1,37.749,15.111,5.24,11,0.15,84,0.7,0.5
2018-09-28 09:26:42,1.5,1.4,37.748,15.102,4.55,16,0.25,64,0.4,0.3
2018-09-28 18:34:22,1.7,1.6,37.736,14.996,3.37,22,0.13,40,0.4,0.2
2018-09-28 20:03:17,2.7,2.7,37.542,15.12,22.48,26,0.15,114,0.4,0.4
2018-09-28 22:53:13,1.3,1.3,37.747,15.1,6.29,14,0.13,80,0.7,0.5
2018-09-29 02:17:16,1.1,1,37.75,15.111,3.99,12,0.16,88,0.4,0.4
2018-09-29 02:35:50,1,0.9,37.823,14.962,5.08,6,0.09,195,1.1,1
2018-09-29 10:17:38,1.2,1.2,37.725,15.05,9.14,10,0.15,171,1,0.8
2018-09-29 12:07:53,2.9,2.9,37.819,15.069,0.93,23,0.18,56,0.3,0.2
2018-09-29 19:02:56,1,0.9,37.74,15.014,4.12,9,0.12,115,0.7,0.6
2018-09-30 04:56:46,1,1,37.727,15.019,3.99,12,0.15,138,0.5,0.5
2018-09-30 07:16:52,1.2,1.1,37.71,14.982,8.17,12,0.15,123,0.7,0.7
2018-09-30 07:20:04,1.6,1.4,37.716,14.975,6.68,28,0.21,53,0.4,0.3
2018-09-30 15:58:23,1.2,1.3,37.74,15.038,5.83,8,0.06,126,1.1,0.5
2018-09-30 17:24:05,3.5,3.5,37.805,15.068,-0.06,25,0.24,46,0.3,0.1
2018-09-30 18:51:18,1.1,1.1,37.723,15.001,4.01,11,0.09,121,1,0.5
2018-09-30 18:56:18,1.4,1.4,37.705,14.999,7.24,16,0.13,103,0.5,0.4
2018-09-30 19:31:32,1.9,1.9,37.694,14.822,19.52,24,0.25,205,0.6,0.6
2018-09-30 19:50:24,1.9,1.9,37.729,14.852,18.19,32,0.27,133,0.5,0.5
2018-10-01 00:15:59,1.4,1.4,37.856,14.894,27.85,10,0.13,145,0.6,0.5
2018-10-01 05:52:00,1.5,1.2,37.814,15.065,-0.71,12,0.25,99,0.5,0.2
2018-10-01 11:32:56,2.2,2,37.828,15.059,-0.91,10,0.19,132,0.9,0.4
2018-10-01 18:27:15,1.2,1.1,37.725,15.015,4.52,10,0.06,120,0.5,0.5
2018-10-01 20:48:32,1,1,37.748,15.01,2.9,9,0.13,165,0.5,0.5
2018-10-02 01:24:51,1.1,1,37.75,14.978,2.35,11,0.13,128,0.2,0.3
2018-10-02 02:03:40,1,1,37.721,15.016,8.19,8,0.13,103,0.7,0.7
2018-10-02 15:54:11,0.8,0.7,37.76,15.05,1.92,8,0.05,98,0.4,0.5
2018-10-02 17:32:11,0.8,0.8,37.754,15.049,2.29,10,0.15,106,0.5,0.5
2018-10-03 00:52:13,1.1,1.1,37.738,15.031,3.72,15,0.1,87,0.4,0.2
2018-10-03 02:07:39,1.8,1.8,37.72,14.978,6.47,19,0.19,59,0.4,0.3
2018-10-03 02:36:10,1,1,37.752,15.041,7.4,8,0.06,125,1,0.9
2018-10-03 02:59:10,0.9,0.9,37.709,15.018,5.2,9,0.07,121,0.5,0.6
2018-10-03 03:55:25,0.8,0.9,37.74,15.033,3.6,9,0.08,122,1.3,0.4
2018-10-03 12:02:19,1.1,1.1,37.74,15.041,6.19,9,0.06,123,0.9,0.5
2018-10-03 17:58:19,1,1.1,37.737,15.05,5.02,9,0.03,109,1.1,0.4
2018-10-03 19:06:40,1.7,1.7,37.848,14.903,20.38,18,0.18,125,0.9,0.5
2018-10-04 03:09:01,1.3,1.2,37.672,14.952,6,11,0.12,156,0.5,0.5
2018-10-04 03:33:33,1.3,1.2,37.683,15.022,7.15,9,0.14,84,1.1,0.9
2018-10-04 04:35:51,1,1.1,37.74,15.007,4.92,10,0.09,133,1,1
2018-10-04 04:41:32,1.2,1.3,37.733,15.007,6.22,12,0.16,105,1.2,0.6
2018-10-04 06:05:18,1.2,1.2,37.741,15.118,12.2,9,0.13,206,1.2,0.9
2018-10-04 06:33:37,1.9,1.9,37.806,14.948,16.35,17,0.16,73,0.7,0.4
2018-10-04 06:46:06,1.8,1.9,37.757,14.914,20.24,13,0.21,106,0.7,1
2018-10-04 11:39:55,1.3,1.4,37.79,14.965,16.3,11,0.15,106,1.1,0.9
2018-10-04 11:46:25,1.7,1.6,37.754,14.97,22.83,13,0.13,102,0.7,0.8
2018-10-04 12:56:56,1.1,1.1,37.721,15.007,2.83,9,0.11,146,1.8,0.6
2018-10-04 13:49:22,1.5,1.4,37.751,14.999,1.56,14,0.1,137,0.3,0.3
2018-10-04 17:13:42,1.1,1.2,37.75,14.998,1.15,10,0.08,146,0.4,0.3
2018-10-04 17:25:14,1,0.9,37.731,15.011,3.01,10,0.09,106,0.6,0.4
2018-10-04 21:05:32,1.3,1.2,37.731,14.982,3.78,19,0.14,52,0.3,0.3
2018-10-05 00:14:04,1.9,2,37.727,14.85,21.33,28,0.18,123,0.4,0.4
2018-10-05 00:18:33,1.5,1.5,37.765,14.854,20.29,9,0.13,123,0.9,0.9
2018-10-05 00:19:10,1.3,1.4,37.756,14.902,18.54,8,0.19,87,1.3,1.6
2018-10-05 00:19:31,1.6,1.6,37.732,14.868,20.99,19,0.15,111,0.5,0.6
2018-10-05 00:26:12,1.7,1.8,37.733,14.857,21.78,20,0.14,115,0.5,0.6
2018-10-05 00:42:06,1.7,1.7,37.772,14.836,24.75,18,0.17,176,0.6,0.7
2018-10-05 00:44:02,1.7,1.6,37.733,14.866,21.9,22,0.18,110,0.5,0.5
2018-10-05 00:46:35,1.3,1.3,37.793,14.842,17.94,10,0.23,160,1.2,1
2018-10-05 00:51:06,1.6,1.6,37.723,14.856,22.29,18,0.16,129,0.7,0.7
2018-10-05 03:29:15,1.6,1.4,37.74,15.053,3.28,32,0.18,40,0.2,0.2
2018-10-05 04:14:08,1.4,1.3,37.718,14.998,7.23,14,0.12,71,0.6,0.4
2018-10-05 07:21:40,1.2,1.1,37.703,15.024,4.85,14,0.18,109,0.7,0.7
2018-10-05 07:21:55,1,1,37.717,15.025,4.07,12,0.06,105,0.5,0.5
2018-10-05 16:19:18,1,1,37.714,15.009,5.28,14,0.06,111,0.5,0.4
2018-10-06 00:34:19,4.7,4.7,37.628,14.884,6.04,45,0.22,131,0.4,0.2
2018-10-06 00:39:26,1.8,1.8,37.618,14.884,3.7,16,0.27,99,0.3,0.4
2018-10-06 00:43:45,1.2,1.2,37.638,14.879,5.32,8,0.1,155,0.5,0.6
2018-10-06 00:45:15,1.2,1.2,37.639,14.874,1.17,6,0.16,169,0.7,0.4
2018-10-06 00:45:42,1,0.9,37.643,14.902,4.92,6,0.09,159,1.2,0.7
2018-10-06 00:49:24,1.4,1.4,37.658,14.847,3.83,5,0.1,275,0.5,1.6
2018-10-06 00:57:58,1.5,1.5,37.644,14.879,4.52,16,0.19,153,0.4,0.4
2018-10-06 00:59:51,2.4,2.4,37.634,14.901,4.2,33,0.24,125,0.3,0.3
2018-10-06 01:01:43,1.1,1,37.638,14.87,7.42,9,0.13,179,0.7,0.6
2018-10-06 01:08:11,1.3,1.1,37.597,14.865,6.71,10,0.22,167,0.5,0.7
2018-10-06 01:15:04,1,1,37.649,14.889,3.22,9,0.09,135,1.2,1.2
2018-10-06 01:17:44,1,1,37.65,14.895,2.98,8,0.18,126,1.2,0.7
2018-10-06 01:42:21,1.1,1.2,37.732,14.998,4.51,15,0.14,125,0.5,0.3
2018-10-06 01:46:37,1.2,1.2,37.649,14.871,3.63,12,0.13,167,0.3,0.4
2018-10-06 01:49:47,1,0.9,37.648,14.897,3.69,9,0.12,122,1,1.3
2018-10-06 01:59:21,1.3,1.3,37.607,14.928,6.08,6,0.16,260,2.5,2
2018-10-06 02:20:19,1.8,1.8,37.652,14.877,4.07,20,0.18,155,0.4,0.3
2018-10-06 02:22:47,1.2,1.2,37.64,14.884,5.83,9,0.11,143,0.4,0.6
2018-10-06 03:35:40,1.2,1.3,37.635,14.888,7.01,9,0.19,180,0.7,1
2018-10-06 03:41:20,1.3,1.2,37.643,14.878,5.14,13,0.2,158,0.4,0.3
2018-10-06 03:56:31,1.2,1.2,37.637,14.875,4.03,8,0.19,166,1.4,0.8
2018-10-06 03:57:00,1.4,1.4,37.619,14.849,7.62,9,0.16,255,0.9,1
2018-10-06 04:12:39,1.2,1.1,37.642,14.88,6.46,7,0.14,153,1,0.7
2018-10-06 04:25:19,1.7,1.7,37.65,14.873,3.49,20,0.2,163,0.3,0.4
2018-10-06 04:27:01,1.2,1.2,37.619,14.892,8.61,7,0.21,217,0.9,1.2
2018-10-06 04:37:55,1.2,1.2,37.643,14.879,5.11,12,0.17,154,0.6,0.6
2018-10-06 04:50:18,1.2,1.2,37.637,14.887,5.83,10,0.17,141,0.5,0.8
2018-10-06 05:02:38,1.8,1.8,37.635,14.854,6.44,9,0.14,215,1.2,0.9
2018-10-06 05:04:36,1.1,1.1,37.752,15.072,9.99,9,0.1,119,0.9,0.9
2018-10-06 05:07:58,1.4,1.5,37.659,14.862,2.48,9,0.17,176,0.5,0.5
2018-10-06 05:15:21,1.3,1.3,37.635,14.885,7.25,8,0.16,175,0.8,0.9
2018-10-06 07:14:53,1.8,1.8,37.632,14.887,7.34,10,0.09,130,0.7,0.5
2018-10-06 07:19:58,1,1,37.653,14.869,3.89,7,0.07,169,1.7,1.1
2018-10-06 10:21:33,2.4,2.4,37.645,14.879,5.58,20,0.2,153,0.2,0.4
2018-10-06 16:39:46,1.3,1.3,37.653,14.844,3.91,9,0.1,216,0.3,0.5
2018-10-06 17:46:43,1.3,1.3,37.625,14.861,6.15,10,0.22,165,0.5,0.6
2018-10-06 18:27:53,1,1,37.727,15.01,5.44,13,0.13,110,0.8,0.5
2018-10-06 20:51:35,1.2,1.3,37.75,15.031,7.39,7,0.03,173,1.4,1.1
2018-10-06 21:23:33,1.3,1.3,37.751,15.042,6.64,16,0.07,79,0.7,0.4
2018-10-07 00:47:38,1.4,1.4,37.637,14.881,6.76,8,0.14,152,0.5,0.5
2018-10-07 02:37:46,1.2,1,37.742,15.039,3.63,26,0.19,66,0.4,0.2
2018-10-07 03:49:43,2,2,37.706,14.964,11.65,17,0.2,48,0.4,0.4
2018-10-07 05:08:32,1.3,1.5,37.651,14.869,2.64,18,0.17,157,0.5,0.3
2018-10-07 05:09:42,1,0.7,37.703,14.967,2.54,10,0.1,112,0.4,0.4
2018-10-07 05:11:58,2,1.9,37.65,14.882,2.45,27,0.21,147,0.3,0.3
2018-10-07 06:17:06,1.4,1.2,37.647,14.849,4.53,7,0.12,204,1.3,0.6
2018-10-07 07:35:43,1.2,1.3,37.788,15.095,9.35,14,0.13,117,0.8,0.4
2018-10-07 08:35:06,1.2,0.7,37.684,14.967,1.49,8,0.17,115,0.4,0.5
2018-10-07 08:42:35,1.3,1.2,37.754,14.993,0.2,31,0.18,50,0.1,0.1
2018-10-07 11:01:31,1.4,1,37.804,15.062,0.02,13,0.22,110,0.3,0.2
2018-10-07 12:31:22,0.9,1,37.736,15.014,4.89,7,0.12,277,2,1.2
2018-10-07 16:12:35,1.6,1.6,37.64,14.88,6.51,9,0.11,153,0.6,0.5
2018-10-07 18:46:27,1,0.7,37.693,14.979,2.12,9,0.12,114,0.4,0.4
2018-10-07 19:54:07,2.3,2.5,37.646,14.872,3.31,29,0.18,156,0.4,0.4
2018-10-07 20:15:42,1.5,1.5,37.625,14.872,7.54,9,0.15,160,0.5,0.7
2018-10-07 21:19:00,1.2,1.2,37.737,14.927,6.9,26,0.18,60,0.6,0.3
2018-10-08 00:20:21,0.9,0.8,37.74,15.077,8.86,9,0.04,233,0.8,1
2018-10-08 00:48:16,0.9,0.2,37.803,15.05,0.39,7,0.09,100,0.7,0.4
2018-10-08 02:07:46,1,0.4,37.673,14.952,0.02,7,0.12,166,1.3,0.9
2018-10-08 02:23:28,1,0.9,37.697,15.091,8.2,15,0.15,118,0.9,1.1
2018-10-08 03:57:02,0.9,0.6,37.718,15.125,4.59,10,0.2,120,2.5,1.6
2018-10-08 05:04:14,0.9,1,37.727,14.948,6,12,0.14,81,1,0.5
2018-10-08 05:50:39,1.2,1.3,37.63,14.878,7.61,8,0.15,195,0.6,0.9
2018-10-08 12:36:52,1.3,1.3,37.654,14.89,2.12,15,0.22,135,0.8,0.3
2018-10-08 13:13:34,0.9,0.9,37.722,15.017,4.67,9,0.06,94,1.2,0.9
2018-10-08 13:24:03,0.9,0.4,37.8,15.059,0.04,6,0.07,141,1,0.4
2018-10-08 14:03:26,2.5,2.6,37.722,14.939,0.04,31,0.21,74,0.5,0.1
2018-10-08 15:39:05,1,0.4,37.808,15.052,0.36,6,0.04,109,0.7,0.5
2018-10-08 19:43:49,1,0.8,37.72,14.924,3.52,7,0.27,146,1.4,0.7
2018-10-08 22:07:26,1.3,1.2,37.736,15.049,4.25,17,0.15,77,0.3,0.3
2018-10-08 22:09:37,1.8,1.8,37.733,15.052,3.46,31,0.23,46,0.3,0.2
2018-10-08 22:59:19,1,1,37.736,15.049,2.38,14,0.08,77,0.3,0.3
2018-10-09 00:48:59,1,0.9,37.664,14.859,1.64,8,0.12,177,1.4,0.8
2018-10-09 01:10:29,1.1,0.9,37.741,15.047,4.46,15,0.16,106,0.5,0.3
2018-10-09 01:52:25,1.6,1.5,37.735,15.049,3.8,26,0.2,42,0.2,0.2
2018-10-09 01:52:46,1.3,1.2,37.743,15.049,3.92,18,0.18,74,0.2,0.2
2018-10-09 02:39:28,1.2,1.7,37.73,14.869,21.8,17,0.19,112,0.7,0.6
2018-10-09 05:24:49,1.9,2.3,37.718,14.88,21.4,30,0.21,119,0.7,0.6
2018-10-09 05:26:43,1.5,1.6,37.738,14.912,16.75,17,0.22,121,1,0.8
2018-10-09 05:33:44,1.5,1.8,37.713,14.885,21.12,21,0.15,119,0.6,0.6
2018-10-09 05:38:03,1.5,1.7,37.708,14.896,17.65,20,0.23,112,0.5,0.5
2018-10-09 05:48:18,1.8,2.3,37.716,14.88,18.7,23,0.13,120,0.5,0.5
2018-10-09 06:11:25,1.2,1,37.743,15.002,1.59,17,0.19,97,0.5,0.3
2018-10-09 08:12:11,1.1,1.1,37.74,15.042,3.52,12,0.11,110,0.8,0.5
2018-10-09 16:55:53,1,0.8,37.742,15.029,4.15,10,0.04,177,0.4,0.4
2018-10-09 20:17:14,0.8,0.8,37.767,15.05,4.35,8,0.19,198,0.4,0.6
2018-10-09 20:37:13,1.9,1.9,37.643,14.827,2.76,16,0.22,182,0.3,0.4
2018-10-09 21:08:52,3.2,3.4,37.624,14.868,6.37,41,0.22,138,0.4,0.3
2018-10-09 21:56:46,1.3,1.5,37.642,14.872,4.84,19,0.17,157,0.4,0.6
2018-10-09 22:55:02,1,1.1,37.722,15.008,2.8,24,0.14,62,0.3,0.2
2018-10-10 00:20:34,1.2,1.2,37.752,15.048,8.36,18,0.13,69,0.6,0.3
2018-10-10 00:27:44,1.3,1.1,37.631,14.889,3.19,10,0.23,122,0.4,0.8
2018-10-10 00:37:43,0.9,1,37.746,15.036,4.46,13,0.06,89,0.7,0.4
2018-10-10 04:22:45,1.1,1,37.65,14.88,2.49,9,0.12,193,1.7,0.5
2018-10-10 10:33:46,0.9,0.8,37.743,15.026,3.64,8,0.09,140,2.3,0.9
2018-10-10 11:18:19,0.9,1,37.751,15.123,7.17,8,0.09,171,0.7,0.8
2018-10-10 17:02:26,1.2,1.1,37.691,15.047,5.54,18,0.14,99,0.8,0.4
2018-10-10 19:16:57,0.9,0.3,37.804,15.061,-0.22,6,0.06,162,0.6,0.4
2018-10-10 19:46:45,1.2,1.2,37.637,14.868,6.33,10,0.1,160,0.5,0.5
2018-10-10 20:15:28,1,0.8,37.714,15.029,3.02,9,0.15,116,0.6,0.4
2018-10-10 20:53:50,1.7,1.8,37.733,14.764,19.36,24,0.17,197,0.6,0.5
2018-10-10 21:03:52,1.2,1.4,37.735,14.769,18.76,10,0.16,207,1,1.3
2018-10-10 21:19:18,1.2,1.3,37.739,14.78,19.94,11,0.13,204,0.7,0.8
2018-10-10 21:26:57,1.6,1.6,37.734,14.761,19.77,15,0.14,209,0.6,0.8
2018-10-10 21:32:03,1.4,1.4,37.75,14.753,22.36,7,0.13,244,1.5,1.7
2018-10-10 21:34:07,1.3,1.4,37.744,14.767,15.9,11,0.12,238,0.7,1.4
2018-10-10 21:36:36,1.5,1.5,37.751,14.763,19.68,10,0.11,241,0.8,1.6
2018-10-10 21:38:41,1.5,1.5,37.742,14.791,18.53,13,0.13,227,0.6,1
2018-10-10 21:54:05,2.3,2.3,37.739,14.77,18.48,22,0.13,180,0.4,0.7
2018-10-10 23:20:00,1.7,1.7,37.652,14.845,0.55,9,0.2,170,0.5,0.3
2018-10-11 01:26:37,0.9,0.9,37.752,15.04,7.53,15,0.11,88,0.6,0.3
2018-10-11 01:50:10,1.1,0.8,37.641,14.851,4.8,8,0.17,169,0.4,0.5
2018-10-11 01:56:15,0.9,0.9,37.761,15.032,5.38,15,0.14,79,0.7,0.3
2018-10-11 02:06:34,1.1,1.1,37.753,15.031,7.78,10,0.07,134,1,0.5
2018-10-11 02:09:39,1.1,1.1,37.754,15.045,6.18,12,0.15,84,0.8,0.4
2018-10-11 02:13:50,1,1,37.757,15.04,6.74,10,0.08,90,1,0.4
2018-10-11 02:15:06,1,0.8,37.755,15.045,5.57,10,0.09,119,1.3,0.5
2018-10-11 02:18:58,1,1,37.753,15.032,4.86,10,0.16,133,1,0.4
2018-10-11 02:19:12,1.2,1.2,37.749,15.034,6.98,11,0.06,132,1,0.6
2018-10-11 02:43:56,1.5,1.5,37.758,15.028,5.26,33,0.24,52,0.4,0.2
2018-10-11 02:45:22,1.3,1.2,37.758,15.03,7.11,24,0.14,69,0.4,0.2
2018-10-11 02:50:34,1,0.9,37.74,15.034,5.68,9,0.2,134,1.5,0.8
2018-10-11 02:51:52,1,1,37.751,15.024,8.19,14,0.17,75,0.8,0.4
2018-10-11 03:00:34,1.1,1.3,37.754,15.067,14.88,7,0.11,118,1.2,1.5
2018-10-11 03:46:49,0.9,0.8,37.743,15.121,6.08,14,0.16,111,0.6,0.4
2018-10-11 03:51:02,0.9,0.9,37.743,15.017,3.46,11,0.11,114,1,0.5
2018-10-11 04:14:13,1,1,37.711,15.016,4.91,12,0.08,86,0.5,0.6
2018-10-11 06:48:37,1.2,1.3,37.641,14.873,6.67,8,0.08,170,0.8,0.7
2018-10-11 07:25:52,1.5,1.4,37.717,15.014,4.69,22,0.12,89,0.3,0.3
2018-10-11 07:29:25,0.9,0.9,37.697,15.061,0.4,8,0.12,224,1.2,0.6
2018-10-11 09:09:06,1.2,1.1,37.741,15.119,6.22,12,0.15,110,0.6,0.4
2018-10-11 14:47:53,1.3,1.2,37.713,15.006,6.01,20,0.09,79,0.5,0.4
2018-10-11 15:07:43,0.9,1,37.751,15.077,8.56,8,0.12,132,0.8,1
2018-10-11 16:11:58,1.1,1.1,37.716,15.013,5.45,15,0.09,151,0.4,0.4
2018-10-11 17:11:28,1,0.9,37.715,15.017,4.92,17,0.04,88,0.5,0.4
2018-10-11 19:32:35,1.2,1.1,37.648,14.895,2.1,14,0.27,125,0.6,0.3
2018-10-11 20:39:29,0.8,0.7,37.77,15.026,3.5,10,0.08,87,0.6,0.5
2018-10-11 20:51:59,1,0.9,37.753,15.033,3.85,14,0.06,73,0.4,0.3
2018-10-11 21:34:40,1,0.9,37.65,14.888,4.04,8,0.19,137,0.5,0.6
2018-10-11 22:28:34,1,0.9,37.752,15.029,8.7,6,0.08,176,2.3,1.3
2018-10-11 23:39:46,1.1,1.1,37.81,15.045,0.06,9,0.11,104,0.3,0.4
2018-10-12 01:21:13,0.7,0.9,37.707,15.021,4.68,14,0.12,75,0.4,0.4
2018-10-12 02:14:27,1,1,37.754,15.032,6.64,14,0.16,132,0.6,0.4
2018-10-12 02:22:07,0.7,0.8,37.73,15.038,-0.07,9,0.16,145,0.6,0.3
2018-10-12 06:50:11,1.4,1.4,37.751,14.997,1.78,22,0.13,56,0.2,0.2
2018-10-12 11:04:17,1.2,1.2,37.734,14.927,1.75,18,0.19,74,0.2,0.2
2018-10-12 11:57:22,1,1,37.739,15.031,7.23,12,0.18,116,0.9,0.5
2018-10-12 13:41:52,1.2,1.2,37.722,15.012,4.97,19,0.11,79,0.5,0.3
2018-10-12 15:40:34,1.2,1.3,37.742,15.026,3.51,19,0.13,82,0.4,0.2
2018-10-12 16:20:45,1,0.9,37.751,14.998,1.6,14,0.11,121,0.4,0.2
2018-10-12 17:14:54,1.4,1.4,37.742,15.022,2.97,25,0.19,55,0.3,0.2
2018-10-12 17:40:19,0.9,1.1,37.718,14.98,7.66,12,0.11,108,0.7,0.5
2018-10-12 18:15:19,1.1,1,37.628,14.911,3.07,8,0.17,206,0.5,0.6
2018-10-12 20:46:08,1.1,1,37.727,14.969,5.22,20,0.19,47,0.5,0.3
2018-10-12 20:55:45,0.8,1.1,37.721,14.959,7.38,16,0.2,59,0.6,0.4
2018-10-12 23:40:05,1.3,1.2,37.75,15.049,2.82,23,0.18,59,0.4,0.2
2018-10-12 23:42:38,0.9,0.9,37.75,15.059,3.44,14,0.15,85,0.4,0.3
2018-10-12 23:48:58,1.1,1,37.746,15.043,2.12,19,0.14,81,0.2,0.2
2018-10-13 00:11:34,1.1,0.9,37.743,15.045,2.46,16,0.1,78,1.1,0.2
2018-10-13 00:17:46,1.1,0.9,37.743,15.04,3.55,16,0.12,83,0.7,0.3
2018-10-13 00:22:37,1.1,0.8,37.654,14.872,3.3,5,0.05,163,1.1,0.9
2018-10-13 00:29:43,1,1.5,37.747,15.051,0.35,9,0.13,106,0.4,0.3
2018-10-13 00:29:48,1.5,1.3,37.745,15.045,2.8,26,0.21,61,0.3,0.2
2018-10-13 00:31:29,1.9,1.8,37.744,15.048,3.15,34,0.2,39,0.2,0.1
2018-10-13 00:31:51,1.3,1.1,37.748,15.054,0.38,13,0.17,69,0.4,0.2
2018-10-13 00:34:00,1.4,1.3,37.744,15.049,3.84,21,0.14,63,0.3,0.2
2018-10-13 00:38:32,1.4,1.3,37.743,15.05,3.37,28,0.17,63,0.3,0.2
2018-10-13 00:38:59,1.4,1.2,37.743,15.047,3.91,14,0.13,75,0.3,0.2
2018-10-13 00:39:30,0.7,0.5,37.753,15.081,3.28,6,0.11,136,1.2,0.8
2018-10-13 00:40:02,1,0.8,37.742,15.051,4.19,9,0.1,102,0.5,0.4
2018-10-13 00:40:40,0.7,0.6,37.738,15.067,2.96,7,0.26,83,1.3,0.6
2018-10-13 00:49:14,0.8,1.1,37.743,15.068,6,8,0.11,136,1.9,1.3
2018-10-13 01:38:30,0.9,0.9,37.743,15.041,6.46,9,0.06,115,0.9,0.5
2018-10-13 02:21:43,0.8,0.7,37.743,15.047,3.56,11,0.1,108,0.6,0.3
2018-10-13 02:53:58,1.2,1.2,37.731,14.989,10.34,15,0.14,84,0.7,0.4
2018-10-13 03:49:57,1.3,1.4,37.633,14.873,7.07,9,0.08,158,0.5,0.7
2018-10-13 06:08:01,1,1.1,37.631,14.891,4.02,11,0.25,123,0.6,0.6
2018-10-13 09:25:31,0.9,0.9,37.731,15.078,4.15,12,0.15,161,0.6,0.6
2018-10-13 12:30:51,0.8,0.7,37.766,15.046,2.71,9,0.17,125,0.8,0.5
2018-10-13 13:54:13,1,0.8,37.752,15.003,1.74,11,0.13,133,0.4,0.3
2018-10-13 17:37:27,1,0.9,37.742,14.999,2.51,14,0.15,94,0.4,0.2
2018-10-13 23:53:29,1.1,1.1,37.743,15.04,5.09,11,0.17,110,0.8,0.4
2018-10-14 00:23:25,1.2,1.2,37.75,14.995,1.3,22,0.08,88,0.2,0.2
2018-10-14 03:33:54,0.9,1.2,37.729,15.008,3.9,25,0.12,37,0.2,0.2
2018-10-14 15:16:38,0.9,1.1,37.745,15.029,3.67,10,0.05,129,0.9,0.6
2018-10-14 17:12:31,0.7,1,37.749,15.024,5.86,9,0.05,144,1.4,1.1
2018-10-14 17:18:13,1,1,37.752,15,1.34,16,0.07,92,0.4,0.3
2018-10-14 18:55:29,0.8,1,37.751,15.04,6.51,8,0.04,137,1.2,0.7
2018-10-15 01:17:28,1.1,1.1,37.652,14.87,3.19,9,0.05,168,1,1.1
2018-10-15 04:26:51,0.8,1,37.744,15.008,2.91,9,0.06,138,0.6,0.7
2018-10-15 07:50:10,1.4,1.3,37.751,15.041,5.19,20,0.16,79,0.7,0.3
2018-10-15 18:13:36,2.3,2.1,37.755,15.008,1.4,31,0.13,43,0.1,0.1
2018-10-15 18:15:28,1.2,1.1,37.754,15.009,2,14,0.12,96,0.3,0.2
2018-10-15 18:21:12,1.2,1,37.755,15.009,1.34,14,0.07,97,0.3,0.2
2018-10-16 00:37:24,0.9,1.1,37.74,15.003,3.42,17,0.14,114,0.5,0.3
2018-10-16 00:57:22,1.3,1.2,37.748,15.086,3.63,16,0.15,58,0.3,0.3
2018-10-16 05:12:41,0.9,0.7,37.763,15.014,1.02,6,0.04,246,0.6,0.6
2018-10-16 05:13:21,0.9,0.7,37.756,15.012,1.14,7,0.08,255,0.6,0.7
2018-10-16 05:15:29,1.3,1.1,37.755,15.006,1.54,17,0.12,122,0.4,0.2
2018-10-16 09:02:18,1,1,37.753,14.996,0.73,18,0.1,85,0.2,0.2
2018-10-16 14:02:49,1.1,1.2,37.751,15.013,3.9,12,0.12,138,1,0.3
2018-10-16 14:12:45,1.1,1.4,37.721,15.009,5.67,18,0.1,77,0.4,0.3
2018-10-16 15:05:14,0.9,1.1,37.755,15.028,6.89,9,0.05,144,1.2,0.6
2018-10-16 16:25:09,1.3,1.1,37.752,14.997,0.96,20,0.11,52,0.2,0.2
2018-10-16 17:34:36,0.8,0.7,37.749,15.032,-1.57,8,0.11,172,1.3,0.4
2018-10-16 18:17:55,1,1.1,37.741,15.053,6.7,8,0.04,140,1.3,0.8
2018-10-16 18:28:38,1.1,1,37.749,15.042,1.02,20,0.19,63,0.4,0.2
2018-10-16 18:29:14,1.2,1,37.75,15.04,1.04,16,0.15,87,0.5,0.2
2018-10-16 18:29:42,0.8,1,37.747,15.057,3.86,14,0.09,77,0.3,0.3
2018-10-16 18:30:23,2.3,2.2,37.745,15.047,3.05,31,0.14,38,0.2,0.1
2018-10-16 18:56:19,0.9,1,37.748,15.05,3.83,8,0.04,126,1.5,0.6
2018-10-16 19:34:08,0.7,0.9,37.743,15.047,4.71,7,0.03,150,2,0.8
2018-10-16 19:34:30,0.8,1.1,37.737,15.056,8.59,7,0.06,136,2.1,1.1
2018-10-16 19:44:25,0.9,1.1,37.749,15.034,5.99,9,0.04,131,1.2,0.6
2018-10-16 21:08:59,1.3,1.3,37.74,15.001,3.45,26,0.16,41,0.2,0.2
2018-10-16 21:26:33,1.1,1.1,37.736,14.999,2.98,20,0.14,62,0.4,0.2
2018-10-16 22:51:38,1.5,1.4,37.722,15.011,3.12,25,0.12,48,0.2,0.2
2018-10-17 01:11:06,1.2,1.3,37.76,15.044,7.39,16,0.18,87,0.5,0.3
2018-10-17 05:16:12,1.2,1.3,37.727,15.009,2.32,18,0.13,56,0.2,0.2
2018-10-17 06:03:15,1.1,0.9,37.74,15.023,3.5,8,0.06,149,0.6,0.4
2018-10-17 17:32:27,0.9,1,37.729,15.014,3.86,9,0.14,115,0.7,0.4
2018-10-17 18:45:20,0.9,1.1,37.748,15.076,7,13,0.13,76,0.8,0.4
2018-10-17 18:47:28,1.2,1.5,37.746,15.079,5.34,22,0.19,52,0.4,0.2
2018-10-17 18:48:16,0.8,1.1,37.744,15.086,6.63,9,0.15,97,0.8,0.4
2018-10-17 18:48:25,1,1,37.752,15.074,5.57,9,0.13,109,0.8,0.4
2018-10-17 18:51:40,0.9,1,37.754,15.006,1.48,9,0.1,225,0.6,0.6
2018-10-17 19:47:01,1.1,1.2,37.759,15.099,4.85,14,0.15,71,0.4,0.3
2018-10-17 19:50:02,0.8,1,37.702,15.111,3.76,7,0.08,302,1.5,1.6
2018-10-17 19:54:46,0.8,0.9,37.75,15.112,4.13,7,0.21,141,0.9,0.4
2018-10-17 22:18:08,1.2,1.2,37.652,14.87,3.49,7,0.16,167,0.5,0.6
2018-10-18 03:40:07,1.4,1.5,37.743,15.083,2.99,24,0.22,57,0.6,0.2
2018-10-18 05:55:50,1.3,1.5,37.707,15.103,3.65,17,0.17,94,0.3,0.2
2018-10-18 09:19:54,0.9,0.9,37.713,15.028,5.04,7,0.07,116,1,0.7
2018-10-18 10:01:15,1.4,1.9,37.737,15.094,4.54,27,0.22,107,0.6,0.2
2018-10-18 15:32:22,1.2,1.3,37.729,15.04,4.28,20,0.15,71,0.2,0.3
2018-10-18 20:34:23,1.4,1.3,37.755,15.002,1.18,22,0.12,72,0.2,0.2
2018-10-18 20:34:56,1.1,1.2,37.737,15.001,-0.25,9,0.16,253,0.7,0.6
2018-10-18 21:17:18,1,1.1,37.753,14.939,5.44,13,0.18,73,0.5,0.3
2018-10-18 22:30:49,1.4,1.5,37.749,14.943,6.21,18,0.18,65,0.4,0.3
2018-10-18 22:40:24,1,1.3,37.745,14.943,8.32,14,0.14,67,0.6,0.4
2018-10-18 22:40:48,1.3,1.3,37.746,14.947,7.09,19,0.14,55,0.4,0.3
2018-10-19 07:50:51,1.2,1.1,37.738,14.947,4.67,8,0.17,104,1,0.6
2018-10-19 11:35:39,2,2,37.721,14.927,12.58,16,0.18,100,0.8,0.6
2018-10-19 12:36:59,1.6,1.6,37.727,14.974,9.13,13,0.18,74,0.7,0.5
2018-10-19 13:36:56,1.3,1.3,37.719,14.969,3.69,10,0.13,113,0.6,0.4
2018-10-19 18:29:01,1.1,1.1,37.737,15.01,2.43,18,0.19,84,0.5,0.3
2018-10-20 04:28:03,1,1.1,37.746,14.978,0.19,11,0.2,93,0.4,0.4
2018-10-20 05:50:44,1.4,1.3,37.734,14.939,6.03,15,0.15,101,0.8,0.6
2018-10-20 09:28:38,1.7,1.9,37.593,14.865,8.06,14,0.22,167,0.6,0.9
2018-10-20 09:54:57,2.9,3,37.64,14.956,3.41,15,0.34,94,0.3,0.3
2018-10-20 10:30:42,1.4,1.3,37.735,15.025,6.73,18,0.15,101,0.8,0.4
2018-10-20 22:34:05,1.2,1.3,37.724,15.013,3.51,26,0.19,81,0.3,0.2
2018-10-20 22:36:21,1,0.9,37.749,14.996,1.44,10,0.08,143,0.6,0.6
2018-10-20 23:05:36,1.4,1.3,37.742,15.054,7.52,15,0.17,142,0.7,0.5
2018-10-20 23:27:50,1.5,1.4,37.732,15.039,5.03,31,0.17,42,0.4,0.2
2018-10-21 09:10:18,1,1,37.746,15.061,5.07,9,0.15,132,0.6,0.4
2018-10-21 09:11:11,1,1,37.757,15.027,6.12,8,0.19,180,1.6,0.9
2018-10-21 09:20:23,1.1,1,37.711,15.02,2.6,14,0.21,96,0.4,0.4
2018-10-21 14:38:18,1.3,1.2,37.724,15.021,4.2,16,0.14,92,0.3,0.3
2018-10-21 14:40:27,1.1,1.2,37.724,15.03,3.83,8,0.11,181,0.9,0.6
2018-10-21 19:56:00,1.4,1.4,37.749,14.996,0.42,16,0.1,77,0.6,0.2
2018-10-21 23:25:34,1.4,1.5,37.617,14.891,7.77,12,0.26,223,0.7,0.6
2018-10-22 08:40:02,1,1,37.749,15.099,3.15,10,0.13,104,0.7,0.7
2018-10-22 08:50:57,1.1,1.1,37.743,15.107,4.04,7,0.29,179,1.1,1.1
2018-10-22 08:52:11,1.4,1.3,37.736,15.09,4.06,16,0.21,81,0.4,0.3
2018-10-22 09:14:37,2.6,2.5,37.627,14.954,6.53,19,0.2,106,0.8,0.4
2018-10-22 10:05:52,1.4,1.1,37.725,15.104,4.91,14,0.24,106,0.5,0.6
2018-10-22 10:08:15,1.5,1.3,37.73,15.089,4.65,18,0.21,95,0.5,0.4
2018-10-22 10:09:06,1,1.1,37.715,15.119,5.79,9,0.13,274,0.8,1.4
2018-10-22 11:04:52,2.4,2.4,37.737,15.079,5.56,28,0.2,50,0.2,0.2
2018-10-22 11:07:29,1.4,1.5,37.85,15.108,0,8,0.21,310,0.5,0.7
2018-10-22 11:08:05,1.2,0.7,37.804,15.054,0.25,8,0.24,114,0.7,0.4
2018-10-22 11:09:12,1.6,1.4,37.737,15.087,3.6,16,0.18,64,0.4,0.3
2018-10-22 11:10:50,1.8,1.7,37.737,15.099,4.57,17,0.13,90,0.4,0.4
2018-10-22 11:21:27,1.2,1.2,37.731,15.089,6.08,9,0.13,93,0.6,0.7
2018-10-22 14:17:08,0.7,0.7,37.742,15.041,2.16,10,0.13,129,0.4,0.4
2018-10-22 14:45:55,1,1,37.731,15.115,4.8,8,0.1,126,0.6,0.7
2018-10-22 15:51:17,1.3,1.4,37.727,15.094,5.25,18,0.21,112,0.5,0.5
2018-10-22 15:55:51,1.1,1.1,37.723,15.014,3.37,14,0.14,83,1,0.6
2018-10-22 16:16:47,1.2,1.2,37.724,14.981,8.59,17,0.15,81,0.7,0.5
2018-10-22 16:56:55,1.1,1,37.751,14.996,2.11,13,0.12,110,0.3,0.3
2018-10-22 17:32:49,1,0.9,37.722,15.103,5.31,10,0.17,206,0.6,0.8
2018-10-22 21:35:53,1.4,0.8,37.745,15.047,2.81,16,0.12,91,0.8,0.3
2018-10-22 21:37:52,1,0.9,37.742,15.041,4.98,10,0.13,158,0.9,0.5
2018-10-23 00:25:47,1.6,1.6,37.75,15.109,6.27,18,0.25,106,0.4,0.5
2018-10-23 01:32:06,1.6,1.6,37.755,15.026,3.75,26,0.16,52,0.3,0.2
2018-10-23 01:46:11,1,0.8,37.764,15.117,6.52,12,0.17,88,0.6,0.4
2018-10-23 08:20:30,1,0.9,37.722,14.986,3.59,9,0.11,130,1.4,0.7
2018-10-23 22:47:54,3.1,3.2,37.768,15.01,13.7,32,0.22,56,0.5,0.3
2018-10-24 00:56:30,1,1,37.751,15.069,1.95,11,0.18,97,0.3,0.3
2018-10-24 01:01:37,1.3,1.2,37.738,15.048,6.46,14,0.08,106,0.7,0.4
2018-10-24 01:16:41,1.1,1.1,37.733,15.042,4.98,11,0.16,236,0.7,0.6
2018-10-24 01:21:46,2.2,2.3,37.624,14.95,1.94,23,0.26,107,0.6,0.2
2018-10-24 01:40:02,1,1.1,37.711,14.957,6.56,10,0.17,135,0.8,0.7
2018-10-24 04:26:34,1,0.8,37.703,15.048,1.83,11,0.11,137,0.7,0.6
2018-10-24 05:46:10,1,1,37.717,15.018,5.4,9,0.15,152,0.6,0.6
2018-10-24 06:27:10,1.3,1.2,37.721,15.102,6.56,13,0.13,208,0.7,0.8
2018-10-24 08:27:57,1,1.1,37.748,15.047,4.94,14,0.18,129,0.8,0.4
2018-10-24 13:20:41,1.3,1.2,37.715,15.015,5.05,12,0.14,154,0.6,0.5
2018-10-24 13:21:54,1.2,1.1,37.717,15.017,5.2,13,0.07,90,0.6,0.5
2018-10-24 13:41:24,1.1,1.1,37.713,15.015,5.05,16,0.12,158,0.4,0.4
2018-10-24 22:28:01,1,1.1,37.745,15.026,5.03,15,0.16,103,1.1,0.4
2018-10-24 23:35:13,1.3,1.2,37.73,14.993,6.08,21,0.24,58,0.5,0.3
2018-10-25 10:29:28,1.2,1.2,37.724,14.987,7.23,16,0.16,80,0.7,0.5
2018-10-25 11:03:05,1,1,37.713,14.996,8.93,10,0.08,92,1.1,0.5
2018-10-25 11:39:40,0.8,0.8,37.739,15.024,3.62,10,0.07,184,0.8,0.6
2018-10-25 15:28:02,1,1,37.734,15.044,4.67,13,0.1,111,0.6,0.5
2018-10-25 17:11:10,1,1.1,37.722,14.978,6.16,15,0.17,91,0.6,0.5
2018-10-25 22:15:32,1.2,1.1,37.748,15.02,3.55,25,0.19,72,0.4,0.2
2018-10-25 22:51:10,1,0.8,37.739,15.059,2.26,17,0.13,91,0.2,0.2
2018-10-26 09:10:13,1.1,1.1,37.75,15.001,0.9,21,0.14,58,0.3,0.2
2018-10-26 10:40:24,1,1,37.721,15.005,6.62,14,0.17,71,0.6,0.6
2018-10-26 15:45:32,1.2,1.1,37.715,14.938,-1.58,13,0.18,86,1.2,0.3
2018-10-26 17:58:16,1.4,1.3,37.628,14.862,7.36,12,0.19,217,0.6,1.1
2018-10-26 18:00:40,1.4,1.3,37.618,14.894,6.95,11,0.25,227,0.6,0.8
2018-10-27 08:52:05,2.1,2,37.741,15.036,5.62,29,0.17,65,0.3,0.2
2018-10-27 10:32:49,0.9,0.8,37.74,15.067,3.76,8,0.11,133,0.7,0.5
2018-10-27 15:26:35,1.1,1,37.754,15.027,4.33,9,0.06,148,0.6,0.6
2018-10-27 16:14:18,1.2,1.2,37.626,14.959,9.56,9,0.07,244,0.7,0.8
2018-10-27 17:08:17,1.4,1.5,37.627,14.956,9.66,8,0.07,221,0.8,0.7
2018-10-27 17:13:24,1.8,1.7,37.737,15.092,5.76,16,0.14,82,0.4,0.3
2018-10-27 17:58:11,1.3,1.3,37.636,14.962,11.07,8,0.07,213,1.1,1.1
2018-10-28 02:47:56,1.5,1.6,37.738,15.084,2.17,23,0.17,84,0.2,0.2
2018-10-28 02:49:43,1,0.9,37.74,15.082,3.4,8,0.13,122,0.3,0.4
2018-10-28 02:52:39,1.3,1.3,37.628,14.96,10.1,13,0.11,176,0.6,0.9
2018-10-28 07:08:52,1.1,1.2,37.75,14.99,5.22,11,0.14,231,1.4,0.8
2018-10-28 07:34:20,1.4,1.5,37.751,15.002,6.51,12,0.22,76,1,0.5
2018-10-28 09:05:50,1.2,1,37.738,15.066,5.26,13,0.13,115,0.7,0.5
2018-10-28 10:02:01,1,0.8,37.731,14.981,2.1,10,0.16,65,0.5,0.4
2018-10-28 10:05:24,1.5,1.5,37.728,14.995,5.71,16,0.18,60,0.8,0.4
2018-10-28 10:06:30,1.2,1,37.721,14.98,5.12,11,0.11,90,1,0.6
2018-10-28 11:22:10,1.7,1.6,37.731,14.984,5.66,23,0.17,42,0.7,0.3
2018-10-28 12:03:14,1.1,1.1,37.751,15.003,1.03,16,0.23,150,0.4,0.3
2018-10-28 14:27:52,1.1,1.1,37.722,14.983,7.4,10,0.13,115,0.8,0.8
2018-10-28 15:27:40,1,0.9,37.721,14.988,5.55,10,0.12,67,1.3,0.8
2018-10-28 18:56:37,1.1,0.9,37.744,15.014,2.52,13,0.18,116,0.5,0.4
2018-10-28 20:14:47,1,0.9,37.682,15.073,3.34,9,0.21,122,0.8,0.8
2018-10-28 20:18:38,1.4,1.1,37.674,15.074,2.39,12,0.14,133,0.3,0.3
2018-10-29 01:56:04,1,0.8,37.802,15.05,-1.59,11,0.23,90,0.6,0.2
2018-10-29 02:17:50,1.4,1.3,37.736,15.085,6.19,11,0.12,117,0.6,0.6
2018-10-29 03:24:39,1.2,1.3,37.716,15.015,3.08,13,0.18,144,0.4,0.3
2018-10-29 03:33:10,2.2,2.1,37.757,15.001,1.3,22,0.13,55,0.3,0.3
2018-10-29 03:33:45,1.1,1.3,37.759,15.001,-0.71,8,0.08,105,2.2,0.5
2018-10-29 07:58:00,1.9,1.9,37.74,15.029,6.84,15,0.11,91,0.8,0.5
2018-10-29 08:25:48,1.1,1,37.745,15.035,2.52,8,0.14,129,1.7,0.4
2018-10-29 11:55:44,0.8,0.8,37.732,15.001,2.13,8,0.05,238,1.6,1
2018-10-29 18:19:55,1.2,1.2,37.746,15.035,6.12,10,0.11,96,0.8,0.7
2018-10-30 04:51:37,2.2,2.3,37.702,15.101,5.82,22,0.21,69,0.5,0.2
2018-10-30 14:12:55,2.1,2.2,37.735,14.814,24.14,17,0.11,206,0.5,0.8
2018-10-30 14:18:39,1.3,1.2,37.762,14.843,3.65,12,0.23,146,0.3,0.3
2018-10-30 15:36:17,2.2,2.2,37.737,14.841,5.92,20,0.22,115,0.4,0.6
2018-10-30 16:30:04,1.3,1.3,37.754,14.988,1.68,15,0.04,111,0.3,0.3
2018-10-30 16:35:29,1.3,1.2,37.757,14.857,2.57,14,0.2,119,0.9,0.3
2018-10-30 16:42:27,1.6,1.6,37.703,15.093,6.94,13,0.16,98,0.5,0.4
2018-10-30 16:50:32,1.3,1.3,37.619,14.952,7.47,16,0.29,230,0.8,0.6
2018-10-30 17:10:19,1.1,0.9,37.74,15.013,3.19,12,0.22,118,1.3,0.4
2018-10-30 17:25:26,1.3,1.3,37.623,15.191,10.56,15,0.17,179,0.4,0.7
2018-10-30 18:48:52,1,1,37.823,15.041,2.12,8,0.25,249,0.4,0.5
2018-10-30 19:40:03,1,0.9,37.758,15.063,4.35,9,0.13,188,0.6,0.6
2018-10-30 20:52:23,1,0.8,37.659,14.853,3.33,8,0.15,189,0.7,0.6
2018-10-30 20:53:31,1.4,1.3,37.621,14.941,6.62,17,0.27,186,0.7,0.7
2018-10-30 21:52:47,1.1,1.1,37.748,15.004,2.52,10,0.18,134,1,0.4
2018-10-30 22:39:24,1.7,1.6,37.747,14.804,7.99,25,0.14,215,0.4,0.5
2018-10-31 02:10:08,0.8,0.8,37.742,15.009,3.73,8,0.19,115,0.6,0.4
2018-10-31 09:30:28,1.3,1.3,37.741,15.007,4.59,17,0.15,67,0.4,0.2
2018-10-31 13:19:22,0.9,0.9,37.739,15.036,6.37,7,0.04,165,1.3,0.8
2018-10-31 14:32:20,1.1,1.1,37.705,15.02,4.07,9,0.18,96,0.4,0.5
2018-10-31 14:35:48,1.2,1.2,37.72,15.006,4.83,13,0.11,72,0.4,0.3
2018-10-31 14:37:05,1.1,1,37.805,15.053,-0.52,9,0.11,95,0.2,0.2
2018-10-31 14:37:13,1.2,1.2,37.81,15.049,-0.45,9,0.12,108,0.2,0.2
2018-10-31 16:03:33,1.4,1.5,37.658,15.046,15.14,10,0.19,133,0.8,0.9
2018-10-31 17:08:50,1,0.9,37.723,15.04,6.87,11,0.1,126,0.8,0.5
2018-10-31 18:22:24,2.1,2.1,37.756,15.036,8.12,27,0.23,56,0.3,0.3
2018-10-31 23:04:02,0.9,0.9,37.734,15.002,4.24,10,0.13,130,0.5,0.4
2018-11-01 02:50:43,2,1.9,37.635,14.942,8.02,20,0.24,98,0.6,0.4
2018-11-01 03:58:57,1.3,1.2,37.628,14.962,8.48,14,0.12,108,0.7,0.8
2018-11-01 05:02:57,1.2,1.1,37.639,14.977,8.35,12,0.2,95,0.7,0.5
2018-11-01 07:50:00,1,0.9,37.749,15.003,1.29,12,0.1,127,1.2,0.5
2018-11-01 08:03:42,1.2,1.2,37.619,14.926,7.94,9,0.15,222,1,0.8
2018-11-01 08:39:03,1.3,1.3,37.622,14.908,0.74,10,0.24,208,0.8,0.4
2018-11-01 09:10:02,0.5,0.3,37.805,15.045,-1.59,8,0.24,107,0.5,0.2
2018-11-01 10:31:18,1.1,0.9,37.754,15.03,4.19,10,0.11,100,0.6,0.5
2018-11-01 13:28:57,0.8,0.4,37.808,15.066,0.77,8,0.12,218,0.4,0.4
2018-11-01 14:04:32,1,0.9,37.739,15.031,3.64,9,0.22,127,1.6,0.7
2018-11-01 14:24:41,1.5,1.3,37.753,15.029,5.05,26,0.3,54,0.6,0.3
2018-11-01 16:49:27,1.2,1.2,37.658,14.978,8.9,9,0.23,116,1,1.2
2018-11-01 17:15:35,1.2,1.3,37.609,14.961,6.45,13,0.16,213,1.3,0.6
2018-11-01 17:21:34,1.8,1.7,37.626,14.936,5.41,17,0.21,174,0.4,0.4
2018-11-01 21:50:31,1,0.7,37.747,15.095,2.92,9,0.15,122,0.6,0.8
2018-11-02 12:44:23,1.1,1,37.75,14.998,3.15,15,0.11,102,0.5,0.3
2018-11-02 14:35:54,1.6,1.4,37.721,15.003,4.56,17,0.11,68,0.5,0.3
2018-11-02 15:35:51,2.1,2.3,37.619,14.962,8.76,10,0.25,228,1.3,0.6
2018-11-02 18:15:36,1.1,1.2,37.715,14.998,7.42,14,0.1,78,0.5,0.4
2018-11-02 18:16:24,0.8,1,37.717,14.998,6.75,9,0.04,106,0.9,0.7
2018-11-02 20:32:15,1,1.1,37.72,15.009,5.96,8,0.06,165,1,1.2
2018-11-02 21:54:56,2.2,1.9,37.75,15.004,0.48,26,0.14,43,0.2,0.1
2018-11-02 22:02:23,1.3,1.5,37.729,14.956,8.39,22,0.11,55,0.5,0.3
2018-11-02 22:29:50,1.1,1,37.706,15.006,4.27,6,0.04,156,1,0.9
2018-11-02 22:43:30,1.1,1.1,37.715,15.007,5.66,5,0.04,198,1.8,1.6
2018-11-03 05:53:20,1.4,1.4,37.72,15.003,4.52,16,0.13,80,0.4,0.3
2018-11-03 10:05:32,1.5,1.5,37.633,14.943,7.95,8,0.18,161,1.1,0.6
2018-11-03 11:24:12,1.4,1.5,37.633,14.949,9.26,7,0.07,234,1.4,1.1
2018-11-03 11:38:44,1.8,1.9,37.636,14.906,7.58,12,0.15,140,0.5,0.4
2018-11-03 14:12:03,1.6,1.5,37.751,14.962,0.28,18,0.2,57,0.2,0.2
2018-11-04 00:42:19,1.2,1,37.65,14.937,7.68,7,0.11,130,1,0.9
2018-11-04 01:43:58,1.3,1.5,37.746,15.025,13.78,9,0.09,279,0.9,1.1
2018-11-04 02:15:13,1,1.2,37.742,15.011,6.09,14,0.13,90,0.7,0.4
2018-11-04 05:26:39,1,1.1,37.752,15.022,6.28,9,0.06,160,0.9,1.1
2018-11-04 06:11:25,1.1,1.2,37.721,15.01,4.03,12,0.16,194,0.4,0.7
2018-11-04 06:31:32,1.2,1.4,37.75,15.021,6.85,10,0.14,125,1.1,0.5
2018-11-04 06:52:10,1.1,1.3,37.735,15.053,4.9,7,0.11,295,0.9,1.1
2018-11-04 15:05:49,1.1,1,37.774,15.018,2.44,9,0.1,147,0.6,0.7
2018-11-04 18:29:06,1,1.1,37.707,15.011,5.37,14,0.09,90,0.5,0.5
2018-11-04 20:59:54,1,1,37.752,15.003,1.1,8,0.07,228,0.7,0.6
2018-11-04 21:01:00,0.9,1,37.749,15.008,0.59,9,0.16,232,0.6,0.6
2018-11-05 09:37:12,1.3,1.3,37.759,14.995,1.22,15,0.06,83,0.3,0.3
2018-11-05 14:28:14,0.8,1.1,37.744,15.04,4.14,10,0.07,90,0.6,0.5
2018-11-05 14:29:02,0.7,0.9,37.74,15.035,3.39,7,0.09,167,1.5,0.6
2018-11-05 14:34:42,0.7,0.8,37.754,15.023,1.91,7,0.03,185,1.4,0.5
2018-11-05 14:53:56,0.7,0.9,37.749,15.019,0.24,8,0.1,164,0.9,0.7
2018-11-05 15:17:40,0.9,1,37.748,14.998,2.65,12,0.16,92,0.5,0.3
2018-11-05 20:58:48,1,0.8,37.692,15.004,3.28,7,0.08,155,0.7,0.9
2018-11-05 22:22:15,1,0.9,37.69,15.002,3.91,7,0.05,162,0.9,1.1
2018-11-05 22:32:17,0.7,1,37.742,15.033,3.14,10,0.11,89,2,0.5
2018-11-06 01:42:54,1.2,1.1,37.8,15.035,5.36,6,0.04,147,0.8,1
2018-11-06 02:00:13,1,0.7,37.799,15.034,1.9,6,0.06,155,0.6,0.5
2018-11-06 07:46:31,1,1,37.8,15.038,0.78,6,0.02,148,0.7,0.4
2018-11-06 07:46:39,0.9,0.9,37.798,15.036,1.09,6,0.02,147,0.7,0.4
2018-11-06 08:57:26,1.1,1.2,37.747,15.037,6.32,8,0.06,212,1.4,1.2
2018-11-06 09:43:54,1,1,37.741,15.039,2,10,0.17,94,0.6,0.4
2018-11-06 11:15:47,1.2,1.1,37.763,14.966,1.68,14,0.11,111,0.5,0.3
2018-11-06 17:12:26,1.2,1.3,37.738,14.999,5.59,18,0.11,61,0.6,0.3
2018-11-06 17:12:34,2.2,2,37.741,14.993,4.06,33,0.14,33,0.2,0.2
2018-11-06 19:29:41,1.2,0.9,37.8,15.029,0.3,8,0.13,196,0.6,0.4
2018-11-06 20:47:09,1.3,1.4,37.827,14.939,22.01,17,0.18,75,0.7,0.4
2018-11-06 20:53:22,2,2,37.826,14.928,25.73,26,0.14,75,0.5,0.4
2018-11-06 20:59:52,1.7,1.8,37.826,14.931,26.11,23,0.13,74,0.5,0.5
2018-11-06 21:30:53,1.8,1.8,37.83,14.935,24.12,20,0.11,78,0.6,0.4
2018-11-06 22:28:44,1,0.6,37.798,15.034,0.32,7,0.08,155,0.5,0.3
2018-11-06 23:08:11,1,1,37.793,15.032,2.55,6,0.13,148,1.1,0.7
2018-11-06 23:54:33,1.4,1.5,37.81,15.06,15.49,21,0.17,59,0.5,0.3
2018-11-06 23:59:32,1.2,1.2,37.815,15.066,14.81,20,0.2,62,0.5,0.4
2018-11-07 02:19:35,1,0.9,37.745,15.013,1.89,14,0.07,116,0.4,0.2
2018-11-07 04:05:34,1.5,1.3,37.724,15.01,3.06,23,0.11,48,0.4,0.2
2018-11-07 04:47:50,1.4,1.2,37.711,15.017,4.01,19,0.14,74,0.4,0.3
2018-11-07 06:19:50,1.3,1.5,37.732,15.108,18.85,22,0.09,183,0.5,0.7
2018-11-07 06:21:19,1.2,1.4,37.727,15.137,19.23,12,0.09,231,0.8,0.7
2018-11-07 06:22:09,1.5,1.6,37.829,14.937,25.36,22,0.11,76,0.5,0.4
2018-11-07 06:35:07,1.5,1.7,37.829,14.929,27.19,21,0.13,104,0.5,0.5
2018-11-07 07:11:14,1,1.1,37.733,15.038,5.3,17,0.11,106,0.5,0.3
2018-11-07 10:33:42,1.1,1.3,37.749,14.96,7.26,12,0.13,85,1,0.4
2018-11-07 11:49:52,0.7,1,37.678,15.073,1.99,7,0.2,258,1.5,1.7
2018-11-07 13:04:52,0.9,1.1,37.716,15.019,4.81,12,0.09,124,0.7,0.7
2018-11-07 14:02:44,0.9,1.1,37.73,15.038,1.54,11,0.13,109,1.1,0.3
2018-11-07 21:41:42,0.9,0.8,37.754,14.996,1.24,10,0.07,183,0.5,0.5
2018-11-07 22:33:41,1.2,1.2,37.725,15.013,3.76,19,0.13,54,0.4,0.2
2018-11-07 22:44:46,1,1,37.711,15.019,5.24,12,0.11,93,0.8,0.6
2018-11-08 02:45:32,0.8,0.9,37.753,15.042,5.55,6,0.04,235,1.4,1.5
2018-11-08 04:34:19,1.3,1.3,37.737,15.101,6.31,21,0.17,91,0.4,0.3
2018-11-08 04:34:46,0.9,0.9,37.743,15.087,5.98,9,0.14,95,0.6,0.5
2018-11-08 05:46:00,0.9,1,37.745,15.123,5.37,7,0.12,194,0.7,0.9
2018-11-08 07:31:21,1.7,1.7,37.639,14.974,9.03,13,0.13,211,0.6,0.7
2018-11-08 09:50:52,1.1,1,37.756,14.999,0.89,10,0.09,146,0.6,0.4
2018-11-08 10:48:48,1.3,1.3,37.742,15.016,2.77,20,0.09,86,0.4,0.2
2018-11-08 11:50:08,1.4,1.6,37.629,14.959,14.75,7,0.06,220,1.5,1.7
2018-11-08 12:24:19,1.4,1.3,37.741,15.042,7,17,0.06,95,0.6,0.4
2018-11-08 16:29:25,2.1,1.9,37.735,15.001,3.85,31,0.12,37,0.2,0.2
2018-11-08 16:44:17,1.2,1.2,37.733,15.001,4.88,17,0.11,44,0.5,0.3
2018-11-08 20:12:10,1,1,37.751,14.996,0.81,13,0.09,109,0.5,0.3
2018-11-09 04:19:28,1.3,1.3,37.739,15.042,4.28,12,0.09,109,0.9,0.6
2018-11-09 05:22:21,1.2,1.1,37.738,14.974,6,12,0.19,80,0.6,0.7
2018-11-09 05:59:37,1.3,1.2,37.714,15.012,5.56,11,0.07,80,0.8,0.7
2018-11-09 07:10:46,1.2,1.1,37.744,15.015,2.22,13,0.09,150,0.4,0.3
2018-11-09 07:11:43,1.3,1.3,37.741,15.016,2.09,15,0.12,112,0.4,0.3
2018-11-09 17:09:40,1.3,1.2,37.734,15.014,4.17,12,0.1,104,0.7,0.5
2018-11-09 19:21:10,1.3,1.2,37.731,15.006,4.87,15,0.13,70,0.7,0.4
2018-11-09 21:06:25,1.2,1.1,37.755,15.084,6.87,10,0.18,116,0.8,0.8
2018-11-09 22:15:57,1.5,1.5,37.765,14.793,7.8,14,0.11,202,0.6,0.7
2018-11-09 23:57:20,1,0.9,37.755,15.004,1.21,11,0.14,120,0.6,0.5
2018-11-10 00:44:19,1.1,1.1,37.732,14.929,4.88,13,0.11,71,0.7,0.5
2018-11-10 02:55:06,1.5,1.5,37.741,15.036,3.5,22,0.09,63,0.5,0.3
2018-11-10 03:06:18,1,1.1,37.74,15.038,3.82,15,0.08,67,0.8,0.4
2018-11-10 03:09:45,1.1,1.2,37.738,15.041,4.97,11,0.05,100,1,0.5
2018-11-10 04:12:47,1,1,37.737,15.041,3.87,9,0.08,108,1.1,0.5
2018-11-10 05:29:40,1,1.1,37.741,15.035,3.68,12,0.07,121,0.6,0.3
2018-11-10 05:33:33,0.9,0.9,37.739,15.035,3.49,10,0.06,119,1.2,0.5
2018-11-10 05:49:22,1,1,37.737,15.038,5.87,9,0.06,112,1.8,0.9
2018-11-10 09:31:07,0.9,1,37.74,15.038,3.21,8,0.12,94,2.1,0.8
2018-11-10 09:35:30,1.2,1.2,37.717,15.017,5.86,7,0.02,151,0.7,1
2018-11-10 10:34:52,1,1,37.723,15.087,5.33,12,0.14,105,0.8,0.8
2018-11-10 16:16:57,1.1,1.1,37.752,14.988,1.59,17,0.05,111,0.3,0.6
2018-11-10 20:19:27,1.1,1,37.748,15.053,2.09,12,0.09,103,0.4,0.3
2018-11-10 20:59:23,1,1.2,37.752,14.985,2.16,7,0.04,175,0.7,0.9
2018-11-11 02:07:50,1.1,1.2,37.725,15.017,3.63,22,0.1,41,0.4,0.3
2018-11-11 02:56:30,1.2,1.3,37.715,14.986,6.53,18,0.11,72,0.6,0.4
2018-11-11 07:36:16,1.2,1.4,37.715,15.01,4.78,15,0.11,78,0.5,0.5
2018-11-11 07:39:12,1.6,1.6,37.728,15.016,2.5,16,0.09,84,0.5,0.4
2018-11-11 07:40:53,1,1.1,37.73,15.019,3.61,14,0.1,85,0.5,0.3
2018-11-11 07:49:51,1.2,1.3,37.716,15.012,5.17,14,0.05,79,0.5,0.5
2018-11-11 07:58:01,1.1,1.3,37.714,15.01,5.57,9,0.04,83,0.7,0.7
2018-11-11 08:50:09,1.5,1.4,37.748,15.022,3.14,19,0.18,73,0.4,0.3
2018-11-11 08:50:18,1.3,1.2,37.739,15.033,2.33,9,0.08,125,2.7,0.4
2018-11-11 09:58:27,1.1,1,37.755,15.007,0.91,11,0.15,195,1.3,0.5
2018-11-11 13:05:54,1.1,1,37.823,15.067,13.35,13,0.13,119,0.9,1.1
2018-11-11 16:29:35,1,0.9,37.683,15.086,3.12,9,0.11,132,1.1,0.3
2018-11-11 22:04:42,1.1,1.1,37.717,15.063,3.47,9,0.06,113,0.5,0.3
2018-11-11 22:57:08,1.1,1,37.752,15.008,1.97,15,0.06,89,0.5,0.3
2018-11-12 02:11:53,1.2,1.1,37.754,15.007,2,14,0.09,100,0.5,0.3
2018-11-12 02:31:14,1,1,37.756,15.007,1.99,12,0.13,122,0.5,0.5
2018-11-12 04:15:23,1.5,1.5,37.725,14.859,4.05,23,0.21,124,0.3,0.5
2018-11-12 04:17:45,1.1,1.2,37.725,14.856,7.34,10,0.18,173,0.6,0.5
2018-11-12 04:17:52,1.3,1.4,37.672,14.842,3.03,10,0.19,168,0.5,0.6
2018-11-12 04:19:35,1.2,1.3,37.727,14.836,7.69,8,0.15,197,1.3,1.1
2018-11-12 04:19:58,1.3,1.5,37.723,14.844,6.62,20,0.22,192,0.5,0.5
2018-11-12 04:24:55,1.3,1.5,37.707,14.841,6.13,20,0.2,157,0.5,0.4
2018-11-12 04:29:10,1.1,1.2,37.735,14.862,5.05,9,0.2,174,1.4,0.8
2018-11-12 04:30:50,1.1,1,37.72,14.857,7.73,8,0.14,182,0.7,0.7
2018-11-12 04:30:59,1.3,1.4,37.722,14.853,6.44,9,0.15,183,0.6,0.8
2018-11-12 04:33:24,1.2,1.4,37.725,14.853,6.08,14,0.15,178,0.5,0.5
2018-11-12 04:33:41,1.3,1.5,37.714,14.849,6.97,11,0.16,202,0.5,0.5
2018-11-12 04:37:03,1.3,1.3,37.711,14.847,5.81,12,0.21,210,0.5,0.4
2018-11-12 04:41:33,1.2,1.1,37.695,14.839,6.45,10,0.29,241,0.7,0.5
2018-11-12 05:04:43,1.5,1.4,37.717,14.847,4.9,22,0.2,143,0.4,0.4
2018-11-12 05:25:31,1,0.9,37.746,14.842,4.17,8,0.19,136,0.5,0.6
2018-11-12 05:37:24,1.3,1.2,37.733,14.849,5.51,9,0.19,165,0.6,0.7
2018-11-12 14:50:03,1.7,1.7,37.754,15.008,0.94,21,0.14,60,0.3,0.2
2018-11-12 18:07:42,1,0.9,37.709,15.019,5.05,9,0.07,95,0.8,0.8
2018-11-12 19:57:18,1.2,1.2,37.727,14.994,8.79,9,0.07,163,1.1,1.1
2018-11-12 21:28:26,1.1,1.1,37.734,15.04,6.91,8,0.08,155,1.2,1.2
2018-11-12 23:48:57,1.1,1,37.742,15.029,3.96,14,0.12,175,0.5,0.5
2018-11-13 00:24:40,1,1,37.745,15.007,2.66,16,0.1,64,0.5,0.4
2018-11-13 01:39:56,1.1,1.2,37.733,15.005,4.76,13,0.1,69,0.8,0.4
2018-11-13 01:46:04,0.9,0.8,37.74,15.072,3.59,14,0.1,81,0.7,0.4
2018-11-13 02:33:04,1.2,1.3,37.752,14.994,1.27,20,0.07,54,0.3,0.3
2018-11-13 02:43:19,0.9,0.9,37.749,14.999,0.87,6,0.04,148,0.8,0.7
2018-11-13 05:55:54,1.2,1.3,37.748,15.03,4.86,15,0.08,78,0.8,0.4
2018-11-13 05:57:14,0.9,1,37.746,15.03,5.01,9,0.04,138,2.1,0.7
2018-11-13 07:47:26,1.3,1.2,37.751,14.996,-0.12,19,0.05,50,0.3,0.2
2018-11-13 10:02:31,1.3,1.3,37.756,15.003,1.88,18,0.08,57,0.3,0.3
2018-11-13 10:16:56,0.9,1,37.754,14.997,1.99,11,0.06,117,0.6,0.4
2018-11-13 10:29:36,1,1,37.739,14.998,4,15,0.14,46,0.4,0.3
2018-11-13 11:34:52,0.8,0.9,37.751,15.003,1.56,12,0.08,195,0.4,0.6
2018-11-13 12:16:44,0.9,0.8,37.765,14.999,-0.05,8,0.07,181,0.8,0.8
2018-11-13 13:35:43,1.3,1.4,37.72,15.015,4.8,16,0.06,85,0.4,0.5
2018-11-13 16:10:52,1.4,1.4,37.747,15.024,7.19,8,0.04,184,1.6,0.8
2018-11-13 17:15:54,1.1,1.3,37.716,15.015,4.72,15,0.05,86,0.4,0.5
2018-11-13 18:40:06,1.2,1.1,37.73,15.022,3.89,11,0.12,97,0.6,0.4
2018-11-13 18:56:13,1.2,1.1,37.709,15.017,5.54,11,0.06,88,0.5,0.5
2018-11-13 21:00:10,1.2,1.2,37.753,15.025,4.18,13,0.16,106,0.9,0.3
2018-11-14 01:02:49,0.9,0.8,37.729,15.012,1.97,11,0.05,104,0.6,0.6
2018-11-14 03:21:59,1.1,1,37.754,15.006,0.99,12,0.08,90,0.7,0.3
2018-11-14 03:27:53,0.9,0.8,37.757,15.006,1.14,11,0.08,99,0.8,0.4
2018-11-14 07:58:30,1,1,37.755,15.007,1.67,13,0.08,125,0.5,0.4
2018-11-14 10:49:51,1,1.2,37.733,15.097,8.38,10,0.12,182,0.8,1.1
2018-11-14 12:37:01,0.9,1,37.739,15.037,6.26,13,0.05,94,1.5,0.7
2018-11-14 12:43:56,1,1.2,37.728,15.054,6.56,9,0.11,137,1.5,1.1
2018-11-14 13:15:15,1.1,1.3,37.748,15.058,8.08,11,0.18,110,1,1
2018-11-14 13:19:56,0.9,1.1,37.741,15.071,8.66,9,0.09,120,0.9,1
2018-11-14 18:30:17,1.3,1.3,37.718,15.008,4.55,17,0.09,74,0.4,0.4
2018-11-14 19:59:10,1,1.2,37.723,15.061,7.68,10,0.07,161,1.1,1.3
2018-11-14 20:30:00,0.9,1,37.744,15.014,3.45,15,0.11,71,0.5,0.4
2018-11-15 01:43:09,1.1,1.2,37.713,15.014,4.79,15,0.07,82,0.5,0.5
2018-11-15 06:49:50,0.9,0.7,37.8,15.062,-0.57,7,0.06,112,1,0.4
2018-11-15 09:56:04,0.9,0.7,37.753,15.059,1.29,10,0.06,104,1.5,0.7
2018-11-15 10:12:39,1.1,1.3,37.712,15.016,5.07,13,0.04,86,0.5,0.5
2018-11-15 10:35:45,1.2,1.4,37.711,15.014,4.82,17,0.06,81,0.4,0.4
2018-11-15 14:06:43,1,1.1,37.692,14.966,3.74,10,0.05,96,0.7,0.8
2018-11-15 14:19:01,1,0.9,37.743,15.113,3.86,11,0.11,102,1,0.7
2018-11-15 15:12:20,1.2,1.1,37.691,14.967,3.78,9,0.12,95,0.6,0.9
2018-11-15 15:15:48,1.3,1.1,37.692,14.971,4.17,9,0.07,92,0.8,0.9
2018-11-15 15:52:59,1.3,1.2,37.754,15.006,2.26,14,0.07,90,0.3,0.3
2018-11-15 16:19:26,1,1,37.736,15.082,4.97,16,0.12,98,0.8,0.5
2018-11-15 16:19:39,1.2,1.2,37.734,15.085,5.38,15,0.11,154,0.9,0.6
2018-11-15 17:46:06,1.1,0.9,37.72,15.026,4.18,10,0.1,105,1,0.7
2018-11-15 20:21:57,1.3,1.1,37.751,15.007,0.61,17,0.15,100,0.5,0.3
2018-11-15 22:01:08,1.3,1.1,37.744,15.029,1.89,16,0.17,133,0.3,0.3
2018-11-15 23:01:28,1.2,1,37.729,15.027,2.28,9,0.14,171,0.5,0.5
2018-11-15 23:26:10,1.1,1,37.725,14.929,5.7,11,0.11,139,0.8,0.6
2018-11-16 03:10:54,1,1,37.75,14.992,1.86,8,0.12,149,0.9,0.7
2018-11-16 04:20:03,1,1,37.762,14.969,1.37,10,0.18,224,0.9,0.5
2018-11-16 11:48:11,1.1,1.1,37.751,15.003,1.37,11,0.09,193,0.9,0.5
2018-11-16 13:58:26,1.1,1,37.752,15.005,1.73,13,0.09,191,0.5,0.4
2018-11-16 16:48:40,1.3,1.2,37.735,15.039,3.3,18,0.19,104,0.4,0.3
2018-11-16 19:24:26,1,0.8,37.8,15.038,0.31,8,0.14,129,0.6,0.3
2018-11-16 19:28:26,1.6,1.5,37.73,14.909,7.89,15,0.18,107,0.6,0.4
2018-11-16 20:03:33,1.1,1.1,37.749,15.046,5.17,9,0.1,152,1.2,0.7
2018-11-16 22:14:19,1.2,1.2,37.736,15.036,5.96,12,0.14,113,1,0.5
2018-11-17 01:39:28,1.4,1.3,37.754,15.015,2.16,20,0.15,64,0.2,0.2
2018-11-17 03:33:50,1,1.1,37.74,15.019,3.96,11,0.17,145,1.2,0.7
2018-11-17 03:40:00,1.3,1.2,37.736,15.044,6.04,13,0.08,105,0.9,0.6
2018-11-17 07:36:43,1.4,1.3,37.75,14.994,1.41,28,0.12,55,0.2,0.2
2018-11-17 15:17:24,1,0.9,37.71,15.025,4,9,0.13,129,0.7,0.7
2018-11-17 15:43:38,1.3,1.2,37.712,15.024,4.84,15,0.12,105,0.7,0.6
2018-11-17 15:56:45,1.3,1.2,37.706,15.024,5.67,12,0.15,107,0.9,0.7
2018-11-17 18:01:00,1,1,37.751,15.037,4.63,11,0.07,91,1.3,0.6
2018-11-17 18:56:06,1.1,1.2,37.721,15.023,4.15,10,0.07,124,0.8,0.7
2018-11-17 22:39:18,1.6,1.5,37.741,15.029,3.15,32,0.18,60,0.3,0.2
2018-11-17 23:07:27,1.3,1.2,37.734,15.045,5.19,12,0.1,110,1.1,0.6
2018-11-17 23:31:02,1.1,1.2,37.72,15.013,6.26,12,0.11,113,1,0.7
2018-11-18 02:28:32,0.9,0.8,37.717,15.032,1.16,9,0.13,152,0.9,0.4
2018-11-18 02:32:27,1.3,1.2,37.72,15.016,3.95,14,0.16,87,0.6,0.4
2018-11-18 07:01:32,1.1,1.2,37.731,15.049,5.35,14,0.13,123,0.9,0.6
2018-11-18 08:15:47,1.1,1.2,37.747,15,1.78,10,0.2,126,1.1,0.8
2018-11-18 08:58:06,1,1.1,37.703,15.08,2.3,11,0.21,149,0.4,0.4
2018-11-18 13:07:32,1.2,1.2,37.734,15.005,3.06,15,0.14,69,0.4,0.4
2018-11-18 14:29:18,1.2,1.2,37.645,14.887,5.29,9,0.07,139,0.6,0.6
2018-11-18 15:49:44,1.1,1.1,37.75,14.998,2.04,10,0.1,121,0.7,0.5
2018-11-18 18:02:19,1.2,1.2,37.738,15.035,4.13,16,0.11,95,0.4,0.3
2018-11-18 23:12:49,1.3,1.3,37.731,15.079,5.52,13,0.15,103,0.5,0.4
2018-11-18 23:58:21,1.6,1.5,37.733,15.044,3.78,23,0.21,77,0.3,0.2
2018-11-19 00:09:17,1,1,37.734,15.04,1.22,9,0.06,107,1.7,0.4
2018-11-19 00:56:24,1.3,1.2,37.742,14.831,1.98,10,0.13,132,0.3,0.5
2018-11-19 03:30:39,1.4,1.3,37.726,15,4.95,24,0.17,39,0.4,0.3
2018-11-19 04:52:43,0.9,1,37.753,15.017,1.55,10,0.22,113,0.4,0.4
2018-11-19 05:34:48,1.2,1.3,37.744,15.023,4.93,9,0.09,185,0.9,0.6
2018-11-19 07:35:20,1.4,1.3,37.752,14.99,1.81,14,0.13,99,0.5,0.3
2018-11-19 10:27:28,1.2,1.2,37.752,15.014,2.21,11,0.1,90,0.4,0.3
2018-11-19 16:25:30,1.1,1.1,37.744,14.992,3.18,12,0.07,87,0.5,0.4
2018-11-19 16:56:16,1.3,1.3,37.739,15.009,1.81,16,0.21,70,0.3,0.3
2018-11-19 19:39:31,1.2,1.2,37.706,15.026,3.98,8,0.19,235,0.6,0.6
2018-11-20 04:16:27,1.6,1.6,37.746,15.047,6.67,25,0.14,69,0.5,0.3
2018-11-20 04:54:17,1.1,1.1,37.759,14.879,4.41,8,0.2,103,0.9,0.4
2018-11-20 04:55:18,2.4,2.4,37.707,14.859,25.58,22,0.14,203,0.8,0.8
2018-11-20 04:58:28,1.9,1.9,37.736,14.844,22.99,14,0.18,164,1,1.2
2018-11-20 04:59:11,2,2.3,37.725,14.872,21.12,23,0.15,120,0.6,0.6
2018-11-20 05:00:29,2,2.3,37.708,14.884,22.42,23,0.21,123,0.7,0.6
2018-11-20 05:06:12,1.8,1.8,37.726,14.875,19.45,18,0.13,113,0.9,0.7
2018-11-20 05:06:20,3.2,3.2,37.705,14.881,21.65,19,0.15,182,0.6,0.6
2018-11-20 05:06:34,3.5,3.5,37.666,14.9,23.08,16,0.16,245,0.7,0.8
2018-11-20 05:07:38,2.3,2.3,37.737,14.854,21.79,13,0.14,117,1.2,1
2018-11-20 05:09:19,1.8,2.1,37.73,14.851,20.58,23,0.13,123,0.6,0.6
2018-11-20 05:09:38,1.8,1.8,37.738,14.904,11.77,11,0.2,88,1.1,0.6
2018-11-20 05:10:56,1.6,1.8,37.736,14.858,18.42,12,0.13,150,1.3,0.8
2018-11-20 05:13:40,1.8,2,37.731,14.913,14.53,22,0.22,75,0.6,0.4
2018-11-20 05:14:16,2.6,2.6,37.729,14.906,18.43,24,0.14,94,0.6,0.5
2018-11-20 05:19:12,1.6,1.8,37.735,14.856,23.69,13,0.16,113,0.6,0.9
2018-11-20 05:21:04,1.6,2,37.724,14.858,20.21,20,0.16,134,0.7,0.7
2018-11-20 05:21:38,1.8,2,37.721,14.87,20.99,19,0.18,122,0.8,0.7
2018-11-20 05:24:14,1.6,1.7,37.722,14.858,21.49,11,0.15,129,0.7,1.2
2018-11-20 05:29:27,2.1,2.2,37.717,14.854,22.88,16,0.1,137,0.6,0.7
2018-11-20 05:32:40,1.7,1.7,37.717,14.849,22.38,13,0.17,142,0.8,0.8
2018-11-20 05:35:09,1.5,1.6,37.724,14.869,20.78,11,0.1,119,0.8,1
2018-11-20 05:36:19,1.8,1.9,37.746,14.868,20.16,17,0.23,93,0.6,0.6
2018-11-20 05:37:29,2.6,2.6,37.73,14.859,22.96,23,0.15,125,0.7,0.9
2018-11-20 05:38:43,2.3,2.7,37.709,14.873,20.71,24,0.14,134,0.5,0.5
2018-11-20 05:39:51,1.9,1.9,37.736,14.877,18.38,17,0.13,104,0.9,0.7
2018-11-20 05:40:27,1.9,1.9,37.742,14.881,19.07,14,0.13,95,1,0.9
2018-11-20 05:43:26,1.7,1.8,37.735,14.892,19.48,13,0.16,97,1.1,1
2018-11-20 05:43:57,1.9,2.1,37.734,14.849,22.26,14,0.15,129,0.9,0.8
2018-11-20 05:44:40,2.1,2.2,37.737,14.89,16.05,10,0.12,95,1.5,0.8
2018-11-20 05:49:19,1.5,1.6,37.725,14.867,19.32,11,0.1,162,1.3,1.2
2018-11-20 05:50:12,1.6,1.8,37.716,14.866,22.14,14,0.27,128,0.6,1.1
2018-11-20 05:51:33,1.5,1.7,37.734,14.844,21.57,14,0.15,124,0.6,1
2018-11-20 05:53:41,3,3.3,37.719,14.863,22.05,31,0.25,135,0.5,0.5
2018-11-20 05:54:22,2.3,2.5,37.741,14.9,14.67,15,0.19,88,0.7,0.5
2018-11-20 06:01:35,1.4,1.4,37.734,14.91,10.25,8,0.2,99,0.8,0.7
2018-11-20 06:15:39,1.8,1.4,37.751,14.996,1.63,22,0.1,89,0.3,0.2
2018-11-20 06:37:55,1.9,1.9,37.744,14.895,12.44,21,0.16,87,0.8,0.5
2018-11-20 07:14:15,1.7,1.9,37.722,14.84,22.9,12,0.18,146,0.7,0.9
2018-11-20 07:21:24,1.9,2,37.682,14.9,20.56,19,0.24,130,0.6,0.5
2018-11-20 07:22:02,1.5,1.8,37.724,14.873,21.81,15,0.13,116,1.4,1.4
2018-11-20 07:30:38,2,2.1,37.727,14.87,18.42,24,0.11,71,0.6,0.6
2018-11-20 07:46:40,1,1.2,37.709,15.009,5,7,0.08,119,0.7,1.1
2018-11-20 07:51:13,1.4,1.6,37.726,14.863,17.64,12,0.1,127,2.5,1.6
2018-11-20 08:27:29,1.6,1.6,37.735,14.873,17.98,11,0.1,138,2.1,2
2018-11-20 08:55:17,1.8,1.9,37.669,14.901,19,17,0.24,121,0.8,0.7
2018-11-20 08:56:02,2.5,2.6,37.721,14.922,17.87,24,0.21,89,0.7,0.7
2018-11-20 08:58:43,1.9,2,37.743,14.837,22.28,17,0.26,120,0.7,0.9
2018-11-20 09:13:26,1.6,1.8,37.715,14.86,21.28,10,0.12,187,0.7,0.9
2018-11-20 09:14:31,1.6,1.8,37.72,14.918,20.15,9,0.18,130,1,1.6
2018-11-20 09:35:50,1.6,1.7,37.729,14.871,16.51,10,0.08,150,1,0.9
2018-11-20 09:58:06,2.3,2.4,37.702,14.898,20.03,24,0.22,121,0.5,0.4
2018-11-20 10:28:15,1.4,1.3,37.752,15,0.95,14,0.13,58,0.3,0.2
2018-11-20 10:47:30,2.8,2.8,37.729,14.838,25.18,25,0.17,152,0.5,0.7
2018-11-20 10:56:45,1.7,1.9,37.714,14.826,21,12,0.16,171,0.7,0.9
2018-11-20 11:28:09,1.6,1.5,37.709,15.008,4.15,14,0.21,89,0.2,0.3
2018-11-20 14:21:54,1.5,1.5,37.718,14.909,6.79,11,0.08,187,1.4,0.5
2018-11-20 14:23:22,1.2,1.2,37.73,15.036,3.75,10,0.16,108,0.8,0.4
2018-11-20 14:27:42,1.1,1.1,37.756,15.012,2.46,12,0.15,98,0.4,0.3
2018-11-20 14:48:15,1.2,1.2,37.744,15.001,2.05,13,0.13,61,0.4,0.2
2018-11-20 16:39:35,1.3,1.3,37.736,15.045,4.51,15,0.16,107,0.6,0.3
2018-11-20 17:43:00,1.4,1.5,37.734,15.035,5.83,24,0.17,101,0.6,0.4
2018-11-20 18:53:26,2.4,2.6,37.719,14.854,23.57,35,0.23,135,0.5,0.5
2018-11-20 19:03:24,1.6,2,37.75,14.858,24.45,20,0.27,104,0.8,0.9
2018-11-20 20:27:29,1.6,1.9,37.724,14.856,21.13,26,0.19,127,0.7,0.7
2018-11-20 21:36:31,1.5,1.4,37.749,15.003,2,33,0.18,45,0.2,0.2
2018-11-20 22:54:19,1.5,1.4,37.722,15.013,3.42,29,0.12,59,0.3,0.2
2018-11-20 23:32:59,1.2,1.3,37.737,15.006,4.15,28,0.17,68,0.3,0.2
2018-11-21 00:35:06,1.2,1.2,37.702,15.019,5,15,0.09,111,0.5,0.5
2018-11-21 06:43:24,1,1,37.754,15.01,2.03,14,0.15,89,0.3,0.2
2018-11-21 07:18:58,1.5,1.4,37.737,15.033,4.15,17,0.14,94,0.3,0.3
2018-11-21 07:19:27,1.3,1.3,37.736,15.041,6.78,13,0.11,103,0.7,0.6
2018-11-21 21:07:49,0.8,0.4,37.809,15.047,0.06,10,0.25,139,0.7,0.3
2018-11-21 22:08:41,1.3,1.4,37.736,14.924,13.58,21,0.27,60,0.9,0.5
2018-11-21 22:11:23,1.4,1.6,37.727,14.896,15.48,19,0.22,101,1,0.6
2018-11-22 00:47:36,1.2,1.3,37.646,15.165,10.34,18,0.26,227,0.3,0.4
2018-11-22 01:31:54,1.1,1.1,37.74,14.969,8.33,19,0.22,48,0.5,0.4
2018-11-22 01:35:42,1,0.8,37.756,15.117,4.93,10,0.15,72,0.7,0.5
2018-11-22 05:44:00,1.3,1.4,37.791,15.074,8.99,11,0.16,103,1.1,0.7
2018-11-22 13:36:18,1.3,1.4,37.712,15.034,3.66,10,0.19,134,0.5,0.6
2018-11-22 14:08:05,1.1,1.1,37.713,15.021,4.15,11,0.21,99,0.6,0.5
2018-11-22 14:29:58,1.3,1.5,37.671,15.059,5.44,15,0.16,203,0.5,0.7
2018-11-22 22:17:42,1.2,1.1,37.743,15.005,4.14,18,0.17,101,0.3,0.3
2018-11-23 04:18:04,1.1,1,37.748,15.051,2.96,11,0.1,107,0.7,0.3
2018-11-23 06:40:56,1.5,1.5,37.751,14.995,0.73,23,0.08,49,0.2,0.2
2018-11-23 12:18:29,1.8,1.8,37.753,14.997,0.57,22,0.1,52,0.2,0.2
2018-11-23 14:46:43,1.1,1.2,37.713,15.009,5.72,10,0.06,78,0.5,0.5
2018-11-23 14:47:42,1,1,37.713,15.005,6.03,9,0.05,92,0.6,0.6
2018-11-23 18:20:07,1,0.9,37.75,14.997,0.95,11,0.09,131,0.4,0.3
2018-11-23 19:51:46,0.9,0.9,37.746,15.036,2.98,8,0.12,250,1.3,0.5
2018-11-23 19:59:37,1.4,1.3,37.765,15.05,7.01,12,0.19,139,0.6,0.5
2018-11-23 20:01:43,1.1,1.2,37.754,15.061,5.39,9,0.16,108,0.9,0.5
2018-11-23 21:42:09,0.9,0.9,37.743,15.039,2.03,10,0.1,117,0.4,0.2
2018-11-23 23:07:30,1.1,1.2,37.711,15.019,5.63,8,0.04,101,0.5,0.6
2018-11-24 05:01:25,1.5,1.3,37.764,15.038,3.62,18,0.18,62,0.2,0.2
2018-11-24 08:28:50,1.1,1.2,37.733,15.045,5.84,10,0.05,114,1,0.7
2018-11-24 09:56:31,1,1.2,37.712,15,4.71,12,0.11,87,0.4,0.4
2018-11-24 15:19:00,1,1.1,37.731,15.001,4.26,10,0.1,113,0.5,0.4
2018-11-24 19:36:56,1,1,37.731,14.999,4.13,10,0.13,110,0.4,0.4
2018-11-24 21:51:55,1.2,1.2,37.73,15.013,4.95,10,0.15,155,0.5,0.4
2018-11-25 03:26:14,1.6,1.8,37.749,15.003,0.77,27,0.14,44,0.2,0.1
2018-11-25 06:36:45,1.4,1.2,37.865,15.038,9.68,9,0.11,161,1.2,0.8
2018-11-25 12:38:41,1.6,1.5,37.748,15.011,0.68,25,0.14,66,0.2,0.1
2018-11-25 17:43:54,1.7,1.6,37.753,15.008,1.2,27,0.14,61,0.1,0.2
2018-11-25 17:45:18,1.1,1,37.754,15.008,1.6,9,0.07,98,0.7,0.3
2018-11-25 18:37:47,1.5,1.4,37.75,15.004,1.04,20,0.11,94,0.2,0.2
2018-11-25 18:53:20,1.3,1.2,37.754,15.005,1.45,11,0.09,103,0.6,0.2
2018-11-25 19:57:13,1,0.9,37.715,14.981,1.83,9,0.28,94,0.4,0.3
2018-11-25 20:22:01,1,1,37.754,15.003,1.25,9,0.08,131,0.7,0.3
2018-11-26 00:16:15,1.1,1.1,37.742,15.011,4.01,11,0.13,118,1.1,0.4
2018-11-26 04:19:36,1,1.2,37.736,14.934,5.98,9,0.17,98,0.9,0.7
2018-11-26 09:43:40,1,1.1,37.746,15.021,1.32,19,0.23,73,0.6,0.3
2018-11-26 17:16:29,1.8,1.6,37.659,15.096,1.78,14,0.08,165,0.3,0.3
2018-11-26 18:30:10,0.9,0.8,37.743,15.037,3.19,12,0.1,93,1,0.4
2018-11-26 21:13:45,1.1,1.2,37.732,15.094,7.8,16,0.19,91,0.7,0.4
2018-11-27 06:03:22,1.1,1.2,37.726,14.952,3.48,12,0.12,86,0.9,0.4
2018-11-27 10:31:16,1.9,1.9,37.739,14.998,3.42,26,0.12,41,0.2,0.1
2018-11-27 10:47:36,1.1,1.3,37.732,15.004,4.72,13,0.09,101,0.6,0.4
2018-11-27 11:15:35,1,1.2,37.746,15.01,2.5,11,0.13,105,0.8,0.4
2018-11-27 14:12:27,1.2,1.2,37.747,15.045,2.62,12,0.05,86,1.5,0.6
2018-11-27 14:18:04,0.9,1,37.717,15.021,3.71,8,0.02,151,0.6,0.7
2018-11-27 16:24:07,1,1.1,37.719,15.025,3.69,9,0.07,155,0.9,0.6
2018-11-27 18:34:44,1.8,1.8,37.754,14.999,0.54,26,0.11,41,0.3,0.1
2018-11-27 20:51:58,1.4,1.2,37.75,15.001,0.87,20,0.12,59,0.4,0.2
2018-11-27 22:55:51,0.9,1,37.73,15.038,3.75,6,0.05,161,1.6,0.8
2018-11-28 00:42:00,1.2,1.3,37.721,15.018,2.84,15,0.22,56,0.4,0.3
2018-11-28 00:45:54,1.1,1.2,37.719,15.011,3.47,13,0.17,124,0.8,0.7
2018-11-28 00:56:12,1.1,1.2,37.743,15.024,4.16,12,0.19,112,0.4,0.4
2018-11-28 01:01:05,1.2,1.1,37.741,14.924,2.89,13,0.28,99,0.7,0.6
2018-11-28 02:59:13,1.3,1.4,37.732,15.047,5.95,14,0.23,81,0.8,0.4
2018-11-28 03:56:08,1.2,1.2,37.757,15.011,4.05,12,0.24,92,0.7,0.5
2018-11-28 07:22:36,1.4,1.5,37.732,14.922,7.09,13,0.16,108,0.8,0.8
2018-11-28 19:40:34,1.2,1.3,37.737,15.067,5.29,12,0.11,121,0.8,0.4
2018-11-29 06:19:11,1.5,1.3,37.742,15.032,3.9,16,0.12,90,0.3,0.3
2018-11-29 06:55:11,1.1,1.2,37.725,14.996,7.26,8,0.05,167,0.6,0.8
2018-11-29 10:06:18,1.2,1.4,37.779,14.824,4.98,11,0.19,176,0.4,0.4
2018-11-29 12:33:41,1,1.1,37.753,15.068,8.19,10,0.13,86,0.6,0.5
2018-11-29 18:01:08,1.1,1,37.725,15.021,2.34,10,0.25,95,0.3,0.3
2018-11-29 21:08:16,1.1,1,37.73,15.026,-0.62,10,0.24,131,0.9,0.4
2018-11-29 22:38:51,1.2,1.3,37.716,15,6.4,8,0.12,118,1.5,0.9
2018-11-29 22:43:10,1.5,1.4,37.684,14.89,1.54,9,0.15,129,0.4,0.3
2018-11-29 22:58:23,1.2,1.1,37.705,15.01,5.67,9,0.12,97,0.5,0.5
2018-11-30 00:48:19,1.1,1.1,37.739,15.116,9.3,9,0.13,195,0.8,0.9
2018-11-30 01:09:05,1.3,1.3,37.743,15.032,6.52,15,0.1,91,0.6,0.4
2018-11-30 01:44:31,1.5,1.4,37.689,14.879,1.12,10,0.28,139,0.6,0.2
2018-11-30 04:31:57,1.1,1.1,37.742,15.033,4.69,8,0.11,171,2,0.8
2018-11-30 05:05:44,1.1,1.1,37.752,14.995,0.9,12,0.1,103,1.2,0.2
2018-11-30 07:13:11,1.1,1,37.748,15.001,2,17,0.14,100,0.5,0.3
2018-11-30 11:40:23,1.1,1.2,37.75,14.997,1.99,13,0.14,69,0.6,0.3
2018-11-30 12:07:32,1.4,1.4,37.597,14.998,11.07,9,0.15,173,0.8,0.6
2018-11-30 13:57:36,1.1,1.2,37.71,15.016,5.28,13,0.04,87,0.5,0.5
2018-11-30 14:04:24,1.4,1.3,37.717,14.898,6.06,9,0.15,135,0.6,0.5
2018-11-30 14:58:15,1.3,1.4,37.725,15.021,3.79,13,0.11,94,0.5,0.4
2018-11-30 15:33:43,1.3,1.2,37.742,15.042,3.63,19,0.14,93,0.4,0.2
2018-11-30 15:36:00,1.3,1.3,37.75,15.034,9.12,11,0.18,132,0.7,0.7
2018-11-30 17:00:38,1.3,1.2,37.746,14.995,1.92,16,0.14,89,0.5,0.3
2018-11-30 18:52:00,1.4,1.2,37.798,15.034,-0.1,9,0.22,108,0.4,0.3
2018-11-30 19:06:19,1.3,1.3,37.738,14.996,4.03,11,0.1,92,0.7,0.4
2018-11-30 23:29:11,1.1,1.1,37.706,14.988,3.95,9,0.12,100,0.6,0.7
2018-12-01 03:01:38,1.1,1.2,37.71,15.018,3.88,13,0.11,72,0.4,0.3
2018-12-01 09:15:29,1.1,1.1,37.697,15.047,3.62,9,0.09,214,0.6,0.7
2018-12-01 10:03:39,1.4,1.3,37.726,15.017,3.67,26,0.18,54,0.3,0.2
2018-12-01 11:07:45,1.1,1,37.75,15.066,2.1,10,0.15,120,0.5,0.4
2018-12-01 12:28:57,1.2,1.2,37.743,15.075,4.06,9,0.12,116,0.6,0.6
2018-12-01 13:27:22,1.3,1.3,37.729,15.023,2.55,20,0.16,61,0.4,0.2
2018-12-01 15:26:35,1.1,1.1,37.75,14.997,1.78,18,0.07,59,0.4,0.3
2018-12-01 16:40:48,1.1,1.1,37.756,15,-0.34,10,0.04,181,2.3,0.4
2018-12-01 17:40:16,1.1,1.1,37.741,15.043,4.72,9,0.07,110,2,0.5
2018-12-01 18:04:56,1,0.9,37.71,15.019,4.56,6,0.04,126,1.1,1
2018-12-01 19:48:35,1.1,1.3,37.749,14.995,2.89,12,0.14,118,0.7,0.4
2018-12-01 22:03:04,1.2,1.2,37.733,15.055,7.4,11,0.08,123,0.9,0.6
2018-12-01 22:43:46,1.1,1.2,37.749,15.024,5.44,10,0.05,184,1,0.6
2018-12-01 22:44:08,1.1,1.1,37.748,15.036,4.12,11,0.1,89,0.6,0.4
2018-12-01 22:49:37,1.4,1.2,37.722,15.006,5.75,20,0.1,64,0.5,0.3
2018-12-01 23:25:19,1.5,1.5,37.739,15.04,8.49,9,0.06,112,0.9,0.8
2018-12-01 23:28:07,1.1,1.1,37.75,14.994,2.09,14,0.06,60,0.2,0.2
2018-12-02 00:02:07,1.2,1.1,37.748,15.052,4.19,13,0.12,88,0.5,0.3
2018-12-02 00:23:30,1.2,1.3,37.709,15.018,5.02,12,0.11,90,0.4,0.5
2018-12-02 06:39:27,1.2,1.2,37.713,15.029,4.05,16,0.2,119,0.5,0.4
2018-12-02 07:12:03,1.2,1.2,37.742,15,0.84,16,0.16,95,0.8,0.2
2018-12-02 10:07:49,1.2,1.1,37.742,15.019,6.36,10,0.11,152,0.9,0.6
2018-12-02 10:19:20,1.1,1.2,37.754,15.005,1.22,11,0.26,131,1.1,0.5
2018-12-02 11:22:37,1,1,37.74,15.033,1.41,8,0.12,131,0.9,0.6
2018-12-02 11:24:35,1.2,1.3,37.719,15.05,4.37,14,0.22,152,0.5,0.9
2018-12-02 12:52:57,1.3,1.2,37.73,14.998,6.7,22,0.19,61,0.5,0.3
2018-12-02 15:21:22,1.3,1.3,37.735,15.02,4.05,11,0.12,134,0.8,0.4
2018-12-02 15:49:19,1.2,1.1,37.747,14.994,2.89,10,0.16,119,0.6,0.4
2018-12-02 17:49:12,1.1,1,37.742,15.03,3.13,12,0.12,128,0.5,0.4
2018-12-02 18:53:47,1.2,1.2,37.748,15.035,6.03,11,0.09,128,0.9,0.7
2018-12-03 00:48:10,1.1,1.1,37.742,15.037,2.72,11,0.21,90,1,0.3
2018-12-03 00:54:38,1.1,1.1,37.728,15.013,3.73,8,0.07,141,0.5,0.4
2018-12-03 04:16:35,0.9,0.9,37.752,15.01,0,7,0.02,187,2.1,0.5
2018-12-03 05:43:47,1,1,37.725,15.013,4,15,0.14,81,0.5,0.3
2018-12-03 07:29:47,1.2,1.2,37.74,15.033,6.09,8,0.07,170,1.5,0.7
2018-12-03 07:50:33,1.2,1.2,37.739,15.033,5.73,9,0.06,121,0.9,0.5
2018-12-03 10:06:02,1.1,1.1,37.744,15.027,6.42,9,0.03,142,0.7,0.6
2018-12-03 11:55:43,1,1.1,37.736,15.048,3.63,10,0.1,111,1,0.4
2018-12-03 14:49:54,1.1,1.3,37.836,14.997,7.77,9,0.11,212,0.8,2
2018-12-03 20:26:05,1.9,1.9,37.751,15.001,1.23,27,0.14,58,0.2,0.1
2018-12-03 21:50:30,1.4,1.3,37.714,15.016,4.76,15,0.12,112,0.3,0.3
2018-12-03 23:02:12,1,1,37.754,15.009,1.9,8,0.08,106,0.7,0.3
2018-12-04 00:33:08,2.4,2.4,37.733,14.814,15.45,39,0.19,176,0.3,0.3
2018-12-04 01:16:53,1,1.1,37.724,15.019,3.95,8,0.06,129,0.5,0.5
2018-12-04 06:35:10,1.9,1.6,37.73,15.003,5.37,22,0.13,62,0.4,0.3
2018-12-04 07:07:18,1.5,1.5,37.71,15.014,5.48,17,0.09,82,0.5,0.4
2018-12-04 07:58:02,0.9,0.9,37.738,15.023,3.05,9,0.12,220,0.5,0.4
2018-12-04 08:25:20,1.4,1.4,37.733,15.015,3.37,14,0.08,79,0.5,0.3
2018-12-04 11:25:28,0.9,1,37.743,15.045,4.05,9,0.13,121,1.4,0.4
2018-12-04 12:02:57,1.5,1.3,37.741,15.029,4.05,22,0.13,85,0.5,0.2
2018-12-04 13:41:05,1.3,1.3,37.667,15.086,4.53,8,0.09,148,1.6,0.5
2018-12-04 14:25:22,1.2,1,37.708,14.887,4.06,7,0.19,168,0.6,0.6
2018-12-04 14:53:56,1.3,1.1,37.704,14.883,3.85,7,0.16,182,0.9,0.7
2018-12-04 15:31:12,1.1,1.2,37.739,15.011,4.43,14,0.12,71,0.5,0.4
2018-12-04 22:07:09,1,1,37.758,15.002,1.44,8,0.11,235,0.5,0.7
2018-12-05 02:31:30,1.1,1.1,37.752,15,1.19,12,0.07,116,0.3,0.2
2018-12-05 04:20:14,1,1,37.733,15.052,2.78,9,0.18,120,1.4,0.7
2018-12-05 04:52:10,1.1,1.1,37.734,15.044,5,10,0.14,111,0.6,0.5
2018-12-05 05:19:18,2.2,2.4,37.747,14.795,15.43,32,0.23,219,0.5,0.5
2018-12-05 06:26:26,1.4,1.4,37.742,15.028,5.52,19,0.16,95,0.8,0.4
2018-12-05 06:27:45,1.4,1.5,37.742,15.037,6.43,17,0.1,92,0.8,0.5
2018-12-05 07:56:34,2.2,2.1,37.756,15.005,1.05,37,0.17,58,0.2,0.1
2018-12-05 08:02:45,1.1,1.1,37.753,15.013,1.67,10,0.08,185,0.4,0.3
2018-12-05 12:42:06,1.5,1.6,37.708,14.925,8.1,21,0.2,122,0.5,0.5
2018-12-05 13:48:12,1.2,1.3,37.751,15,1.44,13,0.11,140,0.3,0.3
2018-12-05 18:58:13,1,1.1,37.75,14.977,2.19,12,0.23,132,0.2,0.3
2018-12-05 22:30:25,1,1,37.722,15.014,2.94,18,0.2,84,0.5,0.3
2018-12-06 01:07:48,1.2,1.1,37.756,14.995,1.17,19,0.1,87,0.3,0.2
2018-12-06 04:58:38,1.1,1.1,37.759,14.994,1.42,17,0.09,102,0.3,0.3
2018-12-06 05:41:12,1,1,37.75,14.993,2.96,13,0.17,87,0.6,0.3
2018-12-06 05:43:15,0.9,0.9,37.765,15.006,0.59,7,0.08,192,0.7,0.5
2018-12-06 11:23:30,1.3,1.3,37.734,15.049,4.93,10,0.12,115,1.2,0.6
2018-12-06 11:48:57,1.4,1.4,37.716,15.021,4.35,19,0.12,97,0.2,0.4
2018-12-06 12:03:45,1.5,1.4,37.721,14.87,1.39,11,0.13,126,0.3,0.3
2018-12-06 12:18:51,1.2,1.2,37.753,14.998,1.22,15,0.08,88,0.3,0.3
2018-12-06 12:30:25,1.2,1.4,37.724,15.003,5.94,13,0.15,98,0.7,0.6
2018-12-06 20:00:02,1.2,1.3,37.735,15.01,4.24,13,0.1,108,0.3,0.3
2018-12-06 20:00:31,1.3,1.4,37.739,14.943,9.2,17,0.15,89,0.6,0.4
2018-12-06 22:35:32,1,1,37.757,15.022,3.36,13,0.09,79,0.5,0.2
2018-12-06 23:07:50,1.1,1.2,37.716,15.017,4.72,10,0.08,118,0.5,0.6
2018-12-06 23:42:37,1,1.1,37.751,15.055,7.75,10,0.12,82,0.9,0.7
2018-12-07 00:07:39,1.2,1.1,37.741,15.01,3.29,16,0.12,75,0.6,0.5
2018-12-07 00:32:17,1.3,1.2,37.739,15.031,4.11,16,0.13,88,0.4,0.3
2018-12-07 08:10:41,1.6,1.5,37.737,15.008,4.88,14,0.16,105,0.8,0.5
2018-12-07 23:43:37,1.2,1.2,37.743,15.008,3.35,16,0.16,104,0.7,0.4
2018-12-08 00:00:05,1.2,1.4,37.712,14.999,5.19,16,0.05,83,0.5,0.4
2018-12-08 00:13:50,1,1.2,37.764,15.037,2.4,13,0.09,63,0.7,0.4
2018-12-08 01:15:05,1.4,1.4,37.633,14.873,1.13,15,0.34,158,0.3,0.8
2018-12-08 02:57:24,1,1.1,37.732,15.041,5.43,7,0.08,112,1.9,1.1
2018-12-08 04:35:48,1.2,1.2,37.754,15.009,1.02,18,0.09,61,0.3,0.3
2018-12-08 09:16:01,1.2,1.3,37.73,15.046,5.68,17,0.07,120,0.6,0.5
2018-12-08 12:28:15,1.1,1.2,37.754,15.006,1.71,15,0.06,90,0.3,0.4
2018-12-08 13:15:39,1.2,1.1,37.693,14.98,2.94,11,0.05,117,0.6,0.8
2018-12-08 13:51:49,1.3,1.5,37.71,14.988,7.3,18,0.09,84,0.8,0.6
2018-12-08 13:51:58,1.3,1.5,37.71,14.988,7.23,17,0.08,85,0.8,0.6
2018-12-08 13:52:23,1.4,1.6,37.71,14.988,7.46,18,0.08,86,0.8,0.6
2018-12-08 13:55:52,1.3,1.5,37.712,14.989,7.47,15,0.09,82,0.7,0.7
2018-12-08 16:36:04,1,1.2,37.746,15.041,4.03,14,0.06,87,0.9,0.4
2018-12-08 20:03:34,1.7,1.7,37.75,15.044,6.16,25,0.11,58,0.7,0.4
2018-12-08 20:22:54,1.7,1.6,37.753,15.041,5.31,22,0.14,60,0.7,0.4
2018-12-09 02:28:43,1.1,1,37.749,15.049,1.13,12,0.12,146,0.8,0.3
2018-12-09 03:48:00,1.1,1.1,37.751,15.057,2.88,11,0.11,134,0.8,0.4
2018-12-09 05:04:11,1.1,1.1,37.719,15.003,3.26,12,0.11,116,0.8,0.4
2018-12-09 05:27:33,2.1,2,37.725,14.955,7.85,27,0.13,58,0.5,0.3
2018-12-09 07:05:46,1.5,1.5,37.706,15.029,6.84,11,0.09,80,0.7,0.5
2018-12-09 11:00:24,1.2,1.1,37.815,15.011,3.66,8,0.11,163,0.9,0.8
2018-12-09 11:04:53,1.2,1.2,37.686,14.962,4.37,7,0.08,145,0.8,2
2018-12-09 16:59:37,1.6,1.5,37.751,14.999,1.36,21,0.13,58,0.3,0.2
2018-12-09 22:20:18,1.1,1.3,37.733,14.941,4.41,12,0.12,107,0.6,0.4
2018-12-10 00:52:44,1.3,1.3,37.716,14.929,0.49,13,0.16,86,0.7,0.2
2018-12-10 05:51:40,1.2,1.2,37.743,15.002,2.09,15,0.2,63,0.2,0.3
2018-12-10 06:51:17,1.2,1.3,37.73,15.048,6.12,12,0.05,124,1,0.6
2018-12-10 07:33:54,1.2,1.2,37.74,15.038,4.04,12,0.05,94,0.8,0.4
2018-12-10 11:14:28,1.2,1.3,37.703,14.986,7.9,10,0.11,100,1.2,0.8
2018-12-10 11:56:52,1,1.3,37.729,14.934,3.28,9,0.11,127,1.4,0.8
2018-12-10 11:57:14,1.3,1.3,37.717,14.945,5.14,15,0.13,74,1.1,0.6
2018-12-10 14:20:47,1.5,1.5,37.63,14.941,3.85,10,0.13,167,1.7,0.9
2018-12-10 21:55:44,1.3,1.2,37.724,14.944,5.1,11,0.12,94,1,0.5
2018-12-11 00:01:31,1.5,1.4,37.844,14.928,27.67,10,0.13,98,0.6,1
2018-12-11 00:04:55,1.7,1.7,37.829,14.931,23.26,18,0.13,78,1.1,0.9
2018-12-11 00:21:47,2.2,2.3,37.833,14.923,23.42,30,0.22,85,0.5,0.5
2018-12-11 00:23:43,1.7,1.9,37.846,14.924,21.45,24,0.13,103,0.9,0.7
2018-12-11 02:11:52,1.5,1.5,37.722,14.953,4.97,19,0.15,61,0.6,0.3
2018-12-11 02:39:29,1.3,1.2,37.728,14.957,5.79,13,0.12,108,0.3,0.3
2018-12-11 11:45:00,1.2,1.4,37.715,15.017,4.79,16,0.07,90,0.5,0.4
2018-12-11 11:48:53,1.1,1.1,37.702,15.004,5.46,9,0.07,111,0.8,1
2018-12-11 11:52:25,1.3,1.3,37.707,15.017,5.06,7,0.09,88,0.9,0.8
2018-12-11 13:24:34,1,0.9,37.724,15.039,2.06,8,0.17,151,0.8,0.5
2018-12-11 14:26:40,1.2,1.1,37.742,15.109,6.66,9,0.12,210,0.8,1
2018-12-11 17:26:53,1.3,1.3,37.7,14.988,7.56,10,0.11,112,1,0.9
2018-12-11 18:17:07,1.4,1.3,37.751,14.997,0.97,28,0.16,77,0.3,0.2
2018-12-11 18:23:01,1.3,1.3,37.728,14.982,5.69,11,0.1,103,1.2,0.5
2018-12-11 21:30:45,1.2,1.1,37.735,15.005,2.06,22,0.19,68,0.3,0.2
2018-12-11 21:45:19,1.2,1.2,37.748,15.031,7.51,8,0.05,134,1.4,1.3
2018-12-11 23:41:27,2.1,1.9,37.664,15.096,2.13,28,0.23,96,0.2,0.2
2018-12-11 23:42:07,1.5,1.5,37.678,15.096,4.86,7,0.15,162,1.5,0.7
2018-12-11 23:44:46,2,2.1,37.674,15.085,0.05,25,0.23,85,0.6,0.2
2018-12-12 02:44:19,1.4,1.3,37.733,14.941,6.9,33,0.22,61,0.5,0.2
2018-12-12 02:46:22,1.4,1.3,37.73,14.937,7,14,0.17,121,0.6,0.5
2018-12-12 02:48:17,1.2,1.2,37.73,14.937,6.71,13,0.17,69,1,0.6
2018-12-12 03:03:25,1.1,1.1,37.731,15.044,6.09,9,0.1,117,1.6,0.7
2018-12-12 03:22:04,1.3,1.3,37.718,15.016,4.72,11,0.05,86,0.7,0.7
2018-12-12 05:21:39,1.6,1.5,37.749,15.161,7.09,19,0.19,120,0.7,0.3
2018-12-12 06:08:36,1,1,37.66,15.101,1.56,9,0.07,152,0.7,0.3
2018-12-12 11:03:54,1,0.8,37.746,15.024,1.43,13,0.17,145,1.4,0.3
2018-12-12 13:04:18,1,1.1,37.748,15.031,6.76,9,0.04,174,1.2,0.9
2018-12-12 15:20:57,1.2,1.3,37.708,15.016,7.19,7,0.05,105,1.6,1.5
2018-12-12 15:31:57,1.3,1.4,37.685,15.082,11.29,9,0.17,77,1.5,0.8
2018-12-12 16:15:33,2.3,2.2,37.707,15.224,16.3,30,0.26,195,0.6,0.5
2018-12-12 16:30:16,2.1,2,37.718,15.202,15.37,27,0.22,188,0.7,0.5
2018-12-12 17:32:32,1.2,1.1,37.663,15.092,1.04,9,0.1,100,1.6,0.2
2018-12-12 17:51:17,1.3,1.2,37.723,15.192,11.89,14,0.15,171,0.8,0.7
2018-12-12 21:42:57,1.5,1.5,37.862,15.155,15.86,13,0.1,119,0.9,0.7
2018-12-12 22:09:54,1.3,1.3,37.844,15.184,19.36,10,0.13,169,1,1.3
2018-12-13 07:53:12,1.4,1.4,37.723,15.185,11.48,18,0.09,160,1.2,0.9
2018-12-13 08:26:32,1.1,1.2,37.718,15.023,4.26,12,0.06,101,0.3,0.6
2018-12-13 17:29:39,1.3,1.2,37.828,15.106,1.57,8,0.12,135,1.1,0.5
2018-12-13 20:53:40,1.3,1.2,37.73,14.953,4.69,12,0.13,107,1,0.5
2018-12-13 21:34:01,1.3,1.3,37.664,15.098,1.3,10,0.1,94,2.5,0.2
2018-12-13 23:11:07,1.2,1.1,37.749,15.009,3.55,11,0.12,100,1.7,0.4
2018-12-14 02:14:48,1.9,1.8,37.669,15.089,0.6,25,0.2,91,0.3,0.2
2018-12-14 02:46:24,1.2,1.4,37.654,15.1,5.4,6,0.02,165,1.7,0.6
2018-12-14 03:51:38,1,1.2,37.777,15.129,11.59,7,0.13,135,1.5,1.1
2018-12-14 07:50:25,1,1.1,37.765,14.941,0.02,9,0.18,252,2,1.1
2018-12-14 07:57:26,1,1,37.743,15.032,4.63,5,0.04,257,2.8,2.1
2018-12-14 10:12:11,1,1.1,37.757,15.04,5.09,7,0.03,163,1.1,0.6
2018-12-14 20:14:38,1,1,37.754,15.014,0.64,22,0.17,64,0.9,0.2
2018-12-14 20:15:06,1.1,1.2,37.752,15.009,1.7,14,0.18,189,0.3,0.3
2018-12-14 20:15:19,1.1,1.2,37.75,15.016,1.89,17,0.22,67,0.6,0.2
2018-12-14 22:03:47,1,1,37.756,15.077,3.75,8,0.11,173,0.8,0.5
2018-12-14 22:24:32,1,1.1,37.752,15.056,6.01,14,0.18,99,0.7,0.5
2018-12-14 22:26:31,1.2,1.2,37.744,15.065,5.1,20,0.2,76,0.5,0.3
2018-12-15 12:28:56,1,1.1,37.726,15.025,2.57,7,0.15,184,0.8,0.6
2018-12-15 13:39:43,2.3,2.6,37.705,14.88,21.49,35,0.24,128,0.6,0.5
2018-12-15 14:05:06,1.3,1.3,37.719,15.004,4.02,23,0.13,69,0.3,0.3
2018-12-15 16:12:34,1.3,1.5,37.809,15.067,14.89,10,0.16,127,0.9,0.7
2018-12-16 06:22:19,1,1.3,37.74,15.035,6.81,10,0.06,168,1.1,0.7
2018-12-16 12:31:12,1.2,1.4,37.749,15.031,4.74,26,0.18,57,0.5,0.2
2018-12-16 18:34:13,1,1.1,37.755,14.992,0.33,13,0.26,102,0.3,0.4
2018-12-16 19:29:33,2.9,3.1,37.749,14.997,0.79,41,0.17,41,0.2,0.1
2018-12-16 20:16:40,1.1,1.2,37.738,15.045,5.83,8,0.14,138,1.9,0.9
2018-12-17 03:42:25,1.2,1.3,37.72,15.065,4.13,9,0.2,110,0.8,0.5
2018-12-17 11:00:14,1.3,1.5,37.721,14.971,8.43,22,0.21,58,0.6,0.4
2018-12-17 11:34:07,1.3,1.5,37.724,14.976,7.62,25,0.16,55,0.6,0.3
2018-12-17 13:24:56,1.5,1.7,37.737,15.031,7.36,23,0.16,92,0.6,0.4
2018-12-17 13:28:10,1.3,1.5,37.728,15.028,6.59,14,0.16,98,1,0.6
2018-12-17 16:12:45,1.2,1.4,37.734,14.976,5.7,13,0.23,102,0.9,0.6
2018-12-18 05:07:54,1.7,1.5,37.728,15.007,4.26,23,0.14,45,0.2,0.2
2018-12-18 09:30:34,1.8,1.8,37.713,14.976,8.6,21,0.17,67,0.5,0.3
2018-12-18 09:30:53,1.8,1.8,37.714,14.981,8.47,19,0.16,74,0.4,0.4
2018-12-18 09:31:28,1.4,1.6,37.711,14.961,9.93,12,0.11,127,0.6,0.6
2018-12-18 09:31:39,2,2.1,37.715,14.978,8.71,20,0.17,69,0.5,0.4
2018-12-18 12:21:35,1.4,1.4,37.718,14.966,7.44,18,0.17,58,0.6,0.3
2018-12-18 15:44:39,2,1.9,37.749,15.028,5.41,31,0.18,34,0.4,0.2
2018-12-18 15:51:14,1.2,1.3,37.749,15.033,4.1,17,0.18,79,0.3,0.2
2018-12-18 16:13:45,1.3,1.4,37.749,15.029,3.98,25,0.18,56,0.3,0.2
2018-12-18 23:28:37,1.2,1.3,37.731,15.006,3.02,17,0.15,70,0.4,0.2
2018-12-18 23:33:59,1,1.2,37.746,15.034,3.4,14,0.16,91,0.8,0.3
2018-12-19 04:36:31,1.3,1.4,37.719,14.97,7.55,26,0.2,55,0.6,0.4
2018-12-19 04:56:26,0.9,1.1,37.716,15.012,4.6,6,0.05,142,0.8,0.7
2018-12-19 05:08:20,1.5,1.6,37.728,14.974,6.2,29,0.19,61,0.5,0.2
2018-12-19 07:53:30,1,1.2,37.733,15.044,3.72,10,0.07,112,1.4,0.5
2018-12-19 11:14:33,1.3,1.4,37.747,15.057,3.79,20,0.15,78,0.6,0.3
2018-12-19 16:10:44,1.4,1.5,37.715,14.92,8.25,21,0.16,100,0.7,0.5
2018-12-19 17:36:57,1.4,1.5,37.727,14.933,7.34,25,0.22,80,0.5,0.3
2018-12-19 22:12:22,1.4,1.6,37.714,14.967,8.42,27,0.19,62,0.6,0.3
2018-12-19 22:36:35,1.1,1.2,37.746,15.03,4.89,14,0.09,138,0.9,0.4
2018-12-19 22:36:57,1,1,37.746,15.026,3.01,10,0.04,182,1.5,0.5
2018-12-19 23:56:40,1,1.1,37.741,15.057,1.24,12,0.12,105,1.2,0.4
2018-12-19 23:58:04,1.1,1.3,37.729,15.051,3.69,25,0.17,73,0.3,0.3
2018-12-20 00:16:42,1.5,1.5,37.732,14.982,4.83,27,0.14,51,0.3,0.2
2018-12-20 02:39:17,1.4,1.5,37.735,14.958,7.05,10,0.15,95,0.7,0.5
2018-12-20 06:42:51,1.2,1.1,37.74,15.042,4.4,10,0.07,156,0.8,0.4
2018-12-20 10:30:25,1.5,1.3,37.68,14.936,-1.55,10,0.17,125,0.7,0.3
2018-12-21 00:59:48,1,1,37.728,15.033,0.88,7,0.14,187,1.1,0.4
2018-12-21 01:07:21,1.3,1.5,37.726,14.934,3.8,14,0.16,79,0.3,0.2
2018-12-21 03:10:29,1,1.2,37.724,15.008,3.24,12,0.15,74,0.4,0.3
2018-12-21 06:49:54,1,1.3,37.715,15.018,4.85,7,0.03,145,0.9,0.8
2018-12-21 09:38:16,1.1,1.4,37.732,15.035,4.98,17,0.11,104,0.6,0.3
2018-12-21 09:39:09,1,1.3,37.732,15.034,5.06,18,0.13,103,0.6,0.4
2018-12-21 17:14:04,0.8,1.1,37.733,15.06,4.37,7,0.11,130,0.6,0.7
2018-12-22 03:43:41,1,1.2,37.753,15.024,2.1,7,0.05,142,0.6,0.6
2018-12-22 04:33:32,1.1,1.4,37.723,14.967,6.21,10,0.16,72,1.4,0.5
2018-12-22 07:35:44,1.2,1.4,37.725,15.013,3.56,20,0.15,80,0.3,0.3
2018-12-22 08:10:08,1.3,1.3,37.72,14.991,7.19,20,0.13,68,0.6,0.4
2018-12-22 08:24:37,1.3,1.5,37.724,14.988,7.82,19,0.13,63,0.6,0.4
2018-12-22 08:41:20,1.1,1.4,37.753,15.045,8.42,14,0.17,78,0.8,0.4
2018-12-22 11:41:07,1,1,37.727,15.024,2.82,8,0.09,189,0.8,0.6
2018-12-22 17:44:32,1,1.3,37.74,15.006,4.11,10,0.14,103,1,0.4
2018-12-22 17:45:09,1.2,1.4,37.733,15.007,4.09,16,0.13,105,0.6,0.3
2018-12-22 19:36:44,1.3,1.4,37.724,14.998,3.86,18,0.13,99,0.3,0.3
2018-12-22 20:13:16,1.1,1.4,37.839,15,11.42,9,0.11,161,1,1.4
2018-12-22 20:15:23,1.6,1.8,37.834,14.999,10.19,24,0.15,67,0.3,0.3
2018-12-23 00:27:30,1.1,1.3,37.716,15.01,5.03,5,0.01,114,1.4,0.7
2018-12-23 02:02:45,1.1,1.1,37.738,15.013,1.42,16,0.17,74,0.4,0.2
2018-12-23 07:24:14,1,1.2,37.746,15.03,4.64,8,0.02,138,1.6,0.5
2018-12-23 11:48:47,1.3,1.3,37.724,15.009,3.81,28,0.17,46,0.2,0.2
2018-12-23 13:44:08,1,1.3,37.698,15.024,6.62,7,0.12,97,1.1,1.1
2018-12-23 18:50:02,2.1,2,37.724,14.956,6.05,25,0.2,58,0.4,0.2
2018-12-23 18:53:49,1.1,1.4,37.709,14.952,7.75,15,0.17,80,0.8,0.5
2018-12-23 18:59:24,1.3,1.6,37.722,14.959,6.39,21,0.2,56,0.5,0.3
2018-12-23 19:12:27,1.8,1.9,37.724,14.945,5.65,28,0.24,68,0.4,0.2
2018-12-23 19:19:30,2.4,2.5,37.725,14.955,5.71,38,0.21,58,0.3,0.2
2018-12-23 21:55:56,1.5,1.7,37.721,14.955,6.06,23,0.17,60,0.4,0.2
2018-12-24 05:48:35,1.5,1.4,37.654,14.862,3.98,11,0.2,160,0.3,0.5
2018-12-24 08:31:23,1.2,1.2,37.743,15.021,1.32,8,0.1,109,1.2,0.4
2018-12-24 08:31:39,1.5,1.5,37.73,14.998,2.48,17,0.32,64,0.5,0.3
2018-12-24 08:32:55,1.4,1.4,37.743,15.015,0.68,19,0.11,72,0.6,0.1
2018-12-24 08:33:10,1.4,1.4,37.74,15.01,3.4,13,0.15,92,0.5,0.3
2018-12-24 08:35:14,1.4,1.4,37.745,15.007,2.05,14,0.05,94,0.4,0.3
2018-12-24 08:35:50,1.3,1.3,37.743,15.006,1.79,14,0.11,67,0.6,0.2
2018-12-24 08:36:22,1.1,1.1,37.75,15.007,-1.58,7,0.16,130,0.8,0.3
2018-12-24 08:36:55,1.4,1.4,37.744,15.006,1.83,22,0.11,67,0.3,0.2
2018-12-24 08:37:14,1.6,1.6,37.774,15.001,2.34,12,0.06,146,0.2,0.4
2018-12-24 08:48:15,2,2,37.742,15.005,1.15,28,0.1,66,0.3,0.1
2018-12-24 08:48:50,1.6,1.5,37.734,15.01,2.08,13,0.12,74,0.3,0.2
2018-12-24 08:50:38,2.1,2.1,37.741,15.01,0.84,26,0.16,46,0.3,0.2
2018-12-24 08:58:21,2.2,2.2,37.741,15.005,1.53,22,0.08,75,0.2,0.2
2018-12-24 08:59:44,2.4,2.4,37.758,15.006,0.73,25,0.23,65,0.2,0.2
2018-12-24 09:00:18,2.4,2.2,37.754,15.013,1.04,24,0.18,92,0.3,0.3
2018-12-24 09:00:41,2,1.9,37.738,15.013,1.27,18,0.13,118,0.3,0.3
2018-12-24 09:07:44,2.5,2.5,37.744,15.016,0.46,23,0.17,72,0.3,0.2
2018-12-24 09:08:38,1.6,1.6,37.743,15.004,1.4,14,0.07,68,0.5,0.4
2018-12-24 09:11:57,2.6,2.6,37.745,15.007,0.42,29,0.17,54,0.2,0.1
2018-12-24 09:13:26,1.5,1.5,37.727,14.993,0.8,18,0.26,99,0.3,0.2
2018-12-24 09:13:35,1.6,1.6,37.744,14.984,0.76,11,0.24,88,0.6,0.3
2018-12-24 09:13:47,2.1,2,37.744,15.012,0.68,23,0.12,90,0.3,0.2
2018-12-24 09:13:57,2.2,2.2,37.739,15.01,2.45,10,0.11,167,0.6,0.7
2018-12-24 09:15:26,1.9,1.9,37.743,15.007,1.45,23,0.08,66,0.3,0.2
2018-12-24 09:15:50,1.4,1.4,37.728,15.046,1.12,9,0.18,125,1.8,0.4
2018-12-24 09:23:14,2.2,2.2,37.745,15.007,0.5,32,0.12,54,0.4,0.1
2018-12-24 09:24:23,2,2,37.743,15.002,0.88,19,0.14,58,0.6,0.2
2018-12-24 09:24:33,2.1,2.1,37.749,15.004,1.41,15,0.12,101,0.3,0.2
2018-12-24 09:24:56,2.2,2.2,37.746,15.005,1.1,21,0.11,63,0.3,0.1
2018-12-24 09:27:33,2.2,2.2,37.746,15.006,2.07,11,0.02,69,0.8,0.3
2018-12-24 09:29:19,2.6,2.5,37.746,15.011,0.35,35,0.15,47,0.2,0.1
2018-12-24 09:38:53,1.6,1.6,37.747,15.008,1.17,27,0.08,65,0.3,0.1
2018-12-24 09:41:10,1.9,1.9,37.744,15.013,0.49,29,0.15,70,0.3,0.1
2018-12-24 09:41:53,1.5,1.5,37.734,15.003,1.28,16,0.12,80,0.4,0.2
2018-12-24 09:45:21,2,2,37.743,15.009,0.01,38,0.17,46,0.1,0.1
2018-12-24 09:46:06,2,2,37.752,15.004,0.52,35,0.18,60,0.2,0.1
2018-12-24 09:55:29,2.2,2.2,37.752,14.995,0.62,21,0.07,50,0.8,0.1
2018-12-24 09:56:38,1.9,1.9,37.743,15.007,1.85,20,0.1,66,0.2,0.2
2018-12-24 09:58:38,1.7,1.7,37.701,14.962,-0.57,10,0.17,135,0.4,0.2
2018-12-24 09:59:32,3,3,37.749,14.995,0.81,32,0.14,43,0.1,0.1
2018-12-24 10:03:50,1.8,1.8,37.743,15.061,0.39,15,0.18,127,0.4,0.3
2018-12-24 10:06:46,2.4,2.4,37.744,15,1.88,12,0.03,72,0.5,0.3
2018-12-24 10:08:57,2.8,2.8,37.756,14.998,0.48,27,0.19,47,0.3,0.1
2018-12-24 10:10:55,2,2,37.763,15.01,0.47,11,0.13,176,0.4,0.5
2018-12-24 10:13:28,2.3,2.3,37.757,15.003,1.56,12,0.09,92,0.4,0.3
2018-12-24 10:15:47,2.5,2.5,37.728,15.033,2.34,22,0.14,70,0.4,0.2
2018-12-24 10:20:35,2.1,2.1,37.724,14.93,-1.57,25,0.28,83,0.7,0.2
2018-12-24 10:21:32,1.6,1.6,37.768,15.009,-0.4,11,0.11,78,0.6,0.4
2018-12-24 10:22:45,1.8,1.8,37.737,14.926,-0.55,10,0.25,108,0.4,0.3
2018-12-24 10:24:52,2.4,2.4,37.744,14.957,-0.89,13,0.18,70,0.3,0.2
2018-12-24 10:27:01,3.5,3.5,37.82,15.111,0.31,27,0.18,93,0.5,0.2
2018-12-24 10:30:24,2.1,2.1,37.749,15.041,-1.2,24,0.26,64,0.7,0.2
2018-12-24 10:31:48,2,2,37.73,15.019,0.68,22,0.21,68,0.3,0.2
2018-12-24 10:33:59,2.5,2.5,37.745,15.007,-1.5,22,0.17,57,0.4,0.3
2018-12-24 10:36:08,1.7,1.7,37.749,15.005,0.36,12,0.11,237,0.2,0.5
2018-12-24 10:37:39,2.2,2.2,37.695,15.071,-1.12,14,0.17,108,0.9,0.2
2018-12-24 10:38:20,2.2,2.2,37.695,14.963,-0.65,14,0.21,60,0.3,0.2
2018-12-24 10:39:11,3.2,3.2,37.742,15.006,-0.46,39,0.11,44,0.2,0.1
2018-12-24 10:41:22,2.2,2.2,37.773,15.001,1.07,16,0.26,65,0.3,0.2
2018-12-24 10:42:23,2.5,2.6,37.759,15.007,0.85,27,0.14,46,0.2,0.2
2018-12-24 10:42:53,1.9,2.1,37.725,15.032,1.57,16,0.13,83,0.4,0.3
2018-12-24 10:43:52,1.9,2,37.716,15.031,3.31,12,0.06,77,0.7,0.4
2018-12-24 10:44:20,3,3,37.722,14.946,1.11,31,0.17,67,0.3,0.1
2018-12-24 10:44:59,3.2,3.2,37.814,15.088,1.12,18,0.14,60,0.3,0.2
2018-12-24 10:53:45,2.1,2.1,37.756,15.003,0.66,16,0.12,98,0.3,0.3
2018-12-24 10:53:52,2.6,2.6,37.757,14.989,1.41,25,0.06,75,0.2,0.2
2018-12-24 10:54:43,2,2,37.715,15.029,1.86,12,0.16,76,0.3,0.3
2018-12-24 11:01:31,2.4,2.4,37.725,15.017,1.53,14,0.27,111,0.5,0.3
2018-12-24 11:01:50,4,4,37.743,14.969,0.94,35,0.22,47,0.1,0.1
2018-12-24 11:03:58,2.5,2.5,37.724,15.025,0.72,19,0.18,64,0.3,0.2
2018-12-24 11:06:15,2.5,2.5,37.716,15.027,2.09,26,0.19,70,0.2,0.2
2018-12-24 11:07:09,2.4,2.4,37.706,15.018,3.17,12,0.12,83,0.5,0.5
2018-12-24 11:09:12,2.2,2.2,37.72,15.021,1.26,16,0.24,82,0.3,0.2
2018-12-24 11:09:40,2.5,2.5,37.718,15.016,3.55,15,0.13,65,0.5,0.3
2018-12-24 11:10:01,2.4,2.4,37.721,15.032,2.03,9,0.1,121,0.4,0.4
2018-12-24 11:10:28,2.5,2.5,37.733,15.013,-0.72,13,0.23,105,0.7,0.3
2018-12-24 11:12:04,3,3,37.712,15.038,2.02,26,0.31,64,0.5,0.2
2018-12-24 11:26:20,2.9,2.9,37.721,15.022,2.09,40,0.2,44,0.3,0.1
2018-12-24 12:04:49,3.2,3.3,37.725,14.959,1.2,29,0.16,55,0.2,0.1
2018-12-24 12:08:56,4,4,37.713,15.046,0.56,45,0.18,51,0.3,0.1
2018-12-24 12:13:05,2.5,2.6,37.709,15.056,6.03,14,0.21,90,1.4,0.5
2018-12-24 12:19:28,3.4,3.4,37.715,15.045,0.52,33,0.16,50,0.4,0.1
2018-12-24 12:26:39,2.5,2.5,37.707,15.029,-1.01,11,0.1,180,0.7,0.3
2018-12-24 12:31:52,3,3,37.714,15.047,0.76,23,0.12,83,0.5,0.2
2018-12-24 13:02:43,2.3,2.3,37.718,15.019,0.21,17,0.22,88,0.3,0.3
2018-12-24 13:03:18,2.4,2.4,37.71,15.042,0.83,22,0.15,55,0.3,0.2
2018-12-24 13:14:55,2.1,2.1,37.731,15.039,1.88,33,0.22,42,0.1,0.1
2018-12-24 13:39:09,2.1,2.1,37.724,15.02,1.63,37,0.21,60,0.2,0.2
2018-12-24 13:41:31,2.1,2.1,37.713,15.022,1.64,13,0.13,96,0.4,0.3
2018-12-24 13:48:19,1.5,1.5,37.756,14.952,-1.58,9,0.13,82,0.8,0.6
2018-12-24 13:49:51,3.3,3.3,37.709,15.045,0.86,36,0.16,53,0.2,0.1
2018-12-24 13:54:34,2,2,37.716,15.049,1.41,18,0.17,59,0.3,0.2
2018-12-24 13:54:47,2,2,37.718,15.045,-0.98,22,0.25,62,0.7,0.2
2018-12-24 13:56:12,2.1,2.2,37.716,15.046,-1.36,12,0.17,101,0.6,0.2
2018-12-24 14:14:33,1.9,1.8,37.722,15.027,1.34,20,0.17,56,0.3,0.2
2018-12-24 14:17:12,2,2,37.705,15.019,1.06,27,0.21,54,0.2,0.2
2018-12-24 14:18:35,1.9,1.9,37.716,15.022,2.9,14,0.11,100,0.4,0.3
2018-12-24 14:22:11,1.4,1.4,37.755,15.104,0.97,8,0.18,76,0.7,0.3
2018-12-24 14:27:29,2.1,2.1,37.711,15.022,2.32,39,0.2,51,0.1,0.1
2018-12-24 14:30:03,1.9,1.9,37.717,15.041,2.42,30,0.21,48,0.4,0.2
2018-12-24 14:35:49,1.9,1.9,37.724,15.02,1.02,29,0.25,59,0.5,0.2
2018-12-24 14:50:04,1.6,1.6,37.719,15.017,1.29,16,0.21,65,0.5,0.4
2018-12-24 14:52:06,1.9,1.9,37.715,15.042,4.81,10,0.25,91,0.6,0.6
2018-12-24 14:54:20,1.7,1.7,37.714,15.025,1.54,20,0.26,53,0.3,0.2
2018-12-24 14:57:51,1.8,1.8,37.711,15.021,2.86,11,0.19,99,0.6,0.5
2018-12-24 14:58:13,1.8,1.7,37.733,15.02,1.47,13,0.32,84,0.5,0.2
2018-12-24 15:00:45,2.1,2.2,37.682,14.976,0.56,13,0.14,86,0.5,0.3
2018-12-24 15:02:59,2.1,2.1,37.714,15.029,2.16,29,0.19,47,0.1,0.2
2018-12-24 15:03:47,1.9,1.9,37.713,15.057,0.87,15,0.23,68,0.5,0.3
2018-12-24 15:06:00,1.6,1.6,37.706,15.005,-0.9,11,0.25,101,2.5,0.2
2018-12-24 15:06:24,1.5,1.7,37.708,15.036,3.8,10,0.05,98,0.5,0.4
2018-12-24 15:09:12,1.5,1.5,37.718,15.039,0.5,8,0.13,123,0.8,0.5
2018-12-24 15:10:05,2.1,2.1,37.748,15.121,3.98,15,0.13,110,0.5,0.3
2018-12-24 15:10:14,2.4,2.2,37.704,15.015,3.23,10,0.15,113,0.3,0.5
2018-12-24 15:11:12,1.6,1.7,37.745,15.106,3.1,18,0.24,72,0.3,0.3
2018-12-24 15:11:49,1.6,1.7,37.713,15.014,4.04,10,0.1,86,0.7,0.5
2018-12-24 15:14:04,2.1,2.1,37.715,15.025,2.57,42,0.21,48,0.2,0.1
2018-12-24 15:14:46,1.9,1.9,37.732,15.01,2.72,11,0.25,90,0.4,0.6
2018-12-24 15:16:05,1.7,1.7,37.711,15.039,1.82,14,0.13,56,0.3,0.3
2018-12-24 15:16:30,1.9,1.9,37.706,15.017,2.71,28,0.2,57,0.4,0.2
2018-12-24 15:18:02,1.6,1.7,37.754,14.965,0.31,11,0.25,78,0.2,0.3
2018-12-24 15:18:15,1.5,1.5,37.759,14.964,-1.57,10,0.08,128,0.6,0.2
2018-12-24 15:19:00,1.7,1.8,37.744,14.988,3.42,10,0.25,123,0.9,0.6
2018-12-24 15:20:06,1.6,1.8,37.744,14.997,4.21,8,0.19,150,0.4,0.9
2018-12-24 15:20:17,1.6,1.5,37.724,15.094,3.78,11,0.29,79,0.4,0.4
2018-12-24 15:20:51,1.5,1.6,37.703,15.02,2.97,8,0.12,118,0.7,0.8
2018-12-24 15:21:06,1.6,1.7,37.693,14.985,2.37,10,0.15,131,0.3,0.5
2018-12-24 15:21:21,1.6,1.6,37.714,15.019,0.28,9,0.12,125,0.4,0.5
2018-12-24 15:21:37,1.9,1.8,37.714,15.069,4.16,14,0.1,103,0.3,0.5
2018-12-24 15:22:50,1.6,1.6,37.715,15.021,1.67,17,0.24,49,0.3,0.2
2018-12-24 15:23:21,1.5,1.5,37.722,15.047,-0.04,10,0.3,100,0.4,0.3
2018-12-24 15:24:20,1.3,1.3,37.718,15.092,3.46,7,0.19,127,0.7,0.5
2018-12-24 15:24:42,1.7,1.8,37.709,14.953,4.89,14,0.25,76,0.7,0.5
2018-12-24 15:25:24,1.5,1.6,37.705,15.003,1.51,8,0.2,119,0.7,0.4
2018-12-24 15:26:05,1.6,1.6,37.702,15.035,0.79,13,0.18,122,0.3,0.2
2018-12-24 15:28:32,1.7,1.8,37.679,15.006,-1.59,8,0.21,116,0.7,0.4
2018-12-24 15:28:37,1.9,2.1,37.712,15.013,4.04,12,0.17,89,0.5,0.4
2018-12-24 15:29:13,1.5,1.5,37.726,14.884,2.26,7,0.12,109,0.4,0.3
2018-12-24 15:29:45,1.9,1.8,37.718,15.04,1.92,15,0.16,80,0.2,0.2
2018-12-24 15:30:14,1.5,1.6,37.723,15.026,1.38,11,0.16,80,0.5,0.3
2018-12-24 15:30:28,1.5,1.4,37.71,15.001,0.87,8,0.27,113,0.5,0.4
2018-12-24 15:31:15,1.8,1.8,37.725,14.978,2.89,15,0.29,133,0.4,0.4
2018-12-24 15:31:31,1.9,1.9,37.717,15.018,1.82,22,0.23,55,0.2,0.2
2018-12-24 15:33:14,2.1,2.1,37.711,15.023,1.39,35,0.21,50,0.2,0.1
2018-12-24 15:34:13,1.8,1.8,37.691,14.963,-1.55,13,0.19,69,0.5,0.2
2018-12-24 15:35:04,1.9,1.8,37.71,15.027,2.63,20,0.16,68,0.3,0.2
2018-12-24 15:35:50,1.6,1.7,37.722,15.027,1.97,11,0.15,71,0.4,0.3
2018-12-24 15:36:07,1.5,1.4,37.747,15.061,1.21,12,0.14,128,0.6,0.3
2018-12-24 15:37:18,1.5,1.5,37.742,15.051,0.91,14,0.21,123,0.4,0.4
2018-12-24 15:37:29,1.7,1.8,37.714,15.024,2.88,15,0.19,97,0.4,0.3
2018-12-24 15:38:01,2.1,2.1,37.716,15.074,2.88,23,0.2,83,0.3,0.2
2018-12-24 15:38:28,1.7,1.8,37.722,15.023,1.05,13,0.3,97,0.4,0.3
2018-12-24 15:38:57,1.5,1.6,37.716,15.019,1.23,13,0.29,113,0.4,0.3
2018-12-24 15:39:23,1.8,1.9,37.694,15.045,-1.56,12,0.15,152,0.8,0.3
2018-12-24 15:39:32,2,1.9,37.736,15.105,2.25,13,0.23,117,0.2,0.2
2018-12-24 15:39:42,1.6,1.7,37.708,15.063,1.11,8,0.11,235,0.3,0.5
2018-12-24 15:40:46,2,2,37.689,14.934,-0.77,18,0.22,103,0.4,0.2
2018-12-24 15:43:12,3.2,3.2,37.703,15.054,0.35,32,0.19,94,0.2,0.2
2018-12-24 15:49:11,1.9,1.9,37.698,15.031,-1.57,18,0.14,179,0.7,0.3
2018-12-24 15:50:33,1.8,1.8,37.721,15.028,2.11,9,0.12,86,0.3,0.4
2018-12-24 15:50:51,1.8,1.8,37.707,15.007,0.45,10,0.12,94,0.4,0.4
2018-12-24 15:52:07,2.1,2.2,37.7,15.015,3.37,16,0.18,112,0.3,0.3
2018-12-24 15:53:26,2,1.9,37.706,15.023,2.91,19,0.19,68,0.2,0.2
2018-12-24 15:55:53,1.8,1.8,37.72,15.026,1.66,22,0.15,52,0.2,0.2
2018-12-24 15:57:43,1.6,1.6,37.719,15.041,0.72,15,0.22,82,0.6,0.3
2018-12-24 16:00:04,1.7,1.7,37.723,15.027,0.16,9,0.08,105,1.1,0.5
2018-12-24 16:00:21,1.9,1.9,37.719,15.028,2.54,15,0.16,119,0.4,0.2
2018-12-24 16:00:39,1.7,1.7,37.701,15.04,1.47,7,0.17,129,0.6,0.6
2018-12-24 16:01:02,1.6,1.7,37.723,15.043,-0.26,15,0.24,120,0.4,0.2
2018-12-24 16:01:03,1.5,1.6,37.725,15.043,-0.43,7,0.14,113,2.1,0.5
2018-12-24 16:01:41,2,2,37.716,15.037,1.78,34,0.17,48,0.2,0.1
2018-12-24 16:01:55,1.8,2,37.701,15.02,3.53,12,0.24,96,0.4,0.4
2018-12-24 16:02:48,1.8,1.8,37.718,15.029,2.06,16,0.13,55,0.3,0.3
2018-12-24 16:03:21,1.7,1.7,37.765,15.111,0.96,9,0.28,97,0.4,0.3
2018-12-24 16:03:47,2.2,2.1,37.711,15.038,2.89,15,0.15,98,0.3,0.3
2018-12-24 16:05:05,2.3,2.4,37.71,14.977,2.95,17,0.25,65,0.3,0.2
2018-12-24 16:05:41,1.5,1.7,37.699,15.014,-0.09,8,0.28,101,0.4,0.4
2018-12-24 16:06:46,2.1,2.1,37.692,14.96,-1.56,20,0.24,75,0.5,0.2
2018-12-24 16:07:15,2.2,2.2,37.713,15.012,1.86,18,0.19,83,0.3,0.3
2018-12-24 16:07:28,1.9,1.9,37.692,14.984,0.2,14,0.21,67,0.2,0.3
2018-12-24 16:08:17,2.1,2.1,37.712,15.029,1.33,34,0.21,48,0.2,0.1
2018-12-24 16:09:17,1.5,1.6,37.682,14.995,-1.57,12,0.22,175,0.5,0.5
2018-12-24 16:09:26,2,2,37.717,15.024,2.29,32,0.18,56,0.4,0.2
2018-12-24 16:09:43,1.8,1.8,37.694,15.008,-0.05,13,0.26,98,0.3,0.2
2018-12-24 16:10:31,1.5,1.6,37.704,15.003,-1.57,11,0.29,104,0.6,0.3
2018-12-24 16:10:59,1.6,1.6,37.72,15.041,0.2,12,0.2,122,0.5,0.4
2018-12-24 16:12:00,1.7,1.7,37.722,15.033,0.74,20,0.18,75,1.4,0.2
2018-12-24 16:12:18,1.7,1.7,37.719,15.034,1.74,17,0.29,101,0.2,0.2
2018-12-24 16:12:25,1.7,1.7,37.719,14.968,-0.02,10,0.26,226,0.5,0.4
2018-12-24 16:13:54,1.8,1.8,37.717,15.018,3.56,11,0.21,91,0.8,0.6
2018-12-24 16:14:19,1.7,1.7,37.713,15.036,1.45,15,0.22,91,0.4,0.3
2018-12-24 16:15:10,1.9,1.9,37.719,15.037,1.9,9,0.17,127,0.5,0.3
2018-12-24 16:15:45,2,1.9,37.715,15.018,3.6,9,0.03,91,0.4,0.3
2018-12-24 16:16:37,1.7,1.7,37.719,15.022,1.71,20,0.26,83,0.3,0.3
2018-12-24 16:17:03,1.9,1.9,37.753,15.017,2.83,13,0.23,124,0.6,0.8
2018-12-24 16:17:27,1.6,1.6,37.73,15.032,-0.49,12,0.22,107,0.8,0.3
2018-12-24 16:17:56,1.7,1.7,37.715,15.044,-0.75,13,0.25,101,0.5,0.3
2018-12-24 16:19:19,1.4,1.4,37.703,15.003,0.29,8,0.12,111,0.4,0.3
2018-12-24 16:20:09,1.9,1.9,37.712,15.03,2.61,31,0.24,48,0.3,0.2
2018-12-24 16:20:56,1.5,1.6,37.716,15.027,1.63,22,0.19,62,0.2,0.2
2018-12-24 16:21:25,1.3,1.6,37.724,15.004,-1.5,9,0.13,95,1.9,0.3
2018-12-24 16:22:59,1.5,1.7,37.714,15.027,1.37,21,0.16,74,0.3,0.2
2018-12-24 16:23:25,1.4,1.6,37.715,15.023,0.56,19,0.24,59,0.5,0.2
2018-12-24 16:24:57,1.2,1.8,37.667,15.03,1.21,8,0.22,263,0.7,1
2018-12-24 16:25:42,2,1.9,37.709,15.034,1.34,12,0.04,108,0.4,0.2
2018-12-24 16:27:29,1.1,1.9,37.707,15.037,2.81,14,0.16,153,0.6,0.4
2018-12-24 16:28:59,1,1.6,37.714,15.027,1.34,11,0.15,166,1.1,0.4
2018-12-24 16:29:12,1,1.7,37.711,15.02,3.21,14,0.19,79,0.7,0.4
2018-12-24 16:30:30,1.9,1.8,37.716,15.036,1.49,14,0.16,86,0.3,0.2
2018-12-24 16:30:41,1,2.2,37.696,15.013,2.46,11,0.14,227,0.6,0.7
2018-12-24 16:31:01,1.5,1.9,37.715,15.031,1.55,24,0.19,80,0.2,0.2
2018-12-24 16:32:07,1,2,37.704,15.027,3.6,22,0.16,81,0.5,0.3
2018-12-24 16:34:08,1,1.6,37.719,15.023,0.78,7,0.06,164,1.2,0.5
2018-12-24 16:34:30,1.1,1.7,37.732,15.007,2.53,6,0.1,125,1,0.7
2018-12-24 16:34:45,1,1.8,37.709,15.029,3.54,12,0.15,126,0.6,0.5
2018-12-24 16:38:41,1,1.6,37.709,15.021,1.07,9,0.15,168,1,0.9
2018-12-24 16:47:38,2,1.9,37.708,15.035,2.44,11,0.13,97,0.4,0.3
2018-12-24 16:50:10,4.3,4.3,37.71,15.045,0.86,35,0.14,60,0.2,0.2
2018-12-24 16:54:40,2.2,2.2,37.711,15.042,1.33,21,0.17,51,0.3,0.2
2018-12-24 16:55:25,1.1,1.9,37.711,15.02,1.14,17,0.2,60,0.4,0.2
2018-12-24 16:58:40,0.8,1.3,37.704,15.012,-1.59,7,0.32,168,1.1,0.7
2018-12-24 16:59:35,1,1.8,37.709,15.026,2.12,19,0.19,91,0.2,0.3
2018-12-24 17:01:25,1,1.9,37.723,15.018,1.71,27,0.25,110,0.3,0.2
2018-12-24 17:02:17,0.8,1.8,37.712,15.003,0.4,11,0.24,97,0.3,0.3
2018-12-24 17:08:58,2.2,2.2,37.709,15.021,0.65,22,0.16,68,0.2,0.2
2018-12-24 17:16:36,1,1.8,37.713,15.004,0.81,9,0.17,103,0.6,0.4
2018-12-24 17:18:49,1.9,1.9,37.714,15.005,2.54,17,0.14,87,0.2,0.2
2018-12-24 17:22:58,1.2,2,37.709,15.024,0.49,32,0.2,50,0.3,0.1
2018-12-24 17:23:19,2.6,2.7,37.711,15.015,1.95,20,0.13,76,0.2,0.2
2018-12-24 17:23:59,1,2,37.693,14.999,-1.05,13,0.32,167,0.5,0.3
2018-12-24 17:24:33,0.8,1.5,37.712,15.02,2.73,8,0.19,181,1,0.8
2018-12-24 17:27:53,1.3,2,37.713,15.026,-1.59,14,0.35,112,0.5,0.2
2018-12-24 17:29:40,1.3,1.9,37.729,15,3.31,11,0.39,85,0.6,0.3
2018-12-24 17:30:18,1.2,2,37.692,15.015,-0.05,15,0.27,75,0.2,0.2
2018-12-24 17:31:52,2.2,2.2,37.719,15.028,3.05,13,0.15,72,0.4,0.3
2018-12-24 17:32:46,1.1,1.8,37.715,15.023,1.82,17,0.3,112,0.3,0.3
2018-12-24 17:33:40,1,1.9,37.709,15.006,1.8,11,0.08,92,0.4,0.3
2018-12-24 17:34:09,1,1.9,37.713,15.015,0.5,22,0.24,84,0.3,0.2
2018-12-24 17:34:31,0.7,1.9,37.71,15.022,1.94,13,0.22,103,0.6,0.3
2018-12-24 17:36:09,2.1,2.1,37.739,15.07,3.72,9,0.15,120,0.4,0.5
2018-12-24 17:37:20,1.5,2.2,37.691,14.979,-0.48,13,0.26,180,0.2,0.3
2018-12-24 17:40:09,1.2,1.7,37.717,15.039,-1.56,20,0.22,79,0.5,0.2
2018-12-24 17:40:53,1,1.7,37.719,15.024,1.42,18,0.24,70,0.5,0.2
2018-12-24 17:41:25,2.6,2.6,37.709,15.02,0.48,42,0.17,52,0.3,0.1
2018-12-24 17:44:17,1.2,1.8,37.715,15.023,1.87,16,0.24,112,0.3,0.3
2018-12-24 17:47:22,1.2,1.8,37.706,15.018,0.7,17,0.21,109,0.3,0.3
2018-12-24 17:49:05,2.8,2.8,37.672,14.917,0.15,11,0.05,104,0.5,0.3
2018-12-24 17:51:44,1.9,1.9,37.72,15.028,0.9,21,0.13,70,0.3,0.2
2018-12-24 17:52:22,0.8,1.7,37.715,15.037,2.47,8,0.16,138,1.1,0.6
2018-12-24 17:53:07,1.1,2.2,37.71,15.018,1.21,19,0.22,72,0.4,0.2
2018-12-24 17:53:38,1.1,2.3,37.718,15.017,1.52,12,0.17,117,0.5,0.3
2018-12-24 17:59:49,2.5,2.5,37.714,15.019,0.89,45,0.21,49,0.3,0.1
2018-12-24 18:03:39,2.2,2.2,37.705,15.025,2.32,18,0.18,63,0.1,0.2
2018-12-24 18:04:24,2,2.1,37.706,15.024,2.03,18,0.14,63,0.2,0.2
2018-12-24 18:08:59,2.6,2.6,37.717,15.017,1.67,50,0.2,47,0.2,0.1
2018-12-24 18:16:20,2.7,2.8,37.714,15.024,0.47,29,0.2,49,0.3,0.1
2018-12-24 18:21:14,2.1,2.1,37.718,15.089,5.4,17,0.16,80,0.5,0.4
2018-12-24 18:24:24,2.5,2.6,37.708,14.996,0.61,18,0.2,52,0.8,0.2
2018-12-24 18:26:19,3.2,3.2,37.708,15.042,0.44,17,0.15,79,0.6,0.3
2018-12-24 18:30:13,2.2,2.3,37.715,15.067,3.94,19,0.14,61,0.3,0.3
2018-12-24 18:43:32,3.1,3.1,37.69,14.979,-0.06,21,0.18,95,0.2,0.2
2018-12-24 19:00:02,3.1,3.1,37.71,15.016,0.72,41,0.15,36,0.1,0.1
2018-12-24 19:23:54,2.6,2.6,37.722,15.018,2.94,31,0.17,55,0.3,0.2
2018-12-24 19:26:19,4,4,37.687,14.957,1.52,28,0.22,85,0.1,0.2
2018-12-24 19:30:30,1.9,2,37.683,14.915,0.01,10,0.16,132,0.6,0.3
2018-12-24 19:33:43,2.6,2.5,37.681,14.909,0.02,13,0.26,111,0.4,0.2
2018-12-24 19:45:45,3,3,37.7,15.017,1.01,28,0.14,102,0.2,0.2
2018-12-24 19:54:49,2.1,2.1,37.706,15.018,1.8,16,0.11,86,0.2,0.3
2018-12-24 19:59:29,3.1,3.1,37.711,15.018,0.5,28,0.17,71,0.2,0.1
2018-12-24 20:01:56,1.8,1.7,37.685,15.028,0.97,10,0.17,116,0.5,0.2
2018-12-24 20:02:21,1.8,1.8,37.722,15.008,0.86,11,0.1,122,0.5,0.2
2018-12-24 20:03:58,1.7,1.7,37.71,15.026,2.27,11,0.15,107,0.4,0.4
2018-12-24 20:44:35,2.1,2.2,37.707,15.022,1.15,23,0.12,71,0.2,0.2
2018-12-24 20:44:58,2,2,37.704,15.024,1.13,22,0.17,73,0.2,0.2
2018-12-24 20:46:23,2.5,2.5,37.705,15.024,1.44,24,0.19,72,0.2,0.2
2018-12-24 20:51:27,2.9,3,37.697,15.085,4.72,31,0.15,63,0.5,0.2
2018-12-24 20:54:51,1.8,1.8,37.713,15.031,1.09,12,0.12,83,0.4,0.3
2018-12-24 21:04:30,2.5,2.5,37.697,15.056,-0.63,23,0.19,62,0.2,0.2
2018-12-24 21:05:10,2,2,37.699,15.023,2.49,20,0.16,82,0.3,0.3
2018-12-24 21:12:21,2.4,2.4,37.709,15.021,1.03,30,0.15,51,0.2,0.2
2018-12-24 21:14:06,2.6,2.5,37.687,14.934,1.65,11,0.19,83,0.3,0.3
2018-12-24 21:14:49,2.6,2.6,37.691,14.938,1.95,13,0.16,81,0.3,0.3
2018-12-24 21:17:34,2.7,2.7,37.705,15.021,2.57,32,0.18,53,0.3,0.2
2018-12-24 21:21:01,1.9,1.9,37.667,15.087,1,11,0.25,96,0.7,0.3
2018-12-24 21:22:55,2.9,2.9,37.709,15.019,0.51,44,0.19,52,0.3,0.1
2018-12-24 21:41:22,2.4,2.4,37.699,15.023,1.18,31,0.16,54,0.2,0.2
2018-12-24 21:45:29,2.3,2.3,37.714,15.013,2.77,19,0.16,72,0.3,0.2
2018-12-24 21:47:52,1.6,1.6,37.712,15.032,1.57,17,0.12,86,0.3,0.3
2018-12-24 22:06:03,1.2,2,37.703,15.027,1.66,22,0.16,63,0.2,0.2
2018-12-24 22:07:06,1.2,1.8,37.707,14.964,-1.58,7,0.39,243,1.2,1.2
2018-12-24 22:11:37,1.3,1.8,37.7,15.027,0.5,30,0.26,63,0.3,0.2
2018-12-24 22:37:24,3,3,37.704,15.009,0.1,28,0.16,69,0.2,0.1
2018-12-24 22:51:32,2.6,2.5,37.69,14.965,3.62,22,0.15,63,0.2,0.2
2018-12-24 22:53:27,1.3,1.6,37.744,15.114,3.08,8,0.16,85,0.8,0.4
2018-12-24 22:53:51,1,1.5,37.715,15.028,0.66,15,0.29,114,0.6,0.2
2018-12-24 22:57:47,0.7,1.4,37.69,15.014,1.85,6,0.05,192,0.6,2.7
2018-12-24 23:09:06,1.8,1.8,37.705,15.025,2.25,21,0.25,83,0.2,0.3
2018-12-24 23:22:59,2.3,2.3,37.699,15.027,1.55,33,0.2,77,0.2,0.2
2018-12-24 23:24:45,2.4,2.4,37.706,15.022,0.49,23,0.2,58,0.3,0.2
2018-12-24 23:31:52,1.9,1.9,37.698,15.026,2.08,28,0.26,53,0.1,0.2
2018-12-24 23:33:41,2.4,2.4,37.686,14.966,1.42,23,0.25,71,0.2,0.3
2018-12-24 23:46:09,2.1,2.1,37.717,15.018,-1.42,12,0.2,121,0.9,0.3
2018-12-24 23:46:24,2.2,2.2,37.698,15.017,2.09,17,0.14,57,0.3,0.4
2018-12-24 23:48:29,1.9,1.9,37.702,15.023,1.48,22,0.18,74,0.2,0.3
2018-12-25 00:06:11,1.6,1.9,37.699,15.028,1.23,23,0.19,57,0.3,0.2
2018-12-25 00:07:21,1.2,1.7,37.68,14.933,1.1,5,0.23,199,0.8,1.5
2018-12-25 00:08:31,1.6,1.6,37.74,15.068,4.26,13,0.12,118,0.3,0.4
2018-12-25 00:18:34,2.1,2.1,37.708,15.034,1.96,26,0.22,43,0.2,0.2
2018-12-25 00:21:40,2,2,37.72,14.897,2.3,10,0.07,105,0.3,0.4
2018-12-25 00:29:07,2.2,2.2,37.709,15.02,1.12,32,0.14,38,0.2,0.2
2018-12-25 00:34:15,0.7,1.8,37.705,15.028,3.01,11,0.16,150,0.7,0.5
2018-12-25 00:34:23,1,1.8,37.7,15.013,0.53,7,0.14,151,1.4,0.5
2018-12-25 00:34:33,1,1.7,37.72,15.03,1.12,8,0.18,148,0.9,0.4
2018-12-25 00:35:07,2.2,2.2,37.753,15.09,3.18,18,0.16,89,0.4,0.3
2018-12-25 00:37:47,2.1,2.1,37.715,15.027,1.78,21,0.2,66,0.2,0.2
2018-12-25 00:52:59,1.1,1.7,37.708,15.026,1.46,17,0.16,75,0.4,0.3
2018-12-25 01:04:29,2.2,2.2,37.718,15.041,3.27,35,0.19,45,0.3,0.2
2018-12-25 01:16:45,2.1,2.1,37.706,15.051,-0.48,26,0.26,91,0.3,0.2
2018-12-25 01:30:04,2.2,2.2,37.699,15.025,1.67,28,0.19,42,0.1,0.2
2018-12-25 01:30:17,2.1,2.1,37.736,15.023,3.06,11,0.15,125,0.8,0.7
2018-12-25 01:33:10,2.3,2.3,37.713,15.011,0.88,17,0.18,77,0.6,0.6
2018-12-25 01:46:19,1.9,1.9,37.71,15.019,0.78,27,0.21,52,0.2,0.2
2018-12-25 01:51:03,2.2,2.2,37.71,15.023,1.98,21,0.18,63,0.2,0.2
2018-12-25 02:07:08,2.1,2.1,37.703,15.046,-1.56,23,0.25,59,0.5,0.2
2018-12-25 02:11:42,1.9,1.9,37.706,15.03,0.12,15,0.17,91,0.3,0.2
2018-12-25 02:19:59,2,2,37.699,15.023,1.13,31,0.23,38,0.2,0.2
2018-12-25 02:26:50,2,2,37.713,15.027,1.82,33,0.23,48,0.1,0.2
2018-12-25 03:37:24,2,2,37.725,15.1,4.96,21,0.19,74,0.5,0.2
2018-12-25 03:41:52,2,2,37.717,15.069,3.85,25,0.2,59,0.2,0.2
2018-12-25 04:03:53,2.9,2.9,37.708,15.027,0.54,46,0.17,49,0.2,0.1
2018-12-25 04:08:36,2.7,2.7,37.689,14.964,2.48,44,0.21,72,0.2,0.2
2018-12-25 04:19:39,2.1,2.1,37.697,15.025,1.49,29,0.22,37,0.2,0.2
2018-12-25 04:32:29,2.2,2.2,37.718,15.047,2.05,13,0.13,100,0.3,0.3
2018-12-25 04:33:32,2.3,2.3,37.72,15.047,2.45,31,0.18,47,0.5,0.2
2018-12-25 05:45:47,2.5,2.5,37.731,15.268,9.35,13,0.3,234,1,0.9
2018-12-25 05:47:58,2,2,37.695,15.082,0.92,30,0.28,51,0.2,0.2
2018-12-25 05:51:47,2.6,2.6,37.698,15.056,-1.57,21,0.22,100,0.4,0.2
2018-12-25 05:52:31,1.7,1.8,37.684,14.924,0.04,11,0.2,111,0.6,0.3
2018-12-25 06:11:01,1.5,1.5,37.716,15.027,3.5,11,0.12,116,0.5,0.4
2018-12-25 06:27:53,2.7,2.7,37.705,15.028,1.62,49,0.19,50,0.1,0.1
2018-12-25 06:44:02,2,2,37.715,15.063,3.91,20,0.17,71,0.3,0.3
2018-12-25 07:03:13,2.9,2.9,37.635,14.951,2.87,34,0.24,159,0.3,0.2
2018-12-25 07:10:20,2.2,2.2,37.683,14.966,3.47,24,0.17,89,0.3,0.3
2018-12-25 07:11:25,2.1,2.1,37.706,15.027,1.39,29,0.16,55,0.2,0.2
2018-12-25 07:17:25,2.4,2.4,37.702,15.038,-0.93,38,0.25,55,0.3,0.1
2018-12-25 07:24:38,2.3,2.3,37.69,15.074,1.02,19,0.2,99,0.3,0.2
2018-12-25 07:31:32,2.2,2.2,37.71,15.014,3.97,36,0.2,52,0.2,0.2
2018-12-25 07:32:52,2.7,2.7,37.699,15.037,-1.14,36,0.23,56,0.3,0.1
2018-12-25 07:41:37,1.9,1.9,37.714,15.111,10.68,11,0.12,101,0.8,0.7
2018-12-25 08:00:31,2,1.9,37.651,14.942,8.57,9,0.1,90,0.8,0.5
2018-12-25 08:00:58,2.1,2.1,37.709,15.02,1.28,15,0.12,66,0.2,0.2
2018-12-25 08:05:38,1.9,1.9,37.708,15.023,2.7,14,0.15,94,0.4,0.3
2018-12-25 08:24:40,2.2,2.2,37.703,15.02,1.1,26,0.14,80,0.2,0.2
2018-12-25 08:26:33,1.7,1.7,37.707,15.019,2.97,10,0.1,103,0.8,0.6
2018-12-25 08:28:33,2,2,37.701,15.035,0.04,11,0.12,85,0.3,0.3
2018-12-25 08:50:21,2,2,37.696,15.026,1.97,18,0.15,54,0.2,0.2
2018-12-25 09:00:42,1.9,1.8,37.64,14.945,4.1,14,0.22,93,1.2,0.3
2018-12-25 09:27:18,2.2,2.2,37.701,15.032,-0.86,30,0.19,74,0.3,0.1
2018-12-25 10:03:16,1.9,1.9,37.635,14.955,1.16,15,0.22,99,0.4,0.3
2018-12-25 10:22:04,1.8,1.9,37.639,14.934,3.03,11,0.2,94,0.4,0.3
2018-12-25 10:23:40,1.6,1.6,37.712,14.854,3.95,9,0.18,150,0.5,0.4
2018-12-25 10:38:07,1.1,1.1,37.704,15.004,-1.58,9,0.28,98,0.7,0.3
2018-12-25 10:45:00,1.5,1.5,37.632,14.936,1.31,9,0.08,162,0.8,0.5
2018-12-25 10:58:40,1.7,1.7,37.825,15.115,-0.28,8,0.14,97,0.7,0.5
2018-12-25 11:46:40,1.9,1.9,37.708,15.029,2.65,13,0.16,127,0.3,0.4
2018-12-25 12:19:36,1.6,1.5,37.756,14.951,0.13,9,0.06,134,0.4,0.5
2018-12-25 12:28:43,2.1,2.1,37.744,15.11,6.92,8,0.08,209,0.9,1
2018-12-25 12:37:58,2,2,37.754,15.085,5.74,12,0.18,96,0.5,0.4
2018-12-25 12:43:48,2.3,2.3,37.717,15.047,1.58,42,0.18,51,0.1,0.1
2018-12-25 12:45:43,3.5,3.4,37.665,14.891,0.51,30,0.28,133,0.2,0.2
2018-12-25 12:55:47,1.6,1.7,37.752,15.162,10.38,11,0.17,120,0.9,0.7
2018-12-25 13:00:54,2.4,2.4,37.639,14.944,1.97,15,0.16,151,0.9,0.3
2018-12-25 13:01:07,1.9,1.9,37.723,15.014,1.6,13,0.18,76,0.6,0.2
2018-12-25 13:39:48,2.3,2.3,37.723,14.794,7.8,23,0.19,145,0.5,0.4
2018-12-25 14:33:26,2.4,2.4,37.735,14.789,8.9,13,0.2,153,0.4,0.6
2018-12-25 15:39:11,2.3,2.3,37.724,14.802,7.89,15,0.18,137,0.5,0.4
2018-12-25 15:50:06,1.5,1.5,37.688,15.045,-1.6,10,0.33,91,0.6,0.3
2018-12-25 16:15:27,1.8,1.8,37.723,15.051,0.7,14,0.12,95,0.7,0.2
2018-12-25 16:31:06,2.8,2.8,37.712,15.025,0.71,45,0.16,51,0.2,0.1
2018-12-25 17:00:16,1.5,1.5,37.719,15.075,2.48,12,0.21,114,0.4,0.3
2018-12-25 17:22:03,1.8,1.8,37.752,15.089,5.92,11,0.18,68,0.5,0.4
2018-12-25 18:09:05,2,2,37.618,14.965,6.93,13,0.18,122,0.8,0.6
2018-12-25 18:49:04,2.1,2.1,37.689,15.016,1.05,16,0.17,61,0.2,0.3
2018-12-25 18:49:17,2.3,2.3,37.703,15.017,0.74,13,0.24,81,0.4,0.3
2018-12-25 19:40:11,2.7,2.6,37.622,14.973,0.66,14,0.2,183,0.5,0.3
2018-12-25 20:06:32,2.2,2.2,37.698,15.015,0.71,21,0.19,78,0.2,0.3
2018-12-25 20:26:44,2.7,2.7,37.743,15.087,6.72,38,0.24,59,0.4,0.2
2018-12-25 21:14:49,2,2,37.723,14.936,-1.57,19,0.19,77,0.4,0.2
2018-12-25 21:18:02,2,2,37.715,15.014,1.27,14,0.2,130,0.5,0.4
2018-12-25 21:19:51,2.4,2.4,37.719,14.946,-0.31,27,0.25,66,0.2,0.1
2018-12-25 21:45:15,1.7,1.7,37.754,15.089,6.17,14,0.19,134,0.5,0.5
2018-12-25 21:47:24,2.1,2.1,37.641,14.914,8.36,8,0.06,134,2,1.3
2018-12-25 22:27:00,2.5,2.5,37.687,14.976,-0.01,27,0.28,47,0.1,0.2
2018-12-25 22:59:42,1.9,1.9,37.719,15.048,1.88,26,0.2,56,0.2,0.2
2018-12-25 23:27:08,2.1,2.1,37.708,15.012,3.93,31,0.17,54,0.2,0.2
2018-12-25 23:52:14,2.7,2.7,37.638,14.961,0.02,17,0.22,155,0.7,0.2
2018-12-26 00:09:17,3,3.1,37.625,15.123,0.88,26,0.29,123,0.4,0.4
2018-12-26 00:52:05,1.4,1.4,37.69,15.019,-1.59,8,0.25,137,0.6,0.6
2018-12-26 01:06:09,1.4,1.4,37.693,15.119,2.18,9,0.12,132,0.3,0.4
2018-12-26 01:15:14,1.4,1.4,37.731,15.015,1.66,11,0.19,162,0.4,0.4
2018-12-26 01:18:03,1.6,1.6,37.673,15.039,-1.56,7,0.22,115,1.2,0.4
2018-12-26 01:23:54,1.2,1.2,37.695,15.026,-0.85,12,0.34,144,0.3,0.3
2018-12-26 01:41:13,1.3,1.3,37.693,15.05,1.69,9,0.07,124,0.9,0.5
2018-12-26 01:45:44,2.2,2.2,37.709,14.896,3.93,22,0.2,112,0.2,0.2
2018-12-26 01:49:31,1.3,1.3,37.73,15.09,3.98,9,0.26,164,0.4,0.8
2018-12-26 01:50:27,1.3,1.3,37.773,15.127,2.2,11,0.12,79,0.3,0.3
2018-12-26 01:57:23,1.6,1.6,37.714,15.014,2.77,11,0.13,78,0.5,0.4
2018-12-26 02:00:17,2.1,2.1,37.711,14.892,4.88,12,0.19,114,0.4,0.5
2018-12-26 02:19:14,4.8,4.8,37.644,15.116,-0.29,55,0.27,88,0.2,0.1
2018-12-26 02:26:09,2.2,2.2,37.676,15.08,0.95,18,0.24,76,0.3,0.2
2018-12-26 02:28:45,2.6,2.6,37.703,15.039,-1.57,25,0.25,86,0.4,0.2
2018-12-26 02:30:02,1.6,1.6,37.705,15.028,1.25,9,0.2,77,0.3,0.4
2018-12-26 02:36:36,2.2,2.2,37.675,15.094,0.25,22,0.2,81,0.4,0.2
2018-12-26 02:37:07,2.1,2.1,37.732,14.964,-0.02,21,0.16,48,0.2,0.1
2018-12-26 02:45:26,1.1,1.1,37.663,15.11,3.83,8,0.29,84,0.5,0.4
2018-12-26 02:51:12,2.4,2.4,37.685,14.928,-1.59,20,0.27,85,0.6,0.2
2018-12-26 03:00:32,2.5,2.5,37.679,15.089,0.46,36,0.18,75,0.3,0.2
2018-12-26 03:07:39,1.2,1.2,37.714,15.009,0.09,7,0.15,129,0.6,0.3
2018-12-26 03:12:50,1.4,1.4,37.736,15.064,3.74,9,0.08,125,0.4,0.4
2018-12-26 03:17:16,1.4,1.4,37.693,15.007,-0.23,8,0.15,81,0.8,0.4
2018-12-26 03:29:24,2.5,2.5,37.884,14.882,10.03,9,0.18,324,0.6,1.3
2018-12-26 03:38:50,1.8,1.8,37.673,15.095,-0.41,20,0.29,83,0.4,0.2
2018-12-26 03:54:47,1.4,1.4,37.752,15.099,5.68,9,0.15,116,0.8,0.7
2018-12-26 03:54:57,1.3,1.3,37.75,15.076,5.49,8,0.14,187,1,1.1
2018-12-26 04:04:24,2,2,37.722,15.089,4.76,25,0.11,68,0.5,0.2
2018-12-26 04:08:19,1.4,1.4,37.724,15.102,4.14,16,0.2,79,0.3,0.3
2018-12-26 04:09:43,1.4,1.4,37.737,15.091,6.42,8,0.09,171,0.6,0.6
2018-12-26 04:11:20,1.4,1.4,37.761,15.031,4.08,7,0.17,157,1,1.1
2018-12-26 04:22:01,1.7,1.7,37.671,15.09,0.28,18,0.2,88,0.4,0.2
2018-12-26 04:22:51,1.9,1.9,37.661,15.087,2.15,15,0.22,146,0.3,0.4
2018-12-26 04:31:43,1.5,1.5,37.718,15.029,1.3,12,0.16,83,0.3,0.3
2018-12-26 04:35:30,1.3,1.3,37.76,15.096,4.95,11,0.15,125,0.6,0.4
2018-12-26 04:50:41,1.2,1.2,37.672,15.093,1.79,8,0.15,86,0.7,0.4
2018-12-26 04:52:09,1.3,1.3,37.684,15.088,1.76,8,0.1,126,1.3,0.5
2018-12-26 04:57:29,1.5,1.5,37.739,15.12,4.79,10,0.17,112,0.8,0.4
2018-12-26 05:17:29,2.2,2.2,37.593,14.984,5.88,5,0.04,248,1.6,4
2018-12-26 05:18:11,2,2,37.711,14.937,-1.54,15,0.18,72,0.8,0.2
2018-12-26 05:22:20,1.5,1.5,37.705,15.017,2.41,11,0.08,88,0.6,0.5
2018-12-26 05:43:43,1.1,1.1,37.728,15.106,3.89,10,0.16,129,0.7,0.7
2018-12-26 05:46:45,2,2,37.676,15.093,2.07,21,0.27,81,0.2,0.2
2018-12-26 05:55:47,2,2,37.723,15.104,4.67,22,0.22,76,0.4,0.2
2018-12-26 06:17:50,1.6,1.6,37.761,15.145,3.23,18,0.23,125,0.4,0.3
2018-12-26 06:36:32,1.7,1.7,37.701,15.028,1.02,14,0.17,59,0.3,0.2
2018-12-26 06:53:02,2,2,37.74,15.128,10.16,10,0.26,121,0.7,0.5
2018-12-26 06:54:22,1.3,1.3,37.746,15.082,7.31,7,0.13,221,1.1,1.5
2018-12-26 06:56:54,1.4,1.4,37.725,15.074,4.25,14,0.13,72,0.4,0.3
2018-12-26 06:58:14,1.5,1.5,37.751,14.936,-1.54,14,0.21,61,0.9,0.5
2018-12-26 07:15:16,1.3,1.3,37.716,15.019,1.78,11,0.11,86,0.5,0.3
2018-12-26 07:18:35,1.3,1.3,37.71,15.034,2.35,8,0.05,131,0.5,0.7
2018-12-26 07:20:57,1.3,1.3,37.691,15.065,1.32,7,0.12,169,1,0.7
2018-12-26 07:29:59,1.3,1.3,37.75,15.079,2,13,0.17,89,0.3,0.4
2018-12-26 07:31:01,1.4,1.4,37.726,15.022,0.76,13,0.16,109,0.8,0.3
2018-12-26 07:32:42,1.5,1.4,37.706,15.026,2.82,9,0.11,119,0.8,1
2018-12-26 07:36:49,1,1,37.767,15.118,2.9,9,0.07,98,1.1,0.4
2018-12-26 07:40:49,1.5,1.5,37.703,15.046,1.22,7,0.09,190,0.8,0.9
2018-12-26 07:52:15,1.3,1.3,37.727,15.078,4.5,7,0.11,119,0.7,0.5
2018-12-26 07:56:58,1.5,1.5,37.72,15.044,1.11,13,0.17,94,0.4,0.2
2018-12-26 07:59:05,1.7,1.7,37.711,14.896,2.4,18,0.2,112,0.2,0.3
2018-12-26 08:06:17,1.5,1.6,37.737,15.134,9.36,8,0.14,156,0.8,0.8
2018-12-26 08:22:38,1.7,1.7,37.671,14.942,4.46,10,0.09,101,0.6,0.7
2018-12-26 08:28:25,1.5,1.6,37.698,14.932,0.16,6,0.03,131,0.8,0.8
2018-12-26 08:34:25,1.5,1.6,37.687,15.023,-0.59,10,0.08,155,0.4,0.5
2018-12-26 08:55:53,1.7,1.7,37.664,15.104,-1.12,10,0.09,89,0.9,0.2
2018-12-26 09:00:39,2.5,2.5,37.677,14.921,-1.57,25,0.28,101,0.7,0.2
2018-12-26 09:05:10,2.5,2.4,37.711,15.028,1.71,12,0.14,120,0.5,0.3
2018-12-26 09:05:19,2.3,2.3,37.708,15.022,1.05,22,0.22,60,0.2,0.2
2018-12-26 09:19:20,1.3,1.3,37.699,15.006,-1.58,10,0.06,84,0.4,0.2
2018-12-26 10:05:25,1.9,2,37.753,15.136,5.91,26,0.15,94,0.3,0.3
2018-12-26 10:31:24,1.7,1.7,37.696,15.036,1.86,19,0.17,199,0.3,0.3
2018-12-26 10:45:04,1.7,1.6,37.702,15,0.57,14,0.15,97,1.5,0.2
2018-12-26 11:04:04,1.6,1.7,37.711,15.021,3.61,20,0.21,99,0.4,0.4
2018-12-26 11:06:25,1.6,1.7,37.741,15.077,6.93,16,0.19,151,0.6,0.5
2018-12-26 11:07:51,1,1,37.697,15.022,-1.59,10,0.27,129,0.9,0.4
2018-12-26 11:07:59,1.5,1.6,37.739,15.111,3.67,19,0.18,81,0.4,0.3
2018-12-26 11:08:54,1.3,1.3,37.667,15.089,0.22,9,0.2,95,1,0.3
2018-12-26 11:17:09,2.4,2.4,37.751,15.136,4.35,30,0.23,95,0.2,0.2
2018-12-26 11:17:56,1.9,1.9,37.755,15.141,4.18,22,0.23,97,0.3,0.2
2018-12-26 11:25:13,1.9,1.9,37.731,15.106,5.84,24,0.21,78,0.5,0.3
2018-12-26 11:27:41,1,1.1,37.704,15.013,0.13,8,0.13,173,0.6,0.5
2018-12-26 11:28:08,1.6,1.7,37.747,15.137,7.41,17,0.26,98,0.6,0.4
2018-12-26 11:31:36,1.3,1.3,37.667,15.093,-1.02,11,0.19,93,1.5,0.3
2018-12-26 11:33:11,1.3,1.4,37.74,15.095,4.95,14,0.12,88,0.4,0.6
2018-12-26 11:33:47,2,2.1,37.753,15.132,6.11,22,0.14,92,0.4,0.3
2018-12-26 11:38:19,1.8,1.8,37.743,15.086,4.4,18,0.19,67,0.4,0.3
2018-12-26 11:38:47,0.9,0.8,37.724,15.086,0.27,6,0.19,197,0.5,1
2018-12-26 11:51:13,2.2,2.2,37.734,15.105,6.51,24,0.24,77,0.4,0.3
2018-12-26 11:59:16,2,2,37.625,14.962,0.31,12,0.11,108,1.6,0.6
2018-12-26 12:37:38,2,2,37.729,15.098,6.98,14,0.24,80,0.6,0.3
2018-12-26 12:46:26,1.5,1.5,37.742,15.067,2.07,11,0.22,119,0.4,0.3
2018-12-26 12:47:31,1.8,1.7,37.738,14.893,9.5,8,0.17,134,0.6,0.8
2018-12-26 12:50:30,1.6,1.6,37.709,14.857,3.84,10,0.16,150,0.4,0.5
2018-12-26 12:57:19,1.5,1.5,37.733,15.119,3.49,14,0.15,86,0.5,0.3
2018-12-26 12:59:55,2.1,2.2,37.735,15.11,5.78,27,0.2,80,0.2,0.3
2018-12-26 13:00:15,2.1,2.1,37.728,15.125,3.75,13,0.19,91,0.5,0.3
2018-12-26 13:02:57,1.9,1.9,37.727,15.11,5.81,14,0.19,80,0.5,0.4
2018-12-26 13:06:21,2,2,37.759,15.132,4,21,0.16,89,0.4,0.3
2018-12-26 13:10:19,1.5,1.5,37.736,15.1,6.58,9,0.14,85,0.9,0.7
2018-12-26 13:14:54,2.9,2.9,37.75,15.145,8.91,38,0.29,104,0.3,0.2
2018-12-26 13:19:10,1.8,1.8,37.671,15.099,0.26,12,0.13,83,1.3,0.2
2018-12-26 13:23:00,1.3,1.3,37.731,15.121,4.82,9,0.14,118,1,0.6
2018-12-26 13:50:37,1.6,1.6,37.708,15.02,1.33,20,0.18,63,0.3,0.2
2018-12-26 14:04:35,1.9,1.9,37.723,15.121,4.87,24,0.21,87,0.5,0.3
2018-12-26 14:06:45,1.3,1.3,37.736,15.13,3.77,11,0.16,96,0.6,0.4
2018-12-26 14:18:21,2,2,37.657,14.944,4.2,12,0.16,120,0.6,0.6
2018-12-26 14:24:41,1.9,1.9,37.726,15.11,4.07,25,0.17,79,0.3,0.3
2018-12-26 14:52:35,1.3,1.3,37.743,15.104,2.34,8,0.1,91,0.3,0.6
2018-12-26 14:58:28,1.2,1.2,37.735,15.077,2.62,8,0.14,111,0.5,0.6
2018-12-26 15:31:20,1.8,1.8,37.691,15.043,-1.57,15,0.19,97,1.3,0.5
2018-12-26 15:34:30,1.6,1.6,37.709,15.003,0.71,16,0.16,52,0.7,0.2
2018-12-26 16:09:10,1.6,1.6,37.729,15.119,5.02,12,0.18,86,0.7,0.5
2018-12-26 16:13:44,1.5,1.5,37.729,15.104,4.9,9,0.16,76,0.8,0.7
2018-12-26 16:22:33,2.7,2.7,37.73,15.112,5.41,39,0.2,81,0.5,0.2
2018-12-26 16:26:28,1.4,1.4,37.716,15.1,4.02,7,0.18,131,0.6,0.9
2018-12-26 16:29:18,1.8,1.8,37.738,15.118,3.89,19,0.18,110,0.4,0.3
2018-12-26 16:59:35,1.5,1.5,37.734,15.123,3.3,18,0.16,89,0.5,0.3
2018-12-26 17:20:46,1.7,1.7,37.696,15.052,-0.04,19,0.2,63,0.3,0.2
2018-12-26 17:40:22,1.2,1.2,37.792,15.043,0.48,6,0.01,235,0.9,0.5
2018-12-26 17:41:42,1.1,1.4,37.71,15.012,1.53,7,0.29,181,0.5,0.5
2018-12-26 18:17:44,1.5,1.5,37.734,15.125,4.18,15,0.17,91,0.3,0.4
2018-12-26 18:38:23,1.4,1.4,37.701,15.081,2.21,10,0.15,105,0.4,0.5
2018-12-26 19:56:31,1.2,1.2,37.733,15.057,1.06,7,0.1,149,0.7,0.5
2018-12-26 20:12:56,1.2,1.2,37.755,15.066,0.43,10,0.19,185,0.9,0.5
2018-12-26 20:14:29,2.3,2.3,37.661,14.945,3.84,20,0.19,79,0.3,0.3
2018-12-26 20:20:18,1.6,1.6,37.664,14.943,3.22,12,0.18,111,0.7,0.4
2018-12-26 22:01:03,1.6,1.6,37.674,15.105,2.07,10,0.16,76,1,0.3
2018-12-26 23:06:21,1.3,1.3,37.677,15.026,0.27,10,0.19,79,0.8,0.7
2018-12-26 23:33:44,1.3,1.3,37.745,15.066,1.82,10,0.18,196,0.4,0.7
2018-12-26 23:46:21,1.6,1.6,37.714,15.022,1.39,22,0.18,60,0.3,0.2
2018-12-27 00:07:59,1.8,1.8,37.677,15.086,0.33,19,0.2,82,0.5,0.2
2018-12-27 01:18:54,2,2,37.708,14.956,0.19,27,0.24,52,0.2,0.2
2018-12-27 01:53:38,1.5,1.5,37.631,14.928,2.75,9,0.26,99,1.5,0.6
2018-12-27 03:40:38,1.9,1.9,37.704,15.05,0.67,22,0.2,61,0.3,0.3
2018-12-27 03:52:27,1.6,1.6,37.708,15.029,0,19,0.2,67,0.2,0.2
2018-12-27 06:15:30,2.8,2.8,37.715,14.842,2.32,34,0.21,163,0.3,0.3
2018-12-27 08:01:06,2.7,2.7,37.684,14.895,0.06,18,0.19,124,0.4,0.2
2018-12-27 10:21:28,2,2,37.685,15.084,0.36,27,0.2,65,0.6,0.2
2018-12-27 12:01:01,1.9,1.9,37.664,14.952,3.26,11,0.14,111,0.5,0.3
2018-12-27 12:22:57,1.8,1.8,37.742,14.951,4.82,9,0.19,151,1.5,1
2018-12-27 12:25:40,2,2,37.663,14.956,4.13,11,0.13,113,0.8,0.4
2018-12-27 12:41:52,2.6,2.6,37.741,15.073,6.19,39,0.23,41,0.4,0.2
2018-12-27 13:11:19,1.8,1.8,37.702,14.975,0.22,11,0.3,108,0.3,0.3
2018-12-27 13:14:29,2.2,2.2,37.685,14.98,0.38,31,0.22,82,0.1,0.2
2018-12-27 14:10:24,1.4,1.4,37.746,15.066,3.85,9,0.07,127,0.5,0.5
2018-12-27 15:17:03,1.6,1.6,37.708,14.889,3.46,11,0.16,119,0.6,0.4
2018-12-27 15:50:47,1.5,1.5,37.721,14.902,6.91,6,0.19,126,1.1,1.4
2018-12-27 17:04:35,2.1,2.1,37.751,15.077,7.62,24,0.21,47,0.4,0.2
2018-12-27 18:37:06,2.4,2.4,37.708,14.886,3.15,28,0.23,122,0.3,0.3
2018-12-27 19:41:14,2.6,2.6,37.703,14.887,3.98,37,0.22,124,0.2,0.2
2018-12-27 20:51:18,2,2,37.674,15.045,0.77,31,0.23,44,0.2,0.2
2018-12-28 00:39:49,1.6,1.5,37.715,15.022,1.67,19,0.15,49,0.3,0.2
2018-12-28 00:39:55,1.7,1.6,37.717,15.018,2.33,11,0.18,92,0.7,0.4
2018-12-28 00:55:43,1.2,1.2,37.681,14.918,1.14,8,0.29,117,0.5,0.4
2018-12-28 00:56:40,1.3,1.3,37.712,15.018,2.08,12,0.12,74,0.3,0.3
2018-12-28 02:05:11,2,2,37.792,14.953,20.75,16,0.13,78,1,1.1
2018-12-28 02:38:04,1.2,1.1,37.709,14.981,0.37,9,0.14,162,0.4,0.6
2018-12-28 02:41:24,1.9,1.9,37.712,15.025,1.25,31,0.2,39,0.2,0.2
2018-12-28 02:43:49,2,1.9,37.688,15.084,2.01,21,0.19,71,0.6,0.2
2018-12-28 06:19:44,2.2,2.1,37.667,15.088,0,14,0.19,94,1.3,0.2
2018-12-28 06:41:34,1.9,1.8,37.672,14.961,4.96,15,0.13,101,0.3,0.4
2018-12-28 09:54:53,2,2,37.665,14.955,2.14,21,0.28,109,0.2,0.3
2018-12-28 11:20:41,1.6,1.5,37.694,15.015,1.55,12,0.17,80,0.3,0.3
2018-12-28 12:42:07,2.1,2.1,37.693,14.938,-1.36,20,0.25,120,0.8,0.3
2018-12-28 17:17:49,2.1,2.1,37.688,14.834,-0.8,15,0.22,104,0.4,0.3
2018-12-28 18:40:17,1.9,1.9,37.63,14.981,0.04,10,0.21,173,1,0.3
2018-12-28 21:14:49,2.3,2.3,37.69,14.844,1.88,27,0.22,82,0.3,0.3
2018-12-29 00:03:36,1.3,1.4,37.707,15.046,0.09,11,0.15,91,0.5,0.5
2018-12-29 00:23:33,1.5,1.5,37.689,14.936,6.7,8,0.11,178,1.2,1
2018-12-29 00:33:35,1.3,1.3,37.663,14.943,3.11,11,0.15,112,0.6,0.3
2018-12-29 00:54:32,1.2,1.2,37.706,15.015,1.46,10,0.1,109,0.5,0.6
2018-12-29 01:11:53,1.3,1.2,37.705,15.016,1.27,9,0.13,82,0.6,0.4
2018-12-29 01:13:31,1.7,1.7,37.707,15.021,1.64,19,0.11,74,0.2,0.2
2018-12-29 02:17:52,1.5,1.4,37.683,15.088,3.44,13,0.12,79,0.6,0.2
2018-12-29 02:33:45,1.3,1.3,37.668,15.103,2.4,12,0.08,85,1.2,0.2
2018-12-29 03:07:20,1.2,1.2,37.74,15.051,2.14,10,0.08,101,0.4,0.4
2018-12-29 03:28:33,1.3,1.4,37.663,15.097,1.56,12,0.1,95,0.7,0.2
2018-12-29 03:29:27,1.8,1.8,37.663,15.093,1.85,18,0.15,137,0.4,0.3
2018-12-29 06:11:52,1.5,1.5,37.659,14.968,5.56,12,0.14,186,0.6,0.4
2018-12-29 06:19:56,1.5,1.4,37.765,15.125,2.28,18,0.1,104,0.3,0.3
2018-12-29 10:55:15,2,1.9,37.649,14.962,0.03,12,0.16,134,1.2,0.3
2018-12-29 13:24:38,1,1,37.705,15.011,2.53,8,0.06,100,0.8,0.7
2018-12-29 14:08:47,1.5,1.4,37.712,15.089,3.33,14,0.14,87,0.3,0.2
2018-12-29 14:15:03,2,2,37.805,15.049,0.13,20,0.2,94,0.2,0.3
2018-12-29 16:46:38,1.4,1.4,37.707,15.04,6.38,10,0.07,164,1,1
2018-12-29 17:10:41,1.2,1.2,37.655,14.939,-0.35,7,0.21,172,5,0.7
2018-12-29 18:12:52,1.8,1.8,37.636,14.955,1.22,21,0.26,98,0.3,0.3
2018-12-29 18:15:04,1.3,1.3,37.718,15.027,1.55,14,0.16,109,0.3,0.2
2018-12-29 19:17:36,1.7,1.7,37.632,14.92,8.28,9,0.18,192,0.8,1.1
2018-12-29 19:51:57,1.3,1.3,37.715,15.027,1,15,0.14,78,0.5,0.2
2018-12-29 20:09:39,1.2,1.2,37.649,14.915,3.23,8,0.22,131,1.3,0.5
2018-12-29 20:39:20,1.5,1.5,37.644,14.95,2.79,11,0.12,90,1.2,0.4
2018-12-29 23:27:06,1.5,1.5,37.696,14.989,0.1,24,0.29,63,0.2,0.2
2018-12-29 23:36:21,2.9,3,37.718,14.859,5.95,32,0.15,131,0.2,0.3
2018-12-30 00:25:10,1.4,1.4,37.731,14.961,1.54,11,0.25,67,0.5,0.3
2018-12-30 00:26:49,1.4,1.4,37.671,14.996,4.53,6,0.05,157,2.5,1.6
2018-12-30 00:31:52,1.7,1.7,37.637,14.953,3.47,9,0.25,218,0.9,0.8
2018-12-30 01:55:25,1.3,1.3,37.696,14.976,0.38,12,0.22,102,0.3,0.3
2018-12-30 02:32:26,2.1,2.1,37.662,15.092,0.26,23,0.22,57,0.5,0.1
2018-12-30 02:52:54,2.2,2.2,37.663,15.094,0.18,21,0.25,68,0.4,0.2
2018-12-30 02:53:20,2.3,2.3,37.661,15.09,0.25,21,0.25,105,0.3,0.2
2018-12-30 03:03:50,1,0.9,37.662,15.082,-1.11,7,0.07,148,1.3,0.3
2018-12-30 03:12:14,2.9,2.9,37.73,14.968,0.53,33,0.2,46,0.2,0.1
2018-12-30 03:17:17,1.8,1.7,37.728,14.975,0.75,28,0.17,44,0.3,0.1
2018-12-30 03:18:27,1.6,1.6,37.728,14.962,0.01,18,0.17,65,0.3,0.2
2018-12-30 03:24:32,1.6,1.4,37.729,14.96,0.92,16,0.19,74,0.4,0.2
2018-12-30 03:25:52,1.9,1.9,37.729,14.967,0.41,25,0.21,48,0.2,0.1
2018-12-30 03:27:55,1,1.1,37.728,14.962,-1.58,8,0.25,118,0.8,0.3
2018-12-30 04:17:43,1.5,1.5,37.743,15.107,2.71,15,0.17,78,0.4,0.3
2018-12-30 04:25:40,0.5,0.5,37.693,14.974,-1.59,6,0.26,189,1.2,0.9
2018-12-30 05:48:51,1,1.1,37.749,14.974,2.19,7,0.14,247,0.7,0.9
2018-12-30 06:03:21,1.4,1.4,37.724,14.859,5.33,9,0.12,132,0.6,0.5
2018-12-30 06:20:54,1.3,1.3,37.73,14.964,0.12,10,0.19,97,0.9,0.4
2018-12-30 06:55:36,1,1,37.694,14.965,3.74,8,0.03,99,0.9,0.8
2018-12-30 07:02:33,1.5,1.5,37.698,15.052,1.47,12,0.11,115,0.4,0.2
2018-12-30 07:21:12,1.1,1.1,37.66,14.954,3.54,6,0.06,174,1.2,0.7
2018-12-30 08:01:45,1.3,1.3,37.763,15.087,4.14,6,0.05,129,0.9,0.7
2018-12-30 08:43:27,1.2,1.2,37.69,15.04,4.65,8,0.11,142,0.6,0.7
2018-12-30 09:01:23,1.2,1.2,37.736,14.965,-0.16,12,0.16,69,0.3,0.3
2018-12-30 09:08:30,1.3,1.3,37.737,14.948,0.97,12,0.29,101,0.5,0.2
2018-12-30 09:12:32,1.5,1.5,37.72,14.896,4.06,15,0.22,105,0.4,0.4
2018-12-30 12:04:36,1.5,1.5,37.707,15.031,2.88,15,0.18,59,0.4,0.2
2018-12-30 13:27:28,0.9,0.9,37.807,15.061,-0.69,7,0.11,124,0.5,0.4
2018-12-30 13:54:21,1.1,1.1,37.8,15.053,-1.58,7,0.07,112,0.8,0.3
2018-12-30 13:59:49,1.4,1.4,37.732,14.969,-0.53,12,0.24,66,0.9,0.2
2018-12-30 15:19:42,1,1,37.692,14.846,3.38,7,0.08,176,0.6,0.7
2018-12-30 15:57:12,1.1,1.1,37.69,15.135,3.46,6,0.17,137,0.8,0.8
2018-12-30 16:00:15,1.3,1.3,37.686,15.119,3.89,9,0.14,98,0.5,0.4
2018-12-30 16:04:19,1.5,1.5,37.692,14.847,3.48,7,0.08,174,0.5,0.4
2018-12-30 16:25:10,1.2,1.2,37.711,14.857,3.68,9,0.16,147,0.4,0.4
2018-12-30 17:06:47,1.9,1.8,37.716,15.031,3.27,33,0.15,46,0.3,0.1
2018-12-30 18:16:21,0.6,0.6,37.698,14.994,-0.75,6,0.11,124,2.3,0.6
2018-12-30 18:30:50,3.3,3.3,37.732,14.96,0.94,39,0.24,50,0.2,0.1
2018-12-30 18:42:54,1.7,1.6,37.73,14.971,0.46,23,0.16,46,0.4,0.1
2018-12-30 18:48:15,0.9,0.9,37.706,15.006,1.55,6,0.02,150,0.7,0.5
2018-12-30 18:53:36,1,1,37.742,14.97,3.59,7,0.09,205,1,0.9
2018-12-30 19:04:19,1.5,1.5,37.668,15.099,2.26,11,0.09,141,0.3,0.3
2018-12-30 19:17:05,1.1,1.1,37.708,15.028,1.3,12,0.18,123,0.5,0.3
2018-12-30 19:17:52,1.5,1.5,37.711,15.026,1.67,13,0.12,72,0.3,0.3
2018-12-30 19:18:52,1.2,1.2,37.711,15.028,1.7,14,0.13,120,0.4,0.3
2018-12-30 19:56:36,1.3,0.8,37.733,14.963,1.26,14,0.16,68,0.5,0.3
2018-12-30 20:01:39,1.2,1.2,37.785,15.147,2.75,12,0.19,90,0.6,0.3
2018-12-30 20:33:28,1,1,37.684,14.843,1.62,7,0.12,184,0.6,0.5
2018-12-30 20:42:37,1.4,1.4,37.752,14.994,-1.6,8,0.36,147,0.7,0.4
2018-12-30 20:46:26,0.9,1,37.687,14.998,3.73,8,0.16,125,0.7,0.6
2018-12-30 20:49:09,1.1,1.1,37.762,15.085,9.41,7,0.1,120,2.5,1.1
2018-12-30 20:51:10,1.2,1.2,37.702,15.029,4.87,13,0.15,135,0.7,0.7
2018-12-30 21:11:32,0.9,0.9,37.707,14.885,2.25,6,0.21,123,1,1.3
2018-12-30 21:58:43,0.9,0.9,37.742,14.961,0.38,9,0.18,89,0.3,0.3
2018-12-30 22:26:02,1.2,1.2,37.636,15.023,1.5,6,0.04,185,0.7,1
2018-12-30 22:28:16,1,1,37.727,14.963,-0.71,13,0.18,77,1.4,0.2
2018-12-30 22:37:23,1.2,1.2,37.704,15.026,2.59,10,0.05,117,0.5,0.4
2018-12-30 23:17:00,0.9,0.9,37.66,14.946,2.49,6,0.07,116,2,0.8
2018-12-30 23:26:09,1.1,1.1,37.745,14.901,-1.58,9,0.15,101,0.9,0.2
2018-12-30 23:28:07,1.5,1.4,37.714,15.023,0.64,33,0.17,63,0.3,0.1
2018-12-30 23:28:11,2.3,2.3,37.706,15.027,0.74,31,0.26,73,0.3,0.3
2018-12-30 23:55:15,1.1,1.1,37.708,15.021,2.47,10,0.08,98,0.4,0.3
2018-12-31 00:39:54,0.9,0.8,37.688,14.961,0.9,9,0.11,89,0.3,0.3
2018-12-31 01:11:46,1,1,37.667,15.102,4.19,9,0.15,131,0.4,0.4
2018-12-31 01:37:15,1.5,1.5,37.715,15.027,4.7,12,0.14,83,0.4,0.3
2018-12-31 03:34:58,1.5,1.4,37.688,14.93,-0.94,13,0.2,82,0.5,0.2
2018-12-31 04:26:00,1.3,1.7,37.654,15.11,19.38,11,0.41,221,2.5,1.3
2018-12-31 04:38:03,0.7,0.7,37.686,14.913,-1.22,5,0.17,149,1.1,1
2018-12-31 04:40:11,2.4,2.3,37.702,14.937,0.03,23,0.2,72,0.5,0.2
2018-12-31 04:51:12,1,0.9,37.666,14.956,4.27,8,0.15,108,0.6,0.5
2018-12-31 05:20:20,1.5,1.5,37.75,15.151,9.08,12,0.19,109,0.6,0.4
2018-12-31 05:57:49,1.2,1.2,37.702,15.01,2.42,11,0.07,108,0.3,0.3
2018-12-31 06:47:51,1.7,1.6,37.708,15.028,4.78,17,0.18,123,0.4,0.4
2018-12-31 07:17:05,1.4,1.3,37.812,15.054,-0.26,10,0.12,116,0.2,0.2
2018-12-31 07:25:06,0.7,0.7,37.695,15.019,1.37,6,0.08,144,1.1,1.1
2018-12-31 08:39:34,1.1,1.1,37.69,15.054,-0.11,5,0.04,317,1.9,2.7
2018-12-31 09:16:32,0.9,0.9,37.704,15.025,1.83,9,0.16,165,0.6,0.6
2018-12-31 11:26:20,1.3,1.2,37.71,15.044,3.74,14,0.16,164,0.4,0.4
2018-12-31 11:51:38,1.4,1.3,37.688,15.067,4.88,11,0.12,71,0.6,0.4
2018-12-31 13:47:04,1.1,1,37.658,15.099,1.95,8,0.11,104,0.4,0.2
2018-12-31 18:59:20,1.2,1.2,37.691,15.007,5.2,10,0.1,84,0.4,0.5
2018-12-31 19:21:37,1.9,1.8,37.671,15.095,3.04,14,0.15,86,0.5,0.3
2018-12-31 19:37:06,1.5,1.5,37.668,15.02,-0.35,9,0.12,104,0.5,0.2
2018-12-31 21:16:14,1.6,1.5,37.663,15.087,1.67,8,0.15,115,1.1,0.2
2018-12-31 23:39:22,1,0.9,37.677,14.958,-1.58,9,0.14,95,0.8,0.3
2018-12-31 23:41:18,0.9,0.9,37.664,14.976,0.24,6,0.1,239,0.6,0.8
2019-01-01 00:42:23,1.4,1.4,37.682,14.97,0.11,12,0.17,106,0.2,0.5
2019-01-01 00:47:06,1.2,0.9,37.748,15.07,1.91,7,0.07,136,0.5,0.6
2019-01-01 01:17:33,1.2,1.2,37.702,15.013,2.5,9,0.06,119,0.6,0.5
2019-01-01 01:35:24,1.4,1.3,37.675,15.077,3.34,10,0.15,86,1.1,0.3
2019-01-01 02:23:23,0.9,0.9,37.683,15.022,-1.59,6,0.21,134,1.2,0.5
2019-01-01 02:30:15,0.8,0.8,37.676,15.114,0.49,6,0.05,112,1.8,0.3
2019-01-01 02:58:32,1.4,1.4,37.658,15.038,4.68,8,0.27,207,1,1.2
2019-01-01 03:22:49,1.2,1.2,37.727,14.881,-0.13,8,0.17,117,0.8,0.5
2019-01-01 03:45:56,0.9,0.9,37.649,15.02,-0.7,6,0.18,226,14.1,1.2
2019-01-01 04:06:52,0.9,0.9,37.679,15.029,0.43,6,0.2,187,2.5,1.1
2019-01-01 04:24:43,1,1,37.666,15.106,2.02,7,0.07,134,1,0.3
2019-01-01 04:34:44,0.8,0.8,37.676,14.954,0.02,6,0.14,157,1.8,0.5
2019-01-01 05:09:58,1.1,1.1,37.694,14.952,-0.73,6,0.12,158,1.2,0.9
2019-01-01 05:17:51,1.2,1.1,37.698,14.982,2.13,7,0.09,178,0.6,0.9
2019-01-01 06:44:52,1.8,1.8,37.694,14.849,2.15,21,0.2,79,0.3,0.3
2019-01-01 08:04:27,1.4,1.4,37.646,14.943,8.01,7,0.15,139,2.3,1.2
2019-01-01 08:32:16,1.1,1.1,37.732,15.061,2.39,7,0.07,101,0.4,0.6
2019-01-01 09:16:33,1.5,1.5,37.739,14.961,2.62,13,0.15,72,0.6,0.4
2019-01-01 09:29:02,1.5,1.5,37.711,15.039,5.65,12,0.12,148,0.8,0.7
2019-01-01 09:39:10,1.2,1.2,37.733,15.061,4.25,7,0.05,102,0.9,0.5
2019-01-01 10:02:20,1.1,1.1,37.733,15.059,2.44,8,0.11,88,0.9,0.4
2019-01-01 10:27:32,1.2,1.2,37.695,14.851,2.5,7,0.1,167,2,0.5
2019-01-01 10:28:36,0.9,0.9,37.717,15.013,2.95,6,0.21,234,5.5,5.9
2019-01-01 10:49:31,1.4,1.4,37.751,14.995,-1.54,15,0.25,52,0.6,0.4
2019-01-01 12:07:21,1,1,37.695,15.076,-0.33,7,0.27,199,1.8,1.5
2019-01-01 13:21:01,1,1,37.718,15.005,4.22,7,0.11,189,1.8,1.7
2019-01-01 14:24:36,1.3,1.2,37.757,14.966,0.78,16,0.11,74,1.3,0.2
2019-01-01 14:51:22,1.6,1.6,37.658,15.221,9,6,0.09,306,1.9,2
2019-01-01 15:44:37,1.6,1.6,37.678,15.176,2.19,22,0.25,108,0.3,0.4
2019-01-01 15:46:01,1.5,1.6,37.655,15.198,8.24,14,0.18,247,0.6,0.7
2019-01-01 15:49:36,1.2,1.2,37.704,15.047,4.59,8,0.14,187,1,0.9
2019-01-01 16:21:51,0.6,0.6,37.679,14.951,-1.6,6,0.33,129,2.4,1
2019-01-01 17:22:01,1.4,1.4,37.66,15.032,4.98,6,0.14,200,1.4,1.7
2019-01-01 17:31:56,1.4,1.4,37.637,15.05,5.78,6,0.31,235,2.9,2.6
2019-01-01 19:38:03,1.2,1.2,37.718,15.039,4.21,11,0.12,134,0.6,0.6
2019-01-01 20:14:21,0.5,0.5,37.673,14.962,-1.58,6,0.13,162,2.5,1.5
2019-01-01 21:16:26,1.2,1.2,37.729,14.945,-1.56,9,0.04,82,0.8,0.3
2019-01-01 21:40:13,1,1,37.679,14.965,-0.64,9,0.19,91,0.4,0.3
2019-01-02 00:26:38,1.2,1.2,37.648,15.025,0.48,6,0.1,172,13.4,0.6
2019-01-02 01:52:38,0.8,0.8,37.689,14.943,1.87,6,0.14,176,0.5,1
2019-01-02 02:05:19,1.4,1.4,37.689,14.969,0.27,19,0.28,58,0.2,0.2
2019-01-02 02:36:51,1.2,1.2,37.692,14.924,-1.57,13,0.16,100,0.9,0.3
2019-01-02 03:39:04,1.5,1.5,37.678,15.044,7.77,10,0.24,194,0.7,0.8
2019-01-02 05:09:02,0.7,0.7,37.783,15.059,-1.57,6,0.15,141,0.9,0.3
2019-01-02 08:49:45,1.3,1.3,37.706,15.026,1.8,11,0.11,118,0.3,0.3
2019-01-02 09:59:53,0.9,1.2,37.709,15.038,4.93,12,0.1,89,0.9,0.7
2019-01-02 10:16:42,1.5,1.5,37.687,15.014,1.29,8,0.06,199,0.5,0.7
2019-01-02 12:41:08,2.1,2.1,37.675,14.974,-0.25,30,0.26,94,0.2,0.2
2019-01-02 12:42:09,1.3,1.3,37.667,14.996,-1.59,7,0.11,276,0.5,0.6
2019-01-02 19:52:30,1.3,1.3,37.647,14.953,4.06,10,0.12,138,1,0.6
2019-01-02 20:13:29,1.2,1.2,37.687,14.969,1.58,9,0.26,144,0.3,0.3
2019-01-02 23:28:24,1.5,1.5,37.754,15.109,3.2,11,0.22,76,0.4,0.3
2019-01-03 03:00:05,1.4,1.4,37.679,14.985,-1.59,15,0.18,86,0.3,0.2
2019-01-03 06:33:39,1.6,1.6,37.766,14.988,1.47,14,0.18,84,0.4,0.4
2019-01-03 10:35:41,1.2,1.2,37.716,15.033,5.12,11,0.07,126,0.7,0.4
2019-01-03 11:07:04,1.6,1.7,37.647,14.893,9.48,9,0.18,181,1,0.6
2019-01-03 11:15:17,1.2,1,37.7,15.016,2.57,9,0.1,108,0.5,0.4
2019-01-03 11:21:48,1.6,1.6,37.748,14.997,-1.59,14,0.13,58,0.4,0.2
2019-01-03 11:22:13,1.3,1.3,37.707,15.021,2.64,11,0.09,98,0.5,0.4
2019-01-03 11:24:18,1.1,0.9,37.708,15.023,2.67,10,0.08,106,0.6,0.3
2019-01-03 12:51:53,1.2,1.2,37.689,14.976,-0.63,10,0.16,122,0.3,0.2
2019-01-03 14:39:05,1.2,1.1,37.744,15.062,2.45,13,0.13,90,0.9,0.4
2019-01-03 15:29:13,1.2,1.1,37.718,15.029,3.96,10,0.14,122,1.4,1.1
2019-01-03 16:03:50,1.9,1.9,37.756,15.106,6.87,18,0.15,68,0.5,0.3
2019-01-03 17:04:24,1.2,1.2,37.676,14.947,5.74,7,0.14,142,1.3,1.4
2019-01-03 18:48:32,1.3,1.3,37.689,14.96,0.38,9,0.18,140,0.5,0.3
2019-01-03 19:15:06,1.5,1.4,37.715,15.017,1.72,14,0.17,78,0.3,0.3
2019-01-03 19:32:07,1.3,1.3,37.748,15.105,3.93,12,0.1,94,0.5,0.5
2019-01-03 21:19:33,1.7,1.6,37.654,14.934,0.59,13,0.17,122,0.7,0.3
2019-01-03 21:19:40,2.8,2.8,37.735,14.835,9.18,10,0.23,294,1.6,1.3
2019-01-03 21:21:22,2.9,2.9,37.663,14.931,0.31,20,0.23,122,0.5,0.2
2019-01-03 21:36:44,1.7,1.7,37.657,14.925,5.68,8,0.25,157,1,0.8
2019-01-03 22:25:27,1.8,1.8,37.669,14.926,5.87,9,0.22,143,0.7,0.4
2019-01-03 22:54:42,1.3,1.3,37.657,14.946,4.97,12,0.19,172,0.8,0.5
2019-01-03 23:01:15,3,3,37.652,14.944,0.47,22,0.22,140,0.6,0.3
2019-01-03 23:09:00,1.3,1.3,37.642,14.95,1.51,8,0.25,197,0.7,0.4
2019-01-03 23:20:15,2.5,2.5,37.639,14.941,0.5,13,0.19,195,0.7,0.5
2019-01-04 00:30:48,1,1,37.714,15.023,1.68,11,0.06,125,0.3,0.3
2019-01-04 01:00:28,1.6,1.6,37.715,15.024,0.47,20,0.14,48,0.5,0.2
2019-01-04 01:06:57,1.2,1.2,37.717,15.032,0.07,13,0.11,83,0.4,0.3
2019-01-04 01:26:00,1.5,1.5,37.72,14.962,2.56,7,0.19,236,1.1,0.9
2019-01-04 02:04:33,1.7,1.7,37.694,14.854,9.73,10,0.18,225,1,0.9
2019-01-04 03:00:52,1.6,1.6,37.705,14.935,1.72,10,0.14,117,0.9,1.1
2019-01-04 03:11:21,1.5,1.4,37.68,15.031,0.59,13,0.18,66,0.5,0.4
2019-01-04 03:29:02,1.1,1.1,37.727,14.944,0.05,9,0.06,181,1,0.5
2019-01-04 03:54:03,3,3,37.694,14.936,0.01,26,0.21,78,0.2,0.2
2019-01-04 04:10:36,3.5,3.5,37.695,14.936,-0.99,30,0.18,54,0.2,0.1
2019-01-04 04:28:07,1.4,1.4,37.767,14.913,-0.37,9,0.18,79,0.6,0.3
2019-01-04 04:54:26,1.2,1.2,37.7,14.947,0.58,11,0.14,111,0.8,0.4
2019-01-04 05:16:01,1.5,1.5,37.689,14.915,1.76,9,0.08,104,0.5,0.3
2019-01-04 05:20:05,1.1,1.1,37.684,14.916,0.02,9,0.16,98,0.8,0.3
2019-01-04 06:13:31,1.4,1.4,37.765,15.115,7.85,11,0.19,142,0.6,0.5
2019-01-04 06:51:35,1.6,1.6,37.682,14.908,2.06,9,0.12,156,0.4,0.4
2019-01-04 06:56:39,1.5,1,37.688,14.928,0,8,0.12,106,0.7,0.3
2019-01-04 09:43:01,1.5,1.5,37.711,14.889,6.42,9,0.2,117,1,0.9
2019-01-04 11:48:59,1.1,1.1,37.741,15.106,3.05,10,0.26,82,0.5,0.4
2019-01-04 11:51:29,1.4,1.4,37.717,15.031,3.34,13,0.18,120,0.8,0.6
2019-01-04 12:38:42,1.2,1.2,37.736,15.072,4.9,17,0.07,60,0.4,0.3
2019-01-04 12:52:58,1,1.1,37.673,15.089,2.7,8,0.06,147,1.1,0.4
2019-01-04 14:56:28,1.3,1.3,37.7,14.945,1.62,9,0.16,77,0.5,0.5
2019-01-04 16:44:04,1.1,1.1,37.662,15.092,1.18,9,0.09,160,1.9,0.3
2019-01-04 21:41:12,1.8,1.7,37.716,15.012,2.7,23,0.18,47,0.4,0.3
2019-01-04 22:21:50,1.3,1.3,37.711,15.015,3.88,11,0.18,75,0.7,0.7
2019-01-04 23:30:50,1.3,1.3,37.76,15.111,3.79,11,0.15,110,0.4,0.4
2019-01-05 03:12:55,1.5,1.5,37.696,14.883,4.21,8,0.22,132,0.8,0.5
2019-01-05 03:17:13,1.3,1.2,37.633,14.938,0.44,8,0.1,163,1.1,0.8
2019-01-05 03:30:59,1.8,1.6,37.701,14.86,2.88,15,0.15,153,0.9,0.3
2019-01-05 04:20:03,1.6,1.4,37.682,14.929,-1.6,12,0.23,87,0.8,0.2
2019-01-05 08:27:37,1.9,1.7,37.681,15.012,4.51,20,0.16,68,0.4,0.3
2019-01-05 09:43:08,2.1,2.5,37.566,14.918,0.58,9,0.06,295,0.9,0.9
2019-01-05 09:56:24,2.9,2.8,37.601,14.918,1.16,16,0.21,118,0.3,0.3
2019-01-05 10:52:46,1.5,1.4,37.685,14.955,0.8,8,0.2,157,2.6,0.5
2019-01-05 11:49:48,1.7,1.6,37.674,15.021,0.02,10,0.17,99,0.7,0.3
2019-01-05 12:30:11,1.5,1.2,37.689,14.925,0.01,7,0.17,106,1,0.5
2019-01-05 15:34:26,1.4,1.4,37.754,15.06,3.45,13,0.18,87,0.3,0.3
2019-01-05 18:12:06,1.9,2.3,37.617,14.914,16.4,7,0.23,193,1.5,2
2019-01-05 20:11:43,1.3,1.2,37.753,15.061,3.63,6,0.04,129,1.1,0.6
2019-01-05 20:52:47,1.3,1.3,37.658,14.941,-0.22,7,0.35,118,1.8,0.8
2019-01-06 01:09:31,1.5,1.3,37.726,15.027,0.88,12,0.18,119,0.5,0.3
2019-01-06 01:44:19,1,1,37.687,14.937,4.87,9,0.18,168,0.9,0.9
2019-01-06 01:52:46,1,0.9,37.709,15.024,0.62,7,0.18,126,1.3,0.4
2019-01-06 01:54:39,1.4,1.4,37.691,14.947,1.81,13,0.17,81,0.3,0.3
2019-01-06 02:39:26,1,1,37.686,14.971,4.89,5,0.03,172,1.3,2.5
2019-01-06 03:05:39,1,1,37.702,14.967,3.41,9,0.12,208,0.9,1
2019-01-06 03:09:44,1,1,37.672,15.016,0.53,6,0.09,212,1,0.8
2019-01-06 03:32:14,1.6,1.6,37.718,14.995,2.99,12,0.16,130,0.5,0.6
2019-01-06 09:56:58,0.9,0.9,37.701,14.934,1.11,9,0.31,93,0.8,0.3
2019-01-06 13:38:28,2,2,37.749,14.964,4.64,11,0.16,102,1.1,0.6
2019-01-06 14:17:39,1.4,1.4,37.721,15.054,3.32,18,0.21,72,0.6,0.3
2019-01-06 14:30:37,1.5,1.1,37.681,14.961,3.97,6,0.03,212,0.7,1.3
2019-01-06 16:58:42,1.2,1.2,37.679,14.95,5.17,7,0.11,134,1.3,1.1
2019-01-06 17:02:51,1.9,1.7,37.659,14.953,3.28,28,0.22,118,0.3,0.3
2019-01-06 17:05:55,1.9,2.2,37.662,14.961,4.05,29,0.22,114,0.2,0.3
2019-01-06 17:06:21,1.7,1.7,37.662,14.958,4.08,10,0.13,175,0.5,0.5
2019-01-06 17:09:55,1.8,1.6,37.663,14.957,3.88,23,0.22,112,0.3,0.3
2019-01-06 17:22:50,1.5,1.5,37.726,14.936,5.09,9,0.25,129,0.9,0.6
2019-01-06 17:38:09,0.7,0.7,37.682,14.958,-1.59,7,0.2,134,1.2,0.4
2019-01-06 18:08:37,2.1,2.2,37.622,14.945,0.99,18,0.25,184,0.6,0.4
2019-01-06 18:46:07,1.6,1.6,37.679,15.094,0.32,21,0.16,77,0.9,0.2
2019-01-06 19:23:29,0.9,0.9,37.673,14.946,3.31,6,0.05,152,1.8,1.1
2019-01-06 20:31:22,1.2,0.9,37.669,14.946,3.93,7,0.05,157,0.4,0.8
2019-01-07 01:31:58,2.9,2.9,37.656,15,1.67,20,0.16,103,0.3,0.2
2019-01-07 01:37:06,1.3,1.3,37.703,15.028,1.57,13,0.13,143,0.7,0.3
2019-01-07 02:29:24,0.8,0.8,37.689,14.938,3.6,8,0.12,178,1.1,1
2019-01-07 10:54:42,1.3,1.4,37.692,14.916,0.02,10,0.18,143,0.7,0.3
2019-01-07 11:14:56,1.3,1.3,37.695,15.012,0.56,16,0.23,141,0.3,0.3
2019-01-07 16:02:59,1.8,1.7,37.713,14.84,9.6,9,0.17,168,0.7,0.6
2019-01-07 18:11:51,1.7,1.7,37.692,15.159,6.06,15,0.13,108,0.9,0.5
2019-01-07 18:36:49,1.8,1.8,37.69,14.84,1.4,9,0.09,184,1,0.5
2019-01-07 19:04:33,1.4,1.4,37.691,14.839,2.02,6,0.06,185,0.7,0.6
2019-01-07 20:22:35,1.1,1.1,37.666,14.921,1.89,8,0.11,143,0.4,0.6
2019-01-07 20:23:36,1.9,1.9,37.651,14.933,-1.58,9,0.35,126,1.4,0.3
2019-01-07 23:37:11,1,0.9,37.671,14.947,3.87,6,0.08,178,1,0.9
2019-01-08 03:02:07,1.6,1.6,37.725,14.941,11.28,9,0.25,109,0.7,0.9
2019-01-08 05:07:33,1.3,1.3,37.751,15.094,8.41,13,0.15,87,0.8,0.4
2019-01-08 05:15:52,2.4,2.4,37.757,15.094,5.54,26,0.2,68,0.3,0.2
2019-01-08 05:20:40,1.6,1.6,37.77,15.104,7.2,13,0.19,68,0.6,0.5
2019-01-08 05:24:28,1.4,1.4,37.758,15.084,6.35,15,0.19,95,0.5,0.4
2019-01-08 05:25:15,1.3,1.3,37.759,15.088,5.96,9,0.15,91,0.7,0.4
2019-01-08 05:27:00,1,1.5,37.758,15.095,5.18,14,0.22,69,0.6,0.3
2019-01-08 05:27:01,1.7,2.1,37.757,15.088,5.63,11,0.18,93,0.9,0.3
2019-01-08 05:32:35,1.5,1.5,37.758,15.081,6.05,14,0.17,98,0.6,0.5
2019-01-08 05:42:02,2.2,2.2,37.755,15.1,5.96,22,0.26,71,0.7,0.3
2019-01-08 05:52:07,1.3,1.3,37.748,15.094,7.39,10,0.09,126,0.6,0.7
2019-01-08 06:04:56,1.2,1.7,37.75,15.097,6.81,18,0.2,87,0.5,0.3
2019-01-08 06:41:34,1.3,1.6,37.745,15.107,5.36,17,0.18,165,0.5,0.4
2019-01-08 07:10:37,1.6,1.8,37.689,14.849,3.5,15,0.18,174,0.4,0.4
2019-01-08 07:12:19,1.6,1.6,37.69,14.851,3.21,12,0.21,170,0.5,0.4
2019-01-08 08:52:39,1.3,1.2,37.697,14.849,1.75,9,0.07,169,0.5,0.3
2019-01-08 13:56:06,1.3,1.3,37.662,15.101,1.07,8,0.11,147,2.2,0.3
2019-01-08 16:05:02,1.3,1.3,37.709,14.873,5.24,11,0.2,133,0.9,0.6
2019-01-08 17:01:21,1.2,1.2,37.683,14.986,3.59,8,0.07,177,0.7,1.1
2019-01-08 18:25:32,1.4,1.6,37.694,14.849,1.88,8,0.11,172,0.5,0.4
2019-01-08 19:02:06,2,2,37.695,14.855,5.23,13,0.13,163,0.5,0.3
2019-01-08 19:29:54,1.2,1.2,37.669,15.091,0.61,11,0.18,90,0.7,0.2
2019-01-08 23:50:34,3.9,4.1,37.798,15.051,0.19,36,0.22,63,0.2,0.1
2019-01-09 02:23:28,1.5,1.5,37.671,14.96,4.15,12,0.17,125,0.3,0.4
2019-01-09 02:27:03,1.5,1.4,37.775,15.05,4.25,10,0.1,241,0.4,1
2019-01-09 03:48:53,1,1.1,37.716,15.023,0.6,16,0.15,92,1.6,0.2
2019-01-09 04:05:05,1.3,1.3,37.71,15.026,1.69,12,0.14,112,0.3,0.3
2019-01-09 04:14:56,1.6,1.6,37.698,14.86,3.17,14,0.29,155,0.3,0.3
2019-01-09 04:31:41,1.4,1.4,37.702,14.885,5.23,9,0.21,126,0.9,0.7
2019-01-09 04:33:58,1.2,1.2,37.714,14.99,1.75,9,0.18,125,1,0.9
2019-01-09 05:58:58,1.8,1.8,37.693,14.877,4.2,9,0.2,139,0.5,0.4
2019-01-09 08:45:29,1.8,1.8,37.701,14.86,3.93,11,0.17,153,0.5,0.4
2019-01-09 09:25:18,1.4,1.4,37.714,14.887,7.05,9,0.19,117,1.1,1.2
2019-01-09 09:52:25,1.6,1.6,37.694,14.926,3.66,8,0.16,129,1.4,0.7
2019-01-09 15:13:27,1.4,1.4,37.683,15.148,0.31,11,0.17,99,0.3,0.2
2019-01-09 15:45:47,1.9,1.9,37.679,15.144,0.19,13,0.16,99,0.3,0.2
2019-01-09 16:27:37,1.7,1.6,37.729,14.978,-1.58,14,0.31,86,0.7,0.2
2019-01-09 17:56:00,1.3,1.3,37.678,15.151,1.15,10,0.18,129,0.6,0.3
2019-01-09 20:18:34,1.5,1.5,37.733,14.901,-0.74,12,0.19,113,0.2,0.3
2019-01-09 22:40:43,1.4,1.4,37.735,14.858,6.89,10,0.27,132,0.6,0.4
2019-01-09 23:24:35,1.6,1.6,37.7,14.947,4.07,8,0.15,144,0.5,0.9
2019-01-10 03:11:21,1.2,1.2,37.653,14.962,4.22,8,0.1,228,0.5,1
2019-01-10 03:31:05,1.3,1.3,37.649,14.977,3.8,9,0.17,231,0.8,0.6
2019-01-10 05:54:23,1.5,1.5,37.741,14.938,4.22,8,0.15,137,0.6,0.7
2019-01-10 10:45:32,1.9,1.8,37.682,15.081,1.59,27,0.22,102,0.2,0.2
2019-01-10 10:50:29,2.2,2.3,37.822,15.116,0.87,18,0.22,60,0.4,0.2
2019-01-10 10:52:31,2.1,2.2,37.811,15.128,0.68,10,0.21,81,0.9,0.3
2019-01-10 10:54:48,0.9,1,37.738,15.065,4.06,6,0.02,124,1.2,1
2019-01-10 11:00:20,2,2.4,37.815,15.125,2.7,10,0.14,89,0.8,0.3
2019-01-10 11:09:17,1.3,1.3,37.742,15.07,3.54,18,0.2,79,0.3,0.3
2019-01-10 13:23:04,1.1,1.1,37.692,15.037,1.82,11,0.12,212,0.2,0.5
2019-01-10 15:56:23,1.7,1.5,37.648,14.97,5.11,19,0.22,135,0.5,0.3
2019-01-10 17:02:53,1.4,1.4,37.616,14.974,5.32,8,0.21,235,2,1.3
2019-01-10 18:43:23,1.4,1,37.701,14.921,0.67,6,0.21,133,2.8,0.9
2019-01-10 20:44:48,1.2,1.2,37.653,14.94,0.02,9,0.28,126,1.1,0.2
2019-01-11 01:43:48,1,1.2,37.687,15.075,1.03,22,0.2,73,0.3,0.1
2019-01-11 01:54:18,0.7,0.7,37.74,15.123,4.87,9,0.14,114,0.6,0.5
2019-01-11 02:24:59,0.6,0.8,37.713,15.027,1.64,15,0.12,74,0.3,0.2
2019-01-11 04:36:06,1.3,1,37.717,14.943,0.61,11,0.11,77,1.1,0.2
2019-01-11 12:51:44,1,1.2,37.68,15.072,3.39,13,0.16,80,0.6,0.3
2019-01-11 19:18:17,1.6,1.4,37.735,14.896,-0.63,16,0.13,94,0.3,0.2
2019-01-12 00:41:49,1.2,1.3,37.735,14.966,-0.25,12,0.28,146,0.5,0.5
2019-01-12 03:06:32,1.2,1.1,37.748,15.057,3.51,16,0.17,81,0.3,0.2
2019-01-12 04:08:51,1,1,37.749,15.052,2.08,11,0.11,142,0.3,0.3
2019-01-12 07:43:20,1.3,1.7,37.707,14.993,3.75,17,0.11,71,0.2,0.2
2019-01-12 09:22:22,1.2,0.9,37.692,14.977,4.27,8,0.07,113,0.7,0.7
2019-01-12 12:33:19,1.5,1.6,37.705,14.983,3.82,21,0.14,48,0.2,0.2
2019-01-12 14:27:42,1.4,1.6,37.686,15.073,3.32,15,0.13,73,0.6,0.2
2019-01-12 16:50:59,1.3,1.1,37.736,14.872,4.2,13,0.09,107,0.3,0.3
2019-01-12 19:11:38,1.8,2.1,37.655,14.87,0.34,19,0.19,167,0.3,0.2
2019-01-12 19:23:24,1.2,1.5,37.763,15.101,6.26,13,0.16,108,0.4,0.4
2019-01-12 21:57:55,1.4,1.5,37.677,15.143,1.36,12,0.15,102,0.3,0.2
2019-01-12 23:46:42,1.3,1.2,37.736,14.87,4.12,10,0.07,138,0.4,0.4
2019-01-13 00:58:30,1.5,1.5,37.737,14.878,4.05,17,0.17,101,0.3,0.2
2019-01-13 01:03:45,1.9,2,37.731,14.874,3.93,29,0.19,112,0.2,0.2
2019-01-13 01:22:44,1.2,1.1,37.726,14.892,2.75,11,0.12,104,0.6,0.3
2019-01-13 02:32:09,1.8,1.7,37.724,14.896,4.17,18,0.13,102,0.2,0.3
2019-01-13 02:48:12,1.5,1.4,37.659,15.105,2.14,14,0.15,96,0.2,0.2
2019-01-13 02:56:21,2.2,2.4,37.737,14.87,4.73,31,0.18,107,0.5,0.2
2019-01-13 03:14:45,1.6,1.7,37.735,14.871,3.58,26,0.19,109,0.2,0.2
2019-01-13 03:19:50,1,0.9,37.724,14.888,3.46,6,0.08,177,0.6,0.7
2019-01-13 04:10:51,1,0.7,37.697,14.972,2.42,8,0.09,147,0.3,0.4
2019-01-13 04:21:55,1.6,1.4,37.71,14.932,-1.54,17,0.23,80,0.7,0.1
2019-01-13 04:39:54,1.5,1.5,37.741,14.985,0.74,13,0.21,58,0.9,0.2
2019-01-13 05:21:09,1.3,1.1,37.743,14.876,3.9,13,0.13,97,0.3,0.2
2019-01-13 06:21:15,0.8,1,37.719,15.069,3.11,12,0.08,88,0.4,0.3
2019-01-13 07:20:28,1.4,1.6,37.723,14.897,4.25,19,0.13,103,0.2,0.2
2019-01-13 07:22:36,2,2.1,37.734,14.867,3.9,30,0.19,112,0.2,0.2
2019-01-13 09:35:43,1.3,1.4,37.739,14.872,2.18,16,0.1,132,0.2,0.2
2019-01-13 11:39:59,2.1,2.2,37.737,14.875,4.03,28,0.18,104,0.2,0.2
2019-01-13 13:51:55,1.5,1.6,37.738,14.87,3.6,17,0.08,106,0.3,0.2
2019-01-13 14:00:10,1.2,1.2,37.733,14.861,4.35,10,0.17,153,0.4,0.6
2019-01-13 14:34:10,1,1.2,37.737,14.868,2.21,12,0.05,139,0.3,0.3
2019-01-13 14:41:21,0.9,1.1,37.683,14.866,8.72,6,0.06,296,1,1.5
2019-01-13 14:41:30,1.1,1.3,37.688,14.868,8.41,7,0.08,289,1,1.6
2019-01-13 16:11:54,1.8,1.8,37.734,14.868,3.6,27,0.19,112,0.2,0.2
2019-01-13 18:03:00,1.3,1.2,37.735,14.87,2.79,13,0.08,141,0.4,0.3
2019-01-13 21:50:16,1.2,1.2,37.721,15.103,3.85,15,0.09,138,0.3,0.3
2019-01-13 22:11:42,1.5,1.6,37.735,14.873,3.16,22,0.21,108,0.3,0.2
2019-01-13 22:12:38,1.4,1.3,37.737,14.868,2.56,16,0.11,108,0.5,0.2
2019-01-13 22:35:55,1.6,1.6,37.733,14.87,3.92,22,0.14,112,0.3,0.2
2019-01-13 23:01:39,0.7,0.8,37.736,15.112,7,9,0.1,81,0.8,0.5
2019-01-13 23:07:24,1.1,1.1,37.729,15.11,6.13,12,0.14,88,0.6,0.3
2019-01-13 23:29:20,1.3,1.5,37.731,15.127,4.68,18,0.18,92,0.4,0.3
2019-01-13 23:50:48,1,1.1,37.73,15.117,8.85,7,0.03,109,1.1,0.7
2019-01-14 00:36:45,1.1,1,37.735,15.129,4.76,15,0.17,93,0.5,0.4
2019-01-14 00:44:18,0.9,1,37.728,15.091,10.61,8,0.15,130,1.1,1
2019-01-14 00:54:02,1,0.9,37.726,15.114,4.24,9,0.12,89,0.3,0.5
2019-01-14 01:00:12,1.1,1.2,37.728,15.123,3.72,13,0.14,89,0.4,0.2
2019-01-14 01:21:13,0.7,0.9,37.729,15.101,9.98,8,0.18,162,1.1,1.1
2019-01-14 01:34:10,2,1.6,37.685,15.082,0.38,27,0.17,74,0.5,0.1
2019-01-14 03:01:25,1.5,1.2,37.748,15.051,1.58,18,0.11,72,0.2,0.2
2019-01-14 03:03:05,1.9,1.7,37.743,15.049,1.84,20,0.14,71,0.2,0.2
2019-01-14 03:04:29,0.6,0.5,37.745,15.048,1.9,6,0.05,149,0.6,0.5
2019-01-14 03:21:41,0.8,0.9,37.729,15.123,6.2,9,0.09,118,0.8,0.4
2019-01-14 03:55:38,1.3,1.4,37.731,15.123,4.96,12,0.12,89,0.4,0.3
2019-01-14 05:44:20,1,1,37.724,15.16,2.59,10,0.2,125,2.3,0.3
2019-01-14 07:41:28,1.4,1.4,37.725,15.157,3.59,13,0.2,121,0.4,0.3
2019-01-14 09:06:17,1,0.8,37.697,15.049,5.03,8,0.12,216,0.7,1.1
2019-01-14 09:06:42,1,0.7,37.705,15.052,3.86,8,0.17,194,0.9,0.9
2019-01-14 10:37:21,2.2,1.9,37.663,15.09,2.02,15,0.14,100,0.6,0.2
2019-01-14 14:16:11,1.2,1,37.718,14.899,3.22,13,0.08,132,0.4,0.3
2019-01-14 14:23:39,1.7,1.8,37.732,14.846,3.58,19,0.12,134,0.3,0.3
2019-01-14 14:24:15,1.4,1.2,37.69,14.954,0.15,11,0.19,91,0.5,0.2
2019-01-14 14:51:51,1.9,2,37.701,14.959,2.18,17,0.2,59,0.5,0.2
2019-01-15 02:27:52,1.2,1,37.71,14.865,2.13,8,0.03,141,0.3,0.4
2019-01-15 05:30:09,1,1.1,37.709,15.057,4.98,6,0.05,190,1.1,1.3
2019-01-15 07:15:54,1.2,0.9,37.686,14.967,-0.34,7,0.07,238,0.5,0.8
2019-01-15 09:14:44,1.1,1.1,37.745,15.116,3.85,7,0.08,105,0.8,0.5
2019-01-15 12:18:22,1.6,1.4,37.704,15.026,1.76,23,0.16,73,0.2,0.2
2019-01-15 12:23:04,1.2,1.2,37.704,15.027,1.55,18,0.18,121,0.3,0.3
2019-01-15 13:15:38,1.1,1.1,37.729,14.876,4.48,7,0.12,145,0.7,0.5
2019-01-15 22:21:49,1,0.6,37.708,14.979,1.16,7,0.13,225,0.7,0.7
2019-01-15 22:45:02,1,0.8,37.685,15.08,4.72,8,0.1,89,1.1,0.4
2019-01-16 01:42:18,1.2,0.8,37.708,14.958,2.38,8,0.25,78,0.7,0.4
2019-01-16 08:56:12,1.2,0.9,37.746,14.863,2.32,9,0.04,125,0.3,0.3
2019-01-16 11:51:36,1,0.6,37.705,15.023,2.2,7,0.08,178,0.4,0.6
2019-01-16 13:16:59,1.1,0.8,37.703,15.027,2.19,8,0.07,146,0.3,0.4
2019-01-16 13:36:18,1.5,1.2,37.704,15.028,1.46,17,0.11,125,0.2,0.2
2019-01-16 16:02:00,1,1.3,37.722,15.006,3.18,11,0.12,83,0.4,0.4
2019-01-16 16:02:30,0.9,1.2,37.724,15.003,3.46,9,0.11,188,0.5,0.6
2019-01-16 18:57:48,0.6,1.1,37.81,14.897,8.51,8,0.17,115,0.8,0.9
2019-01-16 20:06:38,1.2,1.2,37.616,14.955,6.29,11,0.08,199,0.8,0.5
2019-01-17 00:33:36,1.2,1.1,37.62,15.075,5.47,7,0.17,216,1.3,1.1
2019-01-17 01:00:38,0.7,0.7,37.707,15.076,3.4,11,0.08,97,0.4,0.2
2019-01-17 06:44:06,1.1,0.9,37.735,14.856,4.56,6,0.07,154,0.9,0.6
2019-01-17 08:54:40,1.3,1.5,37.73,14.852,5.49,12,0.19,168,0.8,0.5
2019-01-17 10:46:05,0.7,0.6,37.674,15.009,0.14,6,0.11,233,0.8,1.1
2019-01-17 13:15:26,0.6,0.5,37.71,15.021,2.55,7,0.03,150,1.3,0.9
2019-01-17 14:54:32,2,2.3,37.626,14.943,0.61,14,0.14,107,0.4,0.3
2019-01-17 18:58:10,2.1,2,37.636,14.952,3.13,10,0.18,158,0.9,0.3
2019-01-17 23:42:24,1,1.1,37.715,14.892,2.76,10,0.06,112,0.5,0.3
2019-01-17 23:43:06,1.2,1.4,37.749,15.043,5.08,16,0.14,83,0.7,0.4
2019-01-18 08:07:09,0.9,0.8,37.68,15.044,6.6,12,0.13,158,0.5,0.4
2019-01-18 11:23:45,1.6,1.5,37.718,14.867,10.44,9,0.13,132,0.7,0.9
2019-01-18 12:09:14,1.5,1.4,37.761,14.786,6.23,13,0.15,221,0.5,0.7
2019-01-18 12:19:03,1.9,1.7,37.749,14.756,9.11,15,0.1,235,0.5,0.9
2019-01-18 20:18:05,0.8,0.8,37.739,14.95,-1.57,7,0.04,100,0.5,0.3
2019-01-18 21:44:04,0.9,1.1,37.749,15.054,4.01,9,0.18,122,1.3,0.7
2019-01-18 23:17:14,1.1,1,37.708,14.936,0.03,9,0.22,105,0.6,0.3
2019-01-19 00:05:28,1.4,1.3,37.764,14.912,0.01,8,0.13,108,0.8,0.3
2019-01-19 02:56:26,1.3,1.2,37.753,15.007,1.27,16,0.07,60,0.3,0.2
2019-01-19 04:23:51,1.2,1.1,37.737,14.88,5.64,8,0.09,128,0.6,0.3
2019-01-19 05:01:18,0.9,0.8,37.742,14.954,0.66,7,0.08,125,0.9,0.5
2019-01-19 06:03:27,1.2,1.1,37.769,15.116,2.03,9,0.17,90,0.3,0.3
2019-01-19 07:07:12,1.4,1.4,37.716,15.03,5.34,17,0.16,70,0.4,0.3
2019-01-19 07:09:31,1.2,1.2,37.706,15.04,6.53,11,0.08,161,0.5,0.6
2019-01-19 07:11:37,1.3,1.3,37.702,15.038,7.24,11,0.11,172,0.5,0.6
2019-01-19 08:16:18,1.3,1.3,37.707,15.029,6.82,15,0.14,126,0.4,0.4
2019-01-19 08:22:05,1.4,1.4,37.701,15.028,6.88,15,0.15,131,0.5,0.5
2019-01-19 09:59:07,1.2,1.2,37.706,15.037,6.06,12,0.14,155,0.4,0.6
2019-01-19 09:59:43,0.8,0.7,37.743,15.01,-1.6,7,0.09,209,0.8,0.6
2019-01-19 16:28:14,1.5,1.4,37.735,15.063,2.64,17,0.22,91,0.5,0.3
2019-01-19 16:36:03,1.5,1.5,37.608,14.934,10.21,8,0.08,119,1,0.9
2019-01-19 17:13:09,1.2,1.1,37.717,14.916,1.99,8,0.1,122,0.3,0.3
2019-01-20 01:16:26,1.1,1.1,37.753,15.003,1.49,14,0.13,82,0.4,0.2
2019-01-20 01:54:31,0.9,0.8,37.72,14.93,2.53,7,0.1,100,1.3,0.3
2019-01-20 02:06:12,0.9,0.8,37.727,14.929,2.03,8,0.07,126,1.1,0.4
2019-01-20 07:14:32,1.7,1.4,37.709,15.062,2.91,23,0.18,53,0.3,0.2
2019-01-20 07:55:25,2.8,2.8,37.635,14.946,4.97,34,0.23,65,0.2,0.2
2019-01-20 09:40:50,1.1,1.2,37.746,15.084,6.68,8,0.16,121,0.5,0.6
2019-01-20 10:01:57,0.9,0.8,37.688,14.936,0.14,8,0.12,109,0.9,0.4
2019-01-20 10:15:17,0.9,0.9,37.684,14.936,0.07,7,0.15,114,0.9,0.4
2019-01-20 14:00:57,1.2,1.2,37.697,14.859,5.94,8,0.1,157,0.6,0.6
2019-01-20 18:54:08,1.2,1.2,37.74,14.873,4.02,9,0.12,129,0.5,0.4
2019-01-20 18:59:10,1.1,1,37.803,15.056,-0.3,8,0.14,103,0.3,0.3
2019-01-21 01:23:40,2.3,2.2,37.699,14.857,4.38,32,0.18,71,0.3,0.2
2019-01-21 01:31:52,1.3,1.3,37.703,14.87,11.15,8,0.03,140,0.9,0.8
2019-01-21 02:46:00,1.4,1.5,37.708,15.08,3.37,16,0.15,93,0.3,0.3
2019-01-21 03:51:18,2,2,37.694,14.84,3.87,12,0.17,182,0.4,0.4
2019-01-21 04:11:41,2.4,2.4,37.698,14.863,5.28,17,0.17,152,0.4,0.4
2019-01-21 05:26:27,1,0.9,37.77,15.13,0.07,10,0.14,150,0.5,0.4
2019-01-21 10:50:31,1.3,1.4,37.753,15.114,7.07,10,0.13,100,0.8,0.6
2019-01-21 11:02:13,1.3,1.3,37.73,15.145,7.1,12,0.14,233,0.7,0.6
2019-01-21 15:58:46,1.2,1.2,37.744,15.082,3.39,11,0.14,96,0.5,0.4
2019-01-22 01:45:19,1.5,1.4,37.635,14.993,0.01,8,0.16,169,1.7,0.5
2019-01-22 02:28:35,0.7,0.7,37.758,15.067,2.32,8,0.08,190,0.3,0.7
2019-01-22 03:36:28,0.9,0.8,37.707,15.024,2.38,10,0.05,107,0.3,0.3
2019-01-22 04:34:36,1.4,1.4,37.706,15.017,2.56,18,0.11,86,0.3,0.2
2019-01-22 04:34:39,1.5,1.4,37.703,15.019,2.46,15,0.12,91,0.3,0.2
2019-01-22 15:31:22,0.9,0.8,37.745,15.062,3.1,8,0.11,130,1.4,0.9
2019-01-22 17:47:50,1.2,1.1,37.656,15.102,2.57,9,0.05,145,0.8,0.3
2019-01-22 18:00:56,2,2,37.699,14.825,7.01,19,0.21,198,0.7,0.4
2019-01-22 21:45:12,0.8,0.7,37.681,15.042,2.45,10,0.13,233,0.4,0.7
2019-01-22 21:58:52,1.5,1.3,37.734,14.909,0.02,10,0.12,80,0.7,0.2
2019-01-22 22:58:31,1.6,1.7,37.578,14.995,10.31,11,0.23,182,0.9,0.6
2019-01-22 23:15:35,1,0.9,37.725,14.906,0.17,12,0.12,96,0.6,0.3
2019-01-22 23:18:55,1.2,0.9,37.733,14.897,0.03,13,0.17,96,0.5,0.3
2019-01-22 23:32:06,0.8,0.8,37.744,14.966,0.95,7,0.15,205,0.5,0.9
2019-01-22 23:39:13,1.6,1.3,37.752,14.999,-0.43,20,0.06,56,0.4,0.2
2019-01-23 01:40:50,1.3,1.4,37.607,15.064,8.01,7,0.22,246,0.9,0.5
2019-01-23 01:58:25,1.6,1.7,37.659,14.915,15.84,9,0.21,141,0.7,0.7
2019-01-23 02:18:41,0.8,1,37.747,15.127,11.52,9,0.09,116,1.3,1.1
2019-01-23 02:55:31,0.7,0.7,37.747,14.884,6.92,6,0.02,224,0.9,1.5
2019-01-23 03:34:12,0.8,0.7,37.706,15.025,1.99,10,0.11,91,0.3,0.3
2019-01-23 03:36:03,0.6,0.5,37.698,15.026,2.41,8,0.1,119,0.4,0.5
2019-01-23 04:18:44,0.8,0.6,37.681,14.988,3.71,8,0.04,193,0.5,1.2
2019-01-23 04:30:46,0.8,0.8,37.752,15.002,1.11,10,0.06,99,0.8,0.3
2019-01-23 04:55:50,1.3,0.8,37.706,15.028,2.1,17,0.11,80,0.2,0.3
2019-01-23 07:44:52,1.2,1,37.7,15.001,2.32,16,0.13,121,0.2,0.3
2019-01-23 14:16:05,1.3,1.3,37.653,14.967,3.89,12,0.13,192,0.6,0.4
2019-01-23 17:53:23,1.3,1.2,37.75,14.998,-0.58,21,0.09,57,0.5,0.2
2019-01-23 20:10:00,1.7,1.6,37.656,15.107,5.93,15,0.18,139,0.3,0.3
2019-01-23 20:26:36,1.1,1.1,37.727,14.905,-1.58,7,0.12,115,1,0.3
2019-01-23 21:31:39,0.8,0.6,37.755,14.992,1.64,22,0.08,68,0.3,0.2
2019-01-23 22:00:16,0.8,0.8,37.749,15.008,0.01,8,0.06,203,0.7,0.5
2019-01-23 23:04:36,1,1,37.695,14.993,5.1,11,0.12,87,0.4,0.4
2019-01-23 23:33:17,0.8,0.7,37.683,14.959,6.21,8,0.14,112,0.5,0.7
2019-01-24 00:59:35,1,0.8,37.67,14.951,4.41,11,0.09,103,0.4,0.5
2019-01-24 01:18:19,0.7,0.6,37.67,14.95,3.96,8,0.12,157,0.2,0.4
2019-01-24 09:23:27,1,1.1,37.747,15,-0.18,9,0.08,102,0.5,0.3
2019-01-24 13:18:53,0.8,1,37.792,15.106,12.24,8,0.08,129,1,1
2019-01-24 21:33:28,0.8,0.7,37.727,14.928,2.38,8,0.05,125,1,0.3
2019-01-24 23:38:07,0.9,0.7,37.75,15.056,3.55,14,0.13,73,0.7,0.3
2019-01-25 00:50:03,1.2,1.2,37.751,15.056,3.59,18,0.18,74,0.3,0.3
2019-01-25 02:34:59,1.8,1.7,37.722,14.929,1.52,11,0.21,166,0.3,0.3
2019-01-25 03:46:48,0.7,0.6,37.739,15.075,4.86,7,0.04,95,2.2,1.5
2019-01-25 04:51:43,1.2,1.1,37.752,15.001,1.25,22,0.16,47,0.3,0.2
2019-01-25 07:05:10,1.1,0.7,37.686,14.966,3.83,9,0.06,120,0.6,0.9
2019-01-25 07:58:28,1.1,1.1,37.67,15.107,3.01,7,0.1,128,1.1,0.6
2019-01-25 08:13:19,1.3,1.3,37.789,15.117,8.28,15,0.12,101,0.6,0.4
2019-01-25 12:51:33,1.3,1.3,37.73,14.946,2.4,6,0.13,212,0.4,1.4
2019-01-26 06:03:53,1.2,1.1,37.743,14.977,0.55,18,0.24,76,0.5,0.2
2019-01-26 10:43:28,1,0.8,37.71,15.036,3.77,19,0.18,180,0.5,0.6
2019-01-26 11:20:23,1.2,0.7,37.703,15.022,1.41,10,0.22,100,0.6,0.4
2019-01-26 16:01:06,1,0.8,37.746,15.1,7.68,13,0.24,143,0.8,0.8
2019-01-26 22:24:22,1.3,1.2,37.699,14.97,3.62,8,0.2,202,0.8,0.7
2019-01-26 23:44:31,1.3,1.2,37.701,14.933,3.48,9,0.32,94,0.8,0.5
2019-01-27 02:07:57,0.8,0.7,37.746,15.005,-1.56,11,0.13,209,1,0.6
2019-01-27 03:30:37,0.8,0.6,37.748,15.049,3.51,17,0.22,108,0.4,0.3
2019-01-27 04:27:37,1,1.1,37.724,14.932,-1.58,17,0.17,82,0.5,0.2
2019-01-27 09:28:15,1,0.8,37.725,15.103,5.87,11,0.22,112,0.8,0.6
2019-01-27 11:07:35,1,0.8,37.686,14.992,3.26,20,0.24,80,0.4,0.4
2019-01-27 15:36:42,0.8,0.6,37.742,15.053,4.99,9,0.08,141,1.3,0.7
2019-01-27 15:52:13,1,0.9,37.741,15.062,2.91,15,0.17,93,0.7,0.3
2019-01-27 18:11:20,1.4,1.3,37.689,14.989,3.36,23,0.19,113,0.4,0.3
2019-01-27 18:54:03,1.5,1.6,37.655,15.207,12.65,18,0.24,220,0.8,0.9
2019-01-28 02:20:35,1,0.7,37.748,15.005,-0.08,9,0.09,149,1.5,0.4
2019-01-28 02:58:12,0.8,0.4,37.667,15.103,0.02,8,0.13,149,0.7,0.3
2019-01-28 05:02:00,1,0.8,37.682,14.938,0,8,0.17,119,0.6,0.3
2019-01-28 08:32:42,1.3,1.2,37.727,14.948,-0.16,13,0.19,82,0.5,0.2
2019-01-28 09:25:00,1.1,1,37.672,14.913,0.26,8,0.09,146,0.3,0.2
2019-01-28 12:39:25,0.7,0.4,37.699,14.979,3.17,7,0.02,203,0.6,0.9
2019-01-28 12:54:00,1.1,0.8,37.687,14.987,2.43,14,0.26,94,0.3,0.4
2019-01-28 15:04:20,1,0.6,37.74,15.055,0.87,10,0.26,108,0.7,0.3
2019-01-28 17:23:00,1.5,1.4,37.738,14.967,0.06,12,0.21,101,0.4,0.4
2019-01-28 17:42:09,2.2,2.2,37.674,15.148,2.01,20,0.24,112,0.3,0.2
2019-01-28 17:42:45,1.5,1.6,37.679,15.16,0.05,8,0.29,105,0.5,0.3
2019-01-28 21:19:16,1.3,1.2,37.725,15.024,3.31,12,0.24,87,0.6,0.4
2019-01-29 02:22:06,1,0.7,37.75,15.062,3.03,14,0.14,70,0.7,0.3
2019-01-29 03:40:26,1.5,1.5,37.723,14.95,0.4,12,0.16,84,0.8,0.2
2019-01-29 04:34:19,1.1,0.6,37.731,14.927,1.53,8,0.06,144,0.9,0.5
2019-01-29 05:05:09,1,0.8,37.669,15.099,3.19,8,0.06,140,1.3,0.4
2019-01-29 05:49:45,1,0.9,37.744,15.059,3.16,9,0.09,78,1.7,0.6
2019-01-29 08:11:33,1.2,1.1,37.733,15.038,1.13,14,0.15,84,0.6,0.2
2019-01-29 13:21:53,1.1,0.9,37.75,15.006,-0.59,18,0.07,61,3,0.1
2019-01-29 19:40:25,1.1,0.8,37.736,14.897,4.03,8,0.07,157,0.6,0.5
2019-01-29 19:58:19,1,0.9,37.798,15.155,6.25,8,0.13,162,1.2,0.6
2019-01-29 20:49:51,1,0.8,37.75,14.894,7.01,13,0.31,226,0.8,0.7
2019-01-29 21:01:32,1,1,37.725,14.949,-0.79,19,0.16,76,0.7,0.2
2019-01-29 21:24:33,1,0.8,37.745,14.947,0.34,12,0.19,111,0.3,0.2
2019-01-30 00:07:46,1,1,37.778,15.142,9.29,13,0.21,105,0.7,0.5
2019-01-30 08:20:56,0.8,0.6,37.674,14.984,2.86,9,0.11,220,0.9,0.8
2019-01-30 08:33:44,1,1.1,37.753,14.797,9.87,12,0.15,274,0.5,0.9
2019-01-30 09:49:45,1,1.1,37.752,14.828,9.56,10,0.11,143,0.9,0.8
2019-01-30 18:44:22,1,0.8,37.732,15.043,3.64,16,0.18,114,0.7,0.4
2019-01-30 23:33:57,1,0.8,37.665,15.098,1.52,9,0.12,148,1.6,0.3
2019-01-31 02:56:49,1,0.6,37.698,14.93,0.44,8,0.14,128,1.2,0.3
2019-01-31 03:13:05,1,0.8,37.729,14.967,0.24,11,0.1,126,0.6,0.4
2019-01-31 06:26:02,1.2,1,37.755,15.004,-1.03,15,0.11,58,0.9,0.3
2019-01-31 07:28:47,0.8,0.4,37.727,14.954,-0.12,8,0.11,151,1,0.3
2019-01-31 12:19:53,1.2,1,37.718,15.02,3.55,17,0.13,95,0.7,0.5
2019-01-31 12:30:14,0.8,0.3,37.767,15.051,-0.24,8,0.09,194,0.9,0.4
2019-01-31 12:51:53,1.3,1.3,37.853,15.116,2.22,9,0.24,125,0.4,0.6
2019-01-31 12:56:20,1.4,1.4,37.846,15.178,17.73,16,0.16,131,0.7,0.8
2019-01-31 13:00:42,2.4,2.4,37.863,15.173,16.13,26,0.2,135,0.5,0.6
2019-01-31 13:10:39,1.6,1.7,37.723,15.091,5.77,20,0.16,75,0.4,0.2
2019-01-31 14:10:31,1.3,1.2,37.863,15.171,16.69,12,0.11,133,0.8,0.8
2019-01-31 14:32:21,1.1,1,37.668,15.155,5.41,14,0.16,134,0.4,0.5
2019-01-31 15:18:01,1,0.9,37.765,15.083,4.35,8,0.08,107,0.5,0.7
2019-01-31 18:35:13,1.6,1.5,37.868,15.16,15.34,13,0.15,124,0.9,0.8
2019-01-31 19:19:17,1,0.8,37.751,15.113,2.97,9,0.1,95,0.8,0.7
2019-01-31 22:00:41,1.1,1.1,37.861,15.149,11.03,10,0.08,115,1.6,0.7
2019-02-01 01:33:59,1.5,1.5,37.648,15.216,9.8,12,0.14,290,0.7,0.8
2019-02-01 01:40:31,1.4,1.3,37.65,14.931,7.43,10,0.13,128,1.1,0.7
2019-02-01 04:14:28,1,0.7,37.697,14.956,1.91,7,0.1,203,0.5,0.7
2019-02-01 05:14:45,1.2,1.1,37.741,14.939,0.03,7,0.12,119,0.8,0.5
2019-02-01 08:35:04,1,0.8,37.748,14.999,2.15,12,0.13,82,0.3,0.3
2019-02-01 08:42:23,1,1.1,37.711,15.025,2.37,12,0.09,132,0.5,0.3
2019-02-01 09:53:31,1.2,0.9,37.692,14.924,0.03,7,0.17,111,0.7,0.5
2019-02-01 11:45:11,1.2,1.1,37.743,14.966,0.87,11,0.08,114,0.7,0.3
2019-02-01 11:57:39,1.2,1.1,37.692,14.977,3.48,9,0.12,112,0.6,0.7
2019-02-01 12:39:49,0.9,0.8,37.667,15.02,4.18,9,0.05,233,1,1.3
2019-02-01 12:44:11,1,0.7,37.708,15.019,4.65,7,0.03,219,1.3,2.7
2019-02-01 13:05:25,1.5,1.4,37.695,14.835,5.67,9,0.14,188,0.5,0.5
2019-02-01 13:54:27,0.8,0.8,37.747,15.004,1.04,8,0.05,204,1.8,0.5
2019-02-01 14:16:23,1,1.1,37.704,15.061,0.58,9,0.16,121,1.2,0.4
2019-02-01 19:08:29,1.1,1,37.691,14.832,7.26,7,0.14,194,1.9,0.8
2019-02-01 20:11:39,1.3,1.3,37.688,14.841,1.45,9,0.09,185,0.5,0.4
2019-02-01 23:19:51,0.9,0.9,37.736,15.061,4.64,7,0.04,181,1.1,1.2
2019-02-01 23:43:06,2.4,2.4,37.688,14.818,7.52,21,0.26,103,0.8,0.5
2019-02-01 23:56:19,1.4,1.3,37.714,14.889,6.88,9,0.13,115,0.8,0.6
2019-02-02 01:36:10,1,0.9,37.74,15.065,2.7,14,0.16,122,0.5,0.4
2019-02-02 02:10:16,1,0.9,37.792,15.129,5.44,11,0.13,68,0.7,0.4
2019-02-02 05:18:42,0.9,1.2,37.728,15.019,4.36,7,0.03,273,0.4,1
2019-02-02 05:27:57,2,1.9,37.685,14.936,0.1,11,0.15,86,0.8,0.3
2019-02-02 06:23:46,1.1,1.1,37.752,15.002,0.93,14,0.1,94,0.6,0.3
2019-02-02 08:34:50,1,1.2,37.742,15.115,9.42,7,0.06,185,1.2,1.2
2019-02-02 09:14:57,1.3,1.3,37.804,15.055,0.51,10,0.11,99,0.8,0.2
2019-02-02 09:49:05,1.7,1.8,37.722,15.084,5.83,14,0.14,108,0.3,0.5
2019-02-02 09:50:26,1.1,1.2,37.725,15.089,4.24,13,0.26,93,0.3,0.3
2019-02-02 11:54:36,3.3,3.3,37.643,14.949,4.1,39,0.24,68,0.3,0.2
2019-02-02 11:57:03,1.3,1.3,37.651,14.938,6.04,9,0.09,129,1.3,0.8
2019-02-02 11:59:08,2.1,2,37.651,14.948,5.53,20,0.19,131,0.4,0.4
2019-02-02 12:03:44,1.6,1.5,37.654,14.94,5.14,11,0.19,124,0.5,0.4
2019-02-02 12:07:25,1.2,1,37.639,14.94,9.89,9,0.14,150,1.3,1.1
2019-02-02 12:09:34,1,0.7,37.681,15.078,4.08,9,0.05,133,0.6,0.5
2019-02-02 12:38:09,1.2,1.1,37.653,14.948,6.62,9,0.09,128,1.3,0.9
2019-02-02 12:41:38,1.2,1.1,37.642,14.949,6.16,10,0.07,146,1.5,0.6
2019-02-02 13:06:36,1.5,1.5,37.647,14.947,4.13,16,0.13,136,0.8,0.3
2019-02-02 13:51:18,1.7,1.6,37.659,14.945,6.45,10,0.11,117,0.8,0.8
2019-02-02 14:20:01,1.4,1.3,37.645,14.946,7.13,9,0.08,190,1.1,1.1
2019-02-02 14:56:49,1.4,1.4,37.65,14.945,5.07,14,0.19,131,0.7,0.3
2019-02-02 15:27:29,1.1,0.9,37.661,14.944,5.88,9,0.13,114,1,0.7
2019-02-02 15:46:24,2.3,2.3,37.639,14.947,4.2,25,0.25,94,0.4,0.2
2019-02-02 18:15:51,1.3,1.2,37.648,14.949,5.2,10,0.12,136,0.9,0.4
2019-02-02 19:06:35,1.4,1.5,37.684,14.939,0.03,11,0.17,115,0.5,0.3
2019-02-02 20:37:52,1.3,1.3,37.715,15.023,3.93,15,0.12,101,0.5,0.4
2019-02-02 22:54:32,1.3,1.1,37.636,14.961,5.27,11,0.09,159,1.1,0.5
2019-02-02 22:57:58,1.4,1.3,37.638,14.943,5.4,11,0.17,95,0.6,0.4
2019-02-02 23:39:41,0.9,0.8,37.744,15.054,1.82,11,0.12,140,0.5,0.4
2019-02-03 04:34:20,1.1,1.1,37.752,15.007,0.89,13,0.11,158,0.6,0.3
2019-02-03 04:43:47,1,1,37.638,14.889,5.82,8,0.13,144,0.5,0.8
2019-02-03 04:46:21,1.7,1.6,37.649,14.872,4.18,26,0.27,85,0.4,0.4
2019-02-03 04:52:12,1.4,1.5,37.64,14.864,5.04,10,0.2,162,0.7,0.6
2019-02-03 04:59:15,1.3,1.2,37.637,14.948,4.11,19,0.2,96,0.9,0.4
2019-02-03 05:02:46,1.8,1.7,37.647,14.953,3.99,27,0.23,87,0.2,0.3
2019-02-03 05:11:42,1,0.9,37.642,14.944,2.53,10,0.19,146,0.8,0.3
2019-02-03 05:57:43,0.9,0.8,37.703,14.949,5.88,9,0.21,109,0.9,0.9
2019-02-03 10:49:14,1.7,1.6,37.688,14.843,3.63,20,0.14,83,0.3,0.3
2019-02-03 11:51:55,1,0.8,37.688,14.957,2.13,8,0.07,113,1,0.5
2019-02-03 14:31:21,1.3,1,37.755,15.002,1.61,25,0.16,57,0.2,0.2
2019-02-03 20:29:08,1,0.7,37.741,15.07,2.77,14,0.11,105,0.8,0.6
2019-02-03 23:16:30,1.5,1.3,37.752,14.995,0.74,22,0.12,54,0.3,0.2
2019-02-03 23:39:11,1,0.8,37.71,15.025,4.92,10,0.06,109,0.7,0.7
2019-02-04 00:10:13,1.1,0.9,37.756,14.993,1.2,18,0.11,69,0.4,0.3
2019-02-04 01:26:16,1.1,0.9,37.69,14.942,0.18,9,0.12,99,0.7,0.3
2019-02-04 01:26:28,2.2,2.1,37.689,14.958,2.45,18,0.17,86,0.3,0.2
2019-02-04 01:55:12,0.9,0.7,37.74,15.068,3.61,11,0.11,82,0.5,0.3
2019-02-04 02:31:09,1.7,1.3,37.648,14.949,5.04,13,0.12,135,0.6,0.3
2019-02-04 03:25:52,1.1,0.9,37.759,15.033,3.58,9,0.07,98,0.7,0.4
2019-02-04 03:48:31,1.5,1.4,37.748,15.134,5.51,21,0.14,95,0.3,0.2
2019-02-04 04:08:04,1.5,1.3,37.643,14.949,6.42,14,0.11,144,1,0.6
2019-02-04 05:05:47,1.2,0.9,37.754,15.001,1.16,16,0.09,92,0.9,0.2
2019-02-04 10:20:53,1.1,1,37.742,15.107,3.87,8,0.1,121,0.9,0.6
2019-02-04 13:22:55,1.2,1.1,37.641,14.961,3.81,11,0.06,150,0.4,0.3
2019-02-04 13:25:37,1.1,1,37.719,15.083,4.13,10,0.16,114,0.5,0.5
2019-02-04 13:34:57,0.9,0.6,37.74,14.954,0.33,9,0.15,101,0.4,0.4
2019-02-05 01:17:08,0.9,0.8,37.775,14.977,2.37,8,0.17,124,0.4,0.8
2019-02-05 06:01:43,2.4,2.4,37.61,14.96,9.12,16,0.22,198,0.8,0.6
2019-02-05 06:03:51,2,2,37.613,14.949,9.5,12,0.25,232,0.8,0.6
2019-02-05 07:00:57,1.5,1.6,37.699,14.994,3.36,9,0.28,119,0.4,0.4
2019-02-05 08:49:30,1.5,1.5,37.708,15.012,3.02,9,0.14,86,0.5,0.4
2019-02-05 09:10:24,2,2.2,37.618,14.952,10.79,11,0.17,227,0.8,0.8
2019-02-05 09:14:26,1.7,1.6,37.672,14.92,6.91,9,0.29,131,1,0.9
2019-02-05 12:15:59,2,1.9,37.69,15.044,0.54,13,0.14,65,0.4,0.5
2019-02-05 22:12:40,1.8,1.6,37.635,14.961,3.66,20,0.24,165,0.2,0.2
2019-02-05 22:18:39,1.6,1.6,37.775,15.032,3.36,9,0.1,123,0.9,0.3
2019-02-06 08:29:24,1.1,1.2,37.743,15.052,5.52,19,0.17,72,0.7,0.3
2019-02-06 08:30:12,1.5,1.6,37.738,15.044,4.65,11,0.1,153,1.1,0.7
2019-02-06 08:32:54,1.2,1.1,37.739,15.049,5.96,14,0.15,146,0.9,0.7
2019-02-06 08:33:50,1,0.8,37.745,15.045,4.75,15,0.16,127,0.9,0.4
2019-02-06 09:47:36,1.9,2,37.589,14.965,0.01,12,0.23,246,1.4,1
2019-02-06 23:38:05,2.4,2.5,37.61,15.08,0.04,27,0.27,158,0.6,0.5
2019-02-07 00:23:04,1.1,0.9,37.768,15.097,5.19,12,0.15,104,0.6,0.6
2019-02-07 01:27:46,1.5,1.4,37.699,14.859,5.09,12,0.15,155,0.6,0.4
2019-02-07 02:26:44,0.9,0.8,37.752,15.114,4.51,9,0.13,118,0.7,0.4
2019-02-07 02:40:25,1.1,1,37.671,15.085,4.32,14,0.16,90,0.7,0.3
2019-02-07 05:21:24,0.9,0.9,37.641,14.938,6.01,6,0.05,282,1.2,2.1
2019-02-07 16:06:48,1.2,1.1,37.742,14.898,-0.61,10,0.14,106,0.7,0.5
2019-02-07 18:31:21,1,1,37.693,14.926,0.01,8,0.16,114,0.9,0.3
2019-02-07 18:32:01,1.3,1.4,37.695,14.903,0.02,10,0.26,113,0.5,0.3
2019-02-07 19:53:19,0.9,0.7,37.743,14.958,0.16,8,0.19,89,0.7,0.4
2019-02-08 00:38:45,0.8,0.8,37.754,15.079,1.14,9,0.23,163,0.4,0.8
2019-02-08 00:39:10,0.8,0.8,37.756,15.018,0.23,9,0.09,117,0.4,0.4
2019-02-08 04:57:56,0.8,0.8,37.678,15.094,1.56,8,0.13,132,2,0.3
2019-02-08 06:05:26,1.5,1.6,37.725,14.949,7.17,14,0.15,64,0.6,0.4
2019-02-08 07:28:50,1.4,1.4,37.767,15.139,9.17,10,0.19,131,0.7,0.8
2019-02-09 01:15:32,0.9,0.9,37.714,15.02,5.73,11,0.06,83,0.6,0.5
2019-02-09 01:47:30,0.8,0.7,37.739,15.085,4.98,10,0.1,105,0.6,0.6
2019-02-09 01:58:31,0.7,0.5,37.793,14.933,4.54,9,0.08,75,0.7,0.3
2019-02-09 02:17:34,1,0.8,37.789,14.934,5.82,19,0.17,68,0.2,0.2
2019-02-09 06:01:16,1,0.8,37.752,15.001,-1.6,11,0.16,93,0.6,0.3
2019-02-09 06:02:18,3,2.9,37.556,15.096,0.06,22,0.27,138,0.4,0.3
2019-02-09 07:00:40,1.4,1.4,37.7,14.925,-0.14,21,0.19,84,0.2,0.2
2019-02-09 07:15:10,0.6,0.4,37.822,15.121,1.85,9,0.09,237,1.3,0.8
2019-02-09 07:16:51,1.1,1.1,37.689,14.911,8.71,8,0.16,199,0.8,0.7
2019-02-09 08:11:51,0.9,0.7,37.721,15.039,-1.59,6,0.21,249,0.9,0.6
2019-02-09 10:13:56,0.6,0.4,37.701,15.094,2.85,9,0.16,151,0.5,0.8
2019-02-09 10:15:06,0.4,0.2,37.713,15.077,4,6,0.04,188,0.9,1.3
2019-02-09 10:22:09,0.8,0.7,37.745,15.074,2.96,8,0.13,119,1.3,1.3
2019-02-09 10:22:47,1,1,37.744,15.059,3.82,14,0.11,106,0.4,0.3
2019-02-09 13:38:07,1.5,1.4,37.762,14.981,0.95,13,0.22,207,0.8,0.6
2019-02-09 14:06:01,0.9,0.7,37.711,15.078,4.07,12,0.14,103,0.3,0.4
2019-02-09 14:17:48,0.7,0.5,37.738,15.076,6.65,8,0.07,121,0.9,0.9
2019-02-09 21:23:40,1,1,37.74,15.098,6.78,21,0.14,87,0.4,0.3
2019-02-09 22:36:35,1.1,0.7,37.75,14.997,-1.58,15,0.12,68,0.5,0.3
2019-02-09 23:07:25,1.1,0.9,37.753,15.002,1.47,27,0.13,57,0.3,0.2
2019-02-10 04:00:18,2.4,2.4,37.61,15.085,0.65,19,0.23,220,0.3,0.6
2019-02-10 04:56:49,0.9,0.7,37.756,15.001,1.17,9,0.11,105,0.7,0.4
2019-02-10 07:44:33,1.1,0.9,37.781,15.104,4.01,9,0.12,107,0.4,0.4
2019-02-10 11:31:08,1.2,1.2,37.718,14.913,3.75,8,0.08,214,0.7,0.5
2019-02-10 12:53:40,1.5,1.5,37.734,15.014,0.9,12,0.15,81,0.5,0.3
2019-02-10 13:51:13,0.8,0.5,37.702,15.016,5,11,0.12,103,0.7,0.6
2019-02-10 16:39:20,0.8,0.6,37.742,14.986,0.49,10,0.26,124,0.7,0.2
2019-02-10 18:52:48,0.7,0.5,37.754,15.01,1.85,10,0.13,77,0.5,0.4
2019-02-10 19:07:27,1.3,1.3,37.752,15.005,0.69,22,0.17,60,0.3,0.2
2019-02-10 19:09:11,0.7,0.5,37.758,15.009,2.42,9,0.13,103,0.4,0.4
2019-02-10 19:10:42,0.7,0.4,37.753,15.009,2.12,9,0.13,88,0.3,0.3
2019-02-10 20:35:12,0.5,0.2,37.753,15.004,0.99,12,0.2,92,1,0.2
2019-02-10 20:40:16,1.7,1.5,37.749,15,-1.59,25,0.14,58,0.2,0.1
2019-02-10 20:54:07,0.6,0.5,37.755,15.002,1.51,11,0.18,93,0.6,0.2
2019-02-10 23:57:09,1.4,1.3,37.67,15.09,0.23,16,0.14,130,0.6,0.2
2019-02-11 03:02:23,1,0.8,37.678,15.133,0.04,12,0.15,93,0.3,0.2
2019-02-11 03:30:00,1,0.9,37.746,15.042,2.14,20,0.21,82,0.3,0.2
2019-02-11 06:02:35,0.9,0.6,37.749,15.085,2.64,7,0.09,180,0.5,0.4
2019-02-11 11:03:29,1,0.8,37.674,14.896,3.88,9,0.21,173,0.9,0.5
2019-02-11 14:22:22,1.6,1.6,37.649,14.947,5.8,8,0.19,184,1.1,0.7
2019-02-12 04:05:00,1,0.9,37.674,15.149,3.26,7,0.24,129,0.6,0.4
2019-02-12 04:19:16,0.8,0.8,37.652,15.093,1.6,7,0.18,180,1.2,0.4
2019-02-12 05:10:32,2.3,2.3,37.617,14.886,12.48,12,0.27,202,0.6,0.7
2019-02-12 09:04:43,1.8,1.8,37.709,14.94,2.1,8,0.2,245,0.3,0.7
2019-02-12 13:55:47,1.2,1.2,37.699,15.064,2.46,9,0.1,225,0.7,0.7
2019-02-12 16:31:13,1.4,1.4,37.752,15.006,1.63,18,0.14,67,0.4,0.3
2019-02-12 17:17:05,1,0.9,37.692,15.151,4.43,7,0.17,210,0.6,1.1
2019-02-12 18:33:43,1.1,0.9,37.757,15.011,2.74,13,0.12,83,0.5,0.5
2019-02-13 01:23:30,1,0.8,37.619,14.961,7.57,7,0.04,233,1.8,1.5
2019-02-13 02:12:31,1.2,1.2,37.731,14.937,6.68,12,0.15,87,0.9,0.5
2019-02-13 20:06:39,1.6,1.7,37.739,15.006,-1.58,8,0.19,187,0.4,0.3
2019-02-13 22:51:31,0.9,0.9,37.689,15.09,2.39,7,0.03,185,0.8,0.5
2019-02-13 23:27:10,1,0.9,37.736,15.096,2.07,11,0.21,87,0.3,0.3
2019-02-14 01:34:57,1.1,1.2,37.714,15.13,3.08,8,0.1,187,0.6,0.4
2019-02-14 03:24:02,1.5,1.6,37.64,15.139,14.64,8,0.13,194,0.7,0.9
2019-02-14 08:27:24,2.7,2.7,37.743,15.1,5.23,28,0.15,69,0.3,0.2
2019-02-14 08:29:09,1.9,1.8,37.742,15.1,4.12,22,0.14,71,0.2,0.2
2019-02-14 08:43:22,1.7,1.7,37.741,15.099,3.52,21,0.15,71,0.2,0.2
2019-02-14 08:58:25,1.9,1.8,37.735,15.099,3.04,22,0.16,89,0.3,0.2
2019-02-14 09:09:27,1.4,1.3,37.733,15.092,3.89,10,0.11,90,0.5,0.3
2019-02-14 09:24:18,1.8,1.7,37.734,15.096,4.94,23,0.13,72,0.3,0.2
2019-02-14 11:09:52,1.5,1.5,37.729,15.097,5.72,21,0.14,86,0.4,0.3
2019-02-14 11:25:15,1.3,1.1,37.732,15.099,6.02,11,0.15,95,0.6,0.5
2019-02-14 11:36:20,2.1,2.1,37.724,15.108,6.94,28,0.16,97,0.4,0.3
2019-02-14 13:47:04,0.9,0.7,37.74,15.092,6.03,10,0.13,98,0.6,0.6
2019-02-14 14:05:53,1.3,1.2,37.731,15.101,6.93,8,0.15,99,0.7,0.7
2019-02-14 15:00:37,1.8,1.9,37.726,15.111,7.1,28,0.17,101,0.4,0.3
2019-02-14 15:01:43,0.9,1,37.722,15.118,7.47,8,0.03,220,0.8,1.4
2019-02-14 16:12:49,1.4,1.2,37.732,15.095,6.25,19,0.14,85,0.5,0.4
2019-02-14 19:33:07,1.4,1.2,37.754,14.885,2.23,12,0.15,100,0.2,0.3
2019-02-14 19:36:09,1,1.1,37.759,14.883,1.8,7,0.1,98,0.9,0.4
2019-02-14 22:07:49,1.4,1.2,37.73,15.111,6.14,19,0.16,101,0.5,0.3
2019-02-15 00:12:43,1.3,1.1,37.738,15.092,3.58,9,0.12,98,0.4,0.4
2019-02-15 00:50:10,1,1.1,37.696,14.969,0,10,0.1,99,0.3,0.3
2019-02-15 00:50:16,1.3,1.4,37.696,14.967,-0.62,10,0.08,60,0.4,0.3
2019-02-15 02:14:20,1,0.8,37.757,15.013,1.7,13,0.08,89,0.3,0.2
2019-02-15 04:23:52,1.3,1.3,37.754,15.008,1.66,17,0.09,88,0.3,0.2
2019-02-15 13:30:24,2,1.9,37.865,15.152,14.12,19,0.12,93,0.5,0.4
2019-02-15 13:51:27,1.2,1.1,37.86,15.143,13.82,11,0.09,110,1,0.7
2019-02-15 20:56:40,2.1,2.2,37.867,15.158,11.69,28,0.16,96,0.2,0.3
2019-02-15 21:11:23,2,1.8,37.633,14.952,3.01,20,0.13,101,0.2,0.2
2019-02-15 22:11:37,1.5,1.3,37.645,14.949,4.33,13,0.09,89,0.7,0.3
2019-02-16 00:47:19,1.9,1.7,37.758,15.006,-1.15,24,0.18,51,0.5,0.1
2019-02-16 02:37:56,2,1.7,37.866,15.152,14.51,12,0.07,118,0.7,0.4
2019-02-16 05:57:48,1.3,1.3,37.663,15.094,3.42,10,0.17,230,0.8,0.6
2019-02-16 06:17:11,1,0.7,37.752,15.003,1.27,12,0.09,88,1.4,0.2
2019-02-16 11:13:43,1.5,1.4,37.669,15.108,0,10,0.23,154,0.6,0.4
2019-02-16 11:17:54,1.5,1.4,37.697,15.115,0.04,12,0.24,146,0.5,0.3
2019-02-16 13:37:36,1,0.8,37.75,15.042,5.25,11,0.08,122,1,0.5
2019-02-16 14:44:26,1.6,1.5,37.686,15.114,0.02,11,0.17,131,0.6,0.3
2019-02-16 17:45:07,1.1,1,37.679,14.988,3.33,18,0.17,205,0.4,0.4
2019-02-16 18:30:23,1.5,1.4,37.693,15.111,5.8,20,0.18,120,0.2,0.2
2019-02-16 19:33:33,1.1,0.9,37.697,14.981,2.73,13,0.16,92,0.3,0.3
2019-02-16 19:34:12,1.2,1.1,37.696,14.955,0.26,10,0.1,104,0.4,0.3
2019-02-16 19:34:33,1.4,1.4,37.701,14.977,2.34,12,0.11,105,0.4,0.2
2019-02-16 23:55:41,1.2,1.1,37.726,15.106,7.31,10,0.2,110,1,0.7
2019-02-17 01:07:22,1.1,1,37.684,14.989,3.07,16,0.13,80,0.3,0.3
2019-02-17 03:27:15,1,1.3,37.745,15.108,8.2,9,0.15,93,0.9,0.5
2019-02-17 04:37:20,1,0.7,37.69,15.09,6.75,7,0.06,181,1.4,0.9
2019-02-17 06:28:04,1,0.7,37.735,15.098,5.72,7,0.14,244,1.7,2
2019-02-17 07:25:08,1,0.6,37.701,15.098,3.77,6,0.01,151,1.4,0.7
2019-02-17 09:36:46,1,1.2,37.754,15.002,1.3,24,0.11,57,0.2,0.2
2019-02-18 00:02:07,1.3,0.7,37.681,15.031,1.79,7,0.19,97,0.3,0.5
2019-02-18 00:41:14,1.4,1.4,37.757,15.009,0.81,31,0.14,47,0.1,0.1
2019-02-18 02:31:17,1.2,0.6,37.687,14.978,2.33,14,0.09,67,0.2,0.3
2019-02-18 08:58:22,1.6,1.6,37.728,15.103,6.62,26,0.21,76,0.3,0.2
2019-02-18 09:12:38,1.5,1.5,37.731,15.11,5.87,22,0.15,80,0.2,0.2
2019-02-18 14:17:40,1.6,1.3,37.646,14.958,6.65,15,0.19,140,0.7,0.4
2019-02-18 18:23:48,1.1,0.9,37.758,15.131,4.88,18,0.19,94,0.5,0.4
2019-02-19 00:58:24,1,1,37.785,15.128,2.68,9,0.19,113,0.7,0.2
2019-02-19 01:20:30,0.7,0.6,37.688,14.973,3.31,8,0.07,109,0.4,0.7
2019-02-19 04:05:51,1.3,1.2,37.696,14.969,0.29,8,0.06,99,0.3,0.4
2019-02-19 04:59:34,2.4,2.2,37.728,14.964,6.09,32,0.17,50,0.3,0.2
2019-02-19 05:00:47,1.3,1.2,37.726,14.964,6.63,20,0.13,52,0.4,0.3
2019-02-19 05:01:13,1,1,37.721,14.968,7.01,20,0.15,54,0.5,0.3
2019-02-19 05:02:58,0.9,0.8,37.723,14.975,10.24,10,0.17,123,0.6,1.1
2019-02-19 05:07:49,1.3,1.2,37.73,14.96,6.56,21,0.23,51,0.4,0.3
2019-02-19 05:08:27,1,0.9,37.719,14.946,8.77,13,0.16,136,0.5,0.5
2019-02-19 05:10:38,1,0.9,37.724,14.962,5.61,19,0.21,55,0.5,0.3
2019-02-19 05:23:09,0.8,0.7,37.724,14.96,6.75,14,0.21,110,0.6,0.4
2019-02-19 05:23:45,1.7,1.7,37.722,14.967,7.33,17,0.16,54,0.5,0.3
2019-02-19 05:41:13,1.3,1.3,37.726,15.072,3.64,16,0.15,77,0.5,0.4
2019-02-19 05:58:44,1.5,1.6,37.73,14.967,9.89,9,0.15,132,0.7,0.8
2019-02-19 11:39:17,2.1,2,37.818,15.101,0.76,18,0.19,53,0.5,0.2
2019-02-19 12:36:39,1.6,1.5,37.697,14.983,4.11,8,0.06,159,0.5,0.9
2019-02-19 13:04:20,1,1,37.747,15.064,3.15,13,0.09,90,0.5,0.2
2019-02-19 14:00:03,1.8,1.8,37.818,15.105,1.33,7,0.16,179,2.7,0.3
2019-02-19 15:33:06,1.6,1.5,37.726,14.921,2.02,8,0.1,95,0.5,0.3
2019-02-19 15:39:47,1,0.9,37.727,14.917,2.37,9,0.14,99,0.4,0.3
2019-02-19 17:03:05,1.8,1.7,37.642,14.958,3.37,15,0.22,91,0.2,0.2
2019-02-19 17:07:13,1.2,1.1,37.649,14.952,4.07,11,0.12,135,0.7,0.3
2019-02-20 00:39:25,1.1,1.2,37.754,15.007,2.02,18,0.13,89,0.4,0.2
2019-02-20 05:17:18,1.4,1.3,37.71,14.847,2.21,12,0.1,162,0.3,0.3
2019-02-20 11:34:14,1,0.9,37.714,15.143,6.63,8,0.16,148,0.9,0.7
2019-02-20 16:27:14,0.8,0.7,37.758,15.005,0.9,13,0.15,80,0.4,0.2
2019-02-20 18:47:01,1.6,1.5,37.765,15.115,6.34,9,0.14,170,0.9,1.2
2019-02-20 19:45:04,0.7,0.5,37.751,14.958,0.15,10,0.24,95,0.3,0.3
2019-02-20 23:31:20,1.5,1.7,37.718,14.966,7.83,17,0.15,58,0.6,0.4
2019-02-21 06:25:10,1.4,1.2,37.749,15.058,2.98,21,0.15,69,0.3,0.2
2019-02-21 07:28:47,0.8,0.7,37.746,15.065,3.8,11,0.08,91,0.3,0.3
2019-02-21 08:17:08,0.6,0.3,37.747,15.058,2.57,8,0.07,136,1,0.5
2019-02-21 12:59:36,1.4,1.2,37.628,14.962,9.73,9,0.1,218,0.8,1
2019-02-21 16:57:54,1.1,1.2,37.791,14.824,7.74,17,0.15,181,0.7,0.5
2019-02-21 22:22:38,0.7,0.6,37.743,15.002,1.73,9,0.15,236,0.9,0.5
2019-02-22 06:05:07,1.7,1.7,37.682,14.92,17.43,8,0.11,112,1.4,1.7
2019-02-22 06:08:14,1.3,1.2,37.723,14.822,4.11,14,0.13,174,0.7,0.5
2019-02-22 08:02:38,1.1,0.9,37.726,14.969,6.51,10,0.14,114,1.1,0.5
2019-02-22 09:49:19,1.2,1.1,37.78,15.269,8.64,12,0.16,219,0.9,0.9
2019-02-22 12:46:37,1.8,1.8,37.632,14.896,12.31,12,0.21,133,0.8,0.7
2019-02-22 15:41:59,2,2,37.637,14.929,6.78,13,0.24,150,0.9,0.5
2019-02-22 15:58:22,0.9,0.8,37.735,15.108,5.91,13,0.17,88,0.4,0.6
2019-02-22 16:04:14,1.2,1.1,37.663,15.106,3.1,14,0.15,88,0.8,0.3
2019-02-22 16:20:36,1.1,0.9,37.728,14.967,5.18,13,0.18,80,0.8,0.4
2019-02-22 16:41:20,0.9,0.7,37.802,14.975,1.8,10,0.1,116,0.4,0.3
2019-02-22 16:59:13,1.7,1.6,37.635,14.955,3.1,19,0.18,160,0.3,0.3
2019-02-22 18:19:48,1.5,1.5,37.654,14.897,12.34,9,0.17,179,1.4,1.6
2019-02-22 19:11:12,0.9,0.8,37.672,15.07,4.27,12,0.12,84,0.5,0.5
2019-02-22 19:32:58,1.8,1.8,37.652,14.905,10.56,12,0.18,148,1,0.9
2019-02-22 20:23:39,1.3,1.2,37.623,14.946,7.17,11,0.25,180,1.2,0.6
2019-02-22 21:13:50,1.1,0.9,37.722,14.964,7.41,15,0.19,67,0.7,0.4
2019-02-23 01:15:02,0.9,0.7,37.589,14.911,4.78,7,0.2,160,0.5,0.7
2019-02-23 02:22:10,0.7,0.5,37.708,15.017,1.78,8,0.19,153,0.5,0.4
2019-02-23 04:20:32,1.7,1.6,37.522,14.853,17.32,11,0.19,197,1.3,1.1
2019-02-23 14:15:31,1,0.9,37.742,15.035,3.72,10,0.1,123,0.6,0.4
2019-02-23 20:50:11,1.2,1.1,37.76,14.991,0.99,8,0.06,132,0.8,1
2019-02-24 12:40:15,2.1,2.1,37.755,15.005,1.28,29,0.15,59,0.1,0.1
2019-02-24 12:44:20,1,0.9,37.751,15.003,1.8,12,0.12,85,0.4,0.3
2019-02-24 15:39:09,0.7,0.6,37.74,14.965,-0.18,9,0.13,94,0.3,0.3
2019-02-24 16:56:34,1.3,1.4,37.671,15.101,4.11,13,0.18,120,0.7,0.4
2019-02-24 22:21:36,1.2,1.2,37.62,14.972,6.77,10,0.13,238,1.5,0.6
2019-02-24 22:22:13,1.1,1.1,37.626,14.968,8.67,8,0.08,229,1.1,0.7
2019-02-24 22:35:09,1.2,1.2,37.624,14.967,7.08,9,0.13,230,1.3,0.7
2019-02-24 22:56:19,1.8,1.7,37.631,14.963,7.77,14,0.21,170,0.7,0.4
2019-02-24 23:00:50,1.3,1.3,37.654,14.955,12.07,11,0.13,127,0.7,0.7
2019-02-24 23:20:36,1.1,1.1,37.665,15.143,1.12,8,0.26,129,1.3,0.3
2019-02-24 23:38:19,1.3,1.3,37.638,14.962,11.03,13,0.26,156,0.6,0.5
2019-02-24 23:49:26,1,1.1,37.633,14.968,9.33,7,0.06,220,1.8,1.1
2019-02-25 00:19:07,0.8,0.9,37.742,15.086,4.42,9,0.11,81,0.7,0.6
2019-02-25 01:41:30,2,2,37.711,15.077,5.29,28,0.19,61,0.4,0.2
2019-02-25 01:45:58,1.1,1.1,37.746,15.117,7.68,10,0.17,108,0.5,0.5
2019-02-25 12:33:30,2,1.9,37.716,15.078,4.97,29,0.15,83,0.4,0.3
2019-02-25 12:38:50,1.2,1.1,37.716,15.079,4.81,14,0.13,92,0.6,0.4
2019-02-25 15:38:09,0.8,0.7,37.76,15,1.68,12,0.15,97,0.4,0.3
2019-02-25 17:00:28,1.3,1.1,37.746,15.055,3.9,18,0.15,70,0.4,0.3
2019-02-25 20:33:57,1.3,1.1,37.673,15.097,1.36,13,0.09,83,0.5,0.3
2019-02-25 23:53:30,0.7,0.7,37.686,15.105,3.56,8,0.15,109,0.7,1
2019-02-26 06:52:27,1.5,1.4,37.654,15.002,1.55,12,0.27,105,0.4,0.3
2019-02-26 09:26:35,1.1,1.2,37.734,14.787,3.99,13,0.15,225,0.2,0.6
2019-02-26 13:41:11,0.9,0.9,37.713,15.048,4.22,9,0.06,86,0.7,0.4
2019-02-26 15:17:24,1.2,1,37.712,15.05,3.58,20,0.12,67,0.5,0.3
2019-02-26 15:38:44,0.7,0.5,37.677,14.972,3.76,8,0.05,210,0.6,1
2019-02-26 16:42:20,1.1,0.8,37.712,15.05,3.5,12,0.08,90,0.7,0.6
2019-02-26 18:04:02,1,0.8,37.767,15.104,3.24,10,0.13,156,0.6,0.5
2019-02-26 18:04:28,0.7,0.5,37.776,15.111,2.09,8,0.16,191,0.4,0.6
2019-02-26 18:43:39,0.8,0.7,37.67,15.073,4.05,9,0.11,142,0.4,0.6
2019-02-26 19:56:49,0.8,0.6,37.757,15.005,2.5,16,0.17,72,0.5,0.4
2019-02-26 20:16:15,0.7,0.5,37.687,14.982,3.63,8,0.06,151,0.4,0.6
2019-02-27 00:34:25,0.9,0.8,37.742,15.043,3.74,22,0.14,75,0.4,0.2
2019-02-27 01:26:20,0.5,0.4,37.684,15.019,0.23,7,0.06,224,0.8,0.8
2019-02-27 01:39:05,1.1,1,37.722,15.023,4.18,21,0.12,54,0.3,0.2
2019-02-27 03:26:19,0.9,0.7,37.652,14.948,10.57,9,0.27,129,1.2,1.2
2019-02-27 09:16:35,2.5,2.4,37.891,14.735,9.45,24,0.2,178,0.4,0.6
2019-02-27 12:37:14,2.1,2,37.733,14.875,6.09,28,0.15,108,0.5,0.3
2019-02-27 12:56:50,1.3,1.3,37.73,14.861,5.75,12,0.14,159,0.4,0.5
2019-02-27 13:01:37,1.1,1.1,37.721,14.864,6.29,16,0.12,131,0.5,0.4
2019-02-27 13:13:01,1.5,1.5,37.737,14.868,5.52,15,0.11,109,0.3,0.3
2019-02-27 14:09:09,0.8,0.8,37.742,14.857,4.12,9,0.1,175,0.7,1.1
2019-02-27 14:52:50,0.9,0.9,37.734,14.872,5.75,9,0.21,191,1.1,0.8
2019-02-27 17:47:53,1.6,1.6,37.711,14.972,7.2,10,0.13,166,0.7,0.9
2019-02-27 23:36:15,1.1,0.9,37.741,14.966,0.39,14,0.16,57,0.4,0.3
2019-02-27 23:56:52,1.3,0.9,37.694,14.938,0.13,14,0.16,78,0.5,0.2
2019-02-28 03:56:50,1.1,0.7,37.724,15.017,3.55,22,0.14,42,0.2,0.2
2019-02-28 05:22:40,0.9,0.6,37.699,15.126,0.49,11,0.11,140,0.8,0.3
2019-02-28 05:43:59,1.3,1.2,37.737,15.05,3.35,18,0.15,77,0.4,0.2
2019-02-28 15:49:24,2.4,2.4,37.745,15.105,8.72,36,0.19,72,0.3,0.2
2019-02-28 20:09:39,1,1,37.682,15.084,3.87,9,0.1,86,0.7,0.4
2019-02-28 22:58:25,1.5,1.4,37.74,14.902,7.72,21,0.12,88,0.6,0.4
2019-03-01 00:23:01,1.4,1.1,37.692,14.995,2.61,31,0.2,99,0.2,0.2
2019-03-01 03:45:09,1.1,1.1,37.712,15.032,3.8,14,0.15,93,0.5,0.4
2019-03-01 03:50:45,1,0.6,37.743,15.072,3.61,12,0.11,119,0.5,0.4
2019-03-01 03:55:22,1.3,1.2,37.714,15.015,2.78,30,0.18,49,0.2,0.2
2019-03-01 03:59:34,0.8,0.7,37.711,15.016,4.01,16,0.1,73,0.5,0.3
2019-03-01 04:01:45,0.9,0.5,37.719,15.028,2.42,11,0.15,136,0.6,0.5
2019-03-01 04:08:23,0.8,0.3,37.708,15.009,3.04,13,0.17,89,0.3,0.3
2019-03-01 04:18:30,1,1,37.714,15.017,3.07,20,0.13,69,0.3,0.2
2019-03-01 04:32:42,1.6,1.6,37.72,15.083,5.02,31,0.15,64,0.2,0.1
2019-03-01 04:36:26,0.8,0.8,37.711,15.022,4.62,15,0.08,65,0.4,0.3
2019-03-01 05:52:00,1,0.8,37.756,15.007,1.66,15,0.1,84,0.3,0.2
2019-03-01 05:59:17,1,1,37.753,15.009,2.02,15,0.15,65,0.3,0.2
2019-03-01 06:38:32,1.9,2.2,37.723,15.082,5,34,0.14,64,0.2,0.1
2019-03-01 06:40:24,1.6,1.7,37.719,15.084,4.76,26,0.15,65,0.2,0.1
2019-03-01 06:40:54,1.1,1.2,37.713,15.087,4.75,15,0.2,75,0.4,0.2
2019-03-01 06:46:04,0.8,0.6,37.723,15.089,5.05,9,0.09,141,0.4,0.7
2019-03-01 06:59:04,0.7,0.5,37.755,15.01,1.26,12,0.14,88,0.5,0.2
2019-03-01 08:00:46,1,0.9,37.756,15.003,1.8,18,0.1,57,0.2,0.2
2019-03-01 10:22:06,0.5,0.2,37.723,14.946,0.45,9,0.07,123,0.6,0.2
2019-03-01 12:50:47,1,0.3,37.694,14.961,2.56,9,0.09,106,0.5,0.5
2019-03-01 14:10:17,1.3,0.7,37.688,14.983,3.14,8,0.05,133,0.4,0.6
2019-03-01 16:08:29,1.6,0.9,37.69,15.02,0.58,10,0.18,176,0.4,0.4
2019-03-01 16:17:13,1.2,0.9,37.753,14.995,0.09,19,0.09,54,0.2,0.2
2019-03-01 16:59:08,0.8,0.5,37.68,15.091,1.53,9,0.18,121,0.5,0.2
2019-03-01 21:16:12,1.3,1.2,37.646,14.957,7.17,14,0.15,139,0.5,0.4
2019-03-01 21:16:57,1.2,1,37.627,14.955,5.33,13,0.19,194,0.5,0.4
2019-03-02 00:43:36,1.2,1.1,37.734,14.871,5.72,17,0.14,142,0.3,0.4
2019-03-02 00:44:01,1.1,1,37.729,14.87,5.73,11,0.14,150,0.3,0.5
2019-03-02 00:50:22,1,1,37.719,14.867,6.39,9,0.1,172,0.8,0.7
2019-03-02 01:00:13,1,1,37.741,14.875,5.5,12,0.09,99,0.4,0.3
2019-03-02 09:26:52,1.1,1.1,37.756,14.972,0.29,8,0.05,174,0.5,0.6
2019-03-02 13:31:46,0.7,1,37.759,14.993,1.83,14,0.08,86,0.3,0.3
2019-03-02 18:31:30,1.8,1.7,37.721,14.97,3.5,14,0.15,82,0.3,0.3
2019-03-02 18:44:22,1.6,1.6,37.7,14.9,3.17,8,0.17,222,1,1.1
2019-03-02 19:20:33,1,0.9,37.739,15.071,5.18,12,0.09,79,0.5,0.4
2019-03-02 20:30:00,0.6,0.4,37.697,14.985,3.26,7,0.08,191,0.5,1.1
2019-03-02 20:30:15,0.8,0.5,37.685,14.992,3.68,11,0.09,144,0.4,0.5
2019-03-03 01:37:37,1,0.9,37.725,14.933,0.26,17,0.21,82,0.3,0.2
2019-03-03 03:33:21,1,0.7,37.757,14.996,1.63,20,0.12,53,0.4,0.2
2019-03-03 05:36:30,0.9,0.6,37.754,15.008,1.17,18,0.13,60,0.7,0.2
2019-03-03 06:15:34,0.8,0.7,37.734,15.062,1.87,12,0.1,86,0.7,0.3
2019-03-03 07:51:20,1.2,1.1,37.728,14.934,-1.58,15,0.18,130,0.4,0.2
2019-03-03 11:03:57,1.1,1.1,37.745,15.054,3.86,8,0.11,133,0.8,0.6
2019-03-03 15:57:40,0.7,0.6,37.729,15.126,3.75,9,0.18,154,0.7,0.6
2019-03-03 16:25:28,0.8,0.7,37.703,15.022,5.09,13,0.11,101,0.5,0.6
2019-03-03 20:42:33,0.9,0.5,37.715,15.019,3.57,12,0.11,90,0.2,0.3
2019-03-03 23:28:21,0.6,0.4,37.747,15.046,2.88,10,0.08,113,1.5,0.4
2019-03-04 01:14:13,1,0.9,37.751,15.04,5.34,14,0.07,82,0.8,0.4
2019-03-04 01:52:56,1,0.7,37.76,15.099,3.15,14,0.14,97,0.4,0.3
2019-03-04 01:55:30,0.9,0.3,37.762,15.105,2.84,7,0.1,145,0.7,0.5
2019-03-04 02:52:04,1,0.8,37.745,15.035,3.07,27,0.17,35,0.4,0.2
2019-03-04 04:52:23,1.2,1.1,37.753,15.004,1.31,18,0.16,71,0.5,0.2
2019-03-04 05:42:13,1,0.6,37.75,15.071,5.98,6,0.07,145,2.5,2.3
2019-03-04 09:51:21,1,0.8,37.762,15.084,4.4,8,0.14,151,0.8,0.6
2019-03-04 14:18:38,0.9,0.7,37.748,15.082,5.87,6,0.08,175,1.7,2.5
2019-03-04 14:18:58,1,0.8,37.743,15.059,3.84,10,0.06,105,0.8,0.8
2019-03-04 14:29:03,1,0.8,37.737,15.069,4.8,10,0.12,124,1.5,1.2
2019-03-04 15:50:48,1.1,0.7,37.695,14.989,3.39,15,0.12,111,0.4,0.3
2019-03-04 17:15:21,1.1,0.7,37.721,15.023,4.04,18,0.11,85,0.5,0.2
2019-03-04 17:20:19,0.8,0.5,37.718,15.024,4.87,12,0.09,123,0.7,0.5
2019-03-04 18:35:13,2.6,2.6,37.655,14.972,1.13,27,0.24,122,0.2,0.2
2019-03-04 22:53:15,0.9,0.9,37.757,14.983,2.01,8,0.07,131,0.9,0.5
2019-03-05 04:48:40,1.5,1.5,37.683,14.92,18.07,14,0.16,108,1.1,0.7
2019-03-05 05:01:01,2.1,1.9,37.697,14.804,22.22,20,0.17,211,0.5,0.7
2019-03-05 05:03:26,1.5,1.5,37.678,14.894,21.12,12,0.3,127,1,0.9
2019-03-05 06:07:56,1.7,1.9,37.688,14.909,22.27,13,0.22,109,0.6,0.8
2019-03-05 06:36:20,1.8,1.5,37.717,14.864,18.7,13,0.1,192,0.7,0.9
2019-03-05 07:03:36,2,1.7,37.732,14.941,-0.23,23,0.19,63,0.2,0.1
2019-03-06 02:55:47,0.7,0.4,37.745,15.059,4.04,12,0.07,94,0.7,0.4
2019-03-06 02:56:52,0.9,0.5,37.725,14.935,-1.49,13,0.16,85,0.7,0.2
2019-03-06 12:29:56,1,0.7,37.746,15.004,1.21,16,0.15,92,0.3,0.3
2019-03-06 16:04:08,1.1,0.9,37.669,15.08,2.8,14,0.12,71,0.3,0.3
2019-03-06 21:24:37,1,0.9,37.751,14.996,-1.58,14,0.1,104,0.4,0.2
2019-03-07 13:57:42,1.1,0.9,37.742,15.059,4.55,13,0.06,73,0.8,0.6
2019-03-07 19:32:35,1.2,0.9,37.685,14.971,3.4,15,0.07,106,0.2,0.3
2019-03-07 19:36:10,1.3,1.1,37.687,14.978,2.47,18,0.12,112,0.2,0.3
2019-03-07 22:27:29,0.6,0.8,37.739,15.065,3.74,10,0.05,88,0.7,0.5
2019-03-07 22:27:40,0.9,0.7,37.68,14.971,0.44,11,0.1,93,0.1,0.2
2019-03-08 05:49:57,1,0.7,37.701,15.098,3.09,11,0.13,149,0.6,0.5
2019-03-08 11:51:13,1,0.8,37.752,15.004,1.28,13,0.16,93,0.6,0.3
2019-03-08 11:58:20,2.1,2,37.755,15.005,1.11,34,0.14,42,0.2,0.1
2019-03-08 12:05:30,1,0.6,37.75,15.003,1.84,13,0.17,101,0.4,0.4
2019-03-08 12:09:59,1.3,1.2,37.758,15.004,1.09,19,0.14,56,0.5,0.2
2019-03-08 12:13:19,0.9,0.4,37.751,14.998,-1.39,15,0.21,95,0.4,0.3
2019-03-08 12:21:14,0.8,0.6,37.753,15.007,2.01,12,0.15,98,0.3,0.3
2019-03-08 12:21:55,0.7,0.5,37.756,15.001,1.19,12,0.14,88,0.7,0.4
2019-03-08 12:27:04,0.7,0.4,37.748,15.004,1.66,12,0.07,103,0.7,0.4
2019-03-08 13:01:58,0.9,0.6,37.75,15.002,1.86,17,0.11,61,0.3,0.3
2019-03-08 14:03:24,1.1,1,37.756,14.997,1.98,20,0.14,87,0.3,0.2
2019-03-08 14:36:05,1.6,1.6,37.685,15.16,3.45,12,0.3,114,0.2,0.4
2019-03-08 15:10:22,0.8,0.6,37.729,15.075,3.35,12,0.16,104,1,0.7
2019-03-08 15:52:23,1.7,1.5,37.709,14.765,12.62,22,0.22,149,0.7,0.5
2019-03-08 16:31:34,0.6,0.4,37.749,15.045,1.19,9,0.09,116,1.4,0.6
2019-03-08 17:44:40,0.7,0.4,37.755,15.043,1.49,12,0.19,86,0.6,0.3
2019-03-08 20:12:09,0.8,0.6,37.755,15.008,1.82,10,0.22,78,0.8,0.6
2019-03-08 21:30:23,0.7,0.4,37.744,14.954,0.92,9,0.13,135,0.4,0.3
2019-03-09 03:37:17,1.1,0.8,37.748,15.005,2.24,13,0.18,91,0.5,0.3
2019-03-09 04:45:51,0.5,0.2,37.684,15.064,0.4,8,0.24,134,0.5,0.4
2019-03-09 09:00:01,1,0.9,37.752,15.007,1.34,13,0.11,61,0.6,0.3
2019-03-09 10:33:17,1.1,0.9,37.684,14.951,0.03,12,0.21,167,0.5,0.3
2019-03-09 11:41:51,0.8,0.6,37.742,15.003,0.83,11,0.08,181,0.6,0.3
2019-03-09 19:36:07,0.8,0.5,37.73,14.958,0.03,8,0.15,114,0.9,0.4
2019-03-10 01:31:24,0.8,0.8,37.669,14.951,2.74,11,0.11,160,0.5,0.4
2019-03-10 08:50:30,0.9,0.9,37.74,15.092,7.61,7,0.01,210,1.5,1.3
2019-03-10 20:23:17,0.8,0.5,37.698,14.874,3.72,9,0.16,140,0.3,0.4
2019-03-10 20:48:41,1.2,1.1,37.736,14.988,13.12,10,0.2,125,1,0.9
2019-03-10 23:11:08,0.8,0.6,37.739,15.052,2.6,9,0.12,142,1.5,0.6
2019-03-11 00:06:08,1,0.8,37.754,15.089,5.11,15,0.18,75,0.5,0.3
2019-03-11 08:01:53,1.2,1.2,37.598,14.982,6.15,10,0.09,295,2.1,1.1
2019-03-11 08:16:08,1.4,1.4,37.634,14.977,8.98,9,0.09,224,0.8,1.3
2019-03-11 08:16:21,1.3,1.3,37.646,14.957,8.64,10,0.15,139,1.4,1.3
2019-03-11 08:45:51,0.9,0.7,37.742,15.054,3.75,13,0.18,102,0.8,0.3
2019-03-11 10:16:15,1.1,1,37.636,14.948,6.7,11,0.2,158,0.8,0.6
2019-03-11 10:18:02,2.3,2.2,37.641,14.954,2.36,23,0.22,149,0.3,0.3
2019-03-11 10:38:46,1.4,1.4,37.648,14.959,9.34,10,0.15,137,0.9,0.8
2019-03-11 11:25:36,1,0.8,37.707,14.982,2.34,9,0.12,117,0.5,0.8
2019-03-11 11:45:17,1.3,1.3,37.626,14.961,8.87,9,0.2,180,1,0.9
2019-03-12 00:01:20,2,2,37.823,15.246,3.97,17,0.18,201,0.3,0.4
2019-03-13 00:58:33,1.1,0.7,37.687,14.932,0.03,11,0.19,106,0.6,0.3
2019-03-13 02:13:54,0.9,0.5,37.698,14.978,1.43,9,0.14,117,0.4,0.3
2019-03-13 03:06:52,1.6,1.7,37.73,14.771,15.34,23,0.21,157,0.7,0.7
2019-03-13 13:15:17,0.6,0.6,37.696,14.979,2.56,8,0.09,107,0.5,0.5
2019-03-13 15:43:32,2.4,2.4,37.735,15.113,5.39,33,0.24,82,0.3,0.2
2019-03-13 15:54:16,1.9,1.7,37.732,15.116,4.26,25,0.23,84,0.2,0.2
2019-03-13 16:12:53,0.7,0.5,37.744,15.116,2.78,8,0.15,111,0.9,0.4
2019-03-13 17:43:48,1,0.9,37.737,14.954,0.43,11,0.15,94,0.4,0.3
2019-03-13 19:31:41,1.5,1.4,37.735,14.798,11.54,19,0.17,149,0.3,0.7
2019-03-13 19:32:16,1.6,1.5,37.728,14.827,10.52,20,0.26,160,0.5,0.6
2019-03-13 20:41:28,2,1.9,37.72,14.756,15.88,29,0.24,172,0.5,0.6
2019-03-13 23:40:06,1.4,1.3,37.74,14.807,4.33,17,0.13,86,0.3,0.4
2019-03-14 01:08:24,0.7,0.5,37.723,14.928,0.13,10,0.17,85,0.7,0.3
2019-03-14 04:23:57,1,0.7,37.751,15.006,0.1,14,0.17,89,0.2,0.3
2019-03-14 05:47:57,0.9,0.5,37.758,15,2.05,14,0.13,89,0.4,0.3
2019-03-14 19:18:14,1.3,1.3,37.774,14.85,9.55,11,0.12,155,0.9,0.5
2019-03-15 02:39:05,1.2,1.1,37.733,14.956,1.53,12,0.17,100,0.5,0.3
2019-03-15 07:18:49,1.1,1.1,37.745,14.996,0.11,11,0.17,131,0.5,0.2
2019-03-15 18:29:06,1.8,1.7,37.708,15.117,5.88,27,0.15,80,0.2,0.2
2019-03-15 23:45:35,0.5,0.5,37.739,15.051,3.53,9,0.18,100,0.8,0.6
2019-03-15 23:45:53,0.8,0.8,37.737,15.032,1.63,9,0.09,203,1.9,0.6
2019-03-15 23:45:57,1.2,0.9,37.742,15.046,0.95,16,0.15,102,0.4,0.2
2019-03-16 02:54:05,1,0.7,37.807,15.053,0.45,10,0.17,101,0.4,0.3
2019-03-16 03:02:12,1.2,1.2,37.747,14.989,0.09,11,0.15,117,0.7,0.4
2019-03-16 03:32:06,0.9,0.6,37.749,15.044,3.18,15,0.06,82,1,0.3
2019-03-16 03:45:25,1.1,0.9,37.75,14.988,0.13,8,0.23,135,0.6,0.3
2019-03-16 04:42:06,1.1,1,37.557,14.945,1.17,8,0.15,275,0.9,0.9
2019-03-16 04:44:10,1.5,1.4,37.616,14.952,1.98,13,0.18,183,0.4,0.4
2019-03-16 07:51:59,0.5,0.7,37.758,15.006,1.44,15,0.1,79,0.2,0.2
2019-03-16 09:41:47,1.8,1.9,37.638,14.904,1.07,22,0.17,102,0.2,0.3
2019-03-16 15:12:30,1.1,1.2,37.746,14.989,1.04,18,0.1,45,0.3,0.2
2019-03-16 15:13:23,1.5,1.4,37.677,14.957,4.72,8,0.1,109,0.4,0.4
2019-03-17 02:37:38,1,0.6,37.71,15.12,5.07,14,0.06,103,0.4,0.3
2019-03-17 04:25:01,0.7,0.5,37.717,15.126,3.28,11,0.2,111,0.3,0.4
2019-03-17 06:36:16,1.2,0.8,37.711,15.128,4.2,12,0.09,109,0.5,0.3
2019-03-17 06:37:03,0.8,0.5,37.704,15.116,6.29,10,0.07,127,0.4,0.4
2019-03-17 06:54:23,1.9,1.7,37.708,15.118,6.27,28,0.15,81,0.3,0.2
2019-03-17 07:14:25,1.2,1,37.708,15.123,4.74,15,0.17,103,0.3,0.2
2019-03-17 07:15:34,1.1,0.8,37.707,15.128,4.47,12,0.16,107,0.5,0.3
2019-03-17 07:29:15,1,0.7,37.708,15.12,4.55,11,0.11,111,0.5,0.4
2019-03-17 10:28:43,1.5,1.1,37.788,14.85,5.27,16,0.13,150,0.3,0.3
2019-03-17 10:36:25,1.4,1.2,37.746,15.13,5.5,18,0.15,92,0.2,0.2
2019-03-17 12:43:09,1,0.6,37.729,15.095,5.93,8,0.1,278,0.3,1
2019-03-17 16:51:30,1,0.8,37.753,15.119,7.53,13,0.15,120,0.5,0.4
2019-03-17 17:56:58,0.7,0.4,37.754,15.113,7.21,7,0.03,177,0.7,0.7
2019-03-17 18:08:24,0.8,0.6,37.738,15.123,8.43,10,0.07,202,0.5,0.7
2019-03-17 18:39:50,0.5,0.4,37.742,15.079,4.64,9,0.06,129,0.5,0.6
2019-03-18 02:52:45,1.3,1.2,37.738,15.08,5.79,33,0.24,41,0.4,0.2
2019-03-18 07:38:20,1.5,1.6,37.687,14.936,0.1,13,0.13,116,0.6,0.2
2019-03-18 07:38:49,1.5,1.4,37.687,14.949,2.41,9,0.2,104,0.4,0.3
2019-03-18 07:40:00,2,2.1,37.694,14.937,0.09,21,0.24,67,0.5,0.2
2019-03-18 11:09:23,1,0.9,37.715,14.894,4.6,11,0.16,145,0.6,0.5
2019-03-18 15:29:43,1,0.8,37.689,14.925,-1.58,11,0.17,101,1.1,0.3
2019-03-19 00:02:49,0.8,0.5,37.707,15.064,3.3,17,0.25,86,0.4,0.4
2019-03-19 00:30:03,1.9,2,37.704,15.07,3.22,52,0.18,54,0.2,0.1
2019-03-19 19:35:18,1.8,1.7,37.75,15.002,11.25,35,0.22,46,0.5,0.3
2019-03-20 00:02:08,1,0.8,37.731,15.053,4.13,20,0.13,73,0.3,0.3
2019-03-20 02:30:31,1,0.8,37.756,15.038,6.42,24,0.24,79,0.6,0.3
2019-03-20 13:37:36,1.7,1.6,37.557,15.202,3.66,16,0.26,199,1,0.9
2019-03-20 14:50:02,2.8,2.9,37.755,15,1.19,41,0.19,41,0.2,0.1
2019-03-20 14:50:40,1.9,2.1,37.761,14.995,1.51,21,0.1,54,0.3,0.3
2019-03-20 14:51:19,1,1.1,37.76,14.998,1.23,21,0.15,88,0.3,0.3
2019-03-20 14:57:07,1,0.7,37.759,15.002,1.97,11,0.17,194,0.6,0.7
2019-03-20 17:57:52,1,0.7,37.782,14.982,2.95,8,0.1,226,0.8,1
2019-03-20 18:36:51,0.8,0.5,37.756,15.004,1.28,13,0.15,117,0.5,0.4
2019-03-20 19:30:59,0.8,0.6,37.758,15.004,2.1,12,0.14,79,0.5,0.5
2019-03-21 01:15:03,1,0.8,37.755,15.004,1.38,26,0.19,48,0.3,0.2
2019-03-21 11:09:27,1.3,1.2,37.731,15.107,8.48,14,0.14,197,0.6,0.6
2019-03-22 11:54:52,1,1,37.688,15.146,2.32,12,0.19,157,0.2,0.5
2019-03-22 13:34:38,1,0.7,37.755,14.999,0.64,9,0.13,185,0.8,0.5
2019-03-22 21:25:46,1,0.7,37.751,15.002,2.14,22,0.24,70,0.3,0.2
2019-03-22 21:33:10,0.8,0.6,37.771,14.989,1.59,6,0.09,195,1.1,1.1
2019-03-22 21:55:08,1,0.9,37.754,15.005,1.83,22,0.14,49,0.3,0.2
2019-03-22 22:07:01,0.8,0.5,37.757,15.005,1.19,12,0.13,81,0.4,0.3
2019-03-22 22:21:45,1.6,1.4,37.751,15.009,1.18,39,0.18,38,0.2,0.1
2019-03-22 22:22:30,0.8,0.5,37.756,15.006,1.71,12,0.13,83,0.5,0.3
2019-03-22 22:25:07,1.1,0.8,37.752,15.006,0.96,25,0.16,52,0.3,0.1
2019-03-22 23:33:55,0.8,0.6,37.707,15.028,1.59,17,0.11,59,0.4,0.2
2019-03-22 23:34:32,1.5,1.6,37.701,15.032,1.46,16,0.18,81,0.3,0.3
2019-03-22 23:35:18,1,0.9,37.703,15.038,0.41,14,0.13,88,0.6,0.3
2019-03-22 23:56:23,1,0.6,37.761,15.009,1.68,9,0.1,82,0.6,0.3
2019-03-23 00:15:34,1,0.8,37.757,15.005,1.41,23,0.15,51,0.3,0.2
2019-03-23 01:14:13,1,0.6,37.762,15,2.19,7,0.08,119,0.8,0.4
2019-03-23 06:00:42,0.9,0.7,37.747,15.166,1.48,6,0.06,292,0.9,1
2019-03-23 06:26:17,1.2,1.2,37.69,15.118,0.14,10,0.12,111,0.8,0.3
2019-03-23 07:49:47,1.1,0.9,37.686,15.121,0.28,9,0.17,164,0.5,0.5
2019-03-23 11:53:55,1.8,1.6,37.701,15.165,0.41,10,0.14,238,2.6,0.8
2019-03-23 17:07:39,1.4,1.4,37.754,15.007,1.52,31,0.16,38,0.2,0.1
2019-03-23 17:51:10,0.8,0.4,37.752,15.005,0.59,8,0.12,195,0.9,0.5
2019-03-24 01:33:49,0.6,0.4,37.745,15.069,1.55,7,0.14,144,1.8,0.9
2019-03-24 01:52:41,1.5,1.5,37.899,14.955,22.75,23,0.25,73,0.8,0.4
2019-03-24 02:12:55,0.8,0.8,37.727,14.9,5.89,9,0.09,231,0.9,0.8
2019-03-24 02:25:41,0.8,0.7,37.734,14.946,7.88,22,0.19,56,0.5,0.3
2019-03-24 02:30:17,0.7,0.5,37.744,15.046,3.09,13,0.09,77,1,0.3
2019-03-24 02:42:53,1,0.8,37.749,14.999,0.25,16,0.13,66,0.6,0.2
2019-03-24 02:49:52,2,1.9,37.712,14.925,4.39,44,0.22,91,0.2,0.2
2019-03-24 03:25:23,2.4,2.3,37.713,14.916,4.36,51,0.26,96,0.1,0.2
2019-03-24 03:59:38,0.9,0.7,37.714,14.9,5.97,11,0.15,212,0.8,0.9
2019-03-24 04:02:43,0.8,0.5,37.755,15.003,1.4,22,0.14,56,0.4,0.2
2019-03-24 04:03:46,0.6,0.2,37.758,15.004,-0.12,9,0.18,201,1.2,0.7
2019-03-24 04:11:32,1.8,1.6,37.754,15.007,1.1,47,0.21,52,0.2,0.1
2019-03-24 04:48:08,0.6,0.5,37.742,15.047,4.14,9,0.08,106,1.3,0.5
2019-03-24 05:59:47,0.6,0.4,37.751,15.006,1.13,10,0.14,198,0.5,0.5
2019-03-24 06:11:03,1.4,1.4,37.754,15.004,2.11,28,0.12,42,0.2,0.2
2019-03-24 06:17:03,0.7,0.3,37.759,15,0.87,7,0.1,120,0.9,0.4
2019-03-24 06:17:53,1.2,1.1,37.756,15.004,0.4,24,0.19,71,0.3,0.1
2019-03-24 07:11:07,0.6,0.4,37.754,15.006,0.42,6,0.15,192,1.7,0.7
2019-03-24 15:20:38,1.2,1.1,37.753,15.004,1.25,28,0.13,36,0.2,0.1
2019-03-24 18:41:09,1,1,37.741,14.896,7.05,9,0.09,298,0.8,1
2019-03-24 19:04:03,1,1,37.733,14.954,11.79,21,0.21,52,0.8,0.4
2019-03-24 19:19:59,1,1.2,37.709,15.064,3.5,20,0.16,72,0.4,0.2
2019-03-24 19:27:13,2.7,2.8,37.707,15.067,2.91,61,0.18,54,0.2,0.1
2019-03-24 19:30:13,1.3,1.2,37.705,15.064,3,34,0.18,58,0.3,0.2
2019-03-24 19:44:18,0.9,0.8,37.712,14.916,5.13,15,0.16,109,0.6,0.4
2019-03-24 19:57:10,0.9,0.8,37.704,15.065,3,26,0.19,65,0.3,0.2
2019-03-24 19:57:46,0.5,0.5,37.704,15.075,3.89,7,0.01,158,0.7,0.6
2019-03-24 20:25:04,0.6,0.4,37.704,15.076,3.45,6,0.07,161,0.9,0.6
2019-03-24 21:09:38,0.6,0.5,37.742,15.061,4.69,7,0.05,131,3.8,2.4
2019-03-24 22:23:10,1,0.7,37.689,14.932,1.49,6,0.34,111,0.4,0.3
2019-03-24 23:34:07,1,1.1,37.808,14.842,15.1,13,0.16,213,0.9,1.1
2019-03-24 23:41:35,1,0.8,37.744,15.054,3.87,17,0.13,71,0.3,0.2
2019-03-24 23:59:48,0.9,0.6,37.757,14.908,1.15,6,0.13,280,0.9,1.1
2019-03-25 01:39:36,1.1,0.8,37.64,14.955,4.06,17,0.13,87,0.3,0.3
2019-03-25 02:09:40,1,0.6,37.756,15.041,5.62,10,0.13,88,1.4,0.5
2019-03-25 02:26:56,0.8,0.5,37.749,15.05,1.74,9,0.07,145,0.6,0.4
2019-03-25 04:25:34,1.1,0.8,37.59,15.035,8.61,6,0.16,270,3.9,3.5
2019-03-25 05:31:26,1,0.6,37.628,15.019,5.15,6,0.05,203,1.2,1
2019-03-25 06:50:46,1.2,1.4,37.612,15.043,7.22,16,0.2,136,0.7,0.4
2019-03-25 10:14:18,0.9,0.5,37.75,15.097,5.01,8,0.13,122,0.8,0.7
2019-03-25 11:23:36,1.1,0.5,37.752,15.123,4.14,8,0.14,206,0.5,0.7
2019-03-25 14:32:22,2,2.1,37.735,15.089,5.8,29,0.15,68,0.1,0.2
2019-03-25 14:48:33,1.6,1.7,37.74,15.096,5.37,22,0.17,69,0.2,0.2
2019-03-25 14:59:10,0.8,0.9,37.741,14.964,0.25,13,0.17,87,0.2,0.2
2019-03-25 14:59:49,2,2.1,37.613,14.955,5.05,15,0.18,205,0.3,0.4
2019-03-25 15:04:09,1.8,1.7,37.736,15.092,5.05,29,0.19,69,0.2,0.2
2019-03-25 15:06:06,0.8,0.8,37.722,15.117,5.13,11,0.19,184,0.7,0.6
2019-03-25 15:08:27,1,0.6,37.756,15.001,0.81,15,0.16,91,0.6,0.2
2019-03-25 15:47:38,0.8,0.7,37.734,15.099,4.85,13,0.15,78,0.4,0.3
2019-03-25 16:41:02,1,0.9,37.706,15.018,2,14,0.12,83,0.2,0.2
2019-03-25 16:45:25,0.9,0.4,37.694,15.012,1.15,11,0.09,127,0.5,0.3
2019-03-25 16:52:46,1,0.6,37.724,15.108,4.18,10,0.19,173,0.4,0.6
2019-03-25 17:16:57,0.9,0.4,37.694,15.014,1.61,8,0.06,155,0.7,0.5
2019-03-25 18:49:09,0.9,0.8,37.749,15.039,4.2,15,0.08,86,0.6,0.2
2019-03-25 19:12:00,1.4,1.1,37.641,14.963,9.92,14,0.17,76,0.8,0.6
2019-03-25 19:25:28,1.5,1.1,37.641,14.968,10.3,15,0.16,85,0.7,0.5
2019-03-25 22:35:15,1,0.7,37.747,15.058,4.16,11,0.1,90,0.3,0.3
2019-03-25 22:39:48,0.9,0.5,37.754,15.006,1.5,17,0.12,59,0.4,0.2
2019-03-26 00:31:58,0.6,0.4,37.719,15.113,4.79,7,0.13,121,0.9,0.7
2019-03-26 02:34:25,1.1,1.1,37.679,15.16,8.14,15,0.25,108,0.7,0.5
2019-03-26 03:29:47,0.6,0.9,37.649,14.954,12.17,8,0.12,134,1.5,1.2
2019-03-26 08:11:43,1.1,0.6,37.752,15.003,0.85,13,0.12,64,0.7,0.2
2019-03-26 08:12:00,0.8,0.9,37.762,15.167,6.13,7,0.05,239,2.5,1.3
2019-03-26 10:43:38,1.3,1.3,37.686,14.975,3.4,19,0.15,83,0.3,0.3
2019-03-26 12:58:19,0.6,0.7,37.712,15.035,4.37,7,0.2,159,0.9,1.5
2019-03-26 15:26:57,0.6,0.7,37.749,15.058,5.78,6,0.15,219,2.3,1.7
2019-03-26 15:50:49,1.1,1.1,37.732,14.936,9.13,19,0.17,67,0.7,0.4
2019-03-27 04:32:10,1.9,1.5,37.645,14.964,3.27,26,0.25,73,0.3,0.2
2019-03-27 04:51:21,0.5,0.6,37.747,15.071,3.91,12,0.1,82,0.3,0.3
2019-03-27 04:51:38,1,0.8,37.746,15.072,4.2,13,0.13,80,0.3,0.3
2019-03-27 05:48:09,1.1,0.9,37.646,14.954,7.02,8,0.07,115,0.7,0.5
2019-03-27 13:41:06,0.8,0.6,37.751,15.004,1.33,9,0.12,160,0.7,0.4
2019-03-27 14:25:33,1.2,1.2,37.701,15.076,3.49,21,0.16,71,0.3,0.2
2019-03-27 15:24:49,1,0.7,37.764,14.967,0.31,11,0.16,88,0.5,0.3
2019-03-27 15:37:31,1.2,0.7,37.699,14.98,0.45,6,0.02,167,0.4,0.4
2019-03-27 17:14:22,2.7,2.9,37.737,15.1,4.97,48,0.2,74,0.3,0.2
2019-03-27 17:23:23,0.7,0.6,37.735,15.11,4.42,8,0.15,123,0.7,0.4
2019-03-27 18:19:27,0.6,0.6,37.735,15.101,4.26,9,0.16,113,0.4,0.4
2019-03-27 20:42:00,1,0.8,37.714,15.031,4.12,15,0.13,75,0.3,0.3
2019-03-28 00:58:08,0.9,0.4,37.757,15.005,1.15,10,0.13,81,0.6,0.3
2019-03-28 02:30:02,1,0.7,37.685,15.1,3.58,12,0.11,139,0.4,0.5
2019-03-28 02:31:51,1,0.6,37.746,15.049,2.24,19,0.12,77,0.2,0.2
2019-03-28 04:44:51,1,0.7,37.73,15.134,4.71,6,0.18,194,1,1
2019-03-28 06:42:18,0.8,0.6,37.729,14.915,0.93,10,0.26,101,0.7,0.4
2019-03-28 08:39:24,1.9,1.7,37.688,15.087,3.11,45,0.21,52,0.2,0.2
2019-03-28 11:57:29,1.7,1.9,37.754,15.007,1.61,42,0.18,36,0.2,0.1
2019-03-28 12:01:24,1.7,1.9,37.755,15.005,1.17,38,0.16,42,0.2,0.1
2019-03-28 12:09:29,0.8,0.6,37.747,15.016,1.82,8,0.14,250,1.2,1
2019-03-28 12:22:36,0.8,0.5,37.751,15.004,0.85,12,0.13,161,0.7,0.3
2019-03-28 13:08:34,0.7,0.7,37.754,15.01,1.22,7,0.14,227,1,1.3
2019-03-28 13:32:30,0.9,0.5,37.758,15,-0.09,8,0.17,193,1.4,0.7
2019-03-28 13:59:51,1,1,37.676,15.132,-0.1,7,0.17,176,0.9,0.4
2019-03-28 14:18:42,0.9,0.9,37.753,14.996,2.61,10,0.13,154,0.6,0.5
2019-03-28 14:54:03,0.6,0.6,37.747,15.015,1.77,6,0.15,250,1.4,1.6
2019-03-28 17:28:21,1.4,1.5,37.72,15.078,3.92,29,0.16,62,0.2,0.2
2019-03-28 17:28:32,1.4,1.5,37.722,15.074,4.94,17,0.18,82,0.6,0.3
2019-03-28 17:36:40,0.8,0.8,37.707,15.061,4.53,8,0.11,136,0.8,0.6
2019-03-28 19:52:43,0.6,0.6,37.696,14.998,4,6,0.02,136,0.9,1.3
2019-03-28 22:39:52,1.6,1.6,37.639,14.875,14.9,7,0.27,221,1.6,1.9
2019-03-28 23:18:30,2.1,2.1,37.572,14.944,11.47,10,0.32,265,1.6,1
2019-03-29 00:58:48,2,2,37.692,15.12,0.33,29,0.2,69,0.3,0.1
2019-03-29 00:59:02,2.1,2.3,37.69,15.119,1.49,24,0.22,73,0.3,0.2
2019-03-29 01:00:01,0.8,0.8,37.692,15.163,0.37,9,0.17,262,0.4,0.6
2019-03-29 03:17:57,1,1,37.687,15.146,2.61,7,0.08,290,0.5,1.1
2019-03-29 03:44:05,1.1,1.2,37.695,15.148,2.29,10,0.14,247,0.3,0.9
2019-03-29 04:27:21,1.7,1.6,37.692,15.119,0.34,22,0.21,81,0.4,0.2
2019-03-29 04:28:26,1.8,1.9,37.694,15.118,0.28,27,0.2,87,0.2,0.1
2019-03-29 05:57:09,1.1,0.9,37.721,14.936,1.6,7,0.05,101,1.2,0.3
2019-03-29 11:54:23,1.1,1.1,37.69,15.117,0.02,9,0.12,115,0.9,0.3
2019-03-29 12:37:36,1.1,0.8,37.69,15.125,0.29,7,0.1,127,0.5,0.3
2019-03-29 23:01:23,1.1,1.5,37.569,14.971,5.89,10,0.17,284,1,0.9
2019-03-30 01:11:53,1.2,1,37.75,15.086,7.21,18,0.14,77,0.6,0.4
2019-03-30 04:39:53,1.8,1.7,37.682,15.052,2.25,25,0.18,52,0.4,0.2
2019-03-30 04:59:02,0.7,0.5,37.717,15.024,5.68,8,0.04,154,1.2,1.1
2019-03-30 09:18:02,0.8,0.7,37.762,14.992,2.07,13,0.19,115,0.8,0.5
2019-03-30 13:02:51,0.9,0.6,37.707,14.996,1.74,12,0.16,93,0.3,0.2
2019-03-30 16:30:13,1.6,1.5,37.802,15.044,11.78,28,0.19,47,0.3,0.3
2019-03-30 16:32:05,1,1,37.79,15.041,12.95,9,0.17,91,1.2,0.8
2019-03-30 18:40:49,1.1,0.9,37.696,14.971,1.04,13,0.15,74,0.4,0.2
2019-03-30 19:52:04,1.2,1.1,37.789,15.044,13.1,16,0.14,76,0.9,0.7
2019-03-30 20:32:51,0.8,0.6,37.745,15.019,4.03,11,0.08,192,1.3,0.7
2019-03-30 21:36:32,1,0.8,37.684,15.111,8.48,17,0.19,69,0.7,0.5
2019-03-30 23:43:56,0.7,0.6,37.737,15.061,2.72,11,0.09,106,1.3,0.9
2019-03-31 00:23:27,1,0.9,37.775,14.899,1.99,8,0.11,308,0.3,0.9
2019-03-31 00:25:43,1.1,0.8,37.802,15.049,0.64,11,0.15,91,1.4,0.2
2019-03-31 00:34:40,0.7,0.5,37.658,15.095,4.02,7,0.05,160,1.1,0.8
2019-03-31 03:19:17,1.8,1.7,37.609,14.925,2.09,14,0.13,112,0.7,0.4
2019-03-31 04:30:32,0.7,0.6,37.722,15.022,5.08,11,0.04,139,0.7,0.5
2019-03-31 04:32:22,1,0.7,37.739,15.051,5.23,14,0.1,69,0.8,0.4
2019-03-31 04:40:29,0.9,0.7,37.7,15.031,1.3,10,0.17,152,0.5,0.4
2019-03-31 09:25:15,1.1,1,37.898,14.833,0.2,13,0.19,120,0.8,0.5
2019-03-31 09:34:07,2.1,2,37.606,14.927,2,13,0.12,118,0.7,0.4
2019-03-31 09:48:03,1,0.8,37.737,15.059,3.08,14,0.14,82,0.6,0.2
2019-03-31 10:13:52,0.8,0.6,37.73,15.017,3.57,14,0.13,94,0.4,0.3
2019-03-31 12:30:48,1.3,1.1,37.796,14.92,11.14,15,0.11,74,0.8,0.5
2019-03-31 16:24:48,1.3,1.1,37.717,15.072,5.23,18,0.1,67,0.6,0.4
2019-03-31 16:25:21,1.8,1.7,37.718,15.071,4.17,23,0.13,63,0.3,0.3
2019-03-31 16:25:38,1.2,1.1,37.721,15.066,3.92,10,0.1,106,0.7,0.6
2019-03-31 16:31:17,1.9,1.8,37.719,15.072,4.63,30,0.16,63,0.4,0.2
2019-03-31 16:31:58,1.3,1.1,37.717,15.07,4.83,17,0.14,66,0.6,0.4
2019-03-31 16:36:23,0.9,0.7,37.72,15.072,3.85,13,0.08,106,0.3,0.3
2019-03-31 16:47:35,1.2,0.8,37.72,15.066,4.43,18,0.13,72,0.5,0.3
2019-03-31 16:52:19,0.7,0.5,37.717,15.08,4.05,9,0.04,162,0.5,0.6
2019-03-31 19:32:39,1,0.8,37.701,14.986,6.51,10,0.18,92,0.9,0.9
2019-03-31 21:42:27,0.9,0.8,37.74,15.068,1.26,9,0.23,131,0.4,0.5
2019-03-31 21:52:58,1,0.8,37.718,15.127,1.42,10,0.11,125,0.9,0.3
2019-03-31 22:10:43,1.2,1,37.763,15.119,4.87,20,0.17,66,0.5,0.3
2019-03-31 23:58:39,1.1,0.7,37.755,15.004,1.86,16,0.14,58,0.4,0.3
2019-04-01 08:14:49,1.8,2.1,37.557,14.889,5.3,7,0.07,307,0.5,1.1
2019-04-01 12:11:18,1.2,1.1,37.679,15.133,0.43,11,0.16,92,0.7,0.3
2019-04-01 13:07:33,1.3,1,37.729,14.977,5.33,24,0.17,52,0.4,0.2
2019-04-01 15:09:10,1.2,1,37.662,15.103,1.08,17,0.2,107,0.4,0.2
2019-04-02 02:24:31,0.8,0.6,37.692,15.088,3.5,7,0.2,269,0.9,1
2019-04-02 04:12:40,1,0.8,37.754,15.009,1.9,19,0.14,55,0.5,0.2
2019-04-02 04:12:48,1.2,0.9,37.755,15.013,2.76,15,0.13,56,0.7,0.5
2019-04-02 04:14:08,1.1,1.1,37.752,15.009,1.19,19,0.14,50,0.5,0.2
2019-04-02 04:51:44,1.5,1.4,37.578,14.983,2.99,11,0.12,255,0.4,0.8
2019-04-02 06:26:18,1.3,1.2,37.642,14.944,1.44,8,0.2,192,0.8,0.5
2019-04-02 13:51:52,0.9,0.6,37.698,14.973,1.79,10,0.13,102,0.5,0.6
2019-04-02 18:09:41,1.2,1,37.755,15.01,1.85,21,0.14,61,0.3,0.2
2019-04-02 18:22:34,0.7,0.5,37.752,15.009,1.2,16,0.14,57,0.8,0.2
2019-04-02 19:46:46,0.8,0.7,37.737,15.068,4.36,13,0.06,121,0.6,0.4
2019-04-03 06:51:53,1.8,1.9,37.749,15.103,7.18,36,0.24,80,0.4,0.2
2019-04-03 20:12:45,0.6,0.5,37.737,15.069,2.99,9,0.07,120,0.8,0.6
2019-04-03 23:42:52,1,0.9,37.758,15.007,2.13,9,0.13,97,0.9,0.3
2019-04-03 23:43:50,0.9,0.6,37.757,15.019,1.21,8,0.11,94,0.7,0.3
2019-04-03 23:50:56,1.1,0.8,37.753,15.013,0.43,29,0.22,45,0.3,0.1
2019-04-04 00:16:35,1.7,1.5,37.753,15.01,1.19,43,0.22,41,0.1,0.1
2019-04-04 00:16:59,1.1,1,37.755,15.008,1.94,14,0.13,86,0.5,0.2
2019-04-04 00:17:28,0.8,0.4,37.783,15.023,3.25,6,0.11,144,0.9,0.9
2019-04-04 00:18:33,1,0.7,37.749,15.012,1.16,15,0.19,100,0.5,0.2
2019-04-04 00:20:03,1.3,1.2,37.754,15.01,0.79,33,0.21,41,0.2,0.1
2019-04-04 00:24:23,1.1,0.8,37.756,15.009,1.51,15,0.15,86,0.4,0.2
2019-04-04 00:36:25,1,0.5,37.756,15.008,1.9,15,0.14,66,0.4,0.2
2019-04-04 00:44:15,1,0.5,37.756,15.01,1.96,12,0.11,65,0.5,0.3
2019-04-04 00:51:38,0.6,0.3,37.756,15.006,2,8,0.13,149,0.6,0.5
2019-04-04 01:09:19,0.7,0.6,37.758,15.005,1.92,7,0.1,181,1.2,1.4
2019-04-04 01:11:33,0.8,0.6,37.761,15.012,2.18,13,0.18,56,0.4,0.4
2019-04-04 01:27:03,0.6,0.6,37.76,15.005,2.04,9,0.15,178,0.6,0.8
2019-04-04 01:28:25,0.7,0.6,37.769,15.007,2.02,11,0.07,127,0.5,0.7
2019-04-04 01:30:47,1,0.7,37.759,15.005,1.83,20,0.14,63,0.3,0.2
2019-04-04 01:39:14,0.6,0.6,37.76,15.02,1.32,9,0.14,134,0.6,0.6
2019-04-04 01:39:37,0.6,0.6,37.764,15.014,1.66,8,0.16,174,0.6,0.8
2019-04-04 01:40:05,1,0.7,37.757,15.007,1.95,18,0.17,59,0.4,0.2
2019-04-04 03:41:17,0.7,0.4,37.747,15.038,1.38,10,0.1,123,1.4,0.6
2019-04-04 12:07:28,1.1,0.7,37.702,14.951,1.27,7,0.09,116,1.2,0.5
2019-04-04 15:37:54,0.9,0.8,37.744,15.115,4.67,9,0.1,149,0.8,0.7
2019-04-04 22:37:29,0.7,0.7,37.719,15.026,4.47,10,0.06,125,0.7,0.5
2019-04-05 00:52:18,0.6,0.6,37.721,15.028,4.11,16,0.12,88,0.4,0.2
2019-04-05 01:14:04,0.9,0.9,37.72,15.026,4.14,20,0.14,54,0.3,0.2
2019-04-05 03:02:30,0.6,0.6,37.722,15.028,4.06,15,0.09,89,0.4,0.2
2019-04-05 03:30:00,1,0.8,37.717,15.06,4.17,17,0.15,71,0.3,0.2
2019-04-05 03:34:12,1.1,0.5,37.689,14.971,0.14,8,0.12,98,0.3,0.4
2019-04-05 03:48:17,0.6,0.6,37.721,15.025,4.19,18,0.15,90,0.3,0.2
2019-04-05 04:17:36,0.8,0.6,37.684,15.103,4.77,11,0.05,91,0.7,0.4
2019-04-05 04:35:50,1,1.2,37.791,15.023,0.29,7,0.11,263,0.4,0.5
2019-04-05 04:36:03,1.2,0.9,37.794,15.039,-0.43,13,0.17,70,0.2,0.2
2019-04-05 08:35:07,1.5,1.5,37.709,15.062,4.32,28,0.15,69,0.3,0.2
2019-04-05 09:36:22,0.6,0.6,37.718,15.022,3.39,14,0.13,99,0.5,0.3
2019-04-05 20:51:35,1.1,0.9,37.741,15.047,3.03,24,0.15,36,0.4,0.2
2019-04-05 20:52:37,1,0.8,37.741,15.038,1.75,19,0.15,82,0.3,0.2
2019-04-05 23:27:24,1.1,0.5,37.68,14.97,-0.69,8,0.09,98,0.3,0.3
2019-04-06 02:43:29,1.3,1.4,37.534,14.823,1.25,10,0.1,165,0.6,0.8
2019-04-06 09:21:44,1.5,1.3,37.72,15.082,4.93,29,0.15,70,0.3,0.2
2019-04-06 09:26:06,1,1,37.717,15.085,5.22,16,0.15,79,0.4,0.4
2019-04-06 10:03:09,1,1,37.716,15.087,5.2,17,0.14,81,0.4,0.4
2019-04-06 10:04:36,2.2,2.1,37.721,15.084,5.1,42,0.16,72,0.3,0.2
2019-04-06 10:13:07,1.9,1.8,37.722,15.087,4.89,32,0.14,75,0.3,0.2
2019-04-06 10:33:47,0.8,0.8,37.724,15.067,5.21,14,0.13,76,0.5,0.3
2019-04-06 11:58:07,0.6,0.6,37.711,15.077,4.82,15,0.17,134,0.4,0.4
2019-04-06 22:45:51,0.9,0.7,37.682,15.095,8.11,10,0.08,81,0.6,0.6
2019-04-06 22:46:48,0.8,0.7,37.661,15.114,9.51,9,0.1,135,0.7,0.9
2019-04-07 00:08:12,0.8,0.6,37.718,15.049,3.62,18,0.1,58,0.5,0.2
2019-04-07 00:27:43,1.1,1.1,37.751,15.002,1.56,17,0.12,70,0.3,0.2
2019-04-07 02:53:26,0.8,0.6,37.754,15.008,1.55,11,0.17,118,0.5,0.4
2019-04-07 08:28:08,1,1,37.668,15.051,10.39,11,0.12,90,0.7,0.7
2019-04-07 09:04:07,1.8,1.8,37.671,15.067,5.63,39,0.2,57,0.4,0.2
2019-04-07 09:05:14,0.8,0.4,37.729,15.043,-1.56,7,0.21,165,1.4,0.4
2019-04-07 09:42:43,1.5,1.6,37.676,15.064,4.89,36,0.16,48,0.4,0.2
2019-04-07 09:43:13,1.3,1.4,37.676,15.072,4.76,26,0.22,46,0.4,0.2
2019-04-07 09:53:57,1.6,1.3,37.691,14.964,0.18,6,0.11,114,0.5,0.4
2019-04-07 09:56:15,1,1.1,37.653,15.055,5.67,10,0.2,216,0.7,0.9
2019-04-07 13:37:31,1.5,1.4,37.703,15.091,3.38,32,0.18,64,0.2,0.2
2019-04-07 18:15:04,0.8,0.9,37.75,15.004,1.2,13,0.16,87,0.7,0.3
2019-04-07 23:26:04,0.7,0.5,37.773,15.089,2.73,10,0.19,129,0.5,0.5
2019-04-07 23:43:57,0.6,0.3,37.71,15.025,1.37,7,0.05,174,0.6,0.6
2019-04-08 01:11:40,0.7,0.6,37.746,15.059,5,16,0.09,61,0.7,0.4
2019-04-08 01:13:58,0.6,0.8,37.749,15.052,3.54,9,0.07,105,1.2,0.4
2019-04-08 01:47:43,0.6,0.6,37.74,14.865,4.72,10,0.11,135,0.6,0.3
2019-04-08 03:25:50,0.9,0.6,37.744,15.058,1.97,18,0.11,69,0.3,0.2
2019-04-08 04:33:03,1.2,0.9,37.735,14.859,3.79,11,0.14,151,0.3,0.4
2019-04-08 04:34:26,1.2,1,37.735,14.859,5.21,12,0.16,151,0.5,0.3
2019-04-08 08:51:36,1.5,1,37.688,14.916,0.04,11,0.21,123,0.6,0.2
2019-04-08 15:28:16,2,1.8,37.753,15.006,1.47,38,0.15,38,0.2,0.1
2019-04-08 15:29:18,1.6,1.4,37.754,15.003,2.13,28,0.13,36,0.2,0.1
2019-04-08 15:33:14,0.8,0.6,37.756,15.004,1.08,9,0.12,149,0.7,0.4
2019-04-08 15:33:24,1.1,0.6,37.755,15.002,1.08,10,0.11,94,0.7,0.4
2019-04-08 15:34:41,1.3,1.2,37.753,15.004,1.3,30,0.15,47,0.3,0.1
2019-04-08 15:42:00,0.6,0.7,37.755,15.013,3.25,6,0.06,234,1.4,0.8
2019-04-08 15:43:49,0.9,0.8,37.757,15.004,1.97,11,0.15,81,0.4,0.3
2019-04-08 15:46:23,0.7,0.7,37.763,15.004,2.69,9,0.09,135,0.5,0.5
2019-04-08 15:51:25,0.8,0.6,37.758,15.003,2.7,7,0.11,198,0.7,1.1
2019-04-08 16:20:58,1,0.7,37.754,15.005,0.79,9,0.13,153,0.8,0.6
2019-04-08 16:33:09,0.7,0.6,37.751,14.998,3.02,8,0.16,112,1.6,0.6
2019-04-08 16:45:41,0.6,0.7,37.742,15.052,6.11,14,0.09,71,0.8,0.4
2019-04-08 16:51:12,0.9,0.9,37.759,15.006,2.6,7,0.13,179,1,0.8
2019-04-08 16:57:02,1.1,1,37.756,15.005,1.88,20,0.11,51,0.3,0.2
2019-04-08 18:13:19,1,0.9,37.741,15.045,2.85,13,0.11,76,0.9,0.4
2019-04-08 18:17:06,1,0.8,37.739,15.05,4.53,14,0.08,70,0.6,0.3
2019-04-08 19:33:32,1,0.7,37.754,15.005,1.83,21,0.13,64,0.3,0.2
2019-04-08 19:48:46,1,0.8,37.754,15.006,1.74,19,0.14,52,0.4,0.1
2019-04-08 20:03:03,0.8,0.5,37.754,15.004,1.17,11,0.11,120,0.7,0.3
2019-04-08 20:03:35,0.6,0.4,37.743,15.005,2.1,8,0.05,179,0.6,0.6
2019-04-08 20:11:16,0.6,0.4,37.756,15.009,0.13,8,0.08,113,0.6,0.4
2019-04-08 20:15:48,1,0.8,37.752,15.005,1.69,23,0.12,53,0.3,0.2
2019-04-08 20:16:19,1.7,1.5,37.754,15.007,1.95,28,0.13,51,0.3,0.1
2019-04-09 03:02:03,1.3,1.2,37.732,14.868,5.49,17,0.17,114,0.3,0.2
2019-04-09 03:11:14,1.1,0.8,37.736,14.867,4.65,10,0.06,110,0.6,0.4
2019-04-09 03:41:04,1,0.8,37.743,14.87,3.83,10,0.1,126,0.5,0.6
2019-04-09 03:41:21,1.2,0.9,37.723,14.863,5.36,13,0.09,129,0.4,0.5
2019-04-09 03:41:59,1.1,1,37.748,14.869,3.58,11,0.16,119,0.4,0.3
2019-04-09 05:30:14,0.8,0.5,37.749,14.867,3.55,8,0.16,117,0.8,0.3
2019-04-09 05:39:14,0.7,0.4,37.756,15.003,1.4,10,0.11,92,0.7,0.4
2019-04-09 06:31:27,1.1,1.2,37.729,14.868,4.7,8,0.05,152,0.7,0.7
2019-04-09 06:32:53,0.8,0.9,37.73,14.862,5.53,7,0.05,157,0.5,0.9
2019-04-09 06:37:42,0.9,0.8,37.729,14.866,4.88,8,0.05,155,0.6,0.5
2019-04-09 06:51:08,1.1,1.1,37.726,14.864,5.17,10,0.07,163,0.6,0.5
2019-04-09 06:51:26,1,1,37.715,14.859,6.15,11,0.08,189,0.6,0.6
2019-04-09 06:51:44,0.6,0.6,37.711,14.859,5.82,7,0.04,196,0.4,1.2
2019-04-09 06:54:17,0.7,0.8,37.721,14.865,6.57,8,0.08,171,0.7,1.1
2019-04-09 07:30:27,0.7,0.8,37.724,14.866,5.42,7,0.06,165,0.8,1.3
2019-04-09 08:25:30,1.1,0.8,37.733,14.95,0.4,11,0.16,90,0.3,0.2
2019-04-09 08:43:54,0.7,0.8,37.757,15.002,1.53,6,0.07,199,1.1,1
2019-04-09 11:01:30,1.1,0.9,37.748,14.868,3.89,8,0.13,158,0.3,0.4
2019-04-09 15:47:04,1.7,1.5,37.69,14.967,0.08,7,0.14,106,0.6,0.4
2019-04-09 20:06:04,1,0.6,37.729,14.885,7.81,9,0.11,145,0.7,0.9
2019-04-09 21:44:30,0.6,0.4,37.744,14.87,3.92,6,0.12,125,0.3,0.7
2019-04-09 21:48:18,1,0.8,37.74,14.866,4.9,10,0.12,105,0.6,0.4
2019-04-09 21:48:29,1,0.7,37.741,14.866,4.01,10,0.12,134,0.6,0.3
2019-04-09 22:03:29,1.5,1.4,37.729,14.864,4.09,18,0.16,121,0.3,0.2
2019-04-09 22:17:08,0.6,0.6,37.714,14.85,6.78,8,0.18,202,0.8,0.9
2019-04-09 22:17:23,1.6,1.4,37.725,14.868,5.53,20,0.17,122,0.3,0.3
2019-04-09 22:18:09,1.1,0.9,37.732,14.866,5.61,12,0.17,116,0.3,0.4
2019-04-09 22:18:39,0.6,0.4,37.72,14.869,5.74,7,0.04,167,0.5,0.9
2019-04-09 22:19:04,0.6,0.5,37.715,14.853,6.59,7,0.2,196,0.8,0.6
2019-04-09 22:27:09,0.9,0.5,37.743,14.871,3.7,7,0.11,126,0.4,0.5
2019-04-09 22:32:36,1,0.6,37.746,14.872,2.93,10,0.11,94,0.5,0.2
2019-04-09 22:33:04,0.9,0.6,37.73,14.867,5.42,6,0.1,152,0.8,0.7
2019-04-09 22:34:12,0.9,0.6,37.742,14.87,3.65,8,0.11,128,0.4,0.4
2019-04-09 22:37:20,1.6,1.7,37.725,14.866,4.12,25,0.19,123,0.2,0.3
2019-04-09 22:40:59,1.5,1.2,37.734,14.868,4.31,15,0.16,112,0.2,0.3
2019-04-09 22:45:17,0.9,1.2,37.737,14.868,2.26,6,0.14,138,0.6,0.6
2019-04-09 22:45:22,1.2,1.3,37.735,14.868,4.14,15,0.16,110,0.3,0.3
2019-04-09 22:46:18,1.1,0.8,37.731,14.864,4.28,7,0.12,152,0.4,0.5
2019-04-09 22:50:57,1.2,1,37.734,14.866,3.65,8,0.14,145,0.5,0.5
2019-04-09 23:05:49,0.8,0.8,37.73,15.053,3.38,26,0.17,44,0.3,0.2
2019-04-09 23:06:33,0.8,0.6,37.736,14.873,2.67,7,0.14,135,0.7,0.4
2019-04-09 23:20:39,1.2,1.3,37.731,14.87,4.1,20,0.16,113,0.2,0.3
2019-04-10 01:51:07,0.7,0.9,37.629,14.945,13.04,6,0.04,127,2.4,1.7
2019-04-10 08:54:41,1.2,0.8,37.74,14.866,2.25,8,0.13,134,0.5,0.4
2019-04-10 09:41:09,1,0.9,37.75,15.005,1.61,14,0.14,161,0.4,0.3
2019-04-10 17:14:42,0.6,0.5,37.741,15.058,4.2,8,0.07,165,1.7,1.1
2019-04-10 19:47:04,0.9,1,37.735,15.107,5.55,17,0.14,97,0.7,0.3
2019-04-10 23:33:13,0.6,0.4,37.724,15.027,4.09,10,0.09,94,0.6,0.3
2019-04-11 02:19:36,1,0.6,37.743,14.866,5.01,9,0.11,100,0.7,0.4
2019-04-11 03:26:11,1,1,37.76,15.002,1.92,13,0.11,89,0.4,0.4
2019-04-11 05:14:45,1,0.8,37.756,15,2.1,12,0.14,78,0.4,0.3
2019-04-11 07:03:10,1.1,1,37.7,14.932,4.87,10,0.14,103,0.7,0.4
2019-04-11 07:22:33,0.7,0.5,37.729,15.088,5.14,9,0.09,196,0.5,0.7
2019-04-11 09:52:05,0.9,0.4,37.766,15.005,1.93,6,0.08,151,0.8,0.7
2019-04-11 11:36:04,1.1,0.7,37.754,15.004,1.54,20,0.12,52,0.3,0.2
2019-04-11 12:45:01,1,1,37.731,15.111,6.1,17,0.15,96,0.7,0.4
2019-04-11 13:46:28,0.8,0.6,37.744,15.048,3.78,10,0.09,148,1.3,0.7
2019-04-11 13:46:36,1.1,1.1,37.741,15.053,3.88,22,0.14,67,0.3,0.3
2019-04-11 13:46:43,2,1.6,37.739,15.055,3.79,40,0.19,38,0.2,0.2
2019-04-11 15:17:15,0.6,0.5,37.745,15.046,2.69,10,0.1,110,1.6,0.3
2019-04-11 16:41:56,0.8,0.5,37.753,15.004,0.86,11,0.16,191,1.6,0.4
2019-04-11 18:21:12,2.9,2.7,37.634,14.948,3.35,37,0.26,110,0.2,0.2
2019-04-11 18:26:37,1,1,37.737,15.057,3.7,12,0.09,91,0.6,0.3
2019-04-11 18:48:45,0.8,0.9,37.582,14.955,5.9,9,0.08,155,0.3,0.7
2019-04-11 18:53:34,1.4,1.4,37.731,15.062,4.72,29,0.16,49,0.4,0.2
2019-04-11 20:03:24,1,0.6,37.753,15,2.04,19,0.14,66,0.3,0.2
2019-04-11 21:53:40,1.3,1.3,37.568,14.951,5.09,12,0.11,269,1,0.9
2019-04-12 00:32:07,1,0.9,37.609,14.946,2.57,13,0.2,209,0.4,0.6
2019-04-12 01:44:07,1.2,1.2,37.598,14.914,11.73,12,0.21,237,1,1.2
2019-04-12 02:26:39,0.7,0.6,37.668,15.097,2.7,9,0.3,134,0.9,0.6
2019-04-12 03:10:35,0.7,0.7,37.671,14.987,7.79,12,0.11,86,0.7,0.6
2019-04-12 03:13:28,1.4,1.4,37.585,14.935,4.35,19,0.17,249,0.3,0.5
2019-04-12 03:14:42,1.2,1.1,37.593,14.932,0.03,12,0.24,222,0.5,0.3
2019-04-12 03:17:14,1.8,2,37.584,14.924,11.74,16,0.2,131,0.9,0.8
2019-04-12 03:28:32,0.7,0.7,37.677,15.095,3.69,12,0.16,73,0.4,0.3
2019-04-12 03:59:25,0.6,0.5,37.748,15.012,0.59,13,0.14,67,0.5,0.3
2019-04-12 03:59:53,0.6,0.4,37.752,15.027,4.2,9,0.16,180,0.9,0.8
2019-04-12 04:34:03,0.7,0.6,37.621,14.954,1.53,6,0.2,248,1.5,0.8
2019-04-12 04:34:35,1.1,0.9,37.593,14.95,4.4,11,0.2,237,0.9,0.7
2019-04-12 05:10:04,0.8,1,37.681,14.983,7.81,11,0.1,104,0.7,0.8
2019-04-12 05:36:32,1.8,1.8,37.629,14.921,6.62,17,0.26,163,0.6,0.5
2019-04-12 07:32:23,1.6,1.6,37.765,14.807,9.71,16,0.11,239,0.5,0.6
2019-04-12 10:04:56,0.8,0.7,37.757,15.005,0.23,11,0.07,94,0.5,0.3
2019-04-12 13:54:55,0.5,0.5,37.761,15.079,3.7,11,0.28,141,0.7,0.6
2019-04-12 15:20:45,0.5,0.4,37.747,15.037,3.3,11,0.13,125,1.1,0.3
2019-04-12 17:26:21,1,0.9,37.704,14.999,4.58,12,0.13,156,0.4,0.4
2019-04-12 17:32:17,1,1,37.682,14.955,13.12,12,0.1,195,1,1.1
2019-04-12 20:00:04,0.6,0.7,37.658,15.097,3.2,10,0.1,109,0.5,0.3
2019-04-12 20:37:25,1,0.9,37.75,15.006,2.03,14,0.27,136,0.4,0.4
2019-04-12 20:43:56,0.5,0.5,37.757,15.001,1.42,9,0.12,112,1.1,0.3
2019-04-12 22:30:19,1.3,1.3,37.624,14.912,9.37,9,0.17,172,0.9,0.9
2019-04-13 00:43:25,1.2,1.2,37.624,14.936,3.74,11,0.22,146,0.5,0.3
2019-04-13 02:13:45,1.1,0.8,37.716,14.886,2.75,8,0.04,155,0.5,0.4
2019-04-13 08:11:17,1.2,1.1,37.74,15.051,3.85,22,0.15,67,0.3,0.2
2019-04-13 08:17:36,0.7,0.8,37.751,15.072,7.6,7,0.16,115,1.7,1.1
2019-04-13 08:47:19,1.1,1,37.711,14.954,5.98,17,0.18,74,0.6,0.4
2019-04-13 23:32:12,1.1,0.8,37.731,14.966,0.3,20,0.23,54,0.2,0.2
2019-04-14 00:51:00,0.8,0.8,37.755,15.01,2.15,11,0.15,89,0.5,0.4
2019-04-14 01:17:58,0.6,0.6,37.748,15.069,4.06,8,0.07,140,1.1,1.4
2019-04-14 05:25:21,1,0.9,37.76,15.006,0.95,9,0.14,116,1.2,0.3
2019-04-14 06:50:36,1,1.1,37.688,14.995,4.59,16,0.15,128,0.5,0.4
2019-04-14 07:28:46,1.2,1.3,37.752,15.01,1.24,30,0.18,49,0.2,0.1
2019-04-14 14:52:06,1.1,0.8,37.696,14.971,-0.25,9,0.09,100,0.6,0.4
2019-04-14 19:53:57,1.1,1.1,37.748,15.056,3.25,21,0.19,47,0.5,0.2
2019-04-14 20:30:41,0.6,0.9,37.741,15.083,5.77,7,0.08,131,1.1,1
2019-04-14 20:55:52,1.2,0.8,37.726,14.954,-1.54,13,0.17,134,0.6,0.3
2019-04-14 21:57:42,1,0.8,37.754,15.059,2.34,16,0.22,105,0.2,0.2
2019-04-14 22:33:14,0.9,0.6,37.754,15.01,2.1,12,0.11,64,0.3,0.2
2019-04-15 01:45:06,1.3,1.3,37.721,15.103,10.39,14,0.16,75,0.9,0.7
2019-04-15 01:54:40,1,1,37.735,15.097,9.35,7,0.04,120,1.1,0.9
2019-04-15 01:55:04,1.1,1.1,37.735,15.094,9.65,10,0.07,106,0.8,0.9
2019-04-15 04:29:44,0.8,0.8,37.721,15.116,7.83,10,0.19,104,0.7,0.5
2019-04-15 06:41:38,1.6,1.6,37.703,15.067,3.95,16,0.16,52,0.3,0.4
2019-04-15 09:24:15,1.8,1.8,37.709,15.076,3.86,25,0.18,60,0.2,0.2
2019-04-15 09:26:03,0.6,0.6,37.699,15.09,3.77,8,0.12,197,0.6,0.6
2019-04-15 09:29:06,1.1,1.2,37.712,15.061,5.89,7,0.07,168,0.9,1.3
2019-04-15 09:30:05,1.5,1.8,37.703,15.08,3.82,16,0.13,83,0.4,0.3
2019-04-15 09:32:44,0.8,0.8,37.699,15.091,3.1,8,0.14,108,0.7,0.6
2019-04-15 09:57:06,1,0.9,37.723,15.038,5.47,9,0.26,129,1.1,0.6
2019-04-15 10:02:29,1.9,1.9,37.58,14.891,4.01,17,0.22,156,0.3,0.4
2019-04-15 10:26:36,1.8,1.8,37.753,15.007,0.9,28,0.19,47,0.3,0.1
2019-04-15 10:56:56,1.1,1.1,37.73,14.966,-1.57,8,0.19,135,0.7,0.4
2019-04-15 11:26:32,1,1,37.701,15.081,3.53,8,0.12,95,0.7,0.6
2019-04-15 15:03:51,1.5,1.5,37.569,14.922,1.89,9,0.23,156,0.7,0.4
2019-04-15 19:31:32,0.9,0.9,37.605,14.943,4.37,7,0.3,217,0.5,1.1
2019-04-15 20:51:24,1.3,1.3,37.664,14.968,8.95,12,0.16,110,1.1,1.1
2019-04-15 20:52:38,1.3,1.3,37.633,15.005,7.36,14,0.27,104,0.7,0.6
2019-04-15 21:44:35,1,1,37.747,15.008,0.66,11,0.25,131,1.1,0.4
2019-04-15 21:47:20,1,0.9,37.761,15.014,1.56,12,0.17,103,0.4,0.6
2019-04-15 21:52:25,1,1,37.746,14.826,9.89,8,0.16,174,0.9,0.7
2019-04-15 22:56:43,0.5,0.6,37.761,15.034,2.74,8,0.07,138,1,0.3
2019-04-16 00:01:18,0.8,0.8,37.71,14.96,3.66,7,0.11,91,1.3,0.8
2019-04-16 03:33:30,0.5,0.5,37.699,14.969,2.48,7,0.1,153,0.5,0.7
2019-04-16 11:13:40,1.2,1.3,37.754,15,1.95,21,0.08,56,0.2,0.2
2019-04-16 12:18:01,1.3,1.3,37.727,15.01,5.74,8,0.17,211,0.7,1
2019-04-16 12:25:08,1.3,1.3,37.788,15.05,13.35,8,0.16,139,1.1,1.4
2019-04-16 12:27:32,1.5,1.7,37.752,15.005,2.16,15,0.1,85,0.3,0.3
2019-04-16 13:02:00,0.7,0.7,37.765,15.023,0.28,10,0.14,131,0.3,0.3
2019-04-16 14:03:23,1.4,1.6,37.756,15.005,1.69,19,0.1,58,0.3,0.2
2019-04-16 14:03:39,1.3,1.4,37.756,15.002,1.67,14,0.1,90,0.3,0.3
2019-04-16 14:04:43,1.3,1.3,37.733,14.998,0.05,11,0.13,227,0.3,0.4
2019-04-16 14:07:01,0.8,0.5,37.752,15.007,-0.49,10,0.09,158,2.1,0.3
2019-04-16 14:49:00,1,1,37.757,15.001,0.01,9,0.17,182,0.5,0.5
2019-04-16 18:45:52,1.3,1.4,37.753,15.005,1.33,20,0.13,65,0.2,0.2
2019-04-16 21:54:47,1,0.8,37.738,15.094,4.29,13,0.2,89,0.3,0.3
2019-04-16 22:41:21,1.1,1.1,37.719,15.112,10.66,10,0.26,108,1,0.8
2019-04-17 01:19:21,0.7,0.7,37.715,14.908,4.03,8,0.16,183,0.3,0.5
2019-04-17 02:21:22,0.9,0.9,37.736,15.028,2.81,11,0.14,207,1.7,0.7
2019-04-17 02:21:59,1.6,1.6,37.74,15.05,5.37,27,0.17,70,0.4,0.2
2019-04-17 03:38:43,1.3,1.3,37.739,15.035,2.19,11,0.18,212,0.3,0.6
2019-04-17 03:57:47,1.5,1.5,37.602,14.952,6.31,10,0.26,132,1.1,0.6
2019-04-17 08:17:33,1.8,1.8,37.721,14.912,0.25,11,0.17,196,0.5,0.6
2019-04-17 11:11:50,1.6,1.6,37.754,15.11,3.38,17,0.17,74,0.5,0.2
2019-04-17 11:12:35,1.9,1.9,37.753,15.118,6.36,14,0.23,82,0.8,0.4
2019-04-17 11:13:15,1.9,1.9,37.76,15.102,8.08,13,0.2,80,0.8,0.5
2019-04-17 11:35:14,1.8,1.9,37.766,15.125,5.36,14,0.23,88,0.7,0.4
2019-04-17 11:45:52,1.5,1.4,37.748,15.121,8.14,9,0.22,133,1.1,0.7
2019-04-17 11:56:52,1,0.9,37.773,15.048,1.8,7,0.09,253,0.4,0.7
2019-04-17 12:07:02,1,1.1,37.745,15.118,4.63,7,0.08,144,1.4,0.6
2019-04-18 14:46:55,1.1,1.2,37.745,15.13,5.6,13,0.17,181,0.8,0.5
2019-04-18 16:49:25,1,1.3,37.73,15.133,6.3,8,0.1,225,1.6,0.8
2019-04-18 17:52:48,1,1.4,37.759,14.988,2.69,7,0.06,101,0.8,0.7
2019-04-18 20:16:10,1.5,1.3,37.647,14.95,1.96,13,0.17,152,0.3,0.3
2019-04-18 23:48:11,1.1,1.2,37.758,15.003,1.56,13,0.12,115,0.4,0.3
2019-04-19 00:23:09,1.6,1.4,37.755,15.008,1.8,23,0.17,74,0.2,0.2
2019-04-19 00:54:12,0.9,0.7,37.749,15.004,1.38,9,0.18,125,0.5,0.3
2019-04-19 01:09:42,1.1,1.2,37.752,15.003,2.03,11,0.13,73,0.5,0.3
2019-04-19 01:44:14,1,1,37.704,15.083,3.96,14,0.12,66,0.4,0.4
2019-04-19 02:00:51,0.8,0.9,37.762,15.071,8.51,8,0.1,151,0.9,1
2019-04-19 03:52:40,1.1,0.6,37.689,14.974,-1.59,7,0.16,112,0.6,0.3
2019-04-19 06:25:43,1,1,37.76,15.014,1.7,8,0.07,86,0.7,0.3
2019-04-19 07:02:35,0.8,0.8,37.754,14.996,1.32,13,0.17,102,0.5,0.4
2019-04-19 15:13:28,1.4,1.2,37.637,14.991,6.07,11,0.11,120,0.5,0.4
2019-04-19 17:32:30,1.3,1.3,37.757,15.027,2.83,15,0.1,90,0.6,0.3
2019-04-19 18:54:37,1.6,1.6,37.645,14.925,3.62,9,0.34,214,0.4,0.7
2019-04-19 20:30:10,0.8,0.7,37.755,15.002,2.19,10,0.16,117,0.3,0.5
2019-04-19 20:46:32,2.3,2.3,37.633,14.946,5.97,21,0.22,131,0.2,0.3
2019-04-19 20:50:55,1.2,1.2,37.606,14.945,10.68,6,0.15,228,0.9,0.9
2019-04-19 21:08:05,1.9,1.9,37.632,14.942,8.77,12,0.13,120,0.7,0.4
2019-04-19 21:14:12,0.8,0.8,37.762,14.999,0.99,6,0.11,170,0.8,0.8
2019-04-19 21:20:28,1.9,2,37.643,14.927,6.25,15,0.12,213,0.6,0.5
2019-04-19 21:30:00,1.3,1.4,37.608,14.912,6.89,6,0.17,212,1,1.3
2019-04-19 22:56:41,1.5,1.5,37.653,14.929,6.26,10,0.18,196,0.7,0.5
2019-04-20 02:36:23,1.5,1.6,37.751,14.996,1.16,32,0.16,88,0.2,0.2
2019-04-20 06:29:13,1,0.9,37.67,14.976,3.65,6,0.12,226,1.1,1.3
2019-04-20 14:27:03,1.2,1.3,37.626,14.939,9.68,6,0.02,225,1.2,1.7
2019-04-21 01:20:09,1,0.9,37.754,14.987,-1.57,10,0.16,104,0.7,0.3
2019-04-21 03:09:24,1.1,1.2,37.723,15.042,4.41,10,0.13,240,0.7,1.2
2019-04-21 03:13:37,1.5,1.4,37.729,14.928,7.56,15,0.15,86,0.6,0.3
2019-04-21 05:24:30,0.9,1,37.724,15.035,3.62,9,0.13,237,1,1
2019-04-21 05:31:19,0.6,0.5,37.719,15.017,2.83,8,0.11,203,0.9,0.8
2019-04-21 12:04:14,1.7,1.6,37.744,15.002,-1.37,15,0.16,71,0.4,0.2
2019-04-21 15:21:48,2.2,2.1,37.751,15.012,0.83,25,0.14,45,0.3,0.2
2019-04-21 15:25:17,1.1,1,37.762,14.999,1.82,8,0.12,105,0.7,0.5
2019-04-21 15:29:25,1,0.9,37.752,15.011,-1.58,7,0.16,120,1.6,0.5
2019-04-21 15:41:32,1.1,1.3,37.759,14.998,0.58,6,0.17,114,0.9,0.4
2019-04-21 15:45:00,1.3,1.3,37.742,15.048,4.25,12,0.08,106,0.6,0.6
2019-04-21 15:47:43,1.7,1.6,37.755,15.01,1.19,22,0.14,75,0.3,0.2
2019-04-21 16:01:52,0.9,0.9,37.761,15,3.95,7,0.17,175,0.8,1.2
2019-04-21 16:10:26,1.2,1.1,37.757,15.006,3.57,13,0.16,72,0.7,0.6
2019-04-21 17:16:23,1,0.7,37.759,15.002,0.7,8,0.17,87,0.8,0.4
2019-04-21 17:29:29,2.1,2,37.755,15.009,1.6,26,0.12,74,0.2,0.2
2019-04-21 17:31:11,1.3,1.3,37.758,15.012,1.93,16,0.16,65,0.4,0.3
2019-04-21 17:42:19,1.2,1.2,37.763,15.005,2.73,6,0.06,117,2.4,1.3
2019-04-21 20:45:04,1.2,1.2,37.755,15.007,2.08,14,0.12,73,0.4,0.3
2019-04-22 01:43:06,0.9,1,37.763,14.998,1.15,7,0.09,102,1,0.5
2019-04-22 20:17:32,0.9,0.9,37.755,15.004,0.8,10,0.15,71,0.8,0.3
2019-04-23 14:22:27,1.1,1.1,37.771,14.998,2.97,7,0.03,180,1.4,1.9
2019-04-23 14:23:14,1.2,1.1,37.755,15.006,3.1,7,0.11,220,0.8,1.4
2019-04-23 14:30:26,1.1,1.1,37.755,15,2.2,8,0.1,187,0.5,1.1
2019-04-23 14:31:36,1,0.9,37.769,14.993,2,7,0.06,174,1.3,1.8
2019-04-23 20:36:24,1.1,1,37.734,15.062,6.46,11,0.11,124,0.8,0.7
2019-04-23 20:39:52,1,0.9,37.763,15.005,0.94,8,0.16,147,1.3,0.5
2019-04-24 00:37:44,2.1,2.2,37.831,14.887,28.12,25,0.27,97,0.5,0.5
2019-04-24 01:04:04,1,0.9,37.684,15.077,4.22,7,0.06,169,0.7,0.5
2019-04-24 12:00:41,1.7,1.7,37.735,15.034,-1.56,10,0.26,99,0.7,0.3
2019-04-24 12:21:06,1.1,0.9,37.696,14.96,9.78,8,0.04,159,0.8,0.9
2019-04-24 14:12:52,2,1.9,37.642,14.855,5.03,17,0.2,166,0.4,0.3
2019-04-24 14:18:11,2.4,2.2,37.653,14.86,3.2,24,0.24,145,0.3,0.2
2019-04-24 15:16:00,1.4,1.2,37.715,14.861,5.55,12,0.13,199,0.3,0.4
2019-04-24 16:24:04,0.9,0.7,37.75,14.87,5.4,7,0.15,164,0.8,0.5
2019-04-24 19:22:55,1.4,1.2,37.73,14.868,5.56,17,0.17,116,0.2,0.2
2019-04-24 19:30:22,1,0.7,37.732,14.868,4.06,7,0.12,147,0.7,0.5
2019-04-24 20:03:18,1.2,1.2,37.73,14.866,3.85,8,0.15,152,0.3,0.4
2019-04-24 20:04:11,1.3,1.3,37.738,14.87,4.51,10,0.13,105,0.5,0.3
2019-04-24 20:30:47,1.6,1.6,37.735,14.863,5.76,23,0.2,114,0.2,0.3
2019-04-24 21:09:01,1.2,1.1,37.728,14.867,5.02,11,0.14,120,0.6,0.3
2019-04-25 02:59:35,1,1,37.729,14.873,3.51,8,0.12,115,0.4,0.4
2019-04-25 04:04:45,1.2,1.2,37.715,15.03,1.91,13,0.34,82,0.3,0.3
2019-04-25 10:13:21,1.3,1.3,37.749,14.998,0.26,7,0.12,156,0.8,0.5
2019-04-25 13:10:02,1.3,1.5,37.709,15.082,8.72,11,0.15,198,0.7,0.9
2019-04-25 21:23:14,1.2,1.1,37.635,14.944,9.07,11,0.27,135,0.8,0.7
2019-04-25 21:54:44,1.2,1.2,37.699,15.084,3.47,16,0.14,74,0.6,0.3
2019-04-25 21:58:29,1.2,1.2,37.688,15.083,3.29,17,0.17,74,0.4,0.3
2019-04-25 23:10:44,1,0.9,37.702,14.993,6.55,13,0.1,99,0.7,0.6
2019-04-26 02:20:17,1,0.9,37.729,14.912,4.2,11,0.21,168,0.5,0.7
2019-04-26 05:48:18,1.3,1.4,37.731,15.139,9.43,21,0.15,198,0.6,0.5
2019-04-26 06:25:55,2,1.9,37.755,14.999,1.26,33,0.16,56,0.2,0.2
2019-04-26 06:28:37,1.3,1.2,37.754,14.998,1.66,31,0.13,54,0.2,0.2
2019-04-26 06:47:40,1,1.1,37.732,15.089,4.62,11,0.12,176,0.6,1.3
2019-04-26 07:11:54,1.9,1.8,37.744,15.123,8.68,26,0.18,113,0.5,0.4
2019-04-26 07:53:25,1,1.1,37.759,15.005,0.35,9,0.2,199,0.7,1.1
2019-04-26 08:34:24,1,0.8,37.74,15.04,1.66,13,0.22,106,0.9,0.2
2019-04-26 08:36:38,1,0.9,37.738,15.035,0.69,18,0.21,88,1.5,0.2
2019-04-26 10:15:57,1.2,1.3,37.754,14.991,1.27,15,0.12,110,0.4,0.3
2019-04-26 19:12:15,1.2,1.2,37.703,15.077,4.95,17,0.23,85,0.6,0.3
2019-04-26 19:15:32,1,0.9,37.753,15.003,0.98,12,0.12,191,0.7,0.4
2019-04-26 19:18:05,0.8,0.8,37.75,15.006,0.85,13,0.15,73,0.8,0.3
2019-04-26 19:38:42,0.6,0.6,37.751,15.011,0.1,7,0.26,232,0.5,1.1
2019-04-26 20:55:03,2.1,2.1,37.814,15.171,10.34,9,0.33,168,1,0.8
2019-04-26 22:34:54,1,1,37.705,14.947,7.26,8,0.16,225,1.3,1.3
2019-04-27 00:13:15,2.2,2.2,37.822,15.121,0,19,0.3,61,0.9,0.2
2019-04-27 00:44:54,3.2,3.2,37.809,15.108,0.05,22,0.22,70,0.7,0.2
2019-04-27 00:50:32,1.5,1.5,37.815,15.108,1.28,10,0.15,76,0.5,0.2
2019-04-27 00:53:32,0.9,0.9,37.814,15.1,-0.35,7,0.22,101,1.3,0.5
2019-04-27 00:54:38,3.1,3.2,37.812,15.098,1.58,25,0.27,49,0.2,0.2
2019-04-27 00:56:03,2.5,2.5,37.814,15.135,10.39,12,0.29,102,0.9,0.6
2019-04-27 03:18:10,1,1,37.756,14.998,0.77,13,0.15,125,1.5,0.3
2019-04-27 04:15:06,1.1,1,37.756,14.996,1.64,16,0.12,120,0.4,0.4
2019-04-27 04:16:48,2,2,37.816,15.07,0.52,13,0.27,66,0.5,0.2
2019-04-27 04:17:00,2.4,2.6,37.816,15.07,0.52,13,0.27,66,0.5,0.2
2019-04-27 04:50:25,1.2,1.3,37.719,15.176,9.44,17,0.24,206,0.8,0.8
2019-04-27 13:05:38,1.5,1.5,37.754,15.005,1.21,18,0.14,48,0.4,0.2
2019-04-27 13:09:32,0.9,0.8,37.757,15.008,1.85,9,0.16,148,0.8,0.5
2019-04-27 13:56:07,1,1.1,37.752,15.007,1.66,25,0.16,61,0.4,0.2
2019-04-27 14:07:21,1.1,0.9,37.761,15.007,1,9,0.2,139,1.2,0.3
2019-04-27 16:26:49,1,1.1,37.725,15.066,1.89,12,0.24,102,0.4,0.3
2019-04-27 17:16:57,1.4,1.4,37.671,14.958,4.57,15,0.15,82,0.5,0.3
2019-04-28 00:56:52,1.6,1.5,37.893,15.065,12.23,19,0.18,81,0.7,0.5
2019-04-28 01:05:31,1.2,0.9,37.661,14.955,4.3,7,0.08,202,0.8,0.9
2019-04-28 01:24:28,1.6,1.6,37.754,14.999,0.43,21,0.14,49,0.3,0.1
2019-04-28 01:58:51,1,1,37.669,14.959,3.75,9,0.11,139,0.6,0.7
2019-04-28 02:02:13,1.1,1.2,37.686,14.947,6.38,8,0.11,140,1,1.4
2019-04-28 02:12:31,1.2,1.3,37.744,15.042,3.56,28,0.18,66,0.3,0.2
2019-04-28 03:55:19,0.9,0.9,37.672,14.95,2.71,7,0.08,133,0.8,0.6
2019-04-28 04:30:00,1,1.1,37.732,15.108,5.83,18,0.21,78,0.5,0.4
2019-04-28 10:06:47,1.6,1.6,37.757,15.036,3.94,18,0.2,49,0.3,0.2
2019-04-28 20:03:21,1.4,1.4,37.753,15.002,-1.12,6,0.2,190,1.8,0.8
2019-04-28 22:33:20,1.7,1.7,37.81,14.829,22.74,14,0.19,130,0.9,0.6
2019-04-28 22:47:46,1.8,1.8,37.801,14.825,25.85,17,0.2,133,0.9,0.6
2019-04-29 00:31:15,1,1,37.802,15.102,1.17,11,0.38,87,0.4,0.3
2019-04-29 00:52:04,2.1,2.1,37.807,14.797,26.78,20,0.17,207,0.6,1
2019-04-29 01:36:01,2.5,2.5,37.781,14.81,23.96,22,0.27,152,0.6,0.5
2019-04-29 01:40:34,1.8,1.8,37.809,14.837,20.78,19,0.18,124,1.5,0.8
2019-04-29 02:01:41,1.5,1.5,37.805,14.815,28.55,16,0.15,191,0.7,1
2019-04-29 02:15:55,1.6,1.6,37.828,14.844,22.89,16,0.16,120,0.9,0.9
2019-04-29 04:20:00,1.3,1.3,37.741,15.058,4.27,14,0.13,73,0.3,0.3
2019-04-29 04:31:36,2.3,2.3,37.59,14.846,12.78,8,0.24,310,0.8,1.6
2019-04-29 07:44:31,1.1,1.2,37.69,15.062,5.72,10,0.16,246,1,1.1
2019-04-29 07:44:50,0.8,0.8,37.717,15.056,2.89,9,0.13,107,1.3,0.6
2019-04-29 08:04:20,1.1,1.1,37.807,15.063,0.19,7,0.1,91,0.3,0.4
2019-04-29 12:48:49,0.9,0.9,37.724,15.076,4.98,10,0.07,137,0.6,0.8
2019-04-29 13:00:30,1.8,1.8,37.725,15.069,3.56,13,0.14,69,0.5,0.3
2019-04-29 13:01:08,2.3,2.4,37.721,15.074,5.24,39,0.19,77,0.4,0.2
2019-04-29 13:01:35,2.6,2.5,37.731,15.069,4.13,41,0.21,65,0.2,0.2
2019-04-29 13:02:20,1.6,1.7,37.719,15.065,5.36,9,0.12,159,0.9,0.7
2019-04-29 13:04:16,1.4,1.3,37.728,15.064,3.67,17,0.17,68,0.4,0.3
2019-04-29 14:01:50,1.5,1.4,37.728,15.073,4.58,19,0.28,61,0.5,0.3
2019-04-29 15:57:08,1.6,1.5,37.757,14.993,1.18,18,0.14,107,0.4,0.3
2019-04-29 16:19:42,1,1,37.721,15.073,4.13,11,0.1,122,0.3,0.5
2019-04-29 21:12:56,1.1,1.1,37.737,15.049,1.4,12,0.16,145,0.5,0.3
2019-04-30 03:05:46,1.1,1.2,37.743,15.002,1.16,16,0.18,242,0.5,0.6
2019-04-30 05:56:28,1.2,1.2,37.706,15.124,7.42,11,0.17,202,1.1,0.8
2019-04-30 05:58:42,1.1,1,37.749,15.002,-0.29,13,0.21,154,1.1,0.4
2019-04-30 10:58:27,1.4,1.4,37.756,15.053,2.8,17,0.19,42,0.4,0.2
2019-04-30 13:50:27,1.5,1.5,37.73,15.066,3.05,15,0.17,56,0.5,0.2
2019-04-30 13:53:46,1.1,1.1,37.728,15.062,3.19,12,0.16,73,0.6,0.3
2019-04-30 14:57:22,1.2,1.2,37.733,15.13,6.66,13,0.16,95,0.8,0.5
2019-04-30 15:22:34,0.9,0.9,37.756,14.995,1.2,12,0.12,104,0.8,0.3
2019-04-30 16:35:50,1,1,37.78,15.21,6.46,9,0.11,184,0.7,0.6
2019-04-30 18:30:14,1.6,1.6,37.73,15.067,3.62,18,0.2,57,0.3,0.2
2019-04-30 19:48:23,0.8,0.8,37.725,15.053,4.09,11,0.13,134,0.6,0.5
2019-04-30 19:59:35,0.8,0.8,37.724,15.071,4.24,8,0.1,125,0.6,0.8
2019-04-30 20:20:37,1,0.9,37.725,15.055,3.14,14,0.22,132,0.5,0.4
2019-04-30 20:44:30,1,0.9,37.727,15.069,4.95,13,0.16,115,0.6,0.7
2019-04-30 21:09:30,0.9,0.9,37.75,15.045,2.67,10,0.09,116,1.5,0.5
2019-04-30 23:19:48,1,1,37.733,15.064,3.1,12,0.21,124,1,0.7
2019-05-01 01:18:20,1,0.8,37.727,15.059,2.18,11,0.14,125,0.3,0.3
2019-05-01 02:19:20,1,0.8,37.739,15.046,3.54,13,0.18,150,0.7,0.5
2019-05-01 03:20:22,1.9,1.9,37.829,14.831,28.27,17,0.24,128,0.5,0.5
2019-05-01 03:44:56,1.1,1.1,37.697,14.965,-0.81,10,0.14,57,0.6,0.3
2019-05-01 04:42:27,1,1,37.751,15.012,1.11,9,0.15,221,0.8,0.5
2019-05-01 08:11:48,1.6,1.6,37.728,15.064,2.06,17,0.18,55,0.2,0.2
2019-05-01 08:36:24,0.9,0.9,37.738,15.052,4.04,8,0.07,142,1.2,0.5
2019-05-01 08:41:33,1,1,37.718,15.084,5,15,0.18,182,0.6,0.6
2019-05-01 08:53:38,1,1.1,37.717,15.087,4.82,16,0.15,154,0.6,0.7
2019-05-01 21:43:40,1,1,37.681,15.023,5.92,11,0.04,105,0.8,0.9
2019-05-02 01:38:04,0.9,0.9,37.75,15,0.92,11,0.17,143,0.5,0.3
2019-05-02 05:10:28,1.1,1.1,37.747,14.957,1.21,7,0.09,165,0.6,0.4
2019-05-02 08:30:16,1,1,37.749,15.006,0.72,12,0.13,102,0.7,0.2
2019-05-02 17:51:15,0.8,0.8,37.75,15.035,6.01,9,0.07,129,1.9,0.7
2019-05-02 20:39:56,1,1,37.742,15.087,5.72,12,0.08,95,0.6,0.5
2019-05-02 21:14:27,0.7,1.2,37.689,14.975,9.57,16,0.25,117,1,0.9
2019-05-03 01:23:19,1.2,1,37.755,15,1.07,23,0.13,78,0.2,0.2
2019-05-03 04:17:54,1.2,0.9,37.754,15.003,1.64,16,0.13,71,0.3,0.2
2019-05-03 04:28:22,1.3,1.2,37.801,15.055,0.61,10,0.13,109,0.7,0.2
2019-05-03 07:30:10,1.1,1.1,37.711,15.068,3.9,14,0.16,85,0.4,0.4
2019-05-03 11:54:02,1.2,1,37.739,15.11,5.95,16,0.08,80,0.2,0.3
2019-05-03 12:24:02,1,0.8,37.734,15.087,3.69,11,0.1,126,0.6,0.5
2019-05-03 12:37:10,1.3,1.3,37.76,15.111,6.35,13,0.11,82,0.4,0.3
2019-05-03 14:48:52,1.3,1.4,37.746,15.042,5.73,20,0.12,69,0.2,0.2
2019-05-03 15:10:29,1,1,37.753,15.002,0.96,13,0.12,94,0.7,0.2
2019-05-03 17:23:53,1.1,1.2,37.749,15.029,5.42,11,0.12,98,0.4,0.3
2019-05-03 17:25:52,1.1,1,37.627,14.989,2.98,10,0.16,180,1,0.5
2019-05-03 19:08:14,0.7,0.5,37.672,15.106,2.99,10,0.06,92,0.5,0.3
2019-05-03 20:20:48,1.1,1,37.749,15.007,1.18,15,0.13,111,0.5,0.3
2019-05-03 20:21:16,1.2,1,37.752,15.003,1.8,16,0.11,59,0.3,0.2
2019-05-03 22:19:04,0.6,0.8,37.768,15.169,4.58,8,0.1,115,0.7,0.4
2019-05-03 22:38:59,1.4,1,37.727,14.951,-1.57,16,0.14,60,0.4,0.1
2019-05-04 03:40:49,1.5,1.4,37.8,15.049,1.16,18,0.17,78,0.3,0.2
2019-05-04 11:59:39,1.7,1.8,37.829,15.232,8.1,25,0.17,144,0.4,0.4
2019-05-04 14:41:42,1.5,1.5,37.807,14.902,9.02,18,0.11,84,0.4,0.3
2019-05-04 16:59:52,1.2,1.1,37.713,15.065,4.17,21,0.13,60,0.3,0.2
2019-05-04 17:07:00,1.9,1.8,37.712,15.068,4.04,22,0.17,87,0.4,0.2
2019-05-05 01:39:24,2.4,2.5,37.715,15.082,5.31,35,0.17,63,0.2,0.2
2019-05-05 01:43:13,1.3,1.3,37.717,15.081,4.61,19,0.15,69,0.3,0.2
2019-05-05 01:43:34,1.5,1.5,37.716,15.08,4.79,20,0.13,69,0.2,0.2
2019-05-05 01:46:57,1.5,1.6,37.714,15.074,3.62,24,0.19,60,0.2,0.2
2019-05-05 01:49:06,1.7,1.6,37.716,15.077,4.94,28,0.14,61,0.3,0.2
2019-05-05 03:16:43,1.1,1,37.713,15.085,4.53,14,0.09,89,0.5,0.3
2019-05-05 03:37:29,1.2,1.1,37.715,15.086,5.46,18,0.12,83,0.4,0.3
2019-05-05 03:50:27,0.7,0.6,37.671,14.942,3.36,8,0.18,141,0.6,0.4
2019-05-05 08:09:05,1.2,1.1,37.754,14.995,1.78,18,0.12,50,0.2,0.2
2019-05-05 10:02:59,1.1,1,37.743,15.05,3.93,12,0.08,146,0.4,0.5
2019-05-05 20:14:28,0.9,0.7,37.8,15.051,0.32,7,0.09,112,0.4,0.2
2019-05-05 20:57:27,1,0.7,37.658,15.103,2.07,9,0.14,141,1.2,0.4
2019-05-05 21:23:54,0.8,0.7,37.751,15.003,0.48,11,0.14,99,1.4,0.4
2019-05-05 22:33:08,0.8,0.7,37.751,15.044,2.96,10,0.06,186,1.3,0.4
2019-05-05 22:36:58,0.8,0.8,37.754,15.055,5.91,10,0.1,168,0.5,0.7
2019-05-06 02:39:32,1,0.9,37.703,15.047,3.57,10,0.17,91,0.3,0.4
2019-05-07 00:28:31,1.2,1.3,37.801,15.176,5.96,13,0.17,98,0.3,0.4
2019-05-07 04:32:00,1.3,1.3,37.752,15.005,0.97,14,0.11,68,1.2,0.2
2019-05-07 10:13:24,1.1,1,37.755,14.999,1.45,12,0.11,154,0.7,0.5
2019-05-07 15:11:18,1,1,37.759,15.002,1.53,7,0.13,177,1.4,0.8
2019-05-07 16:58:22,1.1,1.1,37.739,15.083,7.61,10,0.07,106,1.1,0.7
2019-05-08 03:30:15,1,0.6,37.75,15.004,1.23,11,0.11,101,0.6,0.3
2019-05-08 09:15:54,1.3,1.3,37.754,15.005,2,11,0.1,153,0.3,0.4
2019-05-08 18:21:23,1,0.8,37.739,15.054,4.73,13,0.1,71,0.6,0.3
2019-05-08 19:41:00,1.1,0.9,37.757,15.001,2.38,13,0.09,76,0.2,0.3
2019-05-08 19:53:15,1.3,1.2,37.736,15.05,3.63,24,0.13,40,0.3,0.2
2019-05-09 02:41:48,1.3,1.2,37.724,14.959,2.01,15,0.16,69,1.1,0.3
2019-05-09 03:30:27,2.3,2.2,37.717,14.906,4.96,33,0.16,101,0.2,0.2
2019-05-09 05:50:21,1.9,1.6,37.714,14.902,6.01,18,0.16,105,0.3,0.3
2019-05-09 08:11:09,1.1,1,37.754,15.009,1.44,13,0.09,82,0.4,0.2
2019-05-09 17:44:13,0.9,0.8,37.751,15.007,1.55,16,0.1,74,0.3,0.2
2019-05-09 17:48:53,0.7,0.7,37.75,15.007,1.52,12,0.13,125,0.4,0.3
2019-05-09 20:39:53,1.2,1,37.72,15.078,4.46,14,0.1,113,0.5,0.3
2019-05-09 22:52:36,0.9,0.8,37.738,15.006,1.49,8,0.18,150,0.8,0.5
2019-05-10 01:51:07,1,0.9,37.725,14.922,4.94,11,0.17,169,0.4,0.4
2019-05-10 10:36:08,0.8,0.5,37.703,14.993,0.4,10,0.1,97,0.6,0.2
2019-05-10 15:48:56,1.1,1.1,37.743,15.051,3.42,18,0.09,86,0.5,0.2
2019-05-10 16:14:39,1.1,1,37.72,15.085,4.11,13,0.14,77,0.4,0.4
2019-05-10 16:21:42,2,2,37.72,15.093,3.9,32,0.15,69,0.2,0.2
2019-05-10 17:16:37,1,1,37.726,15.083,3.4,12,0.15,78,0.4,0.3
2019-05-10 17:54:13,1,1,37.74,15.061,3.69,15,0.13,95,0.6,0.3
2019-05-10 17:55:24,1,1,37.738,15.064,5.02,9,0.08,149,1,0.8
2019-05-10 18:26:01,0.8,1,37.737,15.052,4.77,10,0.05,140,1,0.5
2019-05-10 18:26:47,0.8,0.8,37.737,15.058,4.8,13,0.17,132,0.8,0.5
2019-05-10 20:52:07,1,1,37.754,15.022,2.6,14,0.13,107,0.7,0.3
2019-05-11 00:05:59,1,1.1,37.755,15.006,1.6,31,0.18,59,0.2,0.2
2019-05-11 00:53:32,0.8,0.8,37.751,15.007,2.15,19,0.14,52,0.3,0.3
2019-05-11 06:29:36,0.7,0.7,37.733,15.06,4.34,11,0.08,93,0.6,1
2019-05-11 06:33:05,1.3,1.3,37.739,15.05,2.8,24,0.16,38,0.6,0.2
2019-05-11 08:18:38,2.9,3,37.544,14.825,7.14,31,0.28,189,0.8,0.6
2019-05-11 20:37:02,1.7,1.5,37.757,14.992,1.17,35,0.16,52,0.2,0.1
2019-05-11 21:29:44,1,0.8,37.642,14.996,7.76,13,0.22,138,0.9,0.8
2019-05-11 21:54:01,1,0.8,37.724,15.026,3.93,14,0.17,91,0.8,0.3
2019-05-11 23:36:27,1.6,1.5,37.711,15.095,8.52,32,0.2,69,0.5,0.3
2019-05-12 03:27:52,1,0.8,37.754,14.997,1.65,10,0.05,157,0.6,0.5
2019-05-12 09:11:54,1,1,37.682,15.062,9.26,15,0.25,133,0.7,0.7
2019-05-12 11:51:55,0.8,0.7,37.745,14.846,0.88,7,0.11,106,0.7,0.3
2019-05-12 14:26:16,2,2.1,37.566,14.977,1.31,14,0.17,276,0.5,0.5
2019-05-12 15:47:29,2.1,2.3,37.716,14.826,19.41,22,0.27,188,0.6,0.5
2019-05-12 21:39:32,1.5,1.5,37.721,14.919,24.41,12,0.21,152,0.9,1.3
2019-05-12 21:59:19,1.5,1.5,37.706,14.91,22.46,15,0.14,192,1.1,1
2019-05-13 07:20:04,1,0.9,37.749,15.062,4.2,10,0.17,111,0.9,0.7
2019-05-13 07:44:47,0.7,0.7,37.743,15.067,4.75,9,0.07,222,1,1
2019-05-13 08:33:55,1.4,1.4,37.724,15.03,9.15,10,0.17,142,0.9,0.8
2019-05-13 16:53:15,1,1,37.723,15.073,4.51,16,0.11,130,0.4,0.4
2019-05-13 22:58:50,1,0.8,37.758,14.999,1.44,19,0.14,88,0.4,0.2
2019-05-13 23:16:34,1,0.9,37.751,15.003,1.89,15,0.07,85,0.6,0.3
2019-05-14 00:55:47,1,1,37.71,14.972,3.34,8,0.24,133,1.1,0.8
2019-05-14 01:42:00,1.2,0.7,37.689,14.917,0,8,0.15,120,0.8,0.3
2019-05-14 02:07:33,1,0.8,37.753,14.844,2.03,8,0.17,123,0.4,0.4
2019-05-14 10:47:12,0.9,0.9,37.747,14.999,1.47,9,0.14,203,1,0.7
2019-05-14 11:27:49,2,2.1,37.611,14.907,15,10,0.23,203,1.3,1.3
2019-05-14 11:58:28,2.1,2.1,37.753,15.004,1.71,21,0.14,48,0.3,0.2
2019-05-14 11:59:17,1.1,1.1,37.752,15.007,2.22,10,0.23,126,0.9,0.4
2019-05-14 12:01:17,1.1,1.1,37.748,15.006,0.97,9,0.21,166,1.1,0.5
2019-05-14 12:04:12,0.8,0.8,37.757,15.006,-1.57,10,0.09,82,1,0.3
2019-05-14 12:57:22,1.2,1.2,37.738,15.01,0.59,7,0.26,226,2.3,1.1
2019-05-14 13:20:32,0.8,0.8,37.739,15.01,1.19,9,0.12,145,1.1,0.4
2019-05-14 13:58:59,1.1,1.1,37.755,15.004,1.18,16,0.13,49,0.6,0.2
2019-05-14 17:13:05,1.7,1.7,37.753,15.002,0.47,19,0.17,59,0.5,0.1
2019-05-14 17:31:02,1.2,1.2,37.742,15.059,4.69,11,0.24,125,0.7,0.5
2019-05-14 17:55:21,0.9,0.8,37.766,14.996,-1.59,8,0.13,158,0.9,0.6
2019-05-14 18:00:05,0.8,0.9,37.757,15.089,5.47,8,0.06,122,0.6,0.7
2019-05-14 22:40:00,1.2,1.2,37.789,14.843,3.84,9,0.06,157,0.4,0.4
2019-05-15 11:08:06,0.8,0.7,37.754,15.004,0.77,11,0.09,133,0.6,0.5
2019-05-15 18:41:36,1,0.9,37.75,15.036,6.95,12,0.11,128,1,0.7
2019-05-15 19:13:33,1.5,1.5,37.756,15.011,1.17,29,0.23,48,0.3,0.1
2019-05-15 19:13:54,1.3,1.3,37.752,15.014,2.4,20,0.15,48,0.2,0.4
2019-05-15 19:31:52,1.2,1,37.759,15.013,1.3,18,0.16,57,0.3,0.3
2019-05-15 19:40:32,1.5,1.5,37.757,15.017,0.99,28,0.22,39,0.3,0.2
2019-05-15 19:42:17,1.1,1.1,37.755,15.015,2.17,18,0.14,47,0.3,0.3
2019-05-15 20:00:11,1,0.9,37.749,15.01,0.69,13,0.18,164,1.4,0.3
2019-05-15 20:02:20,1,1,37.756,15.008,0.67,12,0.14,90,1,0.3
2019-05-15 20:05:48,0.9,0.8,37.757,15.012,1.53,10,0.17,86,0.7,0.3
2019-05-15 21:34:17,0.7,0.7,37.743,15.011,0.15,14,0.13,108,0.4,0.3
2019-05-16 00:29:23,1,0.9,37.704,15.088,3.29,7,0.03,214,0.9,0.7
2019-05-16 09:34:18,1.1,1.1,37.719,14.997,7.97,16,0.18,71,0.7,0.4
2019-05-16 18:56:02,2.3,2.3,37.736,14.972,10.41,23,0.18,55,0.6,0.3
2019-05-16 19:55:58,1,1,37.739,15.063,4.24,14,0.19,89,0.6,0.3
2019-05-16 20:58:50,1.5,1.4,37.749,14.815,8.53,11,0.15,173,0.4,0.6
2019-05-17 01:04:22,1,0.8,37.758,15.027,3.23,13,0.1,72,0.6,0.3
2019-05-17 07:52:07,0.7,0.7,37.755,15.067,3.83,8,0.08,169,0.8,0.9
2019-05-18 00:57:55,1.1,1,37.732,15.051,3.78,23,0.13,48,0.2,0.2
2019-05-18 22:24:56,1,1,37.742,15.078,6.86,17,0.12,80,0.4,0.3
2019-05-19 04:12:21,1.2,1.3,37.599,15,0.29,6,0.11,239,0.6,1
2019-05-19 10:10:50,0.9,0.7,37.745,15.054,3.81,12,0.12,94,0.4,0.3
2019-05-19 11:58:56,1.1,0.9,37.75,15.061,3.33,14,0.16,56,0.5,0.2
2019-05-19 18:44:40,1.3,1.1,37.745,15.054,3.09,17,0.16,60,0.5,0.2
2019-05-19 18:48:23,0.7,0.7,37.744,15.062,3.71,12,0.07,90,0.4,0.4
2019-05-19 19:43:06,1.1,1.1,37.74,15.124,5.58,16,0.17,89,0.4,0.3
2019-05-19 20:00:45,0.9,1,37.747,15.1,7.96,12,0.12,105,0.5,0.5
2019-05-19 20:24:27,0.9,0.9,37.742,15.117,7.16,12,0.15,95,0.5,0.4
2019-05-20 03:03:16,1.2,1.6,37.748,15.163,6.86,21,0.16,123,0.4,0.3
2019-05-20 03:57:42,1.1,0.8,37.753,15.004,1.02,8,0.13,191,0.9,0.5
2019-05-20 04:08:45,1.2,1.1,37.752,15.003,0.85,15,0.13,71,0.7,0.2
2019-05-20 13:54:46,1,0.8,37.733,15.107,6.98,9,0.08,154,0.4,0.8
2019-05-20 16:05:15,1.2,1.2,37.753,14.997,0.94,20,0.12,53,0.4,0.1
2019-05-20 17:22:15,0.7,1.2,37.77,14.852,7.28,8,0.1,147,1.5,0.7
2019-05-20 20:58:58,1.1,1.2,37.731,15.059,3.32,17,0.13,85,0.4,0.2
2019-05-20 21:04:31,2.4,2.7,37.73,15.066,3.75,36,0.17,48,0.2,0.1
2019-05-20 21:08:09,0.9,0.8,37.725,15.068,4.09,12,0.1,114,0.3,0.3
2019-05-21 04:21:35,1.3,1,37.677,15.052,1.66,9,0.13,149,0.8,0.5
2019-05-21 04:33:58,1,0.8,37.752,15.005,1.62,7,0.08,194,1,0.7
2019-05-21 13:15:25,1.7,1.6,37.727,15.064,4.04,24,0.13,54,0.2,0.2
2019-05-21 16:41:17,1.3,1,37.743,15.079,4.4,12,0.15,92,0.4,0.3
2019-05-21 17:33:08,0.9,0.8,37.746,15.07,7.42,9,0.13,115,0.7,0.7
2019-05-21 19:06:29,1.4,1.6,37.749,15.095,5.68,26,0.19,73,0.4,0.2
2019-05-21 19:25:11,0.8,1.2,37.747,15.098,5.73,13,0.12,95,0.4,0.4
2019-05-21 23:59:57,1.5,1.4,37.753,15.011,0.74,37,0.19,41,0.2,0.1
2019-05-22 00:12:46,1,0.8,37.752,15.006,2.09,21,0.14,52,0.2,0.2
2019-05-22 04:49:47,1,1,37.754,15.002,1.03,14,0.14,73,0.3,0.2
2019-05-22 08:51:04,1.5,1.5,37.674,15.1,2.59,29,0.19,88,0.3,0.2
2019-05-22 20:21:03,1.2,0.9,37.751,15.005,0.49,19,0.13,60,0.3,0.2
2019-05-22 23:01:06,0.8,0.7,37.736,15.074,3.18,13,0.19,114,0.2,0.2
2019-05-23 01:22:00,1.8,1.8,37.818,14.851,24.23,12,0.21,114,1.2,0.5
2019-05-23 01:39:10,0.7,0.7,37.743,15.09,4.81,7,0.07,121,1,0.8
2019-05-23 04:35:42,0.8,0.8,37.755,15,0.95,16,0.09,114,0.5,0.2
2019-05-23 04:35:59,2,2,37.754,15.004,-1.13,18,0.13,48,0.6,0.1
2019-05-23 04:52:44,1.3,1.3,37.758,15.002,1.1,12,0.12,77,0.6,0.3
2019-05-23 05:06:25,0.7,0.7,37.757,15.004,-0.04,7,0.12,184,0.8,0.5
2019-05-23 06:31:12,0.7,0.7,37.754,15.003,-0.82,10,0.1,132,4.6,0.3
2019-05-23 20:49:44,1.5,1.5,37.681,15.094,6.42,13,0.08,65,0.5,0.3
2019-05-24 00:25:19,1.1,1.1,37.747,14.997,3.76,12,0.2,90,0.4,0.4
2019-05-24 00:26:18,1.5,1.4,37.752,15.008,0.98,39,0.19,37,0.2,0.1
2019-05-24 00:27:30,1.1,1,37.754,15.007,1.18,29,0.18,51,0.3,0.2
2019-05-24 00:28:06,1.2,1.1,37.753,15.006,1.84,30,0.2,52,0.3,0.2
2019-05-24 00:29:22,1,1,37.753,15.009,1.6,18,0.15,53,0.4,0.3
2019-05-24 00:30:39,1.6,1.6,37.755,14.969,18.15,10,0.27,88,1.7,1.8
2019-05-24 00:38:16,0.8,0.6,37.752,15.025,0.15,12,0.17,154,0.6,0.3
2019-05-24 00:39:20,1,0.9,37.753,15.006,2.54,10,0.15,87,0.8,0.4
2019-05-24 00:58:25,1.2,1,37.753,15.008,1.23,30,0.17,47,0.3,0.1
2019-05-24 01:05:16,1,0.7,37.758,15.012,2.44,14,0.16,60,0.4,0.3
2019-05-24 01:15:09,0.9,0.8,37.753,15.004,1.17,21,0.19,66,0.5,0.2
2019-05-24 01:48:54,0.8,0.8,37.749,15.003,1.2,17,0.18,46,0.4,0.2
2019-05-24 01:49:22,1.6,1.5,37.754,14.995,1.01,39,0.16,49,0.2,0.1
2019-05-24 01:50:16,0.8,0.8,37.753,15.003,0.15,10,0.15,119,0.5,0.3
2019-05-24 01:51:46,0.9,0.8,37.75,15.001,-0.11,16,0.2,118,0.6,0.3
2019-05-24 02:00:20,1.1,1.1,37.756,15,0.52,22,0.17,56,0.4,0.2
2019-05-24 02:03:14,1.1,1.1,37.756,15.014,1.29,13,0.15,58,0.7,0.2
2019-05-24 03:20:36,1.8,1.7,37.749,14.995,1.14,38,0.14,43,0.2,0.1
2019-05-24 07:05:15,1,0.9,37.753,15.002,0.53,10,0.13,132,0.7,0.4
2019-05-24 08:40:42,0.9,0.8,37.753,15.007,0.97,18,0.2,150,0.6,0.3
2019-05-24 11:55:44,1,1,37.685,15.099,7.67,13,0.17,90,0.7,0.6
2019-05-24 13:00:42,0.9,0.7,37.71,15.073,4.55,10,0.05,124,0.8,0.5
2019-05-24 13:01:12,0.8,0.6,37.711,15.069,5.13,7,0.09,151,0.9,1
2019-05-24 14:00:22,0.8,0.8,37.756,14.993,1.31,20,0.11,51,0.4,0.3
2019-05-24 14:16:21,1.5,1.4,37.703,15.074,3.93,20,0.15,63,0.3,0.3
2019-05-24 16:23:40,0.8,0.7,37.758,14.999,1.88,13,0.19,74,0.8,0.3
2019-05-24 17:21:00,1,1,37.735,15.066,3.82,16,0.11,85,0.5,0.4
2019-05-24 19:01:21,0.7,0.7,37.756,15.006,1.12,11,0.14,100,0.8,0.3
2019-05-24 21:29:02,2,2.1,37.742,15.031,4.95,48,0.18,29,0.3,0.1
2019-05-25 00:32:23,1,1,37.75,14.998,2.71,18,0.15,63,0.5,0.3
2019-05-25 02:33:06,1.3,1.3,37.687,14.961,11.41,11,0.09,114,0.8,1
2019-05-25 02:48:22,1,0.8,37.65,14.96,7.99,12,0.18,162,1.2,0.9
2019-05-25 02:55:57,1.1,1.1,37.776,14.835,9.2,8,0.16,183,1.4,0.7
2019-05-25 04:36:47,0.9,0.8,37.758,15.002,2.76,13,0.14,109,0.5,0.4
2019-05-25 07:36:27,0.7,0.6,37.755,15.006,0.13,8,0.14,185,0.7,0.6
2019-05-25 09:59:14,1.6,1.6,37.708,15.095,7.06,24,0.18,68,0.5,0.3
2019-05-25 13:43:05,0.8,0.8,37.768,15.171,5.77,10,0.15,239,0.5,1.1
2019-05-25 15:36:37,0.8,0.8,37.752,14.996,1.11,12,0.12,127,0.6,0.3
2019-05-25 17:53:46,0.8,0.8,37.749,15.012,0,15,0.18,67,0.4,0.2
2019-05-25 22:23:13,0.8,0.8,37.752,15.003,1.72,14,0.11,59,0.5,0.3
2019-05-26 04:14:52,1.9,1.9,37.733,14.935,28.99,18,0.2,123,1.2,1.1
2019-05-26 05:02:24,1.1,1.6,37.738,14.941,23.98,9,0.22,151,1.4,1.3
2019-05-26 05:02:55,1.1,1.7,37.754,14.963,26.76,8,0.13,177,1.3,4.5
2019-05-26 05:19:44,0.8,0.6,37.678,14.992,2.89,8,0.12,203,1.1,0.7
2019-05-26 05:38:54,0.7,0.5,37.682,15.026,0.2,8,0.1,172,0.5,0.7
2019-05-26 05:44:23,1.6,1.6,37.696,15.161,1.17,9,0.16,158,1.1,0.5
2019-05-26 05:47:24,1,0.8,37.693,14.987,3.45,10,0.17,135,0.5,0.8
2019-05-26 16:53:09,0.9,0.9,37.749,15.029,4.82,7,0.05,148,1.7,0.6
2019-05-26 18:47:18,1.3,1.3,37.778,14.843,5.78,12,0.11,170,0.4,0.4
2019-05-26 20:32:39,1,0.9,37.747,15.034,3.73,10,0.11,92,1.1,0.4
2019-05-26 20:34:36,0.9,0.9,37.746,15.038,6.08,7,0.09,125,1.8,0.9
2019-05-27 04:56:12,1.5,1.5,37.719,14.834,6.46,9,0.1,214,0.7,0.7
2019-05-27 08:00:52,1,1.1,37.748,15.081,7.33,12,0.15,142,0.8,1.1
2019-05-27 08:30:03,0.9,0.8,37.744,15.056,4.06,11,0.18,135,1,0.5
2019-05-27 20:04:28,1,1.1,37.714,15.186,8.72,10,0.2,241,0.9,1.1
2019-05-28 00:54:16,1,0.8,37.739,15.053,3.25,17,0.1,97,0.6,0.4
2019-05-28 06:58:09,1,0.8,37.747,15.108,3.24,11,0.15,165,0.6,0.6
2019-05-28 11:11:43,0.8,0.7,37.699,14.99,2.43,9,0.17,165,0.6,0.8
2019-05-28 11:26:22,1.8,1.8,37.681,15.096,4.14,26,0.14,68,0.2,0.3
2019-05-28 18:00:15,1.4,1.3,37.715,15.042,1.73,23,0.19,58,0.2,0.2
2019-05-29 14:21:53,2.9,2.8,37.689,15.095,4.9,43,0.19,56,0.4,0.2
2019-05-29 14:23:10,1.6,1.8,37.679,15.093,5.96,33,0.21,70,0.4,0.3
2019-05-29 15:43:45,1.2,1.1,37.785,15.118,12.82,13,0.07,142,0.8,0.8
2019-05-29 16:19:03,0.8,0.7,37.71,15.052,3.14,8,0.04,153,0.7,0.6
2019-05-29 16:39:57,1,0.9,37.684,15.092,6.77,9,0.03,113,0.8,0.6
2019-05-29 16:43:49,1.5,1.4,37.736,15.038,3.84,34,0.19,35,0.3,0.2
2019-05-29 16:46:38,0.9,0.7,37.74,15.033,0.02,14,0.12,96,0.6,0.3
2019-05-29 16:53:36,0.9,1,37.735,15.059,4.14,15,0.12,129,0.7,0.5
2019-05-29 16:58:54,0.9,0.9,37.735,15.043,4.85,9,0.06,118,1.3,0.6
2019-05-30 00:28:08,1.8,1.8,37.749,14.835,3.95,9,0.18,118,0.4,0.4
2019-05-30 05:12:39,1.9,1.9,37.684,15.097,5.52,25,0.14,61,0.4,0.3
2019-05-30 20:52:37,1.3,1.3,37.704,14.996,4.16,16,0.12,98,0.3,0.3
2019-05-30 21:04:42,1.1,1.3,37.721,14.939,3.16,7,0.07,207,2.2,1.1
2019-05-30 21:59:01,1.7,1.7,37.682,15.095,2.78,27,0.16,63,0.3,0.3
2019-05-31 02:42:50,1,1,37.753,14.935,0.01,7,0.24,246,2,1
2019-05-31 04:00:28,1.1,1.1,37.735,15.056,4.94,12,0.07,90,0.8,0.5
2019-05-31 09:16:52,1.7,1.5,37.619,14.938,9.19,9,0.05,172,0.7,0.7
2019-05-31 09:53:51,1,0.9,37.761,15.128,3.78,10,0.14,88,0.5,0.8
2019-05-31 09:55:02,1.1,1,37.76,15.128,3.76,13,0.11,70,0.3,0.3
2019-06-01 01:33:33,1.1,0.9,37.695,14.966,0.75,9,0.14,89,0.8,0.3
2019-06-01 04:52:27,1.8,1.7,37.706,15.143,1.61,17,0.13,101,0.3,0.3
2019-06-01 12:42:49,1.6,1.4,37.633,14.941,11.01,11,0.09,85,0.6,0.8
2019-06-01 12:46:54,1.5,1.3,37.62,14.956,8.96,11,0.12,87,0.8,0.6
2019-06-01 17:55:30,1.2,1.2,37.722,15.116,7.83,13,0.14,128,0.6,0.6
2019-06-01 21:16:54,1.6,1.4,37.698,15.179,0.01,11,0.24,239,0.9,0.6
2019-06-02 17:26:20,0.9,0.8,37.736,15.099,3.9,10,0.13,93,0.3,0.4
2019-06-02 19:40:36,1.2,0.9,37.736,15.05,2.56,19,0.13,68,0.4,0.2
2019-06-02 21:44:02,1.3,1.1,37.64,14.952,5.06,11,0.15,91,0.8,0.4
2019-06-03 02:12:43,1.4,1.2,37.632,14.961,7.01,14,0.14,85,0.6,0.3
2019-06-03 03:49:00,1.1,1.1,37.688,14.97,9.25,7,0.13,102,1.6,1.2
2019-06-03 08:32:45,1.5,1.3,37.639,14.951,5.39,15,0.16,94,0.5,0.3
2019-06-03 09:34:26,1,0.9,37.679,14.975,6.74,8,0.06,174,0.9,1.3
2019-06-03 14:04:08,1.1,0.9,37.754,15.056,3.57,16,0.12,68,0.5,0.3
2019-06-03 14:27:12,1.2,0.8,37.675,15.087,3.5,15,0.08,76,0.5,0.3
2019-06-04 00:26:25,0.9,0.4,37.683,14.946,2.04,6,0.13,177,0.7,0.9
2019-06-04 02:06:56,2.4,2.3,37.745,14.777,5.14,34,0.17,215,0.2,0.4
2019-06-04 04:34:27,1,0.7,37.69,15.056,4.65,10,0.09,128,0.5,0.7
2019-06-04 07:15:03,1.4,1.1,37.734,14.902,3.48,12,0.09,178,0.3,0.4
2019-06-04 14:35:04,1.1,1.1,37.636,14.953,7.31,9,0.06,123,0.9,0.6
2019-06-05 01:48:43,1.5,1.5,37.708,15.147,1.5,14,0.16,106,0.2,0.3
2019-06-05 06:38:40,0.7,0.5,37.722,15.059,4.25,13,0.08,123,0.4,0.4
2019-06-05 08:42:47,1,0.9,37.739,14.997,0,12,0.2,129,0.7,0.3
2019-06-05 10:14:58,1.3,1.1,37.627,14.978,8.22,12,0.11,195,0.7,0.5
2019-06-05 14:14:00,1.2,1,37.727,15.093,6.3,14,0.11,93,0.5,0.4
2019-06-05 21:17:22,0.9,0.6,37.687,15.028,2.37,12,0.07,75,0.4,0.5
2019-06-06 07:01:41,1.1,0.9,37.75,15.079,4.44,11,0.06,103,0.6,0.5
2019-06-06 09:06:55,1.3,1.3,37.65,14.964,12.09,11,0.12,67,1.3,0.7
2019-06-06 13:23:19,1.2,1,37.664,14.969,9.82,8,0.06,125,0.9,0.7
2019-06-06 18:26:57,0.8,0.8,37.739,15.061,4.2,18,0.07,73,0.5,0.3
2019-06-06 18:32:29,0.8,0.8,37.742,15.056,3.73,20,0.1,69,0.4,0.3
2019-06-06 18:55:26,1,0.9,37.739,15.056,3.47,24,0.13,67,0.3,0.2
2019-06-06 23:01:09,1.5,1.3,37.643,14.958,5.92,21,0.11,67,0.2,0.3
2019-06-06 23:05:49,0.9,0.9,37.613,14.965,8.56,8,0.12,242,0.8,1.2
2019-06-06 23:24:50,1,0.9,37.679,15.056,9.11,9,0.09,139,0.7,1.1
2019-06-06 23:31:54,1,0.9,37.635,14.959,7.08,9,0.06,125,0.7,0.6
2019-06-07 12:39:14,1.5,1.4,37.677,14.927,4.55,8,0.15,232,0.8,1.1
2019-06-08 01:18:19,1.3,1.3,37.691,15.019,12.37,13,0.13,189,1,0.8
2019-06-08 07:17:03,1,0.9,37.693,15.086,3.97,13,0.14,91,0.3,0.5
2019-06-09 01:11:05,1,0.9,37.72,14.894,4.38,10,0.14,137,0.3,0.5
2019-06-09 05:31:01,1,0.8,37.747,15.043,3.84,13,0.1,87,1,0.4
2019-06-09 11:32:32,1,1,37.726,15.111,5.25,15,0.14,123,0.6,0.6
2019-06-09 11:33:32,1,1.1,37.718,15.112,6.56,12,0.12,216,0.7,0.7
2019-06-09 18:19:57,1.9,1.8,37.88,14.936,38.24,19,0.17,120,1.3,1.2
2019-06-09 19:39:28,1.4,1.3,37.807,14.928,6.82,23,0.2,113,0.5,0.4
2019-06-09 21:11:02,1,1.1,37.818,14.931,8.47,14,0.21,154,0.7,0.6
2019-06-10 00:26:23,0.8,0.8,37.664,15.09,2.67,12,0.1,136,0.7,0.4
2019-06-10 01:39:19,0.8,0.6,37.743,15.047,0.49,12,0.24,108,0.9,0.3
2019-06-10 01:39:52,0.7,0.6,37.735,15.053,4.53,16,0.11,93,0.6,0.4
2019-06-10 04:21:02,0.8,0.6,37.736,15.062,3.56,14,0.21,80,0.9,0.4
2019-06-10 04:22:57,0.8,0.7,37.738,15.049,6.3,13,0.12,101,0.9,0.6
2019-06-10 17:59:38,1.1,1.1,37.741,15.083,5.51,15,0.08,69,0.8,0.5
2019-06-11 20:16:28,1,1.1,37.654,15.109,2.26,28,0.21,129,0.2,0.2
2019-06-12 09:16:14,1.1,1,37.672,15.092,7.87,13,0.12,147,0.7,0.7
2019-06-12 10:32:33,1,1,37.733,15.081,5.36,20,0.16,68,0.5,0.4
2019-06-13 10:20:54,2.5,2.5,37.651,15.15,10.66,28,0.23,178,0.5,0.5
2019-06-13 11:36:03,1.6,1.6,37.645,15.169,11.15,16,0.21,223,0.6,0.7
2019-06-13 16:17:05,3,2.9,37.663,15.143,7.73,42,0.2,102,0.4,0.3
2019-06-13 19:06:38,0.8,0.6,37.752,14.995,-0.27,24,0.19,82,0.5,0.2
2019-06-14 03:32:31,0.9,0.7,37.804,14.912,2.14,7,0.13,173,0.3,0.4
2019-06-14 15:13:40,1.4,1.2,37.747,15.057,6.43,15,0.1,97,0.5,0.3
2019-06-14 22:34:55,0.8,0.7,37.744,15.038,3.38,8,0.11,216,0.5,0.7
2019-06-15 00:03:09,1,0.9,37.736,15.056,5.9,16,0.11,92,0.3,0.3
2019-06-15 02:28:54,0.9,0.7,37.748,15.063,4.49,14,0.15,105,0.5,0.3
2019-06-15 03:22:00,1,1.1,37.748,15.133,7.49,15,0.11,94,0.4,0.3
2019-06-15 03:48:38,1,1.1,37.75,15.026,3.99,16,0.1,103,0.2,0.3
2019-06-15 05:10:08,1.9,1.7,37.712,15.071,5.13,23,0.15,64,0.3,0.2
2019-06-15 16:06:36,1,1.2,37.733,15.179,7.05,10,0.16,273,0.9,0.7
2019-06-15 16:06:55,1.2,1.4,37.754,15.132,8.91,14,0.14,85,0.6,0.5
2019-06-15 21:40:53,2.4,2.6,37.799,14.845,6.64,31,0.18,115,0.4,0.2
2019-06-15 21:43:05,1.3,1.2,37.794,14.839,6.29,8,0.16,164,0.8,0.5
2019-06-16 05:44:52,0.9,1.1,37.723,14.772,4.25,7,0.11,312,0.4,1.5
2019-06-16 05:52:05,1.1,1.3,37.756,14.763,2.39,10,0.18,290,0.4,1
2019-06-16 06:29:09,0.9,1.1,37.807,14.791,10.09,7,0.13,270,1.8,1.1
2019-06-16 07:10:00,1,1,37.708,15.1,7.46,12,0.11,221,0.8,0.8
2019-06-16 15:35:48,1.3,1.5,37.741,15.067,4.89,31,0.18,40,0.4,0.2
2019-06-16 15:47:58,1.1,1,37.742,15.073,4.35,16,0.17,79,0.3,0.3
2019-06-16 15:54:47,1.5,1.6,37.745,15.066,3.3,34,0.21,36,0.3,0.1
2019-06-16 22:49:28,1.1,1.1,37.755,14.807,2.76,13,0.15,256,0.4,0.6
2019-06-17 22:58:45,1,0.8,37.739,14.956,1.29,7,0.08,118,0.7,0.6
2019-06-18 04:17:43,1.1,1.3,37.702,15.208,12.09,10,0.05,298,1.2,2
2019-06-18 16:18:19,1,1.1,37.801,14.808,9.05,8,0.12,248,1.4,0.9
2019-06-18 18:50:00,1.1,1,37.737,15.035,3.33,24,0.13,58,0.4,0.2
2019-06-18 23:44:21,0.8,0.8,37.748,15.095,7.12,9,0.11,121,0.9,0.6
2019-06-19 01:36:29,1,1.1,37.673,15.133,2.26,10,0.08,102,0.3,0.3
2019-06-19 01:42:06,1.2,1.2,37.668,15.126,0.9,21,0.19,100,0.3,0.2
2019-06-19 01:44:12,0.9,0.7,37.668,15.132,1.62,9,0.09,109,0.9,0.3
2019-06-19 04:02:20,0.9,0.8,37.67,15.132,1.42,9,0.09,104,0.8,0.3
2019-06-19 05:05:38,1.6,1.7,37.797,14.828,6.36,17,0.14,177,0.5,0.5
2019-06-19 11:58:04,1.2,1.2,37.749,15.047,3.99,20,0.14,60,0.2,0.2
2019-06-19 12:17:09,1.2,1.4,37.606,14.97,7.35,6,0.06,277,1.1,1.3
2019-06-19 18:32:04,1.5,1.7,37.747,15.07,5.42,32,0.15,44,0.2,0.2
2019-06-19 21:49:48,1,0.8,37.755,15.075,5.94,13,0.16,116,0.3,0.3
2019-06-19 22:39:56,1.2,1.3,37.71,14.893,4.33,12,0.14,154,0.3,0.4
2019-06-20 08:50:15,1,1,37.747,15.072,5.54,7,0.09,111,2,1.4
2019-06-21 00:54:43,0.9,0.3,37.704,14.977,4.39,9,0.05,204,0.9,1.9
2019-06-21 05:14:30,1.5,1.4,37.645,14.957,5.47,20,0.24,142,0.7,0.4
2019-06-21 18:30:41,1.3,1.1,37.641,14.983,9.87,23,0.2,104,0.6,0.5
2019-06-21 19:26:47,1.3,1.2,37.634,14.986,10.07,17,0.14,180,0.7,0.6
2019-06-21 20:17:26,1.1,0.8,37.666,14.943,7.74,17,0.14,91,0.7,0.6
2019-06-21 23:17:07,0.6,0.9,37.75,15.124,7.33,7,0.1,192,1,0.7
2019-06-21 23:18:27,0.5,0.6,37.758,15.114,5.12,7,0.13,175,0.9,0.7
2019-06-22 00:20:29,0.6,0.5,37.728,14.879,4.77,8,0.12,142,0.8,0.5
2019-06-22 01:25:46,1,0.6,37.728,14.943,0.29,7,0.09,176,1.1,0.3
2019-06-22 05:08:50,1,0.6,37.718,14.983,7.51,15,0.1,105,0.8,0.5
2019-06-22 09:16:21,1.4,1.3,37.752,15.053,3.29,33,0.22,41,0.4,0.2
2019-06-22 09:45:44,1.5,1.7,37.601,15.091,12.16,28,0.26,239,0.5,0.5
2019-06-22 17:46:49,1,1,37.678,15.131,3.98,9,0.15,262,0.8,1
2019-06-22 17:49:42,1.2,1.2,37.694,15.121,3.15,25,0.18,93,0.4,0.2
2019-06-23 04:52:10,1.1,1.4,37.631,15.121,15.52,10,0.11,259,1.1,2
2019-06-25 04:04:51,1.5,1.6,37.769,14.776,10.11,17,0.24,248,0.4,0.8
2019-06-25 12:17:08,1.8,1.7,37.745,14.712,11.49,12,0.26,247,1.3,1.9
2019-06-25 15:11:36,0.8,0.7,37.692,14.984,2.86,12,0.12,109,0.4,0.6
2019-06-25 18:13:01,0.9,0.8,37.738,15.056,4.04,14,0.07,94,0.9,0.5
2019-06-26 00:25:55,0.7,0.9,37.722,15.059,2.99,14,0.1,77,0.6,0.2
2019-06-26 11:37:38,0.8,0.6,37.752,15.035,0.06,6,0.04,244,3,1
2019-06-26 16:05:40,1.6,1.8,37.689,15.161,0.65,12,0.19,123,0.5,0.3
2019-06-26 21:37:04,0.7,0.7,37.729,15.09,6.12,12,0.08,213,0.7,1
2019-06-27 13:42:20,1.3,1.4,37.685,15.102,6.03,30,0.16,62,0.5,0.3
2019-06-28 10:39:11,0.7,0.5,37.791,15.064,-0.87,9,0.2,139,2.8,0.4
2019-06-28 11:16:21,1.2,1,37.686,15.165,4.18,9,0.05,176,0.7,0.7
2019-06-28 15:03:09,1.5,1.4,37.735,14.933,0.15,14,0.16,73,0.4,0.2
2019-06-28 16:57:29,1.3,1.2,37.652,15.126,10.98,11,0.11,122,1,1
2019-06-29 00:29:15,0.6,0.6,37.741,14.94,1.47,8,0.2,178,1,0.5
2019-06-29 01:17:45,0.8,0.8,37.753,15.124,9.62,8,0.12,75,1.9,0.8
2019-06-29 01:24:32,0.8,0.8,37.705,15.07,3.36,7,0.06,135,0.3,0.4
2019-06-29 16:11:20,0.5,0.5,37.741,15.066,1.78,7,0.09,151,1.3,0.5
2019-06-29 21:16:56,1.3,1.3,37.641,15.146,11.12,9,0.18,202,1,1
2019-06-30 09:57:18,1.2,1.2,37.798,15.118,12.69,11,0.15,91,0.7,0.6
2019-06-30 12:04:23,1.1,0.9,37.747,15.04,2.24,20,0.15,54,0.7,0.2
2019-06-30 13:23:44,1.2,1,37.734,14.91,5.04,11,0.11,64,0.6,0.4
2019-06-30 16:52:27,0.7,0.4,37.698,14.97,2.18,9,0.09,102,0.5,0.5
2019-07-01 00:28:10,0.6,0.6,37.756,15.016,0.39,12,0.11,86,0.4,0.3
2019-07-01 01:50:20,2.2,2.2,37.651,14.96,5.44,29,0.17,67,0.3,0.2
2019-07-01 02:04:58,1.3,0.8,37.695,15.092,4.12,13,0.08,81,0.5,0.3
2019-07-01 02:17:38,1.8,1.7,37.652,14.959,5.2,18,0.13,68,0.4,0.3
2019-07-01 18:36:38,1,0.8,37.713,15.027,1.75,14,0.14,61,0.4,0.3
2019-07-01 19:44:49,1.1,1.1,37.779,15.113,11.18,11,0.13,93,0.9,0.8
2019-07-01 19:50:05,0.8,0.8,37.715,15.026,0.81,15,0.18,110,0.4,0.3
2019-07-01 21:42:07,0.9,0.9,37.756,15.024,1.23,11,0.1,140,1.1,0.3
2019-07-01 22:55:49,1,1,37.679,15.112,5.18,12,0.14,108,0.7,0.4
2019-07-01 23:44:20,1.6,1.5,37.734,15.031,3.46,27,0.17,33,0.2,0.2
2019-07-01 23:55:17,1.1,0.9,37.735,15.038,2.37,14,0.1,108,1.1,0.3
2019-07-02 00:41:40,0.6,0.6,37.712,14.999,3.6,6,0.12,222,1,1.2
2019-07-02 01:11:43,0.5,0.5,37.737,15.034,1.59,8,0.12,122,0.7,0.4
2019-07-02 02:21:16,1.4,1.4,37.657,14.943,6.27,16,0.23,88,0.5,0.3
2019-07-02 02:34:32,1.4,1.4,37.55,14.939,10.59,10,0.24,130,1.3,0.6
2019-07-02 03:17:11,0.5,0.5,37.682,15.012,3.97,6,0.04,298,0.8,1.6
2019-07-02 04:43:10,1,1,37.685,14.988,4.15,8,0.06,170,0.5,0.7
2019-07-02 05:07:42,2.2,2.2,37.732,15.031,3.53,21,0.17,57,0.2,0.2
2019-07-02 12:18:05,1.3,1.2,37.736,15.033,2.89,26,0.14,43,0.4,0.2
2019-07-02 12:42:34,1.6,1.5,37.789,14.994,25.68,17,0.18,124,1.1,1.3
2019-07-02 13:55:09,1,0.9,37.681,15.038,6.13,15,0.08,80,0.4,0.3
2019-07-02 14:34:57,1.1,0.9,37.674,15.032,4.62,16,0.14,71,0.4,0.3
2019-07-02 15:10:51,1,0.9,37.724,14.935,1.21,10,0.1,84,1.9,0.3
2019-07-03 00:27:35,0.9,1,37.703,15.083,4.32,7,0.04,177,0.8,0.7
2019-07-03 03:44:44,0.7,0.7,37.746,15.069,4.73,9,0.09,123,0.6,0.4
2019-07-03 03:58:00,0.5,0.5,37.744,15.075,3.8,6,0.06,158,0.6,0.6
2019-07-03 08:48:26,1,1,37.656,14.93,4.37,6,0.19,283,1,1.1
2019-07-04 04:09:40,1.1,1.1,37.716,15.046,3.59,15,0.17,60,0.4,0.2
2019-07-04 04:58:11,0.5,0.5,37.738,15.033,1.51,9,0.14,120,0.8,0.4
2019-07-04 07:31:52,1.2,1.2,37.703,14.934,7.45,6,0.05,117,1.8,1.3
2019-07-04 08:46:04,1.2,1.2,37.746,15.091,5.4,12,0.16,110,0.6,0.5
2019-07-05 01:14:08,1,0.9,37.692,14.977,1.89,10,0.3,172,0.3,0.3
2019-07-05 10:06:11,0.8,0.8,37.738,15.042,3.71,8,0.08,192,2.2,1.4
2019-07-05 10:55:42,1.3,1.3,37.763,15.075,5.63,9,0.17,126,1.2,0.9
2019-07-05 10:58:03,1.2,1.2,37.787,15.17,4.92,12,0.14,137,1,0.5
2019-07-05 14:42:33,0.6,0.7,37.729,15.094,4.29,9,0.15,182,0.4,1
2019-07-05 17:34:42,1.5,1.5,37.749,14.972,6.27,21,0.17,72,0.7,0.3
2019-07-05 21:11:52,1.8,1.8,37.724,15.134,4.92,25,0.18,98,0.6,0.2
2019-07-05 21:34:19,1.4,1.4,37.74,14.908,11.76,11,0.23,107,0.8,0.7
2019-07-05 21:53:58,1.5,1.5,37.74,15.056,3.62,16,0.13,130,0.4,0.4
2019-07-06 01:48:13,1,0.6,37.751,14.996,0.97,24,0.11,48,0.3,0.2
2019-07-06 05:39:39,0.6,0.3,37.687,15.056,4.28,9,0.16,247,0.7,1.2
2019-07-06 05:43:10,0.8,0.7,37.741,15.093,7.77,10,0.14,138,0.8,0.7
2019-07-06 09:00:50,1,1,37.714,15.153,8.46,11,0.3,136,0.6,0.5
2019-07-06 09:11:09,1.7,1.7,37.622,14.958,0.02,7,0.14,124,0.9,0.6
2019-07-06 09:11:36,1.7,1.7,37.622,14.959,0.01,8,0.2,117,1.1,0.3
2019-07-06 09:20:12,1.1,0.9,37.762,14.836,2.52,7,0.12,156,0.7,0.5
2019-07-06 20:32:35,1,0.8,37.684,14.996,4.09,11,0.06,151,0.5,0.9
2019-07-06 21:04:20,1,0.6,37.717,15.021,5.87,12,0.04,74,0.7,0.5
2019-07-06 23:03:56,1.1,1.1,37.799,15.051,15.4,22,0.2,70,0.5,0.4
2019-07-06 23:51:51,0.8,0.6,37.765,15.088,9.29,8,0.04,118,1,1.1
2019-07-07 03:15:35,1.5,1.5,37.897,14.941,30.11,11,0.08,92,1.7,1.7
2019-07-07 03:20:12,1.3,1.3,37.889,14.93,24.6,12,0.2,87,1.1,0.5
2019-07-07 03:23:24,1.7,1.7,37.887,14.904,28.02,14,0.22,100,0.6,0.6
2019-07-07 03:27:40,2.9,2.8,37.889,14.922,23.63,38,0.22,87,0.5,0.3
2019-07-07 03:47:06,2,2,37.886,14.92,26.75,19,0.2,88,0.8,0.6
2019-07-07 11:14:00,1.2,1.1,37.741,15.044,5.16,15,0.2,77,0.8,0.3
2019-07-07 13:59:17,1.3,1.3,37.689,14.771,22.16,13,0.15,224,0.8,1.1
2019-07-07 14:45:50,1.5,1.5,37.693,14.86,13.95,12,0.2,158,1.5,0.8
2019-07-07 14:50:57,1.4,1.2,37.672,14.806,17.27,11,0.13,195,1.2,0.8
2019-07-07 14:56:58,1.6,1.6,37.673,14.852,17.72,15,0.26,180,1.3,0.9
2019-07-07 15:02:35,1.4,1.2,37.673,14.804,15.03,11,0.18,196,1.3,0.7
2019-07-07 15:06:55,1.5,1.5,37.682,14.864,17.45,11,0.28,160,1.2,0.9
2019-07-07 15:15:09,1.4,1.4,37.674,14.871,18.05,12,0.25,188,0.8,0.8
2019-07-07 15:26:23,1.4,1.5,37.675,14.807,16.46,9,0.13,194,1.3,0.9
2019-07-07 15:35:15,1.3,1.3,37.689,14.757,21.65,13,0.16,233,0.7,1.2
2019-07-07 15:37:40,1.9,1.9,37.68,14.872,20.88,17,0.22,151,0.8,0.8
2019-07-07 15:49:21,1.8,1.8,37.722,14.822,24.17,12,0.12,191,0.8,1
2019-07-07 15:50:32,1.2,1.2,37.69,14.822,21.54,9,0.2,181,1.3,1.1
2019-07-07 16:10:33,1.5,1.4,37.676,14.837,18.3,10,0.24,171,1.1,0.9
2019-07-07 16:42:04,1.5,1.5,37.687,14.845,17.2,10,0.25,179,1.2,0.9
2019-07-07 16:57:26,1.5,1.4,37.659,14.852,12.18,13,0.17,165,1,1.1
2019-07-07 17:33:18,1.5,1.4,37.678,14.893,16.78,10,0.19,179,0.8,0.9
2019-07-07 19:39:19,1.8,1.8,37.661,14.895,18.64,20,0.23,158,0.7,0.7
2019-07-07 21:57:17,1.7,1.6,37.696,14.862,12.62,16,0.22,153,0.9,0.7
2019-07-08 00:55:26,0.9,0.7,37.736,15.076,7.96,9,0.13,140,0.9,0.6
2019-07-08 01:38:04,1.2,1.2,37.674,15.08,3.39,26,0.18,55,0.3,0.2
2019-07-08 01:41:00,1.4,1.6,37.676,14.801,20.95,14,0.11,181,0.7,1.1
2019-07-08 01:42:16,0.8,0.8,37.641,15.061,8.33,9,0.09,234,0.8,1
2019-07-08 02:10:35,1,0.7,37.679,15.094,9.31,11,0.05,156,0.8,1.7
2019-07-08 02:44:53,1.6,1.4,37.667,14.863,16.86,16,0.23,155,0.7,0.5
2019-07-08 02:45:52,1.7,1.9,37.691,14.859,24.33,15,0.29,149,0.7,1
2019-07-08 04:38:28,3.8,3.8,37.672,14.873,17.37,39,0.22,149,0.4,0.3
2019-07-08 04:42:52,2.2,2.2,37.696,14.752,21.17,20,0.18,232,0.7,1
2019-07-08 04:45:19,1.8,1.9,37.683,14.778,19.53,13,0.15,217,1,1.1
2019-07-08 04:47:23,1.7,1.9,37.683,14.781,21.92,10,0.09,215,0.9,1.2
2019-07-08 04:49:41,1.4,1.5,37.677,14.808,15.63,8,0.14,194,1.2,1.1
2019-07-08 05:00:31,2,2,37.686,14.846,13.75,22,0.26,171,1.2,0.8
2019-07-08 05:32:35,1.7,1.7,37.674,14.783,14.88,9,0.14,212,1.3,1.1
2019-07-08 05:50:20,1.9,1.9,37.673,14.807,23.32,13,0.22,164,0.8,1.1
2019-07-08 06:27:05,1.8,1.8,37.672,14.911,21.1,14,0.19,144,0.8,0.8
2019-07-08 06:52:22,2.3,2.3,37.69,14.805,21.46,16,0.21,197,0.7,1.1
2019-07-08 08:17:28,1.9,1.9,37.689,14.781,19.14,13,0.15,217,1,0.9
2019-07-08 10:57:50,0.6,0.6,37.728,15.082,3.53,9,0.2,149,0.7,0.5
2019-07-08 12:23:44,1.6,1.6,37.666,14.862,19.33,17,0.21,171,0.7,1.1
2019-07-08 12:24:20,2.1,2.1,37.695,14.799,17.1,20,0.16,233,0.7,1
2019-07-08 12:28:22,1.8,1.8,37.671,14.787,21.87,17,0.23,208,0.8,0.7
2019-07-08 13:21:01,1.9,2.1,37.672,14.86,17.81,25,0.22,157,0.6,0.6
2019-07-08 14:28:01,0.9,0.4,37.736,14.952,0.89,8,0.08,95,0.7,0.5
2019-07-08 14:53:41,1.6,1.6,37.669,14.852,16.91,22,0.17,162,0.6,0.5
2019-07-08 16:48:51,3.2,3.2,37.667,14.862,17.29,44,0.23,156,0.4,0.3
2019-07-08 18:02:28,1.7,1.7,37.711,14.758,25.92,11,0.26,245,0.9,1.1
2019-07-08 19:29:51,1.8,1.8,37.67,14.839,17.45,24,0.23,171,0.5,0.7
2019-07-08 20:29:31,1.4,1.4,37.647,14.87,3.61,20,0.23,170,0.3,0.4
2019-07-08 22:17:40,1.7,1.6,37.682,14.805,20.09,18,0.16,196,0.9,0.7
2019-07-08 22:33:17,1,0.7,37.681,14.972,4.6,15,0.12,144,0.4,0.5
2019-07-08 22:44:38,1,1,37.679,14.969,3.07,20,0.19,157,0.3,0.3
2019-07-09 00:24:22,0.8,0.7,37.761,15.053,4.15,23,0.19,53,0.2,0.2
2019-07-09 00:31:16,0.7,0.5,37.76,15.064,6.05,14,0.15,90,0.5,0.4
2019-07-09 00:32:43,0.8,0.7,37.771,15.082,7.2,12,0.16,86,0.8,0.6
2019-07-09 03:25:25,1.5,1.4,37.682,14.827,23.02,16,0.17,178,0.8,1
2019-07-09 03:28:04,1.4,1.4,37.679,14.801,21.45,15,0.14,199,0.9,1.1
2019-07-09 03:30:40,1.3,1.3,37.685,14.828,22.72,13,0.23,176,0.8,1.2
2019-07-09 07:21:59,1.6,1.6,37.68,14.848,22.21,19,0.23,162,0.6,0.9
2019-07-09 12:31:38,1.8,1.8,37.672,14.872,19.18,24,0.24,149,0.7,0.7
2019-07-09 16:44:55,0.8,0.8,37.753,15.004,0.06,14,0.13,116,0.4,0.3
2019-07-09 18:14:20,1.5,1.5,37.78,15.179,5.59,19,0.18,107,0.8,0.4
2019-07-09 19:08:48,0.8,0.7,37.75,15.028,6.97,13,0.14,101,0.8,0.6
2019-07-09 19:13:02,1,0.9,37.752,15.036,5.76,15,0.11,92,0.7,0.4
2019-07-09 19:20:49,1,0.5,37.75,15.004,1.44,13,0.15,75,0.7,0.3
2019-07-10 00:31:04,0.5,0.3,37.73,15.001,0.02,12,0.21,244,0.9,0.7
2019-07-10 02:04:26,0.7,0.6,37.697,15.099,5.37,12,0.14,238,0.7,0.8
2019-07-10 06:58:16,0.8,0.8,37.725,15.071,6.63,16,0.06,138,0.7,0.7
2019-07-10 18:26:33,0.8,0.6,37.764,14.996,-0.37,9,0.05,131,1.7,1.1
2019-07-11 02:01:39,1,1,37.687,15.091,12.34,12,0.19,106,1,1.1
2019-07-11 03:22:00,0.7,0.6,37.725,15.061,4.2,10,0.11,123,0.4,0.5
2019-07-11 12:38:30,1,0.7,37.747,15.101,4.85,9,0.11,148,0.6,0.7
2019-07-11 13:44:20,1.5,1.2,37.753,14.996,1.85,28,0.11,48,0.2,0.2
2019-07-11 13:54:14,0.6,0.4,37.75,15.001,-0.12,8,0.04,169,0.8,0.5
2019-07-12 00:32:52,1.1,0.9,37.673,15.09,2.59,16,0.1,86,0.5,0.2
2019-07-12 01:57:46,1,0.6,37.721,14.956,6.18,15,0.17,81,0.4,0.3
2019-07-12 04:37:10,1.7,1.6,37.682,14.928,-1.58,13,0.28,75,1,0.2
2019-07-12 07:25:54,2.3,2.2,37.678,14.849,16.45,22,0.22,180,0.8,0.8
2019-07-12 09:16:04,1.3,1,37.736,15.122,7.06,13,0.12,179,0.5,0.5
2019-07-12 10:08:40,0.7,0.9,37.723,15.133,8.66,7,0.18,271,1.6,0.9
2019-07-12 10:21:40,2.6,2.6,37.747,15.1,7.01,35,0.24,79,0.3,0.2
2019-07-12 13:19:01,1.3,1.1,37.678,14.947,3.91,10,0.12,89,0.3,0.3
2019-07-12 13:30:25,0.9,0.5,37.751,15.005,-1.53,11,0.1,197,0.9,0.4
2019-07-12 13:43:50,2,2,37.695,14.933,0.05,23,0.29,58,0.6,0.2
2019-07-12 15:23:24,1,0.9,37.683,14.939,4.27,10,0.08,118,0.4,0.4
2019-07-12 18:39:04,1.6,1.4,37.739,15.099,5.31,26,0.19,90,0.3,0.2
2019-07-12 18:39:51,1.6,1.4,37.739,15.096,5.03,26,0.25,85,0.2,0.2
2019-07-13 00:56:21,0.9,0.5,37.75,15,0.62,10,0.14,117,0.7,0.3
2019-07-13 04:29:48,0.9,0.7,37.749,15.01,-0.18,6,0.17,195,0.9,0.4
2019-07-13 04:49:46,1,0.6,37.754,15.009,2.25,19,0.13,65,0.2,0.2
2019-07-13 20:45:16,1,0.6,37.752,15.007,0.01,11,0.3,158,0.5,0.3
2019-07-14 03:07:19,0.6,0.8,37.766,15.092,9.41,11,0.17,98,0.9,0.5
2019-07-14 04:17:44,1.4,1.2,37.776,14.965,18.82,10,0.14,158,0.7,0.6
2019-07-14 05:20:39,1.1,0.8,37.754,15.007,-0.04,17,0.14,94,0.6,0.1
2019-07-14 06:56:44,1.4,1.2,37.735,15.084,5.19,17,0.17,56,0.3,0.3
2019-07-14 07:02:54,0.8,0.8,37.731,15.108,5.22,7,0.14,258,1.2,1.6
2019-07-14 19:21:49,0.6,0.3,37.765,15.033,1.53,9,0.14,99,1.1,0.3
2019-07-14 20:04:44,1.5,1.2,37.772,15.086,9.04,18,0.12,70,0.5,0.4
2019-07-14 20:13:20,1,0.8,37.768,15.086,10.43,12,0.11,104,0.5,0.5
2019-07-14 21:22:59,0.6,0.8,37.771,15.097,10.37,7,0.08,136,1.1,0.8
2019-07-15 02:58:36,1.1,1,37.743,15.05,1.55,28,0.15,36,0.3,0.1
2019-07-15 03:01:32,1,0.9,37.74,15.044,3.92,14,0.12,89,0.2,0.2
2019-07-15 05:45:56,1,0.8,37.756,15.003,1.47,20,0.14,70,0.4,0.2
2019-07-15 12:31:54,1.7,1.6,37.746,15.046,3.93,26,0.14,35,0.1,0.1
2019-07-15 21:26:48,0.9,1.1,37.77,15.092,9.13,18,0.15,74,0.6,0.4
2019-07-15 21:27:04,0.8,1.1,37.78,15.101,10.26,11,0.12,135,0.8,0.6
2019-07-15 21:27:54,0.8,1.1,37.768,15.1,10.46,16,0.18,141,0.7,0.5
2019-07-15 22:14:04,1.4,1.1,37.799,15.063,-0.39,14,0.14,56,0.2,0.2
2019-07-16 02:19:57,1,0.7,37.744,15.057,2.21,14,0.12,73,0.2,0.3
2019-07-16 04:56:04,0.6,0.6,37.743,15.056,4.53,10,0.11,97,1.5,0.7
2019-07-16 06:24:46,0.8,0.7,37.751,15.001,1.36,15,0.18,102,0.5,0.2
2019-07-16 09:46:22,0.6,0.8,37.766,15.098,6.17,6,0.24,223,1.4,1.4
2019-07-17 01:15:55,0.6,0.6,37.737,15.062,4.07,10,0.04,197,1.1,0.6
2019-07-17 02:09:44,0.6,0.6,37.713,15.021,5.19,10,0.06,184,0.7,1
2019-07-17 06:04:28,2.2,2.1,37.694,14.937,0.05,20,0.19,113,0.7,0.2
2019-07-17 10:01:02,1,1,37.732,15.083,6.02,12,0.07,173,0.9,1.1
2019-07-17 11:08:51,1.2,1.4,37.659,15.099,6.1,19,0.16,209,0.5,0.5
2019-07-17 11:19:13,1,1.3,37.682,15.099,10.33,6,0.05,121,1.9,0.9
2019-07-17 18:40:19,1.3,1.1,37.741,15.05,5.26,16,0.11,95,0.4,0.3
2019-07-18 00:03:44,1,0.8,37.75,15.007,-0.28,23,0.18,52,0.2,0.1
2019-07-18 03:07:56,1,0.9,37.799,15.038,-0.19,10,0.13,89,0.2,0.2
2019-07-18 09:35:59,2,2.2,37.635,14.967,0.75,12,0.19,161,2.4,0.3
2019-07-18 12:21:11,2,2.2,37.629,14.974,0.17,15,0.15,175,0.8,0.3
2019-07-18 22:10:18,1.1,1.5,37.747,15.075,5.71,10,0.12,117,0.9,0.4
2019-07-18 22:59:39,1.5,1.8,37.742,15.071,5.9,15,0.19,95,0.7,0.4
2019-07-19 14:30:05,1.7,1.7,37.899,14.934,28.52,16,0.13,83,0.7,0.5
2019-07-19 14:58:48,1,0.8,37.749,15.03,4.34,10,0.06,176,1.6,0.8
2019-07-20 02:20:53,1.3,1.3,37.782,15.072,10.88,15,0.09,85,0.6,0.5
2019-07-20 12:03:38,1.7,1.7,37.712,15.026,11.96,24,0.12,53,0.6,0.5
2019-07-20 12:16:34,1.2,1.2,37.731,15.049,4.22,15,0.12,115,0.4,0.4
2019-07-20 12:25:35,1,1,37.728,15.056,5.71,12,0.09,140,0.7,0.6
2019-07-20 23:59:07,1.9,1.8,37.744,15.047,2.39,31,0.16,35,0.2,0.2
2019-07-21 08:04:25,1.1,0.9,37.709,14.887,1.55,8,0.24,120,0.9,0.5
2019-07-21 10:48:08,1.3,1.2,37.697,14.967,0.85,15,0.08,56,0.6,0.3
2019-07-21 11:35:42,1.2,1,37.756,15.014,3.45,15,0.11,133,0.4,0.3
2019-07-21 13:06:24,1.3,1.2,37.738,15.088,5.85,20,0.14,65,0.3,0.3
2019-07-21 13:54:59,0.8,0.8,37.747,15.003,1.59,10,0.14,139,1.5,0.4
2019-07-21 21:54:23,0.9,0.9,37.711,14.952,7.7,10,0.21,134,1,0.7
2019-07-21 23:10:23,1.2,1.2,37.606,14.965,3.08,12,0.11,156,0.4,0.4
2019-07-21 23:56:38,1.3,1.3,37.758,14.984,18.26,11,0.17,124,1,0.9
2019-07-22 00:00:16,1.8,1.8,37.639,14.879,13.24,12,0.13,211,0.8,1.1
2019-07-22 06:33:43,1.4,1.3,37.749,15.122,9.33,15,0.1,144,0.6,0.7
2019-07-22 11:46:45,2.5,2.5,37.65,15.177,9.68,32,0.21,161,0.3,0.4
2019-07-22 11:47:18,1.5,1.5,37.649,15.182,8.8,11,0.13,241,0.9,1
2019-07-22 11:50:18,1.2,1.2,37.655,15.148,12.28,10,0.2,163,0.9,1.4
2019-07-22 11:51:18,1.7,1.6,37.649,15.185,10.51,19,0.15,245,0.7,0.9
2019-07-22 12:18:15,1.5,1.5,37.632,15.189,13.54,14,0.18,274,1,1.1
2019-07-22 12:21:34,1.8,1.7,37.655,15.173,10.55,18,0.15,207,0.6,0.8
2019-07-22 14:30:46,1.2,1,37.659,14.946,1.72,9,0.12,161,0.4,0.5
2019-07-22 23:28:48,1,1,37.694,14.965,4.03,14,0.11,58,0.3,0.4
2019-07-23 05:09:44,2,2,37.773,14.834,9.14,29,0.15,157,0.4,0.4
2019-07-23 05:13:16,1,1.1,37.773,14.833,9.06,10,0.07,182,1,0.7
2019-07-23 05:13:27,1.3,1.3,37.767,14.836,11.14,10,0.07,168,1,0.8
2019-07-23 05:14:09,1.2,1.2,37.773,14.838,7.69,11,0.07,174,1.1,0.7
2019-07-23 05:29:14,1.2,1.5,37.785,14.855,7.13,11,0.21,161,0.8,0.5
2019-07-23 05:29:58,1.6,1.6,37.776,14.822,9.74,15,0.16,208,0.6,0.7
2019-07-23 05:34:16,1.1,1.2,37.764,14.823,10.65,10,0.12,192,1,0.8
2019-07-23 05:36:40,1.7,1.8,37.771,14.825,7.87,28,0.16,170,0.4,0.4
2019-07-23 05:51:53,0.9,0.8,37.741,14.853,11.36,9,0.16,158,1,0.7
2019-07-23 05:54:09,0.9,1,37.766,14.832,8.28,10,0.08,173,1,0.7
2019-07-23 05:59:11,1.7,1.7,37.77,14.845,7.09,18,0.1,156,0.7,0.5
2019-07-23 06:20:52,0.7,0.9,37.76,14.829,11.92,8,0.09,167,1.3,1
2019-07-23 06:25:33,1.2,1.4,37.751,14.83,10.02,12,0.13,142,0.7,0.6
2019-07-23 06:26:02,1.6,1.6,37.756,14.826,10.37,14,0.18,162,0.7,0.6
2019-07-23 06:29:58,2.1,2.3,37.764,14.81,9.17,32,0.18,203,0.3,0.4
2019-07-23 06:36:13,1.9,2,37.768,14.828,8.52,28,0.1,161,0.7,0.4
2019-07-23 06:43:11,0.9,1.2,37.769,14.841,5.06,10,0.14,162,1.3,0.6
2019-07-23 06:43:30,1.4,1.7,37.757,14.817,8.44,24,0.14,180,0.4,0.4
2019-07-23 06:49:08,1.2,1.2,37.773,14.843,5.35,12,0.1,165,0.5,0.5
2019-07-23 06:58:08,1.5,1.7,37.771,14.828,6.48,25,0.12,164,0.5,0.4
2019-07-23 07:09:41,1.3,1.3,37.778,14.832,7.59,12,0.09,190,1,0.6
2019-07-23 07:21:44,1.3,1.3,37.771,14.823,8.74,11,0.1,201,1.2,0.7
2019-07-23 07:24:21,1.5,1.8,37.77,14.83,8.17,21,0.09,160,0.7,0.4
2019-07-23 07:26:39,1,1,37.751,14.824,13.84,9,0.16,145,0.9,1.4
2019-07-23 07:31:44,1.2,1.1,37.765,14.829,9.23,8,0.02,178,1.3,0.7
2019-07-23 07:41:53,1.6,1.6,37.765,14.844,7.4,15,0.11,148,0.9,0.5
2019-07-23 07:58:52,1.6,1.5,37.751,14.834,12.83,9,0.15,143,1,1
2019-07-23 08:03:08,2,2.1,37.767,14.834,8.16,21,0.14,172,0.6,0.4
2019-07-23 08:24:53,0.9,0.9,37.761,14.849,5.75,8,0.13,135,0.7,0.7
2019-07-23 08:46:52,1.5,1.5,37.746,14.824,11.5,11,0.14,173,0.8,0.6
2019-07-23 09:04:41,1.2,1.2,37.767,14.831,9.69,11,0.07,178,0.9,0.6
2019-07-23 09:13:41,0.9,0.9,37.767,14.845,8.04,8,0.07,152,1.2,0.6
2019-07-23 10:24:28,2.3,2.4,37.76,14.823,9.05,38,0.2,121,0.2,0.3
2019-07-23 10:28:13,0.7,0.6,37.773,14.838,7.11,7,0.08,172,1.3,0.7
2019-07-23 10:30:48,1.9,1.9,37.778,14.839,6.67,23,0.14,154,0.8,0.4
2019-07-23 11:09:48,0.9,0.8,37.765,14.836,9.95,8,0.06,165,1.1,0.7
2019-07-23 11:36:19,1.3,1.2,37.778,14.837,6.98,13,0.13,157,1.1,0.6
2019-07-23 13:38:56,1.5,1.4,37.767,14.834,7.97,15,0.08,149,0.8,0.5
2019-07-23 14:09:36,1,1,37.765,14.825,10.5,8,0.05,190,1.1,0.8
2019-07-23 14:54:48,1,0.9,37.763,14.851,4.8,10,0.15,137,0.9,0.5
2019-07-23 17:48:32,1.2,1.2,37.745,14.824,11.51,8,0.17,170,0.6,0.9
2019-07-23 17:57:18,1.3,1.3,37.756,14.832,10.06,10,0.1,150,0.8,0.6
2019-07-23 18:41:13,1.3,1.3,37.766,14.844,6.91,13,0.09,152,0.9,0.5
2019-07-23 23:13:23,1.3,1.3,37.84,14.872,8.13,13,0.11,154,0.6,0.5
2019-07-23 23:40:33,1.3,1.3,37.774,14.848,7.82,10,0.17,158,1.3,0.6
2019-07-23 23:40:44,1.2,1.2,37.768,14.857,4.79,8,0.11,137,0.9,0.5
2019-07-24 02:55:13,1,0.8,37.742,15.046,2.64,17,0.14,63,0.8,0.4
2019-07-24 03:04:56,1.3,1.2,37.746,15.047,2.18,21,0.12,78,0.2,0.3
2019-07-24 03:07:51,1,0.7,37.743,15.055,4.35,17,0.14,69,0.3,0.3
2019-07-24 05:55:03,0.8,0.6,37.673,14.96,4.87,11,0.13,218,0.5,0.9
2019-07-24 16:18:06,0.9,0.8,37.736,15.134,7.05,10,0.09,155,0.9,0.7
2019-07-24 23:46:13,1,0.9,37.604,14.976,8.08,7,0.09,227,1,1.3
2019-07-25 00:20:48,1.6,1.5,37.726,15.125,6.82,24,0.19,90,0.5,0.3
2019-07-25 05:47:53,1.2,1.1,37.62,14.971,5.61,10,0.03,236,0.7,0.9
2019-07-25 08:27:47,0.9,0.7,37.799,15.057,1.81,7,0.16,128,0.8,0.4
2019-07-25 09:49:11,1.1,1,37.759,15.061,4.18,9,0.13,171,0.8,0.5
2019-07-25 12:16:32,1,0.9,37.741,15.116,6.6,9,0.18,117,1.2,0.8
2019-07-25 13:47:29,2.7,2.8,37.744,15.053,4.3,32,0.12,43,0.3,0.1
2019-07-25 13:51:30,0.9,0.8,37.752,15.064,6.4,8,0.11,122,1,0.5
2019-07-25 14:30:53,0.7,0.7,37.723,15.063,7.62,8,0.08,187,1,0.9
2019-07-25 14:35:15,0.7,0.6,37.743,15.064,5.02,13,0.14,76,0.7,0.5
2019-07-25 16:05:46,1,0.8,37.748,15.073,4.11,17,0.12,62,0.4,0.3
2019-07-25 18:29:56,0.8,0.6,37.719,15.031,4.37,9,0.06,123,0.8,0.7
2019-07-25 18:44:02,1,0.9,37.766,14.821,10.02,9,0.07,200,0.9,0.8
2019-07-25 18:50:33,1.2,1.2,37.603,14.897,11.08,10,0.12,131,0.9,1.1
2019-07-26 00:26:56,0.5,0.5,37.698,14.996,5.35,7,0.09,124,1.5,1.2
2019-07-26 01:45:26,0.6,0.6,37.736,15.067,4.58,10,0.07,122,0.7,0.5
2019-07-26 01:53:00,1.3,1.3,37.735,15.077,4,34,0.21,51,0.2,0.2
2019-07-26 04:26:44,0.7,0.6,37.734,15.066,4.11,18,0.11,88,0.3,0.3
2019-07-26 15:59:55,0.4,0.4,37.705,15.075,3.43,7,0.05,157,1.3,0.6
2019-07-26 17:38:12,0.6,0.6,37.73,14.95,0.73,8,0.24,87,4.7,0.3
2019-07-26 18:48:10,1.4,1.4,37.75,15.028,3.63,19,0.12,47,0.2,0.2
2019-07-26 19:43:16,0.9,0.9,37.754,15.031,3.67,15,0.13,99,0.3,0.2
2019-07-26 20:29:40,1.1,1.1,37.752,15.031,4.67,16,0.13,45,1.1,0.2
2019-07-26 22:45:30,0.7,0.7,37.74,15.03,4.68,11,0.09,125,1,0.3
2019-07-27 00:18:47,0.5,0.5,37.692,14.982,3.27,10,0.12,128,0.5,0.7
2019-07-27 00:19:11,0.2,0.2,37.691,14.984,2.42,7,0.04,161,1.1,1.2
2019-07-28 11:39:05,0.7,0.8,37.685,15.082,6.05,7,0.01,196,1.4,1.4
2019-07-28 12:29:20,0.7,0.7,37.673,14.949,4.71,6,0.04,110,1.4,0.9
2019-07-28 20:04:52,1,1,37.673,14.952,5.32,7,0.03,107,1.2,0.5
2019-07-28 20:33:27,0.8,0.8,37.699,14.968,4.06,6,0.04,198,1.1,1.4
2019-07-29 04:25:25,0.6,0.8,37.677,15.137,2.52,6,0.05,197,1.1,0.7
2019-07-29 06:54:41,1.6,1.6,37.77,14.844,6.47,12,0.05,139,1.4,0.6
2019-07-29 22:36:02,1.1,1,37.77,14.824,8.48,8,0.07,198,1.2,0.7
2019-07-30 02:23:32,0.7,0.7,37.735,15.04,3.87,14,0.1,89,0.2,0.3
2019-07-30 10:09:48,1,0.8,37.742,15.034,4.12,14,0.08,96,0.4,0.4
2019-07-30 15:42:58,0.6,0.3,37.798,15.077,1.57,7,0.24,204,0.8,0.6
2019-07-30 15:47:13,1.1,1.1,37.757,15.067,3.55,10,0.14,86,0.4,0.3
2019-07-30 16:56:43,2.1,2.1,37.749,15.054,4.42,31,0.19,30,0.4,0.2
2019-07-30 22:56:42,1,0.7,37.687,14.922,0.02,7,0.18,104,0.9,0.3
2019-07-30 23:11:05,1.2,0.8,37.678,14.973,-1.54,7,0.2,210,0.7,0.5
2019-07-30 23:34:41,1,1.1,37.686,15.076,3.08,23,0.23,87,0.4,0.2
2019-07-30 23:49:48,1,1.2,37.761,14.816,10.19,8,0.1,214,1.3,1
2019-07-31 01:29:44,0.8,0.6,37.685,15.092,3.09,12,0.13,127,0.7,0.4
2019-07-31 01:57:53,1.1,0.8,37.646,14.95,9,8,0.12,85,1.6,1
2019-07-31 07:57:01,0.6,0.6,37.706,15.076,3.98,9,0.06,159,0.7,0.5
2019-07-31 08:03:03,0.8,0.8,37.696,15.083,3.46,10,0.12,157,0.5,0.6
2019-07-31 23:02:45,0.6,0.4,37.685,15.081,2.12,8,0.16,182,0.6,0.5
2019-08-01 03:43:14,0.9,0.9,37.718,14.988,5.43,14,0.12,71,0.6,0.3
2019-08-01 07:33:01,1.3,1,37.798,15.06,-1.58,7,0.11,139,0.5,0.2
2019-08-01 09:31:55,1.2,1.2,37.771,14.831,9.07,9,0.03,183,1.3,1
2019-08-01 11:12:20,1.2,1.2,37.772,14.839,7.5,7,0.03,170,3.7,1.7
2019-08-01 20:25:21,0.8,0.8,37.769,14.845,6.67,8,0.09,156,2.1,0.8
2019-08-01 21:20:21,0.7,0.7,37.737,15.109,5.16,9,0.08,174,0.6,0.8
2019-08-01 23:49:18,0.4,0.4,37.801,14.981,2.79,6,0.07,121,2.3,0.7
2019-08-02 03:42:59,1.2,1.1,37.776,14.843,7.85,9,0.08,170,1.1,0.8
2019-08-02 04:08:44,1.5,1.5,37.651,14.955,-0.22,11,0.18,148,0.6,0.3
2019-08-02 05:25:13,1.5,1.4,37.644,14.942,1.8,9,0.14,95,1.2,0.3
2019-08-02 06:25:30,1.8,0.6,37.685,14.946,3.53,7,0.11,163,1.2,0.9
2019-08-02 12:21:23,1,0.8,37.75,15.056,4.11,12,0.12,109,0.7,0.4
2019-08-03 07:56:06,1.8,1.6,37.752,15.08,6.28,22,0.14,59,0.3,0.2
2019-08-03 11:58:34,1.5,1.3,37.745,15.113,6.45,14,0.12,102,0.4,0.3
2019-08-04 03:57:47,0.8,0.5,37.738,15.045,1.72,17,0.15,105,0.5,0.3
2019-08-05 10:07:51,0.7,0.4,37.735,15.102,5.15,8,0.21,200,0.6,0.9
2019-08-05 21:05:06,2.1,2.1,37.757,15.13,9.14,22,0.15,57,0.4,0.4
2019-08-05 22:11:38,1.5,1.5,37.745,14.932,30.15,18,0.18,95,0.9,1
2019-08-05 22:38:42,1.8,1.7,37.737,15.092,5.79,27,0.16,82,0.3,0.3
2019-08-05 23:31:34,1,1,37.735,15.083,9.45,17,0.16,99,0.6,0.7
2019-08-06 01:14:57,1.6,1.5,37.742,15.087,5.39,24,0.2,60,0.4,0.3
2019-08-06 01:16:07,0.9,0.8,37.737,15.073,7.55,15,0.14,110,0.5,0.5
2019-08-06 01:17:33,0.8,0.7,37.735,15.084,6,14,0.16,103,0.5,0.5
2019-08-06 02:08:31,1,0.7,37.732,15.097,6.95,13,0.11,161,0.5,0.6
2019-08-06 03:07:04,1.5,1.5,37.739,15.086,6.72,19,0.14,67,0.4,0.4
2019-08-06 04:16:34,1.2,1.1,37.73,15.094,6.76,14,0.11,105,0.6,0.7
2019-08-06 14:48:15,1.2,1.2,37.735,15.09,5.97,14,0.14,83,0.6,0.7
2019-08-06 15:21:01,0.9,0.8,37.741,15.102,5.16,11,0.12,170,0.5,0.5
2019-08-06 16:17:50,1.4,1.2,37.728,14.92,9.42,13,0.16,92,0.6,0.3
2019-08-07 03:31:49,1,0.8,37.696,14.964,3.38,10,0.12,103,0.5,0.3
2019-08-07 05:32:24,1.2,1,37.658,14.967,6.04,11,0.12,156,0.8,0.6
2019-08-07 08:58:28,1.5,1.4,37.738,15.087,5.95,19,0.14,63,0.2,0.2
2019-08-07 08:59:01,1.7,1.5,37.74,15.086,5.89,20,0.15,72,0.2,0.2
2019-08-07 13:36:32,1.3,1,37.736,14.994,4.01,14,0.1,65,0.3,0.2
2019-08-07 16:41:00,0.7,0.7,37.741,15.084,4.03,12,0.11,94,0.4,0.6
2019-08-07 21:24:01,1.3,1.3,37.734,14.937,0.09,18,0.23,89,0.3,0.2
2019-08-08 10:00:57,1.8,1.7,37.744,15.052,3.95,27,0.15,39,0.1,0.1
2019-08-08 18:12:32,0.7,0.4,37.717,15.072,1.83,8,0.15,161,0.6,1
2019-08-09 11:00:08,1.1,1.1,37.675,15.024,4.74,9,0.14,127,1,0.5
2019-08-09 15:36:26,0.9,0.9,37.723,15,8.81,6,0.08,101,5.7,2.1
2019-08-09 20:28:06,0.8,0.8,37.676,15.093,3.4,6,0.05,163,1.2,0.4
2019-08-10 01:36:45,0.8,0.8,37.718,15.093,8.69,6,0.03,187,1,2.8
2019-08-10 16:46:25,0.9,0.9,37.754,15.058,4.51,12,0.13,130,0.7,0.3
2019-08-10 19:29:31,1.6,1.6,37.752,14.977,6.33,21,0.18,46,0.6,0.2
2019-08-11 07:11:12,0.8,0.6,37.724,14.912,2.19,9,0.16,140,0.5,0.6
2019-08-11 13:17:07,1,0.8,37.734,15.113,4.23,10,0.14,209,0.5,0.8
2019-08-11 13:22:45,1,0.9,37.668,15.101,8.69,14,0.29,139,0.8,0.6
2019-08-11 21:38:51,0.8,0.5,37.758,15.117,5.91,10,0.14,114,0.7,0.7
2019-08-11 21:40:18,1.6,1.5,37.756,15.122,3.37,33,0.2,72,0.3,0.2
2019-08-12 07:56:48,0.9,0.9,37.73,15.085,6.01,8,0.17,114,0.9,0.5
2019-08-12 22:04:47,0.3,0.3,37.747,15.037,0.42,7,0.12,197,2.1,0.6
2019-08-13 09:47:01,1,0.9,37.715,15.119,6.32,11,0.15,159,1,0.7
2019-08-13 14:29:13,0.8,0.6,37.67,15.141,2.01,10,0.13,192,0.5,0.7
2019-08-14 01:06:06,0.2,0.2,37.797,15.068,-1.6,7,0.23,171,0.5,0.3
2019-08-14 02:08:14,0.4,0.4,37.738,15.085,3.44,8,0.13,117,0.5,0.7
2019-08-14 04:01:00,0.7,0.7,37.7,15.088,2.07,7,0.14,156,0.5,0.4
2019-08-14 16:07:15,1.4,1.4,37.662,15.058,10.4,8,0.08,216,1.1,1.2
2019-08-15 09:47:57,1.3,1.2,37.785,15.122,12.99,20,0.18,77,0.8,0.7
2019-08-15 11:27:32,0.8,0.6,37.801,15.048,0.26,9,0.2,102,0.5,0.2
2019-08-15 16:08:20,1.6,1.4,37.745,14.842,4.4,28,0.2,109,0.3,0.4
2019-08-15 20:29:05,1.7,1.6,37.672,14.843,18.2,27,0.25,168,0.7,0.6
2019-08-16 02:46:37,1,0.8,37.797,15.062,0.25,7,0.09,147,0.8,0.5
2019-08-16 13:12:21,1.2,1.1,37.737,14.84,5.16,12,0.11,132,0.5,0.4
2019-08-16 20:39:32,1,0.8,37.724,15.088,4.8,10,0.15,95,0.6,0.4
2019-08-16 21:08:46,1,0.8,37.735,15.098,5.2,11,0.13,92,0.6,0.4
2019-08-17 05:01:38,1.4,1.4,37.796,14.998,27.49,11,0.17,126,1.5,1
2019-08-17 06:03:22,1.5,1.5,37.796,15.008,26.91,11,0.17,127,1.6,1.3
2019-08-17 10:58:16,0.6,0.6,37.674,15.089,1.66,6,0.04,223,1.6,1.2
2019-08-17 14:23:39,0.6,0.6,37.829,14.989,2.08,6,0.08,214,1.1,0.9
2019-08-18 02:52:05,1.2,1.2,37.829,15.044,25.3,10,0.18,177,0.7,1.3
2019-08-18 13:46:15,1,1,37.736,15.054,6.34,8,0.08,118,1.8,1.2
2019-08-18 16:23:44,0.7,0.7,37.742,15.097,5.83,6,0.11,156,1.3,1.6
2019-08-18 16:48:24,0.5,0.5,37.795,15.051,-1.53,7,0.17,134,0.4,0.2
2019-08-18 19:22:07,0.4,0.4,37.689,14.976,2.91,6,0.11,129,1,1.3
2019-08-18 21:05:10,1.3,1.3,37.714,14.991,8.11,19,0.13,79,0.6,0.4
2019-08-18 21:57:28,1.3,1.3,37.712,14.986,8.56,17,0.09,81,0.7,0.5
2019-08-19 02:27:24,0.3,0.3,37.728,15.067,2.84,7,0.03,203,0.7,0.6
2019-08-20 02:45:36,1.1,1.1,37.752,15.112,7.09,12,0.17,82,0.8,0.5
2019-08-20 18:51:00,1.8,1.7,37.701,15.071,8.56,24,0.14,73,0.4,0.3
2019-08-20 18:52:19,1.3,1.1,37.7,15.062,9.57,10,0.16,110,1.3,1.2
2019-08-20 18:54:17,1.1,0.8,37.659,14.904,4.17,7,0.13,116,1,0.5
2019-08-21 00:51:22,1.1,0.9,37.703,14.995,4.22,11,0.11,111,0.5,0.5
2019-08-21 10:22:37,1,1,37.675,14.982,9.24,7,0.17,100,1,1.4
2019-08-21 11:44:40,3,2.9,37.709,15.085,5,36,0.2,96,0.2,0.2
2019-08-21 11:49:08,0.8,0.8,37.736,15.096,5.05,10,0.16,88,0.5,0.4
2019-08-21 21:25:00,0.7,0.7,37.803,15.064,0.22,6,0.17,176,0.7,0.7
2019-08-21 22:13:07,0.9,0.9,37.696,14.984,2.71,10,0.12,87,0.5,0.5
2019-08-21 23:48:36,0.8,0.8,37.678,14.987,4,10,0.07,203,0.6,1.1
2019-08-22 00:25:57,0.6,0.6,37.799,15.06,-0.22,6,0.16,142,1,0.6
2019-08-22 01:23:31,0.5,0.4,37.691,14.95,2.75,6,0.08,269,1.2,1.8
2019-08-22 02:50:40,0.7,0.7,37.676,14.968,5.79,7,0.07,147,1.1,1.1
2019-08-22 03:28:51,0.8,0.8,37.715,15.023,4.81,12,0.09,114,0.5,0.4
2019-08-22 03:44:48,0.6,0.6,37.697,14.981,2.37,7,0.09,156,0.8,0.8
2019-08-22 05:42:07,0.9,0.7,37.8,15.055,0.33,8,0.11,119,0.6,0.4
2019-08-22 09:27:08,1.1,0.9,37.8,15.061,0.66,9,0.06,153,2.2,0.4
2019-08-22 16:44:31,0.9,0.7,37.694,14.975,1.73,9,0.14,134,0.4,0.4
2019-08-22 22:10:59,1,1,37.556,14.878,1.17,8,0.04,179,0.8,0.7
2019-08-23 01:23:52,1,1.1,37.758,15.013,4.72,8,0.1,199,1.2,0.6
2019-08-23 02:23:12,1.4,1.2,37.744,14.958,8.66,19,0.15,44,0.6,0.3
2019-08-23 06:06:03,1.2,1,37.743,15.092,6.69,13,0.14,79,0.5,0.4
2019-08-25 16:35:22,1.3,1.2,37.734,15.082,4.23,21,0.19,67,0.3,0.3
2019-08-25 16:36:13,2.8,2.9,37.74,15.081,4.89,31,0.16,47,0.2,0.2
2019-08-25 16:37:11,1.6,1.6,37.742,15.085,4.93,13,0.1,85,0.3,0.3
2019-08-25 16:38:20,1.2,1.1,37.737,15.083,5.48,10,0.13,105,0.5,0.4
2019-08-25 16:38:35,1.4,1.2,37.74,15.079,5.74,13,0.15,72,0.5,0.3
2019-08-25 17:05:55,1.3,1.2,37.739,15.085,5.45,11,0.13,82,0.4,0.3
2019-08-25 17:23:11,1.9,1.8,37.739,15.082,6.03,19,0.13,54,0.3,0.2
2019-08-25 17:23:38,1.1,1.4,37.697,14.97,0.02,6,0.16,244,1.5,1.3
2019-08-25 17:27:26,2.5,2.4,37.741,15.086,5.32,29,0.2,73,0.2,0.2
2019-08-25 17:30:15,1,1.1,37.725,15.116,7.33,11,0.19,219,0.8,0.7
2019-08-25 17:39:40,1.8,1.7,37.737,15.097,5.55,31,0.2,88,0.4,0.2
2019-08-25 17:42:03,1.4,1.3,37.738,15.087,4.98,21,0.15,64,0.5,0.3
2019-08-25 18:38:53,1,1,37.751,15.143,8.1,9,0.16,299,0.8,1.2
2019-08-25 18:41:52,0.8,0.7,37.757,15.008,2.68,12,0.12,146,1.2,0.4
2019-08-25 19:10:51,1,0.9,37.75,15.015,1.5,25,0.19,48,0.4,0.2
2019-08-25 19:38:40,1,0.9,37.735,15.095,6.12,18,0.18,86,0.5,0.3
2019-08-25 19:54:51,1.5,1.4,37.741,15.091,5.01,28,0.18,78,0.4,0.2
2019-08-25 20:09:33,1.3,1.1,37.736,15.09,4.2,23,0.18,80,0.2,0.2
2019-08-25 22:04:27,1,0.9,37.738,15.085,6.09,12,0.17,97,0.8,0.7
2019-08-26 11:31:54,1,1,37.731,15.103,5.62,13,0.14,193,0.8,0.7
2019-08-26 13:37:10,1.3,1.1,37.736,15.124,5.16,16,0.16,117,0.5,0.4
2019-08-26 15:08:03,1,0.9,37.737,15.054,5.24,11,0.08,138,1.2,0.8
2019-08-26 18:43:08,1,0.9,37.742,15.054,2.85,20,0.14,90,0.7,0.3
2019-08-27 01:44:04,1,0.8,37.736,15.092,5.1,15,0.21,83,0.6,0.4
2019-08-27 23:54:25,0.8,0.6,37.72,15.063,2.8,12,0.2,117,0.5,0.3
2019-08-29 13:44:47,1,0.9,37.746,15.031,5.14,14,0.09,104,0.8,0.4
2019-08-29 19:11:10,2,1.9,37.753,15.003,1.28,29,0.14,48,0.2,0.1
2019-08-29 19:17:52,1.3,1.2,37.75,15.009,0.72,26,0.13,46,0.2,0.1
2019-08-29 19:35:35,1.3,1.2,37.752,15.007,0.47,20,0.16,46,0.3,0.1
2019-08-29 21:11:04,1.5,1.4,37.757,14.998,1.94,17,0.15,71,0.5,0.3
2019-08-30 00:07:47,1.3,1.2,37.645,14.968,0.01,11,0.19,78,0.9,0.3
2019-08-30 01:23:12,1,0.9,37.754,15.002,1.4,13,0.08,154,0.9,0.3
2019-08-30 02:43:51,1,0.9,37.756,15.005,1.28,13,0.11,119,0.7,0.3
2019-08-30 16:41:51,1,0.8,37.663,14.965,4.97,9,0.07,241,0.7,1.1
2019-08-30 21:44:43,1.2,0.9,37.756,15.115,7.07,11,0.08,85,0.8,0.6
2019-08-31 02:30:31,0.9,0.7,37.751,14.996,0.58,16,0.07,110,2,0.2
2019-08-31 14:04:54,1.1,0.9,37.745,15.055,3.23,10,0.15,137,1.9,0.9
2019-08-31 16:28:53,1,0.8,37.735,15.062,3.95,9,0.11,127,0.5,0.8
2019-09-01 01:37:12,1.1,1.1,37.739,14.97,6.13,9,0.3,235,0.8,1
2019-09-01 02:54:24,1,0.7,37.756,15.07,3.22,12,0.14,66,0.7,0.4
2019-09-01 02:57:21,1.2,1.2,37.774,14.822,8.51,15,0.14,178,0.5,0.5
2019-09-01 05:25:23,1,1,37.749,15.038,6.7,11,0.08,89,1,0.4
2019-09-01 05:48:29,0.8,0.7,37.753,15.008,-0.45,12,0.16,89,2.6,0.2
2019-09-01 07:13:06,1,0.8,37.679,14.898,0.02,6,0.18,171,0.8,0.5
2019-09-01 12:36:21,1.3,1.3,37.753,14.994,1.5,23,0.08,49,0.3,0.2
2019-09-01 14:12:12,1.1,1.2,37.729,15.073,7.89,10,0.09,164,0.9,0.7
2019-09-01 18:37:44,0.8,0.8,37.756,14.999,0.11,11,0.12,111,0.4,0.4
2019-09-01 19:36:38,0.8,0.8,37.735,15.067,2.97,12,0.11,87,0.5,0.3
2019-09-01 20:23:52,0.9,0.9,37.713,15.069,6.07,13,0.09,157,0.7,0.7
2019-09-01 21:53:47,1,0.8,37.75,15.004,1.36,12,0.14,88,0.7,0.2
2019-09-01 22:18:06,1.5,1.3,37.754,14.994,1.46,24,0.09,53,0.3,0.1
2019-09-01 22:29:24,0.8,0.9,37.715,15.144,3.43,8,0.11,243,0.8,1.1
2019-09-01 23:06:16,1,0.8,37.754,14.996,0.88,16,0.12,76,0.4,0.2
2019-09-01 23:58:37,1,1,37.739,15.005,2.33,10,0.14,188,0.4,0.6
2019-09-02 01:33:17,1.5,1.2,37.669,14.991,0.01,10,0.17,190,0.4,0.3
2019-09-02 01:34:18,1.2,0.8,37.677,14.983,0.49,8,0.1,214,1.4,0.8
2019-09-02 02:07:33,1.7,1.5,37.755,15.002,2.18,31,0.13,49,0.1,0.2
2019-09-02 02:12:50,0.8,0.8,37.754,15.002,1.44,10,0.2,81,0.7,0.3
2019-09-02 02:24:34,0.7,0.6,37.755,14.997,-0.43,10,0.14,184,2.2,0.8
2019-09-02 02:36:17,0.8,0.6,37.758,15,1.66,11,0.11,75,0.4,0.4
2019-09-02 02:39:01,1.3,1.4,37.752,15.004,1.59,10,0.1,85,0.9,0.5
2019-09-02 02:39:31,1,0.8,37.754,15.005,0.11,11,0.1,84,0.4,0.3
2019-09-02 02:59:19,0.7,0.7,37.751,15.014,-0.26,8,0.14,160,0.7,0.5
2019-09-02 02:59:45,0.8,0.7,37.756,15.002,1.07,10,0.08,79,0.8,0.4
2019-09-02 03:08:18,0.7,0.7,37.748,15.004,0.7,12,0.12,103,1,0.4
2019-09-02 03:46:33,0.8,0.9,37.784,14.994,2.37,7,0.18,144,0.4,0.8
2019-09-02 03:47:06,0.9,0.8,37.757,15.024,3.38,12,0.12,108,0.4,0.3
2019-09-02 11:42:04,1.2,1.1,37.754,14.995,0.85,17,0.09,73,0.7,0.2
2019-09-02 18:20:40,1,0.8,37.751,14.997,0.9,19,0.12,90,0.4,0.2
2019-09-02 20:32:12,1.4,1.2,37.754,14.994,1.6,26,0.08,53,0.3,0.1
2019-09-02 20:46:54,1.2,1,37.754,14.993,1.42,19,0.08,53,0.3,0.2
2019-09-02 21:53:14,1.8,1.7,37.569,15.104,18.3,16,0.25,136,0.9,0.6
2019-09-02 21:56:25,1.1,0.9,37.656,14.94,7.22,8,0.07,93,1.3,0.9
2019-09-03 02:36:52,0.9,0.8,37.755,14.995,0.97,8,0.11,136,1.1,0.4
2019-09-03 14:11:40,1.5,1.4,37.717,14.935,-1.56,15,0.13,89,0.8,0.2
2019-09-03 16:11:46,0.8,0.9,37.742,15.025,0.88,7,0.12,178,1.5,0.9
2019-09-03 18:45:26,0.8,0.9,37.756,15,0.2,6,0.01,183,1.3,1.5
2019-09-03 23:15:19,1.5,1.5,37.74,15.041,3.75,32,0.18,45,0.3,0.2
2019-09-03 23:17:25,1.2,1.2,37.739,15.046,6.26,25,0.09,43,0.5,0.3
2019-09-04 00:16:56,1.4,1.5,37.737,15.048,5.26,23,0.13,41,0.5,0.3
2019-09-04 00:30:54,1.1,1.1,37.749,15.005,1.06,19,0.12,54,0.6,0.2
2019-09-04 00:46:13,1.6,1.5,37.634,14.958,8.7,18,0.17,73,0.5,0.4
2019-09-04 00:48:24,1.2,1.1,37.639,14.948,8.74,10,0.11,98,1,0.6
2019-09-04 00:54:37,1.2,1.2,37.626,14.961,7.96,10,0.17,96,0.8,0.5
2019-09-04 00:57:18,1.7,1.5,37.627,14.968,6.78,19,0.19,71,0.6,0.3
2019-09-04 01:26:49,1.5,1.5,37.636,14.953,7.87,17,0.18,75,0.5,0.3
2019-09-04 02:21:05,1.3,1.4,37.745,15.004,1.25,13,0.18,93,0.8,0.3
2019-09-04 02:36:32,1.3,1.4,37.632,14.956,9.93,13,0.11,99,0.7,0.5
2019-09-04 02:37:20,1.1,1.2,37.631,14.955,8.04,13,0.11,71,0.7,0.6
2019-09-04 03:42:39,1.7,1.6,37.633,14.958,9.08,15,0.16,72,0.5,0.4
2019-09-04 03:44:38,1.2,1.2,37.625,14.965,7.11,17,0.23,104,0.7,0.3
2019-09-04 06:38:04,1.6,1.6,37.625,14.972,9.82,12,0.19,184,0.6,0.5
2019-09-04 07:29:59,0.8,0.9,37.735,15.047,4.91,10,0.09,231,1.1,1.1
2019-09-04 07:32:09,1,1.1,37.728,15.034,4.72,10,0.09,245,1.5,1.1
2019-09-04 07:49:55,1.2,1.2,37.736,15.05,5.89,13,0.11,74,0.9,0.5
2019-09-04 08:06:49,1.2,1,37.749,15.006,0.13,16,0.09,90,0.3,0.2
2019-09-04 08:44:30,1.3,1.3,37.632,14.952,10.24,12,0.08,106,0.7,0.7
2019-09-04 09:46:02,0.8,0.9,37.751,15.009,0,10,0.08,197,0.6,0.4
2019-09-04 11:32:48,1.1,1.2,37.736,15.13,9.39,9,0.12,193,0.8,0.7
2019-09-04 11:57:49,1.2,1.3,37.735,15.061,6.55,8,0.05,127,1.6,1.2
2019-09-04 13:19:04,1,0.9,37.752,15.007,0.1,12,0.03,61,0.4,0.2
2019-09-04 14:04:00,1.3,1.2,37.752,15.006,1.58,18,0.1,52,0.5,0.2
2019-09-04 14:10:12,1,1,37.75,15.008,0.06,7,0.02,162,0.6,0.4
2019-09-04 15:42:03,2,2,37.881,14.976,26.74,22,0.17,74,0.3,0.5
2019-09-04 15:52:23,3.1,3.2,37.894,14.976,27.41,32,0.16,77,0.3,0.4
2019-09-04 16:49:18,1.6,1.6,37.756,15.006,0.36,19,0.11,54,0.9,0.2
2019-09-04 16:51:30,1.5,1.4,37.74,14.997,4.07,9,0.17,117,1.5,0.9
2019-09-04 16:52:39,1.6,1.5,37.758,15.005,0.82,14,0.1,57,1.9,0.3
2019-09-04 17:14:42,1,1,37.758,15.009,1.18,7,0.09,183,2.8,0.8
2019-09-04 17:26:02,1.2,1.2,37.75,14.995,4.44,9,0.13,194,1.1,0.8
2019-09-04 17:36:09,0.9,0.9,37.752,15.037,2.77,9,0.07,128,2.1,0.5
2019-09-04 20:53:03,1.1,1.1,37.754,15.005,-0.08,15,0.11,59,0.5,0.2
2019-09-04 23:59:47,1.1,1.1,37.757,15.001,1.65,6,0.03,181,1.5,1
2019-09-05 00:07:43,1.2,1.2,37.742,15.085,9.18,9,0.1,139,1.2,0.8
2019-09-05 02:24:02,1.4,1.4,37.734,15.152,8.23,19,0.2,156,0.5,0.4
2019-09-05 02:59:55,1.3,1.3,37.753,14.997,1.99,23,0.11,56,0.3,0.2
2019-09-05 04:51:44,0.7,1,37.755,15.007,0.77,9,0.1,189,0.8,0.5
2019-09-05 04:51:48,1.5,1.5,37.754,15.003,1.06,26,0.13,58,0.2,0.1
2019-09-05 05:41:54,1,1,37.754,15.005,0.99,9,0.09,190,0.7,0.5
2019-09-05 07:37:00,1.3,1.3,37.755,14.995,1.54,18,0.1,83,0.3,0.2
2019-09-05 10:06:07,1.2,1.2,37.752,15.005,1.56,19,0.08,60,0.3,0.2
2019-09-05 12:15:32,1.3,1.2,37.751,15.004,1.94,20,0.12,60,0.3,0.2
2019-09-05 16:34:19,1.1,0.8,37.721,14.945,-1.56,9,0.18,76,0.6,0.3
2019-09-05 17:57:43,1.3,1.4,37.753,15.028,3.45,14,0.07,72,0.8,0.3
2019-09-05 18:25:40,0.9,1.1,37.753,15.031,3.32,9,0.08,133,0.7,0.4
2019-09-05 21:53:59,1.7,1.6,37.749,14.991,0.15,13,0.16,85,0.5,0.3
2019-09-05 22:28:09,1,1,37.753,15.007,1.03,14,0.12,94,1.2,0.3
2019-09-06 03:36:44,1.2,1,37.684,14.97,0.22,15,0.24,63,0.3,0.3
2019-09-06 08:56:23,1,1.1,37.753,15.005,1.04,11,0.09,193,0.6,0.5
2019-09-06 09:34:46,2.2,2.4,37.754,14.996,0.74,41,0.17,49,0.2,0.1
2019-09-06 09:35:56,2,2,37.754,14.998,1,31,0.15,49,0.3,0.2
2019-09-06 09:51:09,1,1.2,37.77,15.042,5.19,11,0.1,70,1,0.5
2019-09-06 09:51:16,1,1.1,37.748,15.002,1.24,15,0.08,167,0.5,0.3
2019-09-06 09:57:45,1.8,1.9,37.753,14.997,0.9,34,0.15,48,0.2,0.1
2019-09-06 10:08:13,1,1.1,37.754,14.995,1.22,7,0.02,201,0.8,0.8
2019-09-06 10:09:16,0.9,1,37.754,14.995,1.6,7,0.04,202,0.9,0.9
2019-09-06 10:13:49,1,1,37.753,14.996,1.14,9,0.06,205,0.6,0.7
2019-09-06 10:26:46,1.1,1.2,37.749,14.995,1.84,10,0.15,198,0.5,0.5
2019-09-06 13:34:50,1.3,1.4,37.752,14.994,1.18,24,0.12,72,0.3,0.2
2019-09-06 15:15:07,1.8,1.9,37.752,15.003,1.02,35,0.14,47,0.2,0.1
2019-09-06 15:15:59,1,1.1,37.744,15.005,1.33,7,0.05,212,0.8,0.7
2019-09-06 15:45:56,1.4,1.5,37.753,15.006,0.91,29,0.16,47,0.3,0.1
2019-09-06 16:00:54,0.9,1,37.753,15.002,1.44,19,0.12,73,0.5,0.2
2019-09-06 16:02:27,1.9,2,37.753,15.005,1.27,33,0.16,47,0.2,0.1
2019-09-06 21:18:30,1.4,1.4,37.742,14.919,5.99,7,0.12,215,1.2,1.2
2019-09-06 22:11:23,1.1,1.1,37.754,15.003,1.35,18,0.1,71,0.5,0.2
2019-09-06 22:15:14,0.8,1.1,37.751,15.003,1.12,9,0.11,195,0.7,0.5
2019-09-06 22:15:32,0.9,0.9,37.75,15.008,0.97,9,0.08,201,1.1,0.5
2019-09-06 22:24:15,0.8,1,37.749,15.007,-1.4,10,0.1,203,0.9,0.4
2019-09-06 22:46:57,1.5,1.9,37.764,15.264,6.97,17,0.18,277,0.9,0.7
2019-09-07 00:53:13,1.9,2.3,37.792,15.22,7.6,33,0.21,233,0.5,0.4
2019-09-09 02:33:39,1.9,2.2,37.778,15.23,7.37,40,0.29,220,0.5,0.3
2019-09-09 02:35:39,1.2,1.4,37.78,15.207,5.22,21,0.2,174,0.5,0.5
2019-09-09 02:49:50,0.7,0.9,37.794,15.203,6.26,6,0.07,163,1,1.1
2019-09-09 09:22:52,1.6,2,37.671,15.105,1.27,22,0.19,79,0.4,0.2
2019-09-09 09:48:45,2.2,2.4,37.781,15.192,5.52,27,0.2,143,0.6,0.4
2019-09-09 23:19:09,2.3,2.6,37.787,15.212,6.53,26,0.18,172,0.4,0.4
2019-09-10 00:04:47,2.2,2.4,37.784,15.21,7.62,23,0.23,172,0.5,0.5
2019-09-10 08:31:29,2.3,2.6,37.779,15.213,7.9,31,0.25,186,0.4,0.4
2019-09-10 20:56:44,2.6,2.8,37.743,15.044,3.75,37,0.17,38,0.2,0.2
2019-09-11 04:24:33,1.8,2.1,37.752,14.999,1.15,38,0.17,48,0.2,0.1
2019-09-11 04:28:08,1.4,1.6,37.752,14.989,1.17,19,0.12,110,0.3,0.3
2019-09-11 04:34:05,1.1,1.2,37.754,14.991,1.61,20,0.1,100,0.3,0.3
2019-09-11 05:10:43,1.1,1.1,37.744,15.054,3.01,15,0.14,100,0.6,0.3
2019-09-11 05:42:19,1,0.6,37.755,15.003,1.09,14,0.13,116,0.5,0.3
2019-09-11 05:44:40,1,0.6,37.745,15.008,0.96,11,0.16,210,0.8,0.5
2019-09-11 05:50:53,0.6,0.6,37.748,15.004,0.99,9,0.11,203,0.8,0.6
2019-09-11 05:51:29,1,0.6,37.753,15.002,0.95,14,0.09,94,0.5,0.2
2019-09-11 07:26:19,1.2,1.5,37.743,15.007,-0.11,10,0.21,214,0.5,0.4
2019-09-11 14:50:47,1.1,1.3,37.742,15.061,2.99,10,0.09,104,0.9,0.3
2019-09-11 23:09:24,1.6,1.6,37.756,15.003,0.73,13,0.11,81,0.5,0.2
2019-09-12 01:10:37,1.1,1.1,37.757,15.002,-0.1,10,0.08,114,2,0.2
2019-09-12 02:50:11,1,0.8,37.758,15,0.24,10,0.09,110,0.4,0.3
2019-09-12 04:24:42,1,0.9,37.757,15.001,1.3,17,0.13,91,0.5,0.2
2019-09-12 04:42:31,1,1.2,37.758,14.996,1.78,9,0.08,105,1,0.3
2019-09-12 07:49:58,1.1,1.3,37.682,15.085,4.73,9,0.08,135,0.8,0.4
2019-09-12 21:25:36,1.4,1.4,37.784,15.225,6.47,20,0.26,214,0.6,0.5
2019-09-13 00:52:06,1.1,1.1,37.763,15.113,7.78,11,0.16,94,0.7,0.6
2019-09-13 03:29:24,0.9,1,37.673,15.091,3.31,15,0.17,249,0.4,1
2019-09-13 16:18:20,0.8,0.6,37.765,15.028,2.04,9,0.15,135,0.5,0.4
2019-09-13 23:39:40,1.2,1.1,37.641,14.965,10.75,11,0.17,139,0.8,0.9
2019-09-14 15:38:17,1.9,1.9,37.754,15.002,0.92,22,0.13,48,0.3,0.1
2019-09-15 15:38:43,1.1,1.1,37.721,15.076,5.56,13,0.16,103,0.7,0.4
2019-09-15 15:38:58,1.3,1.3,37.706,15.074,7.19,10,0.15,181,0.9,0.8
2019-09-15 15:42:02,2.4,2.4,37.733,15.071,4.25,18,0.12,58,0.3,0.3
2019-09-15 15:44:05,1.2,1.2,37.74,15.045,6.85,12,0.1,204,0.7,0.6
2019-09-15 15:44:36,1.3,1.3,37.733,15.072,5.78,15,0.13,79,0.5,0.4
2019-09-15 15:51:46,1.1,1.1,37.732,15.067,4.19,13,0.14,120,0.4,0.5
2019-09-15 18:51:09,1,1,37.746,15.015,4.43,10,0.12,198,2.5,0.8
2019-09-16 12:46:41,1.2,1.3,37.706,15.098,4.69,10,0.12,224,0.6,0.7
2019-09-17 01:18:10,1.1,1.3,37.71,15.053,10.36,13,0.13,119,0.5,0.7
2019-09-17 01:18:31,1.5,1.4,37.695,15.073,10.48,14,0.15,170,0.6,0.6
2019-09-17 14:33:44,1.1,1.1,37.746,15.027,3.87,9,0.16,180,0.7,0.7
2019-09-17 18:40:49,3.1,3.1,37.735,14.873,4.09,23,0.19,107,0.2,0.3
2019-09-17 18:44:15,1.2,1.2,37.744,14.882,4.28,8,0.22,116,0.5,0.5
2019-09-17 18:52:01,2.5,2.5,37.737,14.875,3.21,16,0.13,103,0.4,0.3
2019-09-17 19:25:46,1,1,37.72,14.87,6.85,8,0.21,167,0.8,0.5
2019-09-17 19:31:14,1.5,1.4,37.722,14.824,11.68,10,0.14,226,0.9,1.1
2019-09-17 20:11:18,1,0.8,37.745,14.858,2.11,8,0.08,130,0.6,0.6
2019-09-17 21:32:34,3.2,3.2,37.737,14.878,4.09,27,0.21,101,0.2,0.2
2019-09-17 21:57:04,1.1,1.1,37.741,14.878,2.96,8,0.11,123,1.1,0.5
2019-09-17 21:57:56,1.4,1.4,37.752,15.007,1.57,18,0.09,57,0.3,0.2
2019-09-17 22:13:46,1.4,1.4,37.753,15.011,1.39,11,0.1,94,0.7,0.3
2019-09-17 22:14:22,1.2,1.2,37.753,15.008,1.3,14,0.09,57,0.8,0.2
2019-09-17 22:16:42,1.2,1.2,37.752,15.007,2.04,12,0.08,58,0.5,0.2
2019-09-17 22:24:05,1.3,1.3,37.756,15.009,1.08,6,0.19,195,1.5,1.1
2019-09-17 22:28:13,1.4,1.4,37.754,15.011,3.87,10,0.18,90,0.5,0.4
2019-09-17 22:38:43,1.3,1.3,37.741,14.873,2.19,9,0.06,127,0.4,0.4
2019-09-17 23:02:12,1.6,1.6,37.737,14.872,3.39,12,0.07,105,0.5,0.3
2019-09-17 23:04:51,2.2,2.2,37.734,14.873,4.01,19,0.18,108,0.3,0.3
2019-09-17 23:28:14,0.9,0.9,37.738,14.871,2.13,7,0.05,105,0.4,0.5
2019-09-18 01:54:02,1.3,1.1,37.765,14.994,0.96,12,0.07,119,0.4,0.5
2019-09-18 05:59:30,1.4,1.5,37.705,14.899,10.41,11,0.08,154,1.1,1.1
2019-09-18 11:21:27,1,1.1,37.739,14.872,4.27,8,0.12,131,0.5,0.5
2019-09-18 12:37:27,0.7,0.7,37.748,15.007,-1.58,8,0.18,203,0.7,0.6
2019-09-18 13:00:27,1,1,37.749,15.002,-1.58,9,0.21,200,0.7,0.5
2019-09-18 14:25:20,1.1,1.1,37.802,15.051,-0.08,7,0.12,105,0.4,0.3
2019-09-18 14:27:15,0.7,0.7,37.799,15.055,0.36,7,0.05,121,0.7,0.4
2019-09-18 15:12:10,1.5,1.5,37.701,14.944,5.19,7,0.1,102,1,0.8
2019-09-18 17:16:03,0.9,0.9,37.738,14.868,3.49,9,0.11,136,1,0.6
2019-09-19 00:07:46,1.5,1.5,37.753,15.005,1.31,18,0.1,47,0.4,0.2
2019-09-19 01:08:46,1.5,1.5,37.754,15.005,1.76,16,0.08,65,0.5,0.2
2019-09-19 02:17:08,1.1,1.1,37.774,15.047,2.83,6,0.07,222,0.8,1.1
2019-09-19 03:07:30,1.5,1.5,37.755,15.003,1.69,16,0.09,57,0.3,0.2
2019-09-19 03:57:21,1.6,1.6,37.739,14.963,-0.14,11,0.24,89,0.3,0.2
2019-09-19 04:02:06,1.1,1.1,37.731,14.962,-1.57,7,0.1,127,1.1,0.4
2019-09-19 04:37:25,1.7,1.7,37.755,15.003,1,19,0.13,53,0.5,0.2
2019-09-19 06:04:04,0.7,0.7,37.754,15.061,0.35,8,0.2,127,0.5,0.5
2019-09-19 08:55:16,1.2,1.2,37.749,15.003,0.95,12,0.1,102,0.7,0.3
2019-09-19 10:54:56,1.3,1.3,37.74,14.873,3.07,9,0.1,130,0.7,0.4
2019-09-19 14:43:32,1.3,1.3,37.757,14.991,1.12,8,0.04,124,0.6,0.5
2019-09-20 00:48:35,1.4,1.4,37.754,14.994,0.83,17,0.12,100,0.6,0.2
2019-09-20 02:44:31,1,1,37.752,14.993,0.68,9,0.08,133,1.6,0.3
2019-09-20 03:24:04,1,1,37.755,15.005,0.66,12,0.14,133,1.6,0.4
2019-09-20 03:41:33,1.7,1.6,37.754,15.001,1.29,32,0.13,35,0.2,0.1
2019-09-20 05:25:50,1,1,37.751,15.003,1.46,9,0.12,120,0.9,0.4
2019-09-20 05:29:17,1.3,1.2,37.75,15.007,1.41,17,0.13,59,0.5,0.2
2019-09-20 08:19:44,1.3,1.2,37.753,15.005,1.07,14,0.11,97,0.8,0.2
2019-09-20 10:52:59,1,0.9,37.73,15.023,1.54,7,0.17,136,1.1,0.9
2019-09-20 11:29:20,1.5,1.4,37.753,15,1.41,22,0.13,39,0.3,0.2
2019-09-20 11:39:18,1,1.1,37.754,15.002,1.28,11,0.12,81,0.8,0.4
2019-09-20 11:40:37,1.5,1.4,37.753,15.005,1.4,16,0.12,57,0.7,0.2
2019-09-20 14:48:39,1,1,37.732,15.04,3.96,10,0.07,102,0.5,0.4
2019-09-20 14:52:25,1.1,1.1,37.755,15.001,2.39,11,0.07,115,1.5,0.3
2019-09-20 15:41:26,1.2,1.1,37.755,14.996,0.94,14,0.15,107,0.7,0.2
2019-09-20 17:10:14,1,1,37.754,15.008,0.69,12,0.06,98,1.8,0.3
2019-09-20 17:38:47,1,1,37.734,15.091,5.25,7,0.07,173,0.8,0.7
2019-09-20 17:51:58,1.1,1.1,37.751,14.995,1.31,21,0.12,88,0.3,0.2
2019-09-20 17:52:16,1.2,1.2,37.752,14.995,1.35,24,0.12,55,0.2,0.2
2019-09-20 18:17:17,0.9,0.9,37.768,14.983,0.18,8,0.14,116,0.6,0.4
2019-09-20 20:47:12,1.2,1.2,37.757,15.008,1.62,11,0.16,122,0.7,0.4
2019-09-21 01:58:18,1.3,1.2,37.749,14.996,1.26,29,0.09,44,0.2,0.1
2019-09-21 02:07:02,0.9,1.1,37.751,14.994,0.66,14,0.1,124,0.4,0.2
2019-09-21 03:55:49,1.1,1.2,37.747,15.003,1.86,8,0.1,205,1.1,0.5
2019-09-21 04:41:13,1.2,1.1,37.752,15.002,0.81,13,0.09,60,0.9,0.5
2019-09-21 07:37:29,1.3,1.4,37.757,14.993,2.08,15,0.05,81,0.3,0.3
2019-09-21 09:49:03,1.2,1.2,37.754,15.003,1.11,14,0.11,66,0.7,0.2
2019-09-21 09:49:15,1.2,1.1,37.759,15.003,1.98,13,0.14,78,0.6,0.3
2019-09-21 09:49:28,2.2,2,37.753,15.005,1.41,36,0.15,26,0.2,0.1
2019-09-21 09:50:50,1.1,1.1,37.754,15.002,1.4,11,0.06,96,0.6,0.3
2019-09-21 09:52:20,1.2,1.3,37.753,15.004,1.42,12,0.08,97,0.7,0.4
2019-09-21 09:56:04,1.1,1,37.746,15.006,1.38,12,0.1,108,0.9,0.4
2019-09-21 10:04:00,1.9,1.8,37.754,15.003,1.97,32,0.1,36,0.2,0.1
2019-09-21 10:13:46,2.2,2.1,37.752,14.996,0.79,40,0.12,47,0.2,0.1
2019-09-21 10:16:19,1.3,1.3,37.757,14.991,1.63,19,0.09,67,0.3,0.3
2019-09-21 10:23:53,1.1,1.2,37.751,14.995,1.18,13,0.11,128,0.4,0.3
2019-09-21 10:26:13,1.8,1.7,37.754,14.995,1.24,35,0.12,49,0.2,0.1
2019-09-21 10:31:03,1,1,37.751,15.005,1.04,12,0.08,100,0.6,0.3
2019-09-21 10:36:25,1.1,1.4,37.743,15.005,1.74,11,0.07,134,1,0.7
2019-09-21 10:45:45,1.1,1.1,37.746,15.002,1.09,8,0.09,172,1,0.5
2019-09-21 10:46:12,1,1,37.746,15.009,0.03,9,0.08,172,0.6,0.8
2019-09-21 10:55:01,1.2,1.2,37.75,15,2.77,16,0.14,83,0.4,0.2
2019-09-21 13:22:13,1.1,1.1,37.749,15.009,2.18,9,0.1,165,0.4,0.7
2019-09-21 14:40:17,1.1,1.3,37.745,15.001,-0.39,10,0.09,238,1.6,0.8
2019-09-21 18:34:05,1.2,1.2,37.723,15.051,6.19,17,0.07,90,0.7,0.4
2019-09-21 18:48:40,1.2,1.4,37.754,15.002,0.84,9,0.08,190,0.9,0.6
2019-09-21 19:56:28,1.3,1.4,37.751,14.995,1.12,14,0.11,74,0.3,0.3
2019-09-21 23:36:59,1.2,1.2,37.747,15.006,0.8,8,0.07,169,1.1,0.7
2019-09-22 02:50:27,1.3,1.3,37.753,15.003,1.49,20,0.11,58,0.5,0.2
2019-09-22 03:03:07,1,1,37.743,15.053,3.4,16,0.13,71,0.7,0.3
2019-09-22 04:25:04,1.1,1.1,37.693,14.983,4.62,8,0.05,125,0.7,1.2
2019-09-22 04:30:47,1.3,1.3,37.751,15.003,1.93,16,0.11,85,0.6,0.3
2019-09-22 13:52:39,1.5,1.4,37.757,14.999,1.64,24,0.11,55,0.3,0.2
2019-09-22 20:19:07,1.2,1.2,37.713,14.877,8.2,8,0.09,172,0.8,1
2019-09-23 09:20:47,0.9,0.9,37.742,15.111,4.94,9,0.14,196,0.5,0.6
2019-09-23 09:23:12,1.3,1.4,37.751,14.991,1.01,17,0.07,76,0.3,0.2
2019-09-23 12:41:19,1,0.9,37.717,15.07,2.89,9,0.08,104,0.5,0.5
2019-09-23 13:17:44,1,1.1,37.756,15.031,3.41,9,0.04,132,1.6,0.5
2019-09-23 16:18:00,1.1,1.1,37.733,14.958,0.49,7,0.08,119,1,0.3
2019-09-23 22:21:34,0.9,0.9,37.737,15.016,-1.58,9,0.11,146,1.1,0.3
2019-09-23 22:44:24,2.9,2.7,37.752,15.001,1.58,38,0.11,36,0.1,0.1
2019-09-23 22:45:19,1.3,1.5,37.747,15.007,-0.2,10,0.22,169,1,0.4
2019-09-23 22:45:57,2.2,2,37.753,14.999,1.84,33,0.1,41,0.2,0.1
2019-09-23 23:08:22,2.1,1.8,37.755,14.999,1.63,28,0.09,42,0.2,0.2
2019-09-23 23:09:45,1.3,1.1,37.753,15.005,-1.12,16,0.13,60,0.9,0.2
2019-09-23 23:12:27,1.1,1,37.753,15.002,-0.18,12,0.05,186,0.9,0.5
2019-09-24 00:30:31,1.2,1.2,37.75,15.005,1.11,12,0.1,89,0.7,0.3
2019-09-24 00:32:08,1.2,1.2,37.751,15.009,2.57,10,0.14,103,0.9,0.4
2019-09-24 00:50:24,1.1,1.2,37.755,15.007,-0.22,7,0.09,188,2.3,0.6
2019-09-24 05:49:47,1.8,1.7,37.744,15.042,5.79,20,0.14,40,0.3,0.3
2019-09-24 05:50:26,1.3,1.2,37.746,15.036,3.45,11,0.09,130,0.7,0.4
2019-09-24 09:40:31,1.5,1.4,37.753,15.008,1.46,18,0.1,61,0.4,0.2
2019-09-24 09:48:34,1.2,1.2,37.754,15.047,5.56,10,0.1,116,1,0.5
2019-09-24 10:23:16,1.1,1.2,37.75,15.039,6.07,11,0.12,126,1.1,0.6
2019-09-24 12:05:04,1.1,1.1,37.741,15.049,4.8,12,0.1,101,0.9,0.4
2019-09-24 14:15:37,1.1,1.1,37.739,15.045,6.1,7,0.07,152,1.3,0.9
2019-09-24 15:23:01,0.9,1,37.739,15.087,7.9,9,0.08,102,0.9,0.9
2019-09-24 17:19:42,1.6,1.4,37.751,14.994,1.58,25,0.09,55,0.2,0.2
2019-09-24 17:38:31,1.3,1.3,37.75,15.001,0.87,16,0.1,98,0.6,0.3
2019-09-25 00:37:18,1.5,1.3,37.754,14.994,1.54,28,0.09,53,0.3,0.2
2019-09-25 01:50:20,1,1.3,37.758,14.994,1.34,9,0.05,174,1,1.2
2019-09-25 11:04:42,1.1,1.1,37.758,15.037,6.15,10,0.04,100,0.8,0.7
2019-09-25 12:23:18,1.3,1.4,37.747,15.151,9.09,11,0.16,209,0.6,0.6
2019-09-25 12:54:08,1.2,0.9,37.662,14.935,4.39,7,0.12,170,1.2,0.8
2019-09-25 13:40:03,1.3,1.3,37.681,14.943,4.75,9,0.06,128,0.8,0.8
2019-09-25 18:51:33,0.9,0.9,37.753,15.004,1.72,10,0.09,95,0.5,0.4
2019-09-25 23:51:27,1.3,1.2,37.709,14.966,3.63,8,0.12,132,1.3,0.7
2019-09-26 00:09:22,1,0.9,37.759,14.994,1.23,16,0.08,68,0.4,0.3
2019-09-26 00:11:15,1.1,1.1,37.747,15.001,2.24,15,0.12,67,0.3,0.5
2019-09-26 00:42:03,1,1,37.76,14.995,0.77,10,0.08,95,0.9,0.6
2019-09-26 03:07:37,2.2,2.1,37.738,15.085,5.62,38,0.16,54,0.3,0.2
2019-09-26 03:10:14,1.2,1,37.74,15.076,4.93,16,0.12,86,0.4,0.3
2019-09-26 03:13:30,1.1,1,37.738,15.08,6.1,16,0.12,85,0.4,0.4
2019-09-26 03:23:15,1.1,1.3,37.742,15.077,4.84,11,0.14,112,0.5,0.4
2019-09-26 03:24:57,0.8,0.8,37.731,15.081,6.49,10,0.22,104,0.6,0.6
2019-09-26 04:08:03,0.8,1,37.718,15.057,5.87,8,0.05,166,1.7,1.9
2019-09-26 04:58:20,1.1,1,37.739,15.083,5.56,13,0.14,88,0.5,0.5
2019-09-26 06:48:46,1.3,1.3,37.735,15.083,5.9,18,0.15,89,0.5,0.3
2019-09-26 08:13:59,1.1,1.3,37.736,15.017,5.79,10,0.14,159,1.1,1.1
2019-09-26 09:18:32,1.1,1,37.739,15.08,5.69,12,0.14,84,0.6,0.5
2019-09-26 13:21:03,1.1,1.1,37.756,15,0.63,11,0.1,128,0.6,0.3
2019-09-26 23:27:31,1.1,1.2,37.753,14.996,1.43,21,0.11,55,0.3,0.2
2019-09-27 01:13:07,0.4,0.4,37.692,14.983,-1.6,6,0.04,194,1.8,0.5
2019-09-27 11:27:57,1.2,1.2,37.751,15.003,2.03,13,0.08,160,0.4,0.4
2019-09-27 16:26:39,1,1.1,37.871,15.008,10.87,8,0.03,145,1.6,0.8
2019-09-27 18:07:31,1,0.9,37.84,14.991,18.78,10,0.1,111,2.2,1.3
2019-09-27 18:08:22,1,1,37.873,15.002,12.2,9,0.05,83,1.9,0.9
2019-09-27 20:20:43,1.2,1.2,37.724,14.978,6.17,17,0.14,57,0.5,0.3
2019-09-27 23:54:17,1,1,37.667,14.929,6.74,6,0.12,196,2.6,3.4
2019-09-28 05:24:07,1,0.9,37.75,15.051,4.93,14,0.23,107,0.9,0.5
2019-09-28 05:31:35,2.6,2.5,37.744,15.05,3.8,31,0.14,47,0.2,0.2
2019-09-28 05:37:24,1.7,1.4,37.746,15.049,3.99,17,0.14,91,0.2,0.2
2019-09-28 05:47:39,1,1,37.732,15.069,5.94,12,0.21,143,0.8,0.6
2019-09-28 06:54:02,1.8,1.6,37.746,15.05,4.3,10,0.1,130,0.4,0.3
2019-09-28 06:57:05,0.9,0.8,37.745,15.048,4.01,12,0.12,109,0.9,0.5
2019-09-28 09:59:56,1.7,1.6,37.743,15.049,3.97,16,0.09,71,0.3,0.2
2019-09-28 10:02:23,1.2,1.1,37.744,15.053,3.8,8,0.04,140,0.5,0.4
2019-09-28 12:03:35,1,1,37.751,15.026,4.33,9,0.04,150,0.5,0.6
2019-09-28 12:16:12,1,0.8,37.745,15.049,3.76,8,0.09,240,0.5,1.1
2019-09-28 12:26:56,1,1,37.737,15.007,1.98,10,0.07,226,0.7,0.5
2019-09-28 12:39:26,1.2,1.1,37.745,15.008,1.58,9,0.05,173,0.5,0.4
2019-09-28 14:48:43,1,1.1,37.75,15.068,5.57,7,0.07,117,2,1.5
2019-09-28 14:48:52,1,1,37.746,15.053,3.59,9,0.11,102,0.5,0.4
2019-09-28 15:32:57,0.9,0.9,37.749,15.048,2.66,11,0.2,141,1.5,0.5
2019-09-28 19:00:56,1,0.9,37.756,14.997,0.97,13,0.1,108,0.6,0.4
2019-09-29 03:21:01,1,0.9,37.754,15.068,3.36,16,0.15,85,0.3,0.2
2019-09-29 03:25:08,1,1,37.75,14.997,0.86,20,0.11,112,0.3,0.2
2019-09-29 06:39:10,1.1,1.1,37.776,15.046,5.67,6,0.07,247,1.4,2.8
2019-09-29 11:57:11,0.9,0.8,37.751,15.06,2.32,6,0.05,215,0.4,0.9
2019-09-29 12:43:35,0.8,0.8,37.749,15.053,2,6,0.04,226,0.8,1
2019-09-29 18:02:10,1.1,1.1,37.716,15.068,2.48,8,0.14,129,0.9,0.4
2019-09-29 22:19:30,0.9,0.9,37.745,15.058,4.66,10,0.13,208,0.8,0.6
2019-09-30 01:43:49,0.7,0.9,37.761,15.007,0.29,9,0.09,140,0.3,0.3
2019-09-30 04:35:27,1,1.1,37.739,15.048,3.67,14,0.09,105,0.4,0.3
2019-09-30 05:31:38,1,1.1,37.75,14.995,0.93,19,0.11,88,0.3,0.2
2019-09-30 07:18:59,1.2,1.2,37.751,15.005,1.07,14,0.07,101,0.7,0.2
2019-09-30 07:42:55,0.8,1,37.751,15.006,0.07,8,0.03,196,0.6,0.5
2019-09-30 07:44:22,1.2,1.4,37.753,15.003,1.54,19,0.12,59,0.5,0.2
2019-09-30 07:46:20,1.1,1.1,37.745,15.005,0.71,12,0.14,174,0.8,0.3
2019-09-30 14:11:11,1.2,1.2,37.744,15.075,5.33,11,0.11,94,0.5,0.5
2019-09-30 17:47:06,1,1.1,37.749,14.995,0.64,13,0.11,109,0.8,0.2
2019-10-01 00:03:38,1.7,1.6,37.606,14.971,13.39,11,0.23,220,1.1,1.1
2019-10-01 03:54:07,1.8,1.7,37.754,15.007,0.94,31,0.13,43,0.2,0.1
2019-10-01 03:54:45,1.1,1.1,37.754,15.002,2.97,13,0.18,81,0.8,0.3
2019-10-01 04:05:08,1.1,1.1,37.753,15.008,1.17,30,0.19,61,0.2,0.1
2019-10-01 05:49:22,1.1,1.2,37.628,15.005,7.11,11,0.12,285,1.2,1.4
2019-10-01 06:59:04,1.5,1.4,37.756,14.995,0.43,18,0.16,105,0.2,0.2
2019-10-01 13:22:57,0.8,1,37.748,15.002,1,19,0.15,96,0.2,0.2
2019-10-01 15:12:27,1.1,1,37.751,15.005,1.3,21,0.11,61,0.4,0.2
2019-10-01 19:53:10,1.7,1.6,37.735,14.874,3.75,20,0.15,107,0.2,0.2
2019-10-01 20:37:27,1.4,1.3,37.753,15.007,0.75,21,0.14,61,0.2,0.2
2019-10-02 01:18:45,1,0.9,37.754,14.996,1.95,12,0.18,107,0.5,0.3
2019-10-02 01:51:02,1.2,1.1,37.74,15.048,2.32,19,0.19,65,0.2,0.2
2019-10-02 01:55:27,0.8,0.7,37.746,15.086,4.36,11,0.16,104,0.3,0.3
2019-10-02 02:19:48,1.1,1.3,37.754,15.005,1.75,20,0.13,84,0.4,0.2
2019-10-02 02:45:42,1.4,1.2,37.662,14.966,0.42,9,0.24,112,1.2,0.2
2019-10-02 02:56:32,1.2,1.2,37.752,15.008,0.57,26,0.17,62,0.3,0.1
2019-10-02 03:01:07,1.1,1.1,37.753,15,0.86,15,0.13,60,0.8,0.2
2019-10-02 06:26:28,1.6,1.8,37.749,14.994,1.26,23,0.08,55,0.3,0.2
2019-10-02 09:12:00,1.4,1.4,37.75,14.999,0.79,26,0.15,57,0.3,0.2
2019-10-02 09:24:59,0.8,1,37.748,15.136,7.6,7,0.07,227,1.3,1.2
2019-10-02 11:06:38,0.6,0.6,37.733,15.044,1.09,10,0.1,118,1.7,0.4
2019-10-02 11:20:44,1.1,1.4,37.752,15.105,10.01,10,0.12,135,1.4,0.6
2019-10-02 12:19:29,1.2,1.2,37.751,14.994,1.01,23,0.1,48,0.3,0.2
2019-10-02 12:25:03,1.2,1.2,37.751,14.992,1.13,18,0.09,77,0.4,0.2
2019-10-02 12:28:43,1.4,1.6,37.752,14.992,0.75,30,0.14,45,0.2,0.1
2019-10-02 22:11:28,1,0.9,37.767,15.118,7.3,11,0.14,93,0.5,0.4
2019-10-02 22:50:27,1,0.9,37.755,15.004,1.21,15,0.13,69,0.3,0.2
2019-10-04 00:10:58,1,1,37.755,14.993,1.47,8,0.12,152,1.1,0.4
2019-10-04 00:32:42,1,1,37.754,15.002,2.08,12,0.12,140,0.6,0.4
2019-10-04 00:33:33,1.8,1.7,37.754,14.992,0.51,21,0.17,52,0.5,0.2
2019-10-04 04:19:04,1,1,37.645,14.966,2.93,9,0.17,241,1,0.6
2019-10-04 05:28:07,1.2,1.1,37.743,15.017,0.77,9,0.13,229,1.2,0.5
2019-10-04 10:17:31,1.9,1.8,37.732,14.934,-1.53,17,0.15,68,0.7,0.2
2019-10-04 13:28:15,1,0.9,37.693,15.012,3.26,9,0.16,157,0.7,0.8
2019-10-04 15:45:06,1.2,1.1,37.746,15.003,2.28,13,0.12,131,0.3,0.3
2019-10-04 19:58:20,1.2,1.2,37.713,15.019,3.37,10,0.11,107,1.1,1
2019-10-04 21:43:38,1.3,1.2,37.749,15.002,0.11,21,0.19,60,0.3,0.2
2019-10-04 22:13:56,1,1,37.755,15.003,1.48,10,0.17,129,0.5,0.3
2019-10-05 02:40:55,1,1.1,37.75,15.003,1.4,9,0.1,137,0.8,0.3
2019-10-05 16:48:17,1,1.1,37.741,15.05,3.77,15,0.11,102,0.4,0.3
2019-10-06 02:29:46,1.4,1.5,37.688,14.877,0.02,9,0.2,141,0.5,0.2
2019-10-06 07:50:30,1,1,37.751,15,0.93,15,0.18,150,0.4,0.3
2019-10-06 07:52:06,1,1,37.753,14.987,1.78,9,0.06,142,0.8,0.6
2019-10-06 09:40:23,1.2,1.6,37.603,15.075,6.46,8,0.29,250,1.1,0.9
2019-10-06 13:55:33,1,1.1,37.733,15.05,4.5,6,0.02,142,2.4,1.2
2019-10-06 17:47:12,1.1,1.2,37.752,14.995,1.33,22,0.09,88,0.3,0.2
2019-10-06 21:36:19,1.2,1.1,37.753,15.009,0.52,22,0.15,62,0.3,0.2
2019-10-07 09:52:35,1.4,1.3,37.754,15.009,0.4,17,0.15,115,0.5,0.2
2019-10-07 10:34:27,1.3,1.2,37.751,14.993,0.99,15,0.15,104,0.6,0.3
2019-10-07 11:41:12,1.2,1.4,37.742,15.001,4,11,0.15,154,0.7,0.6
2019-10-07 11:54:33,0.7,1.2,37.722,15.021,3.39,11,0.16,121,0.5,0.4
2019-10-07 11:57:26,1.1,1.1,37.73,15.024,1.78,13,0.15,68,0.4,0.3
2019-10-07 16:02:07,1.4,1.4,37.75,14.995,1.78,18,0.08,59,0.5,0.2
2019-10-07 17:46:41,1.8,1.8,37.713,14.857,19.45,14,0.16,146,0.9,0.7
2019-10-07 20:55:00,1.9,1.9,37.698,14.91,19.38,21,0.21,106,0.6,0.7
2019-10-07 22:16:50,0.8,1.2,37.749,14.993,0.63,8,0.12,134,1.2,0.3
2019-10-07 22:39:32,2,2,37.71,14.923,18.31,20,0.21,93,0.7,0.6
2019-10-07 22:56:40,1.3,1.3,37.757,15.004,0.39,15,0.14,80,0.5,0.3
2019-10-07 23:00:37,0.9,1.1,37.752,15.002,1.37,8,0.14,193,0.8,0.6
2019-10-07 23:11:34,0.9,1.1,37.749,15.005,0.9,10,0.06,200,0.7,0.5
2019-10-07 23:17:06,1,1.2,37.74,15.015,-0.31,10,0.15,223,2.2,0.5
2019-10-07 23:21:17,0.9,1.1,37.758,15.08,2.57,7,0.17,150,0.7,0.9
2019-10-08 02:48:47,2.2,2.1,37.755,15.006,0.84,43,0.2,42,0.2,0.1
2019-10-08 02:49:51,1.6,1.6,37.752,15,1.61,23,0.25,57,0.4,0.2
2019-10-08 02:50:36,1.2,1.3,37.751,15.002,0.76,9,0.2,196,1.4,0.7
2019-10-08 02:52:23,1.1,1.1,37.759,15.003,0.09,12,0.2,178,0.5,0.5
2019-10-08 03:08:58,1.4,1.4,37.752,15.008,1.33,30,0.19,62,0.3,0.2
2019-10-08 03:59:55,1.2,1.2,37.751,15.009,1.35,13,0.12,160,0.7,0.3
2019-10-08 04:50:17,1.4,1.3,37.759,15.003,0.78,14,0.14,113,0.7,0.3
2019-10-08 11:59:16,1.2,1.3,37.745,14.999,1.43,11,0.2,208,1.2,0.6
2019-10-08 12:43:10,1.2,1.3,37.74,15.044,2.99,18,0.19,143,1,0.4
2019-10-08 12:52:04,1.5,1.4,37.738,15.028,6.11,14,0.18,103,0.8,0.5
2019-10-08 15:37:31,1.6,1.7,37.696,14.912,18.96,12,0.23,149,0.8,0.8
2019-10-08 15:52:29,1.2,1.2,37.742,15.078,5.01,11,0.11,105,0.6,0.4
2019-10-08 15:54:14,2,2.1,37.703,14.898,20.62,24,0.25,114,0.8,0.8
2019-10-08 15:58:54,1.2,1.2,37.752,14.999,1.71,15,0.18,71,0.6,0.3
2019-10-08 16:05:37,2.4,2.5,37.749,14.994,0.57,43,0.17,42,0.2,0.1
2019-10-08 16:57:45,2,2,37.86,14.849,28.52,20,0.12,173,0.9,0.9
2019-10-08 19:16:57,1,0.9,37.755,15.002,1.01,8,0.11,188,0.8,0.6
2019-10-08 19:45:53,1.7,1.6,37.694,15.226,13.9,18,0.21,242,1.2,0.9
2019-10-08 19:47:59,1.9,1.8,37.725,15.185,13.63,27,0.25,161,0.7,0.5
2019-10-08 21:21:18,1.1,1.1,37.756,15.008,0.73,19,0.16,66,0.5,0.2
2019-10-09 03:08:28,1.7,1.7,37.693,14.913,19.34,16,0.23,105,0.7,0.7
2019-10-09 03:58:04,1.1,1.1,37.747,14.99,1.7,15,0.13,54,0.7,0.2
2019-10-09 12:50:51,0.9,0.9,37.736,15.015,1.41,7,0.11,100,1.8,0.7
2019-10-10 02:18:58,1.1,1.2,37.721,15.052,7.54,8,0.14,152,0.8,0.7
2019-10-10 02:51:35,1,1.1,37.76,15.051,8.38,7,0.04,114,1.9,0.9
2019-10-10 03:46:44,1,1,37.75,15.043,5.28,8,0.07,143,1.7,0.7
2019-10-10 08:49:12,0.9,0.9,37.751,15.018,1.42,9,0.11,149,1.4,0.4
2019-10-10 15:30:51,1,0.9,37.757,15.006,1.42,12,0.16,89,0.6,0.2
2019-10-10 21:49:42,1,1.1,37.697,15.016,0.34,9,0.13,146,0.6,0.7
2019-10-10 22:15:27,1.5,1.4,37.706,14.967,1.65,9,0.21,199,0.5,0.9
2019-10-10 23:27:13,1,1,37.75,15,1.79,16,0.11,92,0.4,0.2
2019-10-11 01:36:39,1.2,1.2,37.755,15.007,1.8,11,0.07,86,1,0.3
2019-10-11 02:16:15,1.5,1.5,37.75,15.05,5.1,15,0.14,66,0.6,0.3
2019-10-11 02:18:09,1.7,1.7,37.751,15.054,5.05,15,0.12,76,0.6,0.3
2019-10-11 02:26:44,1.2,1.2,37.75,15.053,4.42,11,0.09,105,0.7,0.4
2019-10-11 02:44:30,1.1,1.1,37.744,15.05,4.62,8,0.05,145,1.1,0.6
2019-10-11 02:47:31,1,1,37.747,15.055,5.02,8,0.08,137,1.7,0.9
2019-10-11 08:08:22,0.9,0.9,37.748,15.048,2.33,8,0.11,237,0.4,0.8
2019-10-11 10:39:01,1.3,1.3,37.756,15.002,1.55,11,0.08,79,0.7,0.3
2019-10-11 16:05:52,1.4,1.4,37.755,14.987,1.97,11,0.04,120,0.6,0.5
2019-10-11 19:58:04,1.1,1.1,37.734,15.04,4.11,10,0.1,108,0.6,0.4
2019-10-12 00:27:55,1,0.9,37.748,15.055,3.95,19,0.21,73,0.4,0.3
2019-10-12 01:50:33,1,1,37.75,15.007,1.28,21,0.16,155,0.4,0.3
2019-10-12 04:35:21,1,1.1,37.803,15.061,0.06,10,0.13,101,0.4,0.3
2019-10-12 07:35:17,0.8,0.7,37.745,15.053,3.44,12,0.11,233,0.8,0.6
2019-10-12 08:22:26,1.6,1.7,37.714,14.94,-1.56,19,0.24,83,0.8,0.2
2019-10-12 09:03:28,1,1,37.75,14.936,-1.57,12,0.19,96,0.7,0.3
2019-10-12 11:39:49,1.9,2,37.739,14.942,10.41,33,0.16,55,0.5,0.3
2019-10-12 12:17:59,1,0.9,37.655,15.1,1.93,8,0.06,164,1.5,0.4
2019-10-12 18:29:37,1,1,37.751,15.05,4.42,7,0.15,227,0.9,0.8
2019-10-12 19:15:43,1,0.8,37.773,15.037,2.1,10,0.17,218,0.8,0.6
2019-10-12 20:27:34,1,1,37.741,14.939,7.29,12,0.28,201,1,0.9
2019-10-12 20:43:39,1,1,37.744,15.065,4.16,9,0.1,185,1.1,0.8
2019-10-12 21:02:35,0.8,0.8,37.754,15.057,4.78,10,0.06,109,1,0.5
2019-10-12 21:29:09,1.2,1.2,37.75,14.997,0.76,33,0.14,57,0.2,0.2
2019-10-13 09:13:39,0.9,0.9,37.732,15.094,2.51,9,0.15,173,0.6,0.7
2019-10-13 12:48:59,1,1,37.748,15.051,3.65,7,0.04,144,0.9,0.7
2019-10-13 15:57:16,0.9,0.9,37.725,14.948,2.05,7,0.12,80,2.8,0.5
2019-10-13 23:58:20,0.6,0.6,37.741,15.096,3.08,6,0.1,110,0.9,0.8
2019-10-14 01:50:35,0.9,0.9,37.761,14.993,1.28,9,0.03,166,1,0.6
2019-10-14 02:47:23,1.4,1.4,37.87,15.016,26.45,11,0.1,92,1.4,0.8
2019-10-14 03:08:39,0.8,0.7,37.749,15.061,2.12,13,0.2,93,0.6,0.4
2019-10-14 05:38:54,1,1,37.765,14.98,1.78,10,0.18,171,0.6,0.8
2019-10-14 06:42:36,0.9,1,37.736,15.047,3.49,8,0.18,157,1.9,0.8
2019-10-14 18:40:05,1,1,37.726,14.933,4.1,9,0.2,122,1,0.6
2019-10-14 23:07:58,1.3,1.3,37.751,14.994,0.73,19,0.12,55,0.4,0.2
2019-10-15 09:26:31,1.5,1.5,37.743,15.033,5.38,12,0.12,87,1,0.4
2019-10-15 09:27:30,1.4,1.4,37.743,15.028,5.07,14,0.17,94,1,0.4
2019-10-16 01:47:12,0.9,0.9,37.744,15.01,-0.05,6,0.09,212,1.1,0.5
2019-10-16 09:10:03,0.8,0.8,37.751,15.061,4.12,6,0.04,207,0.9,1.1
2019-10-16 09:34:28,0.9,0.9,37.744,15.003,0.49,9,0.08,240,1.3,0.9
2019-10-16 10:32:40,1.5,1.5,37.745,15.048,5.34,14,0.1,93,0.8,0.4
2019-10-16 15:41:39,1.3,1.3,37.759,14.937,5.92,15,0.17,62,0.8,0.4
2019-10-16 18:58:16,1.1,1.1,37.744,15.009,1.99,6,0.14,213,1.7,0.9
2019-10-17 00:13:50,0.7,0.7,37.711,14.998,4.63,6,0.01,261,0.8,1.9
2019-10-17 03:38:10,2.2,2.2,37.74,15.109,5.15,25,0.23,79,0.4,0.2
2019-10-17 03:39:07,1.4,1.4,37.744,15.112,4.71,15,0.17,81,0.4,0.3
2019-10-17 05:50:53,1.2,1.2,37.752,14.991,1.3,6,0.06,130,1.3,0.7
2019-10-17 14:54:20,2,2,37.647,14.94,-1.25,7,0.18,182,1.4,0.4
2019-10-17 16:04:33,1.4,1.3,37.649,14.944,0.03,8,0.21,183,1.2,0.4
2019-10-17 23:19:47,0.8,0.8,37.648,14.976,2.72,7,0.07,265,1.1,1.4
2019-10-18 00:16:46,1.7,1.5,37.756,15.006,1.18,33,0.18,42,0.2,0.1
2019-10-18 01:06:07,3.2,3.2,37.74,15.106,6.25,46,0.19,77,0.3,0.1
2019-10-18 01:17:33,1,1,37.763,15.094,7.91,6,0.02,175,0.9,1.7
2019-10-18 01:28:23,0.9,0.9,37.748,15.092,6.77,7,0.08,157,0.8,0.6
2019-10-18 01:37:20,1.2,1.1,37.754,15.004,1.82,25,0.11,59,0.3,0.2
2019-10-18 02:03:58,1.2,1.2,37.731,15.106,7.85,12,0.12,96,0.7,0.5
2019-10-18 02:32:23,1.1,1,37.724,15.11,6.57,17,0.17,99,0.4,0.4
2019-10-18 02:40:33,1.2,1.2,37.735,15.109,6.61,18,0.15,83,0.4,0.3
2019-10-18 02:43:39,0.8,0.8,37.738,15.127,6.25,9,0.15,120,0.7,0.7
2019-10-18 03:09:09,0.8,0.8,37.742,15.089,7.78,10,0.09,132,0.8,0.6
2019-10-18 03:18:04,1.1,0.9,37.637,14.868,4.28,6,0.13,185,1.7,1.2
2019-10-18 03:29:37,1,0.8,37.744,15.105,5.48,12,0.19,83,0.6,0.4
2019-10-18 04:35:38,1,1,37.749,15.008,2.23,18,0.16,63,0.3,0.2
2019-10-18 04:37:43,0.9,0.9,37.757,15.003,1.22,14,0.11,116,0.4,0.3
2019-10-18 04:46:54,1,0.9,37.753,15.005,2.03,18,0.13,59,0.3,0.2
2019-10-18 04:53:09,0.8,0.8,37.764,15.116,5.98,11,0.14,95,0.7,0.5
2019-10-18 06:18:08,0.9,0.9,37.754,14.991,1.2,21,0.09,84,0.3,0.2
2019-10-18 06:53:25,1,1,37.752,15.004,1.33,14,0.07,60,0.6,0.2
2019-10-18 09:00:05,2,2,37.75,14.993,1.08,33,0.12,54,0.2,0.1
2019-10-18 09:00:49,1.4,1.4,37.752,14.988,1.46,27,0.1,62,0.2,0.2
2019-10-18 09:38:14,1,1.1,37.755,14.987,1.13,11,0.07,94,0.7,0.6
2019-10-18 12:29:29,1,0.9,37.736,15.063,3.42,15,0.18,85,0.5,0.3
2019-10-18 14:28:25,0.9,1,37.724,15.1,5.57,12,0.16,200,0.6,0.7
2019-10-18 16:18:11,1,1,37.752,15.006,2.05,17,0.09,61,0.3,0.2
2019-10-18 16:18:36,0.9,1,37.755,15.009,1.33,14,0.09,64,0.6,0.2
2019-10-19 00:10:59,1.2,1.3,37.755,14.992,4.28,9,0.1,106,1.1,0.7
2019-10-19 02:42:36,1.2,0.9,37.756,15.007,0.87,16,0.12,65,0.5,0.2
2019-10-19 02:50:22,1.2,1,37.748,15.032,5.89,18,0.1,67,0.6,0.4
2019-10-19 02:50:55,1,1,37.746,15.036,6.19,12,0.06,88,0.9,0.7
2019-10-19 03:20:26,1,0.9,37.756,15.013,0.83,13,0.09,62,0.7,0.3
2019-10-19 08:45:31,2.6,2.4,37.754,14.996,1.57,31,0.11,55,0.2,0.1
2019-10-19 08:46:12,1.6,1.6,37.752,14.998,1.79,23,0.12,77,0.3,0.2
2019-10-19 08:47:33,1.1,1.1,37.751,15.001,1.06,9,0.1,172,0.8,0.6
2019-10-19 09:13:49,1.6,1.6,37.754,14.999,1.43,27,0.14,56,0.2,0.2
2019-10-19 09:59:44,1,1.1,37.747,15.003,0.68,17,0.12,61,0.6,0.2
2019-10-19 10:35:48,1.1,1.1,37.756,15.001,-0.3,11,0.16,128,0.8,0.3
2019-10-19 15:32:47,1,1,37.719,14.984,6.8,11,0.12,93,0.6,0.6
2019-10-19 15:33:07,1.1,1,37.72,14.983,6.92,12,0.12,94,0.6,0.6
2019-10-19 15:56:47,1,1,37.729,14.99,5.75,8,0.07,124,1.1,0.7
2019-10-19 16:08:30,0.8,0.8,37.651,14.976,5.82,11,0.17,186,0.3,0.8
2019-10-19 16:49:25,1.7,1.5,37.656,14.941,5.34,12,0.15,121,0.5,0.4
2019-10-19 16:49:54,2.1,2,37.75,14.997,0.85,31,0.13,44,0.3,0.1
2019-10-19 16:54:30,1.1,0.9,37.751,14.994,1.38,17,0.11,88,0.3,0.2
2019-10-19 16:57:29,1,0.9,37.723,14.987,5.88,8,0.08,124,1.6,0.9
2019-10-19 17:00:29,0.8,0.8,37.751,14.993,0.62,11,0.09,104,0.4,0.3
2019-10-19 17:18:00,0.8,0.8,37.751,14.994,0.93,11,0.13,88,0.7,0.3
2019-10-19 17:34:21,0.8,0.8,37.753,14.99,2.06,11,0.03,63,0.6,0.4
2019-10-19 18:08:48,1,0.9,37.756,15.009,0.81,12,0.13,86,1.2,0.3
2019-10-19 22:39:02,1.2,1.1,37.737,15.076,5.27,11,0.19,106,0.5,0.4
2019-10-19 22:54:57,1.8,1.7,37.753,15.006,1.53,31,0.18,43,0.2,0.1
2019-10-19 23:05:25,0.9,0.9,37.748,15.007,-1.57,7,0.06,235,2.1,0.7
2019-10-20 01:52:05,0.9,0.8,37.762,14.986,1.27,7,0.21,131,1.1,0.8
2019-10-20 04:45:03,2.5,2.4,37.628,14.966,5.04,32,0.25,69,0.3,0.2
2019-10-20 04:54:51,1.1,1.1,37.754,15.008,3.23,12,0.1,66,0.9,0.3
2019-10-20 07:14:11,1.2,1.1,37.742,15.041,5.69,13,0.08,114,0.5,0.4
2019-10-20 07:28:16,1.2,1.1,37.744,15.035,3.78,15,0.08,86,0.4,0.3
2019-10-20 08:37:32,1.3,1.2,37.756,15.002,1.49,11,0.05,88,0.7,0.3
2019-10-20 09:22:37,1.1,1,37.753,15.004,1.65,13,0.08,169,0.3,0.4
2019-10-20 09:24:18,1.8,1.7,37.755,15.002,1.03,26,0.11,57,0.3,0.1
2019-10-20 10:33:44,1.1,1,37.716,15.099,5.73,11,0.11,115,0.4,0.5
2019-10-20 18:47:01,1.5,1.4,37.641,14.955,7.98,8,0.07,149,1.5,0.9
2019-10-20 21:50:09,1.5,1.4,37.726,15.075,5.68,17,0.11,71,0.4,0.3
2019-10-20 21:51:28,0.9,0.7,37.724,15.073,5.98,9,0.1,141,0.6,0.5
2019-10-21 00:31:36,0.7,0.7,37.754,15.002,0.2,8,0.03,189,0.7,0.9
2019-10-21 03:31:15,0.8,0.9,37.724,15.057,3.46,12,0.12,98,0.6,0.3
2019-10-21 06:20:12,0.9,0.9,37.73,15.095,7.83,8,0.09,184,0.8,1.2
2019-10-21 06:21:24,0.9,0.9,37.736,15.083,6.1,10,0.16,99,0.6,0.6
2019-10-21 06:25:03,1.4,1.4,37.715,15.116,6.39,13,0.14,228,0.5,0.6
2019-10-21 06:26:35,1.1,1.1,37.735,15.089,5.96,14,0.15,93,0.5,0.3
2019-10-21 06:29:46,1.3,1.3,37.737,15.086,6.09,14,0.13,87,0.5,0.4
2019-10-21 06:36:44,0.9,1,37.729,14.997,3.42,14,0.21,91,0.7,0.4
2019-10-21 06:50:27,0.7,0.9,37.764,15.006,3.83,8,0.13,210,1.3,0.9
2019-10-21 06:57:12,0.7,0.8,37.742,15.083,6.23,8,0.09,99,0.9,1.2
2019-10-21 07:02:12,0.9,0.9,37.752,15.005,1.76,15,0.07,100,0.5,0.3
2019-10-21 16:01:16,1.2,1.2,37.741,15.029,4.24,8,0.04,132,1.5,0.6
2019-10-21 16:51:36,1.2,1.2,37.754,14.995,1.78,12,0.1,87,0.4,0.3
2019-10-21 17:29:05,1.2,1.2,37.742,15.037,3.44,11,0.06,118,1.1,0.3
2019-10-22 00:00:50,1.1,1.4,37.711,15.036,11.91,8,0.19,143,1.1,1.8
2019-10-22 06:09:40,1.1,1,37.743,15.035,4.46,16,0.07,95,0.7,0.3
2019-10-22 06:21:09,0.9,1,37.755,14.977,0.59,11,0.07,88,0.4,0.3
2019-10-22 06:30:36,0.9,1.1,37.751,14.992,1.53,9,0.08,124,0.8,0.4
2019-10-22 07:21:51,1.1,1.3,37.733,15.056,4.42,12,0.08,125,1.2,0.6
2019-10-22 07:48:45,1.1,1.2,37.742,15.028,3.09,14,0.12,130,0.5,0.3
2019-10-22 09:01:45,1.5,1.5,37.623,14.954,9.82,9,0.13,184,1.5,1.8
2019-10-22 09:05:33,1.9,1.6,37.634,14.956,6.73,13,0.09,75,0.9,0.5
2019-10-22 11:31:49,1.4,1.3,37.771,14.833,7.6,18,0.08,112,0.8,0.5
2019-10-22 12:57:25,1,0.9,37.741,15.008,-0.18,9,0.16,220,0.8,0.8
2019-10-22 13:02:14,2.1,2.1,37.885,14.878,31.93,30,0.18,104,0.6,0.4
2019-10-22 13:53:47,1.5,1.4,37.761,14.824,10.26,13,0.08,120,0.5,0.5
2019-10-23 13:35:14,1,1,37.757,14.991,1.49,12,0.06,118,0.5,0.4
2019-10-23 13:40:56,0.9,0.9,37.759,14.99,1.33,11,0.03,116,0.9,0.8
2019-10-23 13:57:24,2,1.9,37.682,15.082,2.48,23,0.15,76,1.3,0.2
2019-10-23 13:59:09,2.6,2.5,37.738,14.714,25.7,35,0.22,162,0.3,0.4
2019-10-23 14:10:00,1.8,1.7,37.736,14.744,23.57,16,0.18,173,0.5,0.8
2019-10-23 14:16:04,1.6,1.6,37.747,14.779,24.74,11,0.16,163,1.1,1.3
2019-10-23 19:11:36,1,1,37.777,15.088,3.9,9,0.1,111,0.5,0.5
2019-10-23 22:10:28,1,1.1,37.743,15.048,7.03,7,0.08,158,1.8,1.1
2019-10-23 22:30:15,1.3,1.2,37.757,15.003,2.14,21,0.11,57,0.2,0.2
2019-10-23 22:39:27,1.5,1.2,37.755,15.002,1.48,26,0.1,57,0.3,0.2
2019-10-23 22:42:33,1,1,37.758,15,1.24,15,0.11,68,0.7,0.3
2019-10-23 22:43:48,1,1,37.75,15.004,0.92,15,0.09,61,0.7,0.4
2019-10-23 22:43:58,1.3,1.2,37.75,15.012,0.82,14,0.16,97,1.5,0.3
2019-10-24 00:54:06,0.7,0.7,37.687,14.979,3.01,7,0.03,138,0.7,1.4
2019-10-24 09:25:29,0.8,0.8,37.776,15.072,1.63,6,0.12,136,1.3,1.1
2019-10-24 12:03:44,1,1.1,37.752,15.011,2.4,13,0.08,64,1.4,0.3
2019-10-24 12:04:07,1.3,1.3,37.752,15.009,1.94,15,0.11,62,0.7,0.2
2019-10-24 13:18:09,1.1,1.2,37.761,15.014,2.71,10,0.13,84,1,0.4
2019-10-24 13:19:55,1.3,1.5,37.757,15.021,7.89,9,0.2,147,1,0.9
2019-10-24 13:50:46,1.2,1.3,37.749,15.009,0.98,15,0.1,100,0.5,0.3
2019-10-24 14:10:43,1.1,1.2,37.776,15.033,3.78,6,0.14,113,1.4,0.6
2019-10-24 14:14:27,1.1,1.3,37.763,15.021,2.46,8,0.15,136,0.7,0.6
2019-10-24 14:25:56,1,1.1,37.754,15.008,0.18,7,0.05,193,0.5,0.6
2019-10-24 14:47:52,1.1,1.2,37.76,15.013,1.83,8,0.07,181,1,0.7
2019-10-24 17:10:11,1.1,1.1,37.757,15.012,1.96,11,0.07,87,0.6,0.3
2019-10-24 17:21:47,0.8,0.9,37.755,15.015,2.28,7,0.05,152,0.4,0.6
2019-10-24 17:44:33,0.9,1,37.754,15.013,3.44,8,0.13,153,1.3,0.6
2019-10-24 18:30:43,1.2,1.3,37.728,15.066,9.68,9,0.06,155,1.5,1.5
2019-10-24 20:09:11,0.7,0.7,37.781,15.021,3.16,6,0.04,214,0.9,1.8
2019-10-24 20:14:16,1.1,1.1,37.748,15.004,-1.1,9,0.09,203,1,0.7
2019-10-25 00:44:31,1.2,1.2,37.751,15.007,1.22,12,0.1,70,0.7,0.2
2019-10-25 00:44:47,1,1.1,37.755,15.007,1.12,10,0.12,86,0.7,0.2
2019-10-25 00:56:55,0.9,1,37.754,15.007,0.43,15,0.09,60,0.8,0.1
2019-10-25 02:11:04,1.2,1.2,37.751,15,0.56,16,0.08,60,3,0.2
2019-10-25 17:20:18,1,1.1,37.755,14.996,2.01,14,0.1,73,0.3,0.3
2019-10-26 00:24:06,1,1.1,37.745,15.003,1.17,13,0.09,92,0.5,0.2
2019-10-26 00:27:19,1,0.9,37.752,15.005,0.04,13,0.06,97,0.3,0.2
2019-10-26 00:28:30,1.1,1.2,37.749,15.006,2.29,15,0.19,72,0.2,0.2
2019-10-26 00:44:32,1,1.1,37.746,15.002,2.22,11,0.07,89,0.2,0.3
2019-10-26 00:57:08,2,1.8,37.755,15.004,0.93,27,0.11,44,0.2,0.2
2019-10-26 00:58:16,1.8,1.6,37.754,15.007,1,28,0.11,46,0.2,0.1
2019-10-26 01:05:04,1.1,1.1,37.752,15.004,1.88,13,0.14,73,0.3,0.2
2019-10-26 01:08:07,1.7,1.6,37.755,15.004,0.94,22,0.13,58,0.3,0.1
2019-10-26 01:17:51,3.2,3.4,37.74,15.088,5.81,32,0.22,68,0.1,0.2
2019-10-26 01:31:50,1,1,37.752,15.099,3.76,7,0.12,136,0.5,0.6
2019-10-26 01:32:05,1.5,1.4,37.745,15.09,4.88,17,0.19,69,0.4,0.3
2019-10-26 01:55:16,1.1,1.2,37.737,15.085,8.5,9,0.05,136,0.8,0.6
2019-10-26 02:58:24,1.2,1.2,37.737,15.081,5.03,8,0.2,121,0.5,0.4
2019-10-26 03:57:14,1,1,37.757,15.007,1.83,12,0.1,89,0.4,0.2
2019-10-26 04:03:07,1.1,1.1,37.756,15.007,0.73,11,0.11,147,0.6,0.4
2019-10-26 04:06:15,1,1,37.755,15.007,1.16,9,0.1,189,1.1,0.6
2019-10-26 04:07:42,1.4,1.4,37.757,15.006,1.37,14,0.08,69,0.6,0.2
2019-10-26 04:11:23,1.2,1.2,37.754,15.007,1.09,12,0.08,154,0.6,0.3
2019-10-27 03:59:15,0.9,0.9,37.746,15.038,2.55,6,0.08,175,4.6,1.2
2019-10-27 04:25:42,1.5,1.5,37.741,15.073,4.28,14,0.16,62,0.3,0.3
2019-10-27 04:28:09,0.8,0.8,37.744,15.079,3.33,6,0.08,189,1.3,0.7
2019-10-27 18:12:18,1.4,1.4,37.744,15.028,2.72,14,0.19,97,1,0.3
2019-10-27 18:57:00,0.9,0.9,37.74,15.02,3.15,7,0.05,269,0.8,2.2
2019-10-27 23:01:53,2.3,2.2,37.732,14.881,5.4,24,0.15,106,0.2,0.3
2019-10-28 09:27:45,1,1,37.762,15.008,2.77,6,0.14,176,1.6,1.2
2019-10-28 15:50:11,2.3,2.2,37.752,15.021,3.57,32,0.19,34,0.1,0.1
2019-10-28 16:08:05,1.1,1.2,37.745,15.046,7.97,8,0.2,151,0.7,0.6
2019-10-29 08:09:59,0.6,0.6,37.814,15.091,-1.6,6,0.26,272,0.6,1.2
2019-10-29 10:56:48,1.5,1.5,37.732,15.118,6.59,14,0.2,86,0.7,0.3
2019-10-29 16:59:36,1.4,1.4,37.739,15.03,4.51,8,0.04,125,2.2,0.8
2019-10-29 20:05:18,1,1,37.765,15.139,3.92,8,0.08,136,1,0.5
2019-10-29 21:44:51,1.3,1.3,37.729,15.052,6.55,10,0.08,132,1.2,0.9
2019-10-30 03:32:24,1.2,1.2,37.752,15,0.96,21,0.09,92,0.3,0.2
2019-10-30 10:03:23,1.2,1.3,37.743,15.052,4.9,11,0.06,141,0.6,0.3
2019-10-30 12:45:30,1,1,37.813,15.079,0.34,7,0.09,254,0.9,0.7
2019-10-30 17:04:30,1.4,1.4,37.75,14.995,0.99,14,0.1,96,0.8,0.2
2019-10-30 21:43:26,0.7,0.7,37.806,15.077,0.42,6,0.1,236,1.7,1.7
2019-10-30 21:49:02,0.6,0.6,37.806,15.066,-0.27,7,0.07,208,0.7,0.5
2019-10-30 22:17:07,1.4,1.2,37.727,14.968,4.18,19,0.24,62,0.4,0.2
2019-10-31 00:16:30,0.8,0.8,37.807,15.073,0.55,7,0.09,232,6.5,1.1
2019-10-31 01:01:29,1.1,1.1,37.735,15.044,2.68,9,0.04,102,1.9,0.4
2019-10-31 01:03:47,1,1,37.74,15.04,0.86,8,0.11,113,1.6,0.5
2019-10-31 05:48:16,1.9,1.9,37.747,14.996,0.77,20,0.14,57,0.6,0.2
2019-11-01 04:00:51,1.2,1.2,37.738,15.067,2.9,10,0.15,122,0.4,0.3
2019-11-01 09:20:41,1.4,1.4,37.729,14.947,1.19,6,0.07,124,2,0.5
2019-11-01 14:03:40,1.1,1.1,37.747,15.028,4.98,9,0.12,140,1,0.6
2019-11-01 19:09:59,1.3,1.3,37.749,15.003,2.01,8,0.06,127,2.1,0.4
2019-11-01 19:11:41,1.1,1.1,37.753,15.002,0.36,11,0.06,81,1.5,0.3
2019-11-01 19:43:07,0.9,0.9,37.75,15.086,2.76,9,0.18,157,0.5,0.5
2019-11-01 19:46:10,1.1,1.1,37.761,15.004,0.96,6,0.07,174,2.1,0.7
2019-11-01 22:49:15,1,1,37.729,15.016,3.35,11,0.1,136,0.5,0.4
2019-11-02 00:27:23,1.2,1.2,37.875,15.048,12.17,8,0.12,123,1.5,0.7
2019-11-02 00:29:30,1.2,1.3,37.879,15.038,10.09,12,0.08,97,0.8,0.4
2019-11-02 04:49:33,1.5,1.4,37.841,14.953,20.07,19,0.16,55,0.8,0.4
2019-11-02 04:50:21,1.2,1.2,37.829,14.989,27.68,16,0.18,121,0.7,0.6
2019-11-02 04:51:53,2,2,37.833,14.956,28.18,14,0.22,151,0.8,1
2019-11-02 05:08:05,1.7,1.7,37.835,14.949,24.93,12,0.18,80,1,0.9
2019-11-02 05:24:09,1,0.9,37.805,15.072,1.89,7,0.13,221,0.8,0.9
2019-11-02 07:41:54,2.3,2.3,37.752,14.999,0.82,20,0.12,57,0.5,0.1
2019-11-02 12:45:12,1,1,37.753,15.008,1.48,9,0.15,226,1.2,0.5
2019-11-02 17:24:25,1.2,1.2,37.698,14.979,0.09,6,0.08,104,0.7,0.4
2019-11-02 20:57:11,1,1,37.748,15.079,4.27,10,0.21,112,0.6,0.3
2019-11-03 09:11:01,1.4,1.4,37.759,14.99,1.34,7,0.08,117,1,0.5
2019-11-03 09:12:51,1.6,1.6,37.753,14.993,1.41,15,0.1,71,0.4,0.2
2019-11-03 09:27:52,1.2,1.2,37.746,15.005,0.13,9,0.12,177,0.5,0.4
2019-11-03 09:41:49,1.2,1.2,37.768,14.977,1.72,11,0.07,121,0.7,0.4
2019-11-03 14:33:28,1.1,1.1,37.749,14.968,2.09,17,0.18,73,0.3,0.3
2019-11-03 21:28:18,1.1,1.1,37.741,15.027,4.87,9,0.07,138,1,0.6
2019-11-03 21:52:25,1.4,1.4,37.725,14.966,1.19,13,0.22,109,0.5,0.3
2019-11-04 14:33:48,1.2,1.3,37.744,15.13,4.95,12,0.11,212,0.5,0.5
2019-11-04 14:55:29,0.9,0.8,37.756,15.102,4.62,8,0.16,121,0.6,0.5
2019-11-04 16:12:00,1.2,1.2,37.751,15.032,4.37,16,0.14,76,0.5,0.2
2019-11-04 20:16:24,1,1.2,37.751,14.995,0.28,12,0.14,107,0.2,0.3
2019-11-05 00:50:36,1.4,1.3,37.753,15.098,3.58,15,0.16,83,0.3,0.4
2019-11-05 12:07:17,1.1,1.1,37.731,15.042,2.66,16,0.12,115,0.7,0.3
2019-11-05 12:10:47,1.7,1.7,37.747,15.053,3.45,19,0.12,70,0.4,0.2
2019-11-05 12:12:23,1.4,1.3,37.744,15.065,3.35,16,0.16,98,0.4,0.3
2019-11-05 12:13:03,1.3,1.3,37.748,15.048,3.15,14,0.16,88,0.4,0.3
2019-11-05 12:27:44,1.2,1.3,37.74,15.039,3.62,9,0.1,161,0.4,0.6
2019-11-05 18:45:51,1.3,1.2,37.738,15.035,1.93,14,0.17,96,0.3,0.3
2019-11-06 09:01:13,1.1,1.1,37.683,15.09,1.76,9,0.15,184,1,0.3
2019-11-06 10:03:13,1,1.2,37.696,15.087,1.61,11,0.09,159,0.3,0.3
2019-11-06 14:32:22,1.1,1.4,37.747,14.999,3.63,13,0.16,125,0.7,0.3
2019-11-06 14:32:51,1,1.3,37.753,15,1.63,13,0.16,125,0.7,0.3
2019-11-06 19:28:44,1.4,1.4,37.746,15,3.51,13,0.13,119,0.7,0.4
2019-11-06 19:57:31,1.3,1.2,37.752,15.016,1.43,20,0.17,66,0.4,0.2
2019-11-06 19:58:08,1.3,1.3,37.752,15.025,1.41,12,0.13,148,0.6,0.3
2019-11-07 02:26:28,1,1,37.749,15.034,0.23,13,0.13,129,0.3,0.2
2019-11-07 02:36:25,1.1,1.1,37.748,15.009,3.73,8,0.14,205,1.5,0.5
2019-11-07 02:50:36,1,0.9,37.749,15.038,0.37,12,0.17,163,0.3,0.2
2019-11-07 14:15:35,1.4,1.3,37.741,15.085,3.7,9,0.15,105,0.7,0.5
2019-11-07 21:03:04,1.1,0.9,37.7,14.974,2.51,7,0.03,104,0.6,0.5
2019-11-08 02:40:52,0.6,0.8,37.703,15.021,4.06,9,0.16,96,0.8,0.8
2019-11-08 02:41:23,0.7,0.8,37.702,15.009,3.47,9,0.09,110,0.5,0.5
2019-11-08 02:42:18,1.2,1.2,37.711,15.014,3.53,24,0.18,77,0.3,0.3
2019-11-08 02:42:24,2.3,2.2,37.709,15.012,3.4,29,0.17,53,0.3,0.2
2019-11-08 02:46:31,1.1,1,37.711,15.022,2.84,13,0.13,66,0.7,0.5
2019-11-08 02:46:53,1.6,1.6,37.737,15.144,8.97,22,0.19,107,0.6,0.4
2019-11-08 02:58:07,1,1.1,37.704,15.018,3.43,15,0.16,91,0.5,0.4
2019-11-08 03:04:44,1,1.1,37.707,15.014,3.34,13,0.15,86,0.5,0.4
2019-11-08 03:08:35,2.3,2.2,37.721,14.961,8.54,28,0.17,57,0.4,0.3
2019-11-08 03:10:21,1.3,1.5,37.716,14.965,8.06,27,0.19,61,0.4,0.3
2019-11-08 03:16:07,1,1.3,37.725,14.959,7.54,8,0.14,112,1.6,0.7
2019-11-08 03:25:18,0.9,0.8,37.71,15.019,2.21,8,0.17,126,0.6,0.4
2019-11-08 03:26:15,1.1,1.3,37.721,14.967,8.45,19,0.12,54,0.6,0.4
2019-11-08 03:28:27,1.5,1.7,37.725,14.961,8.03,27,0.16,53,0.4,0.3
2019-11-08 03:30:06,1.5,1.7,37.721,14.958,8.28,25,0.15,58,0.5,0.4
2019-11-08 03:37:15,0.7,1.1,37.732,14.966,7.89,16,0.19,50,0.6,0.4
2019-11-08 03:37:36,0.6,0.6,37.704,15.011,0.29,8,0.32,103,0.3,0.3
2019-11-08 03:40:16,1,1.1,37.728,14.961,7.87,17,0.16,51,0.5,0.4
2019-11-08 03:45:04,0.6,0.9,37.736,15.118,10.92,13,0.1,110,0.8,0.8
2019-11-08 03:58:49,1.5,1.4,37.713,15.014,2.91,29,0.15,50,0.3,0.2
2019-11-08 04:07:29,1,1.2,37.717,14.958,8.98,18,0.19,63,0.6,0.5
2019-11-08 04:58:52,0.6,0.9,37.752,15.003,1.24,12,0.08,99,0.6,0.5
2019-11-08 09:45:02,0.9,1.2,37.731,15.104,10.42,11,0.17,248,0.8,1.1
2019-11-08 11:39:49,1.1,1.3,37.749,15.116,4.59,8,0.1,102,0.7,0.8
2019-11-08 13:00:56,1,1.2,37.741,15.031,3.42,10,0.11,126,1.7,0.5
2019-11-08 13:15:37,0.9,0.9,37.747,15.01,0,13,0.18,105,0.6,0.2
2019-11-08 13:58:26,1.1,1.3,37.73,15.051,4.63,19,0.15,129,0.6,0.4
2019-11-08 16:45:34,0.9,1.1,37.757,14.992,1.31,6,0.06,184,0.9,1.1
2019-11-08 18:30:46,1,1.3,37.751,15.04,7.9,7,0.02,160,1.6,1.1
2019-11-08 20:42:11,1.2,1.4,37.736,15.128,10.64,18,0.11,93,0.7,0.5
2019-11-08 22:03:42,1.3,1.5,37.743,15.114,9.43,18,0.2,82,0.5,0.4
2019-11-08 22:53:33,1,1.1,37.75,14.995,1.07,19,0.1,107,0.3,0.2
2019-11-08 23:36:33,0.9,1.1,37.754,15.026,2.85,11,0.09,104,0.7,0.3
2019-11-09 01:06:25,0.6,1.3,37.73,15.049,8.4,11,0.06,125,0.9,0.7
2019-11-09 01:06:30,1.3,1.5,37.73,15.049,7.53,13,0.08,126,0.7,0.5
2019-11-09 02:24:16,1.3,1.6,37.759,15.058,9.99,23,0.17,54,0.5,0.4
2019-11-09 04:19:39,1.1,1.4,37.751,15.093,9.95,14,0.11,93,0.6,0.7
2019-11-09 18:22:49,0.9,1.1,37.724,15.087,3.1,8,0.29,224,1.2,1
2019-11-10 04:09:28,2.4,2.7,37.638,14.935,0,17,0.2,166,0.7,0.3
2019-11-10 08:43:51,0.9,1.1,37.749,15.027,6.04,7,0.06,180,2.2,0.8
2019-11-11 03:25:40,1.3,1.1,37.749,15.044,3.93,16,0.14,116,0.2,0.2
2019-11-11 04:31:49,1.5,1.6,37.633,15.263,9.18,12,0.11,209,0.9,0.9
2019-11-11 17:43:32,2.2,2.3,37.709,15.134,9.4,30,0.26,94,0.3,0.3
2019-11-11 18:38:44,0.9,1.1,37.74,15.029,2.09,7,0.07,177,1.7,0.9
2019-11-11 18:40:13,1.3,1.3,37.758,14.831,5.12,9,0.12,96,0.7,0.6
2019-11-12 00:51:53,1.2,1.3,37.74,15.035,5.69,11,0.07,119,0.9,0.5
2019-11-12 02:26:53,1.1,1.3,37.753,15.008,4.33,11,0.12,90,0.5,0.5
2019-11-12 03:33:57,1.3,1.3,37.754,14.996,1.77,22,0.08,57,0.3,0.2
2019-11-12 04:18:36,1,1.3,37.754,15.003,1.02,7,0.08,215,1.5,0.8
2019-11-12 05:26:22,1,1.3,37.754,14.999,2.17,8,0.07,189,0.4,1.1
2019-11-12 05:31:35,1.3,1.2,37.752,15.003,1.65,21,0.09,59,0.5,0.2
2019-11-12 05:40:43,1,1.1,37.763,14.999,1.33,11,0.12,98,0.8,0.5
2019-11-12 06:36:47,1.3,1.3,37.752,15.002,1.79,21,0.14,59,0.3,0.2
2019-11-12 07:00:45,2.4,2.5,37.77,14.958,22.05,36,0.22,54,0.4,0.4
2019-11-12 09:38:45,1.2,1.4,37.738,15.062,4.89,9,0.06,116,1.4,0.7
2019-11-12 11:42:58,1.3,1.5,37.723,14.95,9.87,8,0.05,134,0.7,0.9
2019-11-12 12:01:10,1.7,1.5,37.739,14.975,5.25,13,0.25,106,0.6,0.4
2019-11-12 21:42:08,1.3,1.4,37.739,15.043,4.19,10,0.16,120,0.4,0.3
2019-11-13 13:26:11,3,3.1,37.753,15.087,6.68,32,0.23,48,0.3,0.2
2019-11-13 18:01:44,0.6,0.7,37.742,14.955,-0.15,7,0.04,117,0.4,0.4
2019-11-13 18:05:25,1.2,1.3,37.758,15,0.9,12,0.11,75,0.8,0.3
2019-11-13 19:30:18,1.1,1.3,37.747,15.096,7.69,11,0.15,87,0.8,0.7
2019-11-13 19:48:42,1.3,1.5,37.728,14.965,8.29,20,0.12,50,0.5,0.4
2019-11-14 00:02:01,1.3,1.6,37.759,15.099,5.15,17,0.2,71,0.2,0.2
2019-11-14 03:35:58,1.5,1.6,37.746,14.943,6.46,22,0.15,57,0.3,0.2
2019-11-14 03:55:49,1.9,2,37.745,14.944,6.33,24,0.18,56,0.3,0.2
2019-11-14 04:20:35,1.8,1.8,37.742,14.944,6.99,19,0.14,56,0.3,0.2
2019-11-14 17:57:42,0.8,1,37.728,15.028,1.97,7,0.16,189,1.1,0.6
2019-11-14 17:58:50,1.4,1.3,37.74,15.099,9.05,11,0.18,88,0.6,0.5
2019-11-14 18:36:53,1,1.1,37.747,14.998,1.15,11,0.17,81,0.8,0.2
2019-11-14 18:59:18,0.7,0.9,37.757,14.995,-1.42,8,0.19,136,1.3,0.3
2019-11-14 19:29:31,1.2,1.3,37.733,15.125,6.93,9,0.12,193,0.6,0.8
2019-11-14 22:38:08,1.3,1.2,37.746,15.041,1.1,13,0.15,81,0.4,0.2
2019-11-15 03:18:22,1.3,1.3,37.749,15.044,5.28,13,0.17,82,0.6,0.4
2019-11-15 05:31:22,1.3,1.2,37.697,14.967,2.51,11,0.15,83,0.6,0.3
2019-11-15 05:52:16,1.1,1.1,37.703,14.967,3.31,8,0.04,116,0.9,0.6
2019-11-15 10:30:25,1.2,1.1,37.742,15.038,3.24,7,0.08,133,2.5,0.8
2019-11-15 20:15:50,1.3,1.2,37.682,14.931,0.01,9,0.17,118,0.9,0.4
2019-11-16 03:13:52,1.1,1.3,37.743,15.038,3.32,18,0.16,86,0.5,0.3
2019-11-16 10:50:17,1.1,1.4,37.76,15.097,4.87,12,0.2,96,0.5,0.3
2019-11-16 10:52:01,1.3,1.7,37.76,15.102,4.8,14,0.24,75,0.5,0.3
2019-11-16 10:56:53,1.1,1.4,37.741,15.108,5.8,9,0.14,178,1,0.7
2019-11-16 21:31:19,1.1,1.3,37.753,14.94,3.98,8,0.13,246,0.8,1
2019-11-16 22:57:30,1,1.3,37.761,15.096,6.13,9,0.11,110,0.7,0.5
2019-11-17 03:21:41,1,1.1,37.731,15.013,3.25,10,0.25,219,1.1,0.7
2019-11-17 06:02:29,1.2,1.3,37.757,15.077,6.76,8,0.19,293,1,1
2019-11-17 11:40:54,1.7,1.6,37.807,15.074,0.03,9,0.1,100,0.5,0.4
2019-11-18 00:21:49,1.2,1.2,37.752,15.005,0.96,14,0.11,98,1,0.3
2019-11-18 01:32:01,1.3,1.2,37.694,14.973,3.52,8,0.04,191,0.3,0.8
2019-11-18 01:32:16,1.5,1.4,37.689,14.973,3.37,10,0.09,56,0.3,0.4
2019-11-18 09:43:13,1.3,1.2,37.802,15.06,0.71,9,0.13,106,0.6,0.3
2019-11-18 09:56:43,1,0.7,37.798,15.057,0.35,7,0.1,126,0.7,0.5
2019-11-18 10:18:02,1,0.8,37.797,15.055,0.38,7,0.07,126,0.6,0.4
2019-11-18 10:28:03,1,0.8,37.798,15.057,0.37,7,0.09,128,0.7,0.5
2019-11-18 23:22:46,2.3,2.3,37.782,14.926,9.16,41,0.22,71,0.4,0.2
2019-11-18 23:26:52,1.7,1.5,37.79,14.934,8.89,27,0.16,71,0.5,0.4
2019-11-18 23:49:51,1.5,1.5,37.794,14.93,13.8,12,0.2,82,1.1,0.9
2019-11-19 01:17:22,1.9,1.8,37.674,15.111,9.42,32,0.25,114,0.5,0.3
2019-11-19 09:04:42,2.1,2,37.755,14.998,1.24,41,0.15,54,0.2,0.1
2019-11-19 09:13:36,1.3,1.2,37.742,15.101,2.16,19,0.21,77,0.2,0.3
2019-11-19 11:09:29,1,1,37.743,15.043,2.69,13,0.15,113,1.1,0.3
2019-11-19 14:52:47,1.4,1.5,37.707,15.019,5.13,9,0.05,119,0.8,0.8
2019-11-19 15:06:18,1.2,1.3,37.719,15.013,3.59,13,0.09,103,0.4,0.4
2019-11-19 15:12:37,1.5,1.5,37.728,15.1,9.2,13,0.12,184,0.8,0.7
2019-11-19 17:12:57,0.8,1,37.743,15.029,2.66,9,0.11,131,2,0.5
2019-11-19 20:00:27,1.3,1.3,37.696,14.987,6.55,12,0.14,82,0.6,0.5
2019-11-19 23:10:20,1.2,1.3,37.757,15.098,8.88,9,0.15,108,1.2,0.7
2019-11-20 00:24:25,1.1,1.2,37.727,15.055,3.25,9,0.13,133,0.8,0.4
2019-11-20 00:56:37,1.3,1.3,37.752,14.996,0.93,14,0.16,107,0.9,0.3
2019-11-20 04:37:01,1.2,1.2,37.741,15.067,5.13,8,0.12,109,1.7,1.3
2019-11-20 04:37:45,1.3,1.3,37.741,15.035,5.01,11,0.04,91,0.8,0.4
2019-11-20 04:41:34,1.6,1.6,37.734,15.039,5.97,23,0.18,101,0.6,0.4
2019-11-20 04:43:29,1.8,1.7,37.741,15.051,3.68,38,0.18,40,0.2,0.2
2019-11-20 04:45:13,1.4,1.4,37.744,15.048,3.07,19,0.14,76,0.6,0.3
2019-11-20 04:45:59,1.5,1.4,37.739,15.045,3.42,26,0.18,65,0.4,0.2
2019-11-20 07:05:52,1.2,1.2,37.745,15.053,3.03,8,0.05,141,2.5,0.9
2019-11-20 07:06:31,1.5,1.5,37.741,15.087,6.73,13,0.18,84,0.7,0.6
2019-11-20 14:22:36,1.1,1.1,37.757,14.995,0.89,9,0.11,179,1.8,0.6
2019-11-20 16:13:03,1,1.1,37.753,15.097,6.82,7,0.12,135,1.4,1.1
2019-11-20 20:34:20,1.3,1.3,37.76,15.098,6.1,16,0.14,82,0.5,0.4
2019-11-21 01:15:29,0.9,0.7,37.801,15.054,0.37,8,0.16,117,0.6,0.4
2019-11-21 01:29:24,0.9,0.8,37.722,15.005,3.72,8,0.06,188,0.6,0.8
2019-11-21 12:52:54,1,0.7,37.802,15.057,0.58,7,0.05,134,2.3,0.4
2019-11-21 15:50:43,1.2,1.1,37.781,15.175,4.81,9,0.04,159,0.6,0.5
2019-11-21 19:52:53,2.2,2.1,37.775,15.005,14.76,35,0.24,64,0.5,0.4
2019-11-21 19:53:17,2.5,2.4,37.837,14.986,21.01,18,0.21,162,0.9,0.8
2019-11-21 20:05:26,1.9,1.8,37.779,14.988,22.49,27,0.27,74,0.8,0.6
2019-11-21 20:26:09,1.5,1.4,37.665,14.983,8.36,10,0.12,190,0.9,1.2
2019-11-21 22:08:09,1.3,1.2,37.743,14.992,4.78,15,0.24,87,2.5,0.5
2019-11-22 00:44:56,1,0.9,37.744,15.059,1.9,14,0.11,93,0.4,0.3
2019-11-22 01:58:26,1.8,1.8,37.762,14.943,15.4,18,0.16,65,0.9,0.6
2019-11-22 05:21:37,1.8,1.7,37.728,14.835,3.22,15,0.13,158,0.4,0.4
2019-11-22 10:10:39,1.2,1.6,37.688,14.934,0.02,7,0.2,106,0.8,0.3
2019-11-22 12:11:16,0.8,0.7,37.804,15.059,0.77,8,0.1,147,0.6,0.4
2019-11-22 12:38:40,1.4,1.4,37.751,15.005,0.74,23,0.19,61,0.5,0.2
2019-11-22 13:17:45,0.8,0.7,37.804,15.059,0.02,8,0.08,148,0.5,0.3
2019-11-22 13:51:46,1.4,1.4,37.76,14.984,2.08,12,0.05,142,0.4,0.6
2019-11-22 14:01:56,1.3,1.3,37.746,15.087,9.16,9,0.17,95,1.1,0.8
2019-11-22 18:57:29,1.3,1.2,37.749,15.002,1.14,13,0.12,164,0.9,0.4
2019-11-22 23:33:23,1.2,1.2,37.743,15.031,5.46,13,0.1,92,0.7,0.5
2019-11-22 23:33:37,1.4,1.4,37.737,15.048,8.09,10,0.06,109,1.3,1.1
2019-11-22 23:42:27,1.5,1.5,37.733,15.09,5.72,21,0.19,69,0.6,0.3
2019-11-23 00:59:27,1.8,1.8,37.746,15.029,3.16,20,0.13,80,0.3,0.2
2019-11-23 02:29:11,0.8,0.8,37.783,15.186,6.88,6,0.07,169,1.8,1
2019-11-23 08:15:56,1.6,1.6,37.785,15.025,16.48,8,0.17,130,1.7,1.3
2019-11-23 15:52:39,1.2,1.2,37.739,15.117,7.89,8,0.12,220,1.1,1.2
2019-11-23 18:51:21,1.2,1.2,37.738,15.051,3.45,9,0.09,108,1.6,0.5
2019-11-23 19:49:51,1.3,1.3,37.74,15.056,3.75,9,0.09,108,1.5,0.5
2019-11-24 05:28:46,2.5,2.4,37.754,14.999,0.45,21,0.13,55,0.3,0.2
2019-11-24 13:01:19,1.1,1.1,37.76,15.018,3.36,11,0.17,82,1.6,0.3
2019-11-24 18:52:05,1.2,1.2,37.726,14.924,5.63,9,0.1,154,0.6,0.6
2019-11-24 19:10:26,0.9,0.9,37.742,14.917,2.59,6,0.09,104,1,0.7
2019-11-24 21:29:11,2,2,37.742,15.036,5.66,18,0.14,38,0.5,0.2
2019-11-25 00:51:11,1,1,37.664,14.947,4.71,8,0.12,164,0.8,0.8
2019-11-25 01:00:32,1.8,1.8,37.667,14.948,3.76,15,0.17,79,0.3,0.3
2019-11-25 01:04:47,1.2,1.2,37.669,14.969,5.67,9,0.11,172,0.9,0.8
2019-11-25 01:09:20,1.4,1.3,37.667,14.95,4.88,10,0.09,163,0.6,0.7
2019-11-25 02:37:52,0.9,0.9,37.823,15.083,-1.58,6,0.06,272,0.5,0.7
2019-11-25 05:35:33,2.3,2.3,37.812,14.712,24.35,16,0.18,209,0.7,1
2019-11-25 06:10:46,1,1,37.752,15.038,2.3,11,0.05,132,0.3,0.4
2019-11-25 06:29:32,1.2,1.2,37.75,15.031,6.1,9,0.11,134,1.3,0.8
2019-11-25 08:17:20,0.6,0.6,37.725,14.944,-0.46,6,0.06,138,2.3,0.5
2019-11-25 19:33:22,1.1,1.1,37.755,15.001,1.46,9,0.13,114,1,0.6
2019-11-25 23:33:57,1.4,1.4,37.744,14.988,1.91,11,0.15,111,0.5,0.3
2019-11-26 06:39:17,1,0.7,37.713,15.108,1.51,6,0.13,116,1.5,0.3
2019-11-26 13:50:16,1,1,37.753,15.023,1.54,10,0.19,185,1,0.4
2019-11-26 17:07:27,1.6,1.6,37.683,14.995,3.41,9,0.12,241,0.6,0.8
2019-11-26 17:48:00,1.2,1.2,37.748,15.025,5.27,12,0.18,182,0.9,0.5
2019-11-26 17:49:50,1.5,1.4,37.734,15.002,3.35,17,0.17,66,0.3,0.3
2019-11-27 03:25:02,1.1,1.1,37.735,15.067,3.43,8,0.08,87,0.8,0.4
2019-11-27 05:14:46,1.2,1.2,37.735,15.025,4.88,13,0.21,125,0.9,0.6
2019-11-27 05:56:32,1.4,1.3,37.754,14.99,2.18,14,0.07,108,0.3,0.3
2019-11-27 08:15:52,1.1,1.3,37.731,15.024,5.54,10,0.17,94,1,0.8
2019-11-27 11:54:29,1.3,1.3,37.715,15.071,4.24,10,0.2,202,0.4,0.8
2019-11-27 16:46:09,1.4,1.7,37.746,15.058,2.87,26,0.24,72,0.4,0.2
2019-11-27 17:12:24,1.3,1.3,37.748,15.003,1.24,10,0.2,159,0.7,0.5
2019-11-27 21:00:09,1.2,1.2,37.745,15.028,4.7,13,0.14,134,0.7,0.5
2019-11-27 23:28:16,1.3,1.3,37.765,15.042,3.75,16,0.15,75,0.3,0.3
2019-11-27 23:29:49,1.1,1.2,37.764,15.032,4.15,17,0.2,68,0.2,0.2
2019-11-28 00:02:58,1,0.8,37.791,15.071,-0.34,7,0.05,246,1,0.7
2019-11-28 06:17:53,1.3,1.3,37.736,15.04,5.14,11,0.07,107,0.9,0.6
2019-11-28 16:39:54,1.6,1.6,37.754,15.005,0.51,32,0.17,45,0.2,0.1
2019-11-28 17:07:09,1.2,1.3,37.75,15.014,-1.2,22,0.24,67,0.6,0.1
2019-11-28 17:11:01,1.2,1.2,37.749,15.016,1.62,14,0.17,69,0.8,0.3
2019-11-28 21:09:11,1,1,37.748,15.089,4.34,9,0.13,150,0.4,0.7
2019-11-29 02:40:13,1.8,1.9,37.685,14.973,5.84,6,0.22,195,1.6,1.5
2019-11-29 09:03:54,1.5,1.3,37.683,14.962,3.93,6,0.08,197,0.7,1.3
2019-11-29 10:50:16,1.1,1.3,37.71,15.032,5.63,18,0.16,131,0.5,0.4
2019-11-30 08:16:26,1.2,1.3,37.637,15.061,4.68,8,0.17,240,1.5,1.5
2019-11-30 08:25:42,1.3,1.2,37.635,15.064,2.53,13,0.2,174,0.9,0.4
2019-11-30 12:43:23,1.1,1.4,37.695,14.941,10.38,8,0.21,197,1.2,1.1
2019-11-30 14:21:06,0.9,1.1,37.744,15.034,3.42,8,0.07,169,0.6,0.7
2019-11-30 16:19:39,1.1,1.2,37.737,14.968,4.12,7,0.12,90,0.6,0.4
2019-11-30 16:34:43,1.2,1.2,37.745,15.058,4.01,21,0.19,73,0.3,0.2
2019-11-30 21:22:24,1.1,1.1,37.754,15.02,4.16,16,0.14,113,0.3,0.4
2019-11-30 23:32:48,1.5,1.4,37.75,14.999,1.03,26,0.16,58,0.3,0.2
2019-12-01 09:00:36,1.3,1.3,37.754,15.015,2.64,16,0.11,89,0.7,0.3
2019-12-01 13:47:41,2.1,2,37.74,15.036,3.48,37,0.17,39,0.2,0.2
2019-12-01 13:49:01,1.4,1.4,37.738,15.043,6.85,14,0.1,107,0.9,0.5
2019-12-01 18:03:55,1,1,37.743,15.045,1.03,18,0.17,78,0.7,0.2
2019-12-01 18:56:52,1.5,1.6,37.744,15.162,9.37,12,0.09,236,0.7,0.9
2019-12-01 20:56:36,1.4,1.3,37.744,15.055,6.48,11,0.23,105,1,0.8
2019-12-02 06:52:16,1.3,1.3,37.746,15.016,4.94,10,0.14,155,1.6,0.7
2019-12-02 14:14:39,1.2,1.2,37.752,14.995,2.09,10,0.1,150,0.9,0.9
2019-12-02 20:32:36,1.8,1.7,37.754,15.005,1.61,21,0.1,68,0.3,0.2
2019-12-02 20:33:35,1.2,1.2,37.756,15.003,1.03,11,0.09,116,0.8,0.4
2019-12-02 20:43:02,1.1,1.1,37.752,15.009,-0.12,15,0.12,90,0.4,0.2
2019-12-02 21:11:25,1.1,1.1,37.756,15.004,1.22,19,0.14,65,0.5,0.2
2019-12-02 21:21:18,1,0.9,37.751,15.007,-1.48,9,0.06,160,1.2,0.5
2019-12-03 01:12:59,0.7,1,37.74,15.052,3.49,6,0.09,247,0.5,0.9
2019-12-03 01:22:46,1,0.9,37.752,15.041,1.19,9,0.21,158,2.8,0.7
2019-12-03 02:01:19,1,1,37.753,15.064,3.09,17,0.19,69,0.6,0.3
2019-12-03 14:56:00,1.9,1.8,37.771,14.832,7.35,18,0.11,183,0.8,0.6
2019-12-03 16:00:35,2.6,2.8,37.759,14.945,18.37,36,0.25,58,0.5,0.3
2019-12-03 17:16:33,1.2,1.2,37.739,15.057,4.83,12,0.19,244,0.9,0.9
2019-12-03 17:16:51,1.8,1.7,37.771,14.842,5.52,15,0.18,163,0.9,0.5
2019-12-03 21:08:05,0.8,0.7,37.763,15.073,2.31,8,0.15,193,0.4,0.5
2019-12-04 01:09:56,2,2,37.75,14.996,1.17,24,0.12,70,0.3,0.2
2019-12-04 01:10:29,1.2,1.2,37.749,14.991,-0.99,9,0.17,131,1,0.2
2019-12-04 01:12:12,1.3,1.3,37.75,14.994,1.04,16,0.14,87,0.4,0.3
2019-12-04 01:43:29,1.4,1.5,37.851,15.027,6.9,13,0.06,86,0.9,0.4
2019-12-04 01:44:02,1.2,1.2,37.848,15.031,6.77,11,0.05,151,0.9,0.5
2019-12-04 01:58:12,1.4,1.4,37.751,15.024,3.9,15,0.12,56,0.6,0.3
2019-12-04 02:14:20,1.3,1.3,37.75,15.027,4.11,13,0.12,102,0.4,0.3
2019-12-04 03:04:26,1.2,1.2,37.848,15.03,7.29,12,0.07,152,0.8,0.5
2019-12-04 04:19:52,1.3,1.3,37.747,15.027,4.01,23,0.13,56,0.3,0.2
2019-12-04 04:21:02,1.2,1.2,37.748,15.027,5.13,16,0.09,101,0.9,0.4
2019-12-04 04:28:03,1.3,1.3,37.747,15.032,3.68,16,0.15,81,0.4,0.3
2019-12-04 04:28:55,1.5,1.5,37.749,15.028,4.15,15,0.12,60,0.4,0.3
2019-12-04 04:31:42,1.3,1.3,37.744,15.029,5.19,20,0.13,82,0.6,0.3
2019-12-04 04:44:49,1.7,1.7,37.749,15.025,5.11,19,0.12,54,0.7,0.3
2019-12-04 07:35:56,1.5,1.5,37.749,15.033,3.84,20,0.16,78,0.3,0.2
2019-12-04 09:35:08,1.2,1.3,37.74,15.075,4.42,16,0.15,83,0.5,0.3
2019-12-04 16:33:26,1,1,37.747,15.093,3.97,11,0.17,117,0.4,0.6
2019-12-04 17:15:31,1.3,1.3,37.733,15.092,5.12,13,0.1,175,0.6,0.5
2019-12-05 00:56:21,1,1.1,37.741,15.08,5.95,12,0.16,186,0.6,0.7
2019-12-05 13:51:59,1,1,37.755,15.044,1.59,6,0.09,244,1.6,0.9
2019-12-05 17:39:55,1.5,1.4,37.744,15.024,3.4,28,0.19,79,0.3,0.2
2019-12-05 17:41:10,1.2,1.2,37.746,15.025,2.13,14,0.15,77,0.3,0.3
2019-12-05 18:08:17,1,1.1,37.75,15.115,4.17,13,0.15,95,0.4,0.4
2019-12-05 20:12:17,1,1,37.731,15.007,2.12,17,0.16,72,0.3,0.3
2019-12-05 22:38:40,1.6,1.6,37.803,14.848,15.74,10,0.18,196,0.9,1.4
2019-12-06 00:42:05,1.2,1.3,37.744,15.021,6.25,13,0.08,107,1.1,0.6
2019-12-06 03:10:16,1.6,1.5,37.747,15.024,4.82,18,0.13,54,0.4,0.3
2019-12-06 08:46:42,0.9,0.9,37.736,15.07,5.59,10,0.09,127,0.9,0.6
2019-12-06 11:07:32,1.7,1.6,37.678,15.094,4.75,25,0.16,59,0.4,0.2
2019-12-06 19:41:20,1,0.9,37.641,14.888,5.14,7,0.19,137,1.1,0.7
2019-12-06 19:42:36,1.3,1.2,37.847,15.03,7.33,11,0.07,150,0.9,0.6
2019-12-07 00:14:08,0.6,0.4,37.742,15.032,7.8,8,0.05,136,1.4,0.8
2019-12-07 00:14:23,1.3,1.3,37.755,15.038,5.81,16,0.15,82,0.6,0.3
2019-12-07 00:49:30,1.4,1.4,37.755,15.038,5.78,26,0.18,58,0.4,0.2
2019-12-07 00:58:46,1.2,1.3,37.745,15.063,6.99,16,0.15,95,0.5,0.4
2019-12-07 03:24:57,1.1,1.2,37.735,15.072,2.42,8,0.17,116,0.7,0.3
2019-12-07 05:33:31,1.1,1.1,37.721,15.124,4.21,11,0.22,111,0.3,0.3
2019-12-07 07:58:32,1,1.4,37.753,15.074,6.67,11,0.18,122,0.7,0.7
2019-12-07 22:02:12,1,1.2,37.812,15.009,10.43,8,0.12,157,1.6,2
2019-12-09 00:12:29,1.1,1.4,37.747,15.033,5.27,11,0.14,81,1.3,0.5
2019-12-09 04:02:21,1.1,1.2,37.683,15.088,1.7,11,0.18,117,0.8,0.2
2019-12-09 07:47:48,1.3,1.3,37.724,15.006,3.43,12,0.11,97,0.4,0.3
2019-12-09 17:41:03,1.3,1.3,37.743,15.052,3.97,17,0.08,73,0.3,0.3
2019-12-09 21:50:46,1,1.1,37.746,15.023,4.51,12,0.06,144,1.2,0.4
2019-12-10 14:44:09,0.9,0.9,37.748,15.118,4.89,10,0.14,182,0.7,0.8
2019-12-10 14:45:12,0.7,0.8,37.744,15.122,5.91,10,0.19,108,0.6,0.5
2019-12-10 20:11:43,1.1,1.4,37.767,15.087,7.62,9,0.1,175,1,1.2
2019-12-11 19:31:41,1.3,1.3,37.744,15.052,4.11,9,0.11,143,1.2,0.6
2019-12-11 21:19:19,1.5,1.4,37.642,14.924,6.23,9,0.18,142,0.9,0.5
2019-12-12 02:42:43,0.8,0.9,37.715,15.109,4.36,8,0.1,225,0.4,0.9
2019-12-12 04:00:35,1.2,1.1,37.729,14.98,4.58,11,0.14,100,0.6,0.4
2019-12-12 06:57:03,1.3,1.3,37.718,15.109,6.58,12,0.18,127,0.6,0.5
2019-12-12 08:11:44,0.8,0.8,37.738,15.037,3.95,8,0.04,164,1.7,1
2019-12-12 12:37:19,1,1.1,37.718,15.067,7.07,8,0.04,186,0.8,1.1
2019-12-12 12:51:17,1.1,1.2,37.72,15.065,7.35,10,0.08,177,0.9,0.9
2019-12-12 22:37:49,0.9,0.8,37.78,15.073,3.93,8,0.11,126,0.9,0.9
2019-12-13 11:47:41,1,1.2,37.738,15.039,8.87,7,0.06,163,1.4,1.3
2019-12-15 00:20:34,0.8,0.9,37.759,15.108,8.2,7,0.11,112,0.7,1
2019-12-15 00:52:41,0.9,0.8,37.771,15.104,6.66,8,0.11,107,0.6,0.6
2019-12-15 01:57:58,1.9,1.7,37.757,15.114,7.16,24,0.21,49,0.3,0.2
2019-12-15 02:10:19,1,0.6,37.752,15.158,4.48,10,0.25,147,0.8,0.4
2019-12-15 02:36:43,1.3,1.1,37.75,15.117,6.93,14,0.14,76,0.4,0.3
2019-12-15 02:54:55,1,1,37.758,15.12,4.42,15,0.21,80,0.5,0.3
2019-12-15 05:30:30,1.1,1.2,37.732,14.836,11.16,6,0.05,148,1.7,1.4
2019-12-15 07:57:40,1.1,0.7,37.687,14.892,0.04,6,0.28,185,0.9,0.5
2019-12-15 09:02:21,1.2,1.4,37.582,14.858,6.48,6,0.12,332,1,2
2019-12-15 17:13:05,1.5,1.2,37.715,14.919,0.02,14,0.19,102,0.6,0.2
2019-12-15 18:49:42,1.2,1.2,37.752,15.042,5.19,14,0.12,78,0.5,0.3
2019-12-15 20:27:34,1.3,1.1,37.738,15.108,6.94,10,0.07,185,0.6,0.6
2019-12-15 20:34:24,1.5,1.2,37.748,15.085,6.07,15,0.16,57,0.4,0.3
2019-12-15 20:39:56,2.2,1.9,37.746,15.092,7.13,25,0.16,73,0.3,0.2
2019-12-15 20:44:12,0.7,0.8,37.742,15.111,6.14,7,0.1,198,0.9,1.1
2019-12-15 20:44:32,0.8,1,37.724,15.125,6.73,10,0.14,269,0.8,0.7
2019-12-16 02:16:28,1.2,1.3,37.732,15.042,6.41,18,0.16,100,0.6,0.3
2019-12-16 04:04:33,0.8,0.6,37.749,15.05,2.6,7,0.04,123,1.9,0.5
2019-12-16 04:41:52,1.3,1.3,37.747,15.053,3.66,24,0.18,70,0.2,0.2
2019-12-16 05:16:12,0.9,0.7,37.75,15.049,0.22,7,0.14,189,0.5,0.4
2019-12-16 05:21:40,0.8,0.7,37.768,15.057,2.43,6,0.17,134,0.8,0.5
2019-12-16 06:24:09,0.8,0.7,37.751,15.004,2,6,0.05,197,0.9,0.7
2019-12-16 07:33:01,0.6,0.7,37.746,15.045,2.21,9,0.09,153,1.1,0.5
2019-12-16 08:53:14,0.6,1.1,37.735,15.148,8.81,7,0.07,231,1.3,1
2019-12-16 23:37:13,0.7,0.7,37.734,15.067,3.38,7,0.1,255,1.1,1.3
2019-12-17 00:38:15,1.3,1.2,37.728,15.04,6.25,12,0.12,118,1.1,0.6
2019-12-17 06:22:56,1.4,1.4,37.722,15.13,6.27,14,0.15,128,0.4,0.3
2019-12-17 06:46:24,2.1,2.1,37.718,15.125,7.1,23,0.24,120,0.4,0.4
2019-12-17 06:54:52,2.3,2.4,37.717,15.12,5.95,32,0.22,97,0.4,0.2
2019-12-17 13:58:29,1,1,37.744,15.025,5.47,7,0.08,183,1,0.8
2019-12-17 13:59:44,1.3,1.3,37.748,15.034,6.14,13,0.08,92,0.5,0.3
2019-12-17 19:04:37,1,0.8,37.741,15.044,4.74,9,0.06,97,1.4,0.5
2019-12-17 22:10:20,1.3,1.3,37.749,15.03,4.91,28,0.18,57,0.6,0.3
2019-12-17 23:48:43,3.5,3.8,37.843,14.905,26.65,34,0.24,103,0.5,0.4
2019-12-18 00:14:31,1.6,1.7,37.848,14.884,27.36,10,0.17,149,0.5,0.9
2019-12-18 00:37:54,1.8,1.7,37.864,14.914,26.58,10,0.17,129,0.7,0.8
2019-12-18 03:10:35,1.5,1.4,37.743,15.025,3.69,28,0.14,57,0.1,0.2
2019-12-18 04:46:51,0.9,0.7,37.743,15.037,2.32,9,0.15,124,1.9,0.3
2019-12-18 09:47:45,1.8,2,37.866,14.942,24.79,13,0.2,121,0.8,0.7
2019-12-18 22:45:08,1.6,1.3,37.726,15.03,4.73,16,0.11,71,0.5,0.3
2019-12-19 01:40:08,0.9,0.9,37.751,15.062,2.29,7,0.09,102,0.4,0.7
2019-12-19 07:00:14,1.4,1.4,37.704,15.064,2.78,11,0.11,146,0.6,0.3
2019-12-19 07:14:59,0.7,0.7,37.712,15.051,1.22,7,0.2,173,1.3,1.2
2019-12-19 09:40:03,0.8,0.8,37.702,15.073,-1.57,7,0.19,232,1.4,1.9
2019-12-19 10:15:21,0.6,0.6,37.73,15.042,-1.3,7,0.22,205,1,0.7
2019-12-19 11:25:42,1.8,1.8,37.703,15.06,3.29,14,0.18,146,0.6,0.3
2019-12-19 23:02:29,1.4,1.4,37.707,15.063,1.48,18,0.21,136,0.3,0.2
2019-12-19 23:22:39,1,1.1,37.731,15.019,6.84,8,0.21,200,1.5,0.8
2019-12-20 02:11:42,0.7,0.7,37.7,15.066,0.96,7,0.16,156,2.4,0.6
2019-12-20 03:25:02,0.8,0.8,37.707,15.063,3.63,8,0.07,139,1.1,0.6
2019-12-20 06:27:22,1.2,1.2,37.706,15.066,2.48,8,0.03,142,0.7,0.4
2019-12-20 09:15:22,1.7,1.7,37.817,15.001,28.02,10,0.08,133,1.6,1.5
2019-12-20 14:59:10,1,1,37.727,14.939,3.87,7,0.14,72,0.6,0.6
2019-12-21 01:52:27,1.2,1.1,37.764,15.099,5.39,15,0.14,59,0.4,0.3
2019-12-21 11:50:55,1,1,37.743,15.051,9.13,8,0.13,295,1,1.3
2019-12-21 12:03:00,2.6,2.5,37.81,15.121,0.94,17,0.2,113,0.5,0.3
2019-12-21 12:24:40,2.3,2.3,37.818,15.12,0.7,17,0.12,117,0.5,0.3
2019-12-21 12:29:16,1.7,1.6,37.813,15.107,1.62,10,0.19,125,0.4,0.3
2019-12-21 12:30:23,2.1,2.1,37.812,15.13,1.81,9,0.11,118,0.5,0.4
2019-12-21 12:37:00,2.1,2,37.818,15.132,1.47,10,0.15,114,0.5,0.4
2019-12-21 14:27:16,1.7,1.6,37.733,14.924,5.35,17,0.11,67,0.3,0.2
2019-12-21 20:14:11,1.3,1.2,37.743,15.019,6.99,12,0.11,109,0.8,0.5
2019-12-21 20:18:22,1.6,1.5,37.743,15.029,5.89,15,0.13,84,0.4,0.3
2019-12-21 21:53:03,1.2,1.1,37.742,15.024,5.44,10,0.18,127,0.6,0.6
2019-12-22 16:17:07,1,1,37.746,15.031,5.92,6,0.05,135,1.5,0.8
2019-12-22 16:40:48,1.1,1.1,37.745,15.033,6.57,8,0.04,92,1.2,0.6
2019-12-24 09:47:14,1.2,1.2,37.729,15.038,6.21,7,0.05,113,2.3,0.9
2019-12-24 21:32:19,0.9,1,37.708,15.125,6.33,8,0.12,170,0.9,0.7
2019-12-26 06:04:02,1.3,0.6,37.676,14.971,-0.26,8,0.1,213,0.5,0.6
2019-12-26 11:58:53,0.8,0.8,37.775,15.041,5.07,7,0.16,220,0.9,1.4
2019-12-26 20:20:34,0.9,0.9,37.747,15.046,3.36,12,0.08,113,0.8,0.3
2019-12-26 20:40:55,1,1.1,37.745,15.028,4.95,15,0.1,98,0.8,0.3
2019-12-26 22:50:19,1.2,1.4,37.799,15.206,3.89,19,0.15,132,0.3,0.4
2019-12-27 00:02:31,0.8,0.8,37.749,15.068,2.4,18,0.2,97,0.2,0.2
2019-12-27 03:21:45,0.9,1.2,37.794,15.209,3.7,13,0.13,160,0.3,0.5
2019-12-27 03:23:18,1,0.9,37.743,15.044,2.24,19,0.13,79,0.2,0.2
2019-12-27 03:24:48,0.8,0.8,37.741,15.047,3.31,10,0.07,150,1.5,0.6
2019-12-27 04:00:29,0.8,0.8,37.748,15.044,3.58,11,0.07,115,0.4,0.3
2019-12-27 04:57:35,1,1,37.745,15.047,3.49,17,0.16,77,0.5,0.2
2019-12-27 15:11:50,0.9,1,37.747,15.03,4.76,11,0.06,137,0.9,0.5
2019-12-27 16:58:09,1.1,1.2,37.729,15.071,3.02,18,0.16,97,0.5,0.2
2019-12-27 18:45:25,1,1.1,37.715,15.024,5,17,0.11,105,0.5,0.4
2019-12-27 21:01:36,1.1,1.1,37.732,15.01,1.42,22,0.18,74,0.3,0.2
2019-12-28 02:28:31,1.2,1.1,37.742,15.059,3.88,20,0.15,77,0.3,0.2
2019-12-29 17:16:23,1.1,1.1,37.752,15.074,4.42,13,0.17,79,0.8,0.4
2019-12-29 22:35:41,1,1,37.749,15.124,4.26,11,0.13,175,0.4,0.6
2019-12-29 22:54:02,1.1,1.1,37.737,15.125,8.67,14,0.15,118,0.7,0.6
2019-12-29 22:54:58,1.1,1.1,37.748,15.125,6.99,14,0.15,113,0.7,0.4
2019-12-30 00:40:44,1.1,1.1,37.743,15.074,8.12,7,0.1,110,2.2,1.5
2019-12-30 23:30:12,1.2,1.2,37.68,15.099,7.37,9,0.06,124,0.9,0.5
2019-12-31 23:07:58,1.2,1.2,37.704,15.001,5.14,16,0.16,107,0.6,0.6
2019-12-31 23:14:14,1.1,1.1,37.753,15.113,4.19,10,0.14,86,0.8,0.5
