Origin Time;Ml;Zone;Depth;Latitude;Longitude;FM;Discrepancies;Strike;Dip;Rake;P_Azm;P_PLNG;T_Azm;T_PLNG
2020/01/01 14:24:43;1.5;0.5 km N from Monte Centenari (CT);3.77;37.7396;15.0344;8;;35;55;-160;249;37;348;12
2020/01/01 14:24:43;1.5;0.5 km N from Monte Centenari (CT);3.77;37.7396;15.0344;8;;80;35;-90;170;80;350;10
2020/01/06 13:14:07;1.9;1.5 km E from Ragalna (CT);0.8;37.64;14.9581;10;;280;90;-120;163;38;37;38
2020/01/06 13:14:07;1.9;1.5 km E from Ragalna (CT);0.8;37.64;14.9581;10;;235;85;-40;184;31;289;23
2020/01/06 13:14:07;1.9;1.5 km E from Ragalna (CT);0.8;37.64;14.9581;10;;320;75;-100;216;59;58;29
2020/01/10 23:09:07;1.2;1.7 km NW from Monte Centenari (CT);3.47;37.7488;15.026;7;;335;5;-180;160;45;330;45
2020/01/11 23:52:48;1.3;1.3 km SE from Monte Fontane (CT);5.31;37.7311;15.0956;8;;80;20;-10;70;45;287;38
2020/01/13 16:55:06;1.8;1.4 km SW from Monte Scorsone (CT);3.31;37.7419;15.0552;13;;20;65;150;72;1;341;38
2020/01/13 16:55:06;1.8;1.4 km SW from Monte Scorsone (CT);3.31;37.7419;15.0552;13;;125;30;0;98;38;332;38
2020/01/13 17:39:52;1.3;1.4 km E from Monte Centenari (CT);3.78;37.7375;15.0512;8;;115;65;0;73;17;337;17
2020/01/13 19:21:37;1.3;1.6 km NE from Monte Centenari (CT);3.42;37.7431;15.0515;8;;145;30;-10;125;42;358;33
2020/01/14 21:16:55;1.4;1.9 km NE from Monte Centenari (CT);6.26;37.7495;15.047;9;;10;80;70;117;32;257;51
2020/01/15 05:31:03;1.5;1.6 km SW from Monte Scorsone (CT);4.9;37.7379;15.057;7;;135;40;0;102;33;348;33
2020/01/15 07:31:52;1.8;1.3 km SW from Monte Scorsone (CT);4.62;37.7387;15.0611;15;;135;45;-10;104;36;355;24
2020/01/15 11:48:46;2.7;1.2 km SE from Lavinaio (CT);-1.58;37.6264;15.112;13;;155;35;40;100;19;339;57
2020/01/15 19:48:49;1.3;1.7 km SW from Monte Arcimis (CT);4.15;37.6805;15.052;13;;250;75;140;306;15;204;38
2020/01/15 23:09:16;1.3;1.0 km NE from Monte Zoccolaro (CT);7.34;37.7201;15.068;8;;15;65;100;98;19;305;68
2020/01/15 23:09:16;1.3;1.0 km NE from Monte Zoccolaro (CT);7.34;37.7201;15.068;8;;160;70;-90;70;65;250;25
2020/01/16 01:21:21;2.3;2.1 km SW from Bronte (CT);9;37.7709;14.8202;7;;5;40;30;315;18;202;50
2020/01/16 01:21:21;2.3;2.1 km SW from Bronte (CT);9;37.7709;14.8202;7;;255;75;-150;119;32;23;9
2020/01/16 01:21:21;2.3;2.1 km SW from Bronte (CT);9;37.7709;14.8202;7;;115;55;-70;76;72;191;8
2020/01/16 01:21:21;2.3;2.1 km SW from Bronte (CT);9;37.7709;14.8202;7;;80;20;100;342;25;153;65
2020/01/17 23:07:06;2;2.1 km SW from Zafferana Etnea (CT);1.34;37.6787;15.0882;22;;35;45;-80;31;83;298;0
2020/01/17 23:11:23;1.3;2.1 km NW from Fleri (CT);0.3;37.6733;15.0885;7;;15;50;-120;218;67;126;1
2020/01/17 23:11:23;1.3;2.1 km NW from Fleri (CT);0.3;37.6733;15.0885;7;;115;50;-110;320;74;219;3
2020/01/17 23:11:23;1.3;2.1 km NW from Fleri (CT);0.3;37.6733;15.0885;7;;340;70;-110;221;60;85;22
2020/01/17 23:19:32;1.6;2.0 km N from Fleri (CT);2.21;37.6732;15.0915;12;;235;80;-50;182;41;295;24
2020/01/17 23:19:32;1.6;2.0 km N from Fleri (CT);2.21;37.6732;15.0915;12;;5;30;-120;158;67;297;18
2020/01/19 07:49:13;1.6;0.6 km E from Monte Centenari (CT);4.02;37.7354;15.0426;15;;35;55;-170;251;30;352;18
2020/01/19 11:23:47;1.5;1.3 km N from Monte Centenari (CT);6.43;37.7467;15.0363;11;;110;15;-40;135;53;339;34
2020/01/19 13:00:59;1.9;1.9 km W from Monte Palestra (CT);7.56;37.7414;14.9348;16;;110;15;120;355;32;159;57
2020/01/19 13:02:40;1.6;1.7 km N from Monte Centenari (CT);6.67;37.7505;15.0378;15;;135;50;160;1;16;105;40
2020/01/21 07:47:18;1.4;1.2 km N from Monte Centenari (CT);6.19;37.7461;15.0323;7;;165;80;-180;30;7;120;7
2020/01/22 04:45:24;1.3;0.6 km E from Monte Fontane (CT);6.33;37.7419;15.0922;10;;120;65;10;75;11;340;24
2020/01/23 05:38:23;1.2;0.9 km NW from Monte Centenari (CT);3.79;37.741;15.0277;11;;45;90;-60;342;38;108;38
2020/01/23 05:38:23;1.2;0.9 km NW from Monte Centenari (CT);3.79;37.741;15.0277;11;;85;30;100;348;15;149;74
2020/01/23 12:42:54;1.5;0.7 km W from Zafferana Etnea (CT);3.7;37.6946;15.0971;15;;60;10;-20;70;48;269;41
2020/01/23 12:44:19;1.3;1.1 km NW from Zafferana Etnea (CT);2.06;37.6978;15.0951;8;;90;70;90;180;25;360;65
2020/01/23 12:44:19;1.3;1.1 km NW from Zafferana Etnea (CT);2.06;37.6978;15.0951;8;;180;50;-40;155;53;57;6
2020/01/23 12:44:19;1.3;1.1 km NW from Zafferana Etnea (CT);2.06;37.6978;15.0951;8;;30;75;80;128;29;286;59
2020/01/23 21:18:58;1.8;1.2 km E from Crateri Centrali (CT);1.09;37.7526;15.0085;21;;5;55;-100;241;77;102;9
2020/01/23 21:18:58;1.8;1.2 km E from Crateri Centrali (CT);1.09;37.7526;15.0085;21;;20;50;-150;227;46;329;11
2020/01/25 11:19:15;2.5;1.2 km W from Monte Scorsone (CT);5.71;37.7491;15.0552;20;;120;65;10;75;11;340;24
2020/01/25 12:21:33;1.5;1.2 km W from Monte Scorsone (CT);5.49;37.7484;15.0558;8;;55;55;-120;268;65;166;6
2020/01/25 12:21:33;1.5;1.2 km W from Monte Scorsone (CT);5.49;37.7484;15.0558;8;;175;30;-100;291;74;92;15
2020/01/26 00:15:20;2.2;1.3 km W from Monte Scorsone (CT);4.08;37.753;15.0559;14;;300;90;-10;255;7;345;7
2020/01/26 00:15:20;2.2;1.3 km W from Monte Scorsone (CT);4.08;37.753;15.0559;14;;90;45;-60;79;69;339;4
2020/01/26 02:31:14;2.4;1.4 km W from Monte Scorsone (CT);5.63;37.7531;15.0539;13;;55;60;-110;284;68;159;13
2020/02/04 12:45:26;1.8;4.7 km SE from Torre Archirafi (CT);3.11;37.6735;15.2414;7;;110;40;70;34;7;277;76
2020/02/04 12:45:26;1.8;4.7 km SE from Torre Archirafi (CT);3.11;37.6735;15.2414;7;;20;90;150;69;21;331;21
2020/02/09 13:44:12;1.4;0.7 km NW from Monte Centenari (CT);2.77;37.7407;15.0319;11;;75;25;-60;111;64;323;22
2020/02/16 12:32:38;1.6;1.1 km W from Monte Scorsone (CT);3.79;37.7521;15.0574;10;;140;45;-70;133;76;36;2
2020/02/16 12:32:38;1.6;1.1 km W from Monte Scorsone (CT);3.79;37.7521;15.0574;10;;95;30;-40;99;57;329;23
2020/02/18 02:09:14;1.2;1.1 km SE from P.zi Deneri (CT);4.45;37.7609;15.0282;7;;70;65;-180;292;17;28;17
2020/02/18 02:09:14;1.2;1.1 km SE from P.zi Deneri (CT);4.45;37.7609;15.0282;7;;140;25;-40;152;56;13;27
2020/02/18 20:06:21;2.1;1.1 km NE from Monte Palestra (CT);6.08;37.7522;14.9631;14;;165;75;-30;121;32;217;9
2020/02/18 20:06:21;2.1;1.1 km NE from Monte Palestra (CT);6.08;37.7522;14.9631;14;;30;45;-100;214;83;307;0
2020/02/18 20:06:21;2.1;1.1 km NE from Monte Palestra (CT);6.08;37.7522;14.9631;14;;60;45;-80;56;83;323;0
2020/02/18 20:06:21;2.1;1.1 km NE from Monte Palestra (CT);6.08;37.7522;14.9631;14;;195;85;-100;94;49;294;39
2020/02/19 21:38:53;1.4;1.5 km N from M. Intraleo (CT);6.45;37.7357;14.9218;9;;105;70;-30;63;35;157;5
2020/02/19 22:05:35;0.8;0.6 km E from Monte Centenari (CT);1.29;37.7341;15.0422;9;;330;25;-150;148;52;285;29
2020/02/19 22:05:35;0.8;0.6 km E from Monte Centenari (CT);1.29;37.7341;15.0422;9;;190;50;-40;165;53;67;6
2020/02/19 22:05:35;0.8;0.6 km E from Monte Centenari (CT);1.29;37.7341;15.0422;9;;305;35;-160;142;46;263;26
2020/02/20 08:08:42;1.3;1.1 km W from M. Frumento Supino (CT);7.27;37.7334;14.9836;12;;20;70;140;77;11;337;42
2020/02/20 08:08:42;1.3;1.1 km W from M. Frumento Supino (CT);7.27;37.7334;14.9836;12;;40;35;-120;205;69;331;13
2020/02/21 00:16:45;1.5;0.9 km SE from P.zi Deneri (CT);3.7;37.7608;15.026;9;;155;75;100;237;29;79;59
2020/02/29 05:41:48;1.2;1.9 km E from M. Intraleo (CT);5.37;37.7291;14.9377;11;;80;40;-60;82;69;329;9
2020/02/29 05:41:48;1.2;1.9 km E from M. Intraleo (CT);5.37;37.7291;14.9377;11;;35;45;-110;222;76;319;2
2020/02/29 05:41:48;1.2;1.9 km E from M. Intraleo (CT);5.37;37.7291;14.9377;11;;200;80;-110;87;51;307;32
2020/03/03 04:57:21;1.5;1.7 km NW from Monte Centenari (CT);5.17;37.7488;15.0276;15;;340;90;180;205;0;115;0
2020/03/06 00:57:49;2;0.8 km NE from Monte Centenari (CT);3.95;37.7421;15.0386;10;;140;30;-20;128;47;0;29
2020/03/07 09:07:28;1.2;1.4 km NW from Monte Zoccolaro (CT);6.18;37.7268;15.051;8;;5;65;40;128;6;225;45
2020/03/07 09:07:28;1.2;1.4 km NW from Monte Zoccolaro (CT);6.18;37.7268;15.051;8;;170;25;80;88;20;280;69
2020/03/07 09:37:00;1.7;1.9 km SW from Rifugio Citelli (CT);6.82;37.7538;15.0445;16;;180;80;140;235;19;131;35
2020/03/07 09:37:00;1.7;1.9 km SW from Rifugio Citelli (CT);6.82;37.7538;15.0445;16;;80;70;-140;303;42;203;11
2020/03/07 09:37:00;1.7;1.9 km SW from Rifugio Citelli (CT);6.82;37.7538;15.0445;16;;320;35;20;278;26;157;46
2020/03/07 09:37:00;1.7;1.9 km SW from Rifugio Citelli (CT);6.82;37.7538;15.0445;16;;160;70;60;272;19;32;55
2020/03/08 18:19:41;1.2;1.9 km W from M. Intraleo (CT);4.38;37.723;14.895;7;;155;50;-10;121;33;17;21
2020/03/08 18:19:41;1.2;1.9 km W from M. Intraleo (CT);4.38;37.723;14.895;7;;15;5;-110;127;50;303;40
2020/03/08 18:19:41;1.2;1.9 km W from M. Intraleo (CT);4.38;37.723;14.895;7;;100;35;-100;227;78;17;10
2020/03/08 18:19:41;1.2;1.9 km W from M. Intraleo (CT);4.38;37.723;14.895;7;;95;15;-30;110;51;316;36
2020/03/11 17:35:01;2.1;0.4 km SE from Sant'Alfio (CT);7;37.7385;15.1433;11;;45;40;-90;135;85;315;5
2020/03/13 13:40:33;2;2.1 km SE from Nicolosi (CT);12.79;37.5962;15.0351;14;;65;35;170;281;31;41;41
2020/03/13 14:56:10;2.1;2.0 km NW from Pedara (CT);8.76;37.6311;15.0462;10;;170;25;-40;182;56;43;27
2020/03/13 22:28:30;1.4;1.9 km W from Sant'Alfio (CT);13.12;37.7409;15.1188;8;;140;65;110;215;18;84;64
2020/03/13 23:03:35;2.5;1.3 km NW from Milo (CT);12.87;37.7319;15.1081;21;;0;30;110;255;16;43;71
2020/03/13 23:03:35;2.5;1.3 km NW from Milo (CT);12.87;37.7319;15.1081;21;;100;60;80;197;14;345;73
2020/03/13 23:07:06;1.8;1.0 km N from Milo (CT);13.31;37.7311;15.1172;11;;160;60;30;108;3;15;41
2020/03/14 00:37:12;1.6;1.0 km SW from Pietrafucile (CT);12.75;37.7534;15.1249;9;;145;75;40;269;15;11;38
2020/03/15 19:44:14;1.7;1.0 km W from Sant'Alfio (CT);14.25;37.7407;15.1293;14;;75;40;160;299;23;53;44
2020/03/17 11:14:32;2.1;1.3 km NW from Fleri (CT);-1.56;37.667;15.0911;17;;180;40;-80;213;82;83;5
2020/03/17 18:08:57;1.2;1.7 km NE from Monte Centenari (CT);3.87;37.746;15.0494;8;;35;75;-110;280;56;141;27
2020/03/18 19:52:26;1.4;1.5 km NE from Monte Scorsone (CT);8.46;37.7595;15.0784;7;;95;65;-30;56;38;147;1
2020/03/19 15:14:47;1.3;0.1 km E from Monte Fontane (CT);7.62;37.7395;15.0867;10;;100;85;-30;52;24;150;17
2020/03/19 15:14:47;1.3;0.1 km E from Monte Fontane (CT);7.62;37.7395;15.0867;10;;140;40;60;71;9;318;69
2020/03/22 10:10:09;2.5;1.6 km E from Monte Centenari (CT);4.13;37.7396;15.0526;14;;300;85;-40;249;31;354;23
2020/03/22 10:10:09;2.5;1.6 km E from Monte Centenari (CT);4.13;37.7396;15.0526;14;;45;60;-140;260;48;168;2
2020/03/22 10:32:12;3.4;1.6 km SW from Monte Scorsone (CT);3.78;37.7369;15.0584;16;;120;70;20;72;1;341;28
2020/03/22 12:43:20;1.5;1.2 km E from Monte Centenari (CT);3.3;37.7341;15.0492;9;;135;5;-30;160;47;349;42
2020/03/22 12:43:20;1.5;1.2 km E from Monte Centenari (CT);3.3;37.7341;15.0492;9;;190;50;-80;153;81;273;5
2020/03/22 13:40:12;1.4;1.6 km E from Monte Centenari (CT);4.24;37.7334;15.054;8;;70;30;-10;50;42;283;33
2020/03/22 14:07:09;1.6;1.9 km E from Monte Centenari (CT);4.26;37.7337;15.0574;11;;50;40;-150;247;50;0;18
2020/03/22 14:07:09;1.6;1.9 km E from Monte Centenari (CT);4.26;37.7337;15.0574;11;;95;75;90;185;30;5;60
2020/03/22 14:07:09;1.6;1.9 km E from Monte Centenari (CT);4.26;37.7337;15.0574;11;;50;25;140;283;27;62;56
2020/03/22 14:07:09;1.6;1.9 km E from Monte Centenari (CT);4.26;37.7337;15.0574;11;;10;80;-120;249;47;124;29
2020/03/24 13:19:17;2.1;1.0 km NW from Monte Zoccolaro (CT);10.14;37.7239;15.0522;10;;30;25;-130;187;60;330;24
2020/03/24 13:19:17;2.1;1.0 km NW from Monte Zoccolaro (CT);10.14;37.7239;15.0522;10;;125;65;-10;85;24;350;11
2020/03/24 13:19:17;2.1;1.0 km NW from Monte Zoccolaro (CT);10.14;37.7239;15.0522;10;;25;70;140;82;11;342;42
2020/03/24 17:29:38;1.3;1.5 km NW from Monte Centenari (CT);2.77;37.7468;15.0271;11;;75;55;-60;42;65;144;6
2020/03/24 17:33:38;1.5;1.3 km NW from Monte Centenari (CT);3.9;37.7461;15.0306;12;;60;25;-150;238;52;15;29
2020/03/24 17:33:38;1.5;1.3 km NW from Monte Centenari (CT);3.9;37.7461;15.0306;12;;150;20;-140;311;55;99;31
2020/03/24 17:43:29;1.5;1.3 km N from Monte Centenari (CT);3.85;37.7466;15.0333;9;;40;35;-170;244;41;4;31
2020/03/24 17:43:29;1.5;1.3 km N from Monte Centenari (CT);3.85;37.7466;15.0333;9;;175;80;100;256;34;97;54
2020/03/26 20:13:17;1.4;1.6 km NW from Monte Centenari (CT);4.95;37.7463;15.0234;9;;30;40;-160;232;44;346;23
2020/03/27 14:30:13;2.2;0.7 km SW from Sant'Alfio (CT);6.71;37.7363;15.1372;14;;65;25;-70;116;67;320;21
2020/03/29 14:08:43;1.6;1.2 km SE from M. Denza (CT);10.08;37.6964;14.9723;10;;180;30;160;40;29;168;47
2020/03/29 14:08:43;1.6;1.2 km SE from M. Denza (CT);10.08;37.6964;14.9723;10;;10;90;-180;55;0;325;0
2020/03/29 14:08:43;1.6;1.2 km SE from M. Denza (CT);10.08;37.6964;14.9723;10;;60;5;60;358;41;183;49
2020/03/29 14:16:28;1.5;0.8 km NE from M. Parmentelli (CT);10.78;37.6854;14.9757;8;;0;90;170;45;7;315;7
2020/03/29 14:17:33;1.7;1.3 km N from M. Parmentelli (CT);9.88;37.6931;14.9689;12;;280;85;80;19;39;179;49
2020/03/29 14:21:09;1.4;1.3 km W from Rifugio Sapienza (CT);9.99;37.6956;14.9847;8;;75;45;130;318;7;61;62
2020/03/29 14:21:09;1.4;1.3 km W from Rifugio Sapienza (CT);9.99;37.6956;14.9847;8;;115;80;160;163;7;70;21
2020/03/29 14:43:55;1.6;0.5 km E from M. Parmentelli (CT);11.31;37.6796;14.9744;7;;55;55;-20;21;37;282;12
2020/03/29 15:30:48;1.5;1.0 km SE from M. Denza (CT);10.06;37.7003;14.9751;10;;275;80;20;47;7;140;21
2020/03/29 16:06:54;2.3;0.7 km W from M. Denza (CT);10.11;37.7044;14.9584;13;;65;55;0;26;24;284;24
2020/03/29 16:07:47;1.9;0.8 km SW from M. Denza (CT);10.61;37.7001;14.9606;9;;25;45;60;316;4;216;69
2020/03/29 16:07:47;1.9;0.8 km SW from M. Denza (CT);10.61;37.7001;14.9606;9;;140;80;160;188;7;95;21
2020/03/29 16:07:47;1.9;0.8 km SW from M. Denza (CT);10.61;37.7001;14.9606;9;;125;70;90;215;25;35;65
2020/03/29 16:07:47;1.9;0.8 km SW from M. Denza (CT);10.61;37.7001;14.9606;9;;80;85;140;134;23;29;31
2020/03/29 16:51:23;1.7;0.4 km SW from M. Denza (CT);10.48;37.7028;14.9633;13;;90;65;50;208;11;312;52
2020/03/29 17:14:02;1.9;1.5 km SW from M. Denza (CT);10.59;37.6948;14.957;16;;60;70;40;183;11;283;42
2020/04/01 02:21:21;1.3;1.3 km E from Crateri Centrali (CT);0.4;37.7527;15.0101;9;;0;70;-120;232;55;112;19
2020/04/03 08:25:51;1.4;1.3 km SW from Monte Scorsone (CT);4.01;37.7392;15.0595;12;;300;85;0;255;4;165;4
2020/04/06 16:47:19;1.5;2.0 km E from Monte Zoccolaro (CT);4.41;37.7125;15.0806;15;;80;80;-170;304;14;34;0
2020/04/06 16:47:19;1.5;2.0 km E from Monte Zoccolaro (CT);4.41;37.7125;15.0806;15;;165;75;-10;122;18;31;4
2020/04/06 17:58:46;1.2;2.4 km E from Monte Zoccolaro (CT);3.98;37.7157;15.0856;11;;120;20;140;351;31;139;55
2020/04/12 02:49:08;1.7;0.1 km NE from Monte Centenari (CT);3.75;37.7359;15.0361;9;;115;40;-50;110;63;357;11
2020/04/13 14:05:40;1.8;3.1 km SW from Biancavilla (CT);6.88;37.6201;14.8473;8;;205;25;-130;2;60;145;24
2020/04/13 19:29:32;1.5;1.4 km W from Monte Scorsone (CT);4.64;37.7494;15.0531;11;;80;70;-20;39;28;308;1
2020/04/13 19:29:32;1.5;1.4 km W from Monte Scorsone (CT);4.64;37.7494;15.0531;11;;30;40;-130;215;63;328;11
2020/04/16 05:11:43;1.6;1.3 km W from M. Frumento Supino (CT);3.71;37.7366;14.9811;10;;300;85;10;74;3;165;11
2020/04/16 05:11:43;1.6;1.3 km W from M. Frumento Supino (CT);3.71;37.7366;14.9811;10;;155;45;80;72;0;339;83
2020/04/16 13:05:44;1.6;1.7 km E from M. Intraleo (CT);4.66;37.7254;14.9367;14;;115;65;-40;75;45;172;6
2020/04/16 13:05:44;1.6;1.7 km E from M. Intraleo (CT);4.66;37.7254;14.9367;14;;325;80;60;79;29;204;47
2020/04/17 14:34:42;2;1.3 km SE from M. Intraleo (CT);8.04;37.7165;14.9291;9;;65;70;-160;286;28;17;1
2020/04/18 17:08:22;1.7;1.2 km E from Santa Tecla (CT);9.6;37.6378;15.1896;8;;25;70;0;342;14;248;14
2020/04/20 01:09:27;1;1.7 km NW from Monte Centenari (CT);5.99;37.7451;15.0202;7;;90;80;40;215;19;319;35
2020/04/22 04:20:52;2;1.1 km NE from Monte Centenari (CT);3.09;37.7437;15.0425;13;;115;55;-10;79;30;338;18
2020/04/23 12:45:47;1.6;0.3 km SW from Pietrafucile (CT);8;37.7591;15.1277;7;;105;75;0;61;11;329;11
2020/05/09 20:56:50;1.4;1.0 km E from M. Intraleo (CT);9.92;37.72;14.9283;10;;85;50;-100;302;81;182;5
2020/05/10 03:58:59;1.1;1.2 km SE from Crateri Centrali (CT);1.38;37.7439;15.0027;7;;110;80;-50;57;41;170;24
2020/05/10 03:58:59;1.1;1.2 km SE from Crateri Centrali (CT);1.38;37.7439;15.0027;7;;65;65;-100;315;68;162;19
2020/05/15 21:33:22;1.8;1.4 km NE from Monte Centenari (CT);4.73;37.7416;15.0497;7;;150;50;-20;120;40;16;16
2020/05/17 17:47:21;2.1;1.0 km SW from Monte Scorsone (CT);4.74;37.7404;15.0635;17;;35;80;140;90;19;346;35
2020/05/17 17:47:53;2;1.0 km SW from Monte Scorsone (CT);3.68;37.7403;15.0652;15;;105;60;0;64;21;326;21
2020/05/17 22:45:18;2.2;0.8 km SW from Monte Scorsone (CT);4.48;37.7418;15.066;13;;130;40;20;86;23;332;44
2020/05/17 22:45:18;2.2;0.8 km SW from Monte Scorsone (CT);4.48;37.7418;15.066;13;;20;20;-160;201;48;345;36
2020/05/20 02:04:54;1.9;0.4 km SW from Monte Scorsone (CT);3.77;37.7465;15.0655;19;;120;50;-20;90;40;346;16
2020/05/20 02:09:28;1.4;0.9 km SW from Monte Scorsone (CT);3.52;37.7434;15.0611;7;;130;35;60;61;13;295;69
2020/05/27 18:08:54;1.4;1.2 km W from Monte Centenari (CT);7.35;37.7367;15.0215;7;;30;65;100;113;19;320;68
2020/05/27 21:21:13;3;7.0 km SW from Bronte (CT);10.71;37.7487;14.7695;31;;30;85;-100;289;49;129;39
2020/05/27 21:27:35;1.7;4.6 km SW from Bronte (CT);11.33;37.7624;14.7904;10;;135;10;-50;177;52;10;37
2020/05/27 21:31:41;1.7;9.5 km W from Bronte (CT);9.63;37.7522;14.7348;11;;155;80;-30;109;28;206;13
2020/05/27 21:31:41;1.7;9.5 km W from Bronte (CT);9.63;37.7522;14.7348;11;;20;70;80;118;24;274;64
2020/05/27 21:55:49;1.7;7.5 km SW from Bronte (CT);12.1;37.7474;14.763;7;;195;25;-80;265;69;97;20
2020/05/29 13:36:37;2.3;1.2 km E from Crateri Centrali (CT);16.1;37.7491;15.0082;13;;15;85;10;149;3;240;11
2020/05/29 16:30:53;1.7;1.8 km S from Monte Scorsone (CT);5.18;37.7332;15.0633;9;;135;55;30;83;7;347;44
2020/05/31 21:39:35;1.3;1.5 km W from Monte Scorsone (CT);2.59;37.749;15.0516;20;;30;80;150;81;13;344;28
2020/06/03 20:54:45;1.6;2.9 km W from Vena (CT);8.95;37.7824;15.1066;15;;30;45;-100;214;83;307;0
2020/06/03 20:54:45;1.6;2.9 km W from Vena (CT);8.95;37.7824;15.1066;15;;95;30;-130;261;62;34;20
2020/06/03 20:54:45;1.6;2.9 km W from Vena (CT);8.95;37.7824;15.1066;15;;150;30;-80;214;74;53;15
2020/06/04 19:52:34;1.6;1.6 km SW from Monte Fontane (CT);2.29;37.7325;15.0703;23;;210;45;-20;184;42;75;19
2020/06/04 19:52:34;1.6;1.6 km SW from Monte Fontane (CT);2.29;37.7325;15.0703;23;;0;50;-30;333;46;231;11
2020/06/04 19:52:34;1.6;1.6 km SW from Monte Fontane (CT);2.29;37.7325;15.0703;23;;75;90;140;128;27;22;27
2020/06/07 00:01:13;1.7;0.5 km NE from Monte Centenari (CT);4.27;37.7383;15.0392;8;;45;10;120;289;36;99;53
2020/06/07 08:57:28;1.6;1.2 km W from Monte Scorsone (CT);4;37.7518;15.0557;9;;280;90;10;55;7;145;7
2020/06/10 00:13:31;2.3;10.5 km NE from Regalbuto (EN);15.06;37.7288;14.7092;11;;45;70;-150;267;35;173;5
2020/06/16 18:19:17;1.8;0.8 km SE from Pietrafucile (CT);7.21;37.755;15.1321;11;;325;90;170;10;7;280;7
2020/06/16 20:35:03;1.7;1.5 km SE from Monte Palestra (CT);5.35;37.7345;14.968;11;;125;55;-10;89;30;348;18
2020/06/18 15:03:57;1.8;4.7 km SW from Monte Minardo (CT);2.03;37.7147;14.8241;10;;305;65;10;260;11;165;24
2020/06/18 15:03:57;1.8;4.7 km SW from Monte Minardo (CT);2.03;37.7147;14.8241;10;;350;50;70;94;3;195;74
2020/06/18 15:03:57;1.8;4.7 km SW from Monte Minardo (CT);2.03;37.7147;14.8241;10;;160;40;80;77;5;307;82
2020/06/21 18:07:15;2.8;5.3 km SW from Bronte (CT);22.28;37.7474;14.7988;11;;295;85;160;343;10;249;18
2020/06/21 18:07:15;2.8;5.3 km SW from Bronte (CT);22.28;37.7474;14.7988;11;;100;30;120;348;18;127;67
2020/06/21 20:17:04;2.4;5.3 km SW from Bronte (CT);20.88;37.743;14.8072;11;;355;40;60;286;9;173;69
2020/06/21 20:17:04;2.4;5.3 km SW from Bronte (CT);20.88;37.743;14.8072;11;;300;60;60;51;10;161;62
2020/06/21 20:17:04;2.4;5.3 km SW from Bronte (CT);20.88;37.743;14.8072;11;;120;50;140;357;6;95;53
2020/06/21 20:23:55;2.4;5.1 km W from Bronte (CT);19.65;37.7702;14.7789;10;;345;55;80;82;9;221;77
2020/06/21 20:23:55;2.4;5.1 km W from Bronte (CT);19.65;37.7702;14.7789;10;;135;45;20;90;19;341;42
2020/06/21 21:25:23;2.9;4.3 km SW from Bronte (CT);22.9;37.7517;14.8112;16;;25;70;10;340;7;247;21
2020/06/21 22:51:09;2;3.1 km SW from Bronte (CT);19.41;37.7644;14.8111;8;;30;60;70;134;13;259;68
2020/06/22 00:36:16;2;6.2 km SW from Bronte (CT);23.62;37.7525;14.777;9;;100;40;130;342;11;95;63
2020/06/24 12:47:52;1.8;0.8 km N from Monte Centenari (CT);6.3;37.7426;15.0367;17;;75;55;-170;291;30;32;18
2020/06/24 12:47:52;1.8;0.8 km N from Monte Centenari (CT);6.3;37.7426;15.0367;17;;15;45;110;271;2;8;76
2020/06/24 12:48:38;2;0.4 km NW from Monte Centenari (CT);7.51;37.7376;15.0321;7;;85;75;120;152;24;29;51
2020/06/24 12:48:38;2;0.4 km NW from Monte Centenari (CT);7.51;37.7376;15.0321;7;;140;55;40;83;2;350;51
2020/06/24 12:48:38;2;0.4 km NW from Monte Centenari (CT);7.51;37.7376;15.0321;7;;140;50;80;237;5;357;81
2020/06/24 12:50:28;1.6;1.4 km W from Monte Centenari (CT);6.36;37.737;15.0201;10;;75;90;-30;26;21;124;21
2020/06/24 12:50:59;1.7;0.4 km NW from Monte Centenari (CT);6.77;37.7375;15.0325;18;;110;45;-40;92;55;347;10
2020/06/24 12:50:59;1.7;0.4 km NW from Monte Centenari (CT);6.77;37.7375;15.0325;18;;25;25;-30;27;52;250;29
2020/06/25 15:28:29;1.8;0.7 km W from Monte Collabasso (CT);11.31;37.833;15.0008;16;;75;85;-90;345;50;165;40
2020/06/27 16:02:04;2.1;3.7 km W from Contrada Feliciosa (CT);21.23;37.6865;14.8707;7;;325;40;60;256;9;143;69
2020/06/27 16:02:04;2.1;3.7 km W from Contrada Feliciosa (CT);21.23;37.6865;14.8707;7;;160;60;140;217;2;125;48
2020/06/27 16:35:18;2.7;6.4 km SW from Bronte (CT);11.41;37.7419;14.7862;20;;215;5;-60;272;49;97;41
2020/06/27 16:35:18;2.7;6.4 km SW from Bronte (CT);11.41;37.7419;14.7862;20;;35;85;-90;305;50;125;40
2020/06/29 18:44:10;1.7;1.8 km N from Milo (CT);5.46;37.7379;15.112;12;;220;75;-160;83;25;352;3
2020/06/29 18:44:10;1.7;1.8 km N from Milo (CT);5.46;37.7379;15.112;12;;50;50;-100;267;81;147;5
2020/06/30 07:55:32;2;0.3 km SW from Monte Arcimis (CT);4.71;37.69;15.0629;13;;65;80;80;164;34;323;54
2020/06/30 07:55:32;2;0.3 km SW from Monte Arcimis (CT);4.71;37.69;15.0629;13;;110;30;60;42;18;263;67
2020/07/02 18:15:05;1.5;1.3 km NW from Monte Centenari (CT);4.08;37.7434;15.0255;10;;225;85;150;275;17;177;24
2020/07/02 18:15:05;1.5;1.3 km NW from Monte Centenari (CT);4.08;37.7434;15.0255;10;;140;65;-40;100;45;197;6
2020/07/04 20:36:19;1.6;1.3 km E from Crateri Centrali (CT);-0.54;37.7551;15.01;14;;125;40;-170;332;38;87;28
2020/07/04 20:45:58;1.5;1.0 km E from Crateri Centrali (CT);0.75;37.7526;15.0062;11;;205;40;0;172;33;58;33
2020/07/04 20:45:58;1.5;1.0 km E from Crateri Centrali (CT);0.75;37.7526;15.0062;11;;305;75;-120;181;51;58;24
2020/07/05 11:22:39;2.1;9.2 km NE from Regalbuto (EN);17.6;37.7166;14.7049;8;;355;90;-130;232;33;118;33
2020/07/05 11:22:39;2.1;9.2 km NE from Regalbuto (EN);17.6;37.7166;14.7049;8;;140;75;90;230;30;50;60
2020/07/05 11:58:18;1.9;2.6 km SE from Maletto (CT);26.23;37.81;14.8852;7;;60;15;-50;97;55;297;33
2020/07/06 11:26:03;1.6;1.1 km SW from Monte Scorsone (CT);4.62;37.7402;15.0635;7;;10;30;170;223;33;350;42
2020/07/06 16:04:15;1.8;1.5 km SW from Monte Scorsone (CT);3.74;37.7368;15.0608;12;;135;35;-10;111;41;351;31
2020/07/09 05:40:51;1.8;1.5 km NW from Monte Centenari (CT);5.24;37.7475;15.0293;7;;95;45;20;50;19;301;42
2020/07/10 04:28:59;1.5;1.8 km SE from Monte Palestra (CT);9.97;37.7295;14.9661;7;;0;55;-150;212;44;308;7
2020/07/10 04:28:59;1.5;1.8 km SE from Monte Palestra (CT);9.97;37.7295;14.9661;7;;130;50;-10;96;33;352;21
2020/07/10 04:28:59;1.5;1.8 km SE from Monte Palestra (CT);9.97;37.7295;14.9661;7;;75;60;20;27;8;291;34
2020/07/10 04:28:59;1.5;1.8 km SE from Monte Palestra (CT);9.97;37.7295;14.9661;7;;75;50;120;144;1;52;67
2020/07/16 06:28:20;2.5;5.9 km N from Maletto (CT);28.33;37.8809;14.8631;8;;330;15;-40;355;53;199;34
2020/07/17 19:33:46;2.6;1.4 km W from Rifugio Citelli (CT);5.24;37.7628;15.0443;26;;115;80;-10;71;14;341;0
2020/07/17 19:47:56;1.5;1.7 km NE from Monte Centenari (CT);6.29;37.7467;15.0485;12;;120;75;20;252;3;343;25
2020/07/18 04:26:18;1.4;1.4 km SE from Monte Palestra (CT);5.39;37.7332;14.9653;9;;190;50;120;259;1;167;67
2020/07/18 04:26:18;1.4;1.4 km SE from Monte Palestra (CT);5.39;37.7332;14.9653;9;;30;90;-180;75;0;345;0
2020/07/18 07:36:09;1.4;1.2 km NW from Monte Centenari (CT);5.16;37.7449;15.0283;7;;65;70;90;155;25;335;65
2020/07/19 02:46:53;1.7;1.5 km NW from Piano Pernicana (CT);-0.68;37.8167;15.0602;8;;205;80;-170;69;14;159;0
2020/07/19 23:51:41;2;0.6 km NE from Monte Centenari (CT);5.38;37.7398;15.0395;14;;125;30;-20;113;47;345;29
2020/07/19 23:51:41;2;0.6 km NE from Monte Centenari (CT);5.38;37.7398;15.0395;14;;55;50;170;277;21;21;33
2020/07/20 11:56:06;1.6;1.2 km NE from Monte Centenari (CT);6.78;37.7448;15.042;7;;345;65;50;103;11;207;52
2020/07/20 11:56:06;1.6;1.2 km NE from Monte Centenari (CT);6.78;37.7448;15.042;7;;70;60;-150;285;41;18;3
2020/07/20 11:56:06;1.6;1.2 km NE from Monte Centenari (CT);6.78;37.7448;15.042;7;;160;55;80;257;9;36;77
2020/07/20 23:25:36;1.4;1.9 km S from Case del Vescovo (CT);6.1;37.6817;15.03;9;;10;85;110;82;37;301;46
2020/07/20 23:25:36;1.4;1.9 km S from Case del Vescovo (CT);6.1;37.6817;15.03;9;;335;10;-150;135;49;297;39
2020/07/20 23:25:36;1.4;1.9 km S from Case del Vescovo (CT);6.1;37.6817;15.03;9;;130;50;-60;107;67;199;1
2020/07/20 23:25:36;1.4;1.9 km S from Case del Vescovo (CT);6.1;37.6817;15.03;9;;80;80;30;209;13;306;28
2020/07/21 08:33:49;1.6;1.0 km SW from Monte Scorsone (CT);5.89;37.74;15.0652;8;;135;70;20;87;1;356;28
2020/07/22 13:16:21;1.5;1.0 km SW from Milo (CT);6.7;37.7172;15.1068;7;;330;50;-140;175;53;273;6
2020/07/22 13:16:21;1.5;1.0 km SW from Milo (CT);6.7;37.7172;15.1068;7;;220;70;-20;179;28;88;1
2020/07/22 13:35:51;2.1;1.8 km NW from Monte Centenari (CT);5.4;37.7497;15.0271;14;;50;20;-120;187;61;343;27
2020/07/22 13:35:51;2.1;1.8 km NW from Monte Centenari (CT);5.4;37.7497;15.0271;14;;110;80;50;230;24;343;41
2020/07/22 21:50:32;1.4;1.5 km NW from Monte Centenari (CT);4.95;37.7465;15.0264;8;;80;85;30;210;17;308;24
2020/07/22 21:50:32;1.4;1.5 km NW from Monte Centenari (CT);4.95;37.7465;15.0264;8;;10;30;-120;163;67;302;18
2020/07/26 08:22:47;2.9;1.9 km N from Monte Centenari (CT);4.15;37.7519;15.0309;20;;105;80;30;234;13;331;28
2020/07/26 08:28:47;2.2;1.5 km SE from P.zi Deneri (CT);5;37.7549;15.0282;18;;120;40;60;51;9;298;69
2020/08/02 18:45:36;1.8;1.2 km N from Monte Centenari (CT);3.03;37.7457;15.0374;14;;50;50;-180;267;27;13;27
2020/08/07 10:46:31;1.8;1.1 km E from Crateri Centrali (CT);-0.04;37.7526;15.0076;9;;60;45;-50;46;62;303;7
2020/08/08 10:05:25;1.4;0.8 km E from Crateri Centrali (CT);-0.65;37.7519;15.0046;12;;85;45;-100;269;83;2;0
2020/08/08 10:05:25;1.4;0.8 km E from Crateri Centrali (CT);-0.65;37.7519;15.0046;12;;320;45;-70;313;76;216;2
2020/08/08 15:41:10;1.4;1.0 km W from Milo (CT);5.38;37.7236;15.1053;16;;20;90;40;147;27;253;27
2020/08/08 15:41:10;1.4;1.0 km W from Milo (CT);5.38;37.7236;15.1053;16;;115;70;-140;338;42;238;11
2020/08/08 23:48:42;1.6;1.4 km SW from Monte Maletto (CT);8.57;37.7884;14.9289;13;;235;75;-40;189;38;291;15
2020/08/08 23:48:42;1.6;1.4 km SW from Monte Maletto (CT);8.57;37.7884;14.9289;13;;105;70;170;330;7;63;21
2020/08/08 23:48:42;1.6;1.4 km SW from Monte Maletto (CT);8.57;37.7884;14.9289;13;;115;55;-120;328;65;226;6
2020/08/08 23:48:42;1.6;1.4 km SW from Monte Maletto (CT);8.57;37.7884;14.9289;13;;75;45;-30;53;49;306;14
2020/08/08 23:48:42;1.6;1.4 km SW from Monte Maletto (CT);8.57;37.7884;14.9289;13;;205;70;-40;162;42;262;11
2020/08/10 15:43:13;1.3;1.6 km NE from M. Parmentelli (CT);4.49;37.6884;14.985;8;;165;30;-170;5;42;132;33
2020/08/10 15:43:13;1.3;1.6 km NE from M. Parmentelli (CT);4.49;37.6884;14.985;8;;330;10;80;249;35;72;55
2020/08/10 15:43:13;1.3;1.6 km NE from M. Parmentelli (CT);4.49;37.6884;14.985;8;;80;5;100;341;40;159;50
2020/08/10 15:43:13;1.3;1.6 km NE from M. Parmentelli (CT);4.49;37.6884;14.985;8;;120;70;110;195;22;59;60
2020/08/11 16:36:31;1.5;2.4 km E from Monte Collabasso (CT);14.07;37.8356;15.034;7;;40;20;70;326;26;162;63
2020/08/13 07:14:38;1.2;0.8 km NE from La Montagnola (CT);0.75;37.7234;15.0136;10;;15;55;90;105;10;285;80
2020/08/13 07:14:38;1.2;0.8 km NE from La Montagnola (CT);0.75;37.7234;15.0136;10;;150;60;60;261;10;11;62
2020/08/17 13:08:34;2;1.2 km E from Crateri Centrali (CT);0.69;37.7571;15.0073;9;;235;80;0;190;7;100;7
2020/08/17 13:08:34;2;1.2 km E from Crateri Centrali (CT);0.69;37.7571;15.0073;9;;330;85;-140;201;31;96;23
2020/08/18 21:10:02;2.7;1.3 km E from Monte Palestra (CT);4.09;37.7452;14.9703;20;;0;55;110;76;8;321;72
2020/08/18 21:10:02;2.7;1.3 km E from Monte Palestra (CT);4.09;37.7452;14.9703;20;;125;75;10;79;4;348;18
2020/08/18 23:02:30;2;1.4 km E from Monte Palestra (CT);6.16;37.7398;14.9713;11;;145;40;70;69;7;312;76
2020/08/18 23:02:30;2;1.4 km E from Monte Palestra (CT);6.16;37.7398;14.9713;11;;25;80;-180;250;7;340;7
2020/08/22 11:30:13;1.4;0.6 km NE from Monte Centenari (CT);2.66;37.7407;15.0383;7;;35;80;-170;259;14;349;0
2020/08/22 20:40:08;1.4;0.7 km E from M. Frumento Supino (CT);3.43;37.7343;15.0041;7;;95;55;-70;56;72;171;8
2020/08/22 20:40:08;1.4;0.7 km E from M. Frumento Supino (CT);3.43;37.7343;15.0041;7;;50;70;-130;277;49;168;15
2020/08/23 11:10:13;1.9;1.6 km NE from Monte Centenari (CT);2.86;37.7488;15.043;12;;80;35;-120;245;69;11;13
2020/08/23 11:10:13;1.9;1.6 km NE from Monte Centenari (CT);2.86;37.7488;15.043;12;;120;60;-60;79;62;189;10
2020/08/23 11:10:13;1.9;1.6 km NE from Monte Centenari (CT);2.86;37.7488;15.043;12;;115;50;-10;81;33;337;21
2020/08/24 03:22:10;1.9;1.0 km E from Crateri Centrali (CT);0.88;37.7563;15.0055;13;;70;50;-10;36;33;292;21
2020/08/24 03:22:10;1.9;1.0 km E from Crateri Centrali (CT);0.88;37.7563;15.0055;13;;10;45;-100;194;83;287;0
2020/08/24 12:51:38;1.7;1.6 km N from Monte Centenari (CT);5;37.7489;15.0302;15;;180;10;-120;306;53;116;36
2020/08/24 12:51:38;1.7;1.6 km N from Monte Centenari (CT);5;37.7489;15.0302;15;;80;70;-100;334;64;178;24
2020/08/25 19:26:53;1.4;0.8 km NE from Crateri Centrali (CT);-0.09;37.7574;15.0016;12;;165;50;-50;142;60;48;2
2020/08/25 19:26:53;1.4;0.8 km NE from Crateri Centrali (CT);-0.09;37.7574;15.0016;12;;115;45;-110;302;76;39;2
2020/08/25 21:57:33;1.2;0.9 km SE from Crateri Centrali (CT);2.92;37.7455;14.9995;11;;105;50;170;327;21;71;33
2020/08/25 21:57:33;1.2;0.9 km SE from Crateri Centrali (CT);2.92;37.7455;14.9995;11;;60;70;90;150;25;330;65
2020/08/26 18:05:57;2.1;1.8 km E from Rifugio Citelli (CT);7.98;37.7706;15.0797;17;;135;15;-40;160;53;4;34
2020/08/26 18:05:57;2.1;1.8 km E from Rifugio Citelli (CT);7.98;37.7706;15.0797;17;;315;35;-180;165;35;285;35
2020/08/26 18:05:57;2.1;1.8 km E from Rifugio Citelli (CT);7.98;37.7706;15.0797;17;;130;40;-10;103;38;348;28
2020/08/27 03:47:22;1.9;0.4 km W from Monte Palestra (CT);9.53;37.7445;14.9512;9;;55;85;-50;360;37;114;29
2020/08/27 12:29:53;1.3;0.6 km W from Monte Palestra (CT);8.74;37.7432;14.9493;7;;10;60;50;127;7;227;55
2020/08/27 12:29:53;1.3;0.6 km W from Monte Palestra (CT);8.74;37.7432;14.9493;7;;90;35;120;339;13;105;69
2020/08/27 14:51:35;1.3;0.5 km N from Monte Centenari (CT);1.99;37.7397;15.0343;7;;145;70;-60;93;55;213;19
2020/08/27 14:51:35;1.3;0.5 km N from Monte Centenari (CT);1.99;37.7397;15.0343;7;;205;75;-140;71;38;329;15
2020/08/27 14:51:35;1.3;0.5 km N from Monte Centenari (CT);1.99;37.7397;15.0343;7;;100;25;-50;123;60;340;24
2020/08/27 14:51:35;1.3;0.5 km N from Monte Centenari (CT);1.99;37.7397;15.0343;7;;330;25;-70;21;67;225;21
2020/08/27 14:51:35;1.3;0.5 km N from Monte Centenari (CT);1.99;37.7397;15.0343;7;;340;90;40;107;27;213;27
2020/08/27 16:45:47;1.6;0.4 km SE from Crateri Centrali (CT);1.06;37.75;14.998;7;;105;45;-130;299;62;42;7
2020/08/27 18:30:05;1.7;0.7 km E from Crateri Centrali (CT);-1.26;37.7549;15.0029;13;;140;70;0;97;14;3;14
2020/08/28 00:55:34;1.2;0.8 km NE from Mangano (CT);2.37;37.6851;15.1751;14;;5;25;-20;358;48;223;33
2020/08/28 00:55:34;1.2;0.8 km NE from Mangano (CT);2.37;37.6851;15.1751;14;;80;65;-80;10;68;163;19
2020/08/28 01:40:21;1.2;0.2 km S from Crateri Centrali (CT);1.56;37.7514;14.9944;10;;55;85;-170;280;11;189;3
2020/08/28 18:40:23;1.3;0.3 km N from Monte Centenari (CT);3.58;37.7383;15.0353;13;;30;90;-130;267;33;153;33
2020/08/28 18:40:23;1.3;0.3 km N from Monte Centenari (CT);3.58;37.7383;15.0353;13;;90;45;-40;72;55;327;10
2020/08/28 18:42:58;1;0.5 km NW from Monte Centenari (CT);2.97;37.7387;15.0311;11;;55;40;-90;145;85;325;5
2020/08/28 18:42:58;1;0.5 km NW from Monte Centenari (CT);2.97;37.7387;15.0311;11;;310;90;-20;263;14;357;14
2020/08/28 21:23:59;1.4;0.6 km E from Crateri Centrali (CT);0.87;37.7552;15.0009;17;;345;85;40;111;23;216;31
2020/08/29 16:10:20;1.6;1.2 km SE from P.zi Deneri (CT);4.09;37.7568;15.025;7;;30;25;-110;159;67;315;21
2020/08/29 16:10:20;1.6;1.2 km SE from P.zi Deneri (CT);4.09;37.7568;15.025;7;;95;65;30;223;1;314;38
2020/08/30 02:06:00;1.1;0.7 km NE from Crateri Centrali (CT);0.72;37.7577;15.0008;12;;340;90;80;80;44;240;44
2020/08/30 02:06:00;1.1;0.7 km NE from Crateri Centrali (CT);0.72;37.7577;15.0008;12;;105;75;-140;331;38;229;15
2020/08/30 11:03:53;1.6;0.9 km SE from Monte Palestra (CT);7.98;37.7399;14.9651;15;;20;80;-180;245;7;335;7
2020/08/30 11:03:53;1.6;0.9 km SE from Monte Palestra (CT);7.98;37.7399;14.9651;15;;350;55;110;66;8;311;72
2020/08/30 11:30:12;1.2;1.0 km E from Monte Centenari (CT);2.36;37.7381;15.0467;11;;100;75;40;224;15;326;38
2020/08/30 11:30:12;1.2;1.0 km E from Monte Centenari (CT);2.36;37.7381;15.0467;11;;95;10;-50;137;52;330;37
2020/08/30 11:30:28;1.2;1.6 km E from Monte Centenari (CT);2.42;37.7381;15.0538;11;;105;50;-20;75;40;331;16
2020/08/30 11:30:28;1.2;1.6 km E from Monte Centenari (CT);2.42;37.7381;15.0538;11;;25;30;-140;201;57;331;23
2020/08/30 21:41:14;1.7;1.1 km N from Monte Centenari (CT);4.94;37.7449;15.0334;7;;85;85;30;215;17;313;24
2020/08/31 01:36:59;1.5;0.9 km SW from M. Frumento Supino (CT);4.08;37.7269;14.9922;23;;25;30;140;259;23;29;57
2020/08/31 10:32:03;1.6;0.3 km E from Crateri Centrali (CT);0.81;37.754;14.9984;20;;140;70;-110;21;60;245;22
2020/09/01 00:38:52;1.4;0.8 km NE from Monte Centenari (CT);2.45;37.742;15.039;15;;5;25;-100;115;69;283;20
2020/09/01 05:41:33;1.4;0.9 km E from Monte S. Leo (CT);5.55;37.6551;14.998;7;;155;65;-10;115;24;20;11
2020/09/01 17:52:57;1.6;1.5 km W from Monte Scorsone (CT);5.03;37.7526;15.0528;9;;75;50;-50;52;60;318;2
2020/09/01 23:21:50;1.1;1.1 km E from Crateri Centrali (CT);1.62;37.7543;15.0069;7;;275;80;20;47;7;140;21
2020/09/01 23:21:50;1.1;1.1 km E from Crateri Centrali (CT);1.62;37.7543;15.0069;7;;95;75;-70;30;56;169;27
2020/09/01 23:21:50;1.1;1.1 km E from Crateri Centrali (CT);1.62;37.7543;15.0069;7;;105;60;40;228;2;320;48
2020/09/03 00:01:01;1.1;1.7 km S from P.zi Deneri (CT);1.98;37.751;15.0178;12;;80;30;20;40;29;272;47
2020/09/03 00:17:26;0.9;1.5 km S from P.zi Deneri (CT);0.63;37.7528;15.0188;8;;200;30;-80;264;74;103;15
2020/09/03 00:17:26;0.9;1.5 km S from P.zi Deneri (CT);0.63;37.7528;15.0188;8;;95;10;-80;173;55;356;35
2020/09/03 00:39:07;1.2;1.5 km E from Crateri Centrali (CT);1.37;37.75;15.0118;21;;60;90;-40;7;27;113;27
2020/09/03 01:35:52;1.1;1.3 km W from Crateri Centrali (CT);0.87;37.7515;14.9805;9;;120;50;-120;323;67;231;1
2020/09/03 01:35:52;1.1;1.3 km W from Crateri Centrali (CT);0.87;37.7515;14.9805;9;;0;50;-110;205;74;104;3
2020/09/03 01:35:52;1.1;1.3 km W from Crateri Centrali (CT);0.87;37.7515;14.9805;9;;280;35;-140;104;57;225;19
2020/09/03 03:20:28;1.1;1.6 km E from Crateri Centrali (CT);2.73;37.7517;15.0135;10;;120;20;60;53;27;257;61
2020/09/03 05:44:24;1.2;1.0 km S from M. Denza (CT);2.07;37.697;14.9688;15;;190;70;120;258;19;138;55
2020/09/03 05:44:24;1.2;1.0 km S from M. Denza (CT);2.07;37.697;14.9688;15;;20;85;170;66;3;335;11
2020/09/06 17:40:36;1.7;1.1 km NE from Milo (CT);6.23;37.7275;15.1272;10;;105;30;-30;101;52;332;26
2020/09/07 03:44:37;1.8;2.2 km S from Monte Fontane (CT);5.46;37.7205;15.0846;10;;150;70;-40;107;42;207;11
2020/09/09 22:37:18;1.4;1.8 km N from Monte Centenari (CT);3.69;37.7519;15.0356;23;;120;60;80;217;14;5;73
2020/09/09 22:37:18;1.4;1.8 km N from Monte Centenari (CT);3.69;37.7519;15.0356;23;;15;55;-150;227;44;323;7
2020/09/09 22:51:03;1.5;1.4 km N from Monte Centenari (CT);4.02;37.7479;15.0375;21;;50;35;-160;247;46;8;26
2020/09/09 22:51:03;1.5;1.4 km N from Monte Centenari (CT);4.02;37.7479;15.0375;21;;10;60;-80;305;73;93;14
2020/09/10 15:38:51;2.3;0.4 km NW from Monte Fontane (CT);5.1;37.7426;15.0817;21;;130;65;0;88;17;352;17
2020/09/12 09:29:26;1.3;0.3 km E from Sant'Alfio (CT);7.12;37.742;15.145;9;;85;75;-10;42;18;311;4
2020/09/12 09:29:26;1.3;0.3 km E from Sant'Alfio (CT);7.12;37.742;15.145;9;;0;80;-180;225;7;315;7
2020/09/12 09:29:26;1.3;0.3 km E from Sant'Alfio (CT);7.12;37.742;15.145;9;;235;45;-80;231;83;138;0
2020/09/13 20:25:52;1;1.1 km SE from Crateri Centrali (CT);2.13;37.7451;15.0022;16;;35;30;160;255;29;23;47
2020/09/13 20:25:52;1;1.1 km SE from Crateri Centrali (CT);2.13;37.7451;15.0022;16;;5;85;-130;240;37;126;29
2020/09/15 00:22:20;1.3;1.8 km NW from Mascali (CT);9.28;37.7707;15.1832;11;;40;35;170;256;31;16;41
2020/09/15 00:22:20;1.3;1.8 km NW from Mascali (CT);9.28;37.7707;15.1832;11;;15;75;-100;271;59;113;29
2020/09/15 13:37:23;1.4;0.6 km NE from Monte Centenari (CT);3.33;37.7398;15.039;12;;340;10;-160;150;48;311;41
2020/09/15 22:34:37;1.4;0.7 km N from Monte Centenari (CT);4.09;37.7414;15.0365;16;;20;70;120;88;19;328;55
2020/09/17 04:45:40;2.2;1.2 km SW from Pietrafucile (CT);6.99;37.7526;15.1229;11;;115;65;0;73;17;337;17
2020/09/17 04:55:20;1.7;1.3 km SW from Pietrafucile (CT);4.78;37.7526;15.1196;12;;120;50;-70;95;74;196;3
2020/09/17 04:55:20;1.7;1.3 km SW from Pietrafucile (CT);4.78;37.7526;15.1196;12;;115;55;10;72;18;331;30
2020/09/17 05:00:43;1.6;1.6 km SW from Pietrafucile (CT);7.05;37.7487;15.1232;7;;300;85;20;72;10;166;18
2020/09/17 05:25:35;1.7;1.2 km SW from Pietrafucile (CT);4.66;37.7525;15.1215;9;;25;75;150;77;9;341;32
2020/09/17 05:25:35;1.7;1.2 km SW from Pietrafucile (CT);4.66;37.7525;15.1215;9;;95;40;-120;273;69;26;9
2020/09/17 05:25:35;1.7;1.2 km SW from Pietrafucile (CT);4.66;37.7525;15.1215;9;;50;20;-40;69;55;281;31
2020/09/17 10:00:06;1.6;1.2 km W from Sant'Alfio (CT);4.46;37.7451;15.1279;7;;25;60;140;82;2;350;48
2020/09/17 10:00:45;1.8;1.7 km W from Sant'Alfio (CT);4.74;37.7471;15.1222;15;;110;80;-60;51;47;176;29
2020/09/17 10:00:45;1.8;1.7 km W from Sant'Alfio (CT);4.74;37.7471;15.1222;15;;105;50;-40;80;53;342;6
2020/09/17 10:00:45;1.8;1.7 km W from Sant'Alfio (CT);4.74;37.7471;15.1222;15;;130;75;-10;87;18;356;4
2020/09/17 17:37:56;1.6;1.1 km W from Zafferana Etnea (CT);2.59;37.6888;15.0937;13;;30;30;-50;44;62;271;20
2020/09/19 22:17:00;1.5;1.0 km E from Crateri Centrali (CT);-1.57;37.7502;15.006;13;;80;5;-120;203;49;18;41
2020/09/19 22:17:00;1.5;1.0 km E from Crateri Centrali (CT);-1.57;37.7502;15.006;13;;350;50;-100;207;81;87;5
2020/09/21 05:16:44;2;0.7 km SE from Monte Fontane (CT);4.18;37.735;15.0902;14;;135;45;40;78;10;333;55
2020/09/21 15:17:19;2.3;0.9 km E from Crateri Centrali (CT);0.43;37.7524;15.0054;13;;15;60;-10;337;27;239;14
2020/09/21 15:17:19;2.3;0.9 km E from Crateri Centrali (CT);0.43;37.7524;15.0054;13;;195;85;-50;140;37;254;29
2020/09/23 13:35:54;1.9;2.7 km W from M. Intraleo (CT);4.07;37.713;14.8891;11;;150;35;-70;180;74;46;11
2020/09/23 18:34:02;1.8;0.4 km SE from Crateri Centrali (CT);0.53;37.7501;14.9969;11;;70;45;-140;268;55;13;10
2020/09/23 18:34:02;1.8;0.4 km SE from Crateri Centrali (CT);0.53;37.7501;14.9969;11;;75;45;-100;259;83;352;0
2020/09/23 22:24:20;2.9;1.0 km E from Crateri Centrali (CT);0;37.7546;15.0068;16;;110;70;-90;20;65;200;25
2020/09/27 18:10:38;3.2;3.4 km NW from Vena (CT);-1.02;37.8138;15.1106;13;;180;35;130;62;16;185;63
2020/09/27 18:10:38;3.2;3.4 km NW from Vena (CT);-1.02;37.8138;15.1106;13;;115;60;50;232;7;332;55
2020/09/27 18:20:28;2.4;1.5 km W from Vena (CT);-1.57;37.7934;15.1208;8;;355;85;10;129;3;220;11
2020/09/27 18:25:44;2.5;2.8 km E from Piano Pernicana (CT);-1.2;37.814;15.1022;7;;65;45;-10;34;36;285;24
2020/09/27 18:37:48;2;2.8 km N from Vena (CT);-1.59;37.8168;15.133;8;;130;85;30;260;17;358;24
2020/09/27 18:37:48;2;2.8 km N from Vena (CT);-1.59;37.8168;15.133;8;;155;5;-120;278;49;93;41
2020/09/27 18:51:59;2.7;2.6 km NE from Piano Pernicana (CT);-1.57;37.819;15.0973;12;;20;30;-90;110;75;290;15
2020/09/27 19:15:44;3.2;2.2 km NE from Piano Pernicana (CT);-1.02;37.8186;15.0929;13;;160;80;-70;93;51;233;32
2020/09/27 19:15:44;3.2;2.2 km NE from Piano Pernicana (CT);-1.02;37.8186;15.0929;13;;125;65;-120;352;59;236;15
2020/09/27 19:15:44;3.2;2.2 km NE from Piano Pernicana (CT);-1.02;37.8186;15.0929;13;;240;35;160;102;26;223;46
2020/09/27 23:58:21;1.4;1.0 km E from Monte Centenari (CT);2.99;37.7351;15.0468;8;;50;85;-10;5;11;96;3
2020/09/28 09:10:07;2.1;1.4 km NE from Piano Pernicana (CT);-0.98;37.8146;15.0853;7;;170;45;110;66;2;163;76
2020/09/28 09:10:07;2.1;1.4 km NE from Piano Pernicana (CT);-0.98;37.8146;15.0853;7;;35;85;170;81;3;350;11
2020/09/29 05:30:38;3.1;2.4 km W from Bronte (CT);25.9;37.7893;14.8072;14;;85;85;-100;344;49;184;39
2020/09/29 05:30:38;3.1;2.4 km W from Bronte (CT);25.9;37.7893;14.8072;14;;40;45;-20;14;42;265;19
2020/09/29 21:26:39;1.5;1.3 km E from Crateri Centrali (CT);1.41;37.7564;15.009;11;;35;55;-30;3;44;267;7
2020/09/29 21:26:39;1.5;1.3 km E from Crateri Centrali (CT);1.41;37.7564;15.009;11;;85;75;-80;9;59;167;29
2020/09/29 23:59:22;1.9;0.4 km NE from M. Frumento Supino (CT);3.67;37.7365;14.9986;15;;70;50;-160;280;40;24;16
2020/09/29 23:59:22;1.9;0.4 km NE from M. Frumento Supino (CT);3.67;37.7365;14.9986;15;;320;65;0;278;17;182;17
2020/09/30 17:05:38;1.3;1.4 km E from Crateri Centrali (CT);1.03;37.7531;15.0108;8;;350;25;-110;119;67;275;21
2020/09/30 17:05:38;1.3;1.4 km E from Crateri Centrali (CT);1.03;37.7531;15.0108;8;;65;45;-70;58;76;321;2
2020/10/01 19:41:09;2.1;1.4 km N from Piano Pernicana (CT);-0.95;37.8192;15.0674;9;;5;25;-130;162;60;305;24
2020/10/01 19:41:09;2.1;1.4 km N from Piano Pernicana (CT);-0.95;37.8192;15.0674;9;;45;15;-80;121;60;307;30
2020/10/04 11:35:54;1.8;2.0 km SW from Monte Palestra (CT);7.35;37.727;14.9471;7;;200;15;120;85;32;249;57
2020/10/04 18:13:58;1.5;2.1 km NE from M. Denza (CT);4.02;37.7239;14.9751;7;;180;10;20;151;41;350;48
2020/10/06 15:18:43;2.3;1.1 km E from Crateri Centrali (CT);1.25;37.7558;15.0072;15;;15;55;-100;251;77;112;9
2020/10/06 15:26:42;1.4;1.4 km E from Crateri Centrali (CT);1.8;37.7542;15.0111;7;;235;80;30;4;13;101;28
2020/10/06 15:26:42;1.4;1.4 km E from Crateri Centrali (CT);1.8;37.7542;15.0111;7;;110;55;60;221;6;323;65
2020/10/06 15:45:27;1.4;0.9 km S from P.zi Deneri (CT);1.47;37.7582;15.0169;7;;60;90;-10;15;7;105;7
2020/10/06 15:45:27;1.4;0.9 km S from P.zi Deneri (CT);1.47;37.7582;15.0169;7;;340;70;-140;203;42;103;11
2020/10/07 07:01:33;2.9;1.1 km E from Crateri Centrali (CT);0.74;37.7573;15.0065;19;;35;30;-20;23;47;255;29
2020/10/08 06:13:01;1.6;1.5 km NW from Monte Centenari (CT);3.58;37.7449;15.0239;7;;35;70;20;347;1;256;28
2020/10/09 03:46:03;1.2;0.6 km NE from Monte Centenari (CT);2.19;37.7395;15.0399;11;;0;15;-80;76;60;262;30
2020/10/09 03:46:03;1.2;0.6 km NE from Monte Centenari (CT);2.19;37.7395;15.0399;11;;110;25;-20;103;48;328;33
2020/10/09 14:39:33;1.3;1.0 km NW from Monte Centenari (CT);4.05;37.7414;15.0279;8;;125;35;-60;140;69;14;13
2020/10/09 14:39:33;1.3;1.0 km NW from Monte Centenari (CT);4.05;37.7414;15.0279;8;;60;35;-160;257;46;18;26
2020/10/09 19:01:57;1.9;1.3 km NE from Grotta del Gelo (CT);20.94;37.8172;14.9926;18;;130;30;70;55;16;267;71
2020/10/09 19:01:57;1.9;1.3 km NE from Grotta del Gelo (CT);20.94;37.8172;14.9926;18;;35;30;40;341;23;211;57
2020/10/09 23:51:30;1.2;0.3 km E from Crateri Centrali (CT);1.39;37.7528;14.9986;16;;85;30;-40;89;57;319;23
2020/10/10 04:02:42;1.6;1.3 km SE from P.zi Deneri (CT);6.37;37.7594;15.0306;23;;280;90;-60;217;38;343;38
2020/10/10 13:26:01;1.1;0.2 km N from Monte Centenari (CT);3.21;37.7369;15.0361;9;;60;25;-150;238;52;15;29
2020/10/10 13:26:01;1.1;0.2 km N from Monte Centenari (CT);3.21;37.7369;15.0361;9;;35;60;-160;251;34;347;8
2020/10/10 18:49:44;1.1;0.8 km SE from P.zi Deneri (CT);2.26;37.7593;15.0221;12;;170;10;110;63;36;236;54
2020/10/10 18:49:44;1.1;0.8 km SE from P.zi Deneri (CT);2.26;37.7593;15.0221;12;;275;40;130;157;11;270;63
2020/10/12 00:25:09;1.1;1.7 km NW from Monte Centenari (CT);1.14;37.7472;15.0226;8;;80;80;-50;27;41;140;24
2020/10/12 01:49:58;1.2;1.0 km E from La Montagnola (CT);2.87;37.7187;15.0184;14;;110;55;-80;54;77;193;9
2020/10/12 04:15:07;1.4;2.0 km E from Crateri Centrali (CT);3.36;37.7459;15.0157;7;;185;15;140;54;34;210;53
2020/10/12 04:15:07;1.4;2.0 km E from Crateri Centrali (CT);3.36;37.7459;15.0157;7;;110;55;10;67;18;326;30
2020/10/12 04:15:07;1.4;2.0 km E from Crateri Centrali (CT);3.36;37.7459;15.0157;7;;95;50;70;199;3;300;74
2020/10/12 21:08:56;1.4;1.8 km NE from Monte Collabasso (CT);6.79;37.8429;15.0208;14;;325;90;60;82;38;208;38
2020/10/12 21:08:56;1.4;1.8 km NE from Monte Collabasso (CT);6.79;37.8429;15.0208;14;;65;50;-20;35;40;291;16
2020/10/12 22:35:51;1.2;1.0 km N from Monte Centenari (CT);3.88;37.7439;15.0337;8;;125;25;160;343;33;118;48
2020/10/12 22:35:51;1.2;1.0 km N from Monte Centenari (CT);3.88;37.7439;15.0337;8;;75;70;-160;296;28;27;1
2020/10/12 22:35:51;1.2;1.0 km N from Monte Centenari (CT);3.88;37.7439;15.0337;8;;175;75;110;249;27;110;56
2020/10/12 22:35:51;1.2;1.0 km N from Monte Centenari (CT);3.88;37.7439;15.0337;8;;165;55;80;262;9;41;77
2020/10/12 23:24:54;1.1;1.0 km E from M. Frumento Supino (CT);4;37.7337;15.0073;12;;90;70;-10;48;21;315;7
2020/10/12 23:24:54;1.1;1.0 km E from M. Frumento Supino (CT);4;37.7337;15.0073;12;;130;45;90;40;0;288;90
2020/10/12 23:54:47;1.3;1.1 km E from M. Frumento Supino (CT);3.1;37.7369;15.0082;10;;135;50;50;72;2;338;60
2020/10/12 23:54:47;1.3;1.1 km E from M. Frumento Supino (CT);3.1;37.7369;15.0082;10;;65;60;-170;283;27;21;14
2020/10/12 23:54:47;1.3;1.1 km E from M. Frumento Supino (CT);3.1;37.7369;15.0082;10;;210;30;40;156;23;26;57
2020/10/14 02:14:26;1;0.7 km E from Monte Centenari (CT);1.89;37.7377;15.043;14;;110;60;-30;75;41;342;3
2020/10/14 02:14:26;1;0.7 km E from Monte Centenari (CT);1.89;37.7377;15.043;14;;140;50;-100;357;81;237;5
2020/10/14 02:14:26;1;0.7 km E from Monte Centenari (CT);1.89;37.7377;15.043;14;;155;30;-10;135;42;8;33
2020/10/14 02:14:26;1;0.7 km E from Monte Centenari (CT);1.89;37.7377;15.043;14;;0;70;20;312;1;221;28
2020/10/14 15:37:35;1.3;0.3 km S from Crateri Centrali (CT);1.56;37.7502;14.9961;15;;65;85;-130;300;37;186;29
2020/10/14 20:44:53;1.1;0.3 km W from Monte Centenari (CT);2.98;37.7352;15.0327;7;;55;35;-100;182;78;332;10
2020/10/15 06:50:37;1.3;0.2 km W from M. Frumento Supino (CT);3.93;37.7345;14.9935;7;;130;35;-140;314;57;75;19
2020/10/15 06:50:37;1.3;0.2 km W from M. Frumento Supino (CT);3.93;37.7345;14.9935;7;;75;70;-120;307;55;187;19
2020/10/15 06:50:37;1.3;0.2 km W from M. Frumento Supino (CT);3.93;37.7345;14.9935;7;;5;70;-100;259;64;103;24
2020/10/15 06:50:37;1.3;0.2 km W from M. Frumento Supino (CT);3.93;37.7345;14.9935;7;;140;60;-70;91;68;216;13
2020/10/15 06:50:37;1.3;0.2 km W from M. Frumento Supino (CT);3.93;37.7345;14.9935;7;;335;45;0;300;30;190;30
2020/10/15 23:22:33;1.1;0.5 km SW from Crateri Centrali (CT);1.08;37.7493;14.992;10;;155;85;-10;110;11;201;3
2020/10/15 23:22:33;1.1;0.5 km SW from Crateri Centrali (CT);1.08;37.7493;14.992;10;;65;80;160;113;7;20;21
2020/10/15 23:22:33;1.1;0.5 km SW from Crateri Centrali (CT);1.08;37.7493;14.992;10;;305;5;-160;110;47;281;43
2020/10/16 05:57:08;1.2;0.5 km SW from Crateri Centrali (CT);1.41;37.7499;14.9909;7;;135;70;-50;88;49;197;15
2020/10/16 05:57:08;1.2;0.5 km SW from Crateri Centrali (CT);1.41;37.7499;14.9909;7;;235;55;180;94;24;196;24
2020/10/16 18:34:31;1.7;1.0 km SE from Crateri Centrali (CT);0.72;37.7467;15.0027;16;;105;50;-140;310;53;48;6
2020/10/16 18:34:31;1.7;1.0 km SE from Crateri Centrali (CT);0.72;37.7467;15.0027;16;;80;75;-150;304;32;208;9
2020/10/16 23:08:37;1.3;0.5 km S from Rifugio Citelli (CT);4.93;37.7615;15.0589;11;;20;75;-60;324;51;87;24
2020/10/16 23:08:37;1.3;0.5 km S from Rifugio Citelli (CT);4.93;37.7615;15.0589;11;;60;5;50;7;41;194;49
2020/10/17 05:13:50;1.7;0.6 km E from Crateri Centrali (CT);0.74;37.7518;15.002;12;;345;85;10;119;3;210;11
2020/10/18 05:20:10;1.7;1.2 km E from Crateri Centrali (CT);1.37;37.7551;15.0088;9;;10;50;-100;227;81;107;5
2020/10/19 13:37:44;2.2;5.3 km NE from Cesarò (ME);13.62;37.8824;14.7484;12;;15;50;-80;338;81;98;5
2020/10/19 16:54:18;1.9;1.0 km SE from Monte Palestra (CT);8.33;37.7355;14.961;13;;105;20;30;62;33;277;52
2020/10/19 16:54:18;1.9;1.0 km SE from Monte Palestra (CT);8.33;37.7355;14.961;13;;65;70;-50;18;49;127;15
2020/10/19 16:54:18;1.9;1.0 km SE from Monte Palestra (CT);8.33;37.7355;14.961;13;;135;55;-50;104;58;198;2
2020/10/19 16:54:18;1.9;1.0 km SE from Monte Palestra (CT);8.33;37.7355;14.961;13;;345;80;40;110;19;214;35
2020/10/19 17:53:57;2;1.0 km E from Monte Palestra (CT);6.77;37.7419;14.9666;17;;300;85;0;255;4;165;4
2020/10/19 17:53:57;2;1.0 km E from Monte Palestra (CT);6.77;37.7419;14.9666;17;;120;40;30;70;18;317;50
2020/10/19 17:54:29;1.7;1.3 km SE from Monte Palestra (CT);7.08;37.7375;14.9682;13;;355;80;60;109;29;234;47
2020/10/19 17:54:29;1.7;1.3 km SE from Monte Palestra (CT);7.08;37.7375;14.9682;13;;325;15;-140;120;53;276;34
2020/10/19 17:54:29;1.7;1.3 km SE from Monte Palestra (CT);7.08;37.7375;14.9682;13;;125;50;-50;102;60;8;2
2020/10/19 21:52:44;1.5;1.8 km NE from Monte Centenari (CT);5.14;37.7482;15.0479;16;;125;65;-40;85;45;182;6
2020/10/19 21:52:44;1.5;1.8 km NE from Monte Centenari (CT);5.14;37.7482;15.0479;16;;20;30;-40;24;57;254;23
2020/10/20 23:31:41;1.5;0.7 km NE from M. Frumento Supino (CT);3.47;37.7373;15.0026;15;;120;80;40;245;19;349;35
2020/10/22 10:44:13;1.9;2.8 km W from Contrada Feliciosa (CT);21.83;37.6999;14.8799;10;;0;25;10;330;36;195;44
2020/10/22 10:44:13;1.9;2.8 km W from Contrada Feliciosa (CT);21.83;37.6999;14.8799;10;;215;85;40;341;23;86;31
2020/10/22 12:14:02;2.2;2.2 km NW from Contrada Feliciosa (CT);21.64;37.7081;14.8913;20;;25;15;50;328;33;168;55
2020/10/22 12:14:02;2.2;2.2 km NW from Contrada Feliciosa (CT);21.64;37.7081;14.8913;20;;90;10;110;343;36;156;54
2020/10/22 12:24:40;2.2;2.9 km NW from Contrada Feliciosa (CT);21.66;37.7126;14.8856;20;;180;30;100;83;15;244;74
2020/10/22 13:13:46;2;2.3 km S from Monte Minardo (CT);20.7;37.7163;14.8779;11;;235;80;-170;99;14;189;0
2020/10/22 14:05:18;2;2.8 km SE from Monte Minardo (CT);20.17;37.7135;14.8846;11;;230;80;180;95;7;185;7
2020/10/22 16:40:06;1.9;2.3 km SE from Monte Minardo (CT);21.14;37.7173;14.881;10;;240;85;170;286;3;195;11
2020/10/22 17:35:49;2.1;1.5 km NW from Contrada Feliciosa (CT);19.51;37.707;14.902;21;;335;80;50;95;24;208;41
2020/10/22 17:39:50;2.1;1.0 km NW from Contrada Feliciosa (CT);19.45;37.7047;14.907;20;;35;10;50;340;37;173;52
2020/10/22 17:42:35;1.9;1.9 km SW from M. Intraleo (CT);20.11;37.7144;14.8987;8;;45;35;60;336;13;210;69
2020/10/22 18:06:57;1.7;0.7 km S from Monte Minardo (CT);19.22;37.7302;14.8727;10;;320;90;10;95;7;185;7
2020/10/22 18:06:57;1.7;0.7 km S from Monte Minardo (CT);19.22;37.7302;14.8727;10;;75;40;130;317;11;70;63
2020/10/23 03:23:29;1.1;1.2 km SW from M. Frumento Supino (CT);4.92;37.7275;14.9848;8;;85;15;-90;175;60;355;30
2020/10/23 03:23:29;1.1;1.2 km SW from M. Frumento Supino (CT);4.92;37.7275;14.9848;8;;25;70;160;253;1;344;28
2020/10/23 13:48:37;2;0.4 km E from Crateri Centrali (CT);1.51;37.7516;14.9993;8;;85;65;-120;312;59;196;15
2020/10/25 20:24:38;1.8;0.6 km W from Monte Centenari (CT);5.65;37.7378;15.0294;10;;340;50;-140;185;53;283;6
2020/10/25 20:24:38;1.8;0.6 km W from Monte Centenari (CT);5.65;37.7378;15.0294;10;;200;50;-100;57;81;297;5
2020/10/26 00:57:12;2.4;1.3 km N from Monte Centenari (CT);4.83;37.7471;15.0389;21;;135;30;50;74;20;301;62
2020/10/28 03:53:16;3;1.3 km W from Monte Scorsone (CT);5.12;37.747;15.0544;25;;100;40;-10;73;38;318;28
2020/10/28 04:58:25;2.1;1.0 km NW from Milo (CT);5.63;37.7287;15.1092;16;;130;60;0;89;21;351;21
2020/10/30 14:34:08;1.4;1.2 km SE from Crateri Centrali (CT);1.08;37.7446;15.0033;12;;85;55;-110;304;72;189;8
2020/10/30 17:47:11;1.4;0.6 km E from Crateri Centrali (CT);1.87;37.7516;15.0017;10;;135;50;-70;110;74;211;3
2020/10/31 01:03:02;1.6;1.3 km NE from M. Frumento Supino (CT);0.47;37.7431;15.0045;14;;70;55;-150;282;44;18;7
2020/10/31 08:19:46;1.7;0.7 km N from M. Denza (CT);8.7;37.7125;14.966;9;;345;70;90;75;25;255;65
2020/10/31 10:08:20;1.2;1.6 km NW from Monte Centenari (CT);4.05;37.7474;15.0266;9;;65;70;100;147;24;351;64
2020/10/31 20:19:10;2.5;1.8 km N from Monte Centenari (CT);6.48;37.7512;15.0344;16;;100;70;20;52;1;321;28
2020/11/01 02:51:56;1.1;0.9 km E from M. Frumento Supino (CT);2.68;37.731;15.0058;10;;105;55;60;216;6;318;65
2020/11/01 02:51:56;1.1;0.9 km E from M. Frumento Supino (CT);2.68;37.731;15.0058;10;;35;60;100;118;14;330;73
2020/11/01 18:04:50;1.3;0.3 km NE from La Montagnola (CT);3.24;37.7207;15.0098;10;;355;20;-170;185;45;328;38
2020/11/01 21:44:14;1.3;0.3 km S from Crateri Centrali (CT);1.15;37.7501;14.9945;7;;55;80;-170;279;14;9;0
2020/11/01 21:57:29;1.3;1.0 km E from Crateri Centrali (CT);1.36;37.7566;15.005;12;;140;35;-90;230;80;50;10
2020/11/02 21:00:57;1.3;1.2 km W from Sant'Alfio (CT);5.43;37.7456;15.1283;9;;40;85;160;88;10;354;18
2020/11/03 01:44:37;1.3;0.6 km SE from La Montagnola (CT);4.4;37.7157;15.0125;7;;75;30;90;345;15;165;75
2020/11/03 01:44:37;1.3;0.6 km SE from La Montagnola (CT);4.4;37.7157;15.0125;7;;50;50;30;359;11;257;46
2020/11/03 02:31:21;1.6;1.8 km NW from Tarderia (CT);7.49;37.6684;15.0417;11;;35;45;-90;201;90;305;0
2020/11/03 06:15:07;1.5;0.9 km SW from Monte Collabasso (CT);10.17;37.8244;15.0007;8;;100;60;90;190;15;10;75
2020/11/03 06:15:07;1.5;0.9 km SW from Monte Collabasso (CT);10.17;37.8244;15.0007;8;;335;70;-160;196;28;287;1
2020/11/03 08:23:57;2.2;1.2 km NW from Monte Collabasso (CT);10.71;37.838;14.9985;10;;100;25;160;318;33;93;48
2020/11/03 16:04:40;1.1;1.0 km E from Crateri Centrali (CT);0.89;37.755;15.0066;8;;130;55;-100;6;77;227;9
2020/11/03 16:04:40;1.1;1.0 km E from Crateri Centrali (CT);0.89;37.755;15.0066;8;;285;60;-170;143;27;241;14
2020/11/03 17:19:37;1.7;0.6 km NW from Monte Collabasso (CT);10.84;37.8332;15.0014;13;;255;10;20;226;41;65;48
2020/11/03 17:19:37;1.7;0.6 km NW from Monte Collabasso (CT);10.84;37.8332;15.0014;13;;5;70;-140;228;42;128;11
2020/11/03 17:19:37;1.7;0.6 km NW from Monte Collabasso (CT);10.84;37.8332;15.0014;13;;125;50;170;347;21;91;33
2020/11/03 17:33:45;1.6;1.2 km NW from Monte Centenari (CT);4.1;37.7447;15.0283;18;;70;50;-140;275;53;13;6
2020/11/03 17:33:45;1.6;1.2 km NW from Monte Centenari (CT);4.1;37.7447;15.0283;18;;125;60;-50;88;55;188;7
2020/11/04 14:02:11;1.3;0.8 km NW from Monte Centenari (CT);3.84;37.7389;15.0274;9;;135;55;20;88;12;349;37
2020/11/04 14:02:11;1.3;0.8 km NW from Monte Centenari (CT);3.84;37.7389;15.0274;9;;25;60;110;101;13;336;68
2020/11/04 17:09:45;1.2;1.0 km SE from Crateri Centrali (CT);0.49;37.745;15.0012;8;;255;85;170;301;3;210;11
2020/11/04 17:09:45;1.2;1.0 km SE from Crateri Centrali (CT);0.49;37.745;15.0012;8;;335;45;-70;328;76;231;2
2020/11/04 17:19:50;2.1;1.7 km NE from M. Intraleo (CT);9.14;37.7306;14.9333;19;;55;85;-160;281;18;187;10
2020/11/04 20:02:10;1.3;1.3 km N from Monte Centenari (CT);3.01;37.7465;15.0379;7;;190;75;-40;144;38;246;15
2020/11/04 20:02:40;1.8;0.9 km N from Monte Centenari (CT);3.72;37.7433;15.0373;20;;320;70;-30;278;35;12;5
2020/11/04 20:02:40;1.8;0.9 km N from Monte Centenari (CT);3.72;37.7433;15.0373;20;;40;20;120;287;27;83;61
2020/11/05 17:00:12;1.3;1.9 km S from M. Lepre (CT);5.57;37.7409;14.9207;7;;355;45;10;315;24;206;36
2020/11/05 17:31:07;1.2;1.3 km E from Monte Centenari (CT);4.83;37.7353;15.0509;10;;140;65;-30;101;38;192;1
2020/11/05 18:49:03;1.4;2.3 km W from M. Frumento Supino (CT);6.48;37.7263;14.9716;10;;140;40;20;96;23;342;44
2020/11/05 18:49:14;1.6;1.8 km SW from M. Frumento Supino (CT);7.71;37.7258;14.9785;12;;25;50;100;108;5;348;81
2020/11/05 18:49:14;1.6;1.8 km SW from M. Frumento Supino (CT);7.71;37.7258;14.9785;12;;310;70;-20;269;28;178;1
2020/11/05 20:08:10;3.2;1.7 km SE from P.zi Deneri (CT);5.1;37.7521;15.026;22;;120;50;30;69;11;327;46
2020/11/05 21:03:34;1.8;1.7 km SE from P.zi Deneri (CT);5.43;37.7527;15.0272;12;;115;80;110;188;32;48;51
2020/11/05 21:04:00;2.2;1.3 km SE from P.zi Deneri (CT);5.03;37.7603;15.0305;26;;105;70;30;233;5;327;35
2020/11/05 21:04:57;2.2;1.8 km S from P.zi Deneri (CT);5.35;37.7505;15.0222;16;;105;60;20;57;8;321;34
2020/11/05 22:05:33;1.2;1.7 km NW from Monte Centenari (CT);5.18;37.7499;15.0286;7;;185;70;150;237;5;143;35
2020/11/05 22:21:38;1.5;1.9 km SE from P.zi Deneri (CT);4.13;37.7526;15.0308;15;;10;30;170;223;33;350;42
2020/11/05 22:21:38;1.5;1.9 km SE from P.zi Deneri (CT);4.13;37.7526;15.0308;15;;140;50;120;209;1;117;67
2020/11/05 22:50:03;1.2;1.6 km E from P.zi Deneri (CT);6.24;37.7622;15.0351;11;;170;85;160;218;10;124;18
2020/11/05 22:50:03;1.2;1.6 km E from P.zi Deneri (CT);6.24;37.7622;15.0351;11;;225;10;40;179;38;14;51
2020/11/05 22:50:34;1.4;1.3 km E from P.zi Deneri (CT);6.57;37.7637;15.0328;12;;15;55;140;252;2;345;51
2020/11/05 22:50:34;1.4;1.3 km E from P.zi Deneri (CT);6.57;37.7637;15.0328;12;;150;60;130;213;7;113;55
2020/11/05 23:10:58;1.4;1.5 km SE from P.zi Deneri (CT);6.73;37.7585;15.0327;11;;340;35;120;229;13;355;69
2020/11/05 23:10:58;1.4;1.5 km SE from P.zi Deneri (CT);6.73;37.7585;15.0327;11;;265;40;20;221;23;107;44
2020/11/05 23:10:58;1.4;1.5 km SE from P.zi Deneri (CT);6.73;37.7585;15.0327;11;;140;60;100;223;14;75;73
2020/11/05 23:10:58;1.4;1.5 km SE from P.zi Deneri (CT);6.73;37.7585;15.0327;11;;80;60;150;312;3;45;41
2020/11/06 01:38:41;2.1;2.1 km S from Monte Palestra (CT);6.11;37.7253;14.9596;27;;95;55;10;52;18;311;30
2020/11/06 01:50:27;1.7;2.2 km W from M. Frumento Supino (CT);5.69;37.7276;14.9725;16;;75;90;60;192;38;318;38
2020/11/06 01:50:27;1.7;2.2 km W from M. Frumento Supino (CT);5.69;37.7276;14.9725;16;;140;65;110;215;18;84;64
2020/11/06 01:50:27;1.7;2.2 km W from M. Frumento Supino (CT);5.69;37.7276;14.9725;16;;355;80;160;43;7;310;21
2020/11/06 02:12:41;1.2;1.0 km SE from Monte Palestra (CT);4.18;37.7357;14.96;9;;125;40;-20;103;44;349;23
2020/11/06 02:12:41;1.2;1.0 km SE from Monte Palestra (CT);4.18;37.7357;14.96;9;;355;85;50;116;29;230;37
2020/11/06 05:38:52;2.4;1.8 km S from Monte Palestra (CT);6.13;37.7286;14.9619;23;;115;30;-40;119;57;349;23
2020/11/06 05:41:28;1.5;2.0 km S from Monte Palestra (CT);5.5;37.726;14.956;10;;130;60;-10;92;27;354;14
2020/11/06 05:44:06;1.4;1.4 km N from M. Denza (CT);7.33;37.7179;14.9623;11;;20;85;120;85;33;319;42
2020/11/06 06:07:58;1.5;2.1 km N from M. Denza (CT);4.42;37.7243;14.9613;10;;10;15;-80;86;60;272;30
2020/11/06 06:07:58;1.5;2.1 km N from M. Denza (CT);4.42;37.7243;14.9613;10;;40;70;40;163;11;263;42
2020/11/06 06:08:23;1.4;0.9 km W from M. Denza (CT);6.83;37.7094;14.9565;10;;80;70;30;208;5;302;35
2020/11/06 06:08:23;1.4;0.9 km W from M. Denza (CT);6.83;37.7094;14.9565;10;;25;80;120;91;29;326;47
2020/11/06 06:10:19;1.5;1.7 km N from M. Denza (CT);5.72;37.7211;14.9646;12;;80;30;-30;76;52;307;26
2020/11/06 06:10:19;1.5;1.7 km N from M. Denza (CT);5.72;37.7211;14.9646;12;;220;75;-100;116;59;318;29
2020/11/06 06:12:05;1.8;1.7 km N from M. Denza (CT);6.27;37.7209;14.9649;18;;85;25;-30;87;52;310;29
2020/11/06 06:13:34;2;1.5 km N from M. Denza (CT);6.78;37.7197;14.9651;17;;145;35;80;62;10;272;78
2020/11/06 06:13:34;2;1.5 km N from M. Denza (CT);6.78;37.7197;14.9651;17;;40;70;40;163;11;263;42
2020/11/06 06:13:34;2;1.5 km N from M. Denza (CT);6.78;37.7197;14.9651;17;;10;70;130;72;15;323;49
2020/11/06 06:18:33;1.4;2.1 km S from Monte Palestra (CT);6.17;37.7255;14.9593;11;;145;45;20;100;19;351;42
2020/11/06 06:22:59;1.9;2.1 km N from M. Denza (CT);5.29;37.7253;14.9679;11;;75;15;-40;100;53;304;34
2020/11/06 06:22:59;1.9;2.1 km N from M. Denza (CT);5.29;37.7253;14.9679;11;;20;80;90;110;35;290;55
2020/11/06 06:28:55;1.3;1.2 km N from M. Denza (CT);5.82;37.7167;14.9651;8;;125;75;50;244;20;355;45
2020/11/06 06:38:35;1.8;1.4 km N from M. Denza (CT);4.75;37.7182;14.9646;14;;90;15;-30;105;51;311;36
2020/11/06 06:55:45;1.5;1.5 km NE from M. Denza (CT);8.79;37.7183;14.9742;12;;155;35;-20;138;46;17;26
2020/11/06 06:55:45;1.5;1.5 km NE from M. Denza (CT);8.79;37.7183;14.9742;12;;20;85;20;152;10;246;18
2020/11/06 06:55:45;1.5;1.5 km NE from M. Denza (CT);8.79;37.7183;14.9742;12;;60;75;130;121;20;10;45
2020/11/06 07:02:03;1.6;1.7 km N from M. Denza (CT);6.28;37.7205;14.9714;14;;40;30;-120;193;67;332;18
2020/11/06 16:47:17;1.4;0.6 km SE from Crateri Centrali (CT);0.4;37.7488;14.9992;18;;70;55;-120;283;65;181;6
2020/11/06 20:49:50;1.4;0.9 km E from Monte Centenari (CT);4.03;37.7369;15.0457;16;;120;50;-80;83;81;203;5
2020/11/06 20:49:50;1.4;0.9 km E from Monte Centenari (CT);4.03;37.7369;15.0457;16;;65;90;-170;290;7;200;7
2020/11/06 21:17:18;2;1.8 km SE from P.zi Deneri (CT);6.02;37.7553;15.0331;25;;105;60;40;228;2;320;48
2020/11/06 21:17:18;2;1.8 km SE from P.zi Deneri (CT);6.02;37.7553;15.0331;25;;45;25;-150;223;52;360;29
2020/11/06 21:21:45;1.3;1.3 km SE from P.zi Deneri (CT);5.89;37.7585;15.0287;11;;160;70;160;28;1;119;28
2020/11/06 21:21:45;1.3;1.3 km SE from P.zi Deneri (CT);5.89;37.7585;15.0287;11;;80;50;20;34;16;290;40
2020/11/06 21:58:12;1.3;1.2 km E from Crateri Centrali (CT);0.41;37.7522;15.0086;14;;355;90;-160;222;14;128;14
2020/11/07 03:07:39;1.9;1.6 km S from P.zi Deneri (CT);0.63;37.7524;15.0131;27;;175;20;-150;347;52;132;33
2020/11/07 11:07:47;1.1;1.1 km NE from Monte Centenari (CT);1.11;37.7432;15.0439;9;;40;65;-160;259;31;352;5
2020/11/07 11:07:47;1.1;1.1 km NE from Monte Centenari (CT);1.11;37.7432;15.0439;9;;315;30;20;275;29;147;47
2020/11/07 11:07:47;1.1;1.1 km NE from Monte Centenari (CT);1.11;37.7432;15.0439;9;;345;25;60;277;22;129;64
2020/11/08 05:23:48;1.3;2.3 km E from Monte Zoccolaro (CT);6.78;37.7126;15.0848;12;;5;45;80;282;0;189;83
2020/11/08 05:23:48;1.3;2.3 km E from Monte Zoccolaro (CT);6.78;37.7126;15.0848;12;;85;90;-140;318;27;212;27
2020/11/08 05:32:01;2.5;1.5 km E from Monte Zoccolaro (CT);3.53;37.717;15.075;27;;130;55;-20;96;37;357;12
2020/11/08 05:32:01;2.5;1.5 km E from Monte Zoccolaro (CT);3.53;37.717;15.075;27;;60;70;-130;287;49;178;15
2020/11/08 06:06:35;1.1;1.9 km S from Monte Fontane (CT);4.94;37.7229;15.08;10;;0;45;-70;353;76;256;2
2020/11/08 07:12:51;1.2;1.4 km E from Crateri Centrali (CT);0.72;37.7522;15.0111;21;;140;30;-160;332;47;100;29
2020/11/09 00:16:05;1.1;1.1 km E from Crateri Centrali (CT);1.43;37.7523;15.008;15;;160;35;10;124;31;4;41
2020/11/09 00:16:05;1.1;1.1 km E from Crateri Centrali (CT);1.43;37.7523;15.008;15;;60;75;-180;284;11;16;11
2020/11/10 03:15:24;1.2;0.9 km W from M. Frumento Supino (CT);3.75;37.7333;14.9859;16;;35;85;-150;263;24;165;17
2020/11/10 10:21:34;1.6;0.6 km NE from Fondo Macchia (CT);7.51;37.7227;15.1581;10;;40;75;130;101;20;350;45
2020/11/10 10:21:34;1.6;0.6 km NE from Fondo Macchia (CT);7.51;37.7227;15.1581;10;;120;30;-100;236;74;37;15
2020/11/10 10:21:34;1.6;0.6 km NE from Fondo Macchia (CT);7.51;37.7227;15.1581;10;;70;90;70;179;42;321;42
2020/11/10 12:59:46;1.2;0.4 km SE from Monte Centenari (CT);4.72;37.7326;15.039;8;;45;10;-110;159;54;332;36
2020/11/10 12:59:46;1.2;0.4 km SE from Monte Centenari (CT);4.72;37.7326;15.039;8;;160;55;-40;130;51;37;2
2020/11/10 12:59:46;1.2;0.4 km SE from Monte Centenari (CT);4.72;37.7326;15.039;8;;140;20;40;89;31;301;55
2020/11/10 12:59:46;1.2;0.4 km SE from Monte Centenari (CT);4.72;37.7326;15.039;8;;35;85;60;150;33;276;42
2020/11/11 10:42:26;1.3;1.0 km N from Monte Centenari (CT);3.4;37.7446;15.0357;8;;15;45;100;278;0;11;83
2020/11/11 14:14:24;1.6;1.5 km E from M. Intraleo (CT);12.85;37.7268;14.9336;16;;60;30;60;352;18;213;67
2020/11/11 17:25:32;1.9;1.0 km N from M. Denza (CT);23.7;37.7148;14.9647;9;;45;60;90;135;15;315;75
2020/11/11 17:25:32;1.9;1.0 km N from M. Denza (CT);23.7;37.7148;14.9647;9;;180;70;10;135;7;42;21
2020/11/12 00:18:54;1.1;0.6 km N from Monte Centenari (CT);3.35;37.741;15.0345;8;;50;65;-170;270;24;5;11
2020/11/12 00:18:54;1.1;0.6 km N from Monte Centenari (CT);3.35;37.741;15.0345;8;;345;25;60;277;22;129;64
2020/11/12 10:12:18;1.4;0.5 km N from Monte Centenari (CT);3.55;37.7401;15.035;13;;150;55;-60;117;65;219;6
2020/11/12 13:56:55;1.9;0.5 km S from Crateri Centrali (CT);0.75;37.7483;14.9938;24;;120;50;-60;97;67;189;1
2020/11/12 13:56:55;1.9;0.5 km S from Crateri Centrali (CT);0.75;37.7483;14.9938;24;;70;75;-160;293;25;202;3
2020/11/12 20:37:48;1.5;2.2 km S from Monte Palestra (CT);8.35;37.7245;14.9576;16;;105;70;-40;62;42;162;11
2020/11/16 13:27:03;1.7;1.0 km E from Crateri Centrali (CT);1.97;37.753;15.0065;7;;50;70;-10;8;21;275;7
2020/11/16 13:44:26;1.8;1.5 km E from Monte Centenari (CT);5.38;37.7401;15.0519;8;;105;30;-40;109;57;339;23
2020/11/17 06:04:46;2.1;0.3 km SE from Crateri Centrali (CT);1.1;37.7516;14.9977;14;;75;65;-150;294;38;203;1
2020/11/18 18:00:35;2;0.7 km E from Crateri Centrali (CT);1.47;37.7555;15.0024;12;;130;65;-170;350;24;85;11
2020/11/18 18:00:35;2;0.7 km E from Crateri Centrali (CT);1.47;37.7555;15.0024;12;;40;30;10;7;33;240;42
2020/11/19 12:15:54;1.7;1.6 km NW from Monte Centenari (CT);2.18;37.7468;15.024;12;;80;55;-140;290;51;23;2
2020/11/20 03:21:41;1.9;3.7 km W from Randazzo (CT);20.26;37.885;14.9065;8;;170;35;150;39;22;159;51
2020/11/20 03:21:41;1.9;3.7 km W from Randazzo (CT);20.26;37.885;14.9065;8;;150;85;-50;95;37;209;29
2020/11/21 13:55:25;2.5;1.7 km NE from Zafferana Etnea (CT);5.82;37.7061;15.1121;17;;80;65;-170;300;24;35;11
2020/11/22 01:28:04;1.7;1.1 km NW from Sant'Alfio (CT);10.31;37.7475;15.1308;8;;225;5;10;210;44;40;46
2020/11/22 15:42:46;1.3;0.8 km E from Crateri Centrali (CT);1.87;37.7515;15.0037;9;;80;35;-120;245;69;11;13
2020/11/22 15:42:46;1.3;0.8 km E from Crateri Centrali (CT);1.87;37.7515;15.0037;9;;135;75;-10;92;18;1;4
2020/11/23 03:11:26;1.3;0.0 km N from Crateri Centrali (CT);1.17;37.7533;14.995;7;;75;65;-50;33;52;137;11
2020/11/24 19:46:28;2.5;0.8 km NW from Monte Scorsone (CT);4.67;37.7524;15.0618;14;;20;55;150;252;7;348;44
2020/11/25 22:14:05;1.6;2.2 km E from Monte Grosso (CT);2.25;37.6753;15.0331;9;;340;85;-130;215;37;101;29
2020/11/25 22:14:05;1.6;2.2 km E from Monte Grosso (CT);2.25;37.6753;15.0331;9;;45;70;-140;268;42;168;11
2020/11/25 22:14:05;1.6;2.2 km E from Monte Grosso (CT);2.25;37.6753;15.0331;9;;140;60;80;237;14;25;73
2020/11/27 04:06:02;1.2;1.6 km NW from Monte Centenari (CT);3.46;37.7489;15.0299;14;;85;80;80;184;34;343;54
2020/11/27 04:06:02;1.2;1.6 km NW from Monte Centenari (CT);3.46;37.7489;15.0299;14;;340;20;-180;179;42;321;42
2020/11/27 04:06:02;1.2;1.6 km NW from Monte Centenari (CT);3.46;37.7489;15.0299;14;;310;80;-130;183;41;70;24
2020/11/27 04:11:11;1.6;1.8 km W from M. Frumento Supino (CT);10.06;37.7397;14.9768;22;;85;50;-130;288;60;22;2
2020/11/27 04:11:11;1.6;1.8 km W from M. Frumento Supino (CT);10.06;37.7397;14.9768;22;;10;70;-100;264;64;108;24
2020/11/27 04:15:44;1.5;1.3 km W from La Montagnola (CT);11.85;37.7227;14.9935;15;;75;45;50;12;7;269;62
2020/11/27 04:15:44;1.5;1.3 km W from La Montagnola (CT);11.85;37.7227;14.9935;15;;155;20;20;120;36;336;48
2020/11/27 04:15:44;1.5;1.3 km W from La Montagnola (CT);11.85;37.7227;14.9935;15;;295;75;-170;158;18;249;4
2020/11/27 10:35:55;1.5;0.7 km S from Monte Palestra (CT);8.68;37.7378;14.956;13;;55;80;-160;280;21;187;7
2020/11/27 10:35:55;1.5;0.7 km S from Monte Palestra (CT);8.68;37.7378;14.956;13;;60;75;-80;344;59;142;29
2020/11/27 14:22:34;1.3;0.4 km S from Crateri Centrali (CT);0.58;37.749;14.9948;14;;145;65;100;228;19;75;68
2020/11/27 14:22:34;1.3;0.4 km S from Crateri Centrali (CT);0.58;37.749;14.9948;14;;25;80;-170;249;14;339;0
2020/11/27 14:22:34;1.3;0.4 km S from Crateri Centrali (CT);0.58;37.749;14.9948;14;;55;55;-130;266;58;172;2
2020/11/27 14:22:34;1.3;0.4 km S from Crateri Centrali (CT);0.58;37.749;14.9948;14;;115;55;-20;81;37;342;12
2020/11/27 16:25:27;1.3;0.9 km SE from P.zi Deneri (CT);6.21;37.7598;15.0243;11;;155;25;-100;265;69;73;20
2020/11/29 20:04:27;1.6;1.2 km W from Monte Scorsone (CT);2.96;37.7497;15.0553;14;;80;35;-70;110;74;336;11
2020/11/29 20:04:27;1.6;1.2 km W from Monte Scorsone (CT);2.96;37.7497;15.0553;14;;335;85;50;96;29;210;37
2020/11/29 20:04:27;1.6;1.2 km W from Monte Scorsone (CT);2.96;37.7497;15.0553;14;;200;5;160;44;43;215;47
2020/11/30 23:06:57;2.3;1.3 km NW from Ragalna (CT);2.57;37.6399;14.9306;14;;20;55;120;89;6;347;65
2020/12/01 13:34:48;1.3;0.7 km E from Crateri Centrali (CT);0.7;37.7527;15.0028;12;;135;65;-110;11;64;240;18
2020/12/01 13:34:48;1.3;0.7 km E from Crateri Centrali (CT);0.7;37.7527;15.0028;12;;235;10;-120;1;53;171;36
2020/12/01 16:57:59;1.3;1.3 km W from M. Frumento Supino (CT);3.69;37.7354;14.9816;10;;100;55;0;61;24;319;24
2020/12/02 03:23:38;1.2;0.5 km NE from Monte Centenari (CT);3.05;37.7388;15.0384;11;;70;30;-100;186;74;347;15
2020/12/02 03:23:38;1.2;0.5 km NE from Monte Centenari (CT);3.05;37.7388;15.0384;11;;120;75;10;74;4;343;18
2020/12/02 23:56:45;1.4;1.2 km SW from M. Frumento Supino (CT);3.91;37.7249;14.9887;7;;145;55;10;102;18;1;30
2020/12/02 23:56:45;1.4;1.2 km SW from M. Frumento Supino (CT);3.91;37.7249;14.9887;7;;15;60;90;105;15;285;75
2020/12/03 03:10:39;1.7;0.9 km NE from M. Frumento Supino (CT);1.61;37.7417;15;8;;215;75;140;271;15;169;38
2020/12/03 16:14:02;1.9;1.8 km NE from Monte Palestra (CT);7.47;37.7537;14.9723;13;;0;90;10;135;7;225;7
2020/12/03 16:14:02;1.9;1.8 km NE from Monte Palestra (CT);7.47;37.7537;14.9723;13;;25;30;70;310;16;162;71
2020/12/06 11:49:57;2.4;1.6 km SW from Grotta del Gelo (CT);23.78;37.7963;14.9715;14;;30;70;-10;348;21;255;7
2020/12/06 20:47:45;1.3;2.0 km N from M. Denza (CT);9.08;37.7232;14.9591;8;;130;35;130;12;16;135;63
2020/12/06 20:47:45;1.3;2.0 km N from M. Denza (CT);9.08;37.7232;14.9591;8;;40;35;50;338;16;215;63
2020/12/06 22:37:28;2.1;3.5 km W from M. Lepre (CT);24.28;37.7707;14.883;14;;320;85;30;90;17;188;24
2020/12/06 22:38:25;2.4;3.3 km W from M. Lepre (CT);22;37.7672;14.8843;15;;35;20;30;352;33;207;52
2020/12/06 22:40:27;2.6;4.1 km NW from M. Lepre (CT);20.73;37.7826;14.8845;17;;340;90;40;107;27;213;27
2020/12/06 22:40:27;2.6;4.1 km NW from M. Lepre (CT);20.73;37.7826;14.8845;17;;35;50;90;125;5;305;85
2020/12/06 22:40:40;2.7;1.8 km E from Maletto (CT);21.47;37.8227;14.8858;11;;0;35;140;235;19;356;57
2020/12/06 22:40:40;2.7;1.8 km E from Maletto (CT);21.47;37.8227;14.8858;11;;155;45;70;79;2;342;76
2020/12/06 22:42:43;1.9;2.7 km W from M. Lepre (CT);22.43;37.7663;14.8909;11;;125;85;-20;79;18;173;10
2020/12/06 22:42:43;1.9;2.7 km W from M. Lepre (CT);22.43;37.7663;14.8909;11;;110;30;30;63;26;294;52
2020/12/06 22:42:43;1.9;2.7 km W from M. Lepre (CT);22.43;37.7663;14.8909;11;;20;40;120;269;9;22;69
2020/12/06 22:43:21;1.8;1.2 km E from Monte Minardo (CT);27.78;37.7373;14.8841;7;;55;90;-100;315;44;155;44
2020/12/06 22:43:32;1.8;3.1 km NW from Monte Minardo (CT);24.56;37.7494;14.8395;8;;0;40;40;304;14;191;56
2020/12/06 22:44:42;1.6;3.3 km NW from M. Lepre (CT);16.46;37.7834;14.9009;10;;125;65;-160;344;31;77;5
2020/12/06 22:45:57;1.8;1.6 km NW from M. Lepre (CT);20.17;37.7661;14.9047;17;;20;50;90;110;5;290;85
2020/12/06 22:45:57;1.8;1.6 km NW from M. Lepre (CT);20.17;37.7661;14.9047;17;;60;50;110;136;3;35;74
2020/12/06 22:51:21;2;2.1 km W from M. Lepre (CT);23.45;37.7606;14.896;17;;105;30;110;0;16;148;71
2020/12/06 22:55:40;2;2.6 km W from M. Lepre (CT);23.11;37.7565;14.8906;12;;0;15;-80;76;60;262;30
2020/12/06 22:55:40;2;2.6 km W from M. Lepre (CT);23.11;37.7565;14.8906;12;;85;15;-20;89;48;297;38
2020/12/06 22:58:58;1.6;2.1 km W from M. Lepre (CT);24.33;37.7515;14.8972;10;;225;75;-160;88;25;357;3
2020/12/06 22:59:20;2.3;1.5 km NW from M. Lepre (CT);20.16;37.7694;14.91;14;;40;5;20;16;43;205;47
2020/12/06 22:59:20;2.3;1.5 km NW from M. Lepre (CT);20.16;37.7694;14.91;14;;330;85;140;24;23;279;31
2020/12/06 23:25:19;1.8;1.5 km W from M. Lepre (CT);23.39;37.7547;14.9038;12;;150;65;-170;10;24;105;11
2020/12/06 23:25:19;1.8;1.5 km W from M. Lepre (CT);23.39;37.7547;14.9038;12;;120;35;80;37;10;247;78
2020/12/07 04:23:07;1;1.1 km N from Monte Centenari (CT);3.97;37.7456;15.0366;11;;0;10;80;279;35;102;55
2020/12/07 04:23:07;1;1.1 km N from Monte Centenari (CT);3.97;37.7456;15.0366;11;;35;70;-120;267;55;147;19
2020/12/07 13:59:42;1.9;2.7 km NE from Monte Minardo (CT);22.06;37.7562;14.8881;16;;290;90;20;63;14;157;14
2020/12/07 14:00:06;2.6;1.9 km NE from Monte Minardo (CT);22.31;37.7519;14.881;18;;75;85;-170;300;11;209;3
2020/12/07 14:01:00;2.9;2.6 km N from Monte Minardo (CT);23.29;37.7589;14.8783;10;;0;90;-20;313;14;47;14
2020/12/09 17:26:55;1.4;2.1 km W from M. Frumento Supino (CT);8.5;37.7253;14.9744;12;;10;55;50;127;2;221;58
2020/12/09 17:26:55;1.4;2.1 km W from M. Frumento Supino (CT);8.5;37.7253;14.9744;12;;80;30;40;26;23;256;57
2020/12/09 17:28:48;1.2;2.2 km W from M. Frumento Supino (CT);5.62;37.726;14.9724;8;;40;75;-180;264;11;356;11
2020/12/09 17:28:48;1.2;2.2 km W from M. Frumento Supino (CT);5.62;37.726;14.9724;8;;260;15;0;245;43;95;43
2020/12/09 17:33:06;1.5;1.6 km SE from Monte Palestra (CT);6.45;37.7328;14.9679;12;;20;55;140;257;2;350;51
2020/12/09 17:33:57;2.4;1.9 km SE from Monte Palestra (CT);5.84;37.7318;14.9705;20;;20;75;170;246;4;337;18
2020/12/09 17:35:01;1.3;2.1 km SW from M. Frumento Supino (CT);7.83;37.7239;14.9757;10;;85;45;-100;269;83;2;0
2020/12/09 17:37:01;1.2;1.7 km W from M. Frumento Supino (CT);7.06;37.7283;14.9778;8;;25;50;100;108;5;348;81
2020/12/09 17:37:01;1.2;1.7 km W from M. Frumento Supino (CT);7.06;37.7283;14.9778;8;;350;80;180;215;7;305;7
2020/12/09 17:37:01;1.2;1.7 km W from M. Frumento Supino (CT);7.06;37.7283;14.9778;8;;55;40;30;5;18;252;50
2020/12/09 17:37:01;1.2;1.7 km W from M. Frumento Supino (CT);7.06;37.7283;14.9778;8;;80;30;130;321;20;94;62
2020/12/09 17:37:19;2.2;1.2 km E from M. Denza (CT);10.59;37.7054;14.9797;10;;345;20;160;200;36;344;48
2020/12/09 17:37:34;2.1;1.8 km SE from Monte Palestra (CT);6.46;37.7346;14.9722;16;;5;80;-180;230;7;320;7
2020/12/09 17:37:47;2.1;1.9 km NW from M. Denza (CT);6.22;37.7156;14.9483;9;;20;70;140;77;11;337;42
2020/12/10 05:24:43;2.2;2.1 km SE from Monte Palestra (CT);8.64;37.7295;14.9707;20;;125;45;60;56;4;316;69
2020/12/10 05:24:43;2.2;2.1 km SE from Monte Palestra (CT);8.64;37.7295;14.9707;20;;105;55;20;58;12;319;37
2020/12/10 05:25:13;1.6;1.3 km SE from Monte Palestra (CT);5.08;37.7331;14.9613;7;;60;50;-120;263;67;171;1
2020/12/10 05:25:13;1.6;1.3 km SE from Monte Palestra (CT);5.08;37.7331;14.9613;7;;130;75;-20;87;25;178;3
2020/12/10 21:55:26;1.5;0.5 km W from M. Frumento Supino (CT);4.06;37.7361;14.9908;14;;55;60;-160;271;34;7;8
2020/12/11 11:32:51;1.5;0.9 km NW from Monte Centenari (CT);2.83;37.742;15.0297;12;;155;75;30;283;9;19;32
2020/12/11 11:32:51;1.5;0.9 km NW from Monte Centenari (CT);2.83;37.742;15.0297;12;;155;65;-40;115;45;212;6
2020/12/11 12:41:11;1.7;0.8 km NW from M. Frumento Supino (CT);2.62;37.7383;14.9883;15;;205;80;120;271;29;146;47
2020/12/12 16:22:24;2.5;1.9 km S from Monte Palestra (CT);6.65;37.7278;14.951;13;;130;60;10;86;14;348;27
2020/12/12 16:55:51;1.9;2.1 km SW from Monte Palestra (CT);6.05;37.7264;14.9484;15;;120;60;-30;85;41;352;3
2020/12/12 21:40:29;1.6;2.1 km S from Monte Palestra (CT);6.49;37.7258;14.9485;10;;140;45;10;100;24;351;36
2020/12/12 21:40:29;1.6;2.1 km S from Monte Palestra (CT);6.49;37.7258;14.9485;10;;80;25;-90;170;70;350;20
2020/12/12 22:55:55;1.6;1.5 km S from Monte Palestra (CT);6.65;37.7311;14.9532;12;;110;65;0;68;17;332;17
2020/12/12 22:56:55;2.1;1.7 km NW from M. Denza (CT);8.9;37.7179;14.9534;14;;125;60;20;77;8;341;34
2020/12/12 23:41:29;1.6;2.1 km S from Monte Palestra (CT);7.55;37.7252;14.9551;10;;130;75;-10;87;18;356;4
2020/12/13 03:15:49;1.2;2.1 km S from Monte Palestra (CT);6.53;37.7249;14.9581;11;;280;90;-20;233;14;327;14
2020/12/13 03:15:49;1.2;2.1 km S from Monte Palestra (CT);6.53;37.7249;14.9581;11;;60;30;-70;103;71;315;16
2020/12/13 11:31:33;1.4;2.1 km N from M. Denza (CT);7.77;37.7241;14.9605;10;;355;75;70;101;27;240;56
2020/12/13 11:31:33;1.4;2.1 km N from M. Denza (CT);7.77;37.7241;14.9605;10;;125;70;-120;357;55;237;19
2020/12/13 15:22:00;1.6;1.9 km S from Monte Palestra (CT);8.21;37.7268;14.9599;8;;45;80;-180;270;7;0;7
2020/12/13 18:06:29;2.7;1.8 km SW from Ragalna (CT);11.16;37.6241;14.9261;12;;35;70;-10;353;21;260;7
2020/12/17 07:58:56;1.6;2.6 km E from Ragalna (CT);3.72;37.6321;14.9723;13;;330;65;-110;206;64;75;18
2020/12/18 19:02:55;1.7;1.0 km NW from M. Intraleo (CT);5.53;37.7295;14.9083;12;;140;55;-30;108;44;12;7
2020/12/18 19:02:55;1.7;1.0 km NW from M. Intraleo (CT);5.53;37.7295;14.9083;12;;250;85;170;296;3;205;11
2020/12/18 19:02:55;1.7;1.0 km NW from M. Intraleo (CT);5.53;37.7295;14.9083;12;;90;5;40;46;42;234;48
2020/12/18 19:02:55;1.7;1.0 km NW from M. Intraleo (CT);5.53;37.7295;14.9083;12;;160;40;10;122;28;7;38
2020/12/18 19:02:55;1.7;1.0 km NW from M. Intraleo (CT);5.53;37.7295;14.9083;12;;15;60;60;126;10;236;62
2020/12/19 11:45:52;1.3;1.1 km NE from M. Frumento Supino (CT);1.5;37.7418;15.0028;8;;35;50;-60;12;67;104;1
2020/12/19 14:10:49;1.1;1.0 km N from M. Frumento Supino (CT);1.33;37.743;14.9992;7;;75;85;120;140;33;14;42
2020/12/19 14:10:49;1.1;1.0 km N from M. Frumento Supino (CT);1.33;37.743;14.9992;7;;205;15;-20;209;48;57;38
2020/12/19 14:10:49;1.1;1.0 km N from M. Frumento Supino (CT);1.33;37.743;14.9992;7;;35;45;-160;241;42;350;19
2020/12/19 15:24:14;1.4;1.8 km SE from P.zi Deneri (CT);5.82;37.751;15.0258;8;;60;65;170;285;11;20;24
2020/12/22 07:34:00;1.8;1.4 km NW from Rifugio Sapienza (CT);9.35;37.7086;14.986;11;;145;20;30;102;33;317;52
2020/12/25 13:26:58;1.8;1.4 km SW from M. Lepre (CT);24.75;37.7471;14.913;8;;330;15;-130;113;55;273;33
2020/12/25 13:26:58;1.8;1.4 km SW from M. Lepre (CT);24.75;37.7471;14.913;8;;215;85;-140;86;31;341;23
2020/12/26 01:00:41;2.5;0.9 km NE from Ragalna (CT);1.38;37.6387;14.9517;17;;285;50;20;239;16;135;40
2020/12/26 01:00:41;2.5;0.9 km NE from Ragalna (CT);1.38;37.6387;14.9517;17;;325;60;100;48;14;260;73
2020/12/26 07:05:42;2;3.1 km NW from M. Lepre (CT);20.56;37.7844;14.9079;12;;90;25;40;37;27;258;56
2020/12/26 07:05:42;2;3.1 km NW from M. Lepre (CT);20.56;37.7844;14.9079;12;;120;15;60;55;32;251;57
2020/12/26 08:59:38;2.2;0.6 km N from M. Lepre (CT);21.5;37.7631;14.9196;14;;75;70;70;180;22;316;60
2020/12/26 08:59:38;2.2;0.6 km N from M. Lepre (CT);21.5;37.7631;14.9196;14;;340;65;-180;202;17;298;17
2020/12/27 02:36:10;1;1.3 km E from Rifugio Citelli (CT);3.07;37.7631;15.0745;10;;160;20;80;78;25;267;65
2020/12/27 02:36:10;1;1.3 km E from Rifugio Citelli (CT);3.07;37.7631;15.0745;10;;140;60;-50;103;55;203;7
2020/12/29 21:54:38;1.4;1.8 km S from M. Scavo (CT);5.91;37.7586;14.9466;11;;160;50;-180;17;27;123;27
2020/12/29 21:54:38;1.4;1.8 km S from M. Scavo (CT);5.91;37.7586;14.9466;11;;355;25;-10;340;44;205;36
2020/12/29 21:54:38;1.4;1.8 km S from M. Scavo (CT);5.91;37.7586;14.9466;11;;355;85;70;103;37;244;46
2020/12/31 19:59:47;2.7;1.3 km NW from M. Parmentelli (CT);9.57;37.6869;14.9557;22;;80;60;10;36;14;298;27
2020/12/31 20:01:47;1.9;2.3 km SW from M. Parmentelli (CT);14.74;37.6694;14.9469;19;;130;70;-170;352;21;85;7
2020/12/31 20:02:08;2.8;1.8 km W from M. Parmentelli (CT);9.5;37.6786;14.9487;20;;320;90;140;13;27;267;27
2020/12/31 20:05:44;2.8;1.6 km W from M. Parmentelli (CT);10.75;37.6813;14.9502;19;;65;75;-10;22;18;291;4
2020/12/31 20:06:43;2.4;2.0 km W from M. Parmentelli (CT);12.61;37.6743;14.9473;12;;165;85;-160;31;18;297;10
2020/12/31 20:25:51;3;1.5 km W from M. Parmentelli (CT);10.54;37.6823;14.952;16;;50;55;-30;18;44;282;7
2020/12/31 20:27:11;2.7;1.5 km W from M. Parmentelli (CT);11.01;37.681;14.9513;11;;70;70;-20;29;28;298;1
2020/12/31 20:28:01;3.2;1.2 km W from M. Parmentelli (CT);10.79;37.6834;14.9562;25;;340;85;150;30;17;292;24
2020/12/31 20:29:00;2.2;0.6 km NE from M. Parmentelli (CT);11.46;37.6842;14.9743;11;;100;10;-170;280;46;81;42
2020/12/31 20:30:52;3.5;1.2 km NW from M. Parmentelli (CT);9.64;37.6875;14.9583;21;;335;90;150;24;21;286;21
2020/12/31 20:32:07;2.2;2.8 km W from M. Parmentelli (CT);9.96;37.6772;14.9377;11;;235;75;10;189;4;98;18
2020/12/31 20:32:07;2.2;2.8 km W from M. Parmentelli (CT);9.96;37.6772;14.9377;11;;100;35;80;17;10;227;78
2020/12/31 20:32:36;2;1.9 km W from Monte S. Leo (CT);14.71;37.6602;14.967;7;;45;35;80;322;10;172;78
2020/12/31 20:32:36;2;1.9 km W from Monte S. Leo (CT);14.71;37.6602;14.967;7;;210;55;80;307;9;86;77
2020/12/31 20:33:00;1.7;1.4 km NW from M. Parmentelli (CT);11.6;37.6886;14.9556;9;;65;10;60;1;36;191;53
2020/12/31 20:33:00;1.7;1.4 km NW from M. Parmentelli (CT);11.6;37.6886;14.9556;9;;340;65;60;91;15;207;59
2020/12/31 20:33:14;1.8;1.2 km W from Monte S. Leo (CT);14.05;37.6576;14.9739;9;;60;45;-20;34;42;285;19
2020/12/31 20:33:35;1.7;1.4 km SW from M. Parmentelli (CT);11.31;37.6699;14.9626;10;;95;35;10;59;31;299;41
2020/12/31 20:33:35;1.7;1.4 km SW from M. Parmentelli (CT);11.31;37.6699;14.9626;10;;175;25;80;93;20;285;69
2020/12/31 20:33:47;2.2;2.8 km W from M. Parmentelli (CT);12.78;37.6721;14.9387;8;;0;50;-90;270;85;90;5
2020/12/31 20:39:37;1.9;1.0 km W from M. Parmentelli (CT);10.57;37.6826;14.958;16;;0;20;-110;122;63;286;26
2020/12/31 20:39:37;1.9;1.0 km W from M. Parmentelli (CT);10.57;37.6826;14.958;16;;285;30;80;202;15;41;74
2020/12/31 20:39:37;1.9;1.0 km W from M. Parmentelli (CT);10.57;37.6826;14.958;16;;140;85;-180;5;4;95;4
2020/12/31 20:39:37;1.9;1.0 km W from M. Parmentelli (CT);10.57;37.6826;14.958;16;;105;60;50;222;7;322;55
2020/12/31 20:45:38;2.4;1.1 km W from M. Parmentelli (CT);9.6;37.6844;14.9566;16;;80;85;10;214;3;305;11
2020/12/31 20:45:38;2.4;1.1 km W from M. Parmentelli (CT);9.6;37.6844;14.9566;16;;100;55;60;211;6;313;65
2020/12/31 20:47:39;2.1;1.2 km SE from M. Parmentelli (CT);13.3;37.6708;14.9739;11;;70;60;-10;32;27;294;14
2020/12/31 20:58:10;3.4;1.1 km NW from M. Parmentelli (CT);9.63;37.6866;14.9586;22;;345;75;150;37;9;301;32
2020/12/31 21:02:27;2.1;1.8 km SW from M. Parmentelli (CT);12.12;37.6659;14.9608;12;;65;60;-10;27;27;289;14
2020/12/31 21:18:50;1.8;0.2 km SW from M. Parmentelli (CT);11.93;37.6795;14.9678;9;;60;85;-20;14;18;108;10
2020/12/31 21:18:50;1.8;0.2 km SW from M. Parmentelli (CT);11.93;37.6795;14.9678;9;;160;30;-110;297;71;85;16
2020/12/31 21:18:50;1.8;0.2 km SW from M. Parmentelli (CT);11.93;37.6795;14.9678;9;;355;65;-120;222;59;106;15
2020/12/31 21:51:22;3.2;0.9 km N from M. Parmentelli (CT);9.91;37.6887;14.9662;24;;355;85;-160;221;18;127;10
2020/12/31 21:54:39;3.7;1.1 km S from M. Denza (CT);9.89;37.6958;14.964;31;;10;65;-160;229;31;322;5
2020/12/31 22:09:45;1.9;0.7 km W from M. Parmentelli (CT);11.7;37.6836;14.9617;16;;45;50;40;348;6;250;53
2020/12/31 22:19:26;1.8;1.7 km W from M. Parmentelli (CT);9.99;37.6875;14.9511;7;;170;40;-50;165;63;52;11
2020/12/31 22:19:26;1.8;1.7 km W from M. Parmentelli (CT);9.99;37.6875;14.9511;7;;285;75;-150;149;32;53;9
2020/12/31 23:27:16;2.1;1.5 km W from M. Parmentelli (CT);10.05;37.6856;14.9532;14;;170;10;150;28;39;190;49
2020/12/31 23:27:16;2.1;1.5 km W from M. Parmentelli (CT);10.05;37.6856;14.9532;14;;40;70;-70;339;60;115;22
2020/12/31 23:27:16;2.1;1.5 km W from M. Parmentelli (CT);10.05;37.6856;14.9532;14;;75;65;0;33;17;297;17
2021/01/01 00:12:15;2.9;1.2 km S from M. Denza (CT);12.15;37.6954;14.9632;19;;5;65;-150;224;38;133;1
2021/01/01 00:12:15;2.9;1.2 km S from M. Denza (CT);12.15;37.6954;14.9632;19;;260;55;0;221;24;119;24
2021/01/01 00:17:01;1.9;2.9 km W from M. Parmentelli (CT);14.14;37.6705;14.9387;14;;85;55;-110;304;72;189;8
2021/01/01 00:17:01;1.9;2.9 km W from M. Parmentelli (CT);14.14;37.6705;14.9387;14;;155;10;-170;335;46;136;42
2021/01/01 01:49:57;1.7;4.0 km E from Biancavilla (CT);12.6;37.6574;14.9083;7;;145;50;120;214;1;122;67
2021/01/01 02:15:06;1.5;2.2 km W from M. Parmentelli (CT);9.03;37.6823;14.9439;9;;155;70;170;20;7;113;21
2021/01/01 02:15:06;1.5;2.2 km W from M. Parmentelli (CT);9.03;37.6823;14.9439;9;;75;85;0;30;4;300;4
2021/01/01 13:20:26;1.7;1.7 km SW from M. Parmentelli (CT);14.31;37.6711;14.9536;8;;15;65;-110;251;64;120;18
2021/01/01 13:20:26;1.7;1.7 km SW from M. Parmentelli (CT);14.31;37.6711;14.9536;8;;145;65;-160;4;31;97;5
2021/01/01 20:46:08;1.7;1.5 km SE from M. Parmentelli (CT);14.03;37.6692;14.9781;8;;20;90;-170;245;7;155;7
2021/01/01 20:46:08;1.7;1.5 km SE from M. Parmentelli (CT);14.03;37.6692;14.9781;8;;110;40;80;27;5;257;82
2021/01/02 07:06:25;1.8;2.2 km NW from Fleri (CT);2.1;37.6696;15.079;15;;190;80;140;245;19;141;35
2021/01/02 07:06:25;1.8;2.2 km NW from Fleri (CT);2.1;37.6696;15.079;15;;55;70;-70;354;60;130;22
2021/01/02 07:06:25;1.8;2.2 km NW from Fleri (CT);2.1;37.6696;15.079;15;;130;80;-70;63;51;203;32
2021/01/02 07:19:27;1.5;2.3 km SE from Monte Arcimis (CT);0.98;37.6729;15.078;10;;130;45;-60;119;69;19;4
2021/01/02 07:44:40;2.3;1.4 km W from M. Parmentelli (CT);11.2;37.6765;14.9545;13;;150;75;-140;16;38;274;15
2021/01/03 07:58:35;2;1.0 km N from M. Parmentelli (CT);10.07;37.6899;14.9682;11;;80;75;0;36;11;304;11
2021/01/03 07:58:35;2;1.0 km N from M. Parmentelli (CT);10.07;37.6899;14.9682;11;;135;45;130;18;7;121;62
2021/01/03 08:25:14;2.6;0.8 km N from M. Parmentelli (CT);9.83;37.6881;14.9661;23;;340;90;150;29;21;291;21
2021/01/03 23:20:31;2.4;0.3 km SW from M. Intraleo (CT);18.43;37.7204;14.9148;25;;335;15;60;270;32;106;57
2021/01/03 23:20:31;2.4;0.3 km SW from M. Intraleo (CT);18.43;37.7204;14.9148;25;;200;80;140;255;19;151;35
2021/01/04 08:24:48;1.8;1.6 km W from M. Frumento Supino (CT);10.15;37.7404;14.9794;17;;310;75;30;78;9;174;32
2021/01/04 08:24:48;1.8;1.6 km W from M. Frumento Supino (CT);10.15;37.7404;14.9794;17;;335;25;-40;347;56;208;27
2021/01/04 14:09:57;1.4;0.6 km N from M. Intraleo (CT);4.79;37.7281;14.9154;9;;335;90;-20;288;14;22;14
2021/01/08 12:16:33;1.1;1.3 km S from P.zi Deneri (CT);1.24;37.7541;15.021;9;;230;80;-100;128;54;329;34
2021/01/08 17:54:32;1.9;1.3 km E from Crateri Centrali (CT);0.79;37.7543;15.0095;20;;140;40;-140;331;56;84;14
2021/01/08 17:54:32;1.9;1.3 km E from Crateri Centrali (CT);0.79;37.7543;15.0095;20;;110;80;-140;339;35;235;19
2021/01/08 18:00:10;1.1;0.8 km E from Crateri Centrali (CT);1.59;37.7526;15.0042;11;;60;35;50;358;16;235;63
2021/01/08 21:19:26;1.2;1.3 km E from Crateri Centrali (CT);0.5;37.7522;15.0096;20;;125;5;-120;248;49;63;41
2021/01/08 21:19:26;1.2;1.3 km E from Crateri Centrali (CT);0.5;37.7522;15.0096;20;;165;5;-70;233;50;57;40
2021/01/10 04:13:36;1.3;0.4 km S from Pietrafucile (CT);6.49;37.7582;15.1294;11;;140;30;30;93;26;324;52
2021/01/10 04:13:52;1.4;1.1 km SW from Pietrafucile (CT);8.6;37.7558;15.1194;11;;140;40;0;107;33;353;33
2021/01/10 04:13:52;1.4;1.1 km SW from Pietrafucile (CT);8.6;37.7558;15.1194;11;;110;30;-110;247;71;35;16
2021/01/10 06:24:08;1.6;1.0 km E from Crateri Centrali (CT);1.18;37.7542;15.0064;22;;340;90;10;115;7;205;7
2021/01/10 06:24:08;1.6;1.0 km E from Crateri Centrali (CT);1.18;37.7542;15.0064;22;;140;35;-80;193;78;43;10
2021/01/10 07:00:52;1.4;0.3 km SW from Pietrafucile (CT);8.8;37.7593;15.1277;11;;35;90;90;125;45;305;45
2021/01/10 21:29:28;1.5;1.2 km E from Crateri Centrali (CT);0.83;37.7504;15.0088;19;;0;70;-90;270;65;90;25
2021/01/11 05:52:10;1.9;1.4 km NW from Monte Centenari (CT);5.44;37.747;15.0294;10;;160;25;100;62;20;230;69
2021/01/11 05:52:10;1.9;1.4 km NW from Monte Centenari (CT);5.44;37.747;15.0294;10;;260;75;60;13;24;136;51
2021/01/11 05:52:10;1.9;1.4 km NW from Monte Centenari (CT);5.44;37.747;15.0294;10;;40;55;20;353;12;254;37
2021/01/11 06:48:23;1.8;1.6 km NE from Monte Centenari (CT);5.1;37.7458;15.0488;8;;35;65;140;92;6;355;45
2021/01/11 06:48:23;1.8;1.6 km NE from Monte Centenari (CT);5.1;37.7458;15.0488;8;;130;50;0;93;27;347;27
2021/01/11 13:31:03;1.4;0.8 km SW from Monte Scorsone (CT);3.7;37.7437;15.0619;12;;80;65;-20;41;31;308;5
2021/01/12 03:31:25;2.3;0.9 km E from Crateri Centrali (CT);0.19;37.7532;15.0052;21;;5;90;-70;294;42;76;42
2021/01/12 05:20:03;2;0.6 km SE from Crateri Centrali (CT);0.2;37.7502;15.0003;18;;155;65;-30;116;38;207;1
2021/01/12 22:14:25;1.4;0.7 km E from Crateri Centrali (CT);0.16;37.7525;15.003;8;;40;35;-140;224;57;345;19
2021/01/12 22:14:25;1.4;0.7 km E from Crateri Centrali (CT);0.16;37.7525;15.003;8;;100;50;-110;305;74;204;3
2021/01/13 05:08:54;1.8;1.2 km SW from Rifugio Citelli (CT);3.96;37.7577;15.0514;22;;160;25;90;70;20;250;70
2021/01/13 09:35:31;1.6;1.7 km E from Crateri Centrali (CT);-0.02;37.749;15.0143;14;;310;90;-140;183;27;77;27
2021/01/13 09:35:31;1.6;1.7 km E from Crateri Centrali (CT);-0.02;37.749;15.0143;14;;110;50;140;347;6;85;53
2021/01/13 09:35:31;1.6;1.7 km E from Crateri Centrali (CT);-0.02;37.749;15.0143;14;;30;75;-70;325;56;104;27
2021/01/13 14:27:47;2;1.3 km E from Crateri Centrali (CT);0.66;37.7555;15.0092;22;;50;25;-140;218;56;357;27
2021/01/13 14:27:47;2;1.3 km E from Crateri Centrali (CT);0.66;37.7555;15.0092;22;;100;45;-80;96;83;3;0
2021/01/13 14:29:21;1.4;1.2 km E from Crateri Centrali (CT);1.23;37.7522;15.009;12;;350;45;-140;188;55;293;10
2021/01/13 14:29:21;1.4;1.2 km E from Crateri Centrali (CT);1.23;37.7522;15.009;12;;70;50;-20;40;40;296;16
2021/01/14 06:40:47;1.6;1.0 km E from Crateri Centrali (CT);1.22;37.7559;15.0064;11;;115;35;-70;145;74;11;11
2021/01/15 03:01:51;1.4;0.9 km NE from Crateri Centrali (CT);0.94;37.7573;15.004;7;;130;45;110;26;2;123;76
2021/01/15 03:48:56;1.6;1.2 km E from Crateri Centrali (CT);1.66;37.7531;15.0092;13;;65;50;10;23;21;279;33
2021/01/15 03:48:56;1.6;1.2 km E from Crateri Centrali (CT);1.66;37.7531;15.0092;13;;15;85;160;63;10;329;18
2021/01/15 03:48:56;1.6;1.2 km E from Crateri Centrali (CT);1.66;37.7531;15.0092;13;;140;50;90;230;5;50;85
2021/01/15 03:48:56;1.6;1.2 km E from Crateri Centrali (CT);1.66;37.7531;15.0092;13;;170;50;160;36;16;140;40
2021/01/15 05:55:46;1.6;1.1 km SW from P.zi Deneri (CT);0.68;37.7582;15.0097;8;;45;90;90;135;45;315;45
2021/01/15 07:36:53;1.3;1.1 km E from Crateri Centrali (CT);0.75;37.7549;15.0072;8;;95;40;140;331;14;84;56
2021/01/15 07:36:53;1.3;1.1 km E from Crateri Centrali (CT);0.75;37.7549;15.0072;8;;275;90;130;332;33;218;33
2021/01/15 07:36:53;1.3;1.1 km E from Crateri Centrali (CT);0.75;37.7549;15.0072;8;;60;30;80;337;15;176;74
2021/01/15 21:06:58;1.5;1.2 km SE from Crateri Centrali (CT);0.74;37.7456;15.0055;11;;160;75;-20;117;25;208;3
2021/01/15 21:06:58;1.5;1.2 km SE from Crateri Centrali (CT);0.74;37.7456;15.0055;11;;5;70;20;317;1;226;28
2021/01/16 02:23:35;1.6;0.6 km E from Crateri Centrali (CT);0.46;37.7508;15.0009;9;;80;60;-140;295;48;203;2
2021/01/16 12:37:40;1.6;0.3 km SW from Crateri Centrali (CT);0.89;37.7507;14.9932;7;;225;85;120;290;33;164;42
2021/01/16 15:21:10;3.2;3.2 km NE from Monte Nero (CT);19.65;37.8347;15.046;24;;65;25;100;327;20;135;69
2021/01/16 17:47:37;3.4;0.1 km SW from Crateri Centrali (CT);0.51;37.7525;14.994;17;;135;65;-70;79;64;210;18
2021/01/16 21:08:14;3.3;2.9 km NE from Monte Nero (CT);20.42;37.8331;15.0441;20;;20;20;60;313;27;157;61
2021/01/17 07:04:05;2.3;1.9 km NW from M. Denza (CT);1.09;37.7161;14.9481;10;;20;55;-100;256;77;117;9
2021/01/17 16:38:20;2.1;3.5 km E from Monte Collabasso (CT);18.7;37.8398;15.0457;12;;75;35;130;317;16;80;63
2021/01/17 21:23:29;1.6;0.3 km NW from Monte Centenari (CT);3.49;37.7371;15.0325;9;;55;40;-140;246;56;359;14
2021/01/18 13:58:40;2.5;3.1 km N from Piano Pernicana (CT);24.63;37.8346;15.0711;17;;130;50;140;7;6;105;53
2021/01/18 13:58:40;2.5;3.1 km N from Piano Pernicana (CT);24.63;37.8346;15.0711;17;;65;55;40;8;2;275;51
2021/01/18 19:18:46;2.2;2.5 km SW from Solicchiata (CT);15.54;37.8517;15.0491;9;;140;75;110;214;27;75;56
2021/01/18 19:18:46;2.2;2.5 km SW from Solicchiata (CT);15.54;37.8517;15.0491;9;;170;65;40;293;6;30;45
2021/01/19 23:19:18;2.5;1.9 km N from P.zi Deneri (CT);20.26;37.7833;15.0156;25;;50;80;-10;6;14;276;0
2021/01/20 04:14:47;2.5;3.2 km W from Solicchiata (CT);16.93;37.8525;15.0396;26;;90;40;120;339;9;92;69
2021/01/22 03:41:54;2.2;1.2 km NW from P.zi Deneri (CT);16.06;37.7738;15.0086;14;;250;75;30;18;9;114;32
2021/01/22 03:41:54;2.2;1.2 km NW from P.zi Deneri (CT);16.06;37.7738;15.0086;14;;105;45;80;22;0;289;83
2021/01/22 11:59:08;1.8;3.5 km E from Monte Collabasso (CT);20.99;37.8385;15.0463;9;;345;15;130;222;33;22;55
2021/01/22 15:16:57;1.7;0.4 km E from M. Frumento Supino (CT);3.73;37.7355;15.0006;10;;175;75;120;242;24;119;51
2021/01/22 19:16:31;1.4;1.0 km N from M. Frumento Supino (CT);3.45;37.7433;14.9947;10;;85;65;-110;321;64;190;18
2021/01/22 19:16:31;1.4;1.0 km N from M. Frumento Supino (CT);3.45;37.7433;14.9947;10;;0;50;-70;335;74;76;3
2021/01/22 19:16:31;1.4;1.0 km N from M. Frumento Supino (CT);3.45;37.7433;14.9947;10;;125;50;-40;100;53;2;6
2021/01/22 19:22:54;1.9;3.3 km SW from Solicchiata (CT);22.21;37.8407;15.0493;7;;65;55;80;162;9;301;77
2021/01/22 19:37:15;1.7;2.4 km NW from Piano Pernicana (CT);19.38;37.8259;15.0583;7;;55;50;80;152;5;272;81
2021/01/23 10:15:10;1.6;0.6 km NW from Milo (CT);6.43;37.7263;15.1126;9;;25;55;-130;236;58;142;2
2021/01/23 19:02:53;1.5;0.5 km NW from Monte Centenari (CT);3.92;37.7395;15.0327;8;;100;80;50;220;24;333;41
2021/01/24 00:10:34;1.7;1.1 km SW from Pietrafucile (CT);10.14;37.753;15.1227;13;;55;60;50;172;7;272;55
2021/01/24 03:05:02;2.1;1.0 km W from Sant'Alfio (CT);13.56;37.745;15.1305;18;;0;30;-80;64;74;263;15
2021/01/24 03:05:02;2.1;1.0 km W from Sant'Alfio (CT);13.56;37.745;15.1305;18;;220;80;-30;174;28;271;13
2021/01/24 03:43:55;1.4;1.2 km S from Pietrafucile (CT);11.33;37.7514;15.1311;8;;70;50;70;174;3;275;74
2021/01/24 03:43:55;1.4;1.2 km S from Pietrafucile (CT);11.33;37.7514;15.1311;8;;305;50;160;171;16;275;40
2021/01/24 08:45:37;2.3;1.0 km W from Pietrafucile (CT);14.38;37.7581;15.119;9;;45;25;-30;47;52;270;29
2021/01/24 09:44:46;2.2;1.4 km NE from Monte Fontane (CT);14.84;37.7502;15.0956;8;;130;25;-150;308;52;85;29
2021/01/24 09:44:46;2.2;1.4 km NE from Monte Fontane (CT);14.84;37.7502;15.0956;8;;45;65;-150;264;38;173;1
2021/01/24 09:58:02;1.5;2.3 km E from Sant'Alfio (CT);10.67;37.7517;15.1646;8;;25;65;-30;346;38;77;1
2021/01/24 09:58:02;1.5;2.3 km E from Sant'Alfio (CT);10.67;37.7517;15.1646;8;;90;40;130;332;11;85;63
2021/01/24 11:10:42;2.3;1.0 km W from Sant'Alfio (CT);9.7;37.7436;15.1298;10;;35;30;0;8;38;242;38
2021/01/24 11:10:42;2.3;1.0 km W from Sant'Alfio (CT);9.7;37.7436;15.1298;10;;70;85;-40;19;31;124;23
2021/01/24 11:11:25;1.9;1.7 km SW from Pietrafucile (CT);13.73;37.7483;15.1206;7;;140;70;-100;34;64;238;24
2021/01/24 11:11:25;1.9;1.7 km SW from Pietrafucile (CT);13.73;37.7483;15.1206;7;;190;80;-40;141;35;245;19
2021/01/24 12:06:18;2.5;1.6 km E from Monte Fontane (CT);19.39;37.7401;15.1033;17;;130;80;-40;81;35;185;19
2021/01/24 12:27:24;1.9;1.6 km N from P.zi Deneri (CT);12.04;37.7797;15.0219;11;;340;85;100;61;39;261;49
2021/01/24 12:27:24;1.9;1.6 km N from P.zi Deneri (CT);12.04;37.7797;15.0219;11;;50;55;30;358;7;262;44
2021/01/24 12:59:17;1.8;1.1 km NW from Sant'Alfio (CT);9.91;37.7487;15.1322;13;;45;90;50;168;33;282;33
2021/01/24 12:59:17;1.8;1.1 km NW from Sant'Alfio (CT);9.91;37.7487;15.1322;13;;25;45;-60;14;69;274;4
2021/01/24 14:05:25;1.7;2.1 km SW from Pietrafucile (CT);10.93;37.7499;15.1109;13;;25;50;-70;360;74;101;3
2021/01/24 14:05:25;1.7;2.1 km SW from Pietrafucile (CT);10.93;37.7499;15.1109;13;;115;70;-110;356;60;220;22
2021/01/24 14:05:25;1.7;2.1 km SW from Pietrafucile (CT);10.93;37.7499;15.1109;13;;100;30;-40;104;57;334;23
2021/01/24 14:05:25;1.7;2.1 km SW from Pietrafucile (CT);10.93;37.7499;15.1109;13;;145;60;-40;110;48;202;2
2021/01/24 22:14:06;1.8;1.8 km W from Sant'Alfio (CT);9.27;37.7429;15.121;13;;60;35;-60;75;69;309;13
2021/01/24 22:14:06;1.8;1.8 km W from Sant'Alfio (CT);9.27;37.7429;15.121;13;;200;55;-40;170;51;77;2
2021/01/25 06:07:47;1.7;0.8 km NE from Sant'Alfio (CT);12.33;37.7457;15.1485;7;;220;75;-180;84;11;176;11
2021/01/25 06:07:47;1.7;0.8 km NE from Sant'Alfio (CT);12.33;37.7457;15.1485;7;;165;65;-20;126;31;33;5
2021/01/25 06:07:47;1.7;0.8 km NE from Sant'Alfio (CT);12.33;37.7457;15.1485;7;;140;20;10;113;38;330;45
2021/01/25 06:07:47;1.7;0.8 km NE from Sant'Alfio (CT);12.33;37.7457;15.1485;7;;340;40;50;278;11;165;63
2021/01/25 07:40:20;1.8;1.3 km W from Sant'Alfio (CT);13.54;37.7392;15.127;9;;150;30;140;24;23;154;57
2021/01/25 07:40:20;1.8;1.3 km W from Sant'Alfio (CT);13.54;37.7392;15.127;9;;300;75;120;7;24;244;51
2021/01/25 07:40:20;1.8;1.3 km W from Sant'Alfio (CT);13.54;37.7392;15.127;9;;80;20;80;358;25;187;65
2021/01/26 00:39:22;2.3;9.3 km W from Bronte (CT);9.58;37.7534;14.7355;13;;0;80;-130;233;41;120;24
2021/01/26 00:39:22;2.3;9.3 km W from Bronte (CT);9.58;37.7534;14.7355;13;;30;35;-160;227;46;348;26
2021/01/26 01:53:09;1.5;1.9 km W from Sant'Alfio (CT);13.68;37.7453;15.1196;7;;30;85;-20;344;18;78;10
2021/01/27 01:27:49;1.9;0.4 km W from Sant'Alfio (CT);13.15;37.7407;15.1372;10;;345;85;-140;216;31;111;23
2021/01/27 01:27:49;1.9;0.4 km W from Sant'Alfio (CT);13.15;37.7407;15.1372;10;;40;10;170;239;42;40;46
2021/01/27 15:32:06;1.8;2.0 km E from Rifugio Citelli (CT);4.03;37.7657;15.0834;11;;275;90;10;50;7;140;7
2021/01/27 15:32:06;1.8;2.0 km E from Rifugio Citelli (CT);4.03;37.7657;15.0834;11;;155;45;100;58;0;151;83
2021/01/28 05:28:11;3;1.1 km N from Piano Pernicana (CT);-0.67;37.8169;15.0719;15;;160;75;0;116;11;24;11
2021/01/28 05:28:11;3;1.1 km N from Piano Pernicana (CT);-0.67;37.8169;15.0719;15;;75;75;-140;301;38;199;15
2021/01/28 22:41:07;1.9;2.6 km W from Randazzo (CT);19.59;37.8799;14.9188;17;;65;50;-170;279;33;23;21
2021/01/28 22:41:07;1.9;2.6 km W from Randazzo (CT);19.59;37.8799;14.9188;17;;340;5;40;296;42;124;48
2021/01/28 22:41:07;1.9;2.6 km W from Randazzo (CT);19.59;37.8799;14.9188;17;;190;80;150;241;13;144;28
2021/01/29 10:04:43;1.8;0.8 km E from Crateri Centrali (CT);1.31;37.7563;15.0031;11;;60;70;-130;287;49;178;15
2021/01/29 10:04:43;1.8;0.8 km E from Crateri Centrali (CT);1.31;37.7563;15.0031;11;;100;30;-180;307;38;73;38
2021/01/30 02:16:36;1.9;1.0 km SW from Milo (CT);7.93;37.7137;15.1114;12;;120;40;50;58;11;305;63
2021/01/30 02:16:36;1.9;1.0 km SW from Milo (CT);7.93;37.7137;15.1114;12;;205;60;160;73;8;169;34
2021/01/30 11:04:59;1.7;1.2 km NW from Monte Centenari (CT);0.47;37.745;15.0308;10;;315;90;-40;262;27;8;27
2021/01/30 11:04:59;1.7;1.2 km NW from Monte Centenari (CT);0.47;37.745;15.0308;10;;135;45;-80;131;83;38;0
2021/01/31 02:16:11;1.9;0.4 km NW from M. Frumento Supino (CT);5.85;37.7371;14.994;13;;40;65;-140;260;45;163;6
2021/01/31 18:27:14;1.8;0.9 km E from Crateri Centrali (CT);0.89;37.7524;15.0052;10;;40;35;-40;36;57;275;19
2021/02/01 00:32:41;1.3;1.4 km E from Crateri Centrali (CT);1.26;37.7542;15.0106;8;;355;55;-100;231;77;92;9
2021/02/01 00:32:41;1.3;1.4 km E from Crateri Centrali (CT);1.26;37.7542;15.0106;8;;45;50;-130;248;60;342;2
2021/02/01 03:05:59;1.5;1.4 km NE from M. Frumento Supino (CT);2.15;37.7438;15.0065;10;;5;55;-120;218;65;116;6
2021/02/02 10:12:22;1.5;1.0 km SE from P.zi Deneri (CT);4.25;37.7606;15.027;9;;40;35;130;282;16;45;63
2021/02/02 10:12:22;1.5;1.0 km SE from P.zi Deneri (CT);4.25;37.7606;15.027;9;;15;70;-150;237;35;143;5
2021/02/02 10:12:22;1.5;1.0 km SE from P.zi Deneri (CT);4.25;37.7606;15.027;9;;10;30;60;302;18;163;67
2021/02/02 10:12:22;1.5;1.0 km SE from P.zi Deneri (CT);4.25;37.7606;15.027;9;;295;60;-70;246;68;11;13
2021/02/03 00:34:18;1.7;0.1 km S from Crateri Centrali (CT);1.02;37.7518;14.9946;7;;160;35;-10;136;41;16;31
2021/02/03 00:34:18;1.7;0.1 km S from Crateri Centrali (CT);1.02;37.7518;14.9946;7;;150;25;-40;162;56;23;27
2021/02/03 01:58:00;1.6;0.7 km SE from Crateri Centrali (CT);1.52;37.7493;15.0015;10;;320;80;10;274;0;184;14
2021/02/03 05:16:13;1.6;1.1 km E from Crateri Centrali (CT);1.49;37.7546;15.007;10;;165;30;-60;192;67;53;18
2021/02/03 05:16:13;1.6;1.1 km E from Crateri Centrali (CT);1.49;37.7546;15.007;10;;20;30;-160;212;47;340;29
2021/02/03 05:23:34;2.2;1.1 km E from Crateri Centrali (CT);1.11;37.7523;15.008;13;;110;75;-130;340;45;229;20
2021/02/03 05:23:34;2.2;1.1 km E from Crateri Centrali (CT);1.11;37.7523;15.008;13;;180;75;-70;115;56;254;27
2021/02/03 05:23:34;2.2;1.1 km E from Crateri Centrali (CT);1.11;37.7523;15.008;13;;260;15;-160;76;48;228;38
2021/02/03 05:24:49;1.9;1.3 km E from Crateri Centrali (CT);0.92;37.7524;15.0098;13;;20;55;-60;347;65;89;6
2021/02/03 05:24:49;1.9;1.3 km E from Crateri Centrali (CT);0.92;37.7524;15.0098;13;;120;75;-170;343;18;74;4
2021/02/03 07:51:25;1.5;0.4 km SE from Crateri Centrali (CT);1.58;37.7507;14.9985;8;;85;20;30;42;33;257;52
2021/02/03 15:12:07;1.7;0.4 km SE from Crateri Centrali (CT);1.36;37.7514;14.9988;10;;125;50;-60;102;67;194;1
2021/02/04 10:28:31;2;3.1 km W from M. Parmentelli (CT);10.83;37.6724;14.9356;8;;70;60;-10;32;27;294;14
2021/02/05 14:39:10;2.3;0.4 km SE from Crateri Centrali (CT);0.72;37.7502;14.9977;11;;235;85;-170;100;11;9;3
2021/02/05 14:39:10;2.3;0.4 km SE from Crateri Centrali (CT);0.72;37.7502;14.9977;11;;70;30;-140;246;57;16;23
2021/02/06 04:42:28;1.7;1.0 km E from Crateri Centrali (CT);0.43;37.7538;15.0064;25;;105;85;120;170;33;44;42
2021/02/06 04:42:28;1.7;1.0 km E from Crateri Centrali (CT);0.43;37.7538;15.0064;25;;25;80;20;157;7;250;21
2021/02/06 04:42:28;1.7;1.0 km E from Crateri Centrali (CT);0.43;37.7538;15.0064;25;;40;40;100;303;5;73;82
2021/02/06 05:29:59;1.5;0.6 km S from Crateri Centrali (CT);1.72;37.7472;14.9949;12;;125;40;-70;138;76;21;7
2021/02/06 05:29:59;1.5;0.6 km S from Crateri Centrali (CT);1.72;37.7472;14.9949;12;;20;20;-60;63;61;267;27
2021/02/06 05:29:59;1.5;0.6 km S from Crateri Centrali (CT);1.72;37.7472;14.9949;12;;240;60;-150;95;41;188;3
2021/02/06 05:35:42;1.3;0.8 km E from Crateri Centrali (CT);1.87;37.7529;15.0041;11;;60;70;170;285;7;18;21
2021/02/06 06:25:03;2.6;1.0 km N from Monte Centenari (CT);3.63;37.7439;15.036;25;;100;60;-40;65;48;157;2
2021/02/06 06:26:14;1.5;1.2 km N from Monte Centenari (CT);1.72;37.7455;15.0384;18;;45;20;-110;167;63;331;26
2021/02/06 06:26:14;1.5;1.2 km N from Monte Centenari (CT);1.72;37.7455;15.0384;18;;105;20;-50;135;58;344;29
2021/02/06 06:26:14;1.5;1.2 km N from Monte Centenari (CT);1.72;37.7455;15.0384;18;;30;35;-140;214;57;335;19
2021/02/06 06:41:24;2.1;0.4 km SE from Crateri Centrali (CT);0.5;37.75;14.9982;25;;70;35;150;299;22;59;51
2021/02/06 06:41:24;2.1;0.4 km SE from Crateri Centrali (CT);0.5;37.75;14.9982;25;;350;60;10;306;14;208;27
2021/02/06 13:20:46;1.3;1.0 km N from M. Frumento Supino (CT);2.07;37.7427;14.994;11;;95;50;120;164;1;72;67
2021/02/07 00:57:05;1.3;1.7 km N from Case del Vescovo (CT);3.77;37.7132;15.0275;8;;215;80;0;170;7;80;7
2021/02/07 00:57:05;1.3;1.7 km N from Case del Vescovo (CT);3.77;37.7132;15.0275;8;;160;30;-140;336;57;106;23
2021/02/07 09:03:25;2.2;0.4 km E from Crateri Centrali (CT);-1.15;37.7517;14.9993;19;;60;70;-180;283;14;17;14
2021/02/08 06:00:43;1.9;1.4 km W from Sant'Alfio (CT);4.78;37.7467;15.1256;8;;85;75;70;191;27;330;56
2021/02/08 06:00:43;1.9;1.4 km W from Sant'Alfio (CT);4.78;37.7467;15.1256;8;;20;60;100;103;14;315;73
2021/02/10 04:17:54;1.5;1.1 km E from M. Frumento Supino (CT);2.01;37.7361;15.0088;8;;70;55;140;307;2;40;51
2021/02/10 20:21:56;1.4;1.0 km E from Crateri Centrali (CT);1.14;37.7564;15.0059;19;;40;70;-70;339;60;115;22
2021/02/11 16:57:13;1.4;0.4 km N from Monte Centenari (CT);2.34;37.7392;15.0354;11;;160;30;-20;148;47;20;29
2021/02/11 16:57:13;1.4;0.4 km N from Monte Centenari (CT);2.34;37.7392;15.0354;11;;100;80;50;220;24;333;41
2021/02/11 23:26:37;3.1;0.6 km E from Crateri Centrali (CT);0.73;37.7536;15.0021;28;;115;35;-120;280;69;46;13
2021/02/11 23:30:35;1.3;0.8 km E from Crateri Centrali (CT);0.47;37.7537;15.004;11;;15;10;-170;195;46;356;42
2021/02/11 23:30:35;1.3;0.8 km E from Crateri Centrali (CT);0.47;37.7537;15.004;11;;110;75;-40;64;38;166;15
2021/02/11 23:30:35;1.3;0.8 km E from Crateri Centrali (CT);0.47;37.7537;15.004;11;;0;90;-90;270;45;90;45
2021/02/11 23:30:35;1.3;0.8 km E from Crateri Centrali (CT);0.47;37.7537;15.004;11;;290;45;-20;264;42;155;19
2021/02/11 23:31:33;1.4;1.7 km E from Monte Palestra (CT);0.59;37.7415;14.975;18;;95;45;-160;301;42;50;19
2021/02/11 23:31:33;1.4;1.7 km E from Monte Palestra (CT);0.59;37.7415;14.975;18;;120;25;160;338;33;113;48
2021/02/12 15:25:12;2.5;0.3 km E from Crateri Centrali (CT);0.67;37.7536;14.9984;19;;80;60;-140;295;48;203;2
2021/02/12 21:57:28;1.9;0.8 km SE from Crateri Centrali (CT);0.4;37.747;14.9995;12;;115;60;-140;330;48;238;2
2021/02/12 21:57:28;1.9;0.8 km SE from Crateri Centrali (CT);0.4;37.747;14.9995;12;;35;10;-140;184;51;349;38
2021/02/12 21:57:28;1.9;0.8 km SE from Crateri Centrali (CT);0.4;37.747;14.9995;12;;35;65;-130;257;52;153;11
2021/02/12 21:57:28;1.9;0.8 km SE from Crateri Centrali (CT);0.4;37.747;14.9995;12;;95;55;-50;64;58;158;2
2021/02/12 21:57:28;1.9;0.8 km SE from Crateri Centrali (CT);0.4;37.747;14.9995;12;;40;55;140;277;2;10;51
2021/02/12 22:49:02;1.4;0.0 km N from Crateri Centrali (CT);0.89;37.7531;14.995;8;;95;15;-170;280;46;72;41
2021/02/13 16:13:35;2.5;0.2 km SW from Crateri Centrali (CT);0.71;37.7517;14.9943;12;;60;85;-170;285;11;194;3
2021/02/13 21:46:58;1.8;0.6 km SE from Crateri Centrali (CT);0.48;37.7502;15.0002;8;;105;50;-160;315;40;59;16
2021/02/13 21:46:58;1.8;0.6 km SE from Crateri Centrali (CT);0.48;37.7502;15.0002;8;;90;85;-150;318;24;220;17
2021/02/13 21:46:58;1.8;0.6 km SE from Crateri Centrali (CT);0.48;37.7502;15.0002;8;;150;75;-80;74;59;232;29
2021/02/16 18:13:06;1.5;1.0 km W from Monte Palestra (CT);9.46;37.746;14.9445;8;;45;50;20;359;16;255;40
2021/02/16 18:13:06;1.5;1.0 km W from Monte Palestra (CT);9.46;37.746;14.9445;8;;110;40;80;27;5;257;82
2021/02/16 22:22:08;1.4;1.2 km N from Monte Centenari (CT);3.24;37.746;15.0359;10;;105;75;80;203;29;1;59
2021/02/17 16:25:22;1.5;1.0 km N from Piano Pernicana (CT);-1.57;37.816;15.0699;11;;135;60;120;204;10;94;62
2021/02/17 16:25:22;1.5;1.0 km N from Piano Pernicana (CT);-1.57;37.816;15.0699;11;;55;50;160;281;16;25;40
2021/02/17 17:02:50;2.3;1.9 km SW from M. Frumento Supino (CT);6;37.726;14.9769;26;;100;50;10;58;21;314;33
2021/02/17 17:10:18;1.7;1.8 km W from La Montagnola (CT);6.8;37.7144;14.9868;17;;140;30;70;65;16;277;71
2021/02/17 18:43:54;1.3;1.8 km NE from M. Denza (CT);4.04;37.7204;14.9745;14;;320;85;-30;272;24;10;17
2021/02/22 12:20:13;1.7;3.4 km S from Motta Camastra (ME);15.64;37.8636;15.1664;11;;65;55;110;141;8;26;72
2021/02/24 11:07:20;1.3;2.2 km SW from Monte Palestra (CT);5.79;37.7284;14.9411;13;;125;85;-70;56;46;197;37
2021/02/24 12:12:03;1.4;2.0 km E from M. Intraleo (CT);7.16;37.7239;14.9402;7;;75;50;-100;292;81;172;5
2021/02/24 12:12:03;1.4;2.0 km E from M. Intraleo (CT);7.16;37.7239;14.9402;7;;315;45;-70;308;76;211;2
2021/02/24 12:12:03;1.4;2.0 km E from M. Intraleo (CT);7.16;37.7239;14.9402;7;;125;85;-30;77;24;175;17
2021/02/24 12:12:03;1.4;2.0 km E from M. Intraleo (CT);7.16;37.7239;14.9402;7;;280;45;-40;262;55;157;10
2021/02/27 02:27:25;1.2;1.4 km W from Monte Scorsone (CT);3.05;37.7444;15.0542;10;;105;75;-10;62;18;331;4
2021/02/27 02:27:25;1.2;1.4 km W from Monte Scorsone (CT);3.05;37.7444;15.0542;10;;185;40;160;49;23;163;44
2021/02/27 14:27:34;1.2;0.8 km W from Castiglione di Sicilia (CT);9.97;37.8852;15.114;8;;40;75;-120;276;51;153;24
2021/02/27 20:24:21;1.4;2.3 km N from M. Denza (CT);24.17;37.7262;14.9691;8;;15;90;-100;275;44;115;44
2021/02/27 20:47:04;1.5;0.7 km SW from Monte Palestra (CT);22.21;37.7396;14.9505;12;;165;70;160;33;1;124;28
2021/02/27 20:47:04;1.5;0.7 km SW from Monte Palestra (CT);22.21;37.7396;14.9505;12;;120;80;0;75;7;345;7
2021/02/27 20:47:04;1.5;0.7 km SW from Monte Palestra (CT);22.21;37.7396;14.9505;12;;0;25;120;248;22;36;64
2021/02/28 04:37:12;1;1.2 km NE from Case del Vescovo (CT);5.29;37.7065;15.0335;8;;165;85;50;286;29;40;37
2021/02/28 13:33:01;1.9;1.9 km SW from Monte Scorsone (CT);4.05;37.7335;15.0578;10;;95;80;-60;36;47;161;29
2021/03/01 17:02:05;1.3;1.2 km NW from Mangano (CT);17.03;37.684;15.1604;9;;15;80;70;122;32;262;51
2021/03/01 17:02:05;1.3;1.2 km NW from Mangano (CT);17.03;37.684;15.1604;9;;185;50;-40;160;53;62;6
2021/03/01 17:02:05;1.3;1.2 km NW from Mangano (CT);17.03;37.684;15.1604;9;;105;20;10;78;38;295;45
2021/03/02 01:39:39;1.7;2.7 km NW from Monte Collabasso (CT);28.88;37.8531;14.9961;8;;50;25;-160;237;48;12;33
2021/03/02 04:09:34;1.4;2.1 km W from I Due Monti (CT);24.19;37.7853;15.0432;9;;20;10;120;264;36;74;53
2021/03/02 04:12:30;1.7;1.9 km NE from Monte Nero (CT);21.23;37.8183;15.0477;16;;80;15;140;309;34;105;53
2021/03/02 05:29:21;1.9;1.4 km NW from Piano Pernicana (CT);23.34;37.8151;15.0598;8;;110;15;160;322;38;114;48
2021/03/02 20:49:53;2.2;2.7 km NE from Monte Nero (CT);20.25;37.83;15.0454;17;;105;20;140;336;31;124;55
2021/03/03 04:04:25;1.7;1.3 km NE from Milo (CT);11.85;37.7305;15.1271;8;;160;65;-40;120;45;217;6
2021/03/03 04:04:25;1.7;1.3 km NE from Milo (CT);11.85;37.7305;15.1271;8;;315;25;-120;99;64;247;22
2021/03/03 21:26:34;2.1;2.6 km NE from Monte Collabasso (CT);18.5;37.8413;15.0337;19;;65;35;90;335;10;155;80
2021/03/03 21:26:34;2.1;2.6 km NE from Monte Collabasso (CT);18.5;37.8413;15.0337;19;;100;40;120;349;9;102;69
2021/03/04 06:09:38;1.7;1.9 km W from Monte Palestra (CT);7.91;37.7379;14.9355;9;;75;75;-90;345;60;165;30
2021/03/04 06:09:38;1.7;1.9 km W from Monte Palestra (CT);7.91;37.7379;14.9355;9;;320;80;50;80;24;193;41
2021/03/04 06:09:38;1.7;1.9 km W from Monte Palestra (CT);7.91;37.7379;14.9355;9;;350;35;20;308;26;187;46
2021/03/04 06:09:38;1.7;1.9 km W from Monte Palestra (CT);7.91;37.7379;14.9355;9;;95;10;120;339;36;149;53
2021/03/08 18:31:07;1.8;5.0 km W from Monte Minardo (CT);4.69;37.7377;14.8133;12;;10;90;80;110;44;270;44
2021/03/08 18:31:07;1.8;5.0 km W from Monte Minardo (CT);4.69;37.7377;14.8133;12;;115;30;-160;307;47;75;29
2021/03/08 18:31:07;1.8;5.0 km W from Monte Minardo (CT);4.69;37.7377;14.8133;12;;125;30;-80;189;74;28;15
2021/03/10 04:28:53;2.1;4.6 km N from Cesarò (ME);8.72;37.8825;14.7284;14;;30;90;20;163;14;257;14
2021/03/10 04:28:53;2.1;4.6 km N from Cesarò (ME);8.72;37.8825;14.7284;14;;145;45;-90;311;90;55;0
2021/03/10 08:56:39;2.7;1.7 km NE from M. Intraleo (CT);25.49;37.7357;14.9271;21;;65;90;-150;294;21;196;21
2021/03/10 09:20:38;2.8;4.3 km NE from San Teodoro (ME);8.47;37.883;14.7185;21;;135;55;-160;349;37;88;12
2021/03/10 18:38:50;1.4;1.1 km E from Motta Camastra (ME);18.25;37.8923;15.1823;7;;180;55;110;256;8;141;72
2021/03/11 15:14:05;1.3;1.1 km NW from Castiglione di Sicilia (CT);9.1;37.8884;15.1128;8;;100;20;50;41;29;250;58
2021/03/19 00:50:53;0.9;1.4 km NE from Monte Grosso (CT);6.15;37.6815;15.0185;15;;45;35;-120;210;69;336;13
2021/03/19 14:30:01;1.9;1.7 km N from Milo (CT);5.56;37.7363;15.1222;21;;85;65;0;43;17;307;17
2021/03/19 14:57:06;1.8;1.9 km E from Monte Fontane (CT);5.19;37.7462;15.1062;22;;90;75;-10;47;18;316;4
2021/03/19 15:53:02;1.4;2.4 km W from Sant'Alfio (CT);4.97;37.7433;15.114;16;;320;90;40;87;27;193;27
2021/03/19 17:54:03;1.6;1.7 km SW from Pietrafucile (CT);4.67;37.7481;15.1212;20;;85;75;0;41;11;309;11
2021/03/19 17:54:03;1.6;1.7 km SW from Pietrafucile (CT);4.67;37.7481;15.1212;20;;315;70;30;83;5;177;35
2021/03/19 17:54:03;1.6;1.7 km SW from Pietrafucile (CT);4.67;37.7481;15.1212;20;;145;60;90;235;15;55;75
2021/03/19 17:54:43;1.8;2.1 km SW from Pietrafucile (CT);5.11;37.7462;15.1166;21;;300;90;30;71;21;169;21
2021/03/19 17:54:43;1.8;2.1 km SW from Pietrafucile (CT);5.11;37.7462;15.1166;21;;65;90;-30;16;21;114;21
2021/03/19 17:56:16;2.5;2.2 km W from Sant'Alfio (CT);6.03;37.7426;15.1154;26;;115;45;-10;84;36;335;24
2021/03/19 17:56:42;2.3;1.6 km W from Sant'Alfio (CT);4.81;37.7461;15.1234;25;;85;75;0;41;11;309;11
2021/03/19 17:56:42;2.3;1.6 km W from Sant'Alfio (CT);4.81;37.7461;15.1234;25;;170;40;130;52;11;165;63
2021/03/19 17:56:42;2.3;1.6 km W from Sant'Alfio (CT);4.81;37.7461;15.1234;25;;95;10;140;321;38;126;51
2021/03/19 18:09:46;1.3;2.1 km W from Sant'Alfio (CT);6.08;37.7429;15.1166;15;;110;85;-30;62;24;160;17
2021/03/19 18:09:46;1.3;2.1 km W from Sant'Alfio (CT);6.08;37.7429;15.1166;15;;50;55;-120;263;65;161;6
2021/03/19 18:09:46;1.3;2.1 km W from Sant'Alfio (CT);6.08;37.7429;15.1166;15;;205;70;90;295;25;115;65
2021/03/19 18:55:43;1;1.5 km S from Sant'Alfio (CT);5.7;37.7292;15.1462;9;;140;15;-170;325;46;117;41
2021/03/19 18:55:43;1;1.5 km S from Sant'Alfio (CT);5.7;37.7292;15.1462;9;;30;35;-20;13;46;252;26
2021/03/19 20:57:19;0.9;1.7 km W from Sant'Alfio (CT);3.75;37.7464;15.1222;11;;300;85;30;70;17;168;24
2021/03/20 17:19:45;1.3;0.7 km SE from Pietrafucile (CT);5.32;37.756;15.1319;7;;130;60;-20;94;34;358;8
2021/03/20 17:25:10;1.8;1.1 km SE from Pietrafucile (CT);6.34;37.753;15.1342;23;;120;30;-80;184;74;23;15
2021/03/20 17:35:23;1.9;0.8 km SE from Pietrafucile (CT);6.66;37.7558;15.1326;9;;120;75;-10;77;18;346;4
2021/03/20 17:42:11;2.2;0.9 km SE from Pietrafucile (CT);6.65;37.7554;15.1357;16;;115;70;-20;74;28;343;1
2021/03/20 17:45:10;1.5;1.1 km SE from Pietrafucile (CT);5.01;37.7537;15.136;20;;100;20;-110;222;63;26;26
2021/03/20 17:45:10;1.5;1.1 km SE from Pietrafucile (CT);5.01;37.7537;15.136;20;;0;15;-110;118;59;286;31
2021/03/20 17:45:10;1.5;1.1 km SE from Pietrafucile (CT);5.01;37.7537;15.136;20;;255;55;-80;199;77;338;9
2021/03/20 18:07:44;1.6;1.0 km SE from Pietrafucile (CT);5.56;37.7561;15.1377;20;;75;35;-140;259;57;20;19
2021/03/20 18:07:44;1.6;1.0 km SE from Pietrafucile (CT);5.56;37.7561;15.1377;20;;145;65;0;103;17;7;17
2021/03/20 18:07:44;1.6;1.0 km SE from Pietrafucile (CT);5.56;37.7561;15.1377;20;;260;65;-100;150;68;357;19
2021/03/21 07:57:34;1.7;0.9 km SE from Pietrafucile (CT);4.3;37.7561;15.1363;10;;125;80;-10;81;14;351;0
2021/03/21 07:59:13;1.4;1.1 km N from Sant'Alfio (CT);5.96;37.7521;15.1404;14;;90;35;-90;180;80;360;10
2021/03/21 08:47:43;2.3;0.4 km S from Pietrafucile (CT);6.92;37.758;15.1298;15;;120;75;-20;77;25;168;3
2021/03/21 08:47:43;2.3;0.4 km S from Pietrafucile (CT);6.92;37.758;15.1298;15;;90;50;-60;67;67;159;1
2021/03/21 08:52:11;1.2;1.2 km E from Sant'Alfio (CT);7.23;37.7432;15.1546;9;;85;45;-90;251;90;355;0
2021/03/21 08:52:11;1.2;1.2 km E from Sant'Alfio (CT);7.23;37.7432;15.1546;9;;115;65;-10;75;24;340;11
2021/03/21 09:08:15;2.2;0.6 km SE from Pietrafucile (CT);6.91;37.7571;15.1315;17;;120;75;-20;77;25;168;3
2021/03/21 09:09:02;1.5;0.7 km NE from Sant'Alfio (CT);6.84;37.7453;15.1472;16;;90;40;-120;268;69;21;9
2021/03/21 09:22:01;2.8;0.7 km SE from Pietrafucile (CT);7.38;37.7559;15.1319;24;;215;80;-170;79;14;169;0
2021/03/21 09:24:59;2.1;1.0 km SE from Pietrafucile (CT);5.55;37.7548;15.1361;29;;100;45;-110;287;76;24;2
2021/03/21 09:24:59;2.1;1.0 km SE from Pietrafucile (CT);5.55;37.7548;15.1361;29;;45;85;-170;270;11;179;3
2021/03/21 09:36:03;1.5;1.2 km N from Sant'Alfio (CT);6.87;37.753;15.1398;16;;75;45;-110;262;76;359;2
2021/03/21 09:42:24;1.5;1.1 km N from Sant'Alfio (CT);5.06;37.752;15.1386;16;;0;40;-140;191;56;304;14
2021/03/21 10:05:07;1.3;0.3 km E from Sant'Alfio (CT);6.71;37.7411;15.1441;12;;10;40;-130;195;63;308;11
2021/03/21 10:32:33;1.3;0.6 km N from Sant'Alfio (CT);7.1;37.7477;15.141;14;;55;80;-180;280;7;10;7
2021/03/21 10:32:33;1.3;0.6 km N from Sant'Alfio (CT);7.1;37.7477;15.141;14;;160;20;60;93;27;297;61
2021/03/21 10:34:40;1.3;0.6 km NW from Sant'Alfio (CT);6.31;37.7465;15.1375;15;;100;40;-110;267;76;24;7
2021/03/21 10:34:40;1.3;0.6 km NW from Sant'Alfio (CT);6.31;37.7465;15.1375;15;;45;80;60;159;29;284;47
2021/03/21 10:34:40;1.3;0.6 km NW from Sant'Alfio (CT);6.31;37.7465;15.1375;15;;100;80;110;173;32;33;51
2021/03/21 11:04:18;1.2;0.6 km NE from Sant'Alfio (CT);6.49;37.7463;15.1444;10;;85;50;-120;288;67;196;1
2021/03/21 11:04:18;1.2;0.6 km NE from Sant'Alfio (CT);6.49;37.7463;15.1444;10;;30;90;160;77;14;343;14
2021/03/21 11:04:18;1.2;0.6 km NE from Sant'Alfio (CT);6.49;37.7463;15.1444;10;;35;30;-50;49;62;276;20
2021/03/21 11:04:18;1.2;0.6 km NE from Sant'Alfio (CT);6.49;37.7463;15.1444;10;;115;60;-40;80;48;172;2
2021/03/21 11:07:20;1.4;1.1 km SE from Pietrafucile (CT);5.28;37.7545;15.1374;13;;125;75;-10;82;18;351;4
2021/03/21 11:07:20;1.4;1.1 km SE from Pietrafucile (CT);5.28;37.7545;15.1374;13;;65;40;-150;262;50;15;18
2021/03/21 11:07:20;1.4;1.1 km SE from Pietrafucile (CT);5.28;37.7545;15.1374;13;;90;30;-70;133;71;345;16
2021/03/21 13:40:12;1.7;0.8 km SE from Pietrafucile (CT);6.28;37.7561;15.1339;11;;115;70;-10;73;21;340;7
2021/03/21 13:41:24;1.7;0.4 km SE from Pietrafucile (CT);7.09;37.7589;15.1321;11;;115;75;-10;72;18;341;4
2021/03/22 14:06:52;1.8;0.7 km SE from Pietrafucile (CT);7.77;37.7567;15.134;11;;115;75;-20;72;25;163;3
2021/03/22 18:20:30;1.3;0.7 km E from Pietrafucile (CT);6.07;37.7592;15.1361;8;;70;45;-110;257;76;354;2
2021/03/25 02:20:32;2.7;0.9 km SE from Pietrafucile (CT);7.25;37.7558;15.1361;27;;105;70;-20;64;28;333;1
2021/03/25 02:20:32;2.7;0.9 km SE from Pietrafucile (CT);7.25;37.7558;15.1361;27;;90;50;-60;67;67;159;1
2021/03/25 02:56:22;1.2;1.4 km NE from Fleri (CT);1.47;37.6624;15.1114;9;;60;55;20;13;12;274;37
2021/03/25 11:26:23;1.6;1.0 km NE from Milo (CT);9.76;37.7304;15.1209;17;;95;45;-30;73;49;326;14
2021/03/25 20:56:53;1.5;0.7 km E from Pietrafucile (CT);6.21;37.7622;15.137;8;;55;40;-110;222;76;339;7
2021/03/26 03:08:54;1.4;1.4 km SW from Monte S. Leo (CT);6.17;37.6498;14.9739;8;;325;85;-120;206;42;80;33
2021/03/26 23:15:43;2.1;0.7 km NE from Milo (CT);6.28;37.7255;15.123;18;;85;25;-100;195;69;3;20
2021/03/26 23:23:02;1.4;0.8 km E from Milo (CT);6.21;37.7214;15.1256;17;;100;25;-100;210;69;18;20
2021/03/27 20:22:56;1.2;1.6 km NW from Milo (CT);19.03;37.7326;15.1045;7;;30;30;-100;146;74;307;15
2021/03/27 21:03:34;1;0.9 km SW from M. Parmentelli (CT);7.56;37.6769;14.96;9;;95;50;120;164;1;72;67
2021/03/27 21:03:34;1;0.9 km SW from M. Parmentelli (CT);7.56;37.6769;14.96;9;;20;55;20;333;12;234;37
2021/03/27 21:03:34;1;0.9 km SW from M. Parmentelli (CT);7.56;37.6769;14.96;9;;80;50;50;17;2;283;60
2021/03/29 03:51:58;0.9;1.5 km W from Fleri (CT);8.26;37.6545;15.0794;11;;180;20;-20;179;48;35;36
2021/03/29 03:51:58;0.9;1.5 km W from Fleri (CT);8.26;37.6545;15.0794;11;;60;75;50;179;20;290;45
2021/03/30 17:19:01;1.2;0.2 km SE from M. Intraleo (CT);8.89;37.7219;14.9185;9;;110;65;-100;0;68;207;19
2021/03/30 17:19:01;1.2;0.2 km SE from M. Intraleo (CT);8.89;37.7219;14.9185;9;;135;85;-30;87;24;185;17
2021/03/31 15:05:49;1.7;5.2 km SE from Calatabiano (CT);26.95;37.7851;15.267;9;;80;65;-150;299;38;208;1
2021/03/31 15:05:49;1.7;5.2 km SE from Calatabiano (CT);26.95;37.7851;15.267;9;;145;55;70;249;8;4;72
2021/04/02 18:52:44;1.5;2.6 km W from Moio Alcantara (ME);21.76;37.8918;15.0232;12;;95;80;-170;319;14;49;0
2021/04/02 18:52:44;1.5;2.6 km W from Moio Alcantara (ME);21.76;37.8918;15.0232;12;;15;50;30;324;11;222;46
2021/04/03 02:22:09;0.7;1.5 km NE from Monte Fontane (CT);5.88;37.7519;15.0922;14;;135;65;-60;88;59;204;15
2021/04/11 06:02:26;1.1;2.2 km N from Pedara (CT);-1.56;37.6379;15.0658;13;;335;90;180;200;0;110;0
2021/04/11 06:02:26;1.1;2.2 km N from Pedara (CT);-1.56;37.6379;15.0658;13;;95;55;70;199;8;314;72
2021/04/17 22:06:07;1.5;2.9 km NE from Monte Collabasso (CT);8.97;37.846;15.0342;13;;330;50;-130;173;60;267;2
2021/04/17 22:06:07;1.5;2.9 km NE from Monte Collabasso (CT);8.97;37.846;15.0342;13;;95;45;-50;81;62;338;7
2021/04/18 22:23:23;1.5;2.2 km W from Pietrafucile (CT);7.38;37.7589;15.1047;14;;140;60;-10;102;27;4;14
2021/04/21 19:13:51;0.7;1.6 km SW from Rifugio Citelli (CT);3.74;37.7533;15.0505;15;;70;55;-110;289;72;174;8
2021/04/21 19:13:51;0.7;1.6 km SW from Rifugio Citelli (CT);3.74;37.7533;15.0505;15;;175;5;-120;298;49;113;41
2021/04/24 05:43:53;1.4;0.5 km NW from Monte Zoccolaro (CT);6.45;37.7183;15.053;13;;135;85;-60;74;42;200;33
2021/04/24 05:43:53;1.4;0.5 km NW from Monte Zoccolaro (CT);6.45;37.7183;15.053;13;;0;65;80;97;19;250;68
2021/04/24 05:43:53;1.4;0.5 km NW from Monte Zoccolaro (CT);6.45;37.7183;15.053;13;;30;80;140;85;19;341;35
2021/04/29 04:47:02;1.5;1.6 km W from Monte Scorsone (CT);5.23;37.7436;15.0522;22;;155;25;90;65;20;245;70
2021/04/29 16:13:09;1.7;0.1 km E from Sant'Alfio (CT);16.62;37.742;15.1425;10;;170;75;-70;105;56;244;27
2021/04/29 16:29:46;1.4;1.3 km N from Fondo Macchia (CT);16.93;37.7296;15.157;8;;140;55;-50;109;58;203;2
2021/04/29 16:40:58;1.4;0.8 km SW from Fondo Macchia (CT);19.05;37.7114;15.1531;7;;335;55;-130;186;58;92;2
2021/04/29 16:40:58;1.4;0.8 km SW from Fondo Macchia (CT);19.05;37.7114;15.1531;7;;110;50;-130;313;60;47;2
2021/04/29 17:03:21;1.8;0.8 km E from Sant'Alfio (CT);15.75;37.7444;15.1491;11;;155;75;-60;99;51;222;24
2021/04/29 17:13:56;1.5;1.1 km NE from Milo (CT);16.51;37.7301;15.1246;8;;205;30;-60;232;67;93;18
2021/04/29 17:14:17;1.7;1.7 km W from Sant'Alfio (CT);14.62;37.7398;15.1214;7;;200;80;-40;151;35;255;19
2021/04/29 17:32:56;1.7;0.3 km W from Sant'Alfio (CT);15.78;37.7429;15.1382;9;;70;15;-60;119;57;315;32
2021/04/29 17:44:15;1.7;1.3 km SW from Sant'Alfio (CT);18.75;37.7311;15.1343;12;;330;10;-120;96;53;266;36
2021/04/29 18:14:54;1.8;1.1 km SE from Sant'Alfio (CT);18;37.7335;15.1472;13;;170;85;-70;101;46;242;37
2021/04/29 18:14:54;1.8;1.1 km SE from Sant'Alfio (CT);18;37.7335;15.1472;13;;30;5;-60;87;49;272;41
2021/04/29 18:55:32;1.3;1.6 km SW from Sant'Alfio (CT);19.01;37.7285;15.1346;10;;40;5;-60;97;49;282;41
2021/04/29 18:55:32;1.3;1.6 km SW from Sant'Alfio (CT);19.01;37.7285;15.1346;10;;0;45;-150;202;49;309;14
2021/04/29 18:55:32;1.3;1.6 km SW from Sant'Alfio (CT);19.01;37.7285;15.1346;10;;140;60;-120;1;62;251;10
2021/04/29 18:55:32;1.3;1.6 km SW from Sant'Alfio (CT);19.01;37.7285;15.1346;10;;260;40;-170;107;38;222;28
2021/04/29 19:36:13;1.3;1.8 km SE from Milo (CT);22.08;37.7079;15.1277;7;;155;75;-150;19;32;283;9
2021/04/29 19:36:50;1.3;1.2 km W from Fondo Macchia (CT);18.3;37.7218;15.1437;8;;310;40;-20;288;44;174;23
2021/04/29 19:36:50;1.3;1.2 km W from Fondo Macchia (CT);18.3;37.7218;15.1437;8;;80;30;-160;272;47;40;29
2021/04/29 19:36:50;1.3;1.2 km W from Fondo Macchia (CT);18.3;37.7218;15.1437;8;;150;50;-130;353;60;87;2
2021/04/29 19:54:25;2;0.7 km NW from Sant'Alfio (CT);14.96;37.7472;15.136;22;;285;5;-170;100;46;270;44
2021/04/29 20:23:55;1.7;0.8 km S from Sant'Alfio (CT);13.61;37.7345;15.1425;16;;70;25;-10;55;44;280;36
2021/04/29 20:43:09;2.2;0.4 km NW from Sant'Alfio (CT);14.58;37.7438;15.1367;19;;135;60;-20;99;34;3;8
2021/04/29 20:44:22;1.4;0.9 km W from Sant'Alfio (CT);17.41;37.7434;15.1313;8;;80;90;30;211;21;309;21
2021/04/29 20:47:02;1.5;1.4 km SW from Fondo Macchia (CT);18.49;37.708;15.1454;13;;195;80;-20;150;21;243;7
2021/04/29 20:52:57;2.1;0.5 km NE from Sant'Alfio (CT);14.71;37.7454;15.1453;25;;135;10;30;97;39;295;49
2021/04/29 20:57:51;1.4;0.7 km S from Milo (CT);16.46;37.7156;15.1179;8;;35;15;-90;125;60;305;30
2021/04/29 21:01:48;1.1;0.4 km W from Fondo Macchia (CT);17.64;37.7185;15.1519;10;;200;85;-20;154;18;248;10
2021/04/29 21:06:36;1.2;1.0 km W from Giarre (CT);16.82;37.7278;15.1708;10;;80;45;0;45;30;295;30
2021/04/29 21:06:36;1.2;1.0 km W from Giarre (CT);16.82;37.7278;15.1708;10;;320;90;130;17;33;263;33
2021/04/29 21:08:39;1.3;1.3 km W from Sant'Alfio (CT);11.88;37.7416;15.1266;9;;160;75;-60;104;51;227;24
2021/04/29 21:16:47;1.5;0.5 km NW from Fondo Macchia (CT);19.71;37.7222;15.1529;9;;155;5;60;93;41;278;49
2021/04/29 21:16:47;1.5;0.5 km NW from Fondo Macchia (CT);19.71;37.7222;15.1529;9;;160;80;-10;116;14;26;0
2021/04/29 21:25:07;1.3;0.7 km E from Fondo Macchia (CT);18.55;37.7183;15.1641;10;;355;40;-150;192;50;305;18
2021/04/29 21:25:07;1.3;0.7 km E from Fondo Macchia (CT);18.55;37.7183;15.1641;10;;205;50;-60;182;67;274;1
2021/04/29 21:25:07;1.3;0.7 km E from Fondo Macchia (CT);18.55;37.7183;15.1641;10;;55;40;-20;33;44;279;23
2021/04/29 21:48:31;1.5;0.9 km NW from Fondo Macchia (CT);18.57;37.7246;15.1494;11;;165;85;-60;104;42;230;33
2021/04/29 21:48:31;1.5;0.9 km NW from Fondo Macchia (CT);18.57;37.7246;15.1494;11;;335;55;-160;189;37;288;12
2021/04/29 21:48:31;1.5;0.9 km NW from Fondo Macchia (CT);18.57;37.7246;15.1494;11;;110;65;-140;330;45;233;6
2021/04/29 22:07:48;2;1.7 km E from Sant'Alfio (CT);17.56;37.7358;15.1589;17;;150;70;-120;22;55;262;19
2021/04/29 22:07:48;2;1.7 km E from Sant'Alfio (CT);17.56;37.7358;15.1589;17;;250;40;-180;103;33;217;33
2021/04/29 22:07:48;2;1.7 km E from Sant'Alfio (CT);17.56;37.7358;15.1589;17;;265;10;-170;85;46;246;42
2021/04/29 22:17:19;1.6;1.6 km W from Fondo Macchia (CT);18.57;37.7248;15.1394;10;;25;15;-110;143;59;311;31
2021/04/29 22:17:31;1.5;0.6 km N from Fondo Macchia (CT);18.79;37.7236;15.1563;7;;60;35;-170;264;41;24;31
2021/04/29 22:56:07;1.2;0.6 km NW from Fondo Macchia (CT);18.86;37.7206;15.1499;11;;65;35;-10;41;41;281;31
2021/04/29 23:08:36;1.8;2.2 km NE from Sant'Alfio (CT);15.71;37.7583;15.1558;7;;55;50;-170;269;33;13;21
2021/04/29 23:08:36;1.8;2.2 km NE from Sant'Alfio (CT);15.71;37.7583;15.1558;7;;115;10;-120;241;53;51;36
2021/04/29 23:19:15;1.3;1.2 km SW from Sant'Alfio (CT);15.88;37.732;15.1361;9;;75;75;-40;29;38;131;15
2021/04/29 23:52:09;2.1;0.7 km N from Sant'Alfio (CT);15.64;37.7481;15.1405;21;;140;70;-20;99;28;8;1
2021/04/30 00:05:57;1.3;1.3 km W from Sant'Alfio (CT);11.55;37.7451;15.1265;12;;330;15;-100;74;60;248;30
2021/04/30 00:07:33;1.6;1.3 km E from Milo (CT);17.02;37.7235;15.1315;10;;340;10;-100;82;55;259;35
2021/04/30 00:45:57;1.7;1.5 km W from Sant'Alfio (CT);17.51;37.7393;15.1243;14;;145;75;-80;69;59;227;29
2021/04/30 01:58:10;1.8;2.0 km W from Sant'Alfio (CT);13.76;37.7446;15.1184;14;;130;60;-50;93;55;193;7
2021/04/30 02:14:08;0.6;0.3 km SE from P.zi Deneri (CT);3.94;37.7634;15.0202;8;;45;25;-130;202;60;345;24
2021/04/30 02:21:40;0.7;1.0 km SE from Monte Maletto (CT);9.84;37.7879;14.9483;7;;355;15;-100;99;60;273;30
2021/04/30 02:21:40;0.7;1.0 km SE from Monte Maletto (CT);9.84;37.7879;14.9483;7;;315;40;-160;157;44;271;23
2021/04/30 04:34:32;1.7;1.6 km SW from Sant'Alfio (CT);13.17;37.7283;15.1348;8;;155;65;-50;113;52;217;11
2021/05/01 02:50:17;1.3;0.9 km NE from Trepunti (CT);19.81;37.7115;15.1786;7;;135;70;-60;83;55;203;19
2021/05/01 02:50:17;1.3;0.9 km NE from Trepunti (CT);19.81;37.7115;15.1786;7;;300;20;-110;62;63;226;26
2021/05/01 03:07:44;1.3;0.5 km N from Fondo Macchia (CT);21.05;37.7226;15.1558;7;;160;70;-140;23;42;283;11
2021/05/01 13:48:23;2.2;1.9 km N from Fleri (CT);0.53;37.6734;15.094;15;;30;75;-10;347;18;256;4
2021/05/02 04:44:25;1.6;1.8 km SE from Zafferana Etnea (CT);6.13;37.6774;15.1139;14;;85;50;0;48;27;302;27
2021/05/02 04:44:25;1.6;1.8 km SE from Zafferana Etnea (CT);6.13;37.6774;15.1139;14;;135;25;60;67;22;279;64
2021/05/02 09:26:06;2.1;0.8 km N from Fleri (CT);2.35;37.6636;15.0965;13;;45;50;-20;15;40;271;16
2021/05/02 09:26:06;2.1;0.8 km N from Fleri (CT);2.35;37.6636;15.0965;13;;50;60;10;6;14;268;27
2021/05/02 12:07:29;2.1;2.0 km N from Fleri (CT);0.84;37.6737;15.0927;18;;130;80;-160;355;21;262;7
2021/05/05 12:11:56;2.7;1.6 km SE from Santa Maria di Licodia (CT);2.36;37.6069;14.904;25;;80;65;140;137;6;40;45
2021/05/05 12:11:56;2.7;1.6 km SE from Santa Maria di Licodia (CT);2.36;37.6069;14.904;25;;50;10;-160;220;48;21;41
2021/05/06 11:05:15;1.2;1.6 km S from Milo (CT);14.4;37.7074;15.1152;9;;60;15;-70;122;59;314;31
2021/05/06 11:29:14;1.4;0.6 km SW from Milo (CT);17.64;37.7182;15.1123;11;;240;80;-50;187;41;300;24
2021/05/06 11:29:14;1.4;0.6 km SW from Milo (CT);17.64;37.7182;15.1123;11;;95;15;-50;132;55;332;33
2021/05/06 12:01:06;0.9;1.1 km NE from Santa Venerina (CT);15.55;37.6948;15.1462;9;;20;40;-110;187;76;304;7
2021/05/06 12:01:06;0.9;1.1 km NE from Santa Venerina (CT);15.55;37.6948;15.1462;9;;150;60;-120;11;62;261;10
2021/05/06 12:04:49;1.6;1.6 km S from Milo (CT);18.56;37.7081;15.1136;11;;135;10;-40;166;51;1;38
2021/05/06 12:04:49;1.6;1.6 km S from Milo (CT);18.56;37.7081;15.1136;11;;210;85;-30;162;24;260;17
2021/05/06 12:18:29;1.9;1.8 km SW from Fondo Macchia (CT);18.69;37.7076;15.1397;18;;175;85;-70;106;46;247;37
2021/05/06 12:18:29;1.9;1.8 km SW from Fondo Macchia (CT);18.69;37.7076;15.1397;18;;160;85;-40;109;31;214;23
2021/05/06 12:18:48;2.1;0.7 km E from Milo (CT);19.26;37.7211;15.125;8;;115;70;-20;74;28;343;1
2021/05/06 13:10:42;1.5;0.8 km S from Milo (CT);19.4;37.7151;15.1175;10;;215;85;-40;164;31;269;23
2021/05/06 13:10:42;1.5;0.8 km S from Milo (CT);19.4;37.7151;15.1175;10;;355;10;-120;121;53;291;36
2021/05/06 13:22:28;1;1.4 km S from Milo (CT);14.98;37.7093;15.1168;8;;90;55;-130;301;58;207;2
2021/05/06 13:22:28;1;1.4 km S from Milo (CT);14.98;37.7093;15.1168;8;;175;35;-120;340;69;106;13
2021/05/06 13:37:07;2.1;1.5 km W from Fondo Macchia (CT);16.65;37.7183;15.1392;13;;70;25;-10;55;44;280;36
2021/05/06 13:55:09;1.4;1.6 km NW from Santa Venerina (CT);15.67;37.6991;15.1297;9;;170;70;-50;123;49;232;15
2021/05/06 13:57:32;1.6;1.1 km SE from Milo (CT);19.22;37.7129;15.1211;11;;170;65;-70;114;64;245;18
2021/05/06 14:09:51;1.8;0.6 km E from Milo (CT);11;37.724;15.1236;14;;160;75;-60;104;51;227;24
2021/05/06 14:21:58;1.6;1.8 km SW from Fondo Macchia (CT);15.71;37.7057;15.1424;13;;160;55;-90;70;80;250;10
2021/05/06 14:21:58;1.6;1.8 km SW from Fondo Macchia (CT);15.71;37.7057;15.1424;13;;240;60;-70;191;68;316;13
2021/05/06 14:26:38;1.8;1.4 km SE from Milo (CT);18.33;37.7136;15.1282;11;;55;5;-60;112;49;297;41
2021/05/06 14:55:23;2.5;0.4 km NW from Milo (CT);17.47;37.7241;15.1133;20;;325;20;-120;102;61;258;27
2021/05/06 14:56:30;1.4;1.6 km SE from Milo (CT);12.94;37.7102;15.128;10;;60;35;-50;65;63;302;16
2021/05/06 14:56:30;1.4;1.6 km SE from Milo (CT);12.94;37.7102;15.128;10;;210;50;-90;120;85;300;5
2021/05/06 15:28:07;1.5;1.0 km W from Zafferana Etnea (CT);20.12;37.6945;15.0936;7;;40;25;-110;169;67;325;21
2021/05/06 18:27:23;1.4;1.9 km W from Milo (CT);18.42;37.7243;15.0956;12;;275;45;-40;257;55;152;10
2021/05/06 18:29:03;1.8;0.7 km W from Milo (CT);15.69;37.7227;15.1095;14;;5;35;-100;132;78;282;10
2021/05/06 18:29:03;1.8;0.7 km W from Milo (CT);15.69;37.7227;15.1095;14;;200;55;-110;59;72;304;8
2021/05/06 18:50:43;0.9;1.9 km NW from Santa Venerina (CT);12.41;37.7031;15.131;11;;180;75;-50;130;45;241;20
2021/05/06 19:02:42;1.5;1.0 km S from Milo (CT);19.02;37.7134;15.1144;13;;335;30;-100;91;74;252;15
2021/05/06 20:39:18;1.7;1.3 km N from Milo (CT);18.74;37.7336;15.1185;16;;170;70;-80;96;64;252;24
2021/05/06 23:10:12;1.5;0.8 km SW from Milo (CT);19.28;37.7156;15.1127;12;;5;25;-80;75;69;267;20
2021/05/06 23:17:23;1.1;1.4 km SW from Milo (CT);18.28;37.711;15.1098;11;;170;65;-70;114;64;245;18
2021/05/06 23:17:23;1.1;1.4 km SW from Milo (CT);18.28;37.711;15.1098;11;;200;75;-80;124;59;282;29
2021/05/06 23:41:45;1.1;1.5 km SE from Milo (CT);17.76;37.7103;15.1251;10;;170;65;-60;123;59;239;15
2021/05/07 01:11:00;1.3;1.3 km SW from Monte Collabasso (CT);20.46;37.8235;14.9951;8;;20;80;-150;246;28;149;13
2021/05/08 18:07:59;1.9;2.2 km W from Sant'Alfio (CT);8.39;37.7444;15.1162;8;;20;45;0;345;30;235;30
2021/05/08 18:09:11;3.1;2.4 km W from Pietrafucile (CT);6.14;37.7644;15.1022;19;;120;65;0;78;17;342;17
2021/05/08 18:09:11;3.1;2.4 km W from Pietrafucile (CT);6.14;37.7644;15.1022;19;;90;35;-40;86;57;325;19
2021/05/08 18:13:24;3.1;2.0 km W from Pietrafucile (CT);6.26;37.7592;15.1065;25;;110;70;0;67;14;333;14
2021/05/08 18:20:06;2.3;2.0 km W from Pietrafucile (CT);6.41;37.7563;15.1068;18;;115;70;-10;73;21;340;7
2021/05/08 18:30:12;1.7;2.3 km SW from Pietrafucile (CT);6.67;37.7502;15.1079;16;;120;65;10;75;11;340;24
2021/05/08 18:30:12;1.7;2.3 km SW from Pietrafucile (CT);6.67;37.7502;15.1079;16;;185;35;120;74;13;200;69
2021/05/09 00:22:38;0.8;2.1 km NE from Monte Fontane (CT);5.09;37.7527;15.1028;10;;120;60;10;76;14;338;27
2021/05/09 00:22:38;0.8;2.1 km NE from Monte Fontane (CT);5.09;37.7527;15.1028;10;;60;40;-160;262;44;16;23
2021/05/09 00:23:34;1.3;2.2 km NE from Monte Fontane (CT);6.34;37.7533;15.1041;15;;115;65;-10;75;24;340;11
2021/05/09 00:48:48;0.6;1.8 km W from Pietrafucile (CT);5.44;37.7642;15.1088;14;;220;25;40;167;27;28;56
2021/05/11 05:41:32;1;1.6 km E from P.zi Deneri (CT);6.21;37.7647;15.0358;7;;75;80;120;141;29;16;47
2021/05/11 05:41:32;1;1.6 km E from P.zi Deneri (CT);6.21;37.7647;15.0358;7;;25;50;170;247;21;351;33
2021/05/11 05:41:32;1;1.6 km E from P.zi Deneri (CT);6.21;37.7647;15.0358;7;;215;15;60;150;32;346;57
2021/05/11 08:40:41;1.4;1.2 km W from Sant'Alfio (CT);8.21;37.7394;15.1273;7;;70;45;110;326;2;63;76
2021/05/12 05:07:15;1.3;0.8 km SE from Monte Scorsone (CT);5.27;37.7423;15.0744;7;;50;65;-60;3;59;119;15
2021/05/20 23:02:13;1.7;1.7 km NE from M. Intraleo (CT);7.21;37.735;14.9289;11;;155;60;10;111;14;13;27
2021/05/24 18:17:35;1.7;1.5 km NW from Fleri (CT);4.54;37.6668;15.0861;8;;170;60;-80;105;73;253;14
2021/05/24 18:17:35;1.7;1.5 km NW from Fleri (CT);4.54;37.6668;15.0861;8;;10;90;10;145;7;235;7
2021/05/25 03:30:00;2;1.9 km NW from Fleri (CT);5.17;37.6701;15.0852;18;;10;90;90;100;45;280;45
2021/05/29 19:16:44;0.7;0.8 km N from M. Frumento Supino (CT);2.68;37.7415;14.9975;8;;340;70;-120;212;55;92;19
2021/05/29 19:16:44;0.7;0.8 km N from M. Frumento Supino (CT);2.68;37.7415;14.9975;8;;325;90;-170;190;7;100;7
2021/05/29 21:27:15;1.9;1.1 km NE from Monte Palestra (CT);6.76;37.7516;14.9637;16;;155;10;-160;325;48;126;41
2021/05/29 21:27:15;1.9;1.1 km NE from Monte Palestra (CT);6.76;37.7516;14.9637;16;;75;70;-150;297;35;203;5
2021/05/29 21:27:15;1.9;1.1 km NE from Monte Palestra (CT);6.76;37.7516;14.9637;16;;105;15;160;317;38;109;48
2021/05/31 12:03:58;1.6;2.8 km SE from Motta Camastra (ME);16.25;37.8729;15.1878;10;;355;50;40;298;6;200;53
2021/06/01 17:27:04;0.8;1.2 km E from Milo (CT);5.53;37.7195;15.1307;9;;65;55;-40;35;51;302;2
2021/06/02 00:12:42;0.6;0.8 km SE from Crateri Centrali (CT);-0.39;37.7481;15.0023;13;;355;30;-30;351;52;222;26
2021/06/02 00:12:42;0.6;0.8 km SE from Crateri Centrali (CT);-0.39;37.7481;15.0023;13;;85;25;60;17;22;229;64
2021/06/02 00:12:42;0.6;0.8 km SE from Crateri Centrali (CT);-0.39;37.7481;15.0023;13;;30;50;90;120;5;300;85
2021/06/02 01:33:06;0.6;1.3 km SW from Monte Scorsone (CT);4.1;37.7401;15.0596;7;;120;30;-40;124;57;354;23
2021/06/03 20:41:39;2.1;0.9 km E from Monte Palestra (CT);9.29;37.7478;14.9652;16;;55;50;-180;272;27;18;27
2021/06/07 04:23:55;1.6;3.0 km S from Motta Camastra (ME);19.52;37.8673;15.1665;12;;70;85;-130;305;37;191;29
2021/06/07 08:52:30;1.5;1.2 km W from Gaggi (ME);22.26;37.8561;15.2076;8;;110;75;-70;45;56;184;27
2021/06/11 14:26:17;2.7;0.8 km NW from Biancavilla (CT);0.9;37.6484;14.861;15;;165;80;150;216;13;119;28
2021/06/18 07:41:22;2;4.2 km SW from Paternò (CT);7.85;37.5397;14.8674;10;;305;80;-160;170;21;77;7
2021/06/18 07:41:22;2;4.2 km SW from Paternò (CT);7.85;37.5397;14.8674;10;;320;70;-120;192;55;72;19
2021/06/20 12:51:41;1.8;1.3 km NE from Nicolosi (CT);7.44;37.6197;15.0387;28;;75;65;-60;28;59;144;15
2021/06/23 14:15:49;2.1;0.8 km NW from M. Scavo (CT);24.87;37.7793;14.9452;15;;155;75;0;111;11;19;11
2021/06/23 14:15:49;2.1;0.8 km NW from M. Scavo (CT);24.87;37.7793;14.9452;15;;30;30;90;300;15;120;75
2021/06/29 22:02:17;1.2;1.2 km NE from Milo (CT);9.73;37.7291;15.1279;7;;110;55;-10;74;30;333;18
2021/07/03 13:00:59;1;1.9 km NE from Monte Fontane (CT);6.34;37.7494;15.1031;11;;95;50;-10;61;33;317;21
2021/07/04 12:28:06;1.7;1.3 km NW from Milo (CT);7.22;37.7302;15.1067;9;;10;90;170;55;7;325;7
2021/07/06 16:09:12;1.4;1.7 km NW from Milo (CT);9.89;37.7347;15.1053;10;;110;85;60;225;33;351;42
2021/07/06 18:49:36;1.5;1.5 km SE from Monte Grosso (CT);4.75;37.661;15.0188;17;;30;5;-120;153;49;328;41
2021/07/06 18:49:36;1.5;1.5 km SE from Monte Grosso (CT);4.75;37.661;15.0188;17;;5;40;-130;190;63;303;11
2021/07/06 18:49:36;1.5;1.5 km SE from Monte Grosso (CT);4.75;37.661;15.0188;17;;125;75;130;186;20;75;45
2021/07/07 16:03:15;1.8;2.2 km NE from Randazzo (CT);27.95;37.8947;14.9595;14;;75;80;-90;345;55;165;35
2021/07/09 07:01:12;1.7;3.4 km W from Monte Spagnolo (CT);29.82;37.8382;14.9177;7;;160;45;-90;326;90;70;0
2021/07/09 07:01:12;1.7;3.4 km W from Monte Spagnolo (CT);29.82;37.8382;14.9177;7;;20;60;-40;345;48;77;2
2021/07/25 13:17:06;1;1.7 km NW from Tarderia (CT);3.65;37.6711;15.0472;8;;120;25;-80;190;69;22;20
2021/08/02 18:50:37;1.2;3.2 km W from Gaggi (ME);18.57;37.8633;15.185;8;;355;45;70;279;2;182;76
2021/08/02 18:50:37;1.2;3.2 km W from Gaggi (ME);18.57;37.8633;15.185;8;;60;85;-180;285;4;15;4
2021/08/03 14:44:26;2.3;1.6 km NE from Monte Centenari (CT);5.67;37.7479;15.0449;17;;210;85;-160;76;18;342;10
2021/08/03 16:05:41;2;3.4 km E from Randazzo (CT);27.06;37.8667;14.9851;19;;155;70;-40;112;42;212;11
2021/08/03 16:05:41;2;3.4 km E from Randazzo (CT);27.06;37.8667;14.9851;19;;0;20;-50;30;58;239;29
2021/08/03 16:05:41;2;3.4 km E from Randazzo (CT);27.06;37.8667;14.9851;19;;345;75;10;299;4;208;18
2021/08/03 16:12:31;1.4;3.9 km NW from Monte Collabasso (CT);28.19;37.8635;14.993;12;;25;60;30;333;3;240;41
2021/08/03 16:12:31;1.4;3.9 km NW from Monte Collabasso (CT);28.19;37.8635;14.993;12;;340;65;80;77;19;230;68
2021/08/03 16:13:02;1.6;3.0 km SE from Randazzo (CT);28.4;37.8578;14.9723;11;;345;65;20;297;5;204;31
2021/08/03 16:13:02;1.6;3.0 km SE from Randazzo (CT);28.4;37.8578;14.9723;11;;95;55;-150;307;44;43;7
2021/08/18 00:40:51;1.7;1.4 km SW from Pietrafucile (CT);8.52;37.7542;15.1164;12;;95;55;-50;64;58;158;2
2021/08/18 00:59:07;1.9;1.8 km SW from Pietrafucile (CT);8.89;37.7511;15.1132;15;;120;55;-20;86;37;347;12
2021/08/20 05:46:59;1.2;0.7 km W from Crateri Centrali (CT);-0.27;37.7503;14.9879;7;;40;65;40;163;6;260;45
2021/08/21 06:19:25;1.4;1.4 km NE from Sant'Alfio (CT);6.16;37.7497;15.1537;19;;30;10;-110;144;54;317;36
2021/08/21 06:19:25;1.4;1.4 km NE from Sant'Alfio (CT);6.16;37.7497;15.1537;19;;105;55;-20;71;37;332;12
2021/08/21 06:19:25;1.4;1.4 km NE from Sant'Alfio (CT);6.16;37.7497;15.1537;19;;245;60;-100;130;73;342;14
2021/08/23 17:49:08;1.1;1.4 km W from Zafferana Etnea (CT);3.77;37.6965;15.0902;10;;90;35;-140;274;57;35;19
2021/08/23 17:49:08;1.1;1.4 km W from Zafferana Etnea (CT);3.77;37.6965;15.0902;10;;60;70;-100;314;64;158;24
2021/08/23 18:53:33;1.4;1.1 km W from Monte Scorsone (CT);3.85;37.749;15.0565;14;;85;30;-50;99;62;326;20
2021/08/24 17:05:41;1.6;3.4 km SW from Camporotondo Etneo (CT);14.82;37.5414;14.9824;10;;120;30;20;80;29;312;47
2021/08/26 07:38:05;1.6;11.9 km SE from Acireale (CT);23.28;37.5621;15.2851;11;;120;40;-140;311;56;64;14
2021/08/26 07:38:05;1.6;11.9 km SE from Acireale (CT);23.28;37.5621;15.2851;11;;85;55;-120;298;65;196;6
2021/08/28 22:46:46;1.1;2.0 km N from M. Denza (CT);12.94;37.7233;14.9596;11;;325;65;-20;286;31;193;5
2021/08/28 22:46:46;1.1;2.0 km N from M. Denza (CT);12.94;37.7233;14.9596;11;;260;15;0;245;43;95;43
2021/08/31 00:04:55;0.8;2.2 km E from Monte Collabasso (CT);6.42;37.8395;15.0303;9;;290;90;40;57;27;163;27
2021/08/31 00:04:55;0.8;2.2 km E from Monte Collabasso (CT);6.42;37.8395;15.0303;9;;40;65;-130;262;52;158;11
2021/09/01 16:07:06;1.7;6.1 km SE from Cesarò (ME);17.7;37.8019;14.7595;12;;15;60;90;105;15;285;75
2021/09/01 16:07:06;1.7;6.1 km SE from Cesarò (ME);17.7;37.8019;14.7595;12;;55;35;0;25;35;265;35
2021/09/01 16:09:08;1.5;6.2 km SE from Cesarò (ME);19.27;37.7932;14.7464;8;;65;10;-20;75;48;274;41
2021/09/01 16:31:23;1.4;8.1 km S from Cesarò (ME);24.13;37.7719;14.7334;12;;160;45;-80;156;83;63;0
2021/09/01 16:31:23;1.4;8.1 km S from Cesarò (ME);24.13;37.7719;14.7334;12;;105;65;-180;327;17;63;17
2021/09/01 16:31:23;1.4;8.1 km S from Cesarò (ME);24.13;37.7719;14.7334;12;;120;80;140;175;19;71;35
2021/09/01 16:32:02;1.4;8.1 km S from Cesarò (ME);24.83;37.7703;14.7266;12;;50;45;120;299;4;39;69
2021/09/01 16:32:41;1.4;9.7 km S from Cesarò (ME);22.23;37.7561;14.7091;13;;40;60;110;116;13;351;68
2021/09/01 16:32:41;1.4;9.7 km S from Cesarò (ME);22.23;37.7561;14.7091;13;;25;30;-70;68;71;280;16
2021/09/01 16:32:41;1.4;9.7 km S from Cesarò (ME);22.23;37.7561;14.7091;13;;160;40;0;127;33;13;33
2021/09/01 16:32:41;1.4;9.7 km S from Cesarò (ME);22.23;37.7561;14.7091;13;;25;80;-10;341;14;251;0
2021/09/01 16:34:15;1.4;7.6 km S from Cesarò (ME);25.81;37.7767;14.7351;12;;90;65;140;147;6;50;45
2021/09/01 16:34:15;1.4;7.6 km S from Cesarò (ME);25.81;37.7767;14.7351;12;;340;40;-100;127;82;257;5
2021/09/01 16:36:33;1.9;8.0 km S from Cesarò (ME);24.24;37.7732;14.7365;19;;30;85;0;345;4;255;4
2021/09/01 16:36:33;1.9;8.0 km S from Cesarò (ME);24.24;37.7732;14.7365;19;;90;55;130;153;2;59;58
2021/09/01 16:48:18;1.5;8.2 km S from Cesarò (ME);22.4;37.7687;14.7137;10;;155;45;-50;141;62;38;7
2021/09/01 16:48:18;1.5;8.2 km S from Cesarò (ME);22.4;37.7687;14.7137;10;;120;80;80;219;34;18;54
2021/09/01 16:48:18;1.5;8.2 km S from Cesarò (ME);22.4;37.7687;14.7137;10;;20;35;160;242;26;3;46
2021/09/01 16:59:40;1.6;9.1 km S from Cesarò (ME);22.86;37.762;14.7003;16;;85;80;-180;310;7;40;7
2021/09/01 16:59:40;1.6;9.1 km S from Cesarò (ME);22.86;37.762;14.7003;16;;80;25;-90;170;70;350;20
2021/09/01 16:59:40;1.6;9.1 km S from Cesarò (ME);22.86;37.762;14.7003;16;;25;10;-50;67;52;260;37
2021/09/01 16:59:40;1.6;9.1 km S from Cesarò (ME);22.86;37.762;14.7003;16;;80;55;40;23;2;290;51
2021/09/01 16:59:40;1.6;9.1 km S from Cesarò (ME);22.86;37.762;14.7003;16;;15;70;120;83;19;323;55
2021/09/01 17:18:14;1.5;8.0 km S from Cesarò (ME);23.03;37.7713;14.7217;15;;30;75;50;149;20;260;45
2021/09/01 17:18:14;1.5;8.0 km S from Cesarò (ME);23.03;37.7713;14.7217;15;;320;80;130;20;24;267;41
2021/09/01 17:18:14;1.5;8.0 km S from Cesarò (ME);23.03;37.7713;14.7217;15;;340;25;-100;90;69;258;20
2021/09/01 17:59:03;1.4;8.7 km S from Cesarò (ME);23.24;37.7652;14.7287;11;;5;90;-40;312;27;58;27
2021/09/01 23:30:08;1;1.9 km E from Sant'Alfio (CT);10.14;37.7351;15.1603;8;;275;90;0;230;0;320;0
2021/09/01 23:30:37;0.8;1.4 km N from Fondo Macchia (CT);11.33;37.7305;15.16;7;;20;25;140;253;27;32;56
2021/09/06 05:42:22;2.3;0.3 km SE from Ragalna (CT);4.86;37.6322;14.945;9;;350;80;-160;215;21;122;7
2021/09/06 05:42:22;2.3;0.3 km SE from Ragalna (CT);4.86;37.6322;14.945;9;;50;65;-40;10;45;107;6
2021/09/09 23:37:20;2.2;0.3 km SE from Sant'Alfio (CT);8.52;37.7397;15.1433;21;;95;70;10;50;7;317;21
2021/09/10 00:41:04;1.3;1.1 km SW from Sant'Alfio (CT);8.65;37.7357;15.1313;10;;120;70;10;75;7;342;21
2021/09/10 00:41:04;1.3;1.1 km SW from Sant'Alfio (CT);8.65;37.7357;15.1313;10;;60;40;-90;150;85;330;5
2021/09/10 07:09:47;1.4;0.6 km SW from Sant'Alfio (CT);8.05;37.7375;15.1376;11;;40;50;-100;257;81;137;5
2021/09/10 07:09:47;1.4;0.6 km SW from Sant'Alfio (CT);8.05;37.7375;15.1376;11;;20;60;-140;235;48;143;2
2021/09/10 07:09:47;1.4;0.6 km SW from Sant'Alfio (CT);8.05;37.7375;15.1376;11;;175;80;-170;39;14;129;0
2021/09/10 17:21:10;3;1.1 km SW from Sant'Alfio (CT);7.84;37.7346;15.1325;27;;15;85;150;65;17;327;24
2021/09/10 20:27:15;1.5;0.3 km E from Sant'Alfio (CT);8.88;37.7417;15.1447;16;;100;55;10;57;18;316;30
2021/09/11 02:47:34;1.5;1.1 km SE from Crateri Centrali (CT);0.12;37.7451;15.0026;10;;105;10;10;86;42;285;46
2021/09/11 20:01:38;1.2;1.4 km SW from Monte Arcimis (CT);5.29;37.6803;15.0587;7;;100;60;70;204;13;329;68
2021/09/12 01:33:42;1.6;0.5 km W from Crateri Centrali (CT);-0.23;37.7509;14.9899;12;;95;40;90;5;5;185;85
2021/09/12 13:22:52;1.7;1.6 km E from Linera (CT);3.88;37.672;15.1541;8;;235;85;-70;166;46;307;37
2021/09/12 13:22:52;1.7;1.6 km E from Linera (CT);3.88;37.672;15.1541;8;;325;20;160;180;36;324;48
2021/09/16 02:19:20;1.4;1.0 km NW from M. Frumento Supino (CT);-1.48;37.7418;14.9898;13;;20;20;-40;39;55;251;31
2021/09/16 02:19:20;1.4;1.0 km NW from M. Frumento Supino (CT);-1.48;37.7418;14.9898;13;;10;55;30;318;7;222;44
2021/09/25 07:53:23;1.4;1.4 km S from Zafferana Etnea (CT);2.17;37.6796;15.1027;10;;230;85;-40;179;31;284;23
2021/09/25 07:53:23;1.4;1.4 km S from Zafferana Etnea (CT);2.17;37.6796;15.1027;10;;35;45;0;360;30;250;30
2021/09/26 02:58:41;1;2.0 km E from Monte Fontane (CT);5.23;37.7419;15.108;11;;35;60;-120;256;62;146;10
2021/09/26 02:58:41;1;2.0 km E from Monte Fontane (CT);5.23;37.7419;15.108;11;;65;60;-50;28;55;128;7
2021/09/26 20:47:43;1.2;1.9 km SW from Zafferana Etnea (CT);0.6;37.6764;15.0975;15;;345;90;-130;222;33;108;33
2021/09/28 01:32:44;1;1.4 km E from Monte Zoccolaro (CT);12.99;37.7102;15.0731;8;;0;75;130;61;20;310;45
2021/09/28 01:32:44;1;1.4 km E from Monte Zoccolaro (CT);12.99;37.7102;15.0731;8;;140;60;-100;25;73;237;14
2021/10/02 06:30:58;2;3.0 km E from Ragalna (CT);2.81;37.6255;14.9759;14;;105;70;-170;327;21;60;7
2021/10/02 06:30:58;2;3.0 km E from Ragalna (CT);2.81;37.6255;14.9759;14;;175;25;-60;211;64;63;22
2021/10/02 06:30:58;2;3.0 km E from Ragalna (CT);2.81;37.6255;14.9759;14;;140;80;140;195;19;91;35
2021/10/03 16:10:55;1.4;1.7 km E from Ragalna (CT);4.63;37.627;14.9605;11;;0;65;-150;219;38;128;1
2021/10/08 02:09:46;1.5;1.7 km SW from Zafferana Etnea (CT);0.23;37.6781;15.0979;9;;330;70;-160;191;28;282;1
2021/10/08 02:09:46;1.5;1.7 km SW from Zafferana Etnea (CT);0.23;37.6781;15.0979;9;;15;40;-80;48;82;278;5
2021/10/12 07:31:49;1.5;2.3 km E from Monte Zoccolaro (CT);5.1;37.7105;15.0836;12;;10;50;80;107;5;227;81
2021/10/22 03:48:36;1.1;1.6 km SE from Monte Zoccolaro (CT);3.57;37.7082;15.0743;9;;50;40;-90;140;85;320;5
2021/10/22 03:48:36;1.1;1.6 km SE from Monte Zoccolaro (CT);3.57;37.7082;15.0743;9;;190;45;-130;24;62;127;7
2021/10/22 03:48:36;1.1;1.6 km SE from Monte Zoccolaro (CT);3.57;37.7082;15.0743;9;;160;55;-110;19;72;264;8
2021/10/24 13:01:10;1.3;1.3 km N from Zafferana Etnea (CT);3.18;37.7034;15.1033;10;;180;40;0;147;33;33;33
2021/10/24 13:01:10;1.3;1.3 km N from Zafferana Etnea (CT);3.18;37.7034;15.1033;10;;25;30;-50;39;62;266;20
2021/10/25 11:23:49;1.5;2.3 km NE from Piedimonte Etneo (CT);13.33;37.8186;15.1984;11;;50;55;90;140;10;320;80
2021/10/25 11:23:49;1.5;2.3 km NE from Piedimonte Etneo (CT);13.33;37.8186;15.1984;11;;300;5;130;173;41;346;49
2021/10/25 11:23:49;1.5;2.3 km NE from Piedimonte Etneo (CT);13.33;37.8186;15.1984;11;;200;85;-30;152;24;250;17
2021/10/25 11:23:49;1.5;2.3 km NE from Piedimonte Etneo (CT);13.33;37.8186;15.1984;11;;110;75;50;229;20;340;45
2021/10/25 11:23:49;1.5;2.3 km NE from Piedimonte Etneo (CT);13.33;37.8186;15.1984;11;;195;30;40;141;23;11;57
2021/11/13 22:54:08;1;0.5 km SE from Monte Fontane (CT);1.28;37.7368;15.0898;9;;195;80;180;60;7;150;7
2021/11/13 22:54:08;1;0.5 km SE from Monte Fontane (CT);1.28;37.7368;15.0898;9;;180;40;140;56;14;169;56
2021/11/18 09:56:51;1.5;1.0 km S from Monte Grosso (CT);7.27;37.6628;15.0093;15;;155;55;-100;31;77;252;9
2021/11/18 11:52:33;2.2;1.7 km SE from Monte Grosso (CT);6.62;37.6618;15.0221;18;;80;80;90;170;35;350;55
2021/11/24 22:48:46;1.9;1.1 km S from Maletto (CT);30.58;37.8183;14.8639;11;;45;70;-110;286;60;150;22
2021/12/01 23:56:13;1.5;4.4 km NE from Cesarò (ME);9.14;37.8622;14.7576;9;;125;75;-40;79;38;181;15
2021/12/02 01:33:01;1.2;1.6 km NW from Zafferana Etnea (CT);9.97;37.7053;15.0982;8;;40;25;-80;110;69;302;20
2021/12/02 01:33:01;1.2;1.6 km NW from Zafferana Etnea (CT);9.97;37.7053;15.0982;8;;280;65;-40;240;45;337;6
2021/12/03 12:01:47;2.1;1.1 km SE from Monte Fontane (CT);6.36;37.7314;15.0924;20;;85;30;-70;128;71;340;16
2021/12/10 18:21:45;1.8;0.9 km SE from Crateri Centrali (CT);0.7;37.7461;15.0009;14;;0;60;80;97;14;245;73
2021/12/15 22:10:31;1.2;1.3 km SW from Zafferana Etnea (CT);3.51;37.6834;15.0942;14;;20;55;50;137;2;231;58
2021/12/15 22:10:31;1.2;1.3 km SW from Zafferana Etnea (CT);3.51;37.6834;15.0942;14;;115;75;-70;50;56;189;27
2021/12/15 22:10:31;1.2;1.3 km SW from Zafferana Etnea (CT);3.51;37.6834;15.0942;14;;195;35;140;70;19;191;57
2021/12/17 03:29:31;2.2;2.5 km NE from Nicolosi (CT);3.07;37.6339;15.0396;19;;105;40;90;15;5;195;85
2021/12/17 03:29:31;2.2;2.5 km NE from Nicolosi (CT);3.07;37.6339;15.0396;19;;45;40;90;315;5;135;85
2021/12/18 21:40:35;2.6;0.8 km NW from Ragalna (CT);2.47;37.6407;14.9388;12;;355;45;-150;197;49;304;14
2021/12/24 08:23:44;2.2;1.5 km N from Zafferana Etnea (CT);5.12;37.7053;15.1095;16;;240;85;-150;108;24;10;17
2021/12/24 09:19:53;3.6;1.7 km N from Zafferana Etnea (CT);3.81;37.7074;15.105;28;;145;70;20;97;1;6;28
2021/12/24 09:23:56;2.1;1.3 km NW from Zafferana Etnea (CT);4.69;37.7031;15.0998;23;;60;90;100;140;44;340;44
2021/12/28 02:51:41;1.6;1.4 km SW from Rifugio Citelli (CT);3.08;37.755;15.0526;10;;105;60;0;64;21;326;21
2021/12/28 02:51:41;1.6;1.4 km SW from Rifugio Citelli (CT);3.08;37.755;15.0526;10;;185;30;140;59;23;189;57
2021/12/28 19:34:25;1.3;1.5 km N from Milo (CT);6.97;37.7358;15.1171;9;;110;60;0;69;21;331;21
2021/12/29 08:22:31;1.6;1.9 km W from Sant'Alfio (CT);5.8;37.7391;15.1199;11;;0;80;150;51;13;314;28
2022/01/02 20:58:32;1.4;3.5 km SE from Randazzo (CT);25.99;37.8552;14.9771;11;;0;60;-20;324;34;228;8
2022/01/02 21:02:25;2.3;2.4 km E from Randazzo (CT);22.63;37.8681;14.9734;16;;100;70;-160;321;28;52;1
2022/01/02 22:59:01;1.6;2.5 km NE from Monte Spagnolo (CT);26.99;37.8423;14.9745;11;;0;90;-20;313;14;47;14
2022/01/02 23:21:25;1.9;3.0 km SE from Randazzo (CT);23.39;37.8574;14.9721;13;;0;85;-20;314;18;48;10
2022/01/03 03:57:15;1.8;3.2 km NE from Monte Spagnolo (CT);24.32;37.8513;14.9734;11;;0;90;0;315;0;45;0
2022/01/03 09:30:02;2.1;3.6 km NW from Monte Collabasso (CT);24.47;37.8537;14.9788;9;;95;65;-160;314;31;47;5
2022/01/03 16:14:12;2;3.4 km SE from Randazzo (CT);23.95;37.8583;14.9782;11;;90;70;-160;311;28;42;1
2022/01/03 19:42:21;1.9;3.5 km SE from Randazzo (CT);25.45;37.854;14.9761;11;;10;75;0;326;11;234;11
2022/01/04 03:54:45;1.8;2.8 km NE from Monte Spagnolo (CT);24.35;37.8472;14.9724;12;;100;65;-160;319;31;52;5
2022/01/04 04:07:53;1.2;3.0 km NW from Monte Collabasso (CT);26.43;37.8475;14.9816;7;;80;90;-160;307;14;213;14
2022/01/04 04:07:53;1.2;3.0 km NW from Monte Collabasso (CT);26.43;37.8475;14.9816;7;;155;75;-20;112;25;203;3
2022/01/04 05:06:03;1.5;3.2 km NW from Monte Collabasso (CT);26.16;37.8486;14.9799;9;;140;50;-30;113;46;11;11
2022/01/04 05:06:03;1.5;3.2 km NW from Monte Collabasso (CT);26.16;37.8486;14.9799;9;;105;60;-120;326;62;216;10
2022/01/04 05:31:41;2.1;3.3 km SE from Randazzo (CT);23.64;37.8613;14.9806;14;;5;70;-10;323;21;230;7
2022/01/04 06:43:00;2;2.9 km E from Randazzo (CT);22.65;37.8671;14.9789;14;;100;70;-160;321;28;52;1
2022/01/04 07:40:07;2.1;2.7 km E from Randazzo (CT);20.75;37.8698;14.9771;15;;5;75;-20;322;25;53;3
2022/01/04 09:17:56;2;3.3 km NE from Monte Spagnolo (CT);23.49;37.8504;14.9779;12;;340;85;20;112;10;206;18
2022/01/16 23:38:24;1.4;2.2 km W from Monte Maletto (CT);28.32;37.7965;14.9166;13;;340;5;-20;355;47;184;43
2022/01/16 23:38:24;1.4;2.2 km W from Monte Maletto (CT);28.32;37.7965;14.9166;13;;170;65;-180;32;17;128;17
2022/01/16 23:38:24;1.4;2.2 km W from Monte Maletto (CT);28.32;37.7965;14.9166;13;;245;85;140;299;23;194;31
2022/01/17 01:05:55;0.7;0.6 km NW from Monte Fontane (CT);2.58;37.7444;15.0819;8;;125;60;30;73;3;340;41
2022/01/17 01:05:55;0.7;0.6 km NW from Monte Fontane (CT);2.58;37.7444;15.0819;8;;55;15;-150;220;51;14;36
2022/01/17 01:05:55;0.7;0.6 km NW from Monte Fontane (CT);2.58;37.7444;15.0819;8;;195;50;140;72;6;170;53
2022/01/18 23:37:26;1.1;0.5 km SW from Crateri Centrali (CT);-0.18;37.7497;14.9917;13;;295;90;80;35;44;195;44
2022/01/21 12:14:15;1.4;1.7 km E from Sant'Alfio (CT);9.36;37.7389;15.1602;7;;280;90;20;53;14;147;14
2022/01/21 12:14:15;1.4;1.7 km E from Sant'Alfio (CT);9.36;37.7389;15.1602;7;;50;45;-100;234;83;327;0
2022/01/28 04:01:30;0.9;1.8 km E from Monte Zoccolaro (CT);3.9;37.7227;15.0763;10;;0;50;80;97;5;217;81
2022/01/31 12:30:48;2.4;1.5 km N from Monte Fontane (CT);5.25;37.753;15.0909;32;;105;70;-20;64;28;333;1
2022/01/31 12:40:29;1.2;1.2 km NE from Monte Fontane (CT);6.38;37.7473;15.0961;10;;100;70;-10;58;21;325;7
2022/01/31 12:40:29;1.2;1.2 km NE from Monte Fontane (CT);6.38;37.7473;15.0961;10;;150;35;90;60;10;240;80
2022/01/31 12:53:34;1.2;1.6 km E from Monte Fontane (CT);5.3;37.7456;15.1019;10;;295;85;10;69;3;160;11
2022/01/31 13:03:58;1.3;1.3 km NE from Monte Fontane (CT);5.18;37.7456;15.0986;11;;80;75;-30;36;32;132;9
2022/01/31 13:03:58;1.3;1.3 km NE from Monte Fontane (CT);5.18;37.7456;15.0986;11;;10;75;-140;236;38;134;15
2022/01/31 17:37:00;1;1.8 km NE from Monte Fontane (CT);5.91;37.7483;15.1028;7;;60;65;-160;279;31;12;5
2022/01/31 17:37:00;1;1.8 km NE from Monte Fontane (CT);5.91;37.7483;15.1028;7;;140;40;-80;173;82;43;5
2022/02/05 07:23:59;3.4;1.1 km E from Mangano (CT);9.68;37.6769;15.1847;15;;5;70;20;317;1;226;28
2022/03/04 19:59:05;1.9;5.1 km SW from Biancavilla (CT);2.38;37.6108;14.825;12;;140;50;60;251;1;343;67
2022/03/05 16:34:55;2.8;1.6 km W from Maletto (CT);22.23;37.8327;14.8493;28;;80;70;-120;312;55;192;19
2022/03/15 11:18:20;1.7;1.8 km NW from Fleri (CT);10.94;37.6668;15.0821;11;;35;85;70;143;37;284;46
2022/03/18 13:51:14;3.3;1.1 km S from M. Denza (CT);9.78;37.696;14.9659;28;;0;90;-150;229;21;131;21
2022/03/20 16:53:41;1.7;2.6 km NW from Pietrafucile (CT);12.53;37.7772;15.1058;9;;5;35;-170;209;41;329;31
2022/03/30 06:14:53;2.4;1.0 km SE from M. Intraleo (CT);3.2;37.7144;14.921;22;;205;60;120;274;10;164;62
2022/04/05 13:13:21;1;1.4 km S from M. Intraleo (CT);2.95;37.7105;14.9175;9;;25;90;-140;258;27;152;27
2022/04/17 00:17:00;1.1;1.2 km NE from Sant'Alfio (CT);5.44;37.7479;15.153;12;;5;55;140;242;2;335;51
2022/04/17 00:17:00;1.1;1.2 km NE from Sant'Alfio (CT);5.44;37.7479;15.153;12;;175;50;120;244;1;152;67
2022/04/17 00:18:09;1.7;1.4 km NE from Sant'Alfio (CT);5.46;37.7494;15.1539;25;;120;60;40;243;2;335;48
2022/04/27 15:04:09;2;1.3 km NE from Monte Centenari (CT);3.96;37.7414;15.0487;19;;300;75;50;59;20;170;45
2022/04/27 15:04:09;2;1.3 km NE from Monte Centenari (CT);3.96;37.7414;15.0487;19;;0;65;150;52;1;321;38
2022/04/28 15:04:45;1.7;1.6 km E from Monte Centenari (CT);5.66;37.735;15.0535;19;;125;45;10;85;24;336;36
2022/04/28 15:45:38;1.4;1.5 km NE from Monte Centenari (CT);5.76;37.7418;15.0505;15;;130;45;-30;108;49;1;14
2022/05/02 08:40:58;2.1;1.5 km E from Monte Centenari (CT);6.81;37.7339;15.0525;16;;120;50;-20;90;40;346;16
2022/05/07 09:06:31;2.3;2.6 km N from Vena (CT);-0.37;37.8146;15.1305;9;;5;75;10;319;4;228;18
2022/05/08 13:13:08;1.9;2.2 km E from Monte Zoccolaro (CT);3.64;37.7191;15.0835;19;;250;65;-170;110;24;205;11
2022/05/11 10:25:33;1.4;1.5 km NE from Monte Centenari (CT);3.51;37.7437;15.0495;9;;145;85;-40;94;31;199;23
2022/05/11 10:25:33;1.4;1.5 km NE from Monte Centenari (CT);3.51;37.7437;15.0495;9;;80;55;-130;291;58;197;2
2022/05/11 10:25:33;1.4;1.5 km NE from Monte Centenari (CT);3.51;37.7437;15.0495;9;;50;75;140;106;15;4;38
2022/05/12 08:18:18;1.8;2.6 km W from Mascali (CT);4;37.7646;15.1668;14;;90;55;-20;56;37;317;12
2022/05/19 23:26:39;2.3;0.2 km W from Monte Fontane (CT);4.78;37.7402;15.0828;17;;85;70;-40;42;42;142;11
2022/05/19 23:26:39;2.3;0.2 km W from Monte Fontane (CT);4.78;37.7402;15.0828;17;;200;85;170;246;3;155;11
2022/05/19 23:26:39;2.3;0.2 km W from Monte Fontane (CT);4.78;37.7402;15.0828;17;;130;45;30;79;14;332;49
2022/05/20 00:00:00;1.7;0.8 km NW from Monte Fontane (CT);5.44;37.7441;15.0786;14;;115;50;10;73;21;329;33
2022/05/20 00:00:04;2.3;0.6 km NE from Monte Scorsone (CT);4.92;37.753;15.0726;17;;140;55;-10;104;30;3;18
2022/05/20 00:00:04;2.3;0.6 km NE from Monte Scorsone (CT);4.92;37.753;15.0726;17;;65;45;-100;249;83;342;0
2022/05/20 00:00:04;2.3;0.6 km NE from Monte Scorsone (CT);4.92;37.753;15.0726;17;;345;90;-60;282;38;48;38
2022/05/20 00:00:04;2.3;0.6 km NE from Monte Scorsone (CT);4.92;37.753;15.0726;17;;345;60;20;297;8;201;34
2022/05/30 20:28:50;1.8;0.4 km N from Pedara (CT);10.29;37.6219;15.0611;9;;190;10;120;74;36;244;53
2022/05/30 20:28:50;1.8;0.4 km N from Pedara (CT);10.29;37.6219;15.0611;9;;335;85;60;90;33;216;42
2022/06/06 03:25:36;1.8;1.5 km W from Monte Scorsone (CT);4.55;37.7448;15.0526;15;;140;10;90;50;35;230;55
2022/06/06 03:25:36;1.8;1.5 km W from Monte Scorsone (CT);4.55;37.7448;15.0526;15;;205;75;150;257;9;161;32
2022/06/16 22:34:11;1.1;2.0 km SW from Rifugio Citelli (CT);3.86;37.7574;15.0396;8;;135;60;0;94;21;356;21
2022/06/16 22:34:11;1.1;2.0 km SW from Rifugio Citelli (CT);3.86;37.7574;15.0396;8;;65;60;-170;283;27;21;14
2022/06/21 14:40:06;1.4;0.2 km E from Monte Fontane (CT);6.1;37.74;15.0882;11;;100;30;-180;307;38;73;38
2022/06/21 17:46:37;1.5;2.0 km NW from Piano Pernicana (CT);11.62;37.8223;15.0602;11;;35;90;30;166;21;264;21
2022/06/21 17:46:37;1.5;2.0 km NW from Piano Pernicana (CT);11.62;37.8223;15.0602;11;;140;15;-70;202;59;34;31
2022/06/23 13:36:14;1.7;0.7 km S from Monte Arcimis (CT);9.5;37.6853;15.0634;8;;55;5;-30;80;47;269;42
2022/06/23 13:36:53;1.8;2.1 km W from Tarderia (CT);11.04;37.6528;15.0323;9;;115;40;-140;306;56;59;14
2022/07/15 15:33:10;1.7;0.3 km W from Pietrafucile (CT);5.73;37.7608;15.1256;12;;115;60;10;71;14;333;27
2022/07/15 21:10:44;1.5;0.5 km E from Pietrafucile (CT);5.81;37.7632;15.1347;10;;20;75;160;68;3;337;25
2022/07/17 20:53:41;1.8;0.6 km S from Monte Palestra (CT);6.88;37.7387;14.9552;16;;110;80;-130;343;41;230;24
2022/07/18 19:18:10;1.2;1.5 km W from Santa Venerina (CT);4.8;37.6892;15.1226;7;;165;50;-60;142;67;234;1
2022/07/18 19:18:10;1.2;1.5 km W from Santa Venerina (CT);4.8;37.6892;15.1226;7;;345;75;-50;295;45;46;20
2022/07/30 10:07:25;1.5;1.1 km SE from Zafferana Etnea (CT);5.33;37.683;15.1113;13;;50;75;140;106;15;4;38
2022/07/31 10:29:43;2.7;0.3 km N from Pietrafucile (CT);9.11;37.7644;15.1285;19;;115;80;0;70;7;340;7
2022/07/31 10:51:59;2;0.4 km NW from Pietrafucile (CT);7.99;37.7658;15.1274;14;;100;80;0;55;7;325;7
2022/07/31 11:09:32;1.7;0.1 km W from Pietrafucile (CT);5.1;37.7618;15.1284;13;;100;65;10;55;11;320;24
2022/07/31 14:25:35;1.4;1.5 km N from Pietrafucile (CT);4.22;37.7754;15.1318;12;;280;90;-10;235;7;325;7
2022/08/04 15:35:56;2;1.2 km S from Moio Alcantara (ME);19.17;37.8882;15.0497;7;;70;80;-60;11;47;136;29
2022/08/04 15:35:56;2;1.2 km S from Moio Alcantara (ME);19.17;37.8882;15.0497;7;;100;25;60;32;22;244;64
2022/08/04 18:10:01;1.6;2.3 km NW from Tarderia (CT);2.11;37.6749;15.0421;10;;50;35;160;272;26;33;46
2022/08/08 10:52:19;1.5;0.4 km E from Pietrafucile (CT);4.09;37.7628;15.1329;10;;345;45;-180;200;30;310;30
2022/08/08 10:52:19;1.5;0.4 km E from Pietrafucile (CT);4.09;37.7628;15.1329;10;;355;70;150;47;5;313;35
2022/08/28 22:49:59;2;3.0 km NW from M. Lepre (CT);21.56;37.7781;14.8979;25;;80;35;120;329;13;95;69
2022/08/28 22:49:59;2;3.0 km NW from M. Lepre (CT);21.56;37.7781;14.8979;25;;0;30;50;299;20;166;62
2022/08/28 22:57:57;1.2;3.1 km NW from M. Lepre (CT);19.13;37.7797;14.898;9;;65;90;-40;12;27;118;27
2022/08/28 22:57:57;1.2;3.1 km NW from M. Lepre (CT);19.13;37.7797;14.898;9;;325;25;20;287;33;152;48
2022/08/28 22:57:57;1.2;3.1 km NW from M. Lepre (CT);19.13;37.7797;14.898;9;;310;70;10;265;7;172;21
2022/08/28 22:58:42;1.4;3.5 km NW from M. Lepre (CT);21.08;37.7778;14.8895;9;;105;70;150;157;5;63;35
2022/08/28 22:58:42;1.4;3.5 km NW from M. Lepre (CT);21.08;37.7778;14.8895;9;;345;70;20;297;1;206;28
2022/08/28 22:58:42;1.4;3.5 km NW from M. Lepre (CT);21.08;37.7778;14.8895;9;;70;25;40;17;27;238;56
2022/08/28 22:58:42;1.4;3.5 km NW from M. Lepre (CT);21.08;37.7778;14.8895;9;;105;15;70;31;31;223;59
2022/08/28 22:58:42;1.4;3.5 km NW from M. Lepre (CT);21.08;37.7778;14.8895;9;;25;80;160;73;7;340;21
2022/08/28 23:00:27;1.8;2.5 km NW from M. Lepre (CT);23.34;37.7776;14.9058;7;;5;35;110;261;11;35;74
2022/08/28 23:05:06;1.3;3.1 km NW from M. Lepre (CT);18.64;37.7844;14.9077;8;;205;75;110;279;27;140;56
2022/08/28 23:05:06;1.3;3.1 km NW from M. Lepre (CT);18.64;37.7844;14.9077;8;;10;20;140;241;31;29;55
2022/08/28 23:31:55;1.9;2.7 km NW from M. Lepre (CT);22.85;37.7758;14.8991;23;;20;60;10;336;14;238;27
2022/08/29 16:22:51;2.4;3.1 km W from M. Lepre (CT);23.84;37.7628;14.885;13;;35;25;40;342;27;203;56
2022/08/29 16:22:51;2.4;3.1 km W from M. Lepre (CT);23.84;37.7628;14.885;13;;125;15;120;10;32;174;57
2022/08/29 16:35:42;1.6;8.7 km NE from Regalbuto (EN);12.93;37.7111;14.7043;10;;55;45;-160;261;42;10;19
2022/08/29 16:36:03;1.5;9.2 km NE from Regalbuto (EN);10.38;37.7099;14.7144;9;;5;60;-140;220;48;128;2
2022/08/29 16:36:03;1.5;9.2 km NE from Regalbuto (EN);10.38;37.7099;14.7144;9;;85;45;-70;78;76;341;2
2022/08/29 16:36:03;1.5;9.2 km NE from Regalbuto (EN);10.38;37.7099;14.7144;9;;150;70;140;207;11;107;42
2022/08/29 19:12:12;2.4;10.5 km SW from Bronte (CT);13.6;37.727;14.7403;27;;25;85;-130;260;37;146;29
2022/08/29 19:13:38;1.9;9.1 km NE from Regalbuto (EN);14.9;37.7122;14.7099;13;;5;75;-100;261;59;103;29
2022/08/29 19:14:39;1.9;9.4 km NE from Regalbuto (EN);17.45;37.7143;14.712;15;;195;85;120;260;33;134;42
2022/08/29 19:14:39;1.9;9.4 km NE from Regalbuto (EN);17.45;37.7143;14.712;15;;160;80;80;259;34;58;54
2022/08/29 19:15:22;3;9.7 km NE from Regalbuto (EN);16.55;37.7077;14.725;36;;40;45;-140;238;55;343;10
2022/08/29 19:15:22;3;9.7 km NE from Regalbuto (EN);16.55;37.7077;14.725;36;;290;90;0;245;0;335;0
2022/08/29 19:24:29;2.1;10.4 km NE from Regalbuto (EN);16.59;37.7247;14.7142;21;;70;45;-150;272;49;19;14
2022/08/29 19:39:28;2.5;10.0 km NE from Regalbuto (EN);15.09;37.7161;14.7199;14;;65;50;-140;270;53;8;6
2022/08/29 19:41:13;3.3;11.0 km NE from Regalbuto (EN);9.62;37.7311;14.7159;24;;320;85;-50;265;37;19;29
2022/08/29 19:43:08;2.7;11.4 km NE from Regalbuto (EN);10.42;37.7337;14.7182;10;;65;45;-90;231;90;335;0
2022/08/29 19:43:53;2;10.5 km NE from Regalbuto (EN);9.44;37.7237;14.7171;9;;150;45;-80;146;83;53;0
2022/08/29 19:43:53;2;10.5 km NE from Regalbuto (EN);9.44;37.7237;14.7171;9;;190;75;-30;146;32;242;9
2022/08/29 19:43:53;2;10.5 km NE from Regalbuto (EN);9.44;37.7237;14.7171;9;;0;75;70;106;27;245;56
2022/08/29 19:44:37;1.9;10.9 km NE from Regalbuto (EN);11.69;37.7274;14.7194;9;;175;40;160;39;23;153;44
2022/08/29 19:44:37;1.9;10.9 km NE from Regalbuto (EN);11.69;37.7274;14.7194;9;;350;30;-150;174;52;303;26
2022/08/29 19:44:37;1.9;10.9 km NE from Regalbuto (EN);11.69;37.7274;14.7194;9;;70;50;-10;36;33;292;21
2022/08/29 19:44:37;1.9;10.9 km NE from Regalbuto (EN);11.69;37.7274;14.7194;9;;130;30;0;103;38;337;38
2022/08/29 19:44:37;1.9;10.9 km NE from Regalbuto (EN);11.69;37.7274;14.7194;9;;110;55;40;53;2;320;51
2022/08/29 19:44:37;1.9;10.9 km NE from Regalbuto (EN);11.69;37.7274;14.7194;9;;325;60;-180;186;21;284;21
2022/08/29 19:47:44;2.1;9.0 km NE from Regalbuto (EN);10.89;37.7138;14.7062;14;;85;10;-150;245;49;47;39
2022/08/29 19:47:44;2.1;9.0 km NE from Regalbuto (EN);10.89;37.7138;14.7062;14;;320;60;-40;285;48;17;2
2022/08/29 19:57:25;1.9;11.0 km NE from Regalbuto (EN);12.46;37.7295;14.718;9;;185;75;110;259;27;120;56
2022/08/29 19:57:25;1.9;11.0 km NE from Regalbuto (EN);12.46;37.7295;14.718;9;;90;30;160;310;29;78;47
2022/08/29 20:03:15;2.1;8.9 km NE from Regalbuto (EN);10.3;37.7124;14.7065;13;;25;55;-140;235;51;328;2
2022/08/29 20:05:25;1.9;11.1 km NW from Adrano (CT);10.11;37.7253;14.7315;7;;340;45;30;289;14;182;49
2022/08/29 20:06:17;1.5;10.3 km NE from Regalbuto (EN);9.7;37.7194;14.7211;8;;95;45;-80;91;83;358;0
2022/08/29 20:06:17;1.5;10.3 km NE from Regalbuto (EN);9.7;37.7194;14.7211;8;;140;60;-30;105;41;12;3
2022/08/29 20:06:17;1.5;10.3 km NE from Regalbuto (EN);9.7;37.7194;14.7211;8;;340;90;10;115;7;205;7
2022/08/29 20:06:17;1.5;10.3 km NE from Regalbuto (EN);9.7;37.7194;14.7211;8;;345;65;0;303;17;207;17
2022/08/29 20:06:33;2;10.6 km SW from Bronte (CT);10.11;37.7304;14.7358;11;;210;70;130;272;15;163;49
2022/08/29 20:06:54;2.7;11.1 km NE from Regalbuto (EN);10.5;37.7239;14.7276;24;;215;65;140;272;6;175;45
2022/08/29 20:06:54;2.7;11.1 km NE from Regalbuto (EN);10.5;37.7239;14.7276;24;;145;65;40;268;6;5;45
2022/08/29 20:09:26;1.7;9.7 km NE from Regalbuto (EN);9.49;37.7118;14.7209;9;;300;80;160;348;7;255;21
2022/08/29 20:10:19;2.3;8.5 km SW from Bronte (CT);10.34;37.7322;14.7641;28;;140;65;10;95;11;0;24
2022/08/29 20:28:07;1.5;10.2 km NE from Regalbuto (EN);10.58;37.7231;14.7135;9;;295;70;0;252;14;158;14
2022/08/29 20:43:23;2.2;10.8 km NE from Regalbuto (EN);14.75;37.7315;14.7102;23;;65;55;-150;277;44;13;7
2022/08/29 21:50:24;3.1;10.4 km SE from Troina (EN);13.45;37.7392;14.7044;21;;30;80;-120;269;47;144;29
2022/08/29 21:53:28;2;9.6 km NW from Adrano (CT);9.53;37.7167;14.7437;9;;165;75;90;255;30;75;60
2022/08/30 06:00:34;2.7;11.2 km NE from Regalbuto (EN);10.22;37.7309;14.7187;17;;220;80;140;275;19;171;35
2022/08/30 06:00:34;2.7;11.2 km NE from Regalbuto (EN);10.22;37.7309;14.7187;17;;85;40;-160;287;44;41;23
2022/08/30 06:01:08;2.1;10.1 km SW from Bronte (CT);9.69;37.7396;14.7344;13;;30;70;100;112;24;316;64
2022/08/30 06:01:08;2.1;10.1 km SW from Bronte (CT);9.69;37.7396;14.7344;13;;315;40;-160;157;44;271;23
2022/08/30 06:01:08;2.1;10.1 km SW from Bronte (CT);9.69;37.7396;14.7344;13;;145;55;-50;114;58;208;2
2022/08/30 08:06:45;2.5;9.2 km W from Bronte (CT);15.63;37.7596;14.7343;25;;55;60;-160;271;34;7;8
2022/08/30 17:26:37;1.8;9.2 km NE from Regalbuto (EN);11.58;37.7167;14.7051;10;;305;80;-10;261;14;171;0
2022/08/30 17:30:45;2;10.6 km NE from Regalbuto (EN);11.36;37.7212;14.7224;15;;60;60;-180;281;21;19;21
2022/08/30 20:05:40;2;10.9 km NW from Adrano (CT);10.41;37.7261;14.7352;23;;30;50;140;267;6;5;53
2022/08/30 20:05:40;2;10.9 km NW from Adrano (CT);10.41;37.7261;14.7352;23;;325;50;40;268;6;170;53
2022/08/30 20:06:47;1.5;9.8 km NE from Regalbuto (EN);10.28;37.7209;14.7088;10;;90;50;-100;307;81;187;5
2022/08/30 20:06:47;1.5;9.8 km NE from Regalbuto (EN);10.28;37.7209;14.7088;10;;140;85;20;272;10;6;18
2022/08/31 10:39:47;1.7;0.4 km E from Monte Palestra (CT);5.79;37.7443;14.9601;12;;60;40;-180;273;33;27;33
2022/08/31 10:39:47;1.7;0.4 km E from Monte Palestra (CT);5.79;37.7443;14.9601;12;;100;35;-120;265;69;31;13
2022/08/31 13:40:16;2.2;10.0 km NE from Regalbuto (EN);10.92;37.7253;14.7064;20;;310;90;-10;265;7;355;7
2022/08/31 20:46:41;2.2;10.6 km NE from Regalbuto (EN);12.44;37.7221;14.7225;18;;40;75;-160;263;25;172;3
2022/08/31 20:46:41;2.2;10.6 km NE from Regalbuto (EN);12.44;37.7221;14.7225;18;;320;30;50;259;20;126;62
2022/09/02 14:09:56;1.5;0.4 km E from Monte Palestra (CT);6.16;37.7428;14.9598;10;;45;25;20;7;33;232;48
2022/09/04 06:37:16;1.8;9.5 km NE from Regalbuto (EN);11.16;37.7168;14.7113;8;;110;40;-120;288;69;41;9
2022/09/04 06:37:16;1.8;9.5 km NE from Regalbuto (EN);11.16;37.7168;14.7113;8;;280;60;-100;165;73;17;14
2022/09/08 18:23:48;1.6;0.6 km S from Monte Palestra (CT);5.77;37.7386;14.9565;18;;115;80;-120;354;47;229;29
2022/09/08 18:42:34;1.6;1.8 km NE from Linguaglossa (CT);14.65;37.8546;15.1517;13;;40;25;60;332;22;184;64
2022/09/11 06:31:11;1.9;1.3 km NE from Monte Centenari (CT);13.25;37.7447;15.0444;8;;140;30;-30;136;52;7;26
2022/09/11 06:31:11;1.9;1.3 km NE from Monte Centenari (CT);13.25;37.7447;15.0444;8;;50;80;150;101;13;4;28
2022/09/11 07:07:46;1.6;1.1 km W from Monte Scorsone (CT);16.52;37.7477;15.0562;10;;10;65;90;100;20;280;70
2022/09/12 04:14:40;1.9;1.0 km S from Monte Spagnolo (CT);22.41;37.8184;14.9501;9;;160;70;-180;23;14;117;14
2022/09/12 04:14:40;1.9;1.0 km S from Monte Spagnolo (CT);22.41;37.8184;14.9501;9;;80;25;60;12;22;224;64
2022/09/12 04:43:07;2.1;1.8 km W from Grotta del Gelo (CT);17.7;37.8113;14.9647;15;;110;25;160;328;33;103;48
2022/09/12 23:44:10;1.8;9.1 km SW from Bronte (CT);9.17;37.7361;14.7512;10;;70;40;-170;277;38;32;28
2022/09/12 23:44:10;1.8;9.1 km SW from Bronte (CT);9.17;37.7361;14.7512;10;;5;90;-100;265;44;105;44
2022/09/12 23:45:12;2.1;8.6 km SW from Bronte (CT);9.82;37.7468;14.7495;8;;115;30;-110;252;71;40;16
2022/09/12 23:45:12;2.1;8.6 km SW from Bronte (CT);9.82;37.7468;14.7495;8;;200;40;40;144;14;31;56
2022/09/18 03:13:25;2.8;8.6 km SW from Bronte (CT);9.54;37.748;14.7485;23;;215;80;150;266;13;169;28
2022/09/20 17:41:48;1.7;1.8 km NE from Linguaglossa (CT);5.25;37.8509;15.1568;8;;20;10;-70;86;54;273;36
2022/09/21 21:51:03;2.3;2.9 km N from Ragalna (CT);2.63;37.66;14.9423;24;;15;65;-160;234;31;327;5
2022/09/22 02:21:28;3.6;3.5 km W from Paternò (CT);2.33;37.5683;14.8621;20;;105;70;60;217;19;337;55
2022/09/23 00:19:06;1.4;1.2 km S from Monte Palestra (CT);6.45;37.7334;14.957;19;;310;90;20;83;14;177;14
2022/09/26 14:07:55;1.5;1.0 km NE from M. Intraleo (CT);8.2;37.7304;14.9231;8;;250;80;130;310;24;197;41
2022/10/02 15:17:05;1.8;2.0 km NE from Maletto (CT);25.75;37.8397;14.8837;11;;90;60;40;213;2;305;48
2022/10/02 15:17:05;1.8;2.0 km NE from Maletto (CT);25.75;37.8397;14.8837;11;;325;80;150;16;13;279;28
2022/10/02 15:17:05;1.8;2.0 km NE from Maletto (CT);25.75;37.8397;14.8837;11;;125;80;140;180;19;76;35
2022/10/07 08:52:32;3;1.6 km SE from P.zi Deneri (CT);3.93;37.7532;15.027;40;;110;75;0;66;11;334;11
2022/10/08 00:32:20;1.1;1.3 km E from Monte Fontane (CT);6.22;37.742;15.1;10;;5;30;-150;189;52;318;26
2022/10/08 12:31:08;1.8;5.1 km N from Maletto (CT);27;37.8728;14.8541;12;;55;15;40;6;34;210;53
2022/10/08 12:31:08;1.8;5.1 km N from Maletto (CT);27;37.8728;14.8541;12;;150;10;130;25;37;192;52
2022/10/14 13:38:30;1.9;1.2 km SE from Monte Centenari (CT);8.42;37.7284;15.0464;12;;55;45;140;292;10;37;55
2022/10/23 15:30:17;2.3;0.5 km W from Fiumefreddo di Sicilia (CT);6.19;37.7908;15.1988;11;;110;80;-30;64;28;161;13
2022/11/15 02:47:50;1;1.4 km SE from Crateri Centrali (CT);1.86;37.7443;15.0062;11;;160;65;-40;120;45;217;6
2022/11/15 03:20:15;1.4;1.2 km SE from Crateri Centrali (CT);0.69;37.7454;15.0048;13;;255;85;180;120;4;210;4
2022/11/25 05:49:51;1.8;2.8 km E from Randazzo (CT);29.63;37.885;14.9787;9;;5;25;-30;7;52;230;29
2022/11/25 09:39:21;2.3;3.8 km SW from Randazzo (CT);26.78;37.8547;14.9151;15;;60;70;-90;330;65;150;25
2022/11/25 17:02:33;1.4;2.5 km NW from Zafferana Etnea (CT);8.4;37.7091;15.0865;9;;50;40;-20;28;44;274;23
2022/11/30 00:51:44;1.5;1.5 km S from Monte Nero (CT);10.17;37.7956;15.0282;13;;10;15;140;239;34;35;53
2022/11/30 00:51:44;1.5;1.5 km S from Monte Nero (CT);10.17;37.7956;15.0282;13;;120;75;100;202;29;44;59
2022/12/07 07:11:42;2.5;1.8 km E from Sant'Alfio (CT);8.01;37.7483;15.1598;21;;5;70;170;230;7;323;21
2022/12/08 03:02:57;2.5;4.2 km W from Paternò (CT);2.45;37.5659;14.8542;15;;110;65;-160;329;31;62;5
2022/12/09 00:32:23;1.4;1.3 km W from Monte Scorsone (CT);4;37.7494;15.054;13;;105;75;-10;62;18;331;4
2022/12/12 03:30:13;1.3;1.4 km NW from M. Denza (CT);6.35;37.7177;14.9605;9;;15;60;110;91;13;326;68
2022/12/12 04:58:26;1.3;0.9 km E from Sant'Alfio (CT);7.95;37.7446;15.151;8;;280;85;20;52;10;146;18
2022/12/12 04:58:26;1.3;0.9 km E from Sant'Alfio (CT);7.95;37.7446;15.151;8;;170;35;120;59;13;185;69
2022/12/12 08:41:03;1.9;2.0 km NW from Randazzo (CT);26.1;37.892;14.9356;14;;130;70;-40;87;42;187;11
2022/12/12 08:41:03;1.9;2.0 km NW from Randazzo (CT);26.1;37.892;14.9356;14;;180;60;-140;35;48;303;2
2022/12/12 08:41:03;1.9;2.0 km NW from Randazzo (CT);26.1;37.892;14.9356;14;;350;15;-30;5;51;211;36
2022/12/12 10:30:15;1.7;2.1 km N from Randazzo (CT);26.22;37.8951;14.9425;11;;145;85;-20;99;18;193;10
2022/12/12 10:30:15;1.7;2.1 km N from Randazzo (CT);26.22;37.8951;14.9425;11;;75;80;-160;300;21;207;7
2022/12/18 05:59:34;1.6;2.5 km SW from Moio Alcantara (ME);20.59;37.8852;15.0289;8;;0;80;10;314;0;224;14
2022/12/19 07:19:26;1.4;1.5 km N from Monte Zoccolaro (CT);4.03;37.7291;15.0628;8;;345;85;50;106;29;220;37
2022/12/19 09:59:26;2.2;1.4 km E from Monte Zoccolaro (CT);2.43;37.7199;15.0739;22;;30;75;180;254;11;346;11
2022/12/19 09:59:26;2.2;1.4 km E from Monte Zoccolaro (CT);2.43;37.7199;15.0739;22;;45;70;-140;268;42;168;11
2022/12/21 01:39:41;1.7;1.1 km N from Monte Centenari (CT);3.28;37.745;15.0384;21;;110;60;-10;72;27;334;14
2022/12/24 12:30:13;1.2;2.5 km NW from Tarderia (CT);6.19;37.6773;15.0424;7;;75;30;-40;79;57;309;23
2022/12/24 12:30:13;1.2;2.5 km NW from Tarderia (CT);6.19;37.6773;15.0424;7;;240;75;-80;164;59;322;29
2023/01/01 00:11:21;2.1;1.8 km NE from Ragalna (CT);1.65;37.6444;14.9584;13;;195;65;-10;155;24;60;11
2023/01/01 10:28:53;2.8;1.9 km NE from Ragalna (CT);1.44;37.6473;14.9573;19;;130;80;120;196;29;71;47
2023/01/07 00:03:46;1.6;1.3 km S from Monte Collabasso (CT);18.51;37.8187;15.0037;12;;65;45;60;356;4;256;69
2023/01/07 00:03:46;1.6;1.3 km S from Monte Collabasso (CT);18.51;37.8187;15.0037;12;;215;70;20;167;1;76;28
2023/01/07 00:11:12;1.3;1.3 km E from Grotta del Gelo (CT);21.66;37.8096;14.9993;9;;80;25;120;328;22;116;64
2023/01/07 00:11:12;1.3;1.3 km E from Grotta del Gelo (CT);21.66;37.8096;14.9993;9;;260;65;80;357;19;150;68
2023/01/07 00:11:12;1.3;1.3 km E from Grotta del Gelo (CT);21.66;37.8096;14.9993;9;;35;85;0;350;4;260;4
2023/01/12 14:22:40;2.2;1.4 km N from Biancavilla (CT);1.39;37.6555;14.8685;13;;150;80;140;205;19;101;35
2023/01/12 14:22:40;2.2;1.4 km N from Biancavilla (CT);1.39;37.6555;14.8685;13;;15;70;-110;256;60;120;22
2023/01/12 14:22:40;2.2;1.4 km N from Biancavilla (CT);1.39;37.6555;14.8685;13;;110;50;90;200;5;20;85
2023/01/15 08:04:00;1.6;1.5 km SE from M. Denza (CT);13.73;37.697;14.9787;12;;70;85;0;25;4;295;4
2023/01/15 08:04:00;1.6;1.5 km SE from M. Denza (CT);13.73;37.697;14.9787;12;;135;85;-160;1;18;267;10
2023/01/22 02:49:29;1.5;1.4 km NW from Milo (CT);3.36;37.7297;15.105;16;;100;40;-30;83;50;330;18
2023/01/22 02:49:29;1.5;1.4 km NW from Milo (CT);3.36;37.7297;15.105;16;;40;50;-140;245;53;343;6
2023/01/30 22:12:28;1.4;0.7 km NW from Monte Fontane (CT);4.34;37.7435;15.0786;13;;45;20;-40;64;55;276;31
2023/01/30 22:12:28;1.4;0.7 km NW from Monte Fontane (CT);4.34;37.7435;15.0786;13;;160;80;-80;82;54;241;34
2023/02/02 06:38:07;1.9;1.6 km NW from Mangano (CT);3.75;37.6903;15.1615;12;;205;80;-50;152;41;265;24
2023/02/05 17:18:57;2.4;7.6 km SW from Bronte (CT);16.46;37.7394;14.7704;13;;80;65;-140;300;45;203;6
2023/02/05 17:18:57;2.4;7.6 km SW from Bronte (CT);16.46;37.7394;14.7704;13;;310;30;-20;298;47;170;29
2023/02/05 17:18:57;2.4;7.6 km SW from Bronte (CT);16.46;37.7394;14.7704;13;;325;25;20;287;33;152;48
2023/02/05 20:49:20;3.6;7.9 km SW from Bronte (CT);17.1;37.7396;14.7649;32;;50;65;-100;300;68;147;19
2023/02/05 21:02:15;2.5;8.8 km SW from Bronte (CT);16.26;37.7373;14.7553;17;;60;55;-140;270;51;3;2
2023/02/06 04:31:31;1.6;1.7 km NE from Biancavilla (CT);1.02;37.6507;14.8836;7;;125;70;80;223;24;19;64
2023/02/06 04:31:31;1.6;1.7 km NE from Biancavilla (CT);1.02;37.6507;14.8836;7;;300;90;-90;210;45;30;45
2023/02/13 10:22:27;1.8;1.6 km NE from Ragalna (CT);0.88;37.6441;14.9561;9;;40;25;-90;130;70;310;20
2023/02/22 00:45:23;1.3;3.2 km NE from Riposto (CT);2.77;37.7458;15.2344;12;;110;50;-100;327;81;207;5
2023/02/22 00:45:23;1.3;3.2 km NE from Riposto (CT);2.77;37.7458;15.2344;12;;40;45;-70;33;76;296;2
2023/02/22 23:24:32;1.3;8.9 km SW from Bronte (CT);15.53;37.7266;14.7651;12;;100;35;-40;96;57;335;19
2023/02/23 05:43:04;1.4;3.1 km S from Monte S. Leo (CT);1.44;37.6286;14.9785;12;;0;75;-170;223;18;314;4
2023/02/23 05:43:04;1.4;3.1 km S from Monte S. Leo (CT);1.44;37.6286;14.9785;12;;170;70;140;227;11;127;42
2023/02/24 00:14:54;1.4;2.2 km SE from Monte S. Leo (CT);2.44;37.6379;14.9968;12;;350;60;10;306;14;208;27
2023/02/24 00:14:54;1.4;2.2 km SE from Monte S. Leo (CT);2.44;37.6379;14.9968;12;;70;30;130;311;20;84;62
2023/02/26 02:18:43;1.5;1.4 km S from Zafferana Etnea (CT);5.19;37.6796;15.1081;15;;75;45;-80;71;83;338;0
2023/02/26 02:18:43;1.5;1.4 km S from Zafferana Etnea (CT);5.19;37.6796;15.1081;15;;150;50;-130;353;60;87;2
2023/02/28 10:40:14;1.9;1.3 km SE from Monte Fontane (CT);6.76;37.7298;15.0928;13;;225;70;-150;87;35;353;5
2023/02/28 11:16:22;3.2;0.9 km SE from Monte Fontane (CT);6.52;37.7336;15.0918;22;;125;50;-10;91;33;347;21
2023/03/01 00:21:08;2.3;8.2 km SW from Bronte (CT);13.65;37.7416;14.759;14;;65;80;-150;291;28;194;13
2023/03/01 07:30:06;1.9;1.3 km NE from M. Intraleo (CT);27.05;37.7308;14.9279;10;;190;10;-120;316;53;126;36
2023/03/16 00:45:04;1.7;1.2 km W from Zafferana Etnea (CT);4.6;37.6971;15.0926;11;;80;70;20;32;1;301;28
2023/03/16 00:45:04;1.7;1.2 km W from Zafferana Etnea (CT);4.6;37.6971;15.0926;11;;240;85;-70;171;46;312;37
2023/03/17 02:12:57;1.3;2.7 km SW from Biancavilla (CT);0.03;37.6299;14.8407;8;;165;55;100;248;9;109;77
2023/03/17 02:12:57;1.3;2.7 km SW from Biancavilla (CT);0.03;37.6299;14.8407;8;;190;70;110;265;22;129;60
2023/03/17 08:21:29;3;2.4 km NW from Randazzo (CT);19.93;37.8959;14.9348;26;;70;85;-110;319;46;178;37
2023/03/17 08:21:29;3;2.4 km NW from Randazzo (CT);19.93;37.8959;14.9348;26;;145;10;-180;335;44;135;44
2023/03/17 10:03:20;2.2;2.6 km NW from Randazzo (CT);19.92;37.896;14.9315;22;;55;85;-60;354;42;120;33
2023/03/19 01:00:57;1;1.0 km W from Rifugio Citelli (CT);5.33;37.7665;15.0489;9;;95;45;-20;69;42;320;19
2023/03/19 18:35:12;1.2;0.2 km NW from Monte Grosso (CT);4.51;37.6735;15.0064;8;;30;45;-10;359;36;250;24
2023/03/21 17:54:56;1.4;0.7 km SE from Crateri Centrali (CT);-0.04;37.7494;15.0019;10;;65;70;30;193;5;287;35
2023/03/21 17:54:56;1.4;0.7 km SE from Crateri Centrali (CT);-0.04;37.7494;15.0019;10;;40;30;-50;54;62;281;20
2023/03/23 14:54:02;1.2;1.7 km N from Pietrafucile (CT);4.48;37.7768;15.1246;7;;95;70;10;50;7;317;21
2023/03/23 19:32:38;1.3;2.4 km E from Monte Zoccolaro (CT);5.71;37.7149;15.0861;10;;340;90;-20;293;14;27;14
2023/03/23 19:32:38;1.3;2.4 km E from Monte Zoccolaro (CT);5.71;37.7149;15.0861;10;;95;85;-130;330;37;216;29
2023/03/26 12:06:11;1.4;2.8 km NE from Monte Collabasso (CT);14.83;37.8431;15.0359;7;;145;65;170;10;11;105;24
2023/03/26 12:06:11;1.4;2.8 km NE from Monte Collabasso (CT);14.83;37.8431;15.0359;7;;335;65;-130;197;52;93;11
2023/03/26 12:37:02;1.6;2.8 km W from Solicchiata (CT);13.47;37.8563;15.0428;7;;50;85;-20;4;18;98;10
2023/03/26 12:37:02;1.6;2.8 km W from Solicchiata (CT);13.47;37.8563;15.0428;7;;120;40;120;9;9;122;69
2023/03/26 12:50:02;2.8;3.1 km NE from Monte Collabasso (CT);11.42;37.8489;15.0346;30;;135;45;150;6;14;113;49
2023/03/26 13:07:09;1.9;3.5 km W from Solicchiata (CT);11.29;37.8539;15.0353;11;;35;75;-20;352;25;83;3
2023/03/26 13:56:29;1.7;3.2 km W from Solicchiata (CT);11.16;37.8571;15.037;11;;140;60;170;4;14;102;27
2023/03/26 22:26:28;1.6;3.3 km W from Solicchiata (CT);9.43;37.8646;15.0349;11;;135;70;160;3;1;94;28
2023/04/04 17:21:39;1.7;0.6 km SE from Crateri Centrali (CT);-0.63;37.7499;15.0012;9;;65;65;30;193;1;284;38
2023/04/08 14:42:10;0.9;1.8 km N from Monte Zoccolaro (CT);3.1;37.7315;15.0631;9;;135;80;-80;57;54;216;34
2023/04/08 14:49:49;1;1.8 km NE from Monte Zoccolaro (CT);3.53;37.7299;15.0685;13;;130;40;10;92;28;337;38
2023/04/08 14:49:49;1;1.8 km NE from Monte Zoccolaro (CT);3.53;37.7299;15.0685;13;;155;30;80;72;15;271;74
2023/04/08 14:49:49;1;1.8 km NE from Monte Zoccolaro (CT);3.53;37.7299;15.0685;13;;100;85;-120;341;42;215;33
2023/04/08 14:49:49;1;1.8 km NE from Monte Zoccolaro (CT);3.53;37.7299;15.0685;13;;15;20;-40;34;55;246;31
2023/04/08 14:51:45;1.3;1.9 km SW from Monte Fontane (CT);3.52;37.7316;15.0671;16;;110;60;-20;74;34;338;8
2023/04/08 14:51:45;1.3;1.9 km SW from Monte Fontane (CT);3.52;37.7316;15.0671;16;;195;50;160;61;16;165;40
2023/04/08 14:52:20;1.3;1.9 km NE from Monte Zoccolaro (CT);3.53;37.7319;15.0651;16;;75;55;-90;345;80;165;10
2023/04/08 14:52:20;1.3;1.9 km NE from Monte Zoccolaro (CT);3.53;37.7319;15.0651;16;;125;35;10;89;31;329;41
2023/04/08 14:52:20;1.3;1.9 km NE from Monte Zoccolaro (CT);3.53;37.7319;15.0651;16;;175;45;180;30;30;140;30
2023/04/08 14:56:57;1.5;1.8 km S from Monte Scorsone (CT);3.59;37.7325;15.0671;19;;70;75;-100;326;59;168;29
2023/04/08 14:56:57;1.5;1.8 km S from Monte Scorsone (CT);3.59;37.7325;15.0671;19;;110;75;-90;20;60;200;30
2023/04/08 14:56:57;1.5;1.8 km S from Monte Scorsone (CT);3.59;37.7325;15.0671;19;;100;65;-40;60;45;157;6
2023/04/08 14:56:57;1.5;1.8 km S from Monte Scorsone (CT);3.59;37.7325;15.0671;19;;135;30;30;88;26;319;52
2023/04/08 14:56:57;1.5;1.8 km S from Monte Scorsone (CT);3.59;37.7325;15.0671;19;;320;65;40;83;6;180;45
2023/04/08 14:57:51;1;1.7 km NE from Monte Zoccolaro (CT);3.53;37.7302;15.0664;13;;100;60;-20;64;34;328;8
2023/04/08 14:57:51;1;1.7 km NE from Monte Zoccolaro (CT);3.53;37.7302;15.0664;13;;150;75;-100;46;59;248;29
2023/04/08 14:57:51;1;1.7 km NE from Monte Zoccolaro (CT);3.53;37.7302;15.0664;13;;125;25;30;80;29;303;52
2023/04/08 14:57:51;1;1.7 km NE from Monte Zoccolaro (CT);3.53;37.7302;15.0664;13;;180;45;180;35;30;145;30
2023/04/08 14:58:29;1.5;1.5 km W from Monte Fontane (CT);3.38;37.7337;15.0699;20;;125;30;30;78;26;309;52
2023/04/08 14:58:29;1.5;1.5 km W from Monte Fontane (CT);3.38;37.7337;15.0699;20;;85;75;-50;35;45;146;20
2023/04/08 14:58:29;1.5;1.5 km W from Monte Fontane (CT);3.38;37.7337;15.0699;20;;175;35;180;25;35;145;35
2023/04/08 14:59:26;0.9;1.8 km N from Monte Zoccolaro (CT);3.13;37.7313;15.063;9;;30;20;130;269;29;60;58
2023/04/08 15:00:15;1.1;1.7 km NE from Monte Zoccolaro (CT);3.48;37.7296;15.067;12;;105;80;-130;338;41;225;24
2023/04/08 15:00:15;1.1;1.7 km NE from Monte Zoccolaro (CT);3.48;37.7296;15.067;12;;40;60;-100;285;73;137;14
2023/04/09 01:00:20;1.2;1.4 km S from Monte Fontane (CT);4.35;37.7281;15.0811;11;;50;45;140;287;10;32;55
2023/04/10 03:14:34;1.2;1.7 km E from Monte Fontane (CT);7.52;37.7428;15.1051;10;;120;30;-70;163;71;15;16
2023/04/10 03:14:34;1.2;1.7 km E from Monte Fontane (CT);7.52;37.7428;15.1051;10;;130;35;0;100;35;340;35
2023/04/10 03:14:34;1.2;1.7 km E from Monte Fontane (CT);7.52;37.7428;15.1051;10;;60;90;50;183;33;297;33
2023/04/10 03:16:02;1.3;1.8 km E from Monte Fontane (CT);7.32;37.7428;15.1055;12;;125;40;-10;98;38;343;28
2023/04/11 23:18:54;1.1;0.7 km SE from Monte Fontane (CT);4.89;37.7367;15.0922;9;;110;30;0;83;38;317;38
2023/04/12 00:12:34;1.7;1.7 km N from Monte Zoccolaro (CT);14.71;37.731;15.0573;14;;55;45;160;280;19;29;42
2023/04/14 23:41:26;1.4;1.5 km N from Monte Zoccolaro (CT);7.28;37.7287;15.0544;10;;20;70;130;82;15;333;49
2023/04/16 23:08:41;2.4;2.0 km NW from Piano Pernicana (CT);-1.34;37.8164;15.053;15;;45;80;50;165;24;278;41
2023/04/21 12:06:24;4.5;2.1 km NE from Aci Castello (CT);20.12;37.5683;15.1646;44;;165;65;-40;125;45;222;6
2023/04/21 12:27:38;1.8;5.0 km SE from Aci Castello (CT);20.5;37.5272;15.1916;7;;280;85;-120;161;42;35;33
2023/04/21 12:27:38;1.8;5.0 km SE from Aci Castello (CT);20.5;37.5272;15.1916;7;;5;90;0;320;0;50;0
2023/04/24 16:37:22;1.3;2.2 km SW from Pietrafucile (CT);5.21;37.7501;15.109;10;;125;50;-10;91;33;347;21
2023/04/24 16:37:22;1.3;2.2 km SW from Pietrafucile (CT);5.21;37.7501;15.109;10;;135;75;-30;91;32;187;9
2023/04/25 22:12:15;1.2;0.1 km W from Monte Fontane (CT);5.33;37.7396;15.0839;9;;140;50;50;77;2;343;60
2023/05/01 15:27:52;1.6;0.6 km SE from Zafferana Etnea (CT);5.88;37.6889;15.1108;10;;115;45;-90;281;90;25;0
2023/05/03 02:21:23;1.7;2.0 km NE from Contrada Feliciosa (CT);19.86;37.7064;14.9302;12;;350;40;70;274;7;157;76
2023/05/04 22:39:31;2.2;1.6 km SW from Monte Scorsone (CT);4.7;37.7411;15.0533;15;;10;70;120;78;19;318;55
2023/05/04 22:40:59;1.2;1.5 km E from Monte Centenari (CT);4.77;37.7403;15.0514;7;;100;70;-10;58;21;325;7
2023/05/06 19:49:09;0.9;0.3 km W from Monte Scorsone (CT);3.87;37.7477;15.066;9;;130;85;50;251;29;5;37
2023/05/06 19:49:09;0.9;0.3 km W from Monte Scorsone (CT);3.87;37.7477;15.066;9;;335;25;80;253;20;85;69
2023/05/07 01:09:32;1.1;1.3 km W from Monte Scorsone (CT);3.95;37.7496;15.0543;11;;125;70;10;80;7;347;21
2023/05/10 01:52:34;2.1;0.9 km N from San Giovanni Bosco (CT);-1.56;37.6639;15.1638;13;;60;35;-150;251;51;11;22
2023/05/10 01:52:34;2.1;0.9 km N from San Giovanni Bosco (CT);-1.56;37.6639;15.1638;13;;345;90;-140;218;27;112;27
2023/05/10 01:53:54;2.3;0.8 km N from San Giovanni Bosco (CT);-1.57;37.6629;15.1626;13;;50;45;-140;248;55;353;10
2023/05/18 01:22:56;3.3;1.3 km NE from Linera (CT);-1.58;37.6726;15.1493;18;;20;40;-50;15;63;262;11
2023/05/18 14:44:54;1.6;1.4 km NE from M. Frumento Supino (CT);0.95;37.7437;15.0065;11;;50;65;100;133;19;340;68
2023/05/18 14:49:31;1.6;1.4 km SE from Crateri Centrali (CT);0.81;37.7441;15.0058;8;;40;45;90;310;0;206;90
2023/05/18 14:49:31;1.6;1.4 km SE from Crateri Centrali (CT);0.81;37.7441;15.0058;8;;65;80;60;179;29;304;47
2023/05/18 14:50:16;1.9;1.4 km NE from M. Frumento Supino (CT);1.04;37.7427;15.007;12;;25;50;100;108;5;348;81
2023/05/18 14:51:16;1.8;1.4 km NE from M. Frumento Supino (CT);0.74;37.7438;15.0052;14;;15;55;90;105;10;285;80
2023/05/18 14:52:00;1.7;1.5 km NE from M. Frumento Supino (CT);0.76;37.7429;15.0089;13;;5;50;80;102;5;222;81
2023/05/18 14:52:47;1.8;1.4 km NE from M. Frumento Supino (CT);1.16;37.7427;15.0068;10;;55;65;100;138;19;345;68
2023/05/18 14:53:13;1.5;1.3 km SE from Crateri Centrali (CT);0.69;37.7454;15.0063;9;;10;70;30;138;5;232;35
2023/05/18 14:53:13;1.5;1.3 km SE from Crateri Centrali (CT);0.69;37.7454;15.0063;9;;170;70;-80;96;64;252;24
2023/05/18 15:00:29;1.9;1.1 km NE from M. Frumento Supino (CT);1.2;37.7416;15.0047;15;;355;70;80;93;24;249;64
2023/05/18 15:00:29;1.9;1.1 km NE from M. Frumento Supino (CT);1.2;37.7416;15.0047;15;;150;70;30;278;5;12;35
2023/05/18 15:03:02;1.8;1.6 km NE from M. Frumento Supino (CT);1.01;37.7414;15.0119;7;;160;85;100;241;39;81;49
2023/05/18 15:03:02;1.8;1.6 km NE from M. Frumento Supino (CT);1.01;37.7414;15.0119;7;;140;60;50;257;7;357;55
2023/05/18 15:04:05;1.8;1.5 km NE from M. Frumento Supino (CT);0.77;37.7435;15.0078;11;;15;35;90;285;10;105;80
2023/05/18 15:04:05;1.8;1.5 km NE from M. Frumento Supino (CT);0.77;37.7435;15.0078;11;;300;30;20;260;29;132;47
2023/05/18 15:05:22;1.8;1.5 km NE from M. Frumento Supino (CT);1.13;37.7417;15.0104;7;;40;55;150;272;7;8;44
2023/05/18 15:05:22;1.8;1.5 km NE from M. Frumento Supino (CT);1.13;37.7417;15.0104;7;;115;10;-90;205;55;25;35
2023/05/19 01:45:56;1.8;0.6 km SE from Crateri Centrali (CT);-0.21;37.7486;14.999;7;;130;70;140;187;11;87;42
2023/05/25 23:32:35;0.9;1.3 km N from Sant'Alfio (CT);3.5;37.753;15.1452;7;;90;75;-10;47;18;316;4
2023/05/28 04:34:41;2.8;0.8 km SW from Monte Scorsone (CT);4.38;37.7449;15.0616;17;;115;80;10;69;0;339;14
2023/05/28 04:42:13;1.7;1.3 km W from Monte Scorsone (CT);3.76;37.7436;15.0554;16;;130;50;20;84;16;340;40
2023/05/28 04:44:23;3.9;0.9 km W from Monte Scorsone (CT);4.17;37.7493;15.0588;23;;35;85;170;81;3;350;11
2023/05/28 04:48:49;0.9;1.9 km N from Monte Zoccolaro (CT);5.78;37.7324;15.0621;8;;95;75;-10;52;18;321;4
2023/05/28 04:51:37;2.6;1.6 km SW from Monte Scorsone (CT);4.74;37.7383;15.0556;22;;135;40;20;91;23;337;44
2023/05/28 04:53:43;2.1;1.4 km W from Monte Scorsone (CT);2.48;37.746;15.0536;23;;100;5;-10;105;46;295;44
2023/05/28 04:53:43;2.1;1.4 km W from Monte Scorsone (CT);2.48;37.746;15.0536;23;;110;60;10;66;14;328;27
2023/05/28 04:56:07;1.4;0.9 km W from Monte Scorsone (CT);4.85;37.7496;15.0592;14;;200;80;160;248;7;155;21
2023/05/28 05:05:02;2.3;1.6 km E from Monte Centenari (CT);4.54;37.7381;15.0537;15;;15;90;100;95;44;295;44
2023/05/28 05:13:21;1.5;0.8 km SE from Rifugio Citelli (CT);3.25;37.7611;15.0661;12;;40;35;-160;237;46;358;26
2023/05/28 05:16:04;1.7;1.0 km S from Rifugio Citelli (CT);4.15;37.7576;15.0629;9;;65;70;-100;319;64;163;24
2023/05/28 05:18:20;0.9;0.4 km W from Monte Fontane (CT);8.07;37.7404;15.0806;7;;5;80;-180;230;7;320;7
2023/05/28 05:23:39;1.7;0.7 km N from Monte Scorsone (CT);4.27;37.7552;15.0682;8;;30;85;-170;255;11;164;3
2023/05/28 05:40:47;1.3;1.5 km SW from Monte Scorsone (CT);3.96;37.7414;15.054;12;;80;30;-40;84;57;314;23
2023/05/28 06:01:38;0.9;1.2 km E from Monte Centenari (CT);3.6;37.7393;15.0482;10;;125;75;-80;49;59;207;29
2023/05/28 06:02:00;1.2;0.7 km NW from Monte Scorsone (CT);3.26;37.7519;15.0619;12;;310;70;50;68;15;177;49
2023/05/28 06:02:00;1.2;0.7 km NW from Monte Scorsone (CT);3.26;37.7519;15.0619;12;;150;25;90;60;20;240;70
2023/05/28 06:12:04;1.6;1.6 km W from Monte Scorsone (CT);3.94;37.743;15.0517;16;;125;45;10;85;24;336;36
2023/05/28 06:15:40;1.5;1.3 km SW from Monte Scorsone (CT);4.85;37.7406;15.0586;12;;85;25;-10;70;44;295;36
2023/05/28 06:17:35;0.9;1.4 km SW from Monte Scorsone (CT);4.68;37.7373;15.0613;13;;335;80;40;100;19;204;35
2023/05/28 06:17:35;0.9;1.4 km SW from Monte Scorsone (CT);4.68;37.7373;15.0613;13;;150;60;0;109;21;11;21
2023/05/28 06:20:23;1.3;1.3 km W from Monte Scorsone (CT);3.06;37.7448;15.0554;12;;85;45;-20;59;42;310;19
2023/05/28 11:31:01;1;1.2 km SW from Monte Scorsone (CT);4.47;37.7407;15.0595;9;;70;15;-50;107;55;307;33
2023/05/28 15:40:48;1.3;0.9 km W from Crateri Centrali (CT);14.89;37.7519;14.9853;10;;180;35;120;69;13;195;69
2023/05/28 15:47:33;1.2;1.4 km SW from Crateri Centrali (CT);14.99;37.7451;14.983;11;;145;85;-20;99;18;193;10
2023/05/28 15:47:33;1.2;1.4 km SW from Crateri Centrali (CT);14.99;37.7451;14.983;11;;110;20;30;67;33;282;52
2023/05/29 15:01:09;0.8;0.7 km SW from Monte Scorsone (CT);5.64;37.7431;15.0646;7;;300;70;40;63;11;163;42
2023/05/29 15:01:09;0.8;0.7 km SW from Monte Scorsone (CT);5.64;37.7431;15.0646;7;;205;60;-180;66;21;164;21
2023/06/04 16:24:10;2.5;1.8 km E from M. Lepre (CT);17.91;37.757;14.9401;19;;5;80;0;320;7;230;7
2023/06/04 16:24:58;2.3;0.7 km SW from M. Scavo (CT);16.15;37.7685;14.9471;11;;120;55;-170;336;30;77;18
2023/06/04 16:26:01;2.3;1.6 km W from M. Scavo (CT);17.95;37.7805;14.9358;17;;100;80;-180;325;7;55;7
2023/06/04 16:28:21;2.7;1.2 km NE from M. Lepre (CT);17.62;37.7642;14.9311;30;;100;70;-180;323;14;57;14
2023/06/04 16:31:42;1.6;1.2 km N from M. Lepre (CT);17.15;37.7688;14.9229;10;;170;50;-160;20;40;124;16
2023/06/04 16:32:23;2;1.6 km W from M. Scavo (CT);16.52;37.7699;14.9339;15;;0;85;0;315;4;225;4
2023/06/04 16:32:23;2;1.6 km W from M. Scavo (CT);16.52;37.7699;14.9339;15;;0;45;40;303;10;198;55
2023/06/04 16:43:58;2.4;1.3 km SW from M. Scavo (CT);15.98;37.7666;14.9411;37;;95;70;-150;317;35;223;5
2023/06/04 16:59:09;1.9;1.1 km W from Monte Palestra (CT);21.97;37.742;14.9435;25;;95;70;-180;318;14;52;14
2023/06/04 17:10:59;1.7;1.4 km E from M. Lepre (CT);20.78;37.7552;14.9353;7;;110;80;160;158;7;65;21
2023/06/04 17:15:46;2.4;1.9 km NE from M. Lepre (CT);16.28;37.774;14.9277;28;;100;75;-180;324;11;56;11
2023/06/04 17:26:57;1.9;1.8 km W from Monte Palestra (CT);24.16;37.7449;14.9358;12;;45;65;80;142;19;295;68
2023/06/04 17:37:16;2.2;1.8 km E from M. Lepre (CT);21.4;37.7559;14.9406;29;;0;85;0;315;4;225;4
2023/06/04 17:44:09;1.8;2.0 km SW from Monte Palestra (CT);23.6;37.7332;14.9378;20;;95;70;-170;317;21;50;7
2023/06/04 17:50:47;2.7;1.0 km S from M. Lepre (CT);21.47;37.7488;14.9213;27;;345;40;10;307;28;192;38
2023/06/04 18:22:06;2.3;1.2 km E from M. Lepre (CT);18.01;37.762;14.9332;10;;0;85;0;315;4;225;4
2023/06/04 18:38:06;2.4;1.0 km NE from M. Lepre (CT);17.62;37.7622;14.93;28;;250;80;140;305;19;201;35
2023/06/04 18:42:05;2;1.6 km NE from M. Lepre (CT);16.8;37.7687;14.9327;24;;115;45;160;340;19;89;42
2023/06/04 18:44:44;1.9;1.7 km NE from M. Intraleo (CT);20.11;37.7327;14.9315;13;;115;55;-180;334;24;76;24
2023/06/04 19:14:37;1.9;0.7 km SW from M. Denza (CT);24.53;37.7005;14.9634;7;;270;15;40;221;34;65;53
2023/06/04 19:14:37;1.9;0.7 km SW from M. Denza (CT);24.53;37.7005;14.9634;7;;325;30;20;285;29;157;47
2023/06/04 19:14:37;1.9;0.7 km SW from M. Denza (CT);24.53;37.7005;14.9634;7;;135;5;-120;258;49;73;41
2023/06/04 19:19:46;2;1.5 km W from M. Lepre (CT);20.29;37.755;14.9034;20;;260;85;180;125;4;215;4
2023/06/04 19:23:47;2.2;0.3 km NW from M. Lepre (CT);19.3;37.7595;14.9174;22;;350;70;10;305;7;212;21
2023/06/08 14:40:12;1.3;1.1 km NE from Monte Fontane (CT);5.01;37.7466;15.0954;8;;275;80;-20;230;21;323;7
2023/06/08 14:40:12;1.3;1.1 km NE from Monte Fontane (CT);5.01;37.7466;15.0954;8;;70;45;-60;59;69;319;4
2023/06/15 19:21:53;1.8;1.7 km SW from Rifugio Citelli (CT);5;37.7527;15.0496;22;;120;75;-10;77;18;346;4
2023/06/16 04:33:28;2.7;0.5 km NW from Mangano (CT);7.1;37.6809;15.168;20;;60;70;160;288;1;19;28
2023/06/16 04:33:28;2.7;0.5 km NW from Mangano (CT);7.1;37.6809;15.168;20;;350;45;40;293;10;188;55
2023/06/21 16:56:32;1.6;1.1 km N from M. Denza (CT);9.49;37.7158;14.9634;10;;125;50;10;83;21;339;33
2023/06/23 22:47:41;1.5;0.6 km SW from Milo (CT);5.4;37.7191;15.1116;12;;20;25;-20;13;48;238;33
2023/06/23 22:52:11;1.1;1.8 km SW from Milo (CT);6.07;37.7101;15.1023;8;;140;70;-20;99;28;8;1
2023/06/24 11:48:31;1.9;0.8 km NW from Monte Fontane (CT);4.58;37.7436;15.0777;14;;10;60;120;79;10;329;62
2023/06/25 21:59:17;1.1;1.9 km E from Monte Fontane (CT);3.66;37.7403;15.1074;11;;115;40;-20;93;44;339;23
2023/06/27 16:26:32;1.4;0.7 km NE from Zafferana Etnea (CT);3.04;37.695;15.1117;8;;340;85;-50;285;37;39;29
2023/06/27 16:26:32;1.4;0.7 km NE from Zafferana Etnea (CT);3.04;37.695;15.1117;8;;50;65;-120;277;59;161;15
2023/06/27 16:27:15;1.4;0.8 km E from Zafferana Etnea (CT);3.3;37.6911;15.1146;7;;115;30;-100;231;74;32;15
2023/06/27 16:27:45;1.9;1.1 km SE from Zafferana Etnea (CT);5.16;37.6864;15.1147;7;;60;65;150;112;1;21;38
2023/06/27 16:28:16;1.9;0.6 km SE from Zafferana Etnea (CT);5.76;37.6888;15.1106;10;;165;80;40;290;19;34;35
2023/06/27 16:34:24;1.1;0.9 km E from Zafferana Etnea (CT);3.18;37.6889;15.114;8;;85;40;-110;252;76;9;7
2023/06/27 22:12:46;3.1;1.5 km N from Zafferana Etnea (CT);2.29;37.7058;15.1045;34;;155;85;30;285;17;23;24
2023/06/27 22:40:52;1.5;1.5 km SE from Zafferana Etnea (CT);6.66;37.6834;15.1179;7;;315;85;0;270;4;180;4
2023/06/29 17:29:21;2;0.7 km NE from Zafferana Etnea (CT);2.71;37.6981;15.1077;11;;225;85;180;90;4;180;4
2023/06/29 18:54:34;2.5;1.1 km N from Zafferana Etnea (CT);3.08;37.7021;15.103;18;;315;85;20;87;10;181;18
2023/06/29 19:00:53;2.1;1.2 km N from Zafferana Etnea (CT);2.92;37.7025;15.1052;17;;70;85;140;124;23;19;31
2023/06/29 19:00:53;2.1;1.2 km N from Zafferana Etnea (CT);2.92;37.7025;15.1052;17;;335;85;0;290;4;200;4
2023/06/29 20:08:19;2.9;0.7 km N from Zafferana Etnea (CT);2.77;37.6984;15.1043;26;;335;90;-10;290;7;20;7
2023/06/29 20:19:43;2.1;1.4 km SE from Zafferana Etnea (CT);10.4;37.6811;15.1129;18;;165;80;0;120;7;30;7
2023/06/29 20:19:43;2.1;1.4 km SE from Zafferana Etnea (CT);10.4;37.6811;15.1129;18;;30;65;80;127;19;280;68
2023/07/02 19:22:53;0.9;1.1 km S from Monte Scorsone (CT);2.39;37.7394;15.0663;10;;320;70;40;83;11;183;42
2023/07/02 19:22:53;0.9;1.1 km S from Monte Scorsone (CT);2.39;37.7394;15.0663;10;;140;40;-10;113;38;358;28
2023/07/02 19:22:53;0.9;1.1 km S from Monte Scorsone (CT);2.39;37.7394;15.0663;10;;115;70;40;238;11;338;42
2023/07/03 02:03:38;1.1;0.9 km N from Monte Scorsone (CT);3.83;37.7562;15.071;8;;125;65;20;77;5;344;31
2023/07/03 04:00:18;1.3;0.5 km NW from Monte Scorsone (CT);4.21;37.7512;15.0648;10;;100;75;0;56;11;324;11
2023/07/05 04:07:11;4.1;4.6 km S from Cesarò (ME);22.25;37.8024;14.727;37;;85;50;150;316;11;58;46
2023/07/06 20:10:41;1.1;1.2 km E from Monte Centenari (CT);3.13;37.7361;15.0497;8;;250;70;-70;189;60;325;22
2023/07/06 20:10:41;1.1;1.2 km E from Monte Centenari (CT);3.13;37.7361;15.0497;8;;190;65;-100;80;68;287;19
2023/07/06 20:10:41;1.1;1.2 km E from Monte Centenari (CT);3.13;37.7361;15.0497;8;;80;75;-20;37;25;128;3
2023/07/06 20:10:41;1.1;1.2 km E from Monte Centenari (CT);3.13;37.7361;15.0497;8;;175;50;180;32;27;138;27
