id,name,type,lat,lon,region,catalog_status,evaluation_mode,event_time,magnitude,magnitude_label
S1237b,S1237b,InSight-site catalog event,4.5024,135.6234,Elysium Southwest,Reviewed,Manual,2022-05-20 23:37:51.098952 UTC,,Magnitude not reported
S1237a,S1237a,InSight-site catalog event,4.5024,135.6234,Elysium Southwest,Reviewed,Manual,2022-05-20 23:08:41.115997 UTC,2.6,MW 2.6
S1235a,S1235a,InSight-site catalog event,4.5024,135.6234,Elysium Southwest,Reviewed,Manual,2022-05-18 19:45:44.84616 UTC,2.7,MW 2.7
S1223a,S1223a,InSight-site catalog event,4.5024,135.6234,Elysium Southwest,Preliminary,Manual,2022-05-06 09:01:56.031485 UTC,2.9,MW 2.9
S1197a,S1197a,InSight-site catalog event,4.5024,135.6234,Elysium Southwest,Reviewed,Manual,2022-04-09 22:05:52.41687 UTC,3.6,MW 3.6
S1193a,S1193a,InSight-site catalog event,4.5024,135.6234,Elysium Southwest,Reviewed,Manual,2022-04-05 15:37:13.105278 UTC,,Magnitude not reported
S1192a,S1192a,InSight-site catalog event,4.5024,135.6234,Elysium Southwest,Reviewed,Manual,2022-04-04 23:06:52.616746 UTC,2.0,MW 2.0
T1192a,T1192a,InSight-site catalog event,4.5024,135.6234,Unspecified,Preliminary,Automatic,2022-04-04 19:02:58.426 UTC,,Magnitude not reported
T1187a,T1187a,InSight-site catalog event,4.5024,135.6234,Unspecified,Preliminary,Automatic,2022-03-30 20:03:12.767 UTC,,Magnitude not reported
T1186a,T1186a,InSight-site catalog event,4.5024,135.6234,Unspecified,Preliminary,Automatic,2022-03-29 12:26:53.867 UTC,,Magnitude not reported
T1185a,T1185a,InSight-site catalog event,4.5024,135.6234,Unspecified,Preliminary,Automatic,2022-03-28 11:49:27.167 UTC,,Magnitude not reported
S1184a,S1184a,InSight-site catalog event,4.5024,135.6234,Elysium Southwest,Reviewed,Manual,2022-03-27 17:10:23.699469 UTC,,Magnitude not reported
T1181a,T1181a,InSight-site catalog event,4.5024,135.6234,Unspecified,Preliminary,Automatic,2022-03-24 09:08:42.317 UTC,,Magnitude not reported
T1180a,T1180a,InSight-site catalog event,4.5024,135.6234,Unspecified,Preliminary,Automatic,2022-03-23 08:10:45.91 UTC,,Magnitude not reported
T1178a,T1178a,InSight-site catalog event,4.5024,135.6234,Unspecified,Preliminary,Automatic,2022-03-21 07:04:10.321 UTC,,Magnitude not reported
S1177a,S1177a,InSight-site catalog event,4.5024,135.6234,Elysium Southwest,Reviewed,Manual,2022-03-20 07:40:49.671332 UTC,,Magnitude not reported
T1176a,T1176a,InSight-site catalog event,4.5024,135.6234,Unspecified,Preliminary,Automatic,2022-03-19 05:33:21.821 UTC,,Magnitude not reported
S1175a,S1175a,InSight-site catalog event,4.5024,135.6234,Elysium Southwest,Reviewed,Manual,2022-03-18 12:10:04.677241 UTC,,Magnitude not reported
T1175b,T1175b,InSight-site catalog event,4.5024,135.6234,Unspecified,Preliminary,Automatic,2022-03-18 05:06:52.471 UTC,,Magnitude not reported
T1175a,T1175a,InSight-site catalog event,4.5024,135.6234,Unspecified,Preliminary,Automatic,2022-03-17 23:03:28.621 UTC,,Magnitude not reported
T1174a,T1174a,InSight-site catalog event,4.5024,135.6234,Unspecified,Preliminary,Automatic,2022-03-17 04:09:16.945 UTC,,Magnitude not reported
T1173a,T1173a,InSight-site catalog event,4.5024,135.6234,Unspecified,Preliminary,Automatic,2022-03-16 03:21:23.695 UTC,,Magnitude not reported
T1172a,T1172a,InSight-site catalog event,4.5024,135.6234,Unspecified,Preliminary,Automatic,2022-03-15 02:59:13.295 UTC,,Magnitude not reported
S1171c,S1171c,InSight-site catalog event,4.5024,135.6234,Elysium Southwest,Reviewed,Manual,2022-03-14 06:08:38.788798 UTC,2.0,MW 2.0
S1171b,S1171b,InSight-site catalog event,4.5024,135.6234,Elysium Southwest,Reviewed,Manual,2022-03-14 05:15:37.311062 UTC,1.5,MW 1.5
S1171a,S1171a,InSight-site catalog event,4.5024,135.6234,Elysium Southwest,Reviewed,Manual,2022-03-14 04:58:09.838975 UTC,,Magnitude not reported
T1171a,T1171a,InSight-site catalog event,4.5024,135.6234,Unspecified,Preliminary,Automatic,2022-03-14 01:55:05.607 UTC,,Magnitude not reported
T1170b,T1170b,InSight-site catalog event,4.5024,135.6234,Unspecified,Preliminary,Automatic,2022-03-13 04:10:41.257 UTC,,Magnitude not reported
T1170a,T1170a,InSight-site catalog event,4.5024,135.6234,Unspecified,Preliminary,Automatic,2022-03-13 01:19:56.207 UTC,,Magnitude not reported
S1168a,S1168a,InSight-site catalog event,4.5024,135.6234,Elysium Southwest,Reviewed,Manual,2022-03-11 01:47:38.342295 UTC,2.1,MW 2.1
T1167a,T1167a,InSight-site catalog event,4.5024,135.6234,Unspecified,Preliminary,Automatic,2022-03-09 21:35:22.692 UTC,,Magnitude not reported
S1166b,S1166b,InSight-site catalog event,4.5024,135.6234,Elysium Southwest,Reviewed,Manual,2022-03-09 05:56:49.21622 UTC,2.0,MW 2.0
S1165a,S1165a,InSight-site catalog event,4.5024,135.6234,Elysium Southwest,Reviewed,Manual,2022-03-08 01:55:08.234213 UTC,1.8,MW 1.8
S1163a,S1163a,InSight-site catalog event,4.5024,135.6234,Elysium Southwest,Reviewed,Manual,2022-03-06 02:29:13.668752 UTC,2.1,MW 2.1
T1163a,T1163a,InSight-site catalog event,4.5024,135.6234,Unspecified,Preliminary,Automatic,2022-03-05 23:34:24.969 UTC,,Magnitude not reported
S1162a,S1162a,InSight-site catalog event,4.5024,135.6234,Elysium Southwest,Reviewed,Manual,2022-03-05 02:38:29.177919 UTC,,Magnitude not reported
T1162a,T1162a,InSight-site catalog event,4.5024,135.6234,Unspecified,Preliminary,Automatic,2022-03-04 22:42:56.519 UTC,,Magnitude not reported
T1161a,T1161a,InSight-site catalog event,4.5024,135.6234,Unspecified,Preliminary,Automatic,2022-03-03 22:54:19.119 UTC,,Magnitude not reported
T1160a,T1160a,InSight-site catalog event,4.5024,135.6234,Unspecified,Preliminary,Automatic,2022-03-02 18:12:50.619 UTC,,Magnitude not reported
S1160a,S1160a,InSight-site catalog event,4.5024,135.6234,Elysium Southwest,Reviewed,Manual,2022-03-02 06:51:40.637485 UTC,1.9,MW 1.9
T1159a,T1159a,InSight-site catalog event,4.5024,135.6234,Unspecified,Preliminary,Automatic,2022-03-01 21:27:37.427 UTC,,Magnitude not reported
S1157d,S1157d,InSight-site catalog event,4.5024,135.6234,Elysium Southwest,Reviewed,Manual,2022-02-27 20:19:25.816702 UTC,,Magnitude not reported
T1157a,T1157a,InSight-site catalog event,4.5024,135.6234,Unspecified,Preliminary,Automatic,2022-02-27 19:57:06.827 UTC,,Magnitude not reported
S1157c,S1157c,InSight-site catalog event,4.5024,135.6234,Elysium Southwest,Preliminary,Manual,2022-02-27 04:41:25.40876 UTC,,Magnitude not reported
S1157b,S1157b,InSight-site catalog event,4.5024,135.6234,Elysium Southwest,Preliminary,Manual,2022-02-27 02:35:12.141756 UTC,,Magnitude not reported
S1157a,S1157a,InSight-site catalog event,4.5024,135.6234,Elysium Southwest,Reviewed,Manual,2022-02-27 01:02:36.620313 UTC,3.8,MW 3.8
S1156b,S1156b,InSight-site catalog event,4.5024,135.6234,Elysium Southwest,Reviewed,Manual,2022-02-26 23:13:47.27946 UTC,,Magnitude not reported
T1156a,T1156a,InSight-site catalog event,4.5024,135.6234,Unspecified,Preliminary,Automatic,2022-02-26 19:24:56.727 UTC,,Magnitude not reported
S1156a,S1156a,InSight-site catalog event,4.5024,135.6234,Elysium Southwest,Reviewed,Manual,2022-02-26 19:07:56.059846 UTC,,Magnitude not reported
T1155c,T1155c,InSight-site catalog event,4.5024,135.6234,Unspecified,Preliminary,Automatic,2022-02-25 22:10:01.927 UTC,,Magnitude not reported
T1155b,T1155b,InSight-site catalog event,4.5024,135.6234,Unspecified,Preliminary,Automatic,2022-02-25 17:50:19.977 UTC,,Magnitude not reported
T1155a,T1155a,InSight-site catalog event,4.5024,135.6234,Unspecified,Preliminary,Automatic,2022-02-25 15:00:54.427 UTC,,Magnitude not reported
T1154b,T1154b,InSight-site catalog event,4.5024,135.6234,Unspecified,Preliminary,Automatic,2022-02-24 17:50:35.908 UTC,,Magnitude not reported
T1154a,T1154a,InSight-site catalog event,4.5024,135.6234,Unspecified,Preliminary,Automatic,2022-02-24 14:16:41.258 UTC,,Magnitude not reported
S1153a,S1153a,InSight-site catalog event,4.5024,135.6234,Elysium Southwest,Reviewed,Manual,2022-02-23 21:00:32.548262 UTC,3.0,MW 3.0
T1153c,T1153c,InSight-site catalog event,4.5024,135.6234,Unspecified,Preliminary,Automatic,2022-02-23 16:38:34.258 UTC,,Magnitude not reported
T1153b,T1153b,InSight-site catalog event,4.5024,135.6234,Unspecified,Preliminary,Automatic,2022-02-23 14:47:10.658 UTC,,Magnitude not reported
T1153a,T1153a,InSight-site catalog event,4.5024,135.6234,Unspecified,Preliminary,Automatic,2022-02-23 13:51:56.258 UTC,,Magnitude not reported
T1152a,T1152a,InSight-site catalog event,4.5024,135.6234,Unspecified,Preliminary,Automatic,2022-02-22 12:59:43.217 UTC,,Magnitude not reported
S1151b,S1151b,InSight-site catalog event,4.5024,135.6234,Elysium Southwest,Reviewed,Manual,2022-02-21 16:30:51.353286 UTC,1.8,MW 1.8
S1151a,S1151a,InSight-site catalog event,4.5024,135.6234,Elysium Southwest,Reviewed,Manual,2022-02-21 13:37:49.474644 UTC,,Magnitude not reported
T1151a,T1151a,InSight-site catalog event,4.5024,135.6234,Unspecified,Preliminary,Automatic,2022-02-21 12:23:01.067 UTC,,Magnitude not reported
T1150a,T1150a,InSight-site catalog event,4.5024,135.6234,Unspecified,Preliminary,Automatic,2022-02-20 11:52:15.817 UTC,,Magnitude not reported
S1149a,S1149a,InSight-site catalog event,4.5024,135.6234,Elysium Southwest,Reviewed,Manual,2022-02-19 17:55:32.930969 UTC,2.1,MW 2.1
T1149b,T1149b,InSight-site catalog event,4.5024,135.6234,Unspecified,Preliminary,Automatic,2022-02-19 15:18:42.028 UTC,,Magnitude not reported
T1149a,T1149a,InSight-site catalog event,4.5024,135.6234,Unspecified,Preliminary,Automatic,2022-02-19 10:59:34.078 UTC,,Magnitude not reported
S1148b,S1148b,InSight-site catalog event,4.5024,135.6234,Elysium Southwest,Reviewed,Manual,2022-02-18 17:54:02.315339 UTC,,Magnitude not reported
S1148a,S1148a,InSight-site catalog event,4.5024,135.6234,Elysium Southwest,Reviewed,Manual,2022-02-18 16:36:42.757753 UTC,1.9,MW 1.9
T1148a,T1148a,InSight-site catalog event,4.5024,135.6234,Unspecified,Preliminary,Automatic,2022-02-18 10:16:25.228 UTC,,Magnitude not reported
T1147c,T1147c,InSight-site catalog event,4.5024,135.6234,Unspecified,Preliminary,Automatic,2022-02-17 16:43:18.828 UTC,,Magnitude not reported
T1147b,T1147b,InSight-site catalog event,4.5024,135.6234,Unspecified,Preliminary,Automatic,2022-02-17 09:45:51.578 UTC,,Magnitude not reported
T1147a,T1147a,InSight-site catalog event,4.5024,135.6234,Unspecified,Preliminary,Automatic,2022-02-17 08:21:19.828 UTC,,Magnitude not reported
S1146a,S1146a,InSight-site catalog event,4.5024,135.6234,Elysium Southwest,Reviewed,Manual,2022-02-16 13:41:14.918181 UTC,,Magnitude not reported
T1146a,T1146a,InSight-site catalog event,4.5024,135.6234,Unspecified,Preliminary,Automatic,2022-02-16 08:57:09.428 UTC,,Magnitude not reported
T1145a,T1145a,InSight-site catalog event,4.5024,135.6234,Unspecified,Preliminary,Automatic,2022-02-15 08:29:05.928 UTC,,Magnitude not reported
T1144b,T1144b,InSight-site catalog event,4.5024,135.6234,Unspecified,Preliminary,Automatic,2022-02-14 10:59:14.682 UTC,,Magnitude not reported
S1144a,S1144a,InSight-site catalog event,4.5024,135.6234,Elysium Southwest,Reviewed,Manual,2022-02-14 08:08:49.527418 UTC,,Magnitude not reported
T1144a,T1144a,InSight-site catalog event,4.5024,135.6234,Unspecified,Preliminary,Automatic,2022-02-14 07:48:56.032 UTC,,Magnitude not reported
T1143b,T1143b,InSight-site catalog event,4.5024,135.6234,Unspecified,Preliminary,Automatic,2022-02-13 10:22:22.432 UTC,,Magnitude not reported
T1143a,T1143a,InSight-site catalog event,4.5024,135.6234,Unspecified,Preliminary,Automatic,2022-02-13 07:11:29.682 UTC,,Magnitude not reported
S1143a,S1143a,InSight-site catalog event,4.5024,135.6234,Elysium Southwest,Reviewed,Manual,2022-02-13 06:37:30.057436 UTC,1.7,MW 1.7
T1142b,T1142b,InSight-site catalog event,4.5024,135.6234,Unspecified,Preliminary,Automatic,2022-02-12 12:44:18.382 UTC,,Magnitude not reported
T1142a,T1142a,InSight-site catalog event,4.5024,135.6234,Unspecified,Preliminary,Automatic,2022-02-12 09:25:57.282 UTC,,Magnitude not reported
T1140b,T1140b,InSight-site catalog event,4.5024,135.6234,Unspecified,Preliminary,Automatic,2022-02-10 08:14:39.632 UTC,,Magnitude not reported
T1140a,T1140a,InSight-site catalog event,4.5024,135.6234,Unspecified,Preliminary,Automatic,2022-02-10 05:01:41.282 UTC,,Magnitude not reported
T1139b,T1139b,InSight-site catalog event,4.5024,135.6234,Unspecified,Preliminary,Automatic,2022-02-09 07:33:52.408 UTC,,Magnitude not reported
T1139a,T1139a,InSight-site catalog event,4.5024,135.6234,Unspecified,Preliminary,Automatic,2022-02-09 04:37:18.008 UTC,,Magnitude not reported
S1138b,S1138b,InSight-site catalog event,4.5024,135.6234,Elysium Southwest,Reviewed,Manual,2022-02-08 10:24:00.043775 UTC,,Magnitude not reported
S1138a,S1138a,InSight-site catalog event,4.5024,135.6234,Elysium Southwest,Reviewed,Manual,2022-02-08 05:12:16.352747 UTC,,Magnitude not reported
T1138a,T1138a,InSight-site catalog event,4.5024,135.6234,Unspecified,Preliminary,Automatic,2022-02-08 03:45:14.708 UTC,,Magnitude not reported
S1138c,S1138c,InSight-site catalog event,4.5024,135.6234,Elysium Southwest,Reviewed,Manual,2022-02-07 12:41:49.687458 UTC,1.9,MW 1.9
S1137b,S1137b,InSight-site catalog event,4.5024,135.6234,Elysium Southwest,Reviewed,Manual,2022-02-07 10:33:40.295458 UTC,1.8,MW 1.8
S1137a,S1137a,InSight-site catalog event,4.5024,135.6234,Elysium Southwest,Reviewed,Manual,2022-02-07 09:36:05.955917 UTC,,Magnitude not reported
T1137a,T1137a,InSight-site catalog event,4.5024,135.6234,Unspecified,Preliminary,Automatic,2022-02-07 05:39:57.058 UTC,,Magnitude not reported
S1136a,S1136a,InSight-site catalog event,4.5024,135.6234,Elysium Southwest,Reviewed,Manual,2022-02-06 10:16:50.893425 UTC,1.9,MW 1.9
T1136a,T1136a,InSight-site catalog event,4.5024,135.6234,Unspecified,Preliminary,Automatic,2022-02-06 02:42:39.358 UTC,,Magnitude not reported
S1135e,S1135e,InSight-site catalog event,4.5024,135.6234,Elysium Southwest,Reviewed,Manual,2022-02-05 08:25:37.384126 UTC,,Magnitude not reported
S1135d,S1135d,InSight-site catalog event,4.5024,135.6234,Elysium Southwest,Reviewed,Manual,2022-02-05 07:18:37.068768 UTC,1.9,MW 1.9
S1135f,S1135f,InSight-site catalog event,4.5024,135.6234,Elysium Southwest,Reviewed,Manual,2022-02-05 05:14:31.510119 UTC,,Magnitude not reported
T1135a,T1135a,InSight-site catalog event,4.5024,135.6234,Unspecified,Preliminary,Automatic,2022-02-05 04:53:47.708 UTC,,Magnitude not reported
S1135c,S1135c,InSight-site catalog event,4.5024,135.6234,Elysium Southwest,Reviewed,Manual,2022-02-05 04:34:04.201673 UTC,1.5,MW 1.5
S1135b,S1135b,InSight-site catalog event,4.5024,135.6234,Elysium Southwest,Reviewed,Manual,2022-02-05 03:06:20.193076 UTC,,Magnitude not reported
S1135a,S1135a,InSight-site catalog event,4.5024,135.6234,Elysium Southwest,Reviewed,Manual,2022-02-05 00:56:41.186063 UTC,,Magnitude not reported
T1134d,T1134d,InSight-site catalog event,4.5024,135.6234,Unspecified,Preliminary,Automatic,2022-02-04 08:21:24.879 UTC,,Magnitude not reported
T1134c,T1134c,InSight-site catalog event,4.5024,135.6234,Unspecified,Preliminary,Automatic,2022-02-04 04:49:38.829 UTC,,Magnitude not reported
S1134c,S1134c,InSight-site catalog event,4.5024,135.6234,Elysium Southwest,Reviewed,Manual,2022-02-04 03:37:26.526018 UTC,1.8,MW 1.8
S1134b,S1134b,InSight-site catalog event,4.5024,135.6234,Elysium Southwest,Reviewed,Manual,2022-02-04 02:53:45.608804 UTC,1.7,MW 1.7
T1134b,T1134b,InSight-site catalog event,4.5024,135.6234,Unspecified,Preliminary,Automatic,2022-02-04 01:42:36.429 UTC,,Magnitude not reported
T1134a,T1134a,InSight-site catalog event,4.5024,135.6234,Unspecified,Preliminary,Automatic,2022-02-04 01:14:24.029 UTC,,Magnitude not reported
S1134a,S1134a,InSight-site catalog event,4.5024,135.6234,Elysium Southwest,Reviewed,Manual,2022-02-03 09:54:15.92368 UTC,,Magnitude not reported
S1133b,S1133b,InSight-site catalog event,4.5024,135.6234,Elysium Southwest,Reviewed,Manual,2022-02-03 05:54:11.154068 UTC,1.9,MW 1.9
T1133c,T1133c,InSight-site catalog event,4.5024,135.6234,Unspecified,Preliminary,Automatic,2022-02-03 05:25:27.129 UTC,,Magnitude not reported
S1133a,S1133a,InSight-site catalog event,4.5024,135.6234,Elysium Southwest,Reviewed,Manual,2022-02-03 04:50:55.708284 UTC,,Magnitude not reported
T1133b,T1133b,InSight-site catalog event,4.5024,135.6234,Unspecified,Preliminary,Automatic,2022-02-03 03:12:56.729 UTC,,Magnitude not reported
T1133a,T1133a,InSight-site catalog event,4.5024,135.6234,Unspecified,Preliminary,Automatic,2022-02-03 01:55:45.729 UTC,,Magnitude not reported
T1132b,T1132b,InSight-site catalog event,4.5024,135.6234,Unspecified,Preliminary,Automatic,2022-02-02 03:28:08.279 UTC,,Magnitude not reported
T1132a,T1132a,InSight-site catalog event,4.5024,135.6234,Unspecified,Preliminary,Automatic,2022-02-02 00:09:41.879 UTC,,Magnitude not reported
S1132a,S1132a,InSight-site catalog event,4.5024,135.6234,Elysium Southwest,Reviewed,Manual,2022-02-01 08:32:26.427681 UTC,2.2,MW 2.2
S1131c,S1131c,InSight-site catalog event,4.5024,135.6234,Elysium Southwest,Reviewed,Manual,2022-02-01 03:48:26.83923 UTC,,Magnitude not reported
T1131b,T1131b,InSight-site catalog event,4.5024,135.6234,Unspecified,Preliminary,Automatic,2022-02-01 02:57:44.929 UTC,,Magnitude not reported
T1131a,T1131a,InSight-site catalog event,4.5024,135.6234,Unspecified,Preliminary,Automatic,2022-02-01 02:20:07.229 UTC,,Magnitude not reported
S1131b,S1131b,InSight-site catalog event,4.5024,135.6234,Elysium Southwest,Reviewed,Manual,2022-02-01 01:00:13.490547 UTC,,Magnitude not reported
S1131a,S1131a,InSight-site catalog event,4.5024,135.6234,Elysium Southwest,Reviewed,Manual,2022-02-01 00:08:17.434493 UTC,,Magnitude not reported
T1130c,T1130c,InSight-site catalog event,4.5024,135.6234,Unspecified,Preliminary,Automatic,2022-01-31 01:40:34.879 UTC,,Magnitude not reported
S1130a,S1130a,InSight-site catalog event,4.5024,135.6234,Elysium Southwest,Reviewed,Manual,2022-01-31 00:52:17.047177 UTC,,Magnitude not reported
T1130b,T1130b,InSight-site catalog event,4.5024,135.6234,Unspecified,Preliminary,Automatic,2022-01-30 22:38:46.679 UTC,,Magnitude not reported
T1130a,T1130a,InSight-site catalog event,4.5024,135.6234,Unspecified,Preliminary,Automatic,2022-01-30 21:55:28.079 UTC,,Magnitude not reported
S1129a,S1129a,InSight-site catalog event,4.5024,135.6234,Elysium Southwest,Reviewed,Manual,2022-01-30 05:10:38.578688 UTC,1.8,MW 1.8
T1129b,T1129b,InSight-site catalog event,4.5024,135.6234,Unspecified,Preliminary,Automatic,2022-01-30 03:19:43.07 UTC,,Magnitude not reported
T1129a,T1129a,InSight-site catalog event,4.5024,135.6234,Unspecified,Preliminary,Automatic,2022-01-30 01:44:09.12 UTC,,Magnitude not reported
S1106a,S1106a,InSight-site catalog event,4.5024,135.6234,Elysium Southwest,Reviewed,Manual,2022-01-06 14:53:18.310024 UTC,2.2,MW 2.2
T1106b,T1106b,InSight-site catalog event,4.5024,135.6234,Unspecified,Preliminary,Automatic,2022-01-06 10:11:34.799 UTC,,Magnitude not reported
T1106a,T1106a,InSight-site catalog event,4.5024,135.6234,Unspecified,Preliminary,Automatic,2022-01-06 08:53:21.499 UTC,,Magnitude not reported
S1105d,S1105d,InSight-site catalog event,4.5024,135.6234,Elysium Southwest,Reviewed,Manual,2022-01-05 10:14:26.598864 UTC,1.8,MW 1.8
S1105c,S1105c,InSight-site catalog event,4.5024,135.6234,Elysium Southwest,Reviewed,Manual,2022-01-05 09:05:02.235771 UTC,1.8,MW 1.8
T1105a,T1105a,InSight-site catalog event,4.5024,135.6234,Unspecified,Preliminary,Automatic,2022-01-05 08:34:00.749 UTC,,Magnitude not reported
S1105b,S1105b,InSight-site catalog event,4.5024,135.6234,Elysium Southwest,Reviewed,Manual,2022-01-05 08:23:53.19083 UTC,1.9,MW 1.9
S1105a,S1105a,InSight-site catalog event,4.5024,135.6234,Elysium Southwest,Reviewed,Manual,2022-01-05 07:59:04.008824 UTC,1.9,MW 1.9
S1104c,S1104c,InSight-site catalog event,4.5024,135.6234,Elysium Southwest,Reviewed,Manual,2022-01-04 10:20:48.451681 UTC,1.9,MW 1.9
S1104b,S1104b,InSight-site catalog event,4.5024,135.6234,Elysium Southwest,Reviewed,Manual,2022-01-04 10:04:41.418305 UTC,,Magnitude not reported
T1104d,T1104d,InSight-site catalog event,4.5024,135.6234,Unspecified,Preliminary,Automatic,2022-01-04 08:30:27.076 UTC,,Magnitude not reported
T1104c,T1104c,InSight-site catalog event,4.5024,135.6234,Unspecified,Preliminary,Automatic,2022-01-04 08:12:08.176 UTC,,Magnitude not reported
T1104b,T1104b,InSight-site catalog event,4.5024,135.6234,Unspecified,Preliminary,Automatic,2022-01-04 08:07:12.876 UTC,,Magnitude not reported
T1104a,T1104a,InSight-site catalog event,4.5024,135.6234,Unspecified,Preliminary,Automatic,2022-01-04 07:06:59.326 UTC,,Magnitude not reported
S1104a,S1104a,InSight-site catalog event,4.5024,135.6234,Elysium Southwest,Reviewed,Manual,2022-01-04 06:55:49.995725 UTC,,Magnitude not reported
S1103b,S1103b,InSight-site catalog event,4.5024,135.6234,Elysium Southwest,Reviewed,Manual,2022-01-03 12:04:57.990541 UTC,,Magnitude not reported
S1103a,S1103a,InSight-site catalog event,4.5024,135.6234,Elysium Southwest,Reviewed,Manual,2022-01-03 11:29:00.240378 UTC,,Magnitude not reported
T1103d,T1103d,InSight-site catalog event,4.5024,135.6234,Unspecified,Preliminary,Automatic,2022-01-03 09:01:08.376 UTC,,Magnitude not reported
T1103c,T1103c,InSight-site catalog event,4.5024,135.6234,Unspecified,Preliminary,Automatic,2022-01-03 07:55:08.826 UTC,,Magnitude not reported
T1103b,T1103b,InSight-site catalog event,4.5024,135.6234,Unspecified,Preliminary,Automatic,2022-01-03 07:19:20.626 UTC,,Magnitude not reported
T1103a,T1103a,InSight-site catalog event,4.5024,135.6234,Unspecified,Preliminary,Automatic,2022-01-03 07:11:31.526 UTC,,Magnitude not reported
T1102e,T1102e,InSight-site catalog event,4.5024,135.6234,Unspecified,Preliminary,Automatic,2022-01-02 08:58:38.276 UTC,,Magnitude not reported
T1102d,T1102d,InSight-site catalog event,4.5024,135.6234,Unspecified,Preliminary,Automatic,2022-01-02 08:01:42.926 UTC,,Magnitude not reported
S1102b,S1102b,InSight-site catalog event,4.5024,135.6234,Elysium Southwest,Reviewed,Manual,2022-01-02 07:41:13.320193 UTC,,Magnitude not reported
T1102c,T1102c,InSight-site catalog event,4.5024,135.6234,Unspecified,Preliminary,Automatic,2022-01-02 07:33:02.826 UTC,,Magnitude not reported
T1102b,T1102b,InSight-site catalog event,4.5024,135.6234,Unspecified,Preliminary,Automatic,2022-01-02 06:59:35.426 UTC,,Magnitude not reported
T1102a,T1102a,InSight-site catalog event,4.5024,135.6234,Unspecified,Preliminary,Automatic,2022-01-02 06:45:04.776 UTC,,Magnitude not reported
T1101c,T1101c,InSight-site catalog event,4.5024,135.6234,Unspecified,Preliminary,Automatic,2022-01-01 08:48:59.726 UTC,,Magnitude not reported
T1101b,T1101b,InSight-site catalog event,4.5024,135.6234,Unspecified,Preliminary,Automatic,2022-01-01 06:18:36.226 UTC,,Magnitude not reported
S1101a,S1101a,InSight-site catalog event,4.5024,135.6234,Elysium Southwest,Reviewed,Manual,2022-01-01 06:09:48.711271 UTC,1.9,MW 1.9
T1101a,T1101a,InSight-site catalog event,4.5024,135.6234,Unspecified,Preliminary,Automatic,2022-01-01 03:29:58.326 UTC,,Magnitude not reported
S1100b,S1100b,InSight-site catalog event,4.5024,135.6234,Elysium Southwest,Reviewed,Manual,2021-12-31 06:50:44.84165 UTC,1.9,MW 1.9
T1100c,T1100c,InSight-site catalog event,4.5024,135.6234,Unspecified,Preliminary,Automatic,2021-12-31 05:50:42.276 UTC,,Magnitude not reported
T1100b,T1100b,InSight-site catalog event,4.5024,135.6234,Unspecified,Preliminary,Automatic,2021-12-31 05:33:06.626 UTC,,Magnitude not reported
T1100a,T1100a,InSight-site catalog event,4.5024,135.6234,Unspecified,Preliminary,Automatic,2021-12-31 05:07:08.926 UTC,,Magnitude not reported
S1100a,S1100a,InSight-site catalog event,4.5024,135.6234,Elysium Southwest,Reviewed,Manual,2021-12-31 05:00:20.69165 UTC,,Magnitude not reported
T1099c,T1099c,InSight-site catalog event,4.5024,135.6234,Unspecified,Preliminary,Automatic,2021-12-30 05:46:54.008 UTC,,Magnitude not reported
T1099b,T1099b,InSight-site catalog event,4.5024,135.6234,Unspecified,Preliminary,Automatic,2021-12-30 05:12:49.758 UTC,,Magnitude not reported
T1099a,T1099a,InSight-site catalog event,4.5024,135.6234,Unspecified,Preliminary,Automatic,2021-12-30 04:40:57.108 UTC,,Magnitude not reported
S1099a,S1099a,InSight-site catalog event,4.5024,135.6234,Elysium Southwest,Reviewed,Manual,2021-12-29 10:27:45.873548 UTC,,Magnitude not reported
S1098b,S1098b,InSight-site catalog event,4.5024,135.6234,Elysium Southwest,Reviewed,Manual,2021-12-29 08:34:04.028786 UTC,2.1,MW 2.1
S1098a,S1098a,InSight-site catalog event,4.5024,135.6234,Elysium Southwest,Reviewed,Manual,2021-12-29 06:56:31.309255 UTC,2.2,MW 2.2
T1098c,T1098c,InSight-site catalog event,4.5024,135.6234,Unspecified,Preliminary,Automatic,2021-12-29 05:32:58.758 UTC,,Magnitude not reported
T1098b,T1098b,InSight-site catalog event,4.5024,135.6234,Unspecified,Preliminary,Automatic,2021-12-29 04:39:34.658 UTC,,Magnitude not reported
T1098a,T1098a,InSight-site catalog event,4.5024,135.6234,Unspecified,Preliminary,Automatic,2021-12-29 03:47:44.808 UTC,,Magnitude not reported
S1097f,S1097f,InSight-site catalog event,4.5024,135.6234,Elysium Southwest,Reviewed,Manual,2021-12-28 07:29:22.813278 UTC,1.9,MW 1.9
T1097e,T1097e,InSight-site catalog event,4.5024,135.6234,Unspecified,Preliminary,Automatic,2021-12-28 05:03:38.308 UTC,,Magnitude not reported
T1097d,T1097d,InSight-site catalog event,4.5024,135.6234,Unspecified,Preliminary,Automatic,2021-12-28 04:03:35.558 UTC,,Magnitude not reported
S1097d,S1097d,InSight-site catalog event,4.5024,135.6234,Elysium Southwest,Reviewed,Manual,2021-12-28 03:52:11.345194 UTC,,Magnitude not reported
T1097c,T1097c,InSight-site catalog event,4.5024,135.6234,Unspecified,Preliminary,Automatic,2021-12-28 03:45:15.258 UTC,,Magnitude not reported
T1097b,T1097b,InSight-site catalog event,4.5024,135.6234,Unspecified,Preliminary,Automatic,2021-12-28 03:18:34.758 UTC,,Magnitude not reported
T1097a,T1097a,InSight-site catalog event,4.5024,135.6234,Unspecified,Preliminary,Automatic,2021-12-28 03:13:45.658 UTC,,Magnitude not reported
S1097c ,S1097c ,InSight-site catalog event,4.5024,135.6234,Elysium Southwest,Reviewed,Manual,2021-12-28 02:30:32.254434 UTC,,Magnitude not reported
S1097b,S1097b,InSight-site catalog event,4.5024,135.6234,Elysium Southwest,Reviewed,Manual,2021-12-27 10:50:00.045207 UTC,,Magnitude not reported
S1097a,S1097a,InSight-site catalog event,4.5024,135.6234,Elysium Southwest,Reviewed,Manual,2021-12-27 10:34:01.542553 UTC,,Magnitude not reported
S1096c,S1096c,InSight-site catalog event,4.5024,135.6234,Elysium Southwest,Reviewed,Manual,2021-12-27 05:30:15.841146 UTC,,Magnitude not reported
S1096b,S1096b,InSight-site catalog event,4.5024,135.6234,Elysium Southwest,Reviewed,Manual,2021-12-27 04:50:34.603614 UTC,1.9,MW 1.9
T1096c,T1096c,InSight-site catalog event,4.5024,135.6234,Unspecified,Preliminary,Automatic,2021-12-27 04:48:58.008 UTC,,Magnitude not reported
T1096b,T1096b,InSight-site catalog event,4.5024,135.6234,Unspecified,Preliminary,Automatic,2021-12-27 03:26:33.708 UTC,,Magnitude not reported
T1096a,T1096a,InSight-site catalog event,4.5024,135.6234,Unspecified,Preliminary,Automatic,2021-12-26 22:30:03.808 UTC,,Magnitude not reported
S1096a,S1096a,InSight-site catalog event,4.5024,135.6234,Elysium Southwest,Reviewed,Manual,2021-12-26 09:25:03.297007 UTC,,Magnitude not reported
S1095c,S1095c,InSight-site catalog event,4.5024,135.6234,Elysium Southwest,Reviewed,Manual,2021-12-26 04:26:36.156103 UTC,1.6,MW 1.6
S1095b,S1095b,InSight-site catalog event,4.5024,135.6234,Elysium Southwest,Reviewed,Manual,2021-12-26 03:45:02.332472 UTC,,Magnitude not reported
T1095a,T1095a,InSight-site catalog event,4.5024,135.6234,Unspecified,Preliminary,Automatic,2021-12-26 02:44:44.058 UTC,,Magnitude not reported
S1095a,S1095a,InSight-site catalog event,4.5024,135.6234,Elysium Southwest,Reviewed,Manual,2021-12-26 02:05:35.672756 UTC,1.8,MW 1.8
S1094d,S1094d,InSight-site catalog event,4.5024,135.6234,Elysium Southwest,Reviewed,Manual,2021-12-25 03:31:41.685086 UTC,2.1,MW 2.1
S1094c,S1094c,InSight-site catalog event,4.5024,135.6234,Elysium Southwest,Reviewed,Manual,2021-12-25 02:31:14.492888 UTC,2.0,MW 2.0
T1094a,T1094a,InSight-site catalog event,4.5024,135.6234,Unspecified,Preliminary,Automatic,2021-12-24 08:47:55.636 UTC,,Magnitude not reported
S1094a,S1094a,InSight-site catalog event,4.5024,135.6234,Elysium Southwest,Reviewed,Manual,2021-12-24 08:44:54.540045 UTC,1.8,MW 1.8
S1093d,S1093d,InSight-site catalog event,4.5024,135.6234,Elysium Southwest,Reviewed,Manual,2021-12-24 06:05:25.224805 UTC,,Magnitude not reported
S1093c,S1093c,InSight-site catalog event,4.5024,135.6234,Elysium Southwest,Reviewed,Manual,2021-12-24 05:55:30.755493 UTC,2.0,MW 2.0
T1093c,T1093c,InSight-site catalog event,4.5024,135.6234,Unspecified,Preliminary,Automatic,2021-12-24 02:09:01.036 UTC,,Magnitude not reported
T1093b,T1093b,InSight-site catalog event,4.5024,135.6234,Unspecified,Preliminary,Automatic,2021-12-24 01:40:59.036 UTC,,Magnitude not reported
T1093a,T1093a,InSight-site catalog event,4.5024,135.6234,Unspecified,Preliminary,Automatic,2021-12-24 01:29:14.536 UTC,,Magnitude not reported
S1093b,S1093b,InSight-site catalog event,4.5024,135.6234,Elysium Southwest,Reviewed,Manual,2021-12-24 00:50:28.01542 UTC,1.9,MW 1.9
S1093a,S1093a,InSight-site catalog event,4.5024,135.6234,Elysium Southwest,Reviewed,Manual,2021-12-24 00:31:59.78906 UTC,1.6,MW 1.6
T1092c,T1092c,InSight-site catalog event,4.5024,135.6234,Unspecified,Preliminary,Automatic,2021-12-23 02:11:36.086 UTC,,Magnitude not reported
T1092b,T1092b,InSight-site catalog event,4.5024,135.6234,Unspecified,Preliminary,Automatic,2021-12-23 01:10:38.436 UTC,,Magnitude not reported
S1092a,S1092a,InSight-site catalog event,4.5024,135.6234,Elysium Southwest,Reviewed,Manual,2021-12-23 00:56:53.756756 UTC,,Magnitude not reported
T1092a,T1092a,InSight-site catalog event,4.5024,135.6234,Unspecified,Preliminary,Automatic,2021-12-23 00:52:05.836 UTC,,Magnitude not reported
S1091c,S1091c,InSight-site catalog event,4.5024,135.6234,Elysium Southwest,Reviewed,Manual,2021-12-22 05:17:47.415918 UTC,,Magnitude not reported
S1091b,S1091b,InSight-site catalog event,4.5024,135.6234,Elysium Southwest,Reviewed,Manual,2021-12-22 04:30:28.74405 UTC,1.7,MW 1.7
T1091e,T1091e,InSight-site catalog event,4.5024,135.6234,Unspecified,Preliminary,Automatic,2021-12-22 01:49:10.936 UTC,,Magnitude not reported
T1091d,T1091d,InSight-site catalog event,4.5024,135.6234,Unspecified,Preliminary,Automatic,2021-12-22 01:34:28.686 UTC,,Magnitude not reported
T1091c,T1091c,InSight-site catalog event,4.5024,135.6234,Unspecified,Preliminary,Automatic,2021-12-22 00:28:05.386 UTC,,Magnitude not reported
S1091a,S1091a,InSight-site catalog event,4.5024,135.6234,Elysium Southwest,Reviewed,Manual,2021-12-21 23:57:27.099737 UTC,1.8,MW 1.8
T1091b,T1091b,InSight-site catalog event,4.5024,135.6234,Unspecified,Preliminary,Automatic,2021-12-21 23:51:08.736 UTC,,Magnitude not reported
T1091a,T1091a,InSight-site catalog event,4.5024,135.6234,Unspecified,Preliminary,Automatic,2021-12-21 22:34:04.636 UTC,,Magnitude not reported
S1090g ,S1090g ,InSight-site catalog event,4.5024,135.6234,Elysium Southwest,Reviewed,Manual,2021-12-21 03:49:57.278964 UTC,,Magnitude not reported
S1090f,S1090f,InSight-site catalog event,4.5024,135.6234,Elysium Southwest,Reviewed,Manual,2021-12-21 02:58:59.560608 UTC,,Magnitude not reported
S1090e,S1090e,InSight-site catalog event,4.5024,135.6234,Elysium Southwest,Reviewed,Manual,2021-12-21 02:27:12.182262 UTC,,Magnitude not reported
T1090d,T1090d,InSight-site catalog event,4.5024,135.6234,Unspecified,Preliminary,Automatic,2021-12-21 01:23:32.536 UTC,,Magnitude not reported
S1090d,S1090d,InSight-site catalog event,4.5024,135.6234,Elysium Southwest,Reviewed,Manual,2021-12-21 01:06:56.576671 UTC,,Magnitude not reported
S1090c,S1090c,InSight-site catalog event,4.5024,135.6234,Elysium Southwest,Reviewed,Manual,2021-12-20 23:53:17.241321 UTC,,Magnitude not reported
T1090c,T1090c,InSight-site catalog event,4.5024,135.6234,Unspecified,Preliminary,Automatic,2021-12-20 23:41:09.186 UTC,,Magnitude not reported
T1090b,T1090b,InSight-site catalog event,4.5024,135.6234,Unspecified,Preliminary,Automatic,2021-12-20 23:36:03.936 UTC,,Magnitude not reported
T1090a,T1090a,InSight-site catalog event,4.5024,135.6234,Unspecified,Preliminary,Automatic,2021-12-20 23:28:54.836 UTC,,Magnitude not reported
S1090b,S1090b,InSight-site catalog event,4.5024,135.6234,Elysium Southwest,Reviewed,Manual,2021-12-20 22:17:13.77851 UTC,1.8,MW 1.8
S1090a,S1090a,InSight-site catalog event,4.5024,135.6234,Elysium Southwest,Reviewed,Manual,2021-12-20 21:56:03.300855 UTC,1.7,MW 1.7
T1089f,T1089f,InSight-site catalog event,4.5024,135.6234,Unspecified,Preliminary,Automatic,2021-12-20 01:15:10.231 UTC,,Magnitude not reported
T1089e,T1089e,InSight-site catalog event,4.5024,135.6234,Unspecified,Preliminary,Automatic,2021-12-20 00:12:32.181 UTC,,Magnitude not reported
T1089d,T1089d,InSight-site catalog event,4.5024,135.6234,Unspecified,Preliminary,Automatic,2021-12-19 23:48:27.231 UTC,,Magnitude not reported
T1089c,T1089c,InSight-site catalog event,4.5024,135.6234,Unspecified,Preliminary,Automatic,2021-12-19 23:00:11.481 UTC,,Magnitude not reported
T1089b,T1089b,InSight-site catalog event,4.5024,135.6234,Unspecified,Preliminary,Automatic,2021-12-19 22:55:46.231 UTC,,Magnitude not reported
S1089a,S1089a,InSight-site catalog event,4.5024,135.6234,Elysium Southwest,Reviewed,Manual,2021-12-19 22:36:20.566219 UTC,,Magnitude not reported
T1089a,T1089a,InSight-site catalog event,4.5024,135.6234,Unspecified,Preliminary,Automatic,2021-12-19 22:12:23.081 UTC,,Magnitude not reported
S1088d,S1088d,InSight-site catalog event,4.5024,135.6234,Elysium Southwest,Reviewed,Manual,2021-12-19 00:37:23.51423 UTC,,Magnitude not reported
S1088c,S1088c,InSight-site catalog event,4.5024,135.6234,Elysium Southwest,Reviewed,Manual,2021-12-19 00:20:35.719541 UTC,1.7,MW 1.7
S1088b,S1088b,InSight-site catalog event,4.5024,135.6234,Elysium Southwest,Reviewed,Manual,2021-12-18 22:45:21.489395 UTC,,Magnitude not reported
T1088b,T1088b,InSight-site catalog event,4.5024,135.6234,Unspecified,Preliminary,Automatic,2021-12-18 22:33:51.681 UTC,,Magnitude not reported
T1088a,T1088a,InSight-site catalog event,4.5024,135.6234,Unspecified,Preliminary,Automatic,2021-12-18 21:59:08.131 UTC,,Magnitude not reported
S1088a,S1088a,InSight-site catalog event,4.5024,135.6234,Elysium Southwest,Reviewed,Manual,2021-12-18 05:15:46.820954 UTC,,Magnitude not reported
S1087e,S1087e,InSight-site catalog event,4.5024,135.6234,Elysium Southwest,Reviewed,Manual,2021-12-18 01:18:51.129456 UTC,,Magnitude not reported
S1087d,S1087d,InSight-site catalog event,4.5024,135.6234,Elysium Southwest,Reviewed,Manual,2021-12-18 00:42:23.809954 UTC,2.3,MW 2.3
T1087b,T1087b,InSight-site catalog event,4.5024,135.6234,Unspecified,Preliminary,Automatic,2021-12-17 22:43:56.931 UTC,,Magnitude not reported
T1087a,T1087a,InSight-site catalog event,4.5024,135.6234,Unspecified,Preliminary,Automatic,2021-12-17 21:59:23.931 UTC,,Magnitude not reported
S1087c,S1087c,InSight-site catalog event,4.5024,135.6234,Elysium Southwest,Reviewed,Manual,2021-12-17 21:13:50.945652 UTC,,Magnitude not reported
S1087b,S1087b,InSight-site catalog event,4.5024,135.6234,Elysium Southwest,Reviewed,Manual,2021-12-17 20:43:16.923938 UTC,,Magnitude not reported
S1087a,S1087a,InSight-site catalog event,4.5024,135.6234,Elysium Southwest,Reviewed,Manual,2021-12-17 19:40:38.062186 UTC,,Magnitude not reported
S1086e,S1086e,InSight-site catalog event,4.5024,135.6234,Elysium Southwest,Reviewed,Manual,2021-12-17 02:11:37.337667 UTC,,Magnitude not reported
S1086d,S1086d,InSight-site catalog event,4.5024,135.6234,Elysium Southwest,Reviewed,Manual,2021-12-16 23:02:32.671075 UTC,2.0,MW 2.0
T1086e,T1086e,InSight-site catalog event,4.5024,135.6234,Unspecified,Preliminary,Automatic,2021-12-16 22:52:56.681 UTC,,Magnitude not reported
S1086c,S1086c,InSight-site catalog event,4.5024,135.6234,Elysium Southwest,Reviewed,Manual,2021-12-16 21:51:21.614788 UTC,1.7,MW 1.7
T1086d,T1086d,InSight-site catalog event,4.5024,135.6234,Unspecified,Preliminary,Automatic,2021-12-16 21:36:00.431 UTC,,Magnitude not reported
T1086c,T1086c,InSight-site catalog event,4.5024,135.6234,Unspecified,Preliminary,Automatic,2021-12-16 21:13:05.031 UTC,,Magnitude not reported
T1086b,T1086b,InSight-site catalog event,4.5024,135.6234,Unspecified,Preliminary,Automatic,2021-12-16 20:43:22.581 UTC,,Magnitude not reported
T1086a,T1086a,InSight-site catalog event,4.5024,135.6234,Unspecified,Preliminary,Automatic,2021-12-16 20:38:43.181 UTC,,Magnitude not reported
S1086b,S1086b,InSight-site catalog event,4.5024,135.6234,Elysium Southwest,Reviewed,Manual,2021-12-16 03:10:35.321828 UTC,2.3,MW 2.3
S1086a,S1086a,InSight-site catalog event,4.5024,135.6234,Elysium Southwest,Reviewed,Manual,2021-12-16 01:54:00.084066 UTC,,Magnitude not reported
S1085b,S1085b,InSight-site catalog event,4.5024,135.6234,Elysium Southwest,Reviewed,Manual,2021-12-15 21:50:18.970642 UTC,,Magnitude not reported
T1085d,T1085d,InSight-site catalog event,4.5024,135.6234,Unspecified,Preliminary,Automatic,2021-12-15 20:41:44.131 UTC,,Magnitude not reported
T1085c,T1085c,InSight-site catalog event,4.5024,135.6234,Unspecified,Preliminary,Automatic,2021-12-15 20:27:52.081 UTC,,Magnitude not reported
T1085b,T1085b,InSight-site catalog event,4.5024,135.6234,Unspecified,Preliminary,Automatic,2021-12-15 19:48:43.681 UTC,,Magnitude not reported
T1085a,T1085a,InSight-site catalog event,4.5024,135.6234,Unspecified,Preliminary,Automatic,2021-12-15 19:13:54.231 UTC,,Magnitude not reported
S1085a,S1085a,InSight-site catalog event,4.5024,135.6234,Elysium Southwest,Reviewed,Manual,2021-12-15 17:57:39.258937 UTC,,Magnitude not reported
S1084c,S1084c,InSight-site catalog event,4.5024,135.6234,Elysium Southwest,Reviewed,Manual,2021-12-14 21:18:26.433097 UTC,,Magnitude not reported
S1084b,S1084b,InSight-site catalog event,4.5024,135.6234,Elysium Southwest,Reviewed,Manual,2021-12-14 20:30:02.283577 UTC,,Magnitude not reported
T1084e,T1084e,InSight-site catalog event,4.5024,135.6234,Unspecified,Preliminary,Automatic,2021-12-14 20:13:53.018 UTC,,Magnitude not reported
T1084d,T1084d,InSight-site catalog event,4.5024,135.6234,Unspecified,Preliminary,Automatic,2021-12-14 19:45:51.818 UTC,,Magnitude not reported
T1084c,T1084c,InSight-site catalog event,4.5024,135.6234,Unspecified,Preliminary,Automatic,2021-12-14 19:25:04.068 UTC,,Magnitude not reported
T1084b,T1084b,InSight-site catalog event,4.5024,135.6234,Unspecified,Preliminary,Automatic,2021-12-14 19:16:10.268 UTC,,Magnitude not reported
S1084a,S1084a,InSight-site catalog event,4.5024,135.6234,Elysium Southwest,Reviewed,Manual,2021-12-14 18:53:58.702519 UTC,,Magnitude not reported
T1084a,T1084a,InSight-site catalog event,4.5024,135.6234,Unspecified,Preliminary,Automatic,2021-12-14 17:50:22.818 UTC,,Magnitude not reported
T1083f,T1083f,InSight-site catalog event,4.5024,135.6234,Unspecified,Preliminary,Automatic,2021-12-13 20:00:12.768 UTC,,Magnitude not reported
T1083e,T1083e,InSight-site catalog event,4.5024,135.6234,Unspecified,Preliminary,Automatic,2021-12-13 19:32:45.518 UTC,,Magnitude not reported
T1083d,T1083d,InSight-site catalog event,4.5024,135.6234,Unspecified,Preliminary,Automatic,2021-12-13 19:09:42.418 UTC,,Magnitude not reported
T1083c,T1083c,InSight-site catalog event,4.5024,135.6234,Unspecified,Preliminary,Automatic,2021-12-13 18:39:26.968 UTC,,Magnitude not reported
T1083b,T1083b,InSight-site catalog event,4.5024,135.6234,Unspecified,Preliminary,Automatic,2021-12-13 18:32:01.668 UTC,,Magnitude not reported
T1083a,T1083a,InSight-site catalog event,4.5024,135.6234,Unspecified,Preliminary,Automatic,2021-12-13 03:03:50.668 UTC,,Magnitude not reported
S1082c,S1082c,InSight-site catalog event,4.5024,135.6234,Elysium Southwest,Reviewed,Manual,2021-12-12 20:20:50.278146 UTC,2.3,MW 2.3
S1082b,S1082b,InSight-site catalog event,4.5024,135.6234,Elysium Southwest,Reviewed,Manual,2021-12-12 19:26:40.018259 UTC,1.7,MW 1.7
T1082c,T1082c,InSight-site catalog event,4.5024,135.6234,Unspecified,Preliminary,Automatic,2021-12-12 18:58:25.768 UTC,,Magnitude not reported
T1082b,T1082b,InSight-site catalog event,4.5024,135.6234,Unspecified,Preliminary,Automatic,2021-12-12 18:33:53.718 UTC,,Magnitude not reported
T1082a,T1082a,InSight-site catalog event,4.5024,135.6234,Unspecified,Preliminary,Automatic,2021-12-12 01:25:28.368 UTC,,Magnitude not reported
S1082a,S1082a,InSight-site catalog event,4.5024,135.6234,Elysium Southwest,Reviewed,Manual,2021-12-12 00:06:26.240526 UTC,,Magnitude not reported
S1081c,S1081c,InSight-site catalog event,4.5024,135.6234,Elysium Southwest,Reviewed,Manual,2021-12-11 22:30:41.149462 UTC,2.0,MW 2.0
S1081b,S1081b,InSight-site catalog event,4.5024,135.6234,Elysium Southwest,Reviewed,Manual,2021-12-11 18:32:15.106053 UTC,,Magnitude not reported
T1081e,T1081e,InSight-site catalog event,4.5024,135.6234,Unspecified,Preliminary,Automatic,2021-12-11 17:59:13.668 UTC,,Magnitude not reported
T1081d,T1081d,InSight-site catalog event,4.5024,135.6234,Unspecified,Preliminary,Automatic,2021-12-11 17:57:51.818 UTC,,Magnitude not reported
T1081c,T1081c,InSight-site catalog event,4.5024,135.6234,Unspecified,Preliminary,Automatic,2021-12-11 17:19:26.468 UTC,,Magnitude not reported
T1081b,T1081b,InSight-site catalog event,4.5024,135.6234,Unspecified,Preliminary,Automatic,2021-12-11 17:12:52.118 UTC,,Magnitude not reported
T1081a,T1081a,InSight-site catalog event,4.5024,135.6234,Unspecified,Preliminary,Automatic,2021-12-11 01:50:50.768 UTC,,Magnitude not reported
S1081a,S1081a,InSight-site catalog event,4.5024,135.6234,Elysium Southwest,Reviewed,Manual,2021-12-10 22:53:15.661441 UTC,,Magnitude not reported
S1080e,S1080e,InSight-site catalog event,4.5024,135.6234,Elysium Southwest,Reviewed,Manual,2021-12-10 21:41:49.768192 UTC,,Magnitude not reported
S1080d,S1080d,InSight-site catalog event,4.5024,135.6234,Elysium Southwest,Reviewed,Manual,2021-12-10 18:54:28.393422 UTC,1.6,MW 1.6
T1080g,T1080g,InSight-site catalog event,4.5024,135.6234,Unspecified,Preliminary,Automatic,2021-12-10 18:42:25.418 UTC,,Magnitude not reported
S1080c,S1080c,InSight-site catalog event,4.5024,135.6234,Elysium Southwest,Reviewed,Manual,2021-12-10 18:25:44.798815 UTC,1.6,MW 1.6
T1080f,T1080f,InSight-site catalog event,4.5024,135.6234,Unspecified,Preliminary,Automatic,2021-12-10 17:50:21.118 UTC,,Magnitude not reported
T1080e,T1080e,InSight-site catalog event,4.5024,135.6234,Unspecified,Preliminary,Automatic,2021-12-10 17:16:20.918 UTC,,Magnitude not reported
T1080d,T1080d,InSight-site catalog event,4.5024,135.6234,Unspecified,Preliminary,Automatic,2021-12-10 16:50:05.868 UTC,,Magnitude not reported
S1080b,S1080b,InSight-site catalog event,4.5024,135.6234,Elysium Southwest,Reviewed,Manual,2021-12-10 16:28:59.796045 UTC,,Magnitude not reported
T1080c,T1080c,InSight-site catalog event,4.5024,135.6234,Unspecified,Preliminary,Automatic,2021-12-10 16:09:34.918 UTC,,Magnitude not reported
S1080a,S1080a,InSight-site catalog event,4.5024,135.6234,Elysium Southwest,Reviewed,Manual,2021-12-10 15:37:04.539125 UTC,,Magnitude not reported
T1080b,T1080b,InSight-site catalog event,4.5024,135.6234,Unspecified,Preliminary,Automatic,2021-12-10 01:19:45.118 UTC,,Magnitude not reported
T1080a,T1080a,InSight-site catalog event,4.5024,135.6234,Unspecified,Preliminary,Automatic,2021-12-10 00:51:14.218 UTC,,Magnitude not reported
S1079b,S1079b,InSight-site catalog event,4.5024,135.6234,Elysium Southwest,Reviewed,Manual,2021-12-09 21:26:47.050356 UTC,2.4,MW 2.4
T1079f,T1079f,InSight-site catalog event,4.5024,135.6234,Unspecified,Preliminary,Automatic,2021-12-09 17:19:59.814 UTC,,Magnitude not reported
S1079a,S1079a,InSight-site catalog event,4.5024,135.6234,Elysium Southwest,Reviewed,Manual,2021-12-09 17:14:22.94734 UTC,,Magnitude not reported
T1079e,T1079e,InSight-site catalog event,4.5024,135.6234,Unspecified,Preliminary,Automatic,2021-12-09 16:56:47.064 UTC,,Magnitude not reported
T1079d,T1079d,InSight-site catalog event,4.5024,135.6234,Unspecified,Preliminary,Automatic,2021-12-09 16:41:10.064 UTC,,Magnitude not reported
T1079c,T1079c,InSight-site catalog event,4.5024,135.6234,Unspecified,Preliminary,Automatic,2021-12-09 16:04:10.264 UTC,,Magnitude not reported
T1079b,T1079b,InSight-site catalog event,4.5024,135.6234,Unspecified,Preliminary,Automatic,2021-12-09 15:59:18.664 UTC,,Magnitude not reported
T1079a,T1079a,InSight-site catalog event,4.5024,135.6234,Unspecified,Preliminary,Automatic,2021-12-09 00:02:14.764 UTC,,Magnitude not reported
S1078c,S1078c,InSight-site catalog event,4.5024,135.6234,Elysium Southwest,Reviewed,Manual,2021-12-08 18:30:46.55158 UTC,1.9,MW 1.9
S1078b,S1078b,InSight-site catalog event,4.5024,135.6234,Elysium Southwest,Reviewed,Manual,2021-12-08 15:52:21.182559 UTC,1.9,MW 1.9
T1078b,T1078b,InSight-site catalog event,4.5024,135.6234,Unspecified,Preliminary,Automatic,2021-12-08 15:32:37.564 UTC,,Magnitude not reported
T1078a,T1078a,InSight-site catalog event,4.5024,135.6234,Unspecified,Preliminary,Automatic,2021-12-08 14:51:43.764 UTC,,Magnitude not reported
S1078a,S1078a,InSight-site catalog event,4.5024,135.6234,Elysium Southwest,Reviewed,Manual,2021-12-08 14:40:29.567364 UTC,,Magnitude not reported
S1077d,S1077d,InSight-site catalog event,4.5024,135.6234,Elysium Southwest,Reviewed,Manual,2021-12-07 19:36:37.9525 UTC,,Magnitude not reported
T1077g,T1077g,InSight-site catalog event,4.5024,135.6234,Unspecified,Preliminary,Automatic,2021-12-07 15:47:02.864 UTC,,Magnitude not reported
T1077f,T1077f,InSight-site catalog event,4.5024,135.6234,Unspecified,Preliminary,Automatic,2021-12-07 15:43:34.564 UTC,,Magnitude not reported
T1077e,T1077e,InSight-site catalog event,4.5024,135.6234,Unspecified,Preliminary,Automatic,2021-12-07 15:22:41.164 UTC,,Magnitude not reported
T1077d,T1077d,InSight-site catalog event,4.5024,135.6234,Unspecified,Preliminary,Automatic,2021-12-07 14:49:25.114 UTC,,Magnitude not reported
S1077c,S1077c,InSight-site catalog event,4.5024,135.6234,Elysium Southwest,Reviewed,Manual,2021-12-07 14:01:49.15588 UTC,1.9,MW 1.9
T1077c,T1077c,InSight-site catalog event,4.5024,135.6234,Unspecified,Preliminary,Automatic,2021-12-06 23:59:44.114 UTC,,Magnitude not reported
T1077b,T1077b,InSight-site catalog event,4.5024,135.6234,Unspecified,Preliminary,Automatic,2021-12-06 23:30:43.364 UTC,,Magnitude not reported
T1077a,T1077a,InSight-site catalog event,4.5024,135.6234,Unspecified,Preliminary,Automatic,2021-12-06 23:01:15.064 UTC,,Magnitude not reported
S1077b,S1077b,InSight-site catalog event,4.5024,135.6234,Elysium Southwest,Reviewed,Manual,2021-12-06 22:26:36.644484 UTC,,Magnitude not reported
S1077a,S1077a,InSight-site catalog event,4.5024,135.6234,Elysium Southwest,Reviewed,Manual,2021-12-06 19:53:30.747907 UTC,,Magnitude not reported
S1076g,S1076g,InSight-site catalog event,4.5024,135.6234,Elysium Southwest,Reviewed,Manual,2021-12-06 16:57:08.782929 UTC,,Magnitude not reported
S1076f,S1076f,InSight-site catalog event,4.5024,135.6234,Elysium Southwest,Reviewed,Manual,2021-12-06 16:21:39.828577 UTC,,Magnitude not reported
S1076e,S1076e,InSight-site catalog event,4.5024,135.6234,Elysium Southwest,Reviewed,Manual,2021-12-06 15:49:29.406556 UTC,1.7,MW 1.7
S1076d,S1076d,InSight-site catalog event,4.5024,135.6234,Elysium Southwest,Reviewed,Manual,2021-12-06 14:59:48.301421 UTC,1.7,MW 1.7
T1076b,T1076b,InSight-site catalog event,4.5024,135.6234,Unspecified,Preliminary,Automatic,2021-12-06 14:58:42.064 UTC,,Magnitude not reported
T1076a,T1076a,InSight-site catalog event,4.5024,135.6234,Unspecified,Preliminary,Automatic,2021-12-06 14:47:02.364 UTC,,Magnitude not reported
S1076c,S1076c,InSight-site catalog event,4.5024,135.6234,Elysium Southwest,Reviewed,Manual,2021-12-06 12:36:26.390249 UTC,,Magnitude not reported
S1076b,S1076b,InSight-site catalog event,4.5024,135.6234,Elysium Southwest,Reviewed,Manual,2021-12-06 12:08:08.803273 UTC,,Magnitude not reported
S1076a,S1076a,InSight-site catalog event,4.5024,135.6234,Elysium Southwest,Reviewed,Manual,2021-12-05 21:58:02.722025 UTC,1.7,MW 1.7
T1075h,T1075h,InSight-site catalog event,4.5024,135.6234,Unspecified,Preliminary,Automatic,2021-12-05 15:21:57.964 UTC,,Magnitude not reported
S1075c,S1075c,InSight-site catalog event,4.5024,135.6234,Elysium Southwest,Reviewed,Manual,2021-12-05 14:43:47.693762 UTC,2.1,MW 2.1
T1075g,T1075g,InSight-site catalog event,4.5024,135.6234,Unspecified,Preliminary,Automatic,2021-12-05 14:21:33.414 UTC,,Magnitude not reported
T1075f,T1075f,InSight-site catalog event,4.5024,135.6234,Unspecified,Preliminary,Automatic,2021-12-05 14:06:36.614 UTC,,Magnitude not reported
T1075e,T1075e,InSight-site catalog event,4.5024,135.6234,Unspecified,Preliminary,Automatic,2021-12-05 14:00:27.214 UTC,,Magnitude not reported
T1075d,T1075d,InSight-site catalog event,4.5024,135.6234,Unspecified,Preliminary,Automatic,2021-12-05 13:15:12.814 UTC,,Magnitude not reported
S1075b,S1075b,InSight-site catalog event,4.5024,135.6234,Elysium Southwest,Reviewed,Manual,2021-12-05 12:08:34.847803 UTC,1.8,MW 1.8
T1075c,T1075c,InSight-site catalog event,4.5024,135.6234,Unspecified,Preliminary,Automatic,2021-12-04 22:03:29.664 UTC,,Magnitude not reported
T1075b,T1075b,InSight-site catalog event,4.5024,135.6234,Unspecified,Preliminary,Automatic,2021-12-04 21:34:03.114 UTC,,Magnitude not reported
S1075a,S1075a,InSight-site catalog event,4.5024,135.6234,Elysium Southwest,Reviewed,Manual,2021-12-04 21:04:19.519527 UTC,,Magnitude not reported
T1075a,T1075a,InSight-site catalog event,4.5024,135.6234,Unspecified,Preliminary,Automatic,2021-12-04 21:03:32.914 UTC,,Magnitude not reported
S1074a,S1074a,InSight-site catalog event,4.5024,135.6234,Elysium Southwest,Reviewed,Manual,2021-12-04 14:37:30.742445 UTC,,Magnitude not reported
T1074e,T1074e,InSight-site catalog event,4.5024,135.6234,Unspecified,Preliminary,Automatic,2021-12-04 13:45:07.903 UTC,,Magnitude not reported
T1074d,T1074d,InSight-site catalog event,4.5024,135.6234,Unspecified,Preliminary,Automatic,2021-12-04 13:40:57.053 UTC,,Magnitude not reported
T1074c,T1074c,InSight-site catalog event,4.5024,135.6234,Unspecified,Preliminary,Automatic,2021-12-04 13:29:51.103 UTC,,Magnitude not reported
T1074b,T1074b,InSight-site catalog event,4.5024,135.6234,Unspecified,Preliminary,Automatic,2021-12-04 12:53:00.453 UTC,,Magnitude not reported
T1074a,T1074a,InSight-site catalog event,4.5024,135.6234,Unspecified,Preliminary,Automatic,2021-12-03 21:26:20.653 UTC,,Magnitude not reported
S1073d,S1073d,InSight-site catalog event,4.5024,135.6234,Elysium Southwest,Reviewed,Manual,2021-12-03 14:28:52.584603 UTC,2.0,MW 2.0
T1073d,T1073d,InSight-site catalog event,4.5024,135.6234,Unspecified,Preliminary,Automatic,2021-12-03 13:12:36.603 UTC,,Magnitude not reported
T1073c,T1073c,InSight-site catalog event,4.5024,135.6234,Unspecified,Preliminary,Automatic,2021-12-03 12:54:02.903 UTC,,Magnitude not reported
S1073c,S1073c,InSight-site catalog event,4.5024,135.6234,Elysium Southwest,Reviewed,Manual,2021-12-03 12:52:35.33115 UTC,1.7,MW 1.7
T1073b,T1073b,InSight-site catalog event,4.5024,135.6234,Unspecified,Preliminary,Automatic,2021-12-03 11:45:53.903 UTC,,Magnitude not reported
T1073a,T1073a,InSight-site catalog event,4.5024,135.6234,Unspecified,Preliminary,Automatic,2021-12-03 11:36:32.053 UTC,,Magnitude not reported
S1073b,S1073b,InSight-site catalog event,4.5024,135.6234,Elysium Southwest,Reviewed,Manual,2021-12-03 10:50:18.37744 UTC,1.9,MW 1.9
S1073a,S1073a,InSight-site catalog event,4.5024,135.6234,Elysium Southwest,Reviewed,Manual,2021-12-03 10:34:14.423109 UTC,2.0,MW 2.0
T1072e,T1072e,InSight-site catalog event,4.5024,135.6234,Unspecified,Preliminary,Automatic,2021-12-02 12:26:08.053 UTC,,Magnitude not reported
T1072d,T1072d,InSight-site catalog event,4.5024,135.6234,Unspecified,Preliminary,Automatic,2021-12-02 12:14:14.153 UTC,,Magnitude not reported
T1072c,T1072c,InSight-site catalog event,4.5024,135.6234,Unspecified,Preliminary,Automatic,2021-12-02 11:34:26.753 UTC,,Magnitude not reported
T1072b,T1072b,InSight-site catalog event,4.5024,135.6234,Unspecified,Preliminary,Automatic,2021-12-02 10:55:02.353 UTC,,Magnitude not reported
T1072a,T1072a,InSight-site catalog event,4.5024,135.6234,Unspecified,Preliminary,Automatic,2021-12-01 21:14:09.003 UTC,,Magnitude not reported
S1071c,S1071c,InSight-site catalog event,4.5024,135.6234,Elysium Southwest,Reviewed,Manual,2021-12-01 12:57:07.587713 UTC,1.7,MW 1.7
S1071b,S1071b,InSight-site catalog event,4.5024,135.6234,Elysium Southwest,Reviewed,Manual,2021-12-01 12:19:05.491437 UTC,2.0,MW 2.0
T1071c,T1071c,InSight-site catalog event,4.5024,135.6234,Unspecified,Preliminary,Automatic,2021-12-01 11:34:27.953 UTC,,Magnitude not reported
T1071b,T1071b,InSight-site catalog event,4.5024,135.6234,Unspecified,Preliminary,Automatic,2021-12-01 11:19:29.153 UTC,,Magnitude not reported
T1071a,T1071a,InSight-site catalog event,4.5024,135.6234,Unspecified,Preliminary,Automatic,2021-12-01 11:17:09.303 UTC,,Magnitude not reported
S1071a,S1071a,InSight-site catalog event,4.5024,135.6234,Elysium Southwest,Reviewed,Manual,2021-12-01 10:57:17.196875 UTC,,Magnitude not reported
S1071d,S1071d,InSight-site catalog event,4.5024,135.6234,Elysium Southwest,Reviewed,Manual,2021-12-01 08:59:18.397746 UTC,,Magnitude not reported
T1070b,T1070b,InSight-site catalog event,4.5024,135.6234,Unspecified,Preliminary,Automatic,2021-11-30 10:50:37.653 UTC,,Magnitude not reported
T1070a,T1070a,InSight-site catalog event,4.5024,135.6234,Unspecified,Preliminary,Automatic,2021-11-30 10:21:01.203 UTC,,Magnitude not reported
S1070a,S1070a,InSight-site catalog event,4.5024,135.6234,Elysium Southwest,Reviewed,Manual,2021-11-30 08:46:36.234688 UTC,,Magnitude not reported
S1069b,S1069b,InSight-site catalog event,4.5024,135.6234,Elysium Southwest,Reviewed,Manual,2021-11-29 13:25:16.418514 UTC,1.9,MW 1.9
T1069b,T1069b,InSight-site catalog event,4.5024,135.6234,Unspecified,Preliminary,Automatic,2021-11-29 10:07:55.356 UTC,,Magnitude not reported
T1069a,T1069a,InSight-site catalog event,4.5024,135.6234,Unspecified,Preliminary,Automatic,2021-11-29 09:49:47.106 UTC,,Magnitude not reported
S1069a,S1069a,InSight-site catalog event,4.5024,135.6234,Elysium Southwest,Reviewed,Manual,2021-11-29 08:52:02.154581 UTC,1.7,MW 1.7
S1068d,S1068d,InSight-site catalog event,4.5024,135.6234,Elysium Southwest,Reviewed,Manual,2021-11-28 10:21:09.828462 UTC,2.0,MW 2.0
T1068d,T1068d,InSight-site catalog event,4.5024,135.6234,Unspecified,Preliminary,Automatic,2021-11-28 09:57:10.056 UTC,,Magnitude not reported
T1068c,T1068c,InSight-site catalog event,4.5024,135.6234,Unspecified,Preliminary,Automatic,2021-11-28 09:34:03.456 UTC,,Magnitude not reported
T1068b,T1068b,InSight-site catalog event,4.5024,135.6234,Unspecified,Preliminary,Automatic,2021-11-28 09:00:31.256 UTC,,Magnitude not reported
S1068c,S1068c,InSight-site catalog event,4.5024,135.6234,Elysium Southwest,Reviewed,Manual,2021-11-28 08:10:32.786857 UTC,2.1,MW 2.1
S1068b,S1068b,InSight-site catalog event,4.5024,135.6234,Elysium Southwest,Reviewed,Manual,2021-11-28 07:21:43.894954 UTC,1.8,MW 1.8
S1068a,S1068a,InSight-site catalog event,4.5024,135.6234,Elysium Southwest,Reviewed,Manual,2021-11-28 07:03:33.360348 UTC,2.0,MW 2.0
T1068a,T1068a,InSight-site catalog event,4.5024,135.6234,Unspecified,Preliminary,Automatic,2021-11-28 04:32:40.606 UTC,,Magnitude not reported
S1067g,S1067g,InSight-site catalog event,4.5024,135.6234,Elysium Southwest,Reviewed,Manual,2021-11-27 12:49:30.015375 UTC,,Magnitude not reported
S1067f,S1067f,InSight-site catalog event,4.5024,135.6234,Elysium Southwest,Reviewed,Manual,2021-11-27 11:02:42.328778 UTC,1.8,MW 1.8
S1067e,S1067e,InSight-site catalog event,4.5024,135.6234,Elysium Southwest,Reviewed,Manual,2021-11-27 10:20:03.57619 UTC,1.6,MW 1.6
S1067c,S1067c,InSight-site catalog event,4.5024,135.6234,Elysium Southwest,Reviewed,Manual,2021-11-27 09:45:03.861549 UTC,1.7,MW 1.7
T1067a,T1067a,InSight-site catalog event,4.5024,135.6234,Unspecified,Preliminary,Automatic,2021-11-27 08:40:38.556 UTC,,Magnitude not reported
S1067b,S1067b,InSight-site catalog event,4.5024,135.6234,Elysium Southwest,Reviewed,Manual,2021-11-27 08:35:35.924078 UTC,,Magnitude not reported
S1067a,S1067a,InSight-site catalog event,4.5024,135.6234,Elysium Southwest,Reviewed,Manual,2021-11-27 06:49:38.035118 UTC,2.0,MW 2.0
T1066b,T1066b,InSight-site catalog event,4.5024,135.6234,Unspecified,Preliminary,Automatic,2021-11-26 07:50:08.406 UTC,,Magnitude not reported
S1066a,S1066a,InSight-site catalog event,4.5024,135.6234,Elysium Southwest,Reviewed,Manual,2021-11-25 15:28:58.957262 UTC,,Magnitude not reported
T1066a,T1066a,InSight-site catalog event,4.5024,135.6234,Unspecified,Preliminary,Automatic,2021-11-25 14:12:35.706 UTC,,Magnitude not reported
S1065b,S1065b,InSight-site catalog event,4.5024,135.6234,Elysium Southwest,Reviewed,Manual,2021-11-25 11:06:55.004195 UTC,1.9,MW 1.9
S1065a,S1065a,InSight-site catalog event,4.5024,135.6234,Elysium Southwest,Reviewed,Manual,2021-11-25 10:15:09.475187 UTC,2.0,MW 2.0
T1065b,T1065b,InSight-site catalog event,4.5024,135.6234,Unspecified,Preliminary,Automatic,2021-11-25 07:27:13.106 UTC,,Magnitude not reported
T1065a,T1065a,InSight-site catalog event,4.5024,135.6234,Unspecified,Preliminary,Automatic,2021-11-25 07:05:32.606 UTC,,Magnitude not reported
T1064c,T1064c,InSight-site catalog event,4.5024,135.6234,Unspecified,Preliminary,Automatic,2021-11-24 06:58:40.585 UTC,,Magnitude not reported
T1064b,T1064b,InSight-site catalog event,4.5024,135.6234,Unspecified,Preliminary,Automatic,2021-11-24 06:42:26.785 UTC,,Magnitude not reported
T1064a,T1064a,InSight-site catalog event,4.5024,135.6234,Unspecified,Preliminary,Automatic,2021-11-24 06:29:06.285 UTC,,Magnitude not reported
S1063c,S1063c,InSight-site catalog event,4.5024,135.6234,Elysium Southwest,Reviewed,Manual,2021-11-23 09:25:28.753194 UTC,2.0,MW 2.0
S1063b,S1063b,InSight-site catalog event,4.5024,135.6234,Elysium Southwest,Reviewed,Manual,2021-11-23 07:39:21.611737 UTC,,Magnitude not reported
T1063d,T1063d,InSight-site catalog event,4.5024,135.6234,Unspecified,Preliminary,Automatic,2021-11-23 06:18:09.485 UTC,,Magnitude not reported
T1063c,T1063c,InSight-site catalog event,4.5024,135.6234,Unspecified,Preliminary,Automatic,2021-11-23 06:15:13.935 UTC,,Magnitude not reported
T1063b,T1063b,InSight-site catalog event,4.5024,135.6234,Unspecified,Preliminary,Automatic,2021-11-23 05:54:56.885 UTC,,Magnitude not reported
T1063a,T1063a,InSight-site catalog event,4.5024,135.6234,Unspecified,Preliminary,Automatic,2021-11-23 05:28:26.985 UTC,,Magnitude not reported
S1063a,S1063a,InSight-site catalog event,4.5024,135.6234,Elysium Southwest,Reviewed,Manual,2021-11-23 04:20:28.125901 UTC,,Magnitude not reported
S1062e,S1062e,InSight-site catalog event,4.5024,135.6234,Elysium Southwest,Reviewed,Manual,2021-11-22 08:00:01.417264 UTC,,Magnitude not reported
S1062d,S1062d,InSight-site catalog event,4.5024,135.6234,Elysium Southwest,Reviewed,Manual,2021-11-22 07:00:54.033918 UTC,1.8,MW 1.8
S1062c,S1062c,InSight-site catalog event,4.5024,135.6234,Elysium Southwest,Reviewed,Manual,2021-11-22 06:32:43.272796 UTC,,Magnitude not reported
T1062c,T1062c,InSight-site catalog event,4.5024,135.6234,Unspecified,Preliminary,Automatic,2021-11-22 05:14:27.385 UTC,,Magnitude not reported
T1062b,T1062b,InSight-site catalog event,4.5024,135.6234,Unspecified,Preliminary,Automatic,2021-11-22 03:53:48.385 UTC,,Magnitude not reported
S1062b,S1062b,InSight-site catalog event,4.5024,135.6234,Elysium Southwest,Reviewed,Manual,2021-11-22 03:39:38.995523 UTC,,Magnitude not reported
T1062a,T1062a,InSight-site catalog event,4.5024,135.6234,Unspecified,Preliminary,Automatic,2021-11-22 00:37:24.135 UTC,,Magnitude not reported
S1062a,S1062a,InSight-site catalog event,4.5024,135.6234,Elysium Southwest,Reviewed,Manual,2021-11-21 10:36:41.133939 UTC,,Magnitude not reported
S1061c,S1061c,InSight-site catalog event,4.5024,135.6234,Elysium Southwest,Reviewed,Manual,2021-11-21 07:15:27.712679 UTC,1.7,MW 1.7
T1061b,T1061b,InSight-site catalog event,4.5024,135.6234,Unspecified,Preliminary,Automatic,2021-11-21 06:18:19.335 UTC,,Magnitude not reported
S1061b,S1061b,InSight-site catalog event,4.5024,135.6234,Elysium Southwest,Reviewed,Manual,2021-11-21 05:20:42.861335 UTC,1.7,MW 1.7
T1061a,T1061a,InSight-site catalog event,4.5024,135.6234,Unspecified,Preliminary,Automatic,2021-11-21 04:38:50.435 UTC,,Magnitude not reported
S1061a,S1061a,InSight-site catalog event,4.5024,135.6234,Elysium Southwest,Reviewed,Manual,2021-11-21 03:46:03.12048 UTC,,Magnitude not reported
S1060e,S1060e,InSight-site catalog event,4.5024,135.6234,Elysium Southwest,Reviewed,Manual,2021-11-20 07:46:48.660601 UTC,1.7,MW 1.7
S1060d,S1060d,InSight-site catalog event,4.5024,135.6234,Elysium Southwest,Reviewed,Manual,2021-11-20 07:04:05.666627 UTC,1.8,MW 1.8
S1060c,S1060c,InSight-site catalog event,4.5024,135.6234,Elysium Southwest,Reviewed,Manual,2021-11-20 05:16:07.974583 UTC,,Magnitude not reported
T1060c,T1060c,InSight-site catalog event,4.5024,135.6234,Unspecified,Preliminary,Automatic,2021-11-20 04:21:50.885 UTC,,Magnitude not reported
T1060b,T1060b,InSight-site catalog event,4.5024,135.6234,Unspecified,Preliminary,Automatic,2021-11-20 04:17:22.235 UTC,,Magnitude not reported
S1060b,S1060b,InSight-site catalog event,4.5024,135.6234,Elysium Southwest,Reviewed,Manual,2021-11-20 04:12:44.949951 UTC,,Magnitude not reported
T1060a,T1060a,InSight-site catalog event,4.5024,135.6234,Unspecified,Preliminary,Automatic,2021-11-20 03:55:06.285 UTC,,Magnitude not reported
S1060a,S1060a,InSight-site catalog event,4.5024,135.6234,Elysium Southwest,Reviewed,Manual,2021-11-19 11:40:11.95703 UTC,2.3,MW 2.3
S1059b,S1059b,InSight-site catalog event,4.5024,135.6234,Elysium Southwest,Reviewed,Manual,2021-11-19 05:17:14.922189 UTC,,Magnitude not reported
T1059b,T1059b,InSight-site catalog event,4.5024,135.6234,Unspecified,Preliminary,Automatic,2021-11-19 04:13:48.733 UTC,,Magnitude not reported
S1059a,S1059a,InSight-site catalog event,4.5024,135.6234,Elysium Southwest,Reviewed,Manual,2021-11-19 04:07:45.257935 UTC,1.8,MW 1.8
T1059a,T1059a,InSight-site catalog event,4.5024,135.6234,Unspecified,Preliminary,Automatic,2021-11-19 03:13:19.683 UTC,,Magnitude not reported
S1058c,S1058c,InSight-site catalog event,4.5024,135.6234,Elysium Southwest,Reviewed,Manual,2021-11-18 03:49:53.76282 UTC,1.6,MW 1.6
S1058b,S1058b,InSight-site catalog event,4.5024,135.6234,Elysium Southwest,Reviewed,Manual,2021-11-18 03:23:38.134022 UTC,1.9,MW 1.9
T1058a,T1058a,InSight-site catalog event,4.5024,135.6234,Unspecified,Preliminary,Automatic,2021-11-18 02:55:22.133 UTC,,Magnitude not reported
S1058a,S1058a,InSight-site catalog event,4.5024,135.6234,Elysium Southwest,Reviewed,Manual,2021-11-18 01:25:52.759961 UTC,,Magnitude not reported
S1057b,S1057b,InSight-site catalog event,4.5024,135.6234,Elysium Southwest,Reviewed,Manual,2021-11-17 04:26:48.021871 UTC,,Magnitude not reported
T1057d,T1057d,InSight-site catalog event,4.5024,135.6234,Unspecified,Preliminary,Automatic,2021-11-17 02:59:04.533 UTC,,Magnitude not reported
T1057c,T1057c,InSight-site catalog event,4.5024,135.6234,Unspecified,Preliminary,Automatic,2021-11-17 02:26:26.883 UTC,,Magnitude not reported
S1057a,S1057a,InSight-site catalog event,4.5024,135.6234,Elysium Southwest,Reviewed,Manual,2021-11-17 02:26:07.911178 UTC,,Magnitude not reported
T1057b,T1057b,InSight-site catalog event,4.5024,135.6234,Unspecified,Preliminary,Automatic,2021-11-17 01:59:37.733 UTC,,Magnitude not reported
T1057a,T1057a,InSight-site catalog event,4.5024,135.6234,Unspecified,Preliminary,Automatic,2021-11-17 01:54:43.083 UTC,,Magnitude not reported
S1056d,S1056d,InSight-site catalog event,4.5024,135.6234,Elysium Southwest,Reviewed,Manual,2021-11-16 04:09:32.879868 UTC,1.9,MW 1.9
S1056c,S1056c,InSight-site catalog event,4.5024,135.6234,Elysium Southwest,Reviewed,Manual,2021-11-16 03:48:59.407496 UTC,1.8,MW 1.8
T1056a,T1056a,InSight-site catalog event,4.5024,135.6234,Unspecified,Preliminary,Automatic,2021-11-16 01:52:53.833 UTC,,Magnitude not reported
S1056b,S1056b,InSight-site catalog event,4.5024,135.6234,Elysium Southwest,Reviewed,Manual,2021-11-16 01:17:44.103081 UTC,1.9,MW 1.9
S1056a,S1056a,InSight-site catalog event,4.5024,135.6234,Elysium Southwest,Reviewed,Manual,2021-11-16 00:49:31.757714 UTC,1.9,MW 1.9
S1055e,S1055e,InSight-site catalog event,4.5024,135.6234,Elysium Southwest,Reviewed,Manual,2021-11-15 03:57:49.865772 UTC,1.9,MW 1.9
S1055d,S1055d,InSight-site catalog event,4.5024,135.6234,Elysium Southwest,Reviewed,Manual,2021-11-15 02:00:35.694638 UTC,1.8,MW 1.8
S1055b,S1055b,InSight-site catalog event,4.5024,135.6234,Elysium Southwest,Reviewed,Manual,2021-11-15 01:38:01.927451 UTC,,Magnitude not reported
S1055a,S1055a,InSight-site catalog event,4.5024,135.6234,Elysium Southwest,Reviewed,Manual,2021-11-15 00:40:31.010821 UTC,,Magnitude not reported
T1055a,T1055a,InSight-site catalog event,4.5024,135.6234,Unspecified,Preliminary,Automatic,2021-11-15 00:17:15.733 UTC,,Magnitude not reported
S1054c,S1054c,InSight-site catalog event,4.5024,135.6234,Elysium Southwest,Reviewed,Manual,2021-11-14 03:24:25.479129 UTC,2.1,MW 2.1
S1054b,S1054b,InSight-site catalog event,4.5024,135.6234,Elysium Southwest,Reviewed,Manual,2021-11-14 02:15:32.55535 UTC,2.3,MW 2.3
T1054b,T1054b,InSight-site catalog event,4.5024,135.6234,Unspecified,Preliminary,Automatic,2021-11-14 01:49:52.155 UTC,,Magnitude not reported
T1054a,T1054a,InSight-site catalog event,4.5024,135.6234,Unspecified,Preliminary,Automatic,2021-11-13 23:52:40.055 UTC,,Magnitude not reported
S1054a,S1054a,InSight-site catalog event,4.5024,135.6234,Elysium Southwest,Reviewed,Manual,2021-11-13 23:34:28.203232 UTC,2.0,MW 2.0
T1053c,T1053c,InSight-site catalog event,4.5024,135.6234,Unspecified,Preliminary,Automatic,2021-11-13 00:03:53.305 UTC,,Magnitude not reported
T1053b,T1053b,InSight-site catalog event,4.5024,135.6234,Unspecified,Preliminary,Automatic,2021-11-12 23:15:33.705 UTC,,Magnitude not reported
T1053a,T1053a,InSight-site catalog event,4.5024,135.6234,Unspecified,Preliminary,Automatic,2021-11-12 23:14:40.605 UTC,,Magnitude not reported
S1053a,S1053a,InSight-site catalog event,4.5024,135.6234,Elysium Southwest,Reviewed,Manual,2021-11-12 21:50:16.594596 UTC,,Magnitude not reported
S1052b,S1052b,InSight-site catalog event,4.5024,135.6234,Elysium Southwest,Reviewed,Manual,2021-11-12 00:39:53.80272 UTC,,Magnitude not reported
T1052b,T1052b,InSight-site catalog event,4.5024,135.6234,Unspecified,Preliminary,Automatic,2021-11-11 22:37:32.905 UTC,,Magnitude not reported
S1052a,S1052a,InSight-site catalog event,4.5024,135.6234,Elysium Southwest,Reviewed,Manual,2021-11-11 21:40:42.952596 UTC,,Magnitude not reported
T1052a,T1052a,InSight-site catalog event,4.5024,135.6234,Unspecified,Preliminary,Automatic,2021-11-11 19:14:04.155 UTC,,Magnitude not reported
S1051b,S1051b,InSight-site catalog event,4.5024,135.6234,Elysium Southwest,Reviewed,Manual,2021-11-10 20:07:51.719236 UTC,,Magnitude not reported
S1051a,S1051a,InSight-site catalog event,4.5024,135.6234,Elysium Southwest,Reviewed,Manual,2021-11-10 19:32:58.407646 UTC,2.0,MW 2.0
T1051b,T1051b,InSight-site catalog event,4.5024,135.6234,Unspecified,Preliminary,Automatic,2021-11-10 18:06:12.455 UTC,,Magnitude not reported
T1051a,T1051a,InSight-site catalog event,4.5024,135.6234,Unspecified,Preliminary,Automatic,2021-11-10 04:46:22.005 UTC,,Magnitude not reported
S1050c,S1050c,InSight-site catalog event,4.5024,135.6234,Elysium Southwest,Reviewed,Manual,2021-11-10 00:47:09.469096 UTC,,Magnitude not reported
S1050b,S1050b,InSight-site catalog event,4.5024,135.6234,Elysium Southwest,Reviewed,Manual,2021-11-09 23:56:59.675394 UTC,2.0,MW 2.0
T1050b,T1050b,InSight-site catalog event,4.5024,135.6234,Unspecified,Preliminary,Automatic,2021-11-09 23:42:08.205 UTC,,Magnitude not reported
S1050a,S1050a,InSight-site catalog event,4.5024,135.6234,Elysium Southwest,Reviewed,Manual,2021-11-09 23:26:28.875085 UTC,,Magnitude not reported
T1050a,T1050a,InSight-site catalog event,4.5024,135.6234,Unspecified,Preliminary,Automatic,2021-11-09 21:19:46.155 UTC,,Magnitude not reported
S1049d,S1049d,InSight-site catalog event,4.5024,135.6234,Elysium Southwest,Reviewed,Manual,2021-11-09 00:07:36.038559 UTC,1.9,MW 1.9
S1049c,S1049c,InSight-site catalog event,4.5024,135.6234,Elysium Southwest,Reviewed,Manual,2021-11-08 21:48:40.544561 UTC,1.9,MW 1.9
S1049b,S1049b,InSight-site catalog event,4.5024,135.6234,Elysium Southwest,Reviewed,Manual,2021-11-08 20:47:12.466714 UTC,1.6,MW 1.6
T1049a,T1049a,InSight-site catalog event,4.5024,135.6234,Unspecified,Preliminary,Automatic,2021-11-08 20:35:06.348 UTC,,Magnitude not reported
S1049a,S1049a,InSight-site catalog event,4.5024,135.6234,Elysium Southwest,Reviewed,Manual,2021-11-08 19:34:59.713672 UTC,,Magnitude not reported
S1048e,S1048e,InSight-site catalog event,4.5024,135.6234,Elysium Southwest,Reviewed,Manual,2021-11-07 23:56:35.808873 UTC,,Magnitude not reported
S1048f,S1048f,InSight-site catalog event,4.5024,135.6234,Elysium Southwest,Reviewed,Manual,2021-11-07 22:54:34.873153 UTC,,Magnitude not reported
T1048c,T1048c,InSight-site catalog event,4.5024,135.6234,Unspecified,Preliminary,Automatic,2021-11-07 21:33:10.648 UTC,,Magnitude not reported
T1048b,T1048b,InSight-site catalog event,4.5024,135.6234,Unspecified,Preliminary,Automatic,2021-11-07 20:55:11.748 UTC,,Magnitude not reported
S1048c,S1048c,InSight-site catalog event,4.5024,135.6234,Elysium Southwest,Reviewed,Manual,2021-11-07 20:48:48.970191 UTC,,Magnitude not reported
S1048b,S1048b,InSight-site catalog event,4.5024,135.6234,Elysium Southwest,Reviewed,Manual,2021-11-07 20:23:00.700903 UTC,,Magnitude not reported
T1048a,T1048a,InSight-site catalog event,4.5024,135.6234,Unspecified,Preliminary,Automatic,2021-11-07 19:41:19.648 UTC,,Magnitude not reported
S1048a,S1048a,InSight-site catalog event,4.5024,135.6234,Elysium Southwest,Reviewed,Manual,2021-11-07 19:06:46.979987 UTC,1.8,MW 1.8
S1047h,S1047h,InSight-site catalog event,4.5024,135.6234,Elysium Southwest,Reviewed,Manual,2021-11-07 00:23:29.172467 UTC,2.3,MW 2.3
S1047g,S1047g,InSight-site catalog event,4.5024,135.6234,Elysium Southwest,Reviewed,Manual,2021-11-06 21:29:38.508845 UTC,1.9,MW 1.9
S1047f,S1047f,InSight-site catalog event,4.5024,135.6234,Elysium Southwest,Reviewed,Manual,2021-11-06 21:01:26.241856 UTC,,Magnitude not reported
T1047b,T1047b,InSight-site catalog event,4.5024,135.6234,Unspecified,Preliminary,Automatic,2021-11-06 20:03:44.698 UTC,,Magnitude not reported
S1047e,S1047e,InSight-site catalog event,4.5024,135.6234,Elysium Southwest,Reviewed,Manual,2021-11-06 20:03:13.544495 UTC,,Magnitude not reported
S1047d,S1047d,InSight-site catalog event,4.5024,135.6234,Elysium Southwest,Reviewed,Manual,2021-11-06 19:49:31.328248 UTC,,Magnitude not reported
S1047c,S1047c,InSight-site catalog event,4.5024,135.6234,Elysium Southwest,Reviewed,Manual,2021-11-06 19:37:48.835369 UTC,,Magnitude not reported
S1047b,S1047b,InSight-site catalog event,4.5024,135.6234,Elysium Southwest,Reviewed,Manual,2021-11-06 19:14:32.269978 UTC,,Magnitude not reported
T1047a,T1047a,InSight-site catalog event,4.5024,135.6234,Unspecified,Preliminary,Automatic,2021-11-06 18:49:01.948 UTC,,Magnitude not reported
S1047a,S1047a,InSight-site catalog event,4.5024,135.6234,Elysium Southwest,Reviewed,Manual,2021-11-06 16:54:15.278383 UTC,2.8,MW 2.8
S1046d,S1046d,InSight-site catalog event,4.5024,135.6234,Elysium Southwest,Reviewed,Manual,2021-11-05 21:02:55.285685 UTC,,Magnitude not reported
S1046c,S1046c,InSight-site catalog event,4.5024,135.6234,Elysium Southwest,Reviewed,Manual,2021-11-05 20:43:14.794644 UTC,,Magnitude not reported
S1046b,S1046b,InSight-site catalog event,4.5024,135.6234,Elysium Southwest,Reviewed,Manual,2021-11-05 19:55:23.201428 UTC,,Magnitude not reported
T1046a,T1046a,InSight-site catalog event,4.5024,135.6234,Unspecified,Preliminary,Automatic,2021-11-05 19:08:22.598 UTC,,Magnitude not reported
S1046a,S1046a,InSight-site catalog event,4.5024,135.6234,Elysium Southwest,Reviewed,Manual,2021-11-05 00:02:23.3301 UTC,1.7,MW 1.7
S1045d,S1045d,InSight-site catalog event,4.5024,135.6234,Elysium Southwest,Reviewed,Manual,2021-11-04 20:13:16.753503 UTC,,Magnitude not reported
T1045a,T1045a,InSight-site catalog event,4.5024,135.6234,Unspecified,Preliminary,Automatic,2021-11-04 18:00:59.548 UTC,,Magnitude not reported
S1045c,S1045c,InSight-site catalog event,4.5024,135.6234,Elysium Southwest,Reviewed,Manual,2021-11-04 17:22:03.970474 UTC,,Magnitude not reported
S1045b,S1045b,InSight-site catalog event,4.5024,135.6234,Elysium Southwest,Reviewed,Manual,2021-11-04 16:18:33.823927 UTC,,Magnitude not reported
S1045a,S1045a,InSight-site catalog event,4.5024,135.6234,Elysium Southwest,Reviewed,Manual,2021-11-04 01:39:04.856419 UTC,2.4,MW 2.4
S1044d,S1044d,InSight-site catalog event,4.5024,135.6234,Elysium Southwest,Reviewed,Manual,2021-11-03 20:12:47.570733 UTC,1.9,MW 1.9
S1044c,S1044c,InSight-site catalog event,4.5024,135.6234,Elysium Southwest,Reviewed,Manual,2021-11-03 19:29:40.080417 UTC,1.7,MW 1.7
T1044d,T1044d,InSight-site catalog event,4.5024,135.6234,Unspecified,Preliminary,Automatic,2021-11-03 18:09:41.248 UTC,,Magnitude not reported
T1044c,T1044c,InSight-site catalog event,4.5024,135.6234,Unspecified,Preliminary,Automatic,2021-11-03 17:46:19.448 UTC,,Magnitude not reported
S1044b,S1044b,InSight-site catalog event,4.5024,135.6234,Elysium Southwest,Reviewed,Manual,2021-11-03 17:38:02.916703 UTC,1.9,MW 1.9
T1044b,T1044b,InSight-site catalog event,4.5024,135.6234,Unspecified,Preliminary,Automatic,2021-11-03 16:43:55.748 UTC,,Magnitude not reported
S1044a,S1044a,InSight-site catalog event,4.5024,135.6234,Elysium Southwest,Reviewed,Manual,2021-11-03 16:13:55.628165 UTC,,Magnitude not reported
T1044a,T1044a,InSight-site catalog event,4.5024,135.6234,Unspecified,Preliminary,Automatic,2021-11-03 14:53:08.248 UTC,,Magnitude not reported
T1043c,T1043c,InSight-site catalog event,4.5024,135.6234,Unspecified,Preliminary,Automatic,2021-11-02 17:28:49.848 UTC,,Magnitude not reported
T1043b,T1043b,InSight-site catalog event,4.5024,135.6234,Unspecified,Preliminary,Automatic,2021-11-02 16:48:59.248 UTC,,Magnitude not reported
S1043b,S1043b,InSight-site catalog event,4.5024,135.6234,Elysium Southwest,Reviewed,Manual,2021-11-02 16:45:30.896466 UTC,,Magnitude not reported
S1043a,S1043a,InSight-site catalog event,4.5024,135.6234,Elysium Southwest,Reviewed,Manual,2021-11-02 15:01:34.389717 UTC,2.0,MW 2.0
T1043a,T1043a,InSight-site catalog event,4.5024,135.6234,Unspecified,Preliminary,Automatic,2021-11-02 13:33:00.798 UTC,,Magnitude not reported
T1042c,T1042c,InSight-site catalog event,4.5024,135.6234,Unspecified,Preliminary,Automatic,2021-11-01 16:29:40.098 UTC,,Magnitude not reported
T1042b,T1042b,InSight-site catalog event,4.5024,135.6234,Unspecified,Preliminary,Automatic,2021-11-01 15:24:07.348 UTC,,Magnitude not reported
S1042a,S1042a,InSight-site catalog event,4.5024,135.6234,Elysium Southwest,Reviewed,Manual,2021-11-01 14:19:00.638933 UTC,2.0,MW 2.0
T1042a,T1042a,InSight-site catalog event,4.5024,135.6234,Unspecified,Preliminary,Automatic,2021-11-01 13:44:29.398 UTC,,Magnitude not reported
S1041a,S1041a,InSight-site catalog event,4.5024,135.6234,Elysium Southwest,Reviewed,Manual,2021-10-31 16:25:46.656009 UTC,,Magnitude not reported
T1041b,T1041b,InSight-site catalog event,4.5024,135.6234,Unspecified,Preliminary,Automatic,2021-10-31 15:32:13.098 UTC,,Magnitude not reported
T1041a,T1041a,InSight-site catalog event,4.5024,135.6234,Unspecified,Preliminary,Automatic,2021-10-31 13:17:33.848 UTC,,Magnitude not reported
S1040d,S1040d,InSight-site catalog event,4.5024,135.6234,Elysium Southwest,Reviewed,Manual,2021-10-30 17:27:18.756657 UTC,2.0,MW 2.0
S1040c,S1040c,InSight-site catalog event,4.5024,135.6234,Elysium Southwest,Reviewed,Manual,2021-10-30 16:37:27.910783 UTC,,Magnitude not reported
T1040a,T1040a,InSight-site catalog event,4.5024,135.6234,Unspecified,Preliminary,Automatic,2021-10-30 14:32:25.948 UTC,,Magnitude not reported
S1040b,S1040b,InSight-site catalog event,4.5024,135.6234,Elysium Southwest,Reviewed,Manual,2021-10-30 13:56:44.537738 UTC,2.1,MW 2.1
S1040a,S1040a,InSight-site catalog event,4.5024,135.6234,Elysium Southwest,Reviewed,Manual,2021-10-30 13:00:21.175877 UTC,1.9,MW 1.9
S1039b,S1039b,InSight-site catalog event,4.5024,135.6234,Elysium Southwest,Reviewed,Manual,2021-10-29 16:14:25.453174 UTC,3.1,MW 3.1
T1039a,T1039a,InSight-site catalog event,4.5024,135.6234,Unspecified,Preliminary,Automatic,2021-10-29 14:07:55.767 UTC,,Magnitude not reported
S1039a,S1039a,InSight-site catalog event,4.5024,135.6234,Elysium Southwest,Reviewed,Manual,2021-10-29 13:18:26.638272 UTC,,Magnitude not reported
S1038d,S1038d,InSight-site catalog event,4.5024,135.6234,Elysium Southwest,Reviewed,Manual,2021-10-28 16:16:06.803057 UTC,,Magnitude not reported
S1038c,S1038c,InSight-site catalog event,4.5024,135.6234,Elysium Southwest,Reviewed,Manual,2021-10-28 14:49:08.633482 UTC,,Magnitude not reported
T1038b,T1038b,InSight-site catalog event,4.5024,135.6234,Unspecified,Preliminary,Automatic,2021-10-28 13:20:50.367 UTC,,Magnitude not reported
T1038a,T1038a,InSight-site catalog event,4.5024,135.6234,Unspecified,Preliminary,Automatic,2021-10-28 11:16:03.867 UTC,,Magnitude not reported
S1038b,S1038b,InSight-site catalog event,4.5024,135.6234,Elysium Southwest,Reviewed,Manual,2021-10-28 11:09:40.362213 UTC,1.7,MW 1.7
S1038a,S1038a,InSight-site catalog event,4.5024,135.6234,Elysium Southwest,Reviewed,Manual,2021-10-27 21:37:27.573768 UTC,,Magnitude not reported
S1037c,S1037c,InSight-site catalog event,4.5024,135.6234,Elysium Southwest,Reviewed,Manual,2021-10-27 16:15:49.830305 UTC,1.8,MW 1.8
S1037b,S1037b,InSight-site catalog event,4.5024,135.6234,Elysium Southwest,Reviewed,Manual,2021-10-27 15:42:31.292397 UTC,,Magnitude not reported
S1037a,S1037a,InSight-site catalog event,4.5024,135.6234,Elysium Southwest,Reviewed,Manual,2021-10-27 14:20:54.137225 UTC,,Magnitude not reported
T1037a,T1037a,InSight-site catalog event,4.5024,135.6234,Unspecified,Preliminary,Automatic,2021-10-27 12:46:48.217 UTC,,Magnitude not reported
S1036c,S1036c,InSight-site catalog event,4.5024,135.6234,Elysium Southwest,Reviewed,Manual,2021-10-26 15:28:48.257906 UTC,,Magnitude not reported
S1036b,S1036b,InSight-site catalog event,4.5024,135.6234,Elysium Southwest,Reviewed,Manual,2021-10-26 12:34:08.759077 UTC,,Magnitude not reported
T1036b,T1036b,InSight-site catalog event,4.5024,135.6234,Unspecified,Preliminary,Automatic,2021-10-26 11:46:05.867 UTC,,Magnitude not reported
S1036a,S1036a,InSight-site catalog event,4.5024,135.6234,Elysium Southwest,Reviewed,Manual,2021-10-26 11:43:11.184055 UTC,,Magnitude not reported
T1036a,T1036a,InSight-site catalog event,4.5024,135.6234,Unspecified,Preliminary,Automatic,2021-10-26 10:11:05.067 UTC,,Magnitude not reported
S1035g,S1035g,InSight-site catalog event,4.5024,135.6234,Elysium Southwest,Reviewed,Manual,2021-10-25 14:44:11.533892 UTC,1.8,MW 1.8
S1035f,S1035f,InSight-site catalog event,4.5024,135.6234,Elysium Southwest,Reviewed,Manual,2021-10-25 12:07:19.325869 UTC,1.7,MW 1.7
S1035e,S1035e,InSight-site catalog event,4.5024,135.6234,Elysium Southwest,Reviewed,Manual,2021-10-25 11:23:25.673609 UTC,,Magnitude not reported
T1035b,T1035b,InSight-site catalog event,4.5024,135.6234,Unspecified,Preliminary,Automatic,2021-10-25 11:14:53.667 UTC,,Magnitude not reported
S1035d,S1035d,InSight-site catalog event,4.5024,135.6234,Elysium Southwest,Reviewed,Manual,2021-10-25 09:56:03.697749 UTC,,Magnitude not reported
T1035a,T1035a,InSight-site catalog event,4.5024,135.6234,Unspecified,Preliminary,Automatic,2021-10-25 09:30:13.717 UTC,,Magnitude not reported
S1035c,S1035c,InSight-site catalog event,4.5024,135.6234,Elysium Southwest,Reviewed,Manual,2021-10-25 09:20:29.31156 UTC,1.6,MW 1.6
S1035b,S1035b,InSight-site catalog event,4.5024,135.6234,Elysium Southwest,Reviewed,Manual,2021-10-24 20:34:17.145727 UTC,,Magnitude not reported
S1035a,S1035a,InSight-site catalog event,4.5024,135.6234,Elysium Southwest,Reviewed,Manual,2021-10-24 17:44:11.777611 UTC,,Magnitude not reported
S1034e,S1034e,InSight-site catalog event,4.5024,135.6234,Elysium Southwest,Reviewed,Manual,2021-10-24 14:58:43.872285 UTC,2.2,MW 2.2
S1034d,S1034d,InSight-site catalog event,4.5024,135.6234,Elysium Southwest,Reviewed,Manual,2021-10-24 13:19:21.181562 UTC,1.9,MW 1.9
T1034b,T1034b,InSight-site catalog event,4.5024,135.6234,Unspecified,Preliminary,Automatic,2021-10-24 11:03:53.42 UTC,,Magnitude not reported
T1034a,T1034a,InSight-site catalog event,4.5024,135.6234,Unspecified,Preliminary,Automatic,2021-10-24 10:03:11.87 UTC,,Magnitude not reported
S1034c,S1034c,InSight-site catalog event,4.5024,135.6234,Elysium Southwest,Reviewed,Manual,2021-10-24 09:42:58.41207 UTC,,Magnitude not reported
S1034b,S1034b,InSight-site catalog event,4.5024,135.6234,Elysium Southwest,Reviewed,Manual,2021-10-24 09:20:13.843379 UTC,2.0,MW 2.0
S1034a,S1034a,InSight-site catalog event,4.5024,135.6234,Elysium Southwest,Reviewed,Manual,2021-10-23 18:21:42.66185 UTC,3.0,MW 3.0
S1033b,S1033b,InSight-site catalog event,4.5024,135.6234,Elysium Southwest,Reviewed,Manual,2021-10-23 12:45:11.793684 UTC,,Magnitude not reported
S1033a,S1033a,InSight-site catalog event,4.5024,135.6234,Elysium Southwest,Reviewed,Manual,2021-10-23 11:30:14.962963 UTC,,Magnitude not reported
T1033a,T1033a,InSight-site catalog event,4.5024,135.6234,Unspecified,Preliminary,Automatic,2021-10-23 10:09:21.22 UTC,,Magnitude not reported
S1032c,S1032c,InSight-site catalog event,4.5024,135.6234,Elysium Southwest,Reviewed,Manual,2021-10-22 10:45:21.182371 UTC,,Magnitude not reported
T1032b,T1032b,InSight-site catalog event,4.5024,135.6234,Unspecified,Preliminary,Automatic,2021-10-22 09:30:18.22 UTC,,Magnitude not reported
S1032b,S1032b,InSight-site catalog event,4.5024,135.6234,Elysium Southwest,Reviewed,Manual,2021-10-22 09:22:35.156002 UTC,2.5,MW 2.5
S1032a,S1032a,InSight-site catalog event,4.5024,135.6234,Elysium Southwest,Reviewed,Manual,2021-10-22 09:02:54.827659 UTC,1.6,MW 1.6
T1032a,T1032a,InSight-site catalog event,4.5024,135.6234,Unspecified,Preliminary,Automatic,2021-10-22 08:05:44.17 UTC,,Magnitude not reported
S1031c,S1031c,InSight-site catalog event,4.5024,135.6234,Elysium Southwest,Reviewed,Manual,2021-10-21 12:46:39.325365 UTC,2.0,MW 2.0
S1031b,S1031b,InSight-site catalog event,4.5024,135.6234,Elysium Southwest,Reviewed,Manual,2021-10-21 10:38:27.585685 UTC,,Magnitude not reported
T1031b,T1031b,InSight-site catalog event,4.5024,135.6234,Unspecified,Preliminary,Automatic,2021-10-21 09:51:27.47 UTC,,Magnitude not reported
S1031a,S1031a,InSight-site catalog event,4.5024,135.6234,Elysium Southwest,Reviewed,Manual,2021-10-21 07:40:25.287904 UTC,1.6,MW 1.6
T1031a,T1031a,InSight-site catalog event,4.5024,135.6234,Unspecified,Preliminary,Automatic,2021-10-21 07:06:29.42 UTC,,Magnitude not reported
S1030b,S1030b,InSight-site catalog event,4.5024,135.6234,Elysium Southwest,Reviewed,Manual,2021-10-20 10:27:41.963511 UTC,2.0,MW 2.0
S1030a,S1030a,InSight-site catalog event,4.5024,135.6234,Elysium Southwest,Reviewed,Manual,2021-10-20 08:22:51.053546 UTC,1.5,MW 1.5
S1029b,S1029b,InSight-site catalog event,4.5024,135.6234,Elysium Southwest,Reviewed,Manual,2021-10-19 09:37:32.991128 UTC,2.1,MW 2.1
T1029a,T1029a,InSight-site catalog event,4.5024,135.6234,Unspecified,Preliminary,Automatic,2021-10-19 05:48:34.618 UTC,,Magnitude not reported
S1029a,S1029a,InSight-site catalog event,4.5024,135.6234,Elysium Southwest,Reviewed,Manual,2021-10-18 14:03:56.138651 UTC,,Magnitude not reported
S1028c,S1028c,InSight-site catalog event,4.5024,135.6234,Elysium Southwest,Reviewed,Manual,2021-10-18 11:34:59.944612 UTC,,Magnitude not reported
S1028b,S1028b,InSight-site catalog event,4.5024,135.6234,Elysium Southwest,Reviewed,Manual,2021-10-18 07:50:07.805327 UTC,1.9,MW 1.9
T1028b,T1028b,InSight-site catalog event,4.5024,135.6234,Unspecified,Preliminary,Automatic,2021-10-18 06:50:04.268 UTC,,Magnitude not reported
S1028a,S1028a,InSight-site catalog event,4.5024,135.6234,Elysium Southwest,Reviewed,Manual,2021-10-18 06:08:40.336382 UTC,1.6,MW 1.6
T1028a,T1028a,InSight-site catalog event,4.5024,135.6234,Unspecified,Preliminary,Automatic,2021-10-18 04:34:02.868 UTC,,Magnitude not reported
S1027e,S1027e,InSight-site catalog event,4.5024,135.6234,Elysium Southwest,Reviewed,Manual,2021-10-17 10:28:32.6552 UTC,,Magnitude not reported
S1027d,S1027d,InSight-site catalog event,4.5024,135.6234,Elysium Southwest,Reviewed,Manual,2021-10-17 09:21:49.211438 UTC,1.8,MW 1.8
S1027c,S1027c,InSight-site catalog event,4.5024,135.6234,Elysium Southwest,Reviewed,Manual,2021-10-17 08:28:10.541589 UTC,,Magnitude not reported
S1027b,S1027b,InSight-site catalog event,4.5024,135.6234,Elysium Southwest,Reviewed,Manual,2021-10-17 08:11:46.36252 UTC,1.6,MW 1.6
S1027a,S1027a,InSight-site catalog event,4.5024,135.6234,Elysium Southwest,Reviewed,Manual,2021-10-17 06:20:23.45263 UTC,1.9,MW 1.9
T1027c,T1027c,InSight-site catalog event,4.5024,135.6234,Unspecified,Preliminary,Automatic,2021-10-17 05:59:52.818 UTC,,Magnitude not reported
T1027b,T1027b,InSight-site catalog event,4.5024,135.6234,Unspecified,Preliminary,Automatic,2021-10-17 04:24:43.918 UTC,,Magnitude not reported
T1027a,T1027a,InSight-site catalog event,4.5024,135.6234,Unspecified,Preliminary,Automatic,2021-10-17 04:08:18.718 UTC,,Magnitude not reported
S1026e,S1026e,InSight-site catalog event,4.5024,135.6234,Elysium Southwest,Reviewed,Manual,2021-10-16 08:52:49.484819 UTC,1.6,MW 1.6
S1026d,S1026d,InSight-site catalog event,4.5024,135.6234,Elysium Southwest,Reviewed,Manual,2021-10-16 08:04:28.812436 UTC,1.9,MW 1.9
S1026c,S1026c,InSight-site catalog event,4.5024,135.6234,Elysium Southwest,Reviewed,Manual,2021-10-16 06:42:35.022933 UTC,2.1,MW 2.1
S1026b,S1026b,InSight-site catalog event,4.5024,135.6234,Elysium Southwest,Reviewed,Manual,2021-10-16 06:20:54.074321 UTC,,Magnitude not reported
S1026a,S1026a,InSight-site catalog event,4.5024,135.6234,Elysium Southwest,Reviewed,Manual,2021-10-16 04:37:21.707258 UTC,,Magnitude not reported
T1026a,T1026a,InSight-site catalog event,4.5024,135.6234,Unspecified,Preliminary,Automatic,2021-10-16 03:20:39.418 UTC,,Magnitude not reported
S1025g,S1025g,InSight-site catalog event,4.5024,135.6234,Elysium Southwest,Reviewed,Manual,2021-10-15 07:50:43.47769 UTC,2.2,MW 2.2
S1025f,S1025f,InSight-site catalog event,4.5024,135.6234,Elysium Southwest,Reviewed,Manual,2021-10-15 07:26:40.933803 UTC,,Magnitude not reported
S1025e,S1025e,InSight-site catalog event,4.5024,135.6234,Elysium Southwest,Reviewed,Manual,2021-10-15 07:00:26.355797 UTC,1.7,MW 1.7
S1025d,S1025d,InSight-site catalog event,4.5024,135.6234,Elysium Southwest,Reviewed,Manual,2021-10-15 06:13:19.8543 UTC,,Magnitude not reported
S1025b,S1025b,InSight-site catalog event,4.5024,135.6234,Elysium Southwest,Reviewed,Manual,2021-10-15 04:25:37.016054 UTC,,Magnitude not reported
T1025a,T1025a,InSight-site catalog event,4.5024,135.6234,Unspecified,Preliminary,Automatic,2021-10-15 03:38:56.718 UTC,,Magnitude not reported
S1025a,S1025a,InSight-site catalog event,4.5024,135.6234,Elysium Southwest,Reviewed,Manual,2021-10-14 10:20:36.502254 UTC,,Magnitude not reported
S1024c,S1024c,InSight-site catalog event,4.5024,135.6234,Elysium Southwest,Reviewed,Manual,2021-10-14 05:58:20.206396 UTC,2.0,MW 2.0
S1024b,S1024b,InSight-site catalog event,4.5024,135.6234,Elysium Southwest,Reviewed,Manual,2021-10-14 05:11:55.575002 UTC,1.7,MW 1.7
S1024a,S1024a,InSight-site catalog event,4.5024,135.6234,Elysium Southwest,Reviewed,Manual,2021-10-14 04:05:14.913544 UTC,1.6,MW 1.6
T1024a,T1024a,InSight-site catalog event,4.5024,135.6234,Unspecified,Preliminary,Automatic,2021-10-14 02:12:44.237 UTC,,Magnitude not reported
S1023c,S1023c,InSight-site catalog event,4.5024,135.6234,Elysium Southwest,Reviewed,Manual,2021-10-13 06:02:34.712956 UTC,1.9,MW 1.9
S1023b,S1023b,InSight-site catalog event,4.5024,135.6234,Elysium Southwest,Reviewed,Manual,2021-10-13 05:42:58.152914 UTC,,Magnitude not reported
S1023a,S1023a,InSight-site catalog event,4.5024,135.6234,Elysium Southwest,Reviewed,Manual,2021-10-13 02:28:05.0614 UTC,1.7,MW 1.7
T1023a,T1023a,InSight-site catalog event,4.5024,135.6234,Unspecified,Preliminary,Automatic,2021-10-13 01:14:43.237 UTC,,Magnitude not reported
S1022e,S1022e,InSight-site catalog event,4.5024,135.6234,Elysium Southwest,Reviewed,Manual,2021-10-12 07:48:33.70508 UTC,1.8,MW 1.8
S1022d,S1022d,InSight-site catalog event,4.5024,135.6234,Elysium Southwest,Reviewed,Manual,2021-10-12 05:22:37.275225 UTC,1.9,MW 1.9
S1022c,S1022c,InSight-site catalog event,4.5024,135.6234,Elysium Southwest,Reviewed,Manual,2021-10-12 02:53:17.511066 UTC,2.0,MW 2.0
S1022b,S1022b,InSight-site catalog event,4.5024,135.6234,Elysium Southwest,Reviewed,Manual,2021-10-12 02:06:53.469124 UTC,,Magnitude not reported
T1022b,T1022b,InSight-site catalog event,4.5024,135.6234,Unspecified,Preliminary,Automatic,2021-10-12 01:40:16.637 UTC,,Magnitude not reported
T1022a,T1022a,InSight-site catalog event,4.5024,135.6234,Unspecified,Preliminary,Automatic,2021-10-12 00:16:25.287 UTC,,Magnitude not reported
S1022f,S1022f,InSight-site catalog event,4.5024,135.6234,Elysium Southwest,Reviewed,Manual,2021-10-11 08:46:47.950161 UTC,,Magnitude not reported
S1021a,S1021a,InSight-site catalog event,4.5024,135.6234,Elysium Southwest,Reviewed,Manual,2021-10-11 04:54:33.104484 UTC,1.7,MW 1.7
T1021a,T1021a,InSight-site catalog event,4.5024,135.6234,Unspecified,Preliminary,Automatic,2021-10-11 01:03:35.237 UTC,,Magnitude not reported
S1020d,S1020d,InSight-site catalog event,4.5024,135.6234,Elysium Southwest,Reviewed,Manual,2021-10-10 04:59:59.399544 UTC,1.8,MW 1.8
S1020c,S1020c,InSight-site catalog event,4.5024,135.6234,Elysium Southwest,Reviewed,Manual,2021-10-10 04:32:37.081431 UTC,1.8,MW 1.8
S1020b,S1020b,InSight-site catalog event,4.5024,135.6234,Elysium Southwest,Reviewed,Manual,2021-10-10 01:57:35.873235 UTC,1.7,MW 1.7
S1020a,S1020a,InSight-site catalog event,4.5024,135.6234,Elysium Southwest,Reviewed,Manual,2021-10-10 00:38:58.497184 UTC,,Magnitude not reported
T1020a,T1020a,InSight-site catalog event,4.5024,135.6234,Unspecified,Preliminary,Automatic,2021-10-09 23:14:34.137 UTC,,Magnitude not reported
S1019d,S1019d,InSight-site catalog event,4.5024,135.6234,Elysium Southwest,Reviewed,Manual,2021-10-09 04:04:57.977023 UTC,,Magnitude not reported
S1019c,S1019c,InSight-site catalog event,4.5024,135.6234,Elysium Southwest,Reviewed,Manual,2021-10-09 02:55:04.467897 UTC,,Magnitude not reported
S1019b,S1019b,InSight-site catalog event,4.5024,135.6234,Elysium Southwest,Reviewed,Manual,2021-10-09 01:49:26.911166 UTC,1.9,MW 1.9
T1019a,T1019a,InSight-site catalog event,4.5024,135.6234,Unspecified,Preliminary,Automatic,2021-10-08 23:11:35.74 UTC,,Magnitude not reported
S1019a,S1019a,InSight-site catalog event,4.5024,135.6234,Elysium Southwest,Reviewed,Manual,2021-10-08 06:14:30.325706 UTC,2.4,MW 2.4
S1018c,S1018c,InSight-site catalog event,4.5024,135.6234,Elysium Southwest,Reviewed,Manual,2021-10-08 00:32:00.377635 UTC,,Magnitude not reported
S1018b,S1018b,InSight-site catalog event,4.5024,135.6234,Elysium Southwest,Reviewed,Manual,2021-10-08 00:03:19.592479 UTC,,Magnitude not reported
T1018a,T1018a,InSight-site catalog event,4.5024,135.6234,Unspecified,Preliminary,Automatic,2021-10-07 22:01:26.24 UTC,,Magnitude not reported
S1018a,S1018a,InSight-site catalog event,4.5024,135.6234,Elysium Southwest,Reviewed,Manual,2021-10-07 08:31:52.62357 UTC,,Magnitude not reported
S1017d,S1017d,InSight-site catalog event,4.5024,135.6234,Elysium Southwest,Reviewed,Manual,2021-10-07 02:21:23.141588 UTC,,Magnitude not reported
S1017c,S1017c,InSight-site catalog event,4.5024,135.6234,Elysium Southwest,Reviewed,Manual,2021-10-07 00:42:24.859445 UTC,,Magnitude not reported
S1017b,S1017b,InSight-site catalog event,4.5024,135.6234,Elysium Southwest,Reviewed,Manual,2021-10-07 00:28:25.406294 UTC,,Magnitude not reported
T1017a,T1017a,InSight-site catalog event,4.5024,135.6234,Unspecified,Preliminary,Automatic,2021-10-06 22:15:25.94 UTC,,Magnitude not reported
S1017a,S1017a,InSight-site catalog event,4.5024,135.6234,Elysium Southwest,Reviewed,Manual,2021-10-06 22:12:19.313507 UTC,2.1,MW 2.1
S1016e,S1016e,InSight-site catalog event,4.5024,135.6234,Elysium Southwest,Reviewed,Manual,2021-10-06 03:22:48.85642 UTC,,Magnitude not reported
S1016d,S1016d,InSight-site catalog event,4.5024,135.6234,Elysium Southwest,Reviewed,Manual,2021-10-06 02:58:26.294947 UTC,,Magnitude not reported
S1016b,S1016b,InSight-site catalog event,4.5024,135.6234,Elysium Southwest,Reviewed,Manual,2021-10-05 21:59:07.941468 UTC,,Magnitude not reported
T1016a,T1016a,InSight-site catalog event,4.5024,135.6234,Unspecified,Preliminary,Automatic,2021-10-05 21:40:21.54 UTC,,Magnitude not reported
S1016a,S1016a,InSight-site catalog event,4.5024,135.6234,Elysium Southwest,Reviewed,Manual,2021-10-05 09:26:42.576676 UTC,1.8,MW 1.8
S1015e,S1015e,InSight-site catalog event,4.5024,135.6234,Elysium Southwest,Reviewed,Manual,2021-10-05 01:16:47.470231 UTC,1.9,MW 1.9
S1015d,S1015d,InSight-site catalog event,4.5024,135.6234,Elysium Southwest,Reviewed,Manual,2021-10-05 00:27:34.894115 UTC,,Magnitude not reported
S1015c,S1015c,InSight-site catalog event,4.5024,135.6234,Elysium Southwest,Reviewed,Manual,2021-10-04 22:09:28.890976 UTC,,Magnitude not reported
T1015a,T1015a,InSight-site catalog event,4.5024,135.6234,Unspecified,Preliminary,Automatic,2021-10-04 21:31:00.74 UTC,,Magnitude not reported
S1015b,S1015b,InSight-site catalog event,4.5024,135.6234,Elysium Southwest,Reviewed,Manual,2021-10-04 21:18:57.946802 UTC,,Magnitude not reported
S1015a,S1015a,InSight-site catalog event,4.5024,135.6234,Elysium Southwest,Reviewed,Manual,2021-10-04 20:22:54.592012 UTC,1.7,MW 1.7
S1014a,S1014a,InSight-site catalog event,4.5024,135.6234,Elysium Southwest,Reviewed,Manual,2021-10-04 01:37:53.210977 UTC,1.9,MW 1.9
T1014b,T1014b,InSight-site catalog event,4.5024,135.6234,Unspecified,Preliminary,Automatic,2021-10-03 21:33:04.514 UTC,,Magnitude not reported
T1014a,T1014a,InSight-site catalog event,4.5024,135.6234,Unspecified,Preliminary,Automatic,2021-10-03 19:15:57.864 UTC,,Magnitude not reported
S1013c,S1013c,InSight-site catalog event,4.5024,135.6234,Elysium Southwest,Reviewed,Manual,2021-10-03 01:14:33.004921 UTC,,Magnitude not reported
S1013b,S1013b,InSight-site catalog event,4.5024,135.6234,Elysium Southwest,Reviewed,Manual,2021-10-02 22:16:05.577032 UTC,1.9,MW 1.9
T1013b,T1013b,InSight-site catalog event,4.5024,135.6234,Unspecified,Preliminary,Automatic,2021-10-02 19:50:02.014 UTC,,Magnitude not reported
S1013a,S1013a,InSight-site catalog event,4.5024,135.6234,Elysium Southwest,Reviewed,Manual,2021-10-02 19:31:44.956766 UTC,1.9,MW 1.9
T1013a,T1013a,InSight-site catalog event,4.5024,135.6234,Unspecified,Preliminary,Automatic,2021-10-02 19:06:46.264 UTC,,Magnitude not reported
S1012e,S1012e,InSight-site catalog event,4.5024,135.6234,Elysium Southwest,Reviewed,Manual,2021-10-02 01:05:54.183524 UTC,1.9,MW 1.9
S1012d,S1012d,InSight-site catalog event,4.5024,135.6234,Elysium Southwest,Reviewed,Manual,2021-10-02 00:29:27.840413 UTC,3.3,MW 3.3
S1012c,S1012c,InSight-site catalog event,4.5024,135.6234,Elysium Southwest,Reviewed,Manual,2021-10-01 22:55:45.50958 UTC,,Magnitude not reported
S1012b,S1012b,InSight-site catalog event,4.5024,135.6234,Elysium Southwest,Reviewed,Manual,2021-10-01 21:06:42.451875 UTC,,Magnitude not reported
S1012a,S1012a,InSight-site catalog event,4.5024,135.6234,Elysium Southwest,Reviewed,Manual,2021-10-01 20:50:28.076045 UTC,,Magnitude not reported
T1012a,T1012a,InSight-site catalog event,4.5024,135.6234,Unspecified,Preliminary,Automatic,2021-10-01 19:20:18.064 UTC,,Magnitude not reported
S1011d,S1011d,InSight-site catalog event,4.5024,135.6234,Elysium Southwest,Reviewed,Manual,2021-10-01 00:13:54.74409 UTC,2.1,MW 2.1
S1011c,S1011c,InSight-site catalog event,4.5024,135.6234,Elysium Southwest,Reviewed,Manual,2021-09-30 23:16:16.21619 UTC,2.0,MW 2.0
S1011b,S1011b,InSight-site catalog event,4.5024,135.6234,Elysium Southwest,Reviewed,Manual,2021-09-30 19:44:30.665292 UTC,1.8,MW 1.8
S1011a,S1011a,InSight-site catalog event,4.5024,135.6234,Elysium Southwest,Reviewed,Manual,2021-09-30 18:52:35.582829 UTC,,Magnitude not reported
T1011b,T1011b,InSight-site catalog event,4.5024,135.6234,Unspecified,Preliminary,Automatic,2021-09-30 18:28:49.764 UTC,,Magnitude not reported
T1011a,T1011a,InSight-site catalog event,4.5024,135.6234,Unspecified,Preliminary,Automatic,2021-09-30 17:52:38.464 UTC,,Magnitude not reported
S1010b,S1010b,InSight-site catalog event,4.5024,135.6234,Elysium Southwest,Reviewed,Manual,2021-09-29 21:33:30.582121 UTC,,Magnitude not reported
T1010a,T1010a,InSight-site catalog event,4.5024,135.6234,Unspecified,Preliminary,Automatic,2021-09-29 18:05:29.514 UTC,,Magnitude not reported
S1010a,S1010a,InSight-site catalog event,4.5024,135.6234,Elysium Southwest,Reviewed,Manual,2021-09-29 17:56:53.209249 UTC,1.9,MW 1.9
S1009d,S1009d,InSight-site catalog event,4.5024,135.6234,Elysium Southwest,Reviewed,Manual,2021-09-28 22:12:58.566546 UTC,2.1,MW 2.1
S1009c,S1009c,InSight-site catalog event,4.5024,135.6234,Elysium Southwest,Reviewed,Manual,2021-09-28 21:09:58.545781 UTC,,Magnitude not reported
S1009b,S1009b,InSight-site catalog event,4.5024,135.6234,Elysium Southwest,Reviewed,Manual,2021-09-28 18:18:18.608711 UTC,,Magnitude not reported
S1009a,S1009a,InSight-site catalog event,4.5024,135.6234,Elysium Southwest,Reviewed,Manual,2021-09-28 17:24:28.829712 UTC,1.9,MW 1.9
T1009b,T1009b,InSight-site catalog event,4.5024,135.6234,Unspecified,Preliminary,Automatic,2021-09-28 17:11:17.424 UTC,,Magnitude not reported
T1009a,T1009a,InSight-site catalog event,4.5024,135.6234,Unspecified,Preliminary,Automatic,2021-09-28 16:14:57.424 UTC,,Magnitude not reported
S1008c,S1008c,InSight-site catalog event,4.5024,135.6234,Elysium Southwest,Reviewed,Manual,2021-09-27 18:38:31.808967 UTC,1.6,MW 1.6
S1008b,S1008b,InSight-site catalog event,4.5024,135.6234,Elysium Southwest,Reviewed,Manual,2021-09-27 17:56:19.149533 UTC,1.8,MW 1.8
T1008a,T1008a,InSight-site catalog event,4.5024,135.6234,Unspecified,Preliminary,Automatic,2021-09-27 16:11:23.724 UTC,,Magnitude not reported
S1008a,S1008a,InSight-site catalog event,4.5024,135.6234,Elysium Southwest,Reviewed,Manual,2021-09-26 23:19:14.478901 UTC,2.3,MW 2.3
S1007d,S1007d,InSight-site catalog event,4.5024,135.6234,Elysium Southwest,Reviewed,Manual,2021-09-26 20:03:15.38973 UTC,1.8,MW 1.8
S1007c,S1007c,InSight-site catalog event,4.5024,135.6234,Elysium Southwest,Reviewed,Manual,2021-09-26 18:33:31.106786 UTC,,Magnitude not reported
S1007b,S1007b,InSight-site catalog event,4.5024,135.6234,Elysium Southwest,Reviewed,Manual,2021-09-26 17:04:48.510119 UTC,2.1,MW 2.1
S1007a,S1007a,InSight-site catalog event,4.5024,135.6234,Elysium Southwest,Reviewed,Manual,2021-09-26 16:36:45.884067 UTC,,Magnitude not reported
T1007a,T1007a,InSight-site catalog event,4.5024,135.6234,Unspecified,Preliminary,Automatic,2021-09-26 14:54:05.174 UTC,,Magnitude not reported
S1006a,S1006a,InSight-site catalog event,4.5024,135.6234,Elysium Southwest,Reviewed,Manual,2021-09-25 15:13:03.15821 UTC,1.8,MW 1.8
T1006a,T1006a,InSight-site catalog event,4.5024,135.6234,Unspecified,Preliminary,Automatic,2021-09-25 15:06:51.024 UTC,,Magnitude not reported
S1005d,S1005d,InSight-site catalog event,4.5024,135.6234,Elysium Southwest,Reviewed,Manual,2021-09-24 18:17:44.31358 UTC,,Magnitude not reported
S1005c,S1005c,InSight-site catalog event,4.5024,135.6234,Elysium Southwest,Reviewed,Manual,2021-09-24 17:37:43.929793 UTC,,Magnitude not reported
S1005b,S1005b,InSight-site catalog event,4.5024,135.6234,Elysium Southwest,Reviewed,Manual,2021-09-24 17:15:42.736252 UTC,,Magnitude not reported
T1005b,T1005b,InSight-site catalog event,4.5024,135.6234,Unspecified,Preliminary,Automatic,2021-09-24 14:34:49.274 UTC,,Magnitude not reported
S1005a,S1005a,InSight-site catalog event,4.5024,135.6234,Elysium Southwest,Reviewed,Manual,2021-09-24 13:56:46.358642 UTC,1.7,MW 1.7
T1005a,T1005a,InSight-site catalog event,4.5024,135.6234,Unspecified,Preliminary,Automatic,2021-09-24 13:43:34.824 UTC,,Magnitude not reported
S1004a,S1004a,InSight-site catalog event,4.5024,135.6234,Elysium Southwest,Reviewed,Manual,2021-09-23 15:35:44.894387 UTC,1.8,MW 1.8
T1004a,T1004a,InSight-site catalog event,4.5024,135.6234,Unspecified,Preliminary,Automatic,2021-09-23 13:51:24.521 UTC,,Magnitude not reported
S1004b,S1004b,InSight-site catalog event,4.5024,135.6234,Elysium Southwest,Reviewed,Manual,2021-09-23 00:21:40.165032 UTC,,Magnitude not reported
S1003d,S1003d,InSight-site catalog event,4.5024,135.6234,Elysium Southwest,Reviewed,Manual,2021-09-22 18:14:36.766826 UTC,,Magnitude not reported
S1003c,S1003c,InSight-site catalog event,4.5024,135.6234,Elysium Southwest,Reviewed,Manual,2021-09-22 16:26:18.088058 UTC,,Magnitude not reported
S1003b,S1003b,InSight-site catalog event,4.5024,135.6234,Elysium Southwest,Reviewed,Manual,2021-09-22 15:36:05.725968 UTC,2.2,MW 2.2
S1003a,S1003a,InSight-site catalog event,4.5024,135.6234,Elysium Southwest,Reviewed,Manual,2021-09-22 14:53:01.750296 UTC,1.7,MW 1.7
T1002b,T1002b,InSight-site catalog event,4.5024,135.6234,Unspecified,Preliminary,Automatic,2021-09-21 12:35:53.071 UTC,,Magnitude not reported
T1002a,T1002a,InSight-site catalog event,4.5024,135.6234,Unspecified,Preliminary,Automatic,2021-09-21 12:24:27.721 UTC,,Magnitude not reported
S1001a,S1001a,InSight-site catalog event,4.5024,135.6234,Elysium Southwest,Reviewed,Manual,2021-09-20 12:47:14.758718 UTC,1.9,MW 1.9
T1001a,T1001a,InSight-site catalog event,4.5024,135.6234,Unspecified,Preliminary,Automatic,2021-09-20 11:57:15.271 UTC,,Magnitude not reported
S1000g,S1000g,InSight-site catalog event,4.5024,135.6234,Elysium Southwest,Reviewed,Manual,2021-09-19 16:28:00.455056 UTC,,Magnitude not reported
S1000f,S1000f,InSight-site catalog event,4.5024,135.6234,Elysium Southwest,Reviewed,Manual,2021-09-19 14:16:13.862152 UTC,,Magnitude not reported
S1000e,S1000e,InSight-site catalog event,4.5024,135.6234,Elysium Southwest,Reviewed,Manual,2021-09-19 13:40:48.051927 UTC,,Magnitude not reported
S1000d,S1000d,InSight-site catalog event,4.5024,135.6234,Elysium Southwest,Reviewed,Manual,2021-09-19 13:20:37.08865 UTC,,Magnitude not reported
S1000c,S1000c,InSight-site catalog event,4.5024,135.6234,Elysium Southwest,Reviewed,Manual,2021-09-19 10:39:16.813893 UTC,,Magnitude not reported
S1000b,S1000b,InSight-site catalog event,4.5024,135.6234,Elysium Southwest,Preliminary,Manual,2021-09-18 19:09:51.701867 UTC,,Magnitude not reported
S0999d,S0999d,InSight-site catalog event,4.5024,135.6234,Elysium Southwest,Reviewed,Manual,2021-09-18 14:59:33.546794 UTC,,Magnitude not reported
S0999c,S0999c,InSight-site catalog event,4.5024,135.6234,Elysium Southwest,Reviewed,Manual,2021-09-18 13:29:29.184012 UTC,2.2,MW 2.2
S0999b,S0999b,InSight-site catalog event,4.5024,135.6234,Elysium Southwest,Reviewed,Manual,2021-09-18 11:42:29.862552 UTC,1.9,MW 1.9
T0999a,T0999a,InSight-site catalog event,4.5024,135.6234,Unspecified,Preliminary,Automatic,2021-09-18 10:32:35.523 UTC,,Magnitude not reported
S0999a,S0999a,InSight-site catalog event,4.5024,135.6234,Elysium Southwest,Reviewed,Manual,2021-09-18 10:14:54.521407 UTC,,Magnitude not reported
S0998b,S0998b,InSight-site catalog event,4.5024,135.6234,Elysium Southwest,Reviewed,Manual,2021-09-17 14:29:14.279368 UTC,,Magnitude not reported
S0998a,S0998a,InSight-site catalog event,4.5024,135.6234,Elysium Southwest,Reviewed,Manual,2021-09-17 11:58:32.449148 UTC,,Magnitude not reported
T0998b,T0998b,InSight-site catalog event,4.5024,135.6234,Unspecified,Preliminary,Automatic,2021-09-17 09:56:40.273 UTC,,Magnitude not reported
T0998a,T0998a,InSight-site catalog event,4.5024,135.6234,Unspecified,Preliminary,Automatic,2021-09-17 08:59:43.273 UTC,,Magnitude not reported
S0997c,S0997c,InSight-site catalog event,4.5024,135.6234,Elysium Southwest,Reviewed,Manual,2021-09-16 14:39:49.351756 UTC,,Magnitude not reported
S0997b,S0997b,InSight-site catalog event,4.5024,135.6234,Elysium Southwest,Reviewed,Manual,2021-09-16 13:07:21.792443 UTC,,Magnitude not reported
S0997a,S0997a,InSight-site catalog event,4.5024,135.6234,Elysium Southwest,Reviewed,Manual,2021-09-16 12:21:10.496236 UTC,2.1,MW 2.1
T0997a,T0997a,InSight-site catalog event,4.5024,135.6234,Unspecified,Preliminary,Automatic,2021-09-16 09:02:07.223 UTC,,Magnitude not reported
T0996b,T0996b,InSight-site catalog event,4.5024,135.6234,Unspecified,Preliminary,Automatic,2021-09-15 08:33:46.723 UTC,,Magnitude not reported
T0996a,T0996a,InSight-site catalog event,4.5024,135.6234,Unspecified,Preliminary,Automatic,2021-09-15 07:45:11.573 UTC,,Magnitude not reported
T0995b,T0995b,InSight-site catalog event,4.5024,135.6234,Unspecified,Preliminary,Automatic,2021-09-14 07:52:54.673 UTC,,Magnitude not reported
T0995a,T0995a,InSight-site catalog event,4.5024,135.6234,Unspecified,Preliminary,Automatic,2021-09-14 07:42:00.573 UTC,,Magnitude not reported
S0995b,S0995b,InSight-site catalog event,4.5024,135.6234,Elysium Southwest,Reviewed,Manual,2021-09-13 19:31:15.973801 UTC,2.3,MW 2.3
S0995a,S0995a,InSight-site catalog event,4.5024,135.6234,Elysium Southwest,Reviewed,Manual,2021-09-13 17:01:17.565562 UTC,,Magnitude not reported
S0994f,S0994f,InSight-site catalog event,4.5024,135.6234,Elysium Southwest,Reviewed,Manual,2021-09-13 11:18:57.940531 UTC,,Magnitude not reported
S0994e,S0994e,InSight-site catalog event,4.5024,135.6234,Elysium Southwest,Reviewed,Manual,2021-09-13 11:03:35.297476 UTC,,Magnitude not reported
S0994d,S0994d,InSight-site catalog event,4.5024,135.6234,Elysium Southwest,Reviewed,Manual,2021-09-13 10:10:23.406981 UTC,1.6,MW 1.6
S0994c,S0994c,InSight-site catalog event,4.5024,135.6234,Elysium Southwest,Reviewed,Manual,2021-09-13 08:02:58.742785 UTC,,Magnitude not reported
T0994a,T0994a,InSight-site catalog event,4.5024,135.6234,Unspecified,Preliminary,Automatic,2021-09-13 07:21:18.233 UTC,,Magnitude not reported
S0994b,S0994b,InSight-site catalog event,4.5024,135.6234,Elysium Southwest,Reviewed,Manual,2021-09-13 07:05:58.890533 UTC,2.0,MW 2.0
S0994a,S0994a,InSight-site catalog event,4.5024,135.6234,Elysium Southwest,Reviewed,Manual,2021-09-13 06:25:08.207426 UTC,1.7,MW 1.7
S0993c,S0993c,InSight-site catalog event,4.5024,135.6234,Elysium Southwest,Reviewed,Manual,2021-09-12 08:31:15.349941 UTC,1.8,MW 1.8
S0993b,S0993b,InSight-site catalog event,4.5024,135.6234,Elysium Southwest,Reviewed,Manual,2021-09-12 07:10:16.855424 UTC,,Magnitude not reported
T0993a,T0993a,InSight-site catalog event,4.5024,135.6234,Unspecified,Preliminary,Automatic,2021-09-12 06:39:46.533 UTC,,Magnitude not reported
S0993a,S0993a,InSight-site catalog event,4.5024,135.6234,Elysium Southwest,Reviewed,Manual,2021-09-12 05:42:19.35308 UTC,,Magnitude not reported
S0992c,S0992c,InSight-site catalog event,4.5024,135.6234,Elysium Southwest,Reviewed,Manual,2021-09-11 10:27:37.406339 UTC,,Magnitude not reported
S0992b,S0992b,InSight-site catalog event,4.5024,135.6234,Elysium Southwest,Reviewed,Manual,2021-09-11 08:54:04.502546 UTC,1.8,MW 1.8
S0992a,S0992a,InSight-site catalog event,4.5024,135.6234,Elysium Southwest,Reviewed,Manual,2021-09-11 07:46:22.516863 UTC,1.8,MW 1.8
T0992a,T0992a,InSight-site catalog event,4.5024,135.6234,Unspecified,Preliminary,Automatic,2021-09-11 05:59:29.683 UTC,,Magnitude not reported
S0991g,S0991g,InSight-site catalog event,4.5024,135.6234,Elysium Southwest,Reviewed,Manual,2021-09-10 09:53:43.949754 UTC,,Magnitude not reported
S0991f,S0991f,InSight-site catalog event,4.5024,135.6234,Elysium Southwest,Reviewed,Manual,2021-09-10 09:23:39.226447 UTC,,Magnitude not reported
S0991e,S0991e,InSight-site catalog event,4.5024,135.6234,Elysium Southwest,Reviewed,Manual,2021-09-10 08:19:22.262708 UTC,1.9,MW 1.9
S0991d,S0991d,InSight-site catalog event,4.5024,135.6234,Elysium Southwest,Reviewed,Manual,2021-09-10 07:59:41.369953 UTC,2.1,MW 2.1
S0991c,S0991c,InSight-site catalog event,4.5024,135.6234,Elysium Southwest,Reviewed,Manual,2021-09-10 06:39:44.485128 UTC,,Magnitude not reported
S0991b,S0991b,InSight-site catalog event,4.5024,135.6234,Elysium Southwest,Reviewed,Manual,2021-09-10 05:18:48.104003 UTC,2.2,MW 2.2
S0991a,S0991a,InSight-site catalog event,4.5024,135.6234,Elysium Southwest,Reviewed,Manual,2021-09-09 11:16:48.287437 UTC,2.0,MW 2.0
S0990b,S0990b,InSight-site catalog event,4.5024,135.6234,Elysium Southwest,Reviewed,Manual,2021-09-09 07:27:16.071005 UTC,,Magnitude not reported
S0990a,S0990a,InSight-site catalog event,4.5024,135.6234,Elysium Southwest,Reviewed,Manual,2021-09-09 04:39:35.834914 UTC,1.8,MW 1.8
T0990b,T0990b,InSight-site catalog event,4.5024,135.6234,Unspecified,Preliminary,Automatic,2021-09-09 04:38:08.983 UTC,,Magnitude not reported
T0990a,T0990a,InSight-site catalog event,4.5024,135.6234,Unspecified,Preliminary,Automatic,2021-09-09 04:12:11.333 UTC,,Magnitude not reported
S0989c,S0989c,InSight-site catalog event,4.5024,135.6234,Elysium Southwest,Reviewed,Manual,2021-09-08 07:56:43.423956 UTC,1.9,MW 1.9
S0989b,S0989b,InSight-site catalog event,4.5024,135.6234,Elysium Southwest,Reviewed,Manual,2021-09-08 07:45:55.881194 UTC,,Magnitude not reported
S0989a,S0989a,InSight-site catalog event,4.5024,135.6234,Elysium Southwest,Reviewed,Manual,2021-09-08 04:52:10.276051 UTC,,Magnitude not reported
T0989a,T0989a,InSight-site catalog event,4.5024,135.6234,Unspecified,Preliminary,Automatic,2021-09-08 04:05:16.519 UTC,,Magnitude not reported
T0988b,T0988b,InSight-site catalog event,4.5024,135.6234,Unspecified,Preliminary,Automatic,2021-09-07 06:30:14.069 UTC,,Magnitude not reported
S0988c,S0988c,InSight-site catalog event,4.5024,135.6234,Elysium Southwest,Reviewed,Manual,2021-09-07 04:47:09.380328 UTC,2.0,MW 2.0
S0988b,S0988b,InSight-site catalog event,4.5024,135.6234,Elysium Southwest,Reviewed,Manual,2021-09-07 04:17:49.928998 UTC,,Magnitude not reported
S0988a,S0988a,InSight-site catalog event,4.5024,135.6234,Elysium Southwest,Reviewed,Manual,2021-09-07 03:33:14.596713 UTC,1.9,MW 1.9
T0988a,T0988a,InSight-site catalog event,4.5024,135.6234,Unspecified,Preliminary,Automatic,2021-09-07 03:23:09.069 UTC,,Magnitude not reported
S0987f,S0987f,InSight-site catalog event,4.5024,135.6234,Elysium Southwest,Reviewed,Manual,2021-09-06 07:25:59.392815 UTC,,Magnitude not reported
S0987e,S0987e,InSight-site catalog event,4.5024,135.6234,Elysium Southwest,Reviewed,Manual,2021-09-06 05:02:47.370695 UTC,1.9,MW 1.9
S0987d,S0987d,InSight-site catalog event,4.5024,135.6234,Elysium Southwest,Reviewed,Manual,2021-09-06 04:20:01.769191 UTC,,Magnitude not reported
S0987c,S0987c,InSight-site catalog event,4.5024,135.6234,Elysium Southwest,Reviewed,Manual,2021-09-06 03:54:32.73944 UTC,1.8,MW 1.8
T0987a,T0987a,InSight-site catalog event,4.5024,135.6234,Unspecified,Preliminary,Automatic,2021-09-06 02:47:29.269 UTC,,Magnitude not reported
S0987b,S0987b,InSight-site catalog event,4.5024,135.6234,Elysium Southwest,Reviewed,Manual,2021-09-06 01:45:31.026182 UTC,1.8,MW 1.8
S0987a,S0987a,InSight-site catalog event,4.5024,135.6234,Elysium Southwest,Reviewed,Manual,2021-09-05 10:19:38.931266 UTC,2.1,MW 2.1
S0986d,S0986d,InSight-site catalog event,4.5024,135.6234,Elysium Southwest,Reviewed,Manual,2021-09-05 06:20:44.378856 UTC,,Magnitude not reported
S0986c,S0986c,InSight-site catalog event,4.5024,135.6234,Elysium Southwest,Reviewed,Manual,2021-09-05 05:18:58.055897 UTC,1.2,MW 1.2
S0986a,S0986a,InSight-site catalog event,4.5024,135.6234,Elysium Southwest,Reviewed,Manual,2021-09-05 02:46:57.359065 UTC,1.9,MW 1.9
T0986a,T0986a,InSight-site catalog event,4.5024,135.6234,Unspecified,Preliminary,Automatic,2021-09-05 02:09:14.569 UTC,,Magnitude not reported
S0985a,S0985a,InSight-site catalog event,4.5024,135.6234,Elysium Southwest,Reviewed,Manual,2021-09-04 04:46:30.731129 UTC,1.8,MW 1.8
T0985b,T0985b,InSight-site catalog event,4.5024,135.6234,Unspecified,Preliminary,Automatic,2021-09-04 01:33:41.119 UTC,,Magnitude not reported
T0985a,T0985a,InSight-site catalog event,4.5024,135.6234,Unspecified,Preliminary,Automatic,2021-09-04 00:47:29.569 UTC,,Magnitude not reported
S0984b,S0984b,InSight-site catalog event,4.5024,135.6234,Elysium Southwest,Reviewed,Manual,2021-09-03 04:04:49.610709 UTC,,Magnitude not reported
S0984a,S0984a,InSight-site catalog event,4.5024,135.6234,Elysium Southwest,Reviewed,Manual,2021-09-03 01:38:17.705134 UTC,1.6,MW 1.6
S0984c,S0984c,InSight-site catalog event,4.5024,135.6234,Elysium Southwest,Reviewed,Manual,2021-09-03 01:28:15.789279 UTC,,Magnitude not reported
T0984a,T0984a,InSight-site catalog event,4.5024,135.6234,Unspecified,Preliminary,Automatic,2021-09-03 00:49:13.774 UTC,,Magnitude not reported
S0983c,S0983c,InSight-site catalog event,4.5024,135.6234,Elysium Southwest,Reviewed,Manual,2021-09-02 04:20:37.534064 UTC,,Magnitude not reported
S0983b,S0983b,InSight-site catalog event,4.5024,135.6234,Elysium Southwest,Reviewed,Manual,2021-09-02 00:49:16.769244 UTC,1.7,MW 1.7
S0983a,S0983a,InSight-site catalog event,4.5024,135.6234,Elysium Southwest,Reviewed,Manual,2021-09-01 10:05:42.317605 UTC,2.0,MW 2.0
S0982d,S0982d,InSight-site catalog event,4.5024,135.6234,Elysium Southwest,Reviewed,Manual,2021-09-01 03:29:24.251792 UTC,,Magnitude not reported
S0982c,S0982c,InSight-site catalog event,4.5024,135.6234,Elysium Southwest,Reviewed,Manual,2021-09-01 02:43:02.905599 UTC,,Magnitude not reported
S0982b,S0982b,InSight-site catalog event,4.5024,135.6234,Elysium Southwest,Reviewed,Manual,2021-09-01 01:47:36.847108 UTC,,Magnitude not reported
S0982a,S0982a,InSight-site catalog event,4.5024,135.6234,Elysium Southwest,Reviewed,Manual,2021-09-01 00:24:14.357021 UTC,,Magnitude not reported
T0982a,T0982a,InSight-site catalog event,4.5024,135.6234,Unspecified,Preliminary,Automatic,2021-08-31 23:12:14.674 UTC,,Magnitude not reported
S0981c,S0981c,InSight-site catalog event,4.5024,135.6234,Elysium Southwest,Reviewed,Manual,2021-08-31 03:59:01.746379 UTC,1.6,MW 1.6
S0981b,S0981b,InSight-site catalog event,4.5024,135.6234,Elysium Southwest,Reviewed,Manual,2021-08-31 02:04:48.735851 UTC,,Magnitude not reported
S0981a,S0981a,InSight-site catalog event,4.5024,135.6234,Elysium Southwest,Reviewed,Manual,2021-08-30 23:11:26.870484 UTC,,Magnitude not reported
T0981a,T0981a,InSight-site catalog event,4.5024,135.6234,Unspecified,Preliminary,Automatic,2021-08-30 22:52:15.574 UTC,,Magnitude not reported
S0980a,S0980a,InSight-site catalog event,4.5024,135.6234,Elysium Southwest,Reviewed,Manual,2021-08-30 00:42:07.711641 UTC,2.0,MW 2.0
T0980a,T0980a,InSight-site catalog event,4.5024,135.6234,Unspecified,Preliminary,Automatic,2021-08-29 22:10:58.824 UTC,,Magnitude not reported
S0979d,S0979d,InSight-site catalog event,4.5024,135.6234,Elysium Southwest,Reviewed,Manual,2021-08-29 00:40:43.955693 UTC,1.8,MW 1.8
S0979c,S0979c,InSight-site catalog event,4.5024,135.6234,Elysium Southwest,Reviewed,Manual,2021-08-28 22:49:58.239196 UTC,,Magnitude not reported
S0979b,S0979b,InSight-site catalog event,4.5024,135.6234,Elysium Southwest,Reviewed,Manual,2021-08-28 22:00:05.293647 UTC,,Magnitude not reported
T0979b,T0979b,InSight-site catalog event,4.5024,135.6234,Unspecified,Preliminary,Automatic,2021-08-28 21:34:59.93 UTC,,Magnitude not reported
S0979a,S0979a,InSight-site catalog event,4.5024,135.6234,Elysium Southwest,Reviewed,Manual,2021-08-28 21:15:13.776339 UTC,,Magnitude not reported
T0979a,T0979a,InSight-site catalog event,4.5024,135.6234,Unspecified,Preliminary,Automatic,2021-08-28 21:13:24.18 UTC,,Magnitude not reported
S0978c,S0978c,InSight-site catalog event,4.5024,135.6234,Elysium Southwest,Reviewed,Manual,2021-08-27 23:49:39.388261 UTC,,Magnitude not reported
S0978b,S0978b,InSight-site catalog event,4.5024,135.6234,Elysium Southwest,Reviewed,Manual,2021-08-27 22:22:59.218722 UTC,2.0,MW 2.0
S0978a,S0978a,InSight-site catalog event,4.5024,135.6234,Elysium Southwest,Reviewed,Manual,2021-08-27 21:29:24.48867 UTC,,Magnitude not reported
T0978a,T0978a,InSight-site catalog event,4.5024,135.6234,Unspecified,Preliminary,Automatic,2021-08-27 20:58:12.03 UTC,,Magnitude not reported
S0977a,S0977a,InSight-site catalog event,4.5024,135.6234,Elysium Southwest,Reviewed,Manual,2021-08-26 21:47:27.213895 UTC,2.1,MW 2.1
T0977a,T0977a,InSight-site catalog event,4.5024,135.6234,Unspecified,Preliminary,Automatic,2021-08-26 20:19:23.53 UTC,,Magnitude not reported
S0976d,S0976d,InSight-site catalog event,4.5024,135.6234,Elysium Southwest,Reviewed,Manual,2021-08-25 22:06:51.977746 UTC,1.8,MW 1.8
S0976c,S0976c,InSight-site catalog event,4.5024,135.6234,Elysium Southwest,Reviewed,Manual,2021-08-25 20:03:02.217902 UTC,,Magnitude not reported
T0976a,T0976a,InSight-site catalog event,4.5024,135.6234,Unspecified,Preliminary,Automatic,2021-08-25 19:33:59.48 UTC,,Magnitude not reported
S0976b,S0976b,InSight-site catalog event,4.5024,135.6234,Elysium Southwest,Reviewed,Manual,2021-08-25 16:50:18.515853 UTC,4.1,MW 4.1
S0975d,S0975d,InSight-site catalog event,4.5024,135.6234,Elysium Southwest,Reviewed,Manual,2021-08-24 22:36:06.629165 UTC,,Magnitude not reported
S0975c,S0975c,InSight-site catalog event,4.5024,135.6234,Elysium Southwest,Reviewed,Manual,2021-08-24 21:20:59.289536 UTC,2.0,MW 2.0
T0975a,T0975a,InSight-site catalog event,4.5024,135.6234,Unspecified,Preliminary,Automatic,2021-08-24 18:53:27.48 UTC,,Magnitude not reported
S0975b,S0975b,InSight-site catalog event,4.5024,135.6234,Elysium Southwest,Reviewed,Manual,2021-08-24 18:43:59.53054 UTC,,Magnitude not reported
S0975a,S0975a,InSight-site catalog event,4.5024,135.6234,Elysium Southwest,Reviewed,Manual,2021-08-24 04:46:55.129758 UTC,2.2,MW 2.2
S0974e,S0974e,InSight-site catalog event,4.5024,135.6234,Elysium Southwest,Reviewed,Manual,2021-08-23 21:22:38.323556 UTC,,Magnitude not reported
S0974d,S0974d,InSight-site catalog event,4.5024,135.6234,Elysium Southwest,Reviewed,Manual,2021-08-23 18:38:32.328044 UTC,1.9,MW 1.9
S0974c,S0974c,InSight-site catalog event,4.5024,135.6234,Elysium Southwest,Reviewed,Manual,2021-08-23 18:15:31.396663 UTC,,Magnitude not reported
S0974b,S0974b,InSight-site catalog event,4.5024,135.6234,Elysium Southwest,Reviewed,Manual,2021-08-23 17:40:49.508378 UTC,,Magnitude not reported
S0974a,S0974a,InSight-site catalog event,4.5024,135.6234,Elysium Southwest,Reviewed,Manual,2021-08-23 17:13:27.283572 UTC,1.7,MW 1.7
S0973d,S0973d,InSight-site catalog event,4.5024,135.6234,Elysium Southwest,Reviewed,Manual,2021-08-22 21:57:55.884715 UTC,,Magnitude not reported
S0973c,S0973c,InSight-site catalog event,4.5024,135.6234,Elysium Southwest,Reviewed,Manual,2021-08-22 21:11:05.759944 UTC,,Magnitude not reported
S0973b,S0973b,InSight-site catalog event,4.5024,135.6234,Elysium Southwest,Reviewed,Manual,2021-08-22 19:59:28.337538 UTC,,Magnitude not reported
S0973a,S0973a,InSight-site catalog event,4.5024,135.6234,Elysium Southwest,Reviewed,Manual,2021-08-22 18:29:16.395181 UTC,2.0,MW 2.0
S0972c,S0972c,InSight-site catalog event,4.5024,135.6234,Elysium Southwest,Reviewed,Manual,2021-08-21 19:52:33.721246 UTC,,Magnitude not reported
S0972b,S0972b,InSight-site catalog event,4.5024,135.6234,Elysium Southwest,Reviewed,Manual,2021-08-21 18:18:27.547813 UTC,,Magnitude not reported
T0972a,T0972a,InSight-site catalog event,4.5024,135.6234,Unspecified,Preliminary,Automatic,2021-08-21 17:03:02.582 UTC,,Magnitude not reported
S0972a,S0972a,InSight-site catalog event,4.5024,135.6234,Elysium Southwest,Reviewed,Manual,2021-08-21 16:50:12.907164 UTC,,Magnitude not reported
S0971b,S0971b,InSight-site catalog event,4.5024,135.6234,Elysium Southwest,Reviewed,Manual,2021-08-20 20:21:37.019151 UTC,2.2,MW 2.2
T0971a,T0971a,InSight-site catalog event,4.5024,135.6234,Unspecified,Preliminary,Automatic,2021-08-20 16:25:09.982 UTC,,Magnitude not reported
S0971a,S0971a,InSight-site catalog event,4.5024,135.6234,Elysium Southwest,Reviewed,Manual,2021-08-20 02:39:01.120496 UTC,2.0,MW 2.0
T0970a,T0970a,InSight-site catalog event,4.5024,135.6234,Unspecified,Preliminary,Automatic,2021-08-19 15:42:01.332 UTC,,Magnitude not reported
S0970a,S0970a,InSight-site catalog event,4.5024,135.6234,Elysium Southwest,Reviewed,Manual,2021-08-19 02:24:25.147349 UTC,,Magnitude not reported
S0969d,S0969d,InSight-site catalog event,4.5024,135.6234,Elysium Southwest,Reviewed,Manual,2021-08-18 19:47:52.77235 UTC,,Magnitude not reported
S0969c,S0969c,InSight-site catalog event,4.5024,135.6234,Elysium Southwest,Reviewed,Manual,2021-08-18 16:13:54.793571 UTC,,Magnitude not reported
S0969a,S0969a,InSight-site catalog event,4.5024,135.6234,Elysium Southwest,Reviewed,Manual,2021-08-18 01:45:06.090999 UTC,2.1,MW 2.1
S0968e,S0968e,InSight-site catalog event,4.5024,135.6234,Elysium Southwest,Reviewed,Manual,2021-08-17 17:30:02.076075 UTC,,Magnitude not reported
S0968d,S0968d,InSight-site catalog event,4.5024,135.6234,Elysium Southwest,Reviewed,Manual,2021-08-17 16:27:37.74985 UTC,1.8,MW 1.8
T0968a,T0968a,InSight-site catalog event,4.5024,135.6234,Unspecified,Preliminary,Automatic,2021-08-17 14:21:54.937 UTC,,Magnitude not reported
S0968c,S0968c,InSight-site catalog event,4.5024,135.6234,Elysium Southwest,Reviewed,Manual,2021-08-17 14:14:06.570657 UTC,1.8,MW 1.8
S0968a,S0968a,InSight-site catalog event,4.5024,135.6234,Elysium Southwest,Reviewed,Manual,2021-08-16 22:26:51.855042 UTC,,Magnitude not reported
S0967b,S0967b,InSight-site catalog event,4.5024,135.6234,Elysium Southwest,Reviewed,Manual,2021-08-16 18:24:21.84762 UTC,,Magnitude not reported
S0967a,S0967a,InSight-site catalog event,4.5024,135.6234,Elysium Southwest,Reviewed,Manual,2021-08-16 13:54:50.424407 UTC,,Magnitude not reported
T0967a,T0967a,InSight-site catalog event,4.5024,135.6234,Unspecified,Preliminary,Automatic,2021-08-16 13:46:54.387 UTC,,Magnitude not reported
S0966b,S0966b,InSight-site catalog event,4.5024,135.6234,Elysium Southwest,Reviewed,Manual,2021-08-15 17:37:45.036413 UTC,,Magnitude not reported
T0966a,T0966a,InSight-site catalog event,4.5024,135.6234,Unspecified,Preliminary,Automatic,2021-08-15 13:07:00.987 UTC,,Magnitude not reported
S0966a,S0966a,InSight-site catalog event,4.5024,135.6234,Elysium Southwest,Reviewed,Manual,2021-08-15 12:50:51.928524 UTC,,Magnitude not reported
S0965b,S0965b,InSight-site catalog event,4.5024,135.6234,Elysium Southwest,Reviewed,Manual,2021-08-14 13:26:21.167287 UTC,1.9,MW 1.9
S0965a,S0965a,InSight-site catalog event,4.5024,135.6234,Elysium Southwest,Reviewed,Manual,2021-08-14 11:16:58.03701 UTC,1.7,MW 1.7
S0964b,S0964b,InSight-site catalog event,4.5024,135.6234,Elysium Southwest,Reviewed,Manual,2021-08-13 11:21:15.271033 UTC,1.9,MW 1.9
S0964a,S0964a,InSight-site catalog event,4.5024,135.6234,Elysium Southwest,Reviewed,Manual,2021-08-13 10:32:03.465763 UTC,,Magnitude not reported
S0963b,S0963b,InSight-site catalog event,4.5024,135.6234,Elysium Southwest,Reviewed,Manual,2021-08-12 15:20:28.868351 UTC,1.6,MW 1.6
S0963a,S0963a,InSight-site catalog event,4.5024,135.6234,Elysium Southwest,Reviewed,Manual,2021-08-12 11:45:13.005802 UTC,,Magnitude not reported
T0963b,T0963b,InSight-site catalog event,4.5024,135.6234,Unspecified,Preliminary,Automatic,2021-08-12 11:14:20.195 UTC,,Magnitude not reported
T0963a,T0963a,InSight-site catalog event,4.5024,135.6234,Unspecified,Preliminary,Automatic,2021-08-12 11:05:39.945 UTC,,Magnitude not reported
S0962a,S0962a,InSight-site catalog event,4.5024,135.6234,Elysium Southwest,Reviewed,Manual,2021-08-11 14:00:49.140509 UTC,1.7,MW 1.7
S0962b,S0962b,InSight-site catalog event,4.5024,135.6234,Elysium Southwest,Reviewed,Manual,2021-08-11 12:05:05.053332 UTC,,Magnitude not reported
T0962a,T0962a,InSight-site catalog event,4.5024,135.6234,Unspecified,Preliminary,Automatic,2021-08-11 10:31:30.045 UTC,,Magnitude not reported
S0961b,S0961b,InSight-site catalog event,4.5024,135.6234,Elysium Southwest,Reviewed,Manual,2021-08-10 12:56:16.747479 UTC,1.7,MW 1.7
S0961a,S0961a,InSight-site catalog event,4.5024,135.6234,Elysium Southwest,Reviewed,Manual,2021-08-10 10:26:55.599022 UTC,,Magnitude not reported
T0961a,T0961a,InSight-site catalog event,4.5024,135.6234,Unspecified,Preliminary,Automatic,2021-08-10 09:52:12.845 UTC,,Magnitude not reported
S0960c,S0960c,InSight-site catalog event,4.5024,135.6234,Elysium Southwest,Reviewed,Manual,2021-08-09 12:15:57.891312 UTC,,Magnitude not reported
S0960b,S0960b,InSight-site catalog event,4.5024,135.6234,Elysium Southwest,Reviewed,Manual,2021-08-09 10:06:55.702563 UTC,,Magnitude not reported
S0960a,S0960a,InSight-site catalog event,4.5024,135.6234,Elysium Southwest,Reviewed,Manual,2021-08-09 09:50:11.271689 UTC,,Magnitude not reported
T0960b,T0960b,InSight-site catalog event,4.5024,135.6234,Unspecified,Preliminary,Automatic,2021-08-09 09:09:00.995 UTC,,Magnitude not reported
T0960a,T0960a,InSight-site catalog event,4.5024,135.6234,Unspecified,Preliminary,Automatic,2021-08-09 08:31:34.395 UTC,,Magnitude not reported
S0959c,S0959c,InSight-site catalog event,4.5024,135.6234,Elysium Southwest,Reviewed,Manual,2021-08-08 11:01:11.600824 UTC,,Magnitude not reported
S0959b,S0959b,InSight-site catalog event,4.5024,135.6234,Elysium Southwest,Reviewed,Manual,2021-08-08 09:03:27.86009 UTC,,Magnitude not reported
T0959a,T0959a,InSight-site catalog event,4.5024,135.6234,Unspecified,Preliminary,Automatic,2021-08-08 07:33:47.331 UTC,,Magnitude not reported
S0959a,S0959a,InSight-site catalog event,4.5024,135.6234,Elysium Southwest,Reviewed,Manual,2021-08-08 07:30:41.239554 UTC,1.9,MW 1.9
S0958d,S0958d,InSight-site catalog event,4.5024,135.6234,Elysium Southwest,Reviewed,Manual,2021-08-07 11:02:06.673819 UTC,,Magnitude not reported
S0958c,S0958c,InSight-site catalog event,4.5024,135.6234,Elysium Southwest,Reviewed,Manual,2021-08-07 10:11:16.338553 UTC,,Magnitude not reported
S0958b,S0958b,InSight-site catalog event,4.5024,135.6234,Elysium Southwest,Reviewed,Manual,2021-08-07 09:48:25.588401 UTC,,Magnitude not reported
T0958a,T0958a,InSight-site catalog event,4.5024,135.6234,Unspecified,Preliminary,Automatic,2021-08-07 07:50:24.081 UTC,,Magnitude not reported
S0958f,S0958f,InSight-site catalog event,4.5024,135.6234,Elysium Southwest,Reviewed,Manual,2021-08-06 18:14:12.9343 UTC,,Magnitude not reported
S0958e,S0958e,InSight-site catalog event,4.5024,135.6234,Elysium Southwest,Reviewed,Manual,2021-08-06 15:48:09.183198 UTC,,Magnitude not reported
S0957c,S0957c,InSight-site catalog event,4.5024,135.6234,Elysium Southwest,Reviewed,Manual,2021-08-06 11:34:21.047393 UTC,,Magnitude not reported
S0957b,S0957b,InSight-site catalog event,4.5024,135.6234,Elysium Southwest,Reviewed,Manual,2021-08-06 09:11:54.538257 UTC,,Magnitude not reported
T0957b,T0957b,InSight-site catalog event,4.5024,135.6234,Unspecified,Preliminary,Automatic,2021-08-06 07:10:59.731 UTC,,Magnitude not reported
T0957a,T0957a,InSight-site catalog event,4.5024,135.6234,Unspecified,Preliminary,Automatic,2021-08-06 06:25:09.931 UTC,,Magnitude not reported
S0957a,S0957a,InSight-site catalog event,4.5024,135.6234,Elysium Southwest,Reviewed,Manual,2021-08-06 06:21:21.394454 UTC,,Magnitude not reported
S0956e,S0956e,InSight-site catalog event,4.5024,135.6234,Elysium Southwest,Reviewed,Manual,2021-08-05 10:39:26.845319 UTC,,Magnitude not reported
S0956d,S0956d,InSight-site catalog event,4.5024,135.6234,Elysium Southwest,Reviewed,Manual,2021-08-05 10:12:05.405983 UTC,,Magnitude not reported
S0956c,S0956c,InSight-site catalog event,4.5024,135.6234,Elysium Southwest,Reviewed,Manual,2021-08-05 09:12:43.304886 UTC,1.6,MW 1.6
S0956b,S0956b,InSight-site catalog event,4.5024,135.6234,Elysium Southwest,Reviewed,Manual,2021-08-05 08:40:31.096731 UTC,,Magnitude not reported
S0956a,S0956a,InSight-site catalog event,4.5024,135.6234,Elysium Southwest,Reviewed,Manual,2021-08-05 07:00:20.785657 UTC,1.7,MW 1.7
T0956b,T0956b,InSight-site catalog event,4.5024,135.6234,Unspecified,Preliminary,Automatic,2021-08-05 06:28:07.481 UTC,,Magnitude not reported
T0956a,T0956a,InSight-site catalog event,4.5024,135.6234,Unspecified,Preliminary,Automatic,2021-08-05 05:59:07.631 UTC,,Magnitude not reported
S0955d,S0955d,InSight-site catalog event,4.5024,135.6234,Elysium Southwest,Reviewed,Manual,2021-08-04 10:38:33.733992 UTC,,Magnitude not reported
S0955c,S0955c,InSight-site catalog event,4.5024,135.6234,Elysium Southwest,Reviewed,Manual,2021-08-04 10:06:54.462017 UTC,1.9,MW 1.9
T0955b,T0955b,InSight-site catalog event,4.5024,135.6234,Elysium Southwest,Preliminary,Automatic,2021-08-04 05:45:33.09 UTC,,Magnitude not reported
S0955b,S0955b,InSight-site catalog event,4.5024,135.6234,Elysium Southwest,Reviewed,Manual,2021-08-04 05:44:36.662449 UTC,1.7,MW 1.7
T0955a,T0955a,InSight-site catalog event,4.5024,135.6234,Unspecified,Preliminary,Automatic,2021-08-04 05:17:38.59 UTC,,Magnitude not reported
S0955a,S0955a,InSight-site catalog event,4.5024,135.6234,Elysium Southwest,Reviewed,Manual,2021-08-03 16:14:14.754946 UTC,,Magnitude not reported
S0954c,S0954c,InSight-site catalog event,4.5024,135.6234,Elysium Southwest,Reviewed,Manual,2021-08-03 08:20:27.32738 UTC,,Magnitude not reported
S0954b,S0954b,InSight-site catalog event,4.5024,135.6234,Elysium Southwest,Reviewed,Manual,2021-08-03 07:43:42.700934 UTC,,Magnitude not reported
S0954a,S0954a,InSight-site catalog event,4.5024,135.6234,Elysium Southwest,Reviewed,Manual,2021-08-03 06:37:33.346786 UTC,,Magnitude not reported
T0954a,T0954a,InSight-site catalog event,4.5024,135.6234,Unspecified,Preliminary,Automatic,2021-08-03 05:12:58.448 UTC,,Magnitude not reported
S0953c,S0953c,InSight-site catalog event,4.5024,135.6234,Elysium Southwest,Reviewed,Manual,2021-08-02 04:56:13.831575 UTC,2.1,MW 2.1
S0953b,S0953b,InSight-site catalog event,4.5024,135.6234,Elysium Southwest,Reviewed,Manual,2021-08-02 04:08:56.287223 UTC,1.9,MW 1.9
S0953a,S0953a,InSight-site catalog event,4.5024,135.6234,Elysium Southwest,Reviewed,Manual,2021-08-01 13:33:47.763476 UTC,,Magnitude not reported
S0952d,S0952d,InSight-site catalog event,4.5024,135.6234,Elysium Southwest,Reviewed,Manual,2021-08-01 07:46:06.64885 UTC,,Magnitude not reported
S0952c,S0952c,InSight-site catalog event,4.5024,135.6234,Elysium Southwest,Reviewed,Manual,2021-08-01 05:57:30.989634 UTC,1.7,MW 1.7
S0952b,S0952b,InSight-site catalog event,4.5024,135.6234,Elysium Southwest,Reviewed,Manual,2021-08-01 04:07:45.64419 UTC,,Magnitude not reported
T0952a,T0952a,InSight-site catalog event,4.5024,135.6234,Unspecified,Preliminary,Automatic,2021-08-01 03:50:32.798 UTC,,Magnitude not reported
S0952a,S0952a,InSight-site catalog event,4.5024,135.6234,Elysium Southwest,Reviewed,Manual,2021-07-31 09:14:57.30167 UTC,,Magnitude not reported
S0951d,S0951d,InSight-site catalog event,4.5024,135.6234,Elysium Southwest,Reviewed,Manual,2021-07-31 07:01:39.766385 UTC,,Magnitude not reported
S0951c,S0951c,InSight-site catalog event,4.5024,135.6234,Elysium Southwest,Reviewed,Manual,2021-07-31 05:26:53.479066 UTC,,Magnitude not reported
T0951a,T0951a,InSight-site catalog event,4.5024,135.6234,Unspecified,Preliminary,Automatic,2021-07-31 03:08:21.748 UTC,,Magnitude not reported
S0951b,S0951b,InSight-site catalog event,4.5024,135.6234,Elysium Southwest,Reviewed,Manual,2021-07-31 03:06:52.833603 UTC,,Magnitude not reported
S0951a,S0951a,InSight-site catalog event,4.5024,135.6234,Elysium Southwest,Reviewed,Manual,2021-07-30 13:41:28.505373 UTC,1.8,MW 1.8
S0950c,S0950c,InSight-site catalog event,4.5024,135.6234,Elysium Southwest,Reviewed,Manual,2021-07-30 04:09:02.775536 UTC,,Magnitude not reported
S0950b,S0950b,InSight-site catalog event,4.5024,135.6234,Elysium Southwest,Reviewed,Manual,2021-07-30 02:42:06.707398 UTC,,Magnitude not reported
T0950b,T0950b,InSight-site catalog event,4.5024,135.6234,Unspecified,Preliminary,Automatic,2021-07-30 02:40:44.598 UTC,,Magnitude not reported
T0950a,T0950a,InSight-site catalog event,4.5024,135.6234,Unspecified,Preliminary,Automatic,2021-07-30 02:34:46.948 UTC,,Magnitude not reported
S0950a,S0950a,InSight-site catalog event,4.5024,135.6234,Elysium Southwest,Reviewed,Manual,2021-07-29 12:15:33.243492 UTC,,Magnitude not reported
S0949b,S0949b,InSight-site catalog event,4.5024,135.6234,Elysium Southwest,Reviewed,Manual,2021-07-29 02:22:52.669875 UTC,1.7,MW 1.7
T0949b,T0949b,InSight-site catalog event,4.5024,135.6234,Unspecified,Preliminary,Automatic,2021-07-29 01:48:59.04 UTC,,Magnitude not reported
T0949a,T0949a,InSight-site catalog event,4.5024,135.6234,Unspecified,Preliminary,Automatic,2021-07-29 00:57:46.94 UTC,,Magnitude not reported
S0949a,S0949a,InSight-site catalog event,4.5024,135.6234,Elysium Southwest,Reviewed,Manual,2021-07-28 12:58:15.950643 UTC,,Magnitude not reported
S0948c,S0948c,InSight-site catalog event,4.5024,135.6234,Elysium Southwest,Reviewed,Manual,2021-07-28 05:35:18.191262 UTC,,Magnitude not reported
S0948b,S0948b,InSight-site catalog event,4.5024,135.6234,Elysium Southwest,Reviewed,Manual,2021-07-28 05:06:54.003356 UTC,,Magnitude not reported
S0948a,S0948a,InSight-site catalog event,4.5024,135.6234,Elysium Southwest,Reviewed,Manual,2021-07-28 01:59:05.283134 UTC,2.1,MW 2.1
T0948b,T0948b,InSight-site catalog event,4.5024,135.6234,Unspecified,Preliminary,Automatic,2021-07-28 01:11:10.34 UTC,,Magnitude not reported
T0948a,T0948a,InSight-site catalog event,4.5024,135.6234,Unspecified,Preliminary,Automatic,2021-07-28 00:27:54.19 UTC,,Magnitude not reported
S0947a,S0947a,InSight-site catalog event,4.5024,135.6234,Elysium Southwest,Reviewed,Manual,2021-07-27 04:05:04.014918 UTC,,Magnitude not reported
T0947a,T0947a,InSight-site catalog event,4.5024,135.6234,Unspecified,Preliminary,Automatic,2021-07-26 23:59:07.89 UTC,,Magnitude not reported
S0946c,S0946c,InSight-site catalog event,4.5024,135.6234,Elysium Southwest,Reviewed,Manual,2021-07-26 03:15:07.070422 UTC,1.8,MW 1.8
S0946b,S0946b,InSight-site catalog event,4.5024,135.6234,Elysium Southwest,Reviewed,Manual,2021-07-26 01:04:05.309427 UTC,,Magnitude not reported
S0946a,S0946a,InSight-site catalog event,4.5024,135.6234,Elysium Southwest,Reviewed,Manual,2021-07-25 23:59:56.310642 UTC,2.1,MW 2.1
T0946a,T0946a,InSight-site catalog event,4.5024,135.6234,Unspecified,Preliminary,Automatic,2021-07-25 23:51:58.49 UTC,,Magnitude not reported
S0945b,S0945b,InSight-site catalog event,4.5024,135.6234,Elysium Southwest,Reviewed,Manual,2021-07-25 03:28:56.414149 UTC,,Magnitude not reported
S0945a,S0945a,InSight-site catalog event,4.5024,135.6234,Elysium Southwest,Reviewed,Manual,2021-07-25 00:09:12.943402 UTC,1.7,MW 1.7
T0945b,T0945b,InSight-site catalog event,4.5024,135.6234,Unspecified,Preliminary,Automatic,2021-07-24 23:18:06.09 UTC,,Magnitude not reported
T0945a,T0945a,InSight-site catalog event,4.5024,135.6234,Unspecified,Preliminary,Automatic,2021-07-24 22:40:10.89 UTC,,Magnitude not reported
S0944b,S0944b,InSight-site catalog event,4.5024,135.6234,Elysium Southwest,Reviewed,Manual,2021-07-24 01:45:07.560655 UTC,,Magnitude not reported
S0944a,S0944a,InSight-site catalog event,4.5024,135.6234,Elysium Southwest,Reviewed,Manual,2021-07-23 23:19:03.109939 UTC,,Magnitude not reported
T0944b,T0944b,InSight-site catalog event,4.5024,135.6234,Unspecified,Preliminary,Automatic,2021-07-23 22:38:45.783 UTC,,Magnitude not reported
T0944a,T0944a,InSight-site catalog event,4.5024,135.6234,Unspecified,Preliminary,Automatic,2021-07-23 22:37:18.033 UTC,,Magnitude not reported
S0943g,S0943g,InSight-site catalog event,4.5024,135.6234,Elysium Southwest,Reviewed,Manual,2021-07-23 01:27:33.492005 UTC,2.1,MW 2.1
S0943f,S0943f,InSight-site catalog event,4.5024,135.6234,Elysium Southwest,Reviewed,Manual,2021-07-23 00:35:33.757199 UTC,2.1,MW 2.1
S0943e,S0943e,InSight-site catalog event,4.5024,135.6234,Elysium Southwest,Reviewed,Manual,2021-07-22 22:52:58.0771 UTC,,Magnitude not reported
T0943b,T0943b,InSight-site catalog event,4.5024,135.6234,Unspecified,Preliminary,Automatic,2021-07-22 21:49:43.633 UTC,,Magnitude not reported
S0943c,S0943c,InSight-site catalog event,4.5024,135.6234,Elysium Southwest,Reviewed,Manual,2021-07-22 21:39:25.208467 UTC,,Magnitude not reported
T0943a,T0943a,InSight-site catalog event,4.5024,135.6234,Unspecified,Preliminary,Automatic,2021-07-22 21:10:12.283 UTC,,Magnitude not reported
S0943b,S0943b,InSight-site catalog event,4.5024,135.6234,Elysium Southwest,Reviewed,Manual,2021-07-22 09:10:02.53815 UTC,,Magnitude not reported
S0943a,S0943a,InSight-site catalog event,4.5024,135.6234,Elysium Southwest,Reviewed,Manual,2021-07-22 08:22:42.737064 UTC,1.8,MW 1.8
S0942d,S0942d,InSight-site catalog event,4.5024,135.6234,Elysium Southwest,Reviewed,Manual,2021-07-21 23:52:26.853417 UTC,,Magnitude not reported
S0942c,S0942c,InSight-site catalog event,4.5024,135.6234,Elysium Southwest,Reviewed,Manual,2021-07-21 22:05:50.518863 UTC,,Magnitude not reported
T0942a,T0942a,InSight-site catalog event,4.5024,135.6234,Unspecified,Preliminary,Automatic,2021-07-21 21:18:13.433 UTC,,Magnitude not reported
S0942b,S0942b,InSight-site catalog event,4.5024,135.6234,Elysium Southwest,Reviewed,Manual,2021-07-21 20:14:33.445622 UTC,,Magnitude not reported
S0942a,S0942a,InSight-site catalog event,4.5024,135.6234,Elysium Southwest,Reviewed,Manual,2021-07-21 08:25:20.936774 UTC,,Magnitude not reported
T0941a,T0941a,InSight-site catalog event,4.5024,135.6234,Unspecified,Preliminary,Automatic,2021-07-20 20:34:53.483 UTC,,Magnitude not reported
S0940d,S0940d,InSight-site catalog event,4.5024,135.6234,Elysium Southwest,Reviewed,Manual,2021-07-20 00:52:13.627543 UTC,2.1,MW 2.1
S0940c,S0940c,InSight-site catalog event,4.5024,135.6234,Elysium Southwest,Reviewed,Manual,2021-07-20 00:19:23.254067 UTC,1.8,MW 1.8
S0940b,S0940b,InSight-site catalog event,4.5024,135.6234,Elysium Southwest,Reviewed,Manual,2021-07-19 23:05:41.481319 UTC,,Magnitude not reported
S0940a,S0940a,InSight-site catalog event,4.5024,135.6234,Elysium Southwest,Reviewed,Manual,2021-07-19 21:40:39.873077 UTC,2.0,MW 2.0
T0940a,T0940a,InSight-site catalog event,4.5024,135.6234,Unspecified,Preliminary,Automatic,2021-07-19 20:00:26.633 UTC,,Magnitude not reported
S0939c,S0939c,InSight-site catalog event,4.5024,135.6234,Elysium Southwest,Reviewed,Manual,2021-07-18 20:44:53.238527 UTC,,Magnitude not reported
S0939b,S0939b,InSight-site catalog event,4.5024,135.6234,Elysium Southwest,Reviewed,Manual,2021-07-18 19:40:36.378349 UTC,,Magnitude not reported
S0939a,S0939a,InSight-site catalog event,4.5024,135.6234,Elysium Southwest,Reviewed,Manual,2021-07-18 00:48:50.519711 UTC,,Magnitude not reported
S0938b,S0938b,InSight-site catalog event,4.5024,135.6234,Elysium Southwest,Reviewed,Manual,2021-07-17 20:20:50.598728 UTC,1.8,MW 1.8
T0938a,T0938a,InSight-site catalog event,4.5024,135.6234,Unspecified,Preliminary,Automatic,2021-07-17 18:00:56.711 UTC,,Magnitude not reported
S0938a,S0938a,InSight-site catalog event,4.5024,135.6234,Elysium Southwest,Reviewed,Manual,2021-07-17 01:14:20.164774 UTC,,Magnitude not reported
S0937c,S0937c,InSight-site catalog event,4.5024,135.6234,Elysium Southwest,Reviewed,Manual,2021-07-16 21:01:01.905448 UTC,1.7,MW 1.7
S0937b,S0937b,InSight-site catalog event,4.5024,135.6234,Elysium Southwest,Reviewed,Manual,2021-07-16 20:44:12.166545 UTC,1.8,MW 1.8
S0937a,S0937a,InSight-site catalog event,4.5024,135.6234,Elysium Southwest,Reviewed,Manual,2021-07-16 18:16:31.878387 UTC,1.9,MW 1.9
T0937a,T0937a,InSight-site catalog event,4.5024,135.6234,Unspecified,Preliminary,Automatic,2021-07-16 17:58:26.411 UTC,,Magnitude not reported
S0936b,S0936b,InSight-site catalog event,4.5024,135.6234,Elysium Southwest,Reviewed,Manual,2021-07-15 19:36:20.766281 UTC,,Magnitude not reported
S0936a,S0936a,InSight-site catalog event,4.5024,135.6234,Elysium Southwest,Reviewed,Manual,2021-07-15 19:34:31.880108 UTC,1.7,MW 1.7
T0936a,T0936a,InSight-site catalog event,4.5024,135.6234,Unspecified,Preliminary,Automatic,2021-07-15 17:18:22.011 UTC,,Magnitude not reported
S0935f,S0935f,InSight-site catalog event,4.5024,135.6234,Elysium Southwest,Reviewed,Manual,2021-07-14 20:27:10.952571 UTC,,Magnitude not reported
S0935d,S0935d,InSight-site catalog event,4.5024,135.6234,Elysium Southwest,Reviewed,Manual,2021-07-14 18:50:52.335563 UTC,,Magnitude not reported
S0935c,S0935c,InSight-site catalog event,4.5024,135.6234,Elysium Southwest,Reviewed,Manual,2021-07-14 17:17:43.442388 UTC,1.9,MW 1.9
T0935b,T0935b,InSight-site catalog event,4.5024,135.6234,Unspecified,Preliminary,Automatic,2021-07-14 16:48:16.661 UTC,,Magnitude not reported
S0935b,S0935b,InSight-site catalog event,4.5024,135.6234,Elysium Southwest,Reviewed,Manual,2021-07-14 16:37:52.367616 UTC,,Magnitude not reported
S0935a,S0935a,InSight-site catalog event,4.5024,135.6234,Elysium Southwest,Reviewed,Manual,2021-07-14 15:49:55.27987 UTC,1.9,MW 1.9
T0935a,T0935a,InSight-site catalog event,4.5024,135.6234,Unspecified,Preliminary,Automatic,2021-07-14 15:37:12.311 UTC,,Magnitude not reported
S0934b,S0934b,InSight-site catalog event,4.5024,135.6234,Elysium Southwest,Reviewed,Manual,2021-07-13 20:05:46.465915 UTC,1.6,MW 1.6
T0934b,T0934b,InSight-site catalog event,4.5024,135.6234,Unspecified,Preliminary,Automatic,2021-07-13 16:05:56.57 UTC,,Magnitude not reported
T0934a,T0934a,InSight-site catalog event,4.5024,135.6234,Unspecified,Preliminary,Automatic,2021-07-13 15:32:30.17 UTC,,Magnitude not reported
S0934a,S0934a,InSight-site catalog event,4.5024,135.6234,Elysium Southwest,Reviewed,Manual,2021-07-12 23:13:04.616677 UTC,,Magnitude not reported
S0933c,S0933c,InSight-site catalog event,4.5024,135.6234,Elysium Southwest,Reviewed,Manual,2021-07-12 19:39:13.846448 UTC,1.7,MW 1.7
S0933b,S0933b,InSight-site catalog event,4.5024,135.6234,Elysium Southwest,Reviewed,Manual,2021-07-12 17:07:14.944102 UTC,2.1,MW 2.1
S0933a,S0933a,InSight-site catalog event,4.5024,135.6234,Elysium Southwest,Reviewed,Manual,2021-07-12 15:12:27.338932 UTC,2.3,MW 2.3
T0933a,T0933a,InSight-site catalog event,4.5024,135.6234,Unspecified,Preliminary,Automatic,2021-07-12 15:00:19.92 UTC,,Magnitude not reported
S0932c,S0932c,InSight-site catalog event,4.5024,135.6234,Elysium Southwest,Reviewed,Manual,2021-07-11 17:24:09.016052 UTC,1.8,MW 1.8
S0932b,S0932b,InSight-site catalog event,4.5024,135.6234,Elysium Southwest,Reviewed,Manual,2021-07-11 17:01:42.368583 UTC,,Magnitude not reported
T0932a,T0932a,InSight-site catalog event,4.5024,135.6234,Unspecified,Preliminary,Automatic,2021-07-11 14:49:05.27 UTC,,Magnitude not reported
S0932a,S0932a,InSight-site catalog event,4.5024,135.6234,Elysium Southwest,Reviewed,Manual,2021-07-10 22:58:08.833572 UTC,1.8,MW 1.8
S0931c,S0931c,InSight-site catalog event,4.5024,135.6234,Elysium Southwest,Reviewed,Manual,2021-07-10 16:31:23.81918 UTC,,Magnitude not reported
S0931b ,S0931b ,InSight-site catalog event,4.5024,135.6234,Elysium Southwest,Reviewed,Manual,2021-07-10 15:51:21.496185 UTC,,Magnitude not reported
T0931b,T0931b,InSight-site catalog event,4.5024,135.6234,Unspecified,Preliminary,Automatic,2021-07-10 14:07:17.77 UTC,,Magnitude not reported
S0931a,S0931a,InSight-site catalog event,4.5024,135.6234,Elysium Southwest,Reviewed,Manual,2021-07-10 13:45:04.999547 UTC,1.9,MW 1.9
T0931a,T0931a,InSight-site catalog event,4.5024,135.6234,Unspecified,Preliminary,Automatic,2021-07-10 13:38:22.32 UTC,,Magnitude not reported
S0930e,S0930e,InSight-site catalog event,4.5024,135.6234,Elysium Southwest,Reviewed,Manual,2021-07-09 17:12:32.180574 UTC,,Magnitude not reported
S0930d,S0930d,InSight-site catalog event,4.5024,135.6234,Elysium Southwest,Reviewed,Manual,2021-07-09 16:37:39.960221 UTC,,Magnitude not reported
S0930c,S0930c,InSight-site catalog event,4.5024,135.6234,Elysium Southwest,Reviewed,Manual,2021-07-09 15:40:50.950855 UTC,,Magnitude not reported
S0930b,S0930b,InSight-site catalog event,4.5024,135.6234,Elysium Southwest,Reviewed,Manual,2021-07-09 14:14:07.22255 UTC,,Magnitude not reported
T0930b,T0930b,InSight-site catalog event,4.5024,135.6234,Unspecified,Preliminary,Automatic,2021-07-09 13:32:09.77 UTC,,Magnitude not reported
T0930a,T0930a,InSight-site catalog event,4.5024,135.6234,Unspecified,Preliminary,Automatic,2021-07-09 13:22:49.82 UTC,,Magnitude not reported
S0930a,S0930a,InSight-site catalog event,4.5024,135.6234,Elysium Southwest,Reviewed,Manual,2021-07-09 13:18:13.6056 UTC,,Magnitude not reported
S0929d,S0929d,InSight-site catalog event,4.5024,135.6234,Elysium Southwest,Reviewed,Manual,2021-07-08 17:01:10.402251 UTC,1.5,MW 1.5
S0929c,S0929c,InSight-site catalog event,4.5024,135.6234,Elysium Southwest,Reviewed,Manual,2021-07-08 16:24:22.150112 UTC,,Magnitude not reported
S0929b,S0929b,InSight-site catalog event,4.5024,135.6234,Elysium Southwest,Reviewed,Manual,2021-07-08 15:14:04.015825 UTC,,Magnitude not reported
S0929a,S0929a,InSight-site catalog event,4.5024,135.6234,Elysium Southwest,Reviewed,Manual,2021-07-08 13:36:44.206109 UTC,,Magnitude not reported
T0929b,T0929b,InSight-site catalog event,4.5024,135.6234,Unspecified,Preliminary,Automatic,2021-07-08 12:55:40.915 UTC,,Magnitude not reported
T0929a,T0929a,InSight-site catalog event,4.5024,135.6234,Unspecified,Preliminary,Automatic,2021-07-08 12:49:00.215 UTC,,Magnitude not reported
S0928c,S0928c,InSight-site catalog event,4.5024,135.6234,Elysium Southwest,Reviewed,Manual,2021-07-07 16:41:34.513413 UTC,,Magnitude not reported
S0928b,S0928b,InSight-site catalog event,4.5024,135.6234,Elysium Southwest,Reviewed,Manual,2021-07-07 15:45:13.670897 UTC,,Magnitude not reported
S0928a,S0928a,InSight-site catalog event,4.5024,135.6234,Elysium Southwest,Reviewed,Manual,2021-07-07 12:54:59.390526 UTC,1.7,MW 1.7
T0928a,T0928a,InSight-site catalog event,4.5024,135.6234,Unspecified,Preliminary,Automatic,2021-07-07 11:22:18.665 UTC,,Magnitude not reported
S0927e,S0927e,InSight-site catalog event,4.5024,135.6234,Elysium Southwest,Reviewed,Manual,2021-07-06 15:44:31.357653 UTC,,Magnitude not reported
S0927d,S0927d,InSight-site catalog event,4.5024,135.6234,Elysium Southwest,Reviewed,Manual,2021-07-06 15:09:56.014244 UTC,,Magnitude not reported
S0927c,S0927c,InSight-site catalog event,4.5024,135.6234,Elysium Southwest,Reviewed,Manual,2021-07-06 13:08:26.325298 UTC,1.7,MW 1.7
S0927b,S0927b,InSight-site catalog event,4.5024,135.6234,Elysium Southwest,Reviewed,Manual,2021-07-06 11:53:36.494195 UTC,,Magnitude not reported
T0927a,T0927a,InSight-site catalog event,4.5024,135.6234,Unspecified,Preliminary,Automatic,2021-07-06 11:17:24.365 UTC,,Magnitude not reported
S0927a,S0927a,InSight-site catalog event,4.5024,135.6234,Elysium Southwest,Reviewed,Manual,2021-07-05 20:36:42.862461 UTC,,Magnitude not reported
S0926e,S0926e,InSight-site catalog event,4.5024,135.6234,Elysium Southwest,Reviewed,Manual,2021-07-05 14:27:57.500436 UTC,,Magnitude not reported
S0926d,S0926d,InSight-site catalog event,4.5024,135.6234,Elysium Southwest,Reviewed,Manual,2021-07-05 12:55:00.553181 UTC,,Magnitude not reported
S0926c,S0926c,InSight-site catalog event,4.5024,135.6234,Elysium Southwest,Reviewed,Manual,2021-07-05 10:57:15.817369 UTC,,Magnitude not reported
T0926b,T0926b,InSight-site catalog event,4.5024,135.6234,Unspecified,Preliminary,Automatic,2021-07-05 10:46:58.615 UTC,,Magnitude not reported
T0926a,T0926a,InSight-site catalog event,4.5024,135.6234,Unspecified,Preliminary,Automatic,2021-07-05 09:40:50.915 UTC,,Magnitude not reported
S0926b,S0926b,InSight-site catalog event,4.5024,135.6234,Elysium Southwest,Reviewed,Manual,2021-07-04 22:01:01.140851 UTC,,Magnitude not reported
S0926a,S0926a,InSight-site catalog event,4.5024,135.6234,Elysium Southwest,Reviewed,Manual,2021-07-04 21:33:26.724519 UTC,,Magnitude not reported
S0925c,S0925c,InSight-site catalog event,4.5024,135.6234,Elysium Southwest,Reviewed,Manual,2021-07-04 13:47:56.016007 UTC,1.7,MW 1.7
S0925b,S0925b,InSight-site catalog event,4.5024,135.6234,Elysium Southwest,Reviewed,Manual,2021-07-04 13:12:54.398227 UTC,1.6,MW 1.6
T0925a,T0925a,InSight-site catalog event,4.5024,135.6234,Unspecified,Preliminary,Automatic,2021-07-04 09:18:11.265 UTC,,Magnitude not reported
S0925a,S0925a,InSight-site catalog event,4.5024,135.6234,Elysium Southwest,Reviewed,Manual,2021-07-03 19:42:41.414102 UTC,,Magnitude not reported
S0924b,S0924b,InSight-site catalog event,4.5024,135.6234,Elysium Southwest,Reviewed,Manual,2021-07-03 12:08:35.880081 UTC,1.9,MW 1.9
S0924a,S0924a,InSight-site catalog event,4.5024,135.6234,Elysium Southwest,Reviewed,Manual,2021-07-03 10:14:44.938472 UTC,1.6,MW 1.6
T0924b,T0924b,InSight-site catalog event,4.5024,135.6234,Unspecified,Preliminary,Automatic,2021-07-03 09:25:48.388 UTC,,Magnitude not reported
T0924a,T0924a,InSight-site catalog event,4.5024,135.6234,Unspecified,Preliminary,Automatic,2021-07-03 09:11:15.588 UTC,,Magnitude not reported
S0923f,S0923f,InSight-site catalog event,4.5024,135.6234,Elysium Southwest,Reviewed,Manual,2021-07-02 13:04:15.454451 UTC,2.0,MW 2.0
S0923e,S0923e,InSight-site catalog event,4.5024,135.6234,Elysium Southwest,Reviewed,Manual,2021-07-02 12:33:34.379777 UTC,,Magnitude not reported
S0923d,S0923d,InSight-site catalog event,4.5024,135.6234,Elysium Southwest,Reviewed,Manual,2021-07-02 12:10:22.620126 UTC,2.1,MW 2.1
S0923c,S0923c,InSight-site catalog event,4.5024,135.6234,Elysium Southwest,Reviewed,Manual,2021-07-02 11:08:42.854365 UTC,2.1,MW 2.1
T0923b,T0923b,InSight-site catalog event,4.5024,135.6234,Unspecified,Preliminary,Automatic,2021-07-02 09:03:01.688 UTC,,Magnitude not reported
T0923a,T0923a,InSight-site catalog event,4.5024,135.6234,Unspecified,Preliminary,Automatic,2021-07-02 08:39:34.838 UTC,,Magnitude not reported
S0923b,S0923b,InSight-site catalog event,4.5024,135.6234,Elysium Southwest,Reviewed,Manual,2021-07-02 08:32:36.626183 UTC,,Magnitude not reported
S0923a,S0923a,InSight-site catalog event,4.5024,135.6234,Elysium Southwest,Reviewed,Manual,2021-07-02 08:05:04.482222 UTC,2.9,MW 2.9
S0922d,S0922d,InSight-site catalog event,4.5024,135.6234,Elysium Southwest,Reviewed,Manual,2021-07-01 11:25:54.583688 UTC,,Magnitude not reported
S0922c,S0922c,InSight-site catalog event,4.5024,135.6234,Elysium Southwest,Reviewed,Manual,2021-07-01 09:33:05.881143 UTC,,Magnitude not reported
S0922b,S0922b,InSight-site catalog event,4.5024,135.6234,Elysium Southwest,Reviewed,Manual,2021-07-01 09:13:09.243796 UTC,,Magnitude not reported
S0922a,S0922a,InSight-site catalog event,4.5024,135.6234,Elysium Southwest,Reviewed,Manual,2021-07-01 08:45:21.720813 UTC,1.4,MW 1.4
T0922a,T0922a,InSight-site catalog event,4.5024,135.6234,Unspecified,Preliminary,Automatic,2021-07-01 07:55:49.388 UTC,,Magnitude not reported
S0921g,S0921g,InSight-site catalog event,4.5024,135.6234,Elysium Southwest,Reviewed,Manual,2021-06-30 10:50:18.859916 UTC,1.8,MW 1.8
S0921f,S0921f,InSight-site catalog event,4.5024,135.6234,Elysium Southwest,Reviewed,Manual,2021-06-30 10:39:58.00879 UTC,,Magnitude not reported
S0921e,S0921e,InSight-site catalog event,4.5024,135.6234,Elysium Southwest,Reviewed,Manual,2021-06-30 10:17:07.605072 UTC,,Magnitude not reported
S0921d,S0921d,InSight-site catalog event,4.5024,135.6234,Elysium Southwest,Reviewed,Manual,2021-06-30 09:04:48.485084 UTC,1.7,MW 1.7
T0921b,T0921b,InSight-site catalog event,4.5024,135.6234,Unspecified,Preliminary,Automatic,2021-06-30 07:31:30.688 UTC,,Magnitude not reported
S0921c,S0921c,InSight-site catalog event,4.5024,135.6234,Elysium Southwest,Reviewed,Manual,2021-06-30 07:24:50.635832 UTC,,Magnitude not reported
T0921a,T0921a,InSight-site catalog event,4.5024,135.6234,Unspecified,Preliminary,Automatic,2021-06-30 07:17:02.888 UTC,,Magnitude not reported
S0921b,S0921b,InSight-site catalog event,4.5024,135.6234,Elysium Southwest,Reviewed,Manual,2021-06-30 06:57:18.396937 UTC,1.8,MW 1.8
S0921a,S0921a,InSight-site catalog event,4.5024,135.6234,Elysium Southwest,Reviewed,Manual,2021-06-30 06:49:36.525623 UTC,,Magnitude not reported
S0920d,S0920d,InSight-site catalog event,4.5024,135.6234,Elysium Southwest,Reviewed,Manual,2021-06-29 11:25:44.414958 UTC,2.0,MW 2.0
S0920c,S0920c,InSight-site catalog event,4.5024,135.6234,Elysium Southwest,Reviewed,Manual,2021-06-29 10:39:54.832841 UTC,,Magnitude not reported
S0920b,S0920b,InSight-site catalog event,4.5024,135.6234,Elysium Southwest,Reviewed,Manual,2021-06-29 10:00:01.929511 UTC,1.5,MW 1.5
S0920a,S0920a,InSight-site catalog event,4.5024,135.6234,Elysium Southwest,Reviewed,Manual,2021-06-29 09:31:12.021502 UTC,,Magnitude not reported
T0920a,T0920a,InSight-site catalog event,4.5024,135.6234,Unspecified,Preliminary,Automatic,2021-06-29 06:47:40.388 UTC,,Magnitude not reported
S0919d,S0919d,InSight-site catalog event,4.5024,135.6234,Elysium Southwest,Reviewed,Manual,2021-06-28 10:16:31.192413 UTC,,Magnitude not reported
S0919c,S0919c,InSight-site catalog event,4.5024,135.6234,Elysium Southwest,Reviewed,Manual,2021-06-28 08:43:19.717355 UTC,,Magnitude not reported
S0919b,S0919b,InSight-site catalog event,4.5024,135.6234,Elysium Southwest,Reviewed,Manual,2021-06-28 07:58:42.086059 UTC,1.6,MW 1.6
S0919a,S0919a,InSight-site catalog event,4.5024,135.6234,Elysium Southwest,Reviewed,Manual,2021-06-28 06:03:42.956853 UTC,2.2,MW 2.2
S0918c,S0918c,InSight-site catalog event,4.5024,135.6234,Elysium Southwest,Reviewed,Manual,2021-06-27 08:25:34.583863 UTC,1.7,MW 1.7
S0918b,S0918b,InSight-site catalog event,4.5024,135.6234,Elysium Southwest,Reviewed,Manual,2021-06-27 05:54:09.711043 UTC,,Magnitude not reported
T0918b,T0918b,InSight-site catalog event,4.5024,135.6234,Unspecified,Preliminary,Automatic,2021-06-27 05:33:12.834 UTC,,Magnitude not reported
T0918a,T0918a,InSight-site catalog event,4.5024,135.6234,Unspecified,Preliminary,Automatic,2021-06-27 05:28:30.484 UTC,,Magnitude not reported
S0917b,S0917b,InSight-site catalog event,4.5024,135.6234,Elysium Southwest,Reviewed,Manual,2021-06-26 07:25:22.106151 UTC,,Magnitude not reported
S0917a,S0917a,InSight-site catalog event,4.5024,135.6234,Elysium Southwest,Reviewed,Manual,2021-06-26 04:54:48.657872 UTC,,Magnitude not reported
T0917b,T0917b,InSight-site catalog event,4.5024,135.6234,Unspecified,Preliminary,Automatic,2021-06-26 04:53:44.034 UTC,,Magnitude not reported
T0917a,T0917a,InSight-site catalog event,4.5024,135.6234,Unspecified,Preliminary,Automatic,2021-06-26 04:40:40.184 UTC,,Magnitude not reported
S0916e,S0916e,InSight-site catalog event,4.5024,135.6234,Elysium Southwest,Reviewed,Manual,2021-06-25 07:35:26.846924 UTC,1.8,MW 1.8
S0916c,S0916c,InSight-site catalog event,4.5024,135.6234,Elysium Southwest,Reviewed,Manual,2021-06-25 04:53:33.595136 UTC,,Magnitude not reported
T0916c,T0916c,InSight-site catalog event,4.5024,135.6234,Unspecified,Preliminary,Automatic,2021-06-25 04:06:07.984 UTC,,Magnitude not reported
S0916b,S0916b,InSight-site catalog event,4.5024,135.6234,Elysium Southwest,Reviewed,Manual,2021-06-25 03:27:40.880422 UTC,1.7,MW 1.7
T0916b,T0916b,InSight-site catalog event,4.5024,135.6234,Unspecified,Preliminary,Automatic,2021-06-25 03:02:24.934 UTC,,Magnitude not reported
S0916a,S0916a,InSight-site catalog event,4.5024,135.6234,Elysium Southwest,Reviewed,Manual,2021-06-25 02:55:50.825905 UTC,1.7,MW 1.7
T0916a,T0916a,InSight-site catalog event,4.5024,135.6234,Unspecified,Preliminary,Automatic,2021-06-25 02:52:18.534 UTC,,Magnitude not reported
S0915c,S0915c,InSight-site catalog event,4.5024,135.6234,Elysium Southwest,Reviewed,Manual,2021-06-24 04:49:25.205511 UTC,,Magnitude not reported
S0915b,S0915b,InSight-site catalog event,4.5024,135.6234,Elysium Southwest,Reviewed,Manual,2021-06-24 03:48:05.354224 UTC,,Magnitude not reported
T0915a,T0915a,InSight-site catalog event,4.5024,135.6234,Unspecified,Preliminary,Automatic,2021-06-24 03:14:53.734 UTC,,Magnitude not reported
S0915a,S0915a,InSight-site catalog event,4.5024,135.6234,Elysium Southwest,Reviewed,Manual,2021-06-24 02:37:12.332661 UTC,,Magnitude not reported
S0914f,S0914f,InSight-site catalog event,4.5024,135.6234,Elysium Southwest,Reviewed,Manual,2021-06-23 07:09:38.123717 UTC,1.8,MW 1.8
S0914g,S0914g,InSight-site catalog event,4.5024,135.6234,Elysium Southwest,Preliminary,Manual,2021-06-23 06:51:15.70418 UTC,,Magnitude not reported
S0914e,S0914e,InSight-site catalog event,4.5024,135.6234,Elysium Southwest,Reviewed,Manual,2021-06-23 05:48:48.043532 UTC,,Magnitude not reported
S0914d,S0914d,InSight-site catalog event,4.5024,135.6234,Elysium Southwest,Reviewed,Manual,2021-06-23 04:33:05.143008 UTC,,Magnitude not reported
S0914c,S0914c,InSight-site catalog event,4.5024,135.6234,Elysium Southwest,Reviewed,Manual,2021-06-23 03:40:06.960977 UTC,,Magnitude not reported
S0914b,S0914b,InSight-site catalog event,4.5024,135.6234,Elysium Southwest,Reviewed,Manual,2021-06-23 03:12:22.128138 UTC,,Magnitude not reported
T0914b,T0914b,InSight-site catalog event,4.5024,135.6234,Unspecified,Preliminary,Automatic,2021-06-23 03:01:26.124 UTC,,Magnitude not reported
T0914a,T0914a,InSight-site catalog event,4.5024,135.6234,Unspecified,Preliminary,Automatic,2021-06-23 02:54:40.874 UTC,,Magnitude not reported
S0914a,S0914a,InSight-site catalog event,4.5024,135.6234,Elysium Southwest,Reviewed,Manual,2021-06-23 02:13:45.20596 UTC,,Magnitude not reported
S0913a,S0913a,InSight-site catalog event,4.5024,135.6234,Elysium Southwest,Reviewed,Manual,2021-06-22 02:59:26.586175 UTC,1.6,MW 1.6
T0913a,T0913a,InSight-site catalog event,4.5024,135.6234,Unspecified,Preliminary,Automatic,2021-06-22 02:25:42.624 UTC,,Magnitude not reported
S0912b,S0912b,InSight-site catalog event,4.5024,135.6234,Elysium Southwest,Reviewed,Manual,2021-06-21 05:59:46.252156 UTC,1.8,MW 1.8
S0912a,S0912a,InSight-site catalog event,4.5024,135.6234,Elysium Southwest,Reviewed,Manual,2021-06-21 05:19:18.893576 UTC,,Magnitude not reported
T0912b,T0912b,InSight-site catalog event,4.5024,135.6234,Unspecified,Preliminary,Automatic,2021-06-21 01:52:46.674 UTC,,Magnitude not reported
T0912a,T0912a,InSight-site catalog event,4.5024,135.6234,Unspecified,Preliminary,Automatic,2021-06-21 01:29:39.224 UTC,,Magnitude not reported
S0911b,S0911b,InSight-site catalog event,4.5024,135.6234,Elysium Southwest,Reviewed,Manual,2021-06-20 04:57:52.011839 UTC,1.7,MW 1.7
S0911a,S0911a,InSight-site catalog event,4.5024,135.6234,Elysium Southwest,Reviewed,Manual,2021-06-20 02:12:19.589754 UTC,,Magnitude not reported
T0911c,T0911c,InSight-site catalog event,4.5024,135.6234,Unspecified,Preliminary,Automatic,2021-06-20 00:53:30.824 UTC,,Magnitude not reported
T0911b,T0911b,InSight-site catalog event,4.5024,135.6234,Unspecified,Preliminary,Automatic,2021-06-20 00:41:17.524 UTC,,Magnitude not reported
T0911a,T0911a,InSight-site catalog event,4.5024,135.6234,Unspecified,Preliminary,Automatic,2021-06-20 00:07:35.624 UTC,,Magnitude not reported
S0910d,S0910d,InSight-site catalog event,4.5024,135.6234,Elysium Southwest,Reviewed,Manual,2021-06-19 04:14:43.447188 UTC,1.5,MW 1.5
S0910c,S0910c,InSight-site catalog event,4.5024,135.6234,Elysium Southwest,Reviewed,Manual,2021-06-19 01:54:31.635824 UTC,1.8,MW 1.8
S0910b,S0910b,InSight-site catalog event,4.5024,135.6234,Elysium Southwest,Reviewed,Manual,2021-06-19 01:38:01.22483 UTC,,Magnitude not reported
S0910a,S0910a,InSight-site catalog event,4.5024,135.6234,Elysium Southwest,Reviewed,Manual,2021-06-19 00:39:31.650348 UTC,,Magnitude not reported
T0910b,T0910b,InSight-site catalog event,4.5024,135.6234,Unspecified,Preliminary,Automatic,2021-06-18 23:20:33.274 UTC,,Magnitude not reported
T0910a,T0910a,InSight-site catalog event,4.5024,135.6234,Unspecified,Preliminary,Automatic,2021-06-18 22:59:36.274 UTC,,Magnitude not reported
S0909e,S0909e,InSight-site catalog event,4.5024,135.6234,Elysium Southwest,Reviewed,Manual,2021-06-18 01:54:43.421562 UTC,1.5,MW 1.5
S0909d,S0909d,InSight-site catalog event,4.5024,135.6234,Elysium Southwest,Reviewed,Manual,2021-06-18 00:33:20.211164 UTC,,Magnitude not reported
S0909c,S0909c,InSight-site catalog event,4.5024,135.6234,Elysium Southwest,Reviewed,Manual,2021-06-18 00:01:12.710714 UTC,,Magnitude not reported
T0909c,T0909c,InSight-site catalog event,4.5024,135.6234,Unspecified,Preliminary,Automatic,2021-06-17 23:32:14.473 UTC,,Magnitude not reported
T0909b,T0909b,InSight-site catalog event,4.5024,135.6234,Unspecified,Preliminary,Automatic,2021-06-17 23:11:09.523 UTC,,Magnitude not reported
S0909b,S0909b,InSight-site catalog event,4.5024,135.6234,Elysium Southwest,Reviewed,Manual,2021-06-17 22:43:02.171663 UTC,1.6,MW 1.6
T0909a,T0909a,InSight-site catalog event,4.5024,135.6234,Unspecified,Preliminary,Automatic,2021-06-17 22:40:37.773 UTC,,Magnitude not reported
S0909a,S0909a,InSight-site catalog event,4.5024,135.6234,Elysium Southwest,Reviewed,Manual,2021-06-17 10:13:56.584153 UTC,2.1,MW 2.1
S0908c,S0908c,InSight-site catalog event,4.5024,135.6234,Elysium Southwest,Reviewed,Manual,2021-06-17 03:11:31.106953 UTC,,Magnitude not reported
S0908b,S0908b,InSight-site catalog event,4.5024,135.6234,Elysium Southwest,Reviewed,Manual,2021-06-17 01:29:03.122844 UTC,,Magnitude not reported
T0908c,T0908c,InSight-site catalog event,4.5024,135.6234,Unspecified,Preliminary,Automatic,2021-06-16 22:44:24.373 UTC,,Magnitude not reported
T0908b,T0908b,InSight-site catalog event,4.5024,135.6234,Unspecified,Preliminary,Automatic,2021-06-16 22:19:42.073 UTC,,Magnitude not reported
T0908a,T0908a,InSight-site catalog event,4.5024,135.6234,Unspecified,Preliminary,Automatic,2021-06-16 22:12:48.923 UTC,,Magnitude not reported
S0907a,S0907a,InSight-site catalog event,4.5024,135.6234,Elysium Southwest,Reviewed,Manual,2021-06-16 01:03:59.561199 UTC,,Magnitude not reported
T0907b,T0907b,InSight-site catalog event,4.5024,135.6234,Unspecified,Preliminary,Automatic,2021-06-15 22:13:37.023 UTC,,Magnitude not reported
S0907b,S0907b,InSight-site catalog event,4.5024,135.6234,Elysium Southwest,Reviewed,Manual,2021-06-15 22:01:35.967963 UTC,,Magnitude not reported
T0907a,T0907a,InSight-site catalog event,4.5024,135.6234,Unspecified,Preliminary,Automatic,2021-06-15 21:53:17.323 UTC,,Magnitude not reported
S0906c,S0906c,InSight-site catalog event,4.5024,135.6234,Elysium Southwest,Reviewed,Manual,2021-06-15 00:44:12.503285 UTC,1.7,MW 1.7
S0906b,S0906b,InSight-site catalog event,4.5024,135.6234,Elysium Southwest,Reviewed,Manual,2021-06-15 00:08:58.012399 UTC,,Magnitude not reported
S0906a,S0906a,InSight-site catalog event,4.5024,135.6234,Elysium Southwest,Reviewed,Manual,2021-06-14 23:04:56.634151 UTC,1.6,MW 1.6
T0906c,T0906c,InSight-site catalog event,4.5024,135.6234,Unspecified,Preliminary,Automatic,2021-06-14 21:26:51.373 UTC,,Magnitude not reported
T0906b,T0906b,InSight-site catalog event,4.5024,135.6234,Unspecified,Preliminary,Automatic,2021-06-14 21:16:39.873 UTC,,Magnitude not reported
T0906a,T0906a,InSight-site catalog event,4.5024,135.6234,Unspecified,Preliminary,Automatic,2021-06-14 20:27:28.173 UTC,,Magnitude not reported
S0905d,S0905d,InSight-site catalog event,4.5024,135.6234,Elysium Southwest,Reviewed,Manual,2021-06-14 00:22:34.232401 UTC,,Magnitude not reported
S0905c,S0905c,InSight-site catalog event,4.5024,135.6234,Elysium Southwest,Reviewed,Manual,2021-06-13 23:52:47.15828 UTC,1.6,MW 1.6
S0905e,S0905e,InSight-site catalog event,4.5024,135.6234,Elysium Southwest,Reviewed,Manual,2021-06-13 23:21:10.439471 UTC,1.6,MW 1.6
S0905b,S0905b,InSight-site catalog event,4.5024,135.6234,Elysium Southwest,Reviewed,Manual,2021-06-13 22:51:26.931344 UTC,,Magnitude not reported
S0905a,S0905a,InSight-site catalog event,4.5024,135.6234,Elysium Southwest,Reviewed,Manual,2021-06-13 22:05:22.033423 UTC,1.8,MW 1.8
T0905c,T0905c,InSight-site catalog event,4.5024,135.6234,Unspecified,Preliminary,Automatic,2021-06-13 20:55:59.473 UTC,,Magnitude not reported
T0905b,T0905b,InSight-site catalog event,4.5024,135.6234,Unspecified,Preliminary,Automatic,2021-06-13 20:38:58.873 UTC,,Magnitude not reported
T0905a,T0905a,InSight-site catalog event,4.5024,135.6234,Unspecified,Preliminary,Automatic,2021-06-13 20:12:15.523 UTC,,Magnitude not reported
S0904b,S0904b,InSight-site catalog event,4.5024,135.6234,Elysium Southwest,Reviewed,Manual,2021-06-12 22:29:26.658304 UTC,,Magnitude not reported
T0904a,T0904a,InSight-site catalog event,4.5024,135.6234,Unspecified,Preliminary,Automatic,2021-06-12 20:31:21.836 UTC,,Magnitude not reported
S0904a,S0904a,InSight-site catalog event,4.5024,135.6234,Elysium Southwest,Reviewed,Manual,2021-06-12 20:12:02.725203 UTC,,Magnitude not reported
S0903b,S0903b,InSight-site catalog event,4.5024,135.6234,Elysium Southwest,Reviewed,Manual,2021-06-11 20:26:27.674569 UTC,1.6,MW 1.6
S0903a,S0903a,InSight-site catalog event,4.5024,135.6234,Elysium Southwest,Reviewed,Manual,2021-06-11 19:31:56.684771 UTC,,Magnitude not reported
T0903a,T0903a,InSight-site catalog event,4.5024,135.6234,Unspecified,Preliminary,Automatic,2021-06-11 18:52:09.536 UTC,,Magnitude not reported
S0902c,S0902c,InSight-site catalog event,4.5024,135.6234,Elysium Southwest,Reviewed,Manual,2021-06-10 22:46:08.293219 UTC,,Magnitude not reported
S0902b,S0902b,InSight-site catalog event,4.5024,135.6234,Elysium Southwest,Reviewed,Manual,2021-06-10 21:39:13.240427 UTC,,Magnitude not reported
S0902a,S0902a,InSight-site catalog event,4.5024,135.6234,Elysium Southwest,Reviewed,Manual,2021-06-10 21:01:19.253989 UTC,,Magnitude not reported
T0902a,T0902a,InSight-site catalog event,4.5024,135.6234,Unspecified,Preliminary,Automatic,2021-06-10 18:25:45.586 UTC,,Magnitude not reported
S0901b,S0901b,InSight-site catalog event,4.5024,135.6234,Elysium Southwest,Reviewed,Manual,2021-06-09 21:48:55.558528 UTC,,Magnitude not reported
T0901b,T0901b,InSight-site catalog event,4.5024,135.6234,Unspecified,Preliminary,Automatic,2021-06-09 18:07:04.936 UTC,,Magnitude not reported
S0901a,S0901a,InSight-site catalog event,4.5024,135.6234,Elysium Southwest,Reviewed,Manual,2021-06-09 18:06:31.662379 UTC,,Magnitude not reported
T0901a,T0901a,InSight-site catalog event,4.5024,135.6234,Unspecified,Preliminary,Automatic,2021-06-09 17:46:09.686 UTC,,Magnitude not reported
S0900b,S0900b,InSight-site catalog event,4.5024,135.6234,Elysium Southwest,Reviewed,Manual,2021-06-08 18:43:14.187616 UTC,,Magnitude not reported
S0900a,S0900a,InSight-site catalog event,4.5024,135.6234,Elysium Southwest,Reviewed,Manual,2021-06-08 17:43:48.826213 UTC,,Magnitude not reported
T0900b,T0900b,InSight-site catalog event,4.5024,135.6234,Unspecified,Preliminary,Automatic,2021-06-08 17:37:33.086 UTC,,Magnitude not reported
T0900a,T0900a,InSight-site catalog event,4.5024,135.6234,Unspecified,Preliminary,Automatic,2021-06-08 17:08:11.286 UTC,,Magnitude not reported
S0899d,S0899d,InSight-site catalog event,4.5024,135.6234,Elysium Southwest,Reviewed,Manual,2021-06-07 20:07:39.863868 UTC,,Magnitude not reported
S0899c,S0899c,InSight-site catalog event,4.5024,135.6234,Elysium Southwest,Reviewed,Manual,2021-06-07 18:57:55.527294 UTC,1.7,MW 1.7
S0899b,S0899b,InSight-site catalog event,4.5024,135.6234,Elysium Southwest,Reviewed,Manual,2021-06-07 18:24:23.083313 UTC,1.8,MW 1.8
S0899a,S0899a,InSight-site catalog event,4.5024,135.6234,Elysium Southwest,Reviewed,Manual,2021-06-07 17:56:37.430396 UTC,1.8,MW 1.8
T0899b,T0899b,InSight-site catalog event,4.5024,135.6234,Unspecified,Preliminary,Automatic,2021-06-07 16:55:11.059 UTC,,Magnitude not reported
T0899a,T0899a,InSight-site catalog event,4.5024,135.6234,Unspecified,Preliminary,Automatic,2021-06-07 16:46:30.909 UTC,,Magnitude not reported
S0898a,S0898a,InSight-site catalog event,4.5024,135.6234,Elysium Southwest,Reviewed,Manual,2021-06-06 20:32:34.436831 UTC,,Magnitude not reported
T0898b,T0898b,InSight-site catalog event,4.5024,135.6234,Unspecified,Preliminary,Automatic,2021-06-06 16:15:46.609 UTC,,Magnitude not reported
T0898a,T0898a,InSight-site catalog event,4.5024,135.6234,Unspecified,Preliminary,Automatic,2021-06-06 16:02:15.359 UTC,,Magnitude not reported
T0897b,T0897b,InSight-site catalog event,4.5024,135.6234,Unspecified,Preliminary,Automatic,2021-06-05 15:53:22.659 UTC,,Magnitude not reported
T0897a,T0897a,InSight-site catalog event,4.5024,135.6234,Unspecified,Preliminary,Automatic,2021-06-05 15:35:55.709 UTC,,Magnitude not reported
S0896b,S0896b,InSight-site catalog event,4.5024,135.6234,Elysium Southwest,Reviewed,Manual,2021-06-04 19:01:11.383475 UTC,1.9,MW 1.9
S0896a,S0896a,InSight-site catalog event,4.5024,135.6234,Elysium Southwest,Reviewed,Manual,2021-06-04 16:36:05.832939 UTC,,Magnitude not reported
T0896b,T0896b,InSight-site catalog event,4.5024,135.6234,Unspecified,Preliminary,Automatic,2021-06-04 15:00:14.359 UTC,,Magnitude not reported
T0896a,T0896a,InSight-site catalog event,4.5024,135.6234,Unspecified,Preliminary,Automatic,2021-06-04 14:26:58.959 UTC,,Magnitude not reported
S0894a,S0894a,InSight-site catalog event,4.5024,135.6234,Elysium Southwest,Reviewed,Manual,2021-06-02 14:06:40.615449 UTC,,Magnitude not reported
T0894b,T0894b,InSight-site catalog event,4.5024,135.6234,Unspecified,Preliminary,Automatic,2021-06-02 13:38:01.215 UTC,,Magnitude not reported
T0894a,T0894a,InSight-site catalog event,4.5024,135.6234,Unspecified,Preliminary,Automatic,2021-06-02 13:36:04.615 UTC,,Magnitude not reported
S0893a,S0893a,InSight-site catalog event,4.5024,135.6234,Elysium Southwest,Reviewed,Manual,2021-06-01 17:16:39.409077 UTC,1.6,MW 1.6
T0893b,T0893b,InSight-site catalog event,4.5024,135.6234,Unspecified,Preliminary,Automatic,2021-06-01 12:56:59.565 UTC,,Magnitude not reported
S0893c,S0893c,InSight-site catalog event,4.5024,135.6234,Elysium Southwest,Reviewed,Manual,2021-06-01 12:53:17.808139 UTC,,Magnitude not reported
T0893a,T0893a,InSight-site catalog event,4.5024,135.6234,Elysium Southwest,Preliminary,Automatic,2021-06-01 12:51:43.815 UTC,,Magnitude not reported
S0893b,S0893b,InSight-site catalog event,4.5024,135.6234,Elysium Southwest,Reviewed,Manual,2021-06-01 12:14:17.698072 UTC,,Magnitude not reported
S0892b,S0892b,InSight-site catalog event,4.5024,135.6234,Elysium Southwest,Reviewed,Manual,2021-05-31 12:26:39.518431 UTC,,Magnitude not reported
T0892a,T0892a,InSight-site catalog event,4.5024,135.6234,Unspecified,Preliminary,Automatic,2021-05-31 12:01:57.715 UTC,,Magnitude not reported
S0891c,S0891c,InSight-site catalog event,4.5024,135.6234,Elysium Southwest,Reviewed,Manual,2021-05-30 15:34:24.661332 UTC,1.5,MW 1.5
S0891b,S0891b,InSight-site catalog event,4.5024,135.6234,Elysium Southwest,Reviewed,Manual,2021-05-30 11:43:19.33898 UTC,1.6,MW 1.6
T0891a,T0891a,InSight-site catalog event,4.5024,135.6234,Unspecified,Preliminary,Automatic,2021-05-30 11:33:16.015 UTC,,Magnitude not reported
S0890b,S0890b,InSight-site catalog event,4.5024,135.6234,Elysium Southwest,Reviewed,Manual,2021-05-29 14:39:36.338562 UTC,,Magnitude not reported
T0890b,T0890b,InSight-site catalog event,4.5024,135.6234,Unspecified,Preliminary,Automatic,2021-05-29 10:56:54.615 UTC,,Magnitude not reported
T0890a,T0890a,InSight-site catalog event,4.5024,135.6234,Unspecified,Preliminary,Automatic,2021-05-29 10:48:58.015 UTC,,Magnitude not reported
S0890a,S0890a,InSight-site catalog event,4.5024,135.6234,Elysium Southwest,Reviewed,Manual,2021-05-29 10:27:05.872354 UTC,1.7,MW 1.7
S0889c,S0889c,InSight-site catalog event,4.5024,135.6234,Elysium Southwest,Reviewed,Manual,2021-05-28 14:45:22.005646 UTC,1.4,MW 1.4
S0889b,S0889b,InSight-site catalog event,4.5024,135.6234,Elysium Southwest,Reviewed,Manual,2021-05-28 13:35:19.242991 UTC,,Magnitude not reported
S0889a,S0889a,InSight-site catalog event,4.5024,135.6234,Elysium Southwest,Reviewed,Manual,2021-05-28 12:37:43.117779 UTC,,Magnitude not reported
T0889b,T0889b,InSight-site catalog event,4.5024,135.6234,Unspecified,Preliminary,Automatic,2021-05-28 10:15:29.739 UTC,,Magnitude not reported
T0889a,T0889a,InSight-site catalog event,4.5024,135.6234,Unspecified,Preliminary,Automatic,2021-05-28 09:55:50.289 UTC,,Magnitude not reported
S0888b,S0888b,InSight-site catalog event,4.5024,135.6234,Elysium Southwest,Reviewed,Manual,2021-05-27 13:59:53.830171 UTC,1.8,MW 1.8
S0888a,S0888a,InSight-site catalog event,4.5024,135.6234,Elysium Southwest,Reviewed,Manual,2021-05-27 11:58:29.247082 UTC,,Magnitude not reported
T0888b,T0888b,InSight-site catalog event,4.5024,135.6234,Unspecified,Preliminary,Automatic,2021-05-27 09:31:30.739 UTC,,Magnitude not reported
T0888a,T0888a,InSight-site catalog event,4.5024,135.6234,Unspecified,Preliminary,Automatic,2021-05-27 08:54:41.589 UTC,,Magnitude not reported
S0887b,S0887b,InSight-site catalog event,4.5024,135.6234,Elysium Southwest,Reviewed,Manual,2021-05-26 11:49:21.278655 UTC,,Magnitude not reported
S0887a,S0887a,InSight-site catalog event,4.5024,135.6234,Elysium Southwest,Reviewed,Manual,2021-05-26 11:04:15.211605 UTC,1.6,MW 1.6
T0887b,T0887b,InSight-site catalog event,4.5024,135.6234,Unspecified,Preliminary,Automatic,2021-05-26 08:53:50.139 UTC,,Magnitude not reported
T0887a,T0887a,InSight-site catalog event,4.5024,135.6234,Unspecified,Preliminary,Automatic,2021-05-26 08:33:07.389 UTC,,Magnitude not reported
S0886d,S0886d,InSight-site catalog event,4.5024,135.6234,Elysium Southwest,Reviewed,Manual,2021-05-25 11:08:21.997195 UTC,1.8,MW 1.8
S0886c,S0886c,InSight-site catalog event,4.5024,135.6234,Elysium Southwest,Reviewed,Manual,2021-05-25 10:46:48.024203 UTC,,Magnitude not reported
S0886b,S0886b,InSight-site catalog event,4.5024,135.6234,Elysium Southwest,Reviewed,Manual,2021-05-25 10:28:37.314794 UTC,1.6,MW 1.6
T0886a,T0886a,InSight-site catalog event,4.5024,135.6234,Unspecified,Preliminary,Automatic,2021-05-25 07:48:15.289 UTC,,Magnitude not reported
S0885b,S0885b,InSight-site catalog event,4.5024,135.6234,Elysium Southwest,Reviewed,Manual,2021-05-24 08:30:52.345745 UTC,,Magnitude not reported
T0885a,T0885a,InSight-site catalog event,4.5024,135.6234,Unspecified,Preliminary,Automatic,2021-05-24 07:33:12.939 UTC,,Magnitude not reported
S0883d,S0883d,InSight-site catalog event,4.5024,135.6234,Elysium Southwest,Reviewed,Manual,2021-05-22 09:25:04.733456 UTC,,Magnitude not reported
S0883c,S0883c,InSight-site catalog event,4.5024,135.6234,Elysium Southwest,Reviewed,Manual,2021-05-22 08:48:26.634433 UTC,1.6,MW 1.6
S0883b,S0883b,InSight-site catalog event,4.5024,135.6234,Elysium Southwest,Reviewed,Manual,2021-05-22 08:20:49.210527 UTC,,Magnitude not reported
T0883a,T0883a,InSight-site catalog event,4.5024,135.6234,Unspecified,Preliminary,Automatic,2021-05-22 06:10:37.79 UTC,,Magnitude not reported
S0883a,S0883a,InSight-site catalog event,4.5024,135.6234,Elysium Southwest,Reviewed,Manual,2021-05-22 06:02:05.11699 UTC,,Magnitude not reported
S0882a,S0882a,InSight-site catalog event,4.5024,135.6234,Elysium Southwest,Reviewed,Manual,2021-05-21 08:39:23.121833 UTC,2.4,MW 2.4
S0882b,S0882b,InSight-site catalog event,4.5024,135.6234,Elysium Southwest,Reviewed,Manual,2021-05-21 06:16:17.049681 UTC,,Magnitude not reported
T0882b,T0882b,InSight-site catalog event,4.5024,135.6234,Unspecified,Preliminary,Automatic,2021-05-21 05:31:16.24 UTC,,Magnitude not reported
T0882a,T0882a,InSight-site catalog event,4.5024,135.6234,Unspecified,Preliminary,Automatic,2021-05-21 05:17:09.44 UTC,,Magnitude not reported
S0881b,S0881b,InSight-site catalog event,4.5024,135.6234,Elysium Southwest,Reviewed,Manual,2021-05-20 09:13:03.596272 UTC,1.6,MW 1.6
S0881a,S0881a,InSight-site catalog event,4.5024,135.6234,Elysium Southwest,Reviewed,Manual,2021-05-20 07:40:43.270653 UTC,1.6,MW 1.6
T0881b,T0881b,InSight-site catalog event,4.5024,135.6234,Unspecified,Preliminary,Automatic,2021-05-20 04:52:49.09 UTC,,Magnitude not reported
T0881a,T0881a,InSight-site catalog event,4.5024,135.6234,Unspecified,Preliminary,Automatic,2021-05-20 04:11:47.59 UTC,,Magnitude not reported
S0880a,S0880a,InSight-site catalog event,4.5024,135.6234,Elysium Southwest,Reviewed,Manual,2021-05-19 08:34:44.553178 UTC,,Magnitude not reported
S0879b,S0879b,InSight-site catalog event,4.5024,135.6234,Elysium Southwest,Reviewed,Manual,2021-05-18 09:12:40.279748 UTC,1.3,MW 1.3
S0879a,S0879a,InSight-site catalog event,4.5024,135.6234,Elysium Southwest,Reviewed,Manual,2021-05-18 07:09:44.904418 UTC,2.0,MW 2.0
S0878a,S0878a,InSight-site catalog event,4.5024,135.6234,Elysium Southwest,Reviewed,Manual,2021-05-17 06:16:52.0000 UTC,1.6,MW 1.6
T0878b,T0878b,InSight-site catalog event,4.5024,135.6234,Unspecified,Preliminary,Automatic,2021-05-17 02:47:47.039 UTC,,Magnitude not reported
T0878a,T0878a,InSight-site catalog event,4.5024,135.6234,Unspecified,Preliminary,Automatic,2021-05-17 02:09:00.339 UTC,,Magnitude not reported
S0877a,S0877a,InSight-site catalog event,4.5024,135.6234,Elysium Southwest,Reviewed,Manual,2021-05-16 05:22:17.685163 UTC,,Magnitude not reported
T0877b,T0877b,InSight-site catalog event,4.5024,135.6234,Unspecified,Preliminary,Automatic,2021-05-16 02:13:33.389 UTC,,Magnitude not reported
T0877a,T0877a,InSight-site catalog event,4.5024,135.6234,Unspecified,Preliminary,Automatic,2021-05-16 01:53:43.689 UTC,,Magnitude not reported
S0876b,S0876b,InSight-site catalog event,4.5024,135.6234,Elysium Southwest,Reviewed,Manual,2021-05-15 05:54:46.157226 UTC,1.5,MW 1.5
S0876a,S0876a,InSight-site catalog event,4.5024,135.6234,Elysium Southwest,Reviewed,Manual,2021-05-15 05:22:08.942202 UTC,,Magnitude not reported
T0876a,T0876a,InSight-site catalog event,4.5024,135.6234,Unspecified,Preliminary,Automatic,2021-05-15 01:34:35.789 UTC,,Magnitude not reported
S0875c,S0875c,InSight-site catalog event,4.5024,135.6234,Elysium Southwest,Reviewed,Manual,2021-05-14 04:41:38.306482 UTC,2.2,MW 2.2
S0875b,S0875b,InSight-site catalog event,4.5024,135.6234,Elysium Southwest,Reviewed,Manual,2021-05-14 03:48:59.693666 UTC,,Magnitude not reported
T0875a,T0875a,InSight-site catalog event,4.5024,135.6234,Unspecified,Preliminary,Automatic,2021-05-14 00:57:53.289 UTC,,Magnitude not reported
S0875a,S0875a,InSight-site catalog event,4.5024,135.6234,Elysium Southwest,Reviewed,Manual,2021-05-13 07:09:46.28778 UTC,,Magnitude not reported
T0874a,T0874a,InSight-site catalog event,4.5024,135.6234,Unspecified,Preliminary,Automatic,2021-05-13 00:11:47.123 UTC,,Magnitude not reported
S0873a,S0873a,InSight-site catalog event,4.5024,135.6234,Elysium Southwest,Confirmed,Manual,2021-05-12 02:34:00.373542 UTC,1.6,MW 1.6
T0873a,T0873a,InSight-site catalog event,4.5024,135.6234,Unspecified,Preliminary,Automatic,2021-05-11 23:13:43.673 UTC,,Magnitude not reported
S0872a,S0872a,InSight-site catalog event,4.5024,135.6234,Elysium Southwest,Confirmed,Manual,2021-05-11 03:09:39.556634 UTC,,Magnitude not reported
T0872a,T0872a,InSight-site catalog event,4.5024,135.6234,Unspecified,Preliminary,Automatic,2021-05-10 23:04:06.823 UTC,,Magnitude not reported
S0871c,S0871c,InSight-site catalog event,4.5024,135.6234,Elysium Southwest,Confirmed,Manual,2021-05-10 03:31:16.329109 UTC,2.0,MW 2.0
S0871b,S0871b,InSight-site catalog event,4.5024,135.6234,Elysium Southwest,Confirmed,Manual,2021-05-10 00:22:16.610815 UTC,1.7,MW 1.7
S0871a,S0871a,InSight-site catalog event,4.5024,135.6234,Elysium Southwest,Confirmed,Manual,2021-05-09 22:09:25.805278 UTC,,Magnitude not reported
S0870a,S0870a,InSight-site catalog event,4.5024,135.6234,Elysium Southwest,Preliminary,Manual,2021-05-09 01:42:41.629263 UTC,1.8,MW 1.8
S0870b,S0870b,InSight-site catalog event,4.5024,135.6234,Elysium Southwest,Reviewed,Manual,2021-05-08 22:05:45.000821 UTC,,Magnitude not reported
T0870a,T0870a,InSight-site catalog event,4.5024,135.6234,Unspecified,Preliminary,Automatic,2021-05-08 21:00:20.023 UTC,,Magnitude not reported
S0869e,S0869e,InSight-site catalog event,4.5024,135.6234,Elysium Southwest,Reviewed,Manual,2021-05-08 02:31:12.16967 UTC,,Magnitude not reported
S0869d,S0869d,InSight-site catalog event,4.5024,135.6234,Elysium Southwest,Reviewed,Manual,2021-05-08 01:15:00.999568 UTC,,Magnitude not reported
S0869c,S0869c,InSight-site catalog event,4.5024,135.6234,Elysium Southwest,Reviewed,Manual,2021-05-07 22:04:59.146172 UTC,,Magnitude not reported
S0869b,S0869b,InSight-site catalog event,4.5024,135.6234,Elysium Southwest,Reviewed,Manual,2021-05-07 20:57:39.194259 UTC,2.5,MW 2.5
S0869a,S0869a,InSight-site catalog event,4.5024,135.6234,Elysium Southwest,Reviewed,Manual,2021-05-07 20:31:53.867155 UTC,1.6,MW 1.6
S0868c,S0868c,InSight-site catalog event,4.5024,135.6234,Elysium Southwest,Reviewed,Manual,2021-05-07 00:37:21.98076 UTC,1.7,MW 1.7
S0868d,S0868d,InSight-site catalog event,4.5024,135.6234,Elysium Southwest,Reviewed,Manual,2021-05-06 21:53:06.879329 UTC,,Magnitude not reported
S0868b,S0868b,InSight-site catalog event,4.5024,135.6234,Elysium Southwest,Reviewed,Manual,2021-05-06 21:41:07.866068 UTC,,Magnitude not reported
S0868a,S0868a,InSight-site catalog event,4.5024,135.6234,Elysium Southwest,Reviewed,Manual,2021-05-06 20:59:52.197767 UTC,,Magnitude not reported
T0868a,T0868a,InSight-site catalog event,4.5024,135.6234,Unspecified,Preliminary,Automatic,2021-05-06 20:26:58.038 UTC,,Magnitude not reported
S0867b,S0867b,InSight-site catalog event,4.5024,135.6234,Elysium Southwest,Reviewed,Manual,2021-05-05 22:00:39.544274 UTC,,Magnitude not reported
S0867a,S0867a,InSight-site catalog event,4.5024,135.6234,Elysium Southwest,Reviewed,Manual,2021-05-05 21:03:33.493764 UTC,,Magnitude not reported
T0867a,T0867a,InSight-site catalog event,4.5024,135.6234,Unspecified,Preliminary,Automatic,2021-05-05 19:18:52.688 UTC,,Magnitude not reported
S0866b,S0866b,InSight-site catalog event,4.5024,135.6234,Elysium Southwest,Reviewed,Manual,2021-05-04 22:59:31.353779 UTC,1.7,MW 1.7
S0866a,S0866a,InSight-site catalog event,4.5024,135.6234,Elysium Southwest,Reviewed,Manual,2021-05-04 20:13:13.487203 UTC,,Magnitude not reported
T0866a,T0866a,InSight-site catalog event,4.5024,135.6234,Unspecified,Preliminary,Automatic,2021-05-04 18:19:19.238 UTC,,Magnitude not reported
S0865a,S0865a,InSight-site catalog event,4.5024,135.6234,Elysium Southwest,Reviewed,Manual,2021-05-03 21:34:56.610837 UTC,,Magnitude not reported
S0865b,S0865b,InSight-site catalog event,4.5024,135.6234,Elysium Southwest,Reviewed,Manual,2021-05-03 20:28:07.101932 UTC,,Magnitude not reported
T0865b,T0865b,InSight-site catalog event,4.5024,135.6234,Unspecified,Preliminary,Automatic,2021-05-03 18:21:12.888 UTC,,Magnitude not reported
T0865a,T0865a,InSight-site catalog event,4.5024,135.6234,Unspecified,Preliminary,Automatic,2021-05-03 17:51:37.938 UTC,,Magnitude not reported
S0864d,S0864d,InSight-site catalog event,4.5024,135.6234,Elysium Southwest,Reviewed,Manual,2021-05-02 20:49:31.48517 UTC,1.5,MW 1.5
S0864c,S0864c,InSight-site catalog event,4.5024,135.6234,Elysium Southwest,Reviewed,Manual,2021-05-02 18:48:47.675036 UTC,,Magnitude not reported
S0864b,S0864b,InSight-site catalog event,4.5024,135.6234,Elysium Southwest,Reviewed,Manual,2021-05-02 01:22:15.87512 UTC,2.5,MW 2.5
T0862b,T0862b,InSight-site catalog event,4.5024,135.6234,Unspecified,Preliminary,Automatic,2021-04-30 16:27:45.581 UTC,,Magnitude not reported
T0862a,T0862a,InSight-site catalog event,4.5024,135.6234,Unspecified,Preliminary,Automatic,2021-04-30 15:00:46.581 UTC,,Magnitude not reported
S0861a,S0861a,InSight-site catalog event,4.5024,135.6234,Elysium Southwest,Reviewed,Manual,2021-04-29 18:27:25.96055 UTC,2.9,MW 2.9
T0861a,T0861a,InSight-site catalog event,4.5024,135.6234,Unspecified,Preliminary,Automatic,2021-04-29 14:33:58.481 UTC,,Magnitude not reported
T0860a,T0860a,InSight-site catalog event,4.5024,135.6234,Unspecified,Preliminary,Automatic,2021-04-28 14:24:46.411 UTC,,Magnitude not reported
S0860a,S0860a,InSight-site catalog event,4.5024,135.6234,Elysium Southwest,Reviewed,Manual,2021-04-28 14:06:58.148395 UTC,1.8,MW 1.8
T0859a,T0859a,InSight-site catalog event,4.5024,135.6234,Unspecified,Preliminary,Automatic,2021-04-27 13:59:14.579 UTC,,Magnitude not reported
S0858a,S0858a,InSight-site catalog event,4.5024,135.6234,Elysium Southwest,Reviewed,Manual,2021-04-26 18:00:09.148155 UTC,,Magnitude not reported
S0857a,S0857a,InSight-site catalog event,4.5024,135.6234,Elysium Southwest,Reviewed,Manual,2021-04-25 13:45:03.493254 UTC,,Magnitude not reported
T0857c,T0857c,InSight-site catalog event,4.5024,135.6234,Unspecified,Preliminary,Automatic,2021-04-25 13:06:28.529 UTC,,Magnitude not reported
T0857b,T0857b,InSight-site catalog event,4.5024,135.6234,Unspecified,Preliminary,Automatic,2021-04-25 12:51:41.129 UTC,,Magnitude not reported
T0857a,T0857a,InSight-site catalog event,4.5024,135.6234,Unspecified,Preliminary,Automatic,2021-04-25 12:27:55.629 UTC,,Magnitude not reported
T0856a,T0856a,InSight-site catalog event,4.5024,135.6234,Unspecified,Preliminary,Automatic,2021-04-24 12:32:33.479 UTC,,Magnitude not reported
T0855a,T0855a,InSight-site catalog event,4.5024,135.6234,Unspecified,Preliminary,Automatic,2021-04-23 11:54:41.829 UTC,,Magnitude not reported
T0854c,T0854c,InSight-site catalog event,4.5024,135.6234,Unspecified,Preliminary,Automatic,2021-04-22 11:20:20.632 UTC,,Magnitude not reported
T0854b,T0854b,InSight-site catalog event,4.5024,135.6234,Unspecified,Preliminary,Automatic,2021-04-22 10:34:50.682 UTC,,Magnitude not reported
T0854a,T0854a,InSight-site catalog event,4.5024,135.6234,Unspecified,Preliminary,Automatic,2021-04-21 20:10:37.182 UTC,,Magnitude not reported
S0853a,S0853a,InSight-site catalog event,4.5024,135.6234,Elysium Southwest,Reviewed,Manual,2021-04-21 13:41:09.327068 UTC,,Magnitude not reported
T0853a,T0853a,InSight-site catalog event,4.5024,135.6234,Unspecified,Preliminary,Automatic,2021-04-21 10:30:19.932 UTC,,Magnitude not reported
T0852a,T0852a,InSight-site catalog event,4.5024,135.6234,Unspecified,Preliminary,Automatic,2021-04-20 09:26:14.182 UTC,,Magnitude not reported
T0851a,T0851a,InSight-site catalog event,4.5024,135.6234,Unspecified,Preliminary,Automatic,2021-04-18 17:43:39.682 UTC,,Magnitude not reported
S0850c,S0850c,InSight-site catalog event,4.5024,135.6234,Elysium Southwest,Reviewed,Manual,2021-04-18 11:15:57.330711 UTC,2.6,MW 2.6
S0850b,S0850b,InSight-site catalog event,4.5024,135.6234,Elysium Southwest,Preliminary,Manual,2021-04-18 09:21:21.134606 UTC,,Magnitude not reported
S0850a,S0850a,InSight-site catalog event,4.5024,135.6234,Elysium Southwest,Reviewed,Manual,2021-04-17 19:05:53.824697 UTC,2.1,MW 2.1
T0844a,T0844a,InSight-site catalog event,4.5024,135.6234,Unspecified,Preliminary,Automatic,2021-04-12 04:32:58.484 UTC,,Magnitude not reported
S0844a,S0844a,InSight-site catalog event,4.5024,135.6234,Elysium Southwest,Preliminary,Manual,2021-04-12 04:19:47.260749 UTC,1.7,MW 1.7
S0843a,S0843a,InSight-site catalog event,4.5024,135.6234,Elysium Southwest,Reviewed,Manual,2021-04-11 07:26:03.994089 UTC,,Magnitude not reported
S0842a,S0842a,InSight-site catalog event,4.5024,135.6234,Elysium Southwest,Reviewed,Manual,2021-04-09 12:27:53.054259 UTC,1.0,MW 1.0
T0842a,T0842a,InSight-site catalog event,4.5024,135.6234,Unspecified,Preliminary,Automatic,2021-04-09 12:10:16.534 UTC,,Magnitude not reported
S0841a,S0841a,InSight-site catalog event,4.5024,135.6234,Elysium Southwest,Reviewed,Manual,2021-04-08 22:36:07.492023 UTC,,Magnitude not reported
T0840a,T0840a,InSight-site catalog event,4.5024,135.6234,Unspecified,Preliminary,Automatic,2021-04-08 01:50:10.934 UTC,,Magnitude not reported
S0840b,S0840b,InSight-site catalog event,4.5024,135.6234,Elysium Southwest,Reviewed,Manual,2021-04-07 11:01:27.718029 UTC,,Magnitude not reported
T0839a,T0839a,InSight-site catalog event,4.5024,135.6234,Unspecified,Preliminary,Automatic,2021-04-07 01:13:53.862 UTC,,Magnitude not reported
T0838a,T0838a,InSight-site catalog event,4.5024,135.6234,Unspecified,Preliminary,Automatic,2021-04-06 00:39:36.612 UTC,,Magnitude not reported
T0837a,T0837a,InSight-site catalog event,4.5024,135.6234,Unspecified,Preliminary,Automatic,2021-04-05 00:03:14.262 UTC,,Magnitude not reported
S0836b,S0836b,InSight-site catalog event,4.5024,135.6234,Elysium Southwest,Reviewed,Manual,2021-04-04 00:54:51.74843 UTC,1.4,MW 1.4
S0836a,S0836a,InSight-site catalog event,4.5024,135.6234,Elysium Southwest,Reviewed,Manual,2021-04-04 00:36:22.278013 UTC,1.4,MW 1.4
T0836a,T0836a,InSight-site catalog event,4.5024,135.6234,Unspecified,Preliminary,Automatic,2021-04-03 23:19:41.262 UTC,,Magnitude not reported
T0835d,T0835d,InSight-site catalog event,4.5024,135.6234,Unspecified,Preliminary,Automatic,2021-04-03 01:57:39.262 UTC,,Magnitude not reported
T0835c,T0835c,InSight-site catalog event,4.5024,135.6234,Unspecified,Preliminary,Automatic,2021-04-02 22:47:18.562 UTC,,Magnitude not reported
T0835b,T0835b,InSight-site catalog event,4.5024,135.6234,Unspecified,Preliminary,Automatic,2021-04-02 22:36:46.712 UTC,,Magnitude not reported
T0835a,T0835a,InSight-site catalog event,4.5024,135.6234,Unspecified,Preliminary,Automatic,2021-04-02 22:23:16.462 UTC,,Magnitude not reported
T0834c,T0834c,InSight-site catalog event,4.5024,135.6234,Unspecified,Preliminary,Automatic,2021-04-02 01:01:51.167 UTC,,Magnitude not reported
T0834b,T0834b,InSight-site catalog event,4.5024,135.6234,Unspecified,Preliminary,Automatic,2021-04-01 23:40:38.217 UTC,,Magnitude not reported
T0834a,T0834a,InSight-site catalog event,4.5024,135.6234,Unspecified,Preliminary,Automatic,2021-04-01 21:50:54.217 UTC,,Magnitude not reported
S0833a,S0833a,InSight-site catalog event,4.5024,135.6234,Elysium Southwest,Reviewed,Manual,2021-03-31 23:04:09.346076 UTC,2.5,MW 2.5
T0833a,T0833a,InSight-site catalog event,4.5024,135.6234,Unspecified,Preliminary,Automatic,2021-03-31 21:20:10.017 UTC,,Magnitude not reported
T0832b,T0832b,InSight-site catalog event,4.5024,135.6234,Unspecified,Preliminary,Automatic,2021-03-30 23:33:26.417 UTC,,Magnitude not reported
S0832a,S0832a,InSight-site catalog event,4.5024,135.6234,Elysium Southwest,Reviewed,Manual,2021-03-30 22:56:01.220901 UTC,,Magnitude not reported
T0832a,T0832a,InSight-site catalog event,4.5024,135.6234,Unspecified,Preliminary,Automatic,2021-03-30 20:49:38.067 UTC,,Magnitude not reported
S0831a,S0831a,InSight-site catalog event,4.5024,135.6234,Elysium Southwest,Reviewed,Manual,2021-03-30 00:00:33.182951 UTC,1.8,MW 1.8
T0831b,T0831b,InSight-site catalog event,4.5024,135.6234,Unspecified,Preliminary,Automatic,2021-03-29 23:29:48.167 UTC,,Magnitude not reported
T0831a,T0831a,InSight-site catalog event,4.5024,135.6234,Unspecified,Preliminary,Automatic,2021-03-29 20:03:13.567 UTC,,Magnitude not reported
S0830a,S0830a,InSight-site catalog event,4.5024,135.6234,Elysium Southwest,Reviewed,Manual,2021-03-28 23:06:48.721841 UTC,2.0,MW 2.0
T0830a,T0830a,InSight-site catalog event,4.5024,135.6234,Unspecified,Preliminary,Automatic,2021-03-28 19:32:49.167 UTC,,Magnitude not reported
S0829a,S0829a,InSight-site catalog event,4.5024,135.6234,Elysium Southwest,Reviewed,Manual,2021-03-27 05:40:52.342554 UTC,2.3,MW 2.3
T0828b,T0828b,InSight-site catalog event,4.5024,135.6234,Unspecified,Preliminary,Automatic,2021-03-26 21:10:33.218 UTC,,Magnitude not reported
T0828a,T0828a,InSight-site catalog event,4.5024,135.6234,Unspecified,Preliminary,Automatic,2021-03-26 18:16:56.818 UTC,,Magnitude not reported
S0827a,S0827a,InSight-site catalog event,4.5024,135.6234,Elysium Southwest,Reviewed,Manual,2021-03-25 18:06:00.703912 UTC,1.8,MW 1.8
T0827a,T0827a,InSight-site catalog event,4.5024,135.6234,Unspecified,Preliminary,Automatic,2021-03-25 17:38:35.218 UTC,,Magnitude not reported
S0826a,S0826a,InSight-site catalog event,4.5024,135.6234,Elysium Southwest,Reviewed,Manual,2021-03-24 19:47:46.959639 UTC,,Magnitude not reported
T0826a,T0826a,InSight-site catalog event,4.5024,135.6234,Unspecified,Preliminary,Automatic,2021-03-24 19:05:51.218 UTC,,Magnitude not reported
T0825b,T0825b,InSight-site catalog event,4.5024,135.6234,Unspecified,Preliminary,Automatic,2021-03-23 16:17:23.368 UTC,,Magnitude not reported
T0825a,T0825a,InSight-site catalog event,4.5024,135.6234,Unspecified,Preliminary,Automatic,2021-03-23 00:08:08.018 UTC,,Magnitude not reported
T0824b,T0824b,InSight-site catalog event,4.5024,135.6234,Unspecified,Preliminary,Automatic,2021-03-22 17:23:40.486 UTC,,Magnitude not reported
T0824a,T0824a,InSight-site catalog event,4.5024,135.6234,Unspecified,Preliminary,Automatic,2021-03-22 15:40:30.136 UTC,,Magnitude not reported
T0823b,T0823b,InSight-site catalog event,4.5024,135.6234,Unspecified,Preliminary,Automatic,2021-03-21 16:33:08.336 UTC,,Magnitude not reported
T0823a,T0823a,InSight-site catalog event,4.5024,135.6234,Unspecified,Preliminary,Automatic,2021-03-21 14:55:03.836 UTC,,Magnitude not reported
T0820b,T0820b,InSight-site catalog event,4.5024,135.6234,Unspecified,Preliminary,Automatic,2021-03-18 14:58:12.586 UTC,,Magnitude not reported
T0820a,T0820a,InSight-site catalog event,4.5024,135.6234,Unspecified,Preliminary,Automatic,2021-03-18 09:38:28.586 UTC,,Magnitude not reported
T0818b,T0818b,InSight-site catalog event,4.5024,135.6234,Unspecified,Preliminary,Automatic,2021-03-16 14:19:55.003 UTC,,Magnitude not reported
T0818a,T0818a,InSight-site catalog event,4.5024,135.6234,Unspecified,Preliminary,Automatic,2021-03-16 07:07:23.803 UTC,,Magnitude not reported
S0817a,S0817a,InSight-site catalog event,4.5024,135.6234,Elysium Southwest,Reviewed,Manual,2021-03-15 16:20:10.345115 UTC,,Magnitude not reported
T0817b,T0817b,InSight-site catalog event,4.5024,135.6234,Unspecified,Preliminary,Automatic,2021-03-14 18:19:49.803 UTC,,Magnitude not reported
T0817a,T0817a,InSight-site catalog event,4.5024,135.6234,Unspecified,Preliminary,Automatic,2021-03-14 17:45:48.953 UTC,,Magnitude not reported
T0816a,T0816a,InSight-site catalog event,4.5024,135.6234,Unspecified,Preliminary,Automatic,2021-03-14 07:53:52.053 UTC,,Magnitude not reported
T0815a,T0815a,InSight-site catalog event,4.5024,135.6234,Unspecified,Preliminary,Automatic,2021-03-13 11:40:21.653 UTC,,Magnitude not reported
S0815a,S0815a,InSight-site catalog event,4.5024,135.6234,Elysium Southwest,Reviewed,Manual,2021-03-13 10:46:51.595835 UTC,,Magnitude not reported
T0812a,T0812a,InSight-site catalog event,4.5024,135.6234,Unspecified,Preliminary,Automatic,2021-03-10 03:49:52.797 UTC,,Magnitude not reported
T0811a,T0811a,InSight-site catalog event,4.5024,135.6234,Unspecified,Preliminary,Automatic,2021-03-09 08:37:24.547 UTC,,Magnitude not reported
T0807a,T0807a,InSight-site catalog event,4.5024,135.6234,Unspecified,Preliminary,Automatic,2021-03-05 00:20:53.986 UTC,,Magnitude not reported
T0802b,T0802b,InSight-site catalog event,4.5024,135.6234,Unspecified,Preliminary,Automatic,2021-02-28 03:57:16.075 UTC,,Magnitude not reported
T0802a,T0802a,InSight-site catalog event,4.5024,135.6234,Unspecified,Preliminary,Automatic,2021-02-27 22:37:04.875 UTC,,Magnitude not reported
T0800a,T0800a,InSight-site catalog event,4.5024,135.6234,Unspecified,Preliminary,Automatic,2021-02-25 23:58:12.375 UTC,,Magnitude not reported
S0799a,S0799a,InSight-site catalog event,4.5024,135.6234,Elysium Southwest,Reviewed,Manual,2021-02-25 02:21:08.671068 UTC,1.9,MW 1.9
T0796a,T0796a,InSight-site catalog event,4.5024,135.6234,Unspecified,Preliminary,Automatic,2021-02-21 20:30:40.991 UTC,,Magnitude not reported
T0795a,T0795a,InSight-site catalog event,4.5024,135.6234,Unspecified,Preliminary,Automatic,2021-02-20 20:01:59.991 UTC,,Magnitude not reported
S0794a,S0794a,InSight-site catalog event,4.5024,135.6234,Elysium Southwest,Reviewed,Manual,2021-02-19 01:21:16.645281 UTC,3.1,MW 3.1
S0793a,S0793a,InSight-site catalog event,4.5024,135.6234,Elysium Southwest,Reviewed,Manual,2021-02-18 19:31:23.20042 UTC,1.4,MW 1.4
S0792a,S0792a,InSight-site catalog event,4.5024,135.6234,Elysium Southwest,Reviewed,Manual,2021-02-17 20:12:36.380863 UTC,1.3,MW 1.3
S0786a,S0786a,InSight-site catalog event,4.5024,135.6234,Elysium Southwest,Reviewed,Manual,2021-02-11 20:14:21.681461 UTC,1.9,MW 1.9
T0784a,T0784a,InSight-site catalog event,4.5024,135.6234,Unspecified,Preliminary,Automatic,2021-02-09 12:37:59.047 UTC,,Magnitude not reported
T0781b,T0781b,InSight-site catalog event,4.5024,135.6234,Unspecified,Preliminary,Automatic,2021-02-06 10:43:30.491 UTC,,Magnitude not reported
T0781a,T0781a,InSight-site catalog event,4.5024,135.6234,Unspecified,Preliminary,Automatic,2021-02-06 10:39:13.791 UTC,,Magnitude not reported
T0767b,T0767b,InSight-site catalog event,4.5024,135.6234,Unspecified,Preliminary,Automatic,2021-01-23 01:04:52.946 UTC,,Magnitude not reported
T0767a,T0767a,InSight-site catalog event,4.5024,135.6234,Unspecified,Preliminary,Automatic,2021-01-22 22:40:59.896 UTC,,Magnitude not reported
S0764a,S0764a,InSight-site catalog event,4.5024,135.6234,Elysium Southwest,Reviewed,Manual,2021-01-20 00:00:44.299072 UTC,1.6,MW 1.6
T0763a,T0763a,InSight-site catalog event,4.5024,135.6234,Unspecified,Preliminary,Automatic,2021-01-18 19:13:33.51 UTC,,Magnitude not reported
T0759a,T0759a,InSight-site catalog event,4.5024,135.6234,Unspecified,Preliminary,Automatic,2021-01-14 16:10:13.771 UTC,,Magnitude not reported
S0758a,S0758a,InSight-site catalog event,4.5024,135.6234,Elysium Southwest,Reviewed,Manual,2021-01-14 00:16:24.669242 UTC,2.2,MW 2.2
S0756a,S0756a,InSight-site catalog event,4.5024,135.6234,Elysium Southwest,Reviewed,Manual,2021-01-11 01:07:17.279508 UTC,2.8,MW 2.8
T0751a,T0751a,InSight-site catalog event,4.5024,135.6234,Unspecified,Preliminary,Automatic,2021-01-06 10:20:21.877 UTC,,Magnitude not reported
T0750a,T0750a,InSight-site catalog event,4.5024,135.6234,Unspecified,Preliminary,Automatic,2021-01-05 09:59:00.477 UTC,,Magnitude not reported
T0749a,T0749a,InSight-site catalog event,4.5024,135.6234,Unspecified,Preliminary,Automatic,2021-01-04 13:37:30.019 UTC,,Magnitude not reported
S0748a,S0748a,InSight-site catalog event,4.5024,135.6234,Elysium Southwest,Reviewed,Manual,2021-01-03 14:12:44.481557 UTC,2.8,MW 2.8
T0746a,T0746a,InSight-site catalog event,4.5024,135.6234,Unspecified,Preliminary,Automatic,2021-01-01 05:54:59.619 UTC,,Magnitude not reported
T0740a,T0740a,InSight-site catalog event,4.5024,135.6234,Unspecified,Preliminary,Automatic,2020-12-26 01:11:12.223 UTC,,Magnitude not reported
S0734a,S0734a,InSight-site catalog event,4.5024,135.6234,Elysium Southwest,Reviewed,Manual,2020-12-19 10:09:04.548495 UTC,2.5,MW 2.5
T0729a,T0729a,InSight-site catalog event,4.5024,135.6234,Unspecified,Preliminary,Automatic,2020-12-14 20:40:55.473 UTC,,Magnitude not reported
S0729a,S0729a,InSight-site catalog event,4.5024,135.6234,Elysium Southwest,Reviewed,Manual,2020-12-14 18:20:00.758957 UTC,,Magnitude not reported
T0722a,T0722a,InSight-site catalog event,4.5024,135.6234,Unspecified,Preliminary,Automatic,2020-12-07 16:22:19.778 UTC,,Magnitude not reported
S0713a,S0713a,InSight-site catalog event,4.5024,135.6234,Elysium Southwest,Reviewed,Manual,2020-11-28 12:09:06.382599 UTC,2.5,MW 2.5
S0712a,S0712a,InSight-site catalog event,4.5024,135.6234,Elysium Southwest,Reviewed,Manual,2020-11-27 08:57:46.300077 UTC,2.1,MW 2.1
S0711a,S0711a,InSight-site catalog event,4.5024,135.6234,Elysium Southwest,Reviewed,Manual,2020-11-26 12:49:36.458569 UTC,,Magnitude not reported
T0711a,T0711a,InSight-site catalog event,4.5024,135.6234,Unspecified,Preliminary,Automatic,2020-11-26 09:38:40.162 UTC,,Magnitude not reported
S0672a,S0672a,InSight-site catalog event,4.5024,135.6234,Elysium Southwest,Reviewed,Manual,2020-10-17 11:27:59.100897 UTC,2.2,MW 2.2
T0668a,T0668a,InSight-site catalog event,4.5024,135.6234,Unspecified,Preliminary,Automatic,2020-10-13 03:32:52.023 UTC,,Magnitude not reported
S0661a,S0661a,InSight-site catalog event,4.5024,135.6234,Elysium Southwest,Reviewed,Manual,2020-10-05 16:32:41.849859 UTC,2.1,MW 2.1
S0653a,S0653a,InSight-site catalog event,4.5024,135.6234,Elysium Southwest,Reviewed,Manual,2020-09-27 23:11:01.084694 UTC,2.0,MW 2.0
T0569a,T0569a,InSight-site catalog event,4.5024,135.6234,Unspecified,Preliminary,Automatic,2020-07-03 13:09:15.019 UTC,,Magnitude not reported
S0568a,S0568a,InSight-site catalog event,4.5024,135.6234,Elysium Southwest,Reviewed,Manual,2020-07-02 12:50:50.865173 UTC,,Magnitude not reported
T0564a,T0564a,InSight-site catalog event,4.5024,135.6234,Unspecified,Rejected,Automatic,2020-06-28 02:49:17.0000 UTC,,Magnitude not reported
S0562a,S0562a,InSight-site catalog event,4.5024,135.6234,Elysium Southwest,Reviewed,Manual,2020-06-26 05:18:59.853235 UTC,,Magnitude not reported
S0542a,S0542a,InSight-site catalog event,4.5024,135.6234,Elysium Southwest,Reviewed,Manual,2020-06-05 13:10:31.0000 UTC,2.8,MW 2.8
S0534a,S0534a,InSight-site catalog event,4.5024,135.6234,Elysium Southwest,Reviewed,Manual,2020-05-28 13:20:57.0000 UTC,3.0,MW 3.0
S0533a,S0533a,InSight-site catalog event,4.5024,135.6234,Elysium Southwest,Reviewed,Manual,2020-05-27 13:43:03.163214 UTC,2.3,MW 2.3
T0526a,T0526a,InSight-site catalog event,4.5024,135.6234,Unspecified,Preliminary,Automatic,2020-05-20 09:08:21.153 UTC,,Magnitude not reported
T0524a,T0524a,InSight-site catalog event,4.5024,135.6234,Unspecified,Preliminary,Automatic,2020-05-18 07:54:24.027 UTC,,Magnitude not reported
T0521a,T0521a,InSight-site catalog event,4.5024,135.6234,Unspecified,Preliminary,Automatic,2020-05-15 05:59:52.563 UTC,,Magnitude not reported
T0519a,T0519a,InSight-site catalog event,4.5024,135.6234,Unspecified,Preliminary,Automatic,2020-05-13 04:24:29.654 UTC,,Magnitude not reported
T0518a,T0518a,InSight-site catalog event,4.5024,135.6234,Elysium Southwest,Preliminary,Automatic,2020-05-12 03:50:13.0000 UTC,,Magnitude not reported
S0518a,S0518a,InSight-site catalog event,4.5024,135.6234,Elysium Southwest,Reviewed,Manual,2020-05-11 11:54:31.0000 UTC,2.3,MW 2.3
T0513b,T0513b,InSight-site catalog event,4.5024,135.6234,Unspecified,Preliminary,Automatic,2020-05-07 03:13:10.0000 UTC,,Magnitude not reported
T0513a,T0513a,InSight-site catalog event,4.5024,135.6234,Elysium Southwest,Preliminary,Automatic,2020-05-07 00:36:02.0000 UTC,,Magnitude not reported
T0512a,T0512a,InSight-site catalog event,4.5024,135.6234,Elysium Southwest,Preliminary,Automatic,2020-05-05 23:49:48.003 UTC,,Magnitude not reported
T0511a,T0511a,InSight-site catalog event,4.5024,135.6234,Unspecified,Preliminary,Automatic,2020-05-04 23:04:41.316 UTC,,Magnitude not reported
S0510a,S0510a,InSight-site catalog event,4.5024,135.6234,Elysium Southwest,Reviewed,Manual,2020-05-04 04:20:02.0000 UTC,1.7,MW 1.7
T0510a,T0510a,InSight-site catalog event,4.5024,135.6234,Unspecified,Preliminary,Automatic,2020-05-03 22:19:56.386 UTC,,Magnitude not reported
T0508a,T0508a,InSight-site catalog event,4.5024,135.6234,Elysium Southwest,Preliminary,Automatic,2020-05-01 21:14:21.0000 UTC,,Magnitude not reported
S0508a,S0508a,InSight-site catalog event,4.5024,135.6234,Elysium Southwest,Reviewed,Manual,2020-05-01 04:24:58.055111 UTC,,Magnitude not reported
S0507a,S0507a,InSight-site catalog event,4.5024,135.6234,Elysium Southwest,Reviewed,Manual,2020-05-01 02:14:00.077885 UTC,,Magnitude not reported
T0507d,T0507d,InSight-site catalog event,4.5024,135.6234,Unspecified,Preliminary,Automatic,2020-05-01 00:23:20.0000 UTC,,Magnitude not reported
T0507c,T0507c,InSight-site catalog event,4.5024,135.6234,Unspecified,Preliminary,Automatic,2020-04-30 23:11:13.0000 UTC,,Magnitude not reported
T0507b,T0507b,InSight-site catalog event,4.5024,135.6234,Elysium Southwest,Preliminary,Automatic,2020-04-30 22:57:07.0000 UTC,,Magnitude not reported
T0507a,T0507a,InSight-site catalog event,4.5024,135.6234,Elysium Southwest,Preliminary,Automatic,2020-04-30 20:33:41.0000 UTC,,Magnitude not reported
T0506a,T0506a,InSight-site catalog event,4.5024,135.6234,Elysium Southwest,Preliminary,Automatic,2020-04-29 19:47:45.0000 UTC,,Magnitude not reported
T0505a,T0505a,InSight-site catalog event,4.5024,135.6234,Elysium Southwest,Preliminary,Automatic,2020-04-28 19:16:58.0000 UTC,,Magnitude not reported
T0504b,T0504b,InSight-site catalog event,4.5024,135.6234,Unspecified,Preliminary,Automatic,2020-04-27 20:55:44.0000 UTC,,Magnitude not reported
T0504a,T0504a,InSight-site catalog event,4.5024,135.6234,Unspecified,Preliminary,Automatic,2020-04-27 18:30:46.958 UTC,,Magnitude not reported
T0501a,T0501a,InSight-site catalog event,4.5024,135.6234,Elysium Southwest,Preliminary,Automatic,2020-04-24 16:22:06.0000 UTC,,Magnitude not reported
S0500a,S0500a,InSight-site catalog event,4.5024,135.6234,Elysium Southwest,Reviewed,Manual,2020-04-23 22:42:14.0000 UTC,1.9,MW 1.9
T0500e,T0500e,InSight-site catalog event,4.5024,135.6234,Elysium Southwest,Preliminary,Automatic,2020-04-23 19:56:24.0000 UTC,,Magnitude not reported
T0500d,T0500d,InSight-site catalog event,4.5024,135.6234,Unspecified,Preliminary,Automatic,2020-04-23 19:41:14.0000 UTC,,Magnitude not reported
T0500c,T0500c,InSight-site catalog event,4.5024,135.6234,Elysium Southwest,Preliminary,Automatic,2020-04-23 18:16:26.0000 UTC,,Magnitude not reported
T0500b,T0500b,InSight-site catalog event,4.5024,135.6234,Elysium Southwest,Preliminary,Automatic,2020-04-23 15:32:07.0000 UTC,,Magnitude not reported
T0500a,T0500a,InSight-site catalog event,4.5024,135.6234,Elysium Southwest,Preliminary,Automatic,2020-04-23 15:27:42.0000 UTC,,Magnitude not reported
T0499a,T0499a,InSight-site catalog event,4.5024,135.6234,Unspecified,Preliminary,Automatic,2020-04-22 14:45:21.0000 UTC,,Magnitude not reported
T0498b,T0498b,InSight-site catalog event,4.5024,135.6234,Elysium Southwest,Preliminary,Automatic,2020-04-21 16:44:11.001 UTC,,Magnitude not reported
T0498a,T0498a,InSight-site catalog event,4.5024,135.6234,Elysium Southwest,Preliminary,Automatic,2020-04-21 14:18:25.0000 UTC,,Magnitude not reported
T0497c,T0497c,InSight-site catalog event,4.5024,135.6234,Elysium Southwest,Preliminary,Automatic,2020-04-20 16:08:06.127 UTC,,Magnitude not reported
T0497b,T0497b,InSight-site catalog event,4.5024,135.6234,Elysium Southwest,Preliminary,Automatic,2020-04-20 13:33:51.0000 UTC,,Magnitude not reported
T0497a,T0497a,InSight-site catalog event,4.5024,135.6234,Unspecified,Preliminary,Automatic,2020-04-20 13:01:57.0000 UTC,,Magnitude not reported
T0496a,T0496a,InSight-site catalog event,4.5024,135.6234,Elysium Southwest,Preliminary,Automatic,2020-04-19 13:11:14.0000 UTC,,Magnitude not reported
T0495c,T0495c,InSight-site catalog event,4.5024,135.6234,Elysium Southwest,Preliminary,Automatic,2020-04-18 14:12:42.929 UTC,,Magnitude not reported
T0495b,T0495b,InSight-site catalog event,4.5024,135.6234,Unspecified,Preliminary,Automatic,2020-04-18 14:09:02.0000 UTC,,Magnitude not reported
T0495a,T0495a,InSight-site catalog event,4.5024,135.6234,Elysium Southwest,Preliminary,Automatic,2020-04-18 12:11:06.0000 UTC,,Magnitude not reported
T0494b,T0494b,InSight-site catalog event,4.5024,135.6234,Unspecified,Preliminary,Automatic,2020-04-17 13:32:50.0000 UTC,,Magnitude not reported
S0494a,S0494a,InSight-site catalog event,4.5024,135.6234,Elysium Southwest,Reviewed,Manual,2020-04-17 12:33:26.0000 UTC,1.7,MW 1.7
T0494a,T0494a,InSight-site catalog event,4.5024,135.6234,Elysium Southwest,Preliminary,Automatic,2020-04-17 11:33:27.0000 UTC,,Magnitude not reported
S0493a,S0493a,InSight-site catalog event,4.5024,135.6234,Elysium Southwest,Reviewed,Manual,2020-04-16 16:11:46.236458 UTC,,Magnitude not reported
T0493c,T0493c,InSight-site catalog event,4.5024,135.6234,Unspecified,Preliminary,Automatic,2020-04-16 13:18:07.0000 UTC,,Magnitude not reported
T0493b,T0493b,InSight-site catalog event,4.5024,135.6234,Unspecified,Preliminary,Automatic,2020-04-16 12:49:00.0000 UTC,,Magnitude not reported
T0493a,T0493a,InSight-site catalog event,4.5024,135.6234,Elysium Southwest,Preliminary,Automatic,2020-04-16 11:08:06.0000 UTC,,Magnitude not reported
T0492b,T0492b,InSight-site catalog event,4.5024,135.6234,Unspecified,Preliminary,Automatic,2020-04-15 12:41:57.0000 UTC,,Magnitude not reported
S0492a,S0492a,InSight-site catalog event,4.5024,135.6234,Elysium Southwest,Reviewed,Manual,2020-04-15 12:34:53.929558 UTC,,Magnitude not reported
T0492a,T0492a,InSight-site catalog event,4.5024,135.6234,Elysium Southwest,Preliminary,Automatic,2020-04-15 10:27:09.0000 UTC,,Magnitude not reported
T0491b,T0491b,InSight-site catalog event,4.5024,135.6234,Unspecified,Preliminary,Automatic,2020-04-14 12:22:26.0000 UTC,,Magnitude not reported
T0491a,T0491a,InSight-site catalog event,4.5024,135.6234,Elysium Southwest,Preliminary,Automatic,2020-04-14 09:33:43.0000 UTC,,Magnitude not reported
T0490b,T0490b,InSight-site catalog event,4.5024,135.6234,Unspecified,Preliminary,Automatic,2020-04-13 11:16:52.167 UTC,,Magnitude not reported
S0490a,S0490a,InSight-site catalog event,4.5024,135.6234,Elysium Southwest,Reviewed,Manual,2020-04-13 09:35:08.0000 UTC,1.8,MW 1.8
T0490a,T0490a,InSight-site catalog event,4.5024,135.6234,Unspecified,Preliminary,Automatic,2020-04-13 08:49:16.717 UTC,,Magnitude not reported
T0489a,T0489a,InSight-site catalog event,4.5024,135.6234,Unspecified,Preliminary,Automatic,2020-04-12 11:08:47.733 UTC,,Magnitude not reported
T0488b,T0488b,InSight-site catalog event,4.5024,135.6234,Elysium Southwest,Preliminary,Automatic,2020-04-11 14:10:39.0000 UTC,,Magnitude not reported
T0488a,T0488a,InSight-site catalog event,4.5024,135.6234,Elysium Southwest,Preliminary,Automatic,2020-04-11 07:34:51.0000 UTC,,Magnitude not reported
T0487b,T0487b,InSight-site catalog event,4.5024,135.6234,Unspecified,Preliminary,Automatic,2020-04-10 09:34:18.108 UTC,,Magnitude not reported
T0487a,T0487a,InSight-site catalog event,4.5024,135.6234,Elysium Southwest,Preliminary,Automatic,2020-04-10 06:47:10.0000 UTC,,Magnitude not reported
T0486a,T0486a,InSight-site catalog event,4.5024,135.6234,Unspecified,Preliminary,Automatic,2020-04-09 08:47:08.009 UTC,,Magnitude not reported
T0485a,T0485a,InSight-site catalog event,4.5024,135.6234,Unspecified,Preliminary,Automatic,2020-04-08 05:34:40.306 UTC,,Magnitude not reported
S0484a,S0484a,InSight-site catalog event,4.5024,135.6234,Elysium Southwest,Reviewed,Manual,2020-04-07 08:02:17.646677 UTC,,Magnitude not reported
T0484b,T0484b,InSight-site catalog event,4.5024,135.6234,Elysium Southwest,Preliminary,Automatic,2020-04-07 06:38:24.0000 UTC,,Magnitude not reported
T0484a,T0484a,InSight-site catalog event,4.5024,135.6234,Unspecified,Preliminary,Automatic,2020-04-07 06:36:23.095 UTC,,Magnitude not reported
T0483b,T0483b,InSight-site catalog event,4.5024,135.6234,Unspecified,Preliminary,Automatic,2020-04-06 07:03:26.0000 UTC,,Magnitude not reported
T0483a,T0483a,InSight-site catalog event,4.5024,135.6234,Unspecified,Preliminary,Automatic,2020-04-06 05:47:14.113 UTC,,Magnitude not reported
T0482d,T0482d,InSight-site catalog event,4.5024,135.6234,Unspecified,Preliminary,Automatic,2020-04-05 06:24:32.0000 UTC,,Magnitude not reported
T0482c,T0482c,InSight-site catalog event,4.5024,135.6234,Unspecified,Preliminary,Automatic,2020-04-05 05:44:20.0000 UTC,,Magnitude not reported
T0482b,T0482b,InSight-site catalog event,4.5024,135.6234,Unspecified,Preliminary,Automatic,2020-04-05 05:42:31.0000 UTC,,Magnitude not reported
T0482a,T0482a,InSight-site catalog event,4.5024,135.6234,Unspecified,Preliminary,Automatic,2020-04-05 02:41:42.0000 UTC,,Magnitude not reported
T0481b,T0481b,InSight-site catalog event,4.5024,135.6234,Unspecified,Preliminary,Automatic,2020-04-04 04:58:51.5 UTC,,Magnitude not reported
T0481a,T0481a,InSight-site catalog event,4.5024,135.6234,Unspecified,Preliminary,Automatic,2020-04-04 02:49:57.65 UTC,,Magnitude not reported
T0480f,T0480f,InSight-site catalog event,4.5024,135.6234,Elysium Southwest,Preliminary,Automatic,2020-04-03 05:05:34.0000 UTC,,Magnitude not reported
T0480e,T0480e,InSight-site catalog event,4.5024,135.6234,Unspecified,Preliminary,Automatic,2020-04-03 04:21:59.0000 UTC,,Magnitude not reported
T0480d,T0480d,InSight-site catalog event,4.5024,135.6234,Unspecified,Preliminary,Automatic,2020-04-03 03:44:54.208 UTC,,Magnitude not reported
T0480c,T0480c,InSight-site catalog event,4.5024,135.6234,Unspecified,Preliminary,Automatic,2020-04-03 03:29:32.0000 UTC,,Magnitude not reported
T0480b,T0480b,InSight-site catalog event,4.5024,135.6234,Elysium Southwest,Preliminary,Automatic,2020-04-03 01:59:41.0000 UTC,,Magnitude not reported
T0480a,T0480a,InSight-site catalog event,4.5024,135.6234,Unspecified,Preliminary,Automatic,2020-04-03 00:44:13.0000 UTC,,Magnitude not reported
T0479d,T0479d,InSight-site catalog event,4.5024,135.6234,Elysium Southwest,Preliminary,Automatic,2020-04-02 04:50:51.0000 UTC,,Magnitude not reported
T0479c,T0479c,InSight-site catalog event,4.5024,135.6234,Unspecified,Preliminary,Automatic,2020-04-02 04:17:09.0000 UTC,,Magnitude not reported
T0479b,T0479b,InSight-site catalog event,4.5024,135.6234,Unspecified,Preliminary,Automatic,2020-04-02 03:51:07.0000 UTC,,Magnitude not reported
T0479a,T0479a,InSight-site catalog event,4.5024,135.6234,Unspecified,Preliminary,Automatic,2020-04-02 01:15:33.324 UTC,,Magnitude not reported
T0478b,T0478b,InSight-site catalog event,4.5024,135.6234,Elysium Southwest,Preliminary,Automatic,2020-04-01 03:06:14.0000 UTC,,Magnitude not reported
T0478a,T0478a,InSight-site catalog event,4.5024,135.6234,Elysium Southwest,Preliminary,Automatic,2020-04-01 00:46:32.0000 UTC,,Magnitude not reported
T0477d,T0477d,InSight-site catalog event,4.5024,135.6234,Elysium Southwest,Preliminary,Automatic,2020-03-31 07:26:41.0000 UTC,,Magnitude not reported
T0477c,T0477c,InSight-site catalog event,4.5024,135.6234,Elysium Southwest,Preliminary,Automatic,2020-03-31 03:04:14.0000 UTC,,Magnitude not reported
T0477b,T0477b,InSight-site catalog event,4.5024,135.6234,Unspecified,Preliminary,Automatic,2020-03-31 01:42:42.535 UTC,,Magnitude not reported
S0477a,S0477a,InSight-site catalog event,4.5024,135.6234,Elysium Southwest,Reviewed,Manual,2020-03-31 00:45:29.0000 UTC,1.9,MW 1.9
T0477a,T0477a,InSight-site catalog event,4.5024,135.6234,Elysium Southwest,Preliminary,Automatic,2020-03-30 23:58:56.0000 UTC,,Magnitude not reported
T0476c,T0476c,InSight-site catalog event,4.5024,135.6234,Elysium Southwest,Preliminary,Automatic,2020-03-30 04:53:01.0000 UTC,,Magnitude not reported
T0476b,T0476b,InSight-site catalog event,4.5024,135.6234,Elysium Southwest,Preliminary,Automatic,2020-03-30 02:28:13.0000 UTC,,Magnitude not reported
T0476a,T0476a,InSight-site catalog event,4.5024,135.6234,Unspecified,Preliminary,Automatic,2020-03-29 23:28:37.0000 UTC,,Magnitude not reported
T0475b,T0475b,InSight-site catalog event,4.5024,135.6234,Elysium Southwest,Preliminary,Automatic,2020-03-29 01:44:29.0000 UTC,,Magnitude not reported
S0475a,S0475a,InSight-site catalog event,4.5024,135.6234,Elysium Southwest,Reviewed,Manual,2020-03-29 00:37:59.0000 UTC,2.0,MW 2.0
T0475a,T0475a,InSight-site catalog event,4.5024,135.6234,Unspecified,Preliminary,Automatic,2020-03-29 00:27:46.273 UTC,,Magnitude not reported
S0474c,S0474c,InSight-site catalog event,4.5024,135.6234,Elysium Southwest,Reviewed,Manual,2020-03-28 05:14:28.539137 UTC,,Magnitude not reported
S0474b,S0474b,InSight-site catalog event,4.5024,135.6234,Elysium Southwest,Reviewed,Manual,2020-03-28 03:18:43.12436 UTC,,Magnitude not reported
T0474b,T0474b,InSight-site catalog event,4.5024,135.6234,Unspecified,Preliminary,Automatic,2020-03-28 01:10:20.0000 UTC,,Magnitude not reported
T0474a,T0474a,InSight-site catalog event,4.5024,135.6234,Unspecified,Preliminary,Automatic,2020-03-28 00:01:38.789 UTC,,Magnitude not reported
T0473d,T0473d,InSight-site catalog event,4.5024,135.6234,Unspecified,Preliminary,Automatic,2020-03-27 00:58:30.003 UTC,,Magnitude not reported
T0473c,T0473c,InSight-site catalog event,4.5024,135.6234,Elysium Southwest,Preliminary,Automatic,2020-03-26 23:32:59.0000 UTC,,Magnitude not reported
T0473b,T0473b,InSight-site catalog event,4.5024,135.6234,Unspecified,Preliminary,Automatic,2020-03-26 23:01:09.0000 UTC,,Magnitude not reported
T0473a,T0473a,InSight-site catalog event,4.5024,135.6234,Elysium Southwest,Preliminary,Automatic,2020-03-26 21:19:58.0000 UTC,,Magnitude not reported
T0472b,T0472b,InSight-site catalog event,4.5024,135.6234,Unspecified,Preliminary,Automatic,2020-03-26 00:11:38.0000 UTC,,Magnitude not reported
T0472a,T0472a,InSight-site catalog event,4.5024,135.6234,Elysium Southwest,Preliminary,Automatic,2020-03-25 23:05:40.0000 UTC,,Magnitude not reported
S0472a,S0472a,InSight-site catalog event,4.5024,135.6234,Elysium Southwest,Reviewed,Manual,2020-03-25 04:45:30.0000 UTC,1.8,MW 1.8
T0471e,T0471e,InSight-site catalog event,4.5024,135.6234,Elysium Southwest,Preliminary,Automatic,2020-03-25 02:53:00.0000 UTC,,Magnitude not reported
T0471d,T0471d,InSight-site catalog event,4.5024,135.6234,Unspecified,Preliminary,Automatic,2020-03-24 23:44:32.0000 UTC,,Magnitude not reported
T0471c,T0471c,InSight-site catalog event,4.5024,135.6234,Unspecified,Preliminary,Automatic,2020-03-24 22:36:30.0000 UTC,,Magnitude not reported
T0471b,T0471b,InSight-site catalog event,4.5024,135.6234,Unspecified,Preliminary,Automatic,2020-03-24 22:08:32.0000 UTC,,Magnitude not reported
T0471a,T0471a,InSight-site catalog event,4.5024,135.6234,Unspecified,Preliminary,Automatic,2020-03-24 22:06:25.875 UTC,,Magnitude not reported
T0470d,T0470d,InSight-site catalog event,4.5024,135.6234,Unspecified,Preliminary,Automatic,2020-03-23 22:19:31.121 UTC,,Magnitude not reported
T0470c,T0470c,InSight-site catalog event,4.5024,135.6234,Elysium Southwest,Preliminary,Automatic,2020-03-23 21:07:04.0000 UTC,,Magnitude not reported
T0470b,T0470b,InSight-site catalog event,4.5024,135.6234,Unspecified,Preliminary,Automatic,2020-03-23 21:05:23.0000 UTC,,Magnitude not reported
T0470a,T0470a,InSight-site catalog event,4.5024,135.6234,Elysium Southwest,Preliminary,Automatic,2020-03-23 20:20:22.0000 UTC,,Magnitude not reported
T0469b,T0469b,InSight-site catalog event,4.5024,135.6234,Unspecified,Preliminary,Automatic,2020-03-22 20:57:15.474 UTC,,Magnitude not reported
T0469a,T0469a,InSight-site catalog event,4.5024,135.6234,Unspecified,Preliminary,Automatic,2020-03-22 20:41:42.0000 UTC,,Magnitude not reported
T0468d,T0468d,InSight-site catalog event,4.5024,135.6234,Unspecified,Preliminary,Automatic,2020-03-21 22:32:32.0000 UTC,,Magnitude not reported
T0468c,T0468c,InSight-site catalog event,4.5024,135.6234,Unspecified,Preliminary,Automatic,2020-03-21 21:45:37.743 UTC,,Magnitude not reported
T0468b,T0468b,InSight-site catalog event,4.5024,135.6234,Unspecified,Preliminary,Automatic,2020-03-21 20:32:20.0000 UTC,,Magnitude not reported
T0468a,T0468a,InSight-site catalog event,4.5024,135.6234,Unspecified,Preliminary,Automatic,2020-03-21 20:17:11.0000 UTC,,Magnitude not reported
T0467d,T0467d,InSight-site catalog event,4.5024,135.6234,Unspecified,Preliminary,Automatic,2020-03-20 21:43:03.0000 UTC,,Magnitude not reported
T0467c,T0467c,InSight-site catalog event,4.5024,135.6234,Unspecified,Preliminary,Automatic,2020-03-20 20:56:28.116 UTC,,Magnitude not reported
T0467b,T0467b,InSight-site catalog event,4.5024,135.6234,Unspecified,Preliminary,Automatic,2020-03-20 19:30:33.266 UTC,,Magnitude not reported
T0467a,T0467a,InSight-site catalog event,4.5024,135.6234,Unspecified,Preliminary,Automatic,2020-03-20 18:57:15.0000 UTC,,Magnitude not reported
S0467a,S0467a,InSight-site catalog event,4.5024,135.6234,Elysium Southwest,Reviewed,Manual,2020-03-20 18:11:03.0000 UTC,1.8,MW 1.8
S0466b,S0466b,InSight-site catalog event,4.5024,135.6234,Elysium Southwest,Reviewed,Manual,2020-03-19 21:18:52.822331 UTC,,Magnitude not reported
S0466a,S0466a,InSight-site catalog event,4.5024,135.6234,Elysium Southwest,Reviewed,Manual,2020-03-19 20:55:53.5738 UTC,,Magnitude not reported
T0466a,T0466a,InSight-site catalog event,4.5024,135.6234,Unspecified,Preliminary,Automatic,2020-03-19 20:44:53.0000 UTC,,Magnitude not reported
T0465a,T0465a,InSight-site catalog event,4.5024,135.6234,Unspecified,Preliminary,Automatic,2020-03-18 19:13:23.107 UTC,,Magnitude not reported
T0464a,T0464a,InSight-site catalog event,4.5024,135.6234,Unspecified,Preliminary,Automatic,2020-03-17 18:47:23.76 UTC,,Magnitude not reported
T0463a,T0463a,InSight-site catalog event,4.5024,135.6234,Unspecified,Preliminary,Automatic,2020-03-16 17:13:46.0000 UTC,,Magnitude not reported
S0462b,S0462b,InSight-site catalog event,4.5024,135.6234,Elysium Southwest,Reviewed,Manual,2020-03-15 18:40:01.836468 UTC,,Magnitude not reported
S0462a,S0462a,InSight-site catalog event,4.5024,135.6234,Elysium Southwest,Reviewed,Manual,2020-03-15 18:05:53.881007 UTC,,Magnitude not reported
T0462c,T0462c,InSight-site catalog event,4.5024,135.6234,Unspecified,Preliminary,Automatic,2020-03-15 16:44:36.0000 UTC,,Magnitude not reported
T0462b,T0462b,InSight-site catalog event,4.5024,135.6234,Unspecified,Preliminary,Automatic,2020-03-15 16:37:00.232 UTC,,Magnitude not reported
T0462a,T0462a,InSight-site catalog event,4.5024,135.6234,Unspecified,Preliminary,Automatic,2020-03-15 16:06:05.0000 UTC,,Magnitude not reported
T0461f,T0461f,InSight-site catalog event,4.5024,135.6234,Unspecified,Preliminary,Automatic,2020-03-14 16:29:36.0000 UTC,,Magnitude not reported
T0461e,T0461e,InSight-site catalog event,4.5024,135.6234,Elysium Southwest,Preliminary,Automatic,2020-03-14 16:03:15.0000 UTC,,Magnitude not reported
T0461d,T0461d,InSight-site catalog event,4.5024,135.6234,Elysium Southwest,Preliminary,Automatic,2020-03-14 15:54:56.0000 UTC,,Magnitude not reported
T0461c,T0461c,InSight-site catalog event,4.5024,135.6234,Unspecified,Preliminary,Automatic,2020-03-14 15:45:13.0000 UTC,,Magnitude not reported
T0461b,T0461b,InSight-site catalog event,4.5024,135.6234,Unspecified,Preliminary,Automatic,2020-03-14 15:19:19.0000 UTC,,Magnitude not reported
S0461f,S0461f,InSight-site catalog event,4.5024,135.6234,Elysium Southwest,Reviewed,Manual,2020-03-14 13:53:40.704233 UTC,,Magnitude not reported
T0461a,T0461a,InSight-site catalog event,4.5024,135.6234,Elysium Southwest,Preliminary,Automatic,2020-03-14 13:27:06.0000 UTC,,Magnitude not reported
T0460d,T0460d,InSight-site catalog event,4.5024,135.6234,Elysium Southwest,Preliminary,Automatic,2020-03-13 19:14:59.0000 UTC,,Magnitude not reported
T0460c,T0460c,InSight-site catalog event,4.5024,135.6234,Elysium Southwest,Preliminary,Automatic,2020-03-13 16:40:52.0000 UTC,,Magnitude not reported
T0460b,T0460b,InSight-site catalog event,4.5024,135.6234,Unspecified,Preliminary,Automatic,2020-03-13 15:11:45.423 UTC,,Magnitude not reported
T0460a,T0460a,InSight-site catalog event,4.5024,135.6234,Elysium Southwest,Preliminary,Automatic,2020-03-13 12:32:38.0000 UTC,,Magnitude not reported
S0460a,S0460a,InSight-site catalog event,4.5024,135.6234,Elysium Southwest,Reviewed,Manual,2020-03-12 20:30:48.0000 UTC,1.8,MW 1.8
T0459e,T0459e,InSight-site catalog event,4.5024,135.6234,Unspecified,Preliminary,Automatic,2020-03-12 16:31:26.0000 UTC,,Magnitude not reported
T0459d,T0459d,InSight-site catalog event,4.5024,135.6234,Unspecified,Preliminary,Automatic,2020-03-12 15:55:50.0000 UTC,,Magnitude not reported
T0459c,T0459c,InSight-site catalog event,4.5024,135.6234,Elysium Southwest,Preliminary,Automatic,2020-03-12 15:33:08.0000 UTC,,Magnitude not reported
T0459b,T0459b,InSight-site catalog event,4.5024,135.6234,Unspecified,Preliminary,Automatic,2020-03-12 14:36:27.0000 UTC,,Magnitude not reported
T0459a,T0459a,InSight-site catalog event,4.5024,135.6234,Elysium Southwest,Preliminary,Automatic,2020-03-12 12:39:40.0000 UTC,,Magnitude not reported
S0458b,S0458b,InSight-site catalog event,4.5024,135.6234,Elysium Southwest,Reviewed,Manual,2020-03-11 18:18:05.0000 UTC,2.0,MW 2.0
S0458a,S0458a,InSight-site catalog event,4.5024,135.6234,Elysium Southwest,Reviewed,Manual,2020-03-11 17:48:39.0000 UTC,1.6,MW 1.6
T0458d,T0458d,InSight-site catalog event,4.5024,135.6234,Unspecified,Preliminary,Automatic,2020-03-11 15:23:05.0000 UTC,,Magnitude not reported
S0458d,S0458d,InSight-site catalog event,4.5024,135.6234,Elysium Southwest,Reviewed,Manual,2020-03-11 14:37:57.328556 UTC,,Magnitude not reported
T0458c,T0458c,InSight-site catalog event,4.5024,135.6234,Elysium Southwest,Preliminary,Automatic,2020-03-11 14:20:16.0000 UTC,,Magnitude not reported
T0458b,T0458b,InSight-site catalog event,4.5024,135.6234,Unspecified,Preliminary,Automatic,2020-03-11 14:01:52.0000 UTC,,Magnitude not reported
T0458a,T0458a,InSight-site catalog event,4.5024,135.6234,Unspecified,Preliminary,Automatic,2020-03-11 13:21:40.0000 UTC,,Magnitude not reported
T0457b,T0457b,InSight-site catalog event,4.5024,135.6234,Unspecified,Preliminary,Automatic,2020-03-10 13:35:31.0000 UTC,,Magnitude not reported
T0457a,T0457a,InSight-site catalog event,4.5024,135.6234,Unspecified,Preliminary,Automatic,2020-03-10 13:23:05.857 UTC,,Magnitude not reported
T0456c,T0456c,InSight-site catalog event,4.5024,135.6234,Elysium Southwest,Preliminary,Automatic,2020-03-09 13:51:04.0000 UTC,,Magnitude not reported
T0456b,T0456b,InSight-site catalog event,4.5024,135.6234,Unspecified,Preliminary,Automatic,2020-03-09 12:53:46.0000 UTC,,Magnitude not reported
T0456a,T0456a,InSight-site catalog event,4.5024,135.6234,Unspecified,Preliminary,Automatic,2020-03-09 12:50:04.819 UTC,,Magnitude not reported
T0455a,T0455a,InSight-site catalog event,4.5024,135.6234,Unspecified,Preliminary,Automatic,2020-03-08 12:30:03.426 UTC,,Magnitude not reported
T0454d,T0454d,InSight-site catalog event,4.5024,135.6234,Unspecified,Preliminary,Automatic,2020-03-07 12:52:10.0000 UTC,,Magnitude not reported
T0454c,T0454c,InSight-site catalog event,4.5024,135.6234,Unspecified,Preliminary,Automatic,2020-03-07 12:08:02.487 UTC,,Magnitude not reported
T0454b,T0454b,InSight-site catalog event,4.5024,135.6234,Elysium Southwest,Preliminary,Automatic,2020-03-07 11:48:05.0000 UTC,,Magnitude not reported
T0454a,T0454a,InSight-site catalog event,4.5024,135.6234,Unspecified,Preliminary,Automatic,2020-03-07 11:04:44.0000 UTC,,Magnitude not reported
S0453a,S0453a,InSight-site catalog event,4.5024,135.6234,Elysium Southwest,Reviewed,Manual,2020-03-06 14:27:56.94058 UTC,,Magnitude not reported
T0453e,T0453e,InSight-site catalog event,4.5024,135.6234,Elysium Southwest,Preliminary,Automatic,2020-03-06 12:03:47.0000 UTC,,Magnitude not reported
T0453d,T0453d,InSight-site catalog event,4.5024,135.6234,Unspecified,Preliminary,Automatic,2020-03-06 11:33:10.0000 UTC,,Magnitude not reported
T0453c,T0453c,InSight-site catalog event,4.5024,135.6234,Unspecified,Preliminary,Automatic,2020-03-06 11:26:44.482 UTC,,Magnitude not reported
T0453b,T0453b,InSight-site catalog event,4.5024,135.6234,Elysium Southwest,Preliminary,Automatic,2020-03-06 11:14:20.0000 UTC,,Magnitude not reported
T0453a,T0453a,InSight-site catalog event,4.5024,135.6234,Unspecified,Preliminary,Automatic,2020-03-06 10:42:01.0000 UTC,,Magnitude not reported
T0452b,T0452b,InSight-site catalog event,4.5024,135.6234,Unspecified,Preliminary,Automatic,2020-03-05 12:22:22.0000 UTC,,Magnitude not reported
T0452a,T0452a,InSight-site catalog event,4.5024,135.6234,Unspecified,Preliminary,Automatic,2020-03-05 10:51:08.218 UTC,,Magnitude not reported
T0451b,T0451b,InSight-site catalog event,4.5024,135.6234,Unspecified,Preliminary,Automatic,2020-03-04 10:25:30.38 UTC,,Magnitude not reported
T0451a,T0451a,InSight-site catalog event,4.5024,135.6234,Unspecified,Preliminary,Automatic,2020-03-04 10:00:55.0000 UTC,,Magnitude not reported
S0450a,S0450a,InSight-site catalog event,4.5024,135.6234,Elysium Southwest,Reviewed,Manual,2020-03-03 10:46:52.827483 UTC,,Magnitude not reported
T0450d,T0450d,InSight-site catalog event,4.5024,135.6234,Elysium Southwest,Preliminary,Automatic,2020-03-03 09:44:07.0000 UTC,,Magnitude not reported
T0450c,T0450c,InSight-site catalog event,4.5024,135.6234,Unspecified,Preliminary,Automatic,2020-03-03 08:47:36.202 UTC,,Magnitude not reported
T0450b,T0450b,InSight-site catalog event,4.5024,135.6234,Elysium Southwest,Preliminary,Automatic,2020-03-03 08:30:05.0000 UTC,,Magnitude not reported
T0450a,T0450a,InSight-site catalog event,4.5024,135.6234,Unspecified,Preliminary,Automatic,2020-03-03 08:12:32.0000 UTC,,Magnitude not reported
T0449e,T0449e,InSight-site catalog event,4.5024,135.6234,Unspecified,Preliminary,Automatic,2020-03-02 09:54:22.0000 UTC,,Magnitude not reported
T0449d,T0449d,InSight-site catalog event,4.5024,135.6234,Unspecified,Preliminary,Automatic,2020-03-02 09:23:03.254 UTC,,Magnitude not reported
T0449c,T0449c,InSight-site catalog event,4.5024,135.6234,Elysium Southwest,Preliminary,Automatic,2020-03-02 08:37:07.0000 UTC,,Magnitude not reported
T0449b,T0449b,InSight-site catalog event,4.5024,135.6234,Unspecified,Preliminary,Automatic,2020-03-02 08:04:41.0000 UTC,,Magnitude not reported
T0449a,T0449a,InSight-site catalog event,4.5024,135.6234,Unspecified,Preliminary,Automatic,2020-03-02 07:49:10.804 UTC,,Magnitude not reported
S0448a,S0448a,InSight-site catalog event,4.5024,135.6234,Elysium Southwest,Reviewed,Manual,2020-03-01 12:25:03.0000 UTC,2.0,MW 2.0
T0448c,T0448c,InSight-site catalog event,4.5024,135.6234,Unspecified,Preliminary,Automatic,2020-03-01 08:29:07.0000 UTC,,Magnitude not reported
T0448b,T0448b,InSight-site catalog event,4.5024,135.6234,Unspecified,Preliminary,Automatic,2020-03-01 07:11:48.611 UTC,,Magnitude not reported
T0448a,T0448a,InSight-site catalog event,4.5024,135.6234,Elysium Southwest,Preliminary,Automatic,2020-03-01 06:55:51.0000 UTC,,Magnitude not reported
T0447c,T0447c,InSight-site catalog event,4.5024,135.6234,Elysium Southwest,Preliminary,Automatic,2020-02-29 08:13:08.0000 UTC,,Magnitude not reported
T0447b,T0447b,InSight-site catalog event,4.5024,135.6234,Unspecified,Preliminary,Automatic,2020-02-29 07:04:01.175 UTC,,Magnitude not reported
T0447a,T0447a,InSight-site catalog event,4.5024,135.6234,Unspecified,Preliminary,Automatic,2020-02-29 06:51:02.175 UTC,,Magnitude not reported
T0446d,T0446d,InSight-site catalog event,4.5024,135.6234,Unspecified,Preliminary,Automatic,2020-02-28 07:09:38.0000 UTC,,Magnitude not reported
T0446c,T0446c,InSight-site catalog event,4.5024,135.6234,Unspecified,Preliminary,Automatic,2020-02-28 07:06:57.754 UTC,,Magnitude not reported
T0446b,T0446b,InSight-site catalog event,4.5024,135.6234,Unspecified,Preliminary,Automatic,2020-02-28 05:31:20.0000 UTC,,Magnitude not reported
T0446a,T0446a,InSight-site catalog event,4.5024,135.6234,Elysium Southwest,Preliminary,Automatic,2020-02-27 12:59:52.0000 UTC,,Magnitude not reported
S0446a,S0446a,InSight-site catalog event,4.5024,135.6234,Elysium Southwest,Reviewed,Manual,2020-02-27 11:30:00.0000 UTC,1.9,MW 1.9
T0445b,T0445b,InSight-site catalog event,4.5024,135.6234,Unspecified,Preliminary,Automatic,2020-02-27 06:40:16.642 UTC,,Magnitude not reported
T0445a,T0445a,InSight-site catalog event,4.5024,135.6234,Unspecified,Preliminary,Automatic,2020-02-27 05:04:53.0000 UTC,,Magnitude not reported
T0444d,T0444d,InSight-site catalog event,4.5024,135.6234,Elysium Southwest,Preliminary,Automatic,2020-02-26 05:54:15.0000 UTC,,Magnitude not reported
T0444c,T0444c,InSight-site catalog event,4.5024,135.6234,Elysium Southwest,Preliminary,Automatic,2020-02-26 05:29:45.0000 UTC,,Magnitude not reported
T0444b,T0444b,InSight-site catalog event,4.5024,135.6234,Unspecified,Preliminary,Automatic,2020-02-26 04:52:29.0000 UTC,,Magnitude not reported
T0444a,T0444a,InSight-site catalog event,4.5024,135.6234,Unspecified,Preliminary,Automatic,2020-02-26 04:09:58.519 UTC,,Magnitude not reported
T0443d,T0443d,InSight-site catalog event,4.5024,135.6234,Unspecified,Preliminary,Automatic,2020-02-25 05:13:27.0000 UTC,,Magnitude not reported
T0443c,T0443c,InSight-site catalog event,4.5024,135.6234,Unspecified,Preliminary,Automatic,2020-02-25 04:35:36.676 UTC,,Magnitude not reported
T0443b,T0443b,InSight-site catalog event,4.5024,135.6234,Unspecified,Preliminary,Automatic,2020-02-25 04:15:46.026 UTC,,Magnitude not reported
T0443a,T0443a,InSight-site catalog event,4.5024,135.6234,Elysium Southwest,Preliminary,Automatic,2020-02-25 03:34:28.0000 UTC,,Magnitude not reported
S0443b,S0443b,InSight-site catalog event,4.5024,135.6234,Elysium Southwest,Reviewed,Manual,2020-02-25 02:52:04.405159 UTC,,Magnitude not reported
S0443a,S0443a,InSight-site catalog event,4.5024,135.6234,Elysium Southwest,Reviewed,Manual,2020-02-24 10:12:14.852834 UTC,,Magnitude not reported
T0442f,T0442f,InSight-site catalog event,4.5024,135.6234,Elysium Southwest,Preliminary,Automatic,2020-02-24 04:35:25.0000 UTC,,Magnitude not reported
T0442e,T0442e,InSight-site catalog event,4.5024,135.6234,Unspecified,Preliminary,Automatic,2020-02-24 03:53:11.0000 UTC,,Magnitude not reported
T0442d,T0442d,InSight-site catalog event,4.5024,135.6234,Elysium Southwest,Preliminary,Automatic,2020-02-24 03:52:04.0000 UTC,,Magnitude not reported
T0442c,T0442c,InSight-site catalog event,4.5024,135.6234,Unspecified,Preliminary,Automatic,2020-02-24 03:38:30.0000 UTC,,Magnitude not reported
T0442b,T0442b,InSight-site catalog event,4.5024,135.6234,Elysium Southwest,Preliminary,Automatic,2020-02-24 03:36:05.0000 UTC,,Magnitude not reported
T0442a,T0442a,InSight-site catalog event,4.5024,135.6234,Unspecified,Preliminary,Automatic,2020-02-24 02:54:38.291 UTC,,Magnitude not reported
T0441f,T0441f,InSight-site catalog event,4.5024,135.6234,Unspecified,Preliminary,Automatic,2020-02-23 06:00:36.0000 UTC,,Magnitude not reported
T0441e,T0441e,InSight-site catalog event,4.5024,135.6234,Elysium Southwest,Preliminary,Automatic,2020-02-23 05:07:14.0000 UTC,,Magnitude not reported
T0441d,T0441d,InSight-site catalog event,4.5024,135.6234,Elysium Southwest,Preliminary,Automatic,2020-02-23 04:39:10.0000 UTC,,Magnitude not reported
T0441c,T0441c,InSight-site catalog event,4.5024,135.6234,Unspecified,Preliminary,Automatic,2020-02-23 03:34:12.0000 UTC,,Magnitude not reported
T0441b,T0441b,InSight-site catalog event,4.5024,135.6234,Elysium Southwest,Preliminary,Automatic,2020-02-23 02:54:49.0000 UTC,,Magnitude not reported
T0441a,T0441a,InSight-site catalog event,4.5024,135.6234,Elysium Southwest,Preliminary,Automatic,2020-02-23 02:41:21.0000 UTC,,Magnitude not reported
T0440d,T0440d,InSight-site catalog event,4.5024,135.6234,Elysium Southwest,Preliminary,Automatic,2020-02-22 03:02:01.0000 UTC,,Magnitude not reported
S0440a,S0440a,InSight-site catalog event,4.5024,135.6234,Elysium Southwest,Reviewed,Manual,2020-02-22 02:39:03.669646 UTC,,Magnitude not reported
T0440c,T0440c,InSight-site catalog event,4.5024,135.6234,Unspecified,Preliminary,Automatic,2020-02-22 02:15:57.184 UTC,,Magnitude not reported
T0440b,T0440b,InSight-site catalog event,4.5024,135.6234,Elysium Southwest,Preliminary,Automatic,2020-02-22 02:07:52.0000 UTC,,Magnitude not reported
T0440a,T0440a,InSight-site catalog event,4.5024,135.6234,Unspecified,Preliminary,Automatic,2020-02-22 02:00:47.0000 UTC,,Magnitude not reported
T0439c,T0439c,InSight-site catalog event,4.5024,135.6234,Elysium Southwest,Preliminary,Automatic,2020-02-21 01:42:56.0000 UTC,,Magnitude not reported
T0439b,T0439b,InSight-site catalog event,4.5024,135.6234,Unspecified,Preliminary,Automatic,2020-02-21 01:37:52.0000 UTC,,Magnitude not reported
T0439a,T0439a,InSight-site catalog event,4.5024,135.6234,Elysium Southwest,Preliminary,Automatic,2020-02-21 01:12:05.0000 UTC,,Magnitude not reported
S0439a,S0439a,InSight-site catalog event,4.5024,135.6234,Elysium Southwest,Reviewed,Manual,2020-02-20 08:36:09.0000 UTC,2.2,MW 2.2
T0438e,T0438e,InSight-site catalog event,4.5024,135.6234,Unspecified,Preliminary,Automatic,2020-02-20 01:31:39.0000 UTC,,Magnitude not reported
T0438d,T0438d,InSight-site catalog event,4.5024,135.6234,Unspecified,Preliminary,Automatic,2020-02-20 01:00:08.0000 UTC,,Magnitude not reported
T0438c,T0438c,InSight-site catalog event,4.5024,135.6234,Unspecified,Preliminary,Automatic,2020-02-20 00:42:19.0000 UTC,,Magnitude not reported
T0438b,T0438b,InSight-site catalog event,4.5024,135.6234,Elysium Southwest,Preliminary,Automatic,2020-02-20 00:32:59.0000 UTC,,Magnitude not reported
T0438a,T0438a,InSight-site catalog event,4.5024,135.6234,Elysium Southwest,Preliminary,Automatic,2020-02-19 22:22:24.0000 UTC,,Magnitude not reported
T0437g,T0437g,InSight-site catalog event,4.5024,135.6234,Unspecified,Preliminary,Automatic,2020-02-19 01:09:49.0000 UTC,,Magnitude not reported
T0437f,T0437f,InSight-site catalog event,4.5024,135.6234,Unspecified,Preliminary,Automatic,2020-02-19 00:22:25.0000 UTC,,Magnitude not reported
T0437e,T0437e,InSight-site catalog event,4.5024,135.6234,Elysium Southwest,Preliminary,Automatic,2020-02-19 00:19:28.0000 UTC,,Magnitude not reported
T0437d,T0437d,InSight-site catalog event,4.5024,135.6234,Unspecified,Preliminary,Automatic,2020-02-19 00:13:47.38 UTC,,Magnitude not reported
T0437c,T0437c,InSight-site catalog event,4.5024,135.6234,Elysium Southwest,Preliminary,Automatic,2020-02-18 23:48:10.0000 UTC,,Magnitude not reported
T0437b,T0437b,InSight-site catalog event,4.5024,135.6234,Elysium Southwest,Preliminary,Automatic,2020-02-18 21:57:53.0000 UTC,,Magnitude not reported
T0437a,T0437a,InSight-site catalog event,4.5024,135.6234,Elysium Southwest,Preliminary,Automatic,2020-02-18 21:31:27.0000 UTC,,Magnitude not reported
S0436c,S0436c,InSight-site catalog event,4.5024,135.6234,Elysium Southwest,Reviewed,Manual,2020-02-18 01:59:18.0000 UTC,1.9,MW 1.9
T0436e,T0436e,InSight-site catalog event,4.5024,135.6234,Unspecified,Preliminary,Automatic,2020-02-18 00:57:06.0000 UTC,,Magnitude not reported
S0436b,S0436b,InSight-site catalog event,4.5024,135.6234,Elysium Southwest,Reviewed,Manual,2020-02-18 00:32:33.0000 UTC,1.8,MW 1.8
T0436d,T0436d,InSight-site catalog event,4.5024,135.6234,Unspecified,Preliminary,Automatic,2020-02-17 23:50:03.0000 UTC,,Magnitude not reported
T0436c,T0436c,InSight-site catalog event,4.5024,135.6234,Unspecified,Preliminary,Automatic,2020-02-17 23:07:07.473 UTC,,Magnitude not reported
T0436b,T0436b,InSight-site catalog event,4.5024,135.6234,Elysium Southwest,Preliminary,Automatic,2020-02-17 22:59:03.0000 UTC,,Magnitude not reported
T0436a,T0436a,InSight-site catalog event,4.5024,135.6234,Elysium Southwest,Preliminary,Automatic,2020-02-17 22:13:36.0000 UTC,,Magnitude not reported
S0436a,S0436a,InSight-site catalog event,4.5024,135.6234,Elysium Southwest,Reviewed,Manual,2020-02-17 06:25:02.41031 UTC,,Magnitude not reported
T0435g,T0435g,InSight-site catalog event,4.5024,135.6234,Unspecified,Preliminary,Automatic,2020-02-17 00:13:53.0000 UTC,,Magnitude not reported
T0435f,T0435f,InSight-site catalog event,4.5024,135.6234,Unspecified,Preliminary,Automatic,2020-02-17 00:10:31.0000 UTC,,Magnitude not reported
T0435e,T0435e,InSight-site catalog event,4.5024,135.6234,Unspecified,Preliminary,Automatic,2020-02-16 23:57:08.0000 UTC,,Magnitude not reported
T0435d,T0435d,InSight-site catalog event,4.5024,135.6234,Unspecified,Preliminary,Automatic,2020-02-16 23:05:35.0000 UTC,,Magnitude not reported
T0435c,T0435c,InSight-site catalog event,4.5024,135.6234,Unspecified,Preliminary,Automatic,2020-02-16 23:04:53.45 UTC,,Magnitude not reported
T0435b,T0435b,InSight-site catalog event,4.5024,135.6234,Unspecified,Preliminary,Automatic,2020-02-16 22:22:23.0000 UTC,,Magnitude not reported
T0435a,T0435a,InSight-site catalog event,4.5024,135.6234,Elysium Southwest,Preliminary,Automatic,2020-02-16 22:16:42.0000 UTC,,Magnitude not reported
S0435a,S0435a,InSight-site catalog event,4.5024,135.6234,Elysium Southwest,Reviewed,Manual,2020-02-16 21:07:52.935953 UTC,,Magnitude not reported
T0434e,T0434e,InSight-site catalog event,4.5024,135.6234,Unspecified,Preliminary,Automatic,2020-02-15 23:45:26.0000 UTC,,Magnitude not reported
T0434d,T0434d,InSight-site catalog event,4.5024,135.6234,Elysium Southwest,Preliminary,Automatic,2020-02-15 22:35:07.0000 UTC,,Magnitude not reported
T0434c,T0434c,InSight-site catalog event,4.5024,135.6234,Unspecified,Preliminary,Automatic,2020-02-15 22:25:54.0000 UTC,,Magnitude not reported
T0434b,T0434b,InSight-site catalog event,4.5024,135.6234,Unspecified,Preliminary,Automatic,2020-02-15 21:50:35.0000 UTC,,Magnitude not reported
T0434a,T0434a,InSight-site catalog event,4.5024,135.6234,Elysium Southwest,Preliminary,Automatic,2020-02-15 21:35:36.0000 UTC,,Magnitude not reported
T0433g,T0433g,InSight-site catalog event,4.5024,135.6234,Unspecified,Preliminary,Automatic,2020-02-14 22:53:43.0000 UTC,,Magnitude not reported
T0433f,T0433f,InSight-site catalog event,4.5024,135.6234,Unspecified,Preliminary,Automatic,2020-02-14 21:48:41.0000 UTC,,Magnitude not reported
T0433e,T0433e,InSight-site catalog event,4.5024,135.6234,Elysium Southwest,Preliminary,Automatic,2020-02-14 21:47:34.0000 UTC,,Magnitude not reported
T0433d,T0433d,InSight-site catalog event,4.5024,135.6234,Unspecified,Preliminary,Automatic,2020-02-14 21:04:14.899 UTC,,Magnitude not reported
T0433c,T0433c,InSight-site catalog event,4.5024,135.6234,Elysium Southwest,Preliminary,Automatic,2020-02-14 21:02:32.0000 UTC,,Magnitude not reported
T0433b,T0433b,InSight-site catalog event,4.5024,135.6234,Unspecified,Preliminary,Automatic,2020-02-14 19:39:09.0000 UTC,,Magnitude not reported
T0433a,T0433a,InSight-site catalog event,4.5024,135.6234,Unspecified,Preliminary,Automatic,2020-02-14 19:15:16.0000 UTC,,Magnitude not reported
S0432a,S0432a,InSight-site catalog event,4.5024,135.6234,Elysium Southwest,Reviewed,Manual,2020-02-14 01:52:41.0000 UTC,2.0,MW 2.0
S0432b,S0432b,InSight-site catalog event,4.5024,135.6234,Elysium Southwest,Reviewed,Manual,2020-02-14 00:48:10.684517 UTC,,Magnitude not reported
T0432d,T0432d,InSight-site catalog event,4.5024,135.6234,Elysium Southwest,Preliminary,Automatic,2020-02-13 22:10:46.0000 UTC,,Magnitude not reported
T0432c,T0432c,InSight-site catalog event,4.5024,135.6234,Unspecified,Preliminary,Automatic,2020-02-13 21:05:06.973 UTC,,Magnitude not reported
T0432b,T0432b,InSight-site catalog event,4.5024,135.6234,Elysium Southwest,Preliminary,Automatic,2020-02-13 20:24:40.0000 UTC,,Magnitude not reported
T0432a,T0432a,InSight-site catalog event,4.5024,135.6234,Unspecified,Preliminary,Automatic,2020-02-13 20:23:00.0000 UTC,,Magnitude not reported
S0431c,S0431c,InSight-site catalog event,4.5024,135.6234,Elysium Southwest,Reviewed,Manual,2020-02-13 00:25:05.978735 UTC,,Magnitude not reported
S0431b,S0431b,InSight-site catalog event,4.5024,135.6234,Elysium Southwest,Reviewed,Manual,2020-02-12 21:55:58.0000 UTC,2.0,MW 2.0
T0431f,T0431f,InSight-site catalog event,4.5024,135.6234,Unspecified,Preliminary,Automatic,2020-02-12 21:30:16.0000 UTC,,Magnitude not reported
T0431e,T0431e,InSight-site catalog event,4.5024,135.6234,Elysium Southwest,Preliminary,Automatic,2020-02-12 21:15:23.0000 UTC,,Magnitude not reported
T0431d,T0431d,InSight-site catalog event,4.5024,135.6234,Unspecified,Preliminary,Automatic,2020-02-12 20:34:24.0000 UTC,,Magnitude not reported
T0431c,T0431c,InSight-site catalog event,4.5024,135.6234,Unspecified,Preliminary,Automatic,2020-02-12 20:27:35.0000 UTC,,Magnitude not reported
T0431b,T0431b,InSight-site catalog event,4.5024,135.6234,Elysium Southwest,Preliminary,Automatic,2020-02-12 20:17:01.0000 UTC,,Magnitude not reported
T0431a,T0431a,InSight-site catalog event,4.5024,135.6234,Elysium Southwest,Preliminary,Automatic,2020-02-12 19:52:24.0000 UTC,,Magnitude not reported
S0430d,S0430d,InSight-site catalog event,4.5024,135.6234,Elysium Southwest,Reviewed,Manual,2020-02-11 22:07:47.375009 UTC,,Magnitude not reported
T0430f,T0430f,InSight-site catalog event,4.5024,135.6234,Unspecified,Preliminary,Automatic,2020-02-11 21:23:58.0000 UTC,,Magnitude not reported
T0430e,T0430e,InSight-site catalog event,4.5024,135.6234,Unspecified,Preliminary,Automatic,2020-02-11 20:54:25.0000 UTC,,Magnitude not reported
S0430c,S0430c,InSight-site catalog event,4.5024,135.6234,Elysium Southwest,Reviewed,Manual,2020-02-11 20:40:38.0000 UTC,1.8,MW 1.8
T0430d,T0430d,InSight-site catalog event,4.5024,135.6234,Unspecified,Preliminary,Automatic,2020-02-11 19:47:40.0000 UTC,,Magnitude not reported
S0430b,S0430b,InSight-site catalog event,4.5024,135.6234,Elysium Southwest,Reviewed,Manual,2020-02-11 19:29:44.868714 UTC,,Magnitude not reported
T0430c,T0430c,InSight-site catalog event,4.5024,135.6234,Elysium Southwest,Preliminary,Automatic,2020-02-11 19:09:34.0000 UTC,,Magnitude not reported
T0430b,T0430b,InSight-site catalog event,4.5024,135.6234,Unspecified,Preliminary,Automatic,2020-02-11 19:06:55.0000 UTC,,Magnitude not reported
T0430a,T0430a,InSight-site catalog event,4.5024,135.6234,Unspecified,Preliminary,Automatic,2020-02-11 19:04:49.0000 UTC,,Magnitude not reported
S0430a,S0430a,InSight-site catalog event,4.5024,135.6234,Elysium Southwest,Reviewed,Manual,2020-02-11 02:31:00.0000 UTC,1.8,MW 1.8
S0429c,S0429c,InSight-site catalog event,4.5024,135.6234,Elysium Southwest,Reviewed,Manual,2020-02-11 00:34:56.0000 UTC,1.7,MW 1.7
S0429b,S0429b,InSight-site catalog event,4.5024,135.6234,Elysium Southwest,Reviewed,Manual,2020-02-10 23:38:02.0000 UTC,1.7,MW 1.7
S0429a,S0429a,InSight-site catalog event,4.5024,135.6234,Elysium Southwest,Reviewed,Manual,2020-02-10 20:37:03.0000 UTC,2.0,MW 2.0
T0429d,T0429d,InSight-site catalog event,4.5024,135.6234,Elysium Southwest,Preliminary,Automatic,2020-02-10 19:53:38.0000 UTC,,Magnitude not reported
T0429c,T0429c,InSight-site catalog event,4.5024,135.6234,Elysium Southwest,Preliminary,Automatic,2020-02-10 19:12:10.0000 UTC,,Magnitude not reported
T0429b,T0429b,InSight-site catalog event,4.5024,135.6234,Elysium Southwest,Preliminary,Automatic,2020-02-10 18:57:13.0000 UTC,,Magnitude not reported
T0429a,T0429a,InSight-site catalog event,4.5024,135.6234,Elysium Southwest,Preliminary,Automatic,2020-02-10 18:53:25.0000 UTC,,Magnitude not reported
S0428c,S0428c,InSight-site catalog event,4.5024,135.6234,Elysium Southwest,Reviewed,Manual,2020-02-09 20:23:40.363439 UTC,,Magnitude not reported
T0428f,T0428f,InSight-site catalog event,4.5024,135.6234,Unspecified,Preliminary,Automatic,2020-02-09 19:22:37.157 UTC,,Magnitude not reported
T0428e,T0428e,InSight-site catalog event,4.5024,135.6234,Unspecified,Preliminary,Automatic,2020-02-09 19:07:12.0000 UTC,,Magnitude not reported
T0428d,T0428d,InSight-site catalog event,4.5024,135.6234,Unspecified,Preliminary,Automatic,2020-02-09 18:40:11.0000 UTC,,Magnitude not reported
S0428b,S0428b,InSight-site catalog event,4.5024,135.6234,Elysium Southwest,Reviewed,Manual,2020-02-09 18:36:49.5529 UTC,,Magnitude not reported
T0428c,T0428c,InSight-site catalog event,4.5024,135.6234,Unspecified,Preliminary,Automatic,2020-02-09 18:35:47.0000 UTC,,Magnitude not reported
T0428b,T0428b,InSight-site catalog event,4.5024,135.6234,Unspecified,Preliminary,Automatic,2020-02-09 16:34:41.0000 UTC,,Magnitude not reported
T0428a,T0428a,InSight-site catalog event,4.5024,135.6234,Unspecified,Preliminary,Automatic,2020-02-09 16:06:46.0000 UTC,,Magnitude not reported
S0428a,S0428a,InSight-site catalog event,4.5024,135.6234,Elysium Southwest,Reviewed,Manual,2020-02-09 00:44:14.0000 UTC,2.0,MW 2.0
S0427b,S0427b,InSight-site catalog event,4.5024,135.6234,Elysium Southwest,Reviewed,Manual,2020-02-08 23:13:40.0000 UTC,1.6,MW 1.6
S0427a,S0427a,InSight-site catalog event,4.5024,135.6234,Elysium Southwest,Reviewed,Manual,2020-02-08 22:28:55.502948 UTC,,Magnitude not reported
T0427c,T0427c,InSight-site catalog event,4.5024,135.6234,Unspecified,Preliminary,Automatic,2020-02-08 18:10:49.0000 UTC,,Magnitude not reported
T0427b,T0427b,InSight-site catalog event,4.5024,135.6234,Unspecified,Preliminary,Automatic,2020-02-08 18:01:29.0000 UTC,,Magnitude not reported
T0427a,T0427a,InSight-site catalog event,4.5024,135.6234,Unspecified,Preliminary,Automatic,2020-02-08 17:52:05.0000 UTC,,Magnitude not reported
T0426b,T0426b,InSight-site catalog event,4.5024,135.6234,Unspecified,Preliminary,Automatic,2020-02-07 17:19:00.0000 UTC,,Magnitude not reported
T0426a,T0426a,InSight-site catalog event,4.5024,135.6234,Unspecified,Preliminary,Automatic,2020-02-07 16:08:43.0000 UTC,,Magnitude not reported
T0425b,T0425b,InSight-site catalog event,4.5024,135.6234,Unspecified,Preliminary,Automatic,2020-02-06 17:53:08.0000 UTC,,Magnitude not reported
T0425a,T0425a,InSight-site catalog event,4.5024,135.6234,Unspecified,Preliminary,Automatic,2020-02-06 16:37:14.0000 UTC,,Magnitude not reported
S0424c,S0424c,InSight-site catalog event,4.5024,135.6234,Elysium Southwest,Reviewed,Manual,2020-02-05 17:26:12.0000 UTC,2.3,MW 2.3
T0424d,T0424d,InSight-site catalog event,4.5024,135.6234,Unspecified,Preliminary,Automatic,2020-02-05 17:09:46.0000 UTC,,Magnitude not reported
T0424c,T0424c,InSight-site catalog event,4.5024,135.6234,Unspecified,Preliminary,Automatic,2020-02-05 17:07:33.0000 UTC,,Magnitude not reported
T0424b,T0424b,InSight-site catalog event,4.5024,135.6234,Unspecified,Preliminary,Automatic,2020-02-05 16:38:46.0000 UTC,,Magnitude not reported
T0424a,T0424a,InSight-site catalog event,4.5024,135.6234,Unspecified,Preliminary,Automatic,2020-02-05 16:04:42.0000 UTC,,Magnitude not reported
S0424b,S0424b,InSight-site catalog event,4.5024,135.6234,Elysium Southwest,Reviewed,Manual,2020-02-05 15:18:28.224249 UTC,,Magnitude not reported
S0424a,S0424a,InSight-site catalog event,4.5024,135.6234,Elysium Southwest,Reviewed,Manual,2020-02-05 14:56:37.225827 UTC,,Magnitude not reported
S0423d,S0423d,InSight-site catalog event,4.5024,135.6234,Elysium Southwest,Reviewed,Manual,2020-02-04 20:32:05.0000 UTC,1.6,MW 1.6
S0423c,S0423c,InSight-site catalog event,4.5024,135.6234,Elysium Southwest,Reviewed,Manual,2020-02-04 19:25:43.0000 UTC,1.9,MW 1.9
T0423d,T0423d,InSight-site catalog event,4.5024,135.6234,Unspecified,Preliminary,Automatic,2020-02-04 16:35:40.0000 UTC,,Magnitude not reported
T0423c,T0423c,InSight-site catalog event,4.5024,135.6234,Unspecified,Preliminary,Automatic,2020-02-04 16:24:45.0000 UTC,,Magnitude not reported
T0423b,T0423b,InSight-site catalog event,4.5024,135.6234,Unspecified,Preliminary,Automatic,2020-02-04 15:34:20.0000 UTC,,Magnitude not reported
S0423a,S0423a,InSight-site catalog event,4.5024,135.6234,Elysium Southwest,Reviewed,Manual,2020-02-04 15:17:10.0000 UTC,,Magnitude not reported
T0423a,T0423a,InSight-site catalog event,4.5024,135.6234,Unspecified,Preliminary,Automatic,2020-02-04 15:06:08.0000 UTC,,Magnitude not reported
S0423b,S0423b,InSight-site catalog event,4.5024,135.6234,Elysium Southwest,Reviewed,Manual,2020-02-03 21:03:39.571218 UTC,,Magnitude not reported
T0422c,T0422c,InSight-site catalog event,4.5024,135.6234,Unspecified,Preliminary,Automatic,2020-02-03 15:13:48.0000 UTC,,Magnitude not reported
T0422b,T0422b,InSight-site catalog event,4.5024,135.6234,Unspecified,Preliminary,Automatic,2020-02-03 14:56:16.266 UTC,,Magnitude not reported
T0422a,T0422a,InSight-site catalog event,4.5024,135.6234,Unspecified,Preliminary,Automatic,2020-02-03 13:35:40.0000 UTC,,Magnitude not reported
S0422a,S0422a,InSight-site catalog event,4.5024,135.6234,Elysium Southwest,Reviewed,Manual,2020-02-03 12:37:42.879693 UTC,,Magnitude not reported
S0421a,S0421a,InSight-site catalog event,4.5024,135.6234,Elysium Southwest,Reviewed,Manual,2020-02-02 17:37:27.0000 UTC,2.4,MW 2.4
S0421b,S0421b,InSight-site catalog event,4.5024,135.6234,Elysium Southwest,Reviewed,Manual,2020-02-02 16:53:32.0000 UTC,3.3,MW 3.3
T0421d,T0421d,InSight-site catalog event,4.5024,135.6234,Unspecified,Preliminary,Automatic,2020-02-02 16:51:50.0000 UTC,,Magnitude not reported
S0421d,S0421d,InSight-site catalog event,4.5024,135.6234,Elysium Southwest,Reviewed,Manual,2020-02-02 15:51:32.049306 UTC,,Magnitude not reported
T0421c,T0421c,InSight-site catalog event,4.5024,135.6234,Unspecified,Preliminary,Automatic,2020-02-02 15:11:21.0000 UTC,,Magnitude not reported
S0421c,S0421c,InSight-site catalog event,4.5024,135.6234,Elysium Southwest,Reviewed,Manual,2020-02-02 14:31:28.021006 UTC,,Magnitude not reported
T0421b,T0421b,InSight-site catalog event,4.5024,135.6234,Unspecified,Preliminary,Automatic,2020-02-02 14:26:24.0000 UTC,,Magnitude not reported
T0421a,T0421a,InSight-site catalog event,4.5024,135.6234,Unspecified,Preliminary,Automatic,2020-02-02 14:06:07.683 UTC,,Magnitude not reported
T0420g,T0420g,InSight-site catalog event,4.5024,135.6234,Unspecified,Preliminary,Automatic,2020-02-01 18:38:05.0000 UTC,,Magnitude not reported
T0420f,T0420f,InSight-site catalog event,4.5024,135.6234,Unspecified,Preliminary,Automatic,2020-02-01 15:16:44.0000 UTC,,Magnitude not reported
T0420e,T0420e,InSight-site catalog event,4.5024,135.6234,Unspecified,Preliminary,Automatic,2020-02-01 14:10:54.0000 UTC,,Magnitude not reported
T0420d,T0420d,InSight-site catalog event,4.5024,135.6234,Unspecified,Preliminary,Automatic,2020-02-01 13:50:26.0000 UTC,,Magnitude not reported
T0420c,T0420c,InSight-site catalog event,4.5024,135.6234,Unspecified,Preliminary,Automatic,2020-02-01 13:33:45.0000 UTC,,Magnitude not reported
T0420b,T0420b,InSight-site catalog event,4.5024,135.6234,Unspecified,Preliminary,Automatic,2020-02-01 13:15:29.578 UTC,,Magnitude not reported
T0420a,T0420a,InSight-site catalog event,4.5024,135.6234,Unspecified,Preliminary,Automatic,2020-02-01 13:07:50.0000 UTC,,Magnitude not reported
S0420b,S0420b,InSight-site catalog event,4.5024,135.6234,Elysium Southwest,Reviewed,Manual,2020-01-31 19:52:16.792042 UTC,,Magnitude not reported
S0420a,S0420a,InSight-site catalog event,4.5024,135.6234,Elysium Southwest,Reviewed,Manual,2020-01-31 18:10:06.414873 UTC,,Magnitude not reported
S0419a,S0419a,InSight-site catalog event,4.5024,135.6234,Elysium Southwest,Reviewed,Manual,2020-01-31 15:00:11.0000 UTC,1.8,MW 1.8
T0419d,T0419d,InSight-site catalog event,4.5024,135.6234,Unspecified,Preliminary,Automatic,2020-01-31 13:18:04.0000 UTC,,Magnitude not reported
T0419c,T0419c,InSight-site catalog event,4.5024,135.6234,Unspecified,Preliminary,Automatic,2020-01-31 12:53:33.0000 UTC,,Magnitude not reported
T0419b,T0419b,InSight-site catalog event,4.5024,135.6234,Unspecified,Preliminary,Automatic,2020-01-31 12:42:43.0000 UTC,,Magnitude not reported
T0419a,T0419a,InSight-site catalog event,4.5024,135.6234,Unspecified,Preliminary,Automatic,2020-01-31 12:22:45.239 UTC,,Magnitude not reported
T0418e,T0418e,InSight-site catalog event,4.5024,135.6234,Unspecified,Preliminary,Automatic,2020-01-30 13:50:17.0000 UTC,,Magnitude not reported
T0418d,T0418d,InSight-site catalog event,4.5024,135.6234,Unspecified,Preliminary,Automatic,2020-01-30 12:16:01.0000 UTC,,Magnitude not reported
T0418c,T0418c,InSight-site catalog event,4.5024,135.6234,Unspecified,Preliminary,Automatic,2020-01-30 12:03:52.802 UTC,,Magnitude not reported
T0418b,T0418b,InSight-site catalog event,4.5024,135.6234,Unspecified,Preliminary,Automatic,2020-01-30 11:56:06.002 UTC,,Magnitude not reported
S0418a,S0418a,InSight-site catalog event,4.5024,135.6234,Elysium Southwest,Reviewed,Manual,2020-01-30 11:53:45.0000 UTC,1.8,MW 1.8
T0418a,T0418a,InSight-site catalog event,4.5024,135.6234,Unspecified,Preliminary,Automatic,2020-01-30 11:30:58.402 UTC,,Magnitude not reported
T0417d,T0417d,InSight-site catalog event,4.5024,135.6234,Unspecified,Preliminary,Automatic,2020-01-29 11:47:53.0000 UTC,,Magnitude not reported
T0417c,T0417c,InSight-site catalog event,4.5024,135.6234,Unspecified,Preliminary,Automatic,2020-01-29 11:37:25.0000 UTC,,Magnitude not reported
T0417b,T0417b,InSight-site catalog event,4.5024,135.6234,Unspecified,Preliminary,Automatic,2020-01-29 11:30:40.0000 UTC,,Magnitude not reported
T0417a,T0417a,InSight-site catalog event,4.5024,135.6234,Unspecified,Preliminary,Automatic,2020-01-29 11:24:57.0000 UTC,,Magnitude not reported
S0417b,S0417b,InSight-site catalog event,4.5024,135.6234,Elysium Southwest,Reviewed,Manual,2020-01-29 11:00:00.0000 UTC,1.6,MW 1.6
S0417a,S0417a,InSight-site catalog event,4.5024,135.6234,Elysium Southwest,Reviewed,Manual,2020-01-28 17:33:34.0000 UTC,1.7,MW 1.7
T0416f,T0416f,InSight-site catalog event,4.5024,135.6234,Unspecified,Preliminary,Automatic,2020-01-28 12:16:47.0000 UTC,,Magnitude not reported
T0416e,T0416e,InSight-site catalog event,4.5024,135.6234,Unspecified,Preliminary,Automatic,2020-01-28 11:06:42.0000 UTC,,Magnitude not reported
T0416d,T0416d,InSight-site catalog event,4.5024,135.6234,Unspecified,Preliminary,Automatic,2020-01-28 10:58:02.0000 UTC,,Magnitude not reported
T0416c,T0416c,InSight-site catalog event,4.5024,135.6234,Unspecified,Preliminary,Automatic,2020-01-28 10:39:48.0000 UTC,,Magnitude not reported
T0416b,T0416b,InSight-site catalog event,4.5024,135.6234,Unspecified,Preliminary,Automatic,2020-01-28 10:30:20.0000 UTC,,Magnitude not reported
T0416a,T0416a,InSight-site catalog event,4.5024,135.6234,Unspecified,Preliminary,Automatic,2020-01-28 09:09:57.0000 UTC,,Magnitude not reported
T0415c,T0415c,InSight-site catalog event,4.5024,135.6234,Unspecified,Preliminary,Automatic,2020-01-27 12:04:37.0000 UTC,,Magnitude not reported
T0415b,T0415b,InSight-site catalog event,4.5024,135.6234,Unspecified,Preliminary,Automatic,2020-01-27 10:45:48.0000 UTC,,Magnitude not reported
T0415a,T0415a,InSight-site catalog event,4.5024,135.6234,Unspecified,Preliminary,Automatic,2020-01-27 10:27:49.0000 UTC,,Magnitude not reported
S0415a,S0415a,InSight-site catalog event,4.5024,135.6234,Elysium Southwest,Reviewed,Manual,2020-01-26 16:21:36.0000 UTC,1.7,MW 1.7
S0414a,S0414a,InSight-site catalog event,4.5024,135.6234,Elysium Southwest,Reviewed,Manual,2020-01-26 12:02:05.0000 UTC,1.7,MW 1.7
T0414d,T0414d,InSight-site catalog event,4.5024,135.6234,Unspecified,Preliminary,Automatic,2020-01-26 09:53:34.0000 UTC,,Magnitude not reported
T0414c,T0414c,InSight-site catalog event,4.5024,135.6234,Unspecified,Preliminary,Automatic,2020-01-26 09:46:36.0000 UTC,,Magnitude not reported
T0414b,T0414b,InSight-site catalog event,4.5024,135.6234,Unspecified,Preliminary,Automatic,2020-01-26 09:25:51.162 UTC,,Magnitude not reported
T0414a,T0414a,InSight-site catalog event,4.5024,135.6234,Unspecified,Preliminary,Automatic,2020-01-25 14:30:05.0000 UTC,,Magnitude not reported
T0413f,T0413f,InSight-site catalog event,4.5024,135.6234,Unspecified,Preliminary,Automatic,2020-01-25 09:34:00.0000 UTC,,Magnitude not reported
T0413e,T0413e,InSight-site catalog event,4.5024,135.6234,Unspecified,Preliminary,Automatic,2020-01-25 09:07:15.0000 UTC,,Magnitude not reported
T0413d,T0413d,InSight-site catalog event,4.5024,135.6234,Unspecified,Preliminary,Automatic,2020-01-25 08:53:02.0000 UTC,,Magnitude not reported
T0413c,T0413c,InSight-site catalog event,4.5024,135.6234,Unspecified,Preliminary,Automatic,2020-01-25 08:37:39.414 UTC,,Magnitude not reported
S0413a,S0413a,InSight-site catalog event,4.5024,135.6234,Elysium Southwest,Reviewed,Manual,2020-01-25 07:51:18.067943 UTC,,Magnitude not reported
T0413b,T0413b,InSight-site catalog event,4.5024,135.6234,Unspecified,Preliminary,Automatic,2020-01-24 16:31:08.014 UTC,,Magnitude not reported
T0413a,T0413a,InSight-site catalog event,4.5024,135.6234,Unspecified,Preliminary,Automatic,2020-01-24 16:05:27.714 UTC,,Magnitude not reported
T0412b,T0412b,InSight-site catalog event,4.5024,135.6234,Unspecified,Preliminary,Automatic,2020-01-24 08:10:37.0000 UTC,,Magnitude not reported
T0412a,T0412a,InSight-site catalog event,4.5024,135.6234,Unspecified,Preliminary,Automatic,2020-01-24 07:56:29.0000 UTC,,Magnitude not reported
S0412a,S0412a,InSight-site catalog event,4.5024,135.6234,Elysium Southwest,Reviewed,Manual,2020-01-23 13:02:47.0000 UTC,1.7,MW 1.7
T0411d,T0411d,InSight-site catalog event,4.5024,135.6234,Unspecified,Preliminary,Automatic,2020-01-23 08:41:36.0000 UTC,,Magnitude not reported
S0411c,S0411c,InSight-site catalog event,4.5024,135.6234,Elysium Southwest,Reviewed,Manual,2020-01-23 08:03:26.895983 UTC,,Magnitude not reported
T0411c,T0411c,InSight-site catalog event,4.5024,135.6234,Unspecified,Preliminary,Automatic,2020-01-23 07:45:11.0000 UTC,,Magnitude not reported
T0411b,T0411b,InSight-site catalog event,4.5024,135.6234,Unspecified,Preliminary,Automatic,2020-01-23 07:28:47.27 UTC,,Magnitude not reported
T0411a,T0411a,InSight-site catalog event,4.5024,135.6234,Unspecified,Preliminary,Automatic,2020-01-23 07:21:34.0000 UTC,,Magnitude not reported
S0411b,S0411b,InSight-site catalog event,4.5024,135.6234,Elysium Southwest,Reviewed,Manual,2020-01-23 06:24:37.196189 UTC,,Magnitude not reported
S0411a,S0411a,InSight-site catalog event,4.5024,135.6234,Elysium Southwest,Reviewed,Manual,2020-01-23 05:31:44.177124 UTC,,Magnitude not reported
T0410c,T0410c,InSight-site catalog event,4.5024,135.6234,Unspecified,Preliminary,Automatic,2020-01-22 08:16:03.501 UTC,,Magnitude not reported
T0410b,T0410b,InSight-site catalog event,4.5024,135.6234,Unspecified,Preliminary,Automatic,2020-01-22 07:10:40.0000 UTC,,Magnitude not reported
T0410a,T0410a,InSight-site catalog event,4.5024,135.6234,Unspecified,Preliminary,Automatic,2020-01-22 06:47:54.901 UTC,,Magnitude not reported
S0409d,S0409d,InSight-site catalog event,4.5024,135.6234,Elysium Southwest,Reviewed,Manual,2020-01-21 11:27:02.464172 UTC,3.2,MW 3.2
S0409c,S0409c,InSight-site catalog event,4.5024,135.6234,Elysium Southwest,Reviewed,Manual,2020-01-21 10:21:45.0000 UTC,1.7,MW 1.7
S0409b,S0409b,InSight-site catalog event,4.5024,135.6234,Elysium Southwest,Reviewed,Manual,2020-01-21 07:05:01.00952 UTC,,Magnitude not reported
T0409c,T0409c,InSight-site catalog event,4.5024,135.6234,Unspecified,Preliminary,Automatic,2020-01-21 06:28:56.741 UTC,,Magnitude not reported
S0409a,S0409a,InSight-site catalog event,4.5024,135.6234,Elysium Southwest,Reviewed,Manual,2020-01-21 06:16:05.77432 UTC,,Magnitude not reported
T0409b,T0409b,InSight-site catalog event,4.5024,135.6234,Unspecified,Preliminary,Automatic,2020-01-21 06:04:45.0000 UTC,,Magnitude not reported
T0409a,T0409a,InSight-site catalog event,4.5024,135.6234,Unspecified,Preliminary,Automatic,2020-01-21 05:53:23.341 UTC,,Magnitude not reported
S0408b,S0408b,InSight-site catalog event,4.5024,135.6234,Elysium Southwest,Preliminary,Manual,2020-01-20 06:05:53.0000 UTC,1.9,MW 1.9
T0408g,T0408g,InSight-site catalog event,4.5024,135.6234,Unspecified,Preliminary,Automatic,2020-01-20 05:52:54.0000 UTC,,Magnitude not reported
T0408f,T0408f,InSight-site catalog event,4.5024,135.6234,Unspecified,Preliminary,Automatic,2020-01-20 05:50:09.757 UTC,,Magnitude not reported
T0408e,T0408e,InSight-site catalog event,4.5024,135.6234,Unspecified,Preliminary,Automatic,2020-01-20 05:27:00.407 UTC,,Magnitude not reported
T0408d,T0408d,InSight-site catalog event,4.5024,135.6234,Unspecified,Preliminary,Automatic,2020-01-20 05:07:31.0000 UTC,,Magnitude not reported
T0408c,T0408c,InSight-site catalog event,4.5024,135.6234,Elysium Southwest,Preliminary,Automatic,2020-01-20 04:23:20.0000 UTC,,Magnitude not reported
T0408b,T0408b,InSight-site catalog event,4.5024,135.6234,Unspecified,Preliminary,Automatic,2020-01-19 13:21:51.0000 UTC,,Magnitude not reported
T0408a,T0408a,InSight-site catalog event,4.5024,135.6234,Unspecified,Preliminary,Automatic,2020-01-19 12:20:15.0000 UTC,,Magnitude not reported
S0408a,S0408a,InSight-site catalog event,4.5024,135.6234,Elysium Southwest,Preliminary,Manual,2020-01-19 10:54:02.0000 UTC,1.9,MW 1.9
T0407h,T0407h,InSight-site catalog event,4.5024,135.6234,Unspecified,Preliminary,Automatic,2020-01-19 05:08:13.0000 UTC,,Magnitude not reported
T0407g,T0407g,InSight-site catalog event,4.5024,135.6234,Unspecified,Preliminary,Automatic,2020-01-19 04:50:40.0000 UTC,,Magnitude not reported
T0407f,T0407f,InSight-site catalog event,4.5024,135.6234,Unspecified,Preliminary,Automatic,2020-01-19 04:46:30.306 UTC,,Magnitude not reported
T0407e,T0407e,InSight-site catalog event,4.5024,135.6234,Unspecified,Preliminary,Automatic,2020-01-19 04:09:21.0000 UTC,,Magnitude not reported
T0407d,T0407d,InSight-site catalog event,4.5024,135.6234,Unspecified,Preliminary,Automatic,2020-01-18 12:52:09.0000 UTC,,Magnitude not reported
T0407c,T0407c,InSight-site catalog event,4.5024,135.6234,Unspecified,Preliminary,Automatic,2020-01-18 12:18:19.0000 UTC,,Magnitude not reported
T0407b,T0407b,InSight-site catalog event,4.5024,135.6234,Unspecified,Preliminary,Automatic,2020-01-18 11:43:36.0000 UTC,,Magnitude not reported
T0407a,T0407a,InSight-site catalog event,4.5024,135.6234,Unspecified,Preliminary,Automatic,2020-01-18 11:10:58.406 UTC,,Magnitude not reported
T0406i,T0406i,InSight-site catalog event,4.5024,135.6234,Unspecified,Preliminary,Automatic,2020-01-18 04:55:59.0000 UTC,,Magnitude not reported
T0406h,T0406h,InSight-site catalog event,4.5024,135.6234,Unspecified,Preliminary,Automatic,2020-01-18 04:26:04.289 UTC,,Magnitude not reported
T0406g,T0406g,InSight-site catalog event,4.5024,135.6234,Unspecified,Preliminary,Automatic,2020-01-18 04:05:26.039 UTC,,Magnitude not reported
T0406f,T0406f,InSight-site catalog event,4.5024,135.6234,Unspecified,Preliminary,Automatic,2020-01-18 03:58:56.089 UTC,,Magnitude not reported
T0406e,T0406e,InSight-site catalog event,4.5024,135.6234,Unspecified,Preliminary,Automatic,2020-01-18 02:43:13.0000 UTC,,Magnitude not reported
T0406d,T0406d,InSight-site catalog event,4.5024,135.6234,Unspecified,Preliminary,Automatic,2020-01-17 12:05:14.0000 UTC,,Magnitude not reported
T0406c,T0406c,InSight-site catalog event,4.5024,135.6234,Unspecified,Preliminary,Automatic,2020-01-17 11:33:06.0000 UTC,,Magnitude not reported
T0406b,T0406b,InSight-site catalog event,4.5024,135.6234,Unspecified,Preliminary,Automatic,2020-01-17 10:59:50.0000 UTC,,Magnitude not reported
T0406a,T0406a,InSight-site catalog event,4.5024,135.6234,Unspecified,Preliminary,Automatic,2020-01-17 10:29:23.0000 UTC,,Magnitude not reported
S0405f,S0405f,InSight-site catalog event,4.5024,135.6234,Elysium Southwest,Preliminary,Manual,2020-01-17 05:34:44.0000 UTC,1.9,MW 1.9
T0405e,T0405e,InSight-site catalog event,4.5024,135.6234,Unspecified,Preliminary,Automatic,2020-01-17 04:25:57.425 UTC,,Magnitude not reported
T0405d,T0405d,InSight-site catalog event,4.5024,135.6234,Unspecified,Preliminary,Automatic,2020-01-17 03:50:58.0000 UTC,,Magnitude not reported
S0405e,S0405e,InSight-site catalog event,4.5024,135.6234,Elysium Southwest,Preliminary,Manual,2020-01-17 03:49:17.869345 UTC,,Magnitude not reported
T0405c,T0405c,InSight-site catalog event,4.5024,135.6234,Unspecified,Preliminary,Automatic,2020-01-17 03:44:49.0000 UTC,,Magnitude not reported
S0405d,S0405d,InSight-site catalog event,4.5024,135.6234,Elysium Southwest,Preliminary,Manual,2020-01-17 03:17:08.0000 UTC,1.6,MW 1.6
S0405c,S0405c,InSight-site catalog event,4.5024,135.6234,Elysium Southwest,Reviewed,Manual,2020-01-17 01:36:58.590144 UTC,,Magnitude not reported
S0405b,S0405b,InSight-site catalog event,4.5024,135.6234,Elysium Southwest,Preliminary,Manual,2020-01-16 11:12:53.0000 UTC,1.6,MW 1.6
T0405b,T0405b,InSight-site catalog event,4.5024,135.6234,Unspecified,Preliminary,Automatic,2020-01-16 11:01:38.0000 UTC,,Magnitude not reported
T0405a,T0405a,InSight-site catalog event,4.5024,135.6234,Unspecified,Preliminary,Automatic,2020-01-16 10:29:28.0000 UTC,,Magnitude not reported
S0405a,S0405a,InSight-site catalog event,4.5024,135.6234,Elysium Southwest,Preliminary,Manual,2020-01-16 10:26:18.505794 UTC,,Magnitude not reported
T0404g,T0404g,InSight-site catalog event,4.5024,135.6234,Unspecified,Preliminary,Automatic,2020-01-16 03:22:02.0000 UTC,,Magnitude not reported
T0404f,T0404f,InSight-site catalog event,4.5024,135.6234,Unspecified,Preliminary,Automatic,2020-01-16 03:13:58.0000 UTC,,Magnitude not reported
T0404e,T0404e,InSight-site catalog event,4.5024,135.6234,Unspecified,Preliminary,Automatic,2020-01-16 02:36:36.0000 UTC,,Magnitude not reported
T0404d,T0404d,InSight-site catalog event,4.5024,135.6234,Unspecified,Preliminary,Automatic,2020-01-15 10:46:41.0000 UTC,,Magnitude not reported
T0404c,T0404c,InSight-site catalog event,4.5024,135.6234,Unspecified,Preliminary,Automatic,2020-01-15 10:14:33.0000 UTC,,Magnitude not reported
T0404b,T0404b,InSight-site catalog event,4.5024,135.6234,Unspecified,Preliminary,Automatic,2020-01-15 09:41:15.434 UTC,,Magnitude not reported
T0404a,T0404a,InSight-site catalog event,4.5024,135.6234,Unspecified,Preliminary,Automatic,2020-01-15 09:09:38.834 UTC,,Magnitude not reported
S0403a,S0403a,InSight-site catalog event,4.5024,135.6234,Elysium Southwest,Preliminary,Manual,2020-01-15 02:36:43.85594 UTC,,Magnitude not reported
T0403f,T0403f,InSight-site catalog event,4.5024,135.6234,Unspecified,Preliminary,Automatic,2020-01-15 02:32:47.312 UTC,,Magnitude not reported
T0403e,T0403e,InSight-site catalog event,4.5024,135.6234,Unspecified,Preliminary,Automatic,2020-01-15 02:23:03.0000 UTC,,Magnitude not reported
T0403d,T0403d,InSight-site catalog event,4.5024,135.6234,Unspecified,Preliminary,Automatic,2020-01-15 02:20:15.112 UTC,,Magnitude not reported
T0403c,T0403c,InSight-site catalog event,4.5024,135.6234,Unspecified,Preliminary,Automatic,2020-01-14 10:13:16.0000 UTC,,Magnitude not reported
T0403b,T0403b,InSight-site catalog event,4.5024,135.6234,Unspecified,Preliminary,Automatic,2020-01-14 09:10:42.212 UTC,,Magnitude not reported
T0403a,T0403a,InSight-site catalog event,4.5024,135.6234,Unspecified,Preliminary,Automatic,2020-01-14 08:40:37.0000 UTC,,Magnitude not reported
T0402d,T0402d,InSight-site catalog event,4.5024,135.6234,Unspecified,Preliminary,Automatic,2020-01-14 02:19:17.0000 UTC,,Magnitude not reported
T0402c,T0402c,InSight-site catalog event,4.5024,135.6234,Unspecified,Preliminary,Automatic,2020-01-14 01:59:55.0000 UTC,,Magnitude not reported
T0402b,T0402b,InSight-site catalog event,4.5024,135.6234,Unspecified,Preliminary,Automatic,2020-01-14 01:30:18.0000 UTC,,Magnitude not reported
T0402a,T0402a,InSight-site catalog event,4.5024,135.6234,Unspecified,Preliminary,Automatic,2020-01-13 08:01:23.737 UTC,,Magnitude not reported
T0401d,T0401d,InSight-site catalog event,4.5024,135.6234,Unspecified,Preliminary,Automatic,2020-01-13 02:18:44.0000 UTC,,Magnitude not reported
T0401c,T0401c,InSight-site catalog event,4.5024,135.6234,Unspecified,Preliminary,Automatic,2020-01-13 01:28:08.118 UTC,,Magnitude not reported
T0401b,T0401b,InSight-site catalog event,4.5024,135.6234,Unspecified,Preliminary,Automatic,2020-01-13 01:16:58.0000 UTC,,Magnitude not reported
T0401a,T0401a,InSight-site catalog event,4.5024,135.6234,Unspecified,Preliminary,Automatic,2020-01-13 01:13:34.0000 UTC,,Magnitude not reported
S0401b,S0401b,InSight-site catalog event,4.5024,135.6234,Elysium Southwest,Preliminary,Manual,2020-01-13 01:06:14.0000 UTC,1.9,MW 1.9
S0401a,S0401a,InSight-site catalog event,4.5024,135.6234,Elysium Southwest,Preliminary,Manual,2020-01-13 00:15:28.170121 UTC,,Magnitude not reported
T0400c,T0400c,InSight-site catalog event,4.5024,135.6234,Unspecified,Preliminary,Automatic,2020-01-12 00:51:48.838 UTC,,Magnitude not reported
T0400b,T0400b,InSight-site catalog event,4.5024,135.6234,Unspecified,Preliminary,Automatic,2020-01-12 00:46:41.738 UTC,,Magnitude not reported
T0400a,T0400a,InSight-site catalog event,4.5024,135.6234,Unspecified,Preliminary,Automatic,2020-01-12 00:44:14.0000 UTC,,Magnitude not reported
S0400a,S0400a,InSight-site catalog event,4.5024,135.6234,Elysium Southwest,Preliminary,Manual,2020-01-11 22:16:20.389122 UTC,,Magnitude not reported
T0399d,T0399d,InSight-site catalog event,4.5024,135.6234,Unspecified,Preliminary,Automatic,2020-01-11 00:34:24.0000 UTC,,Magnitude not reported
T0399c,T0399c,InSight-site catalog event,4.5024,135.6234,Unspecified,Preliminary,Automatic,2020-01-11 00:07:47.0000 UTC,,Magnitude not reported
T0399b,T0399b,InSight-site catalog event,4.5024,135.6234,Unspecified,Preliminary,Automatic,2020-01-10 23:52:29.684 UTC,,Magnitude not reported
T0399a,T0399a,InSight-site catalog event,4.5024,135.6234,Unspecified,Preliminary,Automatic,2020-01-10 23:21:07.334 UTC,,Magnitude not reported
S0398b,S0398b,InSight-site catalog event,4.5024,135.6234,Elysium Southwest,Preliminary,Manual,2020-01-10 03:03:02.0000 UTC,1.8,MW 1.8
T0398e,T0398e,InSight-site catalog event,4.5024,135.6234,Unspecified,Preliminary,Automatic,2020-01-09 23:51:12.0000 UTC,,Magnitude not reported
T0398d,T0398d,InSight-site catalog event,4.5024,135.6234,Unspecified,Preliminary,Automatic,2020-01-09 23:29:43.0000 UTC,,Magnitude not reported
T0398c,T0398c,InSight-site catalog event,4.5024,135.6234,Unspecified,Preliminary,Automatic,2020-01-09 23:28:12.016 UTC,,Magnitude not reported
T0398b,T0398b,InSight-site catalog event,4.5024,135.6234,Unspecified,Preliminary,Automatic,2020-01-09 22:59:21.0000 UTC,,Magnitude not reported
T0398a,T0398a,InSight-site catalog event,4.5024,135.6234,Unspecified,Preliminary,Automatic,2020-01-09 22:24:40.666 UTC,,Magnitude not reported
S0398a,S0398a,InSight-site catalog event,4.5024,135.6234,Elysium Southwest,Preliminary,Manual,2020-01-09 21:28:05.598879 UTC,,Magnitude not reported
S0397d,S0397d,InSight-site catalog event,4.5024,135.6234,Elysium Southwest,Preliminary,Manual,2020-01-09 01:38:35.0000 UTC,1.6,MW 1.6
S0397c,S0397c,InSight-site catalog event,4.5024,135.6234,Elysium Southwest,Preliminary,Manual,2020-01-09 00:07:39.87239 UTC,,Magnitude not reported
T0397d,T0397d,InSight-site catalog event,4.5024,135.6234,Unspecified,Preliminary,Automatic,2020-01-08 22:39:30.257 UTC,,Magnitude not reported
T0397c,T0397c,InSight-site catalog event,4.5024,135.6234,Unspecified,Preliminary,Automatic,2020-01-08 22:38:53.857 UTC,,Magnitude not reported
T0397b,T0397b,InSight-site catalog event,4.5024,135.6234,Unspecified,Preliminary,Automatic,2020-01-08 22:35:06.0000 UTC,,Magnitude not reported
S0397b,S0397b,InSight-site catalog event,4.5024,135.6234,Elysium Southwest,Preliminary,Manual,2020-01-08 22:35:01.0000 UTC,1.8,MW 1.8
T0397a,T0397a,InSight-site catalog event,4.5024,135.6234,Unspecified,Preliminary,Automatic,2020-01-08 21:40:38.457 UTC,,Magnitude not reported
S0397a,S0397a,InSight-site catalog event,4.5024,135.6234,Elysium Southwest,Preliminary,Manual,2020-01-08 21:06:14.0000 UTC,1.7,MW 1.7
S0396a,S0396a,InSight-site catalog event,4.5024,135.6234,Elysium Southwest,Preliminary,Manual,2020-01-08 01:42:22.61031 UTC,,Magnitude not reported
T0396d,T0396d,InSight-site catalog event,4.5024,135.6234,Unspecified,Preliminary,Automatic,2020-01-07 23:19:22.0000 UTC,,Magnitude not reported
T0396c,T0396c,InSight-site catalog event,4.5024,135.6234,Unspecified,Preliminary,Automatic,2020-01-07 22:05:26.339 UTC,,Magnitude not reported
T0396b,T0396b,InSight-site catalog event,4.5024,135.6234,Unspecified,Preliminary,Automatic,2020-01-07 21:56:35.139 UTC,,Magnitude not reported
T0396a,T0396a,InSight-site catalog event,4.5024,135.6234,Unspecified,Preliminary,Automatic,2020-01-07 05:38:13.039 UTC,,Magnitude not reported
S0395b,S0395b,InSight-site catalog event,4.5024,135.6234,Elysium Southwest,Preliminary,Manual,2020-01-06 22:58:25.454821 UTC,,Magnitude not reported
S0395a,S0395a,InSight-site catalog event,4.5024,135.6234,Elysium Southwest,Reviewed,Manual,2020-01-06 22:28:45.184351 UTC,3.1,MW 3.1
T0395c,T0395c,InSight-site catalog event,4.5024,135.6234,Unspecified,Preliminary,Automatic,2020-01-06 21:45:53.12 UTC,,Magnitude not reported
T0395b,T0395b,InSight-site catalog event,4.5024,135.6234,Unspecified,Preliminary,Automatic,2020-01-06 21:20:57.77 UTC,,Magnitude not reported
T0395a,T0395a,InSight-site catalog event,4.5024,135.6234,Unspecified,Preliminary,Automatic,2020-01-06 21:15:48.0000 UTC,,Magnitude not reported
T0394d,T0394d,InSight-site catalog event,4.5024,135.6234,Unspecified,Preliminary,Automatic,2020-01-05 20:48:24.099 UTC,,Magnitude not reported
T0394c,T0394c,InSight-site catalog event,4.5024,135.6234,Unspecified,Preliminary,Automatic,2020-01-05 20:45:23.0000 UTC,,Magnitude not reported
T0394b,T0394b,InSight-site catalog event,4.5024,135.6234,Unspecified,Preliminary,Automatic,2020-01-05 20:12:35.049 UTC,,Magnitude not reported
S0394a,S0394a,InSight-site catalog event,4.5024,135.6234,Elysium Southwest,Preliminary,Manual,2020-01-05 19:50:00.0000 UTC,1.8,MW 1.8
T0394a,T0394a,InSight-site catalog event,4.5024,135.6234,Unspecified,Preliminary,Automatic,2020-01-05 01:08:37.0000 UTC,,Magnitude not reported
T0393e,T0393e,InSight-site catalog event,4.5024,135.6234,Unspecified,Preliminary,Automatic,2020-01-04 20:32:36.0000 UTC,,Magnitude not reported
T0393d,T0393d,InSight-site catalog event,4.5024,135.6234,Unspecified,Preliminary,Automatic,2020-01-04 20:07:31.0000 UTC,,Magnitude not reported
T0393c,T0393c,InSight-site catalog event,4.5024,135.6234,Unspecified,Preliminary,Automatic,2020-01-04 19:39:29.329 UTC,,Magnitude not reported
T0393b,T0393b,InSight-site catalog event,4.5024,135.6234,Unspecified,Preliminary,Automatic,2020-01-04 19:12:14.029 UTC,,Magnitude not reported
T0393a,T0393a,InSight-site catalog event,4.5024,135.6234,Elysium Southwest,Preliminary,Automatic,2020-01-04 19:06:49.0000 UTC,,Magnitude not reported
T0392d,T0392d,InSight-site catalog event,4.5024,135.6234,Unspecified,Preliminary,Automatic,2020-01-03 19:37:40.0000 UTC,,Magnitude not reported
T0392c,T0392c,InSight-site catalog event,4.5024,135.6234,Unspecified,Preliminary,Automatic,2020-01-03 19:31:54.637 UTC,,Magnitude not reported
T0392b,T0392b,InSight-site catalog event,4.5024,135.6234,Unspecified,Preliminary,Automatic,2020-01-03 19:00:14.0000 UTC,,Magnitude not reported
T0392a,T0392a,InSight-site catalog event,4.5024,135.6234,Unspecified,Preliminary,Automatic,2020-01-03 18:29:20.137 UTC,,Magnitude not reported
S0392a,S0392a,InSight-site catalog event,4.5024,135.6234,Elysium Southwest,Preliminary,Manual,2020-01-03 17:00:00.0000 UTC,2.0,MW 2.0
T0391d,T0391d,InSight-site catalog event,4.5024,135.6234,Unspecified,Preliminary,Automatic,2020-01-02 20:13:04.0000 UTC,,Magnitude not reported
T0391c,T0391c,InSight-site catalog event,4.5024,135.6234,Unspecified,Preliminary,Automatic,2020-01-02 18:49:14.0000 UTC,,Magnitude not reported
T0391b,T0391b,InSight-site catalog event,4.5024,135.6234,Unspecified,Preliminary,Automatic,2020-01-02 18:47:52.0000 UTC,,Magnitude not reported
T0391a,T0391a,InSight-site catalog event,4.5024,135.6234,Unspecified,Preliminary,Automatic,2020-01-02 18:37:04.681 UTC,,Magnitude not reported
S0390c,S0390c,InSight-site catalog event,4.5024,135.6234,Elysium Southwest,Preliminary,Manual,2020-01-01 19:59:46.0000 UTC,1.5,MW 1.5
T0390e,T0390e,InSight-site catalog event,4.5024,135.6234,Unspecified,Preliminary,Automatic,2020-01-01 18:20:14.258 UTC,,Magnitude not reported
T0390d,T0390d,InSight-site catalog event,4.5024,135.6234,Unspecified,Preliminary,Automatic,2020-01-01 18:11:46.708 UTC,,Magnitude not reported
S0390b,S0390b,InSight-site catalog event,4.5024,135.6234,Elysium Southwest,Preliminary,Manual,2020-01-01 18:08:38.117055 UTC,,Magnitude not reported
T0390c,T0390c,InSight-site catalog event,4.5024,135.6234,Unspecified,Preliminary,Automatic,2020-01-01 17:52:56.708 UTC,,Magnitude not reported
S0390a,S0390a,InSight-site catalog event,4.5024,135.6234,Elysium Southwest,Preliminary,Manual,2020-01-01 16:04:38.094865 UTC,,Magnitude not reported
T0390b,T0390b,InSight-site catalog event,4.5024,135.6234,Unspecified,Preliminary,Automatic,2020-01-01 15:30:08.0000 UTC,,Magnitude not reported
T0390a,T0390a,InSight-site catalog event,4.5024,135.6234,Unspecified,Preliminary,Automatic,2020-01-01 13:47:02.0000 UTC,,Magnitude not reported
T0389e,T0389e,InSight-site catalog event,4.5024,135.6234,Unspecified,Preliminary,Automatic,2019-12-31 19:48:19.0000 UTC,,Magnitude not reported
T0389d,T0389d,InSight-site catalog event,4.5024,135.6234,Unspecified,Preliminary,Automatic,2019-12-31 17:35:01.0000 UTC,,Magnitude not reported
S0389a,S0389a,InSight-site catalog event,4.5024,135.6234,Elysium Southwest,Preliminary,Manual,2019-12-31 17:28:14.128216 UTC,,Magnitude not reported
T0389c,T0389c,InSight-site catalog event,4.5024,135.6234,Unspecified,Preliminary,Automatic,2019-12-31 17:14:58.0000 UTC,,Magnitude not reported
T0389b,T0389b,InSight-site catalog event,4.5024,135.6234,Unspecified,Preliminary,Automatic,2019-12-31 13:27:21.003 UTC,,Magnitude not reported
T0389a,T0389a,InSight-site catalog event,4.5024,135.6234,Unspecified,Preliminary,Automatic,2019-12-31 00:01:49.853 UTC,,Magnitude not reported
S0388b,S0388b,InSight-site catalog event,4.5024,135.6234,Elysium Southwest,Preliminary,Manual,2019-12-30 18:20:38.790191 UTC,,Magnitude not reported
T0388c,T0388c,InSight-site catalog event,4.5024,135.6234,Unspecified,Preliminary,Automatic,2019-12-30 17:51:39.948 UTC,,Magnitude not reported
T0388b,T0388b,InSight-site catalog event,4.5024,135.6234,Unspecified,Preliminary,Automatic,2019-12-30 16:58:19.0000 UTC,,Magnitude not reported
T0388a,T0388a,InSight-site catalog event,4.5024,135.6234,Unspecified,Preliminary,Automatic,2019-12-30 16:17:39.298 UTC,,Magnitude not reported
S0388a,S0388a,InSight-site catalog event,4.5024,135.6234,Elysium Southwest,Preliminary,Manual,2019-12-30 15:44:50.063979 UTC,,Magnitude not reported
T0387d,T0387d,InSight-site catalog event,4.5024,135.6234,Unspecified,Preliminary,Automatic,2019-12-29 16:15:43.0000 UTC,,Magnitude not reported
T0387c,T0387c,InSight-site catalog event,4.5024,135.6234,Unspecified,Preliminary,Automatic,2019-12-29 15:55:02.676 UTC,,Magnitude not reported
S0387a,S0387a,InSight-site catalog event,4.5024,135.6234,Elysium Southwest,Preliminary,Manual,2019-12-29 14:36:06.0000 UTC,2.1,MW 2.1
T0387b,T0387b,InSight-site catalog event,4.5024,135.6234,Unspecified,Preliminary,Automatic,2019-12-29 10:17:00.426 UTC,,Magnitude not reported
T0387a,T0387a,InSight-site catalog event,4.5024,135.6234,Unspecified,Preliminary,Automatic,2019-12-28 22:49:40.326 UTC,,Magnitude not reported
S0386b,S0386b,InSight-site catalog event,4.5024,135.6234,Elysium Southwest,Preliminary,Manual,2019-12-28 18:02:08.0000 UTC,1.7,MW 1.7
T0386d,T0386d,InSight-site catalog event,4.5024,135.6234,Unspecified,Preliminary,Automatic,2019-12-28 15:44:01.0000 UTC,,Magnitude not reported
T0386c,T0386c,InSight-site catalog event,4.5024,135.6234,Unspecified,Preliminary,Automatic,2019-12-28 15:25:13.0000 UTC,,Magnitude not reported
T0386b,T0386b,InSight-site catalog event,4.5024,135.6234,Unspecified,Preliminary,Automatic,2019-12-28 14:57:20.317 UTC,,Magnitude not reported
S0386a,S0386a,InSight-site catalog event,4.5024,135.6234,Elysium Southwest,Preliminary,Manual,2019-12-28 14:49:47.978301 UTC,,Magnitude not reported
T0386a,T0386a,InSight-site catalog event,4.5024,135.6234,Unspecified,Preliminary,Automatic,2019-12-28 14:27:41.717 UTC,,Magnitude not reported
T0385e,T0385e,InSight-site catalog event,4.5024,135.6234,Unspecified,Preliminary,Automatic,2019-12-27 15:56:44.039 UTC,,Magnitude not reported
T0385d,T0385d,InSight-site catalog event,4.5024,135.6234,Unspecified,Preliminary,Automatic,2019-12-27 15:09:28.539 UTC,,Magnitude not reported
S0385c,S0385c,InSight-site catalog event,4.5024,135.6234,Elysium Southwest,Preliminary,Manual,2019-12-27 15:04:23.651693 UTC,,Magnitude not reported
T0385c,T0385c,InSight-site catalog event,4.5024,135.6234,Unspecified,Preliminary,Automatic,2019-12-27 14:53:34.739 UTC,,Magnitude not reported
T0385b,T0385b,InSight-site catalog event,4.5024,135.6234,Unspecified,Preliminary,Automatic,2019-12-27 13:54:12.489 UTC,,Magnitude not reported
S0385b,S0385b,InSight-site catalog event,4.5024,135.6234,Elysium Southwest,Preliminary,Manual,2019-12-27 13:50:37.0000 UTC,1.7,MW 1.7
S0385a,S0385a,InSight-site catalog event,4.5024,135.6234,Elysium Southwest,Preliminary,Manual,2019-12-27 12:37:42.0000 UTC,2.0,MW 2.0
T0385a,T0385a,InSight-site catalog event,4.5024,135.6234,Unspecified,Preliminary,Automatic,2019-12-26 21:30:38.189 UTC,,Magnitude not reported
S0384d,S0384d,InSight-site catalog event,4.5024,135.6234,Elysium Southwest,Preliminary,Manual,2019-12-26 16:38:20.0000 UTC,2.0,MW 2.0
S0384c,S0384c,InSight-site catalog event,4.5024,135.6234,Elysium Southwest,Preliminary,Manual,2019-12-26 14:45:04.0000 UTC,1.8,MW 1.8
T0384f,T0384f,InSight-site catalog event,4.5024,135.6234,Unspecified,Preliminary,Automatic,2019-12-26 14:28:07.0000 UTC,,Magnitude not reported
T0384e,T0384e,InSight-site catalog event,4.5024,135.6234,Unspecified,Preliminary,Automatic,2019-12-26 14:24:50.62 UTC,,Magnitude not reported
T0384d,T0384d,InSight-site catalog event,4.5024,135.6234,Unspecified,Preliminary,Automatic,2019-12-26 14:03:27.0000 UTC,,Magnitude not reported
T0384c,T0384c,InSight-site catalog event,4.5024,135.6234,Unspecified,Preliminary,Automatic,2019-12-26 13:38:02.0000 UTC,,Magnitude not reported
T0384b,T0384b,InSight-site catalog event,4.5024,135.6234,Unspecified,Preliminary,Automatic,2019-12-26 13:06:27.22 UTC,,Magnitude not reported
S0384b,S0384b,InSight-site catalog event,4.5024,135.6234,Elysium Southwest,Preliminary,Manual,2019-12-26 13:04:26.0000 UTC,2.1,MW 2.1
S0384a,S0384a,InSight-site catalog event,4.5024,135.6234,Elysium Southwest,Preliminary,Manual,2019-12-26 11:49:57.0000 UTC,1.9,MW 1.9
T0384a,T0384a,InSight-site catalog event,4.5024,135.6234,Unspecified,Preliminary,Automatic,2019-12-26 10:28:45.12 UTC,,Magnitude not reported
S0383c,S0383c,InSight-site catalog event,4.5024,135.6234,Elysium Southwest,Preliminary,Manual,2019-12-25 15:40:17.228113 UTC,,Magnitude not reported
S0383b,S0383b,InSight-site catalog event,4.5024,135.6234,Elysium Southwest,Preliminary,Manual,2019-12-25 15:21:35.708711 UTC,,Magnitude not reported
S0383a,S0383a,InSight-site catalog event,4.5024,135.6234,Elysium Southwest,Preliminary,Manual,2019-12-25 14:32:24.0000 UTC,1.6,MW 1.6
T0383b,T0383b,InSight-site catalog event,4.5024,135.6234,Unspecified,Preliminary,Automatic,2019-12-25 13:47:53.0000 UTC,,Magnitude not reported
T0383a,T0383a,InSight-site catalog event,4.5024,135.6234,Unspecified,Preliminary,Automatic,2019-12-25 13:09:43.212 UTC,,Magnitude not reported
S0382a,S0382a,InSight-site catalog event,4.5024,135.6234,Elysium Southwest,Preliminary,Manual,2019-12-24 14:29:14.392722 UTC,,Magnitude not reported
T0382e,T0382e,InSight-site catalog event,4.5024,135.6234,Unspecified,Preliminary,Automatic,2019-12-24 13:08:17.0000 UTC,,Magnitude not reported
T0382d,T0382d,InSight-site catalog event,4.5024,135.6234,Unspecified,Preliminary,Automatic,2019-12-24 12:29:37.194 UTC,,Magnitude not reported
T0382c,T0382c,InSight-site catalog event,4.5024,135.6234,Unspecified,Preliminary,Automatic,2019-12-24 10:52:43.0000 UTC,,Magnitude not reported
T0382b,T0382b,InSight-site catalog event,4.5024,135.6234,Unspecified,Preliminary,Automatic,2019-12-24 08:42:36.744 UTC,,Magnitude not reported
T0382a,T0382a,InSight-site catalog event,4.5024,135.6234,Unspecified,Preliminary,Automatic,2019-12-24 07:42:39.244 UTC,,Magnitude not reported
S0381f,S0381f,InSight-site catalog event,4.5024,135.6234,Elysium Southwest,Preliminary,Manual,2019-12-23 13:46:28.871183 UTC,,Magnitude not reported
S0381e,S0381e,InSight-site catalog event,4.5024,135.6234,Elysium Southwest,Preliminary,Manual,2019-12-23 13:27:35.141195 UTC,,Magnitude not reported
S0381d,S0381d,InSight-site catalog event,4.5024,135.6234,Elysium Southwest,Preliminary,Manual,2019-12-23 11:46:16.501651 UTC,,Magnitude not reported
T0381c,T0381c,InSight-site catalog event,4.5024,135.6234,Unspecified,Preliminary,Automatic,2019-12-23 11:39:26.0000 UTC,,Magnitude not reported
S0381c,S0381c,InSight-site catalog event,4.5024,135.6234,Elysium Southwest,Preliminary,Manual,2019-12-23 11:02:28.10173 UTC,,Magnitude not reported
S0381b,S0381b,InSight-site catalog event,4.5024,135.6234,Elysium Southwest,Preliminary,Manual,2019-12-23 10:50:02.194769 UTC,,Magnitude not reported
S0381a,S0381a,InSight-site catalog event,4.5024,135.6234,Elysium Southwest,Preliminary,Manual,2019-12-23 09:56:48.481074 UTC,,Magnitude not reported
T0381b,T0381b,InSight-site catalog event,4.5024,135.6234,Unspecified,Preliminary,Automatic,2019-12-22 18:49:32.635 UTC,,Magnitude not reported
T0381a,T0381a,InSight-site catalog event,4.5024,135.6234,Unspecified,Preliminary,Automatic,2019-12-22 18:19:14.085 UTC,,Magnitude not reported
S0380a,S0380a,InSight-site catalog event,4.5024,135.6234,Elysium Southwest,Preliminary,Manual,2019-12-22 15:20:03.056761 UTC,,Magnitude not reported
T0380b,T0380b,InSight-site catalog event,4.5024,135.6234,Unspecified,Preliminary,Automatic,2019-12-22 10:47:23.028 UTC,,Magnitude not reported
T0380a,T0380a,InSight-site catalog event,4.5024,135.6234,Unspecified,Preliminary,Automatic,2019-12-21 18:24:00.678 UTC,,Magnitude not reported
S0379b,S0379b,InSight-site catalog event,4.5024,135.6234,Elysium Southwest,Preliminary,Manual,2019-12-21 13:43:49.183584 UTC,,Magnitude not reported
S0379a,S0379a,InSight-site catalog event,4.5024,135.6234,Elysium Southwest,Preliminary,Manual,2019-12-21 12:23:25.472635 UTC,,Magnitude not reported
T0379b,T0379b,InSight-site catalog event,4.5024,135.6234,Unspecified,Preliminary,Automatic,2019-12-21 11:12:14.317 UTC,,Magnitude not reported
T0379a,T0379a,InSight-site catalog event,4.5024,135.6234,Unspecified,Preliminary,Automatic,2019-12-21 10:29:25.0000 UTC,,Magnitude not reported
S0378b,S0378b,InSight-site catalog event,4.5024,135.6234,Elysium Southwest,Preliminary,Manual,2019-12-20 13:08:30.0000 UTC,1.9,MW 1.9
T0378b,T0378b,InSight-site catalog event,4.5024,135.6234,Unspecified,Preliminary,Automatic,2019-12-20 10:36:19.0000 UTC,,Magnitude not reported
T0378a,T0378a,InSight-site catalog event,4.5024,135.6234,Unspecified,Preliminary,Automatic,2019-12-20 09:30:16.259 UTC,,Magnitude not reported
S0378a,S0378a,InSight-site catalog event,4.5024,135.6234,Elysium Southwest,Preliminary,Manual,2019-12-20 07:53:37.0000 UTC,1.9,MW 1.9
S0377c,S0377c,InSight-site catalog event,4.5024,135.6234,Elysium Southwest,Reviewed,Manual,2019-12-19 11:56:19.719488 UTC,,Magnitude not reported
S0377b,S0377b,InSight-site catalog event,4.5024,135.6234,Elysium Southwest,Preliminary,Manual,2019-12-19 10:49:52.539381 UTC,,Magnitude not reported
S0377a,S0377a,InSight-site catalog event,4.5024,135.6234,Elysium Southwest,Preliminary,Manual,2019-12-19 10:00:20.136845 UTC,,Magnitude not reported
T0377a,T0377a,InSight-site catalog event,4.5024,135.6234,Unspecified,Preliminary,Automatic,2019-12-19 07:08:51.0000 UTC,,Magnitude not reported
S0376b,S0376b,InSight-site catalog event,4.5024,135.6234,Elysium Southwest,Preliminary,Manual,2019-12-18 11:48:47.578556 UTC,,Magnitude not reported
T0376b,T0376b,InSight-site catalog event,4.5024,135.6234,Unspecified,Preliminary,Automatic,2019-12-18 09:25:13.0000 UTC,,Magnitude not reported
T0376a,T0376a,InSight-site catalog event,4.5024,135.6234,Unspecified,Preliminary,Automatic,2019-12-18 08:08:09.258 UTC,,Magnitude not reported
S0376a,S0376a,InSight-site catalog event,4.5024,135.6234,Elysium Southwest,Preliminary,Manual,2019-12-17 16:32:22.0000 UTC,1.4,MW 1.4
S0375a,S0375a,InSight-site catalog event,4.5024,135.6234,Elysium Southwest,Preliminary,Manual,2019-12-17 10:13:55.0000 UTC,2.2,MW 2.2
T0375b,T0375b,InSight-site catalog event,4.5024,135.6234,Unspecified,Preliminary,Automatic,2019-12-17 08:53:58.441 UTC,,Magnitude not reported
T0375a,T0375a,InSight-site catalog event,4.5024,135.6234,Unspecified,Preliminary,Automatic,2019-12-17 08:47:02.0000 UTC,,Magnitude not reported
S0374a,S0374a,InSight-site catalog event,4.5024,135.6234,Elysium Southwest,Reviewed,Manual,2019-12-16 11:40:12.759366 UTC,,Magnitude not reported
S0374b,S0374b,InSight-site catalog event,4.5024,135.6234,Elysium Southwest,Preliminary,Manual,2019-12-16 09:57:44.824224 UTC,,Magnitude not reported
T0374d,T0374d,InSight-site catalog event,4.5024,135.6234,Unspecified,Preliminary,Automatic,2019-12-16 08:41:37.0000 UTC,,Magnitude not reported
T0374c,T0374c,InSight-site catalog event,4.5024,135.6234,Unspecified,Preliminary,Automatic,2019-12-16 08:02:07.0000 UTC,,Magnitude not reported
T0374b,T0374b,InSight-site catalog event,4.5024,135.6234,Unspecified,Preliminary,Automatic,2019-12-16 08:01:13.749 UTC,,Magnitude not reported
T0374a,T0374a,InSight-site catalog event,4.5024,135.6234,Unspecified,Preliminary,Automatic,2019-12-16 06:45:24.849 UTC,,Magnitude not reported
S0373b,S0373b,InSight-site catalog event,4.5024,135.6234,Elysium Southwest,Preliminary,Manual,2019-12-15 10:18:13.0000 UTC,1.7,MW 1.7
T0373b,T0373b,InSight-site catalog event,4.5024,135.6234,Unspecified,Preliminary,Automatic,2019-12-15 07:24:33.0000 UTC,,Magnitude not reported
S0373a,S0373a,InSight-site catalog event,4.5024,135.6234,Elysium Southwest,Preliminary,Manual,2019-12-15 07:04:45.642566 UTC,,Magnitude not reported
T0373a,T0373a,InSight-site catalog event,4.5024,135.6234,Unspecified,Preliminary,Automatic,2019-12-15 05:55:20.253 UTC,,Magnitude not reported
S0372a,S0372a,InSight-site catalog event,4.5024,135.6234,Elysium Southwest,Preliminary,Manual,2019-12-14 07:31:54.0000 UTC,1.9,MW 1.9
T0372d,T0372d,InSight-site catalog event,4.5024,135.6234,Unspecified,Preliminary,Automatic,2019-12-14 06:52:29.0000 UTC,,Magnitude not reported
T0372c,T0372c,InSight-site catalog event,4.5024,135.6234,Unspecified,Preliminary,Automatic,2019-12-14 06:16:39.292 UTC,,Magnitude not reported
T0372b,T0372b,InSight-site catalog event,4.5024,135.6234,Unspecified,Preliminary,Automatic,2019-12-14 05:41:39.0000 UTC,,Magnitude not reported
T0372a,T0372a,InSight-site catalog event,4.5024,135.6234,Unspecified,Preliminary,Automatic,2019-12-14 02:40:07.092 UTC,,Magnitude not reported
S0371b,S0371b,InSight-site catalog event,4.5024,135.6234,Elysium Southwest,Preliminary,Manual,2019-12-13 08:23:51.0000 UTC,2.0,MW 2.0
S0371a,S0371a,InSight-site catalog event,4.5024,135.6234,Elysium Southwest,Preliminary,Manual,2019-12-13 06:38:34.662662 UTC,,Magnitude not reported
T0371c,T0371c,InSight-site catalog event,4.5024,135.6234,Unspecified,Preliminary,Automatic,2019-12-13 06:10:01.0000 UTC,,Magnitude not reported
T0371b,T0371b,InSight-site catalog event,4.5024,135.6234,Unspecified,Preliminary,Automatic,2019-12-13 05:19:46.777 UTC,,Magnitude not reported
T0371a,T0371a,InSight-site catalog event,4.5024,135.6234,Unspecified,Preliminary,Automatic,2019-12-13 04:10:34.0000 UTC,,Magnitude not reported
T0370b,T0370b,InSight-site catalog event,4.5024,135.6234,Unspecified,Preliminary,Automatic,2019-12-12 04:24:51.49 UTC,,Magnitude not reported
S0370a,S0370a,InSight-site catalog event,4.5024,135.6234,Elysium Southwest,Preliminary,Manual,2019-12-12 03:17:29.0000 UTC,1.8,MW 1.8
T0370a,T0370a,InSight-site catalog event,4.5024,135.6234,Unspecified,Preliminary,Automatic,2019-12-12 02:03:55.94 UTC,,Magnitude not reported
S0369c,S0369c,InSight-site catalog event,4.5024,135.6234,Elysium Southwest,Preliminary,Manual,2019-12-11 07:59:29.652205 UTC,,Magnitude not reported
T0369e,T0369e,InSight-site catalog event,4.5024,135.6234,Unspecified,Preliminary,Automatic,2019-12-11 04:15:00.675 UTC,,Magnitude not reported
S0369b,S0369b,InSight-site catalog event,4.5024,135.6234,Elysium Southwest,Preliminary,Manual,2019-12-11 03:53:02.0000 UTC,1.7,MW 1.7
T0369d,T0369d,InSight-site catalog event,4.5024,135.6234,Unspecified,Preliminary,Automatic,2019-12-11 03:15:31.725 UTC,,Magnitude not reported
T0369c,T0369c,InSight-site catalog event,4.5024,135.6234,Unspecified,Preliminary,Automatic,2019-12-11 02:33:45.0000 UTC,,Magnitude not reported
T0369b,T0369b,InSight-site catalog event,4.5024,135.6234,Unspecified,Preliminary,Automatic,2019-12-11 02:01:07.0000 UTC,,Magnitude not reported
S0369a,S0369a,InSight-site catalog event,4.5024,135.6234,Elysium Southwest,Preliminary,Manual,2019-12-11 01:49:22.217347 UTC,,Magnitude not reported
T0369a,T0369a,InSight-site catalog event,4.5024,135.6234,Unspecified,Preliminary,Automatic,2019-12-11 01:35:08.025 UTC,,Magnitude not reported
S0368a,S0368a,InSight-site catalog event,4.5024,135.6234,Elysium Southwest,Preliminary,Manual,2019-12-10 07:09:03.0000 UTC,1.7,MW 1.7
T0368d,T0368d,InSight-site catalog event,4.5024,135.6234,Unspecified,Preliminary,Automatic,2019-12-10 03:30:24.0000 UTC,,Magnitude not reported
T0368c,T0368c,InSight-site catalog event,4.5024,135.6234,Unspecified,Preliminary,Automatic,2019-12-10 02:32:52.261 UTC,,Magnitude not reported
T0368b,T0368b,InSight-site catalog event,4.5024,135.6234,Unspecified,Preliminary,Automatic,2019-12-10 01:24:46.0000 UTC,,Magnitude not reported
T0368a,T0368a,InSight-site catalog event,4.5024,135.6234,Unspecified,Preliminary,Automatic,2019-12-10 00:12:33.411 UTC,,Magnitude not reported
S0367d,S0367d,InSight-site catalog event,4.5024,135.6234,Elysium Southwest,Preliminary,Manual,2019-12-09 04:42:09.0000 UTC,1.6,MW 1.6
S0367c,S0367c,InSight-site catalog event,4.5024,135.6234,Elysium Southwest,Preliminary,Manual,2019-12-09 03:43:00.0000 UTC,1.7,MW 1.7
T0367b,T0367b,InSight-site catalog event,4.5024,135.6234,Unspecified,Preliminary,Automatic,2019-12-09 02:35:38.947 UTC,,Magnitude not reported
S0367b,S0367b,InSight-site catalog event,4.5024,135.6234,Elysium Southwest,Preliminary,Manual,2019-12-09 01:40:30.082721 UTC,,Magnitude not reported
S0367a,S0367a,InSight-site catalog event,4.5024,135.6234,Elysium Southwest,Preliminary,Manual,2019-12-09 00:28:28.505097 UTC,,Magnitude not reported
T0367a,T0367a,InSight-site catalog event,4.5024,135.6234,Unspecified,Preliminary,Automatic,2019-12-08 22:26:28.597 UTC,,Magnitude not reported
S0366e,S0366e,InSight-site catalog event,4.5024,135.6234,Elysium Southwest,Preliminary,Manual,2019-12-08 05:36:24.0000 UTC,1.8,MW 1.8
S0366d,S0366d,InSight-site catalog event,4.5024,135.6234,Elysium Southwest,Preliminary,Manual,2019-12-08 03:32:43.0000 UTC,1.6,MW 1.6
S0366c,S0366c,InSight-site catalog event,4.5024,135.6234,Elysium Southwest,Preliminary,Manual,2019-12-08 02:33:48.0000 UTC,1.7,MW 1.7
T0366a,T0366a,InSight-site catalog event,4.5024,135.6234,Unspecified,Preliminary,Automatic,2019-12-08 02:13:50.279 UTC,,Magnitude not reported
S0366b,S0366b,InSight-site catalog event,4.5024,135.6234,Elysium Southwest,Preliminary,Manual,2019-12-08 01:42:27.063478 UTC,,Magnitude not reported
S0366a,S0366a,InSight-site catalog event,4.5024,135.6234,Elysium Southwest,Preliminary,Manual,2019-12-08 00:21:58.829618 UTC,,Magnitude not reported
S0365b,S0365b,InSight-site catalog event,4.5024,135.6234,Elysium Southwest,Preliminary,Manual,2019-12-07 05:55:41.926997 UTC,,Magnitude not reported
S0365a,S0365a,InSight-site catalog event,4.5024,135.6234,Elysium Southwest,Preliminary,Manual,2019-12-07 05:28:08.0000 UTC,1.7,MW 1.7
T0365c,T0365c,InSight-site catalog event,4.5024,135.6234,Unspecified,Preliminary,Automatic,2019-12-07 01:38:37.719 UTC,,Magnitude not reported
S0365c,S0365c,InSight-site catalog event,4.5024,135.6234,Elysium Southwest,Preliminary,Manual,2019-12-07 00:45:06.220404 UTC,,Magnitude not reported
T0365b,T0365b,InSight-site catalog event,4.5024,135.6234,Unspecified,Preliminary,Automatic,2019-12-06 23:41:52.0000 UTC,,Magnitude not reported
T0365a,T0365a,InSight-site catalog event,4.5024,135.6234,Unspecified,Preliminary,Automatic,2019-12-06 22:44:22.019 UTC,,Magnitude not reported
T0364b,T0364b,InSight-site catalog event,4.5024,135.6234,Unspecified,Preliminary,Automatic,2019-12-06 04:53:33.0000 UTC,,Magnitude not reported
S0364a,S0364a,InSight-site catalog event,4.5024,135.6234,Elysium Southwest,Preliminary,Manual,2019-12-06 02:45:38.606351 UTC,,Magnitude not reported
T0364a,T0364a,InSight-site catalog event,4.5024,135.6234,Unspecified,Preliminary,Automatic,2019-12-05 23:00:25.0000 UTC,,Magnitude not reported
S0363d,S0363d,InSight-site catalog event,4.5024,135.6234,Elysium Southwest,Preliminary,Manual,2019-12-05 01:33:11.0000 UTC,1.9,MW 1.9
S0363c,S0363c,InSight-site catalog event,4.5024,135.6234,Elysium Southwest,Preliminary,Manual,2019-12-05 00:48:20.0000 UTC,1.7,MW 1.7
S0363b,S0363b,InSight-site catalog event,4.5024,135.6234,Elysium Southwest,Preliminary,Manual,2019-12-05 00:08:18.0000 UTC,1.6,MW 1.6
T0363b,T0363b,InSight-site catalog event,4.5024,135.6234,Unspecified,Preliminary,Automatic,2019-12-05 00:05:26.2 UTC,,Magnitude not reported
S0363a,S0363a,InSight-site catalog event,4.5024,135.6234,Elysium Southwest,Preliminary,Manual,2019-12-04 22:53:48.0000 UTC,1.8,MW 1.8
T0363a,T0363a,InSight-site catalog event,4.5024,135.6234,Unspecified,Preliminary,Automatic,2019-12-04 22:31:45.0000 UTC,,Magnitude not reported
S0362c,S0362c,InSight-site catalog event,4.5024,135.6234,Elysium Southwest,Preliminary,Manual,2019-12-04 01:13:04.105054 UTC,,Magnitude not reported
S0362b,S0362b,InSight-site catalog event,4.5024,135.6234,Elysium Southwest,Reviewed,Manual,2019-12-03 23:30:38.38021 UTC,,Magnitude not reported
T0362c,T0362c,InSight-site catalog event,4.5024,135.6234,Unspecified,Preliminary,Automatic,2019-12-03 23:18:51.942 UTC,,Magnitude not reported
S0362a,S0362a,InSight-site catalog event,4.5024,135.6234,Elysium Southwest,Preliminary,Manual,2019-12-03 22:01:28.844998 UTC,,Magnitude not reported
T0362b,T0362b,InSight-site catalog event,4.5024,135.6234,Unspecified,Preliminary,Automatic,2019-12-03 21:17:18.0000 UTC,,Magnitude not reported
T0362a,T0362a,InSight-site catalog event,4.5024,135.6234,Unspecified,Preliminary,Automatic,2019-12-03 19:47:59.042 UTC,,Magnitude not reported
S0361c,S0361c,InSight-site catalog event,4.5024,135.6234,Elysium Southwest,Preliminary,Manual,2019-12-03 00:40:48.0000 UTC,2.0,MW 2.0
S0361b,S0361b,InSight-site catalog event,4.5024,135.6234,Elysium Southwest,Preliminary,Manual,2019-12-02 23:08:33.0000 UTC,1.7,MW 1.7
T0361d,T0361d,InSight-site catalog event,4.5024,135.6234,Unspecified,Preliminary,Automatic,2019-12-02 22:40:23.182 UTC,,Magnitude not reported
T0361c,T0361c,InSight-site catalog event,4.5024,135.6234,Unspecified,Preliminary,Automatic,2019-12-02 21:11:42.0000 UTC,,Magnitude not reported
T0361b,T0361b,InSight-site catalog event,4.5024,135.6234,Unspecified,Preliminary,Automatic,2019-12-02 20:52:56.0000 UTC,,Magnitude not reported
T0361a,T0361a,InSight-site catalog event,4.5024,135.6234,Unspecified,Preliminary,Automatic,2019-12-02 19:53:05.732 UTC,,Magnitude not reported
S0361a,S0361a,InSight-site catalog event,4.5024,135.6234,Elysium Southwest,Preliminary,Manual,2019-12-02 03:18:19.116473 UTC,,Magnitude not reported
S0360b,S0360b,InSight-site catalog event,4.5024,135.6234,Elysium Southwest,Preliminary,Manual,2019-12-01 23:49:53.103181 UTC,,Magnitude not reported
T0360b,T0360b,InSight-site catalog event,4.5024,135.6234,Unspecified,Preliminary,Automatic,2019-12-01 22:01:10.0000 UTC,,Magnitude not reported
T0360a,T0360a,InSight-site catalog event,4.5024,135.6234,Unspecified,Preliminary,Automatic,2019-12-01 20:48:50.0000 UTC,,Magnitude not reported
S0360a,S0360a,InSight-site catalog event,4.5024,135.6234,Elysium Southwest,Preliminary,Manual,2019-12-01 20:02:45.897198 UTC,,Magnitude not reported
S0359a,S0359a,InSight-site catalog event,4.5024,135.6234,Elysium Southwest,Preliminary,Manual,2019-11-30 21:07:10.0000 UTC,1.8,MW 1.8
T0359b,T0359b,InSight-site catalog event,4.5024,135.6234,Unspecified,Preliminary,Automatic,2019-11-30 19:40:27.0000 UTC,,Magnitude not reported
T0359a,T0359a,InSight-site catalog event,4.5024,135.6234,Unspecified,Preliminary,Automatic,2019-11-30 19:38:47.0000 UTC,,Magnitude not reported
S0358c,S0358c,InSight-site catalog event,4.5024,135.6234,Elysium Southwest,Preliminary,Manual,2019-11-30 00:45:44.0000 UTC,1.7,MW 1.7
S0358b,S0358b,InSight-site catalog event,4.5024,135.6234,Elysium Southwest,Preliminary,Manual,2019-11-29 22:54:01.0000 UTC,1.6,MW 1.6
S0358a,S0358a,InSight-site catalog event,4.5024,135.6234,Elysium Southwest,Preliminary,Manual,2019-11-29 21:44:10.399855 UTC,,Magnitude not reported
T0358b,T0358b,InSight-site catalog event,4.5024,135.6234,Unspecified,Preliminary,Automatic,2019-11-29 20:27:21.999 UTC,,Magnitude not reported
T0358a,T0358a,InSight-site catalog event,4.5024,135.6234,Unspecified,Preliminary,Automatic,2019-11-29 18:51:52.0000 UTC,,Magnitude not reported
S0357b,S0357b,InSight-site catalog event,4.5024,135.6234,Elysium Southwest,Preliminary,Manual,2019-11-29 00:15:39.184954 UTC,,Magnitude not reported
T0357b,T0357b,InSight-site catalog event,4.5024,135.6234,Unspecified,Preliminary,Automatic,2019-11-28 20:04:19.0000 UTC,,Magnitude not reported
S0357a,S0357a,InSight-site catalog event,4.5024,135.6234,Elysium Southwest,Reviewed,Manual,2019-11-28 19:22:03.385765 UTC,,Magnitude not reported
T0357a,T0357a,InSight-site catalog event,4.5024,135.6234,Unspecified,Preliminary,Automatic,2019-11-28 17:46:07.435 UTC,,Magnitude not reported
T0356b,T0356b,InSight-site catalog event,4.5024,135.6234,Unspecified,Preliminary,Automatic,2019-11-27 18:59:36.07 UTC,,Magnitude not reported
T0356a,T0356a,InSight-site catalog event,4.5024,135.6234,Unspecified,Preliminary,Automatic,2019-11-27 17:27:23.0000 UTC,,Magnitude not reported
T0355b,T0355b,InSight-site catalog event,4.5024,135.6234,Unspecified,Preliminary,Automatic,2019-11-26 18:30:26.448 UTC,,Magnitude not reported
T0355a,T0355a,InSight-site catalog event,4.5024,135.6234,Unspecified,Preliminary,Automatic,2019-11-26 17:33:55.0000 UTC,,Magnitude not reported
S0355a,S0355a,InSight-site catalog event,4.5024,135.6234,Elysium Southwest,Preliminary,Manual,2019-11-26 16:42:50.0000 UTC,1.8,MW 1.8
T0354a,T0354a,InSight-site catalog event,4.5024,135.6234,Unspecified,Preliminary,Automatic,2019-11-25 15:50:03.528 UTC,,Magnitude not reported
S0354a,S0354a,InSight-site catalog event,4.5024,135.6234,Elysium Southwest,Preliminary,Manual,2019-11-25 01:18:33.242177 UTC,,Magnitude not reported
S0353d,S0353d,InSight-site catalog event,4.5024,135.6234,Elysium Southwest,Preliminary,Manual,2019-11-24 21:57:15.0000 UTC,1.9,MW 1.9
S0353c,S0353c,InSight-site catalog event,4.5024,135.6234,Elysium Southwest,Preliminary,Manual,2019-11-24 19:58:54.0000 UTC,1.6,MW 1.6
S0353b,S0353b,InSight-site catalog event,4.5024,135.6234,Elysium Southwest,Preliminary,Manual,2019-11-24 18:49:01.0000 UTC,1.8,MW 1.8
T0353c,T0353c,InSight-site catalog event,4.5024,135.6234,Unspecified,Preliminary,Automatic,2019-11-24 17:40:28.0000 UTC,,Magnitude not reported
T0353b,T0353b,InSight-site catalog event,4.5024,135.6234,Unspecified,Preliminary,Automatic,2019-11-24 17:01:20.617 UTC,,Magnitude not reported
S0353a,S0353a,InSight-site catalog event,4.5024,135.6234,Elysium Southwest,Preliminary,Manual,2019-11-24 16:33:03.291693 UTC,,Magnitude not reported
T0353a,T0353a,InSight-site catalog event,4.5024,135.6234,Unspecified,Preliminary,Automatic,2019-11-24 16:01:13.0000 UTC,,Magnitude not reported
S0353f,S0353f,InSight-site catalog event,4.5024,135.6234,Elysium Southwest,Preliminary,Manual,2019-11-24 14:59:39.673347 UTC,,Magnitude not reported
S0353e,S0353e,InSight-site catalog event,4.5024,135.6234,Elysium Southwest,Preliminary,Manual,2019-11-24 02:18:30.770008 UTC,,Magnitude not reported
S0352b,S0352b,InSight-site catalog event,4.5024,135.6234,Elysium Southwest,Preliminary,Manual,2019-11-23 19:23:20.463126 UTC,,Magnitude not reported
S0352a,S0352a,InSight-site catalog event,4.5024,135.6234,Elysium Southwest,Preliminary,Manual,2019-11-23 18:14:20.0000 UTC,2.1,MW 2.1
T0352b,T0352b,InSight-site catalog event,4.5024,135.6234,Unspecified,Preliminary,Automatic,2019-11-23 17:37:54.635 UTC,,Magnitude not reported
T0352a,T0352a,InSight-site catalog event,4.5024,135.6234,Unspecified,Preliminary,Automatic,2019-11-23 14:46:47.0000 UTC,,Magnitude not reported
S0351b,S0351b,InSight-site catalog event,4.5024,135.6234,Elysium Southwest,Preliminary,Manual,2019-11-22 17:40:33.0000 UTC,1.9,MW 1.9
T0351b,T0351b,InSight-site catalog event,4.5024,135.6234,Unspecified,Preliminary,Automatic,2019-11-22 14:55:49.0000 UTC,,Magnitude not reported
T0351a,T0351a,InSight-site catalog event,4.5024,135.6234,Unspecified,Preliminary,Automatic,2019-11-22 13:20:01.0000 UTC,,Magnitude not reported
S0350a,S0350a,InSight-site catalog event,4.5024,135.6234,Elysium Southwest,Preliminary,Manual,2019-11-21 15:53:30.781641 UTC,,Magnitude not reported
T0350b,T0350b,InSight-site catalog event,4.5024,135.6234,Unspecified,Preliminary,Automatic,2019-11-21 15:18:14.262 UTC,,Magnitude not reported
T0350a,T0350a,InSight-site catalog event,4.5024,135.6234,Unspecified,Preliminary,Automatic,2019-11-21 13:43:19.0000 UTC,,Magnitude not reported
S0349a,S0349a,InSight-site catalog event,4.5024,135.6234,Elysium Southwest,Preliminary,Manual,2019-11-20 17:09:14.0000 UTC,2.0,MW 2.0
T0349a,T0349a,InSight-site catalog event,4.5024,135.6234,Unspecified,Preliminary,Automatic,2019-11-20 13:30:31.0000 UTC,,Magnitude not reported
S0349b,S0349b,InSight-site catalog event,4.5024,135.6234,Elysium Southwest,Preliminary,Manual,2019-11-19 22:51:20.0000 UTC,2.3,MW 2.3
S0348d,S0348d,InSight-site catalog event,4.5024,135.6234,Elysium Southwest,Preliminary,Manual,2019-11-19 17:44:21.0000 UTC,1.6,MW 1.6
S0348c,S0348c,InSight-site catalog event,4.5024,135.6234,Elysium Southwest,Preliminary,Manual,2019-11-19 15:45:40.0000 UTC,1.7,MW 1.7
S0348b,S0348b,InSight-site catalog event,4.5024,135.6234,Elysium Southwest,Preliminary,Manual,2019-11-19 14:48:09.0000 UTC,1.8,MW 1.8
S0348a,S0348a,InSight-site catalog event,4.5024,135.6234,Elysium Southwest,Preliminary,Manual,2019-11-19 14:00:50.0000 UTC,1.7,MW 1.7
T0348a,T0348a,InSight-site catalog event,4.5024,135.6234,Unspecified,Preliminary,Automatic,2019-11-19 12:23:58.0000 UTC,,Magnitude not reported
S0347a,S0347a,InSight-site catalog event,4.5024,135.6234,Elysium Southwest,Preliminary,Manual,2019-11-18 14:47:32.0000 UTC,1.9,MW 1.9
T0347a,T0347a,InSight-site catalog event,4.5024,135.6234,Unspecified,Preliminary,Automatic,2019-11-18 12:28:50.0000 UTC,,Magnitude not reported
S0346d,S0346d,InSight-site catalog event,4.5024,135.6234,Elysium Southwest,Preliminary,Manual,2019-11-17 15:25:02.0000 UTC,1.7,MW 1.7
S0346c,S0346c,InSight-site catalog event,4.5024,135.6234,Elysium Southwest,Preliminary,Manual,2019-11-17 15:08:58.945582 UTC,,Magnitude not reported
S0346b,S0346b,InSight-site catalog event,4.5024,135.6234,Elysium Southwest,Preliminary,Manual,2019-11-17 14:25:20.902294 UTC,,Magnitude not reported
S0346a,S0346a,InSight-site catalog event,4.5024,135.6234,Elysium Southwest,Preliminary,Manual,2019-11-17 12:28:12.261358 UTC,,Magnitude not reported
T0346b,T0346b,InSight-site catalog event,4.5024,135.6234,Unspecified,Preliminary,Automatic,2019-11-17 11:31:25.326 UTC,,Magnitude not reported
T0346a,T0346a,InSight-site catalog event,4.5024,135.6234,Unspecified,Preliminary,Automatic,2019-11-17 11:27:56.0000 UTC,,Magnitude not reported
S0345b,S0345b,InSight-site catalog event,4.5024,135.6234,Elysium Southwest,Preliminary,Manual,2019-11-16 15:36:53.449631 UTC,,Magnitude not reported
S0345d,S0345d,InSight-site catalog event,4.5024,135.6234,Elysium Southwest,Preliminary,Manual,2019-11-16 14:40:40.40377 UTC,,Magnitude not reported
S0345c,S0345c,InSight-site catalog event,4.5024,135.6234,Elysium Southwest,Preliminary,Manual,2019-11-16 13:57:47.490442 UTC,,Magnitude not reported
T0345b,T0345b,InSight-site catalog event,4.5024,135.6234,Unspecified,Preliminary,Automatic,2019-11-16 12:23:33.907 UTC,,Magnitude not reported
S0345a,S0345a,InSight-site catalog event,4.5024,135.6234,Elysium Southwest,Reviewed,Manual,2019-11-16 12:03:41.0000 UTC,3.2,MW 3.2
T0345a,T0345a,InSight-site catalog event,4.5024,135.6234,Unspecified,Preliminary,Automatic,2019-11-16 11:08:17.0000 UTC,,Magnitude not reported
S0344b,S0344b,InSight-site catalog event,4.5024,135.6234,Elysium Southwest,Preliminary,Manual,2019-11-15 09:57:02.658912 UTC,,Magnitude not reported
S0344a,S0344a,InSight-site catalog event,4.5024,135.6234,Elysium Southwest,Preliminary,Manual,2019-11-15 09:46:28.0000 UTC,1.7,MW 1.7
T0344a,T0344a,InSight-site catalog event,4.5024,135.6234,Unspecified,Preliminary,Automatic,2019-11-15 09:29:19.0000 UTC,,Magnitude not reported
S0343b,S0343b,InSight-site catalog event,4.5024,135.6234,Elysium Southwest,Preliminary,Manual,2019-11-14 11:57:48.0000 UTC,2.1,MW 2.1
S0343a,S0343a,InSight-site catalog event,4.5024,135.6234,Elysium Southwest,Preliminary,Manual,2019-11-14 11:35:08.0000 UTC,1.7,MW 1.7
T0343c,T0343c,InSight-site catalog event,4.5024,135.6234,Unspecified,Preliminary,Automatic,2019-11-14 10:50:43.547 UTC,,Magnitude not reported
T0343b,T0343b,InSight-site catalog event,4.5024,135.6234,Unspecified,Preliminary,Automatic,2019-11-14 09:07:35.0000 UTC,,Magnitude not reported
T0343a,T0343a,InSight-site catalog event,4.5024,135.6234,Unspecified,Preliminary,Automatic,2019-11-14 08:52:06.597 UTC,,Magnitude not reported
S0342a,S0342a,InSight-site catalog event,4.5024,135.6234,Elysium Southwest,Preliminary,Manual,2019-11-13 12:56:18.0000 UTC,1.8,MW 1.8
T0342c,T0342c,InSight-site catalog event,4.5024,135.6234,Unspecified,Preliminary,Automatic,2019-11-13 10:02:26.637 UTC,,Magnitude not reported
T0342b,T0342b,InSight-site catalog event,4.5024,135.6234,Unspecified,Preliminary,Automatic,2019-11-13 09:01:32.0000 UTC,,Magnitude not reported
T0342a,T0342a,InSight-site catalog event,4.5024,135.6234,Unspecified,Preliminary,Automatic,2019-11-13 08:48:26.0000 UTC,,Magnitude not reported
S0341a,S0341a,InSight-site catalog event,4.5024,135.6234,Elysium Southwest,Preliminary,Manual,2019-11-12 12:20:24.711146 UTC,,Magnitude not reported
T0341b,T0341b,InSight-site catalog event,4.5024,135.6234,Unspecified,Preliminary,Automatic,2019-11-12 08:31:36.0000 UTC,,Magnitude not reported
T0341a,T0341a,InSight-site catalog event,4.5024,135.6234,Unspecified,Preliminary,Automatic,2019-11-12 07:36:08.0000 UTC,,Magnitude not reported
S0340b,S0340b,InSight-site catalog event,4.5024,135.6234,Elysium Southwest,Preliminary,Manual,2019-11-11 11:06:07.0000 UTC,1.5,MW 1.5
S0340a,S0340a,InSight-site catalog event,4.5024,135.6234,Elysium Southwest,Preliminary,Manual,2019-11-11 09:49:03.0000 UTC,2.1,MW 2.1
T0340b,T0340b,InSight-site catalog event,4.5024,135.6234,Unspecified,Preliminary,Automatic,2019-11-11 07:56:43.231 UTC,,Magnitude not reported
T0340a,T0340a,InSight-site catalog event,4.5024,135.6234,Unspecified,Preliminary,Automatic,2019-11-11 07:49:01.0000 UTC,,Magnitude not reported
S0339f,S0339f,InSight-site catalog event,4.5024,135.6234,Elysium Southwest,Preliminary,Manual,2019-11-10 11:06:16.898322 UTC,,Magnitude not reported
S0339b,S0339b,InSight-site catalog event,4.5024,135.6234,Elysium Southwest,Preliminary,Manual,2019-11-10 10:01:30.180634 UTC,,Magnitude not reported
S0339a,S0339a,InSight-site catalog event,4.5024,135.6234,Elysium Southwest,Preliminary,Manual,2019-11-10 09:15:58.337935 UTC,,Magnitude not reported
S0339e,S0339e,InSight-site catalog event,4.5024,135.6234,Elysium Southwest,Preliminary,Manual,2019-11-10 08:10:02.069026 UTC,,Magnitude not reported
S0339d,S0339d,InSight-site catalog event,4.5024,135.6234,Elysium Southwest,Preliminary,Manual,2019-11-10 07:19:23.184572 UTC,,Magnitude not reported
T0339b,T0339b,InSight-site catalog event,4.5024,135.6234,Unspecified,Preliminary,Automatic,2019-11-10 07:07:19.0000 UTC,,Magnitude not reported
T0339a,T0339a,InSight-site catalog event,4.5024,135.6234,Unspecified,Preliminary,Automatic,2019-11-10 06:43:55.0000 UTC,,Magnitude not reported
S0339c,S0339c,InSight-site catalog event,4.5024,135.6234,Elysium Southwest,Preliminary,Manual,2019-11-10 06:24:57.0000 UTC,1.5,MW 1.5
S0338b,S0338b,InSight-site catalog event,4.5024,135.6234,Elysium Southwest,Preliminary,Manual,2019-11-09 07:19:44.0000 UTC,2.0,MW 2.0
T0338b,T0338b,InSight-site catalog event,4.5024,135.6234,Unspecified,Preliminary,Automatic,2019-11-09 06:31:33.0000 UTC,,Magnitude not reported
T0338a,T0338a,InSight-site catalog event,4.5024,135.6234,Unspecified,Preliminary,Automatic,2019-11-09 06:04:40.0000 UTC,,Magnitude not reported
S0338a,S0338a,InSight-site catalog event,4.5024,135.6234,Elysium Southwest,Preliminary,Manual,2019-11-08 12:07:32.0000 UTC,2.0,MW 2.0
S0337a,S0337a,InSight-site catalog event,4.5024,135.6234,Elysium Southwest,Preliminary,Manual,2019-11-08 11:22:06.0000 UTC,1.8,MW 1.8
T0337b,T0337b,InSight-site catalog event,4.5024,135.6234,Unspecified,Preliminary,Automatic,2019-11-08 07:30:02.56 UTC,,Magnitude not reported
T0337a,T0337a,InSight-site catalog event,4.5024,135.6234,Unspecified,Preliminary,Automatic,2019-11-08 05:51:47.0000 UTC,,Magnitude not reported
T0336a,T0336a,InSight-site catalog event,4.5024,135.6234,Unspecified,Preliminary,Automatic,2019-11-07 05:09:45.956 UTC,,Magnitude not reported
S0335b,S0335b,InSight-site catalog event,4.5024,135.6234,Elysium Southwest,Preliminary,Manual,2019-11-06 09:00:10.0000 UTC,1.7,MW 1.7
S0335c,S0335c,InSight-site catalog event,4.5024,135.6234,Elysium Southwest,Preliminary,Manual,2019-11-06 07:22:10.931991 UTC,,Magnitude not reported
S0335a,S0335a,InSight-site catalog event,4.5024,135.6234,Elysium Southwest,Preliminary,Manual,2019-11-06 04:51:11.266185 UTC,,Magnitude not reported
T0335a,T0335a,InSight-site catalog event,4.5024,135.6234,Unspecified,Preliminary,Automatic,2019-11-06 04:34:54.0000 UTC,,Magnitude not reported
S0334c,S0334c,InSight-site catalog event,4.5024,135.6234,Elysium Southwest,Preliminary,Manual,2019-11-05 06:03:53.330166 UTC,,Magnitude not reported
S0334b,S0334b,InSight-site catalog event,4.5024,135.6234,Elysium Southwest,Preliminary,Manual,2019-11-05 05:21:36.0000 UTC,1.6,MW 1.6
S0334a,S0334a,InSight-site catalog event,4.5024,135.6234,Elysium Southwest,Preliminary,Manual,2019-11-05 04:00:35.0000 UTC,2.1,MW 2.1
T0334a,T0334a,InSight-site catalog event,4.5024,135.6234,Unspecified,Preliminary,Automatic,2019-11-05 03:51:18.0000 UTC,,Magnitude not reported
S0333a,S0333a,InSight-site catalog event,4.5024,135.6234,Elysium Southwest,Preliminary,Manual,2019-11-04 05:36:58.0000 UTC,1.8,MW 1.8
T0333a,T0333a,InSight-site catalog event,4.5024,135.6234,Unspecified,Preliminary,Automatic,2019-11-04 03:13:28.0000 UTC,,Magnitude not reported
T0332b,T0332b,InSight-site catalog event,4.5024,135.6234,Unspecified,Preliminary,Automatic,2019-11-03 02:40:52.08 UTC,,Magnitude not reported
S0332a,S0332a,InSight-site catalog event,4.5024,135.6234,Elysium Southwest,Preliminary,Manual,2019-11-03 02:02:27.638879 UTC,1.7,MW 1.7
T0332a,T0332a,InSight-site catalog event,4.5024,135.6234,Unspecified,Preliminary,Automatic,2019-11-03 01:48:53.0000 UTC,,Magnitude not reported
S0331b,S0331b,InSight-site catalog event,4.5024,135.6234,Elysium Southwest,Preliminary,Manual,2019-11-02 06:52:11.0000 UTC,1.9,MW 1.9
T0331b,T0331b,InSight-site catalog event,4.5024,135.6234,Unspecified,Preliminary,Automatic,2019-11-02 01:57:42.0000 UTC,,Magnitude not reported
T0331a,T0331a,InSight-site catalog event,4.5024,135.6234,Unspecified,Preliminary,Automatic,2019-11-02 01:42:51.0000 UTC,,Magnitude not reported
S0331a,S0331a,InSight-site catalog event,4.5024,135.6234,Elysium Southwest,Preliminary,Manual,2019-11-01 08:31:01.0000 UTC,2.3,MW 2.3
T0330a,T0330a,InSight-site catalog event,4.5024,135.6234,Unspecified,Preliminary,Automatic,2019-11-01 01:22:46.0000 UTC,,Magnitude not reported
S0330a,S0330a,InSight-site catalog event,4.5024,135.6234,Elysium Southwest,Reviewed,Manual,2019-10-31 10:19:13.1902 UTC,,Magnitude not reported
S0329a,S0329a,InSight-site catalog event,4.5024,135.6234,Elysium Southwest,Preliminary,Manual,2019-10-31 04:31:02.0000 UTC,1.8,MW 1.8
S0329b,S0329b,InSight-site catalog event,4.5024,135.6234,Elysium Southwest,Reviewed,Manual,2019-10-31 00:41:32.981834 UTC,,Magnitude not reported
T0328a,T0328a,InSight-site catalog event,4.5024,135.6234,Unspecified,Preliminary,Automatic,2019-10-30 00:00:04.0000 UTC,,Magnitude not reported
S0327d,S0327d,InSight-site catalog event,4.5024,135.6234,Elysium Southwest,Reviewed,Manual,2019-10-29 04:18:02.510515 UTC,,Magnitude not reported
S0327c,S0327c,InSight-site catalog event,4.5024,135.6234,Elysium Southwest,Reviewed,Manual,2019-10-29 03:55:01.0000 UTC,1.9,MW 1.9
S0327b,S0327b,InSight-site catalog event,4.5024,135.6234,Elysium Southwest,Preliminary,Manual,2019-10-29 01:28:20.0000 UTC,1.7,MW 1.7
S0327a,S0327a,InSight-site catalog event,4.5024,135.6234,Elysium Southwest,Preliminary,Manual,2019-10-28 23:22:24.0000 UTC,1.7,MW 1.7
T0327a,T0327a,InSight-site catalog event,4.5024,135.6234,Unspecified,Preliminary,Automatic,2019-10-28 23:21:11.0000 UTC,,Magnitude not reported
T0326a,T0326a,InSight-site catalog event,4.5024,135.6234,Unspecified,Preliminary,Automatic,2019-10-27 22:42:23.0000 UTC,,Magnitude not reported
S0325d,S0325d,InSight-site catalog event,4.5024,135.6234,Elysium Southwest,Preliminary,Manual,2019-10-27 03:52:00.0000 UTC,1.9,MW 1.9
S0325e,S0325e,InSight-site catalog event,4.5024,135.6234,Elysium Southwest,Preliminary,Manual,2019-10-27 01:58:28.0000 UTC,1.6,MW 1.6
S0325c,S0325c,InSight-site catalog event,4.5024,135.6234,Elysium Southwest,Preliminary,Manual,2019-10-27 01:16:25.0000 UTC,1.6,MW 1.6
T0325a,T0325a,InSight-site catalog event,4.5024,135.6234,Unspecified,Preliminary,Automatic,2019-10-26 22:09:15.0000 UTC,,Magnitude not reported
S0325b,S0325b,InSight-site catalog event,4.5024,135.6234,Elysium Southwest,Preliminary,Manual,2019-10-26 04:38:25.0000 UTC,2.2,MW 2.2
S0324e,S0324e,InSight-site catalog event,4.5024,135.6234,Elysium Southwest,Preliminary,Manual,2019-10-26 02:12:37.933238 UTC,,Magnitude not reported
T0324a,T0324a,InSight-site catalog event,4.5024,135.6234,Unspecified,Preliminary,Automatic,2019-10-25 21:32:32.0000 UTC,,Magnitude not reported
S0324d,S0324d,InSight-site catalog event,4.5024,135.6234,Elysium Southwest,Preliminary,Manual,2019-10-25 21:16:19.0000 UTC,1.5,MW 1.5
S0324c,S0324c,InSight-site catalog event,4.5024,135.6234,Elysium Southwest,Preliminary,Manual,2019-10-25 08:03:32.084255 UTC,,Magnitude not reported
S0324b,S0324b,InSight-site catalog event,4.5024,135.6234,Elysium Southwest,Preliminary,Manual,2019-10-25 06:18:08.75963 UTC,,Magnitude not reported
S0324a,S0324a,InSight-site catalog event,4.5024,135.6234,Elysium Southwest,Preliminary,Manual,2019-10-25 05:16:24.085548 UTC,,Magnitude not reported
S0323c,S0323c,InSight-site catalog event,4.5024,135.6234,Elysium Southwest,Preliminary,Manual,2019-10-25 00:53:41.0000 UTC,1.6,MW 1.6
S0323d,S0323d,InSight-site catalog event,4.5024,135.6234,Elysium Southwest,Reviewed,Manual,2019-10-25 00:20:29.0000 UTC,,Magnitude not reported
S0323b,S0323b,InSight-site catalog event,4.5024,135.6234,Elysium Southwest,Preliminary,Manual,2019-10-25 00:02:38.0000 UTC,1.7,MW 1.7
S0323a,S0323a,InSight-site catalog event,4.5024,135.6234,Elysium Southwest,Preliminary,Manual,2019-10-24 21:08:41.0000 UTC,1.7,MW 1.7
T0323a,T0323a,InSight-site catalog event,4.5024,135.6234,Unspecified,Preliminary,Automatic,2019-10-24 20:46:53.0000 UTC,,Magnitude not reported
T0322a,T0322a,InSight-site catalog event,4.5024,135.6234,Unspecified,Preliminary,Automatic,2019-10-23 20:07:08.0000 UTC,,Magnitude not reported
S0322a,S0322a,InSight-site catalog event,4.5024,135.6234,Elysium Southwest,Preliminary,Manual,2019-10-23 02:02:10.0000 UTC,2.0,MW 2.0
S0321a,S0321a,InSight-site catalog event,4.5024,135.6234,Elysium Southwest,Preliminary,Manual,2019-10-22 19:35:59.0000 UTC,1.6,MW 1.6
T0321a,T0321a,InSight-site catalog event,4.5024,135.6234,Unspecified,Preliminary,Automatic,2019-10-22 19:30:39.0000 UTC,,Magnitude not reported
S0320b,S0320b,InSight-site catalog event,4.5024,135.6234,Elysium Southwest,Reviewed,Manual,2019-10-21 20:10:54.380147 UTC,3.0,MW 3.0
T0320a,T0320a,InSight-site catalog event,4.5024,135.6234,Unspecified,Preliminary,Automatic,2019-10-21 18:50:22.0000 UTC,,Magnitude not reported
S0320a,S0320a,InSight-site catalog event,4.5024,135.6234,Elysium Southwest,Preliminary,Manual,2019-10-21 04:53:12.0000 UTC,2.2,MW 2.2
T0319a,T0319a,InSight-site catalog event,4.5024,135.6234,Unspecified,Preliminary,Automatic,2019-10-20 18:15:30.0000 UTC,,Magnitude not reported
S0319b,S0319b,InSight-site catalog event,4.5024,135.6234,Elysium Southwest,Preliminary,Manual,2019-10-20 17:40:35.0000 UTC,2.1,MW 2.1
S0319a,S0319a,InSight-site catalog event,4.5024,135.6234,Elysium Southwest,Preliminary,Manual,2019-10-20 03:24:42.0000 UTC,1.9,MW 1.9
S0318a,S0318a,InSight-site catalog event,4.5024,135.6234,Elysium Southwest,Preliminary,Manual,2019-10-19 19:21:14.0000 UTC,1.8,MW 1.8
T0318a,T0318a,InSight-site catalog event,4.5024,135.6234,Unspecified,Preliminary,Automatic,2019-10-19 17:32:17.0000 UTC,,Magnitude not reported
T0317a,T0317a,InSight-site catalog event,4.5024,135.6234,Unspecified,Preliminary,Automatic,2019-10-18 16:49:54.0000 UTC,,Magnitude not reported
T0316a,T0316a,InSight-site catalog event,4.5024,135.6234,Unspecified,Preliminary,Automatic,2019-10-17 16:11:23.0000 UTC,,Magnitude not reported
S0315d,S0315d,InSight-site catalog event,4.5024,135.6234,Elysium Southwest,Preliminary,Manual,2019-10-16 17:12:54.0000 UTC,1.7,MW 1.7
S0315c,S0315c,InSight-site catalog event,4.5024,135.6234,Elysium Southwest,Preliminary,Manual,2019-10-16 15:34:38.047872 UTC,,Magnitude not reported
T0315a,T0315a,InSight-site catalog event,4.5024,135.6234,Unspecified,Preliminary,Automatic,2019-10-16 15:34:33.0000 UTC,,Magnitude not reported
S0315b,S0315b,InSight-site catalog event,4.5024,135.6234,Elysium Southwest,Preliminary,Manual,2019-10-16 15:10:36.0000 UTC,2.0,MW 2.0
S0315a,S0315a,InSight-site catalog event,4.5024,135.6234,Elysium Southwest,Preliminary,Manual,2019-10-16 00:18:24.545549 UTC,,Magnitude not reported
S0314b,S0314b,InSight-site catalog event,4.5024,135.6234,Elysium Southwest,Preliminary,Manual,2019-10-15 15:36:28.0000 UTC,1.9,MW 1.9
T0314a,T0314a,InSight-site catalog event,4.5024,135.6234,Unspecified,Preliminary,Automatic,2019-10-15 14:55:39.0000 UTC,,Magnitude not reported
S0314a,S0314a,InSight-site catalog event,4.5024,135.6234,Elysium Southwest,Preliminary,Manual,2019-10-15 14:24:12.0000 UTC,1.7,MW 1.7
T0313a,T0313a,InSight-site catalog event,4.5024,135.6234,Unspecified,Preliminary,Automatic,2019-10-14 14:19:56.0000 UTC,,Magnitude not reported
S0313a,S0313a,InSight-site catalog event,4.5024,135.6234,Elysium Southwest,Preliminary,Manual,2019-10-14 12:59:28.833913 UTC,,Magnitude not reported
S0312b,S0312b,InSight-site catalog event,4.5024,135.6234,Elysium Southwest,Preliminary,Manual,2019-10-13 16:37:09.065288 UTC,,Magnitude not reported
S0312a,S0312a,InSight-site catalog event,4.5024,135.6234,Elysium Southwest,Preliminary,Manual,2019-10-13 14:47:22.641832 UTC,,Magnitude not reported
T0312a,T0312a,InSight-site catalog event,4.5024,135.6234,Unspecified,Preliminary,Automatic,2019-10-13 13:39:54.0000 UTC,,Magnitude not reported
S0311b,S0311b,InSight-site catalog event,4.5024,135.6234,Elysium Southwest,Preliminary,Manual,2019-10-12 16:14:58.0000 UTC,1.8,MW 1.8
S0311a,S0311a,InSight-site catalog event,4.5024,135.6234,Elysium Southwest,Preliminary,Manual,2019-10-12 13:10:00.0000 UTC,2.0,MW 2.0
T0311b,T0311b,InSight-site catalog event,4.5024,135.6234,Unspecified,Preliminary,Automatic,2019-10-12 13:01:30.0000 UTC,,Magnitude not reported
T0311a,T0311a,InSight-site catalog event,4.5024,135.6234,Unspecified,Preliminary,Automatic,2019-10-12 12:58:38.0000 UTC,,Magnitude not reported
T0310a,T0310a,InSight-site catalog event,4.5024,135.6234,Unspecified,Preliminary,Automatic,2019-10-11 12:22:59.0000 UTC,,Magnitude not reported
S0310a,S0310a,InSight-site catalog event,4.5024,135.6234,Elysium Southwest,Preliminary,Manual,2019-10-11 11:22:12.929995 UTC,,Magnitude not reported
S0309c,S0309c,InSight-site catalog event,4.5024,135.6234,Elysium Southwest,Preliminary,Manual,2019-10-10 15:36:10.0000 UTC,1.7,MW 1.7
S0309b,S0309b,InSight-site catalog event,4.5024,135.6234,Elysium Southwest,Preliminary,Manual,2019-10-10 15:10:43.077897 UTC,,Magnitude not reported
T0309b,T0309b,InSight-site catalog event,4.5024,135.6234,Unspecified,Preliminary,Automatic,2019-10-10 11:41:12.316 UTC,,Magnitude not reported
T0309a,T0309a,InSight-site catalog event,4.5024,135.6234,Unspecified,Preliminary,Automatic,2019-10-10 11:20:29.0000 UTC,,Magnitude not reported
S0309a,S0309a,InSight-site catalog event,4.5024,135.6234,Elysium Southwest,Preliminary,Manual,2019-10-10 10:53:09.683329 UTC,,Magnitude not reported
S0308a,S0308a,InSight-site catalog event,4.5024,135.6234,Elysium Southwest,Preliminary,Manual,2019-10-09 15:41:29.0000 UTC,2.0,MW 2.0
T0308a,T0308a,InSight-site catalog event,4.5024,135.6234,Unspecified,Preliminary,Automatic,2019-10-09 11:02:22.0000 UTC,,Magnitude not reported
S0308b,S0308b,InSight-site catalog event,4.5024,135.6234,Elysium Southwest,Preliminary,Manual,2019-10-09 09:57:21.0000 UTC,1.8,MW 1.8
T0307a,T0307a,InSight-site catalog event,4.5024,135.6234,Unspecified,Preliminary,Automatic,2019-10-08 10:29:04.0000 UTC,,Magnitude not reported
S0306a,S0306a,InSight-site catalog event,4.5024,135.6234,Elysium Southwest,Preliminary,Manual,2019-10-07 15:00:47.0000 UTC,2.6,MW 2.6
T0306a,T0306a,InSight-site catalog event,4.5024,135.6234,Unspecified,Preliminary,Automatic,2019-10-07 09:40:44.0000 UTC,,Magnitude not reported
S0306c,S0306c,InSight-site catalog event,4.5024,135.6234,Elysium Southwest,Preliminary,Manual,2019-10-06 18:20:23.0000 UTC,1.1,MW 1.1
S0306d,S0306d,InSight-site catalog event,4.5024,135.6234,Elysium Southwest,Preliminary,Manual,2019-10-06 17:32:46.276037 UTC,,Magnitude not reported
S0305a,S0305a,InSight-site catalog event,4.5024,135.6234,Elysium Southwest,Preliminary,Manual,2019-10-06 11:51:24.285953 UTC,,Magnitude not reported
T0305a,T0305a,InSight-site catalog event,4.5024,135.6234,Unspecified,Preliminary,Automatic,2019-10-06 08:53:52.0000 UTC,,Magnitude not reported
S0304b,S0304b,InSight-site catalog event,4.5024,135.6234,Elysium Southwest,Preliminary,Manual,2019-10-05 12:44:18.0000 UTC,2.1,MW 2.1
S0304a,S0304a,InSight-site catalog event,4.5024,135.6234,Elysium Southwest,Preliminary,Manual,2019-10-05 08:43:38.115748 UTC,1.9,MW 1.9
T0304a,T0304a,InSight-site catalog event,4.5024,135.6234,Unspecified,Preliminary,Automatic,2019-10-05 08:22:01.0000 UTC,,Magnitude not reported
S0304c,S0304c,InSight-site catalog event,4.5024,135.6234,Elysium Southwest,Preliminary,Manual,2019-10-04 17:53:12.363585 UTC,,Magnitude not reported
T0303a,T0303a,InSight-site catalog event,4.5024,135.6234,Unspecified,Preliminary,Automatic,2019-10-04 07:44:46.315 UTC,,Magnitude not reported
S0303b,S0303b,InSight-site catalog event,4.5024,135.6234,Elysium Southwest,Preliminary,Manual,2019-10-04 07:30:14.0000 UTC,1.5,MW 1.5
S0303a,S0303a,InSight-site catalog event,4.5024,135.6234,Elysium Southwest,Preliminary,Manual,2019-10-03 17:08:59.0000 UTC,2.0,MW 2.0
S0302d,S0302d,InSight-site catalog event,4.5024,135.6234,Elysium Southwest,Preliminary,Manual,2019-10-03 10:50:20.156377 UTC,,Magnitude not reported
S0302c,S0302c,InSight-site catalog event,4.5024,135.6234,Elysium Southwest,Preliminary,Manual,2019-10-03 09:49:16.099506 UTC,,Magnitude not reported
S0302b,S0302b,InSight-site catalog event,4.5024,135.6234,Elysium Southwest,Preliminary,Manual,2019-10-03 09:25:19.443816 UTC,,Magnitude not reported
S0302a,S0302a,InSight-site catalog event,4.5024,135.6234,Elysium Southwest,Preliminary,Manual,2019-10-03 08:13:58.463656 UTC,,Magnitude not reported
T0302a,T0302a,InSight-site catalog event,4.5024,135.6234,Unspecified,Preliminary,Automatic,2019-10-03 07:02:18.0000 UTC,,Magnitude not reported
S0301b,S0301b,InSight-site catalog event,4.5024,135.6234,Elysium Southwest,Preliminary,Manual,2019-10-02 08:22:17.959435 UTC,,Magnitude not reported
T0301a,T0301a,InSight-site catalog event,4.5024,135.6234,Unspecified,Preliminary,Automatic,2019-10-02 06:22:16.0000 UTC,,Magnitude not reported
S0301a,S0301a,InSight-site catalog event,4.5024,135.6234,Elysium Southwest,Preliminary,Manual,2019-10-01 14:53:43.0000 UTC,1.9,MW 1.9
S0300a,S0300a,InSight-site catalog event,4.5024,135.6234,Elysium Southwest,Preliminary,Manual,2019-10-01 07:14:39.0000 UTC,1.5,MW 1.5
T0300a,T0300a,InSight-site catalog event,4.5024,135.6234,Unspecified,Preliminary,Automatic,2019-10-01 05:43:02.0000 UTC,,Magnitude not reported
S0299b,S0299b,InSight-site catalog event,4.5024,135.6234,Elysium Southwest,Preliminary,Manual,2019-09-30 06:28:12.0000 UTC,1.6,MW 1.6
T0299a,T0299a,InSight-site catalog event,4.5024,135.6234,Unspecified,Preliminary,Automatic,2019-09-30 05:08:27.0000 UTC,,Magnitude not reported
S0299a,S0299a,InSight-site catalog event,4.5024,135.6234,Elysium Southwest,Preliminary,Manual,2019-09-29 13:09:49.0000 UTC,2.1,MW 2.1
S0298b,S0298b,InSight-site catalog event,4.5024,135.6234,Elysium Southwest,Reviewed,Manual,2019-09-29 10:11:27.888761 UTC,,Magnitude not reported
S0298a,S0298a,InSight-site catalog event,4.5024,135.6234,Elysium Southwest,Preliminary,Manual,2019-09-29 06:38:03.624905 UTC,,Magnitude not reported
T0298a,T0298a,InSight-site catalog event,4.5024,135.6234,Unspecified,Preliminary,Automatic,2019-09-29 04:24:47.0000 UTC,,Magnitude not reported
S0297e,S0297e,InSight-site catalog event,4.5024,135.6234,Elysium Southwest,Preliminary,Manual,2019-09-28 06:45:47.0000 UTC,1.5,MW 1.5
S0297d,S0297d,InSight-site catalog event,4.5024,135.6234,Elysium Southwest,Preliminary,Manual,2019-09-28 05:24:58.0000 UTC,1.5,MW 1.5
S0297c,S0297c,InSight-site catalog event,4.5024,135.6234,Elysium Southwest,Preliminary,Manual,2019-09-28 03:54:28.0000 UTC,1.8,MW 1.8
T0297a,T0297a,InSight-site catalog event,4.5024,135.6234,Unspecified,Preliminary,Automatic,2019-09-28 03:45:55.0000 UTC,,Magnitude not reported
S0297b,S0297b,InSight-site catalog event,4.5024,135.6234,Elysium Southwest,Preliminary,Manual,2019-09-27 15:01:16.0000 UTC,1.7,MW 1.7
S0297a,S0297a,InSight-site catalog event,4.5024,135.6234,Elysium Southwest,Preliminary,Manual,2019-09-27 12:56:38.595988 UTC,,Magnitude not reported
T0296a,T0296a,InSight-site catalog event,4.5024,135.6234,Unspecified,Preliminary,Automatic,2019-09-27 03:05:04.0000 UTC,,Magnitude not reported
S0295b,S0295b,InSight-site catalog event,4.5024,135.6234,Elysium Southwest,Preliminary,Manual,2019-09-26 06:11:18.0000 UTC,1.7,MW 1.7
T0295a,T0295a,InSight-site catalog event,4.5024,135.6234,Unspecified,Preliminary,Automatic,2019-09-26 02:27:38.0000 UTC,,Magnitude not reported
S0295a,S0295a,InSight-site catalog event,4.5024,135.6234,Elysium Southwest,Preliminary,Manual,2019-09-25 13:16:09.250611 UTC,,Magnitude not reported
S0294b,S0294b,InSight-site catalog event,4.5024,135.6234,Elysium Southwest,Preliminary,Manual,2019-09-25 06:28:01.0000 UTC,1.9,MW 1.9
S0294a,S0294a,InSight-site catalog event,4.5024,135.6234,Elysium Southwest,Preliminary,Manual,2019-09-25 03:54:21.252029 UTC,,Magnitude not reported
T0294a,T0294a,InSight-site catalog event,4.5024,135.6234,Unspecified,Preliminary,Automatic,2019-09-25 01:46:10.0000 UTC,,Magnitude not reported
T0293a,T0293a,InSight-site catalog event,4.5024,135.6234,Unspecified,Preliminary,Automatic,2019-09-24 01:05:08.0000 UTC,,Magnitude not reported
S0292a,S0292a,InSight-site catalog event,4.5024,135.6234,Elysium Southwest,Preliminary,Manual,2019-09-23 03:39:02.0000 UTC,1.8,MW 1.8
S0292c,S0292c,InSight-site catalog event,4.5024,135.6234,Elysium Southwest,Preliminary,Manual,2019-09-23 01:39:46.0000 UTC,1.7,MW 1.7
S0292b,S0292b,InSight-site catalog event,4.5024,135.6234,Elysium Southwest,Preliminary,Manual,2019-09-23 01:01:22.689405 UTC,,Magnitude not reported
T0292a,T0292a,InSight-site catalog event,4.5024,135.6234,Unspecified,Preliminary,Automatic,2019-09-23 00:28:55.0000 UTC,,Magnitude not reported
S0291d,S0291d,InSight-site catalog event,4.5024,135.6234,Elysium Southwest,Preliminary,Manual,2019-09-22 05:37:58.0000 UTC,1.7,MW 1.7
S0291c,S0291c,InSight-site catalog event,4.5024,135.6234,Elysium Southwest,Preliminary,Manual,2019-09-22 03:42:26.0000 UTC,2.0,MW 2.0
S0291b,S0291b,InSight-site catalog event,4.5024,135.6234,Elysium Southwest,Preliminary,Manual,2019-09-22 03:02:02.0000 UTC,1.6,MW 1.6
T0291a,T0291a,InSight-site catalog event,4.5024,135.6234,Unspecified,Preliminary,Automatic,2019-09-21 23:47:22.0000 UTC,,Magnitude not reported
S0291a,S0291a,InSight-site catalog event,4.5024,135.6234,Elysium Southwest,Preliminary,Manual,2019-09-21 06:07:37.288221 UTC,,Magnitude not reported
S0290b,S0290b,InSight-site catalog event,4.5024,135.6234,Elysium Southwest,Reviewed,Manual,2019-09-21 03:15:13.328456 UTC,3.5,MW 3.5
S0290a,S0290a,InSight-site catalog event,4.5024,135.6234,Elysium Southwest,Preliminary,Manual,2019-09-21 02:02:30.0000 UTC,1.7,MW 1.7
T0290a,T0290a,InSight-site catalog event,4.5024,135.6234,Unspecified,Preliminary,Automatic,2019-09-20 23:10:01.0000 UTC,,Magnitude not reported
S0289b,S0289b,InSight-site catalog event,4.5024,135.6234,Elysium Southwest,Preliminary,Manual,2019-09-20 00:42:29.0000 UTC,1.8,MW 1.8
S0289a,S0289a,InSight-site catalog event,4.5024,135.6234,Elysium Southwest,Preliminary,Manual,2019-09-19 23:56:34.0000 UTC,2.3,MW 2.3
T0289a,T0289a,InSight-site catalog event,4.5024,135.6234,Unspecified,Preliminary,Automatic,2019-09-19 22:28:59.0000 UTC,,Magnitude not reported
T0267a,T0267a,InSight-site catalog event,4.5024,135.6234,Unspecified,Preliminary,Automatic,2019-08-28 07:55:53.0000 UTC,,Magnitude not reported
S0266e,S0266e,InSight-site catalog event,4.5024,135.6234,Elysium Southwest,Reviewed,Manual,2019-08-27 11:06:26.0000 UTC,1.7,MW 1.7
S0266d,S0266d,InSight-site catalog event,4.5024,135.6234,Elysium Southwest,Reviewed,Manual,2019-08-27 10:27:32.170353 UTC,,Magnitude not reported
S0266c,S0266c,InSight-site catalog event,4.5024,135.6234,Elysium Southwest,Reviewed,Manual,2019-08-27 09:38:37.0000 UTC,1.5,MW 1.5
S0266b,S0266b,InSight-site catalog event,4.5024,135.6234,Elysium Southwest,Reviewed,Manual,2019-08-27 07:34:37.918181 UTC,,Magnitude not reported
T0266b,T0266b,InSight-site catalog event,4.5024,135.6234,Unspecified,Preliminary,Automatic,2019-08-27 07:26:22.0000 UTC,,Magnitude not reported
T0266a,T0266a,InSight-site catalog event,4.5024,135.6234,Unspecified,Preliminary,Automatic,2019-08-27 07:04:09.0000 UTC,,Magnitude not reported
S0265e,S0265e,InSight-site catalog event,4.5024,135.6234,Elysium Southwest,Preliminary,Manual,2019-08-26 10:23:58.0000 UTC,1.5,MW 1.5
S0265d,S0265d,InSight-site catalog event,4.5024,135.6234,Elysium Southwest,Preliminary,Manual,2019-08-26 09:33:15.571354 UTC,,Magnitude not reported
S0265c,S0265c,InSight-site catalog event,4.5024,135.6234,Elysium Southwest,Preliminary,Manual,2019-08-26 07:59:24.0000 UTC,1.4,MW 1.4
S0265b,S0265b,InSight-site catalog event,4.5024,135.6234,Elysium Southwest,Preliminary,Manual,2019-08-26 06:48:36.0000 UTC,1.8,MW 1.8
T0265b,T0265b,InSight-site catalog event,4.5024,135.6234,Unspecified,Preliminary,Automatic,2019-08-26 06:43:20.0000 UTC,,Magnitude not reported
T0265a,T0265a,InSight-site catalog event,4.5024,135.6234,Unspecified,Preliminary,Automatic,2019-08-26 06:08:52.0000 UTC,,Magnitude not reported
S0265a,S0265a,InSight-site catalog event,4.5024,135.6234,Elysium Southwest,Preliminary,Manual,2019-08-26 05:33:26.971023 UTC,,Magnitude not reported
S0264e,S0264e,InSight-site catalog event,4.5024,135.6234,Elysium Southwest,Preliminary,Manual,2019-08-25 10:27:57.0000 UTC,2.3,MW 2.3
S0264d,S0264d,InSight-site catalog event,4.5024,135.6234,Elysium Southwest,Preliminary,Manual,2019-08-25 08:22:05.457308 UTC,,Magnitude not reported
S0264c,S0264c,InSight-site catalog event,4.5024,135.6234,Elysium Southwest,Preliminary,Manual,2019-08-25 07:15:34.83037 UTC,,Magnitude not reported
S0264b,S0264b,InSight-site catalog event,4.5024,135.6234,Elysium Southwest,Preliminary,Manual,2019-08-25 06:16:22.0000 UTC,1.7,MW 1.7
T0264a,T0264a,InSight-site catalog event,4.5024,135.6234,Unspecified,Preliminary,Automatic,2019-08-25 06:12:41.0000 UTC,,Magnitude not reported
S0264a,S0264a,InSight-site catalog event,4.5024,135.6234,Elysium Southwest,Preliminary,Manual,2019-08-24 15:40:41.994638 UTC,,Magnitude not reported
S0263c,S0263c,InSight-site catalog event,4.5024,135.6234,Elysium Southwest,Preliminary,Manual,2019-08-24 07:02:53.0000 UTC,1.7,MW 1.7
S0263b,S0263b,InSight-site catalog event,4.5024,135.6234,Elysium Southwest,Preliminary,Manual,2019-08-24 06:06:15.856713 UTC,,Magnitude not reported
T0263b,T0263b,InSight-site catalog event,4.5024,135.6234,Unspecified,Preliminary,Automatic,2019-08-24 05:23:26.0000 UTC,,Magnitude not reported
T0263a,T0263a,InSight-site catalog event,4.5024,135.6234,Unspecified,Preliminary,Automatic,2019-08-24 04:52:30.0000 UTC,,Magnitude not reported
S0263a,S0263a,InSight-site catalog event,4.5024,135.6234,Elysium Southwest,Preliminary,Manual,2019-08-23 11:07:18.0000 UTC,1.6,MW 1.6
S0262b,S0262b,InSight-site catalog event,4.5024,135.6234,Elysium Southwest,Preliminary,Manual,2019-08-23 08:38:15.0000 UTC,2.2,MW 2.2
T0262c,T0262c,InSight-site catalog event,4.5024,135.6234,Unspecified,Preliminary,Automatic,2019-08-23 04:47:02.0000 UTC,,Magnitude not reported
T0262b,T0262b,InSight-site catalog event,4.5024,135.6234,Unspecified,Preliminary,Automatic,2019-08-23 04:14:40.0000 UTC,,Magnitude not reported
T0262a,T0262a,InSight-site catalog event,4.5024,135.6234,Unspecified,Preliminary,Automatic,2019-08-23 03:57:41.0000 UTC,,Magnitude not reported
S0261b,S0261b,InSight-site catalog event,4.5024,135.6234,Elysium Southwest,Preliminary,Manual,2019-08-22 07:01:20.0000 UTC,1.7,MW 1.7
S0261a,S0261a,InSight-site catalog event,4.5024,135.6234,Elysium Southwest,Preliminary,Manual,2019-08-22 05:19:38.0000 UTC,1.6,MW 1.6
T0261b,T0261b,InSight-site catalog event,4.5024,135.6234,Unspecified,Preliminary,Automatic,2019-08-22 04:06:22.0000 UTC,,Magnitude not reported
T0261a,T0261a,InSight-site catalog event,4.5024,135.6234,Unspecified,Preliminary,Automatic,2019-08-22 03:32:08.0000 UTC,,Magnitude not reported
S0260b,S0260b,InSight-site catalog event,4.5024,135.6234,Elysium Southwest,Preliminary,Manual,2019-08-21 07:09:54.0000 UTC,1.6,MW 1.6
S0260a,S0260a,InSight-site catalog event,4.5024,135.6234,Elysium Southwest,Preliminary,Manual,2019-08-21 05:05:57.0000 UTC,2.2,MW 2.2
T0260b,T0260b,InSight-site catalog event,4.5024,135.6234,Unspecified,Preliminary,Automatic,2019-08-21 03:34:13.0000 UTC,,Magnitude not reported
T0260a,T0260a,InSight-site catalog event,4.5024,135.6234,Unspecified,Preliminary,Automatic,2019-08-21 03:26:29.0000 UTC,,Magnitude not reported
T0259a,T0259a,InSight-site catalog event,4.5024,135.6234,Unspecified,Preliminary,Automatic,2019-08-20 02:43:42.0000 UTC,,Magnitude not reported
T0258a,T0258a,InSight-site catalog event,4.5024,135.6234,Unspecified,Preliminary,Automatic,2019-08-19 02:08:53.0000 UTC,,Magnitude not reported
S0257c,S0257c,InSight-site catalog event,4.5024,135.6234,Elysium Southwest,Preliminary,Manual,2019-08-18 03:30:30.327744 UTC,,Magnitude not reported
S0257b,S0257b,InSight-site catalog event,4.5024,135.6234,Elysium Southwest,Preliminary,Manual,2019-08-18 01:01:07.0000 UTC,1.8,MW 1.8
S0257a,S0257a,InSight-site catalog event,4.5024,135.6234,Elysium Southwest,Preliminary,Manual,2019-08-18 00:16:57.0000 UTC,1.9,MW 1.9
S0256c,S0256c,InSight-site catalog event,4.5024,135.6234,Elysium Southwest,Preliminary,Manual,2019-08-17 05:00:13.0000 UTC,1.6,MW 1.6
S0256a,S0256a,InSight-site catalog event,4.5024,135.6234,Elysium Southwest,Preliminary,Manual,2019-08-17 02:15:36.056378 UTC,,Magnitude not reported
T0256b,T0256b,InSight-site catalog event,4.5024,135.6234,Unspecified,Preliminary,Automatic,2019-08-17 00:52:36.0000 UTC,,Magnitude not reported
T0256a,T0256a,InSight-site catalog event,4.5024,135.6234,Unspecified,Preliminary,Automatic,2019-08-17 00:28:30.0000 UTC,,Magnitude not reported
S0256b,S0256b,InSight-site catalog event,4.5024,135.6234,Elysium Southwest,Preliminary,Manual,2019-08-16 09:45:52.353962 UTC,,Magnitude not reported
S0255b,S0255b,InSight-site catalog event,4.5024,135.6234,Elysium Southwest,Preliminary,Manual,2019-08-16 03:53:41.0000 UTC,1.8,MW 1.8
S0255a,S0255a,InSight-site catalog event,4.5024,135.6234,Elysium Southwest,Preliminary,Manual,2019-08-16 00:20:33.621901 UTC,,Magnitude not reported
T0255b,T0255b,InSight-site catalog event,4.5024,135.6234,Unspecified,Preliminary,Automatic,2019-08-16 00:09:22.0000 UTC,,Magnitude not reported
T0255a,T0255a,InSight-site catalog event,4.5024,135.6234,Unspecified,Preliminary,Automatic,2019-08-15 23:44:01.0000 UTC,,Magnitude not reported
S0254b,S0254b,InSight-site catalog event,4.5024,135.6234,Elysium Southwest,Reviewed,Manual,2019-08-15 03:06:01.0000 UTC,2.7,MW 2.7
S0254c,S0254c,InSight-site catalog event,4.5024,135.6234,Elysium Southwest,Preliminary,Manual,2019-08-15 02:39:20.0000 UTC,1.7,MW 1.7
S0254a,S0254a,InSight-site catalog event,4.5024,135.6234,Elysium Southwest,Preliminary,Manual,2019-08-15 00:02:56.0000 UTC,1.6,MW 1.6
T0254a,T0254a,InSight-site catalog event,4.5024,135.6234,Unspecified,Preliminary,Automatic,2019-08-14 23:31:23.0000 UTC,,Magnitude not reported
S0253b,S0253b,InSight-site catalog event,4.5024,135.6234,Elysium Southwest,Preliminary,Manual,2019-08-14 00:16:23.0000 UTC,1.6,MW 1.6
S0253a,S0253a,InSight-site catalog event,4.5024,135.6234,Elysium Southwest,Preliminary,Manual,2019-08-13 23:31:30.955878 UTC,,Magnitude not reported
T0253b,T0253b,InSight-site catalog event,4.5024,135.6234,Unspecified,Preliminary,Automatic,2019-08-13 23:09:31.0000 UTC,,Magnitude not reported
T0253a,T0253a,InSight-site catalog event,4.5024,135.6234,Unspecified,Preliminary,Automatic,2019-08-13 22:52:16.0000 UTC,,Magnitude not reported
S0252a,S0252a,InSight-site catalog event,4.5024,135.6234,Elysium Southwest,Preliminary,Manual,2019-08-12 23:45:53.0000 UTC,1.7,MW 1.7
T0252b,T0252b,InSight-site catalog event,4.5024,135.6234,Unspecified,Preliminary,Automatic,2019-08-12 22:08:11.0000 UTC,,Magnitude not reported
T0252a,T0252a,InSight-site catalog event,4.5024,135.6234,Unspecified,Preliminary,Automatic,2019-08-12 21:40:25.0000 UTC,,Magnitude not reported
S0252b,S0252b,InSight-site catalog event,4.5024,135.6234,Elysium Southwest,Preliminary,Manual,2019-08-12 21:14:27.0000 UTC,1.6,MW 1.6
S0251a,S0251a,InSight-site catalog event,4.5024,135.6234,Elysium Southwest,Reviewed,Manual,2019-08-11 23:04:15.740083 UTC,,Magnitude not reported
T0251a,T0251a,InSight-site catalog event,4.5024,135.6234,Unspecified,Preliminary,Automatic,2019-08-11 21:34:01.0000 UTC,,Magnitude not reported
S0251c,S0251c,InSight-site catalog event,4.5024,135.6234,Elysium Southwest,Preliminary,Manual,2019-08-11 20:57:27.0000 UTC,1.5,MW 1.5
S0251b,S0251b,InSight-site catalog event,4.5024,135.6234,Elysium Southwest,Preliminary,Manual,2019-08-11 20:39:24.721952 UTC,,Magnitude not reported
S0250b,S0250b,InSight-site catalog event,4.5024,135.6234,Elysium Southwest,Preliminary,Manual,2019-08-11 00:11:03.897628 UTC,,Magnitude not reported
S0250a,S0250a,InSight-site catalog event,4.5024,135.6234,Elysium Southwest,Preliminary,Manual,2019-08-10 21:00:37.0000 UTC,1.6,MW 1.6
T0250b,T0250b,InSight-site catalog event,4.5024,135.6234,Unspecified,Preliminary,Automatic,2019-08-10 20:50:49.0000 UTC,,Magnitude not reported
T0250a,T0250a,InSight-site catalog event,4.5024,135.6234,Unspecified,Preliminary,Automatic,2019-08-10 20:11:28.0000 UTC,,Magnitude not reported
S0249a,S0249a,InSight-site catalog event,4.5024,135.6234,Elysium Southwest,Preliminary,Manual,2019-08-09 21:28:20.102923 UTC,,Magnitude not reported
T0249c,T0249c,InSight-site catalog event,4.5024,135.6234,Unspecified,Preliminary,Automatic,2019-08-09 20:11:09.0000 UTC,,Magnitude not reported
T0249b,T0249b,InSight-site catalog event,4.5024,135.6234,Unspecified,Preliminary,Automatic,2019-08-09 19:50:25.0000 UTC,,Magnitude not reported
T0249a,T0249a,InSight-site catalog event,4.5024,135.6234,Unspecified,Preliminary,Automatic,2019-08-09 19:24:14.0000 UTC,,Magnitude not reported
S0248d,S0248d,InSight-site catalog event,4.5024,135.6234,Elysium Southwest,Preliminary,Manual,2019-08-09 01:46:09.0000 UTC,1.6,MW 1.6
S0248b,S0248b,InSight-site catalog event,4.5024,135.6234,Elysium Southwest,Preliminary,Manual,2019-08-08 21:49:52.0000 UTC,1.4,MW 1.4
S0248a,S0248a,InSight-site catalog event,4.5024,135.6234,Elysium Southwest,Preliminary,Manual,2019-08-08 21:20:02.0000 UTC,1.4,MW 1.4
T0248b,T0248b,InSight-site catalog event,4.5024,135.6234,Unspecified,Preliminary,Automatic,2019-08-08 19:37:12.0000 UTC,,Magnitude not reported
T0248a,T0248a,InSight-site catalog event,4.5024,135.6234,Unspecified,Preliminary,Automatic,2019-08-08 19:34:17.0000 UTC,,Magnitude not reported
S0248c,S0248c,InSight-site catalog event,4.5024,135.6234,Elysium Southwest,Preliminary,Manual,2019-08-08 03:52:52.515598 UTC,,Magnitude not reported
S0247b,S0247b,InSight-site catalog event,4.5024,135.6234,Elysium Southwest,Preliminary,Manual,2019-08-07 21:58:10.0000 UTC,1.5,MW 1.5
S0247a,S0247a,InSight-site catalog event,4.5024,135.6234,Elysium Southwest,Preliminary,Manual,2019-08-07 21:41:47.0000 UTC,1.5,MW 1.5
T0247b,T0247b,InSight-site catalog event,4.5024,135.6234,Unspecified,Preliminary,Automatic,2019-08-07 18:57:39.0000 UTC,,Magnitude not reported
T0247a,T0247a,InSight-site catalog event,4.5024,135.6234,Unspecified,Preliminary,Automatic,2019-08-07 17:53:10.0000 UTC,,Magnitude not reported
S0246b,S0246b,InSight-site catalog event,4.5024,135.6234,Elysium Southwest,Preliminary,Manual,2019-08-06 20:53:44.0000 UTC,1.6,MW 1.6
T0246c,T0246c,InSight-site catalog event,4.5024,135.6234,Unspecified,Preliminary,Automatic,2019-08-06 18:16:19.0000 UTC,,Magnitude not reported
S0246a,S0246a,InSight-site catalog event,4.5024,135.6234,Elysium Southwest,Preliminary,Manual,2019-08-06 18:15:53.0000 UTC,1.8,MW 1.8
T0246b,T0246b,InSight-site catalog event,4.5024,135.6234,Unspecified,Preliminary,Automatic,2019-08-06 18:14:33.0000 UTC,,Magnitude not reported
T0246a,T0246a,InSight-site catalog event,4.5024,135.6234,Unspecified,Preliminary,Automatic,2019-08-06 17:39:01.0000 UTC,,Magnitude not reported
T0245c,T0245c,InSight-site catalog event,4.5024,135.6234,Unspecified,Preliminary,Automatic,2019-08-05 17:47:55.0000 UTC,,Magnitude not reported
T0245b,T0245b,InSight-site catalog event,4.5024,135.6234,Unspecified,Preliminary,Automatic,2019-08-05 17:44:52.0000 UTC,,Magnitude not reported
T0245a,T0245a,InSight-site catalog event,4.5024,135.6234,Unspecified,Preliminary,Automatic,2019-08-05 15:48:54.0000 UTC,,Magnitude not reported
S0244d,S0244d,InSight-site catalog event,4.5024,135.6234,Elysium Southwest,Preliminary,Manual,2019-08-04 20:44:53.0000 UTC,1.5,MW 1.5
S0244e,S0244e,InSight-site catalog event,4.5024,135.6234,Elysium Southwest,Preliminary,Manual,2019-08-04 19:11:45.0000 UTC,1.6,MW 1.6
S0244c,S0244c,InSight-site catalog event,4.5024,135.6234,Elysium Southwest,Preliminary,Manual,2019-08-04 18:02:08.0000 UTC,1.5,MW 1.5
S0244b,S0244b,InSight-site catalog event,4.5024,135.6234,Elysium Southwest,Preliminary,Manual,2019-08-04 17:41:10.0000 UTC,1.5,MW 1.5
T0244b,T0244b,InSight-site catalog event,4.5024,135.6234,Unspecified,Preliminary,Automatic,2019-08-04 17:04:34.0000 UTC,,Magnitude not reported
S0244a,S0244a,InSight-site catalog event,4.5024,135.6234,Elysium Southwest,Preliminary,Manual,2019-08-04 16:56:44.0000 UTC,1.4,MW 1.4
T0244a,T0244a,InSight-site catalog event,4.5024,135.6234,Unspecified,Preliminary,Automatic,2019-08-04 16:53:51.0000 UTC,,Magnitude not reported
T0243c,T0243c,InSight-site catalog event,4.5024,135.6234,Unspecified,Preliminary,Automatic,2019-08-03 16:18:50.0000 UTC,,Magnitude not reported
T0243b,T0243b,InSight-site catalog event,4.5024,135.6234,Unspecified,Preliminary,Automatic,2019-08-03 16:02:36.0000 UTC,,Magnitude not reported
T0243a,T0243a,InSight-site catalog event,4.5024,135.6234,Unspecified,Preliminary,Automatic,2019-08-03 14:55:53.583 UTC,,Magnitude not reported
S0242d,S0242d,InSight-site catalog event,4.5024,135.6234,Elysium Southwest,Preliminary,Manual,2019-08-02 17:39:56.739417 UTC,,Magnitude not reported
S0242b,S0242b,InSight-site catalog event,4.5024,135.6234,Elysium Southwest,Preliminary,Manual,2019-08-02 16:02:00.0000 UTC,1.5,MW 1.5
T0242c,T0242c,InSight-site catalog event,4.5024,135.6234,Unspecified,Preliminary,Automatic,2019-08-02 15:40:43.0000 UTC,,Magnitude not reported
S0242a,S0242a,InSight-site catalog event,4.5024,135.6234,Elysium Southwest,Preliminary,Manual,2019-08-02 15:15:16.0000 UTC,1.8,MW 1.8
T0242b,T0242b,InSight-site catalog event,4.5024,135.6234,Unspecified,Preliminary,Automatic,2019-08-02 15:07:53.0000 UTC,,Magnitude not reported
T0242a,T0242a,InSight-site catalog event,4.5024,135.6234,Unspecified,Preliminary,Automatic,2019-08-02 14:16:42.0000 UTC,,Magnitude not reported
S0242c,S0242c,InSight-site catalog event,4.5024,135.6234,Elysium Southwest,Preliminary,Manual,2019-08-01 21:35:29.675613 UTC,,Magnitude not reported
S0241b,S0241b,InSight-site catalog event,4.5024,135.6234,Elysium Southwest,Preliminary,Manual,2019-08-01 18:42:46.0000 UTC,1.5,MW 1.5
S0241a,S0241a,InSight-site catalog event,4.5024,135.6234,Elysium Southwest,Preliminary,Manual,2019-08-01 15:00:32.0000 UTC,1.4,MW 1.4
T0241c,T0241c,InSight-site catalog event,4.5024,135.6234,Unspecified,Preliminary,Automatic,2019-08-01 14:58:42.0000 UTC,,Magnitude not reported
T0241b,T0241b,InSight-site catalog event,4.5024,135.6234,Unspecified,Preliminary,Automatic,2019-08-01 14:02:58.0000 UTC,,Magnitude not reported
T0241a,T0241a,InSight-site catalog event,4.5024,135.6234,Unspecified,Preliminary,Automatic,2019-08-01 13:36:21.659 UTC,,Magnitude not reported
S0240a,S0240a,InSight-site catalog event,4.5024,135.6234,Elysium Southwest,Reviewed,Manual,2019-07-31 14:42:38.681547 UTC,,Magnitude not reported
T0240d,T0240d,InSight-site catalog event,4.5024,135.6234,Unspecified,Preliminary,Automatic,2019-07-31 14:21:52.0000 UTC,,Magnitude not reported
T0240c,T0240c,InSight-site catalog event,4.5024,135.6234,Unspecified,Preliminary,Automatic,2019-07-31 14:05:22.0000 UTC,,Magnitude not reported
T0240b,T0240b,InSight-site catalog event,4.5024,135.6234,Unspecified,Preliminary,Automatic,2019-07-31 13:39:34.0000 UTC,,Magnitude not reported
T0240a,T0240a,InSight-site catalog event,4.5024,135.6234,Unspecified,Preliminary,Automatic,2019-07-31 13:01:49.0000 UTC,,Magnitude not reported
S0240b,S0240b,InSight-site catalog event,4.5024,135.6234,Elysium Southwest,Preliminary,Manual,2019-07-30 19:31:24.0000 UTC,2.0,MW 2.0
S0239a,S0239a,InSight-site catalog event,4.5024,135.6234,Elysium Southwest,Preliminary,Manual,2019-07-30 14:13:18.0000 UTC,1.8,MW 1.8
T0239c,T0239c,InSight-site catalog event,4.5024,135.6234,Unspecified,Preliminary,Automatic,2019-07-30 13:46:52.0000 UTC,,Magnitude not reported
T0239b,T0239b,InSight-site catalog event,4.5024,135.6234,Unspecified,Preliminary,Automatic,2019-07-30 13:22:13.0000 UTC,,Magnitude not reported
T0239a,T0239a,InSight-site catalog event,4.5024,135.6234,Unspecified,Preliminary,Automatic,2019-07-30 12:30:20.0000 UTC,,Magnitude not reported
S0238a,S0238a,InSight-site catalog event,4.5024,135.6234,Elysium Southwest,Preliminary,Manual,2019-07-29 13:23:15.129918 UTC,,Magnitude not reported
T0238b,T0238b,InSight-site catalog event,4.5024,135.6234,Unspecified,Preliminary,Automatic,2019-07-29 13:05:54.0000 UTC,,Magnitude not reported
T0238a,T0238a,InSight-site catalog event,4.5024,135.6234,Unspecified,Preliminary,Automatic,2019-07-29 12:05:01.0000 UTC,,Magnitude not reported
S0237a,S0237a,InSight-site catalog event,4.5024,135.6234,Elysium Southwest,Preliminary,Manual,2019-07-28 14:08:41.322834 UTC,,Magnitude not reported
T0237b,T0237b,InSight-site catalog event,4.5024,135.6234,Unspecified,Preliminary,Automatic,2019-07-28 12:31:35.075 UTC,,Magnitude not reported
T0237a,T0237a,InSight-site catalog event,4.5024,135.6234,Unspecified,Preliminary,Automatic,2019-07-28 12:22:51.0000 UTC,,Magnitude not reported
S0236b,S0236b,InSight-site catalog event,4.5024,135.6234,Elysium Southwest,Preliminary,Manual,2019-07-27 13:44:53.048358 UTC,,Magnitude not reported
T0236b,T0236b,InSight-site catalog event,4.5024,135.6234,Unspecified,Preliminary,Automatic,2019-07-27 11:50:04.0000 UTC,,Magnitude not reported
T0236a,T0236a,InSight-site catalog event,4.5024,135.6234,Unspecified,Preliminary,Automatic,2019-07-27 11:19:06.0000 UTC,,Magnitude not reported
S0236a,S0236a,InSight-site catalog event,4.5024,135.6234,Elysium Southwest,Preliminary,Manual,2019-07-27 10:39:02.991569 UTC,,Magnitude not reported
S0235d,S0235d,InSight-site catalog event,4.5024,135.6234,Elysium Southwest,Preliminary,Manual,2019-07-26 15:05:00.0000 UTC,1.6,MW 1.6
S0235c,S0235c,InSight-site catalog event,4.5024,135.6234,Elysium Southwest,Reviewed,Manual,2019-07-26 12:50:10.522093 UTC,2.7,MW 2.7
T0235b,T0235b,InSight-site catalog event,4.5024,135.6234,Unspecified,Preliminary,Automatic,2019-07-26 11:02:39.0000 UTC,,Magnitude not reported
T0235a,T0235a,InSight-site catalog event,4.5024,135.6234,Unspecified,Preliminary,Automatic,2019-07-26 10:51:49.0000 UTC,,Magnitude not reported
S0235a,S0235a,InSight-site catalog event,4.5024,135.6234,Elysium Southwest,Preliminary,Manual,2019-07-26 10:42:38.037472 UTC,,Magnitude not reported
S0234d,S0234d,InSight-site catalog event,4.5024,135.6234,Elysium Southwest,Reviewed,Manual,2019-07-25 14:11:09.65184 UTC,,Magnitude not reported
S0234c,S0234c,InSight-site catalog event,4.5024,135.6234,Elysium Southwest,Reviewed,Manual,2019-07-25 12:51:18.990042 UTC,2.9,MW 2.9
S0234b,S0234b,InSight-site catalog event,4.5024,135.6234,Elysium Southwest,Preliminary,Manual,2019-07-25 12:28:10.0000 UTC,1.2,MW 1.2
T0234d,T0234d,InSight-site catalog event,4.5024,135.6234,Unspecified,Preliminary,Automatic,2019-07-25 10:26:01.51 UTC,,Magnitude not reported
S0234a,S0234a,InSight-site catalog event,4.5024,135.6234,Elysium Southwest,Preliminary,Manual,2019-07-25 10:15:28.403991 UTC,,Magnitude not reported
T0234c,T0234c,InSight-site catalog event,4.5024,135.6234,Unspecified,Preliminary,Automatic,2019-07-25 09:39:30.0000 UTC,,Magnitude not reported
T0234b,T0234b,InSight-site catalog event,4.5024,135.6234,Unspecified,Preliminary,Automatic,2019-07-25 09:19:09.0000 UTC,,Magnitude not reported
T0234a,T0234a,InSight-site catalog event,4.5024,135.6234,Unspecified,Preliminary,Automatic,2019-07-25 08:46:21.41 UTC,,Magnitude not reported
S0233a,S0233a,InSight-site catalog event,4.5024,135.6234,Elysium Southwest,Preliminary,Manual,2019-07-24 11:39:16.522335 UTC,,Magnitude not reported
T0233b,T0233b,InSight-site catalog event,4.5024,135.6234,Unspecified,Preliminary,Automatic,2019-07-24 09:43:50.0000 UTC,,Magnitude not reported
T0233a,T0233a,InSight-site catalog event,4.5024,135.6234,Unspecified,Preliminary,Automatic,2019-07-24 09:06:25.0000 UTC,,Magnitude not reported
T0232b,T0232b,InSight-site catalog event,4.5024,135.6234,Unspecified,Preliminary,Automatic,2019-07-23 09:06:00.839 UTC,,Magnitude not reported
T0232a,T0232a,InSight-site catalog event,4.5024,135.6234,Unspecified,Preliminary,Automatic,2019-07-23 09:03:03.0000 UTC,,Magnitude not reported
T0231b,T0231b,InSight-site catalog event,4.5024,135.6234,Unspecified,Preliminary,Automatic,2019-07-22 08:28:27.0000 UTC,,Magnitude not reported
S0231b,S0231b,InSight-site catalog event,4.5024,135.6234,Elysium Southwest,Preliminary,Manual,2019-07-22 08:09:45.0000 UTC,1.9,MW 1.9
T0231a,T0231a,InSight-site catalog event,4.5024,135.6234,Unspecified,Preliminary,Automatic,2019-07-22 07:24:10.0000 UTC,,Magnitude not reported
S0231a,S0231a,InSight-site catalog event,4.5024,135.6234,Elysium Southwest,Preliminary,Manual,2019-07-22 07:21:02.086573 UTC,,Magnitude not reported
T0230a,T0230a,InSight-site catalog event,4.5024,135.6234,Unspecified,Preliminary,Automatic,2019-07-21 07:17:41.0000 UTC,,Magnitude not reported
S0229a,S0229a,InSight-site catalog event,4.5024,135.6234,Elysium Southwest,Preliminary,Manual,2019-07-20 08:46:52.0000 UTC,1.6,MW 1.6
T0229b,T0229b,InSight-site catalog event,4.5024,135.6234,Unspecified,Preliminary,Automatic,2019-07-20 07:11:24.203 UTC,,Magnitude not reported
T0229a,T0229a,InSight-site catalog event,4.5024,135.6234,Unspecified,Preliminary,Automatic,2019-07-20 06:12:11.0000 UTC,,Magnitude not reported
S0228c,S0228c,InSight-site catalog event,4.5024,135.6234,Elysium Southwest,Preliminary,Manual,2019-07-19 09:36:34.0000 UTC,1.8,MW 1.8
S0228b,S0228b,InSight-site catalog event,4.5024,135.6234,Elysium Southwest,Preliminary,Manual,2019-07-19 07:12:52.117552 UTC,1.4,MW 1.4
T0228b,T0228b,InSight-site catalog event,4.5024,135.6234,Unspecified,Preliminary,Automatic,2019-07-19 06:29:57.0000 UTC,,Magnitude not reported
S0228a,S0228a,InSight-site catalog event,4.5024,135.6234,Elysium Southwest,Preliminary,Manual,2019-07-19 05:32:03.229166 UTC,,Magnitude not reported
T0228a,T0228a,InSight-site catalog event,4.5024,135.6234,Unspecified,Preliminary,Automatic,2019-07-19 05:23:12.0000 UTC,,Magnitude not reported
S0227d,S0227d,InSight-site catalog event,4.5024,135.6234,Elysium Southwest,Preliminary,Manual,2019-07-18 08:41:45.0000 UTC,1.7,MW 1.7
S0227c,S0227c,InSight-site catalog event,4.5024,135.6234,Elysium Southwest,Preliminary,Manual,2019-07-18 07:44:18.459293 UTC,,Magnitude not reported
S0227b,S0227b,InSight-site catalog event,4.5024,135.6234,Elysium Southwest,Preliminary,Manual,2019-07-18 06:51:17.053781 UTC,,Magnitude not reported
S0227a,S0227a,InSight-site catalog event,4.5024,135.6234,Elysium Southwest,Preliminary,Manual,2019-07-18 06:00:48.680773 UTC,,Magnitude not reported
T0227c,T0227c,InSight-site catalog event,4.5024,135.6234,Unspecified,Preliminary,Automatic,2019-07-18 05:49:04.599 UTC,,Magnitude not reported
T0227b,T0227b,InSight-site catalog event,4.5024,135.6234,Unspecified,Preliminary,Automatic,2019-07-18 04:30:56.0000 UTC,,Magnitude not reported
T0227a,T0227a,InSight-site catalog event,4.5024,135.6234,Unspecified,Preliminary,Automatic,2019-07-18 04:12:53.0000 UTC,,Magnitude not reported
S0226c,S0226c,InSight-site catalog event,4.5024,135.6234,Elysium Southwest,Preliminary,Manual,2019-07-17 06:32:05.322933 UTC,1.6,MW 1.6
S0226b,S0226b,InSight-site catalog event,4.5024,135.6234,Elysium Southwest,Reviewed,Manual,2019-07-17 05:40:01.819067 UTC,3.2,MW 3.2
T0226b,T0226b,InSight-site catalog event,4.5024,135.6234,Unspecified,Preliminary,Automatic,2019-07-17 05:13:06.0000 UTC,,Magnitude not reported
T0226a,T0226a,InSight-site catalog event,4.5024,135.6234,Unspecified,Preliminary,Automatic,2019-07-17 05:11:39.0000 UTC,,Magnitude not reported
S0226a,S0226a,InSight-site catalog event,4.5024,135.6234,Elysium Southwest,Reviewed,Manual,2019-07-17 04:28:02.477519 UTC,1.2,MW 1.2
S0225a,S0225a,InSight-site catalog event,4.5024,135.6234,Elysium Southwest,Preliminary,Manual,2019-07-16 06:18:04.954453 UTC,,Magnitude not reported
T0225c,T0225c,InSight-site catalog event,4.5024,135.6234,Unspecified,Preliminary,Automatic,2019-07-16 04:31:15.0000 UTC,,Magnitude not reported
T0225b,T0225b,InSight-site catalog event,4.5024,135.6234,Unspecified,Preliminary,Automatic,2019-07-16 03:49:04.0000 UTC,,Magnitude not reported
T0225a,T0225a,InSight-site catalog event,4.5024,135.6234,Unspecified,Preliminary,Automatic,2019-07-16 03:15:24.0000 UTC,,Magnitude not reported
T0224d,T0224d,InSight-site catalog event,4.5024,135.6234,Unspecified,Preliminary,Automatic,2019-07-15 03:48:38.0000 UTC,,Magnitude not reported
T0224c,T0224c,InSight-site catalog event,4.5024,135.6234,Unspecified,Preliminary,Automatic,2019-07-15 02:27:16.0000 UTC,,Magnitude not reported
T0224b,T0224b,InSight-site catalog event,4.5024,135.6234,Unspecified,Preliminary,Automatic,2019-07-15 02:03:03.0000 UTC,,Magnitude not reported
T0224a,T0224a,InSight-site catalog event,4.5024,135.6234,Unspecified,Preliminary,Automatic,2019-07-14 15:52:36.0000 UTC,,Magnitude not reported
T0223c,T0223c,InSight-site catalog event,4.5024,135.6234,Unspecified,Preliminary,Automatic,2019-07-14 03:07:44.0000 UTC,,Magnitude not reported
T0223b,T0223b,InSight-site catalog event,4.5024,135.6234,Unspecified,Preliminary,Automatic,2019-07-14 02:56:48.0000 UTC,,Magnitude not reported
T0223a,T0223a,InSight-site catalog event,4.5024,135.6234,Unspecified,Preliminary,Automatic,2019-07-14 01:22:09.816 UTC,,Magnitude not reported
S0222a,S0222a,InSight-site catalog event,4.5024,135.6234,Elysium Southwest,Preliminary,Manual,2019-07-13 03:30:12.0000 UTC,1.6,MW 1.6
T0222b,T0222b,InSight-site catalog event,4.5024,135.6234,Unspecified,Preliminary,Automatic,2019-07-13 02:29:46.0000 UTC,,Magnitude not reported
T0222a,T0222a,InSight-site catalog event,4.5024,135.6234,Unspecified,Preliminary,Automatic,2019-07-13 01:52:03.0000 UTC,,Magnitude not reported
S0221c,S0221c,InSight-site catalog event,4.5024,135.6234,Elysium Southwest,Reviewed,Manual,2019-07-12 03:35:46.869114 UTC,1.5,MW 1.5
S0221b,S0221b,InSight-site catalog event,4.5024,135.6234,Elysium Southwest,Reviewed,Manual,2019-07-12 03:03:21.874839 UTC,1.6,MW 1.6
T0221b,T0221b,InSight-site catalog event,4.5024,135.6234,Unspecified,Preliminary,Automatic,2019-07-12 01:50:55.0000 UTC,,Magnitude not reported
T0221a,T0221a,InSight-site catalog event,4.5024,135.6234,Unspecified,Preliminary,Automatic,2019-07-12 01:34:20.0000 UTC,,Magnitude not reported
S0221a,S0221a,InSight-site catalog event,4.5024,135.6234,Elysium Southwest,Preliminary,Manual,2019-07-11 07:57:24.104124 UTC,,Magnitude not reported
T0220b,T0220b,InSight-site catalog event,4.5024,135.6234,Unspecified,Preliminary,Automatic,2019-07-11 01:11:30.0000 UTC,,Magnitude not reported
T0220a,T0220a,InSight-site catalog event,4.5024,135.6234,Unspecified,Preliminary,Automatic,2019-07-11 00:32:36.0000 UTC,,Magnitude not reported
S0219c,S0219c,InSight-site catalog event,4.5024,135.6234,Elysium Southwest,Preliminary,Manual,2019-07-10 03:19:32.0000 UTC,1.6,MW 1.6
S0219b,S0219b,InSight-site catalog event,4.5024,135.6234,Elysium Southwest,Preliminary,Manual,2019-07-10 02:21:29.0000 UTC,1.7,MW 1.7
T0219b,T0219b,InSight-site catalog event,4.5024,135.6234,Unspecified,Preliminary,Automatic,2019-07-10 00:31:11.0000 UTC,,Magnitude not reported
S0219a,S0219a,InSight-site catalog event,4.5024,135.6234,Elysium Southwest,Reviewed,Manual,2019-07-10 00:15:28.232776 UTC,1.7,MW 1.7
T0219a,T0219a,InSight-site catalog event,4.5024,135.6234,Unspecified,Preliminary,Automatic,2019-07-09 23:45:47.0000 UTC,,Magnitude not reported
S0218a,S0218a,InSight-site catalog event,4.5024,135.6234,Elysium Southwest,Preliminary,Manual,2019-07-09 04:58:25.0000 UTC,2.2,MW 2.2
T0218b,T0218b,InSight-site catalog event,4.5024,135.6234,Unspecified,Preliminary,Automatic,2019-07-08 23:47:26.0000 UTC,,Magnitude not reported
T0218a,T0218a,InSight-site catalog event,4.5024,135.6234,Unspecified,Preliminary,Automatic,2019-07-08 23:33:44.0000 UTC,,Magnitude not reported
S0217a,S0217a,InSight-site catalog event,4.5024,135.6234,Elysium Southwest,Reviewed,Manual,2019-07-08 00:25:36.574147 UTC,,Magnitude not reported
T0217b,T0217b,InSight-site catalog event,4.5024,135.6234,Unspecified,Preliminary,Automatic,2019-07-07 23:07:29.0000 UTC,,Magnitude not reported
T0217a,T0217a,InSight-site catalog event,4.5024,135.6234,Unspecified,Preliminary,Automatic,2019-07-07 22:23:08.0000 UTC,,Magnitude not reported
S0216c,S0216c,InSight-site catalog event,4.5024,135.6234,Elysium Southwest,Preliminary,Manual,2019-07-07 00:34:39.567526 UTC,,Magnitude not reported
S0216a,S0216a,InSight-site catalog event,4.5024,135.6234,Elysium Southwest,Preliminary,Manual,2019-07-06 23:51:24.0000 UTC,1.6,MW 1.6
T0216b,T0216b,InSight-site catalog event,4.5024,135.6234,Unspecified,Preliminary,Automatic,2019-07-06 22:30:35.0000 UTC,,Magnitude not reported
T0216a,T0216a,InSight-site catalog event,4.5024,135.6234,Unspecified,Preliminary,Automatic,2019-07-06 21:38:56.0000 UTC,,Magnitude not reported
S0216b,S0216b,InSight-site catalog event,4.5024,135.6234,Elysium Southwest,Preliminary,Manual,2019-07-06 09:55:17.0000 UTC,1.6,MW 1.6
S0215b,S0215b,InSight-site catalog event,4.5024,135.6234,Elysium Southwest,Preliminary,Manual,2019-07-05 23:43:11.538672 UTC,,Magnitude not reported
S0215a,S0215a,InSight-site catalog event,4.5024,135.6234,Elysium Southwest,Preliminary,Manual,2019-07-05 23:10:18.0000 UTC,1.7,MW 1.7
T0215b,T0215b,InSight-site catalog event,4.5024,135.6234,Unspecified,Preliminary,Automatic,2019-07-05 21:51:16.0000 UTC,,Magnitude not reported
T0215a,T0215a,InSight-site catalog event,4.5024,135.6234,Unspecified,Preliminary,Automatic,2019-07-05 21:10:40.0000 UTC,,Magnitude not reported
T0214b,T0214b,InSight-site catalog event,4.5024,135.6234,Unspecified,Preliminary,Automatic,2019-07-04 21:11:52.0000 UTC,,Magnitude not reported
T0214a,T0214a,InSight-site catalog event,4.5024,135.6234,Unspecified,Preliminary,Automatic,2019-07-04 20:37:27.0000 UTC,,Magnitude not reported
T0213b,T0213b,InSight-site catalog event,4.5024,135.6234,Unspecified,Preliminary,Automatic,2019-07-03 20:36:02.0000 UTC,,Magnitude not reported
T0213a,T0213a,InSight-site catalog event,4.5024,135.6234,Elysium Southwest,Preliminary,Automatic,2019-07-03 19:42:53.0000 UTC,,Magnitude not reported
S0213a,S0213a,InSight-site catalog event,4.5024,135.6234,Elysium Southwest,Preliminary,Manual,2019-07-03 06:43:59.0000 UTC,1.8,MW 1.8
T0212b,T0212b,InSight-site catalog event,4.5024,135.6234,Unspecified,Preliminary,Automatic,2019-07-02 20:01:36.0000 UTC,,Magnitude not reported
T0212a,T0212a,InSight-site catalog event,4.5024,135.6234,Elysium Southwest,Preliminary,Automatic,2019-07-02 19:12:43.0000 UTC,,Magnitude not reported
S0212c,S0212c,InSight-site catalog event,4.5024,135.6234,Elysium Southwest,Reviewed,Manual,2019-07-02 07:28:49.988357 UTC,1.6,MW 1.6
S0212b,S0212b,InSight-site catalog event,4.5024,135.6234,Elysium Southwest,Preliminary,Manual,2019-07-02 06:24:31.4222 UTC,,Magnitude not reported
S0212a,S0212a,InSight-site catalog event,4.5024,135.6234,Elysium Southwest,Reviewed,Manual,2019-07-02 03:41:09.561263 UTC,1.7,MW 1.7
S0211a,S0211a,InSight-site catalog event,4.5024,135.6234,Elysium Southwest,Preliminary,Manual,2019-07-01 21:34:33.772581 UTC,,Magnitude not reported
S0211b,S0211b,InSight-site catalog event,4.5024,135.6234,Elysium Southwest,Preliminary,Manual,2019-07-01 19:44:21.067038 UTC,,Magnitude not reported
T0211c,T0211c,InSight-site catalog event,4.5024,135.6234,Unspecified,Preliminary,Automatic,2019-07-01 19:18:22.0000 UTC,,Magnitude not reported
T0211b,T0211b,InSight-site catalog event,4.5024,135.6234,Elysium Southwest,Preliminary,Automatic,2019-07-01 18:47:12.0000 UTC,,Magnitude not reported
T0211a,T0211a,InSight-site catalog event,4.5024,135.6234,Unspecified,Preliminary,Automatic,2019-07-01 17:06:04.71 UTC,,Magnitude not reported
T0210b,T0210b,InSight-site catalog event,4.5024,135.6234,Unspecified,Preliminary,Automatic,2019-06-30 18:38:06.0000 UTC,,Magnitude not reported
T0210a,T0210a,InSight-site catalog event,4.5024,135.6234,Elysium Southwest,Preliminary,Automatic,2019-06-30 17:30:35.0000 UTC,,Magnitude not reported
T0209b,T0209b,InSight-site catalog event,4.5024,135.6234,Unspecified,Preliminary,Automatic,2019-06-29 17:56:03.0000 UTC,,Magnitude not reported
T0209a,T0209a,InSight-site catalog event,4.5024,135.6234,Unspecified,Preliminary,Automatic,2019-06-29 16:17:08.816 UTC,,Magnitude not reported
T0208b,T0208b,InSight-site catalog event,4.5024,135.6234,Unspecified,Preliminary,Automatic,2019-06-28 17:21:37.0000 UTC,,Magnitude not reported
T0208a,T0208a,InSight-site catalog event,4.5024,135.6234,Unspecified,Preliminary,Automatic,2019-06-28 15:56:17.0000 UTC,,Magnitude not reported
T0207b,T0207b,InSight-site catalog event,4.5024,135.6234,Unspecified,Preliminary,Automatic,2019-06-27 16:35:00.0000 UTC,,Magnitude not reported
T0207a,T0207a,InSight-site catalog event,4.5024,135.6234,Unspecified,Preliminary,Automatic,2019-06-27 15:39:09.0000 UTC,,Magnitude not reported
T0206b,T0206b,InSight-site catalog event,4.5024,135.6234,Unspecified,Preliminary,Automatic,2019-06-26 15:55:04.0000 UTC,,Magnitude not reported
T0206a,T0206a,InSight-site catalog event,4.5024,135.6234,Elysium Southwest,Preliminary,Automatic,2019-06-26 15:33:49.0000 UTC,,Magnitude not reported
S0205a,S0205a,InSight-site catalog event,4.5024,135.6234,Elysium Southwest,Reviewed,Manual,2019-06-25 17:06:13.939431 UTC,3.0,MW 3.0
T0205b,T0205b,InSight-site catalog event,4.5024,135.6234,Unspecified,Preliminary,Automatic,2019-06-25 15:18:53.0000 UTC,,Magnitude not reported
T0205a,T0205a,InSight-site catalog event,4.5024,135.6234,Elysium Southwest,Preliminary,Automatic,2019-06-25 14:50:23.0000 UTC,,Magnitude not reported
T0204a,T0204a,InSight-site catalog event,4.5024,135.6234,Unspecified,Preliminary,Automatic,2019-06-24 14:37:49.0000 UTC,,Magnitude not reported
S0204a,S0204a,InSight-site catalog event,4.5024,135.6234,Elysium Southwest,Preliminary,Manual,2019-06-23 23:52:05.282264 UTC,,Magnitude not reported
S0203b,S0203b,InSight-site catalog event,4.5024,135.6234,Elysium Southwest,Preliminary,Manual,2019-06-23 17:11:40.0000 UTC,1.7,MW 1.7
S0203a,S0203a,InSight-site catalog event,4.5024,135.6234,Elysium Southwest,Preliminary,Manual,2019-06-23 15:41:10.579345 UTC,,Magnitude not reported
T0203b,T0203b,InSight-site catalog event,4.5024,135.6234,Unspecified,Preliminary,Automatic,2019-06-23 13:49:44.0000 UTC,,Magnitude not reported
T0203a,T0203a,InSight-site catalog event,4.5024,135.6234,Elysium Southwest,Preliminary,Automatic,2019-06-23 13:07:02.0000 UTC,,Magnitude not reported
S0202c,S0202c,InSight-site catalog event,4.5024,135.6234,Elysium Southwest,Preliminary,Manual,2019-06-22 15:46:19.0000 UTC,1.8,MW 1.8
S0202b,S0202b,InSight-site catalog event,4.5024,135.6234,Elysium Southwest,Preliminary,Manual,2019-06-22 14:00:03.0000 UTC,1.6,MW 1.6
T0202b,T0202b,InSight-site catalog event,4.5024,135.6234,Unspecified,Preliminary,Automatic,2019-06-22 13:09:55.0000 UTC,,Magnitude not reported
T0202a,T0202a,InSight-site catalog event,4.5024,135.6234,Elysium Southwest,Preliminary,Automatic,2019-06-22 12:40:35.0000 UTC,,Magnitude not reported
S0202a,S0202a,InSight-site catalog event,4.5024,135.6234,Elysium Southwest,Preliminary,Manual,2019-06-22 01:12:10.378059 UTC,,Magnitude not reported
S0201b,S0201b,InSight-site catalog event,4.5024,135.6234,Elysium Southwest,Reviewed,Manual,2019-06-21 15:08:05.945711 UTC,1.6,MW 1.6
S0201a,S0201a,InSight-site catalog event,4.5024,135.6234,Elysium Southwest,Reviewed,Manual,2019-06-21 12:50:10.764323 UTC,,Magnitude not reported
T0201b,T0201b,InSight-site catalog event,4.5024,135.6234,Unspecified,Preliminary,Automatic,2019-06-21 12:29:34.0000 UTC,,Magnitude not reported
T0201a,T0201a,InSight-site catalog event,4.5024,135.6234,Elysium Southwest,Preliminary,Automatic,2019-06-21 12:05:21.0000 UTC,,Magnitude not reported
S0200a,S0200a,InSight-site catalog event,4.5024,135.6234,Elysium Southwest,Preliminary,Manual,2019-06-20 14:56:41.0000 UTC,1.6,MW 1.6
T0200c,T0200c,InSight-site catalog event,4.5024,135.6234,Unspecified,Preliminary,Automatic,2019-06-20 11:48:58.0000 UTC,,Magnitude not reported
T0200b,T0200b,InSight-site catalog event,4.5024,135.6234,Elysium Southwest,Preliminary,Automatic,2019-06-20 11:40:07.0000 UTC,,Magnitude not reported
T0200a,T0200a,InSight-site catalog event,4.5024,135.6234,Unspecified,Preliminary,Automatic,2019-06-20 10:19:20.772 UTC,,Magnitude not reported
T0199b,T0199b,InSight-site catalog event,4.5024,135.6234,Unspecified,Preliminary,Automatic,2019-06-19 11:10:13.0000 UTC,,Magnitude not reported
T0199a,T0199a,InSight-site catalog event,4.5024,135.6234,Unspecified,Preliminary,Automatic,2019-06-19 09:57:12.0000 UTC,,Magnitude not reported
T0198c,T0198c,InSight-site catalog event,4.5024,135.6234,Unspecified,Preliminary,Automatic,2019-06-18 10:27:44.767 UTC,,Magnitude not reported
T0198b,T0198b,InSight-site catalog event,4.5024,135.6234,Elysium Southwest,Preliminary,Automatic,2019-06-18 10:10:50.0000 UTC,,Magnitude not reported
T0198a,T0198a,InSight-site catalog event,4.5024,135.6234,Unspecified,Preliminary,Automatic,2019-06-17 22:29:43.0000 UTC,,Magnitude not reported
S0197a,S0197a,InSight-site catalog event,4.5024,135.6234,Elysium Southwest,Preliminary,Manual,2019-06-17 12:11:30.936698 UTC,,Magnitude not reported
T0197b,T0197b,InSight-site catalog event,4.5024,135.6234,Elysium Southwest,Preliminary,Automatic,2019-06-17 09:31:42.0000 UTC,,Magnitude not reported
T0197a,T0197a,InSight-site catalog event,4.5024,135.6234,Unspecified,Preliminary,Automatic,2019-06-17 08:11:56.113 UTC,,Magnitude not reported
T0196b,T0196b,InSight-site catalog event,4.5024,135.6234,Unspecified,Preliminary,Automatic,2019-06-16 09:06:04.812 UTC,,Magnitude not reported
T0196a,T0196a,InSight-site catalog event,4.5024,135.6234,Elysium Southwest,Preliminary,Automatic,2019-06-16 08:46:42.0000 UTC,,Magnitude not reported
T0195b,T0195b,InSight-site catalog event,4.5024,135.6234,Unspecified,Preliminary,Automatic,2019-06-15 08:33:27.0000 UTC,,Magnitude not reported
T0195a,T0195a,InSight-site catalog event,4.5024,135.6234,Elysium Southwest,Preliminary,Automatic,2019-06-15 08:11:47.0000 UTC,,Magnitude not reported
S0194d,S0194d,InSight-site catalog event,4.5024,135.6234,Elysium Southwest,Preliminary,Manual,2019-06-14 12:28:24.64145 UTC,,Magnitude not reported
S0194c,S0194c,InSight-site catalog event,4.5024,135.6234,Elysium Southwest,Preliminary,Manual,2019-06-14 10:29:37.0000 UTC,1.8,MW 1.8
S0194b,S0194b,InSight-site catalog event,4.5024,135.6234,Elysium Southwest,Preliminary,Manual,2019-06-14 08:03:21.055123 UTC,,Magnitude not reported
S0194a,S0194a,InSight-site catalog event,4.5024,135.6234,Elysium Southwest,Preliminary,Manual,2019-06-14 07:29:35.301312 UTC,,Magnitude not reported
T0193c,T0193c,InSight-site catalog event,4.5024,135.6234,Unspecified,Preliminary,Automatic,2019-06-13 11:17:23.0000 UTC,,Magnitude not reported
T0193b,T0193b,InSight-site catalog event,4.5024,135.6234,Unspecified,Preliminary,Automatic,2019-06-13 07:08:57.0000 UTC,,Magnitude not reported
S0193a,S0193a,InSight-site catalog event,4.5024,135.6234,Elysium Southwest,Preliminary,Manual,2019-06-13 07:02:05.0000 UTC,1.7,MW 1.7
T0193a,T0193a,InSight-site catalog event,4.5024,135.6234,Unspecified,Preliminary,Automatic,2019-06-13 06:06:00.0000 UTC,,Magnitude not reported
T0192b,T0192b,InSight-site catalog event,4.5024,135.6234,Unspecified,Preliminary,Automatic,2019-06-12 06:28:03.593 UTC,,Magnitude not reported
T0192a,T0192a,InSight-site catalog event,4.5024,135.6234,Elysium Southwest,Preliminary,Automatic,2019-06-12 05:53:02.0000 UTC,,Magnitude not reported
S0191a,S0191a,InSight-site catalog event,4.5024,135.6234,Elysium Southwest,Preliminary,Manual,2019-06-11 06:55:33.262018 UTC,,Magnitude not reported
T0191a,T0191a,InSight-site catalog event,4.5024,135.6234,Unspecified,Preliminary,Automatic,2019-06-11 05:52:08.0000 UTC,,Magnitude not reported
S0190a,S0190a,InSight-site catalog event,4.5024,135.6234,Elysium Southwest,Reviewed,Manual,2019-06-10 07:38:40.448216 UTC,2.8,MW 2.8
T0190b,T0190b,InSight-site catalog event,4.5024,135.6234,Unspecified,Preliminary,Automatic,2019-06-10 05:09:00.0000 UTC,,Magnitude not reported
T0190a,T0190a,InSight-site catalog event,4.5024,135.6234,Elysium Southwest,Preliminary,Automatic,2019-06-10 04:31:51.0000 UTC,,Magnitude not reported
S0189a,S0189a,InSight-site catalog event,4.5024,135.6234,Elysium Southwest,Reviewed,Manual,2019-06-09 05:35:55.504179 UTC,2.8,MW 2.8
T0189a,T0189a,InSight-site catalog event,4.5024,135.6234,Unspecified,Preliminary,Automatic,2019-06-09 04:33:30.559 UTC,,Magnitude not reported
S0186a,S0186a,InSight-site catalog event,4.5024,135.6234,Elysium Southwest,Preliminary,Manual,2019-06-06 03:30:19.0000 UTC,1.7,MW 1.7
S0186b,S0186b,InSight-site catalog event,4.5024,135.6234,Elysium Southwest,Preliminary,Manual,2019-06-05 11:12:56.695141 UTC,,Magnitude not reported
S0185b,S0185b,InSight-site catalog event,4.5024,135.6234,Elysium Southwest,Preliminary,Manual,2019-06-05 03:25:46.0000 UTC,2.0,MW 2.0
S0185a,S0185a,InSight-site catalog event,4.5024,135.6234,Elysium Southwest,Reviewed,Manual,2019-06-05 02:06:37.945316 UTC,3.1,MW 3.1
S0183b,S0183b,InSight-site catalog event,4.5024,135.6234,Elysium Southwest,Preliminary,Manual,2019-06-03 03:54:19.0000 UTC,1.7,MW 1.7
S0182a,S0182a,InSight-site catalog event,4.5024,135.6234,Elysium Southwest,Preliminary,Manual,2019-06-02 02:00:00.0000 UTC,1.6,MW 1.6
S0174a,S0174a,InSight-site catalog event,4.5024,135.6234,Elysium Southwest,Reviewed,Manual,2019-05-24 21:24:43.774434 UTC,,Magnitude not reported
S0171a,S0171a,InSight-site catalog event,4.5024,135.6234,Elysium Southwest,Reviewed,Manual,2019-05-21 18:53:52.234751 UTC,,Magnitude not reported
S0168a,S0168a,InSight-site catalog event,4.5024,135.6234,Elysium Southwest,Preliminary,Manual,2019-05-18 18:00:00.0000 UTC,1.7,MW 1.7
S0167b,S0167b,InSight-site catalog event,4.5024,135.6234,Elysium Southwest,Reviewed,Manual,2019-05-17 19:27:04.012298 UTC,,Magnitude not reported
S0167a,S0167a,InSight-site catalog event,4.5024,135.6234,Elysium Southwest,Reviewed,Manual,2019-05-17 16:43:26.072369 UTC,3.6,MW 3.6
S0166a,S0166a,InSight-site catalog event,4.5024,135.6234,Elysium Southwest,Reviewed,Manual,2019-05-16 11:02:26.140176 UTC,,Magnitude not reported
S0154a,S0154a,InSight-site catalog event,4.5024,135.6234,Elysium Southwest,Reviewed,Manual,2019-05-04 07:03:46.211635 UTC,2.9,MW 2.9
S0152a,S0152a,InSight-site catalog event,4.5024,135.6234,Elysium Southwest,Reviewed,Manual,2019-05-02 07:19:49.0000 UTC,2.9,MW 2.9
S0151a,S0151a,InSight-site catalog event,4.5024,135.6234,Elysium Southwest,Preliminary,Manual,2019-05-01 03:03:36.0000 UTC,1.8,MW 1.8
S0133a,S0133a,InSight-site catalog event,4.5024,135.6234,Elysium Southwest,Reviewed,Manual,2019-04-12 18:10:36.207662 UTC,3.1,MW 3.1
S0132a,S0132a,InSight-site catalog event,4.5024,135.6234,Elysium Southwest,Reviewed,Manual,2019-04-11 13:27:57.778515 UTC,,Magnitude not reported
S0128a,S0128a,InSight-site catalog event,4.5024,135.6234,Elysium Southwest,Preliminary,Manual,2019-04-07 09:31:52.0000 UTC,2.2,MW 2.2
S0116a,S0116a,InSight-site catalog event,4.5024,135.6234,Elysium Southwest,Preliminary,Manual,2019-03-26 06:22:19.90061 UTC,,Magnitude not reported
T0046a,T0046a,InSight-site catalog event,4.5024,135.6234,Elysium Southwest,Preliminary,Automatic,2019-01-13 05:53:45.0000 UTC,,Magnitude not reported
T0045a,T0045a,InSight-site catalog event,4.5024,135.6234,Elysium Southwest,Preliminary,Automatic,2019-01-12 05:09:39.0000 UTC,,Magnitude not reported
