solid sky
 facet normal 0.000000 0.000000 1.000000
  outer loop
   vertex 0.000 0.000 349.908
   vertex 100.000 0.000 349.908
   vertex 100.000 100.000 349.908
  endloop
 endfacet
 facet normal 0.000000 0.000000 1.000000
  outer loop
   vertex 0.000 0.000 349.908
   vertex 100.000 100.000 349.908
   vertex 0.000 100.000 349.908
  endloop
 endfacet
 facet normal 0.000000 0.000000 1.000000
  outer loop
   vertex 100.000 0.000 349.908
   vertex 200.000 0.000 349.908
   vertex 200.000 100.000 349.908
  endloop
 endfacet
 facet normal 0.000000 0.000000 1.000000
  outer loop
   vertex 100.000 0.000 349.908
   vertex 200.000 100.000 349.908
   vertex 100.000 100.000 349.908
  endloop
 endfacet
 facet normal 0.000000 0.000000 1.000000
  outer loop
   vertex 200.000 0.000 349.908
   vertex 300.000 0.000 349.908
   vertex 300.000 100.000 349.908
  endloop
 endfacet
 facet normal 0.000000 0.000000 1.000000
  outer loop
   vertex 200.000 0.000 349.908
   vertex 300.000 100.000 349.908
   vertex 200.000 100.000 349.908
  endloop
 endfacet
 facet normal 0.000000 0.000000 1.000000
  outer loop
   vertex 300.000 0.000 349.908
   vertex 400.000 0.000 349.908
   vertex 400.000 100.000 349.908
  endloop
 endfacet
 facet normal 0.000000 0.000000 1.000000
  outer loop
   vertex 300.000 0.000 349.908
   vertex 400.000 100.000 349.908
   vertex 300.000 100.000 349.908
  endloop
 endfacet
 facet normal 0.000000 0.000000 1.000000
  outer loop
   vertex 400.000 0.000 349.908
   vertex 500.000 0.000 349.908
   vertex 500.000 100.000 349.908
  endloop
 endfacet
 facet normal 0.000000 0.000000 1.000000
  outer loop
   vertex 400.000 0.000 349.908
   vertex 500.000 100.000 349.908
   vertex 400.000 100.000 349.908
  endloop
 endfacet
 facet normal 0.000000 0.000000 1.000000
  outer loop
   vertex 500.000 0.000 349.908
   vertex 600.000 0.000 349.908
   vertex 600.000 100.000 349.908
  endloop
 endfacet
 facet normal 0.000000 0.000000 1.000000
  outer loop
   vertex 500.000 0.000 349.908
   vertex 600.000 100.000 349.908
   vertex 500.000 100.000 349.908
  endloop
 endfacet
 facet normal 0.000000 0.000000 1.000000
  outer loop
   vertex 600.000 0.000 349.908
   vertex 700.000 0.000 349.908
   vertex 700.000 100.000 349.908
  endloop
 endfacet
 facet normal 0.000000 0.000000 1.000000
  outer loop
   vertex 600.000 0.000 349.908
   vertex 700.000 100.000 349.908
   vertex 600.000 100.000 349.908
  endloop
 endfacet
 facet normal 0.000000 0.000000 1.000000
  outer loop
   vertex 700.000 0.000 349.908
   vertex 800.000 0.000 349.908
   vertex 800.000 100.000 349.908
  endloop
 endfacet
 facet normal 0.000000 0.000000 1.000000
  outer loop
   vertex 700.000 0.000 349.908
   vertex 800.000 100.000 349.908
   vertex 700.000 100.000 349.908
  endloop
 endfacet
 facet normal 0.000000 0.000000 1.000000
  outer loop
   vertex 800.000 0.000 349.908
   vertex 900.000 0.000 349.908
   vertex 900.000 100.000 349.908
  endloop
 endfacet
 facet normal 0.000000 0.000000 1.000000
  outer loop
   vertex 800.000 0.000 349.908
   vertex 900.000 100.000 349.908
   vertex 800.000 100.000 349.908
  endloop
 endfacet
 facet normal 0.000000 0.000000 1.000000
  outer loop
   vertex 900.000 0.000 349.908
   vertex 1000.000 0.000 349.908
   vertex 1000.000 100.000 349.908
  endloop
 endfacet
 facet normal 0.000000 0.000000 1.000000
  outer loop
   vertex 900.000 0.000 349.908
   vertex 1000.000 100.000 349.908
   vertex 900.000 100.000 349.908
  endloop
 endfacet
 facet normal 0.000000 0.000000 1.000000
  outer loop
   vertex 1000.000 0.000 349.908
   vertex 1100.000 0.000 349.908
   vertex 1100.000 100.000 349.908
  endloop
 endfacet
 facet normal 0.000000 0.000000 1.000000
  outer loop
   vertex 1000.000 0.000 349.908
   vertex 1100.000 100.000 349.908
   vertex 1000.000 100.000 349.908
  endloop
 endfacet
 facet normal 0.000000 0.000000 1.000000
  outer loop
   vertex 1100.000 0.000 349.908
   vertex 1200.000 0.000 349.908
   vertex 1200.000 100.000 349.908
  endloop
 endfacet
 facet normal 0.000000 0.000000 1.000000
  outer loop
   vertex 1100.000 0.000 349.908
   vertex 1200.000 100.000 349.908
   vertex 1100.000 100.000 349.908
  endloop
 endfacet
 facet normal 0.000000 0.000000 1.000000
  outer loop
   vertex 1200.000 0.000 349.908
   vertex 1300.000 0.000 349.908
   vertex 1300.000 100.000 349.908
  endloop
 endfacet
 facet normal 0.000000 0.000000 1.000000
  outer loop
   vertex 1200.000 0.000 349.908
   vertex 1300.000 100.000 349.908
   vertex 1200.000 100.000 349.908
  endloop
 endfacet
 facet normal 0.000000 0.000000 1.000000
  outer loop
   vertex 1300.000 0.000 349.908
   vertex 1400.000 0.000 349.908
   vertex 1400.000 100.000 349.908
  endloop
 endfacet
 facet normal 0.000000 0.000000 1.000000
  outer loop
   vertex 1300.000 0.000 349.908
   vertex 1400.000 100.000 349.908
   vertex 1300.000 100.000 349.908
  endloop
 endfacet
 facet normal 0.000000 0.000000 1.000000
  outer loop
   vertex 1400.000 0.000 349.908
   vertex 1500.000 0.000 349.908
   vertex 1500.000 100.000 349.908
  endloop
 endfacet
 facet normal 0.000000 0.000000 1.000000
  outer loop
   vertex 1400.000 0.000 349.908
   vertex 1500.000 100.000 349.908
   vertex 1400.000 100.000 349.908
  endloop
 endfacet
 facet normal 0.000000 0.000000 1.000000
  outer loop
   vertex 1500.000 0.000 349.908
   vertex 1600.000 0.000 349.908
   vertex 1600.000 100.000 349.908
  endloop
 endfacet
 facet normal 0.000000 0.000000 1.000000
  outer loop
   vertex 1500.000 0.000 349.908
   vertex 1600.000 100.000 349.908
   vertex 1500.000 100.000 349.908
  endloop
 endfacet
 facet normal 0.000000 0.000000 1.000000
  outer loop
   vertex 1600.000 0.000 349.908
   vertex 1700.000 0.000 349.908
   vertex 1700.000 100.000 349.908
  endloop
 endfacet
 facet normal 0.000000 0.000000 1.000000
  outer loop
   vertex 1600.000 0.000 349.908
   vertex 1700.000 100.000 349.908
   vertex 1600.000 100.000 349.908
  endloop
 endfacet
 facet normal 0.000000 0.000000 1.000000
  outer loop
   vertex 1700.000 0.000 349.908
   vertex 1800.000 0.000 349.908
   vertex 1800.000 100.000 349.908
  endloop
 endfacet
 facet normal 0.000000 0.000000 1.000000
  outer loop
   vertex 1700.000 0.000 349.908
   vertex 1800.000 100.000 349.908
   vertex 1700.000 100.000 349.908
  endloop
 endfacet
 facet normal 0.000000 0.000000 1.000000
  outer loop
   vertex 1800.000 0.000 349.908
   vertex 1900.000 0.000 349.908
   vertex 1900.000 100.000 349.908
  endloop
 endfacet
 facet normal 0.000000 0.000000 1.000000
  outer loop
   vertex 1800.000 0.000 349.908
   vertex 1900.000 100.000 349.908
   vertex 1800.000 100.000 349.908
  endloop
 endfacet
 facet normal 0.000000 0.000000 1.000000
  outer loop
   vertex 1900.000 0.000 349.908
   vertex 2000.000 0.000 349.908
   vertex 2000.000 100.000 349.908
  endloop
 endfacet
 facet normal 0.000000 0.000000 1.000000
  outer loop
   vertex 1900.000 0.000 349.908
   vertex 2000.000 100.000 349.908
   vertex 1900.000 100.000 349.908
  endloop
 endfacet
 facet normal 0.000000 0.000000 1.000000
  outer loop
   vertex 0.000 100.000 349.908
   vertex 100.000 100.000 349.908
   vertex 100.000 200.000 349.908
  endloop
 endfacet
 facet normal 0.000000 0.000000 1.000000
  outer loop
   vertex 0.000 100.000 349.908
   vertex 100.000 200.000 349.908
   vertex 0.000 200.000 349.908
  endloop
 endfacet
 facet normal 0.000000 0.000000 1.000000
  outer loop
   vertex 100.000 100.000 349.908
   vertex 200.000 100.000 349.908
   vertex 200.000 200.000 349.908
  endloop
 endfacet
 facet normal 0.000000 0.000000 1.000000
  outer loop
   vertex 100.000 100.000 349.908
   vertex 200.000 200.000 349.908
   vertex 100.000 200.000 349.908
  endloop
 endfacet
 facet normal 0.000000 0.000000 1.000000
  outer loop
   vertex 200.000 100.000 349.908
   vertex 300.000 100.000 349.908
   vertex 300.000 200.000 349.908
  endloop
 endfacet
 facet normal 0.000000 0.000000 1.000000
  outer loop
   vertex 200.000 100.000 349.908
   vertex 300.000 200.000 349.908
   vertex 200.000 200.000 349.908
  endloop
 endfacet
 facet normal 0.000000 0.000000 1.000000
  outer loop
   vertex 300.000 100.000 349.908
   vertex 400.000 100.000 349.908
   vertex 400.000 200.000 349.908
  endloop
 endfacet
 facet normal 0.000000 0.000000 1.000000
  outer loop
   vertex 300.000 100.000 349.908
   vertex 400.000 200.000 349.908
   vertex 300.000 200.000 349.908
  endloop
 endfacet
 facet normal 0.000000 0.000000 1.000000
  outer loop
   vertex 400.000 100.000 349.908
   vertex 500.000 100.000 349.908
   vertex 500.000 200.000 349.908
  endloop
 endfacet
 facet normal 0.000000 0.000000 1.000000
  outer loop
   vertex 400.000 100.000 349.908
   vertex 500.000 200.000 349.908
   vertex 400.000 200.000 349.908
  endloop
 endfacet
 facet normal 0.000000 0.000000 1.000000
  outer loop
   vertex 500.000 100.000 349.908
   vertex 600.000 100.000 349.908
   vertex 600.000 200.000 349.908
  endloop
 endfacet
 facet normal 0.000000 0.000000 1.000000
  outer loop
   vertex 500.000 100.000 349.908
   vertex 600.000 200.000 349.908
   vertex 500.000 200.000 349.908
  endloop
 endfacet
 facet normal 0.000000 0.000000 1.000000
  outer loop
   vertex 600.000 100.000 349.908
   vertex 700.000 100.000 349.908
   vertex 700.000 200.000 349.908
  endloop
 endfacet
 facet normal 0.000000 0.000000 1.000000
  outer loop
   vertex 600.000 100.000 349.908
   vertex 700.000 200.000 349.908
   vertex 600.000 200.000 349.908
  endloop
 endfacet
 facet normal 0.000000 0.000000 1.000000
  outer loop
   vertex 700.000 100.000 349.908
   vertex 800.000 100.000 349.908
   vertex 800.000 200.000 349.908
  endloop
 endfacet
 facet normal 0.000000 0.000000 1.000000
  outer loop
   vertex 700.000 100.000 349.908
   vertex 800.000 200.000 349.908
   vertex 700.000 200.000 349.908
  endloop
 endfacet
 facet normal 0.000000 0.000000 1.000000
  outer loop
   vertex 800.000 100.000 349.908
   vertex 900.000 100.000 349.908
   vertex 900.000 200.000 349.908
  endloop
 endfacet
 facet normal 0.000000 0.000000 1.000000
  outer loop
   vertex 800.000 100.000 349.908
   vertex 900.000 200.000 349.908
   vertex 800.000 200.000 349.908
  endloop
 endfacet
 facet normal 0.000000 0.000000 1.000000
  outer loop
   vertex 900.000 100.000 349.908
   vertex 1000.000 100.000 349.908
   vertex 1000.000 200.000 349.908
  endloop
 endfacet
 facet normal 0.000000 0.000000 1.000000
  outer loop
   vertex 900.000 100.000 349.908
   vertex 1000.000 200.000 349.908
   vertex 900.000 200.000 349.908
  endloop
 endfacet
 facet normal 0.000000 0.000000 1.000000
  outer loop
   vertex 1000.000 100.000 349.908
   vertex 1100.000 100.000 349.908
   vertex 1100.000 200.000 349.908
  endloop
 endfacet
 facet normal 0.000000 0.000000 1.000000
  outer loop
   vertex 1000.000 100.000 349.908
   vertex 1100.000 200.000 349.908
   vertex 1000.000 200.000 349.908
  endloop
 endfacet
 facet normal 0.000000 0.000000 1.000000
  outer loop
   vertex 1100.000 100.000 349.908
   vertex 1200.000 100.000 349.908
   vertex 1200.000 200.000 349.908
  endloop
 endfacet
 facet normal 0.000000 0.000000 1.000000
  outer loop
   vertex 1100.000 100.000 349.908
   vertex 1200.000 200.000 349.908
   vertex 1100.000 200.000 349.908
  endloop
 endfacet
 facet normal 0.000000 0.000000 1.000000
  outer loop
   vertex 1200.000 100.000 349.908
   vertex 1300.000 100.000 349.908
   vertex 1300.000 200.000 349.908
  endloop
 endfacet
 facet normal 0.000000 0.000000 1.000000
  outer loop
   vertex 1200.000 100.000 349.908
   vertex 1300.000 200.000 349.908
   vertex 1200.000 200.000 349.908
  endloop
 endfacet
 facet normal 0.000000 0.000000 1.000000
  outer loop
   vertex 1300.000 100.000 349.908
   vertex 1400.000 100.000 349.908
   vertex 1400.000 200.000 349.908
  endloop
 endfacet
 facet normal 0.000000 0.000000 1.000000
  outer loop
   vertex 1300.000 100.000 349.908
   vertex 1400.000 200.000 349.908
   vertex 1300.000 200.000 349.908
  endloop
 endfacet
 facet normal 0.000000 0.000000 1.000000
  outer loop
   vertex 1400.000 100.000 349.908
   vertex 1500.000 100.000 349.908
   vertex 1500.000 200.000 349.908
  endloop
 endfacet
 facet normal 0.000000 0.000000 1.000000
  outer loop
   vertex 1400.000 100.000 349.908
   vertex 1500.000 200.000 349.908
   vertex 1400.000 200.000 349.908
  endloop
 endfacet
 facet normal 0.000000 0.000000 1.000000
  outer loop
   vertex 1500.000 100.000 349.908
   vertex 1600.000 100.000 349.908
   vertex 1600.000 200.000 349.908
  endloop
 endfacet
 facet normal 0.000000 0.000000 1.000000
  outer loop
   vertex 1500.000 100.000 349.908
   vertex 1600.000 200.000 349.908
   vertex 1500.000 200.000 349.908
  endloop
 endfacet
 facet normal 0.000000 0.000000 1.000000
  outer loop
   vertex 1600.000 100.000 349.908
   vertex 1700.000 100.000 349.908
   vertex 1700.000 200.000 349.908
  endloop
 endfacet
 facet normal 0.000000 0.000000 1.000000
  outer loop
   vertex 1600.000 100.000 349.908
   vertex 1700.000 200.000 349.908
   vertex 1600.000 200.000 349.908
  endloop
 endfacet
 facet normal 0.000000 0.000000 1.000000
  outer loop
   vertex 1700.000 100.000 349.908
   vertex 1800.000 100.000 349.908
   vertex 1800.000 200.000 349.908
  endloop
 endfacet
 facet normal 0.000000 0.000000 1.000000
  outer loop
   vertex 1700.000 100.000 349.908
   vertex 1800.000 200.000 349.908
   vertex 1700.000 200.000 349.908
  endloop
 endfacet
 facet normal 0.000000 0.000000 1.000000
  outer loop
   vertex 1800.000 100.000 349.908
   vertex 1900.000 100.000 349.908
   vertex 1900.000 200.000 349.908
  endloop
 endfacet
 facet normal 0.000000 0.000000 1.000000
  outer loop
   vertex 1800.000 100.000 349.908
   vertex 1900.000 200.000 349.908
   vertex 1800.000 200.000 349.908
  endloop
 endfacet
 facet normal 0.000000 0.000000 1.000000
  outer loop
   vertex 1900.000 100.000 349.908
   vertex 2000.000 100.000 349.908
   vertex 2000.000 200.000 349.908
  endloop
 endfacet
 facet normal 0.000000 0.000000 1.000000
  outer loop
   vertex 1900.000 100.000 349.908
   vertex 2000.000 200.000 349.908
   vertex 1900.000 200.000 349.908
  endloop
 endfacet
 facet normal 0.000000 0.000000 1.000000
  outer loop
   vertex 0.000 200.000 349.908
   vertex 100.000 200.000 349.908
   vertex 100.000 300.000 349.908
  endloop
 endfacet
 facet normal 0.000000 0.000000 1.000000
  outer loop
   vertex 0.000 200.000 349.908
   vertex 100.000 300.000 349.908
   vertex 0.000 300.000 349.908
  endloop
 endfacet
 facet normal 0.000000 0.000000 1.000000
  outer loop
   vertex 100.000 200.000 349.908
   vertex 200.000 200.000 349.908
   vertex 200.000 300.000 349.908
  endloop
 endfacet
 facet normal 0.000000 0.000000 1.000000
  outer loop
   vertex 100.000 200.000 349.908
   vertex 200.000 300.000 349.908
   vertex 100.000 300.000 349.908
  endloop
 endfacet
 facet normal 0.000000 0.000000 1.000000
  outer loop
   vertex 200.000 200.000 349.908
   vertex 300.000 200.000 349.908
   vertex 300.000 300.000 349.908
  endloop
 endfacet
 facet normal 0.000000 0.000000 1.000000
  outer loop
   vertex 200.000 200.000 349.908
   vertex 300.000 300.000 349.908
   vertex 200.000 300.000 349.908
  endloop
 endfacet
 facet normal 0.000000 0.000000 1.000000
  outer loop
   vertex 300.000 200.000 349.908
   vertex 400.000 200.000 349.908
   vertex 400.000 300.000 349.908
  endloop
 endfacet
 facet normal 0.000000 0.000000 1.000000
  outer loop
   vertex 300.000 200.000 349.908
   vertex 400.000 300.000 349.908
   vertex 300.000 300.000 349.908
  endloop
 endfacet
 facet normal 0.000000 0.000000 1.000000
  outer loop
   vertex 400.000 200.000 349.908
   vertex 500.000 200.000 349.908
   vertex 500.000 300.000 349.908
  endloop
 endfacet
 facet normal 0.000000 0.000000 1.000000
  outer loop
   vertex 400.000 200.000 349.908
   vertex 500.000 300.000 349.908
   vertex 400.000 300.000 349.908
  endloop
 endfacet
 facet normal 0.000000 0.000000 1.000000
  outer loop
   vertex 500.000 200.000 349.908
   vertex 600.000 200.000 349.908
   vertex 600.000 300.000 349.908
  endloop
 endfacet
 facet normal 0.000000 0.000000 1.000000
  outer loop
   vertex 500.000 200.000 349.908
   vertex 600.000 300.000 349.908
   vertex 500.000 300.000 349.908
  endloop
 endfacet
 facet normal 0.000000 0.000000 1.000000
  outer loop
   vertex 600.000 200.000 349.908
   vertex 700.000 200.000 349.908
   vertex 700.000 300.000 349.908
  endloop
 endfacet
 facet normal 0.000000 0.000000 1.000000
  outer loop
   vertex 600.000 200.000 349.908
   vertex 700.000 300.000 349.908
   vertex 600.000 300.000 349.908
  endloop
 endfacet
 facet normal 0.000000 0.000000 1.000000
  outer loop
   vertex 700.000 200.000 349.908
   vertex 800.000 200.000 349.908
   vertex 800.000 300.000 349.908
  endloop
 endfacet
 facet normal 0.000000 0.000000 1.000000
  outer loop
   vertex 700.000 200.000 349.908
   vertex 800.000 300.000 349.908
   vertex 700.000 300.000 349.908
  endloop
 endfacet
 facet normal 0.000000 0.000000 1.000000
  outer loop
   vertex 800.000 200.000 349.908
   vertex 900.000 200.000 349.908
   vertex 900.000 300.000 349.908
  endloop
 endfacet
 facet normal 0.000000 0.000000 1.000000
  outer loop
   vertex 800.000 200.000 349.908
   vertex 900.000 300.000 349.908
   vertex 800.000 300.000 349.908
  endloop
 endfacet
 facet normal 0.000000 0.000000 1.000000
  outer loop
   vertex 900.000 200.000 349.908
   vertex 1000.000 200.000 349.908
   vertex 1000.000 300.000 349.908
  endloop
 endfacet
 facet normal 0.000000 0.000000 1.000000
  outer loop
   vertex 900.000 200.000 349.908
   vertex 1000.000 300.000 349.908
   vertex 900.000 300.000 349.908
  endloop
 endfacet
 facet normal 0.000000 0.000000 1.000000
  outer loop
   vertex 1000.000 200.000 349.908
   vertex 1100.000 200.000 349.908
   vertex 1100.000 300.000 349.908
  endloop
 endfacet
 facet normal 0.000000 0.000000 1.000000
  outer loop
   vertex 1000.000 200.000 349.908
   vertex 1100.000 300.000 349.908
   vertex 1000.000 300.000 349.908
  endloop
 endfacet
 facet normal 0.000000 0.000000 1.000000
  outer loop
   vertex 1100.000 200.000 349.908
   vertex 1200.000 200.000 349.908
   vertex 1200.000 300.000 349.908
  endloop
 endfacet
 facet normal 0.000000 0.000000 1.000000
  outer loop
   vertex 1100.000 200.000 349.908
   vertex 1200.000 300.000 349.908
   vertex 1100.000 300.000 349.908
  endloop
 endfacet
 facet normal 0.000000 0.000000 1.000000
  outer loop
   vertex 1200.000 200.000 349.908
   vertex 1300.000 200.000 349.908
   vertex 1300.000 300.000 349.908
  endloop
 endfacet
 facet normal 0.000000 0.000000 1.000000
  outer loop
   vertex 1200.000 200.000 349.908
   vertex 1300.000 300.000 349.908
   vertex 1200.000 300.000 349.908
  endloop
 endfacet
 facet normal 0.000000 0.000000 1.000000
  outer loop
   vertex 1300.000 200.000 349.908
   vertex 1400.000 200.000 349.908
   vertex 1400.000 300.000 349.908
  endloop
 endfacet
 facet normal 0.000000 0.000000 1.000000
  outer loop
   vertex 1300.000 200.000 349.908
   vertex 1400.000 300.000 349.908
   vertex 1300.000 300.000 349.908
  endloop
 endfacet
 facet normal 0.000000 0.000000 1.000000
  outer loop
   vertex 1400.000 200.000 349.908
   vertex 1500.000 200.000 349.908
   vertex 1500.000 300.000 349.908
  endloop
 endfacet
 facet normal 0.000000 0.000000 1.000000
  outer loop
   vertex 1400.000 200.000 349.908
   vertex 1500.000 300.000 349.908
   vertex 1400.000 300.000 349.908
  endloop
 endfacet
 facet normal 0.000000 0.000000 1.000000
  outer loop
   vertex 1500.000 200.000 349.908
   vertex 1600.000 200.000 349.908
   vertex 1600.000 300.000 349.908
  endloop
 endfacet
 facet normal 0.000000 0.000000 1.000000
  outer loop
   vertex 1500.000 200.000 349.908
   vertex 1600.000 300.000 349.908
   vertex 1500.000 300.000 349.908
  endloop
 endfacet
 facet normal 0.000000 0.000000 1.000000
  outer loop
   vertex 1600.000 200.000 349.908
   vertex 1700.000 200.000 349.908
   vertex 1700.000 300.000 349.908
  endloop
 endfacet
 facet normal 0.000000 0.000000 1.000000
  outer loop
   vertex 1600.000 200.000 349.908
   vertex 1700.000 300.000 349.908
   vertex 1600.000 300.000 349.908
  endloop
 endfacet
 facet normal 0.000000 0.000000 1.000000
  outer loop
   vertex 1700.000 200.000 349.908
   vertex 1800.000 200.000 349.908
   vertex 1800.000 300.000 349.908
  endloop
 endfacet
 facet normal 0.000000 0.000000 1.000000
  outer loop
   vertex 1700.000 200.000 349.908
   vertex 1800.000 300.000 349.908
   vertex 1700.000 300.000 349.908
  endloop
 endfacet
 facet normal 0.000000 0.000000 1.000000
  outer loop
   vertex 1800.000 200.000 349.908
   vertex 1900.000 200.000 349.908
   vertex 1900.000 300.000 349.908
  endloop
 endfacet
 facet normal 0.000000 0.000000 1.000000
  outer loop
   vertex 1800.000 200.000 349.908
   vertex 1900.000 300.000 349.908
   vertex 1800.000 300.000 349.908
  endloop
 endfacet
 facet normal 0.000000 0.000000 1.000000
  outer loop
   vertex 1900.000 200.000 349.908
   vertex 2000.000 200.000 349.908
   vertex 2000.000 300.000 349.908
  endloop
 endfacet
 facet normal 0.000000 0.000000 1.000000
  outer loop
   vertex 1900.000 200.000 349.908
   vertex 2000.000 300.000 349.908
   vertex 1900.000 300.000 349.908
  endloop
 endfacet
 facet normal 0.000000 0.000000 1.000000
  outer loop
   vertex 0.000 300.000 349.908
   vertex 100.000 300.000 349.908
   vertex 100.000 400.000 349.908
  endloop
 endfacet
 facet normal 0.000000 0.000000 1.000000
  outer loop
   vertex 0.000 300.000 349.908
   vertex 100.000 400.000 349.908
   vertex 0.000 400.000 349.908
  endloop
 endfacet
 facet normal 0.000000 0.000000 1.000000
  outer loop
   vertex 100.000 300.000 349.908
   vertex 200.000 300.000 349.908
   vertex 200.000 400.000 349.908
  endloop
 endfacet
 facet normal 0.000000 0.000000 1.000000
  outer loop
   vertex 100.000 300.000 349.908
   vertex 200.000 400.000 349.908
   vertex 100.000 400.000 349.908
  endloop
 endfacet
 facet normal 0.000000 0.000000 1.000000
  outer loop
   vertex 200.000 300.000 349.908
   vertex 300.000 300.000 349.908
   vertex 300.000 400.000 349.908
  endloop
 endfacet
 facet normal 0.000000 0.000000 1.000000
  outer loop
   vertex 200.000 300.000 349.908
   vertex 300.000 400.000 349.908
   vertex 200.000 400.000 349.908
  endloop
 endfacet
 facet normal 0.000000 0.000000 1.000000
  outer loop
   vertex 300.000 300.000 349.908
   vertex 400.000 300.000 349.908
   vertex 400.000 400.000 349.908
  endloop
 endfacet
 facet normal 0.000000 0.000000 1.000000
  outer loop
   vertex 300.000 300.000 349.908
   vertex 400.000 400.000 349.908
   vertex 300.000 400.000 349.908
  endloop
 endfacet
 facet normal 0.000000 0.000000 1.000000
  outer loop
   vertex 400.000 300.000 349.908
   vertex 500.000 300.000 349.908
   vertex 500.000 400.000 349.908
  endloop
 endfacet
 facet normal 0.000000 0.000000 1.000000
  outer loop
   vertex 400.000 300.000 349.908
   vertex 500.000 400.000 349.908
   vertex 400.000 400.000 349.908
  endloop
 endfacet
 facet normal 0.000000 0.000000 1.000000
  outer loop
   vertex 500.000 300.000 349.908
   vertex 600.000 300.000 349.908
   vertex 600.000 400.000 349.908
  endloop
 endfacet
 facet normal 0.000000 0.000000 1.000000
  outer loop
   vertex 500.000 300.000 349.908
   vertex 600.000 400.000 349.908
   vertex 500.000 400.000 349.908
  endloop
 endfacet
 facet normal 0.000000 0.000000 1.000000
  outer loop
   vertex 600.000 300.000 349.908
   vertex 700.000 300.000 349.908
   vertex 700.000 400.000 349.908
  endloop
 endfacet
 facet normal 0.000000 0.000000 1.000000
  outer loop
   vertex 600.000 300.000 349.908
   vertex 700.000 400.000 349.908
   vertex 600.000 400.000 349.908
  endloop
 endfacet
 facet normal 0.000000 0.000000 1.000000
  outer loop
   vertex 700.000 300.000 349.908
   vertex 800.000 300.000 349.908
   vertex 800.000 400.000 349.908
  endloop
 endfacet
 facet normal 0.000000 0.000000 1.000000
  outer loop
   vertex 700.000 300.000 349.908
   vertex 800.000 400.000 349.908
   vertex 700.000 400.000 349.908
  endloop
 endfacet
 facet normal 0.000000 0.000000 1.000000
  outer loop
   vertex 800.000 300.000 349.908
   vertex 900.000 300.000 349.908
   vertex 900.000 400.000 349.908
  endloop
 endfacet
 facet normal 0.000000 0.000000 1.000000
  outer loop
   vertex 800.000 300.000 349.908
   vertex 900.000 400.000 349.908
   vertex 800.000 400.000 349.908
  endloop
 endfacet
 facet normal 0.000000 0.000000 1.000000
  outer loop
   vertex 900.000 300.000 349.908
   vertex 1000.000 300.000 349.908
   vertex 1000.000 400.000 349.908
  endloop
 endfacet
 facet normal 0.000000 0.000000 1.000000
  outer loop
   vertex 900.000 300.000 349.908
   vertex 1000.000 400.000 349.908
   vertex 900.000 400.000 349.908
  endloop
 endfacet
 facet normal 0.000000 0.000000 1.000000
  outer loop
   vertex 1000.000 300.000 349.908
   vertex 1100.000 300.000 349.908
   vertex 1100.000 400.000 349.908
  endloop
 endfacet
 facet normal 0.000000 0.000000 1.000000
  outer loop
   vertex 1000.000 300.000 349.908
   vertex 1100.000 400.000 349.908
   vertex 1000.000 400.000 349.908
  endloop
 endfacet
 facet normal 0.000000 0.000000 1.000000
  outer loop
   vertex 1100.000 300.000 349.908
   vertex 1200.000 300.000 349.908
   vertex 1200.000 400.000 349.908
  endloop
 endfacet
 facet normal 0.000000 0.000000 1.000000
  outer loop
   vertex 1100.000 300.000 349.908
   vertex 1200.000 400.000 349.908
   vertex 1100.000 400.000 349.908
  endloop
 endfacet
 facet normal 0.000000 0.000000 1.000000
  outer loop
   vertex 1200.000 300.000 349.908
   vertex 1300.000 300.000 349.908
   vertex 1300.000 400.000 349.908
  endloop
 endfacet
 facet normal 0.000000 0.000000 1.000000
  outer loop
   vertex 1200.000 300.000 349.908
   vertex 1300.000 400.000 349.908
   vertex 1200.000 400.000 349.908
  endloop
 endfacet
 facet normal 0.000000 0.000000 1.000000
  outer loop
   vertex 1300.000 300.000 349.908
   vertex 1400.000 300.000 349.908
   vertex 1400.000 400.000 349.908
  endloop
 endfacet
 facet normal 0.000000 0.000000 1.000000
  outer loop
   vertex 1300.000 300.000 349.908
   vertex 1400.000 400.000 349.908
   vertex 1300.000 400.000 349.908
  endloop
 endfacet
 facet normal 0.000000 0.000000 1.000000
  outer loop
   vertex 1400.000 300.000 349.908
   vertex 1500.000 300.000 349.908
   vertex 1500.000 400.000 349.908
  endloop
 endfacet
 facet normal 0.000000 0.000000 1.000000
  outer loop
   vertex 1400.000 300.000 349.908
   vertex 1500.000 400.000 349.908
   vertex 1400.000 400.000 349.908
  endloop
 endfacet
 facet normal 0.000000 0.000000 1.000000
  outer loop
   vertex 1500.000 300.000 349.908
   vertex 1600.000 300.000 349.908
   vertex 1600.000 400.000 349.908
  endloop
 endfacet
 facet normal 0.000000 0.000000 1.000000
  outer loop
   vertex 1500.000 300.000 349.908
   vertex 1600.000 400.000 349.908
   vertex 1500.000 400.000 349.908
  endloop
 endfacet
 facet normal 0.000000 0.000000 1.000000
  outer loop
   vertex 1600.000 300.000 349.908
   vertex 1700.000 300.000 349.908
   vertex 1700.000 400.000 349.908
  endloop
 endfacet
 facet normal 0.000000 0.000000 1.000000
  outer loop
   vertex 1600.000 300.000 349.908
   vertex 1700.000 400.000 349.908
   vertex 1600.000 400.000 349.908
  endloop
 endfacet
 facet normal 0.000000 0.000000 1.000000
  outer loop
   vertex 1700.000 300.000 349.908
   vertex 1800.000 300.000 349.908
   vertex 1800.000 400.000 349.908
  endloop
 endfacet
 facet normal 0.000000 0.000000 1.000000
  outer loop
   vertex 1700.000 300.000 349.908
   vertex 1800.000 400.000 349.908
   vertex 1700.000 400.000 349.908
  endloop
 endfacet
 facet normal 0.000000 0.000000 1.000000
  outer loop
   vertex 1800.000 300.000 349.908
   vertex 1900.000 300.000 349.908
   vertex 1900.000 400.000 349.908
  endloop
 endfacet
 facet normal 0.000000 0.000000 1.000000
  outer loop
   vertex 1800.000 300.000 349.908
   vertex 1900.000 400.000 349.908
   vertex 1800.000 400.000 349.908
  endloop
 endfacet
 facet normal 0.000000 0.000000 1.000000
  outer loop
   vertex 1900.000 300.000 349.908
   vertex 2000.000 300.000 349.908
   vertex 2000.000 400.000 349.908
  endloop
 endfacet
 facet normal 0.000000 0.000000 1.000000
  outer loop
   vertex 1900.000 300.000 349.908
   vertex 2000.000 400.000 349.908
   vertex 1900.000 400.000 349.908
  endloop
 endfacet
 facet normal 0.000000 0.000000 1.000000
  outer loop
   vertex 0.000 400.000 349.908
   vertex 100.000 400.000 349.908
   vertex 100.000 500.000 349.908
  endloop
 endfacet
 facet normal 0.000000 0.000000 1.000000
  outer loop
   vertex 0.000 400.000 349.908
   vertex 100.000 500.000 349.908
   vertex 0.000 500.000 349.908
  endloop
 endfacet
 facet normal 0.000000 0.000000 1.000000
  outer loop
   vertex 100.000 400.000 349.908
   vertex 200.000 400.000 349.908
   vertex 200.000 500.000 349.908
  endloop
 endfacet
 facet normal 0.000000 0.000000 1.000000
  outer loop
   vertex 100.000 400.000 349.908
   vertex 200.000 500.000 349.908
   vertex 100.000 500.000 349.908
  endloop
 endfacet
 facet normal 0.000000 0.000000 1.000000
  outer loop
   vertex 200.000 400.000 349.908
   vertex 300.000 400.000 349.908
   vertex 300.000 500.000 349.908
  endloop
 endfacet
 facet normal 0.000000 0.000000 1.000000
  outer loop
   vertex 200.000 400.000 349.908
   vertex 300.000 500.000 349.908
   vertex 200.000 500.000 349.908
  endloop
 endfacet
 facet normal 0.000000 0.000000 1.000000
  outer loop
   vertex 300.000 400.000 349.908
   vertex 400.000 400.000 349.908
   vertex 400.000 500.000 349.908
  endloop
 endfacet
 facet normal 0.000000 0.000000 1.000000
  outer loop
   vertex 300.000 400.000 349.908
   vertex 400.000 500.000 349.908
   vertex 300.000 500.000 349.908
  endloop
 endfacet
 facet normal 0.000000 0.000000 1.000000
  outer loop
   vertex 400.000 400.000 349.908
   vertex 500.000 400.000 349.908
   vertex 500.000 500.000 349.908
  endloop
 endfacet
 facet normal 0.000000 0.000000 1.000000
  outer loop
   vertex 400.000 400.000 349.908
   vertex 500.000 500.000 349.908
   vertex 400.000 500.000 349.908
  endloop
 endfacet
 facet normal 0.000000 0.000000 1.000000
  outer loop
   vertex 500.000 400.000 349.908
   vertex 600.000 400.000 349.908
   vertex 600.000 500.000 349.908
  endloop
 endfacet
 facet normal 0.000000 0.000000 1.000000
  outer loop
   vertex 500.000 400.000 349.908
   vertex 600.000 500.000 349.908
   vertex 500.000 500.000 349.908
  endloop
 endfacet
 facet normal 0.000000 0.000000 1.000000
  outer loop
   vertex 600.000 400.000 349.908
   vertex 700.000 400.000 349.908
   vertex 700.000 500.000 349.908
  endloop
 endfacet
 facet normal 0.000000 0.000000 1.000000
  outer loop
   vertex 600.000 400.000 349.908
   vertex 700.000 500.000 349.908
   vertex 600.000 500.000 349.908
  endloop
 endfacet
 facet normal 0.000000 0.000000 1.000000
  outer loop
   vertex 700.000 400.000 349.908
   vertex 800.000 400.000 349.908
   vertex 800.000 500.000 349.908
  endloop
 endfacet
 facet normal 0.000000 0.000000 1.000000
  outer loop
   vertex 700.000 400.000 349.908
   vertex 800.000 500.000 349.908
   vertex 700.000 500.000 349.908
  endloop
 endfacet
 facet normal 0.000000 0.000000 1.000000
  outer loop
   vertex 800.000 400.000 349.908
   vertex 900.000 400.000 349.908
   vertex 900.000 500.000 349.908
  endloop
 endfacet
 facet normal 0.000000 0.000000 1.000000
  outer loop
   vertex 800.000 400.000 349.908
   vertex 900.000 500.000 349.908
   vertex 800.000 500.000 349.908
  endloop
 endfacet
 facet normal 0.000000 0.000000 1.000000
  outer loop
   vertex 900.000 400.000 349.908
   vertex 1000.000 400.000 349.908
   vertex 1000.000 500.000 349.908
  endloop
 endfacet
 facet normal 0.000000 0.000000 1.000000
  outer loop
   vertex 900.000 400.000 349.908
   vertex 1000.000 500.000 349.908
   vertex 900.000 500.000 349.908
  endloop
 endfacet
 facet normal 0.000000 0.000000 1.000000
  outer loop
   vertex 1000.000 400.000 349.908
   vertex 1100.000 400.000 349.908
   vertex 1100.000 500.000 349.908
  endloop
 endfacet
 facet normal 0.000000 0.000000 1.000000
  outer loop
   vertex 1000.000 400.000 349.908
   vertex 1100.000 500.000 349.908
   vertex 1000.000 500.000 349.908
  endloop
 endfacet
 facet normal 0.000000 0.000000 1.000000
  outer loop
   vertex 1100.000 400.000 349.908
   vertex 1200.000 400.000 349.908
   vertex 1200.000 500.000 349.908
  endloop
 endfacet
 facet normal 0.000000 0.000000 1.000000
  outer loop
   vertex 1100.000 400.000 349.908
   vertex 1200.000 500.000 349.908
   vertex 1100.000 500.000 349.908
  endloop
 endfacet
 facet normal 0.000000 0.000000 1.000000
  outer loop
   vertex 1200.000 400.000 349.908
   vertex 1300.000 400.000 349.908
   vertex 1300.000 500.000 349.908
  endloop
 endfacet
 facet normal 0.000000 0.000000 1.000000
  outer loop
   vertex 1200.000 400.000 349.908
   vertex 1300.000 500.000 349.908
   vertex 1200.000 500.000 349.908
  endloop
 endfacet
 facet normal 0.000000 0.000000 1.000000
  outer loop
   vertex 1300.000 400.000 349.908
   vertex 1400.000 400.000 349.908
   vertex 1400.000 500.000 349.908
  endloop
 endfacet
 facet normal 0.000000 0.000000 1.000000
  outer loop
   vertex 1300.000 400.000 349.908
   vertex 1400.000 500.000 349.908
   vertex 1300.000 500.000 349.908
  endloop
 endfacet
 facet normal 0.000000 0.000000 1.000000
  outer loop
   vertex 1400.000 400.000 349.908
   vertex 1500.000 400.000 349.908
   vertex 1500.000 500.000 349.908
  endloop
 endfacet
 facet normal 0.000000 0.000000 1.000000
  outer loop
   vertex 1400.000 400.000 349.908
   vertex 1500.000 500.000 349.908
   vertex 1400.000 500.000 349.908
  endloop
 endfacet
 facet normal 0.000000 0.000000 1.000000
  outer loop
   vertex 1500.000 400.000 349.908
   vertex 1600.000 400.000 349.908
   vertex 1600.000 500.000 349.908
  endloop
 endfacet
 facet normal 0.000000 0.000000 1.000000
  outer loop
   vertex 1500.000 400.000 349.908
   vertex 1600.000 500.000 349.908
   vertex 1500.000 500.000 349.908
  endloop
 endfacet
 facet normal 0.000000 0.000000 1.000000
  outer loop
   vertex 1600.000 400.000 349.908
   vertex 1700.000 400.000 349.908
   vertex 1700.000 500.000 349.908
  endloop
 endfacet
 facet normal 0.000000 0.000000 1.000000
  outer loop
   vertex 1600.000 400.000 349.908
   vertex 1700.000 500.000 349.908
   vertex 1600.000 500.000 349.908
  endloop
 endfacet
 facet normal 0.000000 0.000000 1.000000
  outer loop
   vertex 1700.000 400.000 349.908
   vertex 1800.000 400.000 349.908
   vertex 1800.000 500.000 349.908
  endloop
 endfacet
 facet normal 0.000000 0.000000 1.000000
  outer loop
   vertex 1700.000 400.000 349.908
   vertex 1800.000 500.000 349.908
   vertex 1700.000 500.000 349.908
  endloop
 endfacet
 facet normal 0.000000 0.000000 1.000000
  outer loop
   vertex 1800.000 400.000 349.908
   vertex 1900.000 400.000 349.908
   vertex 1900.000 500.000 349.908
  endloop
 endfacet
 facet normal 0.000000 0.000000 1.000000
  outer loop
   vertex 1800.000 400.000 349.908
   vertex 1900.000 500.000 349.908
   vertex 1800.000 500.000 349.908
  endloop
 endfacet
 facet normal 0.000000 0.000000 1.000000
  outer loop
   vertex 1900.000 400.000 349.908
   vertex 2000.000 400.000 349.908
   vertex 2000.000 500.000 349.908
  endloop
 endfacet
 facet normal 0.000000 0.000000 1.000000
  outer loop
   vertex 1900.000 400.000 349.908
   vertex 2000.000 500.000 349.908
   vertex 1900.000 500.000 349.908
  endloop
 endfacet
 facet normal 0.000000 0.000000 1.000000
  outer loop
   vertex 0.000 500.000 349.908
   vertex 100.000 500.000 349.908
   vertex 100.000 600.000 349.908
  endloop
 endfacet
 facet normal 0.000000 0.000000 1.000000
  outer loop
   vertex 0.000 500.000 349.908
   vertex 100.000 600.000 349.908
   vertex 0.000 600.000 349.908
  endloop
 endfacet
 facet normal 0.000000 0.000000 1.000000
  outer loop
   vertex 100.000 500.000 349.908
   vertex 200.000 500.000 349.908
   vertex 200.000 600.000 349.908
  endloop
 endfacet
 facet normal 0.000000 0.000000 1.000000
  outer loop
   vertex 100.000 500.000 349.908
   vertex 200.000 600.000 349.908
   vertex 100.000 600.000 349.908
  endloop
 endfacet
 facet normal 0.000000 0.000000 1.000000
  outer loop
   vertex 200.000 500.000 349.908
   vertex 300.000 500.000 349.908
   vertex 300.000 600.000 349.908
  endloop
 endfacet
 facet normal 0.000000 0.000000 1.000000
  outer loop
   vertex 200.000 500.000 349.908
   vertex 300.000 600.000 349.908
   vertex 200.000 600.000 349.908
  endloop
 endfacet
 facet normal 0.000000 0.000000 1.000000
  outer loop
   vertex 300.000 500.000 349.908
   vertex 400.000 500.000 349.908
   vertex 400.000 600.000 349.908
  endloop
 endfacet
 facet normal 0.000000 0.000000 1.000000
  outer loop
   vertex 300.000 500.000 349.908
   vertex 400.000 600.000 349.908
   vertex 300.000 600.000 349.908
  endloop
 endfacet
 facet normal 0.000000 0.000000 1.000000
  outer loop
   vertex 400.000 500.000 349.908
   vertex 500.000 500.000 349.908
   vertex 500.000 600.000 349.908
  endloop
 endfacet
 facet normal 0.000000 0.000000 1.000000
  outer loop
   vertex 400.000 500.000 349.908
   vertex 500.000 600.000 349.908
   vertex 400.000 600.000 349.908
  endloop
 endfacet
 facet normal 0.000000 0.000000 1.000000
  outer loop
   vertex 500.000 500.000 349.908
   vertex 600.000 500.000 349.908
   vertex 600.000 600.000 349.908
  endloop
 endfacet
 facet normal 0.000000 0.000000 1.000000
  outer loop
   vertex 500.000 500.000 349.908
   vertex 600.000 600.000 349.908
   vertex 500.000 600.000 349.908
  endloop
 endfacet
 facet normal 0.000000 0.000000 1.000000
  outer loop
   vertex 600.000 500.000 349.908
   vertex 700.000 500.000 349.908
   vertex 700.000 600.000 349.908
  endloop
 endfacet
 facet normal 0.000000 0.000000 1.000000
  outer loop
   vertex 600.000 500.000 349.908
   vertex 700.000 600.000 349.908
   vertex 600.000 600.000 349.908
  endloop
 endfacet
 facet normal 0.000000 0.000000 1.000000
  outer loop
   vertex 700.000 500.000 349.908
   vertex 800.000 500.000 349.908
   vertex 800.000 600.000 349.908
  endloop
 endfacet
 facet normal 0.000000 0.000000 1.000000
  outer loop
   vertex 700.000 500.000 349.908
   vertex 800.000 600.000 349.908
   vertex 700.000 600.000 349.908
  endloop
 endfacet
 facet normal 0.000000 0.000000 1.000000
  outer loop
   vertex 800.000 500.000 349.908
   vertex 900.000 500.000 349.908
   vertex 900.000 600.000 349.908
  endloop
 endfacet
 facet normal 0.000000 0.000000 1.000000
  outer loop
   vertex 800.000 500.000 349.908
   vertex 900.000 600.000 349.908
   vertex 800.000 600.000 349.908
  endloop
 endfacet
 facet normal 0.000000 0.000000 1.000000
  outer loop
   vertex 900.000 500.000 349.908
   vertex 1000.000 500.000 349.908
   vertex 1000.000 600.000 349.908
  endloop
 endfacet
 facet normal 0.000000 0.000000 1.000000
  outer loop
   vertex 900.000 500.000 349.908
   vertex 1000.000 600.000 349.908
   vertex 900.000 600.000 349.908
  endloop
 endfacet
 facet normal 0.000000 0.000000 1.000000
  outer loop
   vertex 1000.000 500.000 349.908
   vertex 1100.000 500.000 349.908
   vertex 1100.000 600.000 349.908
  endloop
 endfacet
 facet normal 0.000000 0.000000 1.000000
  outer loop
   vertex 1000.000 500.000 349.908
   vertex 1100.000 600.000 349.908
   vertex 1000.000 600.000 349.908
  endloop
 endfacet
 facet normal 0.000000 0.000000 1.000000
  outer loop
   vertex 1100.000 500.000 349.908
   vertex 1200.000 500.000 349.908
   vertex 1200.000 600.000 349.908
  endloop
 endfacet
 facet normal 0.000000 0.000000 1.000000
  outer loop
   vertex 1100.000 500.000 349.908
   vertex 1200.000 600.000 349.908
   vertex 1100.000 600.000 349.908
  endloop
 endfacet
 facet normal 0.000000 0.000000 1.000000
  outer loop
   vertex 1200.000 500.000 349.908
   vertex 1300.000 500.000 349.908
   vertex 1300.000 600.000 349.908
  endloop
 endfacet
 facet normal 0.000000 0.000000 1.000000
  outer loop
   vertex 1200.000 500.000 349.908
   vertex 1300.000 600.000 349.908
   vertex 1200.000 600.000 349.908
  endloop
 endfacet
 facet normal 0.000000 0.000000 1.000000
  outer loop
   vertex 1300.000 500.000 349.908
   vertex 1400.000 500.000 349.908
   vertex 1400.000 600.000 349.908
  endloop
 endfacet
 facet normal 0.000000 0.000000 1.000000
  outer loop
   vertex 1300.000 500.000 349.908
   vertex 1400.000 600.000 349.908
   vertex 1300.000 600.000 349.908
  endloop
 endfacet
 facet normal 0.000000 0.000000 1.000000
  outer loop
   vertex 1400.000 500.000 349.908
   vertex 1500.000 500.000 349.908
   vertex 1500.000 600.000 349.908
  endloop
 endfacet
 facet normal 0.000000 0.000000 1.000000
  outer loop
   vertex 1400.000 500.000 349.908
   vertex 1500.000 600.000 349.908
   vertex 1400.000 600.000 349.908
  endloop
 endfacet
 facet normal 0.000000 0.000000 1.000000
  outer loop
   vertex 1500.000 500.000 349.908
   vertex 1600.000 500.000 349.908
   vertex 1600.000 600.000 349.908
  endloop
 endfacet
 facet normal 0.000000 0.000000 1.000000
  outer loop
   vertex 1500.000 500.000 349.908
   vertex 1600.000 600.000 349.908
   vertex 1500.000 600.000 349.908
  endloop
 endfacet
 facet normal 0.000000 0.000000 1.000000
  outer loop
   vertex 1600.000 500.000 349.908
   vertex 1700.000 500.000 349.908
   vertex 1700.000 600.000 349.908
  endloop
 endfacet
 facet normal 0.000000 0.000000 1.000000
  outer loop
   vertex 1600.000 500.000 349.908
   vertex 1700.000 600.000 349.908
   vertex 1600.000 600.000 349.908
  endloop
 endfacet
 facet normal 0.000000 0.000000 1.000000
  outer loop
   vertex 1700.000 500.000 349.908
   vertex 1800.000 500.000 349.908
   vertex 1800.000 600.000 349.908
  endloop
 endfacet
 facet normal 0.000000 0.000000 1.000000
  outer loop
   vertex 1700.000 500.000 349.908
   vertex 1800.000 600.000 349.908
   vertex 1700.000 600.000 349.908
  endloop
 endfacet
 facet normal 0.000000 0.000000 1.000000
  outer loop
   vertex 1800.000 500.000 349.908
   vertex 1900.000 500.000 349.908
   vertex 1900.000 600.000 349.908
  endloop
 endfacet
 facet normal 0.000000 0.000000 1.000000
  outer loop
   vertex 1800.000 500.000 349.908
   vertex 1900.000 600.000 349.908
   vertex 1800.000 600.000 349.908
  endloop
 endfacet
 facet normal 0.000000 0.000000 1.000000
  outer loop
   vertex 1900.000 500.000 349.908
   vertex 2000.000 500.000 349.908
   vertex 2000.000 600.000 349.908
  endloop
 endfacet
 facet normal 0.000000 0.000000 1.000000
  outer loop
   vertex 1900.000 500.000 349.908
   vertex 2000.000 600.000 349.908
   vertex 1900.000 600.000 349.908
  endloop
 endfacet
 facet normal 0.000000 0.000000 1.000000
  outer loop
   vertex 0.000 600.000 349.908
   vertex 100.000 600.000 349.908
   vertex 100.000 700.000 349.908
  endloop
 endfacet
 facet normal 0.000000 0.000000 1.000000
  outer loop
   vertex 0.000 600.000 349.908
   vertex 100.000 700.000 349.908
   vertex 0.000 700.000 349.908
  endloop
 endfacet
 facet normal 0.000000 0.000000 1.000000
  outer loop
   vertex 100.000 600.000 349.908
   vertex 200.000 600.000 349.908
   vertex 200.000 700.000 349.908
  endloop
 endfacet
 facet normal 0.000000 0.000000 1.000000
  outer loop
   vertex 100.000 600.000 349.908
   vertex 200.000 700.000 349.908
   vertex 100.000 700.000 349.908
  endloop
 endfacet
 facet normal 0.000000 0.000000 1.000000
  outer loop
   vertex 200.000 600.000 349.908
   vertex 300.000 600.000 349.908
   vertex 300.000 700.000 349.908
  endloop
 endfacet
 facet normal 0.000000 0.000000 1.000000
  outer loop
   vertex 200.000 600.000 349.908
   vertex 300.000 700.000 349.908
   vertex 200.000 700.000 349.908
  endloop
 endfacet
 facet normal 0.000000 0.000000 1.000000
  outer loop
   vertex 300.000 600.000 349.908
   vertex 400.000 600.000 349.908
   vertex 400.000 700.000 349.908
  endloop
 endfacet
 facet normal 0.000000 0.000000 1.000000
  outer loop
   vertex 300.000 600.000 349.908
   vertex 400.000 700.000 349.908
   vertex 300.000 700.000 349.908
  endloop
 endfacet
 facet normal 0.000000 0.000000 1.000000
  outer loop
   vertex 400.000 600.000 349.908
   vertex 500.000 600.000 349.908
   vertex 500.000 700.000 349.908
  endloop
 endfacet
 facet normal 0.000000 0.000000 1.000000
  outer loop
   vertex 400.000 600.000 349.908
   vertex 500.000 700.000 349.908
   vertex 400.000 700.000 349.908
  endloop
 endfacet
 facet normal 0.000000 0.000000 1.000000
  outer loop
   vertex 500.000 600.000 349.908
   vertex 600.000 600.000 349.908
   vertex 600.000 700.000 349.908
  endloop
 endfacet
 facet normal 0.000000 0.000000 1.000000
  outer loop
   vertex 500.000 600.000 349.908
   vertex 600.000 700.000 349.908
   vertex 500.000 700.000 349.908
  endloop
 endfacet
 facet normal 0.000000 0.000000 1.000000
  outer loop
   vertex 600.000 600.000 349.908
   vertex 700.000 600.000 349.908
   vertex 700.000 700.000 349.908
  endloop
 endfacet
 facet normal 0.000000 0.000000 1.000000
  outer loop
   vertex 600.000 600.000 349.908
   vertex 700.000 700.000 349.908
   vertex 600.000 700.000 349.908
  endloop
 endfacet
 facet normal 0.000000 0.000000 1.000000
  outer loop
   vertex 700.000 600.000 349.908
   vertex 800.000 600.000 349.908
   vertex 800.000 700.000 349.908
  endloop
 endfacet
 facet normal 0.000000 0.000000 1.000000
  outer loop
   vertex 700.000 600.000 349.908
   vertex 800.000 700.000 349.908
   vertex 700.000 700.000 349.908
  endloop
 endfacet
 facet normal 0.000000 0.000000 1.000000
  outer loop
   vertex 800.000 600.000 349.908
   vertex 900.000 600.000 349.908
   vertex 900.000 700.000 349.908
  endloop
 endfacet
 facet normal 0.000000 0.000000 1.000000
  outer loop
   vertex 800.000 600.000 349.908
   vertex 900.000 700.000 349.908
   vertex 800.000 700.000 349.908
  endloop
 endfacet
 facet normal 0.000000 0.000000 1.000000
  outer loop
   vertex 900.000 600.000 349.908
   vertex 1000.000 600.000 349.908
   vertex 1000.000 700.000 349.908
  endloop
 endfacet
 facet normal 0.000000 0.000000 1.000000
  outer loop
   vertex 900.000 600.000 349.908
   vertex 1000.000 700.000 349.908
   vertex 900.000 700.000 349.908
  endloop
 endfacet
 facet normal 0.000000 0.000000 1.000000
  outer loop
   vertex 1000.000 600.000 349.908
   vertex 1100.000 600.000 349.908
   vertex 1100.000 700.000 349.908
  endloop
 endfacet
 facet normal 0.000000 0.000000 1.000000
  outer loop
   vertex 1000.000 600.000 349.908
   vertex 1100.000 700.000 349.908
   vertex 1000.000 700.000 349.908
  endloop
 endfacet
 facet normal 0.000000 0.000000 1.000000
  outer loop
   vertex 1100.000 600.000 349.908
   vertex 1200.000 600.000 349.908
   vertex 1200.000 700.000 349.908
  endloop
 endfacet
 facet normal 0.000000 0.000000 1.000000
  outer loop
   vertex 1100.000 600.000 349.908
   vertex 1200.000 700.000 349.908
   vertex 1100.000 700.000 349.908
  endloop
 endfacet
 facet normal 0.000000 0.000000 1.000000
  outer loop
   vertex 1200.000 600.000 349.908
   vertex 1300.000 600.000 349.908
   vertex 1300.000 700.000 349.908
  endloop
 endfacet
 facet normal 0.000000 0.000000 1.000000
  outer loop
   vertex 1200.000 600.000 349.908
   vertex 1300.000 700.000 349.908
   vertex 1200.000 700.000 349.908
  endloop
 endfacet
 facet normal 0.000000 0.000000 1.000000
  outer loop
   vertex 1300.000 600.000 349.908
   vertex 1400.000 600.000 349.908
   vertex 1400.000 700.000 349.908
  endloop
 endfacet
 facet normal 0.000000 0.000000 1.000000
  outer loop
   vertex 1300.000 600.000 349.908
   vertex 1400.000 700.000 349.908
   vertex 1300.000 700.000 349.908
  endloop
 endfacet
 facet normal 0.000000 0.000000 1.000000
  outer loop
   vertex 1400.000 600.000 349.908
   vertex 1500.000 600.000 349.908
   vertex 1500.000 700.000 349.908
  endloop
 endfacet
 facet normal 0.000000 0.000000 1.000000
  outer loop
   vertex 1400.000 600.000 349.908
   vertex 1500.000 700.000 349.908
   vertex 1400.000 700.000 349.908
  endloop
 endfacet
 facet normal 0.000000 0.000000 1.000000
  outer loop
   vertex 1500.000 600.000 349.908
   vertex 1600.000 600.000 349.908
   vertex 1600.000 700.000 349.908
  endloop
 endfacet
 facet normal 0.000000 0.000000 1.000000
  outer loop
   vertex 1500.000 600.000 349.908
   vertex 1600.000 700.000 349.908
   vertex 1500.000 700.000 349.908
  endloop
 endfacet
 facet normal 0.000000 0.000000 1.000000
  outer loop
   vertex 1600.000 600.000 349.908
   vertex 1700.000 600.000 349.908
   vertex 1700.000 700.000 349.908
  endloop
 endfacet
 facet normal 0.000000 0.000000 1.000000
  outer loop
   vertex 1600.000 600.000 349.908
   vertex 1700.000 700.000 349.908
   vertex 1600.000 700.000 349.908
  endloop
 endfacet
 facet normal 0.000000 0.000000 1.000000
  outer loop
   vertex 1700.000 600.000 349.908
   vertex 1800.000 600.000 349.908
   vertex 1800.000 700.000 349.908
  endloop
 endfacet
 facet normal 0.000000 0.000000 1.000000
  outer loop
   vertex 1700.000 600.000 349.908
   vertex 1800.000 700.000 349.908
   vertex 1700.000 700.000 349.908
  endloop
 endfacet
 facet normal 0.000000 0.000000 1.000000
  outer loop
   vertex 1800.000 600.000 349.908
   vertex 1900.000 600.000 349.908
   vertex 1900.000 700.000 349.908
  endloop
 endfacet
 facet normal 0.000000 0.000000 1.000000
  outer loop
   vertex 1800.000 600.000 349.908
   vertex 1900.000 700.000 349.908
   vertex 1800.000 700.000 349.908
  endloop
 endfacet
 facet normal 0.000000 0.000000 1.000000
  outer loop
   vertex 1900.000 600.000 349.908
   vertex 2000.000 600.000 349.908
   vertex 2000.000 700.000 349.908
  endloop
 endfacet
 facet normal 0.000000 0.000000 1.000000
  outer loop
   vertex 1900.000 600.000 349.908
   vertex 2000.000 700.000 349.908
   vertex 1900.000 700.000 349.908
  endloop
 endfacet
 facet normal 0.000000 0.000000 1.000000
  outer loop
   vertex 0.000 700.000 349.908
   vertex 100.000 700.000 349.908
   vertex 100.000 800.000 349.908
  endloop
 endfacet
 facet normal 0.000000 0.000000 1.000000
  outer loop
   vertex 0.000 700.000 349.908
   vertex 100.000 800.000 349.908
   vertex 0.000 800.000 349.908
  endloop
 endfacet
 facet normal 0.000000 0.000000 1.000000
  outer loop
   vertex 100.000 700.000 349.908
   vertex 200.000 700.000 349.908
   vertex 200.000 800.000 349.908
  endloop
 endfacet
 facet normal 0.000000 0.000000 1.000000
  outer loop
   vertex 100.000 700.000 349.908
   vertex 200.000 800.000 349.908
   vertex 100.000 800.000 349.908
  endloop
 endfacet
 facet normal 0.000000 0.000000 1.000000
  outer loop
   vertex 200.000 700.000 349.908
   vertex 300.000 700.000 349.908
   vertex 300.000 800.000 349.908
  endloop
 endfacet
 facet normal 0.000000 0.000000 1.000000
  outer loop
   vertex 200.000 700.000 349.908
   vertex 300.000 800.000 349.908
   vertex 200.000 800.000 349.908
  endloop
 endfacet
 facet normal 0.000000 0.000000 1.000000
  outer loop
   vertex 300.000 700.000 349.908
   vertex 400.000 700.000 349.908
   vertex 400.000 800.000 349.908
  endloop
 endfacet
 facet normal 0.000000 0.000000 1.000000
  outer loop
   vertex 300.000 700.000 349.908
   vertex 400.000 800.000 349.908
   vertex 300.000 800.000 349.908
  endloop
 endfacet
 facet normal 0.000000 0.000000 1.000000
  outer loop
   vertex 400.000 700.000 349.908
   vertex 500.000 700.000 349.908
   vertex 500.000 800.000 349.908
  endloop
 endfacet
 facet normal 0.000000 0.000000 1.000000
  outer loop
   vertex 400.000 700.000 349.908
   vertex 500.000 800.000 349.908
   vertex 400.000 800.000 349.908
  endloop
 endfacet
 facet normal 0.000000 0.000000 1.000000
  outer loop
   vertex 500.000 700.000 349.908
   vertex 600.000 700.000 349.908
   vertex 600.000 800.000 349.908
  endloop
 endfacet
 facet normal 0.000000 0.000000 1.000000
  outer loop
   vertex 500.000 700.000 349.908
   vertex 600.000 800.000 349.908
   vertex 500.000 800.000 349.908
  endloop
 endfacet
 facet normal 0.000000 0.000000 1.000000
  outer loop
   vertex 600.000 700.000 349.908
   vertex 700.000 700.000 349.908
   vertex 700.000 800.000 349.908
  endloop
 endfacet
 facet normal 0.000000 0.000000 1.000000
  outer loop
   vertex 600.000 700.000 349.908
   vertex 700.000 800.000 349.908
   vertex 600.000 800.000 349.908
  endloop
 endfacet
 facet normal 0.000000 0.000000 1.000000
  outer loop
   vertex 700.000 700.000 349.908
   vertex 800.000 700.000 349.908
   vertex 800.000 800.000 349.908
  endloop
 endfacet
 facet normal 0.000000 0.000000 1.000000
  outer loop
   vertex 700.000 700.000 349.908
   vertex 800.000 800.000 349.908
   vertex 700.000 800.000 349.908
  endloop
 endfacet
 facet normal 0.000000 0.000000 1.000000
  outer loop
   vertex 800.000 700.000 349.908
   vertex 900.000 700.000 349.908
   vertex 900.000 800.000 349.908
  endloop
 endfacet
 facet normal 0.000000 0.000000 1.000000
  outer loop
   vertex 800.000 700.000 349.908
   vertex 900.000 800.000 349.908
   vertex 800.000 800.000 349.908
  endloop
 endfacet
 facet normal 0.000000 0.000000 1.000000
  outer loop
   vertex 900.000 700.000 349.908
   vertex 1000.000 700.000 349.908
   vertex 1000.000 800.000 349.908
  endloop
 endfacet
 facet normal 0.000000 0.000000 1.000000
  outer loop
   vertex 900.000 700.000 349.908
   vertex 1000.000 800.000 349.908
   vertex 900.000 800.000 349.908
  endloop
 endfacet
 facet normal 0.000000 0.000000 1.000000
  outer loop
   vertex 1000.000 700.000 349.908
   vertex 1100.000 700.000 349.908
   vertex 1100.000 800.000 349.908
  endloop
 endfacet
 facet normal 0.000000 0.000000 1.000000
  outer loop
   vertex 1000.000 700.000 349.908
   vertex 1100.000 800.000 349.908
   vertex 1000.000 800.000 349.908
  endloop
 endfacet
 facet normal 0.000000 0.000000 1.000000
  outer loop
   vertex 1100.000 700.000 349.908
   vertex 1200.000 700.000 349.908
   vertex 1200.000 800.000 349.908
  endloop
 endfacet
 facet normal 0.000000 0.000000 1.000000
  outer loop
   vertex 1100.000 700.000 349.908
   vertex 1200.000 800.000 349.908
   vertex 1100.000 800.000 349.908
  endloop
 endfacet
 facet normal 0.000000 0.000000 1.000000
  outer loop
   vertex 1200.000 700.000 349.908
   vertex 1300.000 700.000 349.908
   vertex 1300.000 800.000 349.908
  endloop
 endfacet
 facet normal 0.000000 0.000000 1.000000
  outer loop
   vertex 1200.000 700.000 349.908
   vertex 1300.000 800.000 349.908
   vertex 1200.000 800.000 349.908
  endloop
 endfacet
 facet normal 0.000000 0.000000 1.000000
  outer loop
   vertex 1300.000 700.000 349.908
   vertex 1400.000 700.000 349.908
   vertex 1400.000 800.000 349.908
  endloop
 endfacet
 facet normal 0.000000 0.000000 1.000000
  outer loop
   vertex 1300.000 700.000 349.908
   vertex 1400.000 800.000 349.908
   vertex 1300.000 800.000 349.908
  endloop
 endfacet
 facet normal 0.000000 0.000000 1.000000
  outer loop
   vertex 1400.000 700.000 349.908
   vertex 1500.000 700.000 349.908
   vertex 1500.000 800.000 349.908
  endloop
 endfacet
 facet normal 0.000000 0.000000 1.000000
  outer loop
   vertex 1400.000 700.000 349.908
   vertex 1500.000 800.000 349.908
   vertex 1400.000 800.000 349.908
  endloop
 endfacet
 facet normal 0.000000 0.000000 1.000000
  outer loop
   vertex 1500.000 700.000 349.908
   vertex 1600.000 700.000 349.908
   vertex 1600.000 800.000 349.908
  endloop
 endfacet
 facet normal 0.000000 0.000000 1.000000
  outer loop
   vertex 1500.000 700.000 349.908
   vertex 1600.000 800.000 349.908
   vertex 1500.000 800.000 349.908
  endloop
 endfacet
 facet normal 0.000000 0.000000 1.000000
  outer loop
   vertex 1600.000 700.000 349.908
   vertex 1700.000 700.000 349.908
   vertex 1700.000 800.000 349.908
  endloop
 endfacet
 facet normal 0.000000 0.000000 1.000000
  outer loop
   vertex 1600.000 700.000 349.908
   vertex 1700.000 800.000 349.908
   vertex 1600.000 800.000 349.908
  endloop
 endfacet
 facet normal 0.000000 0.000000 1.000000
  outer loop
   vertex 1700.000 700.000 349.908
   vertex 1800.000 700.000 349.908
   vertex 1800.000 800.000 349.908
  endloop
 endfacet
 facet normal 0.000000 0.000000 1.000000
  outer loop
   vertex 1700.000 700.000 349.908
   vertex 1800.000 800.000 349.908
   vertex 1700.000 800.000 349.908
  endloop
 endfacet
 facet normal 0.000000 0.000000 1.000000
  outer loop
   vertex 1800.000 700.000 349.908
   vertex 1900.000 700.000 349.908
   vertex 1900.000 800.000 349.908
  endloop
 endfacet
 facet normal 0.000000 0.000000 1.000000
  outer loop
   vertex 1800.000 700.000 349.908
   vertex 1900.000 800.000 349.908
   vertex 1800.000 800.000 349.908
  endloop
 endfacet
 facet normal 0.000000 0.000000 1.000000
  outer loop
   vertex 1900.000 700.000 349.908
   vertex 2000.000 700.000 349.908
   vertex 2000.000 800.000 349.908
  endloop
 endfacet
 facet normal 0.000000 0.000000 1.000000
  outer loop
   vertex 1900.000 700.000 349.908
   vertex 2000.000 800.000 349.908
   vertex 1900.000 800.000 349.908
  endloop
 endfacet
 facet normal 0.000000 0.000000 1.000000
  outer loop
   vertex 0.000 800.000 349.908
   vertex 100.000 800.000 349.908
   vertex 100.000 900.000 349.908
  endloop
 endfacet
 facet normal 0.000000 0.000000 1.000000
  outer loop
   vertex 0.000 800.000 349.908
   vertex 100.000 900.000 349.908
   vertex 0.000 900.000 349.908
  endloop
 endfacet
 facet normal 0.000000 0.000000 1.000000
  outer loop
   vertex 100.000 800.000 349.908
   vertex 200.000 800.000 349.908
   vertex 200.000 900.000 349.908
  endloop
 endfacet
 facet normal 0.000000 0.000000 1.000000
  outer loop
   vertex 100.000 800.000 349.908
   vertex 200.000 900.000 349.908
   vertex 100.000 900.000 349.908
  endloop
 endfacet
 facet normal 0.000000 0.000000 1.000000
  outer loop
   vertex 200.000 800.000 349.908
   vertex 300.000 800.000 349.908
   vertex 300.000 900.000 349.908
  endloop
 endfacet
 facet normal 0.000000 0.000000 1.000000
  outer loop
   vertex 200.000 800.000 349.908
   vertex 300.000 900.000 349.908
   vertex 200.000 900.000 349.908
  endloop
 endfacet
 facet normal 0.000000 0.000000 1.000000
  outer loop
   vertex 300.000 800.000 349.908
   vertex 400.000 800.000 349.908
   vertex 400.000 900.000 349.908
  endloop
 endfacet
 facet normal 0.000000 0.000000 1.000000
  outer loop
   vertex 300.000 800.000 349.908
   vertex 400.000 900.000 349.908
   vertex 300.000 900.000 349.908
  endloop
 endfacet
 facet normal 0.000000 0.000000 1.000000
  outer loop
   vertex 400.000 800.000 349.908
   vertex 500.000 800.000 349.908
   vertex 500.000 900.000 349.908
  endloop
 endfacet
 facet normal 0.000000 0.000000 1.000000
  outer loop
   vertex 400.000 800.000 349.908
   vertex 500.000 900.000 349.908
   vertex 400.000 900.000 349.908
  endloop
 endfacet
 facet normal 0.000000 0.000000 1.000000
  outer loop
   vertex 500.000 800.000 349.908
   vertex 600.000 800.000 349.908
   vertex 600.000 900.000 349.908
  endloop
 endfacet
 facet normal 0.000000 0.000000 1.000000
  outer loop
   vertex 500.000 800.000 349.908
   vertex 600.000 900.000 349.908
   vertex 500.000 900.000 349.908
  endloop
 endfacet
 facet normal 0.000000 0.000000 1.000000
  outer loop
   vertex 600.000 800.000 349.908
   vertex 700.000 800.000 349.908
   vertex 700.000 900.000 349.908
  endloop
 endfacet
 facet normal 0.000000 0.000000 1.000000
  outer loop
   vertex 600.000 800.000 349.908
   vertex 700.000 900.000 349.908
   vertex 600.000 900.000 349.908
  endloop
 endfacet
 facet normal 0.000000 0.000000 1.000000
  outer loop
   vertex 700.000 800.000 349.908
   vertex 800.000 800.000 349.908
   vertex 800.000 900.000 349.908
  endloop
 endfacet
 facet normal 0.000000 0.000000 1.000000
  outer loop
   vertex 700.000 800.000 349.908
   vertex 800.000 900.000 349.908
   vertex 700.000 900.000 349.908
  endloop
 endfacet
 facet normal 0.000000 0.000000 1.000000
  outer loop
   vertex 800.000 800.000 349.908
   vertex 900.000 800.000 349.908
   vertex 900.000 900.000 349.908
  endloop
 endfacet
 facet normal 0.000000 0.000000 1.000000
  outer loop
   vertex 800.000 800.000 349.908
   vertex 900.000 900.000 349.908
   vertex 800.000 900.000 349.908
  endloop
 endfacet
 facet normal 0.000000 0.000000 1.000000
  outer loop
   vertex 900.000 800.000 349.908
   vertex 1000.000 800.000 349.908
   vertex 1000.000 900.000 349.908
  endloop
 endfacet
 facet normal 0.000000 0.000000 1.000000
  outer loop
   vertex 900.000 800.000 349.908
   vertex 1000.000 900.000 349.908
   vertex 900.000 900.000 349.908
  endloop
 endfacet
 facet normal 0.000000 0.000000 1.000000
  outer loop
   vertex 1000.000 800.000 349.908
   vertex 1100.000 800.000 349.908
   vertex 1100.000 900.000 349.908
  endloop
 endfacet
 facet normal 0.000000 0.000000 1.000000
  outer loop
   vertex 1000.000 800.000 349.908
   vertex 1100.000 900.000 349.908
   vertex 1000.000 900.000 349.908
  endloop
 endfacet
 facet normal 0.000000 0.000000 1.000000
  outer loop
   vertex 1100.000 800.000 349.908
   vertex 1200.000 800.000 349.908
   vertex 1200.000 900.000 349.908
  endloop
 endfacet
 facet normal 0.000000 0.000000 1.000000
  outer loop
   vertex 1100.000 800.000 349.908
   vertex 1200.000 900.000 349.908
   vertex 1100.000 900.000 349.908
  endloop
 endfacet
 facet normal 0.000000 0.000000 1.000000
  outer loop
   vertex 1200.000 800.000 349.908
   vertex 1300.000 800.000 349.908
   vertex 1300.000 900.000 349.908
  endloop
 endfacet
 facet normal 0.000000 0.000000 1.000000
  outer loop
   vertex 1200.000 800.000 349.908
   vertex 1300.000 900.000 349.908
   vertex 1200.000 900.000 349.908
  endloop
 endfacet
 facet normal 0.000000 0.000000 1.000000
  outer loop
   vertex 1300.000 800.000 349.908
   vertex 1400.000 800.000 349.908
   vertex 1400.000 900.000 349.908
  endloop
 endfacet
 facet normal 0.000000 0.000000 1.000000
  outer loop
   vertex 1300.000 800.000 349.908
   vertex 1400.000 900.000 349.908
   vertex 1300.000 900.000 349.908
  endloop
 endfacet
 facet normal 0.000000 0.000000 1.000000
  outer loop
   vertex 1400.000 800.000 349.908
   vertex 1500.000 800.000 349.908
   vertex 1500.000 900.000 349.908
  endloop
 endfacet
 facet normal 0.000000 0.000000 1.000000
  outer loop
   vertex 1400.000 800.000 349.908
   vertex 1500.000 900.000 349.908
   vertex 1400.000 900.000 349.908
  endloop
 endfacet
 facet normal 0.000000 0.000000 1.000000
  outer loop
   vertex 1500.000 800.000 349.908
   vertex 1600.000 800.000 349.908
   vertex 1600.000 900.000 349.908
  endloop
 endfacet
 facet normal 0.000000 0.000000 1.000000
  outer loop
   vertex 1500.000 800.000 349.908
   vertex 1600.000 900.000 349.908
   vertex 1500.000 900.000 349.908
  endloop
 endfacet
 facet normal 0.000000 0.000000 1.000000
  outer loop
   vertex 1600.000 800.000 349.908
   vertex 1700.000 800.000 349.908
   vertex 1700.000 900.000 349.908
  endloop
 endfacet
 facet normal 0.000000 0.000000 1.000000
  outer loop
   vertex 1600.000 800.000 349.908
   vertex 1700.000 900.000 349.908
   vertex 1600.000 900.000 349.908
  endloop
 endfacet
 facet normal 0.000000 0.000000 1.000000
  outer loop
   vertex 1700.000 800.000 349.908
   vertex 1800.000 800.000 349.908
   vertex 1800.000 900.000 349.908
  endloop
 endfacet
 facet normal 0.000000 0.000000 1.000000
  outer loop
   vertex 1700.000 800.000 349.908
   vertex 1800.000 900.000 349.908
   vertex 1700.000 900.000 349.908
  endloop
 endfacet
 facet normal 0.000000 0.000000 1.000000
  outer loop
   vertex 1800.000 800.000 349.908
   vertex 1900.000 800.000 349.908
   vertex 1900.000 900.000 349.908
  endloop
 endfacet
 facet normal 0.000000 0.000000 1.000000
  outer loop
   vertex 1800.000 800.000 349.908
   vertex 1900.000 900.000 349.908
   vertex 1800.000 900.000 349.908
  endloop
 endfacet
 facet normal 0.000000 0.000000 1.000000
  outer loop
   vertex 1900.000 800.000 349.908
   vertex 2000.000 800.000 349.908
   vertex 2000.000 900.000 349.908
  endloop
 endfacet
 facet normal 0.000000 0.000000 1.000000
  outer loop
   vertex 1900.000 800.000 349.908
   vertex 2000.000 900.000 349.908
   vertex 1900.000 900.000 349.908
  endloop
 endfacet
 facet normal 0.000000 0.000000 1.000000
  outer loop
   vertex 0.000 900.000 349.908
   vertex 100.000 900.000 349.908
   vertex 100.000 1000.000 349.908
  endloop
 endfacet
 facet normal 0.000000 0.000000 1.000000
  outer loop
   vertex 0.000 900.000 349.908
   vertex 100.000 1000.000 349.908
   vertex 0.000 1000.000 349.908
  endloop
 endfacet
 facet normal 0.000000 0.000000 1.000000
  outer loop
   vertex 100.000 900.000 349.908
   vertex 200.000 900.000 349.908
   vertex 200.000 1000.000 349.908
  endloop
 endfacet
 facet normal 0.000000 0.000000 1.000000
  outer loop
   vertex 100.000 900.000 349.908
   vertex 200.000 1000.000 349.908
   vertex 100.000 1000.000 349.908
  endloop
 endfacet
 facet normal 0.000000 0.000000 1.000000
  outer loop
   vertex 200.000 900.000 349.908
   vertex 300.000 900.000 349.908
   vertex 300.000 1000.000 349.908
  endloop
 endfacet
 facet normal 0.000000 0.000000 1.000000
  outer loop
   vertex 200.000 900.000 349.908
   vertex 300.000 1000.000 349.908
   vertex 200.000 1000.000 349.908
  endloop
 endfacet
 facet normal 0.000000 0.000000 1.000000
  outer loop
   vertex 300.000 900.000 349.908
   vertex 400.000 900.000 349.908
   vertex 400.000 1000.000 349.908
  endloop
 endfacet
 facet normal 0.000000 0.000000 1.000000
  outer loop
   vertex 300.000 900.000 349.908
   vertex 400.000 1000.000 349.908
   vertex 300.000 1000.000 349.908
  endloop
 endfacet
 facet normal 0.000000 0.000000 1.000000
  outer loop
   vertex 400.000 900.000 349.908
   vertex 500.000 900.000 349.908
   vertex 500.000 1000.000 349.908
  endloop
 endfacet
 facet normal 0.000000 0.000000 1.000000
  outer loop
   vertex 400.000 900.000 349.908
   vertex 500.000 1000.000 349.908
   vertex 400.000 1000.000 349.908
  endloop
 endfacet
 facet normal 0.000000 0.000000 1.000000
  outer loop
   vertex 500.000 900.000 349.908
   vertex 600.000 900.000 349.908
   vertex 600.000 1000.000 349.908
  endloop
 endfacet
 facet normal 0.000000 0.000000 1.000000
  outer loop
   vertex 500.000 900.000 349.908
   vertex 600.000 1000.000 349.908
   vertex 500.000 1000.000 349.908
  endloop
 endfacet
 facet normal 0.000000 0.000000 1.000000
  outer loop
   vertex 600.000 900.000 349.908
   vertex 700.000 900.000 349.908
   vertex 700.000 1000.000 349.908
  endloop
 endfacet
 facet normal 0.000000 0.000000 1.000000
  outer loop
   vertex 600.000 900.000 349.908
   vertex 700.000 1000.000 349.908
   vertex 600.000 1000.000 349.908
  endloop
 endfacet
 facet normal 0.000000 0.000000 1.000000
  outer loop
   vertex 700.000 900.000 349.908
   vertex 800.000 900.000 349.908
   vertex 800.000 1000.000 349.908
  endloop
 endfacet
 facet normal 0.000000 0.000000 1.000000
  outer loop
   vertex 700.000 900.000 349.908
   vertex 800.000 1000.000 349.908
   vertex 700.000 1000.000 349.908
  endloop
 endfacet
 facet normal 0.000000 0.000000 1.000000
  outer loop
   vertex 800.000 900.000 349.908
   vertex 900.000 900.000 349.908
   vertex 900.000 1000.000 349.908
  endloop
 endfacet
 facet normal 0.000000 0.000000 1.000000
  outer loop
   vertex 800.000 900.000 349.908
   vertex 900.000 1000.000 349.908
   vertex 800.000 1000.000 349.908
  endloop
 endfacet
 facet normal 0.000000 0.000000 1.000000
  outer loop
   vertex 900.000 900.000 349.908
   vertex 1000.000 900.000 349.908
   vertex 1000.000 1000.000 349.908
  endloop
 endfacet
 facet normal 0.000000 0.000000 1.000000
  outer loop
   vertex 900.000 900.000 349.908
   vertex 1000.000 1000.000 349.908
   vertex 900.000 1000.000 349.908
  endloop
 endfacet
 facet normal 0.000000 0.000000 1.000000
  outer loop
   vertex 1000.000 900.000 349.908
   vertex 1100.000 900.000 349.908
   vertex 1100.000 1000.000 349.908
  endloop
 endfacet
 facet normal 0.000000 0.000000 1.000000
  outer loop
   vertex 1000.000 900.000 349.908
   vertex 1100.000 1000.000 349.908
   vertex 1000.000 1000.000 349.908
  endloop
 endfacet
 facet normal 0.000000 0.000000 1.000000
  outer loop
   vertex 1100.000 900.000 349.908
   vertex 1200.000 900.000 349.908
   vertex 1200.000 1000.000 349.908
  endloop
 endfacet
 facet normal 0.000000 0.000000 1.000000
  outer loop
   vertex 1100.000 900.000 349.908
   vertex 1200.000 1000.000 349.908
   vertex 1100.000 1000.000 349.908
  endloop
 endfacet
 facet normal 0.000000 0.000000 1.000000
  outer loop
   vertex 1200.000 900.000 349.908
   vertex 1300.000 900.000 349.908
   vertex 1300.000 1000.000 349.908
  endloop
 endfacet
 facet normal 0.000000 0.000000 1.000000
  outer loop
   vertex 1200.000 900.000 349.908
   vertex 1300.000 1000.000 349.908
   vertex 1200.000 1000.000 349.908
  endloop
 endfacet
 facet normal 0.000000 0.000000 1.000000
  outer loop
   vertex 1300.000 900.000 349.908
   vertex 1400.000 900.000 349.908
   vertex 1400.000 1000.000 349.908
  endloop
 endfacet
 facet normal 0.000000 0.000000 1.000000
  outer loop
   vertex 1300.000 900.000 349.908
   vertex 1400.000 1000.000 349.908
   vertex 1300.000 1000.000 349.908
  endloop
 endfacet
 facet normal 0.000000 0.000000 1.000000
  outer loop
   vertex 1400.000 900.000 349.908
   vertex 1500.000 900.000 349.908
   vertex 1500.000 1000.000 349.908
  endloop
 endfacet
 facet normal 0.000000 0.000000 1.000000
  outer loop
   vertex 1400.000 900.000 349.908
   vertex 1500.000 1000.000 349.908
   vertex 1400.000 1000.000 349.908
  endloop
 endfacet
 facet normal 0.000000 0.000000 1.000000
  outer loop
   vertex 1500.000 900.000 349.908
   vertex 1600.000 900.000 349.908
   vertex 1600.000 1000.000 349.908
  endloop
 endfacet
 facet normal 0.000000 0.000000 1.000000
  outer loop
   vertex 1500.000 900.000 349.908
   vertex 1600.000 1000.000 349.908
   vertex 1500.000 1000.000 349.908
  endloop
 endfacet
 facet normal 0.000000 0.000000 1.000000
  outer loop
   vertex 1600.000 900.000 349.908
   vertex 1700.000 900.000 349.908
   vertex 1700.000 1000.000 349.908
  endloop
 endfacet
 facet normal 0.000000 0.000000 1.000000
  outer loop
   vertex 1600.000 900.000 349.908
   vertex 1700.000 1000.000 349.908
   vertex 1600.000 1000.000 349.908
  endloop
 endfacet
 facet normal 0.000000 0.000000 1.000000
  outer loop
   vertex 1700.000 900.000 349.908
   vertex 1800.000 900.000 349.908
   vertex 1800.000 1000.000 349.908
  endloop
 endfacet
 facet normal 0.000000 0.000000 1.000000
  outer loop
   vertex 1700.000 900.000 349.908
   vertex 1800.000 1000.000 349.908
   vertex 1700.000 1000.000 349.908
  endloop
 endfacet
 facet normal 0.000000 0.000000 1.000000
  outer loop
   vertex 1800.000 900.000 349.908
   vertex 1900.000 900.000 349.908
   vertex 1900.000 1000.000 349.908
  endloop
 endfacet
 facet normal 0.000000 0.000000 1.000000
  outer loop
   vertex 1800.000 900.000 349.908
   vertex 1900.000 1000.000 349.908
   vertex 1800.000 1000.000 349.908
  endloop
 endfacet
 facet normal 0.000000 0.000000 1.000000
  outer loop
   vertex 1900.000 900.000 349.908
   vertex 2000.000 900.000 349.908
   vertex 2000.000 1000.000 349.908
  endloop
 endfacet
 facet normal 0.000000 0.000000 1.000000
  outer loop
   vertex 1900.000 900.000 349.908
   vertex 2000.000 1000.000 349.908
   vertex 1900.000 1000.000 349.908
  endloop
 endfacet
 facet normal 0.000000 0.000000 1.000000
  outer loop
   vertex 0.000 1000.000 349.908
   vertex 100.000 1000.000 349.908
   vertex 100.000 1100.000 349.908
  endloop
 endfacet
 facet normal 0.000000 0.000000 1.000000
  outer loop
   vertex 0.000 1000.000 349.908
   vertex 100.000 1100.000 349.908
   vertex 0.000 1100.000 349.908
  endloop
 endfacet
 facet normal 0.000000 0.000000 1.000000
  outer loop
   vertex 100.000 1000.000 349.908
   vertex 200.000 1000.000 349.908
   vertex 200.000 1100.000 349.908
  endloop
 endfacet
 facet normal 0.000000 0.000000 1.000000
  outer loop
   vertex 100.000 1000.000 349.908
   vertex 200.000 1100.000 349.908
   vertex 100.000 1100.000 349.908
  endloop
 endfacet
 facet normal 0.000000 0.000000 1.000000
  outer loop
   vertex 200.000 1000.000 349.908
   vertex 300.000 1000.000 349.908
   vertex 300.000 1100.000 349.908
  endloop
 endfacet
 facet normal 0.000000 0.000000 1.000000
  outer loop
   vertex 200.000 1000.000 349.908
   vertex 300.000 1100.000 349.908
   vertex 200.000 1100.000 349.908
  endloop
 endfacet
 facet normal 0.000000 0.000000 1.000000
  outer loop
   vertex 300.000 1000.000 349.908
   vertex 400.000 1000.000 349.908
   vertex 400.000 1100.000 349.908
  endloop
 endfacet
 facet normal 0.000000 0.000000 1.000000
  outer loop
   vertex 300.000 1000.000 349.908
   vertex 400.000 1100.000 349.908
   vertex 300.000 1100.000 349.908
  endloop
 endfacet
 facet normal 0.000000 0.000000 1.000000
  outer loop
   vertex 400.000 1000.000 349.908
   vertex 500.000 1000.000 349.908
   vertex 500.000 1100.000 349.908
  endloop
 endfacet
 facet normal 0.000000 0.000000 1.000000
  outer loop
   vertex 400.000 1000.000 349.908
   vertex 500.000 1100.000 349.908
   vertex 400.000 1100.000 349.908
  endloop
 endfacet
 facet normal 0.000000 0.000000 1.000000
  outer loop
   vertex 500.000 1000.000 349.908
   vertex 600.000 1000.000 349.908
   vertex 600.000 1100.000 349.908
  endloop
 endfacet
 facet normal 0.000000 0.000000 1.000000
  outer loop
   vertex 500.000 1000.000 349.908
   vertex 600.000 1100.000 349.908
   vertex 500.000 1100.000 349.908
  endloop
 endfacet
 facet normal 0.000000 0.000000 1.000000
  outer loop
   vertex 600.000 1000.000 349.908
   vertex 700.000 1000.000 349.908
   vertex 700.000 1100.000 349.908
  endloop
 endfacet
 facet normal 0.000000 0.000000 1.000000
  outer loop
   vertex 600.000 1000.000 349.908
   vertex 700.000 1100.000 349.908
   vertex 600.000 1100.000 349.908
  endloop
 endfacet
 facet normal 0.000000 0.000000 1.000000
  outer loop
   vertex 700.000 1000.000 349.908
   vertex 800.000 1000.000 349.908
   vertex 800.000 1100.000 349.908
  endloop
 endfacet
 facet normal 0.000000 0.000000 1.000000
  outer loop
   vertex 700.000 1000.000 349.908
   vertex 800.000 1100.000 349.908
   vertex 700.000 1100.000 349.908
  endloop
 endfacet
 facet normal 0.000000 0.000000 1.000000
  outer loop
   vertex 800.000 1000.000 349.908
   vertex 900.000 1000.000 349.908
   vertex 900.000 1100.000 349.908
  endloop
 endfacet
 facet normal 0.000000 0.000000 1.000000
  outer loop
   vertex 800.000 1000.000 349.908
   vertex 900.000 1100.000 349.908
   vertex 800.000 1100.000 349.908
  endloop
 endfacet
 facet normal 0.000000 0.000000 1.000000
  outer loop
   vertex 900.000 1000.000 349.908
   vertex 1000.000 1000.000 349.908
   vertex 1000.000 1100.000 349.908
  endloop
 endfacet
 facet normal 0.000000 0.000000 1.000000
  outer loop
   vertex 900.000 1000.000 349.908
   vertex 1000.000 1100.000 349.908
   vertex 900.000 1100.000 349.908
  endloop
 endfacet
 facet normal 0.000000 0.000000 1.000000
  outer loop
   vertex 1000.000 1000.000 349.908
   vertex 1100.000 1000.000 349.908
   vertex 1100.000 1100.000 349.908
  endloop
 endfacet
 facet normal 0.000000 0.000000 1.000000
  outer loop
   vertex 1000.000 1000.000 349.908
   vertex 1100.000 1100.000 349.908
   vertex 1000.000 1100.000 349.908
  endloop
 endfacet
 facet normal 0.000000 0.000000 1.000000
  outer loop
   vertex 1100.000 1000.000 349.908
   vertex 1200.000 1000.000 349.908
   vertex 1200.000 1100.000 349.908
  endloop
 endfacet
 facet normal 0.000000 0.000000 1.000000
  outer loop
   vertex 1100.000 1000.000 349.908
   vertex 1200.000 1100.000 349.908
   vertex 1100.000 1100.000 349.908
  endloop
 endfacet
 facet normal 0.000000 0.000000 1.000000
  outer loop
   vertex 1200.000 1000.000 349.908
   vertex 1300.000 1000.000 349.908
   vertex 1300.000 1100.000 349.908
  endloop
 endfacet
 facet normal 0.000000 0.000000 1.000000
  outer loop
   vertex 1200.000 1000.000 349.908
   vertex 1300.000 1100.000 349.908
   vertex 1200.000 1100.000 349.908
  endloop
 endfacet
 facet normal 0.000000 0.000000 1.000000
  outer loop
   vertex 1300.000 1000.000 349.908
   vertex 1400.000 1000.000 349.908
   vertex 1400.000 1100.000 349.908
  endloop
 endfacet
 facet normal 0.000000 0.000000 1.000000
  outer loop
   vertex 1300.000 1000.000 349.908
   vertex 1400.000 1100.000 349.908
   vertex 1300.000 1100.000 349.908
  endloop
 endfacet
 facet normal 0.000000 0.000000 1.000000
  outer loop
   vertex 1400.000 1000.000 349.908
   vertex 1500.000 1000.000 349.908
   vertex 1500.000 1100.000 349.908
  endloop
 endfacet
 facet normal 0.000000 0.000000 1.000000
  outer loop
   vertex 1400.000 1000.000 349.908
   vertex 1500.000 1100.000 349.908
   vertex 1400.000 1100.000 349.908
  endloop
 endfacet
 facet normal 0.000000 0.000000 1.000000
  outer loop
   vertex 1500.000 1000.000 349.908
   vertex 1600.000 1000.000 349.908
   vertex 1600.000 1100.000 349.908
  endloop
 endfacet
 facet normal 0.000000 0.000000 1.000000
  outer loop
   vertex 1500.000 1000.000 349.908
   vertex 1600.000 1100.000 349.908
   vertex 1500.000 1100.000 349.908
  endloop
 endfacet
 facet normal 0.000000 0.000000 1.000000
  outer loop
   vertex 1600.000 1000.000 349.908
   vertex 1700.000 1000.000 349.908
   vertex 1700.000 1100.000 349.908
  endloop
 endfacet
 facet normal 0.000000 0.000000 1.000000
  outer loop
   vertex 1600.000 1000.000 349.908
   vertex 1700.000 1100.000 349.908
   vertex 1600.000 1100.000 349.908
  endloop
 endfacet
 facet normal 0.000000 0.000000 1.000000
  outer loop
   vertex 1700.000 1000.000 349.908
   vertex 1800.000 1000.000 349.908
   vertex 1800.000 1100.000 349.908
  endloop
 endfacet
 facet normal 0.000000 0.000000 1.000000
  outer loop
   vertex 1700.000 1000.000 349.908
   vertex 1800.000 1100.000 349.908
   vertex 1700.000 1100.000 349.908
  endloop
 endfacet
 facet normal 0.000000 0.000000 1.000000
  outer loop
   vertex 1800.000 1000.000 349.908
   vertex 1900.000 1000.000 349.908
   vertex 1900.000 1100.000 349.908
  endloop
 endfacet
 facet normal 0.000000 0.000000 1.000000
  outer loop
   vertex 1800.000 1000.000 349.908
   vertex 1900.000 1100.000 349.908
   vertex 1800.000 1100.000 349.908
  endloop
 endfacet
 facet normal 0.000000 0.000000 1.000000
  outer loop
   vertex 1900.000 1000.000 349.908
   vertex 2000.000 1000.000 349.908
   vertex 2000.000 1100.000 349.908
  endloop
 endfacet
 facet normal 0.000000 0.000000 1.000000
  outer loop
   vertex 1900.000 1000.000 349.908
   vertex 2000.000 1100.000 349.908
   vertex 1900.000 1100.000 349.908
  endloop
 endfacet
 facet normal 0.000000 0.000000 1.000000
  outer loop
   vertex 0.000 1100.000 349.908
   vertex 100.000 1100.000 349.908
   vertex 100.000 1200.000 349.908
  endloop
 endfacet
 facet normal 0.000000 0.000000 1.000000
  outer loop
   vertex 0.000 1100.000 349.908
   vertex 100.000 1200.000 349.908
   vertex 0.000 1200.000 349.908
  endloop
 endfacet
 facet normal 0.000000 0.000000 1.000000
  outer loop
   vertex 100.000 1100.000 349.908
   vertex 200.000 1100.000 349.908
   vertex 200.000 1200.000 349.908
  endloop
 endfacet
 facet normal 0.000000 0.000000 1.000000
  outer loop
   vertex 100.000 1100.000 349.908
   vertex 200.000 1200.000 349.908
   vertex 100.000 1200.000 349.908
  endloop
 endfacet
 facet normal 0.000000 0.000000 1.000000
  outer loop
   vertex 200.000 1100.000 349.908
   vertex 300.000 1100.000 349.908
   vertex 300.000 1200.000 349.908
  endloop
 endfacet
 facet normal 0.000000 0.000000 1.000000
  outer loop
   vertex 200.000 1100.000 349.908
   vertex 300.000 1200.000 349.908
   vertex 200.000 1200.000 349.908
  endloop
 endfacet
 facet normal 0.000000 0.000000 1.000000
  outer loop
   vertex 300.000 1100.000 349.908
   vertex 400.000 1100.000 349.908
   vertex 400.000 1200.000 349.908
  endloop
 endfacet
 facet normal 0.000000 0.000000 1.000000
  outer loop
   vertex 300.000 1100.000 349.908
   vertex 400.000 1200.000 349.908
   vertex 300.000 1200.000 349.908
  endloop
 endfacet
 facet normal 0.000000 0.000000 1.000000
  outer loop
   vertex 400.000 1100.000 349.908
   vertex 500.000 1100.000 349.908
   vertex 500.000 1200.000 349.908
  endloop
 endfacet
 facet normal 0.000000 0.000000 1.000000
  outer loop
   vertex 400.000 1100.000 349.908
   vertex 500.000 1200.000 349.908
   vertex 400.000 1200.000 349.908
  endloop
 endfacet
 facet normal 0.000000 0.000000 1.000000
  outer loop
   vertex 500.000 1100.000 349.908
   vertex 600.000 1100.000 349.908
   vertex 600.000 1200.000 349.908
  endloop
 endfacet
 facet normal 0.000000 0.000000 1.000000
  outer loop
   vertex 500.000 1100.000 349.908
   vertex 600.000 1200.000 349.908
   vertex 500.000 1200.000 349.908
  endloop
 endfacet
 facet normal 0.000000 0.000000 1.000000
  outer loop
   vertex 600.000 1100.000 349.908
   vertex 700.000 1100.000 349.908
   vertex 700.000 1200.000 349.908
  endloop
 endfacet
 facet normal 0.000000 0.000000 1.000000
  outer loop
   vertex 600.000 1100.000 349.908
   vertex 700.000 1200.000 349.908
   vertex 600.000 1200.000 349.908
  endloop
 endfacet
 facet normal 0.000000 0.000000 1.000000
  outer loop
   vertex 700.000 1100.000 349.908
   vertex 800.000 1100.000 349.908
   vertex 800.000 1200.000 349.908
  endloop
 endfacet
 facet normal 0.000000 0.000000 1.000000
  outer loop
   vertex 700.000 1100.000 349.908
   vertex 800.000 1200.000 349.908
   vertex 700.000 1200.000 349.908
  endloop
 endfacet
 facet normal 0.000000 0.000000 1.000000
  outer loop
   vertex 800.000 1100.000 349.908
   vertex 900.000 1100.000 349.908
   vertex 900.000 1200.000 349.908
  endloop
 endfacet
 facet normal 0.000000 0.000000 1.000000
  outer loop
   vertex 800.000 1100.000 349.908
   vertex 900.000 1200.000 349.908
   vertex 800.000 1200.000 349.908
  endloop
 endfacet
 facet normal 0.000000 0.000000 1.000000
  outer loop
   vertex 900.000 1100.000 349.908
   vertex 1000.000 1100.000 349.908
   vertex 1000.000 1200.000 349.908
  endloop
 endfacet
 facet normal 0.000000 0.000000 1.000000
  outer loop
   vertex 900.000 1100.000 349.908
   vertex 1000.000 1200.000 349.908
   vertex 900.000 1200.000 349.908
  endloop
 endfacet
 facet normal 0.000000 0.000000 1.000000
  outer loop
   vertex 1000.000 1100.000 349.908
   vertex 1100.000 1100.000 349.908
   vertex 1100.000 1200.000 349.908
  endloop
 endfacet
 facet normal 0.000000 0.000000 1.000000
  outer loop
   vertex 1000.000 1100.000 349.908
   vertex 1100.000 1200.000 349.908
   vertex 1000.000 1200.000 349.908
  endloop
 endfacet
 facet normal 0.000000 0.000000 1.000000
  outer loop
   vertex 1100.000 1100.000 349.908
   vertex 1200.000 1100.000 349.908
   vertex 1200.000 1200.000 349.908
  endloop
 endfacet
 facet normal 0.000000 0.000000 1.000000
  outer loop
   vertex 1100.000 1100.000 349.908
   vertex 1200.000 1200.000 349.908
   vertex 1100.000 1200.000 349.908
  endloop
 endfacet
 facet normal 0.000000 0.000000 1.000000
  outer loop
   vertex 1200.000 1100.000 349.908
   vertex 1300.000 1100.000 349.908
   vertex 1300.000 1200.000 349.908
  endloop
 endfacet
 facet normal 0.000000 0.000000 1.000000
  outer loop
   vertex 1200.000 1100.000 349.908
   vertex 1300.000 1200.000 349.908
   vertex 1200.000 1200.000 349.908
  endloop
 endfacet
 facet normal 0.000000 0.000000 1.000000
  outer loop
   vertex 1300.000 1100.000 349.908
   vertex 1400.000 1100.000 349.908
   vertex 1400.000 1200.000 349.908
  endloop
 endfacet
 facet normal 0.000000 0.000000 1.000000
  outer loop
   vertex 1300.000 1100.000 349.908
   vertex 1400.000 1200.000 349.908
   vertex 1300.000 1200.000 349.908
  endloop
 endfacet
 facet normal 0.000000 0.000000 1.000000
  outer loop
   vertex 1400.000 1100.000 349.908
   vertex 1500.000 1100.000 349.908
   vertex 1500.000 1200.000 349.908
  endloop
 endfacet
 facet normal 0.000000 0.000000 1.000000
  outer loop
   vertex 1400.000 1100.000 349.908
   vertex 1500.000 1200.000 349.908
   vertex 1400.000 1200.000 349.908
  endloop
 endfacet
 facet normal 0.000000 0.000000 1.000000
  outer loop
   vertex 1500.000 1100.000 349.908
   vertex 1600.000 1100.000 349.908
   vertex 1600.000 1200.000 349.908
  endloop
 endfacet
 facet normal 0.000000 0.000000 1.000000
  outer loop
   vertex 1500.000 1100.000 349.908
   vertex 1600.000 1200.000 349.908
   vertex 1500.000 1200.000 349.908
  endloop
 endfacet
 facet normal 0.000000 0.000000 1.000000
  outer loop
   vertex 1600.000 1100.000 349.908
   vertex 1700.000 1100.000 349.908
   vertex 1700.000 1200.000 349.908
  endloop
 endfacet
 facet normal 0.000000 0.000000 1.000000
  outer loop
   vertex 1600.000 1100.000 349.908
   vertex 1700.000 1200.000 349.908
   vertex 1600.000 1200.000 349.908
  endloop
 endfacet
 facet normal 0.000000 0.000000 1.000000
  outer loop
   vertex 1700.000 1100.000 349.908
   vertex 1800.000 1100.000 349.908
   vertex 1800.000 1200.000 349.908
  endloop
 endfacet
 facet normal 0.000000 0.000000 1.000000
  outer loop
   vertex 1700.000 1100.000 349.908
   vertex 1800.000 1200.000 349.908
   vertex 1700.000 1200.000 349.908
  endloop
 endfacet
 facet normal 0.000000 0.000000 1.000000
  outer loop
   vertex 1800.000 1100.000 349.908
   vertex 1900.000 1100.000 349.908
   vertex 1900.000 1200.000 349.908
  endloop
 endfacet
 facet normal 0.000000 0.000000 1.000000
  outer loop
   vertex 1800.000 1100.000 349.908
   vertex 1900.000 1200.000 349.908
   vertex 1800.000 1200.000 349.908
  endloop
 endfacet
 facet normal 0.000000 0.000000 1.000000
  outer loop
   vertex 1900.000 1100.000 349.908
   vertex 2000.000 1100.000 349.908
   vertex 2000.000 1200.000 349.908
  endloop
 endfacet
 facet normal 0.000000 0.000000 1.000000
  outer loop
   vertex 1900.000 1100.000 349.908
   vertex 2000.000 1200.000 349.908
   vertex 1900.000 1200.000 349.908
  endloop
 endfacet
 facet normal 0.000000 0.000000 1.000000
  outer loop
   vertex 0.000 1200.000 349.908
   vertex 100.000 1200.000 349.908
   vertex 100.000 1300.000 349.908
  endloop
 endfacet
 facet normal 0.000000 0.000000 1.000000
  outer loop
   vertex 0.000 1200.000 349.908
   vertex 100.000 1300.000 349.908
   vertex 0.000 1300.000 349.908
  endloop
 endfacet
 facet normal 0.000000 0.000000 1.000000
  outer loop
   vertex 100.000 1200.000 349.908
   vertex 200.000 1200.000 349.908
   vertex 200.000 1300.000 349.908
  endloop
 endfacet
 facet normal 0.000000 0.000000 1.000000
  outer loop
   vertex 100.000 1200.000 349.908
   vertex 200.000 1300.000 349.908
   vertex 100.000 1300.000 349.908
  endloop
 endfacet
 facet normal 0.000000 0.000000 1.000000
  outer loop
   vertex 200.000 1200.000 349.908
   vertex 300.000 1200.000 349.908
   vertex 300.000 1300.000 349.908
  endloop
 endfacet
 facet normal 0.000000 0.000000 1.000000
  outer loop
   vertex 200.000 1200.000 349.908
   vertex 300.000 1300.000 349.908
   vertex 200.000 1300.000 349.908
  endloop
 endfacet
 facet normal 0.000000 0.000000 1.000000
  outer loop
   vertex 300.000 1200.000 349.908
   vertex 400.000 1200.000 349.908
   vertex 400.000 1300.000 349.908
  endloop
 endfacet
 facet normal 0.000000 0.000000 1.000000
  outer loop
   vertex 300.000 1200.000 349.908
   vertex 400.000 1300.000 349.908
   vertex 300.000 1300.000 349.908
  endloop
 endfacet
 facet normal 0.000000 0.000000 1.000000
  outer loop
   vertex 400.000 1200.000 349.908
   vertex 500.000 1200.000 349.908
   vertex 500.000 1300.000 349.908
  endloop
 endfacet
 facet normal 0.000000 0.000000 1.000000
  outer loop
   vertex 400.000 1200.000 349.908
   vertex 500.000 1300.000 349.908
   vertex 400.000 1300.000 349.908
  endloop
 endfacet
 facet normal 0.000000 0.000000 1.000000
  outer loop
   vertex 500.000 1200.000 349.908
   vertex 600.000 1200.000 349.908
   vertex 600.000 1300.000 349.908
  endloop
 endfacet
 facet normal 0.000000 0.000000 1.000000
  outer loop
   vertex 500.000 1200.000 349.908
   vertex 600.000 1300.000 349.908
   vertex 500.000 1300.000 349.908
  endloop
 endfacet
 facet normal 0.000000 0.000000 1.000000
  outer loop
   vertex 600.000 1200.000 349.908
   vertex 700.000 1200.000 349.908
   vertex 700.000 1300.000 349.908
  endloop
 endfacet
 facet normal 0.000000 0.000000 1.000000
  outer loop
   vertex 600.000 1200.000 349.908
   vertex 700.000 1300.000 349.908
   vertex 600.000 1300.000 349.908
  endloop
 endfacet
 facet normal 0.000000 0.000000 1.000000
  outer loop
   vertex 700.000 1200.000 349.908
   vertex 800.000 1200.000 349.908
   vertex 800.000 1300.000 349.908
  endloop
 endfacet
 facet normal 0.000000 0.000000 1.000000
  outer loop
   vertex 700.000 1200.000 349.908
   vertex 800.000 1300.000 349.908
   vertex 700.000 1300.000 349.908
  endloop
 endfacet
 facet normal 0.000000 0.000000 1.000000
  outer loop
   vertex 800.000 1200.000 349.908
   vertex 900.000 1200.000 349.908
   vertex 900.000 1300.000 349.908
  endloop
 endfacet
 facet normal 0.000000 0.000000 1.000000
  outer loop
   vertex 800.000 1200.000 349.908
   vertex 900.000 1300.000 349.908
   vertex 800.000 1300.000 349.908
  endloop
 endfacet
 facet normal 0.000000 0.000000 1.000000
  outer loop
   vertex 900.000 1200.000 349.908
   vertex 1000.000 1200.000 349.908
   vertex 1000.000 1300.000 349.908
  endloop
 endfacet
 facet normal 0.000000 0.000000 1.000000
  outer loop
   vertex 900.000 1200.000 349.908
   vertex 1000.000 1300.000 349.908
   vertex 900.000 1300.000 349.908
  endloop
 endfacet
 facet normal 0.000000 0.000000 1.000000
  outer loop
   vertex 1000.000 1200.000 349.908
   vertex 1100.000 1200.000 349.908
   vertex 1100.000 1300.000 349.908
  endloop
 endfacet
 facet normal 0.000000 0.000000 1.000000
  outer loop
   vertex 1000.000 1200.000 349.908
   vertex 1100.000 1300.000 349.908
   vertex 1000.000 1300.000 349.908
  endloop
 endfacet
 facet normal 0.000000 0.000000 1.000000
  outer loop
   vertex 1100.000 1200.000 349.908
   vertex 1200.000 1200.000 349.908
   vertex 1200.000 1300.000 349.908
  endloop
 endfacet
 facet normal 0.000000 0.000000 1.000000
  outer loop
   vertex 1100.000 1200.000 349.908
   vertex 1200.000 1300.000 349.908
   vertex 1100.000 1300.000 349.908
  endloop
 endfacet
 facet normal 0.000000 0.000000 1.000000
  outer loop
   vertex 1200.000 1200.000 349.908
   vertex 1300.000 1200.000 349.908
   vertex 1300.000 1300.000 349.908
  endloop
 endfacet
 facet normal 0.000000 0.000000 1.000000
  outer loop
   vertex 1200.000 1200.000 349.908
   vertex 1300.000 1300.000 349.908
   vertex 1200.000 1300.000 349.908
  endloop
 endfacet
 facet normal 0.000000 0.000000 1.000000
  outer loop
   vertex 1300.000 1200.000 349.908
   vertex 1400.000 1200.000 349.908
   vertex 1400.000 1300.000 349.908
  endloop
 endfacet
 facet normal 0.000000 0.000000 1.000000
  outer loop
   vertex 1300.000 1200.000 349.908
   vertex 1400.000 1300.000 349.908
   vertex 1300.000 1300.000 349.908
  endloop
 endfacet
 facet normal 0.000000 0.000000 1.000000
  outer loop
   vertex 1400.000 1200.000 349.908
   vertex 1500.000 1200.000 349.908
   vertex 1500.000 1300.000 349.908
  endloop
 endfacet
 facet normal 0.000000 0.000000 1.000000
  outer loop
   vertex 1400.000 1200.000 349.908
   vertex 1500.000 1300.000 349.908
   vertex 1400.000 1300.000 349.908
  endloop
 endfacet
 facet normal 0.000000 0.000000 1.000000
  outer loop
   vertex 1500.000 1200.000 349.908
   vertex 1600.000 1200.000 349.908
   vertex 1600.000 1300.000 349.908
  endloop
 endfacet
 facet normal 0.000000 0.000000 1.000000
  outer loop
   vertex 1500.000 1200.000 349.908
   vertex 1600.000 1300.000 349.908
   vertex 1500.000 1300.000 349.908
  endloop
 endfacet
 facet normal 0.000000 0.000000 1.000000
  outer loop
   vertex 1600.000 1200.000 349.908
   vertex 1700.000 1200.000 349.908
   vertex 1700.000 1300.000 349.908
  endloop
 endfacet
 facet normal 0.000000 0.000000 1.000000
  outer loop
   vertex 1600.000 1200.000 349.908
   vertex 1700.000 1300.000 349.908
   vertex 1600.000 1300.000 349.908
  endloop
 endfacet
 facet normal 0.000000 0.000000 1.000000
  outer loop
   vertex 1700.000 1200.000 349.908
   vertex 1800.000 1200.000 349.908
   vertex 1800.000 1300.000 349.908
  endloop
 endfacet
 facet normal 0.000000 0.000000 1.000000
  outer loop
   vertex 1700.000 1200.000 349.908
   vertex 1800.000 1300.000 349.908
   vertex 1700.000 1300.000 349.908
  endloop
 endfacet
 facet normal 0.000000 0.000000 1.000000
  outer loop
   vertex 1800.000 1200.000 349.908
   vertex 1900.000 1200.000 349.908
   vertex 1900.000 1300.000 349.908
  endloop
 endfacet
 facet normal 0.000000 0.000000 1.000000
  outer loop
   vertex 1800.000 1200.000 349.908
   vertex 1900.000 1300.000 349.908
   vertex 1800.000 1300.000 349.908
  endloop
 endfacet
 facet normal 0.000000 0.000000 1.000000
  outer loop
   vertex 1900.000 1200.000 349.908
   vertex 2000.000 1200.000 349.908
   vertex 2000.000 1300.000 349.908
  endloop
 endfacet
 facet normal 0.000000 0.000000 1.000000
  outer loop
   vertex 1900.000 1200.000 349.908
   vertex 2000.000 1300.000 349.908
   vertex 1900.000 1300.000 349.908
  endloop
 endfacet
 facet normal 0.000000 0.000000 1.000000
  outer loop
   vertex 0.000 1300.000 349.908
   vertex 100.000 1300.000 349.908
   vertex 100.000 1400.000 349.908
  endloop
 endfacet
 facet normal 0.000000 0.000000 1.000000
  outer loop
   vertex 0.000 1300.000 349.908
   vertex 100.000 1400.000 349.908
   vertex 0.000 1400.000 349.908
  endloop
 endfacet
 facet normal 0.000000 0.000000 1.000000
  outer loop
   vertex 100.000 1300.000 349.908
   vertex 200.000 1300.000 349.908
   vertex 200.000 1400.000 349.908
  endloop
 endfacet
 facet normal 0.000000 0.000000 1.000000
  outer loop
   vertex 100.000 1300.000 349.908
   vertex 200.000 1400.000 349.908
   vertex 100.000 1400.000 349.908
  endloop
 endfacet
 facet normal 0.000000 0.000000 1.000000
  outer loop
   vertex 200.000 1300.000 349.908
   vertex 300.000 1300.000 349.908
   vertex 300.000 1400.000 349.908
  endloop
 endfacet
 facet normal 0.000000 0.000000 1.000000
  outer loop
   vertex 200.000 1300.000 349.908
   vertex 300.000 1400.000 349.908
   vertex 200.000 1400.000 349.908
  endloop
 endfacet
 facet normal 0.000000 0.000000 1.000000
  outer loop
   vertex 300.000 1300.000 349.908
   vertex 400.000 1300.000 349.908
   vertex 400.000 1400.000 349.908
  endloop
 endfacet
 facet normal 0.000000 0.000000 1.000000
  outer loop
   vertex 300.000 1300.000 349.908
   vertex 400.000 1400.000 349.908
   vertex 300.000 1400.000 349.908
  endloop
 endfacet
 facet normal 0.000000 0.000000 1.000000
  outer loop
   vertex 400.000 1300.000 349.908
   vertex 500.000 1300.000 349.908
   vertex 500.000 1400.000 349.908
  endloop
 endfacet
 facet normal 0.000000 0.000000 1.000000
  outer loop
   vertex 400.000 1300.000 349.908
   vertex 500.000 1400.000 349.908
   vertex 400.000 1400.000 349.908
  endloop
 endfacet
 facet normal 0.000000 0.000000 1.000000
  outer loop
   vertex 500.000 1300.000 349.908
   vertex 600.000 1300.000 349.908
   vertex 600.000 1400.000 349.908
  endloop
 endfacet
 facet normal 0.000000 0.000000 1.000000
  outer loop
   vertex 500.000 1300.000 349.908
   vertex 600.000 1400.000 349.908
   vertex 500.000 1400.000 349.908
  endloop
 endfacet
 facet normal 0.000000 0.000000 1.000000
  outer loop
   vertex 600.000 1300.000 349.908
   vertex 700.000 1300.000 349.908
   vertex 700.000 1400.000 349.908
  endloop
 endfacet
 facet normal 0.000000 0.000000 1.000000
  outer loop
   vertex 600.000 1300.000 349.908
   vertex 700.000 1400.000 349.908
   vertex 600.000 1400.000 349.908
  endloop
 endfacet
 facet normal 0.000000 0.000000 1.000000
  outer loop
   vertex 700.000 1300.000 349.908
   vertex 800.000 1300.000 349.908
   vertex 800.000 1400.000 349.908
  endloop
 endfacet
 facet normal 0.000000 0.000000 1.000000
  outer loop
   vertex 700.000 1300.000 349.908
   vertex 800.000 1400.000 349.908
   vertex 700.000 1400.000 349.908
  endloop
 endfacet
 facet normal 0.000000 0.000000 1.000000
  outer loop
   vertex 800.000 1300.000 349.908
   vertex 900.000 1300.000 349.908
   vertex 900.000 1400.000 349.908
  endloop
 endfacet
 facet normal 0.000000 0.000000 1.000000
  outer loop
   vertex 800.000 1300.000 349.908
   vertex 900.000 1400.000 349.908
   vertex 800.000 1400.000 349.908
  endloop
 endfacet
 facet normal 0.000000 0.000000 1.000000
  outer loop
   vertex 900.000 1300.000 349.908
   vertex 1000.000 1300.000 349.908
   vertex 1000.000 1400.000 349.908
  endloop
 endfacet
 facet normal 0.000000 0.000000 1.000000
  outer loop
   vertex 900.000 1300.000 349.908
   vertex 1000.000 1400.000 349.908
   vertex 900.000 1400.000 349.908
  endloop
 endfacet
 facet normal 0.000000 0.000000 1.000000
  outer loop
   vertex 1000.000 1300.000 349.908
   vertex 1100.000 1300.000 349.908
   vertex 1100.000 1400.000 349.908
  endloop
 endfacet
 facet normal 0.000000 0.000000 1.000000
  outer loop
   vertex 1000.000 1300.000 349.908
   vertex 1100.000 1400.000 349.908
   vertex 1000.000 1400.000 349.908
  endloop
 endfacet
 facet normal 0.000000 0.000000 1.000000
  outer loop
   vertex 1100.000 1300.000 349.908
   vertex 1200.000 1300.000 349.908
   vertex 1200.000 1400.000 349.908
  endloop
 endfacet
 facet normal 0.000000 0.000000 1.000000
  outer loop
   vertex 1100.000 1300.000 349.908
   vertex 1200.000 1400.000 349.908
   vertex 1100.000 1400.000 349.908
  endloop
 endfacet
 facet normal 0.000000 0.000000 1.000000
  outer loop
   vertex 1200.000 1300.000 349.908
   vertex 1300.000 1300.000 349.908
   vertex 1300.000 1400.000 349.908
  endloop
 endfacet
 facet normal 0.000000 0.000000 1.000000
  outer loop
   vertex 1200.000 1300.000 349.908
   vertex 1300.000 1400.000 349.908
   vertex 1200.000 1400.000 349.908
  endloop
 endfacet
 facet normal 0.000000 0.000000 1.000000
  outer loop
   vertex 1300.000 1300.000 349.908
   vertex 1400.000 1300.000 349.908
   vertex 1400.000 1400.000 349.908
  endloop
 endfacet
 facet normal 0.000000 0.000000 1.000000
  outer loop
   vertex 1300.000 1300.000 349.908
   vertex 1400.000 1400.000 349.908
   vertex 1300.000 1400.000 349.908
  endloop
 endfacet
 facet normal 0.000000 0.000000 1.000000
  outer loop
   vertex 1400.000 1300.000 349.908
   vertex 1500.000 1300.000 349.908
   vertex 1500.000 1400.000 349.908
  endloop
 endfacet
 facet normal 0.000000 0.000000 1.000000
  outer loop
   vertex 1400.000 1300.000 349.908
   vertex 1500.000 1400.000 349.908
   vertex 1400.000 1400.000 349.908
  endloop
 endfacet
 facet normal 0.000000 0.000000 1.000000
  outer loop
   vertex 1500.000 1300.000 349.908
   vertex 1600.000 1300.000 349.908
   vertex 1600.000 1400.000 349.908
  endloop
 endfacet
 facet normal 0.000000 0.000000 1.000000
  outer loop
   vertex 1500.000 1300.000 349.908
   vertex 1600.000 1400.000 349.908
   vertex 1500.000 1400.000 349.908
  endloop
 endfacet
 facet normal 0.000000 0.000000 1.000000
  outer loop
   vertex 1600.000 1300.000 349.908
   vertex 1700.000 1300.000 349.908
   vertex 1700.000 1400.000 349.908
  endloop
 endfacet
 facet normal 0.000000 0.000000 1.000000
  outer loop
   vertex 1600.000 1300.000 349.908
   vertex 1700.000 1400.000 349.908
   vertex 1600.000 1400.000 349.908
  endloop
 endfacet
 facet normal 0.000000 0.000000 1.000000
  outer loop
   vertex 1700.000 1300.000 349.908
   vertex 1800.000 1300.000 349.908
   vertex 1800.000 1400.000 349.908
  endloop
 endfacet
 facet normal 0.000000 0.000000 1.000000
  outer loop
   vertex 1700.000 1300.000 349.908
   vertex 1800.000 1400.000 349.908
   vertex 1700.000 1400.000 349.908
  endloop
 endfacet
 facet normal 0.000000 0.000000 1.000000
  outer loop
   vertex 1800.000 1300.000 349.908
   vertex 1900.000 1300.000 349.908
   vertex 1900.000 1400.000 349.908
  endloop
 endfacet
 facet normal 0.000000 0.000000 1.000000
  outer loop
   vertex 1800.000 1300.000 349.908
   vertex 1900.000 1400.000 349.908
   vertex 1800.000 1400.000 349.908
  endloop
 endfacet
 facet normal 0.000000 0.000000 1.000000
  outer loop
   vertex 1900.000 1300.000 349.908
   vertex 2000.000 1300.000 349.908
   vertex 2000.000 1400.000 349.908
  endloop
 endfacet
 facet normal 0.000000 0.000000 1.000000
  outer loop
   vertex 1900.000 1300.000 349.908
   vertex 2000.000 1400.000 349.908
   vertex 1900.000 1400.000 349.908
  endloop
 endfacet
 facet normal 0.000000 0.000000 1.000000
  outer loop
   vertex 0.000 1400.000 349.908
   vertex 100.000 1400.000 349.908
   vertex 100.000 1500.000 349.908
  endloop
 endfacet
 facet normal 0.000000 0.000000 1.000000
  outer loop
   vertex 0.000 1400.000 349.908
   vertex 100.000 1500.000 349.908
   vertex 0.000 1500.000 349.908
  endloop
 endfacet
 facet normal 0.000000 0.000000 1.000000
  outer loop
   vertex 100.000 1400.000 349.908
   vertex 200.000 1400.000 349.908
   vertex 200.000 1500.000 349.908
  endloop
 endfacet
 facet normal 0.000000 0.000000 1.000000
  outer loop
   vertex 100.000 1400.000 349.908
   vertex 200.000 1500.000 349.908
   vertex 100.000 1500.000 349.908
  endloop
 endfacet
 facet normal 0.000000 0.000000 1.000000
  outer loop
   vertex 200.000 1400.000 349.908
   vertex 300.000 1400.000 349.908
   vertex 300.000 1500.000 349.908
  endloop
 endfacet
 facet normal 0.000000 0.000000 1.000000
  outer loop
   vertex 200.000 1400.000 349.908
   vertex 300.000 1500.000 349.908
   vertex 200.000 1500.000 349.908
  endloop
 endfacet
 facet normal 0.000000 0.000000 1.000000
  outer loop
   vertex 300.000 1400.000 349.908
   vertex 400.000 1400.000 349.908
   vertex 400.000 1500.000 349.908
  endloop
 endfacet
 facet normal 0.000000 0.000000 1.000000
  outer loop
   vertex 300.000 1400.000 349.908
   vertex 400.000 1500.000 349.908
   vertex 300.000 1500.000 349.908
  endloop
 endfacet
 facet normal 0.000000 0.000000 1.000000
  outer loop
   vertex 400.000 1400.000 349.908
   vertex 500.000 1400.000 349.908
   vertex 500.000 1500.000 349.908
  endloop
 endfacet
 facet normal 0.000000 0.000000 1.000000
  outer loop
   vertex 400.000 1400.000 349.908
   vertex 500.000 1500.000 349.908
   vertex 400.000 1500.000 349.908
  endloop
 endfacet
 facet normal 0.000000 0.000000 1.000000
  outer loop
   vertex 500.000 1400.000 349.908
   vertex 600.000 1400.000 349.908
   vertex 600.000 1500.000 349.908
  endloop
 endfacet
 facet normal 0.000000 0.000000 1.000000
  outer loop
   vertex 500.000 1400.000 349.908
   vertex 600.000 1500.000 349.908
   vertex 500.000 1500.000 349.908
  endloop
 endfacet
 facet normal 0.000000 0.000000 1.000000
  outer loop
   vertex 600.000 1400.000 349.908
   vertex 700.000 1400.000 349.908
   vertex 700.000 1500.000 349.908
  endloop
 endfacet
 facet normal 0.000000 0.000000 1.000000
  outer loop
   vertex 600.000 1400.000 349.908
   vertex 700.000 1500.000 349.908
   vertex 600.000 1500.000 349.908
  endloop
 endfacet
 facet normal 0.000000 0.000000 1.000000
  outer loop
   vertex 700.000 1400.000 349.908
   vertex 800.000 1400.000 349.908
   vertex 800.000 1500.000 349.908
  endloop
 endfacet
 facet normal 0.000000 0.000000 1.000000
  outer loop
   vertex 700.000 1400.000 349.908
   vertex 800.000 1500.000 349.908
   vertex 700.000 1500.000 349.908
  endloop
 endfacet
 facet normal 0.000000 0.000000 1.000000
  outer loop
   vertex 800.000 1400.000 349.908
   vertex 900.000 1400.000 349.908
   vertex 900.000 1500.000 349.908
  endloop
 endfacet
 facet normal 0.000000 0.000000 1.000000
  outer loop
   vertex 800.000 1400.000 349.908
   vertex 900.000 1500.000 349.908
   vertex 800.000 1500.000 349.908
  endloop
 endfacet
 facet normal 0.000000 0.000000 1.000000
  outer loop
   vertex 900.000 1400.000 349.908
   vertex 1000.000 1400.000 349.908
   vertex 1000.000 1500.000 349.908
  endloop
 endfacet
 facet normal 0.000000 0.000000 1.000000
  outer loop
   vertex 900.000 1400.000 349.908
   vertex 1000.000 1500.000 349.908
   vertex 900.000 1500.000 349.908
  endloop
 endfacet
 facet normal 0.000000 0.000000 1.000000
  outer loop
   vertex 1000.000 1400.000 349.908
   vertex 1100.000 1400.000 349.908
   vertex 1100.000 1500.000 349.908
  endloop
 endfacet
 facet normal 0.000000 0.000000 1.000000
  outer loop
   vertex 1000.000 1400.000 349.908
   vertex 1100.000 1500.000 349.908
   vertex 1000.000 1500.000 349.908
  endloop
 endfacet
 facet normal 0.000000 0.000000 1.000000
  outer loop
   vertex 1100.000 1400.000 349.908
   vertex 1200.000 1400.000 349.908
   vertex 1200.000 1500.000 349.908
  endloop
 endfacet
 facet normal 0.000000 0.000000 1.000000
  outer loop
   vertex 1100.000 1400.000 349.908
   vertex 1200.000 1500.000 349.908
   vertex 1100.000 1500.000 349.908
  endloop
 endfacet
 facet normal 0.000000 0.000000 1.000000
  outer loop
   vertex 1200.000 1400.000 349.908
   vertex 1300.000 1400.000 349.908
   vertex 1300.000 1500.000 349.908
  endloop
 endfacet
 facet normal 0.000000 0.000000 1.000000
  outer loop
   vertex 1200.000 1400.000 349.908
   vertex 1300.000 1500.000 349.908
   vertex 1200.000 1500.000 349.908
  endloop
 endfacet
 facet normal 0.000000 0.000000 1.000000
  outer loop
   vertex 1300.000 1400.000 349.908
   vertex 1400.000 1400.000 349.908
   vertex 1400.000 1500.000 349.908
  endloop
 endfacet
 facet normal 0.000000 0.000000 1.000000
  outer loop
   vertex 1300.000 1400.000 349.908
   vertex 1400.000 1500.000 349.908
   vertex 1300.000 1500.000 349.908
  endloop
 endfacet
 facet normal 0.000000 0.000000 1.000000
  outer loop
   vertex 1400.000 1400.000 349.908
   vertex 1500.000 1400.000 349.908
   vertex 1500.000 1500.000 349.908
  endloop
 endfacet
 facet normal 0.000000 0.000000 1.000000
  outer loop
   vertex 1400.000 1400.000 349.908
   vertex 1500.000 1500.000 349.908
   vertex 1400.000 1500.000 349.908
  endloop
 endfacet
 facet normal 0.000000 0.000000 1.000000
  outer loop
   vertex 1500.000 1400.000 349.908
   vertex 1600.000 1400.000 349.908
   vertex 1600.000 1500.000 349.908
  endloop
 endfacet
 facet normal 0.000000 0.000000 1.000000
  outer loop
   vertex 1500.000 1400.000 349.908
   vertex 1600.000 1500.000 349.908
   vertex 1500.000 1500.000 349.908
  endloop
 endfacet
 facet normal 0.000000 0.000000 1.000000
  outer loop
   vertex 1600.000 1400.000 349.908
   vertex 1700.000 1400.000 349.908
   vertex 1700.000 1500.000 349.908
  endloop
 endfacet
 facet normal 0.000000 0.000000 1.000000
  outer loop
   vertex 1600.000 1400.000 349.908
   vertex 1700.000 1500.000 349.908
   vertex 1600.000 1500.000 349.908
  endloop
 endfacet
 facet normal 0.000000 0.000000 1.000000
  outer loop
   vertex 1700.000 1400.000 349.908
   vertex 1800.000 1400.000 349.908
   vertex 1800.000 1500.000 349.908
  endloop
 endfacet
 facet normal 0.000000 0.000000 1.000000
  outer loop
   vertex 1700.000 1400.000 349.908
   vertex 1800.000 1500.000 349.908
   vertex 1700.000 1500.000 349.908
  endloop
 endfacet
 facet normal 0.000000 0.000000 1.000000
  outer loop
   vertex 1800.000 1400.000 349.908
   vertex 1900.000 1400.000 349.908
   vertex 1900.000 1500.000 349.908
  endloop
 endfacet
 facet normal 0.000000 0.000000 1.000000
  outer loop
   vertex 1800.000 1400.000 349.908
   vertex 1900.000 1500.000 349.908
   vertex 1800.000 1500.000 349.908
  endloop
 endfacet
 facet normal 0.000000 0.000000 1.000000
  outer loop
   vertex 1900.000 1400.000 349.908
   vertex 2000.000 1400.000 349.908
   vertex 2000.000 1500.000 349.908
  endloop
 endfacet
 facet normal 0.000000 0.000000 1.000000
  outer loop
   vertex 1900.000 1400.000 349.908
   vertex 2000.000 1500.000 349.908
   vertex 1900.000 1500.000 349.908
  endloop
 endfacet
 facet normal 0.000000 0.000000 1.000000
  outer loop
   vertex 0.000 1500.000 349.908
   vertex 100.000 1500.000 349.908
   vertex 100.000 1600.000 349.908
  endloop
 endfacet
 facet normal 0.000000 0.000000 1.000000
  outer loop
   vertex 0.000 1500.000 349.908
   vertex 100.000 1600.000 349.908
   vertex 0.000 1600.000 349.908
  endloop
 endfacet
 facet normal 0.000000 0.000000 1.000000
  outer loop
   vertex 100.000 1500.000 349.908
   vertex 200.000 1500.000 349.908
   vertex 200.000 1600.000 349.908
  endloop
 endfacet
 facet normal 0.000000 0.000000 1.000000
  outer loop
   vertex 100.000 1500.000 349.908
   vertex 200.000 1600.000 349.908
   vertex 100.000 1600.000 349.908
  endloop
 endfacet
 facet normal 0.000000 0.000000 1.000000
  outer loop
   vertex 200.000 1500.000 349.908
   vertex 300.000 1500.000 349.908
   vertex 300.000 1600.000 349.908
  endloop
 endfacet
 facet normal 0.000000 0.000000 1.000000
  outer loop
   vertex 200.000 1500.000 349.908
   vertex 300.000 1600.000 349.908
   vertex 200.000 1600.000 349.908
  endloop
 endfacet
 facet normal 0.000000 0.000000 1.000000
  outer loop
   vertex 300.000 1500.000 349.908
   vertex 400.000 1500.000 349.908
   vertex 400.000 1600.000 349.908
  endloop
 endfacet
 facet normal 0.000000 0.000000 1.000000
  outer loop
   vertex 300.000 1500.000 349.908
   vertex 400.000 1600.000 349.908
   vertex 300.000 1600.000 349.908
  endloop
 endfacet
 facet normal 0.000000 0.000000 1.000000
  outer loop
   vertex 400.000 1500.000 349.908
   vertex 500.000 1500.000 349.908
   vertex 500.000 1600.000 349.908
  endloop
 endfacet
 facet normal 0.000000 0.000000 1.000000
  outer loop
   vertex 400.000 1500.000 349.908
   vertex 500.000 1600.000 349.908
   vertex 400.000 1600.000 349.908
  endloop
 endfacet
 facet normal 0.000000 0.000000 1.000000
  outer loop
   vertex 500.000 1500.000 349.908
   vertex 600.000 1500.000 349.908
   vertex 600.000 1600.000 349.908
  endloop
 endfacet
 facet normal 0.000000 0.000000 1.000000
  outer loop
   vertex 500.000 1500.000 349.908
   vertex 600.000 1600.000 349.908
   vertex 500.000 1600.000 349.908
  endloop
 endfacet
 facet normal 0.000000 0.000000 1.000000
  outer loop
   vertex 600.000 1500.000 349.908
   vertex 700.000 1500.000 349.908
   vertex 700.000 1600.000 349.908
  endloop
 endfacet
 facet normal 0.000000 0.000000 1.000000
  outer loop
   vertex 600.000 1500.000 349.908
   vertex 700.000 1600.000 349.908
   vertex 600.000 1600.000 349.908
  endloop
 endfacet
 facet normal 0.000000 0.000000 1.000000
  outer loop
   vertex 700.000 1500.000 349.908
   vertex 800.000 1500.000 349.908
   vertex 800.000 1600.000 349.908
  endloop
 endfacet
 facet normal 0.000000 0.000000 1.000000
  outer loop
   vertex 700.000 1500.000 349.908
   vertex 800.000 1600.000 349.908
   vertex 700.000 1600.000 349.908
  endloop
 endfacet
 facet normal 0.000000 0.000000 1.000000
  outer loop
   vertex 800.000 1500.000 349.908
   vertex 900.000 1500.000 349.908
   vertex 900.000 1600.000 349.908
  endloop
 endfacet
 facet normal 0.000000 0.000000 1.000000
  outer loop
   vertex 800.000 1500.000 349.908
   vertex 900.000 1600.000 349.908
   vertex 800.000 1600.000 349.908
  endloop
 endfacet
 facet normal 0.000000 0.000000 1.000000
  outer loop
   vertex 900.000 1500.000 349.908
   vertex 1000.000 1500.000 349.908
   vertex 1000.000 1600.000 349.908
  endloop
 endfacet
 facet normal 0.000000 0.000000 1.000000
  outer loop
   vertex 900.000 1500.000 349.908
   vertex 1000.000 1600.000 349.908
   vertex 900.000 1600.000 349.908
  endloop
 endfacet
 facet normal 0.000000 0.000000 1.000000
  outer loop
   vertex 1000.000 1500.000 349.908
   vertex 1100.000 1500.000 349.908
   vertex 1100.000 1600.000 349.908
  endloop
 endfacet
 facet normal 0.000000 0.000000 1.000000
  outer loop
   vertex 1000.000 1500.000 349.908
   vertex 1100.000 1600.000 349.908
   vertex 1000.000 1600.000 349.908
  endloop
 endfacet
 facet normal 0.000000 0.000000 1.000000
  outer loop
   vertex 1100.000 1500.000 349.908
   vertex 1200.000 1500.000 349.908
   vertex 1200.000 1600.000 349.908
  endloop
 endfacet
 facet normal 0.000000 0.000000 1.000000
  outer loop
   vertex 1100.000 1500.000 349.908
   vertex 1200.000 1600.000 349.908
   vertex 1100.000 1600.000 349.908
  endloop
 endfacet
 facet normal 0.000000 0.000000 1.000000
  outer loop
   vertex 1200.000 1500.000 349.908
   vertex 1300.000 1500.000 349.908
   vertex 1300.000 1600.000 349.908
  endloop
 endfacet
 facet normal 0.000000 0.000000 1.000000
  outer loop
   vertex 1200.000 1500.000 349.908
   vertex 1300.000 1600.000 349.908
   vertex 1200.000 1600.000 349.908
  endloop
 endfacet
 facet normal 0.000000 0.000000 1.000000
  outer loop
   vertex 1300.000 1500.000 349.908
   vertex 1400.000 1500.000 349.908
   vertex 1400.000 1600.000 349.908
  endloop
 endfacet
 facet normal 0.000000 0.000000 1.000000
  outer loop
   vertex 1300.000 1500.000 349.908
   vertex 1400.000 1600.000 349.908
   vertex 1300.000 1600.000 349.908
  endloop
 endfacet
 facet normal 0.000000 0.000000 1.000000
  outer loop
   vertex 1400.000 1500.000 349.908
   vertex 1500.000 1500.000 349.908
   vertex 1500.000 1600.000 349.908
  endloop
 endfacet
 facet normal 0.000000 0.000000 1.000000
  outer loop
   vertex 1400.000 1500.000 349.908
   vertex 1500.000 1600.000 349.908
   vertex 1400.000 1600.000 349.908
  endloop
 endfacet
 facet normal 0.000000 0.000000 1.000000
  outer loop
   vertex 1500.000 1500.000 349.908
   vertex 1600.000 1500.000 349.908
   vertex 1600.000 1600.000 349.908
  endloop
 endfacet
 facet normal 0.000000 0.000000 1.000000
  outer loop
   vertex 1500.000 1500.000 349.908
   vertex 1600.000 1600.000 349.908
   vertex 1500.000 1600.000 349.908
  endloop
 endfacet
 facet normal 0.000000 0.000000 1.000000
  outer loop
   vertex 1600.000 1500.000 349.908
   vertex 1700.000 1500.000 349.908
   vertex 1700.000 1600.000 349.908
  endloop
 endfacet
 facet normal 0.000000 0.000000 1.000000
  outer loop
   vertex 1600.000 1500.000 349.908
   vertex 1700.000 1600.000 349.908
   vertex 1600.000 1600.000 349.908
  endloop
 endfacet
 facet normal 0.000000 0.000000 1.000000
  outer loop
   vertex 1700.000 1500.000 349.908
   vertex 1800.000 1500.000 349.908
   vertex 1800.000 1600.000 349.908
  endloop
 endfacet
 facet normal 0.000000 0.000000 1.000000
  outer loop
   vertex 1700.000 1500.000 349.908
   vertex 1800.000 1600.000 349.908
   vertex 1700.000 1600.000 349.908
  endloop
 endfacet
 facet normal 0.000000 0.000000 1.000000
  outer loop
   vertex 1800.000 1500.000 349.908
   vertex 1900.000 1500.000 349.908
   vertex 1900.000 1600.000 349.908
  endloop
 endfacet
 facet normal 0.000000 0.000000 1.000000
  outer loop
   vertex 1800.000 1500.000 349.908
   vertex 1900.000 1600.000 349.908
   vertex 1800.000 1600.000 349.908
  endloop
 endfacet
 facet normal 0.000000 0.000000 1.000000
  outer loop
   vertex 1900.000 1500.000 349.908
   vertex 2000.000 1500.000 349.908
   vertex 2000.000 1600.000 349.908
  endloop
 endfacet
 facet normal 0.000000 0.000000 1.000000
  outer loop
   vertex 1900.000 1500.000 349.908
   vertex 2000.000 1600.000 349.908
   vertex 1900.000 1600.000 349.908
  endloop
 endfacet
 facet normal 0.000000 0.000000 1.000000
  outer loop
   vertex 0.000 1600.000 349.908
   vertex 100.000 1600.000 349.908
   vertex 100.000 1700.000 349.908
  endloop
 endfacet
 facet normal 0.000000 0.000000 1.000000
  outer loop
   vertex 0.000 1600.000 349.908
   vertex 100.000 1700.000 349.908
   vertex 0.000 1700.000 349.908
  endloop
 endfacet
 facet normal 0.000000 0.000000 1.000000
  outer loop
   vertex 100.000 1600.000 349.908
   vertex 200.000 1600.000 349.908
   vertex 200.000 1700.000 349.908
  endloop
 endfacet
 facet normal 0.000000 0.000000 1.000000
  outer loop
   vertex 100.000 1600.000 349.908
   vertex 200.000 1700.000 349.908
   vertex 100.000 1700.000 349.908
  endloop
 endfacet
 facet normal 0.000000 0.000000 1.000000
  outer loop
   vertex 200.000 1600.000 349.908
   vertex 300.000 1600.000 349.908
   vertex 300.000 1700.000 349.908
  endloop
 endfacet
 facet normal 0.000000 0.000000 1.000000
  outer loop
   vertex 200.000 1600.000 349.908
   vertex 300.000 1700.000 349.908
   vertex 200.000 1700.000 349.908
  endloop
 endfacet
 facet normal 0.000000 0.000000 1.000000
  outer loop
   vertex 300.000 1600.000 349.908
   vertex 400.000 1600.000 349.908
   vertex 400.000 1700.000 349.908
  endloop
 endfacet
 facet normal 0.000000 0.000000 1.000000
  outer loop
   vertex 300.000 1600.000 349.908
   vertex 400.000 1700.000 349.908
   vertex 300.000 1700.000 349.908
  endloop
 endfacet
 facet normal 0.000000 0.000000 1.000000
  outer loop
   vertex 400.000 1600.000 349.908
   vertex 500.000 1600.000 349.908
   vertex 500.000 1700.000 349.908
  endloop
 endfacet
 facet normal 0.000000 0.000000 1.000000
  outer loop
   vertex 400.000 1600.000 349.908
   vertex 500.000 1700.000 349.908
   vertex 400.000 1700.000 349.908
  endloop
 endfacet
 facet normal 0.000000 0.000000 1.000000
  outer loop
   vertex 500.000 1600.000 349.908
   vertex 600.000 1600.000 349.908
   vertex 600.000 1700.000 349.908
  endloop
 endfacet
 facet normal 0.000000 0.000000 1.000000
  outer loop
   vertex 500.000 1600.000 349.908
   vertex 600.000 1700.000 349.908
   vertex 500.000 1700.000 349.908
  endloop
 endfacet
 facet normal 0.000000 0.000000 1.000000
  outer loop
   vertex 600.000 1600.000 349.908
   vertex 700.000 1600.000 349.908
   vertex 700.000 1700.000 349.908
  endloop
 endfacet
 facet normal 0.000000 0.000000 1.000000
  outer loop
   vertex 600.000 1600.000 349.908
   vertex 700.000 1700.000 349.908
   vertex 600.000 1700.000 349.908
  endloop
 endfacet
 facet normal 0.000000 0.000000 1.000000
  outer loop
   vertex 700.000 1600.000 349.908
   vertex 800.000 1600.000 349.908
   vertex 800.000 1700.000 349.908
  endloop
 endfacet
 facet normal 0.000000 0.000000 1.000000
  outer loop
   vertex 700.000 1600.000 349.908
   vertex 800.000 1700.000 349.908
   vertex 700.000 1700.000 349.908
  endloop
 endfacet
 facet normal 0.000000 0.000000 1.000000
  outer loop
   vertex 800.000 1600.000 349.908
   vertex 900.000 1600.000 349.908
   vertex 900.000 1700.000 349.908
  endloop
 endfacet
 facet normal 0.000000 0.000000 1.000000
  outer loop
   vertex 800.000 1600.000 349.908
   vertex 900.000 1700.000 349.908
   vertex 800.000 1700.000 349.908
  endloop
 endfacet
 facet normal 0.000000 0.000000 1.000000
  outer loop
   vertex 900.000 1600.000 349.908
   vertex 1000.000 1600.000 349.908
   vertex 1000.000 1700.000 349.908
  endloop
 endfacet
 facet normal 0.000000 0.000000 1.000000
  outer loop
   vertex 900.000 1600.000 349.908
   vertex 1000.000 1700.000 349.908
   vertex 900.000 1700.000 349.908
  endloop
 endfacet
 facet normal 0.000000 0.000000 1.000000
  outer loop
   vertex 1000.000 1600.000 349.908
   vertex 1100.000 1600.000 349.908
   vertex 1100.000 1700.000 349.908
  endloop
 endfacet
 facet normal 0.000000 0.000000 1.000000
  outer loop
   vertex 1000.000 1600.000 349.908
   vertex 1100.000 1700.000 349.908
   vertex 1000.000 1700.000 349.908
  endloop
 endfacet
 facet normal 0.000000 0.000000 1.000000
  outer loop
   vertex 1100.000 1600.000 349.908
   vertex 1200.000 1600.000 349.908
   vertex 1200.000 1700.000 349.908
  endloop
 endfacet
 facet normal 0.000000 0.000000 1.000000
  outer loop
   vertex 1100.000 1600.000 349.908
   vertex 1200.000 1700.000 349.908
   vertex 1100.000 1700.000 349.908
  endloop
 endfacet
 facet normal 0.000000 0.000000 1.000000
  outer loop
   vertex 1200.000 1600.000 349.908
   vertex 1300.000 1600.000 349.908
   vertex 1300.000 1700.000 349.908
  endloop
 endfacet
 facet normal 0.000000 0.000000 1.000000
  outer loop
   vertex 1200.000 1600.000 349.908
   vertex 1300.000 1700.000 349.908
   vertex 1200.000 1700.000 349.908
  endloop
 endfacet
 facet normal 0.000000 0.000000 1.000000
  outer loop
   vertex 1300.000 1600.000 349.908
   vertex 1400.000 1600.000 349.908
   vertex 1400.000 1700.000 349.908
  endloop
 endfacet
 facet normal 0.000000 0.000000 1.000000
  outer loop
   vertex 1300.000 1600.000 349.908
   vertex 1400.000 1700.000 349.908
   vertex 1300.000 1700.000 349.908
  endloop
 endfacet
 facet normal 0.000000 0.000000 1.000000
  outer loop
   vertex 1400.000 1600.000 349.908
   vertex 1500.000 1600.000 349.908
   vertex 1500.000 1700.000 349.908
  endloop
 endfacet
 facet normal 0.000000 0.000000 1.000000
  outer loop
   vertex 1400.000 1600.000 349.908
   vertex 1500.000 1700.000 349.908
   vertex 1400.000 1700.000 349.908
  endloop
 endfacet
 facet normal 0.000000 0.000000 1.000000
  outer loop
   vertex 1500.000 1600.000 349.908
   vertex 1600.000 1600.000 349.908
   vertex 1600.000 1700.000 349.908
  endloop
 endfacet
 facet normal 0.000000 0.000000 1.000000
  outer loop
   vertex 1500.000 1600.000 349.908
   vertex 1600.000 1700.000 349.908
   vertex 1500.000 1700.000 349.908
  endloop
 endfacet
 facet normal 0.000000 0.000000 1.000000
  outer loop
   vertex 1600.000 1600.000 349.908
   vertex 1700.000 1600.000 349.908
   vertex 1700.000 1700.000 349.908
  endloop
 endfacet
 facet normal 0.000000 0.000000 1.000000
  outer loop
   vertex 1600.000 1600.000 349.908
   vertex 1700.000 1700.000 349.908
   vertex 1600.000 1700.000 349.908
  endloop
 endfacet
 facet normal 0.000000 0.000000 1.000000
  outer loop
   vertex 1700.000 1600.000 349.908
   vertex 1800.000 1600.000 349.908
   vertex 1800.000 1700.000 349.908
  endloop
 endfacet
 facet normal 0.000000 0.000000 1.000000
  outer loop
   vertex 1700.000 1600.000 349.908
   vertex 1800.000 1700.000 349.908
   vertex 1700.000 1700.000 349.908
  endloop
 endfacet
 facet normal 0.000000 0.000000 1.000000
  outer loop
   vertex 1800.000 1600.000 349.908
   vertex 1900.000 1600.000 349.908
   vertex 1900.000 1700.000 349.908
  endloop
 endfacet
 facet normal 0.000000 0.000000 1.000000
  outer loop
   vertex 1800.000 1600.000 349.908
   vertex 1900.000 1700.000 349.908
   vertex 1800.000 1700.000 349.908
  endloop
 endfacet
 facet normal 0.000000 0.000000 1.000000
  outer loop
   vertex 1900.000 1600.000 349.908
   vertex 2000.000 1600.000 349.908
   vertex 2000.000 1700.000 349.908
  endloop
 endfacet
 facet normal 0.000000 0.000000 1.000000
  outer loop
   vertex 1900.000 1600.000 349.908
   vertex 2000.000 1700.000 349.908
   vertex 1900.000 1700.000 349.908
  endloop
 endfacet
 facet normal 0.000000 0.000000 1.000000
  outer loop
   vertex 0.000 1700.000 349.908
   vertex 100.000 1700.000 349.908
   vertex 100.000 1800.000 349.908
  endloop
 endfacet
 facet normal 0.000000 0.000000 1.000000
  outer loop
   vertex 0.000 1700.000 349.908
   vertex 100.000 1800.000 349.908
   vertex 0.000 1800.000 349.908
  endloop
 endfacet
 facet normal 0.000000 0.000000 1.000000
  outer loop
   vertex 100.000 1700.000 349.908
   vertex 200.000 1700.000 349.908
   vertex 200.000 1800.000 349.908
  endloop
 endfacet
 facet normal 0.000000 0.000000 1.000000
  outer loop
   vertex 100.000 1700.000 349.908
   vertex 200.000 1800.000 349.908
   vertex 100.000 1800.000 349.908
  endloop
 endfacet
 facet normal 0.000000 0.000000 1.000000
  outer loop
   vertex 200.000 1700.000 349.908
   vertex 300.000 1700.000 349.908
   vertex 300.000 1800.000 349.908
  endloop
 endfacet
 facet normal 0.000000 0.000000 1.000000
  outer loop
   vertex 200.000 1700.000 349.908
   vertex 300.000 1800.000 349.908
   vertex 200.000 1800.000 349.908
  endloop
 endfacet
 facet normal 0.000000 0.000000 1.000000
  outer loop
   vertex 300.000 1700.000 349.908
   vertex 400.000 1700.000 349.908
   vertex 400.000 1800.000 349.908
  endloop
 endfacet
 facet normal 0.000000 0.000000 1.000000
  outer loop
   vertex 300.000 1700.000 349.908
   vertex 400.000 1800.000 349.908
   vertex 300.000 1800.000 349.908
  endloop
 endfacet
 facet normal 0.000000 0.000000 1.000000
  outer loop
   vertex 400.000 1700.000 349.908
   vertex 500.000 1700.000 349.908
   vertex 500.000 1800.000 349.908
  endloop
 endfacet
 facet normal 0.000000 0.000000 1.000000
  outer loop
   vertex 400.000 1700.000 349.908
   vertex 500.000 1800.000 349.908
   vertex 400.000 1800.000 349.908
  endloop
 endfacet
 facet normal 0.000000 0.000000 1.000000
  outer loop
   vertex 500.000 1700.000 349.908
   vertex 600.000 1700.000 349.908
   vertex 600.000 1800.000 349.908
  endloop
 endfacet
 facet normal 0.000000 0.000000 1.000000
  outer loop
   vertex 500.000 1700.000 349.908
   vertex 600.000 1800.000 349.908
   vertex 500.000 1800.000 349.908
  endloop
 endfacet
 facet normal 0.000000 0.000000 1.000000
  outer loop
   vertex 600.000 1700.000 349.908
   vertex 700.000 1700.000 349.908
   vertex 700.000 1800.000 349.908
  endloop
 endfacet
 facet normal 0.000000 0.000000 1.000000
  outer loop
   vertex 600.000 1700.000 349.908
   vertex 700.000 1800.000 349.908
   vertex 600.000 1800.000 349.908
  endloop
 endfacet
 facet normal 0.000000 0.000000 1.000000
  outer loop
   vertex 700.000 1700.000 349.908
   vertex 800.000 1700.000 349.908
   vertex 800.000 1800.000 349.908
  endloop
 endfacet
 facet normal 0.000000 0.000000 1.000000
  outer loop
   vertex 700.000 1700.000 349.908
   vertex 800.000 1800.000 349.908
   vertex 700.000 1800.000 349.908
  endloop
 endfacet
 facet normal 0.000000 0.000000 1.000000
  outer loop
   vertex 800.000 1700.000 349.908
   vertex 900.000 1700.000 349.908
   vertex 900.000 1800.000 349.908
  endloop
 endfacet
 facet normal 0.000000 0.000000 1.000000
  outer loop
   vertex 800.000 1700.000 349.908
   vertex 900.000 1800.000 349.908
   vertex 800.000 1800.000 349.908
  endloop
 endfacet
 facet normal 0.000000 0.000000 1.000000
  outer loop
   vertex 900.000 1700.000 349.908
   vertex 1000.000 1700.000 349.908
   vertex 1000.000 1800.000 349.908
  endloop
 endfacet
 facet normal 0.000000 0.000000 1.000000
  outer loop
   vertex 900.000 1700.000 349.908
   vertex 1000.000 1800.000 349.908
   vertex 900.000 1800.000 349.908
  endloop
 endfacet
 facet normal 0.000000 0.000000 1.000000
  outer loop
   vertex 1000.000 1700.000 349.908
   vertex 1100.000 1700.000 349.908
   vertex 1100.000 1800.000 349.908
  endloop
 endfacet
 facet normal 0.000000 0.000000 1.000000
  outer loop
   vertex 1000.000 1700.000 349.908
   vertex 1100.000 1800.000 349.908
   vertex 1000.000 1800.000 349.908
  endloop
 endfacet
 facet normal 0.000000 0.000000 1.000000
  outer loop
   vertex 1100.000 1700.000 349.908
   vertex 1200.000 1700.000 349.908
   vertex 1200.000 1800.000 349.908
  endloop
 endfacet
 facet normal 0.000000 0.000000 1.000000
  outer loop
   vertex 1100.000 1700.000 349.908
   vertex 1200.000 1800.000 349.908
   vertex 1100.000 1800.000 349.908
  endloop
 endfacet
 facet normal 0.000000 0.000000 1.000000
  outer loop
   vertex 1200.000 1700.000 349.908
   vertex 1300.000 1700.000 349.908
   vertex 1300.000 1800.000 349.908
  endloop
 endfacet
 facet normal 0.000000 0.000000 1.000000
  outer loop
   vertex 1200.000 1700.000 349.908
   vertex 1300.000 1800.000 349.908
   vertex 1200.000 1800.000 349.908
  endloop
 endfacet
 facet normal 0.000000 0.000000 1.000000
  outer loop
   vertex 1300.000 1700.000 349.908
   vertex 1400.000 1700.000 349.908
   vertex 1400.000 1800.000 349.908
  endloop
 endfacet
 facet normal 0.000000 0.000000 1.000000
  outer loop
   vertex 1300.000 1700.000 349.908
   vertex 1400.000 1800.000 349.908
   vertex 1300.000 1800.000 349.908
  endloop
 endfacet
 facet normal 0.000000 0.000000 1.000000
  outer loop
   vertex 1400.000 1700.000 349.908
   vertex 1500.000 1700.000 349.908
   vertex 1500.000 1800.000 349.908
  endloop
 endfacet
 facet normal 0.000000 0.000000 1.000000
  outer loop
   vertex 1400.000 1700.000 349.908
   vertex 1500.000 1800.000 349.908
   vertex 1400.000 1800.000 349.908
  endloop
 endfacet
 facet normal 0.000000 0.000000 1.000000
  outer loop
   vertex 1500.000 1700.000 349.908
   vertex 1600.000 1700.000 349.908
   vertex 1600.000 1800.000 349.908
  endloop
 endfacet
 facet normal 0.000000 0.000000 1.000000
  outer loop
   vertex 1500.000 1700.000 349.908
   vertex 1600.000 1800.000 349.908
   vertex 1500.000 1800.000 349.908
  endloop
 endfacet
 facet normal 0.000000 0.000000 1.000000
  outer loop
   vertex 1600.000 1700.000 349.908
   vertex 1700.000 1700.000 349.908
   vertex 1700.000 1800.000 349.908
  endloop
 endfacet
 facet normal 0.000000 0.000000 1.000000
  outer loop
   vertex 1600.000 1700.000 349.908
   vertex 1700.000 1800.000 349.908
   vertex 1600.000 1800.000 349.908
  endloop
 endfacet
 facet normal 0.000000 0.000000 1.000000
  outer loop
   vertex 1700.000 1700.000 349.908
   vertex 1800.000 1700.000 349.908
   vertex 1800.000 1800.000 349.908
  endloop
 endfacet
 facet normal 0.000000 0.000000 1.000000
  outer loop
   vertex 1700.000 1700.000 349.908
   vertex 1800.000 1800.000 349.908
   vertex 1700.000 1800.000 349.908
  endloop
 endfacet
 facet normal 0.000000 0.000000 1.000000
  outer loop
   vertex 1800.000 1700.000 349.908
   vertex 1900.000 1700.000 349.908
   vertex 1900.000 1800.000 349.908
  endloop
 endfacet
 facet normal 0.000000 0.000000 1.000000
  outer loop
   vertex 1800.000 1700.000 349.908
   vertex 1900.000 1800.000 349.908
   vertex 1800.000 1800.000 349.908
  endloop
 endfacet
 facet normal 0.000000 0.000000 1.000000
  outer loop
   vertex 1900.000 1700.000 349.908
   vertex 2000.000 1700.000 349.908
   vertex 2000.000 1800.000 349.908
  endloop
 endfacet
 facet normal 0.000000 0.000000 1.000000
  outer loop
   vertex 1900.000 1700.000 349.908
   vertex 2000.000 1800.000 349.908
   vertex 1900.000 1800.000 349.908
  endloop
 endfacet
 facet normal 0.000000 0.000000 1.000000
  outer loop
   vertex 0.000 1800.000 349.908
   vertex 100.000 1800.000 349.908
   vertex 100.000 1900.000 349.908
  endloop
 endfacet
 facet normal 0.000000 0.000000 1.000000
  outer loop
   vertex 0.000 1800.000 349.908
   vertex 100.000 1900.000 349.908
   vertex 0.000 1900.000 349.908
  endloop
 endfacet
 facet normal 0.000000 0.000000 1.000000
  outer loop
   vertex 100.000 1800.000 349.908
   vertex 200.000 1800.000 349.908
   vertex 200.000 1900.000 349.908
  endloop
 endfacet
 facet normal 0.000000 0.000000 1.000000
  outer loop
   vertex 100.000 1800.000 349.908
   vertex 200.000 1900.000 349.908
   vertex 100.000 1900.000 349.908
  endloop
 endfacet
 facet normal 0.000000 0.000000 1.000000
  outer loop
   vertex 200.000 1800.000 349.908
   vertex 300.000 1800.000 349.908
   vertex 300.000 1900.000 349.908
  endloop
 endfacet
 facet normal 0.000000 0.000000 1.000000
  outer loop
   vertex 200.000 1800.000 349.908
   vertex 300.000 1900.000 349.908
   vertex 200.000 1900.000 349.908
  endloop
 endfacet
 facet normal 0.000000 0.000000 1.000000
  outer loop
   vertex 300.000 1800.000 349.908
   vertex 400.000 1800.000 349.908
   vertex 400.000 1900.000 349.908
  endloop
 endfacet
 facet normal 0.000000 0.000000 1.000000
  outer loop
   vertex 300.000 1800.000 349.908
   vertex 400.000 1900.000 349.908
   vertex 300.000 1900.000 349.908
  endloop
 endfacet
 facet normal 0.000000 0.000000 1.000000
  outer loop
   vertex 400.000 1800.000 349.908
   vertex 500.000 1800.000 349.908
   vertex 500.000 1900.000 349.908
  endloop
 endfacet
 facet normal 0.000000 0.000000 1.000000
  outer loop
   vertex 400.000 1800.000 349.908
   vertex 500.000 1900.000 349.908
   vertex 400.000 1900.000 349.908
  endloop
 endfacet
 facet normal 0.000000 0.000000 1.000000
  outer loop
   vertex 500.000 1800.000 349.908
   vertex 600.000 1800.000 349.908
   vertex 600.000 1900.000 349.908
  endloop
 endfacet
 facet normal 0.000000 0.000000 1.000000
  outer loop
   vertex 500.000 1800.000 349.908
   vertex 600.000 1900.000 349.908
   vertex 500.000 1900.000 349.908
  endloop
 endfacet
 facet normal 0.000000 0.000000 1.000000
  outer loop
   vertex 600.000 1800.000 349.908
   vertex 700.000 1800.000 349.908
   vertex 700.000 1900.000 349.908
  endloop
 endfacet
 facet normal 0.000000 0.000000 1.000000
  outer loop
   vertex 600.000 1800.000 349.908
   vertex 700.000 1900.000 349.908
   vertex 600.000 1900.000 349.908
  endloop
 endfacet
 facet normal 0.000000 0.000000 1.000000
  outer loop
   vertex 700.000 1800.000 349.908
   vertex 800.000 1800.000 349.908
   vertex 800.000 1900.000 349.908
  endloop
 endfacet
 facet normal 0.000000 0.000000 1.000000
  outer loop
   vertex 700.000 1800.000 349.908
   vertex 800.000 1900.000 349.908
   vertex 700.000 1900.000 349.908
  endloop
 endfacet
 facet normal 0.000000 0.000000 1.000000
  outer loop
   vertex 800.000 1800.000 349.908
   vertex 900.000 1800.000 349.908
   vertex 900.000 1900.000 349.908
  endloop
 endfacet
 facet normal 0.000000 0.000000 1.000000
  outer loop
   vertex 800.000 1800.000 349.908
   vertex 900.000 1900.000 349.908
   vertex 800.000 1900.000 349.908
  endloop
 endfacet
 facet normal 0.000000 0.000000 1.000000
  outer loop
   vertex 900.000 1800.000 349.908
   vertex 1000.000 1800.000 349.908
   vertex 1000.000 1900.000 349.908
  endloop
 endfacet
 facet normal 0.000000 0.000000 1.000000
  outer loop
   vertex 900.000 1800.000 349.908
   vertex 1000.000 1900.000 349.908
   vertex 900.000 1900.000 349.908
  endloop
 endfacet
 facet normal 0.000000 0.000000 1.000000
  outer loop
   vertex 1000.000 1800.000 349.908
   vertex 1100.000 1800.000 349.908
   vertex 1100.000 1900.000 349.908
  endloop
 endfacet
 facet normal 0.000000 0.000000 1.000000
  outer loop
   vertex 1000.000 1800.000 349.908
   vertex 1100.000 1900.000 349.908
   vertex 1000.000 1900.000 349.908
  endloop
 endfacet
 facet normal 0.000000 0.000000 1.000000
  outer loop
   vertex 1100.000 1800.000 349.908
   vertex 1200.000 1800.000 349.908
   vertex 1200.000 1900.000 349.908
  endloop
 endfacet
 facet normal 0.000000 0.000000 1.000000
  outer loop
   vertex 1100.000 1800.000 349.908
   vertex 1200.000 1900.000 349.908
   vertex 1100.000 1900.000 349.908
  endloop
 endfacet
 facet normal 0.000000 0.000000 1.000000
  outer loop
   vertex 1200.000 1800.000 349.908
   vertex 1300.000 1800.000 349.908
   vertex 1300.000 1900.000 349.908
  endloop
 endfacet
 facet normal 0.000000 0.000000 1.000000
  outer loop
   vertex 1200.000 1800.000 349.908
   vertex 1300.000 1900.000 349.908
   vertex 1200.000 1900.000 349.908
  endloop
 endfacet
 facet normal 0.000000 0.000000 1.000000
  outer loop
   vertex 1300.000 1800.000 349.908
   vertex 1400.000 1800.000 349.908
   vertex 1400.000 1900.000 349.908
  endloop
 endfacet
 facet normal 0.000000 0.000000 1.000000
  outer loop
   vertex 1300.000 1800.000 349.908
   vertex 1400.000 1900.000 349.908
   vertex 1300.000 1900.000 349.908
  endloop
 endfacet
 facet normal 0.000000 0.000000 1.000000
  outer loop
   vertex 1400.000 1800.000 349.908
   vertex 1500.000 1800.000 349.908
   vertex 1500.000 1900.000 349.908
  endloop
 endfacet
 facet normal 0.000000 0.000000 1.000000
  outer loop
   vertex 1400.000 1800.000 349.908
   vertex 1500.000 1900.000 349.908
   vertex 1400.000 1900.000 349.908
  endloop
 endfacet
 facet normal 0.000000 0.000000 1.000000
  outer loop
   vertex 1500.000 1800.000 349.908
   vertex 1600.000 1800.000 349.908
   vertex 1600.000 1900.000 349.908
  endloop
 endfacet
 facet normal 0.000000 0.000000 1.000000
  outer loop
   vertex 1500.000 1800.000 349.908
   vertex 1600.000 1900.000 349.908
   vertex 1500.000 1900.000 349.908
  endloop
 endfacet
 facet normal 0.000000 0.000000 1.000000
  outer loop
   vertex 1600.000 1800.000 349.908
   vertex 1700.000 1800.000 349.908
   vertex 1700.000 1900.000 349.908
  endloop
 endfacet
 facet normal 0.000000 0.000000 1.000000
  outer loop
   vertex 1600.000 1800.000 349.908
   vertex 1700.000 1900.000 349.908
   vertex 1600.000 1900.000 349.908
  endloop
 endfacet
 facet normal 0.000000 0.000000 1.000000
  outer loop
   vertex 1700.000 1800.000 349.908
   vertex 1800.000 1800.000 349.908
   vertex 1800.000 1900.000 349.908
  endloop
 endfacet
 facet normal 0.000000 0.000000 1.000000
  outer loop
   vertex 1700.000 1800.000 349.908
   vertex 1800.000 1900.000 349.908
   vertex 1700.000 1900.000 349.908
  endloop
 endfacet
 facet normal 0.000000 0.000000 1.000000
  outer loop
   vertex 1800.000 1800.000 349.908
   vertex 1900.000 1800.000 349.908
   vertex 1900.000 1900.000 349.908
  endloop
 endfacet
 facet normal 0.000000 0.000000 1.000000
  outer loop
   vertex 1800.000 1800.000 349.908
   vertex 1900.000 1900.000 349.908
   vertex 1800.000 1900.000 349.908
  endloop
 endfacet
 facet normal 0.000000 0.000000 1.000000
  outer loop
   vertex 1900.000 1800.000 349.908
   vertex 2000.000 1800.000 349.908
   vertex 2000.000 1900.000 349.908
  endloop
 endfacet
 facet normal 0.000000 0.000000 1.000000
  outer loop
   vertex 1900.000 1800.000 349.908
   vertex 2000.000 1900.000 349.908
   vertex 1900.000 1900.000 349.908
  endloop
 endfacet
 facet normal 0.000000 0.000000 1.000000
  outer loop
   vertex 0.000 1900.000 349.908
   vertex 100.000 1900.000 349.908
   vertex 100.000 2000.000 349.908
  endloop
 endfacet
 facet normal 0.000000 0.000000 1.000000
  outer loop
   vertex 0.000 1900.000 349.908
   vertex 100.000 2000.000 349.908
   vertex 0.000 2000.000 349.908
  endloop
 endfacet
 facet normal 0.000000 0.000000 1.000000
  outer loop
   vertex 100.000 1900.000 349.908
   vertex 200.000 1900.000 349.908
   vertex 200.000 2000.000 349.908
  endloop
 endfacet
 facet normal 0.000000 0.000000 1.000000
  outer loop
   vertex 100.000 1900.000 349.908
   vertex 200.000 2000.000 349.908
   vertex 100.000 2000.000 349.908
  endloop
 endfacet
 facet normal 0.000000 0.000000 1.000000
  outer loop
   vertex 200.000 1900.000 349.908
   vertex 300.000 1900.000 349.908
   vertex 300.000 2000.000 349.908
  endloop
 endfacet
 facet normal 0.000000 0.000000 1.000000
  outer loop
   vertex 200.000 1900.000 349.908
   vertex 300.000 2000.000 349.908
   vertex 200.000 2000.000 349.908
  endloop
 endfacet
 facet normal 0.000000 0.000000 1.000000
  outer loop
   vertex 300.000 1900.000 349.908
   vertex 400.000 1900.000 349.908
   vertex 400.000 2000.000 349.908
  endloop
 endfacet
 facet normal 0.000000 0.000000 1.000000
  outer loop
   vertex 300.000 1900.000 349.908
   vertex 400.000 2000.000 349.908
   vertex 300.000 2000.000 349.908
  endloop
 endfacet
 facet normal 0.000000 0.000000 1.000000
  outer loop
   vertex 400.000 1900.000 349.908
   vertex 500.000 1900.000 349.908
   vertex 500.000 2000.000 349.908
  endloop
 endfacet
 facet normal 0.000000 0.000000 1.000000
  outer loop
   vertex 400.000 1900.000 349.908
   vertex 500.000 2000.000 349.908
   vertex 400.000 2000.000 349.908
  endloop
 endfacet
 facet normal 0.000000 0.000000 1.000000
  outer loop
   vertex 500.000 1900.000 349.908
   vertex 600.000 1900.000 349.908
   vertex 600.000 2000.000 349.908
  endloop
 endfacet
 facet normal 0.000000 0.000000 1.000000
  outer loop
   vertex 500.000 1900.000 349.908
   vertex 600.000 2000.000 349.908
   vertex 500.000 2000.000 349.908
  endloop
 endfacet
 facet normal 0.000000 0.000000 1.000000
  outer loop
   vertex 600.000 1900.000 349.908
   vertex 700.000 1900.000 349.908
   vertex 700.000 2000.000 349.908
  endloop
 endfacet
 facet normal 0.000000 0.000000 1.000000
  outer loop
   vertex 600.000 1900.000 349.908
   vertex 700.000 2000.000 349.908
   vertex 600.000 2000.000 349.908
  endloop
 endfacet
 facet normal 0.000000 0.000000 1.000000
  outer loop
   vertex 700.000 1900.000 349.908
   vertex 800.000 1900.000 349.908
   vertex 800.000 2000.000 349.908
  endloop
 endfacet
 facet normal 0.000000 0.000000 1.000000
  outer loop
   vertex 700.000 1900.000 349.908
   vertex 800.000 2000.000 349.908
   vertex 700.000 2000.000 349.908
  endloop
 endfacet
 facet normal 0.000000 0.000000 1.000000
  outer loop
   vertex 800.000 1900.000 349.908
   vertex 900.000 1900.000 349.908
   vertex 900.000 2000.000 349.908
  endloop
 endfacet
 facet normal 0.000000 0.000000 1.000000
  outer loop
   vertex 800.000 1900.000 349.908
   vertex 900.000 2000.000 349.908
   vertex 800.000 2000.000 349.908
  endloop
 endfacet
 facet normal 0.000000 0.000000 1.000000
  outer loop
   vertex 900.000 1900.000 349.908
   vertex 1000.000 1900.000 349.908
   vertex 1000.000 2000.000 349.908
  endloop
 endfacet
 facet normal 0.000000 0.000000 1.000000
  outer loop
   vertex 900.000 1900.000 349.908
   vertex 1000.000 2000.000 349.908
   vertex 900.000 2000.000 349.908
  endloop
 endfacet
 facet normal 0.000000 0.000000 1.000000
  outer loop
   vertex 1000.000 1900.000 349.908
   vertex 1100.000 1900.000 349.908
   vertex 1100.000 2000.000 349.908
  endloop
 endfacet
 facet normal 0.000000 0.000000 1.000000
  outer loop
   vertex 1000.000 1900.000 349.908
   vertex 1100.000 2000.000 349.908
   vertex 1000.000 2000.000 349.908
  endloop
 endfacet
 facet normal 0.000000 0.000000 1.000000
  outer loop
   vertex 1100.000 1900.000 349.908
   vertex 1200.000 1900.000 349.908
   vertex 1200.000 2000.000 349.908
  endloop
 endfacet
 facet normal 0.000000 0.000000 1.000000
  outer loop
   vertex 1100.000 1900.000 349.908
   vertex 1200.000 2000.000 349.908
   vertex 1100.000 2000.000 349.908
  endloop
 endfacet
 facet normal 0.000000 0.000000 1.000000
  outer loop
   vertex 1200.000 1900.000 349.908
   vertex 1300.000 1900.000 349.908
   vertex 1300.000 2000.000 349.908
  endloop
 endfacet
 facet normal 0.000000 0.000000 1.000000
  outer loop
   vertex 1200.000 1900.000 349.908
   vertex 1300.000 2000.000 349.908
   vertex 1200.000 2000.000 349.908
  endloop
 endfacet
 facet normal 0.000000 0.000000 1.000000
  outer loop
   vertex 1300.000 1900.000 349.908
   vertex 1400.000 1900.000 349.908
   vertex 1400.000 2000.000 349.908
  endloop
 endfacet
 facet normal 0.000000 0.000000 1.000000
  outer loop
   vertex 1300.000 1900.000 349.908
   vertex 1400.000 2000.000 349.908
   vertex 1300.000 2000.000 349.908
  endloop
 endfacet
 facet normal 0.000000 0.000000 1.000000
  outer loop
   vertex 1400.000 1900.000 349.908
   vertex 1500.000 1900.000 349.908
   vertex 1500.000 2000.000 349.908
  endloop
 endfacet
 facet normal 0.000000 0.000000 1.000000
  outer loop
   vertex 1400.000 1900.000 349.908
   vertex 1500.000 2000.000 349.908
   vertex 1400.000 2000.000 349.908
  endloop
 endfacet
 facet normal 0.000000 0.000000 1.000000
  outer loop
   vertex 1500.000 1900.000 349.908
   vertex 1600.000 1900.000 349.908
   vertex 1600.000 2000.000 349.908
  endloop
 endfacet
 facet normal 0.000000 0.000000 1.000000
  outer loop
   vertex 1500.000 1900.000 349.908
   vertex 1600.000 2000.000 349.908
   vertex 1500.000 2000.000 349.908
  endloop
 endfacet
 facet normal 0.000000 0.000000 1.000000
  outer loop
   vertex 1600.000 1900.000 349.908
   vertex 1700.000 1900.000 349.908
   vertex 1700.000 2000.000 349.908
  endloop
 endfacet
 facet normal 0.000000 0.000000 1.000000
  outer loop
   vertex 1600.000 1900.000 349.908
   vertex 1700.000 2000.000 349.908
   vertex 1600.000 2000.000 349.908
  endloop
 endfacet
 facet normal 0.000000 0.000000 1.000000
  outer loop
   vertex 1700.000 1900.000 349.908
   vertex 1800.000 1900.000 349.908
   vertex 1800.000 2000.000 349.908
  endloop
 endfacet
 facet normal 0.000000 0.000000 1.000000
  outer loop
   vertex 1700.000 1900.000 349.908
   vertex 1800.000 2000.000 349.908
   vertex 1700.000 2000.000 349.908
  endloop
 endfacet
 facet normal 0.000000 0.000000 1.000000
  outer loop
   vertex 1800.000 1900.000 349.908
   vertex 1900.000 1900.000 349.908
   vertex 1900.000 2000.000 349.908
  endloop
 endfacet
 facet normal 0.000000 0.000000 1.000000
  outer loop
   vertex 1800.000 1900.000 349.908
   vertex 1900.000 2000.000 349.908
   vertex 1800.000 2000.000 349.908
  endloop
 endfacet
 facet normal 0.000000 0.000000 1.000000
  outer loop
   vertex 1900.000 1900.000 349.908
   vertex 2000.000 1900.000 349.908
   vertex 2000.000 2000.000 349.908
  endloop
 endfacet
 facet normal 0.000000 0.000000 1.000000
  outer loop
   vertex 1900.000 1900.000 349.908
   vertex 2000.000 2000.000 349.908
   vertex 1900.000 2000.000 349.908
  endloop
 endfacet
endsolid sky
solid top
 facet normal 0.000000 0.000000 -1.000000
  outer loop
   vertex 0.000 0.000 0.000
   vertex 100.000 100.000 0.000
   vertex 100.000 0.000 0.000
  endloop
 endfacet
 facet normal 0.000000 0.000000 -1.000000
  outer loop
   vertex 0.000 0.000 0.000
   vertex 0.000 100.000 0.000
   vertex 100.000 100.000 0.000
  endloop
 endfacet
 facet normal 0.000000 0.000000 -1.000000
  outer loop
   vertex 100.000 0.000 0.000
   vertex 200.000 100.000 0.000
   vertex 200.000 0.000 0.000
  endloop
 endfacet
 facet normal 0.000000 0.000000 -1.000000
  outer loop
   vertex 100.000 0.000 0.000
   vertex 100.000 100.000 0.000
   vertex 200.000 100.000 0.000
  endloop
 endfacet
 facet normal 0.000000 0.000000 -1.000000
  outer loop
   vertex 200.000 0.000 0.000
   vertex 300.000 100.000 0.000
   vertex 300.000 0.000 0.000
  endloop
 endfacet
 facet normal 0.000000 0.000000 -1.000000
  outer loop
   vertex 200.000 0.000 0.000
   vertex 200.000 100.000 0.000
   vertex 300.000 100.000 0.000
  endloop
 endfacet
 facet normal 0.000000 0.000000 -1.000000
  outer loop
   vertex 300.000 0.000 0.000
   vertex 400.000 100.000 0.000
   vertex 400.000 0.000 0.000
  endloop
 endfacet
 facet normal 0.000000 0.000000 -1.000000
  outer loop
   vertex 300.000 0.000 0.000
   vertex 300.000 100.000 0.000
   vertex 400.000 100.000 0.000
  endloop
 endfacet
 facet normal 0.000000 0.000000 -1.000000
  outer loop
   vertex 400.000 0.000 0.000
   vertex 500.000 100.000 0.000
   vertex 500.000 0.000 0.000
  endloop
 endfacet
 facet normal 0.000000 0.000000 -1.000000
  outer loop
   vertex 400.000 0.000 0.000
   vertex 400.000 100.000 0.000
   vertex 500.000 100.000 0.000
  endloop
 endfacet
 facet normal 0.000000 0.000000 -1.000000
  outer loop
   vertex 500.000 0.000 0.000
   vertex 600.000 100.000 0.000
   vertex 600.000 0.000 0.000
  endloop
 endfacet
 facet normal 0.000000 0.000000 -1.000000
  outer loop
   vertex 500.000 0.000 0.000
   vertex 500.000 100.000 0.000
   vertex 600.000 100.000 0.000
  endloop
 endfacet
 facet normal 0.000000 0.000000 -1.000000
  outer loop
   vertex 600.000 0.000 0.000
   vertex 700.000 100.000 0.000
   vertex 700.000 0.000 0.000
  endloop
 endfacet
 facet normal 0.000000 0.000000 -1.000000
  outer loop
   vertex 600.000 0.000 0.000
   vertex 600.000 100.000 0.000
   vertex 700.000 100.000 0.000
  endloop
 endfacet
 facet normal 0.000000 0.005439 -0.999985
  outer loop
   vertex 700.000 0.000 0.000
   vertex 800.000 100.000 0.544
   vertex 800.000 0.000 0.000
  endloop
 endfacet
 facet normal 0.005439 0.000000 -0.999985
  outer loop
   vertex 700.000 0.000 0.000
   vertex 700.000 100.000 0.000
   vertex 800.000 100.000 0.544
  endloop
 endfacet
 facet normal 0.000000 0.035417 -0.999373
  outer loop
   vertex 800.000 0.000 0.000
   vertex 900.000 100.000 3.544
   vertex 900.000 0.000 0.000
  endloop
 endfacet
 facet normal 0.029986 0.005436 -0.999536
  outer loop
   vertex 800.000 0.000 0.000
   vertex 800.000 100.000 0.544
   vertex 900.000 100.000 3.544
  endloop
 endfacet
 facet normal 0.000000 0.065299 -0.997866
  outer loop
   vertex 900.000 0.000 0.000
   vertex 1000.000 100.000 6.544
   vertex 1000.000 0.000 0.000
  endloop
 endfacet
 facet normal 0.029968 0.035401 -0.998924
  outer loop
   vertex 900.000 0.000 0.000
   vertex 900.000 100.000 3.544
   vertex 1000.000 100.000 6.544
  endloop
 endfacet
 facet normal 0.029923 0.065270 -0.997419
  outer loop
   vertex 1000.000 0.000 0.000
   vertex 1100.000 100.000 9.544
   vertex 1100.000 0.000 3.000
  endloop
 endfacet
 facet normal 0.029923 0.065270 -0.997419
  outer loop
   vertex 1000.000 0.000 0.000
   vertex 1000.000 100.000 6.544
   vertex 1100.000 100.000 9.544
  endloop
 endfacet
 facet normal 0.029923 0.065270 -0.997419
  outer loop
   vertex 1100.000 0.000 3.000
   vertex 1200.000 100.000 12.544
   vertex 1200.000 0.000 6.000
  endloop
 endfacet
 facet normal 0.029923 0.065270 -0.997419
  outer loop
   vertex 1100.000 0.000 3.000
   vertex 1100.000 100.000 9.544
   vertex 1200.000 100.000 12.544
  endloop
 endfacet
 facet normal 0.029923 0.065270 -0.997419
  outer loop
   vertex 1200.000 0.000 6.000
   vertex 1300.000 100.000 15.544
   vertex 1300.000 0.000 9.000
  endloop
 endfacet
 facet normal 0.029923 0.065270 -0.997419
  outer loop
   vertex 1200.000 0.000 6.000
   vertex 1200.000 100.000 12.544
   vertex 1300.000 100.000 15.544
  endloop
 endfacet
 facet normal 0.029923 0.065270 -0.997419
  outer loop
   vertex 1300.000 0.000 9.000
   vertex 1400.000 100.000 18.544
   vertex 1400.000 0.000 12.000
  endloop
 endfacet
 facet normal 0.029923 0.065270 -0.997419
  outer loop
   vertex 1300.000 0.000 9.000
   vertex 1300.000 100.000 15.544
   vertex 1400.000 100.000 18.544
  endloop
 endfacet
 facet normal 0.029923 0.065270 -0.997419
  outer loop
   vertex 1400.000 0.000 12.000
   vertex 1500.000 100.000 21.544
   vertex 1500.000 0.000 15.000
  endloop
 endfacet
 facet normal 0.029923 0.065270 -0.997419
  outer loop
   vertex 1400.000 0.000 12.000
   vertex 1400.000 100.000 18.544
   vertex 1500.000 100.000 21.544
  endloop
 endfacet
 facet normal 0.029923 0.065270 -0.997419
  outer loop
   vertex 1500.000 0.000 15.000
   vertex 1600.000 100.000 24.544
   vertex 1600.000 0.000 18.000
  endloop
 endfacet
 facet normal 0.029923 0.065270 -0.997419
  outer loop
   vertex 1500.000 0.000 15.000
   vertex 1500.000 100.000 21.544
   vertex 1600.000 100.000 24.544
  endloop
 endfacet
 facet normal 0.029923 0.065270 -0.997419
  outer loop
   vertex 1600.000 0.000 18.000
   vertex 1700.000 100.000 27.544
   vertex 1700.000 0.000 21.000
  endloop
 endfacet
 facet normal 0.029923 0.065270 -0.997419
  outer loop
   vertex 1600.000 0.000 18.000
   vertex 1600.000 100.000 24.544
   vertex 1700.000 100.000 27.544
  endloop
 endfacet
 facet normal 0.029923 0.065270 -0.997419
  outer loop
   vertex 1700.000 0.000 21.000
   vertex 1800.000 100.000 30.544
   vertex 1800.000 0.000 24.000
  endloop
 endfacet
 facet normal 0.029923 0.065270 -0.997419
  outer loop
   vertex 1700.000 0.000 21.000
   vertex 1700.000 100.000 27.544
   vertex 1800.000 100.000 30.544
  endloop
 endfacet
 facet normal 0.029923 0.065270 -0.997419
  outer loop
   vertex 1800.000 0.000 24.000
   vertex 1900.000 100.000 33.544
   vertex 1900.000 0.000 27.000
  endloop
 endfacet
 facet normal 0.029923 0.065270 -0.997419
  outer loop
   vertex 1800.000 0.000 24.000
   vertex 1800.000 100.000 30.544
   vertex 1900.000 100.000 33.544
  endloop
 endfacet
 facet normal 0.029923 0.065270 -0.997419
  outer loop
   vertex 1900.000 0.000 27.000
   vertex 2000.000 100.000 36.544
   vertex 2000.000 0.000 30.000
  endloop
 endfacet
 facet normal 0.029923 0.065270 -0.997419
  outer loop
   vertex 1900.000 0.000 27.000
   vertex 1900.000 100.000 33.544
   vertex 2000.000 100.000 36.544
  endloop
 endfacet
 facet normal 0.000000 0.000000 -1.000000
  outer loop
   vertex 0.000 100.000 0.000
   vertex 100.000 200.000 0.000
   vertex 100.000 100.000 0.000
  endloop
 endfacet
 facet normal 0.000000 0.000000 -1.000000
  outer loop
   vertex 0.000 100.000 0.000
   vertex 0.000 200.000 0.000
   vertex 100.000 200.000 0.000
  endloop
 endfacet
 facet normal 0.000000 0.000000 -1.000000
  outer loop
   vertex 100.000 100.000 0.000
   vertex 200.000 200.000 0.000
   vertex 200.000 100.000 0.000
  endloop
 endfacet
 facet normal 0.000000 0.000000 -1.000000
  outer loop
   vertex 100.000 100.000 0.000
   vertex 100.000 200.000 0.000
   vertex 200.000 200.000 0.000
  endloop
 endfacet
 facet normal 0.000000 0.000000 -1.000000
  outer loop
   vertex 200.000 100.000 0.000
   vertex 300.000 200.000 0.000
   vertex 300.000 100.000 0.000
  endloop
 endfacet
 facet normal 0.000000 0.000000 -1.000000
  outer loop
   vertex 200.000 100.000 0.000
   vertex 200.000 200.000 0.000
   vertex 300.000 200.000 0.000
  endloop
 endfacet
 facet normal 0.000000 0.000000 -1.000000
  outer loop
   vertex 300.000 100.000 0.000
   vertex 400.000 200.000 0.000
   vertex 400.000 100.000 0.000
  endloop
 endfacet
 facet normal 0.000000 0.000000 -1.000000
  outer loop
   vertex 300.000 100.000 0.000
   vertex 300.000 200.000 0.000
   vertex 400.000 200.000 0.000
  endloop
 endfacet
 facet normal 0.000000 0.000000 -1.000000
  outer loop
   vertex 400.000 100.000 0.000
   vertex 500.000 200.000 0.000
   vertex 500.000 100.000 0.000
  endloop
 endfacet
 facet normal 0.000000 0.000000 -1.000000
  outer loop
   vertex 400.000 100.000 0.000
   vertex 400.000 200.000 0.000
   vertex 500.000 200.000 0.000
  endloop
 endfacet
 facet normal 0.000000 0.003674 -0.999993
  outer loop
   vertex 500.000 100.000 0.000
   vertex 600.000 200.000 0.367
   vertex 600.000 100.000 0.000
  endloop
 endfacet
 facet normal 0.003674 0.000000 -0.999993
  outer loop
   vertex 500.000 100.000 0.000
   vertex 500.000 200.000 0.000
   vertex 600.000 200.000 0.367
  endloop
 endfacet
 facet normal 0.000000 0.033655 -0.999434
  outer loop
   vertex 600.000 100.000 0.000
   vertex 700.000 200.000 3.367
   vertex 700.000 100.000 0.000
  endloop
 endfacet
 facet normal 0.029986 0.003672 -0.999544
  outer loop
   vertex 600.000 100.000 0.000
   vertex 600.000 200.000 0.367
   vertex 700.000 200.000 3.367
  endloop
 endfacet
 facet normal 0.005430 0.058136 -0.998294
  outer loop
   vertex 700.000 100.000 0.000
   vertex 800.000 200.000 6.367
   vertex 800.000 100.000 0.544
  endloop
 endfacet
 facet normal 0.029970 0.033640 -0.998985
  outer loop
   vertex 700.000 100.000 0.000
   vertex 700.000 200.000 3.367
   vertex 800.000 200.000 6.367
  endloop
 endfacet
 facet normal 0.029936 0.058110 -0.997861
  outer loop
   vertex 800.000 100.000 0.544
   vertex 900.000 200.000 9.367
   vertex 900.000 100.000 3.544
  endloop
 endfacet
 facet normal 0.029936 0.058110 -0.997861
  outer loop
   vertex 800.000 100.000 0.544
   vertex 800.000 200.000 6.367
   vertex 900.000 200.000 9.367
  endloop
 endfacet
 facet normal 0.029936 0.058110 -0.997861
  outer loop
   vertex 900.000 100.000 3.544
   vertex 1000.000 200.000 12.367
   vertex 1000.000 100.000 6.544
  endloop
 endfacet
 facet normal 0.029936 0.058110 -0.997861
  outer loop
   vertex 900.000 100.000 3.544
   vertex 900.000 200.000 9.367
   vertex 1000.000 200.000 12.367
  endloop
 endfacet
 facet normal 0.029936 0.058110 -0.997861
  outer loop
   vertex 1000.000 100.000 6.544
   vertex 1100.000 200.000 15.367
   vertex 1100.000 100.000 9.544
  endloop
 endfacet
 facet normal 0.029936 0.058110 -0.997861
  outer loop
   vertex 1000.000 100.000 6.544
   vertex 1000.000 200.000 12.367
   vertex 1100.000 200.000 15.367
  endloop
 endfacet
 facet normal 0.029936 0.058110 -0.997861
  outer loop
   vertex 1100.000 100.000 9.544
   vertex 1200.000 200.000 18.367
   vertex 1200.000 100.000 12.544
  endloop
 endfacet
 facet normal 0.029936 0.058110 -0.997861
  outer loop
   vertex 1100.000 100.000 9.544
   vertex 1100.000 200.000 15.367
   vertex 1200.000 200.000 18.367
  endloop
 endfacet
 facet normal 0.029936 0.058110 -0.997861
  outer loop
   vertex 1200.000 100.000 12.544
   vertex 1300.000 200.000 21.367
   vertex 1300.000 100.000 15.544
  endloop
 endfacet
 facet normal 0.029936 0.058110 -0.997861
  outer loop
   vertex 1200.000 100.000 12.544
   vertex 1200.000 200.000 18.367
   vertex 1300.000 200.000 21.367
  endloop
 endfacet
 facet normal 0.029936 0.058110 -0.997861
  outer loop
   vertex 1300.000 100.000 15.544
   vertex 1400.000 200.000 24.367
   vertex 1400.000 100.000 18.544
  endloop
 endfacet
 facet normal 0.029936 0.058110 -0.997861
  outer loop
   vertex 1300.000 100.000 15.544
   vertex 1300.000 200.000 21.367
   vertex 1400.000 200.000 24.367
  endloop
 endfacet
 facet normal 0.029936 0.058110 -0.997861
  outer loop
   vertex 1400.000 100.000 18.544
   vertex 1500.000 200.000 27.367
   vertex 1500.000 100.000 21.544
  endloop
 endfacet
 facet normal 0.029936 0.058110 -0.997861
  outer loop
   vertex 1400.000 100.000 18.544
   vertex 1400.000 200.000 24.367
   vertex 1500.000 200.000 27.367
  endloop
 endfacet
 facet normal 0.029936 0.058110 -0.997861
  outer loop
   vertex 1500.000 100.000 21.544
   vertex 1600.000 200.000 30.367
   vertex 1600.000 100.000 24.544
  endloop
 endfacet
 facet normal 0.029936 0.058110 -0.997861
  outer loop
   vertex 1500.000 100.000 21.544
   vertex 1500.000 200.000 27.367
   vertex 1600.000 200.000 30.367
  endloop
 endfacet
 facet normal 0.029936 0.058110 -0.997861
  outer loop
   vertex 1600.000 100.000 24.544
   vertex 1700.000 200.000 33.367
   vertex 1700.000 100.000 27.544
  endloop
 endfacet
 facet normal 0.029936 0.058110 -0.997861
  outer loop
   vertex 1600.000 100.000 24.544
   vertex 1600.000 200.000 30.367
   vertex 1700.000 200.000 33.367
  endloop
 endfacet
 facet normal 0.029936 0.058110 -0.997861
  outer loop
   vertex 1700.000 100.000 27.544
   vertex 1800.000 200.000 36.367
   vertex 1800.000 100.000 30.544
  endloop
 endfacet
 facet normal 0.029936 0.058110 -0.997861
  outer loop
   vertex 1700.000 100.000 27.544
   vertex 1700.000 200.000 33.367
   vertex 1800.000 200.000 36.367
  endloop
 endfacet
 facet normal 0.029936 0.058110 -0.997861
  outer loop
   vertex 1800.000 100.000 30.544
   vertex 1900.000 200.000 39.367
   vertex 1900.000 100.000 33.544
  endloop
 endfacet
 facet normal 0.029936 0.058110 -0.997861
  outer loop
   vertex 1800.000 100.000 30.544
   vertex 1800.000 200.000 36.367
   vertex 1900.000 200.000 39.367
  endloop
 endfacet
 facet normal 0.029936 0.058110 -0.997861
  outer loop
   vertex 1900.000 100.000 33.544
   vertex 2000.000 200.000 42.367
   vertex 2000.000 100.000 36.544
  endloop
 endfacet
 facet normal 0.029936 0.058110 -0.997861
  outer loop
   vertex 1900.000 100.000 33.544
   vertex 1900.000 200.000 39.367
   vertex 2000.000 200.000 42.367
  endloop
 endfacet
 facet normal 0.000000 0.000000 -1.000000
  outer loop
   vertex 0.000 200.000 0.000
   vertex 100.000 300.000 0.000
   vertex 100.000 200.000 0.000
  endloop
 endfacet
 facet normal 0.000000 0.000000 -1.000000
  outer loop
   vertex 0.000 200.000 0.000
   vertex 0.000 300.000 0.000
   vertex 100.000 300.000 0.000
  endloop
 endfacet
 facet normal 0.000000 0.000000 -1.000000
  outer loop
   vertex 100.000 200.000 0.000
   vertex 200.000 300.000 0.000
   vertex 200.000 200.000 0.000
  endloop
 endfacet
 facet normal 0.000000 0.000000 -1.000000
  outer loop
   vertex 100.000 200.000 0.000
   vertex 100.000 300.000 0.000
   vertex 200.000 300.000 0.000
  endloop
 endfacet
 facet normal 0.000000 0.000000 -1.000000
  outer loop
   vertex 200.000 200.000 0.000
   vertex 300.000 300.000 0.000
   vertex 300.000 200.000 0.000
  endloop
 endfacet
 facet normal 0.000000 0.000000 -1.000000
  outer loop
   vertex 200.000 200.000 0.000
   vertex 200.000 300.000 0.000
   vertex 300.000 300.000 0.000
  endloop
 endfacet
 facet normal 0.000000 0.000000 -1.000000
  outer loop
   vertex 300.000 200.000 0.000
   vertex 400.000 300.000 0.000
   vertex 400.000 200.000 0.000
  endloop
 endfacet
 facet normal 0.000000 0.000000 -1.000000
  outer loop
   vertex 300.000 200.000 0.000
   vertex 300.000 300.000 0.000
   vertex 400.000 300.000 0.000
  endloop
 endfacet
 facet normal 0.000000 0.018291 -0.999833
  outer loop
   vertex 400.000 200.000 0.000
   vertex 500.000 300.000 1.829
   vertex 500.000 200.000 0.000
  endloop
 endfacet
 facet normal 0.018291 0.000000 -0.999833
  outer loop
   vertex 400.000 200.000 0.000
   vertex 400.000 300.000 0.000
   vertex 500.000 300.000 1.829
  endloop
 endfacet
 facet normal 0.003670 0.044576 -0.998999
  outer loop
   vertex 500.000 200.000 0.000
   vertex 600.000 300.000 4.829
   vertex 600.000 200.000 0.367
  endloop
 endfacet
 facet normal 0.029981 0.018283 -0.999383
  outer loop
   vertex 500.000 200.000 0.000
   vertex 500.000 300.000 1.829
   vertex 600.000 300.000 4.829
  endloop
 endfacet
 facet normal 0.029957 0.044556 -0.998558
  outer loop
   vertex 600.000 200.000 0.367
   vertex 700.000 300.000 7.829
   vertex 700.000 200.000 3.367
  endloop
 endfacet
 facet normal 0.029957 0.044556 -0.998558
  outer loop
   vertex 600.000 200.000 0.367
   vertex 600.000 300.000 4.829
   vertex 700.000 300.000 7.829
  endloop
 endfacet
 facet normal 0.029957 0.044556 -0.998558
  outer loop
   vertex 700.000 200.000 3.367
   vertex 800.000 300.000 10.829
   vertex 800.000 200.000 6.367
  endloop
 endfacet
 facet normal 0.029957 0.044556 -0.998558
  outer loop
   vertex 700.000 200.000 3.367
   vertex 700.000 300.000 7.829
   vertex 800.000 300.000 10.829
  endloop
 endfacet
 facet normal 0.029957 0.044556 -0.998558
  outer loop
   vertex 800.000 200.000 6.367
   vertex 900.000 300.000 13.829
   vertex 900.000 200.000 9.367
  endloop
 endfacet
 facet normal 0.029957 0.044556 -0.998558
  outer loop
   vertex 800.000 200.000 6.367
   vertex 800.000 300.000 10.829
   vertex 900.000 300.000 13.829
  endloop
 endfacet
 facet normal 0.029957 0.044556 -0.998558
  outer loop
   vertex 900.000 200.000 9.367
   vertex 1000.000 300.000 16.829
   vertex 1000.000 200.000 12.367
  endloop
 endfacet
 facet normal 0.029957 0.044556 -0.998558
  outer loop
   vertex 900.000 200.000 9.367
   vertex 900.000 300.000 13.829
   vertex 1000.000 300.000 16.829
  endloop
 endfacet
 facet normal 0.029957 0.044556 -0.998558
  outer loop
   vertex 1000.000 200.000 12.367
   vertex 1100.000 300.000 19.829
   vertex 1100.000 200.000 15.367
  endloop
 endfacet
 facet normal 0.029957 0.044556 -0.998558
  outer loop
   vertex 1000.000 200.000 12.367
   vertex 1000.000 300.000 16.829
   vertex 1100.000 300.000 19.829
  endloop
 endfacet
 facet normal 0.029957 0.044556 -0.998558
  outer loop
   vertex 1100.000 200.000 15.367
   vertex 1200.000 300.000 22.829
   vertex 1200.000 200.000 18.367
  endloop
 endfacet
 facet normal 0.029957 0.044556 -0.998558
  outer loop
   vertex 1100.000 200.000 15.367
   vertex 1100.000 300.000 19.829
   vertex 1200.000 300.000 22.829
  endloop
 endfacet
 facet normal 0.029957 0.044556 -0.998558
  outer loop
   vertex 1200.000 200.000 18.367
   vertex 1300.000 300.000 25.829
   vertex 1300.000 200.000 21.367
  endloop
 endfacet
 facet normal 0.029957 0.044556 -0.998558
  outer loop
   vertex 1200.000 200.000 18.367
   vertex 1200.000 300.000 22.829
   vertex 1300.000 300.000 25.829
  endloop
 endfacet
 facet normal 0.029957 0.044556 -0.998558
  outer loop
   vertex 1300.000 200.000 21.367
   vertex 1400.000 300.000 28.829
   vertex 1400.000 200.000 24.367
  endloop
 endfacet
 facet normal 0.029957 0.044556 -0.998558
  outer loop
   vertex 1300.000 200.000 21.367
   vertex 1300.000 300.000 25.829
   vertex 1400.000 300.000 28.829
  endloop
 endfacet
 facet normal 0.029957 0.044556 -0.998558
  outer loop
   vertex 1400.000 200.000 24.367
   vertex 1500.000 300.000 31.829
   vertex 1500.000 200.000 27.367
  endloop
 endfacet
 facet normal 0.029957 0.044556 -0.998558
  outer loop
   vertex 1400.000 200.000 24.367
   vertex 1400.000 300.000 28.829
   vertex 1500.000 300.000 31.829
  endloop
 endfacet
 facet normal 0.029957 0.044556 -0.998558
  outer loop
   vertex 1500.000 200.000 27.367
   vertex 1600.000 300.000 34.829
   vertex 1600.000 200.000 30.367
  endloop
 endfacet
 facet normal 0.029957 0.044556 -0.998558
  outer loop
   vertex 1500.000 200.000 27.367
   vertex 1500.000 300.000 31.829
   vertex 1600.000 300.000 34.829
  endloop
 endfacet
 facet normal 0.029957 0.044556 -0.998558
  outer loop
   vertex 1600.000 200.000 30.367
   vertex 1700.000 300.000 37.829
   vertex 1700.000 200.000 33.367
  endloop
 endfacet
 facet normal 0.029957 0.044556 -0.998558
  outer loop
   vertex 1600.000 200.000 30.367
   vertex 1600.000 300.000 34.829
   vertex 1700.000 300.000 37.829
  endloop
 endfacet
 facet normal 0.029957 0.044556 -0.998558
  outer loop
   vertex 1700.000 200.000 33.367
   vertex 1800.000 300.000 40.829
   vertex 1800.000 200.000 36.367
  endloop
 endfacet
 facet normal 0.029957 0.044556 -0.998558
  outer loop
   vertex 1700.000 200.000 33.367
   vertex 1700.000 300.000 37.829
   vertex 1800.000 300.000 40.829
  endloop
 endfacet
 facet normal 0.029957 0.044556 -0.998558
  outer loop
   vertex 1800.000 200.000 36.367
   vertex 1900.000 300.000 43.829
   vertex 1900.000 200.000 39.367
  endloop
 endfacet
 facet normal 0.029957 0.044556 -0.998558
  outer loop
   vertex 1800.000 200.000 36.367
   vertex 1800.000 300.000 40.829
   vertex 1900.000 300.000 43.829
  endloop
 endfacet
 facet normal 0.029957 0.044556 -0.998558
  outer loop
   vertex 1900.000 200.000 39.367
   vertex 2000.000 300.000 46.829
   vertex 2000.000 200.000 42.367
  endloop
 endfacet
 facet normal 0.029957 0.044556 -0.998558
  outer loop
   vertex 1900.000 200.000 39.367
   vertex 1900.000 300.000 43.829
   vertex 2000.000 300.000 46.829
  endloop
 endfacet
 facet normal 0.000000 0.000000 -1.000000
  outer loop
   vertex 0.000 300.000 0.000
   vertex 100.000 400.000 0.000
   vertex 100.000 300.000 0.000
  endloop
 endfacet
 facet normal 0.000000 0.000000 -1.000000
  outer loop
   vertex 0.000 300.000 0.000
   vertex 0.000 400.000 0.000
   vertex 100.000 400.000 0.000
  endloop
 endfacet
 facet normal 0.000000 0.000000 -1.000000
  outer loop
   vertex 100.000 300.000 0.000
   vertex 200.000 400.000 0.000
   vertex 200.000 300.000 0.000
  endloop
 endfacet
 facet normal 0.000000 0.000000 -1.000000
  outer loop
   vertex 100.000 300.000 0.000
   vertex 100.000 400.000 0.000
   vertex 200.000 400.000 0.000
  endloop
 endfacet
 facet normal 0.000000 0.000000 -1.000000
  outer loop
   vertex 200.000 300.000 0.000
   vertex 300.000 400.000 0.000
   vertex 300.000 300.000 0.000
  endloop
 endfacet
 facet normal 0.000000 0.000000 -1.000000
  outer loop
   vertex 200.000 300.000 0.000
   vertex 200.000 400.000 0.000
   vertex 300.000 400.000 0.000
  endloop
 endfacet
 facet normal 0.000000 0.014386 -0.999897
  outer loop
   vertex 300.000 300.000 0.000
   vertex 400.000 400.000 1.439
   vertex 400.000 300.000 0.000
  endloop
 endfacet
 facet normal 0.014386 0.000000 -0.999897
  outer loop
   vertex 300.000 300.000 0.000
   vertex 300.000 400.000 0.000
   vertex 400.000 400.000 1.439
  endloop
 endfacet
 facet normal 0.018285 0.026080 -0.999493
  outer loop
   vertex 400.000 300.000 0.000
   vertex 500.000 400.000 4.439
   vertex 500.000 300.000 1.829
  endloop
 endfacet
 facet normal 0.029983 0.014380 -0.999447
  outer loop
   vertex 400.000 300.000 0.000
   vertex 400.000 400.000 1.439
   vertex 500.000 400.000 4.439
  endloop
 endfacet
 facet normal 0.029976 0.026073 -0.999211
  outer loop
   vertex 500.000 300.000 1.829
   vertex 600.000 400.000 7.439
   vertex 600.000 300.000 4.829
  endloop
 endfacet
 facet normal 0.029976 0.026073 -0.999211
  outer loop
   vertex 500.000 300.000 1.829
   vertex 500.000 400.000 4.439
   vertex 600.000 400.000 7.439
  endloop
 endfacet
 facet normal 0.029976 0.026073 -0.999211
  outer loop
   vertex 600.000 300.000 4.829
   vertex 700.000 400.000 10.439
   vertex 700.000 300.000 7.829
  endloop
 endfacet
 facet normal 0.029976 0.026073 -0.999211
  outer loop
   vertex 600.000 300.000 4.829
   vertex 600.000 400.000 7.439
   vertex 700.000 400.000 10.439
  endloop
 endfacet
 facet normal 0.029976 0.026073 -0.999211
  outer loop
   vertex 700.000 300.000 7.829
   vertex 800.000 400.000 13.439
   vertex 800.000 300.000 10.829
  endloop
 endfacet
 facet normal 0.029976 0.026073 -0.999211
  outer loop
   vertex 700.000 300.000 7.829
   vertex 700.000 400.000 10.439
   vertex 800.000 400.000 13.439
  endloop
 endfacet
 facet normal 0.029976 0.026073 -0.999211
  outer loop
   vertex 800.000 300.000 10.829
   vertex 900.000 400.000 16.439
   vertex 900.000 300.000 13.829
  endloop
 endfacet
 facet normal 0.029976 0.026073 -0.999211
  outer loop
   vertex 800.000 300.000 10.829
   vertex 800.000 400.000 13.439
   vertex 900.000 400.000 16.439
  endloop
 endfacet
 facet normal 0.029976 0.026073 -0.999211
  outer loop
   vertex 900.000 300.000 13.829
   vertex 1000.000 400.000 19.439
   vertex 1000.000 300.000 16.829
  endloop
 endfacet
 facet normal 0.029976 0.026073 -0.999211
  outer loop
   vertex 900.000 300.000 13.829
   vertex 900.000 400.000 16.439
   vertex 1000.000 400.000 19.439
  endloop
 endfacet
 facet normal 0.029976 0.026073 -0.999211
  outer loop
   vertex 1000.000 300.000 16.829
   vertex 1100.000 400.000 22.439
   vertex 1100.000 300.000 19.829
  endloop
 endfacet
 facet normal 0.029976 0.026073 -0.999211
  outer loop
   vertex 1000.000 300.000 16.829
   vertex 1000.000 400.000 19.439
   vertex 1100.000 400.000 22.439
  endloop
 endfacet
 facet normal 0.029976 0.026073 -0.999211
  outer loop
   vertex 1100.000 300.000 19.829
   vertex 1200.000 400.000 25.439
   vertex 1200.000 300.000 22.829
  endloop
 endfacet
 facet normal 0.029976 0.026073 -0.999211
  outer loop
   vertex 1100.000 300.000 19.829
   vertex 1100.000 400.000 22.439
   vertex 1200.000 400.000 25.439
  endloop
 endfacet
 facet normal 0.029976 0.026073 -0.999211
  outer loop
   vertex 1200.000 300.000 22.829
   vertex 1300.000 400.000 28.439
   vertex 1300.000 300.000 25.829
  endloop
 endfacet
 facet normal 0.029976 0.026073 -0.999211
  outer loop
   vertex 1200.000 300.000 22.829
   vertex 1200.000 400.000 25.439
   vertex 1300.000 400.000 28.439
  endloop
 endfacet
 facet normal 0.029976 0.026073 -0.999211
  outer loop
   vertex 1300.000 300.000 25.829
   vertex 1400.000 400.000 31.439
   vertex 1400.000 300.000 28.829
  endloop
 endfacet
 facet normal 0.029976 0.026073 -0.999211
  outer loop
   vertex 1300.000 300.000 25.829
   vertex 1300.000 400.000 28.439
   vertex 1400.000 400.000 31.439
  endloop
 endfacet
 facet normal 0.029976 0.026073 -0.999211
  outer loop
   vertex 1400.000 300.000 28.829
   vertex 1500.000 400.000 34.439
   vertex 1500.000 300.000 31.829
  endloop
 endfacet
 facet normal 0.029976 0.026073 -0.999211
  outer loop
   vertex 1400.000 300.000 28.829
   vertex 1400.000 400.000 31.439
   vertex 1500.000 400.000 34.439
  endloop
 endfacet
 facet normal 0.029976 0.026073 -0.999211
  outer loop
   vertex 1500.000 300.000 31.829
   vertex 1600.000 400.000 37.439
   vertex 1600.000 300.000 34.829
  endloop
 endfacet
 facet normal 0.029976 0.026073 -0.999211
  outer loop
   vertex 1500.000 300.000 31.829
   vertex 1500.000 400.000 34.439
   vertex 1600.000 400.000 37.439
  endloop
 endfacet
 facet normal 0.029976 0.026073 -0.999211
  outer loop
   vertex 1600.000 300.000 34.829
   vertex 1700.000 400.000 40.439
   vertex 1700.000 300.000 37.829
  endloop
 endfacet
 facet normal 0.029976 0.026073 -0.999211
  outer loop
   vertex 1600.000 300.000 34.829
   vertex 1600.000 400.000 37.439
   vertex 1700.000 400.000 40.439
  endloop
 endfacet
 facet normal 0.029976 0.026073 -0.999211
  outer loop
   vertex 1700.000 300.000 37.829
   vertex 1800.000 400.000 43.439
   vertex 1800.000 300.000 40.829
  endloop
 endfacet
 facet normal 0.029976 0.026073 -0.999211
  outer loop
   vertex 1700.000 300.000 37.829
   vertex 1700.000 400.000 40.439
   vertex 1800.000 400.000 43.439
  endloop
 endfacet
 facet normal 0.029976 0.026073 -0.999211
  outer loop
   vertex 1800.000 300.000 40.829
   vertex 1900.000 400.000 46.439
   vertex 1900.000 300.000 43.829
  endloop
 endfacet
 facet normal 0.029976 0.026073 -0.999211
  outer loop
   vertex 1800.000 300.000 40.829
   vertex 1800.000 400.000 43.439
   vertex 1900.000 400.000 46.439
  endloop
 endfacet
 facet normal 0.029976 0.026073 -0.999211
  outer loop
   vertex 1900.000 300.000 43.829
   vertex 2000.000 400.000 49.439
   vertex 2000.000 300.000 46.829
  endloop
 endfacet
 facet normal 0.029976 0.026073 -0.999211
  outer loop
   vertex 1900.000 300.000 43.829
   vertex 1900.000 400.000 46.439
   vertex 2000.000 400.000 49.439
  endloop
 endfacet
 facet normal 0.000000 0.000000 -1.000000
  outer loop
   vertex 0.000 400.000 0.000
   vertex 100.000 500.000 0.000
   vertex 100.000 400.000 0.000
  endloop
 endfacet
 facet normal 0.000000 0.000000 -1.000000
  outer loop
   vertex 0.000 400.000 0.000
   vertex 0.000 500.000 0.000
   vertex 100.000 500.000 0.000
  endloop
 endfacet
 facet normal 0.000000 0.000000 -1.000000
  outer loop
   vertex 100.000 400.000 0.000
   vertex 200.000 500.000 0.000
   vertex 200.000 400.000 0.000
  endloop
 endfacet
 facet normal 0.000000 0.000000 -1.000000
  outer loop
   vertex 100.000 400.000 0.000
   vertex 100.000 500.000 0.000
   vertex 200.000 500.000 0.000
  endloop
 endfacet
 facet normal 0.000000 0.000000 -1.000000
  outer loop
   vertex 200.000 400.000 0.000
   vertex 300.000 500.000 0.000
   vertex 300.000 400.000 0.000
  endloop
 endfacet
 facet normal 0.000000 0.000000 -1.000000
  outer loop
   vertex 200.000 400.000 0.000
   vertex 200.000 500.000 0.000
   vertex 300.000 500.000 0.000
  endloop
 endfacet
 facet normal 0.014386 0.004693 -0.999886
  outer loop
   vertex 300.000 400.000 0.000
   vertex 400.000 500.000 1.908
   vertex 400.000 400.000 1.439
  endloop
 endfacet
 facet normal 0.019078 0.000000 -0.999818
  outer loop
   vertex 300.000 400.000 0.000
   vertex 300.000 500.000 0.000
   vertex 400.000 500.000 1.908
  endloop
 endfacet
 facet normal 0.029986 0.004692 -0.999539
  outer loop
   vertex 400.000 400.000 1.439
   vertex 500.000 500.000 4.908
   vertex 500.000 400.000 4.439
  endloop
 endfacet
 facet normal 0.029986 0.004692 -0.999539
  outer loop
   vertex 400.000 400.000 1.439
   vertex 400.000 500.000 1.908
   vertex 500.000 500.000 4.908
  endloop
 endfacet
 facet normal 0.029986 0.004692 -0.999539
  outer loop
   vertex 500.000 400.000 4.439
   vertex 600.000 500.000 7.908
   vertex 600.000 400.000 7.439
  endloop
 endfacet
 facet normal 0.029986 0.004692 -0.999539
  outer loop
   vertex 500.000 400.000 4.439
   vertex 500.000 500.000 4.908
   vertex 600.000 500.000 7.908
  endloop
 endfacet
 facet normal 0.029986 0.004692 -0.999539
  outer loop
   vertex 600.000 400.000 7.439
   vertex 700.000 500.000 10.908
   vertex 700.000 400.000 10.439
  endloop
 endfacet
 facet normal 0.029986 0.004692 -0.999539
  outer loop
   vertex 600.000 400.000 7.439
   vertex 600.000 500.000 7.908
   vertex 700.000 500.000 10.908
  endloop
 endfacet
 facet normal 0.029986 0.004692 -0.999539
  outer loop
   vertex 700.000 400.000 10.439
   vertex 800.000 500.000 13.908
   vertex 800.000 400.000 13.439
  endloop
 endfacet
 facet normal 0.029986 0.004692 -0.999539
  outer loop
   vertex 700.000 400.000 10.439
   vertex 700.000 500.000 10.908
   vertex 800.000 500.000 13.908
  endloop
 endfacet
 facet normal 0.029986 0.004692 -0.999539
  outer loop
   vertex 800.000 400.000 13.439
   vertex 900.000 500.000 16.908
   vertex 900.000 400.000 16.439
  endloop
 endfacet
 facet normal 0.029986 0.004692 -0.999539
  outer loop
   vertex 800.000 400.000 13.439
   vertex 800.000 500.000 13.908
   vertex 900.000 500.000 16.908
  endloop
 endfacet
 facet normal 0.029986 0.004692 -0.999539
  outer loop
   vertex 900.000 400.000 16.439
   vertex 1000.000 500.000 19.908
   vertex 1000.000 400.000 19.439
  endloop
 endfacet
 facet normal 0.029986 0.004692 -0.999539
  outer loop
   vertex 900.000 400.000 16.439
   vertex 900.000 500.000 16.908
   vertex 1000.000 500.000 19.908
  endloop
 endfacet
 facet normal 0.029986 0.004692 -0.999539
  outer loop
   vertex 1000.000 400.000 19.439
   vertex 1100.000 500.000 22.908
   vertex 1100.000 400.000 22.439
  endloop
 endfacet
 facet normal 0.029986 0.004692 -0.999539
  outer loop
   vertex 1000.000 400.000 19.439
   vertex 1000.000 500.000 19.908
   vertex 1100.000 500.000 22.908
  endloop
 endfacet
 facet normal 0.029986 0.004692 -0.999539
  outer loop
   vertex 1100.000 400.000 22.439
   vertex 1200.000 500.000 25.908
   vertex 1200.000 400.000 25.439
  endloop
 endfacet
 facet normal 0.029986 0.004692 -0.999539
  outer loop
   vertex 1100.000 400.000 22.439
   vertex 1100.000 500.000 22.908
   vertex 1200.000 500.000 25.908
  endloop
 endfacet
 facet normal 0.029986 0.004692 -0.999539
  outer loop
   vertex 1200.000 400.000 25.439
   vertex 1300.000 500.000 28.908
   vertex 1300.000 400.000 28.439
  endloop
 endfacet
 facet normal 0.029986 0.004692 -0.999539
  outer loop
   vertex 1200.000 400.000 25.439
   vertex 1200.000 500.000 25.908
   vertex 1300.000 500.000 28.908
  endloop
 endfacet
 facet normal 0.029986 0.004692 -0.999539
  outer loop
   vertex 1300.000 400.000 28.439
   vertex 1400.000 500.000 31.908
   vertex 1400.000 400.000 31.439
  endloop
 endfacet
 facet normal 0.029986 0.004692 -0.999539
  outer loop
   vertex 1300.000 400.000 28.439
   vertex 1300.000 500.000 28.908
   vertex 1400.000 500.000 31.908
  endloop
 endfacet
 facet normal 0.029986 0.004692 -0.999539
  outer loop
   vertex 1400.000 400.000 31.439
   vertex 1500.000 500.000 34.908
   vertex 1500.000 400.000 34.439
  endloop
 endfacet
 facet normal 0.029986 0.004692 -0.999539
  outer loop
   vertex 1400.000 400.000 31.439
   vertex 1400.000 500.000 31.908
   vertex 1500.000 500.000 34.908
  endloop
 endfacet
 facet normal 0.029986 0.004692 -0.999539
  outer loop
   vertex 1500.000 400.000 34.439
   vertex 1600.000 500.000 37.908
   vertex 1600.000 400.000 37.439
  endloop
 endfacet
 facet normal 0.029986 0.004692 -0.999539
  outer loop
   vertex 1500.000 400.000 34.439
   vertex 1500.000 500.000 34.908
   vertex 1600.000 500.000 37.908
  endloop
 endfacet
 facet normal 0.029986 0.004692 -0.999539
  outer loop
   vertex 1600.000 400.000 37.439
   vertex 1700.000 500.000 40.908
   vertex 1700.000 400.000 40.439
  endloop
 endfacet
 facet normal 0.029986 0.004692 -0.999539
  outer loop
   vertex 1600.000 400.000 37.439
   vertex 1600.000 500.000 37.908
   vertex 1700.000 500.000 40.908
  endloop
 endfacet
 facet normal 0.029986 0.004692 -0.999539
  outer loop
   vertex 1700.000 400.000 40.439
   vertex 1800.000 500.000 43.908
   vertex 1800.000 400.000 43.439
  endloop
 endfacet
 facet normal 0.029986 0.004692 -0.999539
  outer loop
   vertex 1700.000 400.000 40.439
   vertex 1700.000 500.000 40.908
   vertex 1800.000 500.000 43.908
  endloop
 endfacet
 facet normal 0.029986 0.004692 -0.999539
  outer loop
   vertex 1800.000 400.000 43.439
   vertex 1900.000 500.000 46.908
   vertex 1900.000 400.000 46.439
  endloop
 endfacet
 facet normal 0.029986 0.004692 -0.999539
  outer loop
   vertex 1800.000 400.000 43.439
   vertex 1800.000 500.000 43.908
   vertex 1900.000 500.000 46.908
  endloop
 endfacet
 facet normal 0.029986 0.004692 -0.999539
  outer loop
   vertex 1900.000 400.000 46.439
   vertex 2000.000 500.000 49.908
   vertex 2000.000 400.000 49.439
  endloop
 endfacet
 facet normal 0.029986 0.004692 -0.999539
  outer loop
   vertex 1900.000 400.000 46.439
   vertex 1900.000 500.000 46.908
   vertex 2000.000 500.000 49.908
  endloop
 endfacet
 facet normal 0.000000 0.000000 -1.000000
  outer loop
   vertex 0.000 500.000 0.000
   vertex 100.000 600.000 0.000
   vertex 100.000 500.000 0.000
  endloop
 endfacet
 facet normal 0.000000 0.000000 -1.000000
  outer loop
   vertex 0.000 500.000 0.000
   vertex 0.000 600.000 0.000
   vertex 100.000 600.000 0.000
  endloop
 endfacet
 facet normal 0.000000 0.000000 -1.000000
  outer loop
   vertex 100.000 500.000 0.000
   vertex 200.000 600.000 0.000
   vertex 200.000 500.000 0.000
  endloop
 endfacet
 facet normal 0.000000 0.000000 -1.000000
  outer loop
   vertex 100.000 500.000 0.000
   vertex 100.000 600.000 0.000
   vertex 200.000 600.000 0.000
  endloop
 endfacet
 facet normal 0.000000 0.000000 -1.000000
  outer loop
   vertex 200.000 500.000 0.000
   vertex 300.000 600.000 0.000
   vertex 300.000 500.000 0.000
  endloop
 endfacet
 facet normal 0.000000 0.000000 -1.000000
  outer loop
   vertex 200.000 500.000 0.000
   vertex 200.000 600.000 0.000
   vertex 300.000 600.000 0.000
  endloop
 endfacet
 facet normal 0.019075 -0.017216 -0.999670
  outer loop
   vertex 300.000 500.000 0.000
   vertex 400.000 600.000 0.186
   vertex 400.000 500.000 1.908
  endloop
 endfacet
 facet normal 0.001859 0.000000 -0.999998
  outer loop
   vertex 300.000 500.000 0.000
   vertex 300.000 600.000 0.000
   vertex 400.000 600.000 0.186
  endloop
 endfacet
 facet normal 0.029982 -0.017212 -0.999402
  outer loop
   vertex 400.000 500.000 1.908
   vertex 500.000 600.000 3.186
   vertex 500.000 500.000 4.908
  endloop
 endfacet
 facet normal 0.029982 -0.017212 -0.999402
  outer loop
   vertex 400.000 500.000 1.908
   vertex 400.000 600.000 0.186
   vertex 500.000 600.000 3.186
  endloop
 endfacet
 facet normal 0.029982 -0.017212 -0.999402
  outer loop
   vertex 500.000 500.000 4.908
   vertex 600.000 600.000 6.186
   vertex 600.000 500.000 7.908
  endloop
 endfacet
 facet normal 0.029982 -0.017212 -0.999402
  outer loop
   vertex 500.000 500.000 4.908
   vertex 500.000 600.000 3.186
   vertex 600.000 600.000 6.186
  endloop
 endfacet
 facet normal 0.029982 -0.017212 -0.999402
  outer loop
   vertex 600.000 500.000 7.908
   vertex 700.000 600.000 9.186
   vertex 700.000 500.000 10.908
  endloop
 endfacet
 facet normal 0.029982 -0.017212 -0.999402
  outer loop
   vertex 600.000 500.000 7.908
   vertex 600.000 600.000 6.186
   vertex 700.000 600.000 9.186
  endloop
 endfacet
 facet normal 0.029982 -0.017212 -0.999402
  outer loop
   vertex 700.000 500.000 10.908
   vertex 800.000 600.000 12.186
   vertex 800.000 500.000 13.908
  endloop
 endfacet
 facet normal 0.029982 -0.017212 -0.999402
  outer loop
   vertex 700.000 500.000 10.908
   vertex 700.000 600.000 9.186
   vertex 800.000 600.000 12.186
  endloop
 endfacet
 facet normal 0.029982 -0.017212 -0.999402
  outer loop
   vertex 800.000 500.000 13.908
   vertex 900.000 600.000 15.186
   vertex 900.000 500.000 16.908
  endloop
 endfacet
 facet normal 0.029982 -0.017212 -0.999402
  outer loop
   vertex 800.000 500.000 13.908
   vertex 800.000 600.000 12.186
   vertex 900.000 600.000 15.186
  endloop
 endfacet
 facet normal 0.029982 -0.017212 -0.999402
  outer loop
   vertex 900.000 500.000 16.908
   vertex 1000.000 600.000 18.186
   vertex 1000.000 500.000 19.908
  endloop
 endfacet
 facet normal 0.029982 -0.017212 -0.999402
  outer loop
   vertex 900.000 500.000 16.908
   vertex 900.000 600.000 15.186
   vertex 1000.000 600.000 18.186
  endloop
 endfacet
 facet normal 0.029982 -0.017212 -0.999402
  outer loop
   vertex 1000.000 500.000 19.908
   vertex 1100.000 600.000 21.186
   vertex 1100.000 500.000 22.908
  endloop
 endfacet
 facet normal 0.029982 -0.017212 -0.999402
  outer loop
   vertex 1000.000 500.000 19.908
   vertex 1000.000 600.000 18.186
   vertex 1100.000 600.000 21.186
  endloop
 endfacet
 facet normal 0.029982 -0.017212 -0.999402
  outer loop
   vertex 1100.000 500.000 22.908
   vertex 1200.000 600.000 24.186
   vertex 1200.000 500.000 25.908
  endloop
 endfacet
 facet normal 0.029982 -0.017212 -0.999402
  outer loop
   vertex 1100.000 500.000 22.908
   vertex 1100.000 600.000 21.186
   vertex 1200.000 600.000 24.186
  endloop
 endfacet
 facet normal 0.029982 -0.017212 -0.999402
  outer loop
   vertex 1200.000 500.000 25.908
   vertex 1300.000 600.000 27.186
   vertex 1300.000 500.000 28.908
  endloop
 endfacet
 facet normal 0.029982 -0.017212 -0.999402
  outer loop
   vertex 1200.000 500.000 25.908
   vertex 1200.000 600.000 24.186
   vertex 1300.000 600.000 27.186
  endloop
 endfacet
 facet normal 0.029982 -0.017212 -0.999402
  outer loop
   vertex 1300.000 500.000 28.908
   vertex 1400.000 600.000 30.186
   vertex 1400.000 500.000 31.908
  endloop
 endfacet
 facet normal 0.029982 -0.017212 -0.999402
  outer loop
   vertex 1300.000 500.000 28.908
   vertex 1300.000 600.000 27.186
   vertex 1400.000 600.000 30.186
  endloop
 endfacet
 facet normal 0.029982 -0.017212 -0.999402
  outer loop
   vertex 1400.000 500.000 31.908
   vertex 1500.000 600.000 33.186
   vertex 1500.000 500.000 34.908
  endloop
 endfacet
 facet normal 0.029982 -0.017212 -0.999402
  outer loop
   vertex 1400.000 500.000 31.908
   vertex 1400.000 600.000 30.186
   vertex 1500.000 600.000 33.186
  endloop
 endfacet
 facet normal 0.029982 -0.017212 -0.999402
  outer loop
   vertex 1500.000 500.000 34.908
   vertex 1600.000 600.000 36.186
   vertex 1600.000 500.000 37.908
  endloop
 endfacet
 facet normal 0.029982 -0.017212 -0.999402
  outer loop
   vertex 1500.000 500.000 34.908
   vertex 1500.000 600.000 33.186
   vertex 1600.000 600.000 36.186
  endloop
 endfacet
 facet normal 0.029982 -0.017212 -0.999402
  outer loop
   vertex 1600.000 500.000 37.908
   vertex 1700.000 600.000 39.186
   vertex 1700.000 500.000 40.908
  endloop
 endfacet
 facet normal 0.029982 -0.017212 -0.999402
  outer loop
   vertex 1600.000 500.000 37.908
   vertex 1600.000 600.000 36.186
   vertex 1700.000 600.000 39.186
  endloop
 endfacet
 facet normal 0.029982 -0.017212 -0.999402
  outer loop
   vertex 1700.000 500.000 40.908
   vertex 1800.000 600.000 42.186
   vertex 1800.000 500.000 43.908
  endloop
 endfacet
 facet normal 0.029982 -0.017212 -0.999402
  outer loop
   vertex 1700.000 500.000 40.908
   vertex 1700.000 600.000 39.186
   vertex 1800.000 600.000 42.186
  endloop
 endfacet
 facet normal 0.029982 -0.017212 -0.999402
  outer loop
   vertex 1800.000 500.000 43.908
   vertex 1900.000 600.000 45.186
   vertex 1900.000 500.000 46.908
  endloop
 endfacet
 facet normal 0.029982 -0.017212 -0.999402
  outer loop
   vertex 1800.000 500.000 43.908
   vertex 1800.000 600.000 42.186
   vertex 1900.000 600.000 45.186
  endloop
 endfacet
 facet normal 0.029982 -0.017212 -0.999402
  outer loop
   vertex 1900.000 500.000 46.908
   vertex 2000.000 600.000 48.186
   vertex 2000.000 500.000 49.908
  endloop
 endfacet
 facet normal 0.029982 -0.017212 -0.999402
  outer loop
   vertex 1900.000 500.000 46.908
   vertex 1900.000 600.000 45.186
   vertex 2000.000 600.000 48.186
  endloop
 endfacet
 facet normal 0.000000 0.000000 -1.000000
  outer loop
   vertex 0.000 600.000 0.000
   vertex 100.000 700.000 0.000
   vertex 100.000 600.000 0.000
  endloop
 endfacet
 facet normal 0.000000 0.000000 -1.000000
  outer loop
   vertex 0.000 600.000 0.000
   vertex 0.000 700.000 0.000
   vertex 100.000 700.000 0.000
  endloop
 endfacet
 facet normal 0.000000 0.000000 -1.000000
  outer loop
   vertex 100.000 600.000 0.000
   vertex 200.000 700.000 0.000
   vertex 200.000 600.000 0.000
  endloop
 endfacet
 facet normal 0.000000 0.000000 -1.000000
  outer loop
   vertex 100.000 600.000 0.000
   vertex 100.000 700.000 0.000
   vertex 200.000 700.000 0.000
  endloop
 endfacet
 facet normal 0.000000 0.000000 -1.000000
  outer loop
   vertex 200.000 600.000 0.000
   vertex 300.000 700.000 0.000
   vertex 300.000 600.000 0.000
  endloop
 endfacet
 facet normal 0.000000 0.000000 -1.000000
  outer loop
   vertex 200.000 600.000 0.000
   vertex 200.000 700.000 0.000
   vertex 300.000 700.000 0.000
  endloop
 endfacet
 facet normal 0.001859 -0.001859 -0.999997
  outer loop
   vertex 300.000 600.000 0.000
   vertex 400.000 700.000 0.000
   vertex 400.000 600.000 0.186
  endloop
 endfacet
 facet normal 0.000000 0.000000 -1.000000
  outer loop
   vertex 300.000 600.000 0.000
   vertex 300.000 700.000 0.000
   vertex 400.000 700.000 0.000
  endloop
 endfacet
 facet normal 0.029971 -0.031829 -0.999044
  outer loop
   vertex 400.000 600.000 0.186
   vertex 500.000 700.000 0.000
   vertex 500.000 600.000 3.186
  endloop
 endfacet
 facet normal 0.000000 -0.001859 -0.999998
  outer loop
   vertex 400.000 600.000 0.186
   vertex 400.000 700.000 0.000
   vertex 500.000 700.000 0.000
  endloop
 endfacet
 facet normal 0.029966 -0.037200 -0.998858
  outer loop
   vertex 500.000 600.000 3.186
   vertex 600.000 700.000 2.462
   vertex 600.000 600.000 6.186
  endloop
 endfacet
 facet normal 0.024597 -0.031834 -0.999190
  outer loop
   vertex 500.000 600.000 3.186
   vertex 500.000 700.000 0.000
   vertex 600.000 700.000 2.462
  endloop
 endfacet
 facet normal 0.029966 -0.037200 -0.998858
  outer loop
   vertex 600.000 600.000 6.186
   vertex 700.000 700.000 5.462
   vertex 700.000 600.000 9.186
  endloop
 endfacet
 facet normal 0.029966 -0.037200 -0.998858
  outer loop
   vertex 600.000 600.000 6.186
   vertex 600.000 700.000 2.462
   vertex 700.000 700.000 5.462
  endloop
 endfacet
 facet normal 0.029966 -0.037200 -0.998858
  outer loop
   vertex 700.000 600.000 9.186
   vertex 800.000 700.000 8.462
   vertex 800.000 600.000 12.186
  endloop
 endfacet
 facet normal 0.029966 -0.037200 -0.998858
  outer loop
   vertex 700.000 600.000 9.186
   vertex 700.000 700.000 5.462
   vertex 800.000 700.000 8.462
  endloop
 endfacet
 facet normal 0.029966 -0.037200 -0.998858
  outer loop
   vertex 800.000 600.000 12.186
   vertex 900.000 700.000 11.462
   vertex 900.000 600.000 15.186
  endloop
 endfacet
 facet normal 0.029966 -0.037200 -0.998858
  outer loop
   vertex 800.000 600.000 12.186
   vertex 800.000 700.000 8.462
   vertex 900.000 700.000 11.462
  endloop
 endfacet
 facet normal 0.029966 -0.037200 -0.998858
  outer loop
   vertex 900.000 600.000 15.186
   vertex 1000.000 700.000 14.462
   vertex 1000.000 600.000 18.186
  endloop
 endfacet
 facet normal 0.029966 -0.037200 -0.998858
  outer loop
   vertex 900.000 600.000 15.186
   vertex 900.000 700.000 11.462
   vertex 1000.000 700.000 14.462
  endloop
 endfacet
 facet normal 0.029966 -0.037200 -0.998858
  outer loop
   vertex 1000.000 600.000 18.186
   vertex 1100.000 700.000 17.462
   vertex 1100.000 600.000 21.186
  endloop
 endfacet
 facet normal 0.029966 -0.037200 -0.998858
  outer loop
   vertex 1000.000 600.000 18.186
   vertex 1000.000 700.000 14.462
   vertex 1100.000 700.000 17.462
  endloop
 endfacet
 facet normal 0.029966 -0.037200 -0.998858
  outer loop
   vertex 1100.000 600.000 21.186
   vertex 1200.000 700.000 20.462
   vertex 1200.000 600.000 24.186
  endloop
 endfacet
 facet normal 0.029966 -0.037200 -0.998858
  outer loop
   vertex 1100.000 600.000 21.186
   vertex 1100.000 700.000 17.462
   vertex 1200.000 700.000 20.462
  endloop
 endfacet
 facet normal 0.029966 -0.037200 -0.998858
  outer loop
   vertex 1200.000 600.000 24.186
   vertex 1300.000 700.000 23.462
   vertex 1300.000 600.000 27.186
  endloop
 endfacet
 facet normal 0.029966 -0.037200 -0.998858
  outer loop
   vertex 1200.000 600.000 24.186
   vertex 1200.000 700.000 20.462
   vertex 1300.000 700.000 23.462
  endloop
 endfacet
 facet normal 0.029966 -0.037200 -0.998858
  outer loop
   vertex 1300.000 600.000 27.186
   vertex 1400.000 700.000 26.462
   vertex 1400.000 600.000 30.186
  endloop
 endfacet
 facet normal 0.029966 -0.037200 -0.998858
  outer loop
   vertex 1300.000 600.000 27.186
   vertex 1300.000 700.000 23.462
   vertex 1400.000 700.000 26.462
  endloop
 endfacet
 facet normal 0.029966 -0.037200 -0.998858
  outer loop
   vertex 1400.000 600.000 30.186
   vertex 1500.000 700.000 29.462
   vertex 1500.000 600.000 33.186
  endloop
 endfacet
 facet normal 0.029966 -0.037200 -0.998858
  outer loop
   vertex 1400.000 600.000 30.186
   vertex 1400.000 700.000 26.462
   vertex 1500.000 700.000 29.462
  endloop
 endfacet
 facet normal 0.029966 -0.037200 -0.998858
  outer loop
   vertex 1500.000 600.000 33.186
   vertex 1600.000 700.000 32.462
   vertex 1600.000 600.000 36.186
  endloop
 endfacet
 facet normal 0.029966 -0.037200 -0.998858
  outer loop
   vertex 1500.000 600.000 33.186
   vertex 1500.000 700.000 29.462
   vertex 1600.000 700.000 32.462
  endloop
 endfacet
 facet normal 0.029966 -0.037200 -0.998858
  outer loop
   vertex 1600.000 600.000 36.186
   vertex 1700.000 700.000 35.462
   vertex 1700.000 600.000 39.186
  endloop
 endfacet
 facet normal 0.029966 -0.037200 -0.998858
  outer loop
   vertex 1600.000 600.000 36.186
   vertex 1600.000 700.000 32.462
   vertex 1700.000 700.000 35.462
  endloop
 endfacet
 facet normal 0.029966 -0.037200 -0.998858
  outer loop
   vertex 1700.000 600.000 39.186
   vertex 1800.000 700.000 38.462
   vertex 1800.000 600.000 42.186
  endloop
 endfacet
 facet normal 0.029966 -0.037200 -0.998858
  outer loop
   vertex 1700.000 600.000 39.186
   vertex 1700.000 700.000 35.462
   vertex 1800.000 700.000 38.462
  endloop
 endfacet
 facet normal 0.029966 -0.037200 -0.998858
  outer loop
   vertex 1800.000 600.000 42.186
   vertex 1900.000 700.000 41.462
   vertex 1900.000 600.000 45.186
  endloop
 endfacet
 facet normal 0.029966 -0.037200 -0.998858
  outer loop
   vertex 1800.000 600.000 42.186
   vertex 1800.000 700.000 38.462
   vertex 1900.000 700.000 41.462
  endloop
 endfacet
 facet normal 0.029966 -0.037200 -0.998858
  outer loop
   vertex 1900.000 600.000 45.186
   vertex 2000.000 700.000 44.462
   vertex 2000.000 600.000 48.186
  endloop
 endfacet
 facet normal 0.029966 -0.037200 -0.998858
  outer loop
   vertex 1900.000 600.000 45.186
   vertex 1900.000 700.000 41.462
   vertex 2000.000 700.000 44.462
  endloop
 endfacet
 facet normal 0.000000 0.000000 -1.000000
  outer loop
   vertex 0.000 700.000 0.000
   vertex 100.000 800.000 0.000
   vertex 100.000 700.000 0.000
  endloop
 endfacet
 facet normal 0.000000 0.000000 -1.000000
  outer loop
   vertex 0.000 700.000 0.000
   vertex 0.000 800.000 0.000
   vertex 100.000 800.000 0.000
  endloop
 endfacet
 facet normal 0.000000 0.000000 -1.000000
  outer loop
   vertex 100.000 700.000 0.000
   vertex 200.000 800.000 0.000
   vertex 200.000 700.000 0.000
  endloop
 endfacet
 facet normal 0.000000 0.000000 -1.000000
  outer loop
   vertex 100.000 700.000 0.000
   vertex 100.000 800.000 0.000
   vertex 200.000 800.000 0.000
  endloop
 endfacet
 facet normal 0.000000 0.000000 -1.000000
  outer loop
   vertex 200.000 700.000 0.000
   vertex 300.000 800.000 0.000
   vertex 300.000 700.000 0.000
  endloop
 endfacet
 facet normal 0.000000 0.000000 -1.000000
  outer loop
   vertex 200.000 700.000 0.000
   vertex 200.000 800.000 0.000
   vertex 300.000 800.000 0.000
  endloop
 endfacet
 facet normal 0.000000 0.000000 -1.000000
  outer loop
   vertex 300.000 700.000 0.000
   vertex 400.000 800.000 0.000
   vertex 400.000 700.000 0.000
  endloop
 endfacet
 facet normal 0.000000 0.000000 -1.000000
  outer loop
   vertex 300.000 700.000 0.000
   vertex 300.000 800.000 0.000
   vertex 400.000 800.000 0.000
  endloop
 endfacet
 facet normal 0.000000 0.000000 -1.000000
  outer loop
   vertex 400.000 700.000 0.000
   vertex 500.000 800.000 0.000
   vertex 500.000 700.000 0.000
  endloop
 endfacet
 facet normal 0.000000 0.000000 -1.000000
  outer loop
   vertex 400.000 700.000 0.000
   vertex 400.000 800.000 0.000
   vertex 500.000 800.000 0.000
  endloop
 endfacet
 facet normal 0.024602 -0.024602 -0.999395
  outer loop
   vertex 500.000 700.000 0.000
   vertex 600.000 800.000 0.000
   vertex 600.000 700.000 2.462
  endloop
 endfacet
 facet normal 0.000000 0.000000 -1.000000
  outer loop
   vertex 500.000 700.000 0.000
   vertex 500.000 800.000 0.000
   vertex 600.000 800.000 0.000
  endloop
 endfacet
 facet normal 0.029944 -0.053064 -0.998142
  outer loop
   vertex 600.000 700.000 2.462
   vertex 700.000 800.000 0.145
   vertex 700.000 700.000 5.462
  endloop
 endfacet
 facet normal 0.001454 -0.024610 -0.999696
  outer loop
   vertex 600.000 700.000 2.462
   vertex 600.000 800.000 0.000
   vertex 700.000 800.000 0.145
  endloop
 endfacet
 facet normal 0.029944 -0.053064 -0.998142
  outer loop
   vertex 700.000 700.000 5.462
   vertex 800.000 800.000 3.145
   vertex 800.000 700.000 8.462
  endloop
 endfacet
 facet normal 0.029944 -0.053064 -0.998142
  outer loop
   vertex 700.000 700.000 5.462
   vertex 700.000 800.000 0.145
   vertex 800.000 800.000 3.145
  endloop
 endfacet
 facet normal 0.029944 -0.053064 -0.998142
  outer loop
   vertex 800.000 700.000 8.462
   vertex 900.000 800.000 6.145
   vertex 900.000 700.000 11.462
  endloop
 endfacet
 facet normal 0.029944 -0.053064 -0.998142
  outer loop
   vertex 800.000 700.000 8.462
   vertex 800.000 800.000 3.145
   vertex 900.000 800.000 6.145
  endloop
 endfacet
 facet normal 0.029944 -0.053064 -0.998142
  outer loop
   vertex 900.000 700.000 11.462
   vertex 1000.000 800.000 9.145
   vertex 1000.000 700.000 14.462
  endloop
 endfacet
 facet normal 0.029944 -0.053064 -0.998142
  outer loop
   vertex 900.000 700.000 11.462
   vertex 900.000 800.000 6.145
   vertex 1000.000 800.000 9.145
  endloop
 endfacet
 facet normal 0.029944 -0.053064 -0.998142
  outer loop
   vertex 1000.000 700.000 14.462
   vertex 1100.000 800.000 12.145
   vertex 1100.000 700.000 17.462
  endloop
 endfacet
 facet normal 0.029944 -0.053064 -0.998142
  outer loop
   vertex 1000.000 700.000 14.462
   vertex 1000.000 800.000 9.145
   vertex 1100.000 800.000 12.145
  endloop
 endfacet
 facet normal 0.029944 -0.053064 -0.998142
  outer loop
   vertex 1100.000 700.000 17.462
   vertex 1200.000 800.000 15.145
   vertex 1200.000 700.000 20.462
  endloop
 endfacet
 facet normal 0.029944 -0.053064 -0.998142
  outer loop
   vertex 1100.000 700.000 17.462
   vertex 1100.000 800.000 12.145
   vertex 1200.000 800.000 15.145
  endloop
 endfacet
 facet normal 0.029944 -0.053064 -0.998142
  outer loop
   vertex 1200.000 700.000 20.462
   vertex 1300.000 800.000 18.145
   vertex 1300.000 700.000 23.462
  endloop
 endfacet
 facet normal 0.029944 -0.053064 -0.998142
  outer loop
   vertex 1200.000 700.000 20.462
   vertex 1200.000 800.000 15.145
   vertex 1300.000 800.000 18.145
  endloop
 endfacet
 facet normal 0.029944 -0.053064 -0.998142
  outer loop
   vertex 1300.000 700.000 23.462
   vertex 1400.000 800.000 21.145
   vertex 1400.000 700.000 26.462
  endloop
 endfacet
 facet normal 0.029944 -0.053064 -0.998142
  outer loop
   vertex 1300.000 700.000 23.462
   vertex 1300.000 800.000 18.145
   vertex 1400.000 800.000 21.145
  endloop
 endfacet
 facet normal 0.029944 -0.053064 -0.998142
  outer loop
   vertex 1400.000 700.000 26.462
   vertex 1500.000 800.000 24.145
   vertex 1500.000 700.000 29.462
  endloop
 endfacet
 facet normal 0.029944 -0.053064 -0.998142
  outer loop
   vertex 1400.000 700.000 26.462
   vertex 1400.000 800.000 21.145
   vertex 1500.000 800.000 24.145
  endloop
 endfacet
 facet normal 0.029944 -0.053064 -0.998142
  outer loop
   vertex 1500.000 700.000 29.462
   vertex 1600.000 800.000 27.145
   vertex 1600.000 700.000 32.462
  endloop
 endfacet
 facet normal 0.029944 -0.053064 -0.998142
  outer loop
   vertex 1500.000 700.000 29.462
   vertex 1500.000 800.000 24.145
   vertex 1600.000 800.000 27.145
  endloop
 endfacet
 facet normal 0.029944 -0.053064 -0.998142
  outer loop
   vertex 1600.000 700.000 32.462
   vertex 1700.000 800.000 30.145
   vertex 1700.000 700.000 35.462
  endloop
 endfacet
 facet normal 0.029944 -0.053064 -0.998142
  outer loop
   vertex 1600.000 700.000 32.462
   vertex 1600.000 800.000 27.145
   vertex 1700.000 800.000 30.145
  endloop
 endfacet
 facet normal 0.029944 -0.053064 -0.998142
  outer loop
   vertex 1700.000 700.000 35.462
   vertex 1800.000 800.000 33.145
   vertex 1800.000 700.000 38.462
  endloop
 endfacet
 facet normal 0.029944 -0.053064 -0.998142
  outer loop
   vertex 1700.000 700.000 35.462
   vertex 1700.000 800.000 30.145
   vertex 1800.000 800.000 33.145
  endloop
 endfacet
 facet normal 0.029944 -0.053064 -0.998142
  outer loop
   vertex 1800.000 700.000 38.462
   vertex 1900.000 800.000 36.145
   vertex 1900.000 700.000 41.462
  endloop
 endfacet
 facet normal 0.029944 -0.053064 -0.998142
  outer loop
   vertex 1800.000 700.000 38.462
   vertex 1800.000 800.000 33.145
   vertex 1900.000 800.000 36.145
  endloop
 endfacet
 facet normal 0.029944 -0.053064 -0.998142
  outer loop
   vertex 1900.000 700.000 41.462
   vertex 2000.000 800.000 39.145
   vertex 2000.000 700.000 44.462
  endloop
 endfacet
 facet normal 0.029944 -0.053064 -0.998142
  outer loop
   vertex 1900.000 700.000 41.462
   vertex 1900.000 800.000 36.145
   vertex 2000.000 800.000 39.145
  endloop
 endfacet
 facet normal 0.000000 0.000000 -1.000000
  outer loop
   vertex 0.000 800.000 0.000
   vertex 100.000 900.000 0.000
   vertex 100.000 800.000 0.000
  endloop
 endfacet
 facet normal 0.000000 0.000000 -1.000000
  outer loop
   vertex 0.000 800.000 0.000
   vertex 0.000 900.000 0.000
   vertex 100.000 900.000 0.000
  endloop
 endfacet
 facet normal 0.000000 0.000000 -1.000000
  outer loop
   vertex 100.000 800.000 0.000
   vertex 200.000 900.000 0.000
   vertex 200.000 800.000 0.000
  endloop
 endfacet
 facet normal 0.000000 0.000000 -1.000000
  outer loop
   vertex 100.000 800.000 0.000
   vertex 100.000 900.000 0.000
   vertex 200.000 900.000 0.000
  endloop
 endfacet
 facet normal 0.000000 0.000000 -1.000000
  outer loop
   vertex 200.000 800.000 0.000
   vertex 300.000 900.000 0.000
   vertex 300.000 800.000 0.000
  endloop
 endfacet
 facet normal 0.000000 0.000000 -1.000000
  outer loop
   vertex 200.000 800.000 0.000
   vertex 200.000 900.000 0.000
   vertex 300.000 900.000 0.000
  endloop
 endfacet
 facet normal 0.000000 0.000000 -1.000000
  outer loop
   vertex 300.000 800.000 0.000
   vertex 400.000 900.000 0.000
   vertex 400.000 800.000 0.000
  endloop
 endfacet
 facet normal 0.000000 0.000000 -1.000000
  outer loop
   vertex 300.000 800.000 0.000
   vertex 300.000 900.000 0.000
   vertex 400.000 900.000 0.000
  endloop
 endfacet
 facet normal 0.000000 0.000000 -1.000000
  outer loop
   vertex 400.000 800.000 0.000
   vertex 500.000 900.000 0.000
   vertex 500.000 800.000 0.000
  endloop
 endfacet
 facet normal 0.000000 0.000000 -1.000000
  outer loop
   vertex 400.000 800.000 0.000
   vertex 400.000 900.000 0.000
   vertex 500.000 900.000 0.000
  endloop
 endfacet
 facet normal 0.000000 0.000000 -1.000000
  outer loop
   vertex 500.000 800.000 0.000
   vertex 600.000 900.000 0.000
   vertex 600.000 800.000 0.000
  endloop
 endfacet
 facet normal 0.000000 0.000000 -1.000000
  outer loop
   vertex 500.000 800.000 0.000
   vertex 500.000 900.000 0.000
   vertex 600.000 900.000 0.000
  endloop
 endfacet
 facet normal 0.001455 -0.001455 -0.999998
  outer loop
   vertex 600.000 800.000 0.000
   vertex 700.000 900.000 0.000
   vertex 700.000 800.000 0.145
  endloop
 endfacet
 facet normal 0.000000 0.000000 -1.000000
  outer loop
   vertex 600.000 800.000 0.000
   vertex 600.000 900.000 0.000
   vertex 700.000 900.000 0.000
  endloop
 endfacet
 facet normal 0.029972 -0.031425 -0.999057
  outer loop
   vertex 700.000 800.000 0.145
   vertex 800.000 900.000 0.000
   vertex 800.000 800.000 3.145
  endloop
 endfacet
 facet normal 0.000000 -0.001455 -0.999999
  outer loop
   vertex 700.000 800.000 0.145
   vertex 700.000 900.000 0.000
   vertex 800.000 900.000 0.000
  endloop
 endfacet
 facet normal 0.029930 -0.061311 -0.997670
  outer loop
   vertex 800.000 800.000 3.145
   vertex 900.000 900.000 0.000
   vertex 900.000 800.000 6.145
  endloop
 endfacet
 facet normal 0.000000 -0.031439 -0.999506
  outer loop
   vertex 800.000 800.000 3.145
   vertex 800.000 900.000 0.000
   vertex 900.000 900.000 0.000
  endloop
 endfacet
 facet normal 0.029927 -0.063076 -0.997560
  outer loop
   vertex 900.000 800.000 6.145
   vertex 1000.000 900.000 2.822
   vertex 1000.000 800.000 9.145
  endloop
 endfacet
 facet normal 0.028160 -0.061314 -0.997721
  outer loop
   vertex 900.000 800.000 6.145
   vertex 900.000 900.000 0.000
   vertex 1000.000 900.000 2.822
  endloop
 endfacet
 facet normal 0.029927 -0.063076 -0.997560
  outer loop
   vertex 1000.000 800.000 9.145
   vertex 1100.000 900.000 5.822
   vertex 1100.000 800.000 12.145
  endloop
 endfacet
 facet normal 0.029927 -0.063076 -0.997560
  outer loop
   vertex 1000.000 800.000 9.145
   vertex 1000.000 900.000 2.822
   vertex 1100.000 900.000 5.822
  endloop
 endfacet
 facet normal 0.029927 -0.063076 -0.997560
  outer loop
   vertex 1100.000 800.000 12.145
   vertex 1200.000 900.000 8.822
   vertex 1200.000 800.000 15.145
  endloop
 endfacet
 facet normal 0.029927 -0.063076 -0.997560
  outer loop
   vertex 1100.000 800.000 12.145
   vertex 1100.000 900.000 5.822
   vertex 1200.000 900.000 8.822
  endloop
 endfacet
 facet normal 0.029927 -0.063076 -0.997560
  outer loop
   vertex 1200.000 800.000 15.145
   vertex 1300.000 900.000 11.822
   vertex 1300.000 800.000 18.145
  endloop
 endfacet
 facet normal 0.029927 -0.063076 -0.997560
  outer loop
   vertex 1200.000 800.000 15.145
   vertex 1200.000 900.000 8.822
   vertex 1300.000 900.000 11.822
  endloop
 endfacet
 facet normal 0.029927 -0.063076 -0.997560
  outer loop
   vertex 1300.000 800.000 18.145
   vertex 1400.000 900.000 14.822
   vertex 1400.000 800.000 21.145
  endloop
 endfacet
 facet normal 0.029927 -0.063076 -0.997560
  outer loop
   vertex 1300.000 800.000 18.145
   vertex 1300.000 900.000 11.822
   vertex 1400.000 900.000 14.822
  endloop
 endfacet
 facet normal 0.029927 -0.063076 -0.997560
  outer loop
   vertex 1400.000 800.000 21.145
   vertex 1500.000 900.000 17.822
   vertex 1500.000 800.000 24.145
  endloop
 endfacet
 facet normal 0.029927 -0.063076 -0.997560
  outer loop
   vertex 1400.000 800.000 21.145
   vertex 1400.000 900.000 14.822
   vertex 1500.000 900.000 17.822
  endloop
 endfacet
 facet normal 0.029927 -0.063076 -0.997560
  outer loop
   vertex 1500.000 800.000 24.145
   vertex 1600.000 900.000 20.822
   vertex 1600.000 800.000 27.145
  endloop
 endfacet
 facet normal 0.029927 -0.063076 -0.997560
  outer loop
   vertex 1500.000 800.000 24.145
   vertex 1500.000 900.000 17.822
   vertex 1600.000 900.000 20.822
  endloop
 endfacet
 facet normal 0.029927 -0.063076 -0.997560
  outer loop
   vertex 1600.000 800.000 27.145
   vertex 1700.000 900.000 23.822
   vertex 1700.000 800.000 30.145
  endloop
 endfacet
 facet normal 0.029927 -0.063076 -0.997560
  outer loop
   vertex 1600.000 800.000 27.145
   vertex 1600.000 900.000 20.822
   vertex 1700.000 900.000 23.822
  endloop
 endfacet
 facet normal 0.029927 -0.063076 -0.997560
  outer loop
   vertex 1700.000 800.000 30.145
   vertex 1800.000 900.000 26.822
   vertex 1800.000 800.000 33.145
  endloop
 endfacet
 facet normal 0.029927 -0.063076 -0.997560
  outer loop
   vertex 1700.000 800.000 30.145
   vertex 1700.000 900.000 23.822
   vertex 1800.000 900.000 26.822
  endloop
 endfacet
 facet normal 0.029927 -0.063076 -0.997560
  outer loop
   vertex 1800.000 800.000 33.145
   vertex 1900.000 900.000 29.822
   vertex 1900.000 800.000 36.145
  endloop
 endfacet
 facet normal 0.029927 -0.063076 -0.997560
  outer loop
   vertex 1800.000 800.000 33.145
   vertex 1800.000 900.000 26.822
   vertex 1900.000 900.000 29.822
  endloop
 endfacet
 facet normal 0.029927 -0.063076 -0.997560
  outer loop
   vertex 1900.000 800.000 36.145
   vertex 2000.000 900.000 32.822
   vertex 2000.000 800.000 39.145
  endloop
 endfacet
 facet normal 0.029927 -0.063076 -0.997560
  outer loop
   vertex 1900.000 800.000 36.145
   vertex 1900.000 900.000 29.822
   vertex 2000.000 900.000 32.822
  endloop
 endfacet
 facet normal 0.000000 0.000000 -1.000000
  outer loop
   vertex 0.000 900.000 0.000
   vertex 100.000 1000.000 0.000
   vertex 100.000 900.000 0.000
  endloop
 endfacet
 facet normal 0.000000 0.000000 -1.000000
  outer loop
   vertex 0.000 900.000 0.000
   vertex 0.000 1000.000 0.000
   vertex 100.000 1000.000 0.000
  endloop
 endfacet
 facet normal 0.000000 0.000000 -1.000000
  outer loop
   vertex 100.000 900.000 0.000
   vertex 200.000 1000.000 0.000
   vertex 200.000 900.000 0.000
  endloop
 endfacet
 facet normal 0.000000 0.000000 -1.000000
  outer loop
   vertex 100.000 900.000 0.000
   vertex 100.000 1000.000 0.000
   vertex 200.000 1000.000 0.000
  endloop
 endfacet
 facet normal 0.000000 0.000000 -1.000000
  outer loop
   vertex 200.000 900.000 0.000
   vertex 300.000 1000.000 0.000
   vertex 300.000 900.000 0.000
  endloop
 endfacet
 facet normal 0.000000 0.000000 -1.000000
  outer loop
   vertex 200.000 900.000 0.000
   vertex 200.000 1000.000 0.000
   vertex 300.000 1000.000 0.000
  endloop
 endfacet
 facet normal 0.000000 0.000000 -1.000000
  outer loop
   vertex 300.000 900.000 0.000
   vertex 400.000 1000.000 0.000
   vertex 400.000 900.000 0.000
  endloop
 endfacet
 facet normal 0.000000 0.000000 -1.000000
  outer loop
   vertex 300.000 900.000 0.000
   vertex 300.000 1000.000 0.000
   vertex 400.000 1000.000 0.000
  endloop
 endfacet
 facet normal 0.000000 0.000000 -1.000000
  outer loop
   vertex 400.000 900.000 0.000
   vertex 500.000 1000.000 0.000
   vertex 500.000 900.000 0.000
  endloop
 endfacet
 facet normal 0.000000 0.000000 -1.000000
  outer loop
   vertex 400.000 900.000 0.000
   vertex 400.000 1000.000 0.000
   vertex 500.000 1000.000 0.000
  endloop
 endfacet
 facet normal 0.000000 0.000000 -1.000000
  outer loop
   vertex 500.000 900.000 0.000
   vertex 600.000 1000.000 0.000
   vertex 600.000 900.000 0.000
  endloop
 endfacet
 facet normal 0.000000 0.000000 -1.000000
  outer loop
   vertex 500.000 900.000 0.000
   vertex 500.000 1000.000 0.000
   vertex 600.000 1000.000 0.000
  endloop
 endfacet
 facet normal 0.000000 0.000000 -1.000000
  outer loop
   vertex 600.000 900.000 0.000
   vertex 700.000 1000.000 0.000
   vertex 700.000 900.000 0.000
  endloop
 endfacet
 facet normal 0.000000 0.000000 -1.000000
  outer loop
   vertex 600.000 900.000 0.000
   vertex 600.000 1000.000 0.000
   vertex 700.000 1000.000 0.000
  endloop
 endfacet
 facet normal 0.000000 0.000000 -1.000000
  outer loop
   vertex 700.000 900.000 0.000
   vertex 800.000 1000.000 0.000
   vertex 800.000 900.000 0.000
  endloop
 endfacet
 facet normal 0.000000 0.000000 -1.000000
  outer loop
   vertex 700.000 900.000 0.000
   vertex 700.000 1000.000 0.000
   vertex 800.000 1000.000 0.000
  endloop
 endfacet
 facet normal 0.000000 0.000000 -1.000000
  outer loop
   vertex 800.000 900.000 0.000
   vertex 900.000 1000.000 0.000
   vertex 900.000 900.000 0.000
  endloop
 endfacet
 facet normal 0.000000 0.000000 -1.000000
  outer loop
   vertex 800.000 900.000 0.000
   vertex 800.000 1000.000 0.000
   vertex 900.000 1000.000 0.000
  endloop
 endfacet
 facet normal 0.028202 -0.028202 -0.999204
  outer loop
   vertex 900.000 900.000 0.000
   vertex 1000.000 1000.000 0.000
   vertex 1000.000 900.000 2.822
  endloop
 endfacet
 facet normal 0.000000 0.000000 -1.000000
  outer loop
   vertex 900.000 900.000 0.000
   vertex 900.000 1000.000 0.000
   vertex 1000.000 1000.000 0.000
  endloop
 endfacet
 facet normal 0.029936 -0.058100 -0.997862
  outer loop
   vertex 1000.000 900.000 2.822
   vertex 1100.000 1000.000 0.000
   vertex 1100.000 900.000 5.822
  endloop
 endfacet
 facet normal 0.000000 -0.028213 -0.999602
  outer loop
   vertex 1000.000 900.000 2.822
   vertex 1000.000 1000.000 0.000
   vertex 1100.000 1000.000 0.000
  endloop
 endfacet
 facet normal 0.029921 -0.066162 -0.997360
  outer loop
   vertex 1100.000 900.000 5.822
   vertex 1200.000 1000.000 2.189
   vertex 1200.000 900.000 8.822
  endloop
 endfacet
 facet normal 0.021844 -0.058112 -0.998071
  outer loop
   vertex 1100.000 900.000 5.822
   vertex 1100.000 1000.000 0.000
   vertex 1200.000 1000.000 2.189
  endloop
 endfacet
 facet normal 0.029921 -0.066162 -0.997360
  outer loop
   vertex 1200.000 900.000 8.822
   vertex 1300.000 1000.000 5.189
   vertex 1300.000 900.000 11.822
  endloop
 endfacet
 facet normal 0.029921 -0.066162 -0.997360
  outer loop
   vertex 1200.000 900.000 8.822
   vertex 1200.000 1000.000 2.189
   vertex 1300.000 1000.000 5.189
  endloop
 endfacet
 facet normal 0.029921 -0.066162 -0.997360
  outer loop
   vertex 1300.000 900.000 11.822
   vertex 1400.000 1000.000 8.189
   vertex 1400.000 900.000 14.822
  endloop
 endfacet
 facet normal 0.029921 -0.066162 -0.997360
  outer loop
   vertex 1300.000 900.000 11.822
   vertex 1300.000 1000.000 5.189
   vertex 1400.000 1000.000 8.189
  endloop
 endfacet
 facet normal 0.029921 -0.066162 -0.997360
  outer loop
   vertex 1400.000 900.000 14.822
   vertex 1500.000 1000.000 11.189
   vertex 1500.000 900.000 17.822
  endloop
 endfacet
 facet normal 0.029921 -0.066162 -0.997360
  outer loop
   vertex 1400.000 900.000 14.822
   vertex 1400.000 1000.000 8.189
   vertex 1500.000 1000.000 11.189
  endloop
 endfacet
 facet normal 0.029921 -0.066162 -0.997360
  outer loop
   vertex 1500.000 900.000 17.822
   vertex 1600.000 1000.000 14.189
   vertex 1600.000 900.000 20.822
  endloop
 endfacet
 facet normal 0.029921 -0.066162 -0.997360
  outer loop
   vertex 1500.000 900.000 17.822
   vertex 1500.000 1000.000 11.189
   vertex 1600.000 1000.000 14.189
  endloop
 endfacet
 facet normal 0.029921 -0.066162 -0.997360
  outer loop
   vertex 1600.000 900.000 20.822
   vertex 1700.000 1000.000 17.189
   vertex 1700.000 900.000 23.822
  endloop
 endfacet
 facet normal 0.029921 -0.066162 -0.997360
  outer loop
   vertex 1600.000 900.000 20.822
   vertex 1600.000 1000.000 14.189
   vertex 1700.000 1000.000 17.189
  endloop
 endfacet
 facet normal 0.029921 -0.066162 -0.997360
  outer loop
   vertex 1700.000 900.000 23.822
   vertex 1800.000 1000.000 20.189
   vertex 1800.000 900.000 26.822
  endloop
 endfacet
 facet normal 0.029921 -0.066162 -0.997360
  outer loop
   vertex 1700.000 900.000 23.822
   vertex 1700.000 1000.000 17.189
   vertex 1800.000 1000.000 20.189
  endloop
 endfacet
 facet normal 0.029921 -0.066162 -0.997360
  outer loop
   vertex 1800.000 900.000 26.822
   vertex 1900.000 1000.000 23.189
   vertex 1900.000 900.000 29.822
  endloop
 endfacet
 facet normal 0.029921 -0.066162 -0.997360
  outer loop
   vertex 1800.000 900.000 26.822
   vertex 1800.000 1000.000 20.189
   vertex 1900.000 1000.000 23.189
  endloop
 endfacet
 facet normal 0.029921 -0.066162 -0.997360
  outer loop
   vertex 1900.000 900.000 29.822
   vertex 2000.000 1000.000 26.189
   vertex 2000.000 900.000 32.822
  endloop
 endfacet
 facet normal 0.029921 -0.066162 -0.997360
  outer loop
   vertex 1900.000 900.000 29.822
   vertex 1900.000 1000.000 23.189
   vertex 2000.000 1000.000 26.189
  endloop
 endfacet
 facet normal 0.000000 0.000000 -1.000000
  outer loop
   vertex 0.000 1000.000 0.000
   vertex 100.000 1100.000 0.000
   vertex 100.000 1000.000 0.000
  endloop
 endfacet
 facet normal 0.000000 0.000000 -1.000000
  outer loop
   vertex 0.000 1000.000 0.000
   vertex 0.000 1100.000 0.000
   vertex 100.000 1100.000 0.000
  endloop
 endfacet
 facet normal 0.000000 0.000000 -1.000000
  outer loop
   vertex 100.000 1000.000 0.000
   vertex 200.000 1100.000 0.000
   vertex 200.000 1000.000 0.000
  endloop
 endfacet
 facet normal 0.000000 0.000000 -1.000000
  outer loop
   vertex 100.000 1000.000 0.000
   vertex 100.000 1100.000 0.000
   vertex 200.000 1100.000 0.000
  endloop
 endfacet
 facet normal 0.000000 0.000000 -1.000000
  outer loop
   vertex 200.000 1000.000 0.000
   vertex 300.000 1100.000 0.000
   vertex 300.000 1000.000 0.000
  endloop
 endfacet
 facet normal 0.000000 0.000000 -1.000000
  outer loop
   vertex 200.000 1000.000 0.000
   vertex 200.000 1100.000 0.000
   vertex 300.000 1100.000 0.000
  endloop
 endfacet
 facet normal 0.000000 0.000000 -1.000000
  outer loop
   vertex 300.000 1000.000 0.000
   vertex 400.000 1100.000 0.000
   vertex 400.000 1000.000 0.000
  endloop
 endfacet
 facet normal 0.000000 0.000000 -1.000000
  outer loop
   vertex 300.000 1000.000 0.000
   vertex 300.000 1100.000 0.000
   vertex 400.000 1100.000 0.000
  endloop
 endfacet
 facet normal 0.000000 0.000000 -1.000000
  outer loop
   vertex 400.000 1000.000 0.000
   vertex 500.000 1100.000 0.000
   vertex 500.000 1000.000 0.000
  endloop
 endfacet
 facet normal 0.000000 0.000000 -1.000000
  outer loop
   vertex 400.000 1000.000 0.000
   vertex 400.000 1100.000 0.000
   vertex 500.000 1100.000 0.000
  endloop
 endfacet
 facet normal 0.000000 0.000000 -1.000000
  outer loop
   vertex 500.000 1000.000 0.000
   vertex 600.000 1100.000 0.000
   vertex 600.000 1000.000 0.000
  endloop
 endfacet
 facet normal 0.000000 0.000000 -1.000000
  outer loop
   vertex 500.000 1000.000 0.000
   vertex 500.000 1100.000 0.000
   vertex 600.000 1100.000 0.000
  endloop
 endfacet
 facet normal 0.000000 0.000000 -1.000000
  outer loop
   vertex 600.000 1000.000 0.000
   vertex 700.000 1100.000 0.000
   vertex 700.000 1000.000 0.000
  endloop
 endfacet
 facet normal 0.000000 0.000000 -1.000000
  outer loop
   vertex 600.000 1000.000 0.000
   vertex 600.000 1100.000 0.000
   vertex 700.000 1100.000 0.000
  endloop
 endfacet
 facet normal 0.000000 0.000000 -1.000000
  outer loop
   vertex 700.000 1000.000 0.000
   vertex 800.000 1100.000 0.000
   vertex 800.000 1000.000 0.000
  endloop
 endfacet
 facet normal 0.000000 0.000000 -1.000000
  outer loop
   vertex 700.000 1000.000 0.000
   vertex 700.000 1100.000 0.000
   vertex 800.000 1100.000 0.000
  endloop
 endfacet
 facet normal 0.000000 0.000000 -1.000000
  outer loop
   vertex 800.000 1000.000 0.000
   vertex 900.000 1100.000 0.000
   vertex 900.000 1000.000 0.000
  endloop
 endfacet
 facet normal 0.000000 0.000000 -1.000000
  outer loop
   vertex 800.000 1000.000 0.000
   vertex 800.000 1100.000 0.000
   vertex 900.000 1100.000 0.000
  endloop
 endfacet
 facet normal 0.000000 0.000000 -1.000000
  outer loop
   vertex 900.000 1000.000 0.000
   vertex 1000.000 1100.000 0.000
   vertex 1000.000 1000.000 0.000
  endloop
 endfacet
 facet normal 0.000000 0.000000 -1.000000
  outer loop
   vertex 900.000 1000.000 0.000
   vertex 900.000 1100.000 0.000
   vertex 1000.000 1100.000 0.000
  endloop
 endfacet
 facet normal 0.000000 0.000000 -1.000000
  outer loop
   vertex 1000.000 1000.000 0.000
   vertex 1100.000 1100.000 0.000
   vertex 1100.000 1000.000 0.000
  endloop
 endfacet
 facet normal 0.000000 0.000000 -1.000000
  outer loop
   vertex 1000.000 1000.000 0.000
   vertex 1000.000 1100.000 0.000
   vertex 1100.000 1100.000 0.000
  endloop
 endfacet
 facet normal 0.021876 -0.021876 -0.999521
  outer loop
   vertex 1100.000 1000.000 0.000
   vertex 1200.000 1100.000 0.000
   vertex 1200.000 1000.000 2.189
  endloop
 endfacet
 facet normal 0.000000 0.000000 -1.000000
  outer loop
   vertex 1100.000 1000.000 0.000
   vertex 1100.000 1100.000 0.000
   vertex 1200.000 1100.000 0.000
  endloop
 endfacet
 facet normal 0.029946 -0.051793 -0.998209
  outer loop
   vertex 1200.000 1000.000 2.189
   vertex 1300.000 1100.000 0.000
   vertex 1300.000 1000.000 5.189
  endloop
 endfacet
 facet normal 0.000000 -0.021881 -0.999761
  outer loop
   vertex 1200.000 1000.000 2.189
   vertex 1200.000 1100.000 0.000
   vertex 1300.000 1100.000 0.000
  endloop
 endfacet
 facet normal 0.029929 -0.061994 -0.997628
  outer loop
   vertex 1300.000 1000.000 5.189
   vertex 1400.000 1100.000 1.974
   vertex 1400.000 1000.000 8.189
  endloop
 endfacet
 facet normal 0.019714 -0.051807 -0.998463
  outer loop
   vertex 1300.000 1000.000 5.189
   vertex 1300.000 1100.000 0.000
   vertex 1400.000 1100.000 1.974
  endloop
 endfacet
 facet normal 0.029929 -0.061994 -0.997628
  outer loop
   vertex 1400.000 1000.000 8.189
   vertex 1500.000 1100.000 4.974
   vertex 1500.000 1000.000 11.189
  endloop
 endfacet
 facet normal 0.029929 -0.061994 -0.997628
  outer loop
   vertex 1400.000 1000.000 8.189
   vertex 1400.000 1100.000 1.974
   vertex 1500.000 1100.000 4.974
  endloop
 endfacet
 facet normal 0.029929 -0.061994 -0.997628
  outer loop
   vertex 1500.000 1000.000 11.189
   vertex 1600.000 1100.000 7.974
   vertex 1600.000 1000.000 14.189
  endloop
 endfacet
 facet normal 0.029929 -0.061994 -0.997628
  outer loop
   vertex 1500.000 1000.000 11.189
   vertex 1500.000 1100.000 4.974
   vertex 1600.000 1100.000 7.974
  endloop
 endfacet
 facet normal 0.029929 -0.061994 -0.997628
  outer loop
   vertex 1600.000 1000.000 14.189
   vertex 1700.000 1100.000 10.974
   vertex 1700.000 1000.000 17.189
  endloop
 endfacet
 facet normal 0.029929 -0.061994 -0.997628
  outer loop
   vertex 1600.000 1000.000 14.189
   vertex 1600.000 1100.000 7.974
   vertex 1700.000 1100.000 10.974
  endloop
 endfacet
 facet normal 0.029929 -0.061994 -0.997628
  outer loop
   vertex 1700.000 1000.000 17.189
   vertex 1800.000 1100.000 13.974
   vertex 1800.000 1000.000 20.189
  endloop
 endfacet
 facet normal 0.029929 -0.061994 -0.997628
  outer loop
   vertex 1700.000 1000.000 17.189
   vertex 1700.000 1100.000 10.974
   vertex 1800.000 1100.000 13.974
  endloop
 endfacet
 facet normal 0.029929 -0.061994 -0.997628
  outer loop
   vertex 1800.000 1000.000 20.189
   vertex 1900.000 1100.000 16.974
   vertex 1900.000 1000.000 23.189
  endloop
 endfacet
 facet normal 0.029929 -0.061994 -0.997628
  outer loop
   vertex 1800.000 1000.000 20.189
   vertex 1800.000 1100.000 13.974
   vertex 1900.000 1100.000 16.974
  endloop
 endfacet
 facet normal 0.029929 -0.061994 -0.997628
  outer loop
   vertex 1900.000 1000.000 23.189
   vertex 2000.000 1100.000 19.974
   vertex 2000.000 1000.000 26.189
  endloop
 endfacet
 facet normal 0.029929 -0.061994 -0.997628
  outer loop
   vertex 1900.000 1000.000 23.189
   vertex 1900.000 1100.000 16.974
   vertex 2000.000 1100.000 19.974
  endloop
 endfacet
 facet normal 0.000000 0.000000 -1.000000
  outer loop
   vertex 0.000 1100.000 0.000
   vertex 100.000 1200.000 0.000
   vertex 100.000 1100.000 0.000
  endloop
 endfacet
 facet normal 0.000000 0.000000 -1.000000
  outer loop
   vertex 0.000 1100.000 0.000
   vertex 0.000 1200.000 0.000
   vertex 100.000 1200.000 0.000
  endloop
 endfacet
 facet normal 0.000000 0.000000 -1.000000
  outer loop
   vertex 100.000 1100.000 0.000
   vertex 200.000 1200.000 0.000
   vertex 200.000 1100.000 0.000
  endloop
 endfacet
 facet normal 0.000000 0.000000 -1.000000
  outer loop
   vertex 100.000 1100.000 0.000
   vertex 100.000 1200.000 0.000
   vertex 200.000 1200.000 0.000
  endloop
 endfacet
 facet normal 0.000000 0.000000 -1.000000
  outer loop
   vertex 200.000 1100.000 0.000
   vertex 300.000 1200.000 0.000
   vertex 300.000 1100.000 0.000
  endloop
 endfacet
 facet normal 0.000000 0.000000 -1.000000
  outer loop
   vertex 200.000 1100.000 0.000
   vertex 200.000 1200.000 0.000
   vertex 300.000 1200.000 0.000
  endloop
 endfacet
 facet normal 0.000000 0.000000 -1.000000
  outer loop
   vertex 300.000 1100.000 0.000
   vertex 400.000 1200.000 0.000
   vertex 400.000 1100.000 0.000
  endloop
 endfacet
 facet normal 0.000000 0.000000 -1.000000
  outer loop
   vertex 300.000 1100.000 0.000
   vertex 300.000 1200.000 0.000
   vertex 400.000 1200.000 0.000
  endloop
 endfacet
 facet normal 0.000000 0.000000 -1.000000
  outer loop
   vertex 400.000 1100.000 0.000
   vertex 500.000 1200.000 0.000
   vertex 500.000 1100.000 0.000
  endloop
 endfacet
 facet normal 0.000000 0.000000 -1.000000
  outer loop
   vertex 400.000 1100.000 0.000
   vertex 400.000 1200.000 0.000
   vertex 500.000 1200.000 0.000
  endloop
 endfacet
 facet normal 0.000000 0.000000 -1.000000
  outer loop
   vertex 500.000 1100.000 0.000
   vertex 600.000 1200.000 0.000
   vertex 600.000 1100.000 0.000
  endloop
 endfacet
 facet normal 0.000000 0.000000 -1.000000
  outer loop
   vertex 500.000 1100.000 0.000
   vertex 500.000 1200.000 0.000
   vertex 600.000 1200.000 0.000
  endloop
 endfacet
 facet normal 0.000000 0.000000 -1.000000
  outer loop
   vertex 600.000 1100.000 0.000
   vertex 700.000 1200.000 0.000
   vertex 700.000 1100.000 0.000
  endloop
 endfacet
 facet normal 0.000000 0.000000 -1.000000
  outer loop
   vertex 600.000 1100.000 0.000
   vertex 600.000 1200.000 0.000
   vertex 700.000 1200.000 0.000
  endloop
 endfacet
 facet normal 0.000000 0.000000 -1.000000
  outer loop
   vertex 700.000 1100.000 0.000
   vertex 800.000 1200.000 0.000
   vertex 800.000 1100.000 0.000
  endloop
 endfacet
 facet normal 0.000000 0.000000 -1.000000
  outer loop
   vertex 700.000 1100.000 0.000
   vertex 700.000 1200.000 0.000
   vertex 800.000 1200.000 0.000
  endloop
 endfacet
 facet normal 0.000000 0.000000 -1.000000
  outer loop
   vertex 800.000 1100.000 0.000
   vertex 900.000 1200.000 0.000
   vertex 900.000 1100.000 0.000
  endloop
 endfacet
 facet normal 0.000000 0.000000 -1.000000
  outer loop
   vertex 800.000 1100.000 0.000
   vertex 800.000 1200.000 0.000
   vertex 900.000 1200.000 0.000
  endloop
 endfacet
 facet normal 0.000000 0.000000 -1.000000
  outer loop
   vertex 900.000 1100.000 0.000
   vertex 1000.000 1200.000 0.000
   vertex 1000.000 1100.000 0.000
  endloop
 endfacet
 facet normal 0.000000 0.000000 -1.000000
  outer loop
   vertex 900.000 1100.000 0.000
   vertex 900.000 1200.000 0.000
   vertex 1000.000 1200.000 0.000
  endloop
 endfacet
 facet normal 0.000000 0.000000 -1.000000
  outer loop
   vertex 1000.000 1100.000 0.000
   vertex 1100.000 1200.000 0.000
   vertex 1100.000 1100.000 0.000
  endloop
 endfacet
 facet normal 0.000000 0.000000 -1.000000
  outer loop
   vertex 1000.000 1100.000 0.000
   vertex 1000.000 1200.000 0.000
   vertex 1100.000 1200.000 0.000
  endloop
 endfacet
 facet normal 0.000000 0.000000 -1.000000
  outer loop
   vertex 1100.000 1100.000 0.000
   vertex 1200.000 1200.000 0.000
   vertex 1200.000 1100.000 0.000
  endloop
 endfacet
 facet normal 0.000000 0.000000 -1.000000
  outer loop
   vertex 1100.000 1100.000 0.000
   vertex 1100.000 1200.000 0.000
   vertex 1200.000 1200.000 0.000
  endloop
 endfacet
 facet normal 0.000000 0.000000 -1.000000
  outer loop
   vertex 1200.000 1100.000 0.000
   vertex 1300.000 1200.000 0.000
   vertex 1300.000 1100.000 0.000
  endloop
 endfacet
 facet normal 0.000000 0.000000 -1.000000
  outer loop
   vertex 1200.000 1100.000 0.000
   vertex 1200.000 1200.000 0.000
   vertex 1300.000 1200.000 0.000
  endloop
 endfacet
 facet normal 0.019737 -0.019737 -0.999610
  outer loop
   vertex 1300.000 1100.000 0.000
   vertex 1400.000 1200.000 0.000
   vertex 1400.000 1100.000 1.974
  endloop
 endfacet
 facet normal 0.000000 0.000000 -1.000000
  outer loop
   vertex 1300.000 1100.000 0.000
   vertex 1300.000 1200.000 0.000
   vertex 1400.000 1200.000 0.000
  endloop
 endfacet
 facet normal 0.029950 -0.049661 -0.998317
  outer loop
   vertex 1400.000 1100.000 1.974
   vertex 1500.000 1200.000 0.000
   vertex 1500.000 1100.000 4.974
  endloop
 endfacet
 facet normal 0.000000 -0.019741 -0.999805
  outer loop
   vertex 1400.000 1100.000 1.974
   vertex 1400.000 1200.000 0.000
   vertex 1500.000 1200.000 0.000
  endloop
 endfacet
 facet normal 0.029947 -0.051016 -0.998249
  outer loop
   vertex 1500.000 1100.000 4.974
   vertex 1600.000 1200.000 2.864
   vertex 1600.000 1100.000 7.974
  endloop
 endfacet
 facet normal 0.028592 -0.049663 -0.998357
  outer loop
   vertex 1500.000 1100.000 4.974
   vertex 1500.000 1200.000 0.000
   vertex 1600.000 1200.000 2.864
  endloop
 endfacet
 facet normal 0.029947 -0.051016 -0.998249
  outer loop
   vertex 1600.000 1100.000 7.974
   vertex 1700.000 1200.000 5.864
   vertex 1700.000 1100.000 10.974
  endloop
 endfacet
 facet normal 0.029947 -0.051016 -0.998249
  outer loop
   vertex 1600.000 1100.000 7.974
   vertex 1600.000 1200.000 2.864
   vertex 1700.000 1200.000 5.864
  endloop
 endfacet
 facet normal 0.029947 -0.051016 -0.998249
  outer loop
   vertex 1700.000 1100.000 10.974
   vertex 1800.000 1200.000 8.864
   vertex 1800.000 1100.000 13.974
  endloop
 endfacet
 facet normal 0.029947 -0.051016 -0.998249
  outer loop
   vertex 1700.000 1100.000 10.974
   vertex 1700.000 1200.000 5.864
   vertex 1800.000 1200.000 8.864
  endloop
 endfacet
 facet normal 0.029947 -0.051016 -0.998249
  outer loop
   vertex 1800.000 1100.000 13.974
   vertex 1900.000 1200.000 11.864
   vertex 1900.000 1100.000 16.974
  endloop
 endfacet
 facet normal 0.029947 -0.051016 -0.998249
  outer loop
   vertex 1800.000 1100.000 13.974
   vertex 1800.000 1200.000 8.864
   vertex 1900.000 1200.000 11.864
  endloop
 endfacet
 facet normal 0.029947 -0.051016 -0.998249
  outer loop
   vertex 1900.000 1100.000 16.974
   vertex 2000.000 1200.000 14.864
   vertex 2000.000 1100.000 19.974
  endloop
 endfacet
 facet normal 0.029947 -0.051016 -0.998249
  outer loop
   vertex 1900.000 1100.000 16.974
   vertex 1900.000 1200.000 11.864
   vertex 2000.000 1200.000 14.864
  endloop
 endfacet
 facet normal 0.000000 0.000000 -1.000000
  outer loop
   vertex 0.000 1200.000 0.000
   vertex 100.000 1300.000 0.000
   vertex 100.000 1200.000 0.000
  endloop
 endfacet
 facet normal 0.000000 0.000000 -1.000000
  outer loop
   vertex 0.000 1200.000 0.000
   vertex 0.000 1300.000 0.000
   vertex 100.000 1300.000 0.000
  endloop
 endfacet
 facet normal 0.000000 0.000000 -1.000000
  outer loop
   vertex 100.000 1200.000 0.000
   vertex 200.000 1300.000 0.000
   vertex 200.000 1200.000 0.000
  endloop
 endfacet
 facet normal 0.000000 0.000000 -1.000000
  outer loop
   vertex 100.000 1200.000 0.000
   vertex 100.000 1300.000 0.000
   vertex 200.000 1300.000 0.000
  endloop
 endfacet
 facet normal 0.000000 0.000000 -1.000000
  outer loop
   vertex 200.000 1200.000 0.000
   vertex 300.000 1300.000 0.000
   vertex 300.000 1200.000 0.000
  endloop
 endfacet
 facet normal 0.000000 0.000000 -1.000000
  outer loop
   vertex 200.000 1200.000 0.000
   vertex 200.000 1300.000 0.000
   vertex 300.000 1300.000 0.000
  endloop
 endfacet
 facet normal 0.000000 0.000000 -1.000000
  outer loop
   vertex 300.000 1200.000 0.000
   vertex 400.000 1300.000 0.000
   vertex 400.000 1200.000 0.000
  endloop
 endfacet
 facet normal 0.000000 0.000000 -1.000000
  outer loop
   vertex 300.000 1200.000 0.000
   vertex 300.000 1300.000 0.000
   vertex 400.000 1300.000 0.000
  endloop
 endfacet
 facet normal 0.000000 0.000000 -1.000000
  outer loop
   vertex 400.000 1200.000 0.000
   vertex 500.000 1300.000 0.000
   vertex 500.000 1200.000 0.000
  endloop
 endfacet
 facet normal 0.000000 0.000000 -1.000000
  outer loop
   vertex 400.000 1200.000 0.000
   vertex 400.000 1300.000 0.000
   vertex 500.000 1300.000 0.000
  endloop
 endfacet
 facet normal 0.000000 0.000000 -1.000000
  outer loop
   vertex 500.000 1200.000 0.000
   vertex 600.000 1300.000 0.000
   vertex 600.000 1200.000 0.000
  endloop
 endfacet
 facet normal 0.000000 0.000000 -1.000000
  outer loop
   vertex 500.000 1200.000 0.000
   vertex 500.000 1300.000 0.000
   vertex 600.000 1300.000 0.000
  endloop
 endfacet
 facet normal 0.000000 0.000000 -1.000000
  outer loop
   vertex 600.000 1200.000 0.000
   vertex 700.000 1300.000 0.000
   vertex 700.000 1200.000 0.000
  endloop
 endfacet
 facet normal 0.000000 0.000000 -1.000000
  outer loop
   vertex 600.000 1200.000 0.000
   vertex 600.000 1300.000 0.000
   vertex 700.000 1300.000 0.000
  endloop
 endfacet
 facet normal 0.000000 0.000000 -1.000000
  outer loop
   vertex 700.000 1200.000 0.000
   vertex 800.000 1300.000 0.000
   vertex 800.000 1200.000 0.000
  endloop
 endfacet
 facet normal 0.000000 0.000000 -1.000000
  outer loop
   vertex 700.000 1200.000 0.000
   vertex 700.000 1300.000 0.000
   vertex 800.000 1300.000 0.000
  endloop
 endfacet
 facet normal 0.000000 0.000000 -1.000000
  outer loop
   vertex 800.000 1200.000 0.000
   vertex 900.000 1300.000 0.000
   vertex 900.000 1200.000 0.000
  endloop
 endfacet
 facet normal 0.000000 0.000000 -1.000000
  outer loop
   vertex 800.000 1200.000 0.000
   vertex 800.000 1300.000 0.000
   vertex 900.000 1300.000 0.000
  endloop
 endfacet
 facet normal 0.000000 0.000000 -1.000000
  outer loop
   vertex 900.000 1200.000 0.000
   vertex 1000.000 1300.000 0.000
   vertex 1000.000 1200.000 0.000
  endloop
 endfacet
 facet normal 0.000000 0.000000 -1.000000
  outer loop
   vertex 900.000 1200.000 0.000
   vertex 900.000 1300.000 0.000
   vertex 1000.000 1300.000 0.000
  endloop
 endfacet
 facet normal 0.000000 0.000000 -1.000000
  outer loop
   vertex 1000.000 1200.000 0.000
   vertex 1100.000 1300.000 0.000
   vertex 1100.000 1200.000 0.000
  endloop
 endfacet
 facet normal 0.000000 0.000000 -1.000000
  outer loop
   vertex 1000.000 1200.000 0.000
   vertex 1000.000 1300.000 0.000
   vertex 1100.000 1300.000 0.000
  endloop
 endfacet
 facet normal 0.000000 0.000000 -1.000000
  outer loop
   vertex 1100.000 1200.000 0.000
   vertex 1200.000 1300.000 0.000
   vertex 1200.000 1200.000 0.000
  endloop
 endfacet
 facet normal 0.000000 0.000000 -1.000000
  outer loop
   vertex 1100.000 1200.000 0.000
   vertex 1100.000 1300.000 0.000
   vertex 1200.000 1300.000 0.000
  endloop
 endfacet
 facet normal 0.000000 0.000000 -1.000000
  outer loop
   vertex 1200.000 1200.000 0.000
   vertex 1300.000 1300.000 0.000
   vertex 1300.000 1200.000 0.000
  endloop
 endfacet
 facet normal 0.000000 0.000000 -1.000000
  outer loop
   vertex 1200.000 1200.000 0.000
   vertex 1200.000 1300.000 0.000
   vertex 1300.000 1300.000 0.000
  endloop
 endfacet
 facet normal 0.000000 0.000000 -1.000000
  outer loop
   vertex 1300.000 1200.000 0.000
   vertex 1400.000 1300.000 0.000
   vertex 1400.000 1200.000 0.000
  endloop
 endfacet
 facet normal 0.000000 0.000000 -1.000000
  outer loop
   vertex 1300.000 1200.000 0.000
   vertex 1300.000 1300.000 0.000
   vertex 1400.000 1300.000 0.000
  endloop
 endfacet
 facet normal 0.000000 0.000000 -1.000000
  outer loop
   vertex 1400.000 1200.000 0.000
   vertex 1500.000 1300.000 0.000
   vertex 1500.000 1200.000 0.000
  endloop
 endfacet
 facet normal 0.000000 0.000000 -1.000000
  outer loop
   vertex 1400.000 1200.000 0.000
   vertex 1400.000 1300.000 0.000
   vertex 1500.000 1300.000 0.000
  endloop
 endfacet
 facet normal 0.028616 -0.028616 -0.999181
  outer loop
   vertex 1500.000 1200.000 0.000
   vertex 1600.000 1300.000 0.000
   vertex 1600.000 1200.000 2.864
  endloop
 endfacet
 facet normal 0.000000 0.000000 -1.000000
  outer loop
   vertex 1500.000 1200.000 0.000
   vertex 1500.000 1300.000 0.000
   vertex 1600.000 1300.000 0.000
  endloop
 endfacet
 facet normal 0.029969 -0.034407 -0.998958
  outer loop
   vertex 1600.000 1200.000 2.864
   vertex 1700.000 1300.000 2.420
   vertex 1700.000 1200.000 5.864
  endloop
 endfacet
 facet normal 0.024180 -0.028619 -0.999298
  outer loop
   vertex 1600.000 1200.000 2.864
   vertex 1600.000 1300.000 0.000
   vertex 1700.000 1300.000 2.420
  endloop
 endfacet
 facet normal 0.029969 -0.034407 -0.998958
  outer loop
   vertex 1700.000 1200.000 5.864
   vertex 1800.000 1300.000 5.420
   vertex 1800.000 1200.000 8.864
  endloop
 endfacet
 facet normal 0.029969 -0.034407 -0.998958
  outer loop
   vertex 1700.000 1200.000 5.864
   vertex 1700.000 1300.000 2.420
   vertex 1800.000 1300.000 5.420
  endloop
 endfacet
 facet normal 0.029969 -0.034407 -0.998958
  outer loop
   vertex 1800.000 1200.000 8.864
   vertex 1900.000 1300.000 8.420
   vertex 1900.000 1200.000 11.864
  endloop
 endfacet
 facet normal 0.029969 -0.034407 -0.998958
  outer loop
   vertex 1800.000 1200.000 8.864
   vertex 1800.000 1300.000 5.420
   vertex 1900.000 1300.000 8.420
  endloop
 endfacet
 facet normal 0.029969 -0.034407 -0.998958
  outer loop
   vertex 1900.000 1200.000 11.864
   vertex 2000.000 1300.000 11.420
   vertex 2000.000 1200.000 14.864
  endloop
 endfacet
 facet normal 0.029969 -0.034407 -0.998958
  outer loop
   vertex 1900.000 1200.000 11.864
   vertex 1900.000 1300.000 8.420
   vertex 2000.000 1300.000 11.420
  endloop
 endfacet
 facet normal 0.000000 0.000000 -1.000000
  outer loop
   vertex 0.000 1300.000 0.000
   vertex 100.000 1400.000 0.000
   vertex 100.000 1300.000 0.000
  endloop
 endfacet
 facet normal 0.000000 0.000000 -1.000000
  outer loop
   vertex 0.000 1300.000 0.000
   vertex 0.000 1400.000 0.000
   vertex 100.000 1400.000 0.000
  endloop
 endfacet
 facet normal 0.000000 0.000000 -1.000000
  outer loop
   vertex 100.000 1300.000 0.000
   vertex 200.000 1400.000 0.000
   vertex 200.000 1300.000 0.000
  endloop
 endfacet
 facet normal 0.000000 0.000000 -1.000000
  outer loop
   vertex 100.000 1300.000 0.000
   vertex 100.000 1400.000 0.000
   vertex 200.000 1400.000 0.000
  endloop
 endfacet
 facet normal 0.000000 0.000000 -1.000000
  outer loop
   vertex 200.000 1300.000 0.000
   vertex 300.000 1400.000 0.000
   vertex 300.000 1300.000 0.000
  endloop
 endfacet
 facet normal 0.000000 0.000000 -1.000000
  outer loop
   vertex 200.000 1300.000 0.000
   vertex 200.000 1400.000 0.000
   vertex 300.000 1400.000 0.000
  endloop
 endfacet
 facet normal 0.000000 0.000000 -1.000000
  outer loop
   vertex 300.000 1300.000 0.000
   vertex 400.000 1400.000 0.000
   vertex 400.000 1300.000 0.000
  endloop
 endfacet
 facet normal 0.000000 0.000000 -1.000000
  outer loop
   vertex 300.000 1300.000 0.000
   vertex 300.000 1400.000 0.000
   vertex 400.000 1400.000 0.000
  endloop
 endfacet
 facet normal 0.000000 0.000000 -1.000000
  outer loop
   vertex 400.000 1300.000 0.000
   vertex 500.000 1400.000 0.000
   vertex 500.000 1300.000 0.000
  endloop
 endfacet
 facet normal 0.000000 0.000000 -1.000000
  outer loop
   vertex 400.000 1300.000 0.000
   vertex 400.000 1400.000 0.000
   vertex 500.000 1400.000 0.000
  endloop
 endfacet
 facet normal 0.000000 0.000000 -1.000000
  outer loop
   vertex 500.000 1300.000 0.000
   vertex 600.000 1400.000 0.000
   vertex 600.000 1300.000 0.000
  endloop
 endfacet
 facet normal 0.000000 0.000000 -1.000000
  outer loop
   vertex 500.000 1300.000 0.000
   vertex 500.000 1400.000 0.000
   vertex 600.000 1400.000 0.000
  endloop
 endfacet
 facet normal 0.000000 0.000000 -1.000000
  outer loop
   vertex 600.000 1300.000 0.000
   vertex 700.000 1400.000 0.000
   vertex 700.000 1300.000 0.000
  endloop
 endfacet
 facet normal 0.000000 0.000000 -1.000000
  outer loop
   vertex 600.000 1300.000 0.000
   vertex 600.000 1400.000 0.000
   vertex 700.000 1400.000 0.000
  endloop
 endfacet
 facet normal 0.000000 0.000000 -1.000000
  outer loop
   vertex 700.000 1300.000 0.000
   vertex 800.000 1400.000 0.000
   vertex 800.000 1300.000 0.000
  endloop
 endfacet
 facet normal 0.000000 0.000000 -1.000000
  outer loop
   vertex 700.000 1300.000 0.000
   vertex 700.000 1400.000 0.000
   vertex 800.000 1400.000 0.000
  endloop
 endfacet
 facet normal 0.000000 0.000000 -1.000000
  outer loop
   vertex 800.000 1300.000 0.000
   vertex 900.000 1400.000 0.000
   vertex 900.000 1300.000 0.000
  endloop
 endfacet
 facet normal 0.000000 0.000000 -1.000000
  outer loop
   vertex 800.000 1300.000 0.000
   vertex 800.000 1400.000 0.000
   vertex 900.000 1400.000 0.000
  endloop
 endfacet
 facet normal 0.000000 0.000000 -1.000000
  outer loop
   vertex 900.000 1300.000 0.000
   vertex 1000.000 1400.000 0.000
   vertex 1000.000 1300.000 0.000
  endloop
 endfacet
 facet normal 0.000000 0.000000 -1.000000
  outer loop
   vertex 900.000 1300.000 0.000
   vertex 900.000 1400.000 0.000
   vertex 1000.000 1400.000 0.000
  endloop
 endfacet
 facet normal 0.000000 0.000000 -1.000000
  outer loop
   vertex 1000.000 1300.000 0.000
   vertex 1100.000 1400.000 0.000
   vertex 1100.000 1300.000 0.000
  endloop
 endfacet
 facet normal 0.000000 0.000000 -1.000000
  outer loop
   vertex 1000.000 1300.000 0.000
   vertex 1000.000 1400.000 0.000
   vertex 1100.000 1400.000 0.000
  endloop
 endfacet
 facet normal 0.000000 0.000000 -1.000000
  outer loop
   vertex 1100.000 1300.000 0.000
   vertex 1200.000 1400.000 0.000
   vertex 1200.000 1300.000 0.000
  endloop
 endfacet
 facet normal 0.000000 0.000000 -1.000000
  outer loop
   vertex 1100.000 1300.000 0.000
   vertex 1100.000 1400.000 0.000
   vertex 1200.000 1400.000 0.000
  endloop
 endfacet
 facet normal 0.000000 0.000000 -1.000000
  outer loop
   vertex 1200.000 1300.000 0.000
   vertex 1300.000 1400.000 0.000
   vertex 1300.000 1300.000 0.000
  endloop
 endfacet
 facet normal 0.000000 0.000000 -1.000000
  outer loop
   vertex 1200.000 1300.000 0.000
   vertex 1200.000 1400.000 0.000
   vertex 1300.000 1400.000 0.000
  endloop
 endfacet
 facet normal 0.000000 0.000000 -1.000000
  outer loop
   vertex 1300.000 1300.000 0.000
   vertex 1400.000 1400.000 0.000
   vertex 1400.000 1300.000 0.000
  endloop
 endfacet
 facet normal 0.000000 0.000000 -1.000000
  outer loop
   vertex 1300.000 1300.000 0.000
   vertex 1300.000 1400.000 0.000
   vertex 1400.000 1400.000 0.000
  endloop
 endfacet
 facet normal 0.000000 0.000000 -1.000000
  outer loop
   vertex 1400.000 1300.000 0.000
   vertex 1500.000 1400.000 0.000
   vertex 1500.000 1300.000 0.000
  endloop
 endfacet
 facet normal 0.000000 0.000000 -1.000000
  outer loop
   vertex 1400.000 1300.000 0.000
   vertex 1400.000 1400.000 0.000
   vertex 1500.000 1400.000 0.000
  endloop
 endfacet
 facet normal 0.000000 0.000000 -1.000000
  outer loop
   vertex 1500.000 1300.000 0.000
   vertex 1600.000 1400.000 0.000
   vertex 1600.000 1300.000 0.000
  endloop
 endfacet
 facet normal 0.000000 0.000000 -1.000000
  outer loop
   vertex 1500.000 1300.000 0.000
   vertex 1500.000 1400.000 0.000
   vertex 1600.000 1400.000 0.000
  endloop
 endfacet
 facet normal 0.024188 -0.013983 -0.999610
  outer loop
   vertex 1600.000 1300.000 0.000
   vertex 1700.000 1400.000 1.021
   vertex 1700.000 1300.000 2.420
  endloop
 endfacet
 facet normal 0.010208 0.000000 -0.999948
  outer loop
   vertex 1600.000 1300.000 0.000
   vertex 1600.000 1400.000 0.000
   vertex 1700.000 1400.000 1.021
  endloop
 endfacet
 facet normal 0.029984 -0.013980 -0.999453
  outer loop
   vertex 1700.000 1300.000 2.420
   vertex 1800.000 1400.000 4.021
   vertex 1800.000 1300.000 5.420
  endloop
 endfacet
 facet normal 0.029984 -0.013980 -0.999453
  outer loop
   vertex 1700.000 1300.000 2.420
   vertex 1700.000 1400.000 1.021
   vertex 1800.000 1400.000 4.021
  endloop
 endfacet
 facet normal 0.029984 -0.013980 -0.999453
  outer loop
   vertex 1800.000 1300.000 5.420
   vertex 1900.000 1400.000 7.021
   vertex 1900.000 1300.000 8.420
  endloop
 endfacet
 facet normal 0.029984 -0.013980 -0.999453
  outer loop
   vertex 1800.000 1300.000 5.420
   vertex 1800.000 1400.000 4.021
   vertex 1900.000 1400.000 7.021
  endloop
 endfacet
 facet normal 0.029984 -0.013980 -0.999453
  outer loop
   vertex 1900.000 1300.000 8.420
   vertex 2000.000 1400.000 10.021
   vertex 2000.000 1300.000 11.420
  endloop
 endfacet
 facet normal 0.029984 -0.013980 -0.999453
  outer loop
   vertex 1900.000 1300.000 8.420
   vertex 1900.000 1400.000 7.021
   vertex 2000.000 1400.000 10.021
  endloop
 endfacet
 facet normal 0.000000 0.000000 -1.000000
  outer loop
   vertex 0.000 1400.000 0.000
   vertex 100.000 1500.000 0.000
   vertex 100.000 1400.000 0.000
  endloop
 endfacet
 facet normal 0.000000 0.000000 -1.000000
  outer loop
   vertex 0.000 1400.000 0.000
   vertex 0.000 1500.000 0.000
   vertex 100.000 1500.000 0.000
  endloop
 endfacet
 facet normal 0.000000 0.000000 -1.000000
  outer loop
   vertex 100.000 1400.000 0.000
   vertex 200.000 1500.000 0.000
   vertex 200.000 1400.000 0.000
  endloop
 endfacet
 facet normal 0.000000 0.000000 -1.000000
  outer loop
   vertex 100.000 1400.000 0.000
   vertex 100.000 1500.000 0.000
   vertex 200.000 1500.000 0.000
  endloop
 endfacet
 facet normal 0.000000 0.000000 -1.000000
  outer loop
   vertex 200.000 1400.000 0.000
   vertex 300.000 1500.000 0.000
   vertex 300.000 1400.000 0.000
  endloop
 endfacet
 facet normal 0.000000 0.000000 -1.000000
  outer loop
   vertex 200.000 1400.000 0.000
   vertex 200.000 1500.000 0.000
   vertex 300.000 1500.000 0.000
  endloop
 endfacet
 facet normal 0.000000 0.000000 -1.000000
  outer loop
   vertex 300.000 1400.000 0.000
   vertex 400.000 1500.000 0.000
   vertex 400.000 1400.000 0.000
  endloop
 endfacet
 facet normal 0.000000 0.000000 -1.000000
  outer loop
   vertex 300.000 1400.000 0.000
   vertex 300.000 1500.000 0.000
   vertex 400.000 1500.000 0.000
  endloop
 endfacet
 facet normal 0.000000 0.000000 -1.000000
  outer loop
   vertex 400.000 1400.000 0.000
   vertex 500.000 1500.000 0.000
   vertex 500.000 1400.000 0.000
  endloop
 endfacet
 facet normal 0.000000 0.000000 -1.000000
  outer loop
   vertex 400.000 1400.000 0.000
   vertex 400.000 1500.000 0.000
   vertex 500.000 1500.000 0.000
  endloop
 endfacet
 facet normal 0.000000 0.000000 -1.000000
  outer loop
   vertex 500.000 1400.000 0.000
   vertex 600.000 1500.000 0.000
   vertex 600.000 1400.000 0.000
  endloop
 endfacet
 facet normal 0.000000 0.000000 -1.000000
  outer loop
   vertex 500.000 1400.000 0.000
   vertex 500.000 1500.000 0.000
   vertex 600.000 1500.000 0.000
  endloop
 endfacet
 facet normal 0.000000 0.000000 -1.000000
  outer loop
   vertex 600.000 1400.000 0.000
   vertex 700.000 1500.000 0.000
   vertex 700.000 1400.000 0.000
  endloop
 endfacet
 facet normal 0.000000 0.000000 -1.000000
  outer loop
   vertex 600.000 1400.000 0.000
   vertex 600.000 1500.000 0.000
   vertex 700.000 1500.000 0.000
  endloop
 endfacet
 facet normal 0.000000 0.000000 -1.000000
  outer loop
   vertex 700.000 1400.000 0.000
   vertex 800.000 1500.000 0.000
   vertex 800.000 1400.000 0.000
  endloop
 endfacet
 facet normal 0.000000 0.000000 -1.000000
  outer loop
   vertex 700.000 1400.000 0.000
   vertex 700.000 1500.000 0.000
   vertex 800.000 1500.000 0.000
  endloop
 endfacet
 facet normal 0.000000 0.000000 -1.000000
  outer loop
   vertex 800.000 1400.000 0.000
   vertex 900.000 1500.000 0.000
   vertex 900.000 1400.000 0.000
  endloop
 endfacet
 facet normal 0.000000 0.000000 -1.000000
  outer loop
   vertex 800.000 1400.000 0.000
   vertex 800.000 1500.000 0.000
   vertex 900.000 1500.000 0.000
  endloop
 endfacet
 facet normal 0.000000 0.000000 -1.000000
  outer loop
   vertex 900.000 1400.000 0.000
   vertex 1000.000 1500.000 0.000
   vertex 1000.000 1400.000 0.000
  endloop
 endfacet
 facet normal 0.000000 0.000000 -1.000000
  outer loop
   vertex 900.000 1400.000 0.000
   vertex 900.000 1500.000 0.000
   vertex 1000.000 1500.000 0.000
  endloop
 endfacet
 facet normal 0.000000 0.000000 -1.000000
  outer loop
   vertex 1000.000 1400.000 0.000
   vertex 1100.000 1500.000 0.000
   vertex 1100.000 1400.000 0.000
  endloop
 endfacet
 facet normal 0.000000 0.000000 -1.000000
  outer loop
   vertex 1000.000 1400.000 0.000
   vertex 1000.000 1500.000 0.000
   vertex 1100.000 1500.000 0.000
  endloop
 endfacet
 facet normal 0.000000 0.000000 -1.000000
  outer loop
   vertex 1100.000 1400.000 0.000
   vertex 1200.000 1500.000 0.000
   vertex 1200.000 1400.000 0.000
  endloop
 endfacet
 facet normal 0.000000 0.000000 -1.000000
  outer loop
   vertex 1100.000 1400.000 0.000
   vertex 1100.000 1500.000 0.000
   vertex 1200.000 1500.000 0.000
  endloop
 endfacet
 facet normal 0.000000 0.000000 -1.000000
  outer loop
   vertex 1200.000 1400.000 0.000
   vertex 1300.000 1500.000 0.000
   vertex 1300.000 1400.000 0.000
  endloop
 endfacet
 facet normal 0.000000 0.000000 -1.000000
  outer loop
   vertex 1200.000 1400.000 0.000
   vertex 1200.000 1500.000 0.000
   vertex 1300.000 1500.000 0.000
  endloop
 endfacet
 facet normal 0.000000 0.000000 -1.000000
  outer loop
   vertex 1300.000 1400.000 0.000
   vertex 1400.000 1500.000 0.000
   vertex 1400.000 1400.000 0.000
  endloop
 endfacet
 facet normal 0.000000 0.000000 -1.000000
  outer loop
   vertex 1300.000 1400.000 0.000
   vertex 1300.000 1500.000 0.000
   vertex 1400.000 1500.000 0.000
  endloop
 endfacet
 facet normal 0.000000 0.000000 -1.000000
  outer loop
   vertex 1400.000 1400.000 0.000
   vertex 1500.000 1500.000 0.000
   vertex 1500.000 1400.000 0.000
  endloop
 endfacet
 facet normal 0.000000 0.000000 -1.000000
  outer loop
   vertex 1400.000 1400.000 0.000
   vertex 1400.000 1500.000 0.000
   vertex 1500.000 1500.000 0.000
  endloop
 endfacet
 facet normal 0.000000 0.000000 -1.000000
  outer loop
   vertex 1500.000 1400.000 0.000
   vertex 1600.000 1500.000 0.000
   vertex 1600.000 1400.000 0.000
  endloop
 endfacet
 facet normal 0.000000 0.000000 -1.000000
  outer loop
   vertex 1500.000 1400.000 0.000
   vertex 1500.000 1500.000 0.000
   vertex 1600.000 1500.000 0.000
  endloop
 endfacet
 facet normal 0.010208 0.008005 -0.999916
  outer loop
   vertex 1600.000 1400.000 0.000
   vertex 1700.000 1500.000 1.822
   vertex 1700.000 1400.000 1.021
  endloop
 endfacet
 facet normal 0.018212 0.000000 -0.999834
  outer loop
   vertex 1600.000 1400.000 0.000
   vertex 1600.000 1500.000 0.000
   vertex 1700.000 1500.000 1.822
  endloop
 endfacet
 facet normal 0.029986 0.008002 -0.999518
  outer loop
   vertex 1700.000 1400.000 1.021
   vertex 1800.000 1500.000 4.822
   vertex 1800.000 1400.000 4.021
  endloop
 endfacet
 facet normal 0.029986 0.008002 -0.999518
  outer loop
   vertex 1700.000 1400.000 1.021
   vertex 1700.000 1500.000 1.822
   vertex 1800.000 1500.000 4.822
  endloop
 endfacet
 facet normal 0.029986 0.008002 -0.999518
  outer loop
   vertex 1800.000 1400.000 4.021
   vertex 1900.000 1500.000 7.822
   vertex 1900.000 1400.000 7.021
  endloop
 endfacet
 facet normal 0.029986 0.008002 -0.999518
  outer loop
   vertex 1800.000 1400.000 4.021
   vertex 1800.000 1500.000 4.822
   vertex 1900.000 1500.000 7.822
  endloop
 endfacet
 facet normal 0.029986 0.008002 -0.999518
  outer loop
   vertex 1900.000 1400.000 7.021
   vertex 2000.000 1500.000 10.822
   vertex 2000.000 1400.000 10.021
  endloop
 endfacet
 facet normal 0.029986 0.008002 -0.999518
  outer loop
   vertex 1900.000 1400.000 7.021
   vertex 1900.000 1500.000 7.822
   vertex 2000.000 1500.000 10.822
  endloop
 endfacet
 facet normal 0.000000 0.000000 -1.000000
  outer loop
   vertex 0.000 1500.000 0.000
   vertex 100.000 1600.000 0.000
   vertex 100.000 1500.000 0.000
  endloop
 endfacet
 facet normal 0.000000 0.000000 -1.000000
  outer loop
   vertex 0.000 1500.000 0.000
   vertex 0.000 1600.000 0.000
   vertex 100.000 1600.000 0.000
  endloop
 endfacet
 facet normal 0.000000 0.000000 -1.000000
  outer loop
   vertex 100.000 1500.000 0.000
   vertex 200.000 1600.000 0.000
   vertex 200.000 1500.000 0.000
  endloop
 endfacet
 facet normal 0.000000 0.000000 -1.000000
  outer loop
   vertex 100.000 1500.000 0.000
   vertex 100.000 1600.000 0.000
   vertex 200.000 1600.000 0.000
  endloop
 endfacet
 facet normal 0.000000 0.000000 -1.000000
  outer loop
   vertex 200.000 1500.000 0.000
   vertex 300.000 1600.000 0.000
   vertex 300.000 1500.000 0.000
  endloop
 endfacet
 facet normal 0.000000 0.000000 -1.000000
  outer loop
   vertex 200.000 1500.000 0.000
   vertex 200.000 1600.000 0.000
   vertex 300.000 1600.000 0.000
  endloop
 endfacet
 facet normal 0.000000 0.000000 -1.000000
  outer loop
   vertex 300.000 1500.000 0.000
   vertex 400.000 1600.000 0.000
   vertex 400.000 1500.000 0.000
  endloop
 endfacet
 facet normal 0.000000 0.000000 -1.000000
  outer loop
   vertex 300.000 1500.000 0.000
   vertex 300.000 1600.000 0.000
   vertex 400.000 1600.000 0.000
  endloop
 endfacet
 facet normal 0.000000 0.000000 -1.000000
  outer loop
   vertex 400.000 1500.000 0.000
   vertex 500.000 1600.000 0.000
   vertex 500.000 1500.000 0.000
  endloop
 endfacet
 facet normal 0.000000 0.000000 -1.000000
  outer loop
   vertex 400.000 1500.000 0.000
   vertex 400.000 1600.000 0.000
   vertex 500.000 1600.000 0.000
  endloop
 endfacet
 facet normal 0.000000 0.000000 -1.000000
  outer loop
   vertex 500.000 1500.000 0.000
   vertex 600.000 1600.000 0.000
   vertex 600.000 1500.000 0.000
  endloop
 endfacet
 facet normal 0.000000 0.000000 -1.000000
  outer loop
   vertex 500.000 1500.000 0.000
   vertex 500.000 1600.000 0.000
   vertex 600.000 1600.000 0.000
  endloop
 endfacet
 facet normal 0.000000 0.000000 -1.000000
  outer loop
   vertex 600.000 1500.000 0.000
   vertex 700.000 1600.000 0.000
   vertex 700.000 1500.000 0.000
  endloop
 endfacet
 facet normal 0.000000 0.000000 -1.000000
  outer loop
   vertex 600.000 1500.000 0.000
   vertex 600.000 1600.000 0.000
   vertex 700.000 1600.000 0.000
  endloop
 endfacet
 facet normal 0.000000 0.000000 -1.000000
  outer loop
   vertex 700.000 1500.000 0.000
   vertex 800.000 1600.000 0.000
   vertex 800.000 1500.000 0.000
  endloop
 endfacet
 facet normal 0.000000 0.000000 -1.000000
  outer loop
   vertex 700.000 1500.000 0.000
   vertex 700.000 1600.000 0.000
   vertex 800.000 1600.000 0.000
  endloop
 endfacet
 facet normal 0.000000 0.000000 -1.000000
  outer loop
   vertex 800.000 1500.000 0.000
   vertex 900.000 1600.000 0.000
   vertex 900.000 1500.000 0.000
  endloop
 endfacet
 facet normal 0.000000 0.000000 -1.000000
  outer loop
   vertex 800.000 1500.000 0.000
   vertex 800.000 1600.000 0.000
   vertex 900.000 1600.000 0.000
  endloop
 endfacet
 facet normal 0.000000 0.000000 -1.000000
  outer loop
   vertex 900.000 1500.000 0.000
   vertex 1000.000 1600.000 0.000
   vertex 1000.000 1500.000 0.000
  endloop
 endfacet
 facet normal 0.000000 0.000000 -1.000000
  outer loop
   vertex 900.000 1500.000 0.000
   vertex 900.000 1600.000 0.000
   vertex 1000.000 1600.000 0.000
  endloop
 endfacet
 facet normal 0.000000 0.000000 -1.000000
  outer loop
   vertex 1000.000 1500.000 0.000
   vertex 1100.000 1600.000 0.000
   vertex 1100.000 1500.000 0.000
  endloop
 endfacet
 facet normal 0.000000 0.000000 -1.000000
  outer loop
   vertex 1000.000 1500.000 0.000
   vertex 1000.000 1600.000 0.000
   vertex 1100.000 1600.000 0.000
  endloop
 endfacet
 facet normal 0.000000 0.000000 -1.000000
  outer loop
   vertex 1100.000 1500.000 0.000
   vertex 1200.000 1600.000 0.000
   vertex 1200.000 1500.000 0.000
  endloop
 endfacet
 facet normal 0.000000 0.000000 -1.000000
  outer loop
   vertex 1100.000 1500.000 0.000
   vertex 1100.000 1600.000 0.000
   vertex 1200.000 1600.000 0.000
  endloop
 endfacet
 facet normal 0.000000 0.000000 -1.000000
  outer loop
   vertex 1200.000 1500.000 0.000
   vertex 1300.000 1600.000 0.000
   vertex 1300.000 1500.000 0.000
  endloop
 endfacet
 facet normal 0.000000 0.000000 -1.000000
  outer loop
   vertex 1200.000 1500.000 0.000
   vertex 1200.000 1600.000 0.000
   vertex 1300.000 1600.000 0.000
  endloop
 endfacet
 facet normal 0.000000 0.000000 -1.000000
  outer loop
   vertex 1300.000 1500.000 0.000
   vertex 1400.000 1600.000 0.000
   vertex 1400.000 1500.000 0.000
  endloop
 endfacet
 facet normal 0.000000 0.000000 -1.000000
  outer loop
   vertex 1300.000 1500.000 0.000
   vertex 1300.000 1600.000 0.000
   vertex 1400.000 1600.000 0.000
  endloop
 endfacet
 facet normal 0.000000 0.000000 -1.000000
  outer loop
   vertex 1400.000 1500.000 0.000
   vertex 1500.000 1600.000 0.000
   vertex 1500.000 1500.000 0.000
  endloop
 endfacet
 facet normal 0.000000 0.000000 -1.000000
  outer loop
   vertex 1400.000 1500.000 0.000
   vertex 1400.000 1600.000 0.000
   vertex 1500.000 1600.000 0.000
  endloop
 endfacet
 facet normal 0.000000 0.017332 -0.999850
  outer loop
   vertex 1500.000 1500.000 0.000
   vertex 1600.000 1600.000 1.733
   vertex 1600.000 1500.000 0.000
  endloop
 endfacet
 facet normal 0.017332 0.000000 -0.999850
  outer loop
   vertex 1500.000 1500.000 0.000
   vertex 1500.000 1600.000 0.000
   vertex 1600.000 1600.000 1.733
  endloop
 endfacet
 facet normal 0.018204 0.029102 -0.999411
  outer loop
   vertex 1600.000 1500.000 0.000
   vertex 1700.000 1600.000 4.733
   vertex 1700.000 1500.000 1.822
  endloop
 endfacet
 facet normal 0.029982 0.017324 -0.999400
  outer loop
   vertex 1600.000 1500.000 0.000
   vertex 1600.000 1600.000 1.733
   vertex 1700.000 1600.000 4.733
  endloop
 endfacet
 facet normal 0.029974 0.029094 -0.999127
  outer loop
   vertex 1700.000 1500.000 1.822
   vertex 1800.000 1600.000 7.733
   vertex 1800.000 1500.000 4.822
  endloop
 endfacet
 facet normal 0.029974 0.029094 -0.999127
  outer loop
   vertex 1700.000 1500.000 1.822
   vertex 1700.000 1600.000 4.733
   vertex 1800.000 1600.000 7.733
  endloop
 endfacet
 facet normal 0.029974 0.029094 -0.999127
  outer loop
   vertex 1800.000 1500.000 4.822
   vertex 1900.000 1600.000 10.733
   vertex 1900.000 1500.000 7.822
  endloop
 endfacet
 facet normal 0.029974 0.029094 -0.999127
  outer loop
   vertex 1800.000 1500.000 4.822
   vertex 1800.000 1600.000 7.733
   vertex 1900.000 1600.000 10.733
  endloop
 endfacet
 facet normal 0.029974 0.029094 -0.999127
  outer loop
   vertex 1900.000 1500.000 7.822
   vertex 2000.000 1600.000 13.733
   vertex 2000.000 1500.000 10.822
  endloop
 endfacet
 facet normal 0.029974 0.029094 -0.999127
  outer loop
   vertex 1900.000 1500.000 7.822
   vertex 1900.000 1600.000 10.733
   vertex 2000.000 1600.000 13.733
  endloop
 endfacet
 facet normal 0.000000 0.000000 -1.000000
  outer loop
   vertex 0.000 1600.000 0.000
   vertex 100.000 1700.000 0.000
   vertex 100.000 1600.000 0.000
  endloop
 endfacet
 facet normal 0.000000 0.000000 -1.000000
  outer loop
   vertex 0.000 1600.000 0.000
   vertex 0.000 1700.000 0.000
   vertex 100.000 1700.000 0.000
  endloop
 endfacet
 facet normal 0.000000 0.000000 -1.000000
  outer loop
   vertex 100.000 1600.000 0.000
   vertex 200.000 1700.000 0.000
   vertex 200.000 1600.000 0.000
  endloop
 endfacet
 facet normal 0.000000 0.000000 -1.000000
  outer loop
   vertex 100.000 1600.000 0.000
   vertex 100.000 1700.000 0.000
   vertex 200.000 1700.000 0.000
  endloop
 endfacet
 facet normal 0.000000 0.000000 -1.000000
  outer loop
   vertex 200.000 1600.000 0.000
   vertex 300.000 1700.000 0.000
   vertex 300.000 1600.000 0.000
  endloop
 endfacet
 facet normal 0.000000 0.000000 -1.000000
  outer loop
   vertex 200.000 1600.000 0.000
   vertex 200.000 1700.000 0.000
   vertex 300.000 1700.000 0.000
  endloop
 endfacet
 facet normal 0.000000 0.000000 -1.000000
  outer loop
   vertex 300.000 1600.000 0.000
   vertex 400.000 1700.000 0.000
   vertex 400.000 1600.000 0.000
  endloop
 endfacet
 facet normal 0.000000 0.000000 -1.000000
  outer loop
   vertex 300.000 1600.000 0.000
   vertex 300.000 1700.000 0.000
   vertex 400.000 1700.000 0.000
  endloop
 endfacet
 facet normal 0.000000 0.000000 -1.000000
  outer loop
   vertex 400.000 1600.000 0.000
   vertex 500.000 1700.000 0.000
   vertex 500.000 1600.000 0.000
  endloop
 endfacet
 facet normal 0.000000 0.000000 -1.000000
  outer loop
   vertex 400.000 1600.000 0.000
   vertex 400.000 1700.000 0.000
   vertex 500.000 1700.000 0.000
  endloop
 endfacet
 facet normal 0.000000 0.000000 -1.000000
  outer loop
   vertex 500.000 1600.000 0.000
   vertex 600.000 1700.000 0.000
   vertex 600.000 1600.000 0.000
  endloop
 endfacet
 facet normal 0.000000 0.000000 -1.000000
  outer loop
   vertex 500.000 1600.000 0.000
   vertex 500.000 1700.000 0.000
   vertex 600.000 1700.000 0.000
  endloop
 endfacet
 facet normal 0.000000 0.000000 -1.000000
  outer loop
   vertex 600.000 1600.000 0.000
   vertex 700.000 1700.000 0.000
   vertex 700.000 1600.000 0.000
  endloop
 endfacet
 facet normal 0.000000 0.000000 -1.000000
  outer loop
   vertex 600.000 1600.000 0.000
   vertex 600.000 1700.000 0.000
   vertex 700.000 1700.000 0.000
  endloop
 endfacet
 facet normal 0.000000 0.000000 -1.000000
  outer loop
   vertex 700.000 1600.000 0.000
   vertex 800.000 1700.000 0.000
   vertex 800.000 1600.000 0.000
  endloop
 endfacet
 facet normal 0.000000 0.000000 -1.000000
  outer loop
   vertex 700.000 1600.000 0.000
   vertex 700.000 1700.000 0.000
   vertex 800.000 1700.000 0.000
  endloop
 endfacet
 facet normal 0.000000 0.000000 -1.000000
  outer loop
   vertex 800.000 1600.000 0.000
   vertex 900.000 1700.000 0.000
   vertex 900.000 1600.000 0.000
  endloop
 endfacet
 facet normal 0.000000 0.000000 -1.000000
  outer loop
   vertex 800.000 1600.000 0.000
   vertex 800.000 1700.000 0.000
   vertex 900.000 1700.000 0.000
  endloop
 endfacet
 facet normal 0.000000 0.000000 -1.000000
  outer loop
   vertex 900.000 1600.000 0.000
   vertex 1000.000 1700.000 0.000
   vertex 1000.000 1600.000 0.000
  endloop
 endfacet
 facet normal 0.000000 0.000000 -1.000000
  outer loop
   vertex 900.000 1600.000 0.000
   vertex 900.000 1700.000 0.000
   vertex 1000.000 1700.000 0.000
  endloop
 endfacet
 facet normal 0.000000 0.000000 -1.000000
  outer loop
   vertex 1000.000 1600.000 0.000
   vertex 1100.000 1700.000 0.000
   vertex 1100.000 1600.000 0.000
  endloop
 endfacet
 facet normal 0.000000 0.000000 -1.000000
  outer loop
   vertex 1000.000 1600.000 0.000
   vertex 1000.000 1700.000 0.000
   vertex 1100.000 1700.000 0.000
  endloop
 endfacet
 facet normal 0.000000 0.000000 -1.000000
  outer loop
   vertex 1100.000 1600.000 0.000
   vertex 1200.000 1700.000 0.000
   vertex 1200.000 1600.000 0.000
  endloop
 endfacet
 facet normal 0.000000 0.000000 -1.000000
  outer loop
   vertex 1100.000 1600.000 0.000
   vertex 1100.000 1700.000 0.000
   vertex 1200.000 1700.000 0.000
  endloop
 endfacet
 facet normal 0.000000 0.000000 -1.000000
  outer loop
   vertex 1200.000 1600.000 0.000
   vertex 1300.000 1700.000 0.000
   vertex 1300.000 1600.000 0.000
  endloop
 endfacet
 facet normal 0.000000 0.000000 -1.000000
  outer loop
   vertex 1200.000 1600.000 0.000
   vertex 1200.000 1700.000 0.000
   vertex 1300.000 1700.000 0.000
  endloop
 endfacet
 facet normal 0.000000 0.004360 -0.999990
  outer loop
   vertex 1300.000 1600.000 0.000
   vertex 1400.000 1700.000 0.436
   vertex 1400.000 1600.000 0.000
  endloop
 endfacet
 facet normal 0.004360 0.000000 -0.999990
  outer loop
   vertex 1300.000 1600.000 0.000
   vertex 1300.000 1700.000 0.000
   vertex 1400.000 1700.000 0.436
  endloop
 endfacet
 facet normal 0.000000 0.034340 -0.999410
  outer loop
   vertex 1400.000 1600.000 0.000
   vertex 1500.000 1700.000 3.436
   vertex 1500.000 1600.000 0.000
  endloop
 endfacet
 facet normal 0.029986 0.004358 -0.999541
  outer loop
   vertex 1400.000 1600.000 0.000
   vertex 1400.000 1700.000 0.436
   vertex 1500.000 1700.000 3.436
  endloop
 endfacet
 facet normal 0.017312 0.046967 -0.998746
  outer loop
   vertex 1500.000 1600.000 0.000
   vertex 1600.000 1700.000 6.436
   vertex 1600.000 1600.000 1.733
  endloop
 endfacet
 facet normal 0.029969 0.034325 -0.998961
  outer loop
   vertex 1500.000 1600.000 0.000
   vertex 1500.000 1700.000 3.436
   vertex 1600.000 1700.000 6.436
  endloop
 endfacet
 facet normal 0.029953 0.046953 -0.998448
  outer loop
   vertex 1600.000 1600.000 1.733
   vertex 1700.000 1700.000 9.436
   vertex 1700.000 1600.000 4.733
  endloop
 endfacet
 facet normal 0.029953 0.046953 -0.998448
  outer loop
   vertex 1600.000 1600.000 1.733
   vertex 1600.000 1700.000 6.436
   vertex 1700.000 1700.000 9.436
  endloop
 endfacet
 facet normal 0.029953 0.046953 -0.998448
  outer loop
   vertex 1700.000 1600.000 4.733
   vertex 1800.000 1700.000 12.436
   vertex 1800.000 1600.000 7.733
  endloop
 endfacet
 facet normal 0.029953 0.046953 -0.998448
  outer loop
   vertex 1700.000 1600.000 4.733
   vertex 1700.000 1700.000 9.436
   vertex 1800.000 1700.000 12.436
  endloop
 endfacet
 facet normal 0.029953 0.046953 -0.998448
  outer loop
   vertex 1800.000 1600.000 7.733
   vertex 1900.000 1700.000 15.436
   vertex 1900.000 1600.000 10.733
  endloop
 endfacet
 facet normal 0.029953 0.046953 -0.998448
  outer loop
   vertex 1800.000 1600.000 7.733
   vertex 1800.000 1700.000 12.436
   vertex 1900.000 1700.000 15.436
  endloop
 endfacet
 facet normal 0.029953 0.046953 -0.998448
  outer loop
   vertex 1900.000 1600.000 10.733
   vertex 2000.000 1700.000 18.436
   vertex 2000.000 1600.000 13.733
  endloop
 endfacet
 facet normal 0.029953 0.046953 -0.998448
  outer loop
   vertex 1900.000 1600.000 10.733
   vertex 1900.000 1700.000 15.436
   vertex 2000.000 1700.000 18.436
  endloop
 endfacet
 facet normal 0.000000 0.000000 -1.000000
  outer loop
   vertex 0.000 1700.000 0.000
   vertex 100.000 1800.000 0.000
   vertex 100.000 1700.000 0.000
  endloop
 endfacet
 facet normal 0.000000 0.000000 -1.000000
  outer loop
   vertex 0.000 1700.000 0.000
   vertex 0.000 1800.000 0.000
   vertex 100.000 1800.000 0.000
  endloop
 endfacet
 facet normal 0.000000 0.000000 -1.000000
  outer loop
   vertex 100.000 1700.000 0.000
   vertex 200.000 1800.000 0.000
   vertex 200.000 1700.000 0.000
  endloop
 endfacet
 facet normal 0.000000 0.000000 -1.000000
  outer loop
   vertex 100.000 1700.000 0.000
   vertex 100.000 1800.000 0.000
   vertex 200.000 1800.000 0.000
  endloop
 endfacet
 facet normal 0.000000 0.000000 -1.000000
  outer loop
   vertex 200.000 1700.000 0.000
   vertex 300.000 1800.000 0.000
   vertex 300.000 1700.000 0.000
  endloop
 endfacet
 facet normal 0.000000 0.000000 -1.000000
  outer loop
   vertex 200.000 1700.000 0.000
   vertex 200.000 1800.000 0.000
   vertex 300.000 1800.000 0.000
  endloop
 endfacet
 facet normal 0.000000 0.000000 -1.000000
  outer loop
   vertex 300.000 1700.000 0.000
   vertex 400.000 1800.000 0.000
   vertex 400.000 1700.000 0.000
  endloop
 endfacet
 facet normal 0.000000 0.000000 -1.000000
  outer loop
   vertex 300.000 1700.000 0.000
   vertex 300.000 1800.000 0.000
   vertex 400.000 1800.000 0.000
  endloop
 endfacet
 facet normal 0.000000 0.000000 -1.000000
  outer loop
   vertex 400.000 1700.000 0.000
   vertex 500.000 1800.000 0.000
   vertex 500.000 1700.000 0.000
  endloop
 endfacet
 facet normal 0.000000 0.000000 -1.000000
  outer loop
   vertex 400.000 1700.000 0.000
   vertex 400.000 1800.000 0.000
   vertex 500.000 1800.000 0.000
  endloop
 endfacet
 facet normal 0.000000 0.000000 -1.000000
  outer loop
   vertex 500.000 1700.000 0.000
   vertex 600.000 1800.000 0.000
   vertex 600.000 1700.000 0.000
  endloop
 endfacet
 facet normal 0.000000 0.000000 -1.000000
  outer loop
   vertex 500.000 1700.000 0.000
   vertex 500.000 1800.000 0.000
   vertex 600.000 1800.000 0.000
  endloop
 endfacet
 facet normal 0.000000 0.000000 -1.000000
  outer loop
   vertex 600.000 1700.000 0.000
   vertex 700.000 1800.000 0.000
   vertex 700.000 1700.000 0.000
  endloop
 endfacet
 facet normal 0.000000 0.000000 -1.000000
  outer loop
   vertex 600.000 1700.000 0.000
   vertex 600.000 1800.000 0.000
   vertex 700.000 1800.000 0.000
  endloop
 endfacet
 facet normal 0.000000 0.000000 -1.000000
  outer loop
   vertex 700.000 1700.000 0.000
   vertex 800.000 1800.000 0.000
   vertex 800.000 1700.000 0.000
  endloop
 endfacet
 facet normal 0.000000 0.000000 -1.000000
  outer loop
   vertex 700.000 1700.000 0.000
   vertex 700.000 1800.000 0.000
   vertex 800.000 1800.000 0.000
  endloop
 endfacet
 facet normal 0.000000 0.000000 -1.000000
  outer loop
   vertex 800.000 1700.000 0.000
   vertex 900.000 1800.000 0.000
   vertex 900.000 1700.000 0.000
  endloop
 endfacet
 facet normal 0.000000 0.000000 -1.000000
  outer loop
   vertex 800.000 1700.000 0.000
   vertex 800.000 1800.000 0.000
   vertex 900.000 1800.000 0.000
  endloop
 endfacet
 facet normal 0.000000 0.000000 -1.000000
  outer loop
   vertex 900.000 1700.000 0.000
   vertex 1000.000 1800.000 0.000
   vertex 1000.000 1700.000 0.000
  endloop
 endfacet
 facet normal 0.000000 0.000000 -1.000000
  outer loop
   vertex 900.000 1700.000 0.000
   vertex 900.000 1800.000 0.000
   vertex 1000.000 1800.000 0.000
  endloop
 endfacet
 facet normal 0.000000 0.000000 -1.000000
  outer loop
   vertex 1000.000 1700.000 0.000
   vertex 1100.000 1800.000 0.000
   vertex 1100.000 1700.000 0.000
  endloop
 endfacet
 facet normal 0.000000 0.000000 -1.000000
  outer loop
   vertex 1000.000 1700.000 0.000
   vertex 1000.000 1800.000 0.000
   vertex 1100.000 1800.000 0.000
  endloop
 endfacet
 facet normal 0.000000 0.004117 -0.999992
  outer loop
   vertex 1100.000 1700.000 0.000
   vertex 1200.000 1800.000 0.412
   vertex 1200.000 1700.000 0.000
  endloop
 endfacet
 facet normal 0.004117 0.000000 -0.999992
  outer loop
   vertex 1100.000 1700.000 0.000
   vertex 1100.000 1800.000 0.000
   vertex 1200.000 1800.000 0.412
  endloop
 endfacet
 facet normal 0.000000 0.034097 -0.999419
  outer loop
   vertex 1200.000 1700.000 0.000
   vertex 1300.000 1800.000 3.412
   vertex 1300.000 1700.000 0.000
  endloop
 endfacet
 facet normal 0.029986 0.004115 -0.999542
  outer loop
   vertex 1200.000 1700.000 0.000
   vertex 1200.000 1800.000 0.412
   vertex 1300.000 1800.000 3.412
  endloop
 endfacet
 facet normal 0.004353 0.059650 -0.998210
  outer loop
   vertex 1300.000 1700.000 0.000
   vertex 1400.000 1800.000 6.412
   vertex 1400.000 1700.000 0.436
  endloop
 endfacet
 facet normal 0.029969 0.034082 -0.998970
  outer loop
   vertex 1300.000 1700.000 0.000
   vertex 1300.000 1800.000 3.412
   vertex 1400.000 1800.000 6.412
  endloop
 endfacet
 facet normal 0.029933 0.059623 -0.997772
  outer loop
   vertex 1400.000 1700.000 0.436
   vertex 1500.000 1800.000 9.412
   vertex 1500.000 1700.000 3.436
  endloop
 endfacet
 facet normal 0.029933 0.059623 -0.997772
  outer loop
   vertex 1400.000 1700.000 0.436
   vertex 1400.000 1800.000 6.412
   vertex 1500.000 1800.000 9.412
  endloop
 endfacet
 facet normal 0.029933 0.059623 -0.997772
  outer loop
   vertex 1500.000 1700.000 3.436
   vertex 1600.000 1800.000 12.412
   vertex 1600.000 1700.000 6.436
  endloop
 endfacet
 facet normal 0.029933 0.059623 -0.997772
  outer loop
   vertex 1500.000 1700.000 3.436
   vertex 1500.000 1800.000 9.412
   vertex 1600.000 1800.000 12.412
  endloop
 endfacet
 facet normal 0.029933 0.059623 -0.997772
  outer loop
   vertex 1600.000 1700.000 6.436
   vertex 1700.000 1800.000 15.412
   vertex 1700.000 1700.000 9.436
  endloop
 endfacet
 facet normal 0.029933 0.059623 -0.997772
  outer loop
   vertex 1600.000 1700.000 6.436
   vertex 1600.000 1800.000 12.412
   vertex 1700.000 1800.000 15.412
  endloop
 endfacet
 facet normal 0.029933 0.059623 -0.997772
  outer loop
   vertex 1700.000 1700.000 9.436
   vertex 1800.000 1800.000 18.412
   vertex 1800.000 1700.000 12.436
  endloop
 endfacet
 facet normal 0.029933 0.059623 -0.997772
  outer loop
   vertex 1700.000 1700.000 9.436
   vertex 1700.000 1800.000 15.412
   vertex 1800.000 1800.000 18.412
  endloop
 endfacet
 facet normal 0.029933 0.059623 -0.997772
  outer loop
   vertex 1800.000 1700.000 12.436
   vertex 1900.000 1800.000 21.412
   vertex 1900.000 1700.000 15.436
  endloop
 endfacet
 facet normal 0.029933 0.059623 -0.997772
  outer loop
   vertex 1800.000 1700.000 12.436
   vertex 1800.000 1800.000 18.412
   vertex 1900.000 1800.000 21.412
  endloop
 endfacet
 facet normal 0.029933 0.059623 -0.997772
  outer loop
   vertex 1900.000 1700.000 15.436
   vertex 2000.000 1800.000 24.412
   vertex 2000.000 1700.000 18.436
  endloop
 endfacet
 facet normal 0.029933 0.059623 -0.997772
  outer loop
   vertex 1900.000 1700.000 15.436
   vertex 1900.000 1800.000 21.412
   vertex 2000.000 1800.000 24.412
  endloop
 endfacet
 facet normal 0.000000 0.000000 -1.000000
  outer loop
   vertex 0.000 1800.000 0.000
   vertex 100.000 1900.000 0.000
   vertex 100.000 1800.000 0.000
  endloop
 endfacet
 facet normal 0.000000 0.000000 -1.000000
  outer loop
   vertex 0.000 1800.000 0.000
   vertex 0.000 1900.000 0.000
   vertex 100.000 1900.000 0.000
  endloop
 endfacet
 facet normal 0.000000 0.000000 -1.000000
  outer loop
   vertex 100.000 1800.000 0.000
   vertex 200.000 1900.000 0.000
   vertex 200.000 1800.000 0.000
  endloop
 endfacet
 facet normal 0.000000 0.000000 -1.000000
  outer loop
   vertex 100.000 1800.000 0.000
   vertex 100.000 1900.000 0.000
   vertex 200.000 1900.000 0.000
  endloop
 endfacet
 facet normal 0.000000 0.000000 -1.000000
  outer loop
   vertex 200.000 1800.000 0.000
   vertex 300.000 1900.000 0.000
   vertex 300.000 1800.000 0.000
  endloop
 endfacet
 facet normal 0.000000 0.000000 -1.000000
  outer loop
   vertex 200.000 1800.000 0.000
   vertex 200.000 1900.000 0.000
   vertex 300.000 1900.000 0.000
  endloop
 endfacet
 facet normal 0.000000 0.000000 -1.000000
  outer loop
   vertex 300.000 1800.000 0.000
   vertex 400.000 1900.000 0.000
   vertex 400.000 1800.000 0.000
  endloop
 endfacet
 facet normal 0.000000 0.000000 -1.000000
  outer loop
   vertex 300.000 1800.000 0.000
   vertex 300.000 1900.000 0.000
   vertex 400.000 1900.000 0.000
  endloop
 endfacet
 facet normal 0.000000 0.000000 -1.000000
  outer loop
   vertex 400.000 1800.000 0.000
   vertex 500.000 1900.000 0.000
   vertex 500.000 1800.000 0.000
  endloop
 endfacet
 facet normal 0.000000 0.000000 -1.000000
  outer loop
   vertex 400.000 1800.000 0.000
   vertex 400.000 1900.000 0.000
   vertex 500.000 1900.000 0.000
  endloop
 endfacet
 facet normal 0.000000 0.000000 -1.000000
  outer loop
   vertex 500.000 1800.000 0.000
   vertex 600.000 1900.000 0.000
   vertex 600.000 1800.000 0.000
  endloop
 endfacet
 facet normal 0.000000 0.000000 -1.000000
  outer loop
   vertex 500.000 1800.000 0.000
   vertex 500.000 1900.000 0.000
   vertex 600.000 1900.000 0.000
  endloop
 endfacet
 facet normal 0.000000 0.000000 -1.000000
  outer loop
   vertex 600.000 1800.000 0.000
   vertex 700.000 1900.000 0.000
   vertex 700.000 1800.000 0.000
  endloop
 endfacet
 facet normal 0.000000 0.000000 -1.000000
  outer loop
   vertex 600.000 1800.000 0.000
   vertex 600.000 1900.000 0.000
   vertex 700.000 1900.000 0.000
  endloop
 endfacet
 facet normal 0.000000 0.000000 -1.000000
  outer loop
   vertex 700.000 1800.000 0.000
   vertex 800.000 1900.000 0.000
   vertex 800.000 1800.000 0.000
  endloop
 endfacet
 facet normal 0.000000 0.000000 -1.000000
  outer loop
   vertex 700.000 1800.000 0.000
   vertex 700.000 1900.000 0.000
   vertex 800.000 1900.000 0.000
  endloop
 endfacet
 facet normal 0.000000 0.000000 -1.000000
  outer loop
   vertex 800.000 1800.000 0.000
   vertex 900.000 1900.000 0.000
   vertex 900.000 1800.000 0.000
  endloop
 endfacet
 facet normal 0.000000 0.000000 -1.000000
  outer loop
   vertex 800.000 1800.000 0.000
   vertex 800.000 1900.000 0.000
   vertex 900.000 1900.000 0.000
  endloop
 endfacet
 facet normal 0.000000 0.010025 -0.999950
  outer loop
   vertex 900.000 1800.000 0.000
   vertex 1000.000 1900.000 1.003
   vertex 1000.000 1800.000 0.000
  endloop
 endfacet
 facet normal 0.010025 0.000000 -0.999950
  outer loop
   vertex 900.000 1800.000 0.000
   vertex 900.000 1900.000 0.000
   vertex 1000.000 1900.000 1.003
  endloop
 endfacet
 facet normal 0.000000 0.039993 -0.999200
  outer loop
   vertex 1000.000 1800.000 0.000
   vertex 1100.000 1900.000 4.003
   vertex 1100.000 1800.000 0.000
  endloop
 endfacet
 facet normal 0.029985 0.010020 -0.999500
  outer loop
   vertex 1000.000 1800.000 0.000
   vertex 1000.000 1900.000 1.003
   vertex 1100.000 1900.000 4.003
  endloop
 endfacet
 facet normal 0.004108 0.065765 -0.997827
  outer loop
   vertex 1100.000 1800.000 0.000
   vertex 1200.000 1900.000 7.003
   vertex 1200.000 1800.000 0.412
  endloop
 endfacet
 facet normal 0.029963 0.039975 -0.998751
  outer loop
   vertex 1100.000 1800.000 0.000
   vertex 1100.000 1900.000 4.003
   vertex 1200.000 1900.000 7.003
  endloop
 endfacet
 facet normal 0.029922 0.065736 -0.997388
  outer loop
   vertex 1200.000 1800.000 0.412
   vertex 1300.000 1900.000 10.003
   vertex 1300.000 1800.000 3.412
  endloop
 endfacet
 facet normal 0.029922 0.065736 -0.997388
  outer loop
   vertex 1200.000 1800.000 0.412
   vertex 1200.000 1900.000 7.003
   vertex 1300.000 1900.000 10.003
  endloop
 endfacet
 facet normal 0.029922 0.065736 -0.997388
  outer loop
   vertex 1300.000 1800.000 3.412
   vertex 1400.000 1900.000 13.003
   vertex 1400.000 1800.000 6.412
  endloop
 endfacet
 facet normal 0.029922 0.065736 -0.997388
  outer loop
   vertex 1300.000 1800.000 3.412
   vertex 1300.000 1900.000 10.003
   vertex 1400.000 1900.000 13.003
  endloop
 endfacet
 facet normal 0.029922 0.065736 -0.997388
  outer loop
   vertex 1400.000 1800.000 6.412
   vertex 1500.000 1900.000 16.003
   vertex 1500.000 1800.000 9.412
  endloop
 endfacet
 facet normal 0.029922 0.065736 -0.997388
  outer loop
   vertex 1400.000 1800.000 6.412
   vertex 1400.000 1900.000 13.003
   vertex 1500.000 1900.000 16.003
  endloop
 endfacet
 facet normal 0.029922 0.065736 -0.997388
  outer loop
   vertex 1500.000 1800.000 9.412
   vertex 1600.000 1900.000 19.003
   vertex 1600.000 1800.000 12.412
  endloop
 endfacet
 facet normal 0.029922 0.065736 -0.997388
  outer loop
   vertex 1500.000 1800.000 9.412
   vertex 1500.000 1900.000 16.003
   vertex 1600.000 1900.000 19.003
  endloop
 endfacet
 facet normal 0.029922 0.065736 -0.997388
  outer loop
   vertex 1600.000 1800.000 12.412
   vertex 1700.000 1900.000 22.003
   vertex 1700.000 1800.000 15.412
  endloop
 endfacet
 facet normal 0.029922 0.065736 -0.997388
  outer loop
   vertex 1600.000 1800.000 12.412
   vertex 1600.000 1900.000 19.003
   vertex 1700.000 1900.000 22.003
  endloop
 endfacet
 facet normal 0.029922 0.065736 -0.997388
  outer loop
   vertex 1700.000 1800.000 15.412
   vertex 1800.000 1900.000 25.003
   vertex 1800.000 1800.000 18.412
  endloop
 endfacet
 facet normal 0.029922 0.065736 -0.997388
  outer loop
   vertex 1700.000 1800.000 15.412
   vertex 1700.000 1900.000 22.003
   vertex 1800.000 1900.000 25.003
  endloop
 endfacet
 facet normal 0.029922 0.065736 -0.997388
  outer loop
   vertex 1800.000 1800.000 18.412
   vertex 1900.000 1900.000 28.003
   vertex 1900.000 1800.000 21.412
  endloop
 endfacet
 facet normal 0.029922 0.065736 -0.997388
  outer loop
   vertex 1800.000 1800.000 18.412
   vertex 1800.000 1900.000 25.003
   vertex 1900.000 1900.000 28.003
  endloop
 endfacet
 facet normal 0.029922 0.065736 -0.997388
  outer loop
   vertex 1900.000 1800.000 21.412
   vertex 2000.000 1900.000 31.003
   vertex 2000.000 1800.000 24.412
  endloop
 endfacet
 facet normal 0.029922 0.065736 -0.997388
  outer loop
   vertex 1900.000 1800.000 21.412
   vertex 1900.000 1900.000 28.003
   vertex 2000.000 1900.000 31.003
  endloop
 endfacet
 facet normal 0.000000 0.000000 -1.000000
  outer loop
   vertex 0.000 1900.000 0.000
   vertex 100.000 2000.000 0.000
   vertex 100.000 1900.000 0.000
  endloop
 endfacet
 facet normal 0.000000 0.000000 -1.000000
  outer loop
   vertex 0.000 1900.000 0.000
   vertex 0.000 2000.000 0.000
   vertex 100.000 2000.000 0.000
  endloop
 endfacet
 facet normal 0.000000 0.000000 -1.000000
  outer loop
   vertex 100.000 1900.000 0.000
   vertex 200.000 2000.000 0.000
   vertex 200.000 1900.000 0.000
  endloop
 endfacet
 facet normal 0.000000 0.000000 -1.000000
  outer loop
   vertex 100.000 1900.000 0.000
   vertex 100.000 2000.000 0.000
   vertex 200.000 2000.000 0.000
  endloop
 endfacet
 facet normal 0.000000 0.000000 -1.000000
  outer loop
   vertex 200.000 1900.000 0.000
   vertex 300.000 2000.000 0.000
   vertex 300.000 1900.000 0.000
  endloop
 endfacet
 facet normal 0.000000 0.000000 -1.000000
  outer loop
   vertex 200.000 1900.000 0.000
   vertex 200.000 2000.000 0.000
   vertex 300.000 2000.000 0.000
  endloop
 endfacet
 facet normal 0.000000 0.000000 -1.000000
  outer loop
   vertex 300.000 1900.000 0.000
   vertex 400.000 2000.000 0.000
   vertex 400.000 1900.000 0.000
  endloop
 endfacet
 facet normal 0.000000 0.000000 -1.000000
  outer loop
   vertex 300.000 1900.000 0.000
   vertex 300.000 2000.000 0.000
   vertex 400.000 2000.000 0.000
  endloop
 endfacet
 facet normal 0.000000 0.000000 -1.000000
  outer loop
   vertex 400.000 1900.000 0.000
   vertex 500.000 2000.000 0.000
   vertex 500.000 1900.000 0.000
  endloop
 endfacet
 facet normal 0.000000 0.000000 -1.000000
  outer loop
   vertex 400.000 1900.000 0.000
   vertex 400.000 2000.000 0.000
   vertex 500.000 2000.000 0.000
  endloop
 endfacet
 facet normal 0.000000 0.000000 -1.000000
  outer loop
   vertex 500.000 1900.000 0.000
   vertex 600.000 2000.000 0.000
   vertex 600.000 1900.000 0.000
  endloop
 endfacet
 facet normal 0.000000 0.000000 -1.000000
  outer loop
   vertex 500.000 1900.000 0.000
   vertex 500.000 2000.000 0.000
   vertex 600.000 2000.000 0.000
  endloop
 endfacet
 facet normal 0.000000 0.000000 -1.000000
  outer loop
   vertex 600.000 1900.000 0.000
   vertex 700.000 2000.000 0.000
   vertex 700.000 1900.000 0.000
  endloop
 endfacet
 facet normal 0.000000 0.000000 -1.000000
  outer loop
   vertex 600.000 1900.000 0.000
   vertex 600.000 2000.000 0.000
   vertex 700.000 2000.000 0.000
  endloop
 endfacet
 facet normal 0.000000 0.014829 -0.999890
  outer loop
   vertex 700.000 1900.000 0.000
   vertex 800.000 2000.000 1.483
   vertex 800.000 1900.000 0.000
  endloop
 endfacet
 facet normal 0.014829 0.000000 -0.999890
  outer loop
   vertex 700.000 1900.000 0.000
   vertex 700.000 2000.000 0.000
   vertex 800.000 2000.000 1.483
  endloop
 endfacet
 facet normal 0.000000 0.044785 -0.998997
  outer loop
   vertex 800.000 1900.000 0.000
   vertex 900.000 2000.000 4.483
   vertex 900.000 1900.000 0.000
  endloop
 endfacet
 facet normal 0.029983 0.014822 -0.999441
  outer loop
   vertex 800.000 1900.000 0.000
   vertex 800.000 2000.000 1.483
   vertex 900.000 2000.000 4.483
  endloop
 endfacet
 facet normal 0.010004 0.064666 -0.997857
  outer loop
   vertex 900.000 1900.000 0.000
   vertex 1000.000 2000.000 7.483
   vertex 1000.000 1900.000 1.003
  endloop
 endfacet
 facet normal 0.029956 0.044765 -0.998548
  outer loop
   vertex 900.000 1900.000 0.000
   vertex 900.000 2000.000 4.483
   vertex 1000.000 2000.000 7.483
  endloop
 endfacet
 facet normal 0.029924 0.064640 -0.997460
  outer loop
   vertex 1000.000 1900.000 1.003
   vertex 1100.000 2000.000 10.483
   vertex 1100.000 1900.000 4.003
  endloop
 endfacet
 facet normal 0.029924 0.064640 -0.997460
  outer loop
   vertex 1000.000 1900.000 1.003
   vertex 1000.000 2000.000 7.483
   vertex 1100.000 2000.000 10.483
  endloop
 endfacet
 facet normal 0.029924 0.064640 -0.997460
  outer loop
   vertex 1100.000 1900.000 4.003
   vertex 1200.000 2000.000 13.483
   vertex 1200.000 1900.000 7.003
  endloop
 endfacet
 facet normal 0.029924 0.064640 -0.997460
  outer loop
   vertex 1100.000 1900.000 4.003
   vertex 1100.000 2000.000 10.483
   vertex 1200.000 2000.000 13.483
  endloop
 endfacet
 facet normal 0.029924 0.064640 -0.997460
  outer loop
   vertex 1200.000 1900.000 7.003
   vertex 1300.000 2000.000 16.483
   vertex 1300.000 1900.000 10.003
  endloop
 endfacet
 facet normal 0.029924 0.064640 -0.997460
  outer loop
   vertex 1200.000 1900.000 7.003
   vertex 1200.000 2000.000 13.483
   vertex 1300.000 2000.000 16.483
  endloop
 endfacet
 facet normal 0.029924 0.064640 -0.997460
  outer loop
   vertex 1300.000 1900.000 10.003
   vertex 1400.000 2000.000 19.483
   vertex 1400.000 1900.000 13.003
  endloop
 endfacet
 facet normal 0.029924 0.064640 -0.997460
  outer loop
   vertex 1300.000 1900.000 10.003
   vertex 1300.000 2000.000 16.483
   vertex 1400.000 2000.000 19.483
  endloop
 endfacet
 facet normal 0.029924 0.064640 -0.997460
  outer loop
   vertex 1400.000 1900.000 13.003
   vertex 1500.000 2000.000 22.483
   vertex 1500.000 1900.000 16.003
  endloop
 endfacet
 facet normal 0.029924 0.064640 -0.997460
  outer loop
   vertex 1400.000 1900.000 13.003
   vertex 1400.000 2000.000 19.483
   vertex 1500.000 2000.000 22.483
  endloop
 endfacet
 facet normal 0.029924 0.064640 -0.997460
  outer loop
   vertex 1500.000 1900.000 16.003
   vertex 1600.000 2000.000 25.483
   vertex 1600.000 1900.000 19.003
  endloop
 endfacet
 facet normal 0.029924 0.064640 -0.997460
  outer loop
   vertex 1500.000 1900.000 16.003
   vertex 1500.000 2000.000 22.483
   vertex 1600.000 2000.000 25.483
  endloop
 endfacet
 facet normal 0.029924 0.064640 -0.997460
  outer loop
   vertex 1600.000 1900.000 19.003
   vertex 1700.000 2000.000 28.483
   vertex 1700.000 1900.000 22.003
  endloop
 endfacet
 facet normal 0.029924 0.064640 -0.997460
  outer loop
   vertex 1600.000 1900.000 19.003
   vertex 1600.000 2000.000 25.483
   vertex 1700.000 2000.000 28.483
  endloop
 endfacet
 facet normal 0.029924 0.064640 -0.997460
  outer loop
   vertex 1700.000 1900.000 22.003
   vertex 1800.000 2000.000 31.483
   vertex 1800.000 1900.000 25.003
  endloop
 endfacet
 facet normal 0.029924 0.064640 -0.997460
  outer loop
   vertex 1700.000 1900.000 22.003
   vertex 1700.000 2000.000 28.483
   vertex 1800.000 2000.000 31.483
  endloop
 endfacet
 facet normal 0.029924 0.064640 -0.997460
  outer loop
   vertex 1800.000 1900.000 25.003
   vertex 1900.000 2000.000 34.483
   vertex 1900.000 1900.000 28.003
  endloop
 endfacet
 facet normal 0.029924 0.064640 -0.997460
  outer loop
   vertex 1800.000 1900.000 25.003
   vertex 1800.000 2000.000 31.483
   vertex 1900.000 2000.000 34.483
  endloop
 endfacet
 facet normal 0.029924 0.064640 -0.997460
  outer loop
   vertex 1900.000 1900.000 28.003
   vertex 2000.000 2000.000 37.483
   vertex 2000.000 1900.000 31.003
  endloop
 endfacet
 facet normal 0.029924 0.064640 -0.997460
  outer loop
   vertex 1900.000 1900.000 28.003
   vertex 1900.000 2000.000 34.483
   vertex 2000.000 2000.000 37.483
  endloop
 endfacet
endsolid top
solid sides_above
 facet normal 0.000000 -1.000000 0.000000
  outer loop
   vertex 0.000 0.000 0.000
   vertex 100.000 0.000 0.000
   vertex 100.000 0.000 349.908
  endloop
 endfacet
 facet normal 0.000000 -1.000000 0.000000
  outer loop
   vertex 0.000 0.000 0.000
   vertex 100.000 0.000 349.908
   vertex 0.000 0.000 349.908
  endloop
 endfacet
 facet normal -1.000000 0.000000 0.000000
  outer loop
   vertex 0.000 100.000 0.000
   vertex 0.000 0.000 0.000
   vertex 0.000 0.000 349.908
  endloop
 endfacet
 facet normal -1.000000 0.000000 0.000000
  outer loop
   vertex 0.000 100.000 0.000
   vertex 0.000 0.000 349.908
   vertex 0.000 100.000 349.908
  endloop
 endfacet
 facet normal 0.000000 -1.000000 0.000000
  outer loop
   vertex 100.000 0.000 0.000
   vertex 200.000 0.000 0.000
   vertex 200.000 0.000 349.908
  endloop
 endfacet
 facet normal 0.000000 -1.000000 0.000000
  outer loop
   vertex 100.000 0.000 0.000
   vertex 200.000 0.000 349.908
   vertex 100.000 0.000 349.908
  endloop
 endfacet
 facet normal 0.000000 -1.000000 0.000000
  outer loop
   vertex 200.000 0.000 0.000
   vertex 300.000 0.000 0.000
   vertex 300.000 0.000 349.908
  endloop
 endfacet
 facet normal 0.000000 -1.000000 0.000000
  outer loop
   vertex 200.000 0.000 0.000
   vertex 300.000 0.000 349.908
   vertex 200.000 0.000 349.908
  endloop
 endfacet
 facet normal 0.000000 -1.000000 0.000000
  outer loop
   vertex 300.000 0.000 0.000
   vertex 400.000 0.000 0.000
   vertex 400.000 0.000 349.908
  endloop
 endfacet
 facet normal 0.000000 -1.000000 0.000000
  outer loop
   vertex 300.000 0.000 0.000
   vertex 400.000 0.000 349.908
   vertex 300.000 0.000 349.908
  endloop
 endfacet
 facet normal 0.000000 -1.000000 0.000000
  outer loop
   vertex 400.000 0.000 0.000
   vertex 500.000 0.000 0.000
   vertex 500.000 0.000 349.908
  endloop
 endfacet
 facet normal 0.000000 -1.000000 0.000000
  outer loop
   vertex 400.000 0.000 0.000
   vertex 500.000 0.000 349.908
   vertex 400.000 0.000 349.908
  endloop
 endfacet
 facet normal 0.000000 -1.000000 0.000000
  outer loop
   vertex 500.000 0.000 0.000
   vertex 600.000 0.000 0.000
   vertex 600.000 0.000 349.908
  endloop
 endfacet
 facet normal 0.000000 -1.000000 0.000000
  outer loop
   vertex 500.000 0.000 0.000
   vertex 600.000 0.000 349.908
   vertex 500.000 0.000 349.908
  endloop
 endfacet
 facet normal 0.000000 -1.000000 0.000000
  outer loop
   vertex 600.000 0.000 0.000
   vertex 700.000 0.000 0.000
   vertex 700.000 0.000 349.908
  endloop
 endfacet
 facet normal 0.000000 -1.000000 0.000000
  outer loop
   vertex 600.000 0.000 0.000
   vertex 700.000 0.000 349.908
   vertex 600.000 0.000 349.908
  endloop
 endfacet
 facet normal 0.000000 -1.000000 0.000000
  outer loop
   vertex 700.000 0.000 0.000
   vertex 800.000 0.000 0.000
   vertex 800.000 0.000 349.908
  endloop
 endfacet
 facet normal 0.000000 -1.000000 0.000000
  outer loop
   vertex 700.000 0.000 0.000
   vertex 800.000 0.000 349.908
   vertex 700.000 0.000 349.908
  endloop
 endfacet
 facet normal 0.000000 -1.000000 0.000000
  outer loop
   vertex 800.000 0.000 0.000
   vertex 900.000 0.000 0.000
   vertex 900.000 0.000 349.908
  endloop
 endfacet
 facet normal 0.000000 -1.000000 0.000000
  outer loop
   vertex 800.000 0.000 0.000
   vertex 900.000 0.000 349.908
   vertex 800.000 0.000 349.908
  endloop
 endfacet
 facet normal 0.000000 -1.000000 0.000000
  outer loop
   vertex 900.000 0.000 0.000
   vertex 1000.000 0.000 0.000
   vertex 1000.000 0.000 349.908
  endloop
 endfacet
 facet normal 0.000000 -1.000000 0.000000
  outer loop
   vertex 900.000 0.000 0.000
   vertex 1000.000 0.000 349.908
   vertex 900.000 0.000 349.908
  endloop
 endfacet
 facet normal 0.000000 -1.000000 0.000000
  outer loop
   vertex 1000.000 0.000 0.000
   vertex 1100.000 0.000 3.000
   vertex 1100.000 0.000 349.908
  endloop
 endfacet
 facet normal 0.000000 -1.000000 0.000000
  outer loop
   vertex 1000.000 0.000 0.000
   vertex 1100.000 0.000 349.908
   vertex 1000.000 0.000 349.908
  endloop
 endfacet
 facet normal 0.000000 -1.000000 0.000000
  outer loop
   vertex 1100.000 0.000 3.000
   vertex 1200.000 0.000 6.000
   vertex 1200.000 0.000 349.908
  endloop
 endfacet
 facet normal 0.000000 -1.000000 0.000000
  outer loop
   vertex 1100.000 0.000 3.000
   vertex 1200.000 0.000 349.908
   vertex 1100.000 0.000 349.908
  endloop
 endfacet
 facet normal 0.000000 -1.000000 0.000000
  outer loop
   vertex 1200.000 0.000 6.000
   vertex 1300.000 0.000 9.000
   vertex 1300.000 0.000 349.908
  endloop
 endfacet
 facet normal 0.000000 -1.000000 0.000000
  outer loop
   vertex 1200.000 0.000 6.000
   vertex 1300.000 0.000 349.908
   vertex 1200.000 0.000 349.908
  endloop
 endfacet
 facet normal 0.000000 -1.000000 0.000000
  outer loop
   vertex 1300.000 0.000 9.000
   vertex 1400.000 0.000 12.000
   vertex 1400.000 0.000 349.908
  endloop
 endfacet
 facet normal 0.000000 -1.000000 0.000000
  outer loop
   vertex 1300.000 0.000 9.000
   vertex 1400.000 0.000 349.908
   vertex 1300.000 0.000 349.908
  endloop
 endfacet
 facet normal 0.000000 -1.000000 0.000000
  outer loop
   vertex 1400.000 0.000 12.000
   vertex 1500.000 0.000 15.000
   vertex 1500.000 0.000 349.908
  endloop
 endfacet
 facet normal 0.000000 -1.000000 0.000000
  outer loop
   vertex 1400.000 0.000 12.000
   vertex 1500.000 0.000 349.908
   vertex 1400.000 0.000 349.908
  endloop
 endfacet
 facet normal 0.000000 -1.000000 0.000000
  outer loop
   vertex 1500.000 0.000 15.000
   vertex 1600.000 0.000 18.000
   vertex 1600.000 0.000 349.908
  endloop
 endfacet
 facet normal 0.000000 -1.000000 0.000000
  outer loop
   vertex 1500.000 0.000 15.000
   vertex 1600.000 0.000 349.908
   vertex 1500.000 0.000 349.908
  endloop
 endfacet
 facet normal 0.000000 -1.000000 0.000000
  outer loop
   vertex 1600.000 0.000 18.000
   vertex 1700.000 0.000 21.000
   vertex 1700.000 0.000 349.908
  endloop
 endfacet
 facet normal 0.000000 -1.000000 0.000000
  outer loop
   vertex 1600.000 0.000 18.000
   vertex 1700.000 0.000 349.908
   vertex 1600.000 0.000 349.908
  endloop
 endfacet
 facet normal 0.000000 -1.000000 0.000000
  outer loop
   vertex 1700.000 0.000 21.000
   vertex 1800.000 0.000 24.000
   vertex 1800.000 0.000 349.908
  endloop
 endfacet
 facet normal 0.000000 -1.000000 0.000000
  outer loop
   vertex 1700.000 0.000 21.000
   vertex 1800.000 0.000 349.908
   vertex 1700.000 0.000 349.908
  endloop
 endfacet
 facet normal 0.000000 -1.000000 0.000000
  outer loop
   vertex 1800.000 0.000 24.000
   vertex 1900.000 0.000 27.000
   vertex 1900.000 0.000 349.908
  endloop
 endfacet
 facet normal 0.000000 -1.000000 0.000000
  outer loop
   vertex 1800.000 0.000 24.000
   vertex 1900.000 0.000 349.908
   vertex 1800.000 0.000 349.908
  endloop
 endfacet
 facet normal 0.000000 -1.000000 0.000000
  outer loop
   vertex 1900.000 0.000 27.000
   vertex 2000.000 0.000 30.000
   vertex 2000.000 0.000 349.908
  endloop
 endfacet
 facet normal 0.000000 -1.000000 0.000000
  outer loop
   vertex 1900.000 0.000 27.000
   vertex 2000.000 0.000 349.908
   vertex 1900.000 0.000 349.908
  endloop
 endfacet
 facet normal 1.000000 0.000000 0.000000
  outer loop
   vertex 2000.000 0.000 30.000
   vertex 2000.000 100.000 36.544
   vertex 2000.000 100.000 349.908
  endloop
 endfacet
 facet normal 1.000000 0.000000 0.000000
  outer loop
   vertex 2000.000 0.000 30.000
   vertex 2000.000 100.000 349.908
   vertex 2000.000 0.000 349.908
  endloop
 endfacet
 facet normal -1.000000 0.000000 0.000000
  outer loop
   vertex 0.000 200.000 0.000
   vertex 0.000 100.000 0.000
   vertex 0.000 100.000 349.908
  endloop
 endfacet
 facet normal -1.000000 0.000000 0.000000
  outer loop
   vertex 0.000 200.000 0.000
   vertex 0.000 100.000 349.908
   vertex 0.000 200.000 349.908
  endloop
 endfacet
 facet normal 1.000000 0.000000 0.000000
  outer loop
   vertex 2000.000 100.000 36.544
   vertex 2000.000 200.000 42.367
   vertex 2000.000 200.000 349.908
  endloop
 endfacet
 facet normal 1.000000 0.000000 0.000000
  outer loop
   vertex 2000.000 100.000 36.544
   vertex 2000.000 200.000 349.908
   vertex 2000.000 100.000 349.908
  endloop
 endfacet
 facet normal -1.000000 0.000000 0.000000
  outer loop
   vertex 0.000 300.000 0.000
   vertex 0.000 200.000 0.000
   vertex 0.000 200.000 349.908
  endloop
 endfacet
 facet normal -1.000000 0.000000 0.000000
  outer loop
   vertex 0.000 300.000 0.000
   vertex 0.000 200.000 349.908
   vertex 0.000 300.000 349.908
  endloop
 endfacet
 facet normal 1.000000 0.000000 0.000000
  outer loop
   vertex 2000.000 200.000 42.367
   vertex 2000.000 300.000 46.829
   vertex 2000.000 300.000 349.908
  endloop
 endfacet
 facet normal 1.000000 0.000000 0.000000
  outer loop
   vertex 2000.000 200.000 42.367
   vertex 2000.000 300.000 349.908
   vertex 2000.000 200.000 349.908
  endloop
 endfacet
 facet normal -1.000000 0.000000 0.000000
  outer loop
   vertex 0.000 400.000 0.000
   vertex 0.000 300.000 0.000
   vertex 0.000 300.000 349.908
  endloop
 endfacet
 facet normal -1.000000 0.000000 0.000000
  outer loop
   vertex 0.000 400.000 0.000
   vertex 0.000 300.000 349.908
   vertex 0.000 400.000 349.908
  endloop
 endfacet
 facet normal 1.000000 0.000000 0.000000
  outer loop
   vertex 2000.000 300.000 46.829
   vertex 2000.000 400.000 49.439
   vertex 2000.000 400.000 349.908
  endloop
 endfacet
 facet normal 1.000000 0.000000 0.000000
  outer loop
   vertex 2000.000 300.000 46.829
   vertex 2000.000 400.000 349.908
   vertex 2000.000 300.000 349.908
  endloop
 endfacet
 facet normal -1.000000 0.000000 0.000000
  outer loop
   vertex 0.000 500.000 0.000
   vertex 0.000 400.000 0.000
   vertex 0.000 400.000 349.908
  endloop
 endfacet
 facet normal -1.000000 0.000000 0.000000
  outer loop
   vertex 0.000 500.000 0.000
   vertex 0.000 400.000 349.908
   vertex 0.000 500.000 349.908
  endloop
 endfacet
 facet normal 1.000000 0.000000 0.000000
  outer loop
   vertex 2000.000 400.000 49.439
   vertex 2000.000 500.000 49.908
   vertex 2000.000 500.000 349.908
  endloop
 endfacet
 facet normal 1.000000 0.000000 0.000000
  outer loop
   vertex 2000.000 400.000 49.439
   vertex 2000.000 500.000 349.908
   vertex 2000.000 400.000 349.908
  endloop
 endfacet
 facet normal -1.000000 0.000000 0.000000
  outer loop
   vertex 0.000 600.000 0.000
   vertex 0.000 500.000 0.000
   vertex 0.000 500.000 349.908
  endloop
 endfacet
 facet normal -1.000000 0.000000 0.000000
  outer loop
   vertex 0.000 600.000 0.000
   vertex 0.000 500.000 349.908
   vertex 0.000 600.000 349.908
  endloop
 endfacet
 facet normal 1.000000 0.000000 0.000000
  outer loop
   vertex 2000.000 500.000 49.908
   vertex 2000.000 600.000 48.186
   vertex 2000.000 600.000 349.908
  endloop
 endfacet
 facet normal 1.000000 0.000000 0.000000
  outer loop
   vertex 2000.000 500.000 49.908
   vertex 2000.000 600.000 349.908
   vertex 2000.000 500.000 349.908
  endloop
 endfacet
 facet normal -1.000000 0.000000 0.000000
  outer loop
   vertex 0.000 700.000 0.000
   vertex 0.000 600.000 0.000
   vertex 0.000 600.000 349.908
  endloop
 endfacet
 facet normal -1.000000 0.000000 0.000000
  outer loop
   vertex 0.000 700.000 0.000
   vertex 0.000 600.000 349.908
   vertex 0.000 700.000 349.908
  endloop
 endfacet
 facet normal 1.000000 0.000000 0.000000
  outer loop
   vertex 2000.000 600.000 48.186
   vertex 2000.000 700.000 44.462
   vertex 2000.000 700.000 349.908
  endloop
 endfacet
 facet normal 1.000000 0.000000 0.000000
  outer loop
   vertex 2000.000 600.000 48.186
   vertex 2000.000 700.000 349.908
   vertex 2000.000 600.000 349.908
  endloop
 endfacet
 facet normal -1.000000 0.000000 0.000000
  outer loop
   vertex 0.000 800.000 0.000
   vertex 0.000 700.000 0.000
   vertex 0.000 700.000 349.908
  endloop
 endfacet
 facet normal -1.000000 0.000000 0.000000
  outer loop
   vertex 0.000 800.000 0.000
   vertex 0.000 700.000 349.908
   vertex 0.000 800.000 349.908
  endloop
 endfacet
 facet normal 1.000000 0.000000 0.000000
  outer loop
   vertex 2000.000 700.000 44.462
   vertex 2000.000 800.000 39.145
   vertex 2000.000 800.000 349.908
  endloop
 endfacet
 facet normal 1.000000 0.000000 0.000000
  outer loop
   vertex 2000.000 700.000 44.462
   vertex 2000.000 800.000 349.908
   vertex 2000.000 700.000 349.908
  endloop
 endfacet
 facet normal -1.000000 0.000000 0.000000
  outer loop
   vertex 0.000 900.000 0.000
   vertex 0.000 800.000 0.000
   vertex 0.000 800.000 349.908
  endloop
 endfacet
 facet normal -1.000000 0.000000 0.000000
  outer loop
   vertex 0.000 900.000 0.000
   vertex 0.000 800.000 349.908
   vertex 0.000 900.000 349.908
  endloop
 endfacet
 facet normal 1.000000 0.000000 0.000000
  outer loop
   vertex 2000.000 800.000 39.145
   vertex 2000.000 900.000 32.822
   vertex 2000.000 900.000 349.908
  endloop
 endfacet
 facet normal 1.000000 0.000000 0.000000
  outer loop
   vertex 2000.000 800.000 39.145
   vertex 2000.000 900.000 349.908
   vertex 2000.000 800.000 349.908
  endloop
 endfacet
 facet normal -1.000000 0.000000 0.000000
  outer loop
   vertex 0.000 1000.000 0.000
   vertex 0.000 900.000 0.000
   vertex 0.000 900.000 349.908
  endloop
 endfacet
 facet normal -1.000000 0.000000 0.000000
  outer loop
   vertex 0.000 1000.000 0.000
   vertex 0.000 900.000 349.908
   vertex 0.000 1000.000 349.908
  endloop
 endfacet
 facet normal 1.000000 0.000000 0.000000
  outer loop
   vertex 2000.000 900.000 32.822
   vertex 2000.000 1000.000 26.189
   vertex 2000.000 1000.000 349.908
  endloop
 endfacet
 facet normal 1.000000 0.000000 0.000000
  outer loop
   vertex 2000.000 900.000 32.822
   vertex 2000.000 1000.000 349.908
   vertex 2000.000 900.000 349.908
  endloop
 endfacet
 facet normal -1.000000 0.000000 0.000000
  outer loop
   vertex 0.000 1100.000 0.000
   vertex 0.000 1000.000 0.000
   vertex 0.000 1000.000 349.908
  endloop
 endfacet
 facet normal -1.000000 0.000000 0.000000
  outer loop
   vertex 0.000 1100.000 0.000
   vertex 0.000 1000.000 349.908
   vertex 0.000 1100.000 349.908
  endloop
 endfacet
 facet normal 1.000000 0.000000 0.000000
  outer loop
   vertex 2000.000 1000.000 26.189
   vertex 2000.000 1100.000 19.974
   vertex 2000.000 1100.000 349.908
  endloop
 endfacet
 facet normal 1.000000 0.000000 0.000000
  outer loop
   vertex 2000.000 1000.000 26.189
   vertex 2000.000 1100.000 349.908
   vertex 2000.000 1000.000 349.908
  endloop
 endfacet
 facet normal -1.000000 0.000000 0.000000
  outer loop
   vertex 0.000 1200.000 0.000
   vertex 0.000 1100.000 0.000
   vertex 0.000 1100.000 349.908
  endloop
 endfacet
 facet normal -1.000000 0.000000 0.000000
  outer loop
   vertex 0.000 1200.000 0.000
   vertex 0.000 1100.000 349.908
   vertex 0.000 1200.000 349.908
  endloop
 endfacet
 facet normal 1.000000 0.000000 0.000000
  outer loop
   vertex 2000.000 1100.000 19.974
   vertex 2000.000 1200.000 14.864
   vertex 2000.000 1200.000 349.908
  endloop
 endfacet
 facet normal 1.000000 0.000000 0.000000
  outer loop
   vertex 2000.000 1100.000 19.974
   vertex 2000.000 1200.000 349.908
   vertex 2000.000 1100.000 349.908
  endloop
 endfacet
 facet normal -1.000000 0.000000 0.000000
  outer loop
   vertex 0.000 1300.000 0.000
   vertex 0.000 1200.000 0.000
   vertex 0.000 1200.000 349.908
  endloop
 endfacet
 facet normal -1.000000 0.000000 0.000000
  outer loop
   vertex 0.000 1300.000 0.000
   vertex 0.000 1200.000 349.908
   vertex 0.000 1300.000 349.908
  endloop
 endfacet
 facet normal 1.000000 0.000000 0.000000
  outer loop
   vertex 2000.000 1200.000 14.864
   vertex 2000.000 1300.000 11.420
   vertex 2000.000 1300.000 349.908
  endloop
 endfacet
 facet normal 1.000000 0.000000 0.000000
  outer loop
   vertex 2000.000 1200.000 14.864
   vertex 2000.000 1300.000 349.908
   vertex 2000.000 1200.000 349.908
  endloop
 endfacet
 facet normal -1.000000 0.000000 0.000000
  outer loop
   vertex 0.000 1400.000 0.000
   vertex 0.000 1300.000 0.000
   vertex 0.000 1300.000 349.908
  endloop
 endfacet
 facet normal -1.000000 0.000000 0.000000
  outer loop
   vertex 0.000 1400.000 0.000
   vertex 0.000 1300.000 349.908
   vertex 0.000 1400.000 349.908
  endloop
 endfacet
 facet normal 1.000000 0.000000 0.000000
  outer loop
   vertex 2000.000 1300.000 11.420
   vertex 2000.000 1400.000 10.021
   vertex 2000.000 1400.000 349.908
  endloop
 endfacet
 facet normal 1.000000 0.000000 0.000000
  outer loop
   vertex 2000.000 1300.000 11.420
   vertex 2000.000 1400.000 349.908
   vertex 2000.000 1300.000 349.908
  endloop
 endfacet
 facet normal -1.000000 0.000000 0.000000
  outer loop
   vertex 0.000 1500.000 0.000
   vertex 0.000 1400.000 0.000
   vertex 0.000 1400.000 349.908
  endloop
 endfacet
 facet normal -1.000000 0.000000 0.000000
  outer loop
   vertex 0.000 1500.000 0.000
   vertex 0.000 1400.000 349.908
   vertex 0.000 1500.000 349.908
  endloop
 endfacet
 facet normal 1.000000 0.000000 0.000000
  outer loop
   vertex 2000.000 1400.000 10.021
   vertex 2000.000 1500.000 10.822
   vertex 2000.000 1500.000 349.908
  endloop
 endfacet
 facet normal 1.000000 0.000000 0.000000
  outer loop
   vertex 2000.000 1400.000 10.021
   vertex 2000.000 1500.000 349.908
   vertex 2000.000 1400.000 349.908
  endloop
 endfacet
 facet normal -1.000000 0.000000 0.000000
  outer loop
   vertex 0.000 1600.000 0.000
   vertex 0.000 1500.000 0.000
   vertex 0.000 1500.000 349.908
  endloop
 endfacet
 facet normal -1.000000 0.000000 0.000000
  outer loop
   vertex 0.000 1600.000 0.000
   vertex 0.000 1500.000 349.908
   vertex 0.000 1600.000 349.908
  endloop
 endfacet
 facet normal 1.000000 0.000000 0.000000
  outer loop
   vertex 2000.000 1500.000 10.822
   vertex 2000.000 1600.000 13.733
   vertex 2000.000 1600.000 349.908
  endloop
 endfacet
 facet normal 1.000000 0.000000 0.000000
  outer loop
   vertex 2000.000 1500.000 10.822
   vertex 2000.000 1600.000 349.908
   vertex 2000.000 1500.000 349.908
  endloop
 endfacet
 facet normal -1.000000 0.000000 0.000000
  outer loop
   vertex 0.000 1700.000 0.000
   vertex 0.000 1600.000 0.000
   vertex 0.000 1600.000 349.908
  endloop
 endfacet
 facet normal -1.000000 0.000000 0.000000
  outer loop
   vertex 0.000 1700.000 0.000
   vertex 0.000 1600.000 349.908
   vertex 0.000 1700.000 349.908
  endloop
 endfacet
 facet normal 1.000000 0.000000 0.000000
  outer loop
   vertex 2000.000 1600.000 13.733
   vertex 2000.000 1700.000 18.436
   vertex 2000.000 1700.000 349.908
  endloop
 endfacet
 facet normal 1.000000 0.000000 0.000000
  outer loop
   vertex 2000.000 1600.000 13.733
   vertex 2000.000 1700.000 349.908
   vertex 2000.000 1600.000 349.908
  endloop
 endfacet
 facet normal -1.000000 0.000000 0.000000
  outer loop
   vertex 0.000 1800.000 0.000
   vertex 0.000 1700.000 0.000
   vertex 0.000 1700.000 349.908
  endloop
 endfacet
 facet normal -1.000000 0.000000 0.000000
  outer loop
   vertex 0.000 1800.000 0.000
   vertex 0.000 1700.000 349.908
   vertex 0.000 1800.000 349.908
  endloop
 endfacet
 facet normal 1.000000 0.000000 0.000000
  outer loop
   vertex 2000.000 1700.000 18.436
   vertex 2000.000 1800.000 24.412
   vertex 2000.000 1800.000 349.908
  endloop
 endfacet
 facet normal 1.000000 0.000000 0.000000
  outer loop
   vertex 2000.000 1700.000 18.436
   vertex 2000.000 1800.000 349.908
   vertex 2000.000 1700.000 349.908
  endloop
 endfacet
 facet normal -1.000000 0.000000 0.000000
  outer loop
   vertex 0.000 1900.000 0.000
   vertex 0.000 1800.000 0.000
   vertex 0.000 1800.000 349.908
  endloop
 endfacet
 facet normal -1.000000 0.000000 0.000000
  outer loop
   vertex 0.000 1900.000 0.000
   vertex 0.000 1800.000 349.908
   vertex 0.000 1900.000 349.908
  endloop
 endfacet
 facet normal 1.000000 0.000000 0.000000
  outer loop
   vertex 2000.000 1800.000 24.412
   vertex 2000.000 1900.000 31.003
   vertex 2000.000 1900.000 349.908
  endloop
 endfacet
 facet normal 1.000000 0.000000 0.000000
  outer loop
   vertex 2000.000 1800.000 24.412
   vertex 2000.000 1900.000 349.908
   vertex 2000.000 1800.000 349.908
  endloop
 endfacet
 facet normal 0.000000 1.000000 0.000000
  outer loop
   vertex 100.000 2000.000 0.000
   vertex 0.000 2000.000 0.000
   vertex 0.000 2000.000 349.908
  endloop
 endfacet
 facet normal 0.000000 1.000000 0.000000
  outer loop
   vertex 100.000 2000.000 0.000
   vertex 0.000 2000.000 349.908
   vertex 100.000 2000.000 349.908
  endloop
 endfacet
 facet normal -1.000000 0.000000 0.000000
  outer loop
   vertex 0.000 2000.000 0.000
   vertex 0.000 1900.000 0.000
   vertex 0.000 1900.000 349.908
  endloop
 endfacet
 facet normal -1.000000 0.000000 0.000000
  outer loop
   vertex 0.000 2000.000 0.000
   vertex 0.000 1900.000 349.908
   vertex 0.000 2000.000 349.908
  endloop
 endfacet
 facet normal 0.000000 1.000000 0.000000
  outer loop
   vertex 200.000 2000.000 0.000
   vertex 100.000 2000.000 0.000
   vertex 100.000 2000.000 349.908
  endloop
 endfacet
 facet normal 0.000000 1.000000 0.000000
  outer loop
   vertex 200.000 2000.000 0.000
   vertex 100.000 2000.000 349.908
   vertex 200.000 2000.000 349.908
  endloop
 endfacet
 facet normal 0.000000 1.000000 0.000000
  outer loop
   vertex 300.000 2000.000 0.000
   vertex 200.000 2000.000 0.000
   vertex 200.000 2000.000 349.908
  endloop
 endfacet
 facet normal 0.000000 1.000000 0.000000
  outer loop
   vertex 300.000 2000.000 0.000
   vertex 200.000 2000.000 349.908
   vertex 300.000 2000.000 349.908
  endloop
 endfacet
 facet normal 0.000000 1.000000 0.000000
  outer loop
   vertex 400.000 2000.000 0.000
   vertex 300.000 2000.000 0.000
   vertex 300.000 2000.000 349.908
  endloop
 endfacet
 facet normal 0.000000 1.000000 0.000000
  outer loop
   vertex 400.000 2000.000 0.000
   vertex 300.000 2000.000 349.908
   vertex 400.000 2000.000 349.908
  endloop
 endfacet
 facet normal 0.000000 1.000000 0.000000
  outer loop
   vertex 500.000 2000.000 0.000
   vertex 400.000 2000.000 0.000
   vertex 400.000 2000.000 349.908
  endloop
 endfacet
 facet normal 0.000000 1.000000 0.000000
  outer loop
   vertex 500.000 2000.000 0.000
   vertex 400.000 2000.000 349.908
   vertex 500.000 2000.000 349.908
  endloop
 endfacet
 facet normal 0.000000 1.000000 0.000000
  outer loop
   vertex 600.000 2000.000 0.000
   vertex 500.000 2000.000 0.000
   vertex 500.000 2000.000 349.908
  endloop
 endfacet
 facet normal 0.000000 1.000000 0.000000
  outer loop
   vertex 600.000 2000.000 0.000
   vertex 500.000 2000.000 349.908
   vertex 600.000 2000.000 349.908
  endloop
 endfacet
 facet normal 0.000000 1.000000 0.000000
  outer loop
   vertex 700.000 2000.000 0.000
   vertex 600.000 2000.000 0.000
   vertex 600.000 2000.000 349.908
  endloop
 endfacet
 facet normal 0.000000 1.000000 0.000000
  outer loop
   vertex 700.000 2000.000 0.000
   vertex 600.000 2000.000 349.908
   vertex 700.000 2000.000 349.908
  endloop
 endfacet
 facet normal 0.000000 1.000000 0.000000
  outer loop
   vertex 800.000 2000.000 1.483
   vertex 700.000 2000.000 0.000
   vertex 700.000 2000.000 349.908
  endloop
 endfacet
 facet normal 0.000000 1.000000 0.000000
  outer loop
   vertex 800.000 2000.000 1.483
   vertex 700.000 2000.000 349.908
   vertex 800.000 2000.000 349.908
  endloop
 endfacet
 facet normal 0.000000 1.000000 0.000000
  outer loop
   vertex 900.000 2000.000 4.483
   vertex 800.000 2000.000 1.483
   vertex 800.000 2000.000 349.908
  endloop
 endfacet
 facet normal 0.000000 1.000000 0.000000
  outer loop
   vertex 900.000 2000.000 4.483
   vertex 800.000 2000.000 349.908
   vertex 900.000 2000.000 349.908
  endloop
 endfacet
 facet normal 0.000000 1.000000 0.000000
  outer loop
   vertex 1000.000 2000.000 7.483
   vertex 900.000 2000.000 4.483
   vertex 900.000 2000.000 349.908
  endloop
 endfacet
 facet normal 0.000000 1.000000 0.000000
  outer loop
   vertex 1000.000 2000.000 7.483
   vertex 900.000 2000.000 349.908
   vertex 1000.000 2000.000 349.908
  endloop
 endfacet
 facet normal 0.000000 1.000000 0.000000
  outer loop
   vertex 1100.000 2000.000 10.483
   vertex 1000.000 2000.000 7.483
   vertex 1000.000 2000.000 349.908
  endloop
 endfacet
 facet normal 0.000000 1.000000 0.000000
  outer loop
   vertex 1100.000 2000.000 10.483
   vertex 1000.000 2000.000 349.908
   vertex 1100.000 2000.000 349.908
  endloop
 endfacet
 facet normal 0.000000 1.000000 0.000000
  outer loop
   vertex 1200.000 2000.000 13.483
   vertex 1100.000 2000.000 10.483
   vertex 1100.000 2000.000 349.908
  endloop
 endfacet
 facet normal 0.000000 1.000000 0.000000
  outer loop
   vertex 1200.000 2000.000 13.483
   vertex 1100.000 2000.000 349.908
   vertex 1200.000 2000.000 349.908
  endloop
 endfacet
 facet normal 0.000000 1.000000 0.000000
  outer loop
   vertex 1300.000 2000.000 16.483
   vertex 1200.000 2000.000 13.483
   vertex 1200.000 2000.000 349.908
  endloop
 endfacet
 facet normal 0.000000 1.000000 0.000000
  outer loop
   vertex 1300.000 2000.000 16.483
   vertex 1200.000 2000.000 349.908
   vertex 1300.000 2000.000 349.908
  endloop
 endfacet
 facet normal 0.000000 1.000000 0.000000
  outer loop
   vertex 1400.000 2000.000 19.483
   vertex 1300.000 2000.000 16.483
   vertex 1300.000 2000.000 349.908
  endloop
 endfacet
 facet normal 0.000000 1.000000 0.000000
  outer loop
   vertex 1400.000 2000.000 19.483
   vertex 1300.000 2000.000 349.908
   vertex 1400.000 2000.000 349.908
  endloop
 endfacet
 facet normal 0.000000 1.000000 0.000000
  outer loop
   vertex 1500.000 2000.000 22.483
   vertex 1400.000 2000.000 19.483
   vertex 1400.000 2000.000 349.908
  endloop
 endfacet
 facet normal 0.000000 1.000000 0.000000
  outer loop
   vertex 1500.000 2000.000 22.483
   vertex 1400.000 2000.000 349.908
   vertex 1500.000 2000.000 349.908
  endloop
 endfacet
 facet normal 0.000000 1.000000 0.000000
  outer loop
   vertex 1600.000 2000.000 25.483
   vertex 1500.000 2000.000 22.483
   vertex 1500.000 2000.000 349.908
  endloop
 endfacet
 facet normal 0.000000 1.000000 0.000000
  outer loop
   vertex 1600.000 2000.000 25.483
   vertex 1500.000 2000.000 349.908
   vertex 1600.000 2000.000 349.908
  endloop
 endfacet
 facet normal 0.000000 1.000000 0.000000
  outer loop
   vertex 1700.000 2000.000 28.483
   vertex 1600.000 2000.000 25.483
   vertex 1600.000 2000.000 349.908
  endloop
 endfacet
 facet normal 0.000000 1.000000 0.000000
  outer loop
   vertex 1700.000 2000.000 28.483
   vertex 1600.000 2000.000 349.908
   vertex 1700.000 2000.000 349.908
  endloop
 endfacet
 facet normal 0.000000 1.000000 0.000000
  outer loop
   vertex 1800.000 2000.000 31.483
   vertex 1700.000 2000.000 28.483
   vertex 1700.000 2000.000 349.908
  endloop
 endfacet
 facet normal 0.000000 1.000000 0.000000
  outer loop
   vertex 1800.000 2000.000 31.483
   vertex 1700.000 2000.000 349.908
   vertex 1800.000 2000.000 349.908
  endloop
 endfacet
 facet normal 0.000000 1.000000 0.000000
  outer loop
   vertex 1900.000 2000.000 34.483
   vertex 1800.000 2000.000 31.483
   vertex 1800.000 2000.000 349.908
  endloop
 endfacet
 facet normal 0.000000 1.000000 0.000000
  outer loop
   vertex 1900.000 2000.000 34.483
   vertex 1800.000 2000.000 349.908
   vertex 1900.000 2000.000 349.908
  endloop
 endfacet
 facet normal 1.000000 0.000000 0.000000
  outer loop
   vertex 2000.000 1900.000 31.003
   vertex 2000.000 2000.000 37.483
   vertex 2000.000 2000.000 349.908
  endloop
 endfacet
 facet normal 1.000000 0.000000 0.000000
  outer loop
   vertex 2000.000 1900.000 31.003
   vertex 2000.000 2000.000 349.908
   vertex 2000.000 1900.000 349.908
  endloop
 endfacet
 facet normal 0.000000 1.000000 0.000000
  outer loop
   vertex 2000.000 2000.000 37.483
   vertex 1900.000 2000.000 34.483
   vertex 1900.000 2000.000 349.908
  endloop
 endfacet
 facet normal 0.000000 1.000000 0.000000
  outer loop
   vertex 2000.000 2000.000 37.483
   vertex 1900.000 2000.000 349.908
   vertex 2000.000 2000.000 349.908
  endloop
 endfacet
endsolid sides_above
