$MeshFormat
4.1 0 8
$EndMeshFormat
$PhysicalNames
4
2 1 "top"
2 4 "sky"
2 6 "sides_above"
3 11 "atmosphere"
$EndPhysicalNames
$Entities
2 2 3 1
1 0 1400 349.908 0 
2 1400 0 12 0 
1 0 0 349.908 2000 2000 349.908 1 4 2 1 -1 
2 0 0 0 2000 2000 49.61102859686137 1 1 2 2 -2 
1 0 0 349.908 2000 2000 349.908 1 4 1 1 
2 0 0 0 2000 2000 49.908 1 1 1 2 
3 0 0 0 2000 2000 349.908 1 6 2 2 1 
1 0 0 0 2000 2000 349.908 1 11 3 1 2 3 
$EndEntities
$Nodes
8 776 1 776
0 1 0 1
1
0 1400 349.908
0 2 0 1
2
1400 0 12
1 1 0 53
3
4
5
6
7
8
9
10
11
12
13
14
15
16
17
18
19
20
21
22
23
24
25
26
27
28
29
30
31
32
33
34
35
36
37
38
39
40
41
42
43
44
45
46
47
48
49
50
51
52
53
54
55
0 1251.851851851852 349.908
0 1103.703703703704 349.908
0 955.5555555555561 349.908
0 807.4074074074082 349.908
0 659.2592592592604 349.908
0 511.1111111111127 349.908
0 362.9629629629648 349.908
0 214.814814814817 349.908
0 66.66666666666892 349.908
81.48148148147918 0 349.908
229.6296296296276 0 349.908
377.7777777777754 0 349.908
525.9259259259235 0 349.908
674.0740740740719 0 349.908
822.2222222222197 0 349.908
970.3703703703682 0 349.908
1118.518518518516 0 349.908
1266.666666666663 0 349.908
1414.814814814811 0 349.908
1562.962962962958 0 349.908
1711.111111111105 0 349.908
1859.259259259253 0 349.908
2000 7.407407407400513 349.908
2000 155.5555555555479 349.908
2000 303.703703703696 349.908
2000 451.8518518518434 349.908
2000 599.99999999999 349.908
2000 748.1481481481381 349.908
2000 896.2962962962855 349.908
2000 1044.444444444433 349.908
2000 1192.592592592581 349.908
2000 1340.740740740728 349.908
2000 1488.888888888876 349.908
2000 1637.037037037025 349.908
2000 1785.185185185173 349.908
2000 1933.333333333322 349.908
1918.518518518529 2000 349.908
1770.37037037038 2000 349.908
1622.222222222231 2000 349.908
1474.074074074083 2000 349.908
1325.925925925934 2000 349.908
1177.777777777785 2000 349.908
1029.629629629637 2000 349.908
881.4814814814866 2000 349.908
733.3333333333385 2000 349.908
585.1851851851891 2000 349.908
437.0370370370409 2000 349.908
288.8888888888928 2000 349.908
140.7407407407433 2000 349.908
0 1992.592592592594 349.908
0 1844.444444444446 349.908
0 1696.296296296298 349.908
0 1548.148148148148 349.908
1 2 0 53
56
57
58
59
60
61
62
63
64
65
66
67
68
69
70
71
72
73
74
75
76
77
78
79
80
81
82
83
84
85
86
87
88
89
90
91
92
93
94
95
96
97
98
99
100
101
102
103
104
105
106
107
108
1251.857070661315 0 7.555712119839466
1103.714141322631 0 3.111424239678934
955.5512234613725 0 0
807.3416447972113 0 0
659.1320661330503 0 0
510.9224874688891 0 0
362.7129088047282 0 0
214.503330140567 0 0
66.29375147640566 0 0
0 81.91582718775585 0
0 230.1254058519174 0
0 378.3349845160789 0
0 526.5445631802401 0
0 674.7541418444016 0
0 822.9637205085627 0
0 971.1732991727242 0
0 1119.382877836885 0
0 1267.592456501046 0
0 1415.802035165207 0
0 1564.011613829367 0
0 1712.221192493529 0
0 1860.430771157689 0
8.640349821849469 2000 0
156.849928486011 2000 0
305.059507150171 2000 0
453.2690858143326 2000 0
601.4786644784926 2000 0
749.6827800405058 2000 0.7367956280007003
897.8428065588247 2000 4.41828419676474
1045.985735897509 2000 8.862572076925257
1194.128665236193 2000 13.30685995708579
1342.271594574878 2000 17.75114783724633
1490.414523913563 2000 22.19543571740689
1638.557453252249 2000 26.63972359756747
1786.700382590934 2000 31.08401147772803
1934.84331192962 2000 35.52829935788859
2000 1917.150185886547 32.11433204544824
2000 1769.248409588475 22.57428495700727
2000 1621.249415618651 14.73236001654515
2000 1473.106547280317 10.60658344371534
2000 1324.906661993052 11.0715557987172
2000 1176.78909318061 16.05007733847083
2000 1028.817049342334 24.39802038337392
2000 880.9209151720694 34.02837053367006
2000 732.9676225037688 42.70911151147462
2000 584.8761704257654 48.44643234526832
2000 436.6798713990136 49.61102859686137
2000 288.5161768891876 46.31659181279555
2000 140.4954664722283 38.90205101267785
1992.571717354741 0 29.77715152064224
1844.428788016057 0 25.33286364048172
1696.28585867737 0 20.88857576032112
1548.142929338685 0 16.44428788016056
2 1 0 198
109
110
111
112
113
114
115
116
117
118
119
120
121
122
123
124
125
126
127
128
129
130
131
132
133
134
135
136
137
138
139
140
141
142
143
144
145
146
147
148
149
150
151
152
153
154
155
156
157
158
159
160
161
162
163
164
165
166
167
168
169
170
171
172
173
174
175
176
177
178
179
180
181
182
183
184
185
186
187
188
189
190
191
192
193
194
195
196
197
198
199
200
201
202
203
204
205
206
207
208
209
210
211
212
213
214
215
216
217
218
219
220
221
222
223
224
225
226
227
228
229
230
231
232
233
234
235
236
237
238
239
240
241
242
243
244
245
246
247
248
249
250
251
252
253
254
255
256
257
258
259
260
261
262
263
264
265
266
267
268
269
270
271
272
273
274
275
276
277
278
279
280
281
282
283
284
285
286
287
288
289
290
291
292
293
294
295
296
297
298
299
300
301
302
303
304
305
306
137.6620266947267 1005.87445789766 349.908
1880.423873529239 960.0991058219438 349.908
955.5555555555616 1871.699940180083 349.908
1026.706814356 130.2678391425185 349.908
592.3796879990721 123.9004706348734 349.908
1400.000000000006 1871.699940180084 349.908
138.2871181267304 1481.708439822391 349.908
1887.616935903692 528.0184102110604 349.908
1887.493884178159 1413.601619874133 349.908
131.5060867129909 567.3928243008402 349.908
1492.162671306163 128.6727811454316 349.908
511.111111111116 1871.699940180083 349.908
324.299731424116 130.334199137251 349.9080000000001
1684.43362053295 1859.253005656027 349.908
130.071818438184 1760.486413432257 349.908
1881.780643904542 214.4031151083154 349.908
1859.022747007341 1719.543550412433 349.908
109.8200150933708 274.7276216113144 349.908
1899.168274013328 1890.804581272274 349.908
99.47997854205964 108.9468752399331 349.908
1103.70370370371 1871.699940180083 349.908
1029.629629629636 1743.399880360166 349.9080000000001
881.4814814814883 1743.399880360165 349.908
955.5555555555632 1615.099820540249 349.908
807.407407407415 1615.099820540248 349.908
881.4814814814899 1486.799760720332 349.908
1029.629629629638 1486.799760720332 349.908
955.555555555565 1358.499700900416 349.908
1103.703703703713 1358.499700900417 349.908
1029.62962962964 1230.1996410805 349.908
881.4814814814928 1230.199641080499 349.908
955.5555555555678 1101.899581260583 349.9080000000001
1103.703703703716 1101.899581260585 349.9080000000001
1029.629629629643 973.5995214406673 349.908
881.4814814814956 973.5995214406655 349.908
1177.777777777791 973.5995214406689 349.908
955.5555555555709 845.2994616207502 349.908
807.4074074074233 845.2994616207484 349.9080000000001
733.3333333333422 1486.799760720331 349.908
1251.851851851863 1101.899581260586 349.9080000000001
733.333333333348 973.5995214406641 349.908
881.4814814814986 716.9994018008329 349.908
1029.629629629645 716.9994018008352 349.908
733.333333333351 716.999401800831 349.908
1325.925925925938 973.5995214406701 349.908
1400.00000000001 1101.899581260587 349.908
807.4074074074265 588.6993419809155 349.908
659.2592592592788 588.6993419809137 349.908
585.1851851852034 716.9994018008291 349.908
1177.777777777786 1486.799760720334 349.908
1474.074074074086 973.5995214406713 349.908
1400.000000000013 845.2994616207545 349.908
1548.148148148159 1101.899581260588 349.908
1474.074074074083 1230.199641080504 349.908
1548.14814814816 845.2994616207552 349.908
1474.074074074087 716.9994018008388 349.908
511.1111111111311 588.6993419809118 349.908
437.0370370370556 716.9994018008272 349.908
733.3333333333542 460.3992821609982 349.908
881.4814814815014 460.3992821609997 349.908
807.4074074074294 338.6531749165628 349.908
1622.222222222234 716.9994018008385 349.908
1548.14814814816 588.6993419809221 349.908
1400.000000000013 588.6993419809229 349.908
1474.074074074086 466.9532347364853 349.908
1325.925925925938 468.0455601657329 349.908
659.2592592592672 1615.099820540247 349.908
585.1851851851942 1486.799760720331 349.908
511.1111111111193 1615.099820540247 349.908
437.0370370370466 1486.799760720329 349.908
511.111111111122 1358.499700900413 349.908
511.1111111111279 845.2994616207448 349.908
1177.777777777784 1743.399880360167 349.908
1622.222222222231 1230.199641080506 349.9080000000001
1548.148148148156 1358.499700900421 349.908
367.3691559663084 1361.043617616988 349.908
437.7714025376056 1230.623627199925 349.908
585.3075794352901 1230.270305433736 349.908
362.9629629629801 845.2994616207429 349.908
1620.079802658518 460.2546810784237 349.908
362.9629629629706 1615.099820540245 349.908
271.4146984424768 1239.248204954966 349.908
511.2539044028999 1101.982023006024 349.908
1400.000000000008 1358.499700900419 349.908
1474.074074074081 1486.799760720337 349.908
1620.152034638874 1487.147948748428 349.908
1547.80311688426 1615.157851878268 349.908
1399.942494789357 1615.109492429921 349.908
1251.851851851866 589.973721648377 349.908
1177.777777777792 468.4400110151812 349.908
1258.201058201065 344.2582986050665 349.908
368.050704883193 591.6367511481101 349.908
437.8849940237607 467.4428029310081 349.908
273.3028855588366 478.2911108387854 349.908
952.1456044030035 344.8121712005617 349.908
646.3783569092749 337.2571798822817 349.908
1696.969728036699 1106.903259440289 349.908
1763.750384458989 1235.708226283848 349.908
1683.590537551429 855.1726041590242 349.908
1766.040387748883 737.2438826998555 349.908
1544.731258622885 331.9832906542737 349.908
382.9668615957606 341.4314628352893 349.908
1692.039809814176 341.7402399117101 349.908
1716.508314992204 1620.152357733786 349.908
881.4814814815051 203.7991625211673 349.908
1622.222222222229 203.7991625211727 349.9080000000001
585.1851851851916 1743.399880360165 349.908
293.620510290452 1488.919110073344 349.908
218.0975648726457 1618.639314408437 349.908
287.6578601814377 1748.360071809245 349.908
437.0608359190151 973.6132617315682 349.908
291.5684797517188 979.2816546391659 349.908
217.5453019525016 859.8604861154006 349.908
807.4074074074133 1871.699940180082 349.908
1871.699940180083 1562.962962962952 349.908
659.3034571829173 1101.925098943694 349.908
659.2592592592646 1871.699940180082 349.908
1686.22861617922 594.600677520456 349.908
1616.34768350594 978.312846863714 349.908
1854.648062803249 1113.345278358672 349.908
292.9072630674747 725.0577261536196 349.908
1251.851851851858 1871.699940180083 349.908
363.8360993682495 1104.742079205892 349.908
807.4074074074175 1358.499700900415 349.908
1341.286371143616 121.8082274653564 349.908
1408.765972949348 252.9316618025419 349.908
458.038696938267 123.1070688870158 349.908
519.7696573256537 252.4091493331291 349.908
128.5540100188168 1171.717974672969 349.908
746.8770424964339 127.1430628609567 349.908
129.1255224477528 1322.757058319335 349.9080000000001
1850.706146403393 359.4776926036067 349.908
362.7577915117245 1874.049159047296 349.908
1177.777777777787 1230.199641080501 349.908
955.5555555555726 588.6993419809174 349.908
125.6171852563522 423.4318286590552 349.908
1546.171035520928 1869.625451092741 349.908
436.7976703439265 1744.61811541288 349.908
1685.549860972735 1355.650996166465 349.908
1189.727259311662 120.9920984057776 349.908
1124.725320972452 251.3425901358482 349.908
659.2592592592757 845.2994616207466 349.908
1103.703703703711 1615.09982054025 349.908
585.2203168680974 973.6198047272402 349.908
583.1796942913222 468.9868144550124 349.908
1103.703703703718 845.2994616207521 349.908
1251.851851851865 845.2994616207537 349.908
1325.916341724158 1486.801372701947 349.908
1325.925925925935 1230.199641080503 349.908
807.4147737280279 1101.903834207767 349.908
659.2796583009518 1358.511478292621 349.908
733.3333333333401 1743.399880360165 349.908
1251.850254484898 1358.49996956402 349.908
1325.92592592594 717.211798412081 349.9080000000001
733.3657262560162 1230.218343143122 349.908
1325.916341724157 1743.401492341779 349.9080000000001
1177.777777777792 717.2471978472868 349.908
1251.839072916159 1615.101969849066 349.908
1029.061304437552 470.4121810220909 349.908
1473.675868523489 1743.065684713827 349.908
1103.679047085291 589.5486323559891 349.908
1617.550142599371 1738.536628660005 349.908
1888.501599581853 817.8327820117286 349.908
140.7118666075304 729.5404259574458 349.908
218.7180239853733 1879.387955515036 349.908
1787.164464895654 105.5993625037535 349.908
1763.74686107666 1462.162909430412 349.908
1756.672765711405 482.5867892996526 349.908
1798.261963705051 1827.810200232312 349.908
198.9456640021343 183.5984489767367 349.908
1893.120538944543 674.0740740740642 349.908
1890.686668538569 1268.45541963961 349.908
236.3247178595651 1101.902260117187 349.908
1747.155465077111 987.0026532609552 349.908
234.6314136516501 334.8127161079945 349.908
241.2519728348327 1373.763201199868 349.908
97.68314818365248 881.4814814814822 349.9080000000001
94.75409052864292 1622.222222222223 349.9080000000001
241.2957613660051 618.3837676797602 349.908
1735.599226731672 1744.746654923617 349.908
303.6940741217683 243.2407225964831 349.908
1266.666666666663 217.2764041869585 349.9080000000001
1402.339657954664 372.83440919282 349.908
1637.037037037031 88.97634436704178 349.908
1103.703703703724 371.4229377939637 349.908
896.2962962962939 88.97634436703699 349.908
737.8057643227831 245.3107121414247 349.908
514.0359128291544 373.5054818873441 349.908
1738.376445365649 222.4385052945488 349.908
102.1910441512576 1893.432088801421 349.9080000000001
1905.64087361189 96.59308811500347 349.908
399.7959242626701 222.8570609752884 349.908
1013.548832035195 247.5306940318883 349.908
1803.365283309433 611.4290344726592 349.908
1799.054560317276 1343.214616226841 349.908
1516.970531275156 229.3467240308549 349.908
642.8449875986078 220.9179634159732 349.908
1792.651636860774 877.0887711448111 349.908
2 2 0 236
307
308
309
310
311
312
313
314
315
316
317
318
319
320
321
322
323
324
325
326
327
328
329
330
331
332
333
334
335
336
337
338
339
340
341
342
343
344
345
346
347
348
349
350
351
352
353
354
355
356
357
358
359
360
361
362
363
364
365
366
367
368
369
370
371
372
373
374
375
376
377
378
379
380
381
382
383
384
385
386
387
388
389
390
391
392
393
394
395
396
397
398
399
400
401
402
403
404
405
406
407
408
409
410
411
412
413
414
415
416
417
418
419
420
421
422
423
424
425
426
427
428
429
430
431
432
433
434
435
436
437
438
439
440
441
442
443
444
445
446
447
448
449
450
451
452
453
454
455
456
457
458
459
460
461
462
463
464
465
466
467
468
469
470
471
472
473
474
475
476
477
478
479
480
481
482
483
484
485
486
487
488
489
490
491
492
493
494
495
496
497
498
499
500
501
502
503
504
505
506
507
508
509
510
511
512
513
514
515
516
517
518
519
520
521
522
523
524
525
526
527
528
529
530
531
532
533
534
535
536
537
538
539
540
541
542
1611.976255924834 129.9212093688191 26.64559969929135
132.6006449259094 1744.774191526785 0
233.9417480488303 175.5492139486516 0
1739.579771808369 1823.268904254498 18.13304663366501
1820.891834180401 439.8736318450483 44.2527623587653
821.0857211949924 1871.92643171722 0
1009.632295390312 132.23426678939 8.709970216855538
1871.52340836217 1212.382949907238 10.58323345605985
118.8488631180894 625.0783967872965 0
143.1338316272477 1309.690397638832 0
427.9877384144214 1845.591865952377 0
1256.417255531371 1855.01463238977 5.730532086750857
127.9450318263303 332.9781402495554 0
560.1973744250965 122.7266281127697 0.08340672517386498
1826.491308228634 204.6595916031297 37.36965022419065
1869.520009339408 1548.653443751492 8.323902027788154
1308.257604883163 139.4967514878041 18.09162398562973
1877.108352220541 803.8952296156474 35.21195519801885
1544.107398706819 1864.801939331781 15.00631778256225
120.4966985619214 894.7526257065007 0
284.9393613294313 1826.088811464451 0
373.8071288066134 1727.66515463546 0
499.7175925696524 1707.186990583345 0
418.691612072867 1599.628609114656 0
548.7113273009875 1571.264527312113 0
450.1053158615867 1473.568363103101 0
596.609998618168 1440.921026982802 0
494.8967139705935 1338.643479255584 0
638.6875612525102 1304.63536649606 0
729.8959649021965 1406.030288461612 0
777.1417821715298 1273.771794398931 0
690.1554498643811 1174.350280280571 0
821.0634474956419 1143.491447868743 0
728.4241763708284 1043.156583696911 0
859.2296701554767 1008.315908675987 0
905.2260138442969 1244.301954247106 0
767.491691430437 908.2259215494785 0
896.3444551571182 873.5315612866619 1.516819213648169
806.5842030097409 774.0759724762014 4.7209066337326
933.8457253318015 738.5353096785948 10.42844934434317
1032.165900171346 840.3910947354124 7.556048085020247
1065.352605659961 702.5912973743457 16.28479888840486
1168.245900754046 802.1999939486457 14.05327140524853
1195.462111455217 665.4780647682012 21.6114602116887
841.0079869650928 639.7879844289529 11.93453506881858
713.0531570644824 680.8144843087362 6.568063316277136
1305.701682015516 760.5084619503129 20.41581553856736
1274.431584023635 893.6096193748666 11.45901128763622
1332.393747208865 633.9252765040713 26.89443511925433
594.4264295295399 1068.824645982545 0
749.1957327273436 543.1567149855348 11.6407133497694
618.9222395392179 588.9821102188486 6.943395248207965
1411.011088009711 854.5697891055654 18.02488487514641
1376.093243198081 987.0366509048283 8.331656241425177
1097.565242699585 562.719525896675 21.7549270450468
1512.111786880301 954.5343894512871 14.56808755410515
1472.974366798333 1085.684706691624 5.052926483065562
1341.432818472144 1120.778705277409 0.4077121944640651
1437.829080500577 1215.177589153513 0
1309.76796900374 1251.133639057425 0
1402.124810693004 1344.002907641716 0
1275.463118035677 1377.907509495773 0
1362.538556372525 1471.640245789559 0
1237.591187528956 1502.601676644416 0
581.8169470683629 718.6149806905535 1.556032412221667
488.3307253453642 628.9340637157272 1.914082490377857
523.8646075439306 501.2240061427427 5.602860840539888
1491.071177469292 1433.728357061611 0
1319.53172537805 1613.7262827046 0.05984659259205714
450.3941650188881 754.9016998760321 0
1549.1512747084 817.0273706893992 24.54289759256131
394.6113409471319 545.0723806076894 1.029037991206864
426.6208799180307 418.82685261396 2.325924336300393
1194.763819493449 1628.147447269261 0
1110.57250578349 1529.399989882991 0
1213.334735127901 1159.301310046343 0
1606.369385273975 1054.221136170083 11.01023794524859
1068.950926436821 1656.910429942628 0
984.170614265862 1560.251138206566 0
635.9416470149999 1675.77128373146 0
557.2933086031044 357.5058952628984 5.048703124454781
442.4436939101284 292.1545797271452 0.7762951616162486
875.9869646205455 505.4044075524822 16.09454504056262
784.7482291938851 413.3603270189087 13.04410680953524
906.2981676482138 378.3108070792857 16.06185709421577
818.0639961214229 290.2679955336131 10.9366778443525
326.6223069945589 1498.623774791988 0
124.3008998872681 1590.670012653638 0
545.046151236731 845.6791136859836 0
407.9905151907174 884.123907111955 0
334.5446758123823 343.8016231217088 0.497097884940181
141.5496228767721 1841.790380362032 0
579.5413771648878 1806.868391101326 0
1034.120298952777 1438.52321834312 0
317.4024135512208 799.6718998568015 0
945.2797464083276 1683.057816697236 0
846.2874532840941 1588.591329846339 0
1031.609690561996 1785.751275992437 0
1902.016444886831 1879.702336355242 26.72567433577896
1852.10747054675 1682.330638193292 13.168234030633
1752.839932816502 1615.041907284655 7.025618884092398
1740.376549803185 1486.490486792619 2.925085293304421
1643.971809784135 1561.431350481299 2.383759597364959
1656.530630767978 1675.192067764242 6.965201869991621
1533.804749249066 1641.408308982113 2.436931974097406
98.39017397919176 120.0540101929074 0
1854.302047219671 1419.569107440861 5.806809967191445
1734.729986242765 1362.164646681936 2.592216180202653
1527.833331577457 1314.7289627461 0
707.753349460725 122.1002512132285 0.9767159421711491
1454.392536763868 143.2819993816049 22.6960869269069
1529.086707648503 266.9294098024538 31.22599149484057
1698.260950578759 256.8587767956807 35.85186713798603
1603.632074922637 386.0002304557507 37.18256826257421
1449.726394487354 392.8242274968952 32.74350417228958
1520.759341508668 509.7188599594099 35.36342147675899
1687.514842652488 509.3362646262489 40.37267480271063
1579.880516267174 653.2627830380876 33.59890944767684
1734.855644976574 649.6479061824122 38.3827813230642
1457.536615992025 722.1463586929092 27.01057658805875
639.3861202089456 241.0268774057004 3.379202876110721
1134.431947190224 937.7775585560867 4.376305864858635
1872.812515923804 945.2174066687453 26.00710489337623
1760.303036456853 869.5967080412909 27.55349124425478
343.9351522359005 228.9588645712892 0
1407.952850610023 1869.525494330027 11.23301084959275
1464.936683780182 1759.45315224405 5.937020891509907
1348.390965350878 1749.411078134227 3.137634946466164
953.2892875863845 1113.663317091655 0
1045.476439696918 1221.279934190902 0
853.0812714625517 145.8064695871857 4.803748867938377
711.8679408779365 1768.68697205231 0
1159.848554398413 136.6367629224819 13.47281533692851
1220.056360294221 267.5671284325624 21.98353607948755
1081.126482495851 254.1214483996657 17.21569350246861
1132.903224830952 405.1234285403493 23.4501256247828
1280.284145214256 397.3176744620986 27.77751565988845
1367.026956128935 278.998413311167 26.90271788581233
1151.761978745868 1411.259042043341 0
1151.846156980297 1755.327446965343 0.2136061667588227
855.974792922707 1371.082125938826 0
154.948171748278 494.2406586283677 0
315.6901374850283 462.8065382354568 0.29936782321434
260.3838108632435 579.4241439918844 0
535.594461582548 1203.638423915234 0
400.1838456723946 1229.752451994252 0
455.2537363921781 1099.766426388714 0
323.3733709538794 1106.171394120397 0
653.5735306164959 461.8283970075215 9.336181100460152
121.6685176946321 1040.658201418382 0
257.9776983257128 958.9219360904092 0
122.7472640552116 1180.639978623727 0
994.3483242563891 975.710325462125 0.5259643259741348
1092.28017376617 1081.89642822239 0
699.4119142319191 1539.430906469509 0
1108.087717098639 1881.600267436499 3.509090218442207
1616.247629666801 1421.822902229158 0.2960318125291266
365.7569709379572 1359.906967007989 0
1242.032375512765 1026.713622995332 2.063801368155179
1563.337775293719 1183.16158411584 2.651536690490255
1682.872271075834 1154.7700759048 7.661417253539776
1747.963773214126 1027.319724313955 16.9299923303115
1873.235113549162 1082.680596179729 17.24745435390474
638.0186286247472 940.0612871127221 0
676.7629791981243 809.7190573547899 0.09721368667283482
456.2053145489327 173.1873323253319 0
1177.3955285237 1292.287594002767 0
243.5617211611932 280.3263747150797 0
139.1072235092073 215.4457454751534 0
1823.65910244841 318.9944879358344 42.03452920857758
1007.332565090949 464.7331845706582 19.96257558836487
136.0720036218318 1454.483060121866 0
969.8540696149701 602.1808083474042 17.20040878559177
260.316511679523 1647.437155239627 0
502.6517619916162 972.7629959990012 0
261.5638605593055 1237.852794647298 0
1233.608818301032 529.921239029984 26.40102081293463
1368.743406034038 508.4044461432424 30.8255776184345
948.0491948011957 258.723601542839 13.42872294487735
1877.609864857085 656.9258474078805 42.39437738824309
242.214699970925 1402.114184439785 0
337.2763754833279 123.6920061771985 0
1757.95480209163 95.63624301723604 28.99707980579682
1442.109540220401 1561.466039253958 0
1753.177125726678 1730.292737300133 12.84160775285627
1826.645807766297 1792.047036043293 18.73610510693608
1910.058607839026 1780.560157319607 20.55203323659048
1639.410826803157 921.6887055956463 20.5657129619355
1663.904731198888 762.1337624252473 31.07548978781624
1657.796064597461 1785.286210211258 13.2665858601486
1660.290874800294 1879.483127781377 19.45945919607935
354.1544282816475 666.1470214486694 0
828.7835335356805 1717.079408675632 0
234.115466012794 380.8828905737037 0
980.3040150007515 1901.52153375529 0.9040446578003626
225.2644569748708 706.6591930705972 0
694.8723857763861 340.7441979428442 8.738595139599814
1567.801531926357 1736.868814712968 7.673326325037664
109.1843611536247 761.1984618849906 0
377.4640974472079 1001.80699193514 0
1640.777460339836 1276.451178743111 1.661252781021323
1412.872983964195 1667.455228327588 0.6802943144341381
1725.681614482524 387.5702293653922 40.88503142091245
1923.827938543791 225.7185291787578 41.22939892826989
667.5680520666506 1896.698667538047 0
811.7323135276364 1476.597626117229 0
1916.055688544928 95.91123913677734 33.75810214545855
1071.235402781248 1335.282488421541 0
530.6965025974473 237.314449939326 1.603376367313692
1446.912840802814 607.2701099357477 31.32264633007718
1540.574418533442 1524.109505213956 0.417817725357856
1810.410297137608 559.0052480741748 43.20423854229096
1909.548843440809 502.3319578882856 47.15430898838799
1014.271660701537 354.3985463333223 18.67695188034581
217.3528763480306 1520.453498295792 0
745.948821337007 1646.653827350603 0
1778.261814323576 750.80830874027 35.10837665398714
918.2996313185072 1466.843635650603 0
1751.40881124279 1247.433923648231 5.772640006838625
966.2286593762624 1338.741980354112 0
1780.16199515102 1903.950766153689 24.66386950128965
443.4276423219151 78.57115713760481 0
1250.045890944691 1716.977887861141 0.5792855338221179
207.6204129961391 825.7438907087246 0
222.352272878955 84.86784584845424 0
216.7196874101055 1920.103518217345 0
926.2572127468441 1788.877607943076 0
531.9764322574686 1913.471836404489 0
1866.372152302075 1941.852098475497 29.70618055027446
736.0896833258153 227.0001647252674 5.654437849815887
1829.113454733086 1313.143985270474 6.109519288058665
80.69099402690036 1928.018218197958 0
211.4375459712446 1107.291190246577 0
133.4598205894552 58.12966355114933 0
1791.107287330063 1145.844968326429 11.36454073842134
1922.593170448075 359.6902606872317 46.064710917379
2 3 0 120
543
544
545
546
547
548
549
550
551
552
553
554
555
556
557
558
559
560
561
562
563
564
565
566
567
568
569
570
571
572
573
574
575
576
577
578
579
580
581
582
583
584
585
586
587
588
589
590
591
592
593
594
595
596
597
598
599
600
601
602
603
604
605
606
607
608
609
610
611
612
613
614
615
616
617
618
619
620
621
622
623
624
625
626
627
628
629
630
631
632
633
634
635
636
637
638
639
640
641
642
643
644
645
646
647
648
649
650
651
652
653
654
655
656
657
658
659
660
661
662
1482.541059373322 0 117.4610009474461
1356.115179118999 0 107.2241222260741
1408.839828173976 0 208.8850772589487
1894.72355252304 2000 125.5376563851175
1834.061827231003 2000 209.4974450019978
2000 1896.055835796769 248.7823918487033
2000 1825.804204815404 165.1822888348547
1257.650697473987 0 112.9065565824912
1162.793950789566 0 106.1849037775558
885.5342754505075 2000 204.440575995234
806.5168365916086 2000 106.9624688451887
934.7749090259707 2000 103.1314942955433
1051.781483666128 0 106.39209369443
1112.791423137079 0 209.3915998819132
663.0091471451861 2000 106.1884685478918
735.8816108664207 2000 204.2976166961953
85.9010037183524 0 235.7716193120866
181.1990135866643 0 260.5267108693599
961.4212079717606 0 127.8782708916991
868.8264121108045 0 103.7868649745916
819.8468908866096 0 204.8564915224108
755.8448669996803 0 104.6000873835747
0 1425.931986616016 176.9158330089743
0 1550.005218929745 155.8606290328262
0 1498.891942042691 259.6190622613663
663.5946532563273 0 131.402891173061
563.8072016236938 0 104.9491719767484
513.785150382491 0 209.8148149478637
435.1215501154543 0 106.7497806080196
0 1485.20855897236 87.61994159237
294.4063840849197 0 106.4381284702686
0 271.7928685324289 235.7443170891461
0 164.5680887441445 222.4477925613712
0 259.0859651791013 111.314491871887
200.578096780703 0 159.6051095949904
0 147.5953444817602 100.9329291940772
0 1835.574694639148 210.6121740898976
0 1743.325357416958 238.5434802027852
0 1782.257571965378 110.6338350920575
259.919519297485 2000 115.7056569079901
374.3755243011924 2000 106.713392308481
511.670251044882 2000 104.8267514207144
433.3865920211907 2000 206.6064083810968
585.4446896612934 2000 203.309521137301
0 554.2617092956375 240.4405433833907
0 471.3209482184315 116.4336106918943
0 576.8419988857744 107.9162353482797
1567.011111371193 0 211.5804563107695
1484.442104481569 0 242.8558370151224
2000 1949.083506262671 132.2148075138919
1801.280086429477 0 242.7667496722759
1918.999135577093 0 217.9377236925422
1857.252936343833 0 130.5707175661817
2000 1433.041495095049 239.4846414276639
2000 1554.962158604184 181.3248471709896
2000 1429.319905079702 117.0548772490363
2000 1136.974564272041 242.1211840945101
2000 1127.704775424789 120.8788202573452
2000 1048.565185951717 186.6985979645635
813.118655569795 2000 239.8920770940423
161.1066332747525 2000 206.0364727070917
235.8494217858887 2000 248.9089062062048
105.5639909852431 2000 100.6454815785601
1748.032196742797 0 128.1982969150905
511.1563443863031 2000 249.3135260115843
2000 1239.524172114476 179.4130022635828
2000 1344.513288859191 179.4521322054422
0 366.6549879394046 140.8969690095247
0 422.4522102410922 243.1365965709173
660.5546562614091 2000 237.2619207781956
1256.303509921706 2000 244.7337615199189
1258.563208034074 2000 130.5727458345702
1410.304574068731 2000 184.9647955105275
335.1527703096356 2000 228.4149556553176
0 646.8150164613588 177.8938859471848
312.6382325060391 0 226.8366529241389
726.4038008568755 0 233.7115331789996
1046.706911918535 2000 134.1780993812822
429.0238321698274 0 248.5391572657289
986.651726377668 2000 236.6649252495722
1317.942510736421 0 221.184847088785
0 1205.102490080209 231.7577605932121
0 1206.188864138323 106.1606963597735
0 1310.749306402206 170.2544709550726
2000 88.87008703255299 194.5801339368064
2000 221.7762172050829 196.335818977548
1554.530830929529 2000 239.5615878428949
1559.866829200605 2000 121.5765168015347
1706.085717106152 2000 189.335448234516
1023.556303729624 0 236.9918711596399
0 909.3046185522835 231.7270308636549
0 910.5719353228969 106.0382989119412
0 1015.212094879775 170.1477387682392
614.5461628268504 0 233.1613208466731
1127.798534186075 2000 225.1788782315427
0 1634.320745793233 261.5493127687648
2000 370.0441996994671 198.9606190280574
2000 518.4318866361725 199.4499605138186
910.3831577312227 0 234.5524989350502
1668.780487470394 0 231.4360334685165
0 1896.96845817407 108.9753312544803
1205.010835355613 0 231.288874930424
0 1666.51610179847 127.8844142368993
0 831.4299897679326 174.1728390761697
0 1121.332405659445 173.6536888532911
1621.087836533577 0 112.161780801976
2000 666.7666074082008 197.6985441189602
2000 814.9664698581491 194.0865957802291
2000 1695.867363683873 183.3438104632355
2000 946.6121036184137 190.0330478648149
1942.468562438619 2000 235.4294078334082
1138.933394623239 2000 98.65275790569574
0 66.95382907672771 194.8491131323228
68.13143226415686 2000 235.6869751245201
0 740.1667603709739 174.9885088986665
101.6380213521683 0 109.7679563332629
0 1921.642777809814 237.5012793241539
2000 21.44922652755652 195.2868713242967
0 46.66542111570056 84.60524672273139
0 1967.112674165131 134.6575657408514
3 1 0 114
663
664
665
666
667
668
669
670
671
672
673
674
675
676
677
678
679
680
681
682
683
684
685
686
687
688
689
690
691
692
693
694
695
696
697
698
699
700
701
702
703
704
705
706
707
708
709
710
711
712
713
714
715
716
717
718
719
720
721
722
723
724
725
726
727
728
729
730
731
732
733
734
735
736
737
738
739
740
741
742
743
744
745
746
747
748
749
750
751
752
753
754
755
756
757
758
759
760
761
762
763
764
765
766
767
768
769
770
771
772
773
774
775
776
1768.700932687574 1770.613038939549 181.2236132653997
308.3178415364091 283.1116100263878 171.2529617667558
1086.996426165132 1399.240401619373 171.5244032189804
1737.860570094942 1308.894717325205 179.2374096578581
1328.999855928074 1324.366123761115 175.6302624118536
1464.150693287551 1623.45342694435 174.7597565650915
479.3952257199545 349.811766017426 171.1483184064591
583.7076014379039 195.6200837949238 175.1651367162024
1140.510258878728 1680.377746653455 174.5098893890687
1020.748912628482 1822.280852339025 181.882547545929
601.9660911207802 795.4315160682647 174.960599572195
1557.975935427546 1255.799687525495 175.5280247436489
798.6207791505743 1409.066830566546 171.9559530238894
654.0009905363593 1017.232678061028 175.5570218193338
448.8116547736435 1025.015972790118 170.883200988756
877.6849090720901 1086.502467390188 173.1268914658768
1314.839471395112 1052.732127146217 176.6561894208835
876.6546167299881 806.695599831954 177.7657030625892
1553.406939461756 1457.519840584465 176.2128317674625
737.4462087135959 1586.633694566485 177.855018110165
176.1950173626319 412.2097916332929 172.5932339039765
1590.294720398081 1783.447436858871 178.9138639517683
946.8403906260103 1522.165040479705 178.7812825713603
938.7955018703807 1286.073641434294 178.7473529849599
1290.402511622393 1549.338319267072 175.2380062217018
410.9821073850258 619.2876555775545 170.9279310824861
1838.893224278327 1165.533605415507 178.962104002567
1683.984242209159 1612.138480787096 173.1770968757112
562.2704383849887 1302.521074041266 174.8208743387062
758.8478680140045 625.4186953879317 176.1125737016959
889.1416716597851 1695.602651927823 173.5742047851801
1525.564631589958 1042.067610419491 176.6419848086894
1177.777777777791 888.0661482273915 181.7604583694151
416.0118903310553 805.3750309420726 175.9234704012306
231.6262331587304 768.4512314639392 177.4970009099183
363.2807219665706 1788.455847440633 179.9841434596535
170.3585646786032 1822.099416318199 168.2555082301558
704.5842381664005 410.8138079893603 176.8042548557048
1386.898872480903 1793.455672219566 180.5622410852046
580.8265742369201 547.7579418537546 182.886385215547
659.2592592592657 1786.166566966804 181.0166626330528
964.795065115129 404.7717893555814 182.4354150384534
511.1111111111202 1510.604667257116 176.3261423141795
1036.62728671795 635.8281774691101 185.1275482550766
760.3447515053751 165.8182551588153 172.2845526195052
944.4357724119368 176.586942887994 178.6135821552395
1056.343891997882 1141.005753015464 173.5063563469701
1532.380659505237 172.1558712204296 181.9618534887338
338.5070364939478 1182.426117729477 175.8578955411826
767.8693471074722 1232.576496066641 174.1152510722364
224.187303272888 1029.8065718996 173.780381078439
1474.074074074086 869.1170265817184 186.7771948320661
1003.701146674323 934.5956042453622 175.8118842394877
217.1920984065259 1458.638462080454 179.1509535336693
1399.938584960902 674.2681731835632 191.5989017368624
423.598790668831 169.8766476688141 196.9428876909805
176.3702696942369 171.3607886856859 163.1912408886176
1807.521441318638 1477.605993069989 172.5524689607747
213.272651452352 588.8878919130461 174.019865185598
1813.439249407423 803.5645252927203 195.3945787555862
510.4803758442349 1688.397617513794 187.5395699435464
1231.616450533656 721.5366330531851 183.4254116039641
348.3265165985961 1606.976447870438 168.2021928824513
1672.255230332901 1129.145782046409 175.9820909791346
1766.356058215657 157.6342899319605 189.3401465142589
164.3666037442189 1206.69709089332 168.9683228662886
341.9099436499 449.6926030628073 167.7229738325889
1218.601344737691 1193.97831528079 187.572309815932
1223.582553759702 172.8215595085182 179.4033576684252
1123.684960003569 482.0870627076071 182.2434178742033
1217.403990572772 1837.584613920762 181.6033601792164
1399.864464425492 449.117197572106 192.4692115271026
815.5711238131245 1846.238954401319 173.1415370917855
1411.655822928721 1183.805489936396 158.7597745111049
398.3736324996379 1372.562113596665 174.7681711080192
1676.41875123493 955.1232039546177 187.7552706512329
156.4397833810902 1620.911199909586 187.7641476520253
1753.078797415425 324.9959048338097 194.3286000120032
1110.587058876405 307.0791863032496 181.9183647391589
1751.350551497771 557.3973860749533 200.0355558594312
798.2435739293132 946.5406321414589 154.3938836609379
1277.509926226161 561.7174026533833 188.0049027109764
1645.161376579036 789.5258726298098 199.1035279740327
1583.020391703473 523.8645821431635 194.7706698475884
901.1190674211149 551.4474175739632 167.8494212320357
510.3813668749461 1843.527387786796 143.6437467496872
1839.130801942482 1879.309365684821 145.4654866737312
555.4206899772948 1142.990916790513 199.9259348359687
832.6270095645372 311.1733486318549 171.2637030578468
646.000408873686 1433.188539384231 210.0142358929205
1058.794579195545 788.6420794894697 153.9423431938445
1527.980185005099 340.4065778942588 182.6459831813874
1222.914030164407 1429.082556749854 126.5256642414602
1347.664404996904 287.5932487560506 195.3495915640493
1089.130584589005 1544.78819680538 145.4976154465743
1838.456281909811 1629.831632052891 208.925551067384
1323.203598108253 843.4099842621465 212.1664794057502
147.3491806870122 896.5128365436403 152.9136469466477
1404.196367656197 1453.135422084906 216.2345989089069
1839.469410529091 997.1283886297018 182.7504880371291
1715.86346041003 1871.206790211783 130.4906483529562
336.7833650097747 928.4538642333714 128.8600731564175
1165.322311810433 1038.791974720889 210.9175214280508
1371.577748000678 140.5691417495271 163.7075644527528
1284.445058728433 1693.593034850805 142.6289599946763
741.1468586439249 766.2090951699754 136.4846992390379
1550.283407456052 671.2302801304685 220.8609319467238
548.723101914463 925.0456804281241 131.0190650052488
306.8450870132476 153.8297693778114 129.0757009294303
1462.448757017265 1353.469776356467 130.3107452530808
261.453932981308 1316.381526181343 210.3725023626054
1859.288521672083 441.9840011800879 197.5443205174133
536.7581387923667 672.5270401205689 129.0461534774356
1083.52494161059 134.2234768845494 157.1582501578321
$EndNodes
$Elements
6 3960 1 3960
1 1 1 54
1 1 3 
2 3 4 
3 4 5 
4 5 6 
5 6 7 
6 7 8 
7 8 9 
8 9 10 
9 10 11 
10 11 12 
11 12 13 
12 13 14 
13 14 15 
14 15 16 
15 16 17 
16 17 18 
17 18 19 
18 19 20 
19 20 21 
20 21 22 
21 22 23 
22 23 24 
23 24 25 
24 25 26 
25 26 27 
26 27 28 
27 28 29 
28 29 30 
29 30 31 
30 31 32 
31 32 33 
32 33 34 
33 34 35 
34 35 36 
35 36 37 
36 37 38 
37 38 39 
38 39 40 
39 40 41 
40 41 42 
41 42 43 
42 43 44 
43 44 45 
44 45 46 
45 46 47 
46 47 48 
47 48 49 
48 49 50 
49 50 51 
50 51 52 
51 52 53 
52 53 54 
53 54 55 
54 55 1 
1 2 1 54
55 2 56 
56 56 57 
57 57 58 
58 58 59 
59 59 60 
60 60 61 
61 61 62 
62 62 63 
63 63 64 
64 64 65 
65 65 66 
66 66 67 
67 67 68 
68 68 69 
69 69 70 
70 70 71 
71 71 72 
72 72 73 
73 73 74 
74 74 75 
75 75 76 
76 76 77 
77 77 78 
78 78 79 
79 79 80 
80 80 81 
81 81 82 
82 82 83 
83 83 84 
84 84 85 
85 85 86 
86 86 87 
87 87 88 
88 88 89 
89 89 90 
90 90 91 
91 91 92 
92 92 93 
93 93 94 
94 94 95 
95 95 96 
96 96 97 
97 97 98 
98 98 99 
99 99 100 
100 100 101 
101 101 102 
102 102 103 
103 103 104 
104 104 105 
105 105 106 
106 106 107 
107 107 108 
108 108 2 
2 1 2 448
109 1 3 239 
110 55 1 115 
111 115 1 239 
112 3 4 237 
113 3 237 239 
114 4 5 109 
115 4 109 237 
116 5 6 285 
117 109 5 285 
118 6 7 272 
119 6 272 285 
120 7 8 118 
121 7 118 272 
122 8 9 244 
123 118 8 244 
124 9 10 126 
125 9 126 244 
126 10 11 128 
127 126 10 128 
128 11 12 128 
129 12 13 128 
130 13 14 121 
131 13 121 278 
132 128 13 278 
133 14 15 235 
134 121 14 235 
135 15 16 113 
136 15 113 235 
137 16 17 238 
138 113 16 238 
139 17 18 294 
140 238 17 294 
141 18 19 112 
142 18 112 294 
143 19 20 248 
144 112 19 248 
145 20 21 233 
146 20 233 248 
147 21 22 119 
148 21 119 233 
149 22 23 292 
150 119 22 292 
151 23 24 274 
152 23 274 292 
153 24 25 299 
154 274 24 299 
155 25 26 299 
156 26 27 124 
157 26 124 299 
158 27 28 240 
159 124 27 240 
160 28 29 116 
161 28 116 240 
162 29 30 279 
163 116 29 279 
164 30 31 271 
165 30 271 279 
166 31 32 110 
167 31 110 271 
168 32 33 228 
169 110 32 228 
170 33 34 280 
171 228 33 280 
172 34 35 117 
173 34 117 280 
174 35 36 223 
175 117 35 223 
176 36 37 125 
177 36 125 223 
178 37 38 127 
179 125 37 127 
180 38 39 127 
181 39 40 127 
182 40 41 122 
183 40 122 277 
184 127 40 277 
185 41 42 245 
186 122 41 245 
187 42 43 114 
188 42 114 245 
189 43 44 230 
190 114 43 230 
191 44 45 129 
192 44 129 230 
193 45 46 111 
194 45 111 129 
195 46 47 222 
196 111 46 222 
197 47 48 225 
198 222 47 225 
199 48 49 120 
200 48 120 225 
201 49 50 241 
202 120 49 241 
203 50 51 273 
204 241 50 273 
205 51 52 298 
206 273 51 298 
207 52 53 298 
208 53 54 123 
209 53 123 298 
210 54 55 286 
211 123 54 286 
212 55 115 286 
213 220 109 221 
214 109 220 281 
215 221 109 285 
216 237 109 281 
217 110 228 282 
218 271 110 306 
219 110 282 306 
220 129 111 130 
221 130 111 131 
222 131 111 222 
223 112 213 294 
224 213 112 301 
225 112 248 249 
226 112 249 301 
227 235 113 236 
228 236 113 305 
229 113 238 305 
230 114 230 264 
231 245 114 268 
232 114 264 268 
233 115 216 217 
234 216 115 284 
235 115 217 286 
236 115 239 284 
237 240 116 276 
238 276 116 302 
239 116 279 302 
240 117 223 275 
241 117 275 303 
242 280 117 303 
243 202 118 244 
244 118 202 287 
245 272 118 287 
246 214 119 292 
247 119 214 304 
248 233 119 234 
249 234 119 304 
250 120 215 225 
251 215 120 246 
252 120 241 246 
253 121 235 300 
254 278 121 289 
255 289 121 300 
256 122 245 270 
257 122 270 288 
258 277 122 288 
259 123 217 218 
260 217 123 286 
261 123 218 273 
262 123 273 298 
263 124 240 297 
264 274 124 297 
265 124 274 299 
266 125 127 277 
267 125 212 223 
268 212 125 288 
269 125 277 288 
270 126 128 278 
271 244 126 283 
272 126 278 283 
273 129 130 181 
274 129 181 230 
275 130 131 132 
276 130 132 251 
277 181 130 251 
278 132 131 133 
279 133 131 260 
280 131 222 260 
281 132 133 134 
282 132 134 135 
283 132 135 251 
284 134 133 147 
285 147 133 175 
286 175 133 260 
287 135 134 136 
288 136 134 232 
289 134 147 232 
290 135 136 137 
291 135 137 158 
292 135 158 251 
293 137 136 138 
294 138 136 139 
295 139 136 232 
296 137 138 242 
297 158 137 261 
298 137 242 261 
299 138 139 140 
300 138 140 141 
301 138 141 242 
302 140 139 258 
303 139 232 263 
304 258 139 263 
305 141 140 142 
306 142 140 143 
307 143 140 258 
308 141 142 144 
309 141 144 148 
310 141 148 242 
311 142 143 145 
312 144 142 254 
313 142 145 254 
314 145 143 146 
315 146 143 149 
316 149 143 258 
317 148 144 153 
318 153 144 255 
319 144 254 255 
320 145 146 150 
321 145 150 151 
322 145 151 254 
323 146 149 250 
324 150 146 152 
325 152 146 250 
326 147 175 176 
327 147 176 259 
328 232 147 259 
329 148 153 154 
330 148 154 257 
331 242 148 257 
332 149 224 252 
333 224 149 258 
334 250 149 252 
335 151 150 243 
336 150 152 155 
337 150 155 243 
338 151 243 269 
339 254 151 265 
340 265 151 269 
341 155 152 156 
342 156 152 157 
343 157 152 250 
344 154 153 159 
345 159 153 160 
346 160 153 255 
347 154 159 161 
348 154 161 162 
349 154 162 257 
350 155 156 167 
351 155 167 168 
352 155 168 243 
353 156 157 165 
354 156 165 253 
355 167 156 253 
356 165 157 166 
357 166 157 180 
358 180 157 250 
359 251 158 266 
360 256 158 261 
361 158 256 266 
362 159 160 163 
363 161 159 227 
364 159 163 227 
365 163 160 164 
366 164 160 262 
367 160 255 262 
368 162 161 182 
369 182 161 205 
370 205 161 227 
371 162 182 183 
372 162 183 192 
373 162 192 257 
374 163 164 170 
375 163 170 207 
376 163 207 227 
377 170 164 171 
378 171 164 172 
379 172 164 262 
380 165 166 200 
381 165 200 201 
382 165 201 253 
383 166 180 187 
384 166 187 229 
385 200 166 229 
386 168 167 169 
387 169 167 204 
388 204 167 253 
389 168 169 203 
390 168 203 267 
391 243 168 267 
392 203 169 213 
393 169 204 295 
394 213 169 295 
395 170 171 226 
396 207 170 208 
397 208 170 226 
398 171 172 173 
399 171 173 188 
400 171 188 226 
401 173 172 174 
402 174 172 197 
403 197 172 262 
404 173 174 291 
405 188 173 209 
406 209 173 291 
407 174 197 198 
408 174 198 199 
409 174 199 291 
410 176 175 177 
411 177 175 215 
412 215 175 260 
413 176 177 178 
414 176 178 179 
415 176 179 259 
416 178 177 189 
417 189 177 246 
418 177 215 246 
419 179 178 184 
420 184 178 216 
421 178 189 216 
422 179 184 185 
423 179 185 186 
424 179 186 259 
425 187 180 219 
426 219 180 252 
427 180 250 252 
428 230 181 264 
429 181 251 266 
430 264 181 266 
431 183 182 247 
432 182 205 206 
433 182 206 247 
434 192 183 193 
435 193 183 194 
436 194 183 247 
437 185 184 190 
438 190 184 284 
439 184 216 284 
440 186 185 191 
441 185 190 231 
442 191 185 231 
443 186 191 224 
444 186 224 263 
445 259 186 263 
446 187 219 220 
447 187 220 221 
448 187 221 229 
449 188 209 211 
450 188 211 276 
451 226 188 276 
452 216 189 217 
453 217 189 218 
454 218 189 246 
455 231 190 281 
456 237 190 239 
457 190 237 281 
458 239 190 284 
459 219 191 231 
460 191 219 252 
461 224 191 252 
462 192 193 256 
463 192 256 261 
464 257 192 261 
465 193 194 195 
466 193 195 196 
467 193 196 256 
468 195 194 212 
469 212 194 275 
470 194 247 275 
471 196 195 268 
472 195 212 270 
473 268 195 270 
474 256 196 266 
475 196 264 266 
476 264 196 268 
477 198 197 269 
478 197 262 265 
479 197 265 269 
480 199 198 293 
481 267 198 269 
482 198 267 293 
483 234 199 290 
484 199 234 291 
485 199 249 290 
486 249 199 293 
487 201 200 202 
488 202 200 287 
489 200 229 287 
490 201 202 210 
491 201 210 296 
492 253 201 296 
493 210 202 283 
494 202 244 283 
495 203 213 301 
496 267 203 293 
497 293 203 301 
498 236 204 296 
499 204 236 305 
500 204 253 296 
501 295 204 305 
502 206 205 228 
503 205 227 282 
504 228 205 282 
505 206 228 280 
506 247 206 303 
507 206 280 303 
508 207 208 306 
509 227 207 282 
510 282 207 306 
511 208 226 302 
512 271 208 279 
513 208 271 306 
514 279 208 302 
515 211 209 214 
516 214 209 304 
517 234 209 291 
518 209 234 304 
519 210 236 296 
520 236 210 300 
521 210 283 289 
522 210 289 300 
523 211 214 297 
524 211 240 276 
525 240 211 297 
526 223 212 275 
527 270 212 288 
528 213 238 294 
529 238 213 295 
530 214 292 297 
531 225 215 260 
532 241 218 246 
533 218 241 273 
534 220 219 231 
535 220 231 281 
536 229 221 272 
537 272 221 285 
538 222 225 260 
539 224 258 263 
540 226 276 302 
541 229 272 287 
542 232 259 263 
543 233 234 290 
544 248 233 290 
545 235 236 300 
546 238 295 305 
547 242 257 261 
548 243 267 269 
549 245 268 270 
550 275 247 303 
551 249 248 290 
552 249 293 301 
553 255 254 265 
554 262 255 265 
555 292 274 297 
556 283 278 289 
2 2 2 524
557 56 323 2 
558 2 417 108 
559 323 417 2 
560 57 439 56 
561 56 439 323 
562 58 313 57 
563 313 439 57 
564 59 437 58 
565 58 437 313 
566 60 416 59 
567 416 437 59 
568 61 320 60 
569 320 416 60 
570 62 528 61 
571 61 528 320 
572 63 531 62 
573 488 528 62 
574 62 531 488 
575 64 540 63 
576 63 540 531 
577 65 412 64 
578 412 540 64 
579 66 412 65 
580 67 319 66 
581 319 475 66 
582 66 475 412 
583 68 448 67 
584 67 448 319 
585 69 315 68 
586 315 448 68 
587 70 505 69 
588 69 505 315 
589 71 326 70 
590 326 505 70 
591 72 456 71 
592 71 456 326 
593 73 458 72 
594 72 458 456 
595 74 316 73 
596 316 458 73 
597 75 478 74 
598 74 478 316 
599 76 394 75 
600 394 478 75 
601 77 308 76 
602 308 394 76 
603 78 538 77 
604 77 398 308 
605 77 538 398 
606 79 538 78 
607 80 532 79 
608 79 532 398 
609 398 538 79 
610 81 317 80 
611 317 327 80 
612 327 532 80 
613 82 534 81 
614 81 534 317 
615 83 511 82 
616 511 534 82 
617 84 312 83 
618 312 511 83 
619 85 501 84 
620 84 501 312 
621 86 462 85 
622 462 501 85 
623 87 318 86 
624 318 462 86 
625 88 432 87 
626 87 432 318 
627 89 325 88 
628 325 432 88 
629 90 527 89 
630 89 497 325 
631 89 527 497 
632 91 535 90 
633 90 535 527 
634 92 405 91 
635 405 535 91 
636 93 493 92 
637 92 493 405 
638 94 493 93 
639 95 322 94 
640 322 406 94 
641 406 493 94 
642 96 413 95 
643 95 413 322 
644 97 314 96 
645 314 537 96 
646 96 537 413 
647 98 469 97 
648 97 469 314 
649 99 429 98 
650 429 469 98 
651 100 324 99 
652 324 429 99 
653 101 486 100 
654 100 486 324 
655 102 519 101 
656 101 519 486 
657 103 542 102 
658 102 542 519 
659 104 510 103 
660 510 542 103 
661 105 513 104 
662 104 513 510 
663 106 513 105 
664 107 489 106 
665 489 513 106 
666 108 307 107 
667 307 489 107 
668 108 417 307 
669 417 418 307 
670 418 419 307 
671 419 489 307 
672 308 398 327 
673 327 480 308 
674 308 480 394 
675 412 475 309 
676 309 531 412 
677 309 474 431 
678 431 488 309 
679 309 475 474 
680 488 531 309 
681 310 492 491 
682 491 496 310 
683 310 527 492 
684 496 497 310 
685 497 527 310 
686 311 509 423 
687 423 518 311 
688 476 509 311 
689 311 542 476 
690 518 519 311 
691 519 542 311 
692 312 499 438 
693 438 511 312 
694 312 533 499 
695 501 533 312 
696 437 485 313 
697 313 441 439 
698 313 485 441 
699 469 541 314 
700 525 537 314 
701 314 541 525 
702 315 450 448 
703 315 502 450 
704 315 505 502 
705 316 482 458 
706 478 487 316 
707 316 487 482 
708 317 328 327 
709 317 329 328 
710 317 399 329 
711 317 534 399 
712 432 434 318 
713 434 529 318 
714 446 462 318 
715 318 529 446 
716 448 500 319 
717 474 475 319 
718 319 500 474 
719 320 427 416 
720 320 515 427 
721 472 515 320 
722 320 528 472 
723 419 476 321 
724 321 489 419 
725 476 510 321 
726 321 513 489 
727 510 513 321 
728 322 407 406 
729 322 408 407 
730 322 413 408 
731 323 444 417 
732 439 440 323 
733 440 444 323 
734 324 430 429 
735 324 523 430 
736 486 523 324 
737 325 433 432 
738 325 504 433 
739 325 497 496 
740 496 504 325 
741 456 457 326 
742 457 530 326 
743 326 530 505 
744 328 480 327 
745 398 532 327 
746 329 330 328 
747 330 480 328 
748 329 331 330 
749 329 386 331 
750 329 399 386 
751 331 332 330 
752 332 393 330 
753 393 480 330 
754 331 333 332 
755 331 461 333 
756 386 461 331 
757 333 334 332 
758 334 464 332 
759 332 464 393 
760 333 335 334 
761 333 336 335 
762 333 461 336 
763 335 451 334 
764 451 452 334 
765 452 464 334 
766 336 337 335 
767 337 338 335 
768 338 451 335 
769 336 447 337 
770 336 512 447 
771 461 512 336 
772 337 339 338 
773 337 342 339 
774 337 447 342 
775 339 340 338 
776 340 356 338 
777 356 451 338 
778 339 341 340 
779 339 435 341 
780 342 435 339 
781 341 343 340 
782 343 470 340 
783 340 470 356 
784 341 344 343 
785 341 459 344 
786 435 459 341 
787 342 436 435 
788 342 526 436 
789 447 526 342 
790 344 345 343 
791 345 471 343 
792 343 471 470 
793 344 346 345 
794 344 347 346 
795 344 459 347 
796 346 351 345 
797 351 352 345 
798 352 471 345 
799 347 348 346 
800 348 479 346 
801 346 479 351 
802 347 349 348 
803 347 428 349 
804 347 459 428 
805 349 350 348 
806 350 361 348 
807 361 479 348 
808 349 353 350 
809 349 354 353 
810 349 428 354 
811 353 355 350 
812 355 483 350 
813 350 483 361 
814 351 357 352 
815 351 389 357 
816 351 479 389 
817 357 358 352 
818 358 371 352 
819 371 471 352 
820 354 359 353 
821 353 426 355 
822 359 426 353 
823 354 360 359 
824 354 465 360 
825 428 465 354 
826 426 516 355 
827 355 484 483 
828 355 516 484 
829 356 453 451 
830 356 481 453 
831 470 481 356 
832 357 455 358 
833 389 390 357 
834 390 455 357 
835 358 372 371 
836 358 373 372 
837 358 455 373 
838 360 362 359 
839 362 377 359 
840 377 426 359 
841 360 363 362 
842 360 364 363 
843 360 465 364 
844 442 477 361 
845 361 483 442 
846 477 479 361 
847 363 383 362 
848 362 494 377 
849 383 494 362 
850 364 365 363 
851 365 466 363 
852 363 466 383 
853 364 366 365 
854 364 382 366 
855 364 465 382 
856 366 367 365 
857 367 415 365 
858 415 466 365 
859 366 368 367 
860 366 473 368 
861 382 473 366 
862 368 369 367 
863 369 374 367 
864 374 415 367 
865 368 370 369 
866 368 445 370 
867 368 473 445 
868 370 375 369 
869 369 490 374 
870 375 490 369 
871 370 380 375 
872 370 381 380 
873 370 445 381 
874 372 376 371 
875 376 395 371 
876 395 471 371 
877 373 378 372 
878 372 498 376 
879 378 498 372 
880 373 379 378 
881 373 387 379 
882 373 455 387 
883 374 463 415 
884 374 517 463 
885 490 517 374 
886 380 529 375 
887 434 508 375 
888 375 529 434 
889 375 508 490 
890 376 396 395 
891 376 401 396 
892 376 498 401 
893 424 426 377 
894 377 495 424 
895 494 495 377 
896 379 449 378 
897 449 450 378 
898 450 498 378 
899 387 388 379 
900 388 397 379 
901 397 449 379 
902 381 384 380 
903 384 446 380 
904 446 529 380 
905 381 385 384 
906 381 400 385 
907 381 445 400 
908 382 460 436 
909 436 473 382 
910 382 465 460 
911 466 467 383 
912 467 468 383 
913 468 494 383 
914 385 402 384 
915 402 404 384 
916 404 446 384 
917 400 524 385 
918 385 403 402 
919 385 524 403 
920 399 438 386 
921 438 522 386 
922 386 522 461 
923 387 515 388 
924 387 503 427 
925 427 515 387 
926 455 503 387 
927 388 431 397 
928 388 472 431 
929 388 515 472 
930 389 391 390 
931 389 477 391 
932 389 479 477 
933 391 392 390 
934 392 503 390 
935 390 503 455 
936 391 485 392 
937 477 520 391 
938 391 520 485 
939 392 485 437 
940 437 536 392 
941 392 536 503 
942 464 487 393 
943 393 521 480 
944 487 521 393 
945 394 521 478 
946 480 521 394 
947 396 481 395 
948 470 471 395 
949 395 481 470 
950 401 457 396 
951 457 506 396 
952 396 506 481 
953 431 474 397 
954 397 500 449 
955 474 500 397 
956 399 511 438 
957 399 534 511 
958 445 514 400 
959 514 526 400 
960 400 526 524 
961 401 530 457 
962 498 502 401 
963 502 530 401 
964 403 499 402 
965 402 533 404 
966 499 533 402 
967 403 512 461 
968 461 522 403 
969 403 522 499 
970 403 524 512 
971 404 462 446 
972 404 501 462 
973 404 533 501 
974 405 493 492 
975 492 527 405 
976 527 535 405 
977 407 491 406 
978 491 492 406 
979 492 493 406 
980 408 409 407 
981 409 410 407 
982 410 491 407 
983 408 463 409 
984 413 414 408 
985 414 463 408 
986 409 411 410 
987 409 517 411 
988 463 517 409 
989 411 504 410 
990 410 496 491 
991 410 504 496 
992 433 504 411 
993 411 508 433 
994 490 508 411 
995 411 517 490 
996 531 540 412 
997 413 537 414 
998 414 507 463 
999 414 525 507 
1000 414 537 525 
1001 463 507 415 
1002 415 507 466 
1003 427 536 416 
1004 416 536 437 
1005 417 444 418 
1006 418 420 419 
1007 418 421 420 
1008 418 444 421 
1009 420 509 419 
1010 419 509 476 
1011 421 422 420 
1012 422 423 420 
1013 423 509 420 
1014 421 484 422 
1015 421 444 443 
1016 443 484 421 
1017 422 424 423 
1018 422 516 424 
1019 484 516 422 
1020 424 425 423 
1021 425 518 423 
1022 424 495 425 
1023 424 516 426 
1024 486 518 425 
1025 425 523 486 
1026 495 523 425 
1027 503 536 427 
1028 459 460 428 
1029 460 465 428 
1030 430 468 429 
1031 468 469 429 
1032 430 494 468 
1033 430 495 494 
1034 430 523 495 
1035 472 488 431 
1036 433 434 432 
1037 433 508 434 
1038 436 460 435 
1039 435 460 459 
1040 436 514 473 
1041 436 526 514 
1042 499 522 438 
1043 439 441 440 
1044 441 442 440 
1045 442 443 440 
1046 443 444 440 
1047 441 520 442 
1048 485 520 441 
1049 442 483 443 
1050 442 520 477 
1051 483 484 443 
1052 473 514 445 
1053 512 524 447 
1054 524 526 447 
1055 448 450 449 
1056 449 500 448 
1057 450 502 498 
1058 451 453 452 
1059 453 454 452 
1060 454 482 452 
1061 452 482 464 
1062 453 506 454 
1063 481 506 453 
1064 454 506 457 
1065 457 539 454 
1066 454 539 482 
1067 456 539 457 
1068 458 539 456 
1069 482 539 458 
1070 482 487 464 
1071 466 507 467 
1072 467 541 468 
1073 507 525 467 
1074 525 541 467 
1075 468 541 469 
1076 472 528 488 
1077 476 542 510 
1078 478 521 487 
1079 486 519 518 
1080 505 530 502 
2 3 2 348
1081 1 626 3 
1082 567 1 55 
1083 1 567 565 
1084 1 565 626 
1085 2 544 56 
1086 543 2 108 
1087 543 544 2 
1088 624 4 3 
1089 624 3 626 
1090 4 635 5 
1091 647 4 624 
1092 4 647 635 
1093 633 6 5 
1094 633 5 635 
1095 6 657 7 
1096 646 6 633 
1097 6 646 657 
1098 587 8 7 
1099 7 617 587 
1100 617 7 657 
1101 611 9 8 
1102 587 611 8 
1103 574 10 9 
1104 611 574 9 
1105 10 575 11 
1106 575 10 574 
1107 559 12 11 
1108 655 559 11 
1109 655 11 575 
1110 560 13 12 
1111 559 560 12 
1112 13 618 14 
1113 618 13 560 
1114 621 15 14 
1115 14 618 621 
1116 15 636 16 
1117 570 15 621 
1118 15 570 636 
1119 619 17 16 
1120 16 636 619 
1121 17 641 18 
1122 563 17 619 
1123 17 563 641 
1124 632 19 18 
1125 18 641 632 
1126 19 644 20 
1127 556 19 632 
1128 19 556 644 
1129 623 21 20 
1130 20 644 623 
1131 21 591 22 
1132 21 545 591 
1133 545 21 623 
1134 642 23 22 
1135 590 22 591 
1136 22 590 642 
1137 23 593 24 
1138 23 642 593 
1139 24 594 25 
1140 593 594 24 
1141 25 627 26 
1142 594 660 25 
1143 660 627 25 
1144 628 27 26 
1145 628 26 627 
1146 27 639 28 
1147 27 628 639 
1148 640 29 28 
1149 640 28 639 
1150 29 649 30 
1151 29 640 649 
1152 650 31 30 
1153 650 30 649 
1154 31 652 32 
1155 31 650 652 
1156 599 33 32 
1157 32 601 599 
1158 601 32 652 
1159 33 608 34 
1160 608 33 599 
1161 596 35 34 
1162 34 609 596 
1163 609 34 608 
1164 35 597 36 
1165 597 35 596 
1166 651 37 36 
1167 651 36 597 
1168 37 548 38 
1169 37 549 548 
1170 37 651 549 
1171 38 653 39 
1172 38 548 653 
1173 547 40 39 
1174 39 653 547 
1175 40 631 41 
1176 631 40 547 
1177 629 42 41 
1178 41 631 629 
1179 42 615 43 
1180 615 42 629 
1181 613 44 43 
1182 43 615 613 
1183 44 637 45 
1184 637 44 613 
1185 622 46 45 
1186 622 45 637 
1187 46 602 47 
1188 46 552 602 
1189 552 46 622 
1190 612 48 47 
1191 558 47 602 
1192 47 558 612 
1193 48 607 49 
1194 48 586 607 
1195 586 48 612 
1196 616 50 49 
1197 585 49 607 
1198 49 585 616 
1199 50 604 51 
1200 50 616 604 
1201 51 656 52 
1202 604 603 51 
1203 51 603 656 
1204 659 53 52 
1205 656 659 52 
1206 580 54 53 
1207 579 580 53 
1208 579 53 659 
1209 638 55 54 
1210 580 638 54 
1211 638 567 55 
1212 551 57 56 
1213 550 56 544 
1214 550 551 56 
1215 57 555 58 
1216 551 555 57 
1217 562 59 58 
1218 561 58 555 
1219 561 562 58 
1220 59 564 60 
1221 562 564 59 
1222 569 61 60 
1223 568 60 564 
1224 568 569 60 
1225 61 571 62 
1226 569 571 61 
1227 573 63 62 
1228 571 573 62 
1229 63 658 64 
1230 573 577 63 
1231 63 577 658 
1232 65 64 661 
1233 658 661 64 
1234 578 66 65 
1235 578 65 661 
1236 66 576 67 
1237 578 576 66 
1238 67 588 68 
1239 576 610 67 
1240 67 610 588 
1241 68 589 69 
1242 589 68 588 
1243 69 657 70 
1244 589 617 69 
1245 69 617 657 
1246 70 634 71 
1247 634 70 646 
1248 646 70 657 
1249 71 635 72 
1250 634 635 71 
1251 72 625 73 
1252 625 72 647 
1253 647 72 635 
1254 73 626 74 
1255 625 626 73 
1256 572 75 74 
1257 74 565 572 
1258 565 74 626 
1259 75 645 76 
1260 566 75 572 
1261 75 566 645 
1262 581 77 76 
1263 76 645 581 
1264 77 643 78 
1265 581 643 77 
1266 605 79 78 
1267 662 605 78 
1268 643 662 78 
1269 582 80 79 
1270 605 582 79 
1271 80 583 81 
1272 582 583 80 
1273 584 82 81 
1274 583 584 81 
1275 82 557 83 
1276 584 557 82 
1277 553 84 83 
1278 557 553 83 
1279 84 554 85 
1280 553 554 84 
1281 654 86 85 
1282 620 85 554 
1283 620 654 85 
1284 86 614 87 
1285 654 614 86 
1286 87 615 88 
1287 614 615 87 
1288 88 630 89 
1289 630 88 615 
1290 89 631 90 
1291 630 631 89 
1292 90 546 91 
1293 90 547 546 
1294 90 631 547 
1295 592 92 91 
1296 546 592 91 
1297 92 549 93 
1298 592 549 92 
1299 651 94 93 
1300 651 93 549 
1301 94 597 95 
1302 94 651 597 
1303 95 598 96 
1304 598 95 597 
1305 96 608 97 
1306 598 609 96 
1307 96 609 608 
1308 97 600 98 
1309 600 97 608 
1310 98 652 99 
1311 600 601 98 
1312 98 601 652 
1313 650 100 99 
1314 650 99 652 
1315 100 649 101 
1316 100 650 649 
1317 640 102 101 
1318 640 101 649 
1319 102 639 103 
1320 102 640 639 
1321 628 104 103 
1322 628 103 639 
1323 104 627 105 
1324 104 628 627 
1325 595 106 105 
1326 594 595 105 
1327 660 594 105 
1328 627 660 105 
1329 606 107 106 
1330 595 606 106 
1331 648 108 107 
1332 606 648 107 
1333 648 543 108 
1334 543 545 544 
1335 543 591 545 
1336 590 591 543 
1337 590 543 648 
1338 623 544 545 
1339 623 550 544 
1340 546 547 653 
1341 546 653 592 
1342 548 549 592 
1343 653 548 592 
1344 550 644 551 
1345 550 623 644 
1346 551 556 555 
1347 551 644 556 
1348 552 554 553 
1349 553 602 552 
1350 622 554 552 
1351 557 558 553 
1352 558 602 553 
1353 622 620 554 
1354 632 555 556 
1355 632 561 555 
1356 612 558 557 
1357 584 586 557 
1358 612 557 586 
1359 560 559 577 
1360 577 559 658 
1361 655 658 559 
1362 560 577 618 
1363 561 641 562 
1364 561 632 641 
1365 563 564 562 
1366 562 641 563 
1367 619 564 563 
1368 619 568 564 
1369 565 567 566 
1370 565 566 572 
1371 566 567 638 
1372 638 645 566 
1373 568 636 569 
1374 568 619 636 
1375 570 571 569 
1376 569 636 570 
1377 621 571 570 
1378 571 618 573 
1379 621 618 571 
1380 618 577 573 
1381 574 576 575 
1382 574 610 576 
1383 610 574 611 
1384 575 576 578 
1385 655 575 578 
1386 578 661 655 
1387 579 581 580 
1388 581 579 643 
1389 659 643 579 
1390 580 581 645 
1391 580 645 638 
1392 582 616 583 
1393 603 604 582 
1394 605 603 582 
1395 582 604 616 
1396 583 585 584 
1397 616 585 583 
1398 585 607 584 
1399 584 607 586 
1400 587 589 588 
1401 587 588 611 
1402 587 617 589 
1403 611 588 610 
1404 648 642 590 
1405 593 595 594 
1406 595 593 606 
1407 606 593 642 
1408 596 598 597 
1409 596 609 598 
1410 599 601 600 
1411 599 600 608 
1412 603 605 656 
1413 656 605 662 
1414 606 642 648 
1415 613 615 614 
1416 613 614 637 
1417 637 614 654 
1418 629 630 615 
1419 622 637 620 
1420 654 620 637 
1421 624 626 625 
1422 624 625 647 
1423 629 631 630 
1424 633 635 634 
1425 633 634 646 
1426 662 643 659 
1427 658 655 661 
1428 659 656 662 
3 1 4 2532
1429 138 709 665 730 
1430 402 384 672 693 
1431 609 303 117 666 
1432 384 671 693 757 
1433 671 672 384 693 
1434 443 734 732 756 
1435 732 734 199 756 
1436 404 402 384 672 
1437 514 436 473 665 
1438 384 693 402 757 
1439 682 693 522 703 
1440 303 117 666 720 
1441 408 463 414 720 
1442 669 670 387 700 
1443 279 302 722 742 
1444 463 666 414 720 
1445 673 692 157 775 
1446 692 702 157 775 
1447 503 700 670 707 
1448 676 678 340 712 
1449 503 387 670 700 
1450 443 732 741 756 
1451 247 666 681 720 
1452 199 734 732 744 
1453 279 722 649 742 
1454 522 693 499 703 
1455 130 671 132 693 
1456 280 303 609 666 
1457 137 665 261 730 
1458 732 734 443 744 
1459 373 669 702 729 
1460 673 676 250 743 
1461 138 686 665 709 
1462 463 681 666 720 
1463 503 670 427 707 
1464 732 199 741 756 
1465 664 683 474 719 
1466 675 335 712 752 
1467 339 340 678 712 
1468 526 665 400 685 
1469 351 346 680 747 
1470 385 384 402 757 
1471 503 387 427 670 
1472 673 743 250 768 
1473 258 678 676 712 
1474 669 700 387 702 
1475 346 706 680 747 
1476 132 671 251 757 
1477 463 408 681 720 
1478 150 680 706 747 
1479 321 727 510 740 
1480 649 722 486 742 
1481 168 700 747 751 
1482 463 674 666 681 
1483 156 157 692 702 
1484 526 665 685 686 
1485 283 683 664 719 
1486 331 705 682 723 
1487 503 427 536 707 
1488 130 672 671 693 
1489 204 670 669 700 
1490 524 675 447 686 
1491 438 522 499 703 
1492 526 400 524 685 
1493 386 331 682 723 
1494 740 742 509 746 
1495 524 685 675 686 
1496 455 387 700 702 
1497 491 496 410 663 
1498 664 669 300 718 
1499 373 702 688 729 
1500 258 676 224 712 
1501 242 137 261 730 
1502 452 691 711 750 
1503 296 669 253 700 
1504 335 675 336 752 
1505 321 510 476 740 
1506 404 384 671 672 
1507 507 666 463 674 
1508 524 526 685 686 
1509 388 664 431 718 
1510 671 687 158 757 
1511 150 692 680 747 
1512 247 681 194 720 
1513 470 471 743 768 
1514 691 712 335 752 
1515 167 700 692 747 
1516 289 719 664 771 
1517 168 747 704 751 
1518 515 669 388 718 
1519 666 674 247 681 
1520 680 692 351 747 
1521 146 250 743 768 
1522 470 471 343 743 
1523 158 251 671 757 
1524 515 388 472 718 
1525 411 410 504 690 
1526 470 743 676 770 
1527 174 734 199 744 
1528 517 411 668 690 
1529 338 676 340 712 
1530 452 451 691 750 
1531 360 714 679 759 
1532 336 675 335 712 
1533 198 199 732 744 
1534 280 666 609 689 
1535 167 168 700 747 
1536 390 391 389 704 
1537 524 447 526 686 
1538 390 747 700 751 
1539 514 436 665 686 
1540 517 409 411 690 
1541 253 700 669 702 
1542 360 694 679 714 
1543 408 690 681 720 
1544 175 682 705 723 
1545 473 665 730 755 
1546 388 669 664 718 
1547 452 711 453 750 
1548 157 673 152 692 
1549 387 373 669 702 
1550 390 704 389 747 
1551 669 201 702 729 
1552 266 158 671 687 
1553 676 743 673 770 
1554 188 746 740 754 
1555 471 343 743 768 
1556 700 707 503 751 
1557 214 740 710 754 
1558 117 609 666 720 
1559 515 670 669 718 
1560 664 718 289 771 
1561 198 174 199 744 
1562 296 204 669 700 
1563 390 389 357 747 
1564 158 251 266 671 
1565 679 694 159 714 
1566 509 420 740 746 
1567 149 250 676 743 
1568 188 742 740 746 
1569 512 682 675 685 
1570 136 675 685 686 
1571 214 727 710 740 
1572 609 666 537 689 
1573 528 320 472 718 
1574 167 692 155 747 
1575 390 357 700 747 
1576 629 684 245 701 
1577 676 224 712 750 
1578 379 669 373 729 
1579 452 711 691 737 
1580 153 679 159 714 
1581 338 676 712 750 
1582 130 251 132 671 
1583 452 453 451 750 
1584 425 742 722 745 
1585 373 688 378 729 
1586 499 703 693 735 
1587 409 681 408 690 
1588 387 455 373 702 
1589 476 510 628 740 
1590 350 724 706 744 
1591 280 303 117 609 
1592 517 668 681 690 
1593 486 518 640 742 
1594 339 338 340 712 
1595 390 704 747 751 
1596 218 698 725 739 
1597 706 724 269 744 
1598 503 707 536 751 
1599 260 693 682 703 
1600 295 707 700 751 
1601 676 678 258 743 
1602 218 699 698 739 
1603 386 682 703 723 
1604 252 676 673 770 
1605 247 194 275 720 
1606 302 279 116 742 
1607 410 491 663 690 
1608 219 696 677 770 
1609 688 702 201 729 
1610 136 685 665 686 
1611 390 391 704 751 
1612 505 315 502 697 
1613 667 162 736 772 
1614 411 504 684 690 
1615 360 359 714 759 
1616 510 727 628 740 
1617 338 712 691 750 
1618 219 180 696 770 
1619 153 679 714 759 
1620 692 700 357 747 
1621 360 679 354 759 
1622 476 542 628 510 
1623 388 431 472 718 
1624 479 706 346 747 
1625 410 684 504 690 
1626 742 745 425 769 
1627 175 703 682 723 
1628 688 696 498 697 
1629 397 664 388 669 
1630 516 717 734 746 
1631 688 697 498 721 
1632 461 682 705 752 
1633 276 740 188 742 
1634 336 337 675 712 
1635 183 247 674 681 
1636 250 673 252 676 
1637 336 335 337 712 
1638 410 663 496 684 
1639 673 166 696 775 
1640 681 690 194 720 
1641 425 486 722 742 
1642 149 676 258 743 
1643 208 722 302 742 
1644 499 438 703 735 
1645 216 725 178 737 
1646 459 435 678 709 
1647 156 157 152 692 
1648 693 703 260 735 
1649 665 686 436 709 
1650 261 667 755 761 
1651 502 498 697 721 
1652 136 675 134 685 
1653 208 722 742 745 
1654 691 712 186 750 
1655 175 705 682 752 
1656 740 746 420 754 
1657 162 667 192 772 
1658 166 673 157 775 
1659 296 253 204 700 
1660 150 680 151 706 
1661 172 734 717 746 
1662 459 709 678 715 
1663 340 678 676 743 
1664 409 463 408 681 
1665 569 670 320 718 
1666 617 315 697 721 
1667 325 684 630 701 
1668 261 665 158 755 
1669 167 155 168 747 
1670 474 683 319 719 
1671 351 479 346 747 
1672 403 682 512 685 
1673 461 682 331 705 
1674 151 706 680 753 
1675 261 755 256 761 
1676 515 472 670 718 
1677 517 681 409 690 
1678 674 736 162 772 
1679 520 704 485 741 
1680 687 755 158 757 
1681 402 404 533 672 
1682 566 716 572 739 
1683 423 509 742 746 
1684 211 188 740 754 
1685 673 152 692 768 
1686 414 463 507 666 
1687 161 674 694 736 
1688 518 486 640 519 
1689 397 664 669 729 
1690 525 666 507 726 
1691 263 186 712 750 
1692 490 374 681 761 
1693 216 716 725 737 
1694 675 682 134 685 
1695 665 158 755 757 
1696 261 158 256 755 
1697 411 684 668 690 
1698 706 269 732 744 
1699 263 712 224 750 
1700 183 674 162 772 
1701 126 574 683 719 
1702 196 701 668 767 
1703 705 178 725 737 
1704 259 263 691 712 
1705 663 690 491 758 
1706 277 125 663 749 
1707 158 687 256 755 
1708 435 342 678 686 
1709 537 666 609 720 
1710 502 697 315 721 
1711 710 740 419 754 
1712 668 687 490 761 
1713 149 146 250 743 
1714 259 712 691 752 
1715 357 700 692 702 
1716 360 362 694 714 
1717 431 718 664 771 
1718 415 674 463 772 
1719 710 727 419 740 
1720 229 697 688 721 
1721 263 186 691 712 
1722 283 126 683 719 
1723 525 689 666 726 
1724 386 682 522 703 
1725 461 705 333 752 
1726 359 717 714 759 
1727 549 663 125 749 
1728 379 373 378 729 
1729 705 725 332 737 
1730 150 706 243 747 
1731 360 354 359 759 
1732 678 686 140 709 
1733 628 727 124 740 
1734 172 746 717 769 
1735 447 686 675 712 
1736 320 670 472 718 
1737 161 162 674 736 
1738 137 665 138 686 
1739 175 176 705 752 
1740 139 140 678 686 
1741 678 709 140 715 
1742 183 162 192 772 
1743 490 681 668 761 
1744 541 689 525 726 
1745 490 369 374 761 
1746 435 686 678 709 
1747 175 705 177 723 
1748 256 755 687 761 
1749 533 672 501 735 
1750 473 730 667 755 
1751 572 716 478 739 
1752 425 486 523 722 
1753 574 576 683 719 
1754 196 264 701 767 
1755 407 491 690 758 
1756 363 679 360 694 
1757 453 711 677 750 
1758 241 698 585 748 
1759 466 694 674 736 
1760 570 670 569 718 
1761 229 696 688 697 
1762 678 686 342 712 
1763 680 692 152 768 
1764 679 695 354 759 
1765 387 669 515 670 
1766 302 208 279 722 
1767 663 684 410 690 
1768 154 159 679 694 
1769 680 706 346 753 
1770 455 700 357 702 
1771 197 269 724 744 
1772 447 337 686 712 
1773 351 692 680 768 
1774 211 740 214 754 
1775 152 680 150 692 
1776 111 672 131 735 
1777 615 684 629 701 
1778 369 490 687 761 
1779 338 335 691 712 
1780 142 140 709 715 
1781 339 678 342 712 
1782 241 585 120 748 
1783 116 279 649 742 
1784 628 299 124 727 
1785 146 743 680 768 
1786 586 225 120 748 
1787 226 745 742 769 
1788 461 336 675 752 
1789 253 669 201 702 
1790 402 672 533 693 
1791 235 670 570 718 
1792 615 630 684 701 
1793 467 525 507 726 
1794 706 732 267 747 
1795 136 135 665 685 
1796 166 157 165 775 
1797 672 693 131 735 
1798 452 691 334 737 
1799 180 252 673 770 
1800 586 703 225 748 
1801 229 688 287 721 
1802 180 219 252 770 
1803 185 691 711 737 
1804 143 715 680 743 
1805 300 664 210 669 
1806 620 462 654 672 
1807 134 682 133 685 
1808 674 681 463 772 
1809 668 687 196 767 
1810 114 615 245 701 
1811 428 460 715 765 
1812 654 672 462 733 
1813 447 675 337 712 
1814 166 165 688 775 
1815 185 711 691 750 
1816 257 679 730 736 
1817 674 694 466 726 
1818 500 664 397 729 
1819 352 358 692 775 
1820 466 363 694 736 
1821 111 552 672 735 
1822 704 708 485 741 
1823 415 507 463 674 
1824 133 682 260 693 
1825 528 571 320 718 
1826 181 671 672 733 
1827 221 760 713 764 
1828 446 672 671 733 
1829 180 673 166 696 
1830 259 263 186 691 
1831 704 267 732 747 
1832 155 692 150 747 
1833 133 685 682 693 
1834 513 510 321 727 
1835 425 722 523 745 
1836 637 620 654 672 
1837 648 307 710 727 
1838 359 353 717 759 
1839 514 665 526 686 
1840 666 674 507 726 
1841 363 679 694 736 
1842 241 120 698 748 
1843 366 730 364 736 
1844 201 253 296 669 
1845 490 374 517 681 
1846 393 332 725 737 
1847 359 426 714 717 
1848 486 640 649 742 
1849 636 670 113 707 
1850 138 140 686 709 
1851 501 672 554 735 
1852 147 134 675 682 
1853 648 710 642 727 
1854 447 337 342 686 
1855 265 269 706 724 
1856 145 151 680 753 
1857 277 749 663 763 
1858 171 746 172 769 
1859 474 664 500 683 
1860 533 693 672 735 
1861 692 768 352 775 
1862 208 742 226 745 
1863 617 697 272 721 
1864 341 344 715 743 
1865 388 397 431 664 
1866 219 677 252 770 
1867 169 700 168 751 
1868 219 677 696 764 
1869 334 691 333 705 
1870 378 688 450 729 
1871 236 669 204 670 
1872 387 515 427 670 
1873 331 461 386 682 
1874 319 683 576 719 
1875 143 678 140 715 
1876 257 154 679 736 
1877 225 703 120 748 
1878 166 180 157 673 
1879 173 734 172 746 
1880 175 215 703 723 
1881 675 682 461 752 
1882 406 663 491 758 
1883 265 724 706 753 
1884 187 697 221 764 
1885 137 136 665 686 
1886 716 725 521 739 
1887 341 715 678 743 
1888 266 196 687 767 
1889 709 715 460 765 
1890 404 671 446 672 
1891 153 695 679 759 
1892 393 725 716 737 
1893 121 289 718 771 
1894 490 517 668 681 
1895 610 574 576 683 
1896 139 138 140 686 
1897 370 687 380 757 
1898 200 721 688 729 
1899 491 310 496 663 
1900 358 702 692 775 
1901 451 338 691 750 
1902 158 261 137 665 
1903 265 197 269 724 
1904 461 331 333 705 
1905 219 696 187 764 
1906 696 697 187 764 
1907 221 697 760 764 
1908 357 692 358 702 
1909 438 386 522 703 
1910 161 694 674 726 
1911 226 170 745 769 
1912 153 679 695 765 
1913 301 708 704 741 
1914 250 146 152 768 
1915 240 628 124 740 
1916 266 264 196 767 
1917 362 694 714 738 
1918 117 596 609 720 
1919 356 676 338 750 
1920 668 684 433 701 
1921 629 615 630 684 
1922 691 705 334 737 
1923 161 694 154 736 
1924 587 683 588 721 
1925 221 713 220 764 
1926 615 629 245 701 
1927 254 695 724 753 
1928 380 687 671 757 
1929 122 684 629 763 
1930 509 742 740 774 
1931 475 474 319 719 
1932 688 696 166 775 
1933 237 713 647 728 
1934 717 746 516 769 
1935 258 678 143 743 
1936 265 254 724 753 
1937 166 688 229 696 
1938 263 224 186 750 
1939 477 732 706 747 
1940 446 462 672 733 
1941 181 671 130 672 
1942 143 678 715 743 
1943 181 672 129 733 
1944 341 459 678 715 
1945 335 336 333 752 
1946 263 258 224 712 
1947 350 348 706 753 
1948 257 667 162 736 
1949 157 702 165 775 
1950 182 674 666 726 
1951 180 252 250 673 
1952 260 682 175 703 
1953 289 664 300 718 
1954 265 706 151 753 
1955 407 406 491 758 
1956 243 706 267 747 
1957 589 587 588 721 
1958 230 613 114 701 
1959 528 718 472 771 
1960 688 721 450 729 
1961 231 711 677 713 
1962 664 683 283 729 
1963 440 443 741 756 
1964 675 686 232 712 
1965 257 679 148 730 
1966 154 694 679 736 
1967 149 258 143 743 
1968 668 684 195 690 
1969 516 734 422 746 
1970 619 636 238 707 
1971 455 357 358 702 
1972 220 713 677 764 
1973 512 675 524 685 
1974 472 718 431 771 
1975 711 737 464 773 
1976 139 686 678 712 
1977 364 730 679 736 
1978 231 677 220 713 
1979 225 703 558 735 
1980 498 696 401 697 
1981 143 145 680 715 
1982 467 541 525 726 
1983 143 140 142 715 
1984 182 247 666 674 
1985 350 706 724 753 
1986 341 344 459 715 
1987 676 677 252 750 
1988 359 353 426 717 
1989 673 768 692 775 
1990 558 225 612 703 
1991 201 688 165 702 
1992 200 287 229 688 
1993 158 665 135 757 
1994 142 715 709 765 
1995 366 667 473 730 
1996 342 686 337 712 
1997 300 669 236 718 
1998 461 336 512 675 
1999 161 154 162 736 
2000 137 138 136 686 
2001 502 450 498 721 
2002 369 755 667 761 
2003 171 173 172 746 
2004 636 113 238 707 
2005 231 191 677 750 
2006 569 320 571 718 
2007 345 351 680 768 
2008 136 232 675 686 
2009 113 670 305 707 
2010 239 626 716 773 
2011 167 168 169 700 
2012 214 710 304 754 
2013 613 701 230 733 
2014 461 675 512 682 
2015 354 679 465 695 
2016 250 152 673 768 
2017 459 460 709 715 
2018 217 218 725 739 
2019 433 508 668 701 
2020 175 176 177 705 
2021 132 685 133 693 
2022 278 719 289 771 
2023 402 403 385 693 
2024 152 146 680 768 
2025 131 693 260 735 
2026 397 669 379 729 
2027 159 153 154 679 
2028 148 257 154 679 
2029 682 685 403 693 
2030 327 480 698 699 
2031 208 226 170 745 
2032 516 717 484 734 
2033 566 572 394 739 
2034 364 679 363 736 
2035 252 677 676 770 
2036 268 245 684 701 
2037 612 225 586 703 
2038 275 194 690 720 
2039 454 677 711 713 
2040 394 572 478 739 
2041 182 666 206 726 
2042 195 681 668 690 
2043 231 677 711 750 
2044 416 670 568 707 
2045 220 219 187 764 
2046 266 671 181 767 
2047 196 268 668 701 
2048 220 187 221 764 
2049 695 428 715 765 
2050 113 570 235 670 
2051 345 351 346 680 
2052 232 263 259 712 
2053 205 726 689 762 
2054 293 732 198 741 
2055 479 477 706 747 
2056 506 677 454 764 
2057 513 627 510 727 
2058 468 689 541 726 
2059 362 714 494 738 
2060 199 198 732 741 
2061 180 673 696 770 
2062 189 177 705 725 
2063 554 672 552 735 
2064 116 649 640 742 
2065 333 705 691 752 
2066 636 568 670 707 
2067 369 374 761 772 
2068 364 360 363 679 
2069 236 296 204 669 
2070 227 714 694 738 
2071 365 367 366 736 
2072 227 159 694 714 
2073 153 695 144 765 
2074 203 704 301 708 
2075 356 677 676 750 
2076 146 143 680 743 
2077 368 473 667 755 
2078 677 713 454 764 
2079 464 711 452 737 
2080 376 673 395 696 
2081 375 490 668 687 
2082 637 672 654 733 
2083 466 694 383 726 
2084 134 136 232 675 
2085 258 149 224 676 
2086 155 150 243 747 
2087 145 151 150 680 
2088 183 192 761 772 
2089 211 188 276 740 
2090 704 708 203 751 
2091 177 178 189 705 
2092 335 333 691 752 
2093 356 676 677 770 
2094 200 287 688 721 
2095 227 163 714 738 
2096 189 705 178 725 
2097 666 689 206 726 
2098 681 761 374 772 
2099 459 428 460 715 
2100 118 683 587 721 
2101 328 723 698 725 
2102 557 703 511 735 
2103 477 704 732 747 
2104 332 334 705 737 
2105 237 109 647 713 
2106 376 673 696 775 
2107 404 446 462 672 
2108 192 162 257 667 
2109 397 388 379 669 
2110 450 688 498 721 
2111 139 232 686 712 
2112 220 677 219 764 
2113 568 416 320 670 
2114 320 569 568 670 
2115 714 717 426 769 
2116 395 673 376 775 
2117 177 723 705 725 
2118 494 738 714 745 
2119 344 680 347 715 
2120 334 452 451 691 
2121 465 695 679 765 
2122 264 266 181 767 
2123 311 742 509 774 
2124 668 701 508 767 
2125 403 685 385 693 
2126 369 368 667 755 
2127 222 225 558 735 
2128 182 161 674 726 
2129 376 498 688 696 
2130 268 684 668 701 
2131 371 352 768 775 
2132 179 705 691 737 
2133 384 446 404 671 
2134 500 683 664 729 
2135 335 451 338 691 
2136 366 667 730 736 
2137 528 472 488 771 
2138 120 215 723 748 
2139 181 130 129 672 
2140 461 333 336 752 
2141 473 366 368 667 
2142 179 691 705 752 
2143 368 367 369 667 
2144 369 761 667 772 
2145 442 443 732 741 
2146 191 252 677 750 
2147 647 713 456 728 
2148 264 181 733 767 
2149 258 139 678 712 
2150 372 688 373 775 
2151 288 122 663 684 
2152 435 436 342 686 
2153 246 698 120 748 
2154 493 663 406 758 
2155 453 677 356 750 
2156 375 668 508 767 
2157 367 667 366 736 
2158 246 120 723 748 
2159 160 714 164 717 
2160 324 486 649 722 
2161 375 490 508 668 
2162 582 327 698 699 
2163 370 755 687 757 
2164 149 250 252 676 
2165 520 485 441 741 
2166 482 711 464 773 
2167 622 111 552 672 
2168 153 714 160 759 
2169 582 327 583 698 
2170 652 429 324 722 
2171 656 659 643 699 
2172 485 708 704 751 
2173 445 514 473 665 
2174 567 716 566 739 
2175 120 703 215 748 
2176 196 264 268 701 
2177 459 460 435 709 
2178 509 423 420 746 
2179 332 334 333 705 
2180 304 710 234 754 
2181 614 318 701 733 
2182 113 305 238 707 
2183 424 425 745 769 
2184 714 717 160 759 
2185 614 318 432 701 
2186 161 227 694 726 
2187 160 153 159 714 
2188 147 133 134 682 
2189 522 682 403 693 
2190 680 715 344 743 
2191 714 738 163 745 
2192 195 684 270 690 
2193 646 285 272 760 
2194 240 639 628 740 
2195 369 667 367 772 
2196 246 698 723 725 
2197 292 642 710 727 
2198 526 514 400 665 
2199 141 142 140 709 
2200 292 710 214 727 
2201 347 715 680 753 
2202 294 563 707 708 
2203 253 167 700 702 
2204 365 367 736 772 
2205 440 741 731 756 
2206 158 135 251 757 
2207 411 409 410 690 
2208 141 142 709 765 
2209 115 716 567 739 
2210 695 715 142 765 
2211 209 214 304 754 
2212 303 280 206 666 
2213 688 702 373 775 
2214 209 211 214 754 
2215 500 474 397 664 
2216 731 741 199 756 
2217 246 120 215 723 
2218 195 668 268 684 
2219 360 359 362 714 
2220 558 703 557 735 
2221 711 713 281 728 
2222 371 768 673 775 
2223 380 671 687 767 
2224 131 672 130 693 
2225 342 339 435 678 
2226 328 329 698 723 
2227 645 308 581 699 
2228 350 361 483 744 
2229 265 151 254 753 
2230 630 684 497 763 
2231 340 341 678 743 
2232 582 583 616 698 
2233 537 666 525 689 
2234 369 687 755 761 
2235 484 734 717 744 
2236 206 666 280 689 
2237 377 714 426 769 
2238 585 698 583 748 
2239 121 278 289 771 
2240 217 725 716 739 
2241 231 185 191 750 
2242 367 667 736 772 
2243 165 702 688 775 
2244 467 674 466 726 
2245 645 581 580 699 
2246 474 664 719 771 
2247 240 639 740 774 
2248 433 684 325 701 
2249 671 733 181 767 
2250 611 587 244 683 
2251 478 565 316 716 
2252 400 685 665 757 
2253 381 370 380 757 
2254 133 260 131 693 
2255 482 452 464 711 
2256 547 749 277 763 
2257 656 298 659 699 
2258 183 761 681 772 
2259 246 189 698 725 
2260 382 679 730 765 
2261 116 742 640 774 
2262 377 745 714 769 
2263 266 687 671 767 
2264 231 711 185 750 
2265 183 681 674 772 
2266 212 663 288 758 
2267 123 699 218 739 
2268 210 664 283 729 
2269 142 695 254 715 
2270 475 319 576 719 
2271 650 279 271 722 
2272 627 299 628 727 
2273 571 570 569 718 
2274 435 436 686 709 
2275 565 115 239 716 
2276 353 695 724 759 
2277 280 609 608 689 
2278 268 114 245 701 
2279 329 328 698 748 
2280 145 680 715 753 
2281 399 386 703 723 
2282 307 419 710 727 
2283 273 698 218 699 
2284 353 354 695 759 
2285 339 340 341 678 
2286 122 629 631 763 
2287 459 435 341 678 
2288 212 288 663 690 
2289 144 695 142 765 
2290 512 524 403 685 
2291 145 715 254 753 
2292 328 698 480 725 
2293 249 290 731 741 
2294 216 716 217 725 
2295 152 146 150 680 
2296 485 708 441 741 
2297 353 695 349 724 
2298 669 670 236 718 
2299 656 643 603 699 
2300 257 730 667 736 
2301 237 281 713 728 
2302 271 110 652 722 
2303 328 330 723 725 
2304 167 156 155 692 
2305 648 590 642 710 
2306 294 641 563 708 
2307 363 360 362 694 
2308 610 576 319 683 
2309 257 261 667 730 
2310 246 723 189 725 
2311 199 731 290 741 
2312 553 557 511 735 
2313 496 663 310 763 
2314 346 347 344 680 
2315 200 202 721 729 
2316 205 689 228 762 
2317 710 754 418 756 
2318 467 507 466 674 
2319 222 703 225 735 
2320 253 156 167 702 
2321 628 510 627 727 
2322 382 730 709 765 
2323 277 127 125 749 
2324 322 407 720 758 
2325 199 293 198 741 
2326 219 180 187 696 
2327 185 737 711 773 
2328 197 732 269 744 
2329 353 354 349 695 
2330 122 245 629 684 
2331 347 680 346 753 
2332 493 663 549 749 
2333 227 163 159 714 
2334 467 507 674 726 
2335 125 663 651 758 
2336 122 663 684 763 
2337 222 260 703 735 
2338 150 151 243 706 
2339 375 687 668 767 
2340 178 705 179 737 
2341 327 582 532 699 
2342 246 723 698 748 
2343 132 134 133 685 
2344 480 521 725 739 
2345 244 587 118 683 
2346 501 312 533 735 
2347 361 732 483 744 
2348 532 582 605 699 
2349 511 703 557 748 
2350 255 695 153 759 
2351 146 143 145 680 
2352 216 716 737 773 
2353 372 378 373 688 
2354 118 617 272 721 
2355 690 720 407 758 
2356 361 706 477 732 
2357 182 183 247 674 
2358 505 657 697 760 
2359 665 685 135 757 
2360 239 728 626 773 
2361 189 723 177 725 
2362 127 549 125 749 
2363 428 695 465 765 
2364 295 700 169 751 
2365 329 698 723 748 
2366 308 480 699 739 
2367 345 743 343 768 
2368 361 479 477 706 
2369 703 723 215 748 
2370 558 612 557 703 
2371 277 663 122 763 
2372 611 126 574 683 
2373 168 267 704 747 
2374 111 222 552 735 
2375 429 722 652 762 
2376 210 669 664 729 
2377 377 494 714 745 
2378 740 742 276 774 
2379 164 717 714 769 
2380 433 508 411 668 
2381 153 255 144 695 
2382 142 144 254 695 
2383 607 120 585 748 
2384 241 120 246 698 
2385 557 703 586 748 
2386 511 703 438 735 
2387 282 738 726 762 
2388 456 713 539 728 
2389 557 612 586 703 
2390 196 687 668 761 
2391 356 338 451 750 
2392 503 455 387 700 
2393 434 508 701 767 
2394 521 716 393 725 
2395 347 428 715 753 
2396 643 659 579 699 
2397 301 708 741 776 
2398 445 665 473 755 
2399 680 743 345 768 
2400 222 260 225 703 
2401 450 378 498 688 
2402 470 340 676 743 
2403 260 175 215 703 
2404 200 688 201 729 
2405 586 120 607 748 
2406 722 738 306 762 
2407 395 696 673 770 
2408 225 215 120 703 
2409 356 340 338 676 
2410 195 194 681 690 
2411 168 243 267 747 
2412 205 282 726 762 
2413 156 165 157 702 
2414 485 520 391 704 
2415 466 674 365 736 
2416 502 498 401 697 
2417 485 392 708 751 
2418 626 565 239 716 
2419 356 677 481 770 
2420 695 715 428 753 
2421 694 726 227 738 
2422 185 179 691 737 
2423 189 218 698 725 
2424 649 650 324 722 
2425 328 330 329 723 
2426 198 269 197 732 
2427 136 134 135 685 
2428 433 434 508 701 
2429 474 500 319 683 
2430 290 731 199 756 
2431 281 711 231 713 
2432 185 184 737 773 
2433 129 672 637 733 
2434 487 737 716 773 
2435 636 619 568 707 
2436 492 310 491 663 
2437 383 466 363 694 
2438 470 343 340 743 
2439 539 713 711 728 
2440 376 696 688 775 
2441 297 727 214 740 
2442 480 328 327 698 
2443 468 469 541 689 
2444 651 663 493 758 
2445 382 465 679 765 
2446 614 432 615 701 
2447 522 403 499 693 
2448 566 565 572 716 
2449 585 241 616 698 
2450 589 588 448 721 
2451 717 734 172 744 
2452 203 708 213 751 
2453 493 492 663 749 
2454 348 346 706 753 
2455 603 298 656 699 
2456 400 445 381 757 
2457 114 613 615 701 
2458 514 526 436 686 
2459 579 659 298 699 
2460 407 690 408 720 
2461 272 617 657 697 
2462 145 254 151 753 
2463 458 647 456 728 
2464 299 593 274 727 
2465 119 591 545 766 
2466 163 164 714 769 
2467 363 466 365 736 
2468 193 668 195 681 
2469 483 732 443 744 
2470 549 651 125 663 
2471 273 241 218 698 
2472 630 629 684 763 
2473 306 110 271 722 
2474 485 704 391 751 
2475 281 109 237 713 
2476 420 419 740 754 
2477 563 562 707 708 
2478 246 189 218 698 
2479 406 492 491 663 
2480 216 189 178 725 
2481 375 369 490 687 
2482 565 626 316 716 
2483 689 726 468 762 
2484 478 572 565 716 
2485 605 398 532 699 
2486 110 652 722 762 
2487 161 205 227 726 
2488 270 195 268 684 
2489 382 709 460 765 
2490 216 737 184 773 
2491 588 683 448 721 
2492 267 706 269 732 
2493 175 682 147 752 
2494 179 705 176 752 
2495 580 645 699 739 
2496 636 570 113 670 
2497 410 407 491 690 
2498 393 716 487 737 
2499 350 724 349 753 
2500 400 665 445 757 
2501 308 699 645 739 
2502 501 554 312 735 
2503 398 538 643 605 
2504 583 585 616 698 
2505 111 131 222 735 
2506 668 681 193 761 
2507 198 732 197 744 
2508 166 200 229 688 
2509 187 696 229 697 
2510 257 242 261 730 
2511 520 442 477 704 
2512 205 206 689 726 
2513 254 715 695 753 
2514 188 173 746 754 
2515 472 320 515 670 
2516 611 244 126 683 
2517 454 677 453 711 
2518 548 549 127 749 
2519 418 710 419 754 
2520 423 742 425 746 
2521 399 329 386 723 
2522 492 406 493 663 
2523 264 733 701 767 
2524 442 704 520 741 
2525 219 220 231 677 
2526 528 571 718 771 
2527 192 667 761 772 
2528 356 453 481 677 
2529 460 428 465 765 
2530 567 115 565 716 
2531 111 130 131 672 
2532 652 324 650 722 
2533 119 710 591 766 
2534 524 512 447 675 
2535 330 705 723 725 
2536 399 723 703 748 
2537 634 505 326 760 
2538 605 603 643 699 
2539 569 636 568 670 
2540 453 356 451 750 
2541 499 693 533 735 
2542 606 489 648 727 
2543 211 209 188 754 
2544 182 161 162 674 
2545 163 714 745 769 
2546 190 711 281 728 
2547 487 716 316 773 
2548 355 484 516 717 
2549 366 382 364 730 
2550 563 238 294 707 
2551 611 574 610 683 
2552 146 149 143 743 
2553 605 643 603 656 
2554 385 685 400 757 
2555 223 596 117 720 
2556 110 722 306 762 
2557 157 250 152 673 
2558 160 717 262 759 
2559 305 236 204 670 
2560 203 301 704 741 
2561 630 325 497 684 
2562 479 348 346 706 
2563 169 168 704 751 
2564 331 330 705 723 
2565 135 137 136 665 
2566 458 456 539 728 
2567 379 387 373 669 
2568 224 676 252 750 
2569 353 724 717 759 
2570 350 349 348 753 
2571 409 517 463 681 
2572 337 447 336 675 
2573 427 670 416 707 
2574 649 279 650 722 
2575 155 152 150 692 
2576 339 342 337 712 
2577 132 131 130 693 
2578 411 490 517 668 
2579 219 191 252 677 
2580 371 395 376 775 
2581 243 269 267 706 
2582 365 736 674 772 
2583 553 511 312 735 
2584 602 552 222 735 
2585 466 415 365 674 
2586 365 674 415 772 
2587 330 332 705 725 
2588 194 247 183 681 
2589 262 724 717 744 
2590 392 503 536 751 
2591 432 433 325 701 
2592 430 738 722 762 
2593 294 707 213 708 
2594 511 557 534 748 
2595 283 278 126 719 
2596 249 199 290 741 
2597 264 230 701 733 
2598 382 679 364 730 
2599 611 588 587 683 
2600 354 360 465 679 
2601 371 673 395 775 
2602 310 663 492 763 
2603 160 164 262 717 
2604 212 720 690 758 
2605 301 741 249 776 
2606 496 684 663 763 
2607 431 397 474 664 
2608 119 234 304 710 
2609 462 620 501 672 
2610 614 701 615 733 
2611 207 306 722 738 
2612 464 737 487 773 
2613 147 682 675 752 
2614 234 754 710 756 
2615 506 453 454 677 
2616 207 163 738 745 
2617 147 675 232 752 
2618 109 713 221 760 
2619 580 699 123 739 
2620 121 289 300 718 
2621 530 760 697 764 
2622 446 733 671 767 
2623 734 746 173 754 
2624 226 208 302 742 
2625 376 498 372 688 
2626 133 175 260 682 
2627 94 406 322 758 
2628 505 697 530 760 
2629 216 178 184 737 
2630 378 450 449 729 
2631 131 260 222 735 
2632 235 236 670 718 
2633 289 210 300 664 
2634 613 615 701 733 
2635 486 425 518 742 
2636 151 265 269 706 
2637 495 425 523 745 
2638 567 565 566 716 
2639 376 401 498 696 
2640 119 545 233 766 
2641 436 382 473 730 
2642 431 664 474 771 
2643 196 668 193 761 
2644 357 352 358 692 
2645 204 169 295 700 
2646 197 724 262 744 
2647 588 610 319 683 
2648 665 755 445 757 
2649 217 123 218 739 
2650 606 648 642 727 
2651 436 709 382 730 
2652 441 741 708 776 
2653 154 257 162 736 
2654 351 692 357 747 
2655 315 617 589 721 
2656 288 270 122 684 
2657 504 410 496 684 
2658 471 673 371 768 
2659 277 122 631 763 
2660 384 380 671 757 
2661 212 690 663 758 
2662 271 652 650 722 
2663 189 217 218 725 
2664 175 177 215 723 
2665 176 175 147 752 
2666 461 522 386 682 
2667 355 484 717 744 
2668 428 354 465 695 
2669 258 263 139 712 
2670 376 688 372 775 
2671 299 274 124 727 
2672 580 286 638 739 
2673 553 558 557 735 
2674 139 140 258 678 
2675 351 357 389 747 
2676 212 270 288 690 
2677 501 620 554 672 
2678 722 738 430 745 
2679 381 755 370 757 
2680 495 424 425 745 
2681 179 178 176 705 
2682 169 168 203 704 
2683 726 738 468 762 
2684 471 395 673 770 
2685 444 418 754 756 
2686 362 377 494 714 
2687 602 222 558 735 
2688 371 358 352 775 
2689 202 683 118 721 
2690 286 115 567 739 
2691 381 445 755 757 
2692 135 158 137 665 
2693 486 324 649 100 
2694 227 726 205 738 
2695 382 460 465 765 
2696 387 388 515 669 
2697 300 210 236 669 
2698 529 733 446 767 
2699 281 231 220 713 
2700 482 464 487 773 
2701 136 139 232 686 
2702 569 570 636 670 
2703 338 337 335 712 
2704 622 552 554 672 
2705 201 200 165 688 
2706 524 400 385 685 
2707 192 667 261 761 
2708 228 689 599 762 
2709 677 764 481 770 
2710 205 228 282 762 
2711 424 516 746 769 
2712 202 283 683 729 
2713 224 252 191 750 
2714 617 118 587 721 
2715 295 213 707 751 
2716 428 347 349 753 
2717 307 648 489 727 
2718 212 275 690 720 
2719 422 746 734 754 
2720 196 256 687 761 
2721 169 704 203 751 
2722 428 349 695 753 
2723 562 437 707 708 
2724 227 207 163 738 
2725 264 230 114 701 
2726 471 470 395 770 
2727 506 481 677 764 
2728 139 263 232 712 
2729 216 184 284 773 
2730 318 434 701 767 
2731 474 719 309 771 
2732 331 386 329 723 
2733 430 523 722 745 
2734 203 301 213 708 
2735 226 742 746 769 
2736 516 426 717 769 
2737 511 438 312 735 
2738 200 202 287 721 
2739 383 726 694 738 
2740 647 109 635 713 
2741 129 111 622 672 
2742 704 732 293 741 
2743 638 286 567 739 
2744 417 710 418 766 
2745 454 711 539 713 
2746 207 738 722 745 
2747 292 642 590 710 
2748 414 507 525 666 
2749 430 722 429 762 
2750 216 284 716 773 
2751 322 406 407 758 
2752 185 691 186 750 
2753 536 427 416 707 
2754 557 584 534 748 
2755 213 708 707 751 
2756 603 273 298 699 
2757 234 756 710 766 
2758 442 732 704 741 
2759 282 205 726 738 
2760 249 741 731 776 
2761 188 209 173 754 
2762 581 398 643 699 
2763 503 390 700 751 
2764 239 716 284 773 
2765 202 683 721 729 
2766 246 177 189 723 
2767 348 361 350 706 
2768 353 359 354 759 
2769 593 299 594 727 
2770 637 129 622 672 
2771 477 704 442 732 
2772 383 468 726 738 
2773 311 423 509 742 
2774 485 392 437 708 
2775 203 704 293 741 
2776 605 643 398 699 
2777 482 539 711 728 
2778 148 679 153 765 
2779 464 393 487 737 
2780 119 234 710 766 
2781 233 290 756 766 
2782 707 708 437 751 
2783 658 577 540 719 
2784 293 704 267 732 
2785 327 308 480 699 
2786 322 407 408 720 
2787 392 437 708 751 
2788 444 756 731 766 
2789 471 371 352 768 
2790 253 201 165 702 
2791 583 698 317 748 
2792 472 431 488 771 
2793 658 540 412 719 
2794 190 185 711 773 
2795 554 620 622 672 
2796 731 756 290 766 
2797 147 232 259 752 
2798 656 662 643 659 
2799 654 462 318 733 
2800 221 109 220 713 
2801 342 526 447 686 
2802 182 247 206 666 
2803 409 408 407 690 
2804 349 724 695 753 
2805 646 505 634 760 
2806 516 484 422 734 
2807 613 614 615 733 
2808 443 734 484 744 
2809 627 513 595 727 
2810 380 370 375 687 
2811 334 335 333 691 
2812 212 275 720 758 
2813 537 525 314 689 
2814 505 502 530 697 
2815 121 718 618 771 
2816 318 701 733 767 
2817 467 466 383 726 
2818 399 703 511 748 
2819 145 142 254 715 
2820 403 461 512 682 
2821 600 689 469 762 
2822 563 641 562 708 
2823 154 161 159 694 
2824 249 731 248 776 
2825 648 307 543 710 
2826 647 458 625 728 
2827 579 298 123 699 
2828 134 232 147 675 
2829 442 440 443 741 
2830 556 248 644 776 
2831 275 194 212 690 
2832 429 430 324 722 
2833 452 334 464 737 
2834 181 266 251 671 
2835 213 294 238 707 
2836 291 199 734 756 
2837 482 316 728 773 
2838 174 291 199 734 
2839 441 731 741 776 
2840 391 477 389 704 
2841 248 556 112 776 
2842 166 229 187 696 
2843 598 609 596 720 
2844 301 112 708 776 
2845 540 577 531 719 
2846 528 488 571 771 
2847 427 320 416 670 
2848 591 119 590 710 
2849 329 723 399 748 
2850 469 689 468 762 
2851 126 575 574 719 
2852 174 172 734 744 
2853 734 754 291 756 
2854 400 514 445 665 
2855 631 547 277 763 
2856 621 235 570 718 
2857 709 730 141 765 
2858 130 181 251 671 
2859 368 366 367 667 
2860 618 577 560 719 
2861 315 589 448 721 
2862 330 393 332 725 
2863 344 347 459 715 
2864 455 390 357 700 
2865 424 423 425 746 
2866 205 182 206 726 
2867 183 193 681 761 
2868 233 731 290 766 
2869 377 424 745 769 
2870 287 118 272 721 
2871 225 48 586 120 
2872 417 418 444 766 
2873 306 738 282 762 
2874 201 669 210 729 
2875 129 637 230 733 
2876 519 486 640 101 
2877 601 228 599 762 
2878 225 558 47 222 
2879 189 216 217 725 
2880 415 463 374 772 
2881 452 454 453 711 
2882 109 635 713 760 
2883 303 275 117 720 
2884 500 449 683 729 
2885 322 720 597 758 
2886 124 727 297 740 
2887 380 687 375 767 
2888 244 118 202 683 
2889 523 486 324 722 
2890 395 396 696 770 
2891 597 596 223 720 
2892 143 142 145 715 
2893 264 181 230 733 
2894 392 707 437 751 
2895 494 430 738 745 
2896 115 284 239 716 
2897 482 728 711 773 
2898 506 454 457 764 
2899 301 249 112 776 
2900 373 702 358 775 
2901 554 553 312 735 
2902 456 634 326 760 
2903 327 317 583 698 
2904 601 599 689 762 
2905 594 299 627 727 
2906 256 192 261 761 
2907 650 649 324 100 
2908 389 704 477 747 
2909 163 164 160 714 
2910 635 456 647 713 
2911 420 419 509 740 
2912 148 141 730 765 
2913 463 681 374 772 
2914 190 184 185 773 
2915 562 641 561 708 
2916 549 493 651 663 
2917 331 329 330 723 
2918 243 168 155 747 
2919 429 99 652 324 
2920 113 235 236 670 
2921 582 603 605 699 
2922 203 293 301 741 
2923 372 373 358 775 
2924 217 716 115 739 
2925 279 30 650 271 
2926 322 598 597 720 
2927 412 578 658 719 
2928 576 578 475 719 
2929 696 764 677 770 
2930 347 428 459 715 
2931 604 273 603 699 
2932 468 738 430 762 
2933 266 256 158 687 
2934 643 605 662 656 
2935 185 184 179 737 
2936 648 543 590 710 
2937 482 487 316 773 
2938 533 404 501 672 
2939 384 381 380 757 
2940 182 205 161 726 
2941 430 495 523 745 
2942 255 724 695 759 
2943 266 196 256 687 
2944 524 385 403 685 
2945 551 550 439 731 
2946 602 552 46 222 
2947 248 731 644 776 
2948 148 153 144 765 
2949 131 132 133 693 
2950 446 380 529 671 
2951 581 579 580 699 
2952 242 148 141 730 
2953 94 322 597 758 
2954 552 46 222 111 
2955 292 590 119 710 
2956 209 304 234 754 
2957 505 646 657 760 
2958 377 426 424 769 
2959 456 713 635 760 
2960 500 397 449 729 
2961 286 580 123 739 
2962 401 530 697 764 
2963 623 731 233 766 
2964 499 533 312 735 
2965 259 691 179 752 
2966 126 128 575 719 
2967 205 206 228 689 
2968 503 392 390 751 
2969 651 493 406 758 
2970 291 734 173 754 
2971 440 731 444 756 
2972 541 314 525 689 
2973 380 529 671 767 
2974 396 376 395 696 
2975 599 228 280 689 
2976 369 687 370 755 
2977 617 587 589 721 
2978 558 47 612 225 
2979 48 607 586 120 
2980 529 446 671 767 
2981 468 541 467 726 
2982 717 724 262 759 
2983 353 355 717 724 
2984 186 185 179 691 
2985 396 481 764 770 
2986 249 248 112 776 
2987 325 433 504 684 
2988 578 655 658 719 
2989 355 724 350 744 
2990 444 731 323 766 
2991 581 643 579 699 
2992 416 568 564 707 
2993 577 719 618 771 
2994 140 143 258 678 
2995 184 178 179 737 
2996 202 210 283 729 
2997 211 297 214 740 
2998 401 697 696 764 
2999 440 441 731 741 
3000 119 233 234 766 
3001 578 412 475 719 
3002 604 603 582 699 
3003 455 358 373 702 
3004 421 734 443 756 
3005 717 724 355 744 
3006 384 380 446 671 
3007 125 288 663 758 
3008 506 396 481 764 
3009 126 244 283 683 
3010 322 413 598 720 
3011 586 612 48 225 
3012 432 630 325 88 
3013 654 318 614 733 
3014 591 21 119 545 
3015 474 475 309 719 
3016 193 196 195 668 
3017 637 622 620 672 
3018 234 291 754 756 
3019 444 754 421 756 
3020 471 395 371 673 
3021 166 165 200 688 
3022 194 193 195 681 
3023 210 289 283 664 
3024 109 285 633 760 
3025 560 559 128 719 
3026 187 229 221 697 
3027 366 364 365 736 
3028 470 676 356 770 
3029 649 640 486 101 
3030 216 115 217 716 
3031 318 434 432 701 
3032 317 698 328 748 
3033 305 295 238 707 
3034 411 508 490 668 
3035 437 564 562 707 
3036 382 366 473 730 
3037 241 585 49 120 
3038 502 315 450 721 
3039 579 123 580 699 
3040 352 692 351 768 
3041 421 754 734 756 
3042 623 20 233 644 
3043 630 631 629 763 
3044 197 265 262 724 
3045 420 746 422 754 
3046 138 141 140 709 
3047 399 511 534 748 
3048 465 364 382 679 
3049 651 406 94 758 
3050 223 720 275 758 
3051 421 422 734 754 
3052 109 221 285 760 
3053 180 250 157 673 
3054 183 182 162 674 
3055 499 312 438 735 
3056 109 633 635 760 
3057 424 516 422 746 
3058 557 586 584 748 
3059 403 522 461 682 
3060 231 191 219 677 
3061 253 167 204 700 
3062 155 156 152 692 
3063 396 764 696 770 
3064 259 186 179 691 
3065 529 318 446 733 
3066 624 239 237 728 
3067 44 230 129 637 
3068 248 233 20 644 
3069 121 235 621 718 
3070 441 439 731 776 
3071 454 713 457 764 
3072 375 370 369 687 
3073 600 601 689 762 
3074 255 262 724 759 
3075 239 190 728 773 
3076 183 192 193 761 
3077 600 469 601 762 
3078 148 730 679 765 
3079 200 201 202 729 
3080 340 356 470 676 
3081 257 261 192 667 
3082 505 69 315 617 
3083 558 602 47 222 
3084 597 720 223 758 
3085 457 760 530 764 
3086 163 745 170 769 
3087 556 632 112 776 
3088 418 419 420 754 
3089 339 341 435 678 
3090 516 424 426 769 
3091 487 478 316 716 
3092 332 393 464 737 
3093 462 501 404 672 
3094 313 708 561 776 
3095 237 190 281 728 
3096 711 728 190 773 
3097 226 742 188 746 
3098 318 733 529 767 
3099 174 198 197 744 
3100 494 495 430 745 
3101 548 37 127 549 
3102 432 615 630 88 
3103 663 749 492 763 
3104 442 443 483 732 
3105 624 237 647 728 
3106 454 482 539 711 
3107 149 252 224 676 
3108 572 74 478 565 
3109 480 521 393 725 
3110 148 154 153 679 
3111 632 708 112 776 
3112 255 262 265 724 
3113 169 203 213 751 
3114 619 238 563 707 
3115 615 614 87 432 
3116 228 32 110 762 
3117 212 195 270 690 
3118 540 531 412 719 
3119 209 291 173 754 
3120 21 233 119 545 
3121 456 635 634 760 
3122 172 717 164 769 
3123 506 481 453 677 
3124 618 718 571 771 
3125 344 345 346 680 
3126 456 457 713 760 
3127 285 6 646 272 
3128 234 233 756 766 
3129 548 127 653 749 
3130 129 230 181 733 
3131 139 136 138 686 
3132 392 536 707 751 
3133 447 512 336 675 
3134 588 319 448 683 
3135 418 307 419 710 
3136 121 621 618 718 
3137 364 363 365 736 
3138 295 169 213 751 
3139 483 443 484 744 
3140 625 458 316 728 
3141 236 210 296 669 
3142 440 323 444 731 
3143 338 339 337 712 
3144 187 180 166 696 
3145 638 567 566 739 
3146 637 613 230 733 
3147 277 122 40 631 
3148 537 598 609 96 
3149 624 626 239 728 
3150 585 607 49 120 
3151 318 87 614 432 
3152 1 565 567 115 
3153 632 561 708 776 
3154 329 317 328 748 
3155 650 652 99 324 
3156 564 563 562 707 
3157 370 381 445 755 
3158 609 537 96 314 
3159 551 644 550 731 
3160 237 4 647 109 
3161 441 485 313 708 
3162 644 551 556 776 
3163 150 146 145 680 
3164 387 379 388 669 
3165 208 271 279 722 
3166 441 708 313 776 
3167 176 178 177 705 
3168 414 413 408 720 
3169 543 307 417 710 
3170 449 448 500 683 
3171 342 436 526 686 
3172 542 103 628 510 
3173 462 446 318 733 
3174 161 227 159 694 
3175 132 135 134 685 
3176 210 201 296 669 
3177 196 268 195 668 
3178 268 245 270 684 
3179 318 529 434 767 
3180 581 308 398 699 
3181 29 649 116 279 
3182 438 399 386 703 
3183 247 303 206 666 
3184 233 290 234 756 
3185 561 58 562 313 
3186 321 489 513 727 
3187 444 421 443 756 
3188 584 585 583 748 
3189 129 130 111 672 
3190 238 295 213 707 
3191 267 293 203 704 
3192 515 320 427 670 
3193 488 573 571 771 
3194 326 634 70 505 
3195 641 632 561 708 
3196 415 466 507 674 
3197 167 169 204 700 
3198 649 30 650 279 
3199 133 147 175 682 
3200 611 126 9 574 
3201 644 731 551 776 
3202 112 248 19 556 
3203 381 385 400 757 
3204 604 50 273 241 
3205 285 646 633 760 
3206 439 550 323 731 
3207 228 601 32 762 
3208 304 214 119 710 
3209 323 731 550 766 
3210 195 212 194 690 
3211 378 372 498 688 
3212 369 367 374 772 
3213 374 463 517 681 
3214 163 170 164 769 
3215 441 439 440 731 
3216 125 127 37 549 
3217 468 467 383 726 
3218 570 235 15 113 
3219 563 17 294 238 
3220 465 360 364 679 
3221 327 532 398 699 
3222 389 477 479 747 
3223 590 543 591 710 
3224 345 352 351 768 
3225 124 628 26 299 
3226 377 424 495 745 
3227 349 354 428 695 
3228 171 172 164 769 
3229 468 430 429 762 
3230 518 742 311 774 
3231 592 548 653 749 
3232 31 652 271 110 
3233 212 223 275 758 
3234 332 333 331 705 
3235 394 521 480 739 
3236 239 190 237 728 
3237 383 494 468 738 
3238 593 642 274 727 
3239 244 126 9 611 
3240 240 740 276 774 
3241 332 464 334 737 
3242 496 497 684 763 
3243 560 128 278 719 
3244 209 234 291 754 
3245 436 460 382 709 
3246 174 197 172 744 
3247 60 569 568 320 
3248 226 276 188 742 
3249 334 451 335 691 
3250 599 280 608 689 
3251 309 431 474 771 
3252 537 413 598 96 
3253 419 727 321 740 
3254 7 272 118 617 
3255 578 661 412 658 
3256 126 278 128 719 
3257 231 281 190 711 
3258 114 268 264 701 
3259 115 1 565 239 
3260 326 505 530 760 
3261 626 625 316 728 
3262 363 362 383 694 
3263 357 351 352 692 
3264 208 207 722 745 
3265 621 571 618 718 
3266 144 255 254 695 
3267 123 273 218 699 
3268 257 148 242 730 
3269 359 426 377 714 
3270 292 274 642 727 
3271 282 227 205 738 
3272 79 398 605 538 
3273 402 499 403 693 
3274 308 645 394 739 
3275 550 731 623 766 
3276 554 552 553 735 
3277 499 402 533 693 
3278 215 225 260 703 
3279 312 83 511 553 
3280 399 438 511 703 
3281 341 343 344 743 
3282 444 418 421 754 
3283 313 561 555 776 
3284 122 277 288 663 
3285 198 267 269 732 
3286 426 353 355 717 
3287 525 537 414 666 
3288 341 340 343 743 
3289 173 174 172 734 
3290 230 44 613 637 
3291 196 193 256 761 
3292 557 511 83 553 
3293 559 658 655 719 
3294 456 326 457 760 
3295 485 391 392 751 
3296 416 60 568 320 
3297 417 543 710 766 
3298 330 332 331 705 
3299 471 345 343 768 
3300 591 119 22 590 
3301 50 604 616 241 
3302 578 575 655 719 
3303 290 233 248 731 
3304 574 575 576 719 
3305 547 277 40 631 
3306 419 321 476 740 
3307 86 318 654 462 
3308 226 746 171 769 
3309 384 385 381 757 
3310 592 653 546 749 
3311 259 179 176 752 
3312 392 536 437 707 
3313 235 300 236 718 
3314 551 731 439 776 
3315 318 654 614 86 
3316 531 719 577 771 
3317 151 269 243 706 
3318 597 651 94 758 
3319 437 416 564 707 
3320 483 355 350 744 
3321 124 297 240 740 
3322 218 241 246 698 
3323 397 379 449 729 
3324 194 183 193 681 
3325 497 325 496 684 
3326 199 249 293 741 
3327 98 469 429 762 
3328 32 228 599 601 
3329 598 596 597 720 
3330 611 8 244 587 
3331 163 160 159 714 
3332 287 202 118 721 
3333 74 316 478 565 
3334 208 207 306 722 
3335 114 230 43 613 
3336 377 495 494 745 
3337 455 503 390 700 
3338 481 470 356 770 
3339 576 575 578 719 
3340 432 434 433 701 
3341 584 583 317 748 
3342 487 393 521 716 
3343 391 390 392 751 
3344 207 282 306 738 
3345 165 156 253 702 
3346 228 206 280 689 
3347 440 444 443 756 
3348 623 550 644 731 
3349 634 646 70 505 
3350 111 622 45 129 
3351 353 349 350 724 
3352 410 409 407 690 
3353 457 713 760 764 
3354 292 119 214 710 
3355 223 117 275 720 
3356 573 618 571 771 
3357 307 489 419 727 
3358 365 415 367 772 
3359 244 202 283 683 
3360 595 513 489 727 
3361 245 122 270 684 
3362 211 276 240 740 
3363 96 608 609 314 
3364 98 601 469 762 
3365 141 144 142 765 
3366 445 473 368 755 
3367 214 297 292 727 
3368 520 477 391 704 
3369 658 578 661 655 
3370 577 559 560 719 
3371 531 577 573 771 
3372 215 177 246 723 
3373 281 220 109 713 
3374 201 210 202 729 
3375 314 469 600 689 
3376 362 359 377 714 
3377 545 623 233 766 
3378 353 350 355 724 
3379 308 394 480 739 
3380 29 649 640 116 
3381 203 168 267 704 
3382 191 185 186 750 
3383 588 67 319 610 
3384 632 112 19 556 
3385 347 346 348 753 
3386 454 539 457 713 
3387 123 298 273 699 
3388 617 118 7 587 
3389 351 389 479 747 
3390 568 619 564 707 
3391 113 236 305 670 
3392 286 123 217 739 
3393 621 570 571 718 
3394 217 115 286 739 
3395 378 449 379 729 
3396 127 277 547 749 
3397 69 505 657 617 
3398 249 290 248 731 
3399 592 546 405 749 
3400 311 476 542 774 
3401 518 423 311 742 
3402 627 595 594 727 
3403 579 53 123 298 
3404 273 51 603 298 
3405 588 611 610 683 
3406 51 603 604 273 
3407 502 401 530 697 
3408 434 375 508 767 
3409 421 420 422 754 
3410 615 114 43 613 
3411 110 306 282 762 
3412 479 361 348 706 
3413 458 72 456 647 
3414 369 370 368 755 
3415 8 118 244 587 
3416 72 458 625 647 
3417 31 652 650 271 
3418 637 654 614 733 
3419 190 185 231 711 
3420 293 267 198 732 
3421 452 482 454 711 
3422 394 645 566 739 
3423 172 262 164 717 
3424 629 41 122 631 
3425 510 627 513 104 
3426 430 468 494 738 
3427 590 119 22 292 
3428 127 547 653 749 
3429 651 125 37 549 
3430 327 398 308 699 
3431 497 89 630 763 
3432 229 272 221 697 
3433 580 54 638 286 
3434 6 646 272 657 
3435 122 245 41 629 
3436 115 216 284 716 
3437 608 314 600 689 
3438 636 570 15 113 
3439 17 563 619 238 
3440 71 634 326 456 
3441 580 638 645 739 
3442 171 188 173 746 
3443 544 323 550 766 
3444 292 297 274 727 
3445 412 309 475 719 
3446 228 110 282 762 
3447 117 34 280 609 
3448 482 458 539 728 
3449 441 442 520 741 
3450 330 328 480 725 
3451 129 622 45 637 
3452 307 648 543 108 
3453 223 35 117 596 
3454 559 577 658 719 
3455 46 552 622 111 
3456 405 546 535 749 
3457 496 325 504 684 
3458 553 312 84 554 
3459 601 599 600 689 
3460 224 191 186 750 
3461 116 276 742 774 
3462 544 543 417 766 
3463 103 628 639 542 
3464 584 534 82 557 
3465 457 539 456 713 
3466 551 439 555 776 
3467 436 435 460 709 
3468 85 620 501 462 
3469 534 511 82 557 
3470 34 117 596 609 
3471 443 421 484 734 
3472 618 13 121 560 
3473 18 641 294 632 
3474 583 80 327 582 
3475 121 300 235 718 
3476 477 442 361 732 
3477 249 301 293 741 
3478 316 74 626 565 
3479 277 125 288 663 
3480 401 376 396 696 
3481 592 405 549 749 
3482 621 235 15 570 
3483 518 311 519 774 
3484 278 121 13 560 
3485 469 600 601 98 
3486 125 212 288 758 
3487 301 112 213 708 
3488 628 627 26 299 
3489 532 327 80 582 
3490 280 33 228 599 
3491 312 501 84 554 
3492 226 188 171 746 
3493 213 112 294 708 
3494 594 595 593 727 
3495 4 635 647 109 
3496 85 654 620 462 
3497 23 593 642 274 
3498 440 442 441 741 
3499 437 562 58 313 
3500 583 317 81 584 
3501 579 53 580 123 
3502 426 355 516 717 
3503 534 584 317 748 
3504 450 315 448 721 
3505 302 116 276 742 
3506 437 313 485 708 
3507 523 324 430 722 
3508 457 326 530 760 
3509 208 170 207 745 
3510 632 555 561 776 
3511 510 628 627 104 
3512 124 274 297 727 
3513 112 18 294 632 
3514 69 589 315 617 
3515 593 606 642 727 
3516 255 153 160 759 
3517 28 639 240 774 
3518 235 14 121 621 
3519 395 481 396 770 
3520 10 126 128 575 
3521 531 309 412 719 
3522 347 348 349 753 
3523 616 585 49 241 
3524 401 696 396 764 
3525 361 442 483 732 
3526 660 594 595 105 
3527 469 468 429 762 
3528 170 163 207 745 
3529 286 580 54 123 
3530 484 421 422 734 
3531 322 597 598 95 
3532 35 223 597 596 
3533 393 330 480 725 
3534 584 607 585 748 
3535 313 555 439 776 
3536 255 160 262 759 
3537 401 457 530 764 
3538 307 543 417 108 
3539 573 62 488 571 
3540 422 420 423 746 
3541 380 375 529 767 
3542 319 500 448 683 
3543 564 562 59 437 
3544 170 226 171 769 
3545 286 55 567 115 
3546 408 413 322 720 
3547 274 642 23 292 
3548 309 719 531 771 
3549 563 564 619 707 
3550 551 56 439 550 
3551 644 19 248 556 
3552 597 223 36 758 
3553 542 102 519 774 
3554 482 316 458 728 
3555 62 528 488 571 
3556 422 423 424 746 
3557 227 282 207 738 
3558 586 607 584 748 
3559 551 439 57 555 
3560 548 592 549 749 
3561 4 647 624 237 
3562 321 419 489 727 
3563 355 483 484 744 
3564 319 448 67 588 
3565 55 567 638 286 
3566 542 639 102 774 
3567 531 573 488 771 
3568 126 10 574 575 
3569 577 618 573 771 
3570 478 487 521 716 
3571 595 489 606 727 
3572 71 634 456 635 
3573 125 651 36 758 
3574 536 416 437 707 
3575 656 603 51 298 
3576 566 75 394 572 
3577 306 271 208 722 
3578 91 405 546 535 
3579 147 259 176 752 
3580 317 534 81 584 
3581 544 550 623 766 
3582 148 144 141 765 
3583 314 541 469 689 
3584 625 316 73 626 
3585 272 7 657 617 
3586 56 323 439 550 
3587 317 327 328 698 
3588 595 606 593 727 
3589 398 79 605 532 
3590 602 558 553 735 
3591 588 448 68 589 
3592 661 540 412 658 
3593 544 545 543 766 
3594 475 66 578 576 
3595 174 173 291 734 
3596 73 458 316 625 
3597 509 419 476 740 
3598 423 518 425 742 
3599 376 372 371 775 
3600 63 531 540 577 
3601 552 602 553 735 
3602 14 121 621 618 
3603 59 564 437 416 
3604 640 519 102 774 
3605 1 626 565 239 
3606 546 90 535 749 
3607 598 322 95 413 
3608 323 544 417 766 
3609 239 3 624 237 
3610 28 240 116 774 
3611 440 439 323 731 
3612 313 57 439 555 
3613 233 21 623 545 
3614 299 593 24 274 
3615 519 311 542 774 
3616 107 648 606 489 
3617 285 646 6 633 
3618 658 63 540 577 
3619 372 358 371 775 
3620 290 199 234 756 
3621 637 614 613 733 
3622 28 116 640 774 
3623 651 94 406 493 
3624 223 125 36 758 
3625 239 284 190 773 
3626 398 538 77 643 
3627 297 211 240 740 
3628 643 77 398 581 
3629 109 5 635 633 
3630 639 28 640 774 
3631 192 256 193 761 
3632 2 417 544 543 
3633 66 412 475 578 
3634 291 234 199 756 
3635 418 417 307 710 
3636 497 527 89 763 
3637 493 549 405 749 
3638 640 102 639 774 
3639 434 529 375 767 
3640 589 448 68 315 
3641 624 626 3 239 
3642 53 579 659 298 
3643 641 563 17 294 
3644 597 36 651 758 
3645 127 277 40 547 
3646 638 566 645 739 
3647 116 240 276 774 
3648 345 471 352 768 
3649 599 280 33 608 
3650 327 317 80 583 
3651 107 307 648 489 
3652 97 600 608 314 
3653 470 481 395 770 
3654 370 445 368 755 
3655 432 87 615 88 
3656 496 310 497 763 
3657 582 79 532 605 
3658 47 48 612 225 
3659 630 89 631 763 
3660 41 40 122 631 
3661 444 323 417 766 
3662 60 568 564 416 
3663 639 27 28 240 
3664 540 412 64 661 
3665 527 749 90 763 
3666 125 223 212 758 
3667 272 7 6 657 
3668 367 415 374 772 
3669 645 75 394 566 
3670 581 76 308 645 
3671 394 308 76 645 
3672 405 546 592 91 
3673 651 94 493 93 
3674 493 405 492 749 
3675 316 74 73 626 
3676 64 540 661 658 
3677 597 322 94 95 
3678 324 99 650 100 
3679 170 171 164 769 
3680 43 42 114 615 
3681 505 646 70 657 
3682 626 624 625 728 
3683 329 399 317 748 
3684 599 608 600 689 
3685 647 625 624 728 
3686 190 284 184 773 
3687 45 44 129 637 
3688 456 72 635 647 
3689 226 302 276 742 
3690 2 417 323 544 
3691 488 431 309 771 
3692 620 501 554 85 
3693 46 47 602 222 
3694 635 4 5 109 
3695 441 313 439 776 
3696 5 109 285 633 
3697 66 475 319 576 
3698 99 652 98 429 
3699 616 49 50 241 
3700 619 16 17 238 
3701 89 497 630 325 
3702 636 15 16 113 
3703 97 608 96 314 
3704 421 418 420 754 
3705 21 20 233 623 
3706 659 656 52 298 
3707 547 90 546 749 
3708 101 486 649 100 
3709 97 600 314 469 
3710 313 561 58 555 
3711 628 26 27 124 
3712 37 36 125 651 
3713 128 278 13 560 
3714 448 68 67 588 
3715 323 56 544 550 
3716 592 549 405 92 
3717 90 631 89 763 
3718 547 546 653 749 
3719 223 36 35 597 
3720 626 1 3 239 
3721 45 46 622 111 
3722 505 70 69 657 
3723 112 19 18 632 
3724 81 80 317 583 
3725 34 280 609 608 
3726 551 555 556 776 
3727 401 396 457 764 
3728 556 555 632 776 
3729 235 15 14 621 
3730 593 24 594 299 
3731 635 633 634 760 
3732 576 319 67 610 
3733 650 30 31 271 
3734 308 398 77 581 
3735 53 54 580 123 
3736 456 72 71 635 
3737 535 90 527 749 
3738 643 538 78 662 
3739 540 64 63 658 
3740 605 78 538 662 
3741 75 478 394 572 
3742 119 22 21 591 
3743 84 83 312 553 
3744 488 531 62 573 
3745 506 457 396 764 
3746 604 50 51 273 
3747 405 527 492 749 
3748 31 32 652 110 
3749 614 87 318 86 
3750 309 531 488 771 
3751 649 29 30 279 
3752 562 58 59 437 
3753 538 643 605 662 
3754 569 60 61 320 
3755 90 89 527 763 
3756 48 49 607 120 
3757 656 51 52 298 
3758 559 11 128 655 
3759 20 19 248 644 
3760 25 26 627 299 
3761 244 9 8 611 
3762 575 128 11 655 
3763 92 405 592 91 
3764 627 660 595 513 
3765 92 493 549 405 
3766 57 56 439 551 
3767 399 534 317 748 
3768 52 53 659 298 
3769 489 595 106 513 
3770 280 34 33 608 
3771 63 531 577 573 
3772 394 76 75 645 
3773 2 417 543 108 
3774 564 59 60 416 
3775 535 527 405 749 
3776 105 595 660 513 
3777 661 412 65 578 
3778 308 77 76 581 
3779 323 56 2 544 
3780 654 85 86 462 
3781 642 590 22 292 
3782 228 33 32 599 
3783 121 14 13 618 
3784 640 28 29 116 
3785 545 544 623 766 
3786 510 103 628 104 
3787 593 23 24 274 
3788 40 39 127 547 
3789 634 633 646 760 
3790 653 127 39 547 
3791 542 639 103 102 
3792 10 9 126 574 
3793 101 640 519 102 
3794 128 11 10 575 
3795 313 58 57 555 
3796 8 7 118 587 
3797 493 549 651 93 
3798 413 95 598 96 
3799 108 307 648 107 
3800 319 67 66 576 
3801 412 66 65 578 
3802 55 1 567 115 
3803 594 25 627 299 
3804 412 65 64 661 
3805 17 18 641 294 
3806 660 627 105 513 
3807 44 43 230 613 
3808 589 68 69 315 
3809 12 128 560 559 
3810 531 63 62 573 
3811 546 91 535 90 
3812 511 83 82 557 
3813 79 78 538 605 
3814 478 75 74 572 
3815 469 97 600 98 
3816 128 13 12 560 
3817 42 41 245 629 
3818 497 310 527 763 
3819 653 38 127 548 
3820 538 78 77 643 
3821 106 606 595 489 
3822 493 92 549 93 
3823 501 84 554 85 
3824 627 105 513 104 
3825 22 23 642 292 
3826 534 82 81 584 
3827 594 24 25 299 
3828 325 630 89 88 
3829 128 12 11 559 
3830 458 73 72 625 
3831 634 70 71 326 
3832 39 38 127 653 
3833 3 4 624 237 
3834 54 55 638 286 
3835 80 79 532 582 
3836 107 606 106 489 
3837 528 62 61 571 
3838 117 35 34 596 
3839 660 25 627 594 
3840 105 106 595 513 
3841 38 37 127 548 
3842 627 660 594 595 
3843 6 5 285 633 
3844 730 755 261 667 
3845 261 755 730 665 
3846 693 757 132 685 
3847 132 757 693 671 
3848 730 138 141 242 
3849 730 141 138 709 
3850 730 137 138 242 
3851 730 138 137 665 
3852 739 698 480 699 
3853 739 480 698 725 
3854 774 518 640 519 
3855 774 640 518 742 
3856 702 167 692 156 
3857 702 692 167 700 
3858 700 707 204 670 
3859 700 204 707 295 
3860 305 204 707 670 
3861 305 707 204 295 
3862 684 411 433 504 
3863 684 433 411 668 
3864 757 132 135 251 
3865 757 135 132 685 
3866 773 626 316 728 
3867 773 316 626 716 
3868 774 476 639 740 
3869 774 639 476 542 
3870 628 639 476 740 
3871 628 476 639 542 
3872 720 247 303 275 
3873 720 303 247 666 
3874 744 361 706 350 
3875 744 706 361 732 
3876 730 436 665 473 
3877 730 665 436 709 
3878 385 693 757 402 
3879 757 693 385 685 
3880 743 770 768 673 
3881 743 768 770 470 
3882 471 768 770 673 
3883 471 770 768 470 
3884 245 615 42 629 
3885 42 615 245 114 
3886 684 288 690 663 
3887 684 690 288 270 
3888 760 272 221 285 
3889 760 221 272 697 
3890 254 724 255 265 
3891 255 724 254 695 
3892 320 571 61 569 
3893 320 61 571 528 
3894 425 746 769 424 
3895 769 746 425 742 
3896 719 289 283 278 
3897 719 283 289 664 
3898 738 362 383 494 
3899 738 383 362 694 
3900 743 345 344 680 
3901 743 344 345 343 
3902 432 630 701 325 
3903 432 701 630 615 
3904 763 547 90 631 
3905 763 90 547 749 
3906 721 229 272 287 
3907 721 272 229 697 
3908 766 418 756 710 
3909 766 756 418 444 
3910 752 232 712 675 
3911 752 712 232 259 
3912 771 278 618 121 
3913 771 618 278 719 
3914 560 618 278 121 
3915 560 278 618 719 
3916 478 739 521 394 
3917 521 739 478 716 
3918 729 450 683 721 
3919 729 683 450 449 
3920 448 683 450 721 
3921 448 450 683 449 
3922 262 744 172 197 
3923 172 744 262 717 
3924 240 628 27 124 
3925 240 27 628 639 
3926 509 774 476 311 
3927 476 774 509 740 
3928 492 763 527 310 
3929 527 763 492 749 
3930 636 238 16 619 
3931 16 238 636 113 
3932 720 537 414 413 
3933 720 414 537 666 
3934 598 537 720 413 
3935 720 537 598 609 
3936 241 604 698 273 
3937 241 698 604 616 
3938 699 698 604 273 
3939 313 562 708 437 
3940 313 708 562 561 
3941 766 591 543 710 
3942 766 543 591 545 
3943 505 617 697 657 
3944 697 617 505 315 
3945 294 632 708 112 
3946 708 632 294 641 
3947 762 32 652 601 
3948 762 652 32 110 
3949 644 233 731 248 
3950 644 731 233 623 
3951 760 657 272 646 
3952 760 272 657 697 
3953 609 314 689 537 
3954 689 314 609 608 
3955 762 98 652 429 
3956 762 652 98 601 
3957 655 128 719 575 
3958 655 719 128 559 
3959 698 604 582 699 
3960 698 582 604 616 
$EndElements
$Parametrizations
2 3
1
81
0 1400 349.908 0
0 1300 349.908 1
0 1200 349.908 2
0 1100 349.908 3
0 1000 349.908 4
0 900 349.908 5
0 800 349.908 6
0 700 349.908 7
0 600 349.908 8
0 500 349.908 9
0 400 349.908 10
0 300 349.908 11
0 200 349.908 12
0 100 349.908 13
0 0 349.908 14
100 0 349.908 15
200 0 349.908 16
300 0 349.908 17
400 0 349.908 18
500 0 349.908 19
600 0 349.908 20
700 0 349.908 21
800 0 349.908 22
900 0 349.908 23
1000 0 349.908 24
1100 0 349.908 25
1200 0 349.908 26
1300 0 349.908 27
1400 0 349.908 28
1500 0 349.908 29
1600 0 349.908 30
1700 0 349.908 31
1800 0 349.908 32
1900 0 349.908 33
2000 0 349.908 34
2000 100 349.908 35
2000 200 349.908 36
2000 300 349.908 37
2000 400 349.908 38
2000 500 349.908 39
2000 600 349.908 40
2000 700 349.908 41
2000 800 349.908 42
2000 900 349.908 43
2000 1000 349.908 44
2000 1100 349.908 45
2000 1200 349.908 46
2000 1300 349.908 47
2000 1400 349.908 48
2000 1500 349.908 49
2000 1600 349.908 50
2000 1700 349.908 51
2000 1800 349.908 52
2000 1900 349.908 53
2000 2000 349.908 54
1900 2000 349.908 55
1800 2000 349.908 56
1700 2000 349.908 57
1600 2000 349.908 58
1500 2000 349.908 59
1400 2000 349.908 60
1300 2000 349.908 61
1200 2000 349.908 62
1100 2000 349.908 63
1000 2000 349.908 64
900 2000 349.908 65
800 2000 349.908 66
700 2000 349.908 67
600 2000 349.908 68
500 2000 349.908 69
400 2000 349.908 70
300 2000 349.908 71
200 2000 349.908 72
100 2000 349.908 73
0 2000 349.908 74
0 1900 349.908 75
0 1800 349.908 76
0 1700 349.908 77
0 1600 349.908 78
0 1500 349.908 79
0 1400 349.908 80
2
81
1400 0 12 0
1300 0 9 1
1200 0 6 2
1100 0 3 3
1000 0 0 4
900 0 0 5
800 0 0 6
700 0 0 7
600 0 0 8
500 0 0 9
400 0 0 10
300 0 0 11
200 0 0 12
100 0 0 13
0 0 0 14
0 100 0 15
0 200 0 16
0 300 0 17
0 400 0 18
0 500 0 19
0 600 0 20
0 700 0 21
0 800 0 22
0 900 0 23
0 1000 0 24
0 1100 0 25
0 1200 0 26
0 1300 0 27
0 1400 0 28
0 1500 0 29
0 1600 0 30
0 1700 0 31
0 1800 0 32
0 1900 0 33
0 2000 0 34
100 2000 0 35
200 2000 0 36
300 2000 0 37
400 2000 0 38
500 2000 0 39
600 2000 0 40
700 2000 0 41
800 2000 1.483 42
900 2000 4.483 43
1000 2000 7.483 44
1100 2000 10.483 45
1200 2000 13.483 46
1300 2000 16.483 47
1400 2000 19.483 48
1500 2000 22.483 49
1600 2000 25.483 50
1700 2000 28.483 51
1800 2000 31.483 52
1900 2000 34.483 53
2000 2000 37.483 54
2000 1900 31.003 55
2000 1800 24.412 56
2000 1700 18.436 57
2000 1600 13.733 58
2000 1500 10.822 59
2000 1400 10.021 60
2000 1300 11.42 61
2000 1200 14.864 62
2000 1100 19.974 63
2000 1000 26.189 64
2000 900 32.822 65
2000 800 39.145 66
2000 700 44.462 67
2000 600 48.186 68
2000 500 49.908 69
2000 400 49.439 70
2000 300 46.829 71
2000 200 42.367 72
2000 100 36.544 73
2000 0 30 74
1900 0 27 75
1800 0 24 76
1700 0 21 77
1600 0 18 78
1500 0 15 79
1400 0 12 80
1
441 800
0 0 349.908 1 0 0 0 0 0 0 0
100 0 349.908 0.9969173337331277 0.07845909572784493 0 0 0 0 0 0
100 100 349.908 0.9636497458093187 0 0 0 0 0 0 0
0 100 349.908 0.9969173337331277 -0.07845909572784475 0 0 0 0 0 0
200 0 349.908 0.9876883405951378 0.1564344650402309 0 0 0 0 0 0
200 100 349.908 0.9370660730177569 0.07755367684789768 0 0 0 0 0 0
300 0 349.908 0.9723699203976767 0.2334453638559054 0 0 0 0 0 0
300 100 349.908 0.9103830144340771 0.1539700376215338 0 0 0 0 0 0
400 0 349.908 0.9510565162951535 0.3090169943749474 0 0 0 0 0 0
400 100 349.908 0.8811925226051541 0.2289492517998655 0 0 0 0 0 0
500 0 349.908 0.9238795325112867 0.3826834323650898 0 0 0 0 0 0
500 100 349.908 0.8484689003036663 0.30216298095125 0 0 0 0 0 0
600 0 349.908 0.8910065241883679 0.4539904997395468 0 0 0 0 0 0
600 100 349.908 0.8117380419515983 0.3732723162409968 0 0 0 0 0 0
700 0 349.908 0.8526401643540922 0.5224985647159487 0 0 0 0 0 0
700 100 349.908 0.7707956506865958 0.4419383369038619 0 0 0 0 0 0
800 0 349.908 0.8090169943749476 0.5877852522924731 0 0 0 0 0 0
800 100 349.908 0.7255927543676161 0.5078295999921432 0 0 0 0 0 0
900 0 349.908 0.7604059656000309 0.6494480483301837 0 0 0 0 0 0
900 100 349.908 0.6761817618550217 0.5706281631091634 0 0 0 0 0 0
1000 0 349.908 0.7071067811865476 0.7071067811865475 0 0 0 0 0 0
1000 100 349.908 0.6226878766160714 0.6300348574059252 0 0 0 0 0 0
1100 0 349.908 0.6494480483301837 0.7604059656000309 0 0 0 0 0 0
1100 100 349.908 0.5652924582381409 0.6857742059403218 0 0 0 0 0 0
1200 0 349.908 0.5877852522924731 0.8090169943749476 0 0 0 0 0 0
1200 100 349.908 0.5042225630370258 0.7375992747795643 0 0 0 0 0 0
1300 0 349.908 0.5224985647159488 0.8526401643540922 0 0 0 0 0 0
1300 100 349.908 0.4397439236562039 0.7852967510964125 0 0 0 0 0 0
1400 0 349.908 0.4539904997395469 0.8910065241883678 0 0 0 0 0 0
1400 100 349.908 0.3721559550056862 0.8286926554678686 0 0 0 0 0 0
1500 0 349.908 0.3826834323650898 0.9238795325112867 0 0 0 0 0 0
1500 100 349.908 0.3017880073608676 0.8676593759417143 0 0 0 0 0 0
1600 0 349.908 0.3090169943749475 0.9510565162951535 0 0 0 0 0 0
1600 100 349.908 0.2289964159358928 0.902125348097374 0 0 0 0 0 0
1700 0 349.908 0.2334453638559055 0.9723699203976764 0 0 0 0 0 0
1700 100 349.908 0.1541620857166464 0.9320902383271639 0 0 0 0 0 0
1800 0 349.908 0.156434465040231 0.9876883405951379 0 0 0 0 0 0
1800 100 349.908 0.07768848007070152 0.9576526144598648 0 0 0 0 0 0
1900 0 349.908 0.078459095727845 0.9969173337331281 0 0 0 0 0 0
1900 100 349.908 5.645652217063587e-17 0.9790699095989874 0 0 0 0 0 0
2000 0 349.908 6.123233995736766e-17 1 0 0 0 0 0 0
2000 100 349.908 -0.07845909572784487 0.9969173337331281 0 0 0 0 0 0
100 200 349.908 0.9370660730177571 -0.07755367684789784 0 0 0 0 0 0
0 200 349.908 0.9876883405951375 -0.1564344650402311 0 0 0 0 0 0
200 200 349.908 0.8950266944945925 -1.097513474028906e-16 0 0 0 0 0 0
300 200 349.908 0.8567338236705924 0.07619005165262242 0 0 0 0 0 0
400 200 349.908 0.8190021425051064 0.1508822755426282 0 0 0 0 0 0
500 200 349.908 0.7800191143158608 0.2238851204603688 0 0 0 0 0 0
600 200 349.908 0.7387506385836525 0.2949753303078317 0 0 0 0 0 0
700 200 349.908 0.6946002254772462 0.36391459542673 0 0 0 0 0 0
800 200 349.908 0.6472324402979936 0.4304614117264137 0 0 0 0 0 0
900 200 349.908 0.596479188605865 0.4943803827188222 0 0 0 0 0 0
1000 200 349.908 0.542287322661652 0.5554501592674411 0 0 0 0 0 0
1100 200 349.908 0.4846877652946326 0.613470728481149 0 0 0 0 0 0
1200 200 349.908 0.4237764830163077 0.6682705673554928 0 0 0 0 0 0
1300 200 349.908 0.359702353890077 0.7197141522906695 0 0 0 0 0 0
1400 200 349.908 0.2926592463999804 0.7677104390172789 0 0 0 0 0 0
1500 200 349.908 0.2228807725993793 0.8122232494471198 0 0 0 0 0 0
1600 200 349.908 0.1506367928180162 0.853285179285333 0 0 0 0 0 0
1700 200 349.908 0.07623110634532916 0.8910180447630317 0 0 0 0 0 0
1800 200 349.908 2.451528220091864e-17 0.9256658615971345 0 0 0 0 0 0
1900 200 349.908 -0.07768848007070142 0.9576526144598648 0 0 0 0 0 0
2000 200 349.908 -0.1564344650402308 0.9876883405951378 0 0 0 0 0 0
100 300 349.908 0.9103830144340777 -0.1539700376215341 0 0 0 0 0 0
0 300 349.908 0.9723699203976769 -0.2334453638559052 0 0 0 0 0 0
200 300 349.908 0.8567338236705927 -0.07619005165262273 0 0 0 0 0 0
300 300 349.908 0.8083139037821492 -1.846620020569225e-16 0 0 0 0 0 0
400 300 349.908 0.7624221659709316 0.07460406156628857 0 0 0 0 0 0
500 300 349.908 0.717097577153014 0.1475545809321482 0 0 0 0 0 0
600 300 349.908 0.6710168911914921 0.2187372499690579 0 0 0 0 0 0
700 300 349.908 0.6233065416495532 0.2880098817904042 0 0 0 0 0 0
800 300 349.908 0.5733959817735182 0.3552169712467751 0 0 0 0 0 0
900 300 349.908 0.520920915668425 0.4202014856213658 0 0 0 0 0 0
1000 300 349.908 0.4656619459881723 0.4828150032088864 0 0 0 0 0 0
1100 300 349.908 0.4075056941255966 0.5429269821983657 0 0 0 0 0 0
1200 300 349.908 0.3464199252621109 0.6004337635502417 0 0 0 0 0 0
1300 300 349.908 0.2824375289933067 0.6552678685990577 0 0 0 0 0 0
1400 300 349.908 0.2156462374527163 0.7074082365307771 0 0 0 0 0 0
1500 300 349.908 0.1461821461883638 0.7568922837233052 0 0 0 0 0 0
1600 300 349.908 0.07422579593625739 0.8038311255937602 0 0 0 0 0 0
1700 300 349.908 -5.10947348119948e-17 0.8484301041600187 0 0 0 0 0 0
1800 300 349.908 -0.07623110634532917 0.8910180447630316 0 0 0 0 0 0
1900 300 349.908 -0.1541620857166464 0.9320902383271636 0 0 0 0 0 0
2000 300 349.908 -0.2334453638559054 0.9723699203976767 0 0 0 0 0 0
100 400 349.908 0.8811925226051547 -0.2289492517998658 0 0 0 0 0 0
0 400 349.908 0.9510565162951535 -0.3090169943749477 0 0 0 0 0 0
200 400 349.908 0.8190021425051068 -0.1508822755426285 0 0 0 0 0 0
300 400 349.908 0.7624221659709319 -0.074604061566289 0 0 0 0 0 0
400 400 349.908 0.7093939701517317 -2.362669796798944e-16 0 0 0 0 0 0
500 400 349.908 0.6581665323070958 0.07296831403236315 0 0 0 0 0 0
600 400 349.908 0.6073844911074079 0.1442838079260194 0 0 0 0 0 0
700 400 349.908 0.556047495689914 0.2138921192507033 0 0 0 0 0 0
800 400 349.908 0.5034337448837846 0.2817170120913871 0 0 0 0 0 0
900 400 349.908 0.4490298053745402 0.3476735675003342 0 0 0 0 0 0
1000 400 349.908 0.392477015016848 0.4116798362799295 0 0 0 0 0 0
1100 400 349.908 0.3335333906343143 0.473667578009056 0 0 0 0 0 0
1200 400 349.908 0.2720474806046412 0.533592632497864 0 0 0 0 0 0
1300 400 349.908 0.2079408760868782 0.591445443334344 0 0 0 0 0 0
1400 400 349.908 0.1411968896686722 0.6472622990489688 0 0 0 0 0 0
1500 400 349.908 0.07185360480839463 0.7011379892317996 0 0 0 0 0 0
1600 400 349.908 -1.469376962201238e-16 0.7532408036892088 0 0 0 0 0 0
1700 400 349.908 -0.0742257959362576 0.8038311255937606 0 0 0 0 0 0
1800 400 349.908 -0.1506367928180163 0.8532851792853331 0 0 0 0 0 0
1900 400 349.908 -0.2289964159358928 0.9021253480973741 0 0 0 0 0 0
2000 400 349.908 -0.3090169943749473 0.9510565162951535 0 0 0 0 0 0
100 500 349.908 0.8484689003036668 -0.3021629809512503 0 0 0 0 0 0
0 500 349.908 0.9238795325112868 -0.3826834323650896 0 0 0 0 0 0
200 500 349.908 0.7800191143158614 -0.2238851204603692 0 0 0 0 0 0
300 500 349.908 0.7170975771530143 -0.1475545809321486 0 0 0 0 0 0
400 500 349.908 0.6581665323070959 -0.07296831403236366 0 0 0 0 0 0
500 500 349.908 0.6017792078718245 -2.72259418208904e-16 0 0 0 0 0 0
600 500 349.908 0.5466945317081195 0.07141674353765801 0 0 0 0 0 0
700 500 349.908 0.4919075028532109 0.1413046837823833 0 0 0 0 0 0
800 500 349.908 0.4366304000122558 0.2096580052532133 0 0 0 0 0 0
900 500 349.908 0.3802566060118598 0.2764559413322063 0 0 0 0 0 0
1000 500 349.908 0.322324110981016 0.3416752475816204 0 0 0 0 0 0
1100 500 349.908 0.2624851377442806 0.4053018850219976 0 0 0 0 0 0
1200 500 349.908 0.200483173150606 0.4673423106144151 0 0 0 0 0 0
1300 500 349.908 0.1361367403381326 0.527834782018951 0 0 0 0 0 0
1400 500 349.908 0.06932871862585124 0.5868611101875386 0 0 0 0 0 0
1500 500 349.908 -2.042610936067075e-16 0.6445593489950454 0 0 0 0 0 0
1600 500 349.908 -0.07185360480839498 0.7011379892317997 0 0 0 0 0 0
1700 500 349.908 -0.1461821461883641 0.7568922837233056 0 0 0 0 0 0
1800 500 349.908 -0.2228807725993793 0.8122232494471198 0 0 0 0 0 0
1900 500 349.908 -0.3017880073608675 0.8676593759417143 0 0 0 0 0 0
2000 500 349.908 -0.3826834323650897 0.9238795325112867 0 0 0 0 0 0
100 600 349.908 0.8117380419515985 -0.3732723162409973 0 0 0 0 0 0
0 600 349.908 0.8910065241883678 -0.453990499739547 0 0 0 0 0 0
200 600 349.908 0.7387506385836529 -0.2949753303078323 0 0 0 0 0 0
300 600 349.908 0.6710168911914925 -0.2187372499690584 0 0 0 0 0 0
400 600 349.908 0.6073844911074079 -0.1442838079260199 0 0 0 0 0 0
500 600 349.908 0.5466945317081195 -0.07141674353765858 0 0 0 0 0 0
600 600 349.908 0.4878747033434813 -2.913452368276804e-16 0 0 0 0 0 0
700 600 349.908 0.4299890512321761 0.07005464641939244 0 0 0 0 0 0
800 600 349.908 0.3722503829304568 0.13880169245158 0 0 0 0 0 0
900 600 349.908 0.3140105201894134 0.2062753635090116 0 0 0 0 0 0
1000 600 349.908 0.2547415125248356 0.2725023639383867 0 0 0 0 0 0
1100 600 349.908 0.1940157955386858 0.3375140566781937 0 0 0 0 0 0
1200 600 349.908 0.1314891423904091 0.4013582992612451 0 0 0 0 0 0
1300 600 349.908 0.06688780578395891 0.4641112047200882 0 0 0 0 0 0
1400 600 349.908 -2.493205665804218e-16 0.5258891177233458 0 0 0 0 0 0
1500 600 349.908 -0.06932871862585172 0.5868611101875388 0 0 0 0 0 0
1600 600 349.908 -0.1411968896686726 0.6472622990489691 0 0 0 0 0 0
1700 600 349.908 -0.2156462374527167 0.7074082365307777 0 0 0 0 0 0
1800 600 349.908 -0.2926592463999805 0.7677104390172791 0 0 0 0 0 0
1900 600 349.908 -0.3721559550056862 0.8286926554678686 0 0 0 0 0 0
2000 600 349.908 -0.4539904997395467 0.8910065241883679 0 0 0 0 0 0
100 700 349.908 0.7707956506865962 -0.4419383369038627 0 0 0 0 0 0
0 700 349.908 0.8526401643540918 -0.5224985647159496 0 0 0 0 0 0
200 700 349.908 0.6946002254772468 -0.3639145954267308 0 0 0 0 0 0
300 700 349.908 0.6233065416495537 -0.2880098817904048 0 0 0 0 0 0
400 700 349.908 0.5560474956899142 -0.2138921192507038 0 0 0 0 0 0
500 700 349.908 0.4919075028532112 -0.1413046837823839 0 0 0 0 0 0
600 700 349.908 0.4299890512321762 -0.07005464641939305 0 0 0 0 0 0
700 700 349.908 0.3694595968542514 -2.886888658594412e-16 0 0 0 0 0 0
800 700 349.908 0.3095753844672648 0.06896344686170901 0 0 0 0 0 0
900 700 349.908 0.2496869743473648 0.1369150685847753 0 0 0 0 0 0
1000 700 349.908 0.1892337939037335 0.2039221128032274 0 0 0 0 0 0
1100 700 349.908 0.1277340234002457 0.2700520574126825 0 0 0 0 0 0
1200 700 349.908 0.06477406327916374 0.3353847187967715 0 0 0 0 0 0
1300 700 349.908 -2.81647674009211e-16 0.4000242519939169 0 0 0 0 0 0
1400 700 349.908 -0.06688780578395942 0.4641112047200881 0 0 0 0 0 0
1500 700 349.908 -0.1361367403381331 0.527834782018951 0 0 0 0 0 0
1600 700 349.908 -0.2079408760868787 0.5914454433343442 0 0 0 0 0 0
1700 700 349.908 -0.2824375289933071 0.6552678685990584 0 0 0 0 0 0
1800 700 349.908 -0.3597023538900773 0.7197141522906697 0 0 0 0 0 0
1900 700 349.908 -0.439743923656204 0.7852967510964127 0 0 0 0 0 0
2000 700 349.908 -0.5224985647159487 0.8526401643540923 0 0 0 0 0 0
100 800 349.908 0.7255927543676162 -0.5078295999921438 0 0 0 0 0 0
0 800 349.908 0.8090169943749475 -0.5877852522924732 0 0 0 0 0 0
200 800 349.908 0.6472324402979942 -0.4304614117264146 0 0 0 0 0 0
300 800 349.908 0.5733959817735185 -0.3552169712467758 0 0 0 0 0 0
400 800 349.908 0.5034337448837849 -0.2817170120913878 0 0 0 0 0 0
500 800 349.908 0.4366304000122562 -0.209658005253214 0 0 0 0 0 0
600 800 349.908 0.372250382930457 -0.1388016924515807 0 0 0 0 0 0
700 800 349.908 0.3095753844672648 -0.06896344686170955 0 0 0 0 0 0
800 800 349.908 0.2479289864339503 -2.637035996181026e-16 0 0 0 0 0 0
900 800 349.908 0.1866885908180106 0.06820305832261246 0 0 0 0 0 0
1000 800 349.908 0.1252878171117977 0.1357437589168666 0 0 0 0 0 0
1100 800 349.908 0.0632133812299053 0.2027161020803053 0 0 0 0 0 0
1200 800 349.908 -2.98000157312677e-16 0.2692222658898816 0 0 0 0 0 0
1300 800 349.908 -0.06477406327916432 0.3353847187967715 0 0 0 0 0 0
1400 800 349.908 -0.1314891423904097 0.4013582992612451 0 0 0 0 0 0
1500 800 349.908 -0.2004831731506067 0.4673423106144153 0 0 0 0 0 0
1600 800 349.908 -0.2720474806046418 0.5335926324978644 0 0 0 0 0 0
1700 800 349.908 -0.3464199252621114 0.6004337635502422 0 0 0 0 0 0
1800 800 349.908 -0.4237764830163078 0.6682705673554928 0 0 0 0 0 0
1900 800 349.908 -0.5042225630370261 0.7375992747795646 0 0 0 0 0 0
2000 800 349.908 -0.587785252292473 0.8090169943749476 0 0 0 0 0 0
100 900 349.908 0.6761817618550218 -0.570628163109164 0 0 0 0 0 0
0 900 349.908 0.7604059656000305 -0.6494480483301843 0 0 0 0 0 0
200 900 349.908 0.5964791886058656 -0.494380382718823 0 0 0 0 0 0
300 900 349.908 0.5209209156684255 -0.4202014856213666 0 0 0 0 0 0
400 900 349.908 0.4490298053745407 -0.347673567500335 0 0 0 0 0 0
500 900 349.908 0.3802566060118601 -0.276455941332207 0 0 0 0 0 0
600 900 349.908 0.3140105201894136 -0.2062753635090122 0 0 0 0 0 0
700 900 349.908 0.2496869743473649 -0.1369150685847759 0 0 0 0 0 0
800 900 349.908 0.1866885908180106 -0.06820305832261296 0 0 0 0 0 0
900 900 349.908 0.1244380229288823 -2.370534589577526e-16 0 0 0 0 0 0
1000 900 349.908 0.06238359746861265 0.06781302411940339 0 0 0 0 0 0
1100 900 349.908 -2.980771216597483e-16 0.1353467801039888 0 0 0 0 0 0
1200 900 349.908 -0.0632133812299059 0.2027161020803054 0 0 0 0 0 0
1300 900 349.908 -0.1277340234002463 0.2700520574126826 0 0 0 0 0 0
1400 900 349.908 -0.1940157955386865 0.337514056678194 0 0 0 0 0 0
1500 900 349.908 -0.2624851377442812 0.4053018850219978 0 0 0 0 0 0
1600 900 349.908 -0.333533390634315 0.4736675780090564 0 0 0 0 0 0
1700 900 349.908 -0.4075056941255972 0.5429269821983663 0 0 0 0 0 0
1800 900 349.908 -0.4846877652946328 0.6134707284811493 0 0 0 0 0 0
1900 900 349.908 -0.5652924582381409 0.685774205940322 0 0 0 0 0 0
2000 900 349.908 -0.6494480483301835 0.760405965600031 0 0 0 0 0 0
100 1000 349.908 0.6226878766160713 -0.6300348574059258 0 0 0 0 0 0
0 1000 349.908 0.7071067811865474 -0.7071067811865477 0 0 0 0 0 0
200 1000 349.908 0.5422873226616522 -0.5554501592674419 0 0 0 0 0 0
300 1000 349.908 0.4656619459881726 -0.4828150032088872 0 0 0 0 0 0
400 1000 349.908 0.3924770150168484 -0.4116798362799302 0 0 0 0 0 0
500 1000 349.908 0.3223241109810164 -0.3416752475816211 0 0 0 0 0 0
600 1000 349.908 0.2547415125248358 -0.2725023639383873 0 0 0 0 0 0
700 1000 349.908 0.1892337939037337 -0.2039221128032279 0 0 0 0 0 0
800 1000 349.908 0.1252878171117978 -0.1357437589168671 0 0 0 0 0 0
900 1000 349.908 0.06238359746861273 -0.06781302411940382 0 0 0 0 0 0
1000 1000 349.908 -2.685387818226604e-16 -1.80852648982608e-16 0 0 0 0 0 0
1100 1000 349.908 -0.06238359746861326 0.06781302411940347 0 0 0 0 0 0
1200 1000 349.908 -0.1252878171117982 0.1357437589168667 0 0 0 0 0 0
1300 1000 349.908 -0.1892337939037341 0.2039221128032276 0 0 0 0 0 0
1400 1000 349.908 -0.2547415125248363 0.2725023639383869 0 0 0 0 0 0
1500 1000 349.908 -0.3223241109810168 0.3416752475816207 0 0 0 0 0 0
1600 1000 349.908 -0.3924770150168489 0.41167983627993 0 0 0 0 0 0
1700 1000 349.908 -0.4656619459881731 0.4828150032088872 0 0 0 0 0 0
1800 1000 349.908 -0.5422873226616524 0.5554501592674416 0 0 0 0 0 0
1900 1000 349.908 -0.6226878766160717 0.6300348574059256 0 0 0 0 0 0
2000 1000 349.908 -0.7071067811865475 0.7071067811865476 0 0 0 0 0 0
100 1100 349.908 0.5652924582381407 -0.6857742059403225 0 0 0 0 0 0
0 1100 349.908 0.6494480483301831 -0.7604059656000314 0 0 0 0 0 0
200 1100 349.908 0.4846877652946327 -0.6134707284811499 0 0 0 0 0 0
300 1100 349.908 0.4075056941255967 -0.5429269821983665 0 0 0 0 0 0
400 1100 349.908 0.3335333906343145 -0.4736675780090567 0 0 0 0 0 0
500 1100 349.908 0.2624851377442808 -0.4053018850219983 0 0 0 0 0 0
600 1100 349.908 0.194015795538686 -0.3375140566781943 0 0 0 0 0 0
700 1100 349.908 0.1277340234002459 -0.270052057412683 0 0 0 0 0 0
800 1100 349.908 0.06321338122990543 -0.2027161020803058 0 0 0 0 0 0
900 1100 349.908 -2.22971075257292e-16 -0.1353467801039892 0 0 0 0 0 0
1000 1100 349.908 -0.06238359746861321 -0.06781302411940376 0 0 0 0 0 0
1100 1100 349.908 -0.1244380229288829 -1.064029928255713e-16 0 0 0 0 0 0
1200 1100 349.908 -0.1866885908180111 0.06820305832261261 0 0 0 0 0 0
1300 1100 349.908 -0.2496869743473654 0.1369150685847756 0 0 0 0 0 0
1400 1100 349.908 -0.3140105201894142 0.2062753635090119 0 0 0 0 0 0
1500 1100 349.908 -0.3802566060118606 0.2764559413322067 0 0 0 0 0 0
1600 1100 349.908 -0.4490298053745411 0.3476735675003348 0 0 0 0 0 0
1700 1100 349.908 -0.5209209156684259 0.4202014856213665 0 0 0 0 0 0
1800 1100 349.908 -0.5964791886058655 0.4943803827188226 0 0 0 0 0 0
1900 1100 349.908 -0.676181761855022 0.5706281631091638 0 0 0 0 0 0
2000 1100 349.908 -0.7604059656000309 0.6494480483301838 0 0 0 0 0 0
100 1200 349.908 0.5042225630370257 -0.7375992747795649 0 0 0 0 0 0
0 1200 349.908 0.5877852522924729 -0.8090169943749477 0 0 0 0 0 0
200 1200 349.908 0.4237764830163077 -0.6682705673554935 0 0 0 0 0 0
300 1200 349.908 0.3464199252621111 -0.6004337635502426 0 0 0 0 0 0
400 1200 349.908 0.2720474806046414 -0.5335926324978647 0 0 0 0 0 0
500 1200 349.908 0.2004831731506063 -0.4673423106144158 0 0 0 0 0 0
600 1200 349.908 0.1314891423904093 -0.4013582992612456 0 0 0 0 0 0
700 1200 349.908 0.06477406327916391 -0.3353847187967721 0 0 0 0 0 0
800 1200 349.908 -1.942039237836295e-16 -0.269222265889882 0 0 0 0 0 0
900 1200 349.908 -0.06321338122990584 -0.2027161020803057 0 0 0 0 0 0
1000 1200 349.908 -0.1252878171117982 -0.1357437589168669 0 0 0 0 0 0
1100 1200 349.908 -0.1866885908180111 -0.06820305832261277 0 0 0 0 0 0
1200 1200 349.908 -0.2479289864339508 -4.717438202440322e-17 0 0 0 0 0 0
1300 1200 349.908 -0.3095753844672655 0.06896344686170926 0 0 0 0 0 0
1400 1200 349.908 -0.3722503829304576 0.1388016924515804 0 0 0 0 0 0
1500 1200 349.908 -0.4366304000122568 0.2096580052532137 0 0 0 0 0 0
1600 1200 349.908 -0.5034337448837856 0.2817170120913877 0 0 0 0 0 0
1700 1200 349.908 -0.5733959817735191 0.3552169712467758 0 0 0 0 0 0
1800 1200 349.908 -0.6472324402979941 0.430461411726414 0 0 0 0 0 0
1900 1200 349.908 -0.7255927543676163 0.5078295999921435 0 0 0 0 0 0
2000 1200 349.908 -0.8090169943749475 0.5877852522924732 0 0 0 0 0 0
100 1300 349.908 0.4397439236562039 -0.7852967510964128 0 0 0 0 0 0
0 1300 349.908 0.5224985647159489 -0.8526401643540921 0 0 0 0 0 0
200 1300 349.908 0.359702353890077 -0.7197141522906702 0 0 0 0 0 0
300 1300 349.908 0.2824375289933067 -0.6552678685990585 0 0 0 0 0 0
400 1300 349.908 0.2079408760868783 -0.5914454433343445 0 0 0 0 0 0
500 1300 349.908 0.1361367403381328 -0.5278347820189516 0 0 0 0 0 0
600 1300 349.908 0.06688780578395903 -0.4641112047200888 0 0 0 0 0 0
700 1300 349.908 -1.619474125552963e-16 -0.4000242519939175 0 0 0 0 0 0
800 1300 349.908 -0.06477406327916425 -0.335384718796772 0 0 0 0 0 0
900 1300 349.908 -0.1277340234002463 -0.2700520574126829 0 0 0 0 0 0
1000 1300 349.908 -0.1892337939037341 -0.2039221128032277 0 0 0 0 0 0
1100 1300 349.908 -0.2496869743473653 -0.1369150685847757 0 0 0 0 0 0
1200 1300 349.908 -0.3095753844672654 -0.0689634468617093 0 0 0 0 0 0
1300 1300 349.908 -0.3694595968542521 1.785306487321724e-18 0 0 0 0 0 0
1400 1300 349.908 -0.4299890512321768 0.07005464641939277 0 0 0 0 0 0
1500 1300 349.908 -0.4919075028532119 0.1413046837823837 0 0 0 0 0 0
1600 1300 349.908 -0.5560474956899151 0.2138921192507038 0 0 0 0 0 0
1700 1300 349.908 -0.6233065416495543 0.2880098817904048 0 0 0 0 0 0
1800 1300 349.908 -0.6946002254772465 0.3639145954267304 0 0 0 0 0 0
1900 1300 349.908 -0.7707956506865961 0.4419383369038624 0 0 0 0 0 0
2000 1300 349.908 -0.8526401643540922 0.5224985647159488 0 0 0 0 0 0
100 1400 349.908 0.372155955005686 -0.8286926554678686 0 0 0 0 0 0
0 1400 349.908 0.4539904997395467 -0.8910065241883679 0 0 0 0 0 0
200 1400 349.908 0.2926592463999803 -0.7677104390172793 0 0 0 0 0 0
300 1400 349.908 0.2156462374527163 -0.7074082365307777 0 0 0 0 0 0
400 1400 349.908 0.1411968896686723 -0.6472622990489695 0 0 0 0 0 0
500 1400 349.908 0.06932871862585134 -0.5868611101875393 0 0 0 0 0 0
600 1400 349.908 -1.49547317075072e-16 -0.5258891177233466 0 0 0 0 0 0
700 1400 349.908 -0.06688780578395934 -0.4641112047200888 0 0 0 0 0 0
800 1400 349.908 -0.1314891423904096 -0.4013582992612454 0 0 0 0 0 0
900 1400 349.908 -0.1940157955386863 -0.3375140566781942 0 0 0 0 0 0
1000 1400 349.908 -0.2547415125248362 -0.2725023639383871 0 0 0 0 0 0
1100 1400 349.908 -0.314010520189414 -0.2062753635090119 0 0 0 0 0 0
1200 1400 349.908 -0.3722503829304576 -0.1388016924515804 0 0 0 0 0 0
1300 1400 349.908 -0.429989051232177 -0.07005464641939273 0 0 0 0 0 0
1400 1400 349.908 -0.4878747033434823 4.062605715750315e-17 0 0 0 0 0 0
1500 1400 349.908 -0.5466945317081207 0.07141674353765839 0 0 0 0 0 0
1600 1400 349.908 -0.6073844911074089 0.1442838079260198 0 0 0 0 0 0
1700 1400 349.908 -0.6710168911914932 0.2187372499690584 0 0 0 0 0 0
1800 1400 349.908 -0.7387506385836531 0.2949753303078321 0 0 0 0 0 0
1900 1400 349.908 -0.8117380419515985 0.3732723162409971 0 0 0 0 0 0
2000 1400 349.908 -0.8910065241883678 0.4539904997395469 0 0 0 0 0 0
100 1500 349.908 0.3017880073608675 -0.8676593759417142 0 0 0 0 0 0
0 1500 349.908 0.38268343236509 -0.9238795325112867 0 0 0 0 0 0
200 1500 349.908 0.2228807725993791 -0.8122232494471198 0 0 0 0 0 0
300 1500 349.908 0.1461821461883638 -0.7568922837233056 0 0 0 0 0 0
400 1500 349.908 0.07185360480839464 -0.7011379892318 0 0 0 0 0 0
500 1500 349.908 -1.502120928049125e-16 -0.644559348995046 0 0 0 0 0 0
600 1500 349.908 -0.06932871862585163 -0.5868611101875393 0 0 0 0 0 0
700 1500 349.908 -0.1361367403381331 -0.5278347820189516 0 0 0 0 0 0
800 1500 349.908 -0.2004831731506065 -0.4673423106144157 0 0 0 0 0 0
900 1500 349.908 -0.2624851377442811 -0.405301885021998 0 0 0 0 0 0
1000 1500 349.908 -0.3223241109810167 -0.3416752475816207 0 0 0 0 0 0
1100 1500 349.908 -0.3802566060118604 -0.2764559413322067 0 0 0 0 0 0
1200 1500 349.908 -0.4366304000122566 -0.2096580052532137 0 0 0 0 0 0
1300 1500 349.908 -0.4919075028532118 -0.1413046837823836 0 0 0 0 0 0
1400 1500 349.908 -0.5466945317081204 -0.07141674353765831 0 0 0 0 0 0
1500 1500 349.908 -0.6017792078718254 6.077774453506472e-17 0 0 0 0 0 0
1600 1500 349.908 -0.6581665323070967 0.07296831403236349 0 0 0 0 0 0
1700 1500 349.908 -0.717097577153015 0.1475545809321486 0 0 0 0 0 0
1800 1500 349.908 -0.7800191143158616 0.2238851204603691 0 0 0 0 0 0
1900 1500 349.908 -0.8484689003036668 0.3021629809512502 0 0 0 0 0 0
2000 1500 349.908 -0.9238795325112867 0.3826834323650899 0 0 0 0 0 0
100 1600 349.908 0.2289964159358928 -0.9021253480973741 0 0 0 0 0 0
0 1600 349.908 0.3090169943749472 -0.9510565162951535 0 0 0 0 0 0
200 1600 349.908 0.1506367928180161 -0.8532851792853332 0 0 0 0 0 0
300 1600 349.908 0.07422579593625732 -0.8038311255937606 0 0 0 0 0 0
400 1600 349.908 -1.566990345125875e-16 -0.7532408036892093 0 0 0 0 0 0
500 1600 349.908 -0.07185360480839496 -0.7011379892318002 0 0 0 0 0 0
600 1600 349.908 -0.1411968896686726 -0.6472622990489696 0 0 0 0 0 0
700 1600 349.908 -0.2079408760868786 -0.5914454433343447 0 0 0 0 0 0
800 1600 349.908 -0.2720474806046417 -0.5335926324978646 0 0 0 0 0 0
900 1600 349.908 -0.3335333906343148 -0.4736675780090565 0 0 0 0 0 0
1000 1600 349.908 -0.3924770150168487 -0.4116798362799299 0 0 0 0 0 0
1100 1600 349.908 -0.4490298053745409 -0.3476735675003347 0 0 0 0 0 0
1200 1600 349.908 -0.5034337448837852 -0.2817170120913874 0 0 0 0 0 0
1300 1600 349.908 -0.5560474956899147 -0.2138921192507036 0 0 0 0 0 0
1400 1600 349.908 -0.6073844911074087 -0.1442838079260197 0 0 0 0 0 0
1500 1600 349.908 -0.6581665323070967 -0.07296831403236338 0 0 0 0 0 0
1600 1600 349.908 -0.7093939701517326 7.176058906715457e-17 0 0 0 0 0 0
1700 1600 349.908 -0.7624221659709327 0.0746040615662889 0 0 0 0 0 0
1800 1600 349.908 -0.8190021425051069 0.1508822755426285 0 0 0 0 0 0
1900 1600 349.908 -0.8811925226051545 0.2289492517998657 0 0 0 0 0 0
2000 1600 349.908 -0.9510565162951535 0.3090169943749475 0 0 0 0 0 0
100 1700 349.908 0.1541620857166464 -0.9320902383271639 0 0 0 0 0 0
0 1700 349.908 0.2334453638559057 -0.9723699203976764 0 0 0 0 0 0
200 1700 349.908 0.07623110634532905 -0.8910180447630317 0 0 0 0 0 0
300 1700 349.908 -1.495652854506175e-16 -0.8484301041600187 0 0 0 0 0 0
400 1700 349.908 -0.07422579593625764 -0.8038311255937609 0 0 0 0 0 0
500 1700 349.908 -0.1461821461883641 -0.756892283723306 0 0 0 0 0 0
600 1700 349.908 -0.2156462374527166 -0.7074082365307779 0 0 0 0 0 0
700 1700 349.908 -0.282437528993307 -0.6552678685990584 0 0 0 0 0 0
800 1700 349.908 -0.3464199252621114 -0.6004337635502425 0 0 0 0 0 0
900 1700 349.908 -0.4075056941255971 -0.5429269821983662 0 0 0 0 0 0
1000 1700 349.908 -0.465661945988173 -0.482815003208887 0 0 0 0 0 0
1100 1700 349.908 -0.5209209156684259 -0.4202014856213664 0 0 0 0 0 0
1200 1700 349.908 -0.5733959817735189 -0.3552169712467755 0 0 0 0 0 0
1300 1700 349.908 -0.623306541649554 -0.2880098817904045 0 0 0 0 0 0
1400 1700 349.908 -0.6710168911914932 -0.2187372499690582 0 0 0 0 0 0
1500 1700 349.908 -0.7170975771530149 -0.1475545809321484 0 0 0 0 0 0
1600 1700 349.908 -0.7624221659709327 -0.07460406156628875 0 0 0 0 0 0
1700 1700 349.908 -0.80831390378215 9.382587388011996e-17 0 0 0 0 0 0
1800 1700 349.908 -0.8567338236705931 0.07619005165262267 0 0 0 0 0 0
1900 1700 349.908 -0.9103830144340777 0.1539700376215341 0 0 0 0 0 0
2000 1700 349.908 -0.9723699203976767 0.2334453638559055 0 0 0 0 0 0
100 1800 349.908 0.07768848007070135 -0.9576526144598649 0 0 0 0 0 0
0 1800 349.908 0.1564344650402307 -0.9876883405951379 0 0 0 0 0 0
200 1800 349.908 -1.579873741836979e-16 -0.9256658615971345 0 0 0 0 0 0
300 1800 349.908 -0.07623110634532936 -0.8910180447630316 0 0 0 0 0 0
400 1800 349.908 -0.1506367928180164 -0.8532851792853328 0 0 0 0 0 0
500 1800 349.908 -0.2228807725993794 -0.8122232494471198 0 0 0 0 0 0
600 1800 349.908 -0.2926592463999805 -0.7677104390172791 0 0 0 0 0 0
700 1800 349.908 -0.3597023538900773 -0.7197141522906698 0 0 0 0 0 0
800 1800 349.908 -0.4237764830163079 -0.6682705673554931 0 0 0 0 0 0
900 1800 349.908 -0.4846877652946328 -0.6134707284811491 0 0 0 0 0 0
1000 1800 349.908 -0.5422873226616524 -0.5554501592674413 0 0 0 0 0 0
1100 1800 349.908 -0.5964791886058654 -0.4943803827188223 0 0 0 0 0 0
1200 1800 349.908 -0.6472324402979941 -0.4304614117264138 0 0 0 0 0 0
1300 1800 349.908 -0.6946002254772465 -0.3639145954267303 0 0 0 0 0 0
1400 1800 349.908 -0.7387506385836531 -0.294975330307832 0 0 0 0 0 0
1500 1800 349.908 -0.7800191143158616 -0.2238851204603689 0 0 0 0 0 0
1600 1800 349.908 -0.8190021425051072 -0.1508822755426282 0 0 0 0 0 0
1700 1800 349.908 -0.8567338236705931 -0.07619005165262246 0 0 0 0 0 0
1800 1800 349.908 -0.8950266944945929 1.101999459732738e-16 0 0 0 0 0 0
1900 1800 349.908 -0.9370660730177572 0.07755367684789784 0 0 0 0 0 0
2000 1800 349.908 -0.9876883405951375 0.156434465040231 0 0 0 0 0 0
100 1900 349.908 -1.715409712107782e-16 -0.9790699095989874 0 0 0 0 0 0
0 1900 349.908 0.07845909572784521 -0.9969173337331281 0 0 0 0 0 0
200 1900 349.908 -0.07768848007070167 -0.9576526144598648 0 0 0 0 0 0
300 1900 349.908 -0.1541620857166467 -0.9320902383271635 0 0 0 0 0 0
400 1900 349.908 -0.2289964159358931 -0.9021253480973738 0 0 0 0 0 0
500 1900 349.908 -0.3017880073608678 -0.8676593759417142 0 0 0 0 0 0
600 1900 349.908 -0.3721559550056862 -0.8286926554678683 0 0 0 0 0 0
700 1900 349.908 -0.439743923656204 -0.7852967510964127 0 0 0 0 0 0
800 1900 349.908 -0.5042225630370258 -0.7375992747795646 0 0 0 0 0 0
900 1900 349.908 -0.5652924582381409 -0.685774205940322 0 0 0 0 0 0
1000 1900 349.908 -0.6226878766160717 -0.6300348574059255 0 0 0 0 0 0
1100 1900 349.908 -0.676181761855022 -0.5706281631091634 0 0 0 0 0 0
1200 1900 349.908 -0.7255927543676164 -0.5078295999921432 0 0 0 0 0 0
1300 1900 349.908 -0.7707956506865961 -0.4419383369038622 0 0 0 0 0 0
1400 1900 349.908 -0.8117380419515985 -0.3732723162409969 0 0 0 0 0 0
1500 1900 349.908 -0.8484689003036671 -0.30216298095125 0 0 0 0 0 0
1600 1900 349.908 -0.8811925226051548 -0.2289492517998655 0 0 0 0 0 0
1700 1900 349.908 -0.9103830144340775 -0.1539700376215338 0 0 0 0 0 0
1800 1900 349.908 -0.9370660730177572 -0.07755367684789762 0 0 0 0 0 0
1900 1900 349.908 -0.9636497458093188 1.185683918475101e-16 0 0 0 0 0 0
2000 1900 349.908 -0.9969173337331277 0.07845909572784507 0 0 0 0 0 0
100 2000 349.908 -0.07845909572784557 -0.9969173337331281 0 0 0 0 0 0
0 2000 349.908 -1.83697019872103e-16 -1 0 0 0 0 0 0
200 2000 349.908 -0.156434465040231 -0.9876883405951378 0 0 0 0 0 0
300 2000 349.908 -0.233445363855906 -0.9723699203976764 0 0 0 0 0 0
400 2000 349.908 -0.3090169943749476 -0.9510565162951535 0 0 0 0 0 0
500 2000 349.908 -0.3826834323650903 -0.9238795325112866 0 0 0 0 0 0
600 2000 349.908 -0.4539904997395469 -0.8910065241883678 0 0 0 0 0 0
700 2000 349.908 -0.5224985647159486 -0.8526401643540924 0 0 0 0 0 0
800 2000 349.908 -0.5877852522924732 -0.8090169943749475 0 0 0 0 0 0
900 2000 349.908 -0.6494480483301834 -0.7604059656000312 0 0 0 0 0 0
1000 2000 349.908 -0.7071067811865477 -0.7071067811865475 0 0 0 0 0 0
1100 2000 349.908 -0.760405965600031 -0.6494480483301835 0 0 0 0 0 0
1200 2000 349.908 -0.8090169943749477 -0.587785252292473 0 0 0 0 0 0
1300 2000 349.908 -0.8526401643540923 -0.5224985647159487 0 0 0 0 0 0
1400 2000 349.908 -0.8910065241883679 -0.4539904997395467 0 0 0 0 0 0
1500 2000 349.908 -0.9238795325112868 -0.3826834323650897 0 0 0 0 0 0
1600 2000 349.908 -0.9510565162951535 -0.3090169943749473 0 0 0 0 0 0
1700 2000 349.908 -0.9723699203976769 -0.2334453638559053 0 0 0 0 0 0
1800 2000 349.908 -0.9876883405951378 -0.1564344650402308 0 0 0 0 0 0
1900 2000 349.908 -0.9969173337331277 -0.0784590957278448 0 0 0 0 0 0
2000 2000 349.908 -1 1.224646799147353e-16 0 0 0 0 0 0
0 1 2
0 2 3
1 4 5
1 5 2
4 6 7
4 7 5
6 8 9
6 9 7
8 10 11
8 11 9
10 12 13
10 13 11
12 14 15
12 15 13
14 16 17
14 17 15
16 18 19
16 19 17
18 20 21
18 21 19
20 22 23
20 23 21
22 24 25
22 25 23
24 26 27
24 27 25
26 28 29
26 29 27
28 30 31
28 31 29
30 32 33
30 33 31
32 34 35
32 35 33
34 36 37
34 37 35
36 38 39
36 39 37
38 40 41
38 41 39
3 2 42
3 42 43
2 5 44
2 44 42
5 7 45
5 45 44
7 9 46
7 46 45
9 11 47
9 47 46
11 13 48
11 48 47
13 15 49
13 49 48
15 17 50
15 50 49
17 19 51
17 51 50
19 21 52
19 52 51
21 23 53
21 53 52
23 25 54
23 54 53
25 27 55
25 55 54
27 29 56
27 56 55
29 31 57
29 57 56
31 33 58
31 58 57
33 35 59
33 59 58
35 37 60
35 60 59
37 39 61
37 61 60
39 41 62
39 62 61
43 42 63
43 63 64
42 44 65
42 65 63
44 45 66
44 66 65
45 46 67
45 67 66
46 47 68
46 68 67
47 48 69
47 69 68
48 49 70
48 70 69
49 50 71
49 71 70
50 51 72
50 72 71
51 52 73
51 73 72
52 53 74
52 74 73
53 54 75
53 75 74
54 55 76
54 76 75
55 56 77
55 77 76
56 57 78
56 78 77
57 58 79
57 79 78
58 59 80
58 80 79
59 60 81
59 81 80
60 61 82
60 82 81
61 62 83
61 83 82
64 63 84
64 84 85
63 65 86
63 86 84
65 66 87
65 87 86
66 67 88
66 88 87
67 68 89
67 89 88
68 69 90
68 90 89
69 70 91
69 91 90
70 71 92
70 92 91
71 72 93
71 93 92
72 73 94
72 94 93
73 74 95
73 95 94
74 75 96
74 96 95
75 76 97
75 97 96
76 77 98
76 98 97
77 78 99
77 99 98
78 79 100
78 100 99
79 80 101
79 101 100
80 81 102
80 102 101
81 82 103
81 103 102
82 83 104
82 104 103
85 84 105
85 105 106
84 86 107
84 107 105
86 87 108
86 108 107
87 88 109
87 109 108
88 89 110
88 110 109
89 90 111
89 111 110
90 91 112
90 112 111
91 92 113
91 113 112
92 93 114
92 114 113
93 94 115
93 115 114
94 95 116
94 116 115
95 96 117
95 117 116
96 97 118
96 118 117
97 98 119
97 119 118
98 99 120
98 120 119
99 100 121
99 121 120
100 101 122
100 122 121
101 102 123
101 123 122
102 103 124
102 124 123
103 104 125
103 125 124
106 105 126
106 126 127
105 107 128
105 128 126
107 108 129
107 129 128
108 109 130
108 130 129
109 110 131
109 131 130
110 111 132
110 132 131
111 112 133
111 133 132
112 113 134
112 134 133
113 114 135
113 135 134
114 115 136
114 136 135
115 116 137
115 137 136
116 117 138
116 138 137
117 118 139
117 139 138
118 119 140
118 140 139
119 120 141
119 141 140
120 121 142
120 142 141
121 122 143
121 143 142
122 123 144
122 144 143
123 124 145
123 145 144
124 125 146
124 146 145
127 126 147
127 147 148
126 128 149
126 149 147
128 129 150
128 150 149
129 130 151
129 151 150
130 131 152
130 152 151
131 132 153
131 153 152
132 133 154
132 154 153
133 134 155
133 155 154
134 135 156
134 156 155
135 136 157
135 157 156
136 137 158
136 158 157
137 138 159
137 159 158
138 139 160
138 160 159
139 140 161
139 161 160
140 141 162
140 162 161
141 142 163
141 163 162
142 143 164
142 164 163
143 144 165
143 165 164
144 145 166
144 166 165
145 146 167
145 167 166
148 147 168
148 168 169
147 149 170
147 170 168
149 150 171
149 171 170
150 151 172
150 172 171
151 152 173
151 173 172
152 153 174
152 174 173
153 154 175
153 175 174
154 155 176
154 176 175
155 156 177
155 177 176
156 157 178
156 178 177
157 158 179
157 179 178
158 159 180
158 180 179
159 160 181
159 181 180
160 161 182
160 182 181
161 162 183
161 183 182
162 163 184
162 184 183
163 164 185
163 185 184
164 165 186
164 186 185
165 166 187
165 187 186
166 167 188
166 188 187
169 168 189
169 189 190
168 170 191
168 191 189
170 171 192
170 192 191
171 172 193
171 193 192
172 173 194
172 194 193
173 174 195
173 195 194
174 175 196
174 196 195
175 176 197
175 197 196
176 177 198
176 198 197
177 178 199
177 199 198
178 179 200
178 200 199
179 180 201
179 201 200
180 181 202
180 202 201
181 182 203
181 203 202
182 183 204
182 204 203
183 184 205
183 205 204
184 185 206
184 206 205
185 186 207
185 207 206
186 187 208
186 208 207
187 188 209
187 209 208
190 189 210
190 210 211
189 191 212
189 212 210
191 192 213
191 213 212
192 193 214
192 214 213
193 194 215
193 215 214
194 195 216
194 216 215
195 196 217
195 217 216
196 197 218
196 218 217
197 198 219
197 219 218
198 199 220
198 220 219
199 200 221
199 221 220
200 201 222
200 222 221
201 202 223
201 223 222
202 203 224
202 224 223
203 204 225
203 225 224
204 205 226
204 226 225
205 206 227
205 227 226
206 207 228
206 228 227
207 208 229
207 229 228
208 209 230
208 230 229
211 210 231
211 231 232
210 212 233
210 233 231
212 213 234
212 234 233
213 214 235
213 235 234
214 215 236
214 236 235
215 216 237
215 237 236
216 217 238
216 238 237
217 218 239
217 239 238
218 219 240
218 240 239
219 220 241
219 241 240
220 221 242
220 242 241
221 222 243
221 243 242
222 223 244
222 244 243
223 224 245
223 245 244
224 225 246
224 246 245
225 226 247
225 247 246
226 227 248
226 248 247
227 228 249
227 249 248
228 229 250
228 250 249
229 230 251
229 251 250
232 231 252
232 252 253
231 233 254
231 254 252
233 234 255
233 255 254
234 235 256
234 256 255
235 236 257
235 257 256
236 237 258
236 258 257
237 238 259
237 259 258
238 239 260
238 260 259
239 240 261
239 261 260
240 241 262
240 262 261
241 242 263
241 263 262
242 243 264
242 264 263
243 244 265
243 265 264
244 245 266
244 266 265
245 246 267
245 267 266
246 247 268
246 268 267
247 248 269
247 269 268
248 249 270
248 270 269
249 250 271
249 271 270
250 251 272
250 272 271
253 252 273
253 273 274
252 254 275
252 275 273
254 255 276
254 276 275
255 256 277
255 277 276
256 257 278
256 278 277
257 258 279
257 279 278
258 259 280
258 280 279
259 260 281
259 281 280
260 261 282
260 282 281
261 262 283
261 283 282
262 263 284
262 284 283
263 264 285
263 285 284
264 265 286
264 286 285
265 266 287
265 287 286
266 267 288
266 288 287
267 268 289
267 289 288
268 269 290
268 290 289
269 270 291
269 291 290
270 271 292
270 292 291
271 272 293
271 293 292
274 273 294
274 294 295
273 275 296
273 296 294
275 276 297
275 297 296
276 277 298
276 298 297
277 278 299
277 299 298
278 279 300
278 300 299
279 280 301
279 301 300
280 281 302
280 302 301
281 282 303
281 303 302
282 283 304
282 304 303
283 284 305
283 305 304
284 285 306
284 306 305
285 286 307
285 307 306
286 287 308
286 308 307
287 288 309
287 309 308
288 289 310
288 310 309
289 290 311
289 311 310
290 291 312
290 312 311
291 292 313
291 313 312
292 293 314
292 314 313
295 294 315
295 315 316
294 296 317
294 317 315
296 297 318
296 318 317
297 298 319
297 319 318
298 299 320
298 320 319
299 300 321
299 321 320
300 301 322
300 322 321
301 302 323
301 323 322
302 303 324
302 324 323
303 304 325
303 325 324
304 305 326
304 326 325
305 306 327
305 327 326
306 307 328
306 328 327
307 308 329
307 329 328
308 309 330
308 330 329
309 310 331
309 331 330
310 311 332
310 332 331
311 312 333
311 333 332
312 313 334
312 334 333
313 314 335
313 335 334
316 315 336
316 336 337
315 317 338
315 338 336
317 318 339
317 339 338
318 319 340
318 340 339
319 320 341
319 341 340
320 321 342
320 342 341
321 322 343
321 343 342
322 323 344
322 344 343
323 324 345
323 345 344
324 325 346
324 346 345
325 326 347
325 347 346
326 327 348
326 348 347
327 328 349
327 349 348
328 329 350
328 350 349
329 330 351
329 351 350
330 331 352
330 352 351
331 332 353
331 353 352
332 333 354
332 354 353
333 334 355
333 355 354
334 335 356
334 356 355
337 336 357
337 357 358
336 338 359
336 359 357
338 339 360
338 360 359
339 340 361
339 361 360
340 341 362
340 362 361
341 342 363
341 363 362
342 343 364
342 364 363
343 344 365
343 365 364
344 345 366
344 366 365
345 346 367
345 367 366
346 347 368
346 368 367
347 348 369
347 369 368
348 349 370
348 370 369
349 350 371
349 371 370
350 351 372
350 372 371
351 352 373
351 373 372
352 353 374
352 374 373
353 354 375
353 375 374
354 355 376
354 376 375
355 356 377
355 377 376
358 357 378
358 378 379
357 359 380
357 380 378
359 360 381
359 381 380
360 361 382
360 382 381
361 362 383
361 383 382
362 363 384
362 384 383
363 364 385
363 385 384
364 365 386
364 386 385
365 366 387
365 387 386
366 367 388
366 388 387
367 368 389
367 389 388
368 369 390
368 390 389
369 370 391
369 391 390
370 371 392
370 392 391
371 372 393
371 393 392
372 373 394
372 394 393
373 374 395
373 395 394
374 375 396
374 396 395
375 376 397
375 397 396
376 377 398
376 398 397
379 378 399
379 399 400
378 380 401
378 401 399
380 381 402
380 402 401
381 382 403
381 403 402
382 383 404
382 404 403
383 384 405
383 405 404
384 385 406
384 406 405
385 386 407
385 407 406
386 387 408
386 408 407
387 388 409
387 409 408
388 389 410
388 410 409
389 390 411
389 411 410
390 391 412
390 412 411
391 392 413
391 413 412
392 393 414
392 414 413
393 394 415
393 415 414
394 395 416
394 416 415
395 396 417
395 417 416
396 397 418
396 418 417
397 398 419
397 419 418
400 399 420
400 420 421
399 401 422
399 422 420
401 402 423
401 423 422
402 403 424
402 424 423
403 404 425
403 425 424
404 405 426
404 426 425
405 406 427
405 427 426
406 407 428
406 428 427
407 408 429
407 429 428
408 409 430
408 430 429
409 410 431
409 431 430
410 411 432
410 432 431
411 412 433
411 433 432
412 413 434
412 434 433
413 414 435
413 435 434
414 415 436
414 436 435
415 416 437
415 437 436
416 417 438
416 438 437
417 418 439
417 439 438
418 419 440
418 440 439
2
441 800
0 0 0 1 0 0 0 0 0 0 0
100 100 0 0.9636603402904893 -5.485405171247126e-06 0 0 0 0 0 0
100 0 0 0.9969198873236653 -0.07842664253026882 0 0 0 0 0 0
0 100 0 0.9969198873236653 0.07842664253026767 0 0 0 0 0 0
200 100 0 0.93708396782557 -0.07753389434355214 0 0 0 0 0 0
200 0 0 0.9876985234828592 -0.1563701592688968 0 0 0 0 0 0
300 100 0 0.9104106999996613 -0.1539284067769268 0 0 0 0 0 0
300 0 0 0.9723927141568997 -0.2333504005879956 0 0 0 0 0 0
400 100 0 0.8812342576691204 -0.2288902814629148 0 0 0 0 0 0
400 0 0 0.9510967465804401 -0.3088931508533367 0 0 0 0 0 0
500 100 0 0.8485305549465118 -0.3020910127531702 0 0 0 0 0 0
500 0 0 0.9239418087128543 -0.3825330496995252 0 0 0 0 0 0
600 100 0 0.8118215983945565 -0.3731905761943014 0 0 0 0 0 0
600 0 0 0.8910951810908446 -0.4538164587547207 0 0 0 0 0 0
700 100 0 0.77091604602549 -0.4418589507823423 0 0 0 0 0 0
700 0 0 0.852759206342638 -0.522304256155236 0 0 0 0 0 0
800 100 0.544 0.7257667274925098 -0.507744295058485 0 0 0 0 0 0
800 0 0 0.8091700427117967 -0.5875745416351775 0 0 0 0 0 0
900 100 3.544 0.6763242324231606 -0.5705074749120959 0 0 0 0 0 0
900 0 0 0.7605962092692219 -0.6492252355271551 0 0 0 0 0 0
1000 100 6.544 0.6227705198928803 -0.6298827105101378 0 0 0 0 0 0
1000 0 0 0.7073369317751627 -0.7068765556636455 0 0 0 0 0 0
1100 100 9.544 0.565335619636035 -0.6856080578897032 0 0 0 0 0 0
1100 0 3 0.649693449407343 -0.7601963047773833 0 0 0 0 0 0
1200 100 12.544 0.5042565626193373 -0.7374387178293169 0 0 0 0 0 0
1200 0 6 0.5880441088006828 -0.8088288608258305 0 0 0 0 0 0
1300 100 15.544 0.4397792267078092 -0.7851487874851307 0 0 0 0 0 0
1300 0 9 0.5227690254068852 -0.8524743668141204 0 0 0 0 0 0
1400 100 18.544 0.3721977178770654 -0.8285604791248002 0 0 0 0 0 0
1400 0 12 0.4542706701618069 -0.8908637147346068 0 0 0 0 0 0
1500 100 21.544 0.301839974145913 -0.8675447299800024 0 0 0 0 0 0
1500 0 15 0.3829713879435684 -0.9237602048240533 0 0 0 0 0 0
1600 100 24.544 0.2290622383696651 -0.9020293979737257 0 0 0 0 0 0
1600 0 18 0.3093107934925631 -0.950961004999154 0 0 0 0 0 0
1700 100 27.544 0.1542458276520408 -0.9320141984744611 0 0 0 0 0 0
1700 0 21 0.2337430608495324 -0.9722984014718382 0 0 0 0 0 0
1800 100 30.544 0.07779465383854492 -0.9575986812987719 0 0 0 0 0 0
1800 0 24 0.1567341230243804 -0.9876408328333627 0 0 0 0 0 0
1900 100 33.544 0.0001329739292893896 -0.9790431623670857 0 0 0 0 0 0
1900 0 27 0.07875879916194169 -0.996893701231264 0 0 0 0 0 0
2000 100 36.544 -0.07829709511479367 -0.9969300702138464 0 0 0 0 0 0
2000 0 30 0.0002978669179003916 -0.9999999556376487 0 0 0 0 0 0
100 200 0 0.9370842221204813 0.07751468595692146 0 0 0 0 0 0
0 200 0 0.9876985234828592 0.1563701592688956 0 0 0 0 0 0
200 200 0 0.8950508452939708 -1.756942106280995e-05 0 0 0 0 0 0
300 200 0 0.8567645621854723 -0.07619199742113693 0 0 0 0 0 0
400 200 0 0.8190414886328766 -0.1508759869122058 0 0 0 0 0 0
500 200 0 0.7800750193158826 -0.223881094261266 0 0 0 0 0 0
600 200 0.367 0.7388418194645677 -0.2949727657956231 0 0 0 0 0 0
700 200 3.367 0.694664889906806 -0.363896531932622 0 0 0 0 0 0
800 200 6.367 0.6472490927458558 -0.4304224997682939 0 0 0 0 0 0
900 200 9.367000000000001 0.5964465652457718 -0.4943149103715864 0 0 0 0 0 0
1000 200 12.367 0.5422095644237629 -0.5553629231856323 0 0 0 0 0 0
1100 200 15.367 0.4845729390614063 -0.6133701344168854 0 0 0 0 0 0
1200 200 18.367 0.4236400403909488 -0.6681671028514519 0 0 0 0 0 0
1300 200 21.367 0.359557494997019 -0.7196154168351799 0 0 0 0 0 0
1400 200 24.367 0.2925155469013003 -0.7676206847515044 0 0 0 0 0 0
1500 200 27.367 0.2227464346033531 -0.8121447151386614 0 0 0 0 0 0
1600 200 30.367 0.1505202129760141 -0.8532189945060638 0 0 0 0 0 0
1700 200 33.367 0.07614177738669106 -0.8909649734432658 0 0 0 0 0 0
1800 200 36.367 -5.112121290886793e-05 -0.9256273586586868 0 0 0 0 0 0
1900 200 39.367 -0.07768928252837087 -0.9576328256649287 0 0 0 0 0 0
2000 200 42.367 -0.1563731608245643 -0.987698048278792 0 0 0 0 0 0
100 300 0 0.9104115568724198 0.1539020615685831 0 0 0 0 0 0
0 300 0 0.9723927141569001 0.2333504005879944 0 0 0 0 0 0
200 300 0 0.8567654577903518 0.07614300956545104 0 0 0 0 0 0
300 300 0 0.8083472330912146 -3.467848230238727e-05 0 0 0 0 0 0
400 300 0 0.7624619874703419 -0.07463607586021828 0 0 0 0 0 0
500 300 1.829 0.71713399060621 -0.1475933905228139 0 0 0 0 0 0
600 300 4.829 0.6710154799861262 -0.2187796711572063 0 0 0 0 0 0
700 300 7.829 0.623261943394174 -0.2880454530926638 0 0 0 0 0 0
800 300 10.829 0.5733090686244598 -0.3552417259575435 0 0 0 0 0 0
900 300 13.829 0.5207906251632251 -0.4202121155746698 0 0 0 0 0 0
1000 300 16.829 0.4654908626430705 -0.4828118021460718 0 0 0 0 0 0
1100 300 19.829 0.407299816615418 -0.5429135610192941 0 0 0 0 0 0
1200 300 22.829 0.3461887397735103 -0.6004154066526206 0 0 0 0 0 0
1300 300 25.829 0.2821918390656572 -0.6552494582673702 0 0 0 0 0 0
1400 300 28.829 0.2153965652677379 -0.7073930192806959 0 0 0 0 0 0
1500 300 31.829 0.1459390563582139 -0.7568817560316835 0 0 0 0 0 0
1600 300 34.829 0.07400094653810151 -0.8038253025062148 0 0 0 0 0 0
1700 300 37.829 -0.0001928255517319605 -0.8484278750743394 0 0 0 0 0 0
1800 300 40.829 -0.0763752135284146 -0.8910177642512209 0 0 0 0 0 0
1900 300 43.829 -0.1542375167279226 -0.9320909388795834 0 0 0 0 0 0
2000 300 46.829 -0.2334293113136473 -0.9723737741319622 0 0 0 0 0 0
100 400 0 0.8812357926603197 0.2288569529242657 0 0 0 0 0 0
0 400 0 0.9510967465804405 0.3088931508533356 0 0 0 0 0 0
200 400 0 0.8190449951734901 0.1508139871614992 0 0 0 0 0 0
300 400 0 0.7624616388992362 0.07454979874524957 0 0 0 0 0 0
400 400 1.439 0.7094231906420103 -6.011264500152179e-05 0 0 0 0 0 0
500 400 4.439 0.6581596824068039 -0.07304991583056705 0 0 0 0 0 0
600 400 7.439 0.6073412287758064 -0.1443782364076839 0 0 0 0 0 0
700 400 10.439 0.5559669265652241 -0.2139916738845705 0 0 0 0 0 0
800 400 13.439 0.5033153571091509 -0.2818158992986929 0 0 0 0 0 0
900 400 16.439 0.4488737506881863 -0.3477679661065149 0 0 0 0 0 0
1000 400 19.439 0.3922849424356469 -0.4117680184477005 0 0 0 0 0 0
1100 400 22.439 0.3333092224880975 -0.4737499402927887 0 0 0 0 0 0
1200 400 25.439 0.271797534824091 -0.5336709651312082 0 0 0 0 0 0
1300 400 28.439 0.2076733497069612 -0.5915217997566373 0 0 0 0 0 0
1400 400 31.439 0.140921294133966 -0.6473379869879701 0 0 0 0 0 0
1500 400 34.439 0.07158087393239103 -0.7012129627213761 0 0 0 0 0 0
1600 400 37.439 -0.0002567482713582889 -0.7533133379825074 0 0 0 0 0 0
1700 400 40.439 -0.07445016522665117 -0.8038975935465684 0 0 0 0 0 0
1800 400 43.439 -0.1508079135690268 -0.8533399049991028 0 0 0 0 0 0
1900 400 46.439 -0.2290878177761638 -0.9021606797728832 0 0 0 0 0 0
2000 400 49.439 -0.3089957603070052 -0.951063415399991 0 0 0 0 0 0
100 500 0 0.8485320241280079 0.3020507537439365 0 0 0 0 0 0
0 500 0 0.9239418087128549 0.382533049699524 0 0 0 0 0 0
200 500 0 0.7800788313549304 0.2238030657882956 0 0 0 0 0 0
300 500 0 0.7171482615847534 0.1474920276621215 0 0 0 0 0 0
400 500 1.908 0.6581961492660633 0.07289615827985023 0 0 0 0 0 0
500 500 4.908 0.6017756399232076 -0.0001041839468989501 0 0 0 0 0 0
600 500 7.908 0.5466593895375288 -0.07154373404938079 0 0 0 0 0 0
700 500 10.908 0.4918411307305648 -0.1414472715982686 0 0 0 0 0 0
800 500 13.908 0.436532575934781 -0.2098099679172291 0 0 0 0 0 0
900 500 16.908 0.3801273316868306 -0.2766125883733654 0 0 0 0 0 0
1000 500 19.908 0.3221641776439979 -0.3418333770513643 0 0 0 0 0 0
1100 500 22.908 0.2622967323748002 -0.4054597697397104 0 0 0 0 0 0
1200 500 25.908 0.2002702186980501 -0.4674992967973586 0 0 0 0 0 0
1300 500 28.908 0.1359049782430316 -0.527990631850882 0 0 0 0 0 0
1400 500 31.908 0.06908575490628724 -0.5870152465190291 0 0 0 0 0 0
1500 500 34.908 -0.0002443565488712519 -0.6447101453577558 0 0 0 0 0 0
1600 500 37.908 -0.07208655342316911 -0.7012820990901724 0 0 0 0 0 0
1700 500 40.908 -0.1463866821316378 -0.7570239111868063 0 0 0 0 0 0
1800 500 43.908 -0.2230341254419155 -0.8123332735675426 0 0 0 0 0 0
1900 500 46.908 -0.3018597836665823 -0.8677342895107328 0 0 0 0 0 0
2000 500 49.908 -0.3826335267678935 -0.9239002025073725 0 0 0 0 0 0
100 600 0 0.8118263184783303 0.3731438534496793 0 0 0 0 0 0
0 600 0 0.8910951810908451 0.4538164587547195 0 0 0 0 0 0
200 600 0 0.7388341342402162 0.2948850768142161 0 0 0 0 0 0
300 600 0 0.6710899446819586 0.2186777608348559 0 0 0 0 0 0
400 600 0.186 0.6074393541033603 0.1442483339378283 0 0 0 0 0 0
500 600 3.186 0.5467201803890999 0.0713442523234841 0 0 0 0 0 0
600 600 6.186 0.4878722984265682 -0.0001038560242035241 0 0 0 0 0 0
700 600 9.186 0.4299608769593444 -0.07018469536044185 0 0 0 0 0 0
800 600 12.186 0.3721967215632395 -0.1389509450115178 0 0 0 0 0 0
900 600 15.186 0.3139315195356976 -0.2064386948549997 0 0 0 0 0 0
1000 600 18.186 0.2546372858701278 -0.2726754238827153 0 0 0 0 0 0
1100 600 21.186 0.1938871872607764 -0.3376937235484461 0 0 0 0 0 0
1200 600 24.186 0.1313381169564078 -0.4015422737581841 0 0 0 0 0 0
1300 600 27.186 0.06671779170172355 -0.4642976391354713 0 0 0 0 0 0
1400 600 30.186 -0.0001837495934789996 -0.5260760741125765 0 0 0 0 0 0
1500 600 33.186 -0.06951857068135689 -0.5870459045457593 0 0 0 0 0 0
1600 600 36.186 -0.14138192772917 -0.6474406985349325 0 0 0 0 0 0
1700 600 39.186 -0.215810925987652 -0.7075734132906204 0 0 0 0 0 0
1800 600 42.186 -0.2927816039709975 -0.767851554775733 0 0 0 0 0 0
1900 600 45.186 -0.3722051486813778 -0.8287929241625349 0 0 0 0 0 0
2000 600 48.186 -0.4539237341177807 -0.89104053982104 0 0 0 0 0 0
100 700 0 0.7709139037890663 0.441796629942206 0 0 0 0 0 0
0 700 0 0.8527592063426382 0.5223042561552357 0 0 0 0 0 0
200 700 0 0.6947134802019986 0.3638186206864161 0 0 0 0 0 0
300 700 0 0.6234096386305754 0.2879535942866814 0 0 0 0 0 0
400 700 0 0.5561340489334676 0.2138709815578392 0 0 0 0 0 0
500 700 0 0.4919700303342993 0.1413178498553233 0 0 0 0 0 0
600 700 2.462 0.430019660139734 0.07005643518236121 0 0 0 0 0 0
700 700 5.462 0.3694693599174342 -3.863465790030182e-05 0 0 0 0 0 0
800 700 8.462 0.3095637290354835 -0.06902982355677445 0 0 0 0 0 0
900 700 11.462 0.2496554328103159 -0.1370056276325425 0 0 0 0 0 0
1000 700 14.462 0.189181957634824 -0.2040309848747139 0 0 0 0 0 0
1100 700 17.462 0.1276619169041537 -0.2701754769539009 0 0 0 0 0 0
1200 700 20.462 0.06468212005622966 -0.3355193227140628 0 0 0 0 0 0
1300 700 23.462 -0.0001104514417028012 -0.400167200314291 0 0 0 0 0 0
1400 700 26.462 -0.06701405288766876 -0.4642598136499094 0 0 0 0 0 0
1500 700 29.462 -0.1362740285936407 -0.527986022346232 0 0 0 0 0 0
1600 700 32.462 -0.2080814420702932 -0.5915951903825074 0 0 0 0 0 0
1700 700 35.462 -0.2825692170382579 -0.6554097596660052 0 0 0 0 0 0
1800 700 38.462 -0.3598066988065985 -0.7198378991382667 0 0 0 0 0 0
1900 700 41.462 -0.4397935031574426 -0.7853857186771821 0 0 0 0 0 0
2000 700 44.462 -0.5224533176749095 -0.8526678901251529 0 0 0 0 0 0
100 800 0 0.7257451652293228 0.5076775855427175 0 0 0 0 0 0
0 800 0 0.8091700427117972 0.5875745416351773 0 0 0 0 0 0
200 800 0 0.6473803579423648 0.4303615331538888 0 0 0 0 0 0
300 800 0 0.5735348315630596 0.3551636908149295 0 0 0 0 0 0
400 800 0 0.5035580768290965 0.2817061145983135 0 0 0 0 0 0
500 800 0 0.4367338022866544 0.2096869741869496 0 0 0 0 0 0
600 800 0 0.3723252342283564 0.1388683149075659 0 0 0 0 0 0
700 800 0.145 0.3096103784924736 0.06908897081606458 0 0 0 0 0 0
800 800 3.145 0.2479405598311234 0.0001019324775899272 0 0 0 0 0 0
900 800 6.145 0.1866869272695783 -0.06813990389165038 0 0 0 0 0 0
1000 800 9.145 0.1252698907334084 -0.1357058438271291 0 0 0 0 0 0
1100 800 12.145 0.06317941876289328 -0.2027014494012147 0 0 0 0 0 0
1200 800 15.145 -5.071760532863148e-05 -0.2692264724619057 0 0 0 0 0 0
1300 800 18.145 -0.0648420245935436 -0.3354043916072502 0 0 0 0 0 0
1400 800 21.145 -0.1315741621934106 -0.4013904427375578 0 0 0 0 0 0
1500 800 24.145 -0.2005837764858672 -0.4673840965498082 0 0 0 0 0 0
1600 800 27.145 -0.2721599725974629 -0.5336409017483063 0 0 0 0 0 0
1700 800 30.145 -0.3465370617204072 -0.6004840207701404 0 0 0 0 0 0
1800 800 33.145 -0.4238856724551446 -0.6683152735602502 0 0 0 0 0 0
1900 800 36.145 -0.5043033543368813 -0.7376253354393029 0 0 0 0 0 0
2000 800 39.145 -0.5878056991902919 -0.8090021384393319 0 0 0 0 0 0
100 900 0 0.676371865653176 0.5704690827505213 0 0 0 0 0 0
0 900 0 0.7605962092692222 0.6492252355271547 0 0 0 0 0 0
200 900 0 0.5966657422530574 0.4942786745577764 0 0 0 0 0 0
300 900 0 0.5210999501352267 0.4201517970486158 0 0 0 0 0 0
400 900 0 0.4491967081895739 0.3476717459733368 0 0 0 0 0 0
500 900 0 0.3804060831235114 0.2764993199559148 0 0 0 0 0 0
600 900 0 0.3141366169373539 0.2063631449054492 0 0 0 0 0 0
700 900 0 0.2497833267931849 0.1370507332270309 0 0 0 0 0 0
800 900 0 0.1867517040018984 0.06838315620819427 0 0 0 0 0 0
900 900 0 0.1244549234569736 0.0002538528738543666 0 0 0 0 0 0
1000 900 2.822 0.0623799492298613 -0.06756456314039104 0 0 0 0 0 0
1100 900 5.822 -1.402941167117867e-05 -0.1351336455176119 0 0 0 0 0 0
1200 900 8.821999999999999 -0.06324013510653695 -0.2025288177257052 0 0 0 0 0 0
1300 900 11.822 -0.1277754799349911 -0.2698873395508903 0 0 0 0 0 0
1400 900 14.822 -0.1940741027451944 -0.3373686773973338 0 0 0 0 0 0
1500 900 17.822 -0.262562212610632 -0.4051733182554554 0 0 0 0 0 0
1600 900 20.822 -0.3336301602460071 -0.4735540019812183 0 0 0 0 0 0
1700 900 23.822 -0.4076208301991037 -0.5428267435084144 0 0 0 0 0 0
1800 900 26.822 -0.4848161833420269 -0.6133807379779572 0 0 0 0 0 0
1900 900 29.822 -0.5654233051091965 -0.6856876030577922 0 0 0 0 0 0
2000 900 32.822 -0.6495617227086935 -0.7603088638124078 0 0 0 0 0 0
100 1000 0 0.6229185875809535 0.629872378631921 0 0 0 0 0 0
0 1000 0 0.7073369317751631 0.7068765556636452 0 0 0 0 0 0
200 1000 0 0.5425156794908913 0.5553492100881119 0 0 0 0 0 0
300 1000 0 0.4658845782584829 0.4827702743168112 0 0 0 0 0 0
400 1000 0 0.3926900617813546 0.4116870606180706 0 0 0 0 0 0
500 1000 0 0.3225232216151548 0.3417313960837552 0 0 0 0 0 0
600 1000 0 0.2549219191983971 0.2726059025748769 0 0 0 0 0 0
700 1000 0 0.189390550733128 0.2040733449153962 0 0 0 0 0 0
800 1000 0 0.1254164093875501 0.1359435909882254 0 0 0 0 0 0
900 1000 0 0.06247900886806966 0.06806689619141258 0 0 0 0 0 0
1000 1000 0 6.217653002162278e-05 0.0003035093406232719 0 0 0 0 0 0
1100 1000 0 -0.06236548826733583 -0.06743829006217494 0 0 0 0 0 0
1200 1000 2.189 -0.1252960497583341 -0.1353431098681512 0 0 0 0 0 0
1300 1000 5.189 -0.1892524503486781 -0.2035507463863482 0 0 0 0 0 0
1400 1000 8.189 -0.2547747041244359 -0.2721559936492783 0 0 0 0 0 0
1500 1000 11.189 -0.3223768817907676 -0.3413511718600589 0 0 0 0 0 0
1600 1000 14.189 -0.3925552421723096 -0.4113770139131461 0 0 0 0 0 0
1700 1000 17.189 -0.4657706817983197 -0.4825350597059475 0 0 0 0 0 0
1800 1000 20.189 -0.54242969330921 -0.555195510958498 0 0 0 0 0 0
1900 1000 23.189 -0.622863875060348 -0.6298066016908817 0 0 0 0 0 0
2000 1000 26.189 -0.7073114315193099 -0.7069020716068842 0 0 0 0 0 0
100 1100 0 0.5655660937529094 0.685612429902723 0 0 0 0 0 0
0 1100 0 0.6497202993811032 0.7601733569207287 0 0 0 0 0 0
200 1100 0 0.4849603851515337 0.6133736922179966 0 0 0 0 0 0
300 1100 0 0.4077745023148828 0.5428893677289827 0 0 0 0 0 0
400 1100 0 0.3337951985567282 0.4736849279655224 0 0 0 0 0 0
500 1100 0 0.2627363816432196 0.405370728328998 0 0 0 0 0 0
600 1100 0 0.1942525896404909 0.3376320599282278 0 0 0 0 0 0
700 1100 0 0.1279522845199492 0.270218144407666 0 0 0 0 0 0
800 1100 0 0.06340904220384275 0.2029303168008569 0 0 0 0 0 0
900 1100 0 0.0001691049307298192 0.1356105659347784 0 0 0 0 0 0
1000 1100 0 -0.06224412741483106 0.06812741193077648 0 0 0 0 0 0
1100 1100 0 -0.1243320213970319 0.0003694898389826588 0 0 0 0 0 0
1200 1100 0 -0.1866160334787206 -0.06777968331888871 0 0 0 0 0 0
1300 1100 0 -0.2496533385705337 -0.136424180299606 0 0 0 0 0 0
1400 1100 1.974 -0.3140058885980321 -0.2057512899304213 0 0 0 0 0 0
1500 1100 4.974 -0.3802688506176157 -0.2759576716014979 0 0 0 0 0 0
1600 1100 7.974 -0.4490705659929888 -0.347197714133038 0 0 0 0 0 0
1700 1100 10.974 -0.5210017501834808 -0.4197532825282848 0 0 0 0 0 0
1800 1100 13.974 -0.59661120724421 -0.4939683352237507 0 0 0 0 0 0
1900 1100 16.974 -0.6763755170294928 -0.5702621639882814 0 0 0 0 0 0
2000 1100 19.974 -0.7606711260465759 -0.649137456937307 0 0 0 0 0 0
100 1200 0 0.5045408637526778 0.7374426879654056 0 0 0 0 0 0
0 1200 0 0.5881012435266519 0.8087873189920857 0 0 0 0 0 0
200 1200 0 0.4240951955603833 0.6681811189481136 0 0 0 0 0 0
300 1200 0 0.3467367869868744 0.600406136450001 0 0 0 0 0 0
400 1200 0 0.2723599051463237 0.5336221778702289 0 0 0 0 0 0
500 1200 0 0.2007882809146645 0.4674251224031535 0 0 0 0 0 0
600 1200 0 0.131783786472486 0.40149131995316 0 0 0 0 0 0
700 1200 0 0.06505486761622019 0.3355658403210464 0 0 0 0 0 0
800 1200 0 0.0002634263757651053 0.2694503613597929 0 0 0 0 0 0
900 1200 0 -0.06297094772155518 0.2029910264637772 0 0 0 0 0 0
1000 1200 0 -0.1250698854878601 0.1360660528518694 0 0 0 0 0 0
1100 1200 0 -0.1864986267856419 0.06857427367951613 0 0 0 0 0 0
1200 1200 0 -0.2477697311875508 0.0004215816726026607 0 0 0 0 0 0
1300 1200 0 -0.3094496851654778 -0.06848808413501759 0 0 0 0 0 0
1400 1200 0 -0.372158739646592 -0.1382725561445342 0 0 0 0 0 0
1500 1200 0 -0.4365761168972245 -0.2090601855956258 0 0 0 0 0 0
1600 1200 2.864 -0.5034100204886499 -0.2811243316822258 0 0 0 0 0 0
1700 1200 5.864 -0.5734196419334482 -0.3546496174974932 0 0 0 0 0 0
1800 1200 8.864000000000001 -0.647321575774681 -0.4299343757301931 0 0 0 0 0 0
1900 1200 11.864 -0.7257667782733956 -0.5073618773328512 0 0 0 0 0 0
2000 1200 14.864 -0.8092980175633464 -0.5873982624829915 0 0 0 0 0 0
100 1300 0 0.4401080743044985 0.7851501437347483 0 0 0 0 0 0
0 1300 0 0.5228593514818916 0.8524189689160699 0 0 0 0 0 0
200 1300 0 0.3600684254147095 0.719636387667319 0 0 0 0 0 0
300 1300 0 0.2828037239788839 0.6552536959904207 0 0 0 0 0 0
400 1300 0 0.2083051341837286 0.591490078302324 0 0 0 0 0 0
500 1300 0 0.1364967952452585 0.5279339301190717 0 0 0 0 0 0
600 1300 0 0.06724119542452714 0.4642611433844828 0 0 0 0 0 0
700 1300 0 0.0003440326853069572 0.400221951117156 0 0 0 0 0 0
800 1300 0 -0.06444236074945534 0.335627953840766 0 0 0 0 0 0
900 1300 0 -0.127417937677713 0.2703394724242063 0 0 0 0 0 0
1000 1300 0 -0.1889368976723206 0.2042531774354044 0 0 0 0 0 0
1100 1300 0 -0.2494130635125182 0.1372900368123209 0 0 0 0 0 0
1200 1300 0 -0.3093282707291888 0.06938310701950419 0 0 0 0 0 0
1300 1300 0 -0.3692430161432957 0.0004657390612842448 0 0 0 0 0 0
1400 1300 0 -0.4298061488041612 -0.06954152635683629 0 0 0 0 0 0
1500 1300 0 -0.4917609794500617 -0.140741250977589 0 0 0 0 0 0
1600 1300 0 -0.5559370106582319 -0.2132799700014781 0 0 0 0 0 0
1700 1300 2.42 -0.6232491639021416 -0.2873927495393643 0 0 0 0 0 0
1800 1300 5.42 -0.6946204468045768 -0.3633332908365956 0 0 0 0 0 0
1900 1300 8.42 -0.7709189461363228 -0.441421612773176 0 0 0 0 0 0
2000 1300 11.42 -0.8528972633605105 -0.5220787853879453 0 0 0 0 0 0
100 1400 0 0.3725666131752312 0.8285610139369605 0 0 0 0 0 0
0 1400 0 0.4543965280042521 0.8907995258966414 0 0 0 0 0 0
200 1400 0 0.2930734526277453 0.7676487319678129 0 0 0 0 0 0
300 1400 0 0.216062546370984 0.707411411203572 0 0 0 0 0 0
400 1400 0 0.1416136565112397 0.6473255548684165 0 0 0 0 0 0
500 1400 0 0.06974421437521201 0.5869798497240637 0 0 0 0 0 0
600 1400 0 0.0004124373566258268 0.5260589970580778 0 0 0 0 0 0
700 1400 0 -0.06648036542840337 0.4643282881435989 0 0 0 0 0 0
800 1400 0 -0.131088976082894 0.4016192713494706 0 0 0 0 0 0
900 1400 0 -0.1936257131015865 0.3378164079549177 0 0 0 0 0 0
1000 1400 0 -0.2543649739310027 0.2728444745717724 0 0 0 0 0 0
1100 1400 0 -0.3136516333537061 0.2066564621708327 0 0 0 0 0 0
1200 1400 0 -0.371913775331068 0.1392216918165375 0 0 0 0 0 0
1300 1400 0 -0.4296797165862307 0.07051394506283241 0 0 0 0 0 0
1400 1400 0 -0.4875977245259427 0.0004990678684001508 0 0 0 0 0 0
1500 1400 0 -0.5464547074180846 -0.07087768562499078 0 0 0 0 0 0
1600 1400 0 -0.6071864705069594 -0.1437063958308868 0 0 0 0 0 0
1700 1400 1.021 -0.6708689236280118 -0.2181312717455581 0 0 0 0 0 0
1800 1400 4.021 -0.7386931668872234 -0.2943936786733678 0 0 0 0 0 0
1900 1400 7.021 -0.8117981358932521 -0.3727528500309398 0 0 0 0 0 0
2000 1400 10.021 -0.8912186145023123 -0.4535740084755504 0 0 0 0 0 0
100 1500 0 0.3022453468660976 0.867547749301554 0 0 0 0 0 0
0 1500 0 0.3831345195146359 0.9236925570536385 0 0 0 0 0 0
200 1500 0 0.2233434943561443 0.8121820628546272 0 0 0 0 0 0
300 1500 0 0.1466489780269686 0.7569169010728984 0 0 0 0 0 0
400 1500 0 0.07232313455364793 0.7012238056564412 0 0 0 0 0 0
500 1500 0 0.0004708993278703169 0.6447016210125328 0 0 0 0 0 0
600 1500 0 -0.06885758033862981 0.5870549269172379 0 0 0 0 0 0
700 1500 0 -0.1356664031033061 0.5280752452845663 0 0 0 0 0 0
800 1500 0 -0.2000149516438786 0.4676248968475011 0 0 0 0 0 0
900 1500 0 -0.262021067907287 0.4056228283378034 0 0 0 0 0 0
1000 1500 0 -0.3218672730355365 0.3420317998921762 0 0 0 0 0 0
1100 1500 0 -0.3798112832752614 0.2768464118515597 0 0 0 0 0 0
1200 1500 0 -0.4362018753620944 0.2100815232786126 0 0 0 0 0 0
1300 1500 0 -0.491501992686529 0.1417610761595186 0 0 0 0 0 0
1400 1500 0 -0.5463189654473479 0.07190601391900311 0 0 0 0 0 0
1500 1500 0 -0.6014411365103074 0.000521591798963506 0 0 0 0 0 0
1600 1500 0 -0.6578705032308206 -0.0724160482164045 0 0 0 0 0 0
1700 1500 1.822 -0.7168670904275218 -0.1469819796369521 0 0 0 0 0 0
1800 1500 4.822 -0.7798950742725137 -0.2233271562691133 0 0 0 0 0 0
1900 1500 7.822 -0.8484740821702742 -0.3016597906011824 0 0 0 0 0 0
2000 1500 10.822 -0.9240468101385999 -0.3822793385375127 0 0 0 0 0 0
100 1600 0 0.229500187636983 0.9020386872174192 0 0 0 0 0 0
0 1600 0 0.3095123160444229 0.9508954339026017 0 0 0 0 0 0
200 1600 0 0.1511481456577518 0.8532688226592233 0 0 0 0 0 0
300 1600 0 0.07474337359761234 0.8038811824125947 0 0 0 0 0 0
400 1600 0 0.0005223286079151724 0.7533532134597956 0 0 0 0 0 0
500 1600 0 -0.07132773419332672 0.7013081632899371 0 0 0 0 0 0
600 1600 0 -0.1406680846459283 0.6474848941288678 0 0 0 0 0 0
700 1600 0 -0.2074090876835605 0.5917144754010853 0 0 0 0 0 0
800 1600 0 -0.2715125793291269 0.5339020732994105 0 0 0 0 0 0
900 1600 0 -0.3329961521957195 0.4740121072000285 0 0 0 0 0 0
1000 1600 0 -0.3919396285832362 0.4120553291077584 0 0 0 0 0 0
1100 1600 0 -0.4484964725464829 0.3480775416023089 0 0 0 0 0 0
1200 1600 0 -0.5029106844419979 0.2821479696923543 0 0 0 0 0 0
1300 1600 0 -0.5555406477149311 0.2143490087446889 0 0 0 0 0 0
1400 1600 0 -0.6069058121324717 0.1447683680037097 0 0 0 0 0 0
1500 1600 0 -0.6577174296914133 0.07347661832335041 0 0 0 0 0 0
1600 1600 1.733 -0.7090028868862397 0.000538003044428608 0 0 0 0 0 0
1700 1600 4.733 -0.7621383988014215 -0.07404666695387976 0 0 0 0 0 0
1800 1600 7.733 -0.818837835334203 -0.1503347966880213 0 0 0 0 0 0
1900 1600 10.733 -0.8811643385812422 -0.2284462877322135 0 0 0 0 0 0
2000 1600 13.733 -0.9511917902682117 -0.308600353412556 0 0 0 0 0 0
100 1700 0 0.1547116929121876 0.9320332083478144 0 0 0 0 0 0
0 1700 0 0.2339834469579498 0.9722405805919008 0 0 0 0 0 0
200 1700 0 0.07679110085578882 0.8910303757574642 0 0 0 0 0 0
300 1700 0 0.0005686150521015034 0.8485090975905875 0 0 0 0 0 0
400 1700 0 -0.07365050802856726 0.8039737858728161 0 0 0 0 0 0
500 1700 0 -0.1456017895026789 0.7570947347588698 0 0 0 0 0 0
600 1700 0 -0.2150613876764858 0.7076651059754455 0 0 0 0 0 0
700 1700 0 -0.281847020695694 0.6555719649267132 0 0 0 0 0 0
800 1700 0 -0.3458212054839225 0.600776883014737 0 0 0 0 0 0
900 1700 0 -0.4068974483744701 0.5433017701643502 0 0 0 0 0 0
1000 1700 0 -0.4650451876850992 0.4832153235860361 0 0 0 0 0 0
1100 1700 0 -0.5202972284683579 0.4206233083623295 0 0 0 0 0 0
1200 1700 0 -0.5727768001920382 0.3556614931952446 0 0 0 0 0 0
1300 1700 0 -0.6226952302483996 0.2884690787669202 0 0 0 0 0 0
1400 1700 0.436 -0.6704096108134036 0.2192189115924427 0 0 0 0 0 0
1500 1700 3.436 -0.7165779954569159 0.1480835555386403 0 0 0 0 0 0
1600 1700 6.436 -0.7620119430992633 0.07516589820293651 0 0 0 0 0 0
1700 1700 9.436 -0.808017772286186 0.000579947410038691 0 0 0 0 0 0
1800 1700 12.436 -0.8565598023931057 -0.07561407835313791 0 0 0 0 0 0
1900 1700 15.436 -0.9103436780433681 -0.1534255003683309 0 0 0 0 0 0
2000 1700 18.436 -0.9724847211007445 -0.2329666654815824 0 0 0 0 0 0
100 1800 0 0.07828306364747521 0.9576293815234562 0 0 0 0 0 0
0 1800 0 0.157013187109421 0.987596506207744 0 0 0 0 0 0
200 1800 0 0.0006087112306521594 0.9257099452337098 0 0 0 0 0 0
300 1800 0 -0.07561080484293858 0.8911284828613173 0 0 0 0 0 0
400 1800 0 -0.150007780391814 0.853460699778144 0 0 0 0 0 0
500 1800 0 -0.2222457492609244 0.8124615705143199 0 0 0 0 0 0
600 1800 0 -0.2920199077679603 0.7680072269115841 0 0 0 0 0 0
700 1800 0 -0.3590575822822938 0.7200614529755195 0 0 0 0 0 0
800 1800 0 -0.4231196756866988 0.6686563185952734 0 0 0 0 0 0
900 1800 0 -0.4840114518666199 0.6138840762785784 0 0 0 0 0 0
1000 1800 0 -0.5415961889119663 0.55588506770732 0 0 0 0 0 0
1100 1800 0 -0.5957670247252445 0.4948226597132732 0 0 0 0 0 0
1200 1800 0.412 -0.6464895490490614 0.4309203271350689 0 0 0 0 0 0
1300 1800 3.412 -0.6939256836552775 0.3644259310024882 0 0 0 0 0 0
1400 1800 6.412 -0.7381707937089438 0.2955312548399087 0 0 0 0 0 0
1500 1800 9.412000000000001 -0.7795376799694366 0.2244835348718289 0 0 0 0 0 0
1600 1800 12.412 -0.8186199489165731 0.1515113948346035 0 0 0 0 0 0
1700 1800 15.412 -0.8564575228253587 0.07683715456678533 0 0 0 0 0 0
1800 1800 18.412 -0.8948643186560181 0.0006494820125718911 0 0 0 0 0 0
1900 1800 21.412 -0.9370266980748976 -0.07692096563290912 0 0 0 0 0 0
2000 1800 24.412 -0.9877819888873797 -0.1558420432030225 0 0 0 0 0 0
100 1900 0 0.000638544238273378 0.9790838815648527 0 0 0 0 0 0
0 1900 0 0.07907569064495758 0.9968686147878379 0 0 0 0 0 0
200 1900 0 -0.07703075796171366 0.9577303630624976 0 0 0 0 0 0
300 1900 0 -0.1534888548290867 0.9322331415634179 0 0 0 0 0 0
400 1900 0 -0.2283118567910004 0.9023345007082407 0 0 0 0 0 0
500 1900 0 -0.301096478336424 0.8679350687560571 0 0 0 0 0 0
600 1900 0 -0.3714615424697734 0.829033474452737 0 0 0 0 0 0
700 1900 0 -0.4390497138324333 0.7856971497988949 0 0 0 0 0 0
800 1900 0 -0.5035221612289661 0.7380422421081969 0 0 0 0 0 0
900 1900 0 -0.5645523975876637 0.686232606312061 0 0 0 0 0 0
1000 1900 1.003 -0.6219073165121011 0.6305167965326615 0 0 0 0 0 0
1100 1900 4.003 -0.6754542245025995 0.5711585024927761 0 0 0 0 0 0
1200 1900 7.003 -0.7249435732352378 0.5084088125443459 0 0 0 0 0 0
1300 1900 10.003 -0.7702254730745721 0.4425660595253084 0 0 0 0 0 0
1400 1900 13.003 -0.8112451439521079 0.3739399388314608 0 0 0 0 0 0
1500 1900 16.003 -0.8480572543814131 0.302864593357752 0 0 0 0 0 0
1600 1900 19.003 -0.8808649696372195 0.2296776162379268 0 0 0 0 0 0
1700 1900 22.003 -0.9101435829924382 0.1547163135396418 0 0 0 0 0 0
1800 1900 25.003 -0.9369205706793817 0.07830771797343684 0 0 0 0 0 0
1900 1900 28.003 -0.963605300661275 0.0007503776122657711 0 0 0 0 0 0
2000 1900 31.003 -0.996974931054055 -0.07772378561136892 0 0 0 0 0 0
100 2000 0 -0.07777756117112548 0.9969707372728008 0 0 0 0 0 0
0 2000 0 0.0006510701062034591 0.9999997880538359 0 0 0 0 0 0
200 2000 0 -0.1557270651442593 0.9878001220801481 0 0 0 0 0 0
300 2000 0 -0.2327172553025946 0.9725444355320876 0 0 0 0 0 0
400 2000 0 -0.3082738547248113 0.9512976560956649 0 0 0 0 0 0
500 2000 0 -0.3819314177315871 0.9241906687202267 0 0 0 0 0 0
600 2000 0 -0.4532361971358717 0.891390458556638 0 0 0 0 0 0
700 2000 0 -0.521748939427813 0.8530990822911206 0 0 0 0 0 0
800 2000 1.483 -0.5870545791417972 0.8095473556924556 0 0 0 0 0 0
900 2000 4.483 -0.6487633447923029 0.7609902249397841 0 0 0 0 0 0
1000 2000 7.483 -0.7064719870120374 0.7077410059953174 0 0 0 0 0 0
1100 2000 10.483 -0.7598246877762086 0.650128021120292 0 0 0 0 0 0
1200 2000 13.483 -0.8084924867788214 0.5885064985386292 0 0 0 0 0 0
1300 2000 16.483 -0.852175309725177 0.5232563821825764 0 0 0 0 0 0
1400 2000 19.483 -0.8906038185199712 0.4547799890470622 0 0 0 0 0 0
1500 2000 22.483 -0.9235410719431526 0.3834995285969626 0 0 0 0 0 0
1600 2000 25.483 -0.9507839865742089 0.3098544995220409 0 0 0 0 0 0
1700 2000 28.483 -0.9721645889571596 0.2342989798905591 0 0 0 0 0 0
1800 2000 31.483 -0.9875510512856985 0.1572988274098433 0 0 0 0 0 0
1900 2000 34.483 -0.9968485042226917 0.07932880705634116 0 0 0 0 0 0
2000 2000 37.483 -0.9999996218423784 0.0008696637855407398 0 0 0 0 0 0
0 1 2
0 3 1
2 4 5
2 1 4
5 6 7
5 4 6
7 8 9
7 6 8
9 10 11
9 8 10
11 12 13
11 10 12
13 14 15
13 12 14
15 16 17
15 14 16
17 18 19
17 16 18
19 20 21
19 18 20
21 22 23
21 20 22
23 24 25
23 22 24
25 26 27
25 24 26
27 28 29
27 26 28
29 30 31
29 28 30
31 32 33
31 30 32
33 34 35
33 32 34
35 36 37
35 34 36
37 38 39
37 36 38
39 40 41
39 38 40
3 42 1
3 43 42
1 44 4
1 42 44
4 45 6
4 44 45
6 46 8
6 45 46
8 47 10
8 46 47
10 48 12
10 47 48
12 49 14
12 48 49
14 50 16
14 49 50
16 51 18
16 50 51
18 52 20
18 51 52
20 53 22
20 52 53
22 54 24
22 53 54
24 55 26
24 54 55
26 56 28
26 55 56
28 57 30
28 56 57
30 58 32
30 57 58
32 59 34
32 58 59
34 60 36
34 59 60
36 61 38
36 60 61
38 62 40
38 61 62
43 63 42
43 64 63
42 65 44
42 63 65
44 66 45
44 65 66
45 67 46
45 66 67
46 68 47
46 67 68
47 69 48
47 68 69
48 70 49
48 69 70
49 71 50
49 70 71
50 72 51
50 71 72
51 73 52
51 72 73
52 74 53
52 73 74
53 75 54
53 74 75
54 76 55
54 75 76
55 77 56
55 76 77
56 78 57
56 77 78
57 79 58
57 78 79
58 80 59
58 79 80
59 81 60
59 80 81
60 82 61
60 81 82
61 83 62
61 82 83
64 84 63
64 85 84
63 86 65
63 84 86
65 87 66
65 86 87
66 88 67
66 87 88
67 89 68
67 88 89
68 90 69
68 89 90
69 91 70
69 90 91
70 92 71
70 91 92
71 93 72
71 92 93
72 94 73
72 93 94
73 95 74
73 94 95
74 96 75
74 95 96
75 97 76
75 96 97
76 98 77
76 97 98
77 99 78
77 98 99
78 100 79
78 99 100
79 101 80
79 100 101
80 102 81
80 101 102
81 103 82
81 102 103
82 104 83
82 103 104
85 105 84
85 106 105
84 107 86
84 105 107
86 108 87
86 107 108
87 109 88
87 108 109
88 110 89
88 109 110
89 111 90
89 110 111
90 112 91
90 111 112
91 113 92
91 112 113
92 114 93
92 113 114
93 115 94
93 114 115
94 116 95
94 115 116
95 117 96
95 116 117
96 118 97
96 117 118
97 119 98
97 118 119
98 120 99
98 119 120
99 121 100
99 120 121
100 122 101
100 121 122
101 123 102
101 122 123
102 124 103
102 123 124
103 125 104
103 124 125
106 126 105
106 127 126
105 128 107
105 126 128
107 129 108
107 128 129
108 130 109
108 129 130
109 131 110
109 130 131
110 132 111
110 131 132
111 133 112
111 132 133
112 134 113
112 133 134
113 135 114
113 134 135
114 136 115
114 135 136
115 137 116
115 136 137
116 138 117
116 137 138
117 139 118
117 138 139
118 140 119
118 139 140
119 141 120
119 140 141
120 142 121
120 141 142
121 143 122
121 142 143
122 144 123
122 143 144
123 145 124
123 144 145
124 146 125
124 145 146
127 147 126
127 148 147
126 149 128
126 147 149
128 150 129
128 149 150
129 151 130
129 150 151
130 152 131
130 151 152
131 153 132
131 152 153
132 154 133
132 153 154
133 155 134
133 154 155
134 156 135
134 155 156
135 157 136
135 156 157
136 158 137
136 157 158
137 159 138
137 158 159
138 160 139
138 159 160
139 161 140
139 160 161
140 162 141
140 161 162
141 163 142
141 162 163
142 164 143
142 163 164
143 165 144
143 164 165
144 166 145
144 165 166
145 167 146
145 166 167
148 168 147
148 169 168
147 170 149
147 168 170
149 171 150
149 170 171
150 172 151
150 171 172
151 173 152
151 172 173
152 174 153
152 173 174
153 175 154
153 174 175
154 176 155
154 175 176
155 177 156
155 176 177
156 178 157
156 177 178
157 179 158
157 178 179
158 180 159
158 179 180
159 181 160
159 180 181
160 182 161
160 181 182
161 183 162
161 182 183
162 184 163
162 183 184
163 185 164
163 184 185
164 186 165
164 185 186
165 187 166
165 186 187
166 188 167
166 187 188
169 189 168
169 190 189
168 191 170
168 189 191
170 192 171
170 191 192
171 193 172
171 192 193
172 194 173
172 193 194
173 195 174
173 194 195
174 196 175
174 195 196
175 197 176
175 196 197
176 198 177
176 197 198
177 199 178
177 198 199
178 200 179
178 199 200
179 201 180
179 200 201
180 202 181
180 201 202
181 203 182
181 202 203
182 204 183
182 203 204
183 205 184
183 204 205
184 206 185
184 205 206
185 207 186
185 206 207
186 208 187
186 207 208
187 209 188
187 208 209
190 210 189
190 211 210
189 212 191
189 210 212
191 213 192
191 212 213
192 214 193
192 213 214
193 215 194
193 214 215
194 216 195
194 215 216
195 217 196
195 216 217
196 218 197
196 217 218
197 219 198
197 218 219
198 220 199
198 219 220
199 221 200
199 220 221
200 222 201
200 221 222
201 223 202
201 222 223
202 224 203
202 223 224
203 225 204
203 224 225
204 226 205
204 225 226
205 227 206
205 226 227
206 228 207
206 227 228
207 229 208
207 228 229
208 230 209
208 229 230
211 231 210
211 232 231
210 233 212
210 231 233
212 234 213
212 233 234
213 235 214
213 234 235
214 236 215
214 235 236
215 237 216
215 236 237
216 238 217
216 237 238
217 239 218
217 238 239
218 240 219
218 239 240
219 241 220
219 240 241
220 242 221
220 241 242
221 243 222
221 242 243
222 244 223
222 243 244
223 245 224
223 244 245
224 246 225
224 245 246
225 247 226
225 246 247
226 248 227
226 247 248
227 249 228
227 248 249
228 250 229
228 249 250
229 251 230
229 250 251
232 252 231
232 253 252
231 254 233
231 252 254
233 255 234
233 254 255
234 256 235
234 255 256
235 257 236
235 256 257
236 258 237
236 257 258
237 259 238
237 258 259
238 260 239
238 259 260
239 261 240
239 260 261
240 262 241
240 261 262
241 263 242
241 262 263
242 264 243
242 263 264
243 265 244
243 264 265
244 266 245
244 265 266
245 267 246
245 266 267
246 268 247
246 267 268
247 269 248
247 268 269
248 270 249
248 269 270
249 271 250
249 270 271
250 272 251
250 271 272
253 273 252
253 274 273
252 275 254
252 273 275
254 276 255
254 275 276
255 277 256
255 276 277
256 278 257
256 277 278
257 279 258
257 278 279
258 280 259
258 279 280
259 281 260
259 280 281
260 282 261
260 281 282
261 283 262
261 282 283
262 284 263
262 283 284
263 285 264
263 284 285
264 286 265
264 285 286
265 287 266
265 286 287
266 288 267
266 287 288
267 289 268
267 288 289
268 290 269
268 289 290
269 291 270
269 290 291
270 292 271
270 291 292
271 293 272
271 292 293
274 294 273
274 295 294
273 296 275
273 294 296
275 297 276
275 296 297
276 298 277
276 297 298
277 299 278
277 298 299
278 300 279
278 299 300
279 301 280
279 300 301
280 302 281
280 301 302
281 303 282
281 302 303
282 304 283
282 303 304
283 305 284
283 304 305
284 306 285
284 305 306
285 307 286
285 306 307
286 308 287
286 307 308
287 309 288
287 308 309
288 310 289
288 309 310
289 311 290
289 310 311
290 312 291
290 311 312
291 313 292
291 312 313
292 314 293
292 313 314
295 315 294
295 316 315
294 317 296
294 315 317
296 318 297
296 317 318
297 319 298
297 318 319
298 320 299
298 319 320
299 321 300
299 320 321
300 322 301
300 321 322
301 323 302
301 322 323
302 324 303
302 323 324
303 325 304
303 324 325
304 326 305
304 325 326
305 327 306
305 326 327
306 328 307
306 327 328
307 329 308
307 328 329
308 330 309
308 329 330
309 331 310
309 330 331
310 332 311
310 331 332
311 333 312
311 332 333
312 334 313
312 333 334
313 335 314
313 334 335
316 336 315
316 337 336
315 338 317
315 336 338
317 339 318
317 338 339
318 340 319
318 339 340
319 341 320
319 340 341
320 342 321
320 341 342
321 343 322
321 342 343
322 344 323
322 343 344
323 345 324
323 344 345
324 346 325
324 345 346
325 347 326
325 346 347
326 348 327
326 347 348
327 349 328
327 348 349
328 350 329
328 349 350
329 351 330
329 350 351
330 352 331
330 351 352
331 353 332
331 352 353
332 354 333
332 353 354
333 355 334
333 354 355
334 356 335
334 355 356
337 357 336
337 358 357
336 359 338
336 357 359
338 360 339
338 359 360
339 361 340
339 360 361
340 362 341
340 361 362
341 363 342
341 362 363
342 364 343
342 363 364
343 365 344
343 364 365
344 366 345
344 365 366
345 367 346
345 366 367
346 368 347
346 367 368
347 369 348
347 368 369
348 370 349
348 369 370
349 371 350
349 370 371
350 372 351
350 371 372
351 373 352
351 372 373
352 374 353
352 373 374
353 375 354
353 374 375
354 376 355
354 375 376
355 377 356
355 376 377
358 378 357
358 379 378
357 380 359
357 378 380
359 381 360
359 380 381
360 382 361
360 381 382
361 383 362
361 382 383
362 384 363
362 383 384
363 385 364
363 384 385
364 386 365
364 385 386
365 387 366
365 386 387
366 388 367
366 387 388
367 389 368
367 388 389
368 390 369
368 389 390
369 391 370
369 390 391
370 392 371
370 391 392
371 393 372
371 392 393
372 394 373
372 393 394
373 395 374
373 394 395
374 396 375
374 395 396
375 397 376
375 396 397
376 398 377
376 397 398
379 399 378
379 400 399
378 401 380
378 399 401
380 402 381
380 401 402
381 403 382
381 402 403
382 404 383
382 403 404
383 405 384
383 404 405
384 406 385
384 405 406
385 407 386
385 406 407
386 408 387
386 407 408
387 409 388
387 408 409
388 410 389
388 409 410
389 411 390
389 410 411
390 412 391
390 411 412
391 413 392
391 412 413
392 414 393
392 413 414
393 415 394
393 414 415
394 416 395
394 415 416
395 417 396
395 416 417
396 418 397
396 417 418
397 419 398
397 418 419
400 420 399
400 421 420
399 422 401
399 420 422
401 423 402
401 422 423
402 424 403
402 423 424
403 425 404
403 424 425
404 426 405
404 425 426
405 427 406
405 426 427
406 428 407
406 427 428
407 429 408
407 428 429
408 430 409
408 429 430
409 431 410
409 430 431
410 432 411
410 431 432
411 433 412
411 432 433
412 434 413
412 433 434
413 435 414
413 434 435
414 436 415
414 435 436
415 437 416
415 436 437
416 438 417
416 437 438
417 439 418
417 438 439
418 440 419
418 439 440
3
160 160
0 0 0 0.9999999999999999 0 0 0 0 0 0 0
100 0 0 0.9969198873236654 0.07842664253026765 0 0 0 0 0 0
100 0 349.908 0.9863159666444196 0.07723525842979359 0 0 0 0 0 0
0 0 349.908 0.9893352803180382 -0.0003561615157510791 0 0 0 0 0 0
0 100 0 0.9969198873236654 -0.07842664253026795 0 0 0 0 0 0
0 100 349.908 0.9862600712238709 -0.0779453485899544 0 0 0 0 0 0
200 0 0 0.9876985234828592 0.1563701592688956 0 0 0 0 0 0
200 0 349.908 0.9772207350130653 0.1543509669764552 0 0 0 0 0 0
300 0 0 0.9723927141568999 0.2333504005879944 0 0 0 0 0 0
300 0 349.908 0.962105624086726 0.2305159843890455 0 0 0 0 0 0
400 0 0 0.9510967465804405 0.3088931508533355 0 0 0 0 0 0
400 0 349.908 0.9410637656912929 0.3052612533263481 0 0 0 0 0 0
500 0 0 0.9239418087128548 0.3825330496995239 0 0 0 0 0 0
500 0 349.908 0.9142248198572013 0.3781265900627854 0 0 0 0 0 0
600 0 0 0.8910951810908451 0.4538164587547195 0 0 0 0 0 0
600 0 349.908 0.8817541930355947 0.4486636388372868 0 0 0 0 0 0
700 0 0 0.8527592063426381 0.5223042561552356 0 0 0 0 0 0
700 0 349.908 0.8438520519797739 0.5164388652390064 0 0 0 0 0 0
800 0 0 0.809170042711797 0.5875745416351772 0 0 0 0 0 0
800 0 349.908 0.8007521542268479 0.5810366749611217 0 0 0 0 0 0
900 0 0 0.7605962092692221 0.6492252355271547 0 0 0 0 0 0
900 0 349.908 0.7527205311578228 0.6420628415783358 0 0 0 0 0 0
1000 0 0 0.707336931775163 0.7068765556636449 0 0 0 0 0 0
1000 0 349.908 0.7000540874632072 0.6991486150441373 0 0 0 0 0 0
1100 0 3 0.6496934494073434 0.7601963047773829 0 0 0 0 0 0
1100 0 349.908 0.6430792335213042 0.7519562461982031 0 0 0 0 0 0
1200 0 6 0.5880441088006847 0.8088288608258291 0 0 0 0 0 0
1200 0 349.908 0.5821408796409033 0.8001566711103019 0 0 0 0 0 0
1300 0 9 0.5227690254068871 0.8524743668141193 0 0 0 0 0 0
1300 0 349.908 0.517606245399171 0.8434394739183182 0 0 0 0 0 0
1400 0 12 0.4542706701618092 0.8908637147346057 0 0 0 0 0 0
1400 0 349.908 0.4498694626163668 0.8815320579744729 0 0 0 0 0 0
1500 0 15 0.3829713879435704 0.9237602048240524 0 0 0 0 0 0
1500 0 349.908 0.3793462149067492 0.9141968065520323 0 0 0 0 0 0
1600 0 18 0.3093107934925661 0.9509610049991528 0 0 0 0 0 0
1600 0 349.908 0.3064699189030957 0.9412308207720315 0 0 0 0 0 0
1700 0 21 0.2337430608495357 0.9722984014718373 0 0 0 0 0 0
1700 0 349.908 0.2316883578770469 0.9624666012186736 0 0 0 0 0 0
1800 0 24 0.1567341230243844 0.9876408328333622 0 0 0 0 0 0
1800 0 349.908 0.1554602452024999 0.9777730721875822 0 0 0 0 0 0
1900 0 27 0.0787587991619457 0.996893701231264 0 0 0 0 0 0
1900 0 349.908 0.07825131915277479 0.9870568124471224 0 0 0 0 0 0
2000 0 30 0.0002978669179052995 0.9999999556376487 0 0 0 0 0 0
2000 0 349.908 0.0005294123908144302 0.990263648938225 0 0 0 0 0 0
2000 100 36.544 -0.07829709511478855 0.9969300702138468 0 0 0 0 0 0
2000 100 349.908 -0.07724254619059266 0.987381105212967 0 0 0 0 0 0
0 200 0 0.9876985234828592 -0.1563701592688959 0 0 0 0 0 0
0 200 349.908 0.9771092806793978 -0.1550543546947136 0 0 0 0 0 0
2000 200 42.367 -0.1563731608245601 0.9876980482787927 0 0 0 0 0 0
2000 200 349.908 -0.1545652780717587 0.9784072709158091 0 0 0 0 0 0
0 300 0 0.9723927141568999 -0.2333504005879947 0 0 0 0 0 0
0 300 349.908 0.9619392782409369 -0.2312081806742298 0 0 0 0 0 0
2000 300 46.829 -0.2334293113136431 0.9723737741319632 0 0 0 0 0 0
2000 300 349.908 -0.2309245045493566 0.9633692923843719 0 0 0 0 0 0
0 400 0 0.9510967465804404 -0.3088931508533359 0 0 0 0 0 0
0 400 349.908 0.9408435138316836 -0.3059377068078102 0 0 0 0 0 0
2000 400 49.439 -0.3089957603070009 0.9510634153999924 0 0 0 0 0 0
2000 400 349.908 -0.3058316091511475 0.9423472467802123 0 0 0 0 0 0
0 500 0 0.9239418087128546 -0.3825330496995243 0 0 0 0 0 0
0 500 349.908 0.9139519417474791 -0.3787825849607784 0 0 0 0 0 0
2000 500 49.908 -0.3826335267678894 0.9239002025073741 0 0 0 0 0 0
2000 500 349.908 -0.3788227693492784 0.9154646185995906 0 0 0 0 0 0
0 600 0 0.8910951810908448 -0.4538164587547199 0 0 0 0 0 0
0 600 349.908 0.8814302199429448 -0.4492940756038911 0 0 0 0 0 0
2000 600 48.186 -0.4539237341177769 0.8910405398210419 0 0 0 0 0 0
2000 600 349.908 -0.4494554147764507 0.8828836948053764 0 0 0 0 0 0
0 700 0 0.8527592063426379 -0.522304256155236 0 0 0 0 0 0
0 700 349.908 0.8434786894553418 -0.5170378127548209 0 0 0 0 0 0
2000 700 44.462 -0.5224533176749055 0.8526678901251555 0 0 0 0 0 0
2000 700 349.908 -0.5173026787938562 0.8448050749350631 0 0 0 0 0 0
0 800 0 0.8091700427117967 -0.5875745416351775 0 0 0 0 0 0
0 800 349.908 0.8003311402142796 -0.5815964800828977 0 0 0 0 0 0
2000 800 39.145 -0.5878056991902882 0.8090021384393348 0 0 0 0 0 0
2000 800 349.908 -0.5819495955527832 0.8014696728464755 0 0 0 0 0 0
0 900 0 0.7605962092692219 -0.6492252355271551 0 0 0 0 0 0
0 900 349.908 0.7522533708200553 -0.6425723818331556 0 0 0 0 0 0
2000 900 32.822 -0.6495617227086899 0.7603088638124107 0 0 0 0 0 0
2000 900 349.908 -0.6429942043299064 0.7531601856193687 0 0 0 0 0 0
0 1000 0 0.7073369317751633 -0.7068765556636448 0 0 0 0 0 0
0 1000 349.908 0.6995415511522323 -0.6995898928053308 0 0 0 0 0 0
2000 1000 26.189 -0.7073114315193071 0.7069020716068872 0 0 0 0 0 0
2000 1000 349.908 -0.7000538628990853 0.7001989242394829 0 0 0 0 0 0
0 1100 0 0.6497202993811034 -0.7601733569207284 0 0 0 0 0 0
0 1100 349.908 0.6425203978894967 -0.7522977723333076 0 0 0 0 0 0
2000 1100 19.974 -0.7606711260465728 0.6491374569373106 0 0 0 0 0 0
2000 1100 349.908 -0.7527740935222957 0.6429408018359428 0 0 0 0 0 0
0 1200 0 0.5881012435266522 -0.8087873189920854 0 0 0 0 0 0
0 1200 349.908 0.5815411741764305 -0.800371328030372 0 0 0 0 0 0
2000 1200 14.864 -0.8092980175633436 0.5873982624829953 0 0 0 0 0 0
2000 1200 349.908 -0.8008359910389785 0.5817629190517283 0 0 0 0 0 0
0 1300 0 0.5228593514818917 -0.8524189689160697 0 0 0 0 0 0
0 1300 349.908 0.5169795257562163 -0.8435144159824924 0 0 0 0 0 0
2000 1300 11.42 -0.8528972633605081 0.5220787853879488 0 0 0 0 0 0
2000 1300 349.908 -0.8439591399069769 0.5170539920992171 0 0 0 0 0 0
0 1400 0 0.4543965280042522 -0.8907995258966411 0 0 0 0 0 0
0 1400 349.908 0.4492331668931449 -0.8814612650765582 0 0 0 0 0 0
2000 1400 10.021 -0.8912186145023103 0.4535740084755545 0 0 0 0 0 0
2000 1400 349.908 -0.8818992501986993 0.4492074554985782 0 0 0 0 0 0
0 1500 0 0.3831345195146352 -0.9236925570536386 0 0 0 0 0 0
0 1500 349.908 0.3787194303261804 -0.9139781142366611 0 0 0 0 0 0
2000 1500 10.822 -0.9240468101385986 0.3822793385375162 0 0 0 0 0 0
2000 1500 349.908 -0.9144422066272326 0.3786206222919225 0 0 0 0 0 0
0 1600 0 0.3095123160444222 -0.950895433902602 0 0 0 0 0 0
0 1600 349.908 0.3058726963112963 -0.9408646525063222 0 0 0 0 0 0
2000 1600 13.733 -0.9511917902682102 0.30860035341256 0 0 0 0 0 0
2000 1600 349.908 -0.9413977135185684 0.305699722293004 0 0 0 0 0 0
0 1700 0 0.2339834469579489 -0.972240580591901 0 0 0 0 0 0
0 1700 349.908 0.2311417165004962 -0.9619552531633074 0 0 0 0 0 0
2000 1700 18.436 -0.9724847211007432 0.2329666654815865 0 0 0 0 0 0
2000 1700 349.908 -0.9625956573910888 0.2308682044789679 0 0 0 0 0 0
0 1800 0 0.1570131871094203 -0.987596506207744 0 0 0 0 0 0
0 1800 349.908 0.1549868489127893 -0.9771199944116984 0 0 0 0 0 0
2000 1800 24.412 -0.9877819888873791 0.1558420432030267 0 0 0 0 0 0
2000 1800 349.908 -0.9778866471475974 0.1545742280857162 0 0 0 0 0 0
0 1900 0 0.0790756906449569 -0.9968686147878382 0 0 0 0 0 0
0 1900 349.908 0.07787722043936812 -0.9862654607404003 0 0 0 0 0 0
2000 1900 31.003 -0.9969749310540548 0.07772378561137315 0 0 0 0 0 0
2000 1900 349.908 -0.9871458107816021 0.07729361661154842 0 0 0 0 0 0
100 2000 0 -0.0777775611711264 -0.9969707372728006 0 0 0 0 0 0
0 2000 0 0.000651070106202548 -0.9999997880538358 0 0 0 0 0 0
0 2000 349.908 0.0002878328455548643 -0.9893353209786342 0 0 0 0 0 0
100 2000 349.908 -0.07730337379730104 -0.9863106819699933 0 0 0 0 0 0
200 2000 0 -0.1557270651442593 -0.987800122080148 0 0 0 0 0 0
200 2000 349.908 -0.1544184921579551 -0.9772102220593744 0 0 0 0 0 0
300 2000 0 -0.2327172553025946 -0.9725444355320878 0 0 0 0 0 0
300 2000 349.908 -0.2305826605336135 -0.9620901199311693 0 0 0 0 0 0
400 2000 0 -0.3082738547248113 -0.9512976560956649 0 0 0 0 0 0
400 2000 349.908 -0.3053271649111778 -0.9410438212380695 0 0 0 0 0 0
500 2000 0 -0.3819314177315872 -0.9241906687202268 0 0 0 0 0 0
500 2000 349.908 -0.3781927802460378 -0.9142017522825577 0 0 0 0 0 0
600 2000 0 -0.4532361971358719 -0.891390458556638 0 0 0 0 0 0
600 2000 349.908 -0.4487337646258429 -0.8817312593206507 0 0 0 0 0 0
700 2000 0 -0.5217489394278128 -0.8530990822911209 0 0 0 0 0 0
700 2000 349.908 -0.5165235965174557 -0.8438374844746367 0 0 0 0 0 0
800 2000 1.483 -0.587054579141797 -0.8095473556924559 0 0 0 0 0 0
800 2000 349.908 -0.5811549748966172 -0.8007563628121698 0 0 0 0 0 0
900 2000 4.483 -0.6487633447923036 -0.7609902249397839 0 0 0 0 0 0
900 2000 349.908 -0.6422297972770228 -0.7527461884811373 0 0 0 0 0 0
1000 2000 7.483 -0.7064719870120382 -0.7077410059953164 0 0 0 0 0 0
1000 2000 349.908 -0.6993636705195051 -0.7000943197981944 0 0 0 0 0 0
1100 2000 10.483 -0.7598246877762093 -0.6501280211202913 0 0 0 0 0 0
1100 2000 349.908 -0.7521998722846992 -0.6431205143176667 0 0 0 0 0 0
1200 2000 13.483 -0.8084924867788221 -0.5885064985386279 0 0 0 0 0 0
1200 2000 349.908 -0.8004098977131626 -0.582173174641526 0 0 0 0 0 0
1300 2000 16.483 -0.8521753097251781 -0.5232563821825748 0 0 0 0 0 0
1300 2000 349.908 -0.8436946107097715 -0.5176262675282443 0 0 0 0 0 0
1400 2000 19.483 -0.8906038185199724 -0.4547799890470601 0 0 0 0 0 0
1400 2000 349.908 -0.8817855990532362 -0.4498765235973531 0 0 0 0 0 0
1500 2000 22.483 -0.9235410719431537 -0.3834995285969604 0 0 0 0 0 0
1500 2000 349.908 -0.9144464787458411 -0.3793407072348443 0 0 0 0 0 0
1600 2000 25.483 -0.9507839865742098 -0.3098544995220382 0 0 0 0 0 0
1600 2000 349.908 -0.9414739022213652 -0.3064528228464099 0 0 0 0 0 0
1700 2000 28.483 -0.9721645889571604 -0.2342989798905558 0 0 0 0 0 0
1700 2000 349.908 -0.9626978410878222 -0.2316611092027208 0 0 0 0 0 0
1800 2000 31.483 -0.9875510512856992 -0.1572988274098391 0 0 0 0 0 0
1800 2000 349.908 -0.9779800906286289 -0.1554245132945762 0 0 0 0 0 0
1900 2000 34.483 -0.996848504222692 -0.07932880705633737 0 0 0 0 0 0
1900 2000 349.908 -0.9872081388282861 -0.07820782251915639 0 0 0 0 0 0
2000 2000 37.483 -0.9999996218423788 -0.0008696637855360541 0 0 0 0 0 0
2000 2000 349.908 -0.990276430568756 -0.0004731569619896668 0 0 0 0 0 0
0 1 2
0 2 3
4 0 3
4 3 5
1 6 7
1 7 2
6 8 9
6 9 7
8 10 11
8 11 9
10 12 13
10 13 11
12 14 15
12 15 13
14 16 17
14 17 15
16 18 19
16 19 17
18 20 21
18 21 19
20 22 23
20 23 21
22 24 25
22 25 23
24 26 27
24 27 25
26 28 29
26 29 27
28 30 31
28 31 29
30 32 33
30 33 31
32 34 35
32 35 33
34 36 37
34 37 35
36 38 39
36 39 37
38 40 41
38 41 39
40 42 43
40 43 41
42 44 45
42 45 43
46 4 5
46 5 47
44 48 49
44 49 45
50 46 47
50 47 51
48 52 53
48 53 49
54 50 51
54 51 55
52 56 57
52 57 53
58 54 55
58 55 59
56 60 61
56 61 57
62 58 59
62 59 63
60 64 65
60 65 61
66 62 63
66 63 67
64 68 69
64 69 65
70 66 67
70 67 71
68 72 73
68 73 69
74 70 71
74 71 75
72 76 77
72 77 73
78 74 75
78 75 79
76 80 81
76 81 77
82 78 79
82 79 83
80 84 85
80 85 81
86 82 83
86 83 87
84 88 89
84 89 85
90 86 87
90 87 91
88 92 93
88 93 89
94 90 91
94 91 95
92 96 97
92 97 93
98 94 95
98 95 99
96 100 101
96 101 97
102 98 99
102 99 103
100 104 105
100 105 101
106 102 103
106 103 107
104 108 109
104 109 105
110 106 107
110 107 111
108 112 113
108 113 109
114 110 111
114 111 115
112 116 117
112 117 113
118 119 120
118 120 121
119 114 115
119 115 120
122 118 121
122 121 123
124 122 123
124 123 125
126 124 125
126 125 127
128 126 127
128 127 129
130 128 129
130 129 131
132 130 131
132 131 133
134 132 133
134 133 135
136 134 135
136 135 137
138 136 137
138 137 139
140 138 139
140 139 141
142 140 141
142 141 143
144 142 143
144 143 145
146 144 145
146 145 147
148 146 147
148 147 149
150 148 149
150 149 151
152 150 151
152 151 153
154 152 153
154 153 155
156 154 155
156 155 157
116 158 159
116 159 117
158 156 157
158 157 159
$EndParametrizations
