$MeshFormat
4.1 0 8
$EndMeshFormat
$PhysicalNames
4
2 2 "base"
2 5 "sides"
2 7 "bedrock_top"
3 10 "bedrock"
$EndPhysicalNames
$Entities
2 2 3 1
1 0 1700 -43.564 0 
2 300 0 -551.979 0 
1 0 0 -51.94982913649645 2000 2000 37.66573723720674 1 5 2 1 -1 
2 0 0 -551.979 2000 2000 -551.979 1 2 2 2 -2 
1 0 0 -51.979 2000 2000 37.908 1 7 1 1 
2 0 0 -551.979 2000 2000 -551.979 1 2 1 2 
3 0 0 -551.979 2000 2000 37.90800000000002 1 5 2 1 2 
1 0 0 -551.979 2000 2000 37.90800000000002 1 10 3 1 2 3 
$EndEntities
$Nodes
8 1009 1 1009
0 1 0 1
1
0 1700 -43.564
0 2 0 1
2
300 0 -551.979
1 1 0 53
3
4
5
6
7
8
9
10
11
12
13
14
15
16
17
18
19
20
21
22
23
24
25
26
27
28
29
30
31
32
33
34
35
36
37
38
39
40
41
42
43
44
45
46
47
48
49
50
51
52
53
54
55
0 1551.87382849087 -49.66795285263078
0 1403.641805680843 -51.94982913649645
0 1255.421050007681 -49.04470096226454
0 1107.317747498019 -42.39993689714877
0 959.3524718365259 -33.11484945691677
0 811.4027367775653 -23.57599504644546
0 663.335087911289 -16.1725986738164
0 515.1344834292756 -12.35261580465213
0 366.8920137425189 -13.42511844132026
0 218.7385588787787 -18.79688550282889
0 70.73210967253551 -27.37129074302928
77.34952086692317 0 -30.06626197832692
225.5603002698102 0 -26.36099249325475
373.7710796726969 0 -22.65572300818258
521.9818590755835 0 -18.95045352311041
670.1926384784706 0 -15.24518403803824
818.4034178813572 0 -11.53991455296607
966.6141972842439 0 -7.834645067893902
1114.824976687131 0 -4.129375582821726
1263.035756090018 0 -0.4241060977495597
1411.246535492905 0 3.281163387322616
1559.457314895791 0 6.986432872394783
1707.668094298678 0 10.69170235746696
1855.878873701565 0 14.39697184253912
2000 4.082199445150536 18.26713913169065
2000 152.0459657107224 27.57463658333537
2000 300.1222834608342 34.83219159832777
2000 448.3448266965332 37.66573723720674
2000 596.5870272672717 36.24477139045758
2000 744.7111367405384 30.08470885950558
2000 892.704993964167 21.28326323164572
2000 1040.649340737677 11.66264347315341
2000 1188.676214054986 3.442645461790203
2000 1336.855632615756 -1.095610300294426
2000 1485.103811528158 -1.297318469659452
2000 1633.2812753562 3.298218380002065
2000 1781.319542091912 11.29565583541267
2000 1929.26495454188 20.89936905431385
1922.650479419133 2000 23.54926198547834
1774.439700016249 2000 19.84399250040622
1626.228920613363 2000 16.13872301533408
1478.018141210477 2000 12.43345353026192
1329.807361807591 2000 8.728184045189778
1181.596582404707 2000 5.022914560117672
1033.38580300182 2000 1.317645075045515
885.1750235989343 2000 -2.387624410026643
736.9642441960493 2000 -6.092893895098766
588.7534647931645 2000 -9.798163380170887
440.5426853902782 2000 -13.50343286524305
292.3319059873918 2000 -17.2087023503152
144.1211265845084 2000 -20.91397183538729
0 1995.91763142183 -24.78153748386543
0 1847.974593385511 -34.42599454996095
1 2 0 53
56
57
58
59
60
61
62
63
64
65
66
67
68
69
70
71
72
73
74
75
76
77
78
79
80
81
82
83
84
85
86
87
88
89
90
91
92
93
94
95
96
97
98
99
100
101
102
103
104
105
106
107
108
151.8518518518521 0 -551.979
3.703703703704122 0 -551.979
0 144.4444444444438 -551.979
0 292.5925925925918 -551.979
0 440.7407407407396 -551.979
0 588.8888888888873 -551.979
0 737.0370370370352 -551.979
0 885.1851851851829 -551.979
0 1033.333333333331 -551.979
0 1181.481481481479 -551.979
0 1329.629629629628 -551.979
0 1477.777777777775 -551.979
0 1625.925925925923 -551.979
0 1774.074074074072 -551.979
0 1922.22222222222 -551.979
70.37037037036811 2000 -551.979
218.5185185185155 2000 -551.979
366.6666666666629 2000 -551.979
514.8148148148106 2000 -551.979
662.962962962958 2000 -551.979
811.1111111111054 2000 -551.979
959.2592592592531 2000 -551.979
1107.407407407401 2000 -551.979
1255.555555555548 2000 -551.979
1403.703703703696 2000 -551.979
1551.851851851843 2000 -551.979
1699.99999999999 2000 -551.979
1848.148148148138 2000 -551.979
1996.296296296286 2000 -551.979
2000 1855.555555555567 -551.979
2000 1707.407407407419 -551.979
2000 1559.259259259272 -551.979
2000 1411.111111111124 -551.979
2000 1262.962962962975 -551.979
2000 1114.814814814827 -551.979
2000 966.6666666666778 -551.979
2000 818.5185185185289 -551.979
2000 670.3703703703795 -551.979
2000 522.2222222222307 -551.979
2000 374.0740740740825 -551.979
2000 225.9259259259338 -551.979
2000 77.77777777778496 -551.979
1929.629629629637 0 -551.979
1781.481481481487 0 -551.979
1633.333333333338 0 -551.979
1485.185185185189 0 -551.979
1337.037037037041 0 -551.979
1188.888888888893 0 -551.979
1040.740740740743 0 -551.979
892.5925925925937 0 -551.979
744.4444444444457 0 -551.979
596.2962962962977 0 -551.979
448.1481481481481 0 -551.979
2 1 0 236
109
110
111
112
113
114
115
116
117
118
119
120
121
122
123
124
125
126
127
128
129
130
131
132
133
134
135
136
137
138
139
140
141
142
143
144
145
146
147
148
149
150
151
152
153
154
155
156
157
158
159
160
161
162
163
164
165
166
167
168
169
170
171
172
173
174
175
176
177
178
179
180
181
182
183
184
185
186
187
188
189
190
191
192
193
194
195
196
197
198
199
200
201
202
203
204
205
206
207
208
209
210
211
212
213
214
215
216
217
218
219
220
221
222
223
224
225
226
227
228
229
230
231
232
233
234
235
236
237
238
239
240
241
242
243
244
245
246
247
248
249
250
251
252
253
254
255
256
257
258
259
260
261
262
263
264
265
266
267
268
269
270
271
272
273
274
275
276
277
278
279
280
281
282
283
284
285
286
287
288
289
290
291
292
293
294
295
296
297
298
299
300
301
302
303
304
305
306
307
308
309
310
311
312
313
314
315
316
317
318
319
320
321
322
323
324
325
326
327
328
329
330
331
332
333
334
335
336
337
338
339
340
341
342
343
344
1742.959780029281 144.7058957734065 20.72121881161748
518.6868811475509 1870.544520712444 -19.97123861115402
144.5577769536934 1738.056410920864 -37.6758044595268
1838.839508331108 1742.605795205807 4.953110029776741
174.2611748838369 259.8412961914862 -12.60635199183996
120.1068318268746 1159.349272362437 -42.05607702204864
1159.87048388423 134.1876481036567 5.531508846181683
1112.958149142522 1875.202161797195 -4.807471787383831
1882.975162485676 617.9986452932395 32.59010951142165
1869.242835023833 1102.329128483252 4.586052410101623
1523.094780255706 1860.030167327259 4.445957834932321
752.7283732135454 129.6507533252357 -4.911227303532891
124.7219020687254 742.1800362398494 -16.66266497515466
1841.614144014949 284.1416473884373 30.16175390684578
1466.430646111691 133.621877673586 13.16256808972519
144.5860789967266 1445.71075481379 -47.99820487902337
1870.276600561861 1409.063711978475 -5.149484653005891
474.5790738892554 150.7982620537824 -10.63354035337687
285.7049673413467 1842.414884570486 -27.64981077442559
811.220910073298 1880.403586865937 -12.00807683783367
1873.349623231199 804.7253307364731 23.67995791831277
103.701569985339 433.2996004121345 -9.812285624433613
133.9393024956325 1839.24167006232 -31.65309896380171
268.9251538822426 1677.182913595396 -37.91395872655247
1843.730782496279 133.7061685146265 22.59997975501367
1677.343363532769 287.0747303795764 26.18585855785593
117.6269752622808 99.56768697631139 -22.54361618271316
300.0726557429786 134.8733615901007 -15.92350776103397
1657.283901338659 1841.304463518969 6.566474724001715
1589.382516327754 1748.835399702202 -0.9110336056025383
1454.030809127239 1738.355167522464 -4.921124960676543
1539.934272074636 1640.20695446443 -7.877710129671987
1407.580491302224 1605.713411779109 -12.80878596147288
1511.597551943368 1516.815557177157 -12.89856033198877
1368.767880992905 1475.641314437057 -17.15391604653654
1476.155702312078 1391.772485187319 -14.96000450996864
1331.646049068639 1338.869767439851 -17.83263681976755
1234.517039820673 1430.728045703582 -20.86994235839749
1197.134741494996 1294.706335997096 -20.46931767436509
1300.637967668387 1209.792579773246 -14.9573072556809
1168.416356803863 1159.804234410587 -15.87158745828443
1055.771663361626 1238.817837279202 -22.07859473185506
1035.357033390822 1106.964754561247 -16.49797312330919
1142.550567989615 1022.141984681832 -8.623360148235509
1014.294137787191 971.847503575317 -8.586291467471002
906.8865732996883 1050.084083750012 -16.25156147257103
890.021086478733 916.2125872284726 -8.002853748896264
1116.879207707824 888.424210768618 -0.5240826542041267
777.9849246279291 992.5868656131629 -15.86966368042287
766.851541365942 855.6121209501505 -7.200065873529466
791.7218113725136 1125.343087723078 -23.52798649833645
1246.693229933521 934.8149010731104 -0.3199416398413992
1215.649035757233 799.1784362571732 7.579908438136937
649.9020955097719 929.8841355664754 -14.91266232438002
646.7889020361869 798.4361446643024 -6.602127260896291
758.070846560594 719.6604611233114 0.3684244460883855
640.326518211198 662.2748103063739 -0.1249509805294124
1349.936807083651 843.6727004565053 8.131995327226447
1313.803862757772 706.3132797967638 14.97141948215035
1180.731266911147 664.3635709955914 13.30738228890284
746.2961485581285 581.7821885491574 5.157114427136721
1274.97602697987 570.9624798858099 18.56042677086312
1144.562930127869 527.6326970529119 16.04623820994558
625.4523063590382 530.1418203467348 3.025265512605182
521.1311718299635 608.1225911808751 -1.088205999826702
510.68535162173 478.710110042705 0.575284206643539
528.2018624183029 868.3832549933346 -13.97382665277097
535.637997716063 1003.800335749635 -22.65624092393824
1436.164454783245 597.3169577038374 22.13631335792104
413.5806370851425 942.6877565459873 -21.66996296456678
1640.375649042023 1553.329394408026 -8.616190102731805
1241.780750955677 433.5333647379141 18.64079025451274
388.628610025808 548.763249056756 -3.215987898112137
394.4551891441316 428.3872851747296 -2.566483903927228
421.2086308746286 1078.032513000332 -30.13050491110492
733.1777210190514 454.34812294238 6.02333572207605
861.6315391181938 646.3966686881417 5.998976536008445
1112.758796560185 387.6019306622935 14.93438030429049
546.6116907787257 1140.440132516066 -30.42719850210285
430.8409301000225 1214.384409444198 -36.86037580875762
554.2146562963027 1278.541203402169 -35.98559263776312
441.5922605888784 1352.638076628727 -40.27660017731393
563.7663138536195 1420.380039724199 -37.72159803546868
1376.530213021594 984.4398086267274 -0.365637180670969
1484.063223720602 899.6753750134264 7.944106630916083
1505.494598638678 1040.338283887496 -0.680659377640917
1620.670044748816 963.5633891518728 7.122591516276688
1602.052088178816 818.7888430787292 16.00828365660234
419.7939669554767 806.3772328985367 -12.76338326228756
1303.954492471537 1717.108275666397 -9.942747134387679
678.9675091256477 1337.89975360505 -34.13602982479345
696.2077645289222 1484.063057531846 -33.90046079594685
808.7191789735151 1397.016040128997 -31.71927492706678
823.6777432413357 1541.449533658841 -29.37946049415776
714.1350070303364 1632.48651389003 -28.88578407599345
943.6399137392623 1454.731215110449 -27.94960512348374
955.3065945332712 1596.444890441102 -24.48782437592773
1633.305720543074 1103.521837666964 -1.373322891205027
498.3685585978737 341.3341360270136 -1.632965084748101
443.4716467664343 1505.142285644532 -39.94151689572683
419.8089308444837 1756.198202678474 -29.71037213682231
309.0480258028056 1289.274838630577 -42.48442479736691
1001.963762277704 484.7819810553671 12.88572154809228
967.8186224091096 343.3004951552742 10.1546084837804
309.7835988747068 875.2835724020576 -19.87059031111444
1532.283841217532 1184.080469750112 -8.015415973792411
1651.43019572413 1225.65942055107 -6.733955550675587
372.0996589218245 308.8371522530291 -5.63785885315033
293.7529030503969 376.4857112029196 -5.830900361343877
140.9983261635262 1598.071108660683 -44.79819187279938
1873.838628357696 1904.816341616992 16.1610646457235
130.7901724114429 615.2983692114301 -11.11395695914759
232.7764182846835 676.7144136455693 -10.85143430704391
1048.897569457525 1518.596703102256 -24.41421073625521
1080.163796592141 1649.007885885499 -18.95806421200143
972.2573584172521 1734.274869052286 -17.2092998650041
1787.374600914967 419.2203715160115 32.21350856528428
1633.625782398976 439.0886380746559 28.46297027254454
1553.913353738233 328.9681276216422 24.43290197438069
1619.804828476562 126.4554766006086 16.5796231143675
1733.989724762457 1731.815926580175 1.687062891492673
1238.407226685828 276.972277521323 14.76168369014714
1334.228496701708 358.3434747854428 19.70747710944275
1240.394013101194 1864.892499154778 -2.30108505317873
1459.131003056121 752.7371205191309 16.13624237840085
1586.621038470157 670.4337746693714 23.22857219306653
1733.905477756151 564.9193901434035 30.13772504563437
1719.649464540156 737.5199997108346 23.45829822887883
1880.236374366741 1567.805924266949 -2.198260185420585
665.6379090506716 1873.641077744011 -16.09336883962545
1492.304665016531 464.4914479899455 25.04908151648611
601.9503107354367 1741.447919869858 -26.03831454019136
1279.089554887542 1565.530557646131 -17.29316659473259
589.2206153893469 1576.362267845872 -34.224578998273
1058.528169576786 621.8893154238382 11.8340461330359
250.8754754683112 556.8944908059913 -6.799836244971387
1308.649140845089 144.1690314706721 9.832191223664468
1759.771817453576 1478.127866871223 -7.358900350022089
1869.97575810261 1257.101609709241 -2.353185485820997
864.1508340728584 506.0322324920529 9.407895808308309
277.6293141345406 1522.711036136468 -43.5761488847039
1872.628976823755 958.8194294078098 13.73623166797385
924.0768608166738 1311.356906568661 -27.63696160247872
301.3308890405554 1017.251895581855 -29.34993308439844
193.9392486490582 944.4316425267846 -27.27666963257517
1733.154790867606 1326.402346758345 -7.620499059459083
1788.981315497119 1821.391002177042 8.546413840916806
608.4045687922687 130.0352439600829 -8.496933524397653
676.9590235870752 233.8875305229722 -1.1969627983881
831.4803680211666 256.0448446435386 3.654730168523856
1389.506249120083 1860.805062578812 1.157317902571587
1741.850853716345 886.9743137801943 15.19188548258695
149.0840666962663 1295.838587780981 -46.70957929577035
845.7922458380199 1678.304975520846 -23.43951085530413
1748.757599966623 1597.23485179465 -4.628553465092169
893.9350235019772 128.7243445269924 -1.435005830643803
1031.852026635201 125.5557430152285 1.82841158165679
270.1070517318287 272.3737385875627 -9.651007490927237
1749.750598343793 1031.377411210947 5.982658851834477
1272.494608664168 1072.124634659559 -8.481180827487373
874.9412937295897 783.7002292698774 -0.1148088470396408
663.8985760599628 1065.122778419874 -23.26091627729609
1636.184863353011 1423.795193262455 -10.88377891814245
1177.77546784148 1742.227418915412 -11.59610274957797
1078.62230751404 251.8827251132048 9.647564882402204
616.3071796325436 406.9543264125914 2.879295281688644
1404.126909988496 1128.185589984691 -8.363110898505296
674.2881525267585 1201.792520089043 -30.34053057869768
528.1688600642651 736.7284225895273 -6.286628727478538
1090.564382254526 756.4201440226229 6.726250498680279
312.9931341210612 1145.527846684352 -36.52764461254384
418.4688348151086 676.5188101750055 -6.201839620539485
1083.354533409378 1395.433844716144 -24.83125615234442
1760.205561547111 1169.041454955431 -1.548879309544747
993.8932386668987 839.3016208800479 -0.4927105215729632
547.6364346057464 233.9900735420849 -4.425452053408513
968.4328884245742 1863.438048217204 -9.195976031389748
801.2263003613289 1258.918494225632 -29.13449543209752
1654.75618045084 1659.672239647989 -4.091710058084058
927.5014130469124 1180.932805225349 -22.97413102084254
835.0860837994358 376.294473256361 7.697437846976916
380.3346610321445 1616.598975951225 -37.97798363521026
960.6827359614915 222.3634984998175 5.381927702099146
1369.818958591234 469.1973263990207 22.00900942559227
1436.381002041383 1272.352692476371 -13.71830167785167
752.3688915847869 1763.858844288134 -20.93857317572144
1920.562641051235 385.0011086760822 35.06159496272662
1828.71335644862 1654.858543636489 0.03083121843956799
1913.720629610918 1697.523589650157 4.162550161519822
1575.228937058298 1317.8042689626 -11.44835829632932
1394.735879847677 246.6694523693125 17.31778796091065
497.1087763607106 1656.278738872664 -33.19249150180084
323.2313647773121 635.8705665223667 -7.069035777860135
971.932296801317 704.2689467613714 6.533327520730809
391.1458119742358 1891.148463377796 -21.80175947941358
1576.047836695536 546.5640825905898 26.50736241517844
245.6780937938972 1388.438883326795 -45.67530763289443
101.3051960796022 862.8573995147309 -24.29684346932638
98.49682042905445 1025.979202203269 -34.96318690620679
310.0710816767858 471.8055464455711 -4.472454945250625
218.2898218793264 339.3077379581434 -8.687822492309294
219.1219341244359 175.7656980069857 -15.56611505194232
216.0339779178854 89.04717879691678 -20.77190317158263
129.1202993462124 346.6526226291547 -10.72535906572375
218.6017085383666 806.3857336938962 -17.7937272280059
348.0246335081213 1415.571505833079 -43.15365640057401
952.5765003909112 585.4916460214025 10.25024636528423
1733.713047136152 1910.332197339109 13.01535256597807
1158.785484357987 1529.114459395108 -21.36084097805873
350.4582095300394 209.8639562424437 -10.43141503421117
446.5639427655634 245.8338470813659 -6.42379517409037
1536.592116920813 226.7134285146156 19.97375610334247
1826.359364020718 712.4770470138085 27.45757951079375
1920.801762135492 689.9629706961089 30.8558230246642
728.7164314718857 338.8424426656694 4.060698540371115
217.1819620530977 1189.482164629934 -41.16898956126219
320.5954826072394 744.7231231262466 -11.90104139144155
1073.086980974467 1769.11344736718 -12.60660586097563
206.4664195509447 431.6184581462418 -7.251048942520509
1899.539782309476 1797.594457184505 9.75673931908293
204.1158039118781 1075.199306733767 -35.38174181570668
1451.73949801676 346.8984718615435 22.34653756600529
99.08910251932751 167.3312769126036 -19.0580721823959
149.9627059980622 514.3666456104988 -8.590325987461235
199.0354566425243 1912.160827801959 -25.23309194236994
131.3809690176105 1912.40791676724 -26.90844276804258
1896.012384902588 502.2682037680012 35.26925115367971
915.5178230386563 426.9008225077761 10.45311043352787
612.3643890465261 305.5355820769997 0.2825884183728464
1912.639066971678 203.8065904260962 28.35282673910438
1924.813596946479 141.9565579266064 25.10747029172827
1943.485126408107 1863.679045128942 15.19621402465125
878.012807471453 1782.028155124327 -16.71167726298392
65.98477676355783 287.8635705900196 -14.06290806118438
1195.855447864679 1641.859931295044 -16.40194123457713
395.1569437551279 94.33135195665871 -15.94803273407806
2 2 0 195
345
346
347
348
349
350
351
352
353
354
355
356
357
358
359
360
361
362
363
364
365
366
367
368
369
370
371
372
373
374
375
376
377
378
379
380
381
382
383
384
385
386
387
388
389
390
391
392
393
394
395
396
397
398
399
400
401
402
403
404
405
406
407
408
409
410
411
412
413
414
415
416
417
418
419
420
421
422
423
424
425
426
427
428
429
430
431
432
433
434
435
436
437
438
439
440
441
442
443
444
445
446
447
448
449
450
451
452
453
454
455
456
457
458
459
460
461
462
463
464
465
466
467
468
469
470
471
472
473
474
475
476
477
478
479
480
481
482
483
484
485
486
487
488
489
490
491
492
493
494
495
496
497
498
499
500
501
502
503
504
505
506
507
508
509
510
511
512
513
514
515
516
517
518
519
520
521
522
523
524
525
526
527
528
529
530
531
532
533
534
535
536
537
538
539
1034.953028830576 1876.789617887218 -551.979
966.6666666666684 128.3000598199173 -551.979
121.7465546836755 957.0790123908703 -551.979
1868.261526385314 1053.288699059954 -551.979
1860.895545595326 616.9582950609331 -551.979
118.358436287998 1395.666732092812 -551.979
1479.39747327502 1876.789617887218 -551.979
522.2222222222231 128.3000598199179 -551.979
590.5085843861336 1876.789617887218 -551.979
1411.111111111115 128.3000598199166 -551.979
136.8250048122632 513.732745823508 -551.979
1870.757758503242 1487.443400934859 -551.979
1856.102941406846 317.0593070775957 -551.979
112.3672360771424 1683.298250791471 -551.979
1764.688963905364 1877.701115495333 -551.979
231.465442969746 125.1018181634886 -551.979
326.9245924079197 1878.973019573712 -551.979
1694.152951376835 142.3679490529002 -551.979
102.542716590642 1900.16858269665 -551.9789999999999
1897.457283409356 99.83141730334651 -551.979
1114.814814814818 128.3000598199172 -551.979
1040.740740740743 256.6001196398345 -551.979
892.5925925925945 256.6001196398348 -551.979
966.6666666666687 384.9001794597518 -551.979
818.5185185185205 384.9001794597521 -551.979
892.5925925925951 513.2002392796689 -551.979
1040.740740740743 513.2002392796685 -551.979
966.6666666666697 641.5002990995858 -551.979
1114.814814814818 641.500299099585 -551.979
1040.740740740744 769.8003589195025 -551.979
892.5925925925961 769.8003589195032 -551.979
966.6666666666711 898.1004187394199 -551.979
1114.814814814819 898.1004187394191 -551.979
1040.740740740747 1026.400478559336 -551.979
892.5925925925981 1026.400478559337 -551.979
1188.888888888894 1026.400478559335 -551.979
1114.814814814822 1154.700538379253 -551.979
1262.96296296297 1154.700538379252 -551.979
744.4444444444467 513.2002392796693 -551.979
1262.962962962968 898.100418739418 -551.979
1188.888888888897 1283.000598199169 -551.979
1040.740740740748 1283.000598199169 -551.979
1337.037037037045 1283.000598199168 -551.979
1262.962962962972 1411.300658019085 -551.979
1411.111111111118 1154.700538379251 -551.979
1411.111111111119 1411.300658019084 -551.979
1188.888888888891 513.2002392796678 -551.979
1337.037037037046 1539.600717839001 -551.979
1485.185185185194 1539.600717839 -551.979
1188.888888888898 1539.600717839002 -551.979
1559.259259259267 1411.300658019083 -551.979
1262.962962962972 1667.900777658918 -551.979
670.3703703703721 384.9001794597525 -551.979
596.2962962962985 513.2002392796696 -551.979
522.2222222222239 384.9001794597533 -551.979
448.1481481481504 513.2002392796704 -551.979
522.2222222222251 641.5002990995869 -551.979
374.0740740740771 641.5002990995877 -551.979
448.148148148152 769.8003589195038 -551.979
374.0740740740758 384.9001794597541 -551.979
596.2962962962998 769.800358919503 -551.979
522.2222222222265 898.1004187394201 -551.979
1262.962962962966 641.5002990995841 -551.979
1337.03703703704 513.2002392796667 -551.979
1411.111111111115 641.5002990995836 -551.979
1485.185185185189 513.2002392796658 -551.979
1559.259259259263 641.5002990995824 -551.979
1485.18518518519 769.8003589195001 -551.979
1633.333333333338 769.800358919499 -551.979
1559.259259259265 898.1004187394168 -551.979
1188.888888888892 256.6001196398344 -551.979
1630.395655615242 514.7039031034263 -551.979
1558.769646306247 385.1507900970424 -551.979
1629.982666298605 1541.535226353469 -551.979
302.5723797863785 768.3151947573834 -551.979
670.3703703703749 898.1004187394202 -551.979
596.2962962963016 1026.400478559337 -551.979
448.1481481481536 1026.400478559337 -551.979
522.2222222222281 1154.700538379253 -551.979
374.0740740740802 1154.700538379254 -551.979
448.1481481481546 1283.00059819917 -551.979
596.2962962963024 1283.000598199169 -551.979
522.2222222222291 1411.300658019087 -551.979
670.3703703703768 1411.300658019086 -551.979
596.2962962963036 1539.600717839003 -551.979
744.4444444444518 1539.600717839002 -551.979
448.1481481481558 1539.600717839003 -551.979
744.4444444444503 1283.00059819917 -551.979
1114.814814814824 1661.279516557951 -551.979
1040.74074074075 1538.497174322173 -551.979
966.6666666666754 1659.992049121651 -551.979
1558.700814753479 1661.601934643695 -551.979
1704.406503541199 1657.278046872434 -551.979
670.3703703703781 1661.279516557952 -551.979
1705.502191444462 894.5289766310616 -551.979
1628.419850605809 1023.151767124055 -551.979
312.9825521807153 1293.20191203178 -551.979
231.1139230063318 1173.698390209087 -551.979
1780.502208147806 762.7792652565388 -551.979
1731.464814615413 1416.562360798868 -551.979
1637.342901201338 1283.877548662463 -551.979
1767.366571405635 1278.813330530288 -551.979
1718.21198471083 387.7640481085124 -551.979
1188.888888888898 1796.200837478835 -551.979
1627.09280771354 1785.86581043672 -551.979
228.1194206574251 643.8063692737792 -551.979
1359.529208508805 1779.448798057135 -551.979
145.1405059568191 784.9329199131207 -551.979
892.5925925926001 1538.098672496652 -551.979
448.1481481481493 256.600119639836 -551.979
300.9232528406377 256.0670793637649 -551.9789999999999
227.7006919988069 382.5183098499054 -551.979
139.0906051805564 240.0634785469183 -551.979
818.5185185185265 1665.228771828821 -551.979
744.444444444453 1796.200837478835 -551.979
915.0847640643597 1777.68534232924 -551.979
1411.029508952278 384.9419478992984 -551.979
670.3703703703716 128.3000598199176 -551.979
818.5185185185198 128.3000598199175 -551.979
1414.766732272116 1657.437702818464 -551.979
1411.111111111117 898.1004187394177 -551.979
310.4199820547602 1031.181565570832 -551.979
375.1512023881506 127.6781794978345 -551.979
522.2222222222299 1660.175973041124 -551.979
377.8981943905874 1658.012848970108 -551.979
304.419320930204 1540.298864489725 -551.9789999999999
450.0825968443939 1788.596856267263 -551.979
818.5185185185213 641.500299099586 -551.9790000000002
1557.050183254167 130.6447080254136 -551.979
670.3703703703762 1154.700538379254 -551.979
744.4444444444459 256.600119639835 -551.979
596.2962962962976 256.6001196398354 -551.979
818.5185185185247 1411.050317128693 -551.979
892.5925925925985 1282.958874717437 -551.979
1858.570900283175 892.9580318047479 -551.979
818.5185185185233 898.1004187394202 -551.979
147.6057774919753 1543.427808762287 -551.979
1262.962962962966 128.3000598199168 -551.979
299.3283171625864 513.2279790214216 -551.979
1855.579070873888 1643.409506482963 -551.979
1870.349211568976 450.3786111443324 -551.979
1337.037037037041 769.8003589195009 -551.979
1188.888888888893 769.8003589195018 -551.979
670.3703703703731 641.5002990995861 -551.979
1114.814814814817 384.9001794597514 -551.979
1337.037037037042 1026.400478559334 -551.9789999999999
1706.029598961784 639.7114002105268 -551.979
1262.94936260316 384.9071408663418 -551.979
378.8118475006414 897.1645750521952 -551.979
1626.158288040663 263.5017156019231 -551.979
744.4444444444482 769.800358919503 -551.979
1484.338642973486 257.4112270585767 -551.979
966.6666666666727 1154.693584465631 -551.979
1485.853446496525 1283.146756609716 -551.979
381.09153279488 1415.494270426958 -551.979
1336.880079581983 256.7434258506474 -551.979
1114.814814814823 1411.116734099613 -551.979
1484.366271397269 1025.859026653454 -551.979
966.6666666666739 1410.787061827289 -551.979
744.44444444445 1026.400478559337 -551.979
1559.083498036578 1154.239362634698 -551.979
818.5185185185243 1154.692425480027 -551.979
1727.276594051295 1140.618327131118 -551.979
110.047709776014 1252.97165134189 -551.979
1881.166967391091 1781.481481481493 -551.979
1875.083433232076 1195.487314416728 -551.979
241.7241085981699 901.8201139414764 -551.979
1813.930523442868 190.8248361698144 -551.979
187.0319587741707 1807.001824965512 -551.979
1757.176399290431 521.9032515255461 -551.979
105.7696136395325 1107.407407407406 -551.9790000000002
1761.377479273072 1551.207768925821 -551.979
1878.985383410842 1350.088651745527 -551.979
238.4544152467323 1664.845701221077 -551.979
250.628805139821 1425.562871982983 -551.979
101.2394626885208 372.9809798027791 -551.979
103.3932134199737 656.2893777630189 -551.9790000000002
1901.824574925386 744.4444444444541 -551.979
1756.548952132654 1003.643586551854 -551.979
111.0148800406951 109.1106098813383 -551.979
1625.925925925916 1911.427506785884 -551.979
1044.081632653067 1754.389472674979 -551.979
1487.897407304592 1752.228772768646 -551.979
866.9816074577964 1893.683884080196 -551.979
1183.286902062409 1916.883592430387 -551.979
1320.495612131037 1902.988544637778 -551.979
596.2962962963046 1756.473270873033 -551.979
735.2017420724893 1913.33486788925 -551.979
440.7407407407367 1911.427506785886 -551.979
1892.903585130462 1895.008802221679 -551.979
311.8856807566332 1758.785638527484 -551.979
1743.093407248514 273.7505078512883 -551.979
1768.917274794532 1754.359594608804 -551.979
193.7494683817385 1045.000133771197 -551.979
204.626285278176 1308.220311531711 -551.979
2 3 0 207
540
541
542
543
544
545
546
547
548
549
550
551
552
553
554
555
556
557
558
559
560
561
562
563
564
565
566
567
568
569
570
571
572
573
574
575
576
577
578
579
580
581
582
583
584
585
586
587
588
589
590
591
592
593
594
595
596
597
598
599
600
601
602
603
604
605
606
607
608
609
610
611
612
613
614
615
616
617
618
619
620
621
622
623
624
625
626
627
628
629
630
631
632
633
634
635
636
637
638
639
640
641
642
643
644
645
646
647
648
649
650
651
652
653
654
655
656
657
658
659
660
661
662
663
664
665
666
667
668
669
670
671
672
673
674
675
676
677
678
679
680
681
682
683
684
685
686
687
688
689
690
691
692
693
694
695
696
697
698
699
700
701
702
703
704
705
706
707
708
709
710
711
712
713
714
715
716
717
718
719
720
721
722
723
724
725
726
727
728
729
730
731
732
733
734
735
736
737
738
739
740
741
742
743
744
745
746
2000 1938.972947709389 -118.4781940783646
2000 157.1650695660526 -192.5362167413686
1876.991269049078 0 -159.7641133834778
63.19222975615257 0 -301.3635391551183
121.1984000953888 2000 -208.3191827042068
1855.79424583866 2000 -133.2245980679733
0 1839.104995758521 -491.2504057977985
2000 800.6239060950968 -229.3075966033113
2000 441.7530324079354 -471.9333478458689
2000 402.0596588822285 -289.9779239804299
2000 542.4584116114072 -329.7920452529488
0 1816.562156906094 -327.6946758778146
2000 1072.766096896884 -249.5770492263619
2000 1616.894599251548 -265.4557399369082
1530.409392459604 0 -316.8458071225493
1007.512555381684 2000 -274.111750989952
2000 1375.054560833607 -228.8509454865253
0 161.5681367784835 -207.1415457466422
0 132.6921755406919 -434.0676532682987
0 253.7292579919955 -281.6795611266128
732.8017715816688 2000 -268.843542065437
1287.5367238064 0 -171.1806764455905
426.9531747187284 2000 -214.1005989762016
0 671.3841967661549 -156.7396380822634
0 849.3439294407062 -122.6029775049012
993.6258032204473 0 -292.3698485917661
2000 981.4988690038494 -403.0943173607175
1822.27535889679 2000 -485.5166482119514
1947.996890408014 2000 -71.87194052855236
704.5999402816622 0 -296.1900998356338
2000 1851.012187104849 -438.0548665572233
1628.975807050305 0 -434.8700408012661
1474.078702519072 2000 -273.8063924818155
1239.041892936965 2000 -169.5329441248051
0 1267.75799648704 -237.7755783720313
2000 1271.554224169812 -373.785019412831
1327.370767461312 0 -383.8490108758253
0 1506.673236069941 -232.3394140225419
2000 1559.52696339547 -399.8927480580014
964.0683093844868 2000 -413.7769112064915
1036.086483532446 0 -415.0072568766971
671.5908130457415 2000 -407.1786154579067
745.0679440686802 0 -424.7666570354024
0 482.202245869788 -226.0985276468532
0 327.3161338172411 -92.58864485059021
0 433.3147584281741 -329.7195074879761
379.4807188878322 2000 -364.7450478018627
458.4012170840743 0 -197.7414150139609
428.5993497238525 0 -394.5513873767996
0 1021.989011544955 -232.3060437919069
160.4977143335391 0 -352.6450970961489
0 1022.103524416919 -366.6014383487404
0 1562.062902250248 -362.1769742043094
0 1318.642796977205 -437.2922302770324
2000 294.7999683883945 -147.564700429552
2000 153.7640918007976 -456.7198415268781
2000 157.9075698767906 -342.3852780217675
2000 1852.991890468395 -172.5679368137492
0 766.7072184767701 -323.1871769326211
2000 422.7723998424683 -198.0119160760829
1837.242448727648 0 -384.1607948307726
1734.651518928195 0 -230.0807703758648
0 46.12460437034652 -353.6645073914256
1128.502626613985 0 -122.0205661578213
806.681698433729 0 -173.2295942034511
873.5828414738118 2000 -133.841309805651
149.7025339117152 0 -186.5056592983788
577.5093822442136 2000 -126.2036233650288
128.249249424212 2000 -491.6765443294192
253.012915956552 2000 -379.9274877047598
0 548.6271508738259 -270.4616946267915
0 554.8555706038435 -399.442895491652
1123.583916813292 2000 -307.6375391789841
0 1122.733042622465 -150.0905550848465
2000 904.4865994199256 -133.3240050076202
1660.07131525235 0 -164.6014993647214
1305.213766781836 0 -468.4355091996614
1148.760464930128 0 -352.0600782217644
2000 1531.158400942526 -173.4527373075049
2000 1752.444837179098 -244.9317697789259
712.0911457436596 2000 -499.6938910998856
853.5845486322955 2000 -354.953978156106
2000 1234.2151208327 -120.3964450624857
409.6584333990319 2000 -475.5810206104543
552.8179674497528 2000 -332.1108383597921
0 1963.474089258504 -381.9289718567058
0 690.3023620778898 -510.9075896526581
310.709845699772 2000 -194.5533193552562
203.4990349664589 2000 -282.4432969396498
115.3134182166783 2000 -372.829537723483
0 522.834295071541 -486.6521189801111
0 1851.590768638215 -183.6807632995454
0 1656.402295102868 -130.3291458770232
0 1265.055878045157 -483.9995636390403
0 1129.463049749117 -315.5140387906416
0 1558.198198174269 -471.9004354708153
0 1411.271104454547 -254.061725697385
1437.484668328217 0 -389.941505412378
1406.253602539117 0 -105.0764511154824
2000 294.8642968848975 -293.2772907055673
50.67279326467968 2000 -437.7544463577236
2000 272.7002399362858 -394.7302644715064
2000 50.88013392459002 -354.6025845471559
1927.183779836902 0 -498.3430769016688
1947.565625203952 0 -316.6187806781278
2000 55.42141151275113 -209.9582511520575
1828.116991960864 0 -337.3403243505754
1810.163124719581 0 -177.2997397661403
520.1850759564504 0 -108.4213555022217
591.1429452980424 0 -278.0568694533372
0 619.5215355261997 -389.8473246699971
2000 664.5720179754416 -397.9804587875583
2000 601.959000757076 -111.405006948275
0 411.8684353544754 -246.6570184242729
2000 1761.092293118939 -116.1655836740186
2000 1703.98662887244 -177.0040390993743
0 1375.711835180149 -184.1070253430327
0 842.5359358641276 -413.7282782457862
0 981.5205090759825 -326.681026820961
0 973.7885542555787 -453.8290569685538
0 784.2908526670592 -231.3727281705152
0 915.1239653965797 -255.4597128033654
0 748.3208598904438 -164.6651184248298
1167.71145451642 2000 -122.4379465628983
1220.588814969915 2000 -360.9845756158342
1093.349076808931 2000 -139.0512338476007
1911.63927683397 0 -376.6978337201399
0 1402.428354998511 -323.0265178742423
2000 1842.506937038988 -311.0104384039679
2000 1749.983779493236 -418.4787007074716
2000 1968.125275994425 -219.9138097005225
2000 1704.319630423599 -320.5059959055628
2000 1617.095219008998 -370.3838477486129
0 369.1582545985512 -426.3856389029636
2000 1462.715125968127 -143.8763214725192
2000 1455.410117167654 -366.339565155804
2000 439.0164674710252 -344.2008056879308
302.6487092087308 2000 -480.0704366162192
2000 527.1407493480922 -423.8079197054994
0 551.4708940887926 -183.341559756759
0 614.3452663052066 -187.5470506421941
2000 1154.844814858367 -105.8998856452277
2000 1165.829447889224 -339.9400755204103
0 1117.250244686984 -420.4009075410669
211.8422710704509 2000 -133.0110780856655
0 655.0832816262446 -309.0759995617649
2000 798.8289863501302 -339.0374847880948
0 390.4151081709552 -143.7179910642871
0 269.1300197781997 -141.4178965987573
2000 848.4700492507723 -73.2125610848861
2000 878.4843719423004 -302.1461340587418
2000 953.1674905377428 -253.784910468033
2000 1091.885811930473 -364.7800803093572
2000 1124.799840344912 -466.9645925755534
1129.022723057033 0 -461.432114046487
1248.151937934926 0 -350.5581697786674
870.9322628076696 2000 -461.4116902832631
752.6416574215211 2000 -373.2353650734822
2000 686.8759426586806 -230.5541067592656
2000 560.0878474916681 -210.3956787452044
2000 483.0202134262933 -95.66162778142532
2000 784.6471638571511 -444.8499682396236
779.7499017104137 0 -357.4947952671167
898.3294693326243 0 -294.7883212197601
876.6671585117062 0 -429.4768346701941
1969.690245266512 0 -127.8271750179477
190.5440102305884 2000 -349.585228361388
0 1212.394551192097 -389.8658376998231
0 1201.13731348647 -463.1424075648625
2000 1461.158485897914 -282.7945621715704
2000 1523.295995080045 -263.6231879111341
2000 1479.332601423329 -427.3887391862366
1377.580102767758 0 -488.592223112332
1526.303719611913 0 -422.4460883280552
0 1707.734887032807 -203.264807862481
0 1905.795734766368 -261.7589138890394
28.68568189277747 2000 -211.1371492766147
45.56742519748948 2000 -307.3669387741944
0 1927.961775142731 -171.5459242153458
0 1687.92965108164 -411.8819201216769
0 1604.046086066306 -260.5133791997154
2000 58.02551180469585 -60.16162427718162
1549.813584137789 2000 -223.9702369913239
0 1892.828638992103 -346.2272814247738
2000 877.2729680720821 -397.5609207568982
2000 1159.912484659649 -235.6255347585214
2000 1275.152613188214 -259.0259052940427
2000 1314.539149890174 -142.4468648644919
2000 407.1813463091609 -69.69647779951865
1956.454817190391 2000 -194.6808405160605
2000 1985.701611822468 -113.2863853745939
2000 485.8880515240349 -168.4166811516768
351.2684780210962 2000 -100.2253729935417
1353.642807272106 0 -77.72385580252936
1388.164544081771 0 -297.6330502361321
1286.47305615832 0 -261.5443880471524
1924.599159096561 2000 -323.9827055658959
1970.590713454026 2000 -269.5592463413619
1910.749885953814 2000 -257.5342698002153
1779.581488259714 2000 -204.6866115527035
2000 1974.568734188085 -347.8593228412562
1738.259442658097 2000 -93.30871735162135
1928.056500165823 2000 -438.6186439804857
2000 1939.820715559057 -419.0547710072007
1965.745252004618 0 -227.9920733784156
753.3539694812443 0 -112.9567108664216
2000 1549.951873894049 -88.96226256364939
3 1 0 263
747
748
749
750
751
752
753
754
755
756
757
758
759
760
761
762
763
764
765
766
767
768
769
770
771
772
773
774
775
776
777
778
779
780
781
782
783
784
785
786
787
788
789
790
791
792
793
794
795
796
797
798
799
800
801
802
803
804
805
806
807
808
809
810
811
812
813
814
815
816
817
818
819
820
821
822
823
824
825
826
827
828
829
830
831
832
833
834
835
836
837
838
839
840
841
842
843
844
845
846
847
848
849
850
851
852
853
854
855
856
857
858
859
860
861
862
863
864
865
866
867
868
869
870
871
872
873
874
875
876
877
878
879
880
881
882
883
884
885
886
887
888
889
890
891
892
893
894
895
896
897
898
899
900
901
902
903
904
905
906
907
908
909
910
911
912
913
914
915
916
917
918
919
920
921
922
923
924
925
926
927
928
929
930
931
932
933
934
935
936
937
938
939
940
941
942
943
944
945
946
947
948
949
950
951
952
953
954
955
956
957
958
959
960
961
962
963
964
965
966
967
968
969
970
971
972
973
974
975
976
977
978
979
980
981
982
983
984
985
986
987
988
989
990
991
992
993
994
995
996
997
998
999
1000
1001
1002
1003
1004
1005
1006
1007
1008
1009
277.4386909827494 335.4914109086092 -281.4122477404046
859.0425347071623 442.7527409273209 -272.1394426911501
363.4166323166853 679.3945402655546 -277.7258883189842
555.6253102906511 309.6676629556082 -273.3650346453831
1610.901688463819 1623.054609103378 -278.899365023135
1336.980108188046 424.6070661783751 -268.4606375425884
956.8542536785226 761.6442611297782 -273.3287395474417
625.2693200535115 590.6668749116494 -266.9599531924728
1245.080697589437 716.709341585735 -270.688356536997
1541.176798321668 716.5937586229285 -266.0979353273103
1658.355287495632 351.7407812208352 -346.9748824341119
602.5466815112127 868.3311886454155 -282.9384071806886
1071.63536372021 1014.104764731166 -276.631483377303
1721.451219245969 1250.002208863607 -277.0114635397484
1701.676043636002 961.4702781329986 -270.5765052420366
1340.153638658157 1096.399948678126 -279.9932944425629
1038.529402235633 1601.067882373406 -285.3637677349815
1092.188640129954 279.7401301517265 -273.1441371892808
598.4689686527238 1196.419020478671 -292.2455941178016
344.0003770936098 949.5458601288035 -288.3213563859297
1331.888685169164 1622.161688715475 -285.4290594913791
1188.941906983493 1368.50336140126 -288.5223070802473
1481.43033339773 1381.726429879338 -288.7679023865495
870.3535830593123 1196.545478605704 -288.3545554723168
796.1556043789018 1725.63432372864 -287.1842873227374
1790.172998555577 590.0130746167257 -282.5976804562241
310.8394518250092 1373.059873254301 -300.7028761814213
450.6294080003245 1621.117304852908 -296.621819172688
757.3438659168407 1440.354733578722 -291.9293106912431
1090.519055016054 525.3085973197012 -227.757848862263
1804.468365356073 1778.836324026191 -200.4386268531028
823.2898147602983 962.1443652065858 -251.529734150062
241.2494745117386 1755.459971921081 -312.9125589151359
1775.54354006306 1469.150075817904 -236.0511889965448
429.2578119152756 479.5282430672579 -213.6580794206747
1468.066049560364 222.4428177971816 -216.707877174259
234.5512187794265 1186.255939180269 -223.7916360785401
1238.798738194533 1854.881682520247 -343.4558264928635
1548.15725267259 493.7656205612932 -199.0493893505491
533.3539368843105 1411.516914475485 -325.1222519109459
771.15514906881 231.1472643419393 -320.6858622988339
222.1578236394302 531.3383922277055 -216.8161508829927
1485.185185185191 928.8582838097479 -337.5420537094185
1552.634872963347 1117.85026398999 -219.0247696265033
970.5271534638426 1391.784727978803 -241.6142509342724
756.7457405397563 744.9852644779756 -208.9650840478903
1324.619388215064 900.4797160464004 -196.2482318856057
405.3986533571136 229.7294248527852 -190.4752786056151
1290.835115663482 225.6322529580784 -342.0896763084058
1052.570065806819 148.8705306732659 -213.6030092737153
156.2386814637854 218.3278546641908 -178.85334664032
906.9585817097593 602.8621945896351 -176.1804110132609
1069.243547996166 1209.100483799367 -354.3937574288828
696.06028823626 401.0248747888365 -176.3480921527708
816.1277924873232 620.2254211136978 -353.3114666959847
1555.057301986727 1817.17387509955 -185.8292614441021
1436.886893051427 1787.277287015044 -354.068274285926
510.9136030676053 1033.226606349617 -218.3222104540428
1803.057144066266 1097.292425697143 -371.2321874933822
689.9139461434947 437.5392777390035 -366.5352184288222
1116.346687517915 842.5435918718041 -191.6857831340245
1209.919087149201 896.4474586129743 -359.5576173417023
200.3346841632833 729.2858789449105 -191.6304769726596
1394.376378955961 602.5456230039345 -351.7422239414602
950.3093354617529 1809.719894514959 -197.8678549664862
646.805657947601 1601.782163774984 -356.2315619598506
591.3023025092542 1774.708076251289 -239.2346129665739
1730.402774285164 769.1117914172452 -185.9893618608461
677.7302694660293 1031.109949925081 -366.0230884887721
1788.590117318853 1617.628169246115 -367.0093046251827
526.176003198872 716.5997374038982 -374.3437306024384
261.1664675315363 1563.566144652237 -243.7382140518765
1741.03230882862 422.5232118638597 -170.1541865773206
1683.026956262109 107.3316760699865 -349.7547499762396
1668.431449348445 232.6992787259866 -182.1266438382972
1178.911195192948 1699.469264384782 -198.8151896296931
926.5847411703214 290.506124164012 -172.8980407438025
807.3128768173232 819.3202745009834 -377.9198839731411
418.973221861021 1223.252117837491 -367.2143125198548
520.2135234121797 721.3724241067144 -189.9881049177851
1084.556898975814 1804.466588641847 -363.8826842619276
1639.852426662205 1455.911674418047 -376.355160292935
505.7382896755166 452.5600941066301 -380.266287766217
241.2433142442013 803.021803034357 -368.8288700686711
1191.057584962478 1194.099957600295 -204.8874399789053
1472.14554317131 1205.154089573401 -373.7439212065485
1176.333036116683 434.9159910443296 -375.6053363683558
180.5046669057064 383.7517358678667 -160.3077024389505
382.1513955542271 208.8413828886159 -379.0551679808173
146.9177873633455 106.3692703823745 -227.7050665398211
1089.264311124434 658.7104031839822 -363.8852333136909
1800.849626302413 1111.386961407852 -183.7347590022489
325.0251249222729 493.4658009366891 -366.8021285767969
1468.652820482328 333.2301577253756 -375.490344609567
1700.610173918918 735.01662701048 -374.0198453701732
1346.239687928725 588.8430067460463 -162.6842024116354
961.8597903742682 177.4209049355454 -372.3475437445454
1560.891199723149 880.5546458284639 -167.3989357149662
1332.143361618035 1456.892709446216 -380.3447308871571
1368.348231758643 1262.933090221483 -191.567160787494
1607.072046307477 566.4830476284442 -367.6745201588169
611.6915209167119 147.9402692431411 -405.9941316522949
723.0126826043602 1104.664657035916 -192.8332498837407
1468.707267401217 1669.574027158012 -173.73223555618
870.743572064098 1571.498672780009 -367.2236796003972
163.9587201367746 1288.112371651139 -377.1164206940747
966.5223056566783 450.8369472660555 -145.7813875124912
1660.471594052176 1854.477149576268 -358.5357459226898
967.2101214309544 528.3431040104068 -388.1350147916906
1839.358072187725 259.9168595736073 -285.5895334808305
1273.387122774511 1234.215520119261 -384.6984662912945
494.3892596834547 969.4605921788905 -386.7109399814208
1192.543728836623 385.6950163032265 -155.6712185512964
1226.138197304732 202.0121552069326 -168.0827038165743
427.5040896425333 1810.968258901705 -341.4072218947657
1015.034392230237 1160.020811657692 -187.4422141327374
1330.177849298339 1444.145339796048 -195.5625299157577
961.6305829123135 910.5110253558684 -373.1693534481509
727.5050013042048 1285.965550746327 -201.1898479341565
657.7147459727045 184.3559519641486 -180.088294478382
184.815043682382 626.0605425922821 -372.1996460224917
1828.513551213281 1383.166347193927 -390.6681041171501
379.4381331121573 820.368344539284 -179.7890658508373
1047.552325761099 693.8198669157883 -145.6080430927129
1621.364876360298 1101.068923535116 -387.1769336167044
1182.658327154038 126.1175671513654 -363.8281526610775
1380.121175374359 783.6082592650497 -374.6021068155365
963.7277376243776 916.5592914451056 -163.3724783557627
882.2751630879261 1600.679122921945 -189.4848947010383
1601.532668741779 1468.587157858355 -183.5849883543143
1045.743257269339 1456.178290022544 -391.9594633386338
465.4128501009925 1277.204272209101 -201.9252238446765
1838.370519549634 144.833533926749 -424.9249306588788
196.0068831804631 191.2035800311269 -380.6990492243395
1473.780033039581 1564.582642464253 -376.1335323167027
671.366245662349 1322.779229651483 -394.4721235675639
1355.041868253149 1856.888548190628 -207.6184483519082
1826.6350826104 1321.905032288407 -158.1703225272413
1184.557586216889 1620.350298885903 -390.2469256087212
1483.51686635938 164.564066353235 -401.0917828036016
1856.56732481204 550.8306259177537 -63.20039010675089
876.0449650769042 1345.876005814106 -385.8383814142554
1108.016635097166 1479.672109356341 -182.7779450249665
747.7448832992959 558.1076804397504 -159.3777360393701
1207.328886680527 1025.232197914032 -169.3631262252246
1200.011029787313 1070.198395269207 -382.3731441805459
1820.209396047852 1605.188863554167 -155.0988141147542
183.6846965807748 979.798751014497 -377.9290717322081
195.4876889423348 999.6981346867681 -199.007448679448
183.2620409399117 1475.236118639411 -384.9631405342792
314.0750971902602 95.42293308618024 -237.2708190211089
131.8953301357552 439.26128582468 -362.3045043110909
953.5907188837693 1083.919687775786 -392.7924864349549
618.2842564746276 1512.634651787377 -201.2137247628233
396.2186185707507 1489.94631510029 -394.92170412572
737.9529172009683 1848.524250446982 -174.9320677385479
1579.949691426685 1285.67852637338 -182.3397476157628
390.7803314963834 612.4000531896353 -142.6252512754244
1348.610718893201 314.3177818074275 -141.9945727681285
573.3692039994469 499.6180342174569 -145.5591293501126
1850.022180956532 433.0005360487776 -366.6184454270333
1410.586584400524 752.6908110607044 -153.326524821344
1836.944181261232 317.971505612725 -67.41418900075166
1824.870315053777 127.0553417059664 -150.3570834842003
353.3866359871164 365.957766516094 -145.8024993037353
419.3606957575426 1473.852507699266 -209.3916879624921
667.5661689059198 1769.387390207809 -394.6502460739483
1680.610941147017 601.54175956789 -138.9487957311718
1427.32154341043 1026.571251290484 -154.6978310077939
989.2882067579858 358.812569351303 -384.5007798645403
1826.746210126151 843.9988909217719 -314.3003676180948
404.7863596725354 828.7497035227577 -401.3555352950963
685.5659204394185 714.7121854527836 -350.3853344183642
707.6893420106238 892.2211378804495 -161.7374410904517
1843.84953068125 936.7942259544936 -136.1225151002052
750.3023786014762 1176.495597979042 -401.7969536743776
1846.231110916884 1773.581533026653 -359.3046109329339
897.9592874432597 1838.5567816722 -383.4841379313357
1235.592998465913 588.2514353011419 -397.3453283668022
290.4990934327006 1620.121448161465 -398.9129808654405
1632.08745857218 884.3060489455385 -402.6247181307741
565.7016056338 349.3123126908487 -132.1184046517781
1658.934281155185 1703.931771522938 -153.9986147843696
825.9962921003578 988.0669083670543 -409.9011174851858
368.4454566836718 1736.655729249575 -195.1677479072329
331.9331249064235 1081.285451431444 -392.5998223619927
1552.113933421595 340.6632638402143 -139.4733899581105
1189.39328884871 617.7774260157248 -140.5798958223841
1579.317861771733 1724.381217632625 -402.8085835568298
877.6785701276756 1084.495624567161 -167.6606860728062
1343.123188878045 982.2785001324856 -395.674908806218
479.2697825709157 585.8619616921819 -310.95282934545
1521.915481002042 636.8088312593841 -125.089170930795
1082.706204893045 812.3045859402984 -404.5904440664001
612.7082196244091 1903.90224866824 -160.8404091539317
356.5435993775168 1055.136541970917 -172.0089798765171
1609.777809952164 1294.411796799286 -389.8153052242602
592.1477987414648 333.0034570889111 -419.807748207156
1293.304551864757 1738.282775097816 -409.7159456163185
512.3386466221368 891.8185360399107 -163.1202987535496
590.7359623081139 584.014139620836 -416.1509846467135
1101.113999110976 1829.917036901088 -155.6184649763274
829.5496075326422 469.859862297156 -419.6496018851045
1647.510577900103 1023.24934103809 -136.170117190399
1081.405440293743 1304.253772557076 -166.0474969584274
929.7481317516988 705.7187462416189 -415.5689614545001
178.9559033056321 1151.544120223684 -407.1215313793273
689.3476746564339 1657.225416199007 -186.8026962946216
171.5377519009728 1366.941226699952 -207.1854707540082
420.8628224524515 361.7247329063306 -301.4840644220328
824.0516894520423 440.9447572111732 -121.4736858328379
889.1093896993578 745.9682798997304 -142.5975141863578
1870.728633267906 715.2498775036998 -130.8061697606256
1011.502226690303 1675.811381915977 -153.8079629427231
649.2091078119199 668.8135589345407 -145.8316232516184
143.7631837778958 1628.703614000343 -332.8566597472695
1503.090941770644 694.6048790908778 -416.1059749465887
553.2641519042288 1108.876249971685 -409.3227498377883
1460.956564538618 1523.105969881297 -226.4445348040879
1336.97938244008 427.694627969189 -423.0967269687113
1415.99195058181 454.1391230515994 -126.2460393230123
1345.293845944348 136.1612946434591 -233.3525817885683
1595.778747681694 134.3481145973566 -203.4250006512871
525.2398390109321 1706.651272891091 -403.3225060826961
1092.515244328443 970.4569062653661 -420.11278561989
95.42207959734493 303.2863421690419 -337.7936026671555
849.1323590295815 1452.050993043081 -169.3179676349792
1245.080986584872 787.4345662827851 -138.737758250488
1723.781031051119 1220.869046271264 -133.7265972302495
1882.506687840928 424.1006592630391 -161.2283341418505
1460.508376633217 85.81363510216278 -137.4535151931446
1219.03924960498 1518.576580109755 -280.9870217664259
1480.738920876043 484.7293687765198 -400.6492434168158
1067.088060677687 1025.807282359304 -132.2725163475964
332.7296007988348 341.906648096915 -417.5448953145757
284.9019786062731 209.9907814361679 -129.9223522108408
951.4450891418351 1696.449247770588 -403.9478483365341
593.7746732230473 1361.17691712614 -193.1349375594932
1769.971261773303 951.8185510203779 -407.8340197476881
1854.424811248057 1850.729297476141 -108.5501679546958
1732.793262329263 1217.868902153977 -421.3112104076817
1127.24964911924 1331.819466704747 -422.2073982703967
809.2684211806078 191.4747924526853 -138.1684256848585
139.6864768189004 1865.097621187413 -298.7406752040513
215.6968965528685 1848.950877201731 -165.2138504339704
241.460072386171 866.9261257191665 -151.3173781830912
666.8820064959446 846.5274030251124 -413.8486638273426
1124.555475786356 299.011833450336 -420.6640900400927
848.0050781874411 316.3908794088012 -419.8827340329003
1237.24961251541 535.9856749338379 -256.8004138556002
1403.162994075632 1330.356132315796 -424.0953690055591
526.1807422072336 161.5405711288055 -253.4583136553219
1307.268418817114 1130.011935649489 -139.9115482486112
173.9232506205682 1684.816952764481 -185.8786794628243
466.6195508420425 1852.635689413529 -200.5106073158445
1715.556716627363 470.2302807341493 -432.733177375498
1016.73188481818 569.0675575209838 -106.5840290672086
1155.033000379498 82.20804349284336 -182.9658226505578
1685.417594713118 232.9163789167871 -415.4919227457382
1246.037353168025 735.464313759276 -418.6077325086288
315.4052987697074 682.8391071647378 -420.0191477212296
637.0667027994248 1466.09730453872 -417.3399938477469
833.4303296603351 1747.240169576455 -146.9423381147225
$EndNodes
$Elements
6 5347 1 5347
1 1 1 54
1 1 3 
2 3 4 
3 4 5 
4 5 6 
5 6 7 
6 7 8 
7 8 9 
8 9 10 
9 10 11 
10 11 12 
11 12 13 
12 13 14 
13 14 15 
14 15 16 
15 16 17 
16 17 18 
17 18 19 
18 19 20 
19 20 21 
20 21 22 
21 22 23 
22 23 24 
23 24 25 
24 25 26 
25 26 27 
26 27 28 
27 28 29 
28 29 30 
29 30 31 
30 31 32 
31 32 33 
32 33 34 
33 34 35 
34 35 36 
35 36 37 
36 37 38 
37 38 39 
38 39 40 
39 40 41 
40 41 42 
41 42 43 
42 43 44 
43 44 45 
44 45 46 
45 46 47 
46 47 48 
47 48 49 
48 49 50 
49 50 51 
50 51 52 
51 52 53 
52 53 54 
53 54 55 
54 55 1 
1 2 1 54
55 2 56 
56 56 57 
57 57 58 
58 58 59 
59 59 60 
60 60 61 
61 61 62 
62 62 63 
63 63 64 
64 64 65 
65 65 66 
66 66 67 
67 67 68 
68 68 69 
69 69 70 
70 70 71 
71 71 72 
72 72 73 
73 73 74 
74 74 75 
75 75 76 
76 76 77 
77 77 78 
78 78 79 
79 79 80 
80 80 81 
81 81 82 
82 82 83 
83 83 84 
84 84 85 
85 85 86 
86 86 87 
87 87 88 
88 88 89 
89 89 90 
90 90 91 
91 91 92 
92 92 93 
93 93 94 
94 94 95 
95 95 96 
96 96 97 
97 97 98 
98 98 99 
99 99 100 
100 100 101 
101 101 102 
102 102 103 
103 103 104 
104 104 105 
105 105 106 
106 106 107 
107 107 108 
108 108 2 
2 1 2 524
109 3 218 1 
110 1 111 55 
111 1 218 111 
112 4 124 3 
113 124 218 3 
114 5 261 4 
115 4 261 124 
116 6 114 5 
117 114 261 5 
118 7 307 6 
119 6 307 114 
120 8 306 7 
121 306 307 7 
122 9 121 8 
123 121 306 8 
124 10 220 9 
125 9 220 121 
126 11 130 10 
127 130 332 10 
128 10 332 220 
129 12 342 11 
130 11 312 130 
131 11 342 312 
132 13 331 12 
133 331 342 12 
134 14 135 13 
135 135 331 13 
136 15 311 14 
137 14 311 135 
138 16 311 15 
139 17 344 16 
140 136 311 16 
141 16 344 136 
142 18 256 17 
143 17 256 126 
144 126 344 17 
145 19 120 18 
146 120 256 18 
147 20 264 19 
148 19 264 120 
149 21 265 20 
150 20 265 264 
151 22 115 21 
152 115 265 21 
153 23 245 22 
154 22 245 115 
155 24 123 23 
156 123 245 23 
157 25 228 24 
158 24 228 123 
159 26 109 25 
160 109 228 25 
161 27 133 26 
162 26 133 109 
163 28 339 27 
164 27 339 133 
165 29 338 28 
166 338 339 28 
167 30 295 29 
168 29 295 122 
169 122 338 29 
170 31 335 30 
171 30 335 295 
172 32 322 31 
173 31 322 117 
174 117 335 31 
175 33 129 32 
176 129 322 32 
177 34 250 33 
178 33 250 129 
179 35 118 34 
180 118 250 34 
181 36 247 35 
182 35 247 118 
183 37 125 36 
184 125 247 36 
185 38 237 37 
186 37 237 125 
187 39 297 38 
188 38 297 237 
189 40 340 39 
190 39 328 297 
191 39 340 328 
192 41 219 40 
193 219 340 40 
194 42 219 41 
195 43 316 42 
196 42 316 219 
197 44 119 43 
198 119 137 43 
199 137 316 43 
200 45 259 44 
201 44 259 119 
202 46 232 45 
203 232 259 45 
204 47 116 46 
205 116 232 46 
206 48 285 47 
207 47 285 116 
208 49 128 48 
209 128 285 48 
210 50 238 49 
211 49 238 128 
212 51 110 50 
213 110 238 50 
214 52 303 51 
215 51 303 110 
216 53 333 52 
217 127 303 52 
218 52 333 127 
219 54 334 53 
220 53 334 333 
221 55 131 54 
222 131 334 54 
223 111 131 55 
224 109 133 122 
225 122 134 109 
226 134 228 109 
227 209 240 110 
228 110 303 209 
229 110 240 238 
230 127 131 111 
231 111 132 127 
232 111 218 132 
233 112 255 229 
234 229 296 112 
235 112 328 255 
236 296 297 112 
237 297 328 112 
238 266 309 113 
239 113 310 266 
240 309 312 113 
241 113 331 310 
242 312 342 113 
243 113 342 331 
244 114 324 261 
245 307 329 114 
246 114 329 324 
247 115 245 230 
248 230 273 115 
249 115 273 265 
250 116 272 232 
251 116 326 272 
252 285 326 116 
253 117 321 235 
254 235 335 117 
255 117 322 321 
256 247 282 118 
257 118 267 250 
258 118 282 267 
259 119 138 137 
260 119 139 138 
261 119 259 139 
262 120 257 256 
263 120 258 257 
264 120 264 258 
265 220 221 121 
266 221 313 121 
267 121 313 306 
268 133 338 122 
269 122 225 134 
270 122 295 225 
271 228 320 123 
272 123 299 245 
273 123 320 299 
274 124 249 218 
275 124 305 249 
276 261 305 124 
277 237 246 125 
278 246 254 125 
279 125 254 247 
280 256 284 126 
281 284 319 126 
282 126 319 318 
283 318 344 126 
284 127 333 131 
285 132 209 127 
286 209 303 127 
287 238 294 128 
288 128 341 285 
289 294 341 128 
290 129 260 236 
291 236 321 129 
292 250 260 129 
293 321 322 129 
294 312 327 130 
295 327 332 130 
296 333 334 131 
297 132 290 209 
298 218 249 132 
299 249 290 132 
300 133 339 338 
301 225 226 134 
302 226 227 134 
303 227 320 134 
304 134 320 228 
305 135 311 310 
306 310 331 135 
307 310 311 136 
308 136 318 310 
309 136 344 318 
310 138 229 137 
311 229 255 137 
312 255 316 137 
313 139 140 138 
314 140 287 138 
315 138 287 229 
316 139 141 140 
317 139 198 141 
318 139 259 198 
319 141 142 140 
320 142 179 140 
321 179 287 140 
322 141 143 142 
323 141 241 143 
324 198 241 141 
325 143 144 142 
326 144 271 142 
327 142 271 179 
328 143 145 144 
329 143 146 145 
330 143 241 146 
331 145 293 144 
332 144 298 271 
333 293 298 144 
334 146 147 145 
335 147 148 145 
336 148 293 145 
337 146 281 147 
338 241 317 146 
339 146 317 281 
340 147 149 148 
341 147 150 149 
342 147 281 150 
343 149 268 148 
344 268 275 148 
345 275 293 148 
346 150 151 149 
347 151 152 149 
348 152 268 149 
349 150 288 151 
350 150 281 251 
351 251 288 150 
352 151 153 152 
353 151 154 153 
354 151 288 154 
355 153 156 152 
356 156 160 152 
357 160 268 152 
358 154 155 153 
359 155 283 153 
360 153 283 156 
361 154 157 155 
362 154 159 157 
363 154 288 159 
364 157 158 155 
365 158 269 155 
366 269 283 155 
367 156 161 160 
368 156 278 161 
369 156 283 278 
370 157 162 158 
371 159 270 157 
372 157 270 162 
373 162 163 158 
374 163 164 158 
375 164 269 158 
376 159 276 270 
377 159 286 276 
378 159 288 286 
379 161 166 160 
380 166 192 160 
381 192 268 160 
382 161 167 166 
383 161 168 167 
384 161 278 168 
385 162 175 163 
386 162 176 175 
387 162 270 176 
388 163 165 164 
389 163 277 165 
390 175 277 163 
391 165 169 164 
392 169 185 164 
393 185 269 164 
394 165 172 169 
395 165 173 172 
396 165 277 173 
397 167 233 166 
398 166 193 192 
399 166 233 193 
400 168 170 167 
401 170 177 167 
402 177 233 167 
403 168 171 170 
404 168 243 171 
405 168 278 243 
406 172 184 169 
407 184 248 169 
408 169 248 185 
409 171 180 170 
410 170 292 177 
411 180 292 170 
412 171 186 180 
413 171 211 186 
414 171 243 211 
415 173 174 172 
416 174 274 172 
417 172 274 184 
418 173 181 174 
419 173 280 181 
420 277 280 173 
421 181 182 174 
422 182 207 174 
423 207 274 174 
424 176 178 175 
425 178 197 175 
426 197 277 175 
427 176 183 178 
428 176 187 183 
429 176 270 187 
430 177 234 233 
431 177 304 234 
432 177 292 239 
433 239 304 177 
434 183 252 178 
435 178 213 197 
436 178 252 213 
437 246 263 179 
438 179 271 246 
439 263 287 179 
440 186 230 180 
441 230 231 180 
442 231 292 180 
443 181 308 182 
444 181 301 244 
445 244 308 181 
446 280 301 181 
447 182 216 207 
448 182 217 216 
449 182 308 217 
450 187 188 183 
451 188 279 183 
452 183 279 252 
453 184 289 248 
454 274 323 184 
455 184 323 289 
456 248 315 185 
457 185 302 269 
458 185 315 302 
459 211 212 186 
460 212 273 186 
461 186 273 230 
462 187 189 188 
463 187 276 189 
464 270 276 187 
465 189 190 188 
466 190 210 188 
467 210 279 188 
468 189 191 190 
469 189 199 191 
470 189 276 199 
471 191 208 190 
472 208 314 190 
473 190 314 210 
474 199 200 191 
475 200 242 191 
476 191 242 208 
477 193 194 192 
478 194 275 192 
479 192 275 268 
480 193 195 194 
481 193 196 195 
482 193 233 196 
483 195 206 194 
484 206 214 194 
485 214 275 194 
486 196 260 195 
487 195 267 206 
488 260 267 195 
489 233 234 196 
490 234 236 196 
491 236 260 196 
492 213 325 197 
493 197 280 277 
494 197 325 280 
495 198 259 232 
496 232 272 198 
497 198 343 241 
498 272 343 198 
499 199 201 200 
500 199 286 201 
501 276 286 199 
502 201 202 200 
503 202 203 200 
504 203 242 200 
505 201 204 202 
506 201 251 204 
507 201 286 251 
508 202 262 203 
509 204 205 202 
510 205 262 202 
511 240 242 203 
512 203 294 240 
513 262 294 203 
514 204 222 205 
515 204 281 222 
516 251 281 204 
517 222 223 205 
518 223 224 205 
519 224 262 205 
520 206 215 214 
521 206 282 215 
522 267 282 206 
523 216 319 207 
524 207 337 274 
525 207 319 284 
526 284 337 207 
527 242 300 208 
528 208 290 249 
529 249 314 208 
530 208 300 290 
531 209 300 240 
532 290 300 209 
533 210 305 261 
534 261 324 210 
535 210 324 279 
536 210 314 305 
537 211 336 212 
538 243 315 211 
539 211 315 248 
540 248 336 211 
541 212 289 258 
542 258 291 212 
543 212 291 273 
544 212 336 289 
545 252 253 213 
546 253 313 213 
547 313 325 213 
548 215 298 214 
549 214 293 275 
550 214 298 293 
551 215 282 254 
552 254 298 215 
553 217 266 216 
554 266 318 216 
555 318 319 216 
556 217 309 266 
557 308 327 217 
558 217 327 309 
559 219 316 255 
560 255 328 219 
561 328 340 219 
562 220 244 221 
563 220 332 244 
564 244 301 221 
565 301 325 221 
566 221 325 313 
567 222 317 223 
568 281 317 222 
569 223 326 224 
570 272 326 223 
571 223 343 272 
572 317 343 223 
573 224 341 262 
574 224 326 285 
575 285 341 224 
576 225 235 226 
577 225 335 235 
578 295 335 225 
579 226 239 227 
580 235 304 226 
581 226 304 239 
582 239 330 227 
583 227 330 320 
584 229 287 263 
585 263 296 229 
586 230 299 231 
587 245 299 230 
588 231 330 292 
589 299 330 231 
590 235 236 234 
591 234 304 235 
592 235 321 236 
593 237 263 246 
594 237 296 263 
595 237 297 296 
596 240 294 238 
597 292 330 239 
598 240 300 242 
599 241 343 317 
600 278 302 243 
601 302 315 243 
602 244 327 308 
603 244 332 327 
604 246 271 254 
605 254 282 247 
606 289 336 248 
607 305 314 249 
608 250 267 260 
609 286 288 251 
610 252 329 253 
611 279 329 252 
612 253 307 306 
613 306 313 253 
614 253 329 307 
615 271 298 254 
616 257 284 256 
617 258 323 257 
618 257 337 284 
619 323 337 257 
620 264 291 258 
621 289 323 258 
622 262 341 294 
623 265 291 264 
624 273 291 265 
625 310 318 266 
626 269 302 283 
627 274 337 323 
628 283 302 278 
629 324 329 279 
630 280 325 301 
631 320 330 299 
632 309 327 312 
2 2 2 442
633 56 360 2 
634 2 467 108 
635 360 467 2 
636 57 524 56 
637 56 524 360 
638 58 524 57 
639 59 457 58 
640 457 524 58 
641 60 520 59 
642 59 520 457 
643 61 355 60 
644 355 520 60 
645 62 521 61 
646 61 521 355 
647 63 452 62 
648 452 521 62 
649 64 347 63 
650 347 452 63 
651 65 515 64 
652 64 515 347 
653 66 508 65 
654 508 515 65 
655 67 350 66 
656 350 508 66 
657 68 481 67 
658 67 481 350 
659 69 358 68 
660 358 481 68 
661 70 363 69 
662 69 513 358 
663 363 513 69 
664 71 363 70 
665 72 363 71 
666 73 361 72 
667 361 513 72 
668 72 513 363 
669 74 533 73 
670 73 533 361 
671 75 353 74 
672 353 533 74 
673 76 532 75 
674 75 532 353 
675 77 528 76 
676 528 532 76 
677 78 345 77 
678 345 528 77 
679 79 529 78 
680 78 529 345 
681 80 530 79 
682 79 530 529 
683 81 351 80 
684 351 530 80 
685 82 525 81 
686 81 525 351 
687 83 359 82 
688 359 525 82 
689 84 534 83 
690 83 534 359 
691 85 534 84 
692 86 509 85 
693 509 534 85 
694 87 484 86 
695 484 509 86 
696 88 356 87 
697 356 484 87 
698 89 517 88 
699 88 517 356 
700 90 510 89 
701 510 517 89 
702 91 348 90 
703 348 510 90 
704 92 479 91 
705 91 479 348 
706 93 522 92 
707 92 522 479 
708 94 349 93 
709 349 522 93 
710 95 485 94 
711 94 485 349 
712 96 357 95 
713 357 485 95 
714 97 364 96 
715 96 512 357 
716 364 512 96 
717 98 364 97 
718 99 364 98 
719 100 362 99 
720 362 512 99 
721 99 512 364 
722 101 473 100 
723 100 473 362 
724 102 354 101 
725 354 473 101 
726 103 482 102 
727 102 482 354 
728 104 365 103 
729 365 482 103 
730 105 346 104 
731 346 365 104 
732 106 463 105 
733 105 463 346 
734 107 462 106 
735 462 463 106 
736 108 352 107 
737 352 462 107 
738 108 467 352 
739 448 526 345 
740 345 529 448 
741 345 526 460 
742 460 528 345 
743 346 366 365 
744 346 367 366 
745 346 463 367 
746 347 511 452 
747 347 538 511 
748 515 538 347 
749 479 523 348 
750 507 510 348 
751 348 523 507 
752 349 491 443 
753 443 522 349 
754 485 514 349 
755 349 514 491 
756 481 519 350 
757 350 539 508 
758 519 539 350 
759 351 525 449 
760 449 527 351 
761 351 527 451 
762 451 530 351 
763 352 467 454 
764 454 476 352 
765 352 476 462 
766 459 531 353 
767 353 532 459 
768 353 531 471 
769 471 533 353 
770 354 496 473 
771 482 500 354 
772 354 500 496 
773 450 483 355 
774 355 521 450 
775 355 483 456 
776 456 520 355 
777 444 516 356 
778 356 517 444 
779 356 516 484 
780 447 485 357 
781 357 536 447 
782 512 536 357 
783 358 518 481 
784 513 518 358 
785 449 525 359 
786 359 537 449 
787 359 534 509 
788 509 537 359 
789 360 457 455 
790 455 467 360 
791 360 524 457 
792 361 533 471 
793 471 535 361 
794 361 535 513 
795 473 494 362 
796 494 536 362 
797 362 536 512 
798 366 415 365 
799 415 482 365 
800 367 368 366 
801 368 489 366 
802 366 489 415 
803 367 369 368 
804 367 475 369 
805 463 475 367 
806 369 370 368 
807 370 371 368 
808 371 489 368 
809 369 383 370 
810 369 397 383 
811 369 475 397 
812 370 372 371 
813 370 472 372 
814 383 472 370 
815 372 373 371 
816 373 391 371 
817 391 489 371 
818 372 374 373 
819 372 375 374 
820 372 472 375 
821 374 487 373 
822 373 407 391 
823 373 487 407 
824 375 376 374 
825 376 377 374 
826 377 487 374 
827 375 480 376 
828 472 495 375 
829 375 495 480 
830 376 378 377 
831 376 379 378 
832 376 480 379 
833 378 380 377 
834 380 384 377 
835 384 487 377 
836 379 497 378 
837 378 381 380 
838 378 497 381 
839 480 504 379 
840 379 506 497 
841 504 506 379 
842 381 382 380 
843 382 490 380 
844 380 490 384 
845 381 385 382 
846 381 386 385 
847 381 497 386 
848 385 387 382 
849 387 389 382 
850 389 490 382 
851 397 398 383 
852 398 488 383 
853 383 488 472 
854 465 486 384 
855 384 490 465 
856 486 487 384 
857 386 501 385 
858 385 388 387 
859 385 501 388 
860 386 497 478 
861 478 503 386 
862 386 503 501 
863 388 390 387 
864 387 498 389 
865 390 498 387 
866 388 392 390 
867 388 394 392 
868 388 501 394 
869 389 502 490 
870 498 505 389 
871 389 505 502 
872 392 393 390 
873 393 395 390 
874 395 498 390 
875 407 408 391 
876 408 492 391 
877 391 492 489 
878 392 464 393 
879 394 396 392 
880 396 464 392 
881 393 418 395 
882 393 436 418 
883 393 464 436 
884 394 433 396 
885 394 434 433 
886 394 501 434 
887 418 444 395 
888 444 445 395 
889 445 498 395 
890 433 448 396 
891 448 451 396 
892 451 464 396 
893 397 399 398 
894 397 476 399 
895 475 476 397 
896 399 400 398 
897 400 401 398 
898 401 488 398 
899 399 404 400 
900 399 454 404 
901 399 476 454 
902 400 402 401 
903 400 483 402 
904 404 483 400 
905 402 403 401 
906 403 405 401 
907 405 488 401 
908 402 419 403 
909 402 450 419 
910 402 483 450 
911 403 406 405 
912 403 493 406 
913 419 493 403 
914 454 455 404 
915 455 456 404 
916 456 483 404 
917 406 420 405 
918 420 495 405 
919 405 495 488 
920 406 421 420 
921 406 422 421 
922 406 493 422 
923 407 409 408 
924 407 486 409 
925 407 487 486 
926 409 410 408 
927 410 461 408 
928 461 492 408 
929 409 411 410 
930 409 412 411 
931 409 486 412 
932 411 416 410 
933 416 417 410 
934 417 461 410 
935 412 413 411 
936 413 491 411 
937 411 491 416 
938 412 414 413 
939 412 465 414 
940 412 486 465 
941 414 439 413 
942 439 443 413 
943 443 491 413 
944 414 440 439 
945 414 502 440 
946 465 502 414 
947 415 500 482 
948 489 492 415 
949 492 500 415 
950 416 447 417 
951 416 514 447 
952 491 514 416 
953 447 494 417 
954 417 496 461 
955 494 496 417 
956 436 437 418 
957 437 516 418 
958 418 516 444 
959 450 452 419 
960 452 511 419 
961 419 511 493 
962 421 504 420 
963 480 495 420 
964 420 504 480 
965 422 423 421 
966 423 474 421 
967 474 504 421 
968 422 424 423 
969 422 466 424 
970 422 493 466 
971 424 425 423 
972 425 426 423 
973 426 474 423 
974 424 441 425 
975 424 442 441 
976 424 466 442 
977 425 427 426 
978 425 499 427 
979 441 499 425 
980 427 428 426 
981 428 432 426 
982 432 474 426 
983 427 429 428 
984 427 431 429 
985 427 499 431 
986 429 430 428 
987 430 477 428 
988 428 477 432 
989 429 438 430 
990 431 468 429 
991 429 468 438 
992 438 458 430 
993 430 458 453 
994 453 477 430 
995 431 469 468 
996 431 470 469 
997 431 499 470 
998 432 506 474 
999 477 478 432 
1000 478 506 432 
1001 434 435 433 
1002 435 526 433 
1003 433 526 448 
1004 434 453 435 
1005 434 503 453 
1006 501 503 434 
1007 453 458 435 
1008 458 460 435 
1009 460 526 435 
1010 436 449 437 
1011 436 527 449 
1012 464 527 436 
1013 449 537 437 
1014 484 516 437 
1015 437 537 484 
1016 438 459 458 
1017 438 531 459 
1018 468 531 438 
1019 440 523 439 
1020 439 479 443 
1021 439 523 479 
1022 502 505 440 
1023 505 507 440 
1024 507 523 440 
1025 442 539 441 
1026 441 519 499 
1027 441 539 519 
1028 466 538 442 
1029 442 515 508 
1030 508 539 442 
1031 442 538 515 
1032 479 522 443 
1033 444 446 445 
1034 444 517 446 
1035 446 507 445 
1036 445 505 498 
1037 445 507 505 
1038 446 510 507 
1039 446 517 510 
1040 447 514 485 
1041 447 536 494 
1042 448 530 451 
1043 529 530 448 
1044 450 521 452 
1045 451 527 464 
1046 453 503 477 
1047 454 467 455 
1048 455 457 456 
1049 457 520 456 
1050 459 460 458 
1051 459 528 460 
1052 459 532 528 
1053 461 500 492 
1054 496 500 461 
1055 462 475 463 
1056 462 476 475 
1057 490 502 465 
1058 493 511 466 
1059 511 538 466 
1060 469 471 468 
1061 471 531 468 
1062 470 518 469 
1063 469 535 471 
1064 518 535 469 
1065 481 518 470 
1066 470 519 481 
1067 499 519 470 
1068 488 495 472 
1069 473 496 494 
1070 474 506 504 
1071 477 503 478 
1072 497 506 478 
1073 484 537 509 
1074 513 535 518 
2 3 2 522
1075 1 632 3 
1076 55 714 1 
1077 1 714 632 
1078 2 588 15 
1079 15 590 2 
1080 2 590 56 
1081 108 588 2 
1082 3 577 4 
1083 3 720 577 
1084 632 720 3 
1085 4 656 5 
1086 577 636 4 
1087 636 656 4 
1088 5 613 6 
1089 574 613 5 
1090 5 667 574 
1091 656 667 5 
1092 6 589 7 
1093 6 613 589 
1094 7 564 8 
1095 7 661 564 
1096 589 661 7 
1097 8 662 9 
1098 564 662 8 
1099 9 679 10 
1100 9 662 563 
1101 563 680 9 
1102 9 680 679 
1103 10 687 11 
1104 10 679 583 
1105 583 687 10 
1106 11 584 12 
1107 11 687 584 
1108 12 557 13 
1109 12 559 557 
1110 12 688 559 
1111 584 688 12 
1112 13 543 14 
1113 13 602 543 
1114 557 602 13 
1115 14 606 15 
1116 543 606 14 
1117 15 588 16 
1118 15 606 590 
1119 16 648 17 
1120 16 588 587 
1121 587 648 16 
1122 17 648 18 
1123 18 745 19 
1124 18 649 569 
1125 569 745 18 
1126 648 649 18 
1127 19 604 20 
1128 19 745 604 
1129 20 603 21 
1130 565 617 20 
1131 20 703 565 
1132 20 617 603 
1133 604 703 20 
1134 21 603 22 
1135 22 733 23 
1136 22 603 561 
1137 561 733 22 
1138 23 638 24 
1139 23 733 638 
1140 24 615 25 
1141 554 615 24 
1142 24 734 554 
1143 638 734 24 
1144 25 647 26 
1145 25 615 601 
1146 601 646 25 
1147 646 647 25 
1148 26 705 27 
1149 26 647 542 
1150 542 705 26 
1151 27 721 28 
1152 705 721 27 
1153 28 594 29 
1154 541 594 28 
1155 28 645 541 
1156 28 721 645 
1157 29 728 30 
1158 594 728 29 
1159 30 700 31 
1160 599 700 30 
1161 30 728 599 
1162 31 698 32 
1163 652 698 31 
1164 31 700 652 
1165 32 689 33 
1166 547 689 32 
1167 32 698 547 
1168 33 614 34 
1169 33 689 614 
1170 34 681 35 
1171 34 691 552 
1172 552 725 34 
1173 614 691 34 
1174 34 725 681 
1175 35 622 36 
1176 35 681 622 
1177 36 674 37 
1178 556 674 36 
1179 36 727 556 
1180 622 727 36 
1181 37 746 38 
1182 674 746 37 
1183 38 654 39 
1184 553 655 38 
1185 38 746 553 
1186 38 655 654 
1187 39 597 40 
1188 39 654 597 
1189 40 568 41 
1190 40 597 540 
1191 540 730 40 
1192 40 730 568 
1193 41 545 42 
1194 41 568 545 
1195 42 741 43 
1196 545 741 42 
1197 43 722 44 
1198 81 43 82 
1199 81 722 43 
1200 43 567 82 
1201 43 739 567 
1202 43 741 739 
1203 44 572 45 
1204 44 722 572 
1205 45 573 46 
1206 79 45 80 
1207 79 664 45 
1208 45 572 80 
1209 45 664 573 
1210 46 665 47 
1211 573 663 46 
1212 663 665 46 
1213 47 605 48 
1214 555 621 47 
1215 47 665 555 
1216 47 621 605 
1217 48 605 49 
1218 49 607 50 
1219 49 605 560 
1220 560 624 49 
1221 49 624 607 
1222 50 607 51 
1223 51 732 52 
1224 51 607 562 
1225 562 732 51 
1226 52 684 53 
1227 627 684 52 
1228 52 732 627 
1229 53 716 54 
1230 53 684 544 
1231 544 716 53 
1232 54 718 55 
1233 716 718 54 
1234 631 714 55 
1235 55 718 631 
1236 56 543 57 
1237 56 590 543 
1238 57 558 58 
1239 543 602 57 
1240 57 602 558 
1241 58 559 59 
1242 558 559 58 
1243 59 673 60 
1244 559 673 59 
1245 60 630 61 
1246 585 630 60 
1247 60 673 585 
1248 61 626 62 
1249 611 626 61 
1250 61 630 611 
1251 62 657 63 
1252 626 657 62 
1253 63 659 64 
1254 657 659 63 
1255 64 591 65 
1256 64 659 591 
1257 65 633 66 
1258 591 683 65 
1259 65 708 633 
1260 65 683 634 
1261 634 708 65 
1262 66 593 67 
1263 66 633 593 
1264 67 635 68 
1265 593 667 67 
1266 67 667 635 
1267 68 719 69 
1268 635 719 68 
1269 69 546 70 
1270 69 719 546 
1271 70 640 71 
1272 546 625 70 
1273 625 640 70 
1274 71 608 72 
1275 71 629 608 
1276 71 640 629 
1277 72 677 73 
1278 608 609 72 
1279 609 677 72 
1280 73 623 74 
1281 73 677 623 
1282 74 581 75 
1283 74 624 581 
1284 623 624 74 
1285 75 620 76 
1286 581 620 75 
1287 76 579 77 
1288 76 696 579 
1289 620 697 76 
1290 76 697 696 
1291 77 555 78 
1292 77 579 555 
1293 78 664 79 
1294 555 612 78 
1295 612 664 78 
1296 80 572 81 
1297 572 722 81 
1298 82 567 83 
1299 83 567 84 
1300 84 743 85 
1301 567 742 84 
1302 742 743 84 
1303 85 570 86 
1304 85 743 570 
1305 86 672 87 
1306 570 669 86 
1307 669 672 86 
1308 87 578 88 
1309 87 672 578 
1310 88 575 89 
1311 556 575 88 
1312 88 675 556 
1313 578 711 88 
1314 88 711 675 
1315 89 693 90 
1316 575 693 89 
1317 90 566 91 
1318 90 693 566 
1319 91 724 92 
1320 566 724 91 
1321 92 701 93 
1322 92 724 701 
1323 93 651 94 
1324 93 701 651 
1325 94 548 95 
1326 94 676 548 
1327 651 678 94 
1328 94 678 676 
1329 95 641 96 
1330 548 549 95 
1331 549 641 95 
1332 96 595 97 
1333 96 641 595 
1334 97 643 98 
1335 595 642 97 
1336 642 643 97 
1337 98 600 99 
1338 98 643 600 
1339 99 571 100 
1340 99 601 571 
1341 600 601 99 
1342 100 571 101 
1343 101 712 102 
1344 571 713 101 
1345 101 713 712 
1346 102 616 103 
1347 102 712 616 
1348 103 580 104 
1349 103 694 580 
1350 616 695 103 
1351 103 695 694 
1352 104 565 105 
1353 104 580 565 
1354 105 582 106 
1355 565 704 105 
1356 105 704 582 
1357 106 569 107 
1358 106 582 569 
1359 107 588 108 
1360 569 649 107 
1361 107 649 588 
1362 597 740 540 
1363 670 729 540 
1364 540 740 670 
1365 729 730 540 
1366 541 596 594 
1367 541 645 596 
1368 542 646 644 
1369 644 744 542 
1370 542 647 646 
1371 542 744 705 
1372 590 606 543 
1373 628 629 544 
1374 544 684 628 
1375 629 717 544 
1376 544 717 716 
1377 568 729 545 
1378 729 738 545 
1379 738 739 545 
1380 739 741 545 
1381 546 719 551 
1382 551 723 546 
1383 546 723 625 
1384 614 689 547 
1385 547 690 614 
1386 686 690 547 
1387 547 698 686 
1388 548 676 549 
1389 599 639 549 
1390 549 676 599 
1391 639 641 549 
1392 599 678 550 
1393 550 731 599 
1394 550 678 651 
1395 651 699 550 
1396 699 731 550 
1397 551 714 631 
1398 631 715 551 
1399 551 719 714 
1400 715 723 551 
1401 552 691 566 
1402 566 692 552 
1403 552 692 682 
1404 682 725 552 
1405 618 672 553 
1406 553 746 618 
1407 553 671 655 
1408 553 672 671 
1409 571 615 554 
1410 554 713 571 
1411 637 713 554 
1412 554 734 637 
1413 579 696 555 
1414 555 665 612 
1415 555 696 621 
1416 556 726 575 
1417 556 709 674 
1418 675 709 556 
1419 556 727 726 
1420 557 559 558 
1421 558 602 557 
1422 559 688 673 
1423 581 624 560 
1424 560 697 581 
1425 605 621 560 
1426 621 697 560 
1427 603 617 561 
1428 617 695 561 
1429 638 733 561 
1430 561 734 638 
1431 695 735 561 
1432 561 735 734 
1433 562 624 586 
1434 586 627 562 
1435 607 624 562 
1436 627 732 562 
1437 662 685 563 
1438 563 685 680 
1439 564 661 660 
1440 660 662 564 
1441 580 694 565 
1442 565 694 617 
1443 703 704 565 
1444 691 724 566 
1445 566 693 692 
1446 739 742 567 
1447 568 730 729 
1448 582 702 569 
1449 569 702 604 
1450 604 745 569 
1451 668 669 570 
1452 570 743 668 
1453 601 615 571 
1454 612 663 573 
1455 573 664 612 
1456 574 667 593 
1457 593 707 574 
1458 574 707 613 
1459 682 693 575 
1460 575 725 682 
1461 575 726 725 
1462 576 695 616 
1463 616 712 576 
1464 576 712 637 
1465 637 734 576 
1466 576 735 695 
1467 734 735 576 
1468 592 667 577 
1469 577 720 592 
1470 577 667 636 
1471 578 672 618 
1472 618 710 578 
1473 710 711 578 
1474 581 697 620 
1475 582 704 702 
1476 583 611 585 
1477 585 653 583 
1478 610 611 583 
1479 583 679 610 
1480 653 687 583 
1481 687 688 584 
1482 611 630 585 
1483 585 688 653 
1484 673 688 585 
1485 609 627 586 
1486 586 677 609 
1487 586 624 623 
1488 623 677 586 
1489 588 649 587 
1490 587 649 648 
1491 591 658 589 
1492 589 683 591 
1493 613 634 589 
1494 634 683 589 
1495 658 661 589 
1496 591 659 658 
1497 635 667 592 
1498 592 719 635 
1499 592 720 719 
1500 633 707 593 
1501 596 639 594 
1502 594 639 599 
1503 599 728 594 
1504 595 641 596 
1505 596 642 595 
1506 596 641 639 
1507 596 645 642 
1508 654 668 597 
1509 668 743 597 
1510 597 743 740 
1511 598 657 626 
1512 626 685 598 
1513 598 660 657 
1514 598 685 660 
1515 676 678 599 
1516 599 731 700 
1517 600 646 601 
1518 643 646 600 
1519 702 703 604 
1520 608 706 609 
1521 629 706 608 
1522 609 628 627 
1523 609 706 628 
1524 610 650 611 
1525 610 685 650 
1526 679 685 610 
1527 611 650 626 
1528 612 665 663 
1529 613 707 634 
1530 690 691 614 
1531 694 695 617 
1532 674 709 618 
1533 618 746 674 
1534 709 710 618 
1535 654 655 619 
1536 619 668 654 
1537 655 671 619 
1538 619 671 668 
1539 696 697 621 
1540 681 725 622 
1541 725 726 622 
1542 726 727 622 
1543 625 717 640 
1544 715 716 625 
1545 625 723 715 
1546 716 717 625 
1547 650 685 626 
1548 628 684 627 
1549 628 706 629 
1550 640 717 629 
1551 631 718 715 
1552 714 720 632 
1553 633 708 707 
1554 707 708 634 
1555 636 667 656 
1556 712 713 637 
1557 642 666 643 
1558 642 645 644 
1559 644 666 642 
1560 643 666 646 
1561 645 744 644 
1562 646 666 644 
1563 721 744 645 
1564 686 698 651 
1565 651 701 686 
1566 698 699 651 
1567 652 699 698 
1568 652 700 699 
1569 653 688 687 
1570 658 659 657 
1571 657 661 658 
1572 660 661 657 
1573 660 685 662 
1574 668 671 669 
1575 671 672 669 
1576 670 737 729 
1577 670 740 737 
1578 675 710 709 
1579 675 711 710 
1580 680 685 679 
1581 692 693 682 
1582 686 724 690 
1583 701 724 686 
1584 690 724 691 
1585 700 731 699 
1586 702 704 703 
1587 705 744 721 
1588 719 720 714 
1589 715 718 716 
1590 737 738 729 
1591 736 738 737 
1592 737 740 736 
1593 736 739 738 
1594 736 742 739 
1595 740 742 736 
1596 740 743 742 
3 1 4 3751
1597 276 187 189 765 
1598 845 877 394 988 
1599 308 788 781 911 
1600 502 789 832 937 
1601 394 877 845 978 
1602 351 854 803 935 
1603 726 868 760 884 
1604 502 832 789 871 
1605 244 221 301 904 
1606 394 885 877 978 
1607 349 907 772 1002 
1608 786 825 426 882 
1609 750 806 829 906 
1610 425 426 786 825 
1611 425 825 786 901 
1612 300 900 774 954 
1613 300 774 813 954 
1614 394 845 885 978 
1615 781 788 308 904 
1616 800 806 750 906 
1617 147 846 768 863 
1618 187 765 276 849 
1619 24 734 638 977 
1620 613 783 634 852 
1621 147 831 768 846 
1622 757 782 886 969 
1623 845 978 877 988 
1624 757 969 886 1005 
1625 499 773 825 901 
1626 270 804 849 920 
1627 616 576 354 795 
1628 270 176 804 920 
1629 276 765 189 865 
1630 251 791 770 865 
1631 187 804 765 849 
1632 764 823 273 859 
1633 155 920 874 958 
1634 780 760 884 903 
1635 47 605 621 811 
1636 388 845 394 988 
1637 458 771 812 851 
1638 758 815 804 920 
1639 762 857 389 937 
1640 458 812 771 913 
1641 478 899 770 922 
1642 634 852 783 953 
1643 187 189 765 878 
1644 270 162 176 920 
1645 678 676 599 907 
1646 288 286 770 936 
1647 186 823 853 859 
1648 815 849 804 920 
1649 158 920 155 958 
1650 826 869 758 918 
1651 389 762 832 857 
1652 15 16 588 897 
1653 425 786 427 901 
1654 856 819 909 976 
1655 389 832 762 937 
1656 856 907 819 976 
1657 426 882 825 964 
1658 835 880 897 982 
1659 499 773 441 825 
1660 499 825 425 901 
1661 805 917 761 985 
1662 478 888 770 899 
1663 798 753 837 855 
1664 765 804 187 878 
1665 49 607 624 941 
1666 354 795 576 886 
1667 754 829 806 906 
1668 210 773 314 878 
1669 765 825 882 964 
1670 241 822 767 978 
1671 198 767 822 883 
1672 198 850 767 883 
1673 430 775 477 851 
1674 794 747 835 982 
1675 241 767 198 850 
1676 314 878 773 912 
1677 210 783 773 878 
1678 430 477 775 1008 
1679 791 865 251 973 
1680 770 888 478 922 
1681 301 221 325 904 
1682 506 899 478 922 
1683 823 843 796 989 
1684 425 426 427 786 
1685 511 493 894 918 
1686 804 878 825 942 
1687 804 920 176 946 
1688 765 189 865 984 
1689 198 767 241 822 
1690 774 900 300 912 
1691 861 991 931 1001 
1692 525 854 351 935 
1693 520 880 898 972 
1694 214 790 275 846 
1695 762 790 789 832 
1696 760 838 790 871 
1697 458 913 771 924 
1698 163 826 920 961 
1699 188 187 804 878 
1700 147 768 146 863 
1701 817 826 758 918 
1702 774 812 901 970 
1703 114 783 574 955 
1704 671 777 619 923 
1705 747 880 835 982 
1706 441 825 852 953 
1707 511 894 493 932 
1708 382 389 857 937 
1709 241 767 863 978 
1710 780 884 876 903 
1711 288 770 862 936 
1712 163 920 826 946 
1713 279 878 188 942 
1714 776 853 748 916 
1715 188 878 804 942 
1716 430 775 851 1008 
1717 392 767 881 945 
1718 186 273 823 859 
1719 776 798 837 855 
1720 797 897 880 982 
1721 183 188 187 804 
1722 210 773 783 955 
1723 499 425 427 901 
1724 757 782 840 886 
1725 196 844 814 939 
1726 770 791 251 862 
1727 798 753 855 952 
1728 286 251 770 865 
1729 188 804 183 942 
1730 798 801 753 952 
1731 758 869 826 946 
1732 835 897 794 982 
1733 798 855 801 952 
1734 361 779 535 861 
1735 758 918 869 946 
1736 485 907 349 1002 
1737 556 675 88 868 
1738 176 920 162 946 
1739 764 853 776 916 
1740 204 875 222 889 
1741 317 889 822 978 
1742 275 846 790 915 
1743 762 832 789 937 
1744 770 888 799 899 
1745 146 768 147 951 
1746 314 912 773 955 
1747 764 853 823 859 
1748 801 806 748 890 
1749 789 832 790 871 
1750 241 317 822 978 
1751 502 832 389 937 
1752 798 837 753 870 
1753 392 885 767 945 
1754 371 833 837 855 
1755 141 241 198 850 
1756 491 772 349 841 
1757 300 813 774 931 
1758 845 846 768 857 
1759 254 903 884 975 
1760 819 907 772 976 
1761 846 857 845 997 
1762 772 841 491 1002 
1763 616 354 482 795 
1764 795 833 764 859 
1765 179 876 140 929 
1766 815 849 778 922 
1767 776 837 798 870 
1768 814 756 844 927 
1769 768 831 147 951 
1770 752 833 795 859 
1771 772 887 819 976 
1772 271 876 780 884 
1773 329 114 324 783 
1774 402 839 400 938 
1775 518 779 358 962 
1776 776 798 748 853 
1777 779 931 861 991 
1778 241 317 343 822 
1779 514 485 349 1002 
1780 392 767 845 881 
1781 443 841 522 917 
1782 186 823 212 853 
1783 770 778 849 922 
1784 785 819 757 847 
1785 458 924 771 983 
1786 763 877 434 885 
1787 392 845 767 885 
1788 402 401 817 938 
1789 371 837 833 925 
1790 757 847 819 1002 
1791 273 764 796 823 
1792 273 764 859 860 
1793 754 806 801 890 
1794 773 441 825 852 
1795 140 876 850 929 
1796 478 799 386 888 
1797 778 815 922 930 
1798 418 816 437 935 
1799 682 760 575 805 
1800 276 849 765 865 
1801 750 829 781 906 
1802 232 883 822 948 
1803 392 881 464 945 
1804 772 819 785 847 
1805 402 839 938 1007 
1806 763 885 434 983 
1807 286 865 770 936 
1808 394 877 501 988 
1809 207 319 911 928 
1810 775 477 851 888 
1811 790 846 214 903 
1812 778 922 770 930 
1813 772 819 847 1002 
1814 758 858 918 946 
1815 308 217 327 911 
1816 456 520 880 898 
1817 402 400 401 938 
1818 15 588 2 897 
1819 752 840 785 933 
1820 613 707 574 852 
1821 874 920 778 958 
1822 773 825 783 852 
1823 146 889 768 951 
1824 279 783 878 942 
1825 825 932 804 942 
1826 353 913 861 970 
1827 497 386 478 799 
1828 757 821 969 1005 
1829 251 288 286 770 
1830 828 881 751 935 
1831 797 880 747 982 
1832 783 852 825 953 
1833 790 838 761 871 
1834 210 783 324 955 
1835 886 969 820 1005 
1836 383 806 801 947 
1837 522 841 651 917 
1838 273 796 764 860 
1839 775 851 812 954 
1840 506 497 478 899 
1841 805 838 760 871 
1842 749 869 826 918 
1843 228 821 109 910 
1844 290 774 300 912 
1845 288 770 251 862 
1846 308 781 182 911 
1847 402 938 817 1007 
1848 382 857 892 937 
1849 778 792 753 958 
1850 814 841 756 927 
1851 146 863 768 889 
1852 748 855 776 916 
1853 766 918 858 946 
1854 775 875 851 954 
1855 204 875 889 973 
1856 865 200 973 984 
1857 869 918 766 946 
1858 279 210 188 878 
1859 388 394 501 988 
1860 772 756 847 914 
1861 516 816 828 868 
1862 772 756 841 847 
1863 756 772 841 914 
1864 271 780 246 884 
1865 182 911 781 928 
1866 651 841 772 917 
1867 761 814 844 927 
1868 801 806 383 949 
1869 750 800 787 806 
1870 770 865 791 888 
1871 768 846 845 863 
1872 382 490 389 937 
1873 244 788 221 904 
1874 845 768 978 988 
1875 765 878 189 984 
1876 749 826 817 918 
1877 319 284 794 928 
1878 765 825 786 882 
1879 785 819 772 914 
1880 777 816 751 854 
1881 279 783 210 878 
1882 147 145 846 863 
1883 791 865 775 888 
1884 314 818 249 912 
1885 308 788 244 904 
1886 822 883 784 948 
1887 511 894 830 918 
1888 752 782 840 933 
1889 535 469 861 926 
1890 206 790 215 975 
1891 900 973 200 984 
1892 754 806 800 906 
1893 671 655 619 777 
1894 290 912 818 931 
1895 443 349 522 841 
1896 308 834 788 911 
1897 775 865 791 973 
1898 835 956 944 981 
1899 763 434 877 983 
1900 458 812 430 851 
1901 187 270 804 849 
1902 748 798 776 855 
1903 791 889 875 973 
1904 441 442 825 953 
1905 297 296 112 893 
1906 418 881 828 935 
1907 535 861 779 926 
1908 783 852 574 955 
1909 775 865 973 984 
1910 853 859 776 1003 
1911 371 833 391 925 
1912 155 874 157 936 
1913 466 511 493 932 
1914 520 457 880 972 
1915 212 186 273 823 
1916 748 800 787 823 
1917 401 938 400 947 
1918 349 772 651 841 
1919 114 783 329 895 
1920 753 792 778 824 
1921 499 519 441 773 
1922 772 847 785 914 
1923 778 759 899 936 
1924 180 842 859 934 
1925 456 898 880 981 
1926 275 846 915 999 
1927 760 903 828 943 
1928 786 825 773 901 
1929 769 846 144 863 
1930 814 844 756 939 
1931 775 973 900 984 
1932 787 823 800 989 
1933 794 911 319 928 
1934 748 787 800 806 
1935 765 825 804 878 
1936 785 752 933 967 
1937 825 804 932 964 
1938 426 427 786 882 
1939 775 882 477 888 
1940 477 882 775 1008 
1941 182 781 174 928 
1942 290 774 912 931 
1943 179 893 876 929 
1944 222 889 875 960 
1945 499 441 425 825 
1946 125 780 246 893 
1947 181 781 308 904 
1948 502 871 789 927 
1949 221 788 809 904 
1950 812 851 771 954 
1951 575 805 760 987 
1952 758 920 826 961 
1953 291 265 264 796 
1954 835 944 454 981 
1955 789 412 927 963 
1956 185 890 164 958 
1957 825 878 783 942 
1958 519 773 499 901 
1959 164 890 792 958 
1960 284 794 928 998 
1961 466 894 511 932 
1962 769 846 845 997 
1963 459 913 458 924 
1964 358 779 719 962 
1965 144 846 769 903 
1966 458 438 812 913 
1967 488 383 801 947 
1968 830 894 766 918 
1969 732 303 991 1001 
1970 361 609 779 861 
1971 536 357 907 1005 
1972 884 903 760 975 
1973 222 875 205 960 
1974 356 816 516 868 
1975 877 978 768 988 
1976 837 855 753 952 
1977 825 442 932 953 
1978 773 912 818 955 
1979 828 943 769 997 
1980 181 182 308 781 
1981 711 816 356 868 
1982 503 877 851 888 
1983 215 790 903 975 
1984 576 795 616 872 
1985 180 859 842 967 
1986 214 215 206 790 
1987 246 876 179 893 
1988 204 889 791 973 
1989 785 840 757 933 
1990 157 874 778 936 
1991 697 771 913 924 
1992 222 204 205 875 
1993 429 468 431 970 
1994 660 598 657 830 
1995 756 841 814 914 
1996 774 469 901 926 
1997 776 853 764 859 
1998 137 741 316 986 
1999 845 846 769 863 
2000 851 875 771 954 
2001 817 406 918 993 
2002 349 651 522 841 
2003 772 847 841 1002 
2004 469 861 926 970 
2005 433 434 885 983 
2006 371 373 837 925 
2007 761 838 805 871 
2008 829 944 956 981 
2009 202 200 954 973 
2010 399 944 829 981 
2011 799 386 888 988 
2012 186 859 853 1003 
2013 704 463 787 843 
2014 503 851 453 888 
2015 200 199 865 973 
2016 284 928 866 998 
2017 787 843 823 989 
2018 900 954 200 973 
2019 773 852 783 955 
2020 809 869 325 904 
2021 440 871 502 927 
2022 300 774 290 931 
2023 217 266 309 911 
2024 144 769 863 965 
2025 426 825 423 964 
2026 458 771 851 983 
2027 807 837 755 870 
2028 214 275 293 846 
2029 214 846 293 903 
2030 627 779 861 991 
2031 757 1002 907 1005 
2032 414 789 412 927 
2033 772 917 814 959 
2034 731 772 907 976 
2035 200 865 199 984 
2036 365 843 872 994 
2037 308 327 244 788 
2038 789 873 412 963 
2039 778 753 874 958 
2040 782 752 905 933 
2041 858 932 804 964 
2042 774 901 469 970 
2043 441 773 519 852 
2044 818 912 774 931 
2045 371 391 373 925 
2046 530 803 784 945 
2047 772 907 819 1002 
2048 792 778 920 958 
2049 246 780 876 893 
2050 208 300 900 912 
2051 575 760 868 987 
2052 625 715 717 716 
2053 841 847 491 1002 
2054 456 520 457 880 
2055 399 454 944 981 
2056 503 453 851 877 
2057 286 849 865 936 
2058 858 918 406 993 
2059 784 822 767 883 
2060 748 806 800 890 
2061 160 807 156 891 
2062 793 844 193 908 
2063 814 841 772 914 
2064 772 731 887 976 
2065 756 789 873 908 
2066 381 799 899 971 
2067 518 926 779 962 
2068 193 844 793 915 
2069 803 854 802 935 
2070 431 469 901 970 
2071 800 957 323 989 
2072 850 876 751 929 
2073 308 327 788 834 
2074 758 815 778 993 
2075 381 892 799 971 
2076 830 895 661 992 
2077 763 875 811 983 
2078 778 758 824 920 
2079 811 875 763 960 
2080 759 778 874 936 
2081 758 792 920 961 
2082 762 808 793 891 
2083 814 844 260 921 
2084 469 926 774 970 
2085 664 784 79 883 
2086 271 246 254 884 
2087 441 852 442 953 
2088 144 876 769 965 
2089 880 898 747 981 
2090 492 795 966 994 
2091 160 807 891 974 
2092 759 864 778 899 
2093 817 938 401 947 
2094 826 920 758 946 
2095 830 894 661 895 
2096 753 837 807 870 
2097 493 918 858 932 
2098 628 990 779 991 
2099 221 809 325 904 
2100 826 919 758 961 
2101 495 801 824 919 
2102 790 838 760 975 
2103 604 264 796 989 
2104 758 778 824 993 
2105 797 836 880 897 
2106 215 790 214 903 
2107 171 776 859 1003 
2108 761 790 789 844 
2109 201 865 199 973 
2110 782 757 840 933 
2111 793 873 789 908 
2112 323 257 337 800 
2113 762 892 857 937 
2114 185 798 890 958 
2115 770 799 791 862 
2116 200 201 199 973 
2117 390 395 881 997 
2118 198 822 232 883 
2119 323 257 800 989 
2120 142 850 140 876 
2121 811 875 771 983 
2122 430 851 812 1008 
2123 826 906 904 938 
2124 173 904 826 906 
2125 575 760 726 868 
2126 246 780 271 876 
2127 792 758 919 961 
2128 576 886 795 968 
2129 400 839 829 938 
2130 465 412 414 789 
2131 761 838 790 950 
2132 300 813 931 1001 
2133 415 795 492 994 
2134 257 337 800 928 
2135 144 769 876 903 
2136 789 756 844 908 
2137 751 777 854 929 
2138 763 875 791 889 
2139 465 412 789 873 
2140 856 907 357 1005 
2141 751 876 780 893 
2142 783 932 825 942 
2143 905 933 752 967 
2144 300 242 900 954 
2145 792 824 758 920 
2146 851 877 434 983 
2147 810 842 785 939 
2148 756 810 785 939 
2149 309 266 113 982 
2150 272 232 822 948 
2151 627 991 861 1001 
2152 750 944 835 956 
2153 198 272 232 822 
2154 787 843 463 995 
2155 458 438 430 812 
2156 770 882 865 888 
2157 426 425 423 825 
2158 500 492 415 795 
2159 284 126 794 998 
2160 771 902 811 924 
2161 764 823 853 916 
2162 762 808 891 892 
2163 775 954 900 973 
2164 752 785 810 842 
2165 180 170 842 934 
2166 877 888 503 988 
2167 174 781 906 928 
2168 234 196 814 939 
2169 386 503 888 988 
2170 775 875 954 973 
2171 752 859 795 905 
2172 600 98 364 643 
2173 865 882 770 922 
2174 495 801 472 824 
2175 858 918 766 932 
2176 628 779 627 991 
2177 829 906 754 938 
2178 789 844 793 908 
2179 789 790 761 871 
2180 286 865 201 973 
2181 182 207 911 928 
2182 494 840 886 1005 
2183 388 857 845 988 
2184 765 804 825 964 
2185 767 784 883 945 
2186 251 862 791 951 
2187 875 202 954 973 
2188 260 921 844 950 
2189 488 801 919 947 
2190 750 806 787 944 
2191 807 755 837 940 
2192 781 906 829 938 
2193 312 113 342 834 
2194 800 823 748 957 
2195 396 885 392 945 
2196 273 796 291 823 
2197 882 888 770 922 
2198 712 354 616 576 
2199 701 522 651 917 
2200 767 883 803 945 
2201 178 942 869 992 
2202 495 472 801 919 
2203 529 448 784 827 
2204 234 814 914 939 
2205 876 893 751 929 
2206 759 807 864 940 
2207 764 795 859 860 
2208 179 263 246 893 
2209 753 798 792 801 
2210 405 406 817 993 
2211 760 828 780 868 
2212 198 241 343 822 
2213 778 849 815 920 
2214 147 146 145 863 
2215 820 969 821 1005 
2216 859 860 795 905 
2217 753 807 837 940 
2218 776 833 764 916 
2219 233 908 844 939 
2220 537 854 816 923 
2221 793 808 762 937 
2222 800 806 754 890 
2223 502 789 414 927 
2224 801 806 754 947 
2225 806 944 397 995 
2226 822 885 827 945 
2227 214 275 790 915 
2228 822 827 784 945 
2229 757 840 785 979 
2230 791 799 770 888 
2231 166 793 193 908 
2232 803 883 784 945 
2233 616 795 482 872 
2234 286 251 865 973 
2235 789 790 762 915 
2236 674 780 125 893 
2237 492 795 500 966 
2238 532 913 459 924 
2239 475 848 787 944 
2240 751 850 803 881 
2241 761 790 844 950 
2242 365 366 843 994 
2243 223 343 317 822 
2244 178 869 942 946 
2245 812 774 900 954 
2246 464 881 803 945 
2247 812 813 774 954 
2248 477 453 851 888 
2249 519 852 773 896 
2250 778 864 759 874 
2251 475 944 787 995 
2252 317 863 146 889 
2253 693 682 510 805 
2254 319 284 126 794 
2255 794 897 835 998 
2256 283 874 870 958 
2257 785 810 756 847 
2258 216 207 319 911 
2259 609 361 677 861 
2260 757 819 907 1002 
2261 613 634 707 852 
2262 179 142 140 876 
2263 237 125 246 893 
2264 532 697 913 924 
2265 424 825 442 932 
2266 354 576 712 886 
2267 173 906 826 961 
2268 196 233 844 939 
2269 751 854 816 935 
2270 807 870 283 874 
2271 685 650 626 867 
2272 171 859 186 1003 
2273 156 807 160 974 
2274 802 803 751 850 
2275 424 441 442 825 
2276 223 822 889 960 
2277 36 556 727 884 
2278 763 851 791 875 
2279 164 792 890 961 
2280 226 819 785 914 
2281 776 837 833 855 
2282 400 938 829 947 
2283 680 809 788 867 
2284 859 934 842 996 
2285 782 795 752 840 
2286 260 814 196 844 
2287 815 824 778 993 
2288 371 833 855 916 
2289 753 807 864 874 
2290 747 898 880 972 
2291 395 943 828 997 
2292 781 788 747 911 
2293 769 828 876 903 
2294 752 785 840 979 
2295 761 841 814 927 
2296 426 474 882 964 
2297 769 828 903 943 
2298 751 803 802 935 
2299 494 757 840 1005 
2300 308 327 834 911 
2301 159 849 286 936 
2302 472 824 801 952 
2303 280 869 826 904 
2304 816 854 777 923 
2305 778 824 815 930 
2306 777 751 816 893 
2307 289 258 323 957 
2308 223 822 317 889 
2309 482 354 500 795 
2310 475 397 944 995 
2311 750 906 781 928 
2312 778 770 899 930 
2313 751 893 777 929 
2314 502 414 440 927 
2315 760 871 790 943 
2316 178 213 252 942 
2317 290 300 208 912 
2318 143 241 141 863 
2319 176 187 270 804 
2320 777 893 816 923 
2321 759 864 807 874 
2322 474 922 882 964 
2323 815 930 824 993 
2324 751 854 802 929 
2325 193 793 192 915 
2326 112 296 229 893 
2327 535 779 518 926 
2328 832 846 790 903 
2329 143 863 141 965 
2330 280 197 826 869 
2331 247 622 838 884 
2332 755 870 837 934 
2333 766 895 830 992 
2334 787 800 750 866 
2335 516 816 418 828 
2336 752 810 785 979 
2337 823 916 843 995 
2338 766 894 830 895 
2339 862 899 759 936 
2340 757 886 840 1005 
2341 790 846 762 915 
2342 759 808 807 940 
2343 157 849 778 920 
2344 768 799 791 988 
2345 427 431 901 1008 
2346 815 858 421 993 
2347 781 904 174 906 
2348 785 842 752 967 
2349 752 795 782 905 
2350 748 823 787 995 
2351 221 244 220 788 
2352 471 535 469 861 
2353 354 500 795 886 
2354 823 843 787 995 
2355 792 798 753 958 
2356 789 844 756 927 
2357 754 906 826 938 
2358 166 192 193 793 
2359 760 790 903 943 
2360 535 361 513 779 
2361 500 840 795 886 
2362 756 842 810 939 
2363 329 324 279 783 
2364 358 518 513 779 
2365 748 916 823 995 
2366 753 864 807 940 
2367 113 797 342 834 
2368 178 869 213 992 
2369 217 834 327 911 
2370 792 754 801 890 
2371 519 896 773 901 
2372 748 801 798 855 
2373 221 788 220 809 
2374 776 171 859 934 
2375 549 357 641 856 
2376 776 855 833 916 
2377 163 158 164 792 
2378 381 857 799 892 
2379 821 856 819 909 
2380 463 475 787 995 
2381 740 738 737 736 
2382 751 881 803 935 
2383 436 881 418 935 
2384 823 957 800 989 
2385 488 801 472 919 
2386 755 810 873 908 
2387 178 213 942 992 
2388 790 832 762 846 
2389 381 899 378 971 
2390 195 260 844 950 
2391 390 881 845 997 
2392 756 789 927 963 
2393 156 891 807 980 
2394 206 950 790 975 
2395 758 778 815 920 
2396 479 522 701 917 
2397 781 928 911 956 
2398 245 968 905 977 
2399 257 866 800 989 
2400 835 848 454 944 
2401 155 158 157 920 
2402 748 853 823 916 
2403 190 878 314 912 
2404 812 851 775 1008 
2405 749 788 781 904 
2406 182 174 207 928 
2407 247 884 838 975 
2408 280 325 869 904 
2409 770 865 849 936 
2410 790 789 844 915 
2411 795 840 500 966 
2412 758 920 804 946 
2413 778 849 157 936 
2414 160 891 793 974 
2415 388 845 857 997 
2416 258 323 957 989 
2417 808 892 762 937 
2418 320 782 933 969 
2419 382 892 490 937 
2420 371 489 833 916 
2421 712 576 637 886 
2422 804 932 766 942 
2423 381 799 857 988 
2424 791 862 799 951 
2425 208 300 242 900 
2426 803 881 464 935 
2427 750 800 906 928 
2428 725 760 682 805 
2429 472 488 383 801 
2430 757 785 847 979 
2431 573 784 883 948 
2432 785 819 226 933 
2433 792 801 798 890 
2434 186 853 211 1003 
2435 787 800 866 989 
2436 804 815 765 849 
2437 317 241 146 863 
2438 833 966 795 994 
2439 668 619 654 777 
2440 309 113 834 982 
2441 776 837 870 934 
2442 787 944 806 995 
2443 778 824 792 920 
2444 158 792 163 920 
2445 810 842 756 908 
2446 851 877 791 888 
2447 905 968 782 977 
2448 775 851 791 888 
2449 772 841 814 917 
2450 472 801 855 952 
2451 749 869 809 904 
2452 770 778 899 936 
2453 753 801 792 824 
2454 137 316 255 986 
2455 748 798 801 890 
2456 791 851 763 877 
2457 785 847 756 914 
2458 477 503 453 888 
2459 530 803 80 883 
2460 181 174 781 904 
2461 390 395 393 881 
2462 756 873 810 908 
2463 842 859 752 967 
2464 158 155 269 958 
2465 297 112 328 986 
2466 192 793 160 891 
2467 782 969 320 977 
2468 793 808 807 891 
2469 752 859 842 996 
2470 4 636 124 656 
2471 573 883 232 948 
2472 180 859 171 934 
2473 171 934 776 1003 
2474 861 913 813 970 
2475 911 928 794 956 
2476 210 314 190 878 
2477 139 802 850 883 
2478 774 926 861 970 
2479 904 906 781 938 
2480 405 406 403 817 
2481 299 905 782 977 
2482 767 803 850 881 
2483 381 857 385 988 
2484 766 804 858 932 
2485 516 828 444 868 
2486 719 779 513 990 
2487 757 819 785 933 
2488 751 802 854 935 
2489 403 817 406 918 
2490 434 851 453 877 
2491 807 808 755 940 
2492 793 891 192 915 
2493 711 675 816 868 
2494 781 788 749 839 
2495 472 801 370 855 
2496 764 833 795 994 
2497 158 792 920 958 
2498 628 609 627 779 
2499 213 252 942 992 
2500 791 799 768 951 
2501 293 846 144 903 
2502 680 220 788 809 
2503 263 893 179 929 
2504 875 889 763 960 
2505 306 564 895 992 
2506 865 882 775 888 
2507 452 830 598 867 
2508 422 493 858 932 
2509 406 421 858 993 
2510 783 825 773 878 
2511 479 443 522 917 
2512 807 808 759 891 
2513 755 842 810 908 
2514 495 488 472 919 
2515 773 825 786 878 
2516 763 877 851 983 
2517 358 513 719 779 
2518 279 324 210 783 
2519 320 933 821 969 
2520 767 822 784 945 
2521 791 875 851 973 
2522 471 861 469 970 
2523 766 858 804 946 
2524 764 833 776 859 
2525 513 779 609 990 
2526 856 909 821 910 
2527 787 806 748 995 
2528 845 857 768 988 
2529 739 742 736 923 
2530 762 915 846 999 
2531 418 516 437 816 
2532 753 824 778 864 
2533 163 920 792 961 
2534 237 674 125 893 
2535 770 849 778 936 
2536 702 704 463 787 
2537 453 430 477 851 
2538 494 840 496 886 
2539 80 803 572 883 
2540 577 818 124 955 
2541 758 824 792 919 
2542 273 265 291 796 
2543 471 353 861 970 
2544 112 229 777 893 
2545 753 864 778 874 
2546 299 245 905 977 
2547 750 848 835 944 
2548 277 826 163 961 
2549 396 392 464 945 
2550 719 962 779 990 
2551 610 867 788 898 
2552 791 851 775 973 
2553 384 808 873 937 
2554 811 827 763 983 
2555 780 828 816 868 
2556 755 808 807 974 
2557 142 850 876 965 
2558 472 855 370 952 
2559 832 903 790 943 
2560 289 336 823 957 
2561 279 329 783 942 
2562 814 841 761 917 
2563 257 800 866 928 
2564 181 174 182 781 
2565 807 808 793 974 
2566 184 172 890 906 
2567 799 831 759 892 
2568 361 609 513 779 
2569 163 792 164 961 
2570 803 881 767 945 
2571 609 677 586 861 
2572 246 780 125 884 
2573 155 157 154 936 
2574 789 762 793 915 
2575 446 510 868 987 
2576 678 772 349 907 
2577 376 940 864 952 
2578 769 846 832 903 
2579 218 818 577 1000 
2580 406 420 421 993 
2581 786 882 427 1008 
2582 125 780 674 884 
2583 427 901 786 1008 
2584 786 812 774 900 
2585 268 192 160 891 
2586 270 849 157 920 
2587 185 169 164 890 
2588 353 533 471 861 
2589 784 827 448 945 
2590 766 942 869 946 
2591 303 127 991 1001 
2592 841 917 443 985 
2593 792 890 798 958 
2594 572 803 351 854 
2595 217 309 834 911 
2596 790 950 838 975 
2597 280 325 197 869 
2598 158 164 792 958 
2599 405 919 817 947 
2600 433 885 827 983 
2601 577 896 818 955 
2602 747 788 781 839 
2603 492 966 833 994 
2604 781 829 750 956 
2605 490 502 389 937 
2606 180 842 170 967 
2607 527 803 464 935 
2608 283 807 278 870 
2609 299 320 782 933 
2610 292 180 170 967 
2611 748 806 801 949 
2612 776 837 934 996 
2613 394 845 392 885 
2614 270 187 276 849 
2615 756 914 814 939 
2616 755 793 808 974 
2617 505 832 502 871 
2618 303 127 732 991 
2619 756 908 842 939 
2620 184 890 800 906 
2621 755 934 837 996 
2622 495 824 472 952 
2623 789 793 762 937 
2624 286 201 251 973 
2625 248 185 798 890 
2626 792 801 754 919 
2627 384 873 808 1006 
2628 214 790 194 915 
2629 755 808 793 873 
2630 352 454 835 848 
2631 247 622 681 838 
2632 179 140 287 929 
2633 790 871 832 943 
2634 371 837 372 855 
2635 683 589 591 894 
2636 752 795 833 966 
2637 375 376 824 864 
2638 480 824 376 864 
2639 417 979 757 1002 
2640 765 786 825 878 
2641 399 829 404 981 
2642 775 812 900 954 
2643 782 905 299 933 
2644 214 206 194 790 
2645 780 816 751 893 
2646 783 825 932 953 
2647 870 874 753 958 
2648 176 178 183 804 
2649 365 366 346 843 
2650 427 429 431 1008 
2651 175 162 163 946 
2652 138 139 802 850 
2653 428 882 477 1008 
2654 155 154 874 936 
2655 750 794 928 956 
2656 832 857 846 997 
2657 511 452 830 894 
2658 765 865 849 922 
2659 420 815 421 993 
2660 329 895 783 942 
2661 433 435 434 983 
2662 441 519 539 852 
2663 882 922 765 964 
2664 203 202 200 954 
2665 793 844 789 915 
2666 917 921 814 959 
2667 439 927 841 985 
2668 156 152 891 980 
2669 287 263 179 929 
2670 760 868 780 884 
2671 801 754 919 947 
2672 785 810 847 979 
2673 173 174 904 906 
2674 374 940 376 952 
2675 149 862 831 980 
2676 180 231 905 967 
2677 306 564 307 895 
2678 405 488 919 947 
2679 819 821 134 933 
2680 756 873 789 963 
2681 357 879 856 1005 
2682 145 144 846 863 
2683 931 991 127 1001 
2684 749 830 869 918 
2685 761 844 814 921 
2686 759 808 940 971 
2687 226 785 304 914 
2688 183 804 178 942 
2689 197 277 826 946 
2690 417 494 757 840 
2691 810 873 409 1006 
2692 367 463 843 995 
2693 768 791 877 988 
2694 223 889 222 960 
2695 278 934 870 974 
2696 178 942 804 946 
2697 160 156 152 891 
2698 194 790 206 950 
2699 148 831 147 846 
2700 793 873 808 937 
2701 403 402 817 1007 
2702 375 376 480 824 
2703 643 364 600 879 
2704 197 277 280 826 
2705 411 847 841 963 
2706 168 934 278 974 
2707 770 899 862 936 
2708 384 873 465 937 
2709 645 721 28 910 
2710 753 870 807 874 
2711 768 846 831 857 
2712 130 679 332 834 
2713 725 726 760 884 
2714 162 920 163 946 
2715 668 777 738 923 
2716 793 891 807 974 
2717 757 821 819 933 
2718 382 857 381 892 
2719 137 777 229 929 
2720 751 816 780 828 
2721 860 905 245 968 
2722 758 826 817 919 
2723 375 376 864 952 
2724 156 807 283 874 
2725 759 831 891 892 
2726 759 891 808 892 
2727 770 849 865 922 
2728 710 578 711 816 
2729 789 871 761 927 
2730 510 805 575 987 
2731 627 732 991 1001 
2732 371 373 372 837 
2733 144 863 143 965 
2734 754 919 826 961 
2735 105 565 346 704 
2736 751 881 828 965 
2737 845 881 769 997 
2738 245 733 968 977 
2739 598 830 809 867 
2740 370 855 801 949 
2741 469 431 468 970 
2742 388 385 857 988 
2743 827 885 448 945 
2744 370 855 372 952 
2745 719 546 551 990 
2746 807 874 156 980 
2747 676 678 94 907 
2748 178 804 176 946 
2749 375 864 824 952 
2750 749 830 809 869 
2751 336 853 823 957 
2752 770 922 899 930 
2753 634 783 895 953 
2754 456 839 483 898 
2755 804 815 758 858 
2756 833 837 776 925 
2757 868 943 446 987 
2758 482 795 415 872 
2759 139 119 802 883 
2760 761 805 691 917 
2761 195 260 196 844 
2762 844 921 761 950 
2763 399 404 454 981 
2764 760 805 725 838 
2765 682 575 510 805 
2766 759 831 799 862 
2767 584 312 342 834 
2768 443 917 479 985 
2769 811 763 827 960 
2770 749 809 788 904 
2771 300 240 813 1001 
2772 990 991 631 1000 
2773 181 308 244 904 
2774 609 779 628 990 
2775 216 319 794 911 
2776 819 821 757 856 
2777 375 824 495 952 
2778 420 930 815 993 
2779 411 491 841 847 
2780 781 750 928 956 
2781 234 814 236 914 
2782 226 239 785 933 
2783 826 906 754 961 
2784 807 870 755 974 
2785 249 818 290 912 
2786 819 887 772 914 
2787 755 873 793 908 
2788 525 449 854 935 
2789 764 872 843 994 
2790 564 809 660 992 
2791 767 850 803 883 
2792 749 781 839 938 
2793 818 896 577 962 
2794 223 317 222 889 
2795 236 234 196 814 
2796 303 931 127 1001 
2797 306 809 564 992 
2798 197 175 277 946 
2799 818 962 577 1000 
2800 779 990 962 1000 
2801 289 336 212 823 
2802 774 926 818 931 
2803 691 761 917 921 
2804 798 248 890 957 
2805 759 940 864 971 
2806 273 115 796 860 
2807 342 113 331 797 
2808 751 876 850 965 
2809 530 784 448 945 
2810 443 491 349 841 
2811 704 787 702 843 
2812 134 821 819 909 
2813 156 278 283 807 
2814 761 917 841 927 
2815 278 870 807 974 
2816 496 840 500 886 
2817 806 829 398 944 
2818 218 124 577 818 
2819 506 899 922 930 
2820 414 502 465 789 
2821 388 857 387 997 
2822 400 404 829 839 
2823 260 129 814 921 
2824 793 789 873 937 
2825 762 846 832 857 
2826 180 905 859 967 
2827 250 118 34 921 
2828 110 941 813 1001 
2829 128 811 341 1009 
2830 759 936 874 980 
2831 43 802 722 854 
2832 824 919 758 993 
2833 756 785 914 939 
2834 403 402 401 817 
2835 751 828 780 876 
2836 844 908 756 939 
2837 417 840 757 979 
2838 856 909 594 976 
2839 814 921 129 959 
2840 725 760 838 884 
2841 751 828 876 965 
2842 766 869 942 992 
2843 424 932 422 964 
2844 439 841 443 985 
2845 412 413 927 963 
2846 472 370 372 952 
2847 375 495 472 952 
2848 818 926 779 931 
2849 657 830 452 894 
2850 404 829 839 981 
2851 171 186 211 1003 
2852 458 460 924 983 
2853 290 818 132 931 
2854 796 843 764 872 
2855 365 843 580 872 
2856 434 877 394 885 
2857 274 172 184 906 
2858 375 374 376 952 
2859 482 500 415 795 
2860 280 826 173 904 
2861 199 276 189 865 
2862 529 448 530 784 
2863 420 504 815 930 
2864 766 869 830 918 
2865 134 226 819 933 
2866 838 884 760 975 
2867 433 448 827 885 
2868 535 513 518 779 
2869 149 831 891 980 
2870 424 825 932 964 
2871 300 931 209 1001 
2872 422 466 493 932 
2873 337 274 323 800 
2874 613 783 114 895 
2875 830 869 766 992 
2876 446 510 517 868 
2877 194 844 915 950 
2878 128 285 341 811 
2879 750 835 794 956 
2880 153 156 874 980 
2881 274 184 800 906 
2882 393 845 390 881 
2883 582 702 463 787 
2884 380 892 808 937 
2885 381 799 497 899 
2886 719 513 546 990 
2887 258 957 823 989 
2888 502 465 789 937 
2889 478 888 432 922 
2890 380 808 384 937 
2891 680 563 220 809 
2892 397 369 806 995 
2893 118 247 681 838 
2894 286 849 276 865 
2895 510 575 868 987 
2896 320 123 299 782 
2897 870 934 755 974 
2898 679 788 332 834 
2899 826 869 197 946 
2900 817 826 754 919 
2901 756 927 841 963 
2902 761 844 789 927 
2903 300 813 240 954 
2904 477 882 432 888 
2905 771 875 851 983 
2906 256 866 648 998 
2907 799 857 831 892 
2908 769 832 846 997 
2909 839 898 456 981 
2910 525 351 449 935 
2911 822 948 827 960 
2912 138 850 802 929 
2913 765 815 804 964 
2914 357 641 856 879 
2915 239 939 785 967 
2916 413 411 841 963 
2917 210 324 261 955 
2918 758 804 858 946 
2919 750 848 787 866 
2920 173 280 277 826 
2921 486 409 873 1006 
2922 392 845 393 881 
2923 475 476 848 944 
2924 267 838 118 921 
2925 181 173 174 904 
2926 389 857 832 997 
2927 248 169 185 890 
2928 393 828 418 881 
2929 790 915 844 950 
2930 327 332 244 788 
2931 809 869 830 992 
2932 273 859 230 860 
2933 180 171 170 934 
2934 485 357 907 1002 
2935 408 810 409 925 
2936 773 878 786 912 
2937 436 418 437 935 
2938 283 269 155 958 
2939 764 843 823 916 
2940 164 890 169 961 
2941 502 505 389 832 
2942 370 801 472 949 
2943 564 306 121 809 
2944 784 827 822 948 
2945 455 456 880 981 
2946 384 486 465 873 
2947 798 853 248 957 
2948 828 868 760 943 
2949 214 194 275 915 
2950 408 409 407 925 
2951 757 907 856 1005 
2952 750 787 848 944 
2953 795 840 782 886 
2954 692 693 348 805 
2955 126 256 648 998 
2956 612 345 529 827 
2957 325 869 809 992 
2958 185 302 315 798 
2959 788 809 749 867 
2960 274 800 337 928 
2961 123 782 320 977 
2962 767 885 822 945 
2963 381 382 385 857 
2964 768 831 799 857 
2965 240 813 110 941 
2966 432 888 882 922 
2967 706 513 609 990 
2968 774 813 861 931 
2969 299 782 123 977 
2970 248 798 315 1003 
2971 831 862 759 980 
2972 302 315 798 1003 
2973 744 705 721 910 
2974 384 486 873 1006 
2975 478 386 503 888 
2976 827 885 763 983 
2977 464 881 436 935 
2978 388 385 387 857 
2979 831 759 891 980 
2980 238 240 110 941 
2981 330 299 905 933 
2982 766 804 942 946 
2983 149 151 862 980 
2984 393 392 390 845 
2985 283 155 874 958 
2986 789 465 873 937 
2987 841 927 413 963 
2988 393 395 828 881 
2989 762 891 831 892 
2990 786 900 774 912 
2991 599 907 856 976 
2992 289 823 258 957 
2993 688 559 673 972 
2994 822 827 763 960 
2995 773 896 852 955 
2996 159 276 286 849 
2997 415 872 795 994 
2998 306 895 253 992 
2999 456 483 355 898 
3000 304 226 239 785 
3001 772 914 887 959 
3002 144 143 142 965 
3003 521 452 626 867 
3004 788 749 839 867 
3005 693 692 682 805 
3006 172 890 906 961 
3007 248 853 798 1003 
3008 701 651 686 917 
3009 398 829 806 947 
3010 851 875 763 983 
3011 363 723 546 990 
3012 199 865 189 984 
3013 774 813 812 970 
3014 144 142 876 965 
3015 788 834 747 911 
3016 518 358 481 962 
3017 379 864 378 899 
3018 194 915 790 950 
3019 233 193 844 908 
3020 765 882 865 922 
3021 590 835 880 897 
3022 574 114 613 783 
3023 801 824 753 952 
3024 811 771 924 983 
3025 454 848 476 944 
3026 763 889 822 960 
3027 389 387 857 997 
3028 487 373 837 940 
3029 109 821 909 910 
3030 253 306 307 895 
3031 763 827 822 885 
3032 827 948 811 960 
3033 747 839 781 956 
3034 472 801 383 949 
3035 523 805 871 985 
3036 790 760 903 975 
3037 403 817 918 1007 
3038 487 940 837 1006 
3039 762 831 846 857 
3040 320 821 228 969 
3041 255 112 229 986 
3042 511 347 452 894 
3043 768 877 791 889 
3044 817 938 749 1007 
3045 750 866 800 928 
3046 228 320 969 977 
3047 115 265 273 796 
3048 759 862 936 980 
3049 451 803 530 945 
3050 148 831 846 999 
3051 267 118 250 921 
3052 153 156 283 874 
3053 458 460 459 924 
3054 28 339 338 910 
3055 479 701 724 917 
3056 500 840 461 966 
3057 247 838 282 975 
3058 835 848 750 998 
3059 587 794 126 998 
3060 413 411 491 841 
3061 304 785 239 939 
3062 361 535 471 861 
3063 769 828 881 965 
3064 803 850 802 883 
3065 833 925 776 996 
3066 173 826 277 961 
3067 765 849 815 922 
3068 369 949 806 995 
3069 422 932 858 964 
3070 424 423 825 964 
3071 409 810 408 979 
3072 752 840 795 966 
3073 336 212 823 853 
3074 397 806 398 944 
3075 495 405 488 919 
3076 813 902 771 913 
3077 487 837 373 1006 
3078 827 924 526 983 
3079 363 546 513 990 
3080 887 909 819 976 
3081 580 843 796 872 
3082 433 827 526 983 
3083 483 400 402 839 
3084 660 809 598 830 
3085 759 862 799 899 
3086 376 378 379 864 
3087 193 194 844 915 
3088 417 416 979 1002 
3089 769 876 828 965 
3090 819 856 757 907 
3091 444 446 868 943 
3092 398 806 383 947 
3093 483 867 839 1007 
3094 631 991 111 1000 
3095 296 297 237 893 
3096 112 777 229 986 
3097 187 188 189 878 
3098 769 903 832 943 
3099 143 141 142 965 
3100 725 726 575 760 
3101 878 912 190 984 
3102 139 850 198 883 
3103 248 185 315 798 
3104 288 159 286 936 
3105 781 911 747 956 
3106 283 870 302 958 
3107 564 121 662 809 
3108 494 886 473 1005 
3109 414 412 413 927 
3110 518 481 926 962 
3111 372 837 374 952 
3112 372 855 837 952 
3113 444 356 516 868 
3114 661 830 657 894 
3115 537 854 449 935 
3116 887 914 321 959 
3117 775 786 882 984 
3118 598 452 657 830 
3119 815 858 804 964 
3120 806 829 754 947 
3121 809 830 749 867 
3122 455 360 835 880 
3123 424 422 423 964 
3124 763 889 877 978 
3125 824 864 480 930 
3126 329 307 114 895 
3127 148 147 145 846 
3128 487 808 377 940 
3129 495 405 919 993 
3130 139 119 138 802 
3131 124 818 249 955 
3132 757 979 847 1002 
3133 791 877 763 889 
3134 409 873 810 963 
3135 158 269 164 958 
3136 818 896 773 955 
3137 173 172 906 961 
3138 409 408 410 979 
3139 546 363 640 723 
3140 180 292 231 967 
3141 861 931 813 1001 
3142 754 890 792 961 
3143 680 685 809 867 
3144 445 446 943 987 
3145 191 912 900 984 
3146 529 345 448 827 
3147 239 785 933 967 
3148 319 207 284 928 
3149 440 871 927 985 
3150 796 860 115 1004 
3151 436 393 418 881 
3152 176 183 187 804 
3153 773 896 818 901 
3154 203 262 875 1009 
3155 417 496 494 840 
3156 34 614 250 921 
3157 551 962 719 990 
3158 203 875 202 954 
3159 299 330 320 933 
3160 194 195 844 950 
3161 831 857 762 892 
3162 409 410 963 979 
3163 371 368 489 916 
3164 682 725 575 760 
3165 485 447 357 1002 
3166 487 384 377 808 
3167 281 791 204 889 
3168 758 858 815 993 
3169 191 190 912 984 
3170 800 890 754 906 
3171 455 360 467 835 
3172 226 235 819 914 
3173 260 129 236 814 
3174 798 776 870 1003 
3175 381 497 378 899 
3176 374 372 373 837 
3177 749 938 839 1007 
3178 430 428 477 1008 
3179 281 889 146 951 
3180 755 940 808 1006 
3181 236 914 814 959 
3182 484 669 509 923 
3183 204 251 791 951 
3184 799 862 770 899 
3185 776 925 837 996 
3186 172 169 890 961 
3187 420 480 930 993 
3188 778 899 864 930 
3189 160 192 166 793 
3190 409 963 810 979 
3191 327 332 788 834 
3192 293 145 144 846 
3193 548 485 357 907 
3194 386 497 381 799 
3195 703 796 843 989 
3196 506 379 899 930 
3197 817 919 405 993 
3198 71 629 363 608 
3199 788 839 747 898 
3200 156 160 161 974 
3201 564 661 895 992 
3202 270 157 162 920 
3203 691 917 805 985 
3204 394 388 392 845 
3205 527 464 436 935 
3206 786 765 882 984 
3207 332 679 220 788 
3208 132 931 818 1000 
3209 121 220 563 809 
3210 711 675 710 816 
3211 351 803 527 935 
3212 795 886 782 968 
3213 537 449 437 935 
3214 302 870 798 958 
3215 384 808 380 971 
3216 723 363 629 990 
3217 397 806 369 949 
3218 757 856 821 1005 
3219 821 856 820 1005 
3220 632 218 720 1000 
3221 168 278 161 974 
3222 244 332 220 788 
3223 411 847 963 979 
3224 806 949 748 995 
3225 808 892 380 971 
3226 763 822 889 978 
3227 752 810 966 996 
3228 467 352 454 835 
3229 796 823 764 843 
3230 699 772 731 887 
3231 751 850 881 965 
3232 196 233 193 844 
3233 405 817 401 947 
3234 140 850 138 929 
3235 811 902 771 1009 
3236 371 489 391 833 
3237 141 850 142 965 
3238 795 782 905 968 
3239 874 936 154 980 
3240 378 899 864 971 
3241 167 842 934 974 
3242 731 772 699 907 
3243 925 966 810 996 
3244 291 212 273 823 
3245 411 963 410 979 
3246 763 877 885 978 
3247 302 798 870 1003 
3248 724 479 917 985 
3249 768 877 889 978 
3250 457 455 456 880 
3251 775 882 865 984 
3252 657 452 347 894 
3253 302 798 185 958 
3254 801 792 824 919 
3255 587 344 794 897 
3256 523 805 507 871 
3257 282 950 206 975 
3258 160 793 166 974 
3259 217 309 327 834 
3260 560 902 813 913 
3261 204 791 281 951 
3262 503 434 453 877 
3263 608 513 609 706 
3264 776 859 833 996 
3265 689 129 921 959 
3266 126 587 344 794 
3267 484 537 816 923 
3268 812 913 813 954 
3269 750 829 806 944 
3270 367 843 366 916 
3271 812 771 913 954 
3272 313 809 121 992 
3273 462 475 476 848 
3274 352 476 454 848 
3275 365 872 415 994 
3276 194 195 193 844 
3277 118 282 247 838 
3278 236 196 260 814 
3279 167 908 842 974 
3280 755 837 940 1006 
3281 833 859 752 996 
3282 572 802 803 854 
3283 304 914 785 939 
3284 826 869 749 904 
3285 470 896 519 901 
3286 463 367 475 995 
3287 397 475 369 995 
3288 659 347 515 894 
3289 173 165 172 961 
3290 811 924 827 983 
3291 847 979 416 1002 
3292 363 640 723 629 
3293 413 841 439 927 
3294 765 786 878 984 
3295 764 795 860 872 
3296 172 165 169 961 
3297 444 868 828 943 
3298 516 356 484 816 
3299 636 124 656 955 
3300 384 808 487 1006 
3301 203 875 954 1009 
3302 440 523 871 985 
3303 851 875 775 973 
3304 762 891 793 915 
3305 824 930 480 993 
3306 626 452 598 867 
3307 509 534 359 923 
3308 781 749 904 938 
3309 810 925 408 966 
3310 483 839 402 1007 
3311 381 380 892 971 
3312 371 855 368 916 
3313 896 926 481 962 
3314 865 882 765 984 
3315 346 367 463 843 
3316 692 348 566 805 
3317 202 203 262 875 
3318 113 312 309 834 
3319 433 448 526 827 
3320 805 871 760 987 
3321 748 798 890 957 
3322 634 895 894 953 
3323 799 831 768 951 
3324 110 813 240 1001 
3325 818 901 896 926 
3326 756 847 810 963 
3327 300 209 240 1001 
3328 772 814 914 959 
3329 526 827 345 924 
3330 191 208 900 912 
3331 134 821 320 933 
3332 504 421 420 815 
3333 426 428 427 882 
3334 771 875 811 1009 
3335 426 423 474 964 
3336 399 398 829 944 
3337 419 511 830 918 
3338 833 916 489 994 
3339 411 410 847 979 
3340 808 940 487 1006 
3341 764 860 796 872 
3342 486 407 409 1006 
3343 704 346 463 843 
3344 144 876 298 903 
3345 428 427 882 1008 
3346 368 916 855 949 
3347 813 913 771 954 
3348 859 905 752 967 
3349 151 154 936 980 
3350 506 478 432 922 
3351 311 135 797 836 
3352 794 835 750 998 
3353 396 394 392 885 
3354 532 459 528 924 
3355 506 922 504 930 
3356 531 913 353 970 
3357 896 901 470 926 
3358 421 858 815 964 
3359 677 513 361 609 
3360 134 109 821 909 
3361 661 307 564 895 
3362 130 687 583 834 
3363 797 834 113 982 
3364 282 838 950 975 
3365 839 867 749 1007 
3366 326 822 223 960 
3367 747 834 788 898 
3368 145 143 144 863 
3369 797 836 557 880 
3370 325 809 313 992 
3371 747 898 839 981 
3372 747 911 834 982 
3373 365 482 415 872 
3374 235 887 819 914 
3375 703 843 787 989 
3376 311 836 797 897 
3377 298 215 903 975 
3378 311 897 797 982 
3379 842 908 177 939 
3380 393 395 418 828 
3381 325 221 313 809 
3382 500 496 461 840 
3383 773 901 818 912 
3384 359 854 537 923 
3385 444 445 446 943 
3386 474 815 504 922 
3387 405 401 488 947 
3388 776 934 859 996 
3389 725 552 34 921 
3390 5 574 667 955 
3391 428 432 477 882 
3392 815 504 922 930 
3393 837 940 374 952 
3394 281 146 147 951 
3395 788 867 839 898 
3396 818 901 774 912 
3397 786 775 900 984 
3398 290 249 132 818 
3399 272 223 326 822 
3400 246 271 179 876 
3401 768 857 799 988 
3402 786 901 773 912 
3403 702 787 582 848 
3404 408 810 966 979 
3405 377 808 384 971 
3406 669 484 672 923 
3407 395 498 943 997 
3408 151 936 862 980 
3409 374 837 373 940 
3410 800 748 890 957 
3411 850 767 881 965 
3412 430 812 429 1008 
3413 280 301 325 904 
3414 281 791 889 951 
3415 474 815 922 964 
3416 368 855 370 949 
3417 775 786 900 1008 
3418 517 510 575 868 
3419 772 698 917 959 
3420 157 849 159 936 
3421 759 807 891 980 
3422 774 861 813 970 
3423 962 990 714 1000 
3424 451 351 530 803 
3425 483 450 867 1007 
3426 397 383 398 806 
3427 357 595 641 879 
3428 796 872 860 1004 
3429 755 837 925 996 
3430 271 254 298 903 
3431 786 775 882 1008 
3432 429 430 438 812 
3433 548 549 357 95 
3434 177 842 167 908 
3435 480 864 376 930 
3436 755 908 793 974 
3437 768 889 863 978 
3438 397 383 806 949 
3439 305 124 249 955 
3440 458 430 453 851 
3441 421 815 474 964 
3442 599 550 678 907 
3443 794 750 928 998 
3444 777 893 229 929 
3445 749 918 817 1007 
3446 298 254 215 975 
3447 435 458 453 983 
3448 153 874 154 980 
3449 361 471 533 861 
3450 216 319 318 794 
3451 386 799 381 988 
3452 813 902 240 954 
3453 421 504 474 815 
3454 474 432 882 922 
3455 458 851 453 983 
3456 244 301 181 904 
3457 739 738 777 923 
3458 748 853 798 957 
3459 834 898 747 972 
3460 306 313 121 992 
3461 239 177 939 967 
3462 379 864 899 930 
3463 279 188 183 942 
3464 763 885 822 978 
3465 391 925 833 966 
3466 487 374 373 940 
3467 419 493 511 918 
3468 774 901 786 912 
3469 378 864 376 971 
3470 184 800 890 957 
3471 381 378 380 971 
3472 249 124 218 818 
3473 149 147 831 951 
3474 389 387 382 857 
3475 761 927 871 985 
3476 135 331 310 797 
3477 150 149 151 862 
3478 432 426 474 882 
3479 838 921 267 950 
3480 895 942 252 992 
3481 404 399 400 829 
3482 505 943 871 987 
3483 298 903 254 975 
3484 434 501 394 877 
3485 594 909 856 910 
3486 377 384 380 971 
3487 824 864 753 952 
3488 420 480 504 930 
3489 275 148 846 999 
3490 891 915 762 999 
3491 810 842 755 996 
3492 837 925 373 1006 
3493 738 777 597 986 
3494 326 948 822 960 
3495 358 513 546 719 
3496 225 134 819 909 
3497 228 123 320 977 
3498 137 138 802 929 
3499 817 826 749 938 
3500 355 483 450 867 
3501 486 873 409 963 
3502 664 573 784 883 
3503 484 816 672 923 
3504 679 680 220 788 
3505 754 826 817 938 
3506 872 968 860 1004 
3507 704 565 346 843 
3508 691 614 34 921 
3509 236 321 914 959 
3510 464 527 451 803 
3511 275 148 293 846 
3512 138 140 139 850 
3513 711 578 356 816 
3514 58 880 457 972 
3515 772 887 699 959 
3516 774 901 818 926 
3517 225 819 887 909 
3518 460 526 924 983 
3519 282 267 206 950 
3520 755 842 908 974 
3521 306 121 809 992 
3522 439 413 443 841 
3523 826 904 749 938 
3524 795 905 860 968 
3525 24 615 554 977 
3526 451 464 803 945 
3527 134 226 225 819 
3528 282 838 267 950 
3529 367 843 916 995 
3530 263 287 229 929 
3531 808 873 755 1006 
3532 739 777 854 923 
3533 515 894 538 953 
3534 411 410 416 847 
3535 495 919 824 993 
3536 126 318 319 794 
3537 366 916 843 994 
3538 746 674 237 893 
3539 149 891 152 980 
3540 392 393 464 881 
3541 657 661 660 830 
3542 267 921 260 950 
3543 204 791 251 973 
3544 553 816 893 923 
3545 470 431 469 901 
3546 682 575 693 510 
3547 178 197 869 946 
3548 793 908 166 974 
3549 354 496 500 886 
3550 794 835 747 956 
3551 459 438 458 913 
3552 767 885 845 978 
3553 330 933 905 967 
3554 661 564 660 992 
3555 216 182 207 911 
3556 400 483 404 839 
3557 196 234 233 939 
3558 798 853 776 1003 
3559 866 928 750 998 
3560 376 864 379 930 
3561 864 940 753 952 
3562 433 434 394 885 
3563 169 184 172 890 
3564 263 229 296 893 
3565 648 587 126 998 
3566 490 892 380 937 
3567 619 777 668 923 
3568 802 850 751 929 
3569 165 173 277 961 
3570 320 134 228 821 
3571 470 901 469 926 
3572 441 539 442 852 
3573 562 627 861 1001 
3574 749 867 830 1007 
3575 848 866 750 998 
3576 818 931 779 1000 
3577 357 512 595 879 
3578 723 551 546 990 
3579 486 409 412 963 
3580 409 410 411 963 
3581 149 891 831 999 
3582 505 832 871 943 
3583 626 650 521 867 
3584 775 900 812 1008 
3585 382 380 490 892 
3586 148 149 147 831 
3587 783 895 766 942 
3588 425 424 423 825 
3589 509 359 537 923 
3590 132 991 931 1000 
3591 486 412 873 963 
3592 490 380 384 937 
3593 812 900 786 1008 
3594 566 805 348 985 
3595 274 184 323 800 
3596 484 509 537 923 
3597 235 321 887 914 
3598 18 745 569 866 
3599 463 704 702 582 
3600 233 166 193 908 
3601 841 927 917 985 
3602 240 902 294 954 
3603 768 889 791 951 
3604 391 408 925 966 
3605 205 204 202 875 
3606 752 842 810 996 
3607 272 822 326 948 
3608 551 714 962 990 
3609 424 425 441 825 
3610 767 863 845 965 
3611 302 283 278 870 
3612 755 934 842 974 
3613 464 393 436 881 
3614 621 555 47 811 
3615 748 801 855 949 
3616 438 812 913 970 
3617 471 531 353 970 
3618 833 966 925 996 
3619 759 874 807 980 
3620 756 810 873 963 
3621 141 198 139 850 
3622 288 862 151 936 
3623 841 847 756 963 
3624 795 872 764 994 
3625 450 452 521 867 
3626 785 939 842 967 
3627 396 448 885 945 
3628 754 792 919 961 
3629 739 736 738 923 
3630 657 347 659 894 
3631 132 818 249 1000 
3632 326 224 285 948 
3633 288 151 154 936 
3634 248 853 336 957 
3635 336 248 211 853 
3636 169 890 248 957 
3637 605 902 811 1009 
3638 397 369 383 949 
3639 141 140 142 850 
3640 248 315 211 1003 
3641 216 266 217 911 
3642 444 828 395 943 
3643 399 397 398 944 
3644 391 833 492 966 
3645 419 830 452 1007 
3646 184 323 800 957 
3647 650 611 521 867 
3648 842 939 177 967 
3649 167 934 168 974 
3650 611 355 867 898 
3651 494 496 473 886 
3652 343 272 198 822 
3653 274 906 800 928 
3654 761 871 805 985 
3655 263 229 893 929 
3656 148 149 831 999 
3657 727 726 622 884 
3658 367 366 368 916 
3659 135 557 797 836 
3660 226 235 225 819 
3661 611 867 610 898 
3662 204 202 875 973 
3663 350 593 852 896 
3664 150 862 251 951 
3665 523 507 440 871 
3666 829 938 754 947 
3667 871 943 760 987 
3668 410 416 847 979 
3669 164 169 165 961 
3670 505 498 832 943 
3671 416 491 847 1002 
3672 822 885 767 978 
3673 439 443 479 985 
3674 623 361 533 861 
3675 455 880 835 981 
3676 281 204 222 889 
3677 894 932 538 953 
3678 799 862 831 951 
3679 299 123 245 977 
3680 755 873 810 1006 
3681 433 396 448 885 
3682 810 755 925 996 
3683 813 902 560 941 
3684 225 819 235 887 
3685 398 400 829 947 
3686 230 273 186 859 
3687 752 966 833 996 
3688 245 733 561 968 
3689 121 221 220 809 
3690 28 721 339 910 
3691 829 839 781 938 
3692 249 818 218 1000 
3693 139 259 119 883 
3694 787 866 569 989 
3695 611 355 521 867 
3696 553 671 816 923 
3697 204 281 251 951 
3698 224 811 285 948 
3699 783 766 932 942 
3700 465 486 412 873 
3701 326 224 948 960 
3702 270 159 157 849 
3703 437 484 537 816 
3704 252 895 329 942 
3705 213 869 325 992 
3706 767 845 881 965 
3707 605 811 128 1009 
3708 208 249 290 912 
3709 266 911 216 982 
3710 811 948 224 960 
3711 293 144 298 903 
3712 832 943 498 997 
3713 277 163 165 961 
3714 550 699 772 907 
3715 564 662 660 809 
3716 516 418 444 828 
3717 149 150 147 951 
3718 596 594 639 856 
3719 765 922 815 964 
3720 766 942 895 992 
3721 318 794 344 982 
3722 860 872 795 968 
3723 797 834 747 972 
3724 605 128 902 1009 
3725 150 288 251 862 
3726 814 917 761 921 
3727 501 877 503 988 
3728 864 940 376 971 
3729 747 880 797 972 
3730 177 908 233 939 
3731 230 860 859 905 
3732 845 769 881 965 
3733 478 477 432 888 
3734 347 538 515 894 
3735 348 693 692 566 
3736 271 298 876 903 
3737 349 678 651 772 
3738 264 19 120 989 
3739 794 897 344 982 
3740 495 824 480 993 
3741 345 526 448 827 
3742 110 240 209 1001 
3743 813 913 812 970 
3744 113 310 331 797 
3745 456 483 839 981 
3746 744 644 542 910 
3747 707 852 634 953 
3748 613 634 783 895 
3749 916 949 368 995 
3750 778 864 824 930 
3751 300 240 242 954 
3752 195 267 260 950 
3753 878 786 912 984 
3754 685 598 809 867 
3755 552 692 566 805 
3756 835 880 747 981 
3757 351 527 449 935 
3758 272 343 223 822 
3759 460 526 345 924 
3760 750 829 944 956 
3761 612 827 784 948 
3762 297 38 237 893 
3763 411 416 491 847 
3764 368 371 370 855 
3765 781 839 829 956 
3766 367 346 366 843 
3767 311 606 135 836 
3768 729 545 738 986 
3769 771 902 813 954 
3770 845 863 769 965 
3771 762 846 831 999 
3772 651 772 698 917 
3773 755 810 925 1006 
3774 683 894 515 953 
3775 497 506 379 899 
3776 855 916 748 949 
3777 493 406 858 918 
3778 58 558 524 880 
3779 829 956 839 981 
3780 177 167 233 908 
3781 224 960 262 1009 
3782 492 833 489 994 
3783 186 212 211 853 
3784 479 566 348 985 
3785 298 214 293 903 
3786 201 286 199 865 
3787 191 900 200 984 
3788 248 211 853 1003 
3789 714 990 631 1000 
3790 788 834 583 898 
3791 550 772 678 907 
3792 720 3 218 632 
3793 618 780 674 893 
3794 764 916 833 994 
3795 191 200 199 984 
3796 653 898 834 972 
3797 303 209 931 1001 
3798 501 503 386 988 
3799 389 832 498 997 
3800 532 697 581 913 
3801 239 933 330 967 
3802 900 912 786 984 
3803 216 911 794 982 
3804 191 190 208 912 
3805 481 896 470 926 
3806 583 679 130 834 
3807 662 121 563 809 
3808 294 954 902 1009 
3809 205 875 262 960 
3810 144 271 298 876 
3811 373 925 407 1006 
3812 155 154 153 874 
3813 24 554 734 977 
3814 184 890 169 957 
3815 578 484 356 816 
3816 505 445 943 987 
3817 167 842 170 934 
3818 366 489 368 916 
3819 226 227 239 933 
3820 758 919 817 993 
3821 262 960 875 1009 
3822 753 940 837 952 
3823 401 405 403 817 
3824 720 577 962 1000 
3825 350 852 519 896 
3826 695 576 795 968 
3827 119 137 138 802 
3828 377 376 940 971 
3829 736 668 738 923 
3830 340 219 568 986 
3831 696 579 555 924 
3832 310 311 135 797 
3833 810 752 966 979 
3834 230 245 860 905 
3835 242 191 208 900 
3836 386 381 385 988 
3837 435 433 526 983 
3838 747 834 797 982 
3839 198 232 259 883 
3840 450 419 452 1007 
3841 134 227 226 933 
3842 149 268 891 999 
3843 175 176 162 946 
3844 241 143 146 863 
3845 590 880 836 897 
3846 252 253 895 992 
3847 489 916 366 994 
3848 65 515 508 953 
3849 651 550 699 772 
3850 304 239 177 939 
3851 480 376 379 930 
3852 65 508 708 953 
3853 626 657 598 452 
3854 570 534 509 923 
3855 506 504 379 930 
3856 178 197 213 869 
3857 227 134 320 933 
3858 291 258 823 989 
3859 323 258 257 989 
3860 769 943 832 997 
3861 808 377 940 971 
3862 440 927 439 985 
3863 338 909 594 910 
3864 283 302 269 958 
3865 380 382 381 892 
3866 466 538 894 932 
3867 331 135 557 797 
3868 695 795 576 872 
3869 917 927 761 985 
3870 404 839 483 981 
3871 536 512 357 1005 
3872 308 182 217 911 
3873 189 878 190 984 
3874 502 490 465 937 
3875 508 852 708 953 
3876 190 188 210 878 
3877 693 510 348 805 
3878 931 991 779 1000 
3879 845 863 767 978 
3880 754 906 890 961 
3881 149 268 152 891 
3882 610 788 583 898 
3883 515 591 659 894 
3884 444 395 445 943 
3885 760 943 868 987 
3886 461 840 417 979 
3887 370 472 383 949 
3888 398 383 488 947 
3889 165 163 164 961 
3890 798 870 753 958 
3891 747 794 911 982 
3892 761 921 838 950 
3893 119 259 44 883 
3894 489 492 391 833 
3895 442 538 932 953 
3896 224 205 262 960 
3897 507 871 805 987 
3898 677 72 513 609 
3899 330 905 231 967 
3900 577 636 896 955 
3901 279 252 329 942 
3902 303 51 110 1001 
3903 318 126 344 794 
3904 273 230 115 860 
3905 258 289 212 823 
3906 470 519 499 901 
3907 422 493 406 858 
3908 725 838 622 884 
3909 875 960 811 1009 
3910 631 131 111 991 
3911 654 655 297 893 
3912 547 921 917 959 
3913 224 341 811 1009 
3914 268 275 192 999 
3915 399 398 400 829 
3916 499 427 431 901 
3917 95 549 357 641 
3918 246 125 254 884 
3919 538 511 466 894 
3920 375 480 495 824 
3921 440 505 502 871 
3922 275 915 192 999 
3923 507 805 510 987 
3924 748 949 916 995 
3925 456 355 520 898 
3926 178 175 197 946 
3927 161 160 166 974 
3928 216 794 318 982 
3929 611 650 610 867 
3930 367 916 368 995 
3931 673 585 688 972 
3932 307 661 589 895 
3933 553 746 38 893 
3934 475 397 476 944 
3935 586 562 627 861 
3936 635 481 358 962 
3937 353 532 581 913 
3938 184 169 248 957 
3939 422 858 421 964 
3940 592 577 896 962 
3941 132 127 931 991 
3942 5 656 261 955 
3943 724 917 566 985 
3944 810 963 847 979 
3945 369 368 949 995 
3946 180 186 171 859 
3947 208 314 249 912 
3948 287 140 138 929 
3949 512 879 357 1005 
3950 830 918 749 1007 
3951 566 691 805 985 
3952 654 777 655 893 
3953 215 214 298 903 
3954 618 710 709 780 
3955 724 690 691 917 
3956 808 759 892 971 
3957 227 320 330 933 
3958 724 566 479 985 
3959 106 462 107 848 
3960 543 602 13 557 
3961 166 908 167 974 
3962 128 605 285 811 
3963 532 528 696 924 
3964 573 232 663 948 
3965 226 304 235 914 
3966 250 689 129 921 
3967 139 198 259 883 
3968 197 325 213 869 
3969 731 907 599 976 
3970 843 916 764 994 
3971 235 236 321 914 
3972 224 341 285 811 
3973 243 934 171 1003 
3974 657 659 658 894 
3975 245 561 115 860 
3976 747 911 794 956 
3977 327 130 332 834 
3978 686 651 698 917 
3979 350 539 519 852 
3980 762 831 891 999 
3981 135 606 557 836 
3982 410 417 416 979 
3983 126 344 587 648 
3984 451 527 351 803 
3985 388 390 845 997 
3986 193 192 194 915 
3987 387 389 498 997 
3988 357 641 595 96 
3989 713 473 354 886 
3990 420 495 480 993 
3991 794 587 897 998 
3992 245 561 860 968 
3993 223 222 205 960 
3994 329 252 253 895 
3995 722 802 119 883 
3996 132 249 218 1000 
3997 256 284 257 866 
3998 685 662 563 809 
3999 174 906 274 928 
4000 109 228 134 821 
4001 823 853 748 957 
4002 507 505 871 987 
4003 589 894 634 895 
4004 682 692 552 805 
4005 227 330 239 933 
4006 365 415 366 994 
4007 438 913 531 970 
4008 123 733 245 977 
4009 20 617 565 796 
4010 599 856 594 976 
4011 336 211 212 853 
4012 243 870 934 1003 
4013 694 580 565 872 
4014 768 863 845 978 
4015 117 31 652 959 
4016 506 474 504 922 
4017 671 553 655 777 
4018 787 848 569 866 
4019 745 866 120 989 
4020 639 549 641 856 
4021 779 991 990 1000 
4022 313 221 121 809 
4023 550 731 699 907 
4024 224 811 960 1009 
4025 416 514 491 1002 
4026 210 261 305 955 
4027 513 361 72 677 
4028 437 516 484 816 
4029 627 52 684 991 
4030 263 237 246 893 
4031 408 461 410 966 
4032 391 492 408 966 
4033 492 500 461 966 
4034 680 685 563 809 
4035 164 269 185 958 
4036 270 276 159 849 
4037 521 355 450 867 
4038 496 417 461 840 
4039 294 240 238 902 
4040 714 631 111 1000 
4041 421 422 406 858 
4042 152 268 160 891 
4043 718 544 334 991 
4044 840 966 752 979 
4045 532 696 697 924 
4046 408 966 410 979 
4047 310 797 113 982 
4048 213 325 313 992 
4049 666 595 643 879 
4050 390 392 388 845 
4051 440 439 523 985 
4052 759 864 899 971 
4053 739 777 738 986 
4054 271 144 142 876 
4055 457 58 524 880 
4056 461 410 966 979 
4057 754 817 919 947 
4058 291 258 212 823 
4059 357 595 512 96 
4060 149 152 151 980 
4061 195 196 193 844 
4062 189 190 191 984 
4063 370 371 372 855 
4064 655 777 553 893 
4065 303 209 127 931 
4066 161 167 168 974 
4067 703 604 796 989 
4068 695 795 872 968 
4069 635 896 481 962 
4070 286 276 199 865 
4071 348 510 507 805 
4072 103 616 482 872 
4073 503 477 478 888 
4074 297 328 654 986 
4075 738 668 597 777 
4076 88 578 356 711 
4077 566 917 691 985 
4078 311 797 310 982 
4079 218 577 720 1000 
4080 755 925 837 1006 
4081 454 476 399 944 
4082 32 689 547 959 
4083 230 299 245 905 
4084 167 170 168 934 
4085 486 384 487 1006 
4086 468 471 469 970 
4087 154 157 159 936 
4088 146 143 145 863 
4089 583 788 679 834 
4090 456 404 483 981 
4091 466 442 538 932 
4092 353 624 861 913 
4093 177 170 167 842 
4094 455 835 454 981 
4095 771 954 875 1009 
4096 459 532 353 913 
4097 398 401 400 947 
4098 726 556 868 884 
4099 556 780 868 884 
4100 362 820 879 1005 
4101 518 481 470 926 
4102 727 622 247 884 
4103 672 816 671 923 
4104 779 926 818 962 
4105 505 445 498 943 
4106 385 382 387 857 
4107 403 918 419 1007 
4108 389 505 498 832 
4109 362 494 473 1005 
4110 420 406 405 993 
4111 701 686 724 917 
4112 599 639 594 856 
4113 374 377 376 940 
4114 511 452 419 830 
4115 369 368 370 949 
4116 547 689 921 959 
4117 359 449 537 854 
4118 419 918 830 1007 
4119 612 555 345 827 
4120 618 709 674 780 
4121 461 966 840 979 
4122 515 442 508 953 
4123 650 685 610 867 
4124 556 780 709 868 
4125 487 373 407 1006 
4126 521 611 630 355 
4127 442 852 508 953 
4128 72 608 513 609 
4129 454 455 467 835 
4130 291 264 258 989 
4131 316 741 219 986 
4132 228 109 25 910 
4133 391 407 373 925 
4134 653 834 687 972 
4135 627 732 52 991 
4136 745 120 19 989 
4137 208 190 314 912 
4138 747 956 835 981 
4139 652 699 887 959 
4140 151 153 154 980 
4141 52 732 127 991 
4142 348 805 523 985 
4143 155 153 283 874 
4144 130 312 687 834 
4145 38 655 553 893 
4146 384 465 490 937 
4147 658 661 657 894 
4148 174 274 207 928 
4149 156 153 152 980 
4150 252 213 253 992 
4151 38 297 655 893 
4152 415 492 489 994 
4153 715 718 631 990 
4154 695 735 576 968 
4155 203 954 294 1009 
4156 267 282 118 838 
4157 754 938 817 947 
4158 116 663 232 948 
4159 272 116 232 948 
4160 459 460 528 924 
4161 535 518 469 926 
4162 653 583 834 898 
4163 584 687 312 834 
4164 148 145 293 846 
4165 779 962 818 1000 
4166 541 856 596 910 
4167 755 842 934 996 
4168 120 866 257 989 
4169 262 205 202 875 
4170 413 491 443 841 
4171 137 229 138 929 
4172 507 523 348 805 
4173 811 827 555 948 
4174 438 531 468 970 
4175 455 457 360 880 
4176 407 391 408 925 
4177 776 934 870 1003 
4178 7 661 307 564 
4179 200 202 201 973 
4180 247 36 727 884 
4181 162 158 163 920 
4182 243 168 171 934 
4183 224 262 341 1009 
4184 247 254 884 975 
4185 678 550 651 772 
4186 856 879 820 1005 
4187 157 158 162 920 
4188 183 178 252 942 
4189 462 476 352 848 
4190 209 300 290 931 
4191 178 176 175 946 
4192 498 395 390 997 
4193 206 215 282 975 
4194 818 926 896 962 
4195 271 142 179 876 
4196 525 449 359 854 
4197 292 330 231 967 
4198 725 622 726 884 
4199 470 481 519 896 
4200 902 954 771 1009 
4201 7 307 306 564 
4202 550 599 731 907 
4203 379 378 497 899 
4204 115 245 22 561 
4205 131 54 334 718 
4206 613 114 307 895 
4207 669 672 671 923 
4208 461 417 410 979 
4209 266 216 318 982 
4210 813 861 624 913 
4211 280 173 181 904 
4212 839 956 747 981 
4213 493 403 406 918 
4214 702 787 703 843 
4215 618 674 746 893 
4216 636 656 667 955 
4217 388 387 390 997 
4218 626 598 685 867 
4219 65 683 515 953 
4220 10 583 130 687 
4221 555 827 811 924 
4222 570 509 669 923 
4223 520 898 673 972 
4224 136 344 897 982 
4225 36 125 674 884 
4226 309 312 327 834 
4227 133 909 338 910 
4228 599 549 856 907 
4229 434 503 501 877 
4230 702 569 787 848 
4231 416 417 447 1002 
4232 507 445 505 987 
4233 649 866 848 998 
4234 362 473 571 1005 
4235 638 968 733 977 
4236 592 896 635 962 
4237 630 355 611 898 
4238 229 287 138 929 
4239 82 567 43 854 
4240 666 596 595 879 
4241 166 233 167 908 
4242 256 257 120 866 
4243 136 318 344 982 
4244 450 483 402 1007 
4245 708 508 633 852 
4246 388 501 385 988 
4247 690 917 547 921 
4248 353 624 533 861 
4249 184 289 323 957 
4250 295 30 728 976 
4251 746 237 38 893 
4252 703 787 604 989 
4253 744 645 644 910 
4254 190 189 188 878 
4255 695 872 735 968 
4256 706 609 628 990 
4257 577 124 636 955 
4258 117 322 31 959 
4259 174 173 172 906 
4260 10 332 130 679 
4261 426 432 428 882 
4262 180 230 186 859 
4263 132 111 991 1000 
4264 140 141 139 850 
4265 413 412 411 963 
4266 740 540 729 597 
4267 440 414 439 927 
4268 424 466 422 932 
4269 685 660 662 809 
4270 524 360 457 880 
4271 231 299 230 905 
4272 302 185 269 958 
4273 260 250 129 921 
4274 418 395 444 828 
4275 203 240 294 954 
4276 422 421 423 964 
4277 713 101 354 473 
4278 466 424 442 932 
4279 604 787 569 989 
4280 130 312 584 687 
4281 329 253 307 895 
4282 71 629 640 363 
4283 529 784 664 827 
4284 151 288 150 862 
4285 733 22 245 561 
4286 403 419 402 1007 
4287 485 514 447 1002 
4288 356 444 517 868 
4289 612 784 573 948 
4290 445 395 498 943 
4291 639 599 549 856 
4292 256 18 648 866 
4293 622 725 681 838 
4294 231 330 299 905 
4295 204 251 201 973 
4296 530 448 451 945 
4297 146 281 317 889 
4298 520 673 457 972 
4299 691 917 690 921 
4300 174 172 274 906 
4301 655 654 619 777 
4302 594 856 541 910 
4303 89 575 517 510 
4304 697 76 532 620 
4305 161 166 167 974 
4306 484 669 86 509 
4307 239 292 177 967 
4308 394 396 433 885 
4309 335 887 30 976 
4310 611 610 583 898 
4311 117 652 887 959 
4312 303 110 209 1001 
4313 541 338 594 910 
4314 362 571 820 1005 
4315 262 203 294 1009 
4316 234 914 304 939 
4317 194 206 195 950 
4318 596 856 641 879 
4319 532 620 581 697 
4320 242 200 191 900 
4321 81 82 43 854 
4322 782 886 554 968 
4323 667 852 896 955 
4324 694 365 580 872 
4325 695 576 616 872 
4326 374 487 377 940 
4327 684 334 544 991 
4328 250 260 267 921 
4329 729 738 597 986 
4330 247 125 36 884 
4331 551 631 714 990 
4332 675 711 88 868 
4333 479 348 523 985 
4334 421 474 423 964 
4335 460 345 528 924 
4336 20 264 265 796 
4337 88 575 556 868 
4338 728 29 295 909 
4339 474 506 432 922 
4340 353 620 581 532 
4341 529 612 78 345 
4342 635 358 719 962 
4343 507 505 440 871 
4344 481 350 519 896 
4345 378 376 377 971 
4346 597 668 654 777 
4347 431 470 499 901 
4348 250 614 689 921 
4349 645 596 644 910 
4350 555 665 47 811 
4351 116 326 285 948 
4352 45 79 80 883 
4353 302 870 243 1003 
4354 328 340 654 986 
4355 604 569 866 989 
4356 437 449 436 935 
4357 182 216 217 911 
4358 20 604 264 796 
4359 565 796 580 843 
4360 230 245 115 860 
4361 133 109 909 910 
4362 218 3 577 124 
4363 31 322 32 959 
4364 133 26 109 910 
4365 302 278 243 870 
4366 580 796 565 872 
4367 203 242 240 954 
4368 479 91 348 566 
4369 782 968 554 977 
4370 288 154 159 936 
4371 511 538 347 894 
4372 591 589 658 894 
4373 572 803 802 883 
4374 741 545 219 986 
4375 598 660 685 809 
4376 275 194 192 915 
4377 296 237 263 893 
4378 191 199 189 984 
4379 72 608 363 513 
4380 134 122 109 909 
4381 560 581 697 913 
4382 171 168 170 934 
4383 284 207 337 928 
4384 419 403 493 918 
4385 132 127 209 931 
4386 414 413 439 927 
4387 614 547 689 921 
4388 247 282 254 975 
4389 234 236 235 914 
4390 302 243 315 1003 
4391 539 508 442 852 
4392 455 454 404 981 
4393 515 683 591 894 
4394 627 562 732 1001 
4395 661 7 307 589 
4396 648 866 649 998 
4397 375 472 372 952 
4398 512 364 595 879 
4399 531 459 353 913 
4400 458 435 460 983 
4401 372 374 375 952 
4402 219 316 42 741 
4403 444 446 517 868 
4404 128 294 902 1009 
4405 354 473 496 886 
4406 130 327 312 834 
4407 571 713 820 886 
4408 125 247 254 884 
4409 595 364 643 879 
4410 656 124 261 955 
4411 712 101 354 713 
4412 92 479 522 701 
4413 58 457 59 972 
4414 2 835 590 897 
4415 604 866 745 989 
4416 86 672 669 484 
4417 683 634 589 894 
4418 588 835 2 897 
4419 596 641 595 879 
4420 495 420 405 993 
4421 342 797 688 834 
4422 544 718 715 990 
4423 744 542 705 910 
4424 367 368 369 995 
4425 541 28 338 910 
4426 47 285 605 811 
4427 430 429 428 1008 
4428 451 396 464 945 
4429 245 123 23 733 
4430 334 684 333 991 
4431 578 672 484 816 
4432 347 657 63 452 
4433 610 679 583 788 
4434 604 702 569 787 
4435 584 342 688 834 
4436 266 310 113 982 
4437 247 35 118 681 
4438 148 268 149 999 
4439 637 576 734 886 
4440 564 121 8 662 
4441 429 427 428 1008 
4442 88 517 575 868 
4443 272 326 116 948 
4444 316 219 255 986 
4445 350 667 593 896 
4446 604 703 702 787 
4447 379 504 480 930 
4448 290 132 209 931 
4449 782 554 886 969 
4450 128 294 238 902 
4451 136 897 311 982 
4452 234 235 304 914 
4453 634 894 683 953 
4454 295 728 909 976 
4455 723 640 546 625 
4456 782 554 969 977 
4457 111 218 632 1000 
4458 128 341 294 1009 
4459 525 81 351 854 
4460 8 306 121 564 
4461 462 352 107 848 
4462 292 239 330 967 
4463 613 589 634 895 
4464 358 546 69 719 
4465 132 111 127 991 
4466 133 122 338 909 
4467 576 734 886 968 
4468 92 479 701 724 
4469 281 150 251 951 
4470 551 714 719 962 
4471 111 632 714 1000 
4472 695 616 103 872 
4473 649 648 18 866 
4474 133 339 721 910 
4475 280 181 301 904 
4476 515 538 442 953 
4477 11 130 312 584 
4478 835 897 588 998 
4479 561 860 968 1004 
4480 820 886 554 969 
4481 513 546 69 358 
4482 63 659 657 347 
4483 665 811 555 948 
4484 289 248 336 957 
4485 459 531 438 913 
4486 533 624 623 861 
4487 690 547 614 921 
4488 591 64 515 659 
4489 281 222 317 889 
4490 401 398 488 947 
4491 518 470 469 926 
4492 524 590 360 880 
4493 204 201 202 973 
4494 206 267 195 950 
4495 702 582 569 848 
4496 446 507 510 987 
4497 220 332 10 679 
4498 120 257 258 989 
4499 594 596 541 856 
4500 665 612 663 948 
4501 64 659 347 515 
4502 715 631 551 990 
4503 121 220 9 563 
4504 367 369 475 995 
4505 614 691 690 921 
4506 704 702 703 843 
4507 412 409 411 963 
4508 667 574 852 955 
4509 680 9 220 563 
4510 557 836 602 880 
4511 253 313 306 992 
4512 583 10 130 679 
4513 471 468 531 970 
4514 378 377 380 971 
4515 353 75 620 532 
4516 243 171 211 1003 
4517 338 29 594 909 
4518 321 117 887 959 
4519 207 274 337 928 
4520 397 399 476 944 
4521 369 370 383 949 
4522 636 4 124 577 
4523 34 552 691 921 
4524 484 87 578 356 
4525 579 827 555 924 
4526 487 407 486 1006 
4527 109 122 133 909 
4528 3 720 218 577 
4529 603 115 22 561 
4530 183 252 279 942 
4531 360 2 835 880 
4532 326 223 224 960 
4533 30 887 700 976 
4534 28 541 645 910 
4535 184 248 289 957 
4536 556 709 675 868 
4537 67 667 350 896 
4538 119 44 722 883 
4539 674 780 556 884 
4540 721 26 133 910 
4541 666 596 642 595 
4542 571 473 713 886 
4543 234 177 233 939 
4544 522 349 93 651 
4545 340 568 540 986 
4546 545 568 219 986 
4547 479 92 91 724 
4548 632 714 1 111 
4549 541 596 645 910 
4550 624 861 813 1001 
4551 439 479 523 985 
4552 714 55 111 631 
4553 112 255 328 986 
4554 338 122 29 909 
4555 556 674 709 780 
4556 467 360 2 835 
4557 224 223 205 960 
4558 688 834 797 972 
4559 338 339 133 910 
4560 611 61 521 630 
4561 646 596 856 910 
4562 40 597 340 540 
4563 553 618 746 893 
4564 741 42 219 545 
4565 489 366 415 994 
4566 645 744 721 910 
4567 663 612 573 948 
4568 501 386 385 988 
4569 322 129 32 959 
4570 117 235 321 887 
4571 96 595 512 364 
4572 633 508 66 593 
4573 281 147 150 951 
4574 55 714 111 1 
4575 695 103 694 872 
4576 575 89 693 510 
4577 544 990 628 991 
4578 91 479 724 566 
4579 508 539 350 852 
4580 492 461 408 966 
4581 250 689 33 129 
4582 612 555 827 948 
4583 529 664 612 827 
4584 451 448 396 945 
4585 560 813 624 913 
4586 99 571 601 820 
4587 593 633 508 852 
4588 449 527 436 935 
4589 628 627 684 991 
4590 581 624 353 913 
4591 640 723 629 625 
4592 508 350 593 852 
4593 111 631 55 131 
4594 321 129 322 959 
4595 352 835 588 848 
4596 626 611 521 650 
4597 613 307 589 895 
4598 545 739 738 986 
4599 698 772 699 959 
4600 572 722 802 854 
4601 713 554 820 886 
4602 651 699 698 772 
4603 387 498 390 997 
4604 620 581 75 353 
4605 215 254 282 975 
4606 681 247 35 622 
4607 435 526 460 983 
4608 672 553 671 816 
4609 684 544 628 991 
4610 49 902 238 941 
4611 558 559 557 880 
4612 133 27 721 339 
4613 128 605 48 285 
4614 597 777 654 986 
4615 228 969 24 977 
4616 238 110 607 941 
4617 575 726 556 868 
4618 547 917 698 959 
4619 671 619 668 923 
4620 743 668 736 923 
4621 663 116 665 948 
4622 120 258 264 989 
4623 78 555 345 612 
4624 644 596 642 666 
4625 569 106 107 848 
4626 87 672 86 484 
4627 153 151 152 980 
4628 648 126 17 256 
4629 544 715 717 990 
4630 679 9 220 680 
4631 219 340 328 986 
4632 268 148 275 999 
4633 455 404 456 981 
4634 110 607 50 238 
4635 599 676 549 907 
4636 321 322 117 959 
4637 544 53 718 334 
4638 566 691 552 805 
4639 743 570 668 923 
4640 651 94 349 93 
4641 626 62 657 452 
4642 596 646 644 910 
4643 234 304 177 939 
4644 445 507 446 987 
4645 573 232 46 663 
4646 4 656 124 261 
4647 521 630 61 355 
4648 26 542 647 910 
4649 691 566 724 917 
4650 552 725 682 805 
4651 700 652 699 887 
4652 61 611 521 626 
4653 568 219 41 545 
4654 587 588 897 998 
4655 313 253 213 992 
4656 723 717 715 990 
4657 591 65 515 64 
4658 667 896 636 955 
4659 642 666 595 643 
4660 688 687 834 972 
4661 708 852 707 953 
4662 565 105 346 104 
4663 638 561 733 968 
4664 584 11 130 687 
4665 667 852 593 896 
4666 624 813 941 1001 
4667 122 295 29 909 
4668 689 33 614 250 
4669 588 848 835 998 
4670 350 66 508 593 
4671 592 720 577 962 
4672 59 457 673 972 
4673 566 90 348 693 
4674 3 4 577 124 
4675 659 591 658 894 
4676 467 588 352 835 
4677 662 121 9 563 
4678 700 887 731 976 
4679 416 447 514 1002 
4680 689 32 129 959 
4681 728 594 29 909 
4682 74 75 581 353 
4683 450 402 419 1007 
4684 653 583 687 834 
4685 60 630 585 898 
4686 686 690 724 917 
4687 639 641 596 856 
4688 592 667 635 896 
4689 21 265 115 603 
4690 533 353 74 624 
4691 574 707 593 852 
4692 646 856 596 879 
4693 9 8 121 662 
4694 225 122 134 909 
4695 315 243 211 1003 
4696 649 18 569 866 
4697 547 686 698 917 
4698 87 672 484 578 
4699 624 813 560 941 
4700 649 569 848 866 
4701 657 62 63 452 
4702 318 310 266 982 
4703 593 350 67 667 
4704 111 1 632 218 
4705 669 671 668 923 
4706 718 53 54 334 
4707 729 540 545 986 
4708 90 566 348 91 
4709 555 78 345 77 
4710 305 261 124 955 
4711 312 342 11 584 
4712 542 644 646 910 
4713 635 667 67 896 
4714 49 238 607 941 
4715 719 592 635 962 
4716 42 41 219 545 
4717 58 59 559 972 
4718 524 558 590 880 
4719 557 602 558 880 
4720 557 135 13 606 
4721 720 719 714 962 
4722 708 707 634 953 
4723 536 494 362 1005 
4724 107 649 569 848 
4725 136 311 310 982 
4726 583 585 611 898 
4727 131 54 718 55 
4728 232 116 46 663 
4729 228 25 615 910 
4730 664 784 612 827 
4731 581 560 624 913 
4732 632 720 714 1000 
4733 720 962 714 1000 
4734 341 262 294 1009 
4735 10 9 220 679 
4736 646 596 666 879 
4737 701 522 93 651 
4738 622 247 36 727 
4739 742 743 736 923 
4740 219 328 255 986 
4741 31 32 698 959 
4742 703 604 20 796 
4743 699 731 700 887 
4744 560 902 49 941 
4745 696 528 579 924 
4746 303 52 732 127 
4747 629 717 723 990 
4748 557 13 543 606 
4749 541 28 594 338 
4750 6 589 613 307 
4751 55 631 718 131 
4752 40 597 39 340 
4753 344 126 17 648 
4754 667 592 577 896 
4755 328 340 39 654 
4756 13 14 543 606 
4757 86 570 509 669 
4758 594 909 728 976 
4759 604 569 745 866 
4760 22 21 115 603 
4761 30 335 31 887 
4762 36 674 556 884 
4763 559 59 673 972 
4764 111 132 218 1000 
4765 703 796 565 843 
4766 125 37 36 674 
4767 597 729 740 738 
4768 586 623 624 861 
4769 509 570 85 534 
4770 623 533 74 624 
4771 629 544 717 990 
4772 23 22 245 733 
4773 530 351 80 803 
4774 668 570 669 923 
4775 362 512 536 1005 
4776 617 872 796 1004 
4777 60 673 520 898 
4778 546 363 70 640 
4779 739 854 567 923 
4780 481 358 68 635 
4781 570 86 509 85 
4782 543 56 602 590 
4783 53 544 684 334 
4784 722 44 572 883 
4785 60 585 673 898 
4786 340 219 40 568 
4787 11 10 130 687 
4788 688 687 584 834 
4789 32 547 698 959 
4790 594 28 29 338 
4791 362 879 512 1005 
4792 590 835 2 880 
4793 708 633 707 852 
4794 69 363 546 513 
4795 648 649 587 998 
4796 6 589 307 7 
4797 667 577 636 896 
4798 350 67 66 593 
4799 557 606 543 836 
4800 663 116 46 665 
4801 295 335 30 976 
4802 20 565 703 796 
4803 624 562 861 1001 
4804 225 235 335 887 
4805 704 346 105 463 
4806 340 597 654 986 
4807 593 667 574 852 
4808 597 39 340 654 
4809 617 603 561 1004 
4810 131 127 111 991 
4811 572 351 81 854 
4812 473 362 571 100 
4813 613 574 5 114 
4814 25 109 26 910 
4815 13 331 135 557 
4816 629 628 544 990 
4817 635 358 68 719 
4818 596 644 646 666 
4819 571 554 615 820 
4820 360 524 56 590 
4821 643 646 666 879 
4822 14 311 606 135 
4823 543 602 836 880 
4824 50 51 607 110 
4825 694 565 617 872 
4826 688 653 687 972 
4827 556 726 727 884 
4828 641 357 95 96 
4829 33 34 614 250 
4830 615 601 571 820 
4831 665 555 612 948 
4832 647 542 646 910 
4833 543 836 590 880 
4834 24 969 615 977 
4835 136 310 318 982 
4836 643 595 642 97 
4837 735 734 576 968 
4838 107 352 588 848 
4839 49 128 238 902 
4840 123 228 24 977 
4841 334 333 131 991 
4842 95 357 548 485 
4843 545 540 568 986 
4844 335 235 117 887 
4845 36 35 247 622 
4846 615 969 554 977 
4847 629 706 628 990 
4848 697 621 560 924 
4849 624 562 586 861 
4850 76 697 532 696 
4851 14 13 135 606 
4852 137 119 43 802 
4853 333 127 131 991 
4854 482 102 616 103 
4855 647 25 26 910 
4856 340 540 597 986 
4857 348 693 90 510 
4858 604 19 20 264 
4859 585 898 653 972 
4860 651 94 678 349 
4861 571 101 473 100 
4862 686 547 690 917 
4863 715 551 723 990 
4864 734 554 886 968 
4865 70 546 640 625 
4866 103 580 365 104 
4867 615 24 228 969 
4868 69 68 358 719 
4869 597 540 729 986 
4870 225 295 122 909 
4871 630 611 585 898 
4872 575 88 89 517 
4873 522 93 92 701 
4874 741 739 545 986 
4875 555 811 621 924 
4876 49 605 128 902 
4877 588 108 467 352 
4878 79 529 530 784 
4879 359 567 854 923 
4880 719 720 592 962 
4881 102 101 354 712 
4882 554 968 734 977 
4883 361 73 72 677 
4884 571 101 713 473 
4885 31 652 700 887 
4886 49 560 605 902 
4887 62 626 521 452 
4888 1 3 632 218 
4889 652 698 699 959 
4890 76 528 696 532 
4891 582 105 463 704 
4892 554 571 713 820 
4893 520 59 457 673 
4894 359 534 567 923 
4895 297 328 39 654 
4896 722 572 802 883 
4897 73 361 623 677 
4898 572 80 351 803 
4899 360 590 2 880 
4900 27 133 721 26 
4901 654 38 297 655 
4902 593 707 633 852 
4903 353 581 74 624 
4904 615 820 554 969 
4905 704 703 565 843 
4906 31 117 652 887 
4907 259 232 45 883 
4908 664 612 78 529 
4909 648 17 18 256 
4910 693 89 90 510 
4911 97 643 595 364 
4912 659 63 64 347 
4913 588 649 848 998 
4914 554 713 637 886 
4915 107 588 649 848 
4916 40 340 568 540 
4917 739 567 742 923 
4918 578 88 356 87 
4919 626 61 62 521 
4920 600 364 99 879 
4921 565 796 617 872 
4922 723 629 625 717 
4923 695 617 561 1004 
4924 734 968 638 977 
4925 572 81 722 854 
4926 259 45 44 883 
4927 544 717 715 716 
4928 624 607 562 941 
4929 118 35 34 681 
4930 715 544 716 718 
4931 653 585 583 898 
4932 361 533 73 623 
4933 656 4 5 261 
4934 30 31 700 887 
4935 624 941 562 1001 
4936 232 573 45 883 
4937 543 56 57 602 
4938 76 579 528 77 
4939 508 66 65 633 
4940 71 70 363 640 
4941 41 40 219 568 
4942 467 2 588 835 
4943 114 6 613 307 
4944 587 16 344 897 
4945 630 60 61 355 
4946 601 615 25 910 
4947 84 85 743 534 
4948 696 555 621 924 
4949 108 588 107 352 
4950 590 558 524 602 
4951 705 26 27 721 
4952 51 52 732 303 
4953 595 96 97 364 
4954 123 24 23 977 
4955 545 568 540 729 
4956 49 50 607 238 
4957 620 75 76 532 
4958 334 684 53 333 
4959 734 554 637 886 
4960 98 600 364 99 
4961 45 572 44 883 
4962 47 48 605 285 
4963 684 52 53 333 
4964 105 582 463 106 
4965 363 70 69 546 
4966 696 621 697 924 
4967 557 543 602 836 
4968 570 743 85 534 
4969 335 117 31 887 
4970 100 362 571 99 
4971 99 512 362 879 
4972 136 344 16 897 
4973 8 7 306 564 
4974 742 567 534 923 
4975 558 602 590 880 
4976 590 524 56 602 
4977 265 21 20 603 
4978 645 644 596 642 
4979 715 723 625 717 
4980 82 525 359 854 
4981 32 33 689 129 
4982 119 722 43 802 
4983 99 364 512 879 
4984 688 797 559 972 
4985 540 568 730 729 
4986 588 587 649 998 
4987 587 344 16 648 
4988 481 68 67 635 
4989 79 664 529 784 
4990 24 638 23 977 
4991 81 525 82 854 
4992 561 638 734 968 
4993 331 13 12 557 
4994 543 590 602 880 
4995 633 65 508 708 
4996 608 71 72 363 
4997 29 30 728 295 
4998 745 18 19 120 
4999 342 12 11 584 
5000 612 664 573 784 
5001 734 735 561 968 
5002 673 898 585 972 
5003 297 39 38 654 
5004 316 137 43 741 
5005 237 38 37 746 
5006 48 49 605 128 
5007 116 47 46 665 
5008 695 872 617 1004 
5009 742 84 743 534 
5010 17 16 344 648 
5011 533 74 73 623 
5012 524 58 57 558 
5013 95 548 94 485 
5014 567 84 534 83 
5015 625 629 640 717 
5016 730 40 568 540 
5017 119 44 43 722 
5018 232 46 45 573 
5019 613 5 6 114 
5020 599 594 728 976 
5021 360 56 2 590 
5022 27 28 721 339 
5023 695 694 617 872 
5024 24 25 615 228 
5025 80 81 572 351 
5026 599 700 731 976 
5027 543 606 590 836 
5028 520 60 59 673 
5029 584 342 12 688 
5030 311 14 606 15 
5031 364 97 643 98 
5032 567 82 359 854 
5033 467 2 108 588 
5034 84 567 534 742 
5035 83 359 534 567 
5036 43 42 316 741 
5037 78 79 664 529 
5038 736 740 743 742 
5039 359 83 82 567 
5040 65 591 515 683 
5041 579 76 528 696 
5042 740 729 670 737 
5043 540 740 729 670 
5044 580 103 365 694 
5045 740 729 737 738 
5046 569 582 106 848 
5047 613 574 783 852 
5048 43 722 81 854 
5049 567 739 43 854 
5050 643 600 646 879 
5051 664 45 573 883 
5052 664 79 45 883 
5053 80 572 45 883 
5054 784 803 530 883 
5055 672 618 553 893 
5056 672 553 816 893 
5057 15 2 590 897 
5058 16 587 588 897 
5059 676 94 548 907 
5060 94 485 548 907 
5061 25 646 601 910 
5062 25 647 646 910 
5063 49 624 560 941 
5064 634 65 708 953 
5065 634 683 65 953 
5066 5 667 656 955 
5067 698 652 31 959 
5068 688 585 653 972 
5069 599 728 30 976 
5070 30 700 599 976 
5071 1008 431 812 429 
5072 1008 812 431 901 
5073 970 812 431 429 
5074 970 431 812 901 
5075 955 818 314 912 
5076 899 478 799 497 
5077 899 799 478 888 
5078 1002 349 491 772 
5079 1002 491 349 514 
5080 965 850 863 141 
5081 965 863 850 767 
5082 241 863 850 141 
5083 241 850 863 767 
5084 955 324 114 783 
5085 955 114 324 261 
5086 991 52 333 127 
5087 991 333 52 684 
5088 115 1004 265 796 
5089 115 265 1004 603 
5090 828 935 816 418 
5091 816 935 828 751 
5092 903 780 828 876 
5093 903 828 780 760 
5094 955 314 210 773 
5095 955 210 314 305 
5096 118 34 838 681 
5097 118 838 34 921 
5098 725 838 34 681 
5099 725 34 838 921 
5100 932 918 894 493 
5101 932 894 918 766 
5102 978 317 863 241 
5103 978 863 317 889 
5104 812 901 786 774 
5105 812 786 901 1008 
5106 874 157 920 155 
5107 874 920 157 778 
5108 988 791 888 799 
5109 988 888 791 877 
5110 47 811 948 285 
5111 948 811 47 665 
5112 948 116 47 285 
5113 47 116 948 665 
5114 884 271 903 254 
5115 884 903 271 876 
5116 982 309 911 834 
5117 982 911 309 266 
5118 249 955 314 305 
5119 314 955 249 818 
5120 918 993 758 817 
5121 758 993 918 858 
5122 861 677 623 361 
5123 861 623 677 586 
5124 559 58 880 558 
5125 880 58 559 972 
5126 828 997 881 395 
5127 881 997 828 769 
5128 1005 1002 494 757 
5129 417 494 1002 757 
5130 417 1002 494 447 
5131 935 537 816 437 
5132 935 816 537 854 
5133 861 609 627 586 
5134 861 627 609 779 
5135 989 291 796 823 
5136 989 796 291 264 
5137 998 256 284 126 
5138 998 284 256 866 
5139 907 357 549 856 
5140 898 483 867 839 
5141 898 867 483 355 
5142 946 277 163 175 
5143 946 163 277 826 
5144 816 868 710 780 
5145 816 710 868 675 
5146 709 710 868 780 
5147 709 868 710 675 
5148 170 967 177 292 
5149 177 967 170 842 
5150 971 799 759 892 
5151 971 759 799 899 
5152 883 530 79 80 
5153 883 79 530 784 
5154 548 549 907 357 
5155 548 907 549 676 
5156 931 926 861 774 
5157 931 861 926 779 
5158 660 992 830 661 
5159 830 992 660 809 
5160 934 278 243 168 
5161 934 243 278 870 
5162 1005 536 1002 907 
5163 357 536 1002 447 
5164 357 1002 536 907 
5165 597 740 736 738 
5166 736 740 597 743 
5167 736 668 597 738 
5168 597 668 736 743 
5169 925 409 1006 810 
5170 925 1006 409 407 
5171 974 156 278 161 
5172 974 278 156 807 
5173 970 429 438 812 
5174 970 438 429 468 
5175 363 629 513 608 
5176 363 513 629 990 
5177 706 513 629 608 
5178 706 629 513 990 
5179 905 180 230 231 
5180 905 230 180 859 
5181 895 953 932 894 
5182 932 953 895 783 
5183 932 766 895 894 
5184 895 766 932 783 
5185 959 236 129 814 
5186 959 129 236 321 
5187 610 867 679 788 
5188 610 679 867 685 
5189 680 679 867 788 
5190 680 867 679 685 
5191 928 257 284 866 
5192 928 284 257 337 
5193 601 600 879 646 
5194 601 879 856 646 
5195 856 879 601 820 
5196 601 856 910 646 
5197 452 1007 867 450 
5198 867 1007 452 830 
5199 923 553 777 893 
5200 923 777 553 671 
5201 913 560 771 697 
5202 913 771 560 902 
5203 924 771 560 697 
5204 924 560 771 902 
5205 986 297 777 654 
5206 986 777 297 112 
5207 893 777 297 654 
5208 893 297 777 112 
5209 229 986 137 255 
5210 137 986 229 777 
5211 951 149 862 831 
5212 951 862 149 150 
5213 200 954 242 203 
5214 242 954 200 900 
5215 453 983 434 435 
5216 434 983 453 851 
5217 192 999 891 268 
5218 891 999 192 915 
5219 976 335 909 295 
5220 976 909 335 887 
5221 225 909 335 295 
5222 225 335 909 887 
5223 1001 732 51 562 
5224 1001 51 732 303 
5225 933 969 757 821 
5226 757 969 933 782 
5227 712 886 713 354 
5228 713 886 712 637 
5229 589 894 661 658 
5230 661 894 589 895 
5231 1005 571 886 473 
5232 1005 886 571 820 
5233 989 19 604 264 
5234 989 604 19 745 
5235 872 103 365 482 
5236 872 365 103 694 
5237 991 718 990 631 
5238 991 990 718 544 
5239 910 969 228 821 
5240 228 969 910 615 
5241 67 896 481 635 
5242 481 896 67 350 
5243 115 1004 561 603 
5244 561 1004 115 860 
5245 237 674 37 125 
5246 37 674 237 746 
5247 53 716 718 54 
5248 718 716 53 544 
5249 616 354 102 482 
5250 616 102 354 712 
5251 898 60 355 520 
5252 898 355 60 630 
5253 559 880 797 557 
5254 797 880 559 972 
5255 866 18 120 256 
5256 866 120 18 745 
5257 761 921 805 838 
5258 761 805 921 691 
5259 552 921 805 691 
5260 110 607 1001 51 
5261 110 1001 607 941 
5262 562 1001 607 51 
5263 562 607 1001 941 
5264 131 718 991 631 
5265 131 991 718 334 
5266 955 5 114 261 
5267 955 114 5 574 
5268 910 705 26 542 
5269 910 26 705 721 
5270 99 820 362 571 
5271 362 820 99 879 
5272 924 560 811 621 
5273 924 811 560 902 
5274 605 811 560 621 
5275 605 560 811 902 
5276 23 977 733 123 
5277 733 977 23 638 
5278 602 524 57 558 
5279 602 57 524 56 
5280 534 743 923 570 
5281 534 923 743 742 
5282 16 311 897 15 
5283 16 897 311 136 
5284 77 555 827 345 
5285 77 827 555 579 
5286 924 77 827 345 
5287 924 827 77 579 
5288 528 77 924 345 
5289 528 924 77 579 
5290 365 104 843 346 
5291 365 843 104 580 
5292 565 843 104 346 
5293 565 104 843 580 
5294 557 331 559 12 
5295 557 559 331 797 
5296 43 137 739 741 
5297 787 848 463 582 
5298 106 463 848 582 
5299 106 848 463 462 
5300 777 854 137 739 
5301 43 137 854 739 
5302 43 854 137 802 
5303 868 88 356 711 
5304 868 356 88 517 
5305 618 780 816 710 
5306 816 780 618 893 
5307 816 578 618 710 
5308 836 590 311 606 
5309 836 311 590 897 
5310 15 311 590 606 
5311 15 590 311 897 
5312 907 94 349 678 
5313 907 349 94 485 
5314 921 725 805 838 
5315 921 805 725 552 
5316 968 561 872 735 
5317 968 872 561 1004 
5318 695 872 561 735 
5319 695 561 872 1004 
5320 601 99 879 600 
5321 601 879 99 820 
5322 941 240 902 238 
5323 941 902 240 813 
5324 603 265 796 20 
5325 796 265 603 1004 
5326 796 617 603 20 
5327 603 617 796 1004 
5328 536 1002 494 1005 
5329 536 494 1002 447 
5330 601 856 821 910 
5331 601 821 856 820 
5332 969 601 821 910 
5333 969 821 601 820 
5334 615 601 969 910 
5335 615 969 601 820 
5336 12 342 797 688 
5337 797 342 12 331 
5338 797 559 12 688 
5339 12 559 797 331 
5340 137 739 986 777 
5341 137 986 739 741 
5342 848 463 475 787 
5343 848 475 463 462 
5344 854 137 929 777 
5345 854 929 137 802 
5346 618 816 672 578 
5347 672 816 618 893 
$EndElements
$Parametrizations
2 3
1
81
0 1700 -43.564 0
0 1600 -48.267 1
0 1500 -51.178 2
0 1400 -51.979 3
0 1300 -50.58 4
0 1200 -47.136 5
0 1100 -42.026 6
0 1000 -35.811 7
0 900 -29.178 8
0 800 -22.855 9
0 700 -17.538 10
0 600 -13.814 11
0 500 -12.092 12
0 400 -12.561 13
0 300 -15.171 14
0 200 -19.633 15
0 100 -25.456 16
0 0 -32 17
100 0 -29.5 18
200 0 -27 19
300 0 -24.5 20
400 0 -22 21
500 0 -19.5 22
600 0 -17 23
700 0 -14.5 24
800 0 -12 25
900 0 -9.5 26
1000 0 -7 27
1100 0 -4.5 28
1200 0 -2 29
1300 0 0.5 30
1400 0 3 31
1500 0 5.5 32
1600 0 8 33
1700 0 10.5 34
1800 0 13 35
1900 0 15.5 36
2000 0 18 37
2000 100 24.544 38
2000 200 30.367 39
2000 300 34.829 40
2000 400 37.439 41
2000 500 37.908 42
2000 600 36.186 43
2000 700 32.462 44
2000 800 27.145 45
2000 900 20.822 46
2000 1000 14.189 47
2000 1100 7.974 48
2000 1200 2.864 49
2000 1300 -0.58 50
2000 1400 -1.979 51
2000 1500 -1.178 52
2000 1600 1.733 53
2000 1700 6.436 54
2000 1800 12.412 55
2000 1900 19.003 56
2000 2000 25.483 57
1900 2000 22.983 58
1800 2000 20.483 59
1700 2000 17.983 60
1600 2000 15.483 61
1500 2000 12.983 62
1400 2000 10.483 63
1300 2000 7.983 64
1200 2000 5.483 65
1100 2000 2.983 66
1000 2000 0.483 67
900 2000 -2.017 68
800 2000 -4.517 69
700 2000 -7.017 70
600 2000 -9.516999999999999 71
500 2000 -12.017 72
400 2000 -14.517 73
300 2000 -17.017 74
200 2000 -19.517 75
100 2000 -22.017 76
0 2000 -24.517 77
0 1900 -30.997 78
0 1800 -37.588 79
0 1700 -43.564 80
2
81
300 0 -551.979 0
200 0 -551.979 1
100 0 -551.979 2
0 0 -551.979 3
0 100 -551.979 4
0 200 -551.979 5
0 300 -551.979 6
0 400 -551.979 7
0 500 -551.979 8
0 600 -551.979 9
0 700 -551.979 10
0 800 -551.979 11
0 900 -551.979 12
0 1000 -551.979 13
0 1100 -551.979 14
0 1200 -551.979 15
0 1300 -551.979 16
0 1400 -551.979 17
0 1500 -551.979 18
0 1600 -551.979 19
0 1700 -551.979 20
0 1800 -551.979 21
0 1900 -551.979 22
0 2000 -551.979 23
100 2000 -551.979 24
200 2000 -551.979 25
300 2000 -551.979 26
400 2000 -551.979 27
500 2000 -551.979 28
600 2000 -551.979 29
700 2000 -551.979 30
800 2000 -551.979 31
900 2000 -551.979 32
1000 2000 -551.979 33
1100 2000 -551.979 34
1200 2000 -551.979 35
1300 2000 -551.979 36
1400 2000 -551.979 37
1500 2000 -551.979 38
1600 2000 -551.979 39
1700 2000 -551.979 40
1800 2000 -551.979 41
1900 2000 -551.979 42
2000 2000 -551.979 43
2000 1900 -551.979 44
2000 1800 -551.979 45
2000 1700 -551.979 46
2000 1600 -551.979 47
2000 1500 -551.979 48
2000 1400 -551.979 49
2000 1300 -551.979 50
2000 1200 -551.979 51
2000 1100 -551.979 52
2000 1000 -551.979 53
2000 900 -551.979 54
2000 800 -551.979 55
2000 700 -551.979 56
2000 600 -551.979 57
2000 500 -551.979 58
2000 400 -551.979 59
2000 300 -551.979 60
2000 200 -551.979 61
2000 100 -551.979 62
2000 0 -551.979 63
1900 0 -551.979 64
1800 0 -551.979 65
1700 0 -551.979 66
1600 0 -551.979 67
1500 0 -551.979 68
1400 0 -551.979 69
1300 0 -551.979 70
1200 0 -551.979 71
1100 0 -551.979 72
1000 0 -551.979 73
900 0 -551.979 74
800 0 -551.979 75
700 0 -551.979 76
600 0 -551.979 77
500 0 -551.979 78
400 0 -551.979 79
300 0 -551.979 80
1
441 800
0 0 -32 0.9999999999999999 0 0 0 0 0 0 0
100 0 -29.5 0.9969199372054598 0.07842600845549683 0 0 0 0 0 0
100 100 -22.956 0.9636100117551765 -8.39359119912018e-05 0 0 0 0 0 0
0 100 -25.456 0.9969086850436386 -0.07856891041985613 0 0 0 0 0 0
200 0 -27 0.9876987223954766 0.1563689028494576 0 0 0 0 0 0
200 100 -20.456 0.9370010148256895 0.07747208292440901 0 0 0 0 0 0
300 0 -24.5 0.9723931594113635 0.233348545163639 0 0 0 0 0 0
300 100 -17.956 0.9103038885363752 0.1538797794065298 0 0 0 0 0 0
400 0 -22 0.9510975324433139 0.3088907311335833 0 0 0 0 0 0
400 100 -15.456 0.8811092865327945 0.2288449031533764 0 0 0 0 0 0
500 0 -19.5 0.9239430252279494 0.382530111406442 0 0 0 0 0 0
500 100 -12.956 0.8483899178743057 0.3020422333537397 0 0 0 0 0 0
600 0 -17 0.8910969129400262 0.4538130581514322 0 0 0 0 0 0
600 100 -10.456 0.8116704331183694 0.3731348856350871 0 0 0 0 0 0
700 0 -14.5 0.8527615317563512 0.5223004594642452 0 0 0 0 0 0
700 100 -7.956 0.7707455882117815 0.4417853855622622 0 0 0 0 0 0
800 0 -12 0.8091730324395207 0.5875704243515245 0 0 0 0 0 0
800 100 -5.456 0.7255656685243809 0.507663386137211 0 0 0 0 0 0
900 0 -9.5 0.7605999256195661 0.649220881632369 0 0 0 0 0 0
900 100 -2.956 0.676182483958731 0.5704518020747622 0 0 0 0 0 0
1000 0 -7 0.7073414277347501 0.7068720567473051 0 0 0 0 0 0
1000 100 -0.456 0.6227207492382814 0.6298521399972725 0 0 0 0 0 0
1100 0 -4.5 0.6497256178207289 0.7601688112172664 0 0 0 0 0 0
1100 100 2.044 0.5653614318241894 0.6855894461295537 0 0 0 0 0 0
1200 0 -2 0.5881074165024893 0.808782830341228 0 0 0 0 0 0
1200 100 4.544 0.5043312924183982 0.7374171725361974 0 0 0 0 0 0
1300 0 0.5 0.5228663996387253 0.8524146456559958 0 0 0 0 0 0
1300 100 7.044 0.4398958729244402 0.7851222655152058 0 0 0 0 0 0
1400 0 3 0.4544044600868764 0.8907954796995516 0 0 0 0 0 0
1400 100 9.544 0.3723545137280403 0.8285308929905204 0 0 0 0 0 0
1500 0 5.5 0.3831433319926545 0.9236889017139734 0 0 0 0 0 0
1500 100 12.044 0.302036612928721 0.8675155126372186 0 0 0 0 0 0
1600 0 8 0.309521992854739 0.9508922840885979 0 0 0 0 0 0
1600 100 14.544 0.2292986623109702 0.9020046302180478 0 0 0 0 0 0
1700 0 10.5 0.2339939593682562 0.9722380505715496 0 0 0 0 0 0
1700 100 17.044 0.154521770878938 0.9319981548347626 0 0 0 0 0 0
1800 0 13 0.1570244937049788 0.9875947085604979 0 0 0 0 0 0
1800 100 19.544 0.07810948641113949 0.9575954398342995 0 0 0 0 0 0
1900 0 15.5 0.07908773743991683 0.9968676591136033 0 0 0 0 0 0
1900 100 22.044 0.0004857651283518276 0.9790560590548306 0 0 0 0 0 0
2000 0 18 0.0006637907796691689 0.9999997796908762 0 0 0 0 0 0
2000 100 24.544 -0.07790715431710372 0.996960618733865 0 0 0 0 0 0
100 200 -17.133 0.9369854134291642 -0.07766953004852642 0 0 0 0 0 0
0 200 -19.633 0.9876593227535947 -0.156617566632579 0 0 0 0 0 0
200 200 -14.633 0.8949053122415466 -8.109356638001689e-05 0 0 0 0 0 0
300 200 -12.133 0.8565828349401708 0.07612360678951792 0 0 0 0 0 0
400 200 -9.632999999999999 0.8188325753246257 0.1508184632480009 0 0 0 0 0 0
500 200 -7.133 0.7798407394140288 0.2238170120027108 0 0 0 0 0 0
600 200 -4.633 0.7385718536245955 0.294899342667463 0 0 0 0 0 0
700 200 -2.133 0.6944282785121593 0.3638294685606829 0 0 0 0 0 0
800 200 0.367 0.6470736953669923 0.4303675716549561 0 0 0 0 0 0
900 200 2.867 0.5963393636424352 0.4942795137927241 0 0 0 0 0 0
1000 200 5.367 0.5421716992596404 0.5553448905167889 0 0 0 0 0 0
1100 200 7.867 0.4846013862646963 0.6133643806996295 0 0 0 0 0 0
1200 200 10.367 0.4237243549079715 0.6681669307134934 0 0 0 0 0 0
1300 200 12.867 0.3596896684247255 0.7196172797386325 0 0 0 0 0 0
1400 200 15.367 0.2926916288398034 0.7676244551525313 0 0 0 0 0 0
1500 200 17.867 0.222964554851988 0.8121521937326057 0 0 0 0 0 0
1600 200 20.367 0.1507792904004135 0.8532329343494434 0 0 0 0 0 0
1700 200 22.867 0.07644084345546748 0.8909884580721601 0 0 0 0 0 0
1800 200 25.367 0.0002867617316320883 0.9256632755222792 0 0 0 0 0 0
1900 200 27.867 -0.07731401001627571 0.9576832153367261 0 0 0 0 0 0
2000 200 30.367 -0.155961932976402 0.9877630664598998 0 0 0 0 0 0
100 300 -12.671 0.910273735658335 -0.154075693188114 0 0 0 0 0 0
0 300 -15.171 0.9723218653399273 -0.2336454368950625 0 0 0 0 0 0
200 300 -10.171 0.8565798713792204 -0.07623682259311913 0 0 0 0 0 0
300 300 -7.671 0.8081272769114587 -1.241612192275019e-05 0 0 0 0 0 0
400 300 -5.171 0.7622130975857327 0.07460971056157982 0 0 0 0 0 0
500 300 -2.671 0.7168750658919234 0.1475678402179451 0 0 0 0 0 0
600 300 -0.171 0.6707887853449866 0.2187517489881044 0 0 0 0 0 0
700 300 2.329 0.6230797024095782 0.2880221531098426 0 0 0 0 0 0
800 300 4.829 0.5731765105589169 0.3552256570494721 0 0 0 0 0 0
900 300 7.329 0.5207143962784881 0.4202067851352959 0 0 0 0 0 0
1000 300 9.829000000000001 0.4654736864473693 0.4828182620287982 0 0 0 0 0 0
1100 300 12.329 0.4073409746459502 0.5429303592455408 0 0 0 0 0 0
1200 300 14.829 0.3462842672812663 0.6004399342610471 0 0 0 0 0 0
1300 300 17.329 0.2823370019242064 0.655279738874441 0 0 0 0 0 0
1400 300 19.829 0.2155878173393622 0.7074286558821274 0 0 0 0 0 0
1500 300 22.329 0.1461741334691396 0.7569237628134776 0 0 0 0 0 0
1600 300 24.829 0.07427828487193101 0.8038755891987517 0 0 0 0 0 0
1700 300 27.329 0.0001253638888836303 0.8484887547038903 0 0 0 0 0 0
1800 300 29.829 -0.07601780229132335 0.8910914881676097 0 0 0 0 0 0
1900 300 32.329 -0.1538429216199143 0.9321791523451952 0 0 0 0 0 0
2000 300 34.829 -0.2329999671317582 0.9724767428152715 0 0 0 0 0 0
100 400 -10.061 0.8810764886440673 -0.2290074360689083 0 0 0 0 0 0
0 400 -12.561 0.9510024921759129 -0.309183214090291 0 0 0 0 0 0
200 400 -7.561 0.8188444815108006 -0.1508669552311451 0 0 0 0 0 0
300 400 -5.061 0.7622362791788739 -0.07454053779549483 0 0 0 0 0 0
400 400 -2.561 0.7091895445880886 9.376169689042454e-05 0 0 0 0 0 0
500 400 -0.061 0.6579512165490228 0.07307994364784011 0 0 0 0 0 0
600 400 2.439 0.6071646514235456 0.1444050992652921 0 0 0 0 0 0
700 400 4.939 0.5558286192755288 0.2140179459218113 0 0 0 0 0 0
800 400 7.439 0.5032207336474288 0.2818445352267536 0 0 0 0 0 0
900 400 9.939 0.4488272368237151 0.3478016520833705 0 0 0 0 0 0
1000 400 12.439 0.392289398006907 0.4118086009607787 0 0 0 0 0 0
1100 400 14.939 0.3333654353198549 0.4737980195129334 0 0 0 0 0 0
1200 400 17.439 0.2719044027197333 0.5337262802371088 0 0 0 0 0 0
1300 400 19.939 0.2078287573057122 0.5915840110484487 0 0 0 0 0 0
1400 400 22.439 0.1411231163495602 0.6474073095986416 0 0 0 0 0 0
1500 400 24.939 0.07182740572870584 0.7012903585818347 0 0 0 0 0 0
1600 400 27.439 3.309749306804393e-05 0.7534003841063667 0 0 0 0 0 0
1700 400 29.939 -0.07411842199360302 0.8039962311036067 0 0 0 0 0 0
1800 400 32.439 -0.150436059560769 0.8534521556634077 0 0 0 0 0 0
1900 400 34.939 -0.2286782990261589 0.9022883151997156 0 0 0 0 0 0
2000 400 37.439 -0.3085518792886589 0.9512075156281287 0 0 0 0 0 0
100 500 -9.592000000000001 0.8483680430247725 -0.3021627820946003 0 0 0 0 0 0
0 500 -12.092 0.9238343960413299 -0.382792383271861 0 0 0 0 0 0
200 500 -7.092 0.7798838031746129 -0.2238060385460177 0 0 0 0 0 0
300 500 -4.592 0.7169416882761488 -0.1474198579999074 0 0 0 0 0 0
400 500 -2.092 0.6579993200544344 -0.07279532985069014 0 0 0 0 0 0
500 500 0.408 0.6016071732988054 0.0001986008010356219 0 0 0 0 0 0
600 500 2.908 0.5465225493786487 0.07163204243296528 0 0 0 0 0 0
700 500 5.408 0.4917394885478377 0.1415306499367321 0 0 0 0 0 0
800 500 7.908 0.4364697419526746 0.2098908299741762 0 0 0 0 0 0
900 500 10.408 0.3801064880598745 0.276693513974801 0 0 0 0 0 0
1000 500 12.908 0.3221877967774317 0.3419167292996986 0 0 0 0 0 0
1100 500 15.408 0.2623662577232265 0.4055473366830494 0 0 0 0 0 0
1200 500 17.908 0.2003860465987659 0.4675923350933888 0 0 0 0 0 0
1300 500 20.408 0.1360667627075907 0.5280901449744868 0 0 0 0 0 0
1400 500 22.908 0.06929284590744875 0.5871223060671293 0 0 0 0 0 0
1500 500 25.408 7.365183414446653e-06 0.644826080524101 0 0 0 0 0 0
1600 500 27.908 -0.07179090483604872 0.7014085297172072 0 0 0 0 0 0
1700 500 30.408 -0.1460480537886143 0.7571626931187363 0 0 0 0 0 0
1800 500 32.908 -0.2226540281849227 0.8124864184516204 0 0 0 0 0 0
1900 500 35.408 -0.3014406485889092 0.8679038791778356 0 0 0 0 0 0
2000 500 37.908 -0.3821790661851731 0.9240882865667268 0 0 0 0 0 0
100 600 -11.314 0.8116626454426922 -0.3732368536334137 0 0 0 0 0 0
0 600 -13.814 0.8909739006968496 -0.4540545212604325 0 0 0 0 0 0
200 600 -8.814 0.7386510176950082 -0.294863873012815 0 0 0 0 0 0
300 600 -6.314 0.6709054079165467 -0.2185688167264892 0 0 0 0 0 0
400 600 -3.814 0.6072692521114043 -0.1440733917115988 0 0 0 0 0 0
500 600 -1.314 0.5465808678385051 -0.0711758410423006 0 0 0 0 0 0
600 600 1.186 0.4877662166472501 0.0002628361208948697 0 0 0 0 0 0
700 600 3.686 0.4298883234762964 0.07033328734974255 0 0 0 0 0 0
800 600 6.186 0.3721594615476354 0.1390919742817344 0 0 0 0 0 0
900 600 8.686 0.3139312778199446 0.2065746922098508 0 0 0 0 0 0
1000 600 11.186 0.2546759485221506 0.2728093687118874 0 0 0 0 0 0
1100 600 13.686 0.1939663280123367 0.3378282664049904 0 0 0 0 0 0
1200 600 16.186 0.1314589293297911 0.4016798118903264 0 0 0 0 0 0
1300 600 18.686 0.06688113117807869 0.4644403160996357 0 0 0 0 0 0
1400 600 21.186 2.276365936034234e-05 0.5262258723246697 0 0 0 0 0 0
1500 600 23.686 -0.0692683614977168 0.5872047299503216 0 0 0 0 0 0
1600 600 26.186 -0.1410876813314791 0.6476104367962464 0 0 0 0 0 0
1700 600 28.686 -0.2154726887649703 0.707755985032703 0 0 0 0 0 0
1800 600 31.186 -0.2924001314801952 0.7680490021948317 0 0 0 0 0 0
1900 600 33.686 -0.3717823117372882 0.8290075480906284 0 0 0 0 0 0
2000 600 36.186 -0.4534630009678697 0.8912751016118503 0 0 0 0 0 0
100 700 -15.038 0.7707373736010623 -0.4419158780385936 0 0 0 0 0 0
0 700 -17.538 0.8526043480489089 -0.5225570071179746 0 0 0 0 0 0
200 700 -12.538 0.6945314828525894 -0.3638261132671316 0 0 0 0 0 0
300 700 -10.038 0.6232356791166934 -0.2878685994737929 0 0 0 0 0 0
400 700 -7.538 0.5559800886207487 -0.2137093009937876 0 0 0 0 0 0
500 700 -5.038 0.4918471465276343 -0.1410895587925133 0 0 0 0 0 0
600 700 -2.538 0.4299380107129642 -0.06981448919747715 0 0 0 0 0 0
700 700 -0.038 0.3694193095012929 0.000259700438638767 0 0 0 0 0 0
800 700 2.462 0.3095468423804001 0.06923877819847594 0 0 0 0 0 0
900 700 4.962 0.2496710269897272 0.1372034740260751 0 0 0 0 0 0
1000 700 7.462 0.1892314105652161 0.204222165171515 0 0 0 0 0 0
1100 700 9.962 0.1277465508117743 0.270363221446955 0 0 0 0 0 0
1200 700 12.462 0.06480351093650151 0.3357070838254493 0 0 0 0 0 0
1300 700 14.962 4.938659501144099e-05 0.4003582081601717 0 0 0 0 0 0
1400 700 17.462 -0.06681400613602148 0.4644570265472806 0 0 0 0 0 0
1500 700 19.962 -0.1360320026463972 0.5281920711731686 0 0 0 0 0 0
1600 700 22.462 -0.2077958125520052 0.5918123655366626 0 0 0 0 0 0
1700 700 24.962 -0.2822387659373918 0.6556400942133114 0 0 0 0 0 0
1800 700 27.462 -0.3594309623483612 0.7200833701053376 0 0 0 0 0 0
1900 700 29.962 -0.4393732096703495 0.7856485591069227 0 0 0 0 0 0
2000 700 32.462 -0.5219909410889573 0.8529510287355685 0 0 0 0 0 0
100 800 -20.355 0.7255269566134991 -0.5078727336212975 0 0 0 0 0 0
0 800 -22.855 0.8089454601989572 -0.5878836980419659 0 0 0 0 0 0
200 800 -17.855 0.6471744389800294 -0.4304543337658592 0 0 0 0 0 0
300 800 -15.355 0.5733477010846771 -0.3551661049801494 0 0 0 0 0 0
400 800 -12.855 0.5033966359405914 -0.2816290009945571 0 0 0 0 0 0
500 800 -10.355 0.4366053942718367 -0.209539022649553 0 0 0 0 0 0
600 800 -7.855 0.3722379802682502 -0.1386570493566303 0 0 0 0 0 0
700 800 -5.355 0.3095757893982461 -0.06879740316361764 0 0 0 0 0 0
800 800 -2.855 0.247942253734713 0.0001842930178673222 0 0 0 0 0 0
900 800 -0.355 0.1867147706062158 0.06840353272348747 0 0 0 0 0 0
1000 800 2.145 0.125327104503219 0.1359593496267742 0 0 0 0 0 0
1100 800 4.645 0.06326628325950991 0.2029466211481868 0 0 0 0 0 0
1200 800 7.145 6.753736370521905e-05 0.269468227094643 0 0 0 0 0 0
1300 800 9.645 -0.06469009683374567 0.3356470955708056 0 0 0 0 0 0
1400 800 12.145 -0.1313858322901674 0.4016381860865252 0 0 0 0 0 0
1500 800 14.645 -0.2003560043187703 0.4676404428925438 0 0 0 0 0 0
1600 800 17.145 -0.2718896617888931 0.5339086998091683 0 0 0 0 0 0
1700 800 19.645 -0.3462214208547132 0.6007654225865524 0 0 0 0 0 0
1800 800 22.145 -0.4235226056004989 0.6686120178273823 0 0 0 0 0 0
1900 800 24.645 -0.5038919025896583 0.737939193975397 0 0 0 0 0 0
2000 800 27.145 -0.5873465979880875 0.8093355137591702 0 0 0 0 0 0
100 900 -26.678 0.676079080823645 -0.5707708300210058 0 0 0 0 0 0
0 900 -29.178 0.7602626072900877 -0.6496158618418103 0 0 0 0 0 0
200 900 -24.178 0.5964072292359712 -0.4944928859743193 0 0 0 0 0 0
300 900 -21.678 0.5208735014510016 -0.4202830792890459 0 0 0 0 0 0
400 900 -19.178 0.4490029751139431 -0.3477258690499789 0 0 0 0 0 0
500 900 -16.678 0.38024771011861 -0.276481647582856 0 0 0 0 0 0
600 900 -14.178 0.3140177055891331 -0.2062774115442691 0 0 0 0 0 0
700 900 -11.678 0.2497088957744047 -0.1368961075512513 0 0 0 0 0 0
800 900 -9.178000000000001 0.1867242551779959 -0.06816513389192805 0 0 0 0 0 0
900 900 -6.678 0.1244867158959114 5.561744931388504e-05 0 0 0 0 0 0
1000 900 -4.178 0.06244486683597101 0.06788591253669757 0 0 0 0 0 0
1100 900 -1.678 7.368547322388428e-05 0.1354373653254799 0 0 0 0 0 0
1200 900 0.822 -0.06312707215270927 0.2028255929004485 0 0 0 0 0 0
1300 900 3.322 -0.1276343856269998 0.2701823107141185 0 0 0 0 0 0
1400 900 5.822 -0.1939014257201033 0.3376673528744242 0 0 0 0 0 0
1500 900 8.321999999999999 -0.2623536330772122 0.4054805779746647 0 0 0 0 0 0
1600 900 10.822 -0.3333808977431957 0.4738735634463992 0 0 0 0 0 0
1700 900 13.322 -0.4073262273921394 0.543160901661384 0 0 0 0 0 0
1800 900 15.822 -0.484472164818966 0.6137307879465345 0 0 0 0 0 0
1900 900 18.322 -0.5650267806282233 0.686054433203951 0 0 0 0 0 0
2000 900 20.822 -0.649111063416662 0.7606936488167165 0 0 0 0 0 0
100 1000 -33.311 0.6225295680741687 -0.6302781020715744 0 0 0 0 0 0
0 1000 -35.811 0.7068695375138154 -0.707343945287584 0 0 0 0 0 0
200 1000 -30.811 0.5421858198960753 -0.55568508032583 0 0 0 0 0 0
300 1000 -28.311 0.4656025087339455 -0.4830340948918591 0 0 0 0 0 0
400 1000 -25.811 0.3924497052432812 -0.4118798602167059 0 0 0 0 0 0
500 1000 -23.311 0.3223221502374912 -0.3418554362199477 0 0 0 0 0 0
600 1000 -20.811 0.2547602282862645 -0.2726632018640318 0 0 0 0 0 0
700 1000 -18.311 0.1892699347536648 -0.2040645189912676 0 0 0 0 0 0
800 1000 -15.811 0.1253391018388886 -0.1358685461308974 0 0 0 0 0 0
900 1000 -13.311 0.0624484161612264 -0.06792054894619655 0 0 0 0 0 0
1000 1000 -10.811 7.721765547602494e-05 -8.994443327696914e-05 0 0 0 0 0 0
1100 1000 -8.311 -0.06229476451149078 0.06774177758330947 0 0 0 0 0 0
1200 1000 -5.811 -0.1251878690520656 0.1356931797824648 0 0 0 0 0 0
1300 1000 -3.311 -0.1891229677871611 0.2038950091695411 0 0 0 0 0 0
1400 1000 -0.8110000000000001 -0.2546197548004611 0.2725022956379595 0 0 0 0 0 0
1500 1000 1.689 -0.3221909917762946 0.3417063431228773 0 0 0 0 0 0
1600 1000 4.189 -0.392331557857807 0.4117464726920931 0 0 0 0 0 0
1700 1000 6.689 -0.4655023212945477 0.4829212848920135 0 0 0 0 0 0
1800 1000 9.189 -0.5421103130601561 0.5555991021228114 0 0 0 0 0 0
1900 1000 11.689 -0.6224879597372545 0.6302271455067009 0 0 0 0 0 0
2000 1000 14.189 -0.7068745759718279 0.7073389101729441 0 0 0 0 0 0
100 1100 -39.526 0.5650813390644038 -0.686086402176396 0 0 0 0 0 0
0 1100 -42.026 0.6491216429124385 -0.7606846210504433 0 0 0 0 0 0
200 1100 -37.026 0.4845595892995533 -0.6137947443628404 0 0 0 0 0 0
300 1100 -34.526 0.4074381194305818 -0.5432498911447415 0 0 0 0 0 0
400 1100 -32.026 0.3335108781936184 -0.4739821251106651 0 0 0 0 0 0
500 1100 -29.526 0.2624968234405338 -0.4056043496501956 0 0 0 0 0 0
600 1100 -27.026 0.1940540548150325 -0.3378027769759709 0 0 0 0 0 0
700 1100 -24.526 0.127793488099466 -0.2703264088319718 0 0 0 0 0 0
800 1100 -22.026 0.06329025477111233 -0.2029757900054252 0 0 0 0 0 0
900 1100 -19.526 9.157199154011497e-05 -0.1355913497421548 0 0 0 0 0 0
1000 1100 -17.026 -0.06227930160893602 -0.06804152006661926 0 0 0 0 0 0
1100 1100 -14.526 -0.1243225005719771 -0.0002107288715994938 0 0 0 0 0 0
1200 1100 -12.026 -0.1865630593128031 0.06801269279535843 0 0 0 0 0 0
1300 1100 -9.526 -0.2495525293016185 0.1367486753470699 0 0 0 0 0 0
1400 1100 -7.026 -0.3138682719025835 0.2061376239753274 0 0 0 0 0 0
1500 1100 -4.526 -0.3801078055568697 0.276352611432215 0 0 0 0 0 0
1600 1100 -2.026 -0.4488759627999541 0.3476113992494302 0 0 0 0 0 0
1700 1100 0.474 -0.5207638959890696 0.4201880271142452 0 0 0 0 0 0
1800 1100 2.974 -0.5963212425090316 0.4944235930217201 0 0 0 0 0 0
1900 1100 5.474 -0.6760254057783178 0.5707357530314089 0 0 0 0 0 0
2000 1100 7.974 -0.7602535725032319 0.6496264353427076 0 0 0 0 0 0
100 1200 -44.636 0.5039831604285664 -0.7379293617928728 0 0 0 0 0 0
0 1200 -47.136 0.5874018244413907 -0.8092954322390097 0 0 0 0 0 0
200 1200 -42.136 0.4236423844154171 -0.6686268187559378 0 0 0 0 0 0
300 1200 -39.636 0.3463634505117952 -0.6008001381136234 0 0 0 0 0 0
400 1200 -37.136 0.2720487813279095 -0.5339593805652872 0 0 0 0 0 0
500 1200 -34.636 0.2005279782179205 -0.4677037774488959 0 0 0 0 0 0
600 1200 -32.136 0.1315671650477468 -0.4017113749370552 0 0 0 0 0 0
700 1200 -29.636 0.06487786426753578 -0.3357277340481331 0 0 0 0 0 0
800 1200 -27.136 0.0001241654649820538 -0.2695541990865657 0 0 0 0 0 0
900 1200 -24.636 -0.06307284371675108 -0.2030360033777078 0 0 0 0 0 0
1000 1200 -22.136 -0.1251339315883564 -0.1360503242061517 0 0 0 0 0 0
1100 1200 -19.636 -0.1865237635480022 -0.06849430377589232 0 0 0 0 0 0
1200 1200 -17.136 -0.2477552917769856 -0.0002730011496244702 0 0 0 0 0 0
1300 1200 -14.636 -0.3093948185455245 0.06871277729891928 0 0 0 0 0 0
1400 1200 -12.136 -0.3720651167936271 0.1385788047572043 0 0 0 0 0 0
1500 1200 -9.635999999999999 -0.4364430658464091 0.2094698983686052 0 0 0 0 0 0
1600 1200 -7.136 -0.503247790248241 0.281572401307141 0 0 0 0 0 0
1700 1200 -4.636 -0.5732161221755189 0.3551264207622202 0 0 0 0 0 0
1800 1200 -2.136 -0.6470652227116582 0.4304373979282746 0 0 0 0 0 0
1900 1200 0.364 -0.7254472122056785 0.5078864518657332 0 0 0 0 0 0
2000 1200 2.864 -0.8089053420288173 0.5879388978773576 0 0 0 0 0 0
100 1300 -48.08 0.4395102214536307 -0.7855942639214007 0 0 0 0 0 0
0 1300 -50.58 0.5221040088091308 -0.8528818229892315 0 0 0 0 0 0
200 1300 -45.58 0.3595892285820957 -0.7200428521485455 0 0 0 0 0 0
300 1300 -43.08 0.2824150663488246 -0.6556116258889334 0 0 0 0 0 0
400 1300 -40.58 0.2079868816602579 -0.5917940563548281 0 0 0 0 0 0
500 1300 -38.08 0.1362347379278789 -0.528182074424015 0 0 0 0 0 0
600 1300 -35.58 0.06702553422411993 -0.4644536239523082 0 0 0 0 0 0
700 1300 -33.08 0.0001682854377201676 -0.4003598273454156 0 0 0 0 0 0
800 1300 -30.58 -0.0645821566825726 -0.3357122791128109 0 0 0 0 0 0
900 1300 -28.08 -0.1275238383527586 -0.2703706350251615 0 0 0 0 0 0
1000 1300 -25.58 -0.1890095766940126 -0.2042304776423678 0 0 0 0 0 0
1100 1300 -23.08 -0.2494522673639066 -0.1372113480448592 0 0 0 0 0 0
1200 1300 -20.58 -0.3093333514031049 -0.0692447949861123 0 0 0 0 0 0
1300 1300 -18.08 -0.3692133155118738 -0.0002622852589861859 0 0 0 0 0 0
1400 1300 -15.58 -0.4297418126815258 0.06981716095100414 0 0 0 0 0 0
1500 1300 -13.08 -0.4916631663402264 0.1410996895010773 0 0 0 0 0 0
1600 1300 -10.58 -0.5558109655771142 0.2137296560923874 0 0 0 0 0 0
1700 1300 -8.08 -0.6230844494507323 0.2879027843817261 0 0 0 0 0 0
1800 1300 -5.58 -0.6944019011059167 0.3638789861744844 0 0 0 0 0 0
1900 1300 -3.08 -0.7706344357459882 0.4419941449251976 0 0 0 0 0 0
2000 1300 -0.58 -0.8525350672645086 0.5226700288751022 0 0 0 0 0 0
100 1400 -49.479 0.3719521931661632 -0.8289243901083786 0 0 0 0 0 0
0 1400 -51.979 0.4536227881119683 -0.8911937870662723 0 0 0 0 0 0
200 1400 -46.979 0.2925824101124959 -0.7679675465348904 0 0 0 0 0 0
300 1400 -44.479 0.2156674948556846 -0.7076776926146409 0 0 0 0 0 0
400 1400 -41.979 0.1412939588228436 -0.6475356449359465 0 0 0 0 0 0
500 1400 -39.479 0.0694844312089396 -0.5871331925001432 0 0 0 0 0 0
600 1400 -36.979 0.000201105489964957 -0.5261570577942816 0 0 0 0 0 0
700 1400 -34.479 -0.06665160912582022 -0.4643735643055598 0 0 0 0 0 0
800 1400 -31.979 -0.13122598127518 -0.4016144068384456 0 0 0 0 0 0
900 1400 -29.479 -0.1937322356931858 -0.337763459293216 0 0 0 0 0 0
1000 1400 -26.979 -0.2544430469236355 -0.2727443711419589 0 0 0 0 0 0
1100 1400 -24.479 -0.3137019621618982 -0.2065086512895151 0 0 0 0 0 0
1200 1400 -21.979 -0.3719361922819737 -0.1390239357847261 0 0 0 0 0 0
1300 1400 -19.479 -0.4296736214784194 -0.07026214887594234 0 0 0 0 0 0
1400 1400 -16.979 -0.4875626433700769 -0.0001872878458878188 0 0 0 0 0 0
1500 1400 -14.479 -0.5463909905104792 0.071257396599399 0 0 0 0 0 0
1600 1400 -11.979 -0.6070956065524085 0.1441629595133893 0 0 0 0 0 0
1700 1400 -9.478999999999999 -0.6707504954057972 0.2186690028134294 0 0 0 0 0 0
1800 1400 -6.979 -0.738517403557192 0.2949782054932381 0 0 0 0 0 0
1900 1400 -4.479 -0.8115532419230572 0.3733702987213068 0 0 0 0 0 0
2000 1400 -1.979 -0.8908924801039533 0.4542142543934827 0 0 0 0 0 0
100 1500 -48.678 0.3016119081297245 -0.8678161138853716 0 0 0 0 0 0
0 1500 -51.178 0.3823531622515156 -0.9240162657206129 0 0 0 0 0 0
200 1500 -46.178 0.222828943246268 -0.8123901975585927 0 0 0 0 0 0
300 1500 -43.678 0.1462297494835451 -0.7570621242481844 0 0 0 0 0 0
400 1500 -41.178 0.07198042531305308 -0.7013058383227047 0 0 0 0 0 0
500 1500 -38.678 0.0001897537424439502 -0.6447223854968878 0 0 0 0 0 0
600 1500 -36.178 -0.06908912808342192 -0.587018082467488 0 0 0 0 0 0
700 1500 -33.678 -0.1358579235181675 -0.5279854955477662 0 0 0 0 0 0
800 1500 -31.178 -0.2001738737611647 -0.4674871433676975 0 0 0 0 0 0
900 1500 -28.678 -0.2621527595234255 -0.4054413464023877 0 0 0 0 0 0
1000 1500 -26.178 -0.3219751580999866 -0.3418095782878215 0 0 0 0 0 0
1100 1500 -23.678 -0.3798970499071471 -0.2765847403765572 0 0 0 0 0 0
1200 1500 -21.178 -0.4362659879837578 -0.2097798625434929 0 0 0 0 0 0
1300 1500 -18.678 -0.491544024254328 -0.1414167900248292 0 0 0 0 0 0
1400 1500 -16.178 -0.5463380589603558 -0.07151444223242209 0 0 0 0 0 0
1500 1500 -13.678 -0.6014363380043531 -7.623840033424192e-05 0 0 0 0 0 0
1600 1500 -11.178 -0.6578446849784498 0.07292368620273441 0 0 0 0 0 0
1700 1500 -8.678000000000001 -0.7168054844365608 0.1475557217368547 0 0 0 0 0 0
1800 1500 -6.178 -0.779767783500679 0.2239513705831563 0 0 0 0 0 0
1900 1500 -3.678 -0.8482734616634219 0.3023203499309688 0 0 0 0 0 0
2000 1500 -1.178 -0.923762259647719 0.3829664314930749 0 0 0 0 0 0
100 1600 -45.767 0.2288141176321154 -0.9022172180169268 0 0 0 0 0 0
0 1600 -48.267 0.3087002854264677 -0.9511593629763719 0 0 0 0 0 0
200 1600 -43.267 0.1505684272159069 -0.8533671550391897 0 0 0 0 0 0
300 1600 -40.767 0.07425255998029673 -0.8039028497745354 0 0 0 0 0 0
400 1600 -38.267 0.0001054585372881232 -0.7533019203961797 0 0 0 0 0 0
500 1600 -35.767 -0.07168344285943049 -0.701188719693601 0 0 0 0 0 0
600 1600 -33.267 -0.1409738178950185 -0.6473035434475379 0 0 0 0 0 0
700 1600 -30.767 -0.2076748755485844 -0.5914786398367967 0 0 0 0 0 0
800 1600 -28.267 -0.2717471394927989 -0.5336195038823993 0 0 0 0 0 0
900 1600 -25.767 -0.3332063067162776 -0.4736898343542754 0 0 0 0 0 0
1000 1600 -23.267 -0.3921301597382604 -0.411698864290211 0 0 0 0 0 0
1100 1600 -20.767 -0.4486698454862023 -0.3476901134015465 0 0 0 0 0 0
1200 1600 -18.267 -0.5030673256178594 -0.2817308491796502 0 0 0 0 0 0
1300 1600 -15.767 -0.5556814914851596 -0.2139016787115 0 0 0 0 0 0
1400 1600 -13.267 -0.6070262266749484 -0.1442857392998234 0 0 0 0 0 0
1500 1600 -10.767 -0.6578239696787184 -0.07295692739474538 0 0 0 0 0 0
1600 1600 -8.266999999999999 -0.7090758550690126 3.347544737832637e-05 0 0 0 0 0 0
1700 1600 -5.767 -0.7621381692987215 0.07467248598032854 0 0 0 0 0 0
1800 1600 -3.267 -0.8187632320973151 0.151003967496191 0 0 0 0 0 0
1900 1600 -0.767 -0.881012257401246 0.2291498011345729 0 0 0 0 0 0
2000 1600 1.733 -0.9509542410241387 0.3093315882321177 0 0 0 0 0 0
100 1700 -41.064 0.153918454259788 -0.9321349301316231 0 0 0 0 0 0
0 1700 -43.564 0.2330933269684579 -0.9724543695838771 0 0 0 0 0 0
200 1700 -38.564 0.07608544495780076 -0.8910337463513256 0 0 0 0 0 0
300 1700 -36.064 -5.9529169116851e-05 -0.8484228448785324 0 0 0 0 0 0
400 1700 -33.564 -0.07421079232499302 -0.8038048198141998 0 0 0 0 0 0
500 1700 -31.064 -0.1461032472733512 -0.7568500877213067 0 0 0 0 0 0
600 1700 -28.564 -0.2155129275481731 -0.7073531569795248 0 0 0 0 0 0
700 1700 -26.064 -0.2822582268955916 -0.6552029504773627 0 0 0 0 0 0
800 1700 -23.564 -0.3462022003455159 -0.6003620529491402 0 0 0 0 0 0
900 1700 -21.064 -0.4072565284111861 -0.5428513743557621 0 0 0 0 0 0
1000 1700 -18.564 -0.4653880013389713 -0.4827380333115553 0 0 0 0 0 0
1100 1700 -16.064 -0.52062878970565 -0.4201250871983078 0 0 0 0 0 0
1200 1700 -13.564 -0.5730924496325428 -0.3551422056567993 0 0 0 0 0 0
1300 1700 -11.064 -0.622998786599866 -0.2879366263783074 0 0 0 0 0 0
1400 1700 -8.564 -0.6707127255552495 -0.2186638174059236 0 0 0 0 0 0
1500 1700 -6.064 -0.716805641592083 -0.1474772240046373 0 0 0 0 0 0
1600 1700 -3.564 -0.7621520598991899 -0.07451629208511246 0 0 0 0 0 0
1700 1700 -1.064 -0.8080761362140384 0.0001083854412118915 0 0 0 0 0 0
1800 1700 1.436 -0.8565394684258992 0.07633438620806605 0 0 0 0 0 0
1900 1700 3.936 -0.9102435524914486 0.1541727880853166 0 0 0 0 0 0
2000 1700 6.436 -0.972299430142063 0.2337387818600503 0 0 0 0 0 0
100 1800 -35.088 0.07732974112388299 -0.957663756384956 0 0 0 0 0 0
0 1800 -37.588 0.1559955920257131 -0.9877577513077522 0 0 0 0 0 0
200 1800 -32.588 -0.0002800880489314481 -0.925635178116171 0 0 0 0 0 0
300 1800 -30.088 -0.07643767248614187 -0.8909555044826196 0 0 0 0 0 0
400 1800 -27.588 -0.1507762957648793 -0.8531975091620122 0 0 0 0 0 0
500 1800 -25.088 -0.2229598847840717 -0.8121156726987917 0 0 0 0 0 0
600 1800 -22.588 -0.2926843924920104 -0.7675875349834506 0 0 0 0 0 0
700 1800 -20.088 -0.3596795922327743 -0.719580222793722 0 0 0 0 0 0
800 1800 -17.588 -0.4237115578518926 -0.6681297335498912 0 0 0 0 0 0
900 1800 -15.088 -0.4845862366965583 -0.6133268842542295 0 0 0 0 0 0
1000 1800 -12.588 -0.5421547263395743 -0.5553068491917731 0 0 0 0 0 0
1100 1800 -10.088 -0.5963212040458353 -0.494240637837391 0 0 0 0 0 0
1200 1800 -7.588 -0.6470550612097753 -0.4303275546952335 0 0 0 0 0 0
1300 1800 -5.088 -0.6944099356577507 -0.3637880111329853 0 0 0 0 0 0
1400 1800 -2.588 -0.7385546007091924 -0.2948561842272595 0 0 0 0 0 0
1500 1800 -0.08799999999999999 -0.7798253764666939 -0.2237719900732278 0 0 0 0 0 0
1600 1800 2.412 -0.8188198443912008 -0.1507716336283297 0 0 0 0 0 0
1700 1800 4.912 -0.8565732953833606 -0.07607549289902235 0 0 0 0 0 0
1800 1800 7.412 -0.8948990535691868 0.0001289846611890716 0 0 0 0 0 0
1900 1800 9.912000000000001 -0.9369813554814037 0.07771370201562913 0 0 0 0 0 0
2000 1800 12.412 -0.9876539852600518 0.156651222146325 0 0 0 0 0 0
100 1900 -28.497 -0.0005013953742723728 -0.9790516986049584 0 0 0 0 0 0
0 1900 -30.997 0.07790390026760649 -0.9969608730151324 0 0 0 0 0 0
200 1900 -25.997 -0.07813164596763977 -0.9575883223943171 0 0 0 0 0 0
300 1900 -23.497 -0.15454690092708 -0.9319898778557559 0 0 0 0 0 0
400 1900 -20.997 -0.2293246032785568 -0.9019962403303586 0 0 0 0 0 0
500 1900 -18.497 -0.3020621030113442 -0.8675075727024989 0 0 0 0 0 0
600 1900 -15.997 -0.3723788686342279 -0.8285236161585643 0 0 0 0 0 0
700 1900 -13.497 -0.4399187739588069 -0.7851156363560959 0 0 0 0 0 0
800 1900 -10.997 -0.5043526463622716 -0.7374110379999168 0 0 0 0 0 0
900 1900 -8.497 -0.5653812795177442 -0.685583578103151 0 0 0 0 0 0
1000 1900 -5.997 -0.6227392067824981 -0.6298462760768915 0 0 0 0 0 0
1100 1900 -3.497 -0.6761997049365591 -0.5704456715104642 0 0 0 0 0 0
1200 1900 -0.997 -0.7255818185922088 -0.5076567272159834 0 0 0 0 0 0
1300 1900 1.503 -0.770760825115998 -0.4417779603868192 0 0 0 0 0 0
1400 1900 4.003 -0.8116848856352237 -0.3731264992741659 0 0 0 0 0 0
1500 1900 6.503 -0.8484036559819319 -0.3020327681824002 0 0 0 0 0 0
1600 1900 9.003 -0.881122271106216 -0.2288343897054751 0 0 0 0 0 0
1700 1900 11.503 -0.9103158783638585 -0.1538685539104578 0 0 0 0 0 0
1800 1900 14.003 -0.9370113783652539 -0.07746116971143566 0 0 0 0 0 0
1900 1900 16.503 -0.9636172722258102 9.176687277256787e-05 0 0 0 0 0 0
2000 1900 19.003 -0.9969089414848581 0.07856565653986511 0 0 0 0 0 0
100 2000 -22.017 -0.07908773743991739 -0.9968676591136032 0 0 0 0 0 0
0 2000 -24.517 -0.0006637907796692913 -0.9999997796908762 0 0 0 0 0 0
200 2000 -19.517 -0.1570244937049776 -0.9875947085604981 0 0 0 0 0 0
300 2000 -17.017 -0.2339939593682553 -0.9722380505715497 0 0 0 0 0 0
400 2000 -14.517 -0.3095219928547384 -0.9508922840885982 0 0 0 0 0 0
500 2000 -12.017 -0.383143331992654 -0.9236889017139736 0 0 0 0 0 0
600 2000 -9.516999999999999 -0.4544044600868763 -0.8907954796995516 0 0 0 0 0 0
700 2000 -7.017 -0.5228663996387253 -0.8524146456559956 0 0 0 0 0 0
800 2000 -4.517 -0.5881074165024889 -0.808782830341228 0 0 0 0 0 0
900 2000 -2.017 -0.6497256178207286 -0.7601688112172666 0 0 0 0 0 0
1000 2000 0.483 -0.7073414277347497 -0.7068720567473052 0 0 0 0 0 0
1100 2000 2.983 -0.760599925619566 -0.649220881632369 0 0 0 0 0 0
1200 2000 5.483 -0.8091730324395203 -0.5875704243515245 0 0 0 0 0 0
1300 2000 7.983 -0.8527615317563507 -0.5223004594642456 0 0 0 0 0 0
1400 2000 10.483 -0.891096912940026 -0.4538130581514324 0 0 0 0 0 0
1500 2000 12.983 -0.923943025227949 -0.3825301114064424 0 0 0 0 0 0
1600 2000 15.483 -0.9510975324433135 -0.3088907311335834 0 0 0 0 0 0
1700 2000 17.983 -0.9723931594113632 -0.2333485451636393 0 0 0 0 0 0
1800 2000 20.483 -0.9876987223954766 -0.156368902849458 0 0 0 0 0 0
1900 2000 22.983 -0.9969199372054601 -0.07842600845549701 0 0 0 0 0 0
2000 2000 25.483 -1 -3.216245299353273e-16 0 0 0 0 0 0
0 1 2
0 2 3
1 4 5
1 5 2
4 6 7
4 7 5
6 8 9
6 9 7
8 10 11
8 11 9
10 12 13
10 13 11
12 14 15
12 15 13
14 16 17
14 17 15
16 18 19
16 19 17
18 20 21
18 21 19
20 22 23
20 23 21
22 24 25
22 25 23
24 26 27
24 27 25
26 28 29
26 29 27
28 30 31
28 31 29
30 32 33
30 33 31
32 34 35
32 35 33
34 36 37
34 37 35
36 38 39
36 39 37
38 40 41
38 41 39
3 2 42
3 42 43
2 5 44
2 44 42
5 7 45
5 45 44
7 9 46
7 46 45
9 11 47
9 47 46
11 13 48
11 48 47
13 15 49
13 49 48
15 17 50
15 50 49
17 19 51
17 51 50
19 21 52
19 52 51
21 23 53
21 53 52
23 25 54
23 54 53
25 27 55
25 55 54
27 29 56
27 56 55
29 31 57
29 57 56
31 33 58
31 58 57
33 35 59
33 59 58
35 37 60
35 60 59
37 39 61
37 61 60
39 41 62
39 62 61
43 42 63
43 63 64
42 44 65
42 65 63
44 45 66
44 66 65
45 46 67
45 67 66
46 47 68
46 68 67
47 48 69
47 69 68
48 49 70
48 70 69
49 50 71
49 71 70
50 51 72
50 72 71
51 52 73
51 73 72
52 53 74
52 74 73
53 54 75
53 75 74
54 55 76
54 76 75
55 56 77
55 77 76
56 57 78
56 78 77
57 58 79
57 79 78
58 59 80
58 80 79
59 60 81
59 81 80
60 61 82
60 82 81
61 62 83
61 83 82
64 63 84
64 84 85
63 65 86
63 86 84
65 66 87
65 87 86
66 67 88
66 88 87
67 68 89
67 89 88
68 69 90
68 90 89
69 70 91
69 91 90
70 71 92
70 92 91
71 72 93
71 93 92
72 73 94
72 94 93
73 74 95
73 95 94
74 75 96
74 96 95
75 76 97
75 97 96
76 77 98
76 98 97
77 78 99
77 99 98
78 79 100
78 100 99
79 80 101
79 101 100
80 81 102
80 102 101
81 82 103
81 103 102
82 83 104
82 104 103
85 84 105
85 105 106
84 86 107
84 107 105
86 87 108
86 108 107
87 88 109
87 109 108
88 89 110
88 110 109
89 90 111
89 111 110
90 91 112
90 112 111
91 92 113
91 113 112
92 93 114
92 114 113
93 94 115
93 115 114
94 95 116
94 116 115
95 96 117
95 117 116
96 97 118
96 118 117
97 98 119
97 119 118
98 99 120
98 120 119
99 100 121
99 121 120
100 101 122
100 122 121
101 102 123
101 123 122
102 103 124
102 124 123
103 104 125
103 125 124
106 105 126
106 126 127
105 107 128
105 128 126
107 108 129
107 129 128
108 109 130
108 130 129
109 110 131
109 131 130
110 111 132
110 132 131
111 112 133
111 133 132
112 113 134
112 134 133
113 114 135
113 135 134
114 115 136
114 136 135
115 116 137
115 137 136
116 117 138
116 138 137
117 118 139
117 139 138
118 119 140
118 140 139
119 120 141
119 141 140
120 121 142
120 142 141
121 122 143
121 143 142
122 123 144
122 144 143
123 124 145
123 145 144
124 125 146
124 146 145
127 126 147
127 147 148
126 128 149
126 149 147
128 129 150
128 150 149
129 130 151
129 151 150
130 131 152
130 152 151
131 132 153
131 153 152
132 133 154
132 154 153
133 134 155
133 155 154
134 135 156
134 156 155
135 136 157
135 157 156
136 137 158
136 158 157
137 138 159
137 159 158
138 139 160
138 160 159
139 140 161
139 161 160
140 141 162
140 162 161
141 142 163
141 163 162
142 143 164
142 164 163
143 144 165
143 165 164
144 145 166
144 166 165
145 146 167
145 167 166
148 147 168
148 168 169
147 149 170
147 170 168
149 150 171
149 171 170
150 151 172
150 172 171
151 152 173
151 173 172
152 153 174
152 174 173
153 154 175
153 175 174
154 155 176
154 176 175
155 156 177
155 177 176
156 157 178
156 178 177
157 158 179
157 179 178
158 159 180
158 180 179
159 160 181
159 181 180
160 161 182
160 182 181
161 162 183
161 183 182
162 163 184
162 184 183
163 164 185
163 185 184
164 165 186
164 186 185
165 166 187
165 187 186
166 167 188
166 188 187
169 168 189
169 189 190
168 170 191
168 191 189
170 171 192
170 192 191
171 172 193
171 193 192
172 173 194
172 194 193
173 174 195
173 195 194
174 175 196
174 196 195
175 176 197
175 197 196
176 177 198
176 198 197
177 178 199
177 199 198
178 179 200
178 200 199
179 180 201
179 201 200
180 181 202
180 202 201
181 182 203
181 203 202
182 183 204
182 204 203
183 184 205
183 205 204
184 185 206
184 206 205
185 186 207
185 207 206
186 187 208
186 208 207
187 188 209
187 209 208
190 189 210
190 210 211
189 191 212
189 212 210
191 192 213
191 213 212
192 193 214
192 214 213
193 194 215
193 215 214
194 195 216
194 216 215
195 196 217
195 217 216
196 197 218
196 218 217
197 198 219
197 219 218
198 199 220
198 220 219
199 200 221
199 221 220
200 201 222
200 222 221
201 202 223
201 223 222
202 203 224
202 224 223
203 204 225
203 225 224
204 205 226
204 226 225
205 206 227
205 227 226
206 207 228
206 228 227
207 208 229
207 229 228
208 209 230
208 230 229
211 210 231
211 231 232
210 212 233
210 233 231
212 213 234
212 234 233
213 214 235
213 235 234
214 215 236
214 236 235
215 216 237
215 237 236
216 217 238
216 238 237
217 218 239
217 239 238
218 219 240
218 240 239
219 220 241
219 241 240
220 221 242
220 242 241
221 222 243
221 243 242
222 223 244
222 244 243
223 224 245
223 245 244
224 225 246
224 246 245
225 226 247
225 247 246
226 227 248
226 248 247
227 228 249
227 249 248
228 229 250
228 250 249
229 230 251
229 251 250
232 231 252
232 252 253
231 233 254
231 254 252
233 234 255
233 255 254
234 235 256
234 256 255
235 236 257
235 257 256
236 237 258
236 258 257
237 238 259
237 259 258
238 239 260
238 260 259
239 240 261
239 261 260
240 241 262
240 262 261
241 242 263
241 263 262
242 243 264
242 264 263
243 244 265
243 265 264
244 245 266
244 266 265
245 246 267
245 267 266
246 247 268
246 268 267
247 248 269
247 269 268
248 249 270
248 270 269
249 250 271
249 271 270
250 251 272
250 272 271
253 252 273
253 273 274
252 254 275
252 275 273
254 255 276
254 276 275
255 256 277
255 277 276
256 257 278
256 278 277
257 258 279
257 279 278
258 259 280
258 280 279
259 260 281
259 281 280
260 261 282
260 282 281
261 262 283
261 283 282
262 263 284
262 284 283
263 264 285
263 285 284
264 265 286
264 286 285
265 266 287
265 287 286
266 267 288
266 288 287
267 268 289
267 289 288
268 269 290
268 290 289
269 270 291
269 291 290
270 271 292
270 292 291
271 272 293
271 293 292
274 273 294
274 294 295
273 275 296
273 296 294
275 276 297
275 297 296
276 277 298
276 298 297
277 278 299
277 299 298
278 279 300
278 300 299
279 280 301
279 301 300
280 281 302
280 302 301
281 282 303
281 303 302
282 283 304
282 304 303
283 284 305
283 305 304
284 285 306
284 306 305
285 286 307
285 307 306
286 287 308
286 308 307
287 288 309
287 309 308
288 289 310
288 310 309
289 290 311
289 311 310
290 291 312
290 312 311
291 292 313
291 313 312
292 293 314
292 314 313
295 294 315
295 315 316
294 296 317
294 317 315
296 297 318
296 318 317
297 298 319
297 319 318
298 299 320
298 320 319
299 300 321
299 321 320
300 301 322
300 322 321
301 302 323
301 323 322
302 303 324
302 324 323
303 304 325
303 325 324
304 305 326
304 326 325
305 306 327
305 327 326
306 307 328
306 328 327
307 308 329
307 329 328
308 309 330
308 330 329
309 310 331
309 331 330
310 311 332
310 332 331
311 312 333
311 333 332
312 313 334
312 334 333
313 314 335
313 335 334
316 315 336
316 336 337
315 317 338
315 338 336
317 318 339
317 339 338
318 319 340
318 340 339
319 320 341
319 341 340
320 321 342
320 342 341
321 322 343
321 343 342
322 323 344
322 344 343
323 324 345
323 345 344
324 325 346
324 346 345
325 326 347
325 347 346
326 327 348
326 348 347
327 328 349
327 349 348
328 329 350
328 350 349
329 330 351
329 351 350
330 331 352
330 352 351
331 332 353
331 353 352
332 333 354
332 354 353
333 334 355
333 355 354
334 335 356
334 356 355
337 336 357
337 357 358
336 338 359
336 359 357
338 339 360
338 360 359
339 340 361
339 361 360
340 341 362
340 362 361
341 342 363
341 363 362
342 343 364
342 364 363
343 344 365
343 365 364
344 345 366
344 366 365
345 346 367
345 367 366
346 347 368
346 368 367
347 348 369
347 369 368
348 349 370
348 370 369
349 350 371
349 371 370
350 351 372
350 372 371
351 352 373
351 373 372
352 353 374
352 374 373
353 354 375
353 375 374
354 355 376
354 376 375
355 356 377
355 377 376
358 357 378
358 378 379
357 359 380
357 380 378
359 360 381
359 381 380
360 361 382
360 382 381
361 362 383
361 383 382
362 363 384
362 384 383
363 364 385
363 385 384
364 365 386
364 386 385
365 366 387
365 387 386
366 367 388
366 388 387
367 368 389
367 389 388
368 369 390
368 390 389
369 370 391
369 391 390
370 371 392
370 392 391
371 372 393
371 393 392
372 373 394
372 394 393
373 374 395
373 395 394
374 375 396
374 396 395
375 376 397
375 397 396
376 377 398
376 398 397
379 378 399
379 399 400
378 380 401
378 401 399
380 381 402
380 402 401
381 382 403
381 403 402
382 383 404
382 404 403
383 384 405
383 405 404
384 385 406
384 406 405
385 386 407
385 407 406
386 387 408
386 408 407
387 388 409
387 409 408
388 389 410
388 410 409
389 390 411
389 411 410
390 391 412
390 412 411
391 392 413
391 413 412
392 393 414
392 414 413
393 394 415
393 415 414
394 395 416
394 416 415
395 396 417
395 417 416
396 397 418
396 418 417
397 398 419
397 419 418
400 399 420
400 420 421
399 401 422
399 422 420
401 402 423
401 423 422
402 403 424
402 424 423
403 404 425
403 425 424
404 405 426
404 426 425
405 406 427
405 427 426
406 407 428
406 428 427
407 408 429
407 429 428
408 409 430
408 430 429
409 410 431
409 431 430
410 411 432
410 432 431
411 412 433
411 433 432
412 413 434
412 434 433
413 414 435
413 435 434
414 415 436
414 436 435
415 416 437
415 437 436
416 417 438
416 438 437
417 418 439
417 439 438
418 419 440
418 440 439
2
441 800
0 0 -551.979 1 0 0 0 0 0 0 0
100 100 -551.979 0.9636497458093187 4.610993016292058e-17 0 0 0 0 0 0
100 0 -551.979 0.9969173337331277 -0.07845909572784475 0 0 0 0 0 0
0 100 -551.979 0.9969173337331277 0.07845909572784493 0 0 0 0 0 0
200 100 -551.979 0.9370660730177569 -0.07755367684789775 0 0 0 0 0 0
200 0 -551.979 0.9876883405951375 -0.1564344650402311 0 0 0 0 0 0
300 100 -551.979 0.9103830144340774 -0.1539700376215339 0 0 0 0 0 0
300 0 -551.979 0.9723699203976769 -0.2334453638559052 0 0 0 0 0 0
400 100 -551.979 0.8811925226051543 -0.2289492517998656 0 0 0 0 0 0
400 0 -551.979 0.9510565162951535 -0.3090169943749477 0 0 0 0 0 0
500 100 -551.979 0.8484689003036665 -0.30216298095125 0 0 0 0 0 0
500 0 -551.979 0.9238795325112868 -0.3826834323650896 0 0 0 0 0 0
600 100 -551.979 0.8117380419515983 -0.3732723162409971 0 0 0 0 0 0
600 0 -551.979 0.8910065241883678 -0.453990499739547 0 0 0 0 0 0
700 100 -551.979 0.7707956506865957 -0.4419383369038623 0 0 0 0 0 0
700 0 -551.979 0.8526401643540918 -0.5224985647159496 0 0 0 0 0 0
800 100 -551.979 0.7255927543676159 -0.5078295999921435 0 0 0 0 0 0
800 0 -551.979 0.8090169943749475 -0.5877852522924732 0 0 0 0 0 0
900 100 -551.979 0.6761817618550215 -0.5706281631091638 0 0 0 0 0 0
900 0 -551.979 0.7604059656000305 -0.6494480483301843 0 0 0 0 0 0
1000 100 -551.979 0.6226878766160713 -0.6300348574059256 0 0 0 0 0 0
1000 0 -551.979 0.7071067811865474 -0.7071067811865477 0 0 0 0 0 0
1100 100 -551.979 0.5652924582381406 -0.6857742059403221 0 0 0 0 0 0
1100 0 -551.979 0.6494480483301831 -0.7604059656000314 0 0 0 0 0 0
1200 100 -551.979 0.5042225630370255 -0.7375992747795647 0 0 0 0 0 0
1200 0 -551.979 0.5877852522924729 -0.8090169943749477 0 0 0 0 0 0
1300 100 -551.979 0.4397439236562037 -0.7852967510964125 0 0 0 0 0 0
1300 0 -551.979 0.5224985647159489 -0.8526401643540921 0 0 0 0 0 0
1400 100 -551.979 0.3721559550056861 -0.8286926554678687 0 0 0 0 0 0
1400 0 -551.979 0.4539904997395467 -0.8910065241883679 0 0 0 0 0 0
1500 100 -551.979 0.3017880073608675 -0.8676593759417143 0 0 0 0 0 0
1500 0 -551.979 0.38268343236509 -0.9238795325112867 0 0 0 0 0 0
1600 100 -551.979 0.2289964159358928 -0.902125348097374 0 0 0 0 0 0
1600 0 -551.979 0.3090169943749472 -0.9510565162951535 0 0 0 0 0 0
1700 100 -551.979 0.1541620857166463 -0.9320902383271639 0 0 0 0 0 0
1700 0 -551.979 0.2334453638559057 -0.9723699203976764 0 0 0 0 0 0
1800 100 -551.979 0.07768848007070134 -0.9576526144598648 0 0 0 0 0 0
1800 0 -551.979 0.1564344650402307 -0.9876883405951379 0 0 0 0 0 0
1900 100 -551.979 -1.7805518530739e-16 -0.9790699095989874 0 0 0 0 0 0
1900 0 -551.979 0.07845909572784521 -0.9969173337331281 0 0 0 0 0 0
2000 100 -551.979 -0.07845909572784557 -0.9969173337331281 0 0 0 0 0 0
2000 0 -551.979 -1.83697019872103e-16 -1 0 0 0 0 0 0
100 200 -551.979 0.9370660730177571 0.07755367684789778 0 0 0 0 0 0
0 200 -551.979 0.9876883405951378 0.1564344650402309 0 0 0 0 0 0
200 200 -551.979 0.8950266944945925 3.882826975520221e-17 0 0 0 0 0 0
300 200 -551.979 0.8567338236705926 -0.07619005165262253 0 0 0 0 0 0
400 200 -551.979 0.8190021425051065 -0.1508822755426283 0 0 0 0 0 0
500 200 -551.979 0.780019114315861 -0.2238851204603689 0 0 0 0 0 0
600 200 -551.979 0.7387506385836525 -0.294975330307832 0 0 0 0 0 0
700 200 -551.979 0.6946002254772461 -0.3639145954267303 0 0 0 0 0 0
800 200 -551.979 0.6472324402979935 -0.4304614117264139 0 0 0 0 0 0
900 200 -551.979 0.5964791886058649 -0.4943803827188225 0 0 0 0 0 0
1000 200 -551.979 0.5422873226616519 -0.5554501592674415 0 0 0 0 0 0
1100 200 -551.979 0.4846877652946324 -0.6134707284811494 0 0 0 0 0 0
1200 200 -551.979 0.4237764830163075 -0.6682705673554931 0 0 0 0 0 0
1300 200 -551.979 0.3597023538900769 -0.7197141522906697 0 0 0 0 0 0
1400 200 -551.979 0.2926592463999803 -0.7677104390172791 0 0 0 0 0 0
1500 200 -551.979 0.2228807725993791 -0.8122232494471199 0 0 0 0 0 0
1600 200 -551.979 0.1506367928180161 -0.853285179285333 0 0 0 0 0 0
1700 200 -551.979 0.07623110634532901 -0.8910180447630317 0 0 0 0 0 0
1800 200 -551.979 -1.933983373628026e-16 -0.9256658615971345 0 0 0 0 0 0
1900 200 -551.979 -0.0776884800707017 -0.9576526144598648 0 0 0 0 0 0
2000 200 -551.979 -0.156434465040231 -0.9876883405951378 0 0 0 0 0 0
100 300 -551.979 0.9103830144340774 0.153970037621534 0 0 0 0 0 0
0 300 -551.979 0.9723699203976767 0.2334453638559054 0 0 0 0 0 0
200 300 -551.979 0.8567338236705927 0.07619005165262265 0 0 0 0 0 0
300 300 -551.979 0.8083139037821493 7.949855681772595e-17 0 0 0 0 0 0
400 300 -551.979 0.7624221659709317 -0.0746040615662887 0 0 0 0 0 0
500 300 -551.979 0.717097577153014 -0.1475545809321483 0 0 0 0 0 0
600 300 -551.979 0.6710168911914921 -0.2187372499690581 0 0 0 0 0 0
700 300 -551.979 0.6233065416495532 -0.2880098817904044 0 0 0 0 0 0
800 300 -551.979 0.5733959817735181 -0.3552169712467754 0 0 0 0 0 0
900 300 -551.979 0.520920915668425 -0.4202014856213662 0 0 0 0 0 0
1000 300 -551.979 0.4656619459881721 -0.4828150032088867 0 0 0 0 0 0
1100 300 -551.979 0.4075056941255963 -0.542926982198366 0 0 0 0 0 0
1200 300 -551.979 0.3464199252621107 -0.6004337635502419 0 0 0 0 0 0
1300 300 -551.979 0.2824375289933064 -0.6552678685990579 0 0 0 0 0 0
1400 300 -551.979 0.2156462374527161 -0.7074082365307772 0 0 0 0 0 0
1500 300 -551.979 0.1461821461883637 -0.7568922837233054 0 0 0 0 0 0
1600 300 -551.979 0.07422579593625725 -0.8038311255937605 0 0 0 0 0 0
1700 300 -551.979 -2.236224108005487e-16 -0.8484301041600187 0 0 0 0 0 0
1800 300 -551.979 -0.07623110634532942 -0.8910180447630316 0 0 0 0 0 0
1900 300 -551.979 -0.1541620857166467 -0.9320902383271635 0 0 0 0 0 0
2000 300 -551.979 -0.233445363855906 -0.9723699203976764 0 0 0 0 0 0
100 400 -551.979 0.8811925226051545 0.2289492517998657 0 0 0 0 0 0
0 400 -551.979 0.9510565162951535 0.3090169943749474 0 0 0 0 0 0
200 400 -551.979 0.8190021425051068 0.1508822755426285 0 0 0 0 0 0
300 400 -551.979 0.762422165970932 0.0746040615662889 0 0 0 0 0 0
400 400 -551.979 0.7093939701517317 1.068826812837617e-16 0 0 0 0 0 0
500 400 -551.979 0.6581665323070958 -0.0729683140323633 0 0 0 0 0 0
600 400 -551.979 0.6073844911074079 -0.1442838079260196 0 0 0 0 0 0
700 400 -551.979 0.556047495689914 -0.2138921192507035 0 0 0 0 0 0
800 400 -551.979 0.5034337448837846 -0.2817170120913873 0 0 0 0 0 0
900 400 -551.979 0.4490298053745401 -0.3476735675003345 0 0 0 0 0 0
1000 400 -551.979 0.3924770150168478 -0.4116798362799297 0 0 0 0 0 0
1100 400 -551.979 0.3335333906343141 -0.4736675780090562 0 0 0 0 0 0
1200 400 -551.979 0.2720474806046411 -0.5335926324978643 0 0 0 0 0 0
1300 400 -551.979 0.207940876086878 -0.591445443334344 0 0 0 0 0 0
1400 400 -551.979 0.1411968896686721 -0.6472622990489689 0 0 0 0 0 0
1500 400 -551.979 0.07185360480839448 -0.7011379892317997 0 0 0 0 0 0
1600 400 -551.979 -2.938753924402476e-16 -0.7532408036892089 0 0 0 0 0 0
1700 400 -551.979 -0.07422579593625775 -0.8038311255937606 0 0 0 0 0 0
1800 400 -551.979 -0.1506367928180165 -0.8532851792853331 0 0 0 0 0 0
1900 400 -551.979 -0.2289964159358932 -0.902125348097374 0 0 0 0 0 0
2000 400 -551.979 -0.3090169943749476 -0.9510565162951535 0 0 0 0 0 0
100 500 -551.979 0.8484689003036666 0.3021629809512503 0 0 0 0 0 0
0 500 -551.979 0.9238795325112867 0.3826834323650898 0 0 0 0 0 0
200 500 -551.979 0.7800191143158614 0.2238851204603691 0 0 0 0 0 0
300 500 -551.979 0.7170975771530143 0.1475545809321485 0 0 0 0 0 0
400 500 -551.979 0.6581665323070959 0.07296831403236352 0 0 0 0 0 0
500 500 -551.979 0.6017792078718245 1.290885172542217e-16 0 0 0 0 0 0
600 500 -551.979 0.5466945317081197 -0.07141674353765817 0 0 0 0 0 0
700 500 -551.979 0.4919075028532111 -0.1413046837823835 0 0 0 0 0 0
800 500 -551.979 0.4366304000122558 -0.2096580052532135 0 0 0 0 0 0
900 500 -551.979 0.3802566060118597 -0.2764559413322066 0 0 0 0 0 0
1000 500 -551.979 0.3223241109810159 -0.3416752475816206 0 0 0 0 0 0
1100 500 -551.979 0.2624851377442804 -0.4053018850219978 0 0 0 0 0 0
1200 500 -551.979 0.2004831731506059 -0.4673423106144153 0 0 0 0 0 0
1300 500 -551.979 0.1361367403381325 -0.5278347820189511 0 0 0 0 0 0
1400 500 -551.979 0.0693287186258511 -0.5868611101875387 0 0 0 0 0 0
1500 500 -551.979 -3.492708776175762e-16 -0.6445593489950455 0 0 0 0 0 0
1600 500 -551.979 -0.07185360480839509 -0.7011379892317997 0 0 0 0 0 0
1700 500 -551.979 -0.1461821461883642 -0.7568922837233056 0 0 0 0 0 0
1800 500 -551.979 -0.2228807725993795 -0.8122232494471198 0 0 0 0 0 0
1900 500 -551.979 -0.3017880073608678 -0.8676593759417143 0 0 0 0 0 0
2000 500 -551.979 -0.3826834323650903 -0.9238795325112866 0 0 0 0 0 0
100 600 -551.979 0.8117380419515985 0.373272316240997 0 0 0 0 0 0
0 600 -551.979 0.8910065241883679 0.4539904997395468 0 0 0 0 0 0
200 600 -551.979 0.7387506385836529 0.2949753303078322 0 0 0 0 0 0
300 600 -551.979 0.6710168911914925 0.2187372499690583 0 0 0 0 0 0
400 600 -551.979 0.607384491107408 0.1442838079260198 0 0 0 0 0 0
500 600 -551.979 0.5466945317081198 0.07141674353765845 0 0 0 0 0 0
600 600 -551.979 0.4878747033434814 1.549708706530215e-16 0 0 0 0 0 0
700 600 -551.979 0.4299890512321761 -0.07005464641939259 0 0 0 0 0 0
800 600 -551.979 0.3722503829304568 -0.1388016924515802 0 0 0 0 0 0
900 600 -551.979 0.3140105201894134 -0.2062753635090117 0 0 0 0 0 0
1000 600 -551.979 0.2547415125248356 -0.2725023639383869 0 0 0 0 0 0
1100 600 -551.979 0.1940157955386857 -0.3375140566781938 0 0 0 0 0 0
1200 600 -551.979 0.131489142390409 -0.4013582992612451 0 0 0 0 0 0
1300 600 -551.979 0.06688780578395881 -0.4641112047200883 0 0 0 0 0 0
1400 600 -551.979 -3.640080272074159e-16 -0.5258891177233459 0 0 0 0 0 0
1500 600 -551.979 -0.06932871862585184 -0.5868611101875388 0 0 0 0 0 0
1600 600 -551.979 -0.1411968896686728 -0.6472622990489691 0 0 0 0 0 0
1700 600 -551.979 -0.2156462374527168 -0.7074082365307777 0 0 0 0 0 0
1800 600 -551.979 -0.2926592463999806 -0.7677104390172791 0 0 0 0 0 0
1900 600 -551.979 -0.3721559550056863 -0.8286926554678686 0 0 0 0 0 0
2000 600 -551.979 -0.4539904997395469 -0.8910065241883678 0 0 0 0 0 0
100 700 -551.979 0.7707956506865964 0.4419383369038624 0 0 0 0 0 0
0 700 -551.979 0.8526401643540922 0.5224985647159487 0 0 0 0 0 0
200 700 -551.979 0.6946002254772469 0.3639145954267307 0 0 0 0 0 0
300 700 -551.979 0.6233065416495537 0.2880098817904047 0 0 0 0 0 0
400 700 -551.979 0.5560474956899142 0.2138921192507037 0 0 0 0 0 0
500 700 -551.979 0.4919075028532114 0.1413046837823838 0 0 0 0 0 0
600 700 -551.979 0.4299890512321763 0.07005464641939291 0 0 0 0 0 0
700 700 -551.979 0.3694595968542515 1.619474125552963e-16 0 0 0 0 0 0
800 700 -551.979 0.3095753844672648 -0.06896344686170913 0 0 0 0 0 0
900 700 -551.979 0.2496869743473648 -0.1369150685847755 0 0 0 0 0 0
1000 700 -551.979 0.1892337939037335 -0.2039221128032275 0 0 0 0 0 0
1100 700 -551.979 0.1277340234002457 -0.2700520574126826 0 0 0 0 0 0
1200 700 -551.979 0.06477406327916371 -0.3353847187967716 0 0 0 0 0 0
1300 700 -551.979 -3.473654646113602e-16 -0.4000242519939171 0 0 0 0 0 0
1400 700 -551.979 -0.0668878057839595 -0.4641112047200883 0 0 0 0 0 0
1500 700 -551.979 -0.1361367403381332 -0.5278347820189511 0 0 0 0 0 0
1600 700 -551.979 -0.2079408760868788 -0.5914454433343442 0 0 0 0 0 0
1700 700 -551.979 -0.2824375289933072 -0.6552678685990584 0 0 0 0 0 0
1800 700 -551.979 -0.3597023538900773 -0.7197141522906697 0 0 0 0 0 0
1900 700 -551.979 -0.4397439236562041 -0.7852967510964127 0 0 0 0 0 0
2000 700 -551.979 -0.5224985647159486 -0.8526401643540924 0 0 0 0 0 0
100 800 -551.979 0.7255927543676164 0.5078295999921435 0 0 0 0 0 0
0 800 -551.979 0.8090169943749476 0.5877852522924731 0 0 0 0 0 0
200 800 -551.979 0.6472324402979944 0.4304614117264144 0 0 0 0 0 0
300 800 -551.979 0.5733959817735187 0.3552169712467756 0 0 0 0 0 0
400 800 -551.979 0.503433744883785 0.2817170120913877 0 0 0 0 0 0
500 800 -551.979 0.4366304000122563 0.2096580052532139 0 0 0 0 0 0
600 800 -551.979 0.3722503829304571 0.1388016924515806 0 0 0 0 0 0
700 800 -551.979 0.3095753844672649 0.06896344686170944 0 0 0 0 0 0
800 800 -551.979 0.2479289864339503 1.639238592220638e-16 0 0 0 0 0 0
900 800 -551.979 0.1866885908180106 -0.06820305832261254 0 0 0 0 0 0
1000 800 -551.979 0.1252878171117977 -0.1357437589168667 0 0 0 0 0 0
1100 800 -551.979 0.0632133812299053 -0.2027161020803054 0 0 0 0 0 0
1200 800 -551.979 -3.174387231944591e-16 -0.2692222658898817 0 0 0 0 0 0
1300 800 -551.979 -0.06477406327916438 -0.3353847187967716 0 0 0 0 0 0
1400 800 -551.979 -0.1314891423904098 -0.4013582992612451 0 0 0 0 0 0
1500 800 -551.979 -0.2004831731506067 -0.4673423106144153 0 0 0 0 0 0
1600 800 -551.979 -0.2720474806046419 -0.5335926324978644 0 0 0 0 0 0
1700 800 -551.979 -0.3464199252621115 -0.6004337635502421 0 0 0 0 0 0
1800 800 -551.979 -0.4237764830163079 -0.6682705673554928 0 0 0 0 0 0
1900 800 -551.979 -0.5042225630370262 -0.7375992747795646 0 0 0 0 0 0
2000 800 -551.979 -0.5877852522924732 -0.8090169943749475 0 0 0 0 0 0
100 900 -551.979 0.676181761855022 0.5706281631091638 0 0 0 0 0 0
0 900 -551.979 0.7604059656000309 0.6494480483301837 0 0 0 0 0 0
200 900 -551.979 0.5964791886058657 0.4943803827188229 0 0 0 0 0 0
300 900 -551.979 0.5209209156684256 0.4202014856213665 0 0 0 0 0 0
400 900 -551.979 0.4490298053745407 0.347673567500335 0 0 0 0 0 0
500 900 -551.979 0.3802566060118601 0.2764559413322069 0 0 0 0 0 0
600 900 -551.979 0.3140105201894137 0.2062753635090121 0 0 0 0 0 0
700 900 -551.979 0.249686974347365 0.1369150685847758 0 0 0 0 0 0
800 900 -551.979 0.1866885908180107 0.06820305832261288 0 0 0 0 0 0
900 900 -551.979 0.1244380229288824 1.596003486052196e-16 0 0 0 0 0 0
1000 900 -551.979 0.06238359746861268 -0.06781302411940346 0 0 0 0 0 0
1100 900 -551.979 -2.933829937595948e-16 -0.1353467801039889 0 0 0 0 0 0
1200 900 -551.979 -0.06321338122990593 -0.2027161020803054 0 0 0 0 0 0
1300 900 -551.979 -0.1277340234002464 -0.2700520574126826 0 0 0 0 0 0
1400 900 -551.979 -0.1940157955386865 -0.337514056678194 0 0 0 0 0 0
1500 900 -551.979 -0.2624851377442813 -0.4053018850219978 0 0 0 0 0 0
1600 900 -551.979 -0.333533390634315 -0.4736675780090564 0 0 0 0 0 0
1700 900 -551.979 -0.4075056941255973 -0.5429269821983662 0 0 0 0 0 0
1800 900 -551.979 -0.4846877652946329 -0.6134707284811493 0 0 0 0 0 0
1900 900 -551.979 -0.5652924582381411 -0.685774205940322 0 0 0 0 0 0
2000 900 -551.979 -0.6494480483301834 -0.7604059656000312 0 0 0 0 0 0
100 1000 -551.979 0.6226878766160716 0.6300348574059255 0 0 0 0 0 0
0 1000 -551.979 0.7071067811865476 0.7071067811865475 0 0 0 0 0 0
200 1000 -551.979 0.5422873226616524 0.5554501592674417 0 0 0 0 0 0
300 1000 -551.979 0.4656619459881727 0.482815003208887 0 0 0 0 0 0
400 1000 -551.979 0.3924770150168485 0.41167983627993 0 0 0 0 0 0
500 1000 -551.979 0.3223241109810165 0.3416752475816209 0 0 0 0 0 0
600 1000 -551.979 0.254741512524836 0.2725023639383872 0 0 0 0 0 0
700 1000 -551.979 0.1892337939037338 0.2039221128032278 0 0 0 0 0 0
800 1000 -551.979 0.1252878171117978 0.135743758916867 0 0 0 0 0 0
900 1000 -551.979 0.0623835974686128 0.06781302411940376 0 0 0 0 0 0
1000 1000 -551.979 -2.301760987051375e-16 1.370095825625818e-16 0 0 0 0 0 0
1100 1000 -551.979 -0.06238359746861326 -0.06781302411940349 0 0 0 0 0 0
1200 1000 -551.979 -0.1252878171117982 -0.1357437589168667 0 0 0 0 0 0
1300 1000 -551.979 -0.1892337939037342 -0.2039221128032276 0 0 0 0 0 0
1400 1000 -551.979 -0.2547415125248364 -0.2725023639383869 0 0 0 0 0 0
1500 1000 -551.979 -0.3223241109810169 -0.3416752475816207 0 0 0 0 0 0
1600 1000 -551.979 -0.392477015016849 -0.41167983627993 0 0 0 0 0 0
1700 1000 -551.979 -0.4656619459881732 -0.4828150032088872 0 0 0 0 0 0
1800 1000 -551.979 -0.5422873226616526 -0.5554501592674413 0 0 0 0 0 0
1900 1000 -551.979 -0.6226878766160719 -0.6300348574059255 0 0 0 0 0 0
2000 1000 -551.979 -0.7071067811865477 -0.7071067811865475 0 0 0 0 0 0
100 1100 -551.979 0.5652924582381409 0.685774205940322 0 0 0 0 0 0
0 1100 -551.979 0.6494480483301837 0.7604059656000309 0 0 0 0 0 0
200 1100 -551.979 0.4846877652946329 0.6134707284811495 0 0 0 0 0 0
300 1100 -551.979 0.407505694125597 0.5429269821983662 0 0 0 0 0 0
400 1100 -551.979 0.3335333906343147 0.4736675780090566 0 0 0 0 0 0
500 1100 -551.979 0.2624851377442809 0.4053018850219982 0 0 0 0 0 0
600 1100 -551.979 0.1940157955386861 0.3375140566781942 0 0 0 0 0 0
700 1100 -551.979 0.127734023400246 0.2700520574126829 0 0 0 0 0 0
800 1100 -551.979 0.06321338122990551 0.2027161020803057 0 0 0 0 0 0
900 1100 -551.979 -1.45517964904759e-16 0.1353467801039891 0 0 0 0 0 0
1000 1100 -551.979 -0.06238359746861316 0.06781302411940371 0 0 0 0 0 0
1100 1100 -551.979 -0.1244380229288828 9.383172828261109e-17 0 0 0 0 0 0
1200 1100 -551.979 -0.1866885908180111 -0.0682030583226126 0 0 0 0 0 0
1300 1100 -551.979 -0.2496869743473654 -0.1369150685847756 0 0 0 0 0 0
1400 1100 -551.979 -0.3140105201894142 -0.2062753635090119 0 0 0 0 0 0
1500 1100 -551.979 -0.3802566060118606 -0.2764559413322067 0 0 0 0 0 0
1600 1100 -551.979 -0.4490298053745412 -0.3476735675003348 0 0 0 0 0 0
1700 1100 -551.979 -0.5209209156684261 -0.4202014856213665 0 0 0 0 0 0
1800 1100 -551.979 -0.5964791886058657 -0.4943803827188226 0 0 0 0 0 0
1900 1100 -551.979 -0.676181761855022 -0.5706281631091635 0 0 0 0 0 0
2000 1100 -551.979 -0.760405965600031 -0.6494480483301835 0 0 0 0 0 0
100 1200 -551.979 0.504222563037026 0.7375992747795644 0 0 0 0 0 0
0 1200 -551.979 0.5877852522924731 0.8090169943749476 0 0 0 0 0 0
200 1200 -551.979 0.4237764830163079 0.6682705673554932 0 0 0 0 0 0
300 1200 -551.979 0.3464199252621112 0.6004337635502422 0 0 0 0 0 0
400 1200 -551.979 0.2720474806046415 0.5335926324978645 0 0 0 0 0 0
500 1200 -551.979 0.2004831731506063 0.4673423106144157 0 0 0 0 0 0
600 1200 -551.979 0.1314891423904094 0.4013582992612453 0 0 0 0 0 0
700 1200 -551.979 0.064774063279164 0.335384718796772 0 0 0 0 0 0
800 1200 -551.979 -1.043483769583681e-16 0.2692222658898819 0 0 0 0 0 0
900 1200 -551.979 -0.06321338122990575 0.2027161020803057 0 0 0 0 0 0
1000 1200 -551.979 -0.1252878171117981 0.1357437589168669 0 0 0 0 0 0
1100 1200 -551.979 -0.186688590818011 0.06820305832261277 0 0 0 0 0 0
1200 1200 -551.979 -0.2479289864339508 5.391357945646083e-17 0 0 0 0 0 0
1300 1200 -551.979 -0.3095753844672655 -0.06896344686170923 0 0 0 0 0 0
1400 1200 -551.979 -0.3722503829304576 -0.1388016924515803 0 0 0 0 0 0
1500 1200 -551.979 -0.4366304000122568 -0.2096580052532137 0 0 0 0 0 0
1600 1200 -551.979 -0.5034337448837857 -0.2817170120913877 0 0 0 0 0 0
1700 1200 -551.979 -0.5733959817735194 -0.3552169712467756 0 0 0 0 0 0
1800 1200 -551.979 -0.6472324402979943 -0.4304614117264139 0 0 0 0 0 0
1900 1200 -551.979 -0.7255927543676166 -0.5078295999921435 0 0 0 0 0 0
2000 1200 -551.979 -0.8090169943749477 -0.587785252292473 0 0 0 0 0 0
100 1300 -551.979 0.439743923656204 0.7852967510964125 0 0 0 0 0 0
0 1300 -551.979 0.5224985647159488 0.8526401643540922 0 0 0 0 0 0
200 1300 -551.979 0.3597023538900772 0.7197141522906698 0 0 0 0 0 0
300 1300 -551.979 0.2824375289933068 0.6552678685990583 0 0 0 0 0 0
400 1300 -551.979 0.2079408760868784 0.5914454433343445 0 0 0 0 0 0
500 1300 -551.979 0.1361367403381329 0.5278347820189515 0 0 0 0 0 0
600 1300 -551.979 0.06688780578395913 0.4641112047200886 0 0 0 0 0 0
700 1300 -551.979 -6.337072665207247e-17 0.4000242519939174 0 0 0 0 0 0
800 1300 -551.979 -0.06477406327916416 0.3353847187967718 0 0 0 0 0 0
900 1300 -551.979 -0.1277340234002461 0.2700520574126828 0 0 0 0 0 0
1000 1300 -551.979 -0.1892337939037339 0.2039221128032277 0 0 0 0 0 0
1100 1300 -551.979 -0.2496869743473653 0.1369150685847756 0 0 0 0 0 0
1200 1300 -551.979 -0.3095753844672653 0.06896344686170931 0 0 0 0 0 0
1300 1300 -551.979 -0.3694595968542521 4.508238105448734e-17 0 0 0 0 0 0
1400 1300 -551.979 -0.4299890512321768 -0.0700546464193927 0 0 0 0 0 0
1500 1300 -551.979 -0.4919075028532119 -0.1413046837823837 0 0 0 0 0 0
1600 1300 -551.979 -0.5560474956899151 -0.2138921192507037 0 0 0 0 0 0
1700 1300 -551.979 -0.6233065416495543 -0.2880098817904047 0 0 0 0 0 0
1800 1300 -551.979 -0.6946002254772468 -0.3639145954267304 0 0 0 0 0 0
1900 1300 -551.979 -0.7707956506865963 -0.4419383369038622 0 0 0 0 0 0
2000 1300 -551.979 -0.8526401643540923 -0.5224985647159487 0 0 0 0 0 0
100 1400 -551.979 0.3721559550056861 0.8286926554678684 0 0 0 0 0 0
0 1400 -551.979 0.4539904997395469 0.8910065241883678 0 0 0 0 0 0
200 1400 -551.979 0.2926592463999804 0.7677104390172791 0 0 0 0 0 0
300 1400 -551.979 0.2156462374527164 0.7074082365307776 0 0 0 0 0 0
400 1400 -551.979 0.1411968896686725 0.6472622990489694 0 0 0 0 0 0
500 1400 -551.979 0.06932871862585147 0.5868611101875391 0 0 0 0 0 0
600 1400 -551.979 -5.156804037071449e-17 0.5258891177233463 0 0 0 0 0 0
700 1400 -551.979 -0.06688780578395924 0.4641112047200886 0 0 0 0 0 0
800 1400 -551.979 -0.1314891423904095 0.4013582992612453 0 0 0 0 0 0
900 1400 -551.979 -0.1940157955386862 0.3375140566781941 0 0 0 0 0 0
1000 1400 -551.979 -0.2547415125248362 0.2725023639383871 0 0 0 0 0 0
1100 1400 -551.979 -0.314010520189414 0.206275363509012 0 0 0 0 0 0
1200 1400 -551.979 -0.3722503829304575 0.1388016924515804 0 0 0 0 0 0
1300 1400 -551.979 -0.4299890512321768 0.0700546464193928 0 0 0 0 0 0
1400 1400 -551.979 -0.4878747033434823 3.385504763125262e-17 0 0 0 0 0 0
1500 1400 -551.979 -0.5466945317081207 -0.07141674353765831 0 0 0 0 0 0
1600 1400 -551.979 -0.6073844911074089 -0.1442838079260197 0 0 0 0 0 0
1700 1400 -551.979 -0.6710168911914932 -0.2187372499690582 0 0 0 0 0 0
1800 1400 -551.979 -0.7387506385836531 -0.294975330307832 0 0 0 0 0 0
1900 1400 -551.979 -0.8117380419515985 -0.373272316240997 0 0 0 0 0 0
2000 1400 -551.979 -0.8910065241883679 -0.4539904997395467 0 0 0 0 0 0
100 1500 -551.979 0.3017880073608675 0.8676593759417139 0 0 0 0 0 0
0 1500 -551.979 0.3826834323650898 0.9238795325112867 0 0 0 0 0 0
200 1500 -551.979 0.2228807725993792 0.8122232494471198 0 0 0 0 0 0
300 1500 -551.979 0.1461821461883639 0.7568922837233056 0 0 0 0 0 0
400 1500 -551.979 0.07185360480839477 0.7011379892318 0 0 0 0 0 0
500 1500 -551.979 -2.81647674009211e-17 0.6445593489950459 0 0 0 0 0 0
600 1500 -551.979 -0.06932871862585155 0.5868611101875391 0 0 0 0 0 0
700 1500 -551.979 -0.136136740338133 0.5278347820189515 0 0 0 0 0 0
800 1500 -551.979 -0.2004831731506065 0.4673423106144157 0 0 0 0 0 0
900 1500 -551.979 -0.262485137744281 0.405301885021998 0 0 0 0 0 0
1000 1500 -551.979 -0.3223241109810165 0.3416752475816208 0 0 0 0 0 0
1100 1500 -551.979 -0.3802566060118603 0.2764559413322067 0 0 0 0 0 0
1200 1500 -551.979 -0.4366304000122564 0.2096580052532137 0 0 0 0 0 0
1300 1500 -551.979 -0.4919075028532118 0.1413046837823837 0 0 0 0 0 0
1400 1500 -551.979 -0.5466945317081204 0.07141674353765838 0 0 0 0 0 0
1500 1500 -551.979 -0.6017792078718254 4.731201670394259e-17 0 0 0 0 0 0
1600 1500 -551.979 -0.6581665323070967 -0.07296831403236338 0 0 0 0 0 0
1700 1500 -551.979 -0.717097577153015 -0.1475545809321484 0 0 0 0 0 0
1800 1500 -551.979 -0.7800191143158616 -0.2238851204603689 0 0 0 0 0 0
1900 1500 -551.979 -0.8484689003036671 -0.30216298095125 0 0 0 0 0 0
2000 1500 -551.979 -0.9238795325112868 -0.3826834323650897 0 0 0 0 0 0
100 1600 -551.979 0.2289964159358929 0.9021253480973741 0 0 0 0 0 0
0 1600 -551.979 0.3090169943749475 0.9510565162951535 0 0 0 0 0 0
200 1600 -551.979 0.1506367928180162 0.8532851792853329 0 0 0 0 0 0
300 1600 -551.979 0.07422579593625746 0.8038311255937606 0 0 0 0 0 0
400 1600 -551.979 -1.027534652541558e-17 0.7532408036892092 0 0 0 0 0 0
500 1600 -551.979 -0.0718536048083948 0.7011379892318002 0 0 0 0 0 0
600 1600 -551.979 -0.1411968896686725 0.6472622990489695 0 0 0 0 0 0
700 1600 -551.979 -0.2079408760868785 0.5914454433343445 0 0 0 0 0 0
800 1600 -551.979 -0.2720474806046416 0.5335926324978646 0 0 0 0 0 0
900 1600 -551.979 -0.3335333906343147 0.4736675780090565 0 0 0 0 0 0
1000 1600 -551.979 -0.3924770150168485 0.41167983627993 0 0 0 0 0 0
1100 1600 -551.979 -0.4490298053745407 0.3476735675003347 0 0 0 0 0 0
1200 1600 -551.979 -0.5034337448837851 0.2817170120913875 0 0 0 0 0 0
1300 1600 -551.979 -0.5560474956899146 0.2138921192507036 0 0 0 0 0 0
1400 1600 -551.979 -0.6073844911074087 0.1442838079260198 0 0 0 0 0 0
1500 1600 -551.979 -0.6581665323070964 0.07296831403236349 0 0 0 0 0 0
1600 1600 -551.979 -0.7093939701517323 6.928608599587338e-17 0 0 0 0 0 0
1700 1600 -551.979 -0.7624221659709327 -0.07460406156628875 0 0 0 0 0 0
1800 1600 -551.979 -0.8190021425051069 -0.1508822755426283 0 0 0 0 0 0
1900 1600 -551.979 -0.8811925226051547 -0.2289492517998655 0 0 0 0 0 0
2000 1600 -551.979 -0.9510565162951535 -0.3090169943749473 0 0 0 0 0 0
100 1700 -551.979 0.1541620857166464 0.9320902383271639 0 0 0 0 0 0
0 1700 -551.979 0.2334453638559055 0.9723699203976764 0 0 0 0 0 0
200 1700 -551.979 0.07623110634532919 0.8910180447630317 0 0 0 0 0 0
300 1700 -551.979 2.492754757510292e-17 0.8484301041600187 0 0 0 0 0 0
400 1700 -551.979 -0.07422579593625747 0.8038311255937609 0 0 0 0 0 0
500 1700 -551.979 -0.146182146188364 0.756892283723306 0 0 0 0 0 0
600 1700 -551.979 -0.2156462374527165 0.7074082365307779 0 0 0 0 0 0
700 1700 -551.979 -0.2824375289933069 0.6552678685990584 0 0 0 0 0 0
800 1700 -551.979 -0.3464199252621113 0.6004337635502425 0 0 0 0 0 0
900 1700 -551.979 -0.407505694125597 0.5429269821983663 0 0 0 0 0 0
1000 1700 -551.979 -0.4656619459881728 0.4828150032088872 0 0 0 0 0 0
1100 1700 -551.979 -0.5209209156684257 0.4202014856213664 0 0 0 0 0 0
1200 1700 -551.979 -0.5733959817735188 0.3552169712467756 0 0 0 0 0 0
1300 1700 -551.979 -0.6233065416495539 0.2880098817904046 0 0 0 0 0 0
1400 1700 -551.979 -0.6710168911914931 0.2187372499690584 0 0 0 0 0 0
1500 1700 -551.979 -0.7170975771530147 0.1475545809321485 0 0 0 0 0 0
1600 1700 -551.979 -0.7624221659709325 0.0746040615662889 0 0 0 0 0 0
1700 1700 -551.979 -0.8083139037821497 8.303959231594868e-17 0 0 0 0 0 0
1800 1700 -551.979 -0.856733823670593 -0.07619005165262249 0 0 0 0 0 0
1900 1700 -551.979 -0.9103830144340777 -0.1539700376215339 0 0 0 0 0 0
2000 1700 -551.979 -0.9723699203976769 -0.2334453638559053 0 0 0 0 0 0
100 1800 -551.979 0.07768848007070152 0.9576526144598649 0 0 0 0 0 0
0 1800 -551.979 0.156434465040231 0.9876883405951379 0 0 0 0 0 0
200 1800 -551.979 4.630664415729075e-17 0.9256658615971345 0 0 0 0 0 0
300 1800 -551.979 -0.07623110634532912 0.8910180447630317 0 0 0 0 0 0
400 1800 -551.979 -0.1506367928180161 0.8532851792853329 0 0 0 0 0 0
500 1800 -551.979 -0.2228807725993792 0.8122232494471199 0 0 0 0 0 0
600 1800 -551.979 -0.2926592463999804 0.7677104390172792 0 0 0 0 0 0
700 1800 -551.979 -0.3597023538900771 0.7197141522906698 0 0 0 0 0 0
800 1800 -551.979 -0.4237764830163078 0.6682705673554933 0 0 0 0 0 0
900 1800 -551.979 -0.4846877652946326 0.6134707284811494 0 0 0 0 0 0
1000 1800 -551.979 -0.5422873226616524 0.5554501592674415 0 0 0 0 0 0
1100 1800 -551.979 -0.5964791886058652 0.4943803827188225 0 0 0 0 0 0
1200 1800 -551.979 -0.6472324402979939 0.4304614117264139 0 0 0 0 0 0
1300 1800 -551.979 -0.6946002254772464 0.3639145954267304 0 0 0 0 0 0
1400 1800 -551.979 -0.7387506385836529 0.2949753303078321 0 0 0 0 0 0
1500 1800 -551.979 -0.7800191143158612 0.2238851204603691 0 0 0 0 0 0
1600 1800 -551.979 -0.8190021425051068 0.1508822755426285 0 0 0 0 0 0
1700 1800 -551.979 -0.856733823670593 0.07619005165262266 0 0 0 0 0 0
1800 1800 -551.979 -0.8950266944945929 9.397004938994528e-17 0 0 0 0 0 0
1900 1800 -551.979 -0.9370660730177572 -0.07755367684789763 0 0 0 0 0 0
2000 1800 -551.979 -0.9876883405951378 -0.1564344650402308 0 0 0 0 0 0
100 1900 -551.979 5.645652217063587e-17 0.9790699095989874 0 0 0 0 0 0
0 1900 -551.979 0.078459095727845 0.9969173337331281 0 0 0 0 0 0
200 1900 -551.979 -0.07768848007070142 0.9576526144598648 0 0 0 0 0 0
300 1900 -551.979 -0.1541620857166463 0.9320902383271636 0 0 0 0 0 0
400 1900 -551.979 -0.2289964159358928 0.902125348097374 0 0 0 0 0 0
500 1900 -551.979 -0.3017880073608675 0.8676593759417142 0 0 0 0 0 0
600 1900 -551.979 -0.372155955005686 0.8286926554678685 0 0 0 0 0 0
700 1900 -551.979 -0.4397439236562039 0.7852967510964127 0 0 0 0 0 0
800 1900 -551.979 -0.5042225630370258 0.7375992747795646 0 0 0 0 0 0
900 1900 -551.979 -0.5652924582381409 0.6857742059403222 0 0 0 0 0 0
1000 1900 -551.979 -0.6226878766160716 0.6300348574059256 0 0 0 0 0 0
1100 1900 -551.979 -0.6761817618550218 0.5706281631091635 0 0 0 0 0 0
1200 1900 -551.979 -0.7255927543676161 0.5078295999921433 0 0 0 0 0 0
1300 1900 -551.979 -0.7707956506865961 0.4419383369038622 0 0 0 0 0 0
1400 1900 -551.979 -0.8117380419515985 0.3732723162409971 0 0 0 0 0 0
1500 1900 -551.979 -0.8484689003036667 0.3021629809512503 0 0 0 0 0 0
1600 1900 -551.979 -0.8811925226051545 0.2289492517998657 0 0 0 0 0 0
1700 1900 -551.979 -0.9103830144340773 0.153970037621534 0 0 0 0 0 0
1800 1900 -551.979 -0.9370660730177572 0.07755367684789784 0 0 0 0 0 0
1900 1900 -551.979 -0.9636497458093188 1.141769699272319e-16 0 0 0 0 0 0
2000 1900 -551.979 -0.9969173337331277 -0.0784590957278448 0 0 0 0 0 0
100 2000 -551.979 -0.07845909572784487 0.9969173337331281 0 0 0 0 0 0
0 2000 -551.979 6.123233995736766e-17 1 0 0 0 0 0 0
200 2000 -551.979 -0.1564344650402308 0.9876883405951378 0 0 0 0 0 0
300 2000 -551.979 -0.2334453638559054 0.9723699203976767 0 0 0 0 0 0
400 2000 -551.979 -0.3090169943749473 0.9510565162951535 0 0 0 0 0 0
500 2000 -551.979 -0.3826834323650897 0.9238795325112867 0 0 0 0 0 0
600 2000 -551.979 -0.4539904997395467 0.8910065241883679 0 0 0 0 0 0
700 2000 -551.979 -0.5224985647159487 0.8526401643540923 0 0 0 0 0 0
800 2000 -551.979 -0.587785252292473 0.8090169943749476 0 0 0 0 0 0
900 2000 -551.979 -0.6494480483301835 0.760405965600031 0 0 0 0 0 0
1000 2000 -551.979 -0.7071067811865475 0.7071067811865476 0 0 0 0 0 0
1100 2000 -551.979 -0.7604059656000309 0.6494480483301838 0 0 0 0 0 0
1200 2000 -551.979 -0.8090169943749475 0.5877852522924732 0 0 0 0 0 0
1300 2000 -551.979 -0.8526401643540922 0.5224985647159488 0 0 0 0 0 0
1400 2000 -551.979 -0.8910065241883678 0.4539904997395469 0 0 0 0 0 0
1500 2000 -551.979 -0.9238795325112867 0.3826834323650899 0 0 0 0 0 0
1600 2000 -551.979 -0.9510565162951535 0.3090169943749475 0 0 0 0 0 0
1700 2000 -551.979 -0.9723699203976767 0.2334453638559055 0 0 0 0 0 0
1800 2000 -551.979 -0.9876883405951375 0.156434465040231 0 0 0 0 0 0
1900 2000 -551.979 -0.9969173337331277 0.07845909572784507 0 0 0 0 0 0
2000 2000 -551.979 -1 1.224646799147353e-16 0 0 0 0 0 0
0 1 2
0 3 1
2 4 5
2 1 4
5 6 7
5 4 6
7 8 9
7 6 8
9 10 11
9 8 10
11 12 13
11 10 12
13 14 15
13 12 14
15 16 17
15 14 16
17 18 19
17 16 18
19 20 21
19 18 20
21 22 23
21 20 22
23 24 25
23 22 24
25 26 27
25 24 26
27 28 29
27 26 28
29 30 31
29 28 30
31 32 33
31 30 32
33 34 35
33 32 34
35 36 37
35 34 36
37 38 39
37 36 38
39 40 41
39 38 40
3 42 1
3 43 42
1 44 4
1 42 44
4 45 6
4 44 45
6 46 8
6 45 46
8 47 10
8 46 47
10 48 12
10 47 48
12 49 14
12 48 49
14 50 16
14 49 50
16 51 18
16 50 51
18 52 20
18 51 52
20 53 22
20 52 53
22 54 24
22 53 54
24 55 26
24 54 55
26 56 28
26 55 56
28 57 30
28 56 57
30 58 32
30 57 58
32 59 34
32 58 59
34 60 36
34 59 60
36 61 38
36 60 61
38 62 40
38 61 62
43 63 42
43 64 63
42 65 44
42 63 65
44 66 45
44 65 66
45 67 46
45 66 67
46 68 47
46 67 68
47 69 48
47 68 69
48 70 49
48 69 70
49 71 50
49 70 71
50 72 51
50 71 72
51 73 52
51 72 73
52 74 53
52 73 74
53 75 54
53 74 75
54 76 55
54 75 76
55 77 56
55 76 77
56 78 57
56 77 78
57 79 58
57 78 79
58 80 59
58 79 80
59 81 60
59 80 81
60 82 61
60 81 82
61 83 62
61 82 83
64 84 63
64 85 84
63 86 65
63 84 86
65 87 66
65 86 87
66 88 67
66 87 88
67 89 68
67 88 89
68 90 69
68 89 90
69 91 70
69 90 91
70 92 71
70 91 92
71 93 72
71 92 93
72 94 73
72 93 94
73 95 74
73 94 95
74 96 75
74 95 96
75 97 76
75 96 97
76 98 77
76 97 98
77 99 78
77 98 99
78 100 79
78 99 100
79 101 80
79 100 101
80 102 81
80 101 102
81 103 82
81 102 103
82 104 83
82 103 104
85 105 84
85 106 105
84 107 86
84 105 107
86 108 87
86 107 108
87 109 88
87 108 109
88 110 89
88 109 110
89 111 90
89 110 111
90 112 91
90 111 112
91 113 92
91 112 113
92 114 93
92 113 114
93 115 94
93 114 115
94 116 95
94 115 116
95 117 96
95 116 117
96 118 97
96 117 118
97 119 98
97 118 119
98 120 99
98 119 120
99 121 100
99 120 121
100 122 101
100 121 122
101 123 102
101 122 123
102 124 103
102 123 124
103 125 104
103 124 125
106 126 105
106 127 126
105 128 107
105 126 128
107 129 108
107 128 129
108 130 109
108 129 130
109 131 110
109 130 131
110 132 111
110 131 132
111 133 112
111 132 133
112 134 113
112 133 134
113 135 114
113 134 135
114 136 115
114 135 136
115 137 116
115 136 137
116 138 117
116 137 138
117 139 118
117 138 139
118 140 119
118 139 140
119 141 120
119 140 141
120 142 121
120 141 142
121 143 122
121 142 143
122 144 123
122 143 144
123 145 124
123 144 145
124 146 125
124 145 146
127 147 126
127 148 147
126 149 128
126 147 149
128 150 129
128 149 150
129 151 130
129 150 151
130 152 131
130 151 152
131 153 132
131 152 153
132 154 133
132 153 154
133 155 134
133 154 155
134 156 135
134 155 156
135 157 136
135 156 157
136 158 137
136 157 158
137 159 138
137 158 159
138 160 139
138 159 160
139 161 140
139 160 161
140 162 141
140 161 162
141 163 142
141 162 163
142 164 143
142 163 164
143 165 144
143 164 165
144 166 145
144 165 166
145 167 146
145 166 167
148 168 147
148 169 168
147 170 149
147 168 170
149 171 150
149 170 171
150 172 151
150 171 172
151 173 152
151 172 173
152 174 153
152 173 174
153 175 154
153 174 175
154 176 155
154 175 176
155 177 156
155 176 177
156 178 157
156 177 178
157 179 158
157 178 179
158 180 159
158 179 180
159 181 160
159 180 181
160 182 161
160 181 182
161 183 162
161 182 183
162 184 163
162 183 184
163 185 164
163 184 185
164 186 165
164 185 186
165 187 166
165 186 187
166 188 167
166 187 188
169 189 168
169 190 189
168 191 170
168 189 191
170 192 171
170 191 192
171 193 172
171 192 193
172 194 173
172 193 194
173 195 174
173 194 195
174 196 175
174 195 196
175 197 176
175 196 197
176 198 177
176 197 198
177 199 178
177 198 199
178 200 179
178 199 200
179 201 180
179 200 201
180 202 181
180 201 202
181 203 182
181 202 203
182 204 183
182 203 204
183 205 184
183 204 205
184 206 185
184 205 206
185 207 186
185 206 207
186 208 187
186 207 208
187 209 188
187 208 209
190 210 189
190 211 210
189 212 191
189 210 212
191 213 192
191 212 213
192 214 193
192 213 214
193 215 194
193 214 215
194 216 195
194 215 216
195 217 196
195 216 217
196 218 197
196 217 218
197 219 198
197 218 219
198 220 199
198 219 220
199 221 200
199 220 221
200 222 201
200 221 222
201 223 202
201 222 223
202 224 203
202 223 224
203 225 204
203 224 225
204 226 205
204 225 226
205 227 206
205 226 227
206 228 207
206 227 228
207 229 208
207 228 229
208 230 209
208 229 230
211 231 210
211 232 231
210 233 212
210 231 233
212 234 213
212 233 234
213 235 214
213 234 235
214 236 215
214 235 236
215 237 216
215 236 237
216 238 217
216 237 238
217 239 218
217 238 239
218 240 219
218 239 240
219 241 220
219 240 241
220 242 221
220 241 242
221 243 222
221 242 243
222 244 223
222 243 244
223 245 224
223 244 245
224 246 225
224 245 246
225 247 226
225 246 247
226 248 227
226 247 248
227 249 228
227 248 249
228 250 229
228 249 250
229 251 230
229 250 251
232 252 231
232 253 252
231 254 233
231 252 254
233 255 234
233 254 255
234 256 235
234 255 256
235 257 236
235 256 257
236 258 237
236 257 258
237 259 238
237 258 259
238 260 239
238 259 260
239 261 240
239 260 261
240 262 241
240 261 262
241 263 242
241 262 263
242 264 243
242 263 264
243 265 244
243 264 265
244 266 245
244 265 266
245 267 246
245 266 267
246 268 247
246 267 268
247 269 248
247 268 269
248 270 249
248 269 270
249 271 250
249 270 271
250 272 251
250 271 272
253 273 252
253 274 273
252 275 254
252 273 275
254 276 255
254 275 276
255 277 256
255 276 277
256 278 257
256 277 278
257 279 258
257 278 279
258 280 259
258 279 280
259 281 260
259 280 281
260 282 261
260 281 282
261 283 262
261 282 283
262 284 263
262 283 284
263 285 264
263 284 285
264 286 265
264 285 286
265 287 266
265 286 287
266 288 267
266 287 288
267 289 268
267 288 289
268 290 269
268 289 290
269 291 270
269 290 291
270 292 271
270 291 292
271 293 272
271 292 293
274 294 273
274 295 294
273 296 275
273 294 296
275 297 276
275 296 297
276 298 277
276 297 298
277 299 278
277 298 299
278 300 279
278 299 300
279 301 280
279 300 301
280 302 281
280 301 302
281 303 282
281 302 303
282 304 283
282 303 304
283 305 284
283 304 305
284 306 285
284 305 306
285 307 286
285 306 307
286 308 287
286 307 308
287 309 288
287 308 309
288 310 289
288 309 310
289 311 290
289 310 311
290 312 291
290 311 312
291 313 292
291 312 313
292 314 293
292 313 314
295 315 294
295 316 315
294 317 296
294 315 317
296 318 297
296 317 318
297 319 298
297 318 319
298 320 299
298 319 320
299 321 300
299 320 321
300 322 301
300 321 322
301 323 302
301 322 323
302 324 303
302 323 324
303 325 304
303 324 325
304 326 305
304 325 326
305 327 306
305 326 327
306 328 307
306 327 328
307 329 308
307 328 329
308 330 309
308 329 330
309 331 310
309 330 331
310 332 311
310 331 332
311 333 312
311 332 333
312 334 313
312 333 334
313 335 314
313 334 335
316 336 315
316 337 336
315 338 317
315 336 338
317 339 318
317 338 339
318 340 319
318 339 340
319 341 320
319 340 341
320 342 321
320 341 342
321 343 322
321 342 343
322 344 323
322 343 344
323 345 324
323 344 345
324 346 325
324 345 346
325 347 326
325 346 347
326 348 327
326 347 348
327 349 328
327 348 349
328 350 329
328 349 350
329 351 330
329 350 351
330 352 331
330 351 352
331 353 332
331 352 353
332 354 333
332 353 354
333 355 334
333 354 355
334 356 335
334 355 356
337 357 336
337 358 357
336 359 338
336 357 359
338 360 339
338 359 360
339 361 340
339 360 361
340 362 341
340 361 362
341 363 342
341 362 363
342 364 343
342 363 364
343 365 344
343 364 365
344 366 345
344 365 366
345 367 346
345 366 367
346 368 347
346 367 368
347 369 348
347 368 369
348 370 349
348 369 370
349 371 350
349 370 371
350 372 351
350 371 372
351 373 352
351 372 373
352 374 353
352 373 374
353 375 354
353 374 375
354 376 355
354 375 376
355 377 356
355 376 377
358 378 357
358 379 378
357 380 359
357 378 380
359 381 360
359 380 381
360 382 361
360 381 382
361 383 362
361 382 383
362 384 363
362 383 384
363 385 364
363 384 385
364 386 365
364 385 386
365 387 366
365 386 387
366 388 367
366 387 388
367 389 368
367 388 389
368 390 369
368 389 390
369 391 370
369 390 391
370 392 371
370 391 392
371 393 372
371 392 393
372 394 373
372 393 394
373 395 374
373 394 395
374 396 375
374 395 396
375 397 376
375 396 397
376 398 377
376 397 398
379 399 378
379 400 399
378 401 380
378 399 401
380 402 381
380 401 402
381 403 382
381 402 403
382 404 383
382 403 404
383 405 384
383 404 405
384 406 385
384 405 406
385 407 386
385 406 407
386 408 387
386 407 408
387 409 388
387 408 409
388 410 389
388 409 410
389 411 390
389 410 411
390 412 391
390 411 412
391 413 392
391 412 413
392 414 393
392 413 414
393 415 394
393 414 415
394 416 395
394 415 416
395 417 396
395 416 417
396 418 397
396 417 418
397 419 398
397 418 419
400 420 399
400 421 420
399 422 401
399 420 422
401 423 402
401 422 423
402 424 403
402 423 424
403 425 404
403 424 425
404 426 405
404 425 426
405 427 406
405 426 427
406 428 407
406 427 428
407 429 408
407 428 429
408 430 409
408 429 430
409 431 410
409 430 431
410 432 411
410 431 432
411 433 412
411 432 433
412 434 413
412 433 434
413 435 414
413 434 435
414 436 415
414 435 436
415 437 416
415 436 437
416 438 417
416 437 438
417 439 418
417 438 439
418 440 419
418 439 440
3
160 160
0 0 -551.979 0.9840466656343552 -0.0004963057680440972 0 0 0 0 0 0
100 0 -551.979 0.9809778447516797 -0.07769154918747032 0 0 0 0 0 0
100 0 -29.5 0.99691993720546 -0.07842600845549648 0 0 0 0 0 0
0 0 -32 1 0 0 0 0 0 0 0
0 100 -551.979 0.9809945765948284 0.07672167905487716 0 0 0 0 0 0
0 100 -25.456 0.9969086850436387 0.07856891041985567 0 0 0 0 0 0
200 0 -551.979 0.9718328490487778 -0.1543919142470748 0 0 0 0 0 0
200 0 -27 0.9876987223954768 -0.1563689028494575 0 0 0 0 0 0
300 0 -551.979 0.956683234450759 -0.2301269412849019 0 0 0 0 0 0
300 0 -24.5 0.9723931594113633 -0.2333485451636392 0 0 0 0 0 0
400 0 -551.979 0.9356314565785727 -0.3044313613032744 0 0 0 0 0 0
400 0 -22 0.9510975324433136 -0.3088907311335837 0 0 0 0 0 0
500 0 -551.979 0.908812824084991 -0.3768483135400912 0 0 0 0 0 0
500 0 -19.5 0.923943025227949 -0.3825301114064428 0 0 0 0 0 0
600 0 -551.979 0.8763961438431394 -0.4469323602570257 0 0 0 0 0 0
600 0 -17 0.8910969129400262 -0.4538130581514324 0 0 0 0 0 0
700 0 -551.979 0.8385835271240136 -0.5142523444894898 0 0 0 0 0 0
700 0 -14.5 0.8527615317563509 -0.5223004594642456 0 0 0 0 0 0
800 0 -551.979 0.795609628096503 -0.5783941097807535 0 0 0 0 0 0
800 0 -12 0.8091730324395202 -0.587570424351525 0 0 0 0 0 0
900 0 -551.979 0.7477404736364501 -0.6389630858648397 0 0 0 0 0 0
900 0 -9.5 0.760599925619566 -0.6492208816323691 0 0 0 0 0 0
1000 0 -551.979 0.6952719795957578 -0.6955867357644764 0 0 0 0 0 0
1000 0 -7 0.7073414277347497 -0.7068720567473052 0 0 0 0 0 0
1100 0 -551.979 0.6385282122516952 -0.7479168548037928 0 0 0 0 0 0
1100 0 -4.5 0.6497256178207286 -0.7601688112172669 0 0 0 0 0 0
1200 0 -551.979 0.5778594323981986 -0.7956317086252995 0 0 0 0 0 0
1200 0 -2 0.5881074165024894 -0.808782830341228 0 0 0 0 0 0
1300 0 -551.979 0.5136399460424433 -0.838437993816363 0 0 0 0 0 0
1300 0 0.5 0.5228663996387251 -0.8524146456559958 0 0 0 0 0 0
1400 0 -551.979 0.446265774816126 -0.8760725992512436 0 0 0 0 0 0
1400 0 3 0.454404460086876 -0.890795479699552 0 0 0 0 0 0
1500 0 -551.979 0.37615214630849 -0.908304135612761 0 0 0 0 0 0
1500 0 5.5 0.3831433319926537 -0.9236889017139737 0 0 0 0 0 0
1600 0 -551.979 0.3037307833567713 -0.9349341789526431 0 0 0 0 0 0
1600 0 8 0.3095219928547381 -0.9508922840885982 0 0 0 0 0 0
1700 0 -551.979 0.2294469312787428 -0.9557981302139676 0 0 0 0 0 0
1700 0 10.5 0.233993959368255 -0.9722380505715499 0 0 0 0 0 0
1800 0 -551.979 0.153755982990664 -0.9707655038666601 0 0 0 0 0 0
1800 0 13 0.157024493704979 -0.9875947085604979 0 0 0 0 0 0
1900 0 -551.979 0.07711940451068452 -0.9797392805155916 0 0 0 0 0 0
1900 0 15.5 0.07908773743991701 -0.9968676591136031 0 0 0 0 0 0
2000 0 -551.979 -6.504154070675429e-07 -0.9826536018591683 0 0 0 0 0 0
2000 0 18 0.0006637907796689239 -0.9999997796908761 0 0 0 0 0 0
2000 100 -551.979 -0.07712300905822765 -0.9794937605087876 0 0 0 0 0 0
2000 100 24.544 -0.0779071543171051 -0.9969606187338651 0 0 0 0 0 0
0 200 -551.979 0.971856267368308 0.1534690461491396 0 0 0 0 0 0
0 200 -19.633 0.9876593227535949 0.156617566632579 0 0 0 0 0 0
2000 200 -551.979 -0.1537503624844997 -0.9703033782789594 0 0 0 0 0 0
2000 200 30.367 -0.155961932976402 -0.9877630664598996 0 0 0 0 0 0
0 300 -551.979 0.9567319742749072 0.2292514886842358 0 0 0 0 0 0
0 300 -15.171 0.9723218653399271 0.233645436895063 0 0 0 0 0 0
2000 300 -551.979 -0.2294050180661319 -0.9551598057660502 0 0 0 0 0 0
2000 300 34.829 -0.2329999671317584 -0.9724767428152713 0 0 0 0 0 0
0 400 -551.979 0.935740923745278 0.3036028119040112 0 0 0 0 0 0
0 400 -12.561 0.951002492175913 0.3091832140902906 0 0 0 0 0 0
2000 400 -551.979 -0.3036308744387717 -0.9341694483987147 0 0 0 0 0 0
2000 400 37.439 -0.3085518792886592 -0.9512075156281287 0 0 0 0 0 0
0 500 -551.979 0.9090233423028136 0.3760811333315653 0 0 0 0 0 0
0 500 -12.092 0.9238343960413298 0.3827923832718612 0 0 0 0 0 0
2000 500 -551.979 -0.3759908043781877 -0.9074641409985406 0 0 0 0 0 0
2000 500 37.908 -0.382179066185173 -0.924088286566727 0 0 0 0 0 0
0 600 -551.979 0.8767410287441929 0.4462626790004799 0 0 0 0 0 0
0 600 -13.814 0.8909739006968497 0.4540545212604321 0 0 0 0 0 0
2000 600 -551.979 -0.4460608364312272 -0.8752004329395789 0 0 0 0 0 0
2000 600 36.186 -0.4534630009678703 -0.8912751016118498 0 0 0 0 0 0
0 700 -551.979 0.839079709089194 0.5137344825140364 0 0 0 0 0 0
0 700 -17.538 0.8526043480489087 0.5225570071179748 0 0 0 0 0 0
2000 700 -551.979 -0.5134241463488691 -0.8375621188710585 0 0 0 0 0 0
2000 700 32.462 -0.5219909410889575 -0.8529510287355685 0 0 0 0 0 0
0 800 -551.979 0.7962535812391106 0.5780889424757177 0 0 0 0 0 0
0 800 -22.855 0.8089454601989574 0.5878836980419656 0 0 0 0 0 0
2000 800 -551.979 -0.5776680059035845 -0.7947646543844388 0 0 0 0 0 0
2000 800 27.145 -0.5873465979880882 -0.8093355137591696 0 0 0 0 0 0
0 900 -551.979 0.7485104196037022 0.6389228999338005 0 0 0 0 0 0
0 900 -29.178 0.7602626072900879 0.6496158618418101 0 0 0 0 0 0
2000 900 -551.979 -0.6383855900574258 -0.7470590860332581 0 0 0 0 0 0
2000 900 20.822 -0.6491110634166627 -0.7606936488167161 0 0 0 0 0 0
0 1000 -551.979 0.6961347902036197 0.6958422194716248 0 0 0 0 0 0
0 1000 -35.811 0.7068695375138156 0.7073439452875839 0 0 0 0 0 0
2000 1000 -551.979 -0.6951824675796686 -0.6947332100654083 0 0 0 0 0 0
2000 1000 14.189 -0.7068745759718283 -0.707338910172944 0 0 0 0 0 0
0 1100 -551.979 0.6394474774887527 0.7484705844759092 0 0 0 0 0 0
0 1100 -42.026 0.6491216429124385 0.7606846210504435 0 0 0 0 0 0
2000 1100 -551.979 -0.7476856398900332 -0.6381089443422553 0 0 0 0 0 0
2000 1100 7.974 -0.7602535725032326 -0.6496264353427068 0 0 0 0 0 0
0 1200 -551.979 0.5788009225055277 0.7964595160647601 0 0 0 0 0 0
0 1200 -47.136 0.5874018244413902 0.8092954322390101 0 0 0 0 0 0
2000 1200 -551.979 -0.7955521962624604 -0.5775367418191649 0 0 0 0 0 0
2000 1200 2.864 -0.8089053420288175 -0.5879388978773576 0 0 0 0 0 0
0 1300 -551.979 0.5145724017855845 0.8394964432298526 0 0 0 0 0 0
0 1300 -50.58 0.5221040088091311 0.8528818229892314 0 0 0 0 0 0
2000 1300 -551.979 -0.8384751115834443 -0.5133893993949838 0 0 0 0 0 0
2000 1300 -0.58 -0.8525350672645087 -0.5226700288751018 0 0 0 0 0 0
0 1400 -551.979 0.4471578546165051 0.8773087458747725 0 0 0 0 0 0
0 1400 -51.979 0.4536227881119682 0.8911937870662723 0 0 0 0 0 0
2000 1400 -551.979 -0.8761853243255866 -0.4460579377975824 0 0 0 0 0 0
2000 1400 -1.979 -0.8908924801039533 -0.4542142543934824 0 0 0 0 0 0
0 1500 -551.979 0.3769688537358683 0.9096638281092184 0 0 0 0 0 0
0 1500 -51.178 0.3823531622515153 0.9240162657206129 0 0 0 0 0 0
2000 1500 -551.979 -0.9084512600469524 -0.3759509843643736 0 0 0 0 0 0
2000 1500 -1.178 -0.9237622596477192 -0.3829664314930747 0 0 0 0 0 0
0 1600 -551.979 0.3044332979667487 0.936367204090838 0 0 0 0 0 0
0 1600 -48.267 0.3087002854264675 0.9511593629763719 0 0 0 0 0 0
2000 1600 -551.979 -0.9350780274877184 -0.3034969098634351 0 0 0 0 0 0
2000 1600 1.733 -0.9509542410241385 -0.3093315882321179 0 0 0 0 0 0
0 1700 -551.979 0.2299980383909996 0.9572610604331857 0 0 0 0 0 0
0 1700 -43.564 0.2330933269684577 0.9724543695838769 0 0 0 0 0 0
2000 1700 -551.979 -0.9559083150131448 -0.2291461011048469 0 0 0 0 0 0
2000 1700 6.436 -0.9722994301420627 -0.2337387818600505 0 0 0 0 0 0
0 1800 -551.979 0.1541302843589007 0.9722248329564698 0 0 0 0 0 0
0 1800 -37.588 0.1559955920257123 0.9877577513077523 0 0 0 0 0 0
2000 1800 -551.979 -0.9708257182634741 -0.1533703303131904 0 0 0 0 0 0
2000 1800 12.412 -0.9876539852600519 -0.1566512221463252 0 0 0 0 0 0
0 1900 -551.979 0.0773150759103112 0.9811775170277351 0 0 0 0 0 0
0 1900 -30.997 0.0779039002676065 0.9969608730151324 0 0 0 0 0 0
2000 1900 -551.979 -0.9797599179433435 -0.07665759343002251 0 0 0 0 0 0
2000 1900 19.003 -0.996908941484858 -0.07856565653986529 0 0 0 0 0 0
100 2000 -551.979 -0.07717299928300154 0.9809359257570534 0 0 0 0 0 0
0 2000 -551.979 4.825790748648586e-05 0.9840800397077311 0 0 0 0 0 0
0 2000 -24.517 -0.0006637907796692684 0.9999997796908763 0 0 0 0 0 0
100 2000 -22.017 -0.07908773743991691 0.996867659113603 0 0 0 0 0 0
200 2000 -551.979 -0.1538767013644859 0.9717685563304388 0 0 0 0 0 0
200 2000 -19.517 -0.1570244937049789 0.987594708560498 0 0 0 0 0 0
300 2000 -551.979 -0.2296064306689648 0.9566258989035539 0 0 0 0 0 0
300 2000 -17.017 -0.2339939593682561 0.9722380505715494 0 0 0 0 0 0
400 2000 -551.979 -0.3039035103071462 0.9355976324100823 0 0 0 0 0 0
400 2000 -14.517 -0.309521992854739 0.9508922840885977 0 0 0 0 0 0
500 2000 -551.979 -0.3763141909123157 0.9088120134424518 0 0 0 0 0 0
500 2000 -12.017 -0.3831433319926544 0.9236889017139734 0 0 0 0 0 0
600 2000 -551.979 -0.4463945192884486 0.8764338551882348 0 0 0 0 0 0
600 2000 -9.516999999999999 -0.4544044600868765 0.8907954796995516 0 0 0 0 0 0
700 2000 -551.979 -0.5137140613765276 0.8386629215865906 0 0 0 0 0 0
700 2000 -7.017 -0.5228663996387252 0.8524146456559959 0 0 0 0 0 0
800 2000 -551.979 -0.5778590266149992 0.7957324099150223 0 0 0 0 0 0
800 2000 -4.517 -0.5881074165024895 0.8087828303412278 0 0 0 0 0 0
900 2000 -551.979 -0.6384350457710375 0.7479073706814102 0 0 0 0 0 0
900 2000 -2.017 -0.649725617820729 0.7601688112172666 0 0 0 0 0 0
1000 2000 -551.979 -0.6950697154492497 0.6954829971051061 0 0 0 0 0 0
1000 2000 0.483 -0.7073414277347503 0.7068720567473048 0 0 0 0 0 0
1100 2000 -551.979 -0.7474149578345428 0.6387827559104693 0 0 0 0 0 0
1100 2000 2.983 -0.7605999256195661 0.6492208816323689 0 0 0 0 0 0
1200 2000 -551.979 -0.7951492153693558 0.5781563491993156 0 0 0 0 0 0
1200 2000 5.483 -0.8091730324395208 0.5875704243515245 0 0 0 0 0 0
1300 2000 -551.979 -0.8379794892183597 0.5139775041301523 0 0 0 0 0 0
1300 2000 7.983 -0.8527615317563514 0.5223004594642452 0 0 0 0 0 0
1400 2000 -551.979 -0.87564322976346 0.4466415872975827 0 0 0 0 0 0
1400 2000 10.483 -0.8910969129400266 0.4538130581514319 0 0 0 0 0 0
1500 2000 -551.979 -0.907910094407816 0.3765630351033283 0 0 0 0 0 0
1500 2000 12.983 -0.9239430252279495 0.3825301114064423 0 0 0 0 0 0
1600 2000 -551.979 -0.9345836032599033 0.3041725788484302 0 0 0 0 0 0
1600 2000 15.483 -0.9510975324433137 0.3088907311335832 0 0 0 0 0 0
1700 2000 -551.979 -0.9555027501903453 0.2299142203775431 0 0 0 0 0 0
1700 2000 17.983 -0.9723931594113635 0.2333485451636386 0 0 0 0 0 0
1800 2000 -551.979 -0.9705436720635437 0.1542418745723425 0 0 0 0 0 0
1800 2000 20.483 -0.987698722395477 0.1563689028494574 0 0 0 0 0 0
1900 2000 -551.979 -0.9796215544625553 0.07761552799623417 0 0 0 0 0 0
1900 2000 22.983 -0.9969199372054601 0.07842600845549635 0 0 0 0 0 0
2000 2000 -551.979 -0.9826930779203026 0.0004966503355846062 0 0 0 0 0 0
2000 2000 25.483 -1 -3.216245299353274e-16 0 0 0 0 0 0
0 1 2
0 2 3
4 0 3
4 3 5
1 6 7
1 7 2
6 8 9
6 9 7
8 10 11
8 11 9
10 12 13
10 13 11
12 14 15
12 15 13
14 16 17
14 17 15
16 18 19
16 19 17
18 20 21
18 21 19
20 22 23
20 23 21
22 24 25
22 25 23
24 26 27
24 27 25
26 28 29
26 29 27
28 30 31
28 31 29
30 32 33
30 33 31
32 34 35
32 35 33
34 36 37
34 37 35
36 38 39
36 39 37
38 40 41
38 41 39
40 42 43
40 43 41
42 44 45
42 45 43
46 4 5
46 5 47
44 48 49
44 49 45
50 46 47
50 47 51
48 52 53
48 53 49
54 50 51
54 51 55
52 56 57
52 57 53
58 54 55
58 55 59
56 60 61
56 61 57
62 58 59
62 59 63
60 64 65
60 65 61
66 62 63
66 63 67
64 68 69
64 69 65
70 66 67
70 67 71
68 72 73
68 73 69
74 70 71
74 71 75
72 76 77
72 77 73
78 74 75
78 75 79
76 80 81
76 81 77
82 78 79
82 79 83
80 84 85
80 85 81
86 82 83
86 83 87
84 88 89
84 89 85
90 86 87
90 87 91
88 92 93
88 93 89
94 90 91
94 91 95
92 96 97
92 97 93
98 94 95
98 95 99
96 100 101
96 101 97
102 98 99
102 99 103
100 104 105
100 105 101
106 102 103
106 103 107
104 108 109
104 109 105
110 106 107
110 107 111
108 112 113
108 113 109
114 110 111
114 111 115
112 116 117
112 117 113
118 119 120
118 120 121
119 114 115
119 115 120
122 118 121
122 121 123
124 122 123
124 123 125
126 124 125
126 125 127
128 126 127
128 127 129
130 128 129
130 129 131
132 130 131
132 131 133
134 132 133
134 133 135
136 134 135
136 135 137
138 136 137
138 137 139
140 138 139
140 139 141
142 140 141
142 141 143
144 142 143
144 143 145
146 144 145
146 145 147
148 146 147
148 147 149
150 148 149
150 149 151
152 150 151
152 151 153
154 152 153
154 153 155
156 154 155
156 155 157
116 158 159
116 159 117
158 156 157
158 157 159
$EndParametrizations
