solid top
 facet normal -0.029923 -0.065270 0.997419
  outer loop
   vertex 0.000 0.000 -30.000
   vertex 100.000 0.000 -27.000
   vertex 100.000 100.000 -20.456
  endloop
 endfacet
 facet normal -0.029923 -0.065270 0.997419
  outer loop
   vertex 0.000 0.000 -30.000
   vertex 100.000 100.000 -20.456
   vertex 0.000 100.000 -23.456
  endloop
 endfacet
 facet normal -0.029923 -0.065270 0.997419
  outer loop
   vertex 100.000 0.000 -27.000
   vertex 200.000 0.000 -24.000
   vertex 200.000 100.000 -17.456
  endloop
 endfacet
 facet normal -0.029923 -0.065270 0.997419
  outer loop
   vertex 100.000 0.000 -27.000
   vertex 200.000 100.000 -17.456
   vertex 100.000 100.000 -20.456
  endloop
 endfacet
 facet normal -0.029923 -0.065270 0.997419
  outer loop
   vertex 200.000 0.000 -24.000
   vertex 300.000 0.000 -21.000
   vertex 300.000 100.000 -14.456
  endloop
 endfacet
 facet normal -0.029923 -0.065270 0.997419
  outer loop
   vertex 200.000 0.000 -24.000
   vertex 300.000 100.000 -14.456
   vertex 200.000 100.000 -17.456
  endloop
 endfacet
 facet normal -0.029923 -0.065270 0.997419
  outer loop
   vertex 300.000 0.000 -21.000
   vertex 400.000 0.000 -18.000
   vertex 400.000 100.000 -11.456
  endloop
 endfacet
 facet normal -0.029923 -0.065270 0.997419
  outer loop
   vertex 300.000 0.000 -21.000
   vertex 400.000 100.000 -11.456
   vertex 300.000 100.000 -14.456
  endloop
 endfacet
 facet normal -0.029923 -0.065270 0.997419
  outer loop
   vertex 400.000 0.000 -18.000
   vertex 500.000 0.000 -15.000
   vertex 500.000 100.000 -8.456
  endloop
 endfacet
 facet normal -0.029923 -0.065270 0.997419
  outer loop
   vertex 400.000 0.000 -18.000
   vertex 500.000 100.000 -8.456
   vertex 400.000 100.000 -11.456
  endloop
 endfacet
 facet normal -0.029923 -0.065270 0.997419
  outer loop
   vertex 500.000 0.000 -15.000
   vertex 600.000 0.000 -12.000
   vertex 600.000 100.000 -5.456
  endloop
 endfacet
 facet normal -0.029923 -0.065270 0.997419
  outer loop
   vertex 500.000 0.000 -15.000
   vertex 600.000 100.000 -5.456
   vertex 500.000 100.000 -8.456
  endloop
 endfacet
 facet normal -0.029923 -0.065270 0.997419
  outer loop
   vertex 600.000 0.000 -12.000
   vertex 700.000 0.000 -9.000
   vertex 700.000 100.000 -2.456
  endloop
 endfacet
 facet normal -0.029923 -0.065270 0.997419
  outer loop
   vertex 600.000 0.000 -12.000
   vertex 700.000 100.000 -2.456
   vertex 600.000 100.000 -5.456
  endloop
 endfacet
 facet normal -0.029923 -0.065270 0.997419
  outer loop
   vertex 700.000 0.000 -9.000
   vertex 800.000 0.000 -6.000
   vertex 800.000 100.000 0.544
  endloop
 endfacet
 facet normal -0.029923 -0.065270 0.997419
  outer loop
   vertex 700.000 0.000 -9.000
   vertex 800.000 100.000 0.544
   vertex 700.000 100.000 -2.456
  endloop
 endfacet
 facet normal -0.029923 -0.065270 0.997419
  outer loop
   vertex 800.000 0.000 -6.000
   vertex 900.000 0.000 -3.000
   vertex 900.000 100.000 3.544
  endloop
 endfacet
 facet normal -0.029923 -0.065270 0.997419
  outer loop
   vertex 800.000 0.000 -6.000
   vertex 900.000 100.000 3.544
   vertex 800.000 100.000 0.544
  endloop
 endfacet
 facet normal -0.029923 -0.065270 0.997419
  outer loop
   vertex 900.000 0.000 -3.000
   vertex 1000.000 0.000 0.000
   vertex 1000.000 100.000 6.544
  endloop
 endfacet
 facet normal -0.029923 -0.065270 0.997419
  outer loop
   vertex 900.000 0.000 -3.000
   vertex 1000.000 100.000 6.544
   vertex 900.000 100.000 3.544
  endloop
 endfacet
 facet normal -0.029923 -0.065270 0.997419
  outer loop
   vertex 1000.000 0.000 0.000
   vertex 1100.000 0.000 3.000
   vertex 1100.000 100.000 9.544
  endloop
 endfacet
 facet normal -0.029923 -0.065270 0.997419
  outer loop
   vertex 1000.000 0.000 0.000
   vertex 1100.000 100.000 9.544
   vertex 1000.000 100.000 6.544
  endloop
 endfacet
 facet normal -0.029923 -0.065270 0.997419
  outer loop
   vertex 1100.000 0.000 3.000
   vertex 1200.000 0.000 6.000
   vertex 1200.000 100.000 12.544
  endloop
 endfacet
 facet normal -0.029923 -0.065270 0.997419
  outer loop
   vertex 1100.000 0.000 3.000
   vertex 1200.000 100.000 12.544
   vertex 1100.000 100.000 9.544
  endloop
 endfacet
 facet normal -0.029923 -0.065270 0.997419
  outer loop
   vertex 1200.000 0.000 6.000
   vertex 1300.000 0.000 9.000
   vertex 1300.000 100.000 15.544
  endloop
 endfacet
 facet normal -0.029923 -0.065270 0.997419
  outer loop
   vertex 1200.000 0.000 6.000
   vertex 1300.000 100.000 15.544
   vertex 1200.000 100.000 12.544
  endloop
 endfacet
 facet normal -0.029923 -0.065270 0.997419
  outer loop
   vertex 1300.000 0.000 9.000
   vertex 1400.000 0.000 12.000
   vertex 1400.000 100.000 18.544
  endloop
 endfacet
 facet normal -0.029923 -0.065270 0.997419
  outer loop
   vertex 1300.000 0.000 9.000
   vertex 1400.000 100.000 18.544
   vertex 1300.000 100.000 15.544
  endloop
 endfacet
 facet normal -0.029923 -0.065270 0.997419
  outer loop
   vertex 1400.000 0.000 12.000
   vertex 1500.000 0.000 15.000
   vertex 1500.000 100.000 21.544
  endloop
 endfacet
 facet normal -0.029923 -0.065270 0.997419
  outer loop
   vertex 1400.000 0.000 12.000
   vertex 1500.000 100.000 21.544
   vertex 1400.000 100.000 18.544
  endloop
 endfacet
 facet normal -0.029923 -0.065270 0.997419
  outer loop
   vertex 1500.000 0.000 15.000
   vertex 1600.000 0.000 18.000
   vertex 1600.000 100.000 24.544
  endloop
 endfacet
 facet normal -0.029923 -0.065270 0.997419
  outer loop
   vertex 1500.000 0.000 15.000
   vertex 1600.000 100.000 24.544
   vertex 1500.000 100.000 21.544
  endloop
 endfacet
 facet normal -0.029923 -0.065270 0.997419
  outer loop
   vertex 1600.000 0.000 18.000
   vertex 1700.000 0.000 21.000
   vertex 1700.000 100.000 27.544
  endloop
 endfacet
 facet normal -0.029923 -0.065270 0.997419
  outer loop
   vertex 1600.000 0.000 18.000
   vertex 1700.000 100.000 27.544
   vertex 1600.000 100.000 24.544
  endloop
 endfacet
 facet normal -0.029923 -0.065270 0.997419
  outer loop
   vertex 1700.000 0.000 21.000
   vertex 1800.000 0.000 24.000
   vertex 1800.000 100.000 30.544
  endloop
 endfacet
 facet normal -0.029923 -0.065270 0.997419
  outer loop
   vertex 1700.000 0.000 21.000
   vertex 1800.000 100.000 30.544
   vertex 1700.000 100.000 27.544
  endloop
 endfacet
 facet normal -0.029923 -0.065270 0.997419
  outer loop
   vertex 1800.000 0.000 24.000
   vertex 1900.000 0.000 27.000
   vertex 1900.000 100.000 33.544
  endloop
 endfacet
 facet normal -0.029923 -0.065270 0.997419
  outer loop
   vertex 1800.000 0.000 24.000
   vertex 1900.000 100.000 33.544
   vertex 1800.000 100.000 30.544
  endloop
 endfacet
 facet normal -0.029923 -0.065270 0.997419
  outer loop
   vertex 1900.000 0.000 27.000
   vertex 2000.000 0.000 30.000
   vertex 2000.000 100.000 36.544
  endloop
 endfacet
 facet normal -0.029923 -0.065270 0.997419
  outer loop
   vertex 1900.000 0.000 27.000
   vertex 2000.000 100.000 36.544
   vertex 1900.000 100.000 33.544
  endloop
 endfacet
 facet normal -0.029936 -0.058110 0.997861
  outer loop
   vertex 0.000 100.000 -23.456
   vertex 100.000 100.000 -20.456
   vertex 100.000 200.000 -14.633
  endloop
 endfacet
 facet normal -0.029936 -0.058110 0.997861
  outer loop
   vertex 0.000 100.000 -23.456
   vertex 100.000 200.000 -14.633
   vertex 0.000 200.000 -17.633
  endloop
 endfacet
 facet normal -0.029936 -0.058110 0.997861
  outer loop
   vertex 100.000 100.000 -20.456
   vertex 200.000 100.000 -17.456
   vertex 200.000 200.000 -11.633
  endloop
 endfacet
 facet normal -0.029936 -0.058110 0.997861
  outer loop
   vertex 100.000 100.000 -20.456
   vertex 200.000 200.000 -11.633
   vertex 100.000 200.000 -14.633
  endloop
 endfacet
 facet normal -0.029936 -0.058110 0.997861
  outer loop
   vertex 200.000 100.000 -17.456
   vertex 300.000 100.000 -14.456
   vertex 300.000 200.000 -8.633
  endloop
 endfacet
 facet normal -0.029936 -0.058110 0.997861
  outer loop
   vertex 200.000 100.000 -17.456
   vertex 300.000 200.000 -8.633
   vertex 200.000 200.000 -11.633
  endloop
 endfacet
 facet normal -0.029936 -0.058110 0.997861
  outer loop
   vertex 300.000 100.000 -14.456
   vertex 400.000 100.000 -11.456
   vertex 400.000 200.000 -5.633
  endloop
 endfacet
 facet normal -0.029936 -0.058110 0.997861
  outer loop
   vertex 300.000 100.000 -14.456
   vertex 400.000 200.000 -5.633
   vertex 300.000 200.000 -8.633
  endloop
 endfacet
 facet normal -0.029936 -0.058110 0.997861
  outer loop
   vertex 400.000 100.000 -11.456
   vertex 500.000 100.000 -8.456
   vertex 500.000 200.000 -2.633
  endloop
 endfacet
 facet normal -0.029936 -0.058110 0.997861
  outer loop
   vertex 400.000 100.000 -11.456
   vertex 500.000 200.000 -2.633
   vertex 400.000 200.000 -5.633
  endloop
 endfacet
 facet normal -0.029936 -0.058110 0.997861
  outer loop
   vertex 500.000 100.000 -8.456
   vertex 600.000 100.000 -5.456
   vertex 600.000 200.000 0.367
  endloop
 endfacet
 facet normal -0.029936 -0.058110 0.997861
  outer loop
   vertex 500.000 100.000 -8.456
   vertex 600.000 200.000 0.367
   vertex 500.000 200.000 -2.633
  endloop
 endfacet
 facet normal -0.029936 -0.058110 0.997861
  outer loop
   vertex 600.000 100.000 -5.456
   vertex 700.000 100.000 -2.456
   vertex 700.000 200.000 3.367
  endloop
 endfacet
 facet normal -0.029936 -0.058110 0.997861
  outer loop
   vertex 600.000 100.000 -5.456
   vertex 700.000 200.000 3.367
   vertex 600.000 200.000 0.367
  endloop
 endfacet
 facet normal -0.029936 -0.058110 0.997861
  outer loop
   vertex 700.000 100.000 -2.456
   vertex 800.000 100.000 0.544
   vertex 800.000 200.000 6.367
  endloop
 endfacet
 facet normal -0.029936 -0.058110 0.997861
  outer loop
   vertex 700.000 100.000 -2.456
   vertex 800.000 200.000 6.367
   vertex 700.000 200.000 3.367
  endloop
 endfacet
 facet normal -0.029936 -0.058110 0.997861
  outer loop
   vertex 800.000 100.000 0.544
   vertex 900.000 100.000 3.544
   vertex 900.000 200.000 9.367
  endloop
 endfacet
 facet normal -0.029936 -0.058110 0.997861
  outer loop
   vertex 800.000 100.000 0.544
   vertex 900.000 200.000 9.367
   vertex 800.000 200.000 6.367
  endloop
 endfacet
 facet normal -0.029936 -0.058110 0.997861
  outer loop
   vertex 900.000 100.000 3.544
   vertex 1000.000 100.000 6.544
   vertex 1000.000 200.000 12.367
  endloop
 endfacet
 facet normal -0.029936 -0.058110 0.997861
  outer loop
   vertex 900.000 100.000 3.544
   vertex 1000.000 200.000 12.367
   vertex 900.000 200.000 9.367
  endloop
 endfacet
 facet normal -0.029936 -0.058110 0.997861
  outer loop
   vertex 1000.000 100.000 6.544
   vertex 1100.000 100.000 9.544
   vertex 1100.000 200.000 15.367
  endloop
 endfacet
 facet normal -0.029936 -0.058110 0.997861
  outer loop
   vertex 1000.000 100.000 6.544
   vertex 1100.000 200.000 15.367
   vertex 1000.000 200.000 12.367
  endloop
 endfacet
 facet normal -0.029936 -0.058110 0.997861
  outer loop
   vertex 1100.000 100.000 9.544
   vertex 1200.000 100.000 12.544
   vertex 1200.000 200.000 18.367
  endloop
 endfacet
 facet normal -0.029936 -0.058110 0.997861
  outer loop
   vertex 1100.000 100.000 9.544
   vertex 1200.000 200.000 18.367
   vertex 1100.000 200.000 15.367
  endloop
 endfacet
 facet normal -0.029936 -0.058110 0.997861
  outer loop
   vertex 1200.000 100.000 12.544
   vertex 1300.000 100.000 15.544
   vertex 1300.000 200.000 21.367
  endloop
 endfacet
 facet normal -0.029936 -0.058110 0.997861
  outer loop
   vertex 1200.000 100.000 12.544
   vertex 1300.000 200.000 21.367
   vertex 1200.000 200.000 18.367
  endloop
 endfacet
 facet normal -0.029936 -0.058110 0.997861
  outer loop
   vertex 1300.000 100.000 15.544
   vertex 1400.000 100.000 18.544
   vertex 1400.000 200.000 24.367
  endloop
 endfacet
 facet normal -0.029936 -0.058110 0.997861
  outer loop
   vertex 1300.000 100.000 15.544
   vertex 1400.000 200.000 24.367
   vertex 1300.000 200.000 21.367
  endloop
 endfacet
 facet normal -0.029936 -0.058110 0.997861
  outer loop
   vertex 1400.000 100.000 18.544
   vertex 1500.000 100.000 21.544
   vertex 1500.000 200.000 27.367
  endloop
 endfacet
 facet normal -0.029936 -0.058110 0.997861
  outer loop
   vertex 1400.000 100.000 18.544
   vertex 1500.000 200.000 27.367
   vertex 1400.000 200.000 24.367
  endloop
 endfacet
 facet normal -0.029936 -0.058110 0.997861
  outer loop
   vertex 1500.000 100.000 21.544
   vertex 1600.000 100.000 24.544
   vertex 1600.000 200.000 30.367
  endloop
 endfacet
 facet normal -0.029936 -0.058110 0.997861
  outer loop
   vertex 1500.000 100.000 21.544
   vertex 1600.000 200.000 30.367
   vertex 1500.000 200.000 27.367
  endloop
 endfacet
 facet normal -0.029936 -0.058110 0.997861
  outer loop
   vertex 1600.000 100.000 24.544
   vertex 1700.000 100.000 27.544
   vertex 1700.000 200.000 33.367
  endloop
 endfacet
 facet normal -0.029936 -0.058110 0.997861
  outer loop
   vertex 1600.000 100.000 24.544
   vertex 1700.000 200.000 33.367
   vertex 1600.000 200.000 30.367
  endloop
 endfacet
 facet normal -0.029936 -0.058110 0.997861
  outer loop
   vertex 1700.000 100.000 27.544
   vertex 1800.000 100.000 30.544
   vertex 1800.000 200.000 36.367
  endloop
 endfacet
 facet normal -0.029936 -0.058110 0.997861
  outer loop
   vertex 1700.000 100.000 27.544
   vertex 1800.000 200.000 36.367
   vertex 1700.000 200.000 33.367
  endloop
 endfacet
 facet normal -0.029936 -0.058110 0.997861
  outer loop
   vertex 1800.000 100.000 30.544
   vertex 1900.000 100.000 33.544
   vertex 1900.000 200.000 39.367
  endloop
 endfacet
 facet normal -0.029936 -0.058110 0.997861
  outer loop
   vertex 1800.000 100.000 30.544
   vertex 1900.000 200.000 39.367
   vertex 1800.000 200.000 36.367
  endloop
 endfacet
 facet normal -0.029936 -0.058110 0.997861
  outer loop
   vertex 1900.000 100.000 33.544
   vertex 2000.000 100.000 36.544
   vertex 2000.000 200.000 42.367
  endloop
 endfacet
 facet normal -0.029936 -0.058110 0.997861
  outer loop
   vertex 1900.000 100.000 33.544
   vertex 2000.000 200.000 42.367
   vertex 1900.000 200.000 39.367
  endloop
 endfacet
 facet normal -0.029957 -0.044556 0.998558
  outer loop
   vertex 0.000 200.000 -17.633
   vertex 100.000 200.000 -14.633
   vertex 100.000 300.000 -10.171
  endloop
 endfacet
 facet normal -0.029957 -0.044556 0.998558
  outer loop
   vertex 0.000 200.000 -17.633
   vertex 100.000 300.000 -10.171
   vertex 0.000 300.000 -13.171
  endloop
 endfacet
 facet normal -0.029957 -0.044556 0.998558
  outer loop
   vertex 100.000 200.000 -14.633
   vertex 200.000 200.000 -11.633
   vertex 200.000 300.000 -7.171
  endloop
 endfacet
 facet normal -0.029957 -0.044556 0.998558
  outer loop
   vertex 100.000 200.000 -14.633
   vertex 200.000 300.000 -7.171
   vertex 100.000 300.000 -10.171
  endloop
 endfacet
 facet normal -0.029957 -0.044556 0.998558
  outer loop
   vertex 200.000 200.000 -11.633
   vertex 300.000 200.000 -8.633
   vertex 300.000 300.000 -4.171
  endloop
 endfacet
 facet normal -0.029957 -0.044556 0.998558
  outer loop
   vertex 200.000 200.000 -11.633
   vertex 300.000 300.000 -4.171
   vertex 200.000 300.000 -7.171
  endloop
 endfacet
 facet normal -0.029957 -0.044556 0.998558
  outer loop
   vertex 300.000 200.000 -8.633
   vertex 400.000 200.000 -5.633
   vertex 400.000 300.000 -1.171
  endloop
 endfacet
 facet normal -0.029957 -0.044556 0.998558
  outer loop
   vertex 300.000 200.000 -8.633
   vertex 400.000 300.000 -1.171
   vertex 300.000 300.000 -4.171
  endloop
 endfacet
 facet normal -0.029957 -0.044556 0.998558
  outer loop
   vertex 400.000 200.000 -5.633
   vertex 500.000 200.000 -2.633
   vertex 500.000 300.000 1.829
  endloop
 endfacet
 facet normal -0.029957 -0.044556 0.998558
  outer loop
   vertex 400.000 200.000 -5.633
   vertex 500.000 300.000 1.829
   vertex 400.000 300.000 -1.171
  endloop
 endfacet
 facet normal -0.029957 -0.044556 0.998558
  outer loop
   vertex 500.000 200.000 -2.633
   vertex 600.000 200.000 0.367
   vertex 600.000 300.000 4.829
  endloop
 endfacet
 facet normal -0.029957 -0.044556 0.998558
  outer loop
   vertex 500.000 200.000 -2.633
   vertex 600.000 300.000 4.829
   vertex 500.000 300.000 1.829
  endloop
 endfacet
 facet normal -0.029957 -0.044556 0.998558
  outer loop
   vertex 600.000 200.000 0.367
   vertex 700.000 200.000 3.367
   vertex 700.000 300.000 7.829
  endloop
 endfacet
 facet normal -0.029957 -0.044556 0.998558
  outer loop
   vertex 600.000 200.000 0.367
   vertex 700.000 300.000 7.829
   vertex 600.000 300.000 4.829
  endloop
 endfacet
 facet normal -0.029957 -0.044556 0.998558
  outer loop
   vertex 700.000 200.000 3.367
   vertex 800.000 200.000 6.367
   vertex 800.000 300.000 10.829
  endloop
 endfacet
 facet normal -0.029957 -0.044556 0.998558
  outer loop
   vertex 700.000 200.000 3.367
   vertex 800.000 300.000 10.829
   vertex 700.000 300.000 7.829
  endloop
 endfacet
 facet normal -0.029957 -0.044556 0.998558
  outer loop
   vertex 800.000 200.000 6.367
   vertex 900.000 200.000 9.367
   vertex 900.000 300.000 13.829
  endloop
 endfacet
 facet normal -0.029957 -0.044556 0.998558
  outer loop
   vertex 800.000 200.000 6.367
   vertex 900.000 300.000 13.829
   vertex 800.000 300.000 10.829
  endloop
 endfacet
 facet normal -0.029957 -0.044556 0.998558
  outer loop
   vertex 900.000 200.000 9.367
   vertex 1000.000 200.000 12.367
   vertex 1000.000 300.000 16.829
  endloop
 endfacet
 facet normal -0.029957 -0.044556 0.998558
  outer loop
   vertex 900.000 200.000 9.367
   vertex 1000.000 300.000 16.829
   vertex 900.000 300.000 13.829
  endloop
 endfacet
 facet normal -0.029957 -0.044556 0.998558
  outer loop
   vertex 1000.000 200.000 12.367
   vertex 1100.000 200.000 15.367
   vertex 1100.000 300.000 19.829
  endloop
 endfacet
 facet normal -0.029957 -0.044556 0.998558
  outer loop
   vertex 1000.000 200.000 12.367
   vertex 1100.000 300.000 19.829
   vertex 1000.000 300.000 16.829
  endloop
 endfacet
 facet normal -0.029957 -0.044556 0.998558
  outer loop
   vertex 1100.000 200.000 15.367
   vertex 1200.000 200.000 18.367
   vertex 1200.000 300.000 22.829
  endloop
 endfacet
 facet normal -0.029957 -0.044556 0.998558
  outer loop
   vertex 1100.000 200.000 15.367
   vertex 1200.000 300.000 22.829
   vertex 1100.000 300.000 19.829
  endloop
 endfacet
 facet normal -0.029957 -0.044556 0.998558
  outer loop
   vertex 1200.000 200.000 18.367
   vertex 1300.000 200.000 21.367
   vertex 1300.000 300.000 25.829
  endloop
 endfacet
 facet normal -0.029957 -0.044556 0.998558
  outer loop
   vertex 1200.000 200.000 18.367
   vertex 1300.000 300.000 25.829
   vertex 1200.000 300.000 22.829
  endloop
 endfacet
 facet normal -0.029957 -0.044556 0.998558
  outer loop
   vertex 1300.000 200.000 21.367
   vertex 1400.000 200.000 24.367
   vertex 1400.000 300.000 28.829
  endloop
 endfacet
 facet normal -0.029957 -0.044556 0.998558
  outer loop
   vertex 1300.000 200.000 21.367
   vertex 1400.000 300.000 28.829
   vertex 1300.000 300.000 25.829
  endloop
 endfacet
 facet normal -0.029957 -0.044556 0.998558
  outer loop
   vertex 1400.000 200.000 24.367
   vertex 1500.000 200.000 27.367
   vertex 1500.000 300.000 31.829
  endloop
 endfacet
 facet normal -0.029957 -0.044556 0.998558
  outer loop
   vertex 1400.000 200.000 24.367
   vertex 1500.000 300.000 31.829
   vertex 1400.000 300.000 28.829
  endloop
 endfacet
 facet normal -0.029957 -0.044556 0.998558
  outer loop
   vertex 1500.000 200.000 27.367
   vertex 1600.000 200.000 30.367
   vertex 1600.000 300.000 34.829
  endloop
 endfacet
 facet normal -0.029957 -0.044556 0.998558
  outer loop
   vertex 1500.000 200.000 27.367
   vertex 1600.000 300.000 34.829
   vertex 1500.000 300.000 31.829
  endloop
 endfacet
 facet normal -0.029957 -0.044556 0.998558
  outer loop
   vertex 1600.000 200.000 30.367
   vertex 1700.000 200.000 33.367
   vertex 1700.000 300.000 37.829
  endloop
 endfacet
 facet normal -0.029957 -0.044556 0.998558
  outer loop
   vertex 1600.000 200.000 30.367
   vertex 1700.000 300.000 37.829
   vertex 1600.000 300.000 34.829
  endloop
 endfacet
 facet normal -0.029957 -0.044556 0.998558
  outer loop
   vertex 1700.000 200.000 33.367
   vertex 1800.000 200.000 36.367
   vertex 1800.000 300.000 40.829
  endloop
 endfacet
 facet normal -0.029957 -0.044556 0.998558
  outer loop
   vertex 1700.000 200.000 33.367
   vertex 1800.000 300.000 40.829
   vertex 1700.000 300.000 37.829
  endloop
 endfacet
 facet normal -0.029957 -0.044556 0.998558
  outer loop
   vertex 1800.000 200.000 36.367
   vertex 1900.000 200.000 39.367
   vertex 1900.000 300.000 43.829
  endloop
 endfacet
 facet normal -0.029957 -0.044556 0.998558
  outer loop
   vertex 1800.000 200.000 36.367
   vertex 1900.000 300.000 43.829
   vertex 1800.000 300.000 40.829
  endloop
 endfacet
 facet normal -0.029957 -0.044556 0.998558
  outer loop
   vertex 1900.000 200.000 39.367
   vertex 2000.000 200.000 42.367
   vertex 2000.000 300.000 46.829
  endloop
 endfacet
 facet normal -0.029957 -0.044556 0.998558
  outer loop
   vertex 1900.000 200.000 39.367
   vertex 2000.000 300.000 46.829
   vertex 1900.000 300.000 43.829
  endloop
 endfacet
 facet normal -0.029976 -0.026073 0.999211
  outer loop
   vertex 0.000 300.000 -13.171
   vertex 100.000 300.000 -10.171
   vertex 100.000 400.000 -7.561
  endloop
 endfacet
 facet normal -0.029976 -0.026073 0.999211
  outer loop
   vertex 0.000 300.000 -13.171
   vertex 100.000 400.000 -7.561
   vertex 0.000 400.000 -10.561
  endloop
 endfacet
 facet normal -0.029976 -0.026073 0.999211
  outer loop
   vertex 100.000 300.000 -10.171
   vertex 200.000 300.000 -7.171
   vertex 200.000 400.000 -4.561
  endloop
 endfacet
 facet normal -0.029976 -0.026073 0.999211
  outer loop
   vertex 100.000 300.000 -10.171
   vertex 200.000 400.000 -4.561
   vertex 100.000 400.000 -7.561
  endloop
 endfacet
 facet normal -0.029976 -0.026073 0.999211
  outer loop
   vertex 200.000 300.000 -7.171
   vertex 300.000 300.000 -4.171
   vertex 300.000 400.000 -1.561
  endloop
 endfacet
 facet normal -0.029976 -0.026073 0.999211
  outer loop
   vertex 200.000 300.000 -7.171
   vertex 300.000 400.000 -1.561
   vertex 200.000 400.000 -4.561
  endloop
 endfacet
 facet normal -0.029976 -0.026073 0.999211
  outer loop
   vertex 300.000 300.000 -4.171
   vertex 400.000 300.000 -1.171
   vertex 400.000 400.000 1.439
  endloop
 endfacet
 facet normal -0.029976 -0.026073 0.999211
  outer loop
   vertex 300.000 300.000 -4.171
   vertex 400.000 400.000 1.439
   vertex 300.000 400.000 -1.561
  endloop
 endfacet
 facet normal -0.029976 -0.026073 0.999211
  outer loop
   vertex 400.000 300.000 -1.171
   vertex 500.000 300.000 1.829
   vertex 500.000 400.000 4.439
  endloop
 endfacet
 facet normal -0.029976 -0.026073 0.999211
  outer loop
   vertex 400.000 300.000 -1.171
   vertex 500.000 400.000 4.439
   vertex 400.000 400.000 1.439
  endloop
 endfacet
 facet normal -0.029976 -0.026073 0.999211
  outer loop
   vertex 500.000 300.000 1.829
   vertex 600.000 300.000 4.829
   vertex 600.000 400.000 7.439
  endloop
 endfacet
 facet normal -0.029976 -0.026073 0.999211
  outer loop
   vertex 500.000 300.000 1.829
   vertex 600.000 400.000 7.439
   vertex 500.000 400.000 4.439
  endloop
 endfacet
 facet normal -0.029976 -0.026073 0.999211
  outer loop
   vertex 600.000 300.000 4.829
   vertex 700.000 300.000 7.829
   vertex 700.000 400.000 10.439
  endloop
 endfacet
 facet normal -0.029976 -0.026073 0.999211
  outer loop
   vertex 600.000 300.000 4.829
   vertex 700.000 400.000 10.439
   vertex 600.000 400.000 7.439
  endloop
 endfacet
 facet normal -0.029976 -0.026073 0.999211
  outer loop
   vertex 700.000 300.000 7.829
   vertex 800.000 300.000 10.829
   vertex 800.000 400.000 13.439
  endloop
 endfacet
 facet normal -0.029976 -0.026073 0.999211
  outer loop
   vertex 700.000 300.000 7.829
   vertex 800.000 400.000 13.439
   vertex 700.000 400.000 10.439
  endloop
 endfacet
 facet normal -0.029976 -0.026073 0.999211
  outer loop
   vertex 800.000 300.000 10.829
   vertex 900.000 300.000 13.829
   vertex 900.000 400.000 16.439
  endloop
 endfacet
 facet normal -0.029976 -0.026073 0.999211
  outer loop
   vertex 800.000 300.000 10.829
   vertex 900.000 400.000 16.439
   vertex 800.000 400.000 13.439
  endloop
 endfacet
 facet normal -0.029976 -0.026073 0.999211
  outer loop
   vertex 900.000 300.000 13.829
   vertex 1000.000 300.000 16.829
   vertex 1000.000 400.000 19.439
  endloop
 endfacet
 facet normal -0.029976 -0.026073 0.999211
  outer loop
   vertex 900.000 300.000 13.829
   vertex 1000.000 400.000 19.439
   vertex 900.000 400.000 16.439
  endloop
 endfacet
 facet normal -0.029976 -0.026073 0.999211
  outer loop
   vertex 1000.000 300.000 16.829
   vertex 1100.000 300.000 19.829
   vertex 1100.000 400.000 22.439
  endloop
 endfacet
 facet normal -0.029976 -0.026073 0.999211
  outer loop
   vertex 1000.000 300.000 16.829
   vertex 1100.000 400.000 22.439
   vertex 1000.000 400.000 19.439
  endloop
 endfacet
 facet normal -0.029976 -0.026073 0.999211
  outer loop
   vertex 1100.000 300.000 19.829
   vertex 1200.000 300.000 22.829
   vertex 1200.000 400.000 25.439
  endloop
 endfacet
 facet normal -0.029976 -0.026073 0.999211
  outer loop
   vertex 1100.000 300.000 19.829
   vertex 1200.000 400.000 25.439
   vertex 1100.000 400.000 22.439
  endloop
 endfacet
 facet normal -0.029976 -0.026073 0.999211
  outer loop
   vertex 1200.000 300.000 22.829
   vertex 1300.000 300.000 25.829
   vertex 1300.000 400.000 28.439
  endloop
 endfacet
 facet normal -0.029976 -0.026073 0.999211
  outer loop
   vertex 1200.000 300.000 22.829
   vertex 1300.000 400.000 28.439
   vertex 1200.000 400.000 25.439
  endloop
 endfacet
 facet normal -0.029976 -0.026073 0.999211
  outer loop
   vertex 1300.000 300.000 25.829
   vertex 1400.000 300.000 28.829
   vertex 1400.000 400.000 31.439
  endloop
 endfacet
 facet normal -0.029976 -0.026073 0.999211
  outer loop
   vertex 1300.000 300.000 25.829
   vertex 1400.000 400.000 31.439
   vertex 1300.000 400.000 28.439
  endloop
 endfacet
 facet normal -0.029976 -0.026073 0.999211
  outer loop
   vertex 1400.000 300.000 28.829
   vertex 1500.000 300.000 31.829
   vertex 1500.000 400.000 34.439
  endloop
 endfacet
 facet normal -0.029976 -0.026073 0.999211
  outer loop
   vertex 1400.000 300.000 28.829
   vertex 1500.000 400.000 34.439
   vertex 1400.000 400.000 31.439
  endloop
 endfacet
 facet normal -0.029976 -0.026073 0.999211
  outer loop
   vertex 1500.000 300.000 31.829
   vertex 1600.000 300.000 34.829
   vertex 1600.000 400.000 37.439
  endloop
 endfacet
 facet normal -0.029976 -0.026073 0.999211
  outer loop
   vertex 1500.000 300.000 31.829
   vertex 1600.000 400.000 37.439
   vertex 1500.000 400.000 34.439
  endloop
 endfacet
 facet normal -0.029976 -0.026073 0.999211
  outer loop
   vertex 1600.000 300.000 34.829
   vertex 1700.000 300.000 37.829
   vertex 1700.000 400.000 40.439
  endloop
 endfacet
 facet normal -0.029976 -0.026073 0.999211
  outer loop
   vertex 1600.000 300.000 34.829
   vertex 1700.000 400.000 40.439
   vertex 1600.000 400.000 37.439
  endloop
 endfacet
 facet normal -0.029976 -0.026073 0.999211
  outer loop
   vertex 1700.000 300.000 37.829
   vertex 1800.000 300.000 40.829
   vertex 1800.000 400.000 43.439
  endloop
 endfacet
 facet normal -0.029976 -0.026073 0.999211
  outer loop
   vertex 1700.000 300.000 37.829
   vertex 1800.000 400.000 43.439
   vertex 1700.000 400.000 40.439
  endloop
 endfacet
 facet normal -0.029976 -0.026073 0.999211
  outer loop
   vertex 1800.000 300.000 40.829
   vertex 1900.000 300.000 43.829
   vertex 1900.000 400.000 46.439
  endloop
 endfacet
 facet normal -0.029976 -0.026073 0.999211
  outer loop
   vertex 1800.000 300.000 40.829
   vertex 1900.000 400.000 46.439
   vertex 1800.000 400.000 43.439
  endloop
 endfacet
 facet normal -0.029976 -0.026073 0.999211
  outer loop
   vertex 1900.000 300.000 43.829
   vertex 2000.000 300.000 46.829
   vertex 2000.000 400.000 49.439
  endloop
 endfacet
 facet normal -0.029976 -0.026073 0.999211
  outer loop
   vertex 1900.000 300.000 43.829
   vertex 2000.000 400.000 49.439
   vertex 1900.000 400.000 46.439
  endloop
 endfacet
 facet normal -0.029986 -0.004692 0.999539
  outer loop
   vertex 0.000 400.000 -10.561
   vertex 100.000 400.000 -7.561
   vertex 100.000 500.000 -7.092
  endloop
 endfacet
 facet normal -0.029986 -0.004692 0.999539
  outer loop
   vertex 0.000 400.000 -10.561
   vertex 100.000 500.000 -7.092
   vertex 0.000 500.000 -10.092
  endloop
 endfacet
 facet normal -0.029986 -0.004692 0.999539
  outer loop
   vertex 100.000 400.000 -7.561
   vertex 200.000 400.000 -4.561
   vertex 200.000 500.000 -4.092
  endloop
 endfacet
 facet normal -0.029986 -0.004692 0.999539
  outer loop
   vertex 100.000 400.000 -7.561
   vertex 200.000 500.000 -4.092
   vertex 100.000 500.000 -7.092
  endloop
 endfacet
 facet normal -0.029986 -0.004692 0.999539
  outer loop
   vertex 200.000 400.000 -4.561
   vertex 300.000 400.000 -1.561
   vertex 300.000 500.000 -1.092
  endloop
 endfacet
 facet normal -0.029986 -0.004692 0.999539
  outer loop
   vertex 200.000 400.000 -4.561
   vertex 300.000 500.000 -1.092
   vertex 200.000 500.000 -4.092
  endloop
 endfacet
 facet normal -0.029986 -0.004692 0.999539
  outer loop
   vertex 300.000 400.000 -1.561
   vertex 400.000 400.000 1.439
   vertex 400.000 500.000 1.908
  endloop
 endfacet
 facet normal -0.029986 -0.004692 0.999539
  outer loop
   vertex 300.000 400.000 -1.561
   vertex 400.000 500.000 1.908
   vertex 300.000 500.000 -1.092
  endloop
 endfacet
 facet normal -0.029986 -0.004692 0.999539
  outer loop
   vertex 400.000 400.000 1.439
   vertex 500.000 400.000 4.439
   vertex 500.000 500.000 4.908
  endloop
 endfacet
 facet normal -0.029986 -0.004692 0.999539
  outer loop
   vertex 400.000 400.000 1.439
   vertex 500.000 500.000 4.908
   vertex 400.000 500.000 1.908
  endloop
 endfacet
 facet normal -0.029986 -0.004692 0.999539
  outer loop
   vertex 500.000 400.000 4.439
   vertex 600.000 400.000 7.439
   vertex 600.000 500.000 7.908
  endloop
 endfacet
 facet normal -0.029986 -0.004692 0.999539
  outer loop
   vertex 500.000 400.000 4.439
   vertex 600.000 500.000 7.908
   vertex 500.000 500.000 4.908
  endloop
 endfacet
 facet normal -0.029986 -0.004692 0.999539
  outer loop
   vertex 600.000 400.000 7.439
   vertex 700.000 400.000 10.439
   vertex 700.000 500.000 10.908
  endloop
 endfacet
 facet normal -0.029986 -0.004692 0.999539
  outer loop
   vertex 600.000 400.000 7.439
   vertex 700.000 500.000 10.908
   vertex 600.000 500.000 7.908
  endloop
 endfacet
 facet normal -0.029986 -0.004692 0.999539
  outer loop
   vertex 700.000 400.000 10.439
   vertex 800.000 400.000 13.439
   vertex 800.000 500.000 13.908
  endloop
 endfacet
 facet normal -0.029986 -0.004692 0.999539
  outer loop
   vertex 700.000 400.000 10.439
   vertex 800.000 500.000 13.908
   vertex 700.000 500.000 10.908
  endloop
 endfacet
 facet normal -0.029986 -0.004692 0.999539
  outer loop
   vertex 800.000 400.000 13.439
   vertex 900.000 400.000 16.439
   vertex 900.000 500.000 16.908
  endloop
 endfacet
 facet normal -0.029986 -0.004692 0.999539
  outer loop
   vertex 800.000 400.000 13.439
   vertex 900.000 500.000 16.908
   vertex 800.000 500.000 13.908
  endloop
 endfacet
 facet normal -0.029986 -0.004692 0.999539
  outer loop
   vertex 900.000 400.000 16.439
   vertex 1000.000 400.000 19.439
   vertex 1000.000 500.000 19.908
  endloop
 endfacet
 facet normal -0.029986 -0.004692 0.999539
  outer loop
   vertex 900.000 400.000 16.439
   vertex 1000.000 500.000 19.908
   vertex 900.000 500.000 16.908
  endloop
 endfacet
 facet normal -0.029986 -0.004692 0.999539
  outer loop
   vertex 1000.000 400.000 19.439
   vertex 1100.000 400.000 22.439
   vertex 1100.000 500.000 22.908
  endloop
 endfacet
 facet normal -0.029986 -0.004692 0.999539
  outer loop
   vertex 1000.000 400.000 19.439
   vertex 1100.000 500.000 22.908
   vertex 1000.000 500.000 19.908
  endloop
 endfacet
 facet normal -0.029986 -0.004692 0.999539
  outer loop
   vertex 1100.000 400.000 22.439
   vertex 1200.000 400.000 25.439
   vertex 1200.000 500.000 25.908
  endloop
 endfacet
 facet normal -0.029986 -0.004692 0.999539
  outer loop
   vertex 1100.000 400.000 22.439
   vertex 1200.000 500.000 25.908
   vertex 1100.000 500.000 22.908
  endloop
 endfacet
 facet normal -0.029986 -0.004692 0.999539
  outer loop
   vertex 1200.000 400.000 25.439
   vertex 1300.000 400.000 28.439
   vertex 1300.000 500.000 28.908
  endloop
 endfacet
 facet normal -0.029986 -0.004692 0.999539
  outer loop
   vertex 1200.000 400.000 25.439
   vertex 1300.000 500.000 28.908
   vertex 1200.000 500.000 25.908
  endloop
 endfacet
 facet normal -0.029986 -0.004692 0.999539
  outer loop
   vertex 1300.000 400.000 28.439
   vertex 1400.000 400.000 31.439
   vertex 1400.000 500.000 31.908
  endloop
 endfacet
 facet normal -0.029986 -0.004692 0.999539
  outer loop
   vertex 1300.000 400.000 28.439
   vertex 1400.000 500.000 31.908
   vertex 1300.000 500.000 28.908
  endloop
 endfacet
 facet normal -0.029986 -0.004692 0.999539
  outer loop
   vertex 1400.000 400.000 31.439
   vertex 1500.000 400.000 34.439
   vertex 1500.000 500.000 34.908
  endloop
 endfacet
 facet normal -0.029986 -0.004692 0.999539
  outer loop
   vertex 1400.000 400.000 31.439
   vertex 1500.000 500.000 34.908
   vertex 1400.000 500.000 31.908
  endloop
 endfacet
 facet normal -0.029986 -0.004692 0.999539
  outer loop
   vertex 1500.000 400.000 34.439
   vertex 1600.000 400.000 37.439
   vertex 1600.000 500.000 37.908
  endloop
 endfacet
 facet normal -0.029986 -0.004692 0.999539
  outer loop
   vertex 1500.000 400.000 34.439
   vertex 1600.000 500.000 37.908
   vertex 1500.000 500.000 34.908
  endloop
 endfacet
 facet normal -0.029986 -0.004692 0.999539
  outer loop
   vertex 1600.000 400.000 37.439
   vertex 1700.000 400.000 40.439
   vertex 1700.000 500.000 40.908
  endloop
 endfacet
 facet normal -0.029986 -0.004692 0.999539
  outer loop
   vertex 1600.000 400.000 37.439
   vertex 1700.000 500.000 40.908
   vertex 1600.000 500.000 37.908
  endloop
 endfacet
 facet normal -0.029986 -0.004692 0.999539
  outer loop
   vertex 1700.000 400.000 40.439
   vertex 1800.000 400.000 43.439
   vertex 1800.000 500.000 43.908
  endloop
 endfacet
 facet normal -0.029986 -0.004692 0.999539
  outer loop
   vertex 1700.000 400.000 40.439
   vertex 1800.000 500.000 43.908
   vertex 1700.000 500.000 40.908
  endloop
 endfacet
 facet normal -0.029986 -0.004692 0.999539
  outer loop
   vertex 1800.000 400.000 43.439
   vertex 1900.000 400.000 46.439
   vertex 1900.000 500.000 46.908
  endloop
 endfacet
 facet normal -0.029986 -0.004692 0.999539
  outer loop
   vertex 1800.000 400.000 43.439
   vertex 1900.000 500.000 46.908
   vertex 1800.000 500.000 43.908
  endloop
 endfacet
 facet normal -0.029986 -0.004692 0.999539
  outer loop
   vertex 1900.000 400.000 46.439
   vertex 2000.000 400.000 49.439
   vertex 2000.000 500.000 49.908
  endloop
 endfacet
 facet normal -0.029986 -0.004692 0.999539
  outer loop
   vertex 1900.000 400.000 46.439
   vertex 2000.000 500.000 49.908
   vertex 1900.000 500.000 46.908
  endloop
 endfacet
 facet normal -0.029982 0.017212 0.999402
  outer loop
   vertex 0.000 500.000 -10.092
   vertex 100.000 500.000 -7.092
   vertex 100.000 600.000 -8.814
  endloop
 endfacet
 facet normal -0.029982 0.017212 0.999402
  outer loop
   vertex 0.000 500.000 -10.092
   vertex 100.000 600.000 -8.814
   vertex 0.000 600.000 -11.814
  endloop
 endfacet
 facet normal -0.029982 0.017212 0.999402
  outer loop
   vertex 100.000 500.000 -7.092
   vertex 200.000 500.000 -4.092
   vertex 200.000 600.000 -5.814
  endloop
 endfacet
 facet normal -0.029982 0.017212 0.999402
  outer loop
   vertex 100.000 500.000 -7.092
   vertex 200.000 600.000 -5.814
   vertex 100.000 600.000 -8.814
  endloop
 endfacet
 facet normal -0.029982 0.017212 0.999402
  outer loop
   vertex 200.000 500.000 -4.092
   vertex 300.000 500.000 -1.092
   vertex 300.000 600.000 -2.814
  endloop
 endfacet
 facet normal -0.029982 0.017212 0.999402
  outer loop
   vertex 200.000 500.000 -4.092
   vertex 300.000 600.000 -2.814
   vertex 200.000 600.000 -5.814
  endloop
 endfacet
 facet normal -0.029982 0.017212 0.999402
  outer loop
   vertex 300.000 500.000 -1.092
   vertex 400.000 500.000 1.908
   vertex 400.000 600.000 0.186
  endloop
 endfacet
 facet normal -0.029982 0.017212 0.999402
  outer loop
   vertex 300.000 500.000 -1.092
   vertex 400.000 600.000 0.186
   vertex 300.000 600.000 -2.814
  endloop
 endfacet
 facet normal -0.029982 0.017212 0.999402
  outer loop
   vertex 400.000 500.000 1.908
   vertex 500.000 500.000 4.908
   vertex 500.000 600.000 3.186
  endloop
 endfacet
 facet normal -0.029982 0.017212 0.999402
  outer loop
   vertex 400.000 500.000 1.908
   vertex 500.000 600.000 3.186
   vertex 400.000 600.000 0.186
  endloop
 endfacet
 facet normal -0.029982 0.017212 0.999402
  outer loop
   vertex 500.000 500.000 4.908
   vertex 600.000 500.000 7.908
   vertex 600.000 600.000 6.186
  endloop
 endfacet
 facet normal -0.029982 0.017212 0.999402
  outer loop
   vertex 500.000 500.000 4.908
   vertex 600.000 600.000 6.186
   vertex 500.000 600.000 3.186
  endloop
 endfacet
 facet normal -0.029982 0.017212 0.999402
  outer loop
   vertex 600.000 500.000 7.908
   vertex 700.000 500.000 10.908
   vertex 700.000 600.000 9.186
  endloop
 endfacet
 facet normal -0.029982 0.017212 0.999402
  outer loop
   vertex 600.000 500.000 7.908
   vertex 700.000 600.000 9.186
   vertex 600.000 600.000 6.186
  endloop
 endfacet
 facet normal -0.029982 0.017212 0.999402
  outer loop
   vertex 700.000 500.000 10.908
   vertex 800.000 500.000 13.908
   vertex 800.000 600.000 12.186
  endloop
 endfacet
 facet normal -0.029982 0.017212 0.999402
  outer loop
   vertex 700.000 500.000 10.908
   vertex 800.000 600.000 12.186
   vertex 700.000 600.000 9.186
  endloop
 endfacet
 facet normal -0.029982 0.017212 0.999402
  outer loop
   vertex 800.000 500.000 13.908
   vertex 900.000 500.000 16.908
   vertex 900.000 600.000 15.186
  endloop
 endfacet
 facet normal -0.029982 0.017212 0.999402
  outer loop
   vertex 800.000 500.000 13.908
   vertex 900.000 600.000 15.186
   vertex 800.000 600.000 12.186
  endloop
 endfacet
 facet normal -0.029982 0.017212 0.999402
  outer loop
   vertex 900.000 500.000 16.908
   vertex 1000.000 500.000 19.908
   vertex 1000.000 600.000 18.186
  endloop
 endfacet
 facet normal -0.029982 0.017212 0.999402
  outer loop
   vertex 900.000 500.000 16.908
   vertex 1000.000 600.000 18.186
   vertex 900.000 600.000 15.186
  endloop
 endfacet
 facet normal -0.029982 0.017212 0.999402
  outer loop
   vertex 1000.000 500.000 19.908
   vertex 1100.000 500.000 22.908
   vertex 1100.000 600.000 21.186
  endloop
 endfacet
 facet normal -0.029982 0.017212 0.999402
  outer loop
   vertex 1000.000 500.000 19.908
   vertex 1100.000 600.000 21.186
   vertex 1000.000 600.000 18.186
  endloop
 endfacet
 facet normal -0.029982 0.017212 0.999402
  outer loop
   vertex 1100.000 500.000 22.908
   vertex 1200.000 500.000 25.908
   vertex 1200.000 600.000 24.186
  endloop
 endfacet
 facet normal -0.029982 0.017212 0.999402
  outer loop
   vertex 1100.000 500.000 22.908
   vertex 1200.000 600.000 24.186
   vertex 1100.000 600.000 21.186
  endloop
 endfacet
 facet normal -0.029982 0.017212 0.999402
  outer loop
   vertex 1200.000 500.000 25.908
   vertex 1300.000 500.000 28.908
   vertex 1300.000 600.000 27.186
  endloop
 endfacet
 facet normal -0.029982 0.017212 0.999402
  outer loop
   vertex 1200.000 500.000 25.908
   vertex 1300.000 600.000 27.186
   vertex 1200.000 600.000 24.186
  endloop
 endfacet
 facet normal -0.029982 0.017212 0.999402
  outer loop
   vertex 1300.000 500.000 28.908
   vertex 1400.000 500.000 31.908
   vertex 1400.000 600.000 30.186
  endloop
 endfacet
 facet normal -0.029982 0.017212 0.999402
  outer loop
   vertex 1300.000 500.000 28.908
   vertex 1400.000 600.000 30.186
   vertex 1300.000 600.000 27.186
  endloop
 endfacet
 facet normal -0.029982 0.017212 0.999402
  outer loop
   vertex 1400.000 500.000 31.908
   vertex 1500.000 500.000 34.908
   vertex 1500.000 600.000 33.186
  endloop
 endfacet
 facet normal -0.029982 0.017212 0.999402
  outer loop
   vertex 1400.000 500.000 31.908
   vertex 1500.000 600.000 33.186
   vertex 1400.000 600.000 30.186
  endloop
 endfacet
 facet normal -0.029982 0.017212 0.999402
  outer loop
   vertex 1500.000 500.000 34.908
   vertex 1600.000 500.000 37.908
   vertex 1600.000 600.000 36.186
  endloop
 endfacet
 facet normal -0.029982 0.017212 0.999402
  outer loop
   vertex 1500.000 500.000 34.908
   vertex 1600.000 600.000 36.186
   vertex 1500.000 600.000 33.186
  endloop
 endfacet
 facet normal -0.029982 0.017212 0.999402
  outer loop
   vertex 1600.000 500.000 37.908
   vertex 1700.000 500.000 40.908
   vertex 1700.000 600.000 39.186
  endloop
 endfacet
 facet normal -0.029982 0.017212 0.999402
  outer loop
   vertex 1600.000 500.000 37.908
   vertex 1700.000 600.000 39.186
   vertex 1600.000 600.000 36.186
  endloop
 endfacet
 facet normal -0.029982 0.017212 0.999402
  outer loop
   vertex 1700.000 500.000 40.908
   vertex 1800.000 500.000 43.908
   vertex 1800.000 600.000 42.186
  endloop
 endfacet
 facet normal -0.029982 0.017212 0.999402
  outer loop
   vertex 1700.000 500.000 40.908
   vertex 1800.000 600.000 42.186
   vertex 1700.000 600.000 39.186
  endloop
 endfacet
 facet normal -0.029982 0.017212 0.999402
  outer loop
   vertex 1800.000 500.000 43.908
   vertex 1900.000 500.000 46.908
   vertex 1900.000 600.000 45.186
  endloop
 endfacet
 facet normal -0.029982 0.017212 0.999402
  outer loop
   vertex 1800.000 500.000 43.908
   vertex 1900.000 600.000 45.186
   vertex 1800.000 600.000 42.186
  endloop
 endfacet
 facet normal -0.029982 0.017212 0.999402
  outer loop
   vertex 1900.000 500.000 46.908
   vertex 2000.000 500.000 49.908
   vertex 2000.000 600.000 48.186
  endloop
 endfacet
 facet normal -0.029982 0.017212 0.999402
  outer loop
   vertex 1900.000 500.000 46.908
   vertex 2000.000 600.000 48.186
   vertex 1900.000 600.000 45.186
  endloop
 endfacet
 facet normal -0.029966 0.037200 0.998858
  outer loop
   vertex 0.000 600.000 -11.814
   vertex 100.000 600.000 -8.814
   vertex 100.000 700.000 -12.538
  endloop
 endfacet
 facet normal -0.029966 0.037200 0.998858
  outer loop
   vertex 0.000 600.000 -11.814
   vertex 100.000 700.000 -12.538
   vertex 0.000 700.000 -15.538
  endloop
 endfacet
 facet normal -0.029966 0.037200 0.998858
  outer loop
   vertex 100.000 600.000 -8.814
   vertex 200.000 600.000 -5.814
   vertex 200.000 700.000 -9.538
  endloop
 endfacet
 facet normal -0.029966 0.037200 0.998858
  outer loop
   vertex 100.000 600.000 -8.814
   vertex 200.000 700.000 -9.538
   vertex 100.000 700.000 -12.538
  endloop
 endfacet
 facet normal -0.029966 0.037200 0.998858
  outer loop
   vertex 200.000 600.000 -5.814
   vertex 300.000 600.000 -2.814
   vertex 300.000 700.000 -6.538
  endloop
 endfacet
 facet normal -0.029966 0.037200 0.998858
  outer loop
   vertex 200.000 600.000 -5.814
   vertex 300.000 700.000 -6.538
   vertex 200.000 700.000 -9.538
  endloop
 endfacet
 facet normal -0.029966 0.037200 0.998858
  outer loop
   vertex 300.000 600.000 -2.814
   vertex 400.000 600.000 0.186
   vertex 400.000 700.000 -3.538
  endloop
 endfacet
 facet normal -0.029966 0.037200 0.998858
  outer loop
   vertex 300.000 600.000 -2.814
   vertex 400.000 700.000 -3.538
   vertex 300.000 700.000 -6.538
  endloop
 endfacet
 facet normal -0.029966 0.037200 0.998858
  outer loop
   vertex 400.000 600.000 0.186
   vertex 500.000 600.000 3.186
   vertex 500.000 700.000 -0.538
  endloop
 endfacet
 facet normal -0.029966 0.037200 0.998858
  outer loop
   vertex 400.000 600.000 0.186
   vertex 500.000 700.000 -0.538
   vertex 400.000 700.000 -3.538
  endloop
 endfacet
 facet normal -0.029966 0.037200 0.998858
  outer loop
   vertex 500.000 600.000 3.186
   vertex 600.000 600.000 6.186
   vertex 600.000 700.000 2.462
  endloop
 endfacet
 facet normal -0.029966 0.037200 0.998858
  outer loop
   vertex 500.000 600.000 3.186
   vertex 600.000 700.000 2.462
   vertex 500.000 700.000 -0.538
  endloop
 endfacet
 facet normal -0.029966 0.037200 0.998858
  outer loop
   vertex 600.000 600.000 6.186
   vertex 700.000 600.000 9.186
   vertex 700.000 700.000 5.462
  endloop
 endfacet
 facet normal -0.029966 0.037200 0.998858
  outer loop
   vertex 600.000 600.000 6.186
   vertex 700.000 700.000 5.462
   vertex 600.000 700.000 2.462
  endloop
 endfacet
 facet normal -0.029966 0.037200 0.998858
  outer loop
   vertex 700.000 600.000 9.186
   vertex 800.000 600.000 12.186
   vertex 800.000 700.000 8.462
  endloop
 endfacet
 facet normal -0.029966 0.037200 0.998858
  outer loop
   vertex 700.000 600.000 9.186
   vertex 800.000 700.000 8.462
   vertex 700.000 700.000 5.462
  endloop
 endfacet
 facet normal -0.029966 0.037200 0.998858
  outer loop
   vertex 800.000 600.000 12.186
   vertex 900.000 600.000 15.186
   vertex 900.000 700.000 11.462
  endloop
 endfacet
 facet normal -0.029966 0.037200 0.998858
  outer loop
   vertex 800.000 600.000 12.186
   vertex 900.000 700.000 11.462
   vertex 800.000 700.000 8.462
  endloop
 endfacet
 facet normal -0.029966 0.037200 0.998858
  outer loop
   vertex 900.000 600.000 15.186
   vertex 1000.000 600.000 18.186
   vertex 1000.000 700.000 14.462
  endloop
 endfacet
 facet normal -0.029966 0.037200 0.998858
  outer loop
   vertex 900.000 600.000 15.186
   vertex 1000.000 700.000 14.462
   vertex 900.000 700.000 11.462
  endloop
 endfacet
 facet normal -0.029966 0.037200 0.998858
  outer loop
   vertex 1000.000 600.000 18.186
   vertex 1100.000 600.000 21.186
   vertex 1100.000 700.000 17.462
  endloop
 endfacet
 facet normal -0.029966 0.037200 0.998858
  outer loop
   vertex 1000.000 600.000 18.186
   vertex 1100.000 700.000 17.462
   vertex 1000.000 700.000 14.462
  endloop
 endfacet
 facet normal -0.029966 0.037200 0.998858
  outer loop
   vertex 1100.000 600.000 21.186
   vertex 1200.000 600.000 24.186
   vertex 1200.000 700.000 20.462
  endloop
 endfacet
 facet normal -0.029966 0.037200 0.998858
  outer loop
   vertex 1100.000 600.000 21.186
   vertex 1200.000 700.000 20.462
   vertex 1100.000 700.000 17.462
  endloop
 endfacet
 facet normal -0.029966 0.037200 0.998858
  outer loop
   vertex 1200.000 600.000 24.186
   vertex 1300.000 600.000 27.186
   vertex 1300.000 700.000 23.462
  endloop
 endfacet
 facet normal -0.029966 0.037200 0.998858
  outer loop
   vertex 1200.000 600.000 24.186
   vertex 1300.000 700.000 23.462
   vertex 1200.000 700.000 20.462
  endloop
 endfacet
 facet normal -0.029966 0.037200 0.998858
  outer loop
   vertex 1300.000 600.000 27.186
   vertex 1400.000 600.000 30.186
   vertex 1400.000 700.000 26.462
  endloop
 endfacet
 facet normal -0.029966 0.037200 0.998858
  outer loop
   vertex 1300.000 600.000 27.186
   vertex 1400.000 700.000 26.462
   vertex 1300.000 700.000 23.462
  endloop
 endfacet
 facet normal -0.029966 0.037200 0.998858
  outer loop
   vertex 1400.000 600.000 30.186
   vertex 1500.000 600.000 33.186
   vertex 1500.000 700.000 29.462
  endloop
 endfacet
 facet normal -0.029966 0.037200 0.998858
  outer loop
   vertex 1400.000 600.000 30.186
   vertex 1500.000 700.000 29.462
   vertex 1400.000 700.000 26.462
  endloop
 endfacet
 facet normal -0.029966 0.037200 0.998858
  outer loop
   vertex 1500.000 600.000 33.186
   vertex 1600.000 600.000 36.186
   vertex 1600.000 700.000 32.462
  endloop
 endfacet
 facet normal -0.029966 0.037200 0.998858
  outer loop
   vertex 1500.000 600.000 33.186
   vertex 1600.000 700.000 32.462
   vertex 1500.000 700.000 29.462
  endloop
 endfacet
 facet normal -0.029966 0.037200 0.998858
  outer loop
   vertex 1600.000 600.000 36.186
   vertex 1700.000 600.000 39.186
   vertex 1700.000 700.000 35.462
  endloop
 endfacet
 facet normal -0.029966 0.037200 0.998858
  outer loop
   vertex 1600.000 600.000 36.186
   vertex 1700.000 700.000 35.462
   vertex 1600.000 700.000 32.462
  endloop
 endfacet
 facet normal -0.029966 0.037200 0.998858
  outer loop
   vertex 1700.000 600.000 39.186
   vertex 1800.000 600.000 42.186
   vertex 1800.000 700.000 38.462
  endloop
 endfacet
 facet normal -0.029966 0.037200 0.998858
  outer loop
   vertex 1700.000 600.000 39.186
   vertex 1800.000 700.000 38.462
   vertex 1700.000 700.000 35.462
  endloop
 endfacet
 facet normal -0.029966 0.037200 0.998858
  outer loop
   vertex 1800.000 600.000 42.186
   vertex 1900.000 600.000 45.186
   vertex 1900.000 700.000 41.462
  endloop
 endfacet
 facet normal -0.029966 0.037200 0.998858
  outer loop
   vertex 1800.000 600.000 42.186
   vertex 1900.000 700.000 41.462
   vertex 1800.000 700.000 38.462
  endloop
 endfacet
 facet normal -0.029966 0.037200 0.998858
  outer loop
   vertex 1900.000 600.000 45.186
   vertex 2000.000 600.000 48.186
   vertex 2000.000 700.000 44.462
  endloop
 endfacet
 facet normal -0.029966 0.037200 0.998858
  outer loop
   vertex 1900.000 600.000 45.186
   vertex 2000.000 700.000 44.462
   vertex 1900.000 700.000 41.462
  endloop
 endfacet
 facet normal -0.029944 0.053064 0.998142
  outer loop
   vertex 0.000 700.000 -15.538
   vertex 100.000 700.000 -12.538
   vertex 100.000 800.000 -17.855
  endloop
 endfacet
 facet normal -0.029944 0.053064 0.998142
  outer loop
   vertex 0.000 700.000 -15.538
   vertex 100.000 800.000 -17.855
   vertex 0.000 800.000 -20.855
  endloop
 endfacet
 facet normal -0.029944 0.053064 0.998142
  outer loop
   vertex 100.000 700.000 -12.538
   vertex 200.000 700.000 -9.538
   vertex 200.000 800.000 -14.855
  endloop
 endfacet
 facet normal -0.029944 0.053064 0.998142
  outer loop
   vertex 100.000 700.000 -12.538
   vertex 200.000 800.000 -14.855
   vertex 100.000 800.000 -17.855
  endloop
 endfacet
 facet normal -0.029944 0.053064 0.998142
  outer loop
   vertex 200.000 700.000 -9.538
   vertex 300.000 700.000 -6.538
   vertex 300.000 800.000 -11.855
  endloop
 endfacet
 facet normal -0.029944 0.053064 0.998142
  outer loop
   vertex 200.000 700.000 -9.538
   vertex 300.000 800.000 -11.855
   vertex 200.000 800.000 -14.855
  endloop
 endfacet
 facet normal -0.029944 0.053064 0.998142
  outer loop
   vertex 300.000 700.000 -6.538
   vertex 400.000 700.000 -3.538
   vertex 400.000 800.000 -8.855
  endloop
 endfacet
 facet normal -0.029944 0.053064 0.998142
  outer loop
   vertex 300.000 700.000 -6.538
   vertex 400.000 800.000 -8.855
   vertex 300.000 800.000 -11.855
  endloop
 endfacet
 facet normal -0.029944 0.053064 0.998142
  outer loop
   vertex 400.000 700.000 -3.538
   vertex 500.000 700.000 -0.538
   vertex 500.000 800.000 -5.855
  endloop
 endfacet
 facet normal -0.029944 0.053064 0.998142
  outer loop
   vertex 400.000 700.000 -3.538
   vertex 500.000 800.000 -5.855
   vertex 400.000 800.000 -8.855
  endloop
 endfacet
 facet normal -0.029944 0.053064 0.998142
  outer loop
   vertex 500.000 700.000 -0.538
   vertex 600.000 700.000 2.462
   vertex 600.000 800.000 -2.855
  endloop
 endfacet
 facet normal -0.029944 0.053064 0.998142
  outer loop
   vertex 500.000 700.000 -0.538
   vertex 600.000 800.000 -2.855
   vertex 500.000 800.000 -5.855
  endloop
 endfacet
 facet normal -0.029944 0.053064 0.998142
  outer loop
   vertex 600.000 700.000 2.462
   vertex 700.000 700.000 5.462
   vertex 700.000 800.000 0.145
  endloop
 endfacet
 facet normal -0.029944 0.053064 0.998142
  outer loop
   vertex 600.000 700.000 2.462
   vertex 700.000 800.000 0.145
   vertex 600.000 800.000 -2.855
  endloop
 endfacet
 facet normal -0.029944 0.053064 0.998142
  outer loop
   vertex 700.000 700.000 5.462
   vertex 800.000 700.000 8.462
   vertex 800.000 800.000 3.145
  endloop
 endfacet
 facet normal -0.029944 0.053064 0.998142
  outer loop
   vertex 700.000 700.000 5.462
   vertex 800.000 800.000 3.145
   vertex 700.000 800.000 0.145
  endloop
 endfacet
 facet normal -0.029944 0.053064 0.998142
  outer loop
   vertex 800.000 700.000 8.462
   vertex 900.000 700.000 11.462
   vertex 900.000 800.000 6.145
  endloop
 endfacet
 facet normal -0.029944 0.053064 0.998142
  outer loop
   vertex 800.000 700.000 8.462
   vertex 900.000 800.000 6.145
   vertex 800.000 800.000 3.145
  endloop
 endfacet
 facet normal -0.029944 0.053064 0.998142
  outer loop
   vertex 900.000 700.000 11.462
   vertex 1000.000 700.000 14.462
   vertex 1000.000 800.000 9.145
  endloop
 endfacet
 facet normal -0.029944 0.053064 0.998142
  outer loop
   vertex 900.000 700.000 11.462
   vertex 1000.000 800.000 9.145
   vertex 900.000 800.000 6.145
  endloop
 endfacet
 facet normal -0.029944 0.053064 0.998142
  outer loop
   vertex 1000.000 700.000 14.462
   vertex 1100.000 700.000 17.462
   vertex 1100.000 800.000 12.145
  endloop
 endfacet
 facet normal -0.029944 0.053064 0.998142
  outer loop
   vertex 1000.000 700.000 14.462
   vertex 1100.000 800.000 12.145
   vertex 1000.000 800.000 9.145
  endloop
 endfacet
 facet normal -0.029944 0.053064 0.998142
  outer loop
   vertex 1100.000 700.000 17.462
   vertex 1200.000 700.000 20.462
   vertex 1200.000 800.000 15.145
  endloop
 endfacet
 facet normal -0.029944 0.053064 0.998142
  outer loop
   vertex 1100.000 700.000 17.462
   vertex 1200.000 800.000 15.145
   vertex 1100.000 800.000 12.145
  endloop
 endfacet
 facet normal -0.029944 0.053064 0.998142
  outer loop
   vertex 1200.000 700.000 20.462
   vertex 1300.000 700.000 23.462
   vertex 1300.000 800.000 18.145
  endloop
 endfacet
 facet normal -0.029944 0.053064 0.998142
  outer loop
   vertex 1200.000 700.000 20.462
   vertex 1300.000 800.000 18.145
   vertex 1200.000 800.000 15.145
  endloop
 endfacet
 facet normal -0.029944 0.053064 0.998142
  outer loop
   vertex 1300.000 700.000 23.462
   vertex 1400.000 700.000 26.462
   vertex 1400.000 800.000 21.145
  endloop
 endfacet
 facet normal -0.029944 0.053064 0.998142
  outer loop
   vertex 1300.000 700.000 23.462
   vertex 1400.000 800.000 21.145
   vertex 1300.000 800.000 18.145
  endloop
 endfacet
 facet normal -0.029944 0.053064 0.998142
  outer loop
   vertex 1400.000 700.000 26.462
   vertex 1500.000 700.000 29.462
   vertex 1500.000 800.000 24.145
  endloop
 endfacet
 facet normal -0.029944 0.053064 0.998142
  outer loop
   vertex 1400.000 700.000 26.462
   vertex 1500.000 800.000 24.145
   vertex 1400.000 800.000 21.145
  endloop
 endfacet
 facet normal -0.029944 0.053064 0.998142
  outer loop
   vertex 1500.000 700.000 29.462
   vertex 1600.000 700.000 32.462
   vertex 1600.000 800.000 27.145
  endloop
 endfacet
 facet normal -0.029944 0.053064 0.998142
  outer loop
   vertex 1500.000 700.000 29.462
   vertex 1600.000 800.000 27.145
   vertex 1500.000 800.000 24.145
  endloop
 endfacet
 facet normal -0.029944 0.053064 0.998142
  outer loop
   vertex 1600.000 700.000 32.462
   vertex 1700.000 700.000 35.462
   vertex 1700.000 800.000 30.145
  endloop
 endfacet
 facet normal -0.029944 0.053064 0.998142
  outer loop
   vertex 1600.000 700.000 32.462
   vertex 1700.000 800.000 30.145
   vertex 1600.000 800.000 27.145
  endloop
 endfacet
 facet normal -0.029944 0.053064 0.998142
  outer loop
   vertex 1700.000 700.000 35.462
   vertex 1800.000 700.000 38.462
   vertex 1800.000 800.000 33.145
  endloop
 endfacet
 facet normal -0.029944 0.053064 0.998142
  outer loop
   vertex 1700.000 700.000 35.462
   vertex 1800.000 800.000 33.145
   vertex 1700.000 800.000 30.145
  endloop
 endfacet
 facet normal -0.029944 0.053064 0.998142
  outer loop
   vertex 1800.000 700.000 38.462
   vertex 1900.000 700.000 41.462
   vertex 1900.000 800.000 36.145
  endloop
 endfacet
 facet normal -0.029944 0.053064 0.998142
  outer loop
   vertex 1800.000 700.000 38.462
   vertex 1900.000 800.000 36.145
   vertex 1800.000 800.000 33.145
  endloop
 endfacet
 facet normal -0.029944 0.053064 0.998142
  outer loop
   vertex 1900.000 700.000 41.462
   vertex 2000.000 700.000 44.462
   vertex 2000.000 800.000 39.145
  endloop
 endfacet
 facet normal -0.029944 0.053064 0.998142
  outer loop
   vertex 1900.000 700.000 41.462
   vertex 2000.000 800.000 39.145
   vertex 1900.000 800.000 36.145
  endloop
 endfacet
 facet normal -0.029927 0.063076 0.997560
  outer loop
   vertex 0.000 800.000 -20.855
   vertex 100.000 800.000 -17.855
   vertex 100.000 900.000 -24.178
  endloop
 endfacet
 facet normal -0.029927 0.063076 0.997560
  outer loop
   vertex 0.000 800.000 -20.855
   vertex 100.000 900.000 -24.178
   vertex 0.000 900.000 -27.178
  endloop
 endfacet
 facet normal -0.029927 0.063076 0.997560
  outer loop
   vertex 100.000 800.000 -17.855
   vertex 200.000 800.000 -14.855
   vertex 200.000 900.000 -21.178
  endloop
 endfacet
 facet normal -0.029927 0.063076 0.997560
  outer loop
   vertex 100.000 800.000 -17.855
   vertex 200.000 900.000 -21.178
   vertex 100.000 900.000 -24.178
  endloop
 endfacet
 facet normal -0.029927 0.063076 0.997560
  outer loop
   vertex 200.000 800.000 -14.855
   vertex 300.000 800.000 -11.855
   vertex 300.000 900.000 -18.178
  endloop
 endfacet
 facet normal -0.029927 0.063076 0.997560
  outer loop
   vertex 200.000 800.000 -14.855
   vertex 300.000 900.000 -18.178
   vertex 200.000 900.000 -21.178
  endloop
 endfacet
 facet normal -0.029927 0.063076 0.997560
  outer loop
   vertex 300.000 800.000 -11.855
   vertex 400.000 800.000 -8.855
   vertex 400.000 900.000 -15.178
  endloop
 endfacet
 facet normal -0.029927 0.063076 0.997560
  outer loop
   vertex 300.000 800.000 -11.855
   vertex 400.000 900.000 -15.178
   vertex 300.000 900.000 -18.178
  endloop
 endfacet
 facet normal -0.029927 0.063076 0.997560
  outer loop
   vertex 400.000 800.000 -8.855
   vertex 500.000 800.000 -5.855
   vertex 500.000 900.000 -12.178
  endloop
 endfacet
 facet normal -0.029927 0.063076 0.997560
  outer loop
   vertex 400.000 800.000 -8.855
   vertex 500.000 900.000 -12.178
   vertex 400.000 900.000 -15.178
  endloop
 endfacet
 facet normal -0.029927 0.063076 0.997560
  outer loop
   vertex 500.000 800.000 -5.855
   vertex 600.000 800.000 -2.855
   vertex 600.000 900.000 -9.178
  endloop
 endfacet
 facet normal -0.029927 0.063076 0.997560
  outer loop
   vertex 500.000 800.000 -5.855
   vertex 600.000 900.000 -9.178
   vertex 500.000 900.000 -12.178
  endloop
 endfacet
 facet normal -0.029927 0.063076 0.997560
  outer loop
   vertex 600.000 800.000 -2.855
   vertex 700.000 800.000 0.145
   vertex 700.000 900.000 -6.178
  endloop
 endfacet
 facet normal -0.029927 0.063076 0.997560
  outer loop
   vertex 600.000 800.000 -2.855
   vertex 700.000 900.000 -6.178
   vertex 600.000 900.000 -9.178
  endloop
 endfacet
 facet normal -0.029927 0.063076 0.997560
  outer loop
   vertex 700.000 800.000 0.145
   vertex 800.000 800.000 3.145
   vertex 800.000 900.000 -3.178
  endloop
 endfacet
 facet normal -0.029927 0.063076 0.997560
  outer loop
   vertex 700.000 800.000 0.145
   vertex 800.000 900.000 -3.178
   vertex 700.000 900.000 -6.178
  endloop
 endfacet
 facet normal -0.029927 0.063076 0.997560
  outer loop
   vertex 800.000 800.000 3.145
   vertex 900.000 800.000 6.145
   vertex 900.000 900.000 -0.178
  endloop
 endfacet
 facet normal -0.029927 0.063076 0.997560
  outer loop
   vertex 800.000 800.000 3.145
   vertex 900.000 900.000 -0.178
   vertex 800.000 900.000 -3.178
  endloop
 endfacet
 facet normal -0.029927 0.063076 0.997560
  outer loop
   vertex 900.000 800.000 6.145
   vertex 1000.000 800.000 9.145
   vertex 1000.000 900.000 2.822
  endloop
 endfacet
 facet normal -0.029927 0.063076 0.997560
  outer loop
   vertex 900.000 800.000 6.145
   vertex 1000.000 900.000 2.822
   vertex 900.000 900.000 -0.178
  endloop
 endfacet
 facet normal -0.029927 0.063076 0.997560
  outer loop
   vertex 1000.000 800.000 9.145
   vertex 1100.000 800.000 12.145
   vertex 1100.000 900.000 5.822
  endloop
 endfacet
 facet normal -0.029927 0.063076 0.997560
  outer loop
   vertex 1000.000 800.000 9.145
   vertex 1100.000 900.000 5.822
   vertex 1000.000 900.000 2.822
  endloop
 endfacet
 facet normal -0.029927 0.063076 0.997560
  outer loop
   vertex 1100.000 800.000 12.145
   vertex 1200.000 800.000 15.145
   vertex 1200.000 900.000 8.822
  endloop
 endfacet
 facet normal -0.029927 0.063076 0.997560
  outer loop
   vertex 1100.000 800.000 12.145
   vertex 1200.000 900.000 8.822
   vertex 1100.000 900.000 5.822
  endloop
 endfacet
 facet normal -0.029927 0.063076 0.997560
  outer loop
   vertex 1200.000 800.000 15.145
   vertex 1300.000 800.000 18.145
   vertex 1300.000 900.000 11.822
  endloop
 endfacet
 facet normal -0.029927 0.063076 0.997560
  outer loop
   vertex 1200.000 800.000 15.145
   vertex 1300.000 900.000 11.822
   vertex 1200.000 900.000 8.822
  endloop
 endfacet
 facet normal -0.029927 0.063076 0.997560
  outer loop
   vertex 1300.000 800.000 18.145
   vertex 1400.000 800.000 21.145
   vertex 1400.000 900.000 14.822
  endloop
 endfacet
 facet normal -0.029927 0.063076 0.997560
  outer loop
   vertex 1300.000 800.000 18.145
   vertex 1400.000 900.000 14.822
   vertex 1300.000 900.000 11.822
  endloop
 endfacet
 facet normal -0.029927 0.063076 0.997560
  outer loop
   vertex 1400.000 800.000 21.145
   vertex 1500.000 800.000 24.145
   vertex 1500.000 900.000 17.822
  endloop
 endfacet
 facet normal -0.029927 0.063076 0.997560
  outer loop
   vertex 1400.000 800.000 21.145
   vertex 1500.000 900.000 17.822
   vertex 1400.000 900.000 14.822
  endloop
 endfacet
 facet normal -0.029927 0.063076 0.997560
  outer loop
   vertex 1500.000 800.000 24.145
   vertex 1600.000 800.000 27.145
   vertex 1600.000 900.000 20.822
  endloop
 endfacet
 facet normal -0.029927 0.063076 0.997560
  outer loop
   vertex 1500.000 800.000 24.145
   vertex 1600.000 900.000 20.822
   vertex 1500.000 900.000 17.822
  endloop
 endfacet
 facet normal -0.029927 0.063076 0.997560
  outer loop
   vertex 1600.000 800.000 27.145
   vertex 1700.000 800.000 30.145
   vertex 1700.000 900.000 23.822
  endloop
 endfacet
 facet normal -0.029927 0.063076 0.997560
  outer loop
   vertex 1600.000 800.000 27.145
   vertex 1700.000 900.000 23.822
   vertex 1600.000 900.000 20.822
  endloop
 endfacet
 facet normal -0.029927 0.063076 0.997560
  outer loop
   vertex 1700.000 800.000 30.145
   vertex 1800.000 800.000 33.145
   vertex 1800.000 900.000 26.822
  endloop
 endfacet
 facet normal -0.029927 0.063076 0.997560
  outer loop
   vertex 1700.000 800.000 30.145
   vertex 1800.000 900.000 26.822
   vertex 1700.000 900.000 23.822
  endloop
 endfacet
 facet normal -0.029927 0.063076 0.997560
  outer loop
   vertex 1800.000 800.000 33.145
   vertex 1900.000 800.000 36.145
   vertex 1900.000 900.000 29.822
  endloop
 endfacet
 facet normal -0.029927 0.063076 0.997560
  outer loop
   vertex 1800.000 800.000 33.145
   vertex 1900.000 900.000 29.822
   vertex 1800.000 900.000 26.822
  endloop
 endfacet
 facet normal -0.029927 0.063076 0.997560
  outer loop
   vertex 1900.000 800.000 36.145
   vertex 2000.000 800.000 39.145
   vertex 2000.000 900.000 32.822
  endloop
 endfacet
 facet normal -0.029927 0.063076 0.997560
  outer loop
   vertex 1900.000 800.000 36.145
   vertex 2000.000 900.000 32.822
   vertex 1900.000 900.000 29.822
  endloop
 endfacet
 facet normal -0.029921 0.066162 0.997360
  outer loop
   vertex 0.000 900.000 -27.178
   vertex 100.000 900.000 -24.178
   vertex 100.000 1000.000 -30.811
  endloop
 endfacet
 facet normal -0.029921 0.066162 0.997360
  outer loop
   vertex 0.000 900.000 -27.178
   vertex 100.000 1000.000 -30.811
   vertex 0.000 1000.000 -33.811
  endloop
 endfacet
 facet normal -0.029921 0.066162 0.997360
  outer loop
   vertex 100.000 900.000 -24.178
   vertex 200.000 900.000 -21.178
   vertex 200.000 1000.000 -27.811
  endloop
 endfacet
 facet normal -0.029921 0.066162 0.997360
  outer loop
   vertex 100.000 900.000 -24.178
   vertex 200.000 1000.000 -27.811
   vertex 100.000 1000.000 -30.811
  endloop
 endfacet
 facet normal -0.029921 0.066162 0.997360
  outer loop
   vertex 200.000 900.000 -21.178
   vertex 300.000 900.000 -18.178
   vertex 300.000 1000.000 -24.811
  endloop
 endfacet
 facet normal -0.029921 0.066162 0.997360
  outer loop
   vertex 200.000 900.000 -21.178
   vertex 300.000 1000.000 -24.811
   vertex 200.000 1000.000 -27.811
  endloop
 endfacet
 facet normal -0.029921 0.066162 0.997360
  outer loop
   vertex 300.000 900.000 -18.178
   vertex 400.000 900.000 -15.178
   vertex 400.000 1000.000 -21.811
  endloop
 endfacet
 facet normal -0.029921 0.066162 0.997360
  outer loop
   vertex 300.000 900.000 -18.178
   vertex 400.000 1000.000 -21.811
   vertex 300.000 1000.000 -24.811
  endloop
 endfacet
 facet normal -0.029921 0.066162 0.997360
  outer loop
   vertex 400.000 900.000 -15.178
   vertex 500.000 900.000 -12.178
   vertex 500.000 1000.000 -18.811
  endloop
 endfacet
 facet normal -0.029921 0.066162 0.997360
  outer loop
   vertex 400.000 900.000 -15.178
   vertex 500.000 1000.000 -18.811
   vertex 400.000 1000.000 -21.811
  endloop
 endfacet
 facet normal -0.029921 0.066162 0.997360
  outer loop
   vertex 500.000 900.000 -12.178
   vertex 600.000 900.000 -9.178
   vertex 600.000 1000.000 -15.811
  endloop
 endfacet
 facet normal -0.029921 0.066162 0.997360
  outer loop
   vertex 500.000 900.000 -12.178
   vertex 600.000 1000.000 -15.811
   vertex 500.000 1000.000 -18.811
  endloop
 endfacet
 facet normal -0.029921 0.066162 0.997360
  outer loop
   vertex 600.000 900.000 -9.178
   vertex 700.000 900.000 -6.178
   vertex 700.000 1000.000 -12.811
  endloop
 endfacet
 facet normal -0.029921 0.066162 0.997360
  outer loop
   vertex 600.000 900.000 -9.178
   vertex 700.000 1000.000 -12.811
   vertex 600.000 1000.000 -15.811
  endloop
 endfacet
 facet normal -0.029921 0.066162 0.997360
  outer loop
   vertex 700.000 900.000 -6.178
   vertex 800.000 900.000 -3.178
   vertex 800.000 1000.000 -9.811
  endloop
 endfacet
 facet normal -0.029921 0.066162 0.997360
  outer loop
   vertex 700.000 900.000 -6.178
   vertex 800.000 1000.000 -9.811
   vertex 700.000 1000.000 -12.811
  endloop
 endfacet
 facet normal -0.029921 0.066162 0.997360
  outer loop
   vertex 800.000 900.000 -3.178
   vertex 900.000 900.000 -0.178
   vertex 900.000 1000.000 -6.811
  endloop
 endfacet
 facet normal -0.029921 0.066162 0.997360
  outer loop
   vertex 800.000 900.000 -3.178
   vertex 900.000 1000.000 -6.811
   vertex 800.000 1000.000 -9.811
  endloop
 endfacet
 facet normal -0.029921 0.066162 0.997360
  outer loop
   vertex 900.000 900.000 -0.178
   vertex 1000.000 900.000 2.822
   vertex 1000.000 1000.000 -3.811
  endloop
 endfacet
 facet normal -0.029921 0.066162 0.997360
  outer loop
   vertex 900.000 900.000 -0.178
   vertex 1000.000 1000.000 -3.811
   vertex 900.000 1000.000 -6.811
  endloop
 endfacet
 facet normal -0.029921 0.066162 0.997360
  outer loop
   vertex 1000.000 900.000 2.822
   vertex 1100.000 900.000 5.822
   vertex 1100.000 1000.000 -0.811
  endloop
 endfacet
 facet normal -0.029921 0.066162 0.997360
  outer loop
   vertex 1000.000 900.000 2.822
   vertex 1100.000 1000.000 -0.811
   vertex 1000.000 1000.000 -3.811
  endloop
 endfacet
 facet normal -0.029921 0.066162 0.997360
  outer loop
   vertex 1100.000 900.000 5.822
   vertex 1200.000 900.000 8.822
   vertex 1200.000 1000.000 2.189
  endloop
 endfacet
 facet normal -0.029921 0.066162 0.997360
  outer loop
   vertex 1100.000 900.000 5.822
   vertex 1200.000 1000.000 2.189
   vertex 1100.000 1000.000 -0.811
  endloop
 endfacet
 facet normal -0.029921 0.066162 0.997360
  outer loop
   vertex 1200.000 900.000 8.822
   vertex 1300.000 900.000 11.822
   vertex 1300.000 1000.000 5.189
  endloop
 endfacet
 facet normal -0.029921 0.066162 0.997360
  outer loop
   vertex 1200.000 900.000 8.822
   vertex 1300.000 1000.000 5.189
   vertex 1200.000 1000.000 2.189
  endloop
 endfacet
 facet normal -0.029921 0.066162 0.997360
  outer loop
   vertex 1300.000 900.000 11.822
   vertex 1400.000 900.000 14.822
   vertex 1400.000 1000.000 8.189
  endloop
 endfacet
 facet normal -0.029921 0.066162 0.997360
  outer loop
   vertex 1300.000 900.000 11.822
   vertex 1400.000 1000.000 8.189
   vertex 1300.000 1000.000 5.189
  endloop
 endfacet
 facet normal -0.029921 0.066162 0.997360
  outer loop
   vertex 1400.000 900.000 14.822
   vertex 1500.000 900.000 17.822
   vertex 1500.000 1000.000 11.189
  endloop
 endfacet
 facet normal -0.029921 0.066162 0.997360
  outer loop
   vertex 1400.000 900.000 14.822
   vertex 1500.000 1000.000 11.189
   vertex 1400.000 1000.000 8.189
  endloop
 endfacet
 facet normal -0.029921 0.066162 0.997360
  outer loop
   vertex 1500.000 900.000 17.822
   vertex 1600.000 900.000 20.822
   vertex 1600.000 1000.000 14.189
  endloop
 endfacet
 facet normal -0.029921 0.066162 0.997360
  outer loop
   vertex 1500.000 900.000 17.822
   vertex 1600.000 1000.000 14.189
   vertex 1500.000 1000.000 11.189
  endloop
 endfacet
 facet normal -0.029921 0.066162 0.997360
  outer loop
   vertex 1600.000 900.000 20.822
   vertex 1700.000 900.000 23.822
   vertex 1700.000 1000.000 17.189
  endloop
 endfacet
 facet normal -0.029921 0.066162 0.997360
  outer loop
   vertex 1600.000 900.000 20.822
   vertex 1700.000 1000.000 17.189
   vertex 1600.000 1000.000 14.189
  endloop
 endfacet
 facet normal -0.029921 0.066162 0.997360
  outer loop
   vertex 1700.000 900.000 23.822
   vertex 1800.000 900.000 26.822
   vertex 1800.000 1000.000 20.189
  endloop
 endfacet
 facet normal -0.029921 0.066162 0.997360
  outer loop
   vertex 1700.000 900.000 23.822
   vertex 1800.000 1000.000 20.189
   vertex 1700.000 1000.000 17.189
  endloop
 endfacet
 facet normal -0.029921 0.066162 0.997360
  outer loop
   vertex 1800.000 900.000 26.822
   vertex 1900.000 900.000 29.822
   vertex 1900.000 1000.000 23.189
  endloop
 endfacet
 facet normal -0.029921 0.066162 0.997360
  outer loop
   vertex 1800.000 900.000 26.822
   vertex 1900.000 1000.000 23.189
   vertex 1800.000 1000.000 20.189
  endloop
 endfacet
 facet normal -0.029921 0.066162 0.997360
  outer loop
   vertex 1900.000 900.000 29.822
   vertex 2000.000 900.000 32.822
   vertex 2000.000 1000.000 26.189
  endloop
 endfacet
 facet normal -0.029921 0.066162 0.997360
  outer loop
   vertex 1900.000 900.000 29.822
   vertex 2000.000 1000.000 26.189
   vertex 1900.000 1000.000 23.189
  endloop
 endfacet
 facet normal -0.029929 0.061994 0.997628
  outer loop
   vertex 0.000 1000.000 -33.811
   vertex 100.000 1000.000 -30.811
   vertex 100.000 1100.000 -37.026
  endloop
 endfacet
 facet normal -0.029929 0.061994 0.997628
  outer loop
   vertex 0.000 1000.000 -33.811
   vertex 100.000 1100.000 -37.026
   vertex 0.000 1100.000 -40.026
  endloop
 endfacet
 facet normal -0.029929 0.061994 0.997628
  outer loop
   vertex 100.000 1000.000 -30.811
   vertex 200.000 1000.000 -27.811
   vertex 200.000 1100.000 -34.026
  endloop
 endfacet
 facet normal -0.029929 0.061994 0.997628
  outer loop
   vertex 100.000 1000.000 -30.811
   vertex 200.000 1100.000 -34.026
   vertex 100.000 1100.000 -37.026
  endloop
 endfacet
 facet normal -0.029929 0.061994 0.997628
  outer loop
   vertex 200.000 1000.000 -27.811
   vertex 300.000 1000.000 -24.811
   vertex 300.000 1100.000 -31.026
  endloop
 endfacet
 facet normal -0.029929 0.061994 0.997628
  outer loop
   vertex 200.000 1000.000 -27.811
   vertex 300.000 1100.000 -31.026
   vertex 200.000 1100.000 -34.026
  endloop
 endfacet
 facet normal -0.029929 0.061994 0.997628
  outer loop
   vertex 300.000 1000.000 -24.811
   vertex 400.000 1000.000 -21.811
   vertex 400.000 1100.000 -28.026
  endloop
 endfacet
 facet normal -0.029929 0.061994 0.997628
  outer loop
   vertex 300.000 1000.000 -24.811
   vertex 400.000 1100.000 -28.026
   vertex 300.000 1100.000 -31.026
  endloop
 endfacet
 facet normal -0.029929 0.061994 0.997628
  outer loop
   vertex 400.000 1000.000 -21.811
   vertex 500.000 1000.000 -18.811
   vertex 500.000 1100.000 -25.026
  endloop
 endfacet
 facet normal -0.029929 0.061994 0.997628
  outer loop
   vertex 400.000 1000.000 -21.811
   vertex 500.000 1100.000 -25.026
   vertex 400.000 1100.000 -28.026
  endloop
 endfacet
 facet normal -0.029929 0.061994 0.997628
  outer loop
   vertex 500.000 1000.000 -18.811
   vertex 600.000 1000.000 -15.811
   vertex 600.000 1100.000 -22.026
  endloop
 endfacet
 facet normal -0.029929 0.061994 0.997628
  outer loop
   vertex 500.000 1000.000 -18.811
   vertex 600.000 1100.000 -22.026
   vertex 500.000 1100.000 -25.026
  endloop
 endfacet
 facet normal -0.029929 0.061994 0.997628
  outer loop
   vertex 600.000 1000.000 -15.811
   vertex 700.000 1000.000 -12.811
   vertex 700.000 1100.000 -19.026
  endloop
 endfacet
 facet normal -0.029929 0.061994 0.997628
  outer loop
   vertex 600.000 1000.000 -15.811
   vertex 700.000 1100.000 -19.026
   vertex 600.000 1100.000 -22.026
  endloop
 endfacet
 facet normal -0.029929 0.061994 0.997628
  outer loop
   vertex 700.000 1000.000 -12.811
   vertex 800.000 1000.000 -9.811
   vertex 800.000 1100.000 -16.026
  endloop
 endfacet
 facet normal -0.029929 0.061994 0.997628
  outer loop
   vertex 700.000 1000.000 -12.811
   vertex 800.000 1100.000 -16.026
   vertex 700.000 1100.000 -19.026
  endloop
 endfacet
 facet normal -0.029929 0.061994 0.997628
  outer loop
   vertex 800.000 1000.000 -9.811
   vertex 900.000 1000.000 -6.811
   vertex 900.000 1100.000 -13.026
  endloop
 endfacet
 facet normal -0.029929 0.061994 0.997628
  outer loop
   vertex 800.000 1000.000 -9.811
   vertex 900.000 1100.000 -13.026
   vertex 800.000 1100.000 -16.026
  endloop
 endfacet
 facet normal -0.029929 0.061994 0.997628
  outer loop
   vertex 900.000 1000.000 -6.811
   vertex 1000.000 1000.000 -3.811
   vertex 1000.000 1100.000 -10.026
  endloop
 endfacet
 facet normal -0.029929 0.061994 0.997628
  outer loop
   vertex 900.000 1000.000 -6.811
   vertex 1000.000 1100.000 -10.026
   vertex 900.000 1100.000 -13.026
  endloop
 endfacet
 facet normal -0.029929 0.061994 0.997628
  outer loop
   vertex 1000.000 1000.000 -3.811
   vertex 1100.000 1000.000 -0.811
   vertex 1100.000 1100.000 -7.026
  endloop
 endfacet
 facet normal -0.029929 0.061994 0.997628
  outer loop
   vertex 1000.000 1000.000 -3.811
   vertex 1100.000 1100.000 -7.026
   vertex 1000.000 1100.000 -10.026
  endloop
 endfacet
 facet normal -0.029929 0.061994 0.997628
  outer loop
   vertex 1100.000 1000.000 -0.811
   vertex 1200.000 1000.000 2.189
   vertex 1200.000 1100.000 -4.026
  endloop
 endfacet
 facet normal -0.029929 0.061994 0.997628
  outer loop
   vertex 1100.000 1000.000 -0.811
   vertex 1200.000 1100.000 -4.026
   vertex 1100.000 1100.000 -7.026
  endloop
 endfacet
 facet normal -0.029929 0.061994 0.997628
  outer loop
   vertex 1200.000 1000.000 2.189
   vertex 1300.000 1000.000 5.189
   vertex 1300.000 1100.000 -1.026
  endloop
 endfacet
 facet normal -0.029929 0.061994 0.997628
  outer loop
   vertex 1200.000 1000.000 2.189
   vertex 1300.000 1100.000 -1.026
   vertex 1200.000 1100.000 -4.026
  endloop
 endfacet
 facet normal -0.029929 0.061994 0.997628
  outer loop
   vertex 1300.000 1000.000 5.189
   vertex 1400.000 1000.000 8.189
   vertex 1400.000 1100.000 1.974
  endloop
 endfacet
 facet normal -0.029929 0.061994 0.997628
  outer loop
   vertex 1300.000 1000.000 5.189
   vertex 1400.000 1100.000 1.974
   vertex 1300.000 1100.000 -1.026
  endloop
 endfacet
 facet normal -0.029929 0.061994 0.997628
  outer loop
   vertex 1400.000 1000.000 8.189
   vertex 1500.000 1000.000 11.189
   vertex 1500.000 1100.000 4.974
  endloop
 endfacet
 facet normal -0.029929 0.061994 0.997628
  outer loop
   vertex 1400.000 1000.000 8.189
   vertex 1500.000 1100.000 4.974
   vertex 1400.000 1100.000 1.974
  endloop
 endfacet
 facet normal -0.029929 0.061994 0.997628
  outer loop
   vertex 1500.000 1000.000 11.189
   vertex 1600.000 1000.000 14.189
   vertex 1600.000 1100.000 7.974
  endloop
 endfacet
 facet normal -0.029929 0.061994 0.997628
  outer loop
   vertex 1500.000 1000.000 11.189
   vertex 1600.000 1100.000 7.974
   vertex 1500.000 1100.000 4.974
  endloop
 endfacet
 facet normal -0.029929 0.061994 0.997628
  outer loop
   vertex 1600.000 1000.000 14.189
   vertex 1700.000 1000.000 17.189
   vertex 1700.000 1100.000 10.974
  endloop
 endfacet
 facet normal -0.029929 0.061994 0.997628
  outer loop
   vertex 1600.000 1000.000 14.189
   vertex 1700.000 1100.000 10.974
   vertex 1600.000 1100.000 7.974
  endloop
 endfacet
 facet normal -0.029929 0.061994 0.997628
  outer loop
   vertex 1700.000 1000.000 17.189
   vertex 1800.000 1000.000 20.189
   vertex 1800.000 1100.000 13.974
  endloop
 endfacet
 facet normal -0.029929 0.061994 0.997628
  outer loop
   vertex 1700.000 1000.000 17.189
   vertex 1800.000 1100.000 13.974
   vertex 1700.000 1100.000 10.974
  endloop
 endfacet
 facet normal -0.029929 0.061994 0.997628
  outer loop
   vertex 1800.000 1000.000 20.189
   vertex 1900.000 1000.000 23.189
   vertex 1900.000 1100.000 16.974
  endloop
 endfacet
 facet normal -0.029929 0.061994 0.997628
  outer loop
   vertex 1800.000 1000.000 20.189
   vertex 1900.000 1100.000 16.974
   vertex 1800.000 1100.000 13.974
  endloop
 endfacet
 facet normal -0.029929 0.061994 0.997628
  outer loop
   vertex 1900.000 1000.000 23.189
   vertex 2000.000 1000.000 26.189
   vertex 2000.000 1100.000 19.974
  endloop
 endfacet
 facet normal -0.029929 0.061994 0.997628
  outer loop
   vertex 1900.000 1000.000 23.189
   vertex 2000.000 1100.000 19.974
   vertex 1900.000 1100.000 16.974
  endloop
 endfacet
 facet normal -0.029947 0.051016 0.998249
  outer loop
   vertex 0.000 1100.000 -40.026
   vertex 100.000 1100.000 -37.026
   vertex 100.000 1200.000 -42.136
  endloop
 endfacet
 facet normal -0.029947 0.051016 0.998249
  outer loop
   vertex 0.000 1100.000 -40.026
   vertex 100.000 1200.000 -42.136
   vertex 0.000 1200.000 -45.136
  endloop
 endfacet
 facet normal -0.029947 0.051016 0.998249
  outer loop
   vertex 100.000 1100.000 -37.026
   vertex 200.000 1100.000 -34.026
   vertex 200.000 1200.000 -39.136
  endloop
 endfacet
 facet normal -0.029947 0.051016 0.998249
  outer loop
   vertex 100.000 1100.000 -37.026
   vertex 200.000 1200.000 -39.136
   vertex 100.000 1200.000 -42.136
  endloop
 endfacet
 facet normal -0.029947 0.051016 0.998249
  outer loop
   vertex 200.000 1100.000 -34.026
   vertex 300.000 1100.000 -31.026
   vertex 300.000 1200.000 -36.136
  endloop
 endfacet
 facet normal -0.029947 0.051016 0.998249
  outer loop
   vertex 200.000 1100.000 -34.026
   vertex 300.000 1200.000 -36.136
   vertex 200.000 1200.000 -39.136
  endloop
 endfacet
 facet normal -0.029947 0.051016 0.998249
  outer loop
   vertex 300.000 1100.000 -31.026
   vertex 400.000 1100.000 -28.026
   vertex 400.000 1200.000 -33.136
  endloop
 endfacet
 facet normal -0.029947 0.051016 0.998249
  outer loop
   vertex 300.000 1100.000 -31.026
   vertex 400.000 1200.000 -33.136
   vertex 300.000 1200.000 -36.136
  endloop
 endfacet
 facet normal -0.029947 0.051016 0.998249
  outer loop
   vertex 400.000 1100.000 -28.026
   vertex 500.000 1100.000 -25.026
   vertex 500.000 1200.000 -30.136
  endloop
 endfacet
 facet normal -0.029947 0.051016 0.998249
  outer loop
   vertex 400.000 1100.000 -28.026
   vertex 500.000 1200.000 -30.136
   vertex 400.000 1200.000 -33.136
  endloop
 endfacet
 facet normal -0.029947 0.051016 0.998249
  outer loop
   vertex 500.000 1100.000 -25.026
   vertex 600.000 1100.000 -22.026
   vertex 600.000 1200.000 -27.136
  endloop
 endfacet
 facet normal -0.029947 0.051016 0.998249
  outer loop
   vertex 500.000 1100.000 -25.026
   vertex 600.000 1200.000 -27.136
   vertex 500.000 1200.000 -30.136
  endloop
 endfacet
 facet normal -0.029947 0.051016 0.998249
  outer loop
   vertex 600.000 1100.000 -22.026
   vertex 700.000 1100.000 -19.026
   vertex 700.000 1200.000 -24.136
  endloop
 endfacet
 facet normal -0.029947 0.051016 0.998249
  outer loop
   vertex 600.000 1100.000 -22.026
   vertex 700.000 1200.000 -24.136
   vertex 600.000 1200.000 -27.136
  endloop
 endfacet
 facet normal -0.029947 0.051016 0.998249
  outer loop
   vertex 700.000 1100.000 -19.026
   vertex 800.000 1100.000 -16.026
   vertex 800.000 1200.000 -21.136
  endloop
 endfacet
 facet normal -0.029947 0.051016 0.998249
  outer loop
   vertex 700.000 1100.000 -19.026
   vertex 800.000 1200.000 -21.136
   vertex 700.000 1200.000 -24.136
  endloop
 endfacet
 facet normal -0.029947 0.051016 0.998249
  outer loop
   vertex 800.000 1100.000 -16.026
   vertex 900.000 1100.000 -13.026
   vertex 900.000 1200.000 -18.136
  endloop
 endfacet
 facet normal -0.029947 0.051016 0.998249
  outer loop
   vertex 800.000 1100.000 -16.026
   vertex 900.000 1200.000 -18.136
   vertex 800.000 1200.000 -21.136
  endloop
 endfacet
 facet normal -0.029947 0.051016 0.998249
  outer loop
   vertex 900.000 1100.000 -13.026
   vertex 1000.000 1100.000 -10.026
   vertex 1000.000 1200.000 -15.136
  endloop
 endfacet
 facet normal -0.029947 0.051016 0.998249
  outer loop
   vertex 900.000 1100.000 -13.026
   vertex 1000.000 1200.000 -15.136
   vertex 900.000 1200.000 -18.136
  endloop
 endfacet
 facet normal -0.029947 0.051016 0.998249
  outer loop
   vertex 1000.000 1100.000 -10.026
   vertex 1100.000 1100.000 -7.026
   vertex 1100.000 1200.000 -12.136
  endloop
 endfacet
 facet normal -0.029947 0.051016 0.998249
  outer loop
   vertex 1000.000 1100.000 -10.026
   vertex 1100.000 1200.000 -12.136
   vertex 1000.000 1200.000 -15.136
  endloop
 endfacet
 facet normal -0.029947 0.051016 0.998249
  outer loop
   vertex 1100.000 1100.000 -7.026
   vertex 1200.000 1100.000 -4.026
   vertex 1200.000 1200.000 -9.136
  endloop
 endfacet
 facet normal -0.029947 0.051016 0.998249
  outer loop
   vertex 1100.000 1100.000 -7.026
   vertex 1200.000 1200.000 -9.136
   vertex 1100.000 1200.000 -12.136
  endloop
 endfacet
 facet normal -0.029947 0.051016 0.998249
  outer loop
   vertex 1200.000 1100.000 -4.026
   vertex 1300.000 1100.000 -1.026
   vertex 1300.000 1200.000 -6.136
  endloop
 endfacet
 facet normal -0.029947 0.051016 0.998249
  outer loop
   vertex 1200.000 1100.000 -4.026
   vertex 1300.000 1200.000 -6.136
   vertex 1200.000 1200.000 -9.136
  endloop
 endfacet
 facet normal -0.029947 0.051016 0.998249
  outer loop
   vertex 1300.000 1100.000 -1.026
   vertex 1400.000 1100.000 1.974
   vertex 1400.000 1200.000 -3.136
  endloop
 endfacet
 facet normal -0.029947 0.051016 0.998249
  outer loop
   vertex 1300.000 1100.000 -1.026
   vertex 1400.000 1200.000 -3.136
   vertex 1300.000 1200.000 -6.136
  endloop
 endfacet
 facet normal -0.029947 0.051016 0.998249
  outer loop
   vertex 1400.000 1100.000 1.974
   vertex 1500.000 1100.000 4.974
   vertex 1500.000 1200.000 -0.136
  endloop
 endfacet
 facet normal -0.029947 0.051016 0.998249
  outer loop
   vertex 1400.000 1100.000 1.974
   vertex 1500.000 1200.000 -0.136
   vertex 1400.000 1200.000 -3.136
  endloop
 endfacet
 facet normal -0.029947 0.051016 0.998249
  outer loop
   vertex 1500.000 1100.000 4.974
   vertex 1600.000 1100.000 7.974
   vertex 1600.000 1200.000 2.864
  endloop
 endfacet
 facet normal -0.029947 0.051016 0.998249
  outer loop
   vertex 1500.000 1100.000 4.974
   vertex 1600.000 1200.000 2.864
   vertex 1500.000 1200.000 -0.136
  endloop
 endfacet
 facet normal -0.029947 0.051016 0.998249
  outer loop
   vertex 1600.000 1100.000 7.974
   vertex 1700.000 1100.000 10.974
   vertex 1700.000 1200.000 5.864
  endloop
 endfacet
 facet normal -0.029947 0.051016 0.998249
  outer loop
   vertex 1600.000 1100.000 7.974
   vertex 1700.000 1200.000 5.864
   vertex 1600.000 1200.000 2.864
  endloop
 endfacet
 facet normal -0.029947 0.051016 0.998249
  outer loop
   vertex 1700.000 1100.000 10.974
   vertex 1800.000 1100.000 13.974
   vertex 1800.000 1200.000 8.864
  endloop
 endfacet
 facet normal -0.029947 0.051016 0.998249
  outer loop
   vertex 1700.000 1100.000 10.974
   vertex 1800.000 1200.000 8.864
   vertex 1700.000 1200.000 5.864
  endloop
 endfacet
 facet normal -0.029947 0.051016 0.998249
  outer loop
   vertex 1800.000 1100.000 13.974
   vertex 1900.000 1100.000 16.974
   vertex 1900.000 1200.000 11.864
  endloop
 endfacet
 facet normal -0.029947 0.051016 0.998249
  outer loop
   vertex 1800.000 1100.000 13.974
   vertex 1900.000 1200.000 11.864
   vertex 1800.000 1200.000 8.864
  endloop
 endfacet
 facet normal -0.029947 0.051016 0.998249
  outer loop
   vertex 1900.000 1100.000 16.974
   vertex 2000.000 1100.000 19.974
   vertex 2000.000 1200.000 14.864
  endloop
 endfacet
 facet normal -0.029947 0.051016 0.998249
  outer loop
   vertex 1900.000 1100.000 16.974
   vertex 2000.000 1200.000 14.864
   vertex 1900.000 1200.000 11.864
  endloop
 endfacet
 facet normal -0.029969 0.034407 0.998958
  outer loop
   vertex 0.000 1200.000 -45.136
   vertex 100.000 1200.000 -42.136
   vertex 100.000 1300.000 -45.580
  endloop
 endfacet
 facet normal -0.029969 0.034407 0.998958
  outer loop
   vertex 0.000 1200.000 -45.136
   vertex 100.000 1300.000 -45.580
   vertex 0.000 1300.000 -48.580
  endloop
 endfacet
 facet normal -0.029969 0.034407 0.998958
  outer loop
   vertex 100.000 1200.000 -42.136
   vertex 200.000 1200.000 -39.136
   vertex 200.000 1300.000 -42.580
  endloop
 endfacet
 facet normal -0.029969 0.034407 0.998958
  outer loop
   vertex 100.000 1200.000 -42.136
   vertex 200.000 1300.000 -42.580
   vertex 100.000 1300.000 -45.580
  endloop
 endfacet
 facet normal -0.029969 0.034407 0.998958
  outer loop
   vertex 200.000 1200.000 -39.136
   vertex 300.000 1200.000 -36.136
   vertex 300.000 1300.000 -39.580
  endloop
 endfacet
 facet normal -0.029969 0.034407 0.998958
  outer loop
   vertex 200.000 1200.000 -39.136
   vertex 300.000 1300.000 -39.580
   vertex 200.000 1300.000 -42.580
  endloop
 endfacet
 facet normal -0.029969 0.034407 0.998958
  outer loop
   vertex 300.000 1200.000 -36.136
   vertex 400.000 1200.000 -33.136
   vertex 400.000 1300.000 -36.580
  endloop
 endfacet
 facet normal -0.029969 0.034407 0.998958
  outer loop
   vertex 300.000 1200.000 -36.136
   vertex 400.000 1300.000 -36.580
   vertex 300.000 1300.000 -39.580
  endloop
 endfacet
 facet normal -0.029969 0.034407 0.998958
  outer loop
   vertex 400.000 1200.000 -33.136
   vertex 500.000 1200.000 -30.136
   vertex 500.000 1300.000 -33.580
  endloop
 endfacet
 facet normal -0.029969 0.034407 0.998958
  outer loop
   vertex 400.000 1200.000 -33.136
   vertex 500.000 1300.000 -33.580
   vertex 400.000 1300.000 -36.580
  endloop
 endfacet
 facet normal -0.029969 0.034407 0.998958
  outer loop
   vertex 500.000 1200.000 -30.136
   vertex 600.000 1200.000 -27.136
   vertex 600.000 1300.000 -30.580
  endloop
 endfacet
 facet normal -0.029969 0.034407 0.998958
  outer loop
   vertex 500.000 1200.000 -30.136
   vertex 600.000 1300.000 -30.580
   vertex 500.000 1300.000 -33.580
  endloop
 endfacet
 facet normal -0.029969 0.034407 0.998958
  outer loop
   vertex 600.000 1200.000 -27.136
   vertex 700.000 1200.000 -24.136
   vertex 700.000 1300.000 -27.580
  endloop
 endfacet
 facet normal -0.029969 0.034407 0.998958
  outer loop
   vertex 600.000 1200.000 -27.136
   vertex 700.000 1300.000 -27.580
   vertex 600.000 1300.000 -30.580
  endloop
 endfacet
 facet normal -0.029969 0.034407 0.998958
  outer loop
   vertex 700.000 1200.000 -24.136
   vertex 800.000 1200.000 -21.136
   vertex 800.000 1300.000 -24.580
  endloop
 endfacet
 facet normal -0.029969 0.034407 0.998958
  outer loop
   vertex 700.000 1200.000 -24.136
   vertex 800.000 1300.000 -24.580
   vertex 700.000 1300.000 -27.580
  endloop
 endfacet
 facet normal -0.029969 0.034407 0.998958
  outer loop
   vertex 800.000 1200.000 -21.136
   vertex 900.000 1200.000 -18.136
   vertex 900.000 1300.000 -21.580
  endloop
 endfacet
 facet normal -0.029969 0.034407 0.998958
  outer loop
   vertex 800.000 1200.000 -21.136
   vertex 900.000 1300.000 -21.580
   vertex 800.000 1300.000 -24.580
  endloop
 endfacet
 facet normal -0.029969 0.034407 0.998958
  outer loop
   vertex 900.000 1200.000 -18.136
   vertex 1000.000 1200.000 -15.136
   vertex 1000.000 1300.000 -18.580
  endloop
 endfacet
 facet normal -0.029969 0.034407 0.998958
  outer loop
   vertex 900.000 1200.000 -18.136
   vertex 1000.000 1300.000 -18.580
   vertex 900.000 1300.000 -21.580
  endloop
 endfacet
 facet normal -0.029969 0.034407 0.998958
  outer loop
   vertex 1000.000 1200.000 -15.136
   vertex 1100.000 1200.000 -12.136
   vertex 1100.000 1300.000 -15.580
  endloop
 endfacet
 facet normal -0.029969 0.034407 0.998958
  outer loop
   vertex 1000.000 1200.000 -15.136
   vertex 1100.000 1300.000 -15.580
   vertex 1000.000 1300.000 -18.580
  endloop
 endfacet
 facet normal -0.029969 0.034407 0.998958
  outer loop
   vertex 1100.000 1200.000 -12.136
   vertex 1200.000 1200.000 -9.136
   vertex 1200.000 1300.000 -12.580
  endloop
 endfacet
 facet normal -0.029969 0.034407 0.998958
  outer loop
   vertex 1100.000 1200.000 -12.136
   vertex 1200.000 1300.000 -12.580
   vertex 1100.000 1300.000 -15.580
  endloop
 endfacet
 facet normal -0.029969 0.034407 0.998958
  outer loop
   vertex 1200.000 1200.000 -9.136
   vertex 1300.000 1200.000 -6.136
   vertex 1300.000 1300.000 -9.580
  endloop
 endfacet
 facet normal -0.029969 0.034407 0.998958
  outer loop
   vertex 1200.000 1200.000 -9.136
   vertex 1300.000 1300.000 -9.580
   vertex 1200.000 1300.000 -12.580
  endloop
 endfacet
 facet normal -0.029969 0.034407 0.998958
  outer loop
   vertex 1300.000 1200.000 -6.136
   vertex 1400.000 1200.000 -3.136
   vertex 1400.000 1300.000 -6.580
  endloop
 endfacet
 facet normal -0.029969 0.034407 0.998958
  outer loop
   vertex 1300.000 1200.000 -6.136
   vertex 1400.000 1300.000 -6.580
   vertex 1300.000 1300.000 -9.580
  endloop
 endfacet
 facet normal -0.029969 0.034407 0.998958
  outer loop
   vertex 1400.000 1200.000 -3.136
   vertex 1500.000 1200.000 -0.136
   vertex 1500.000 1300.000 -3.580
  endloop
 endfacet
 facet normal -0.029969 0.034407 0.998958
  outer loop
   vertex 1400.000 1200.000 -3.136
   vertex 1500.000 1300.000 -3.580
   vertex 1400.000 1300.000 -6.580
  endloop
 endfacet
 facet normal -0.029969 0.034407 0.998958
  outer loop
   vertex 1500.000 1200.000 -0.136
   vertex 1600.000 1200.000 2.864
   vertex 1600.000 1300.000 -0.580
  endloop
 endfacet
 facet normal -0.029969 0.034407 0.998958
  outer loop
   vertex 1500.000 1200.000 -0.136
   vertex 1600.000 1300.000 -0.580
   vertex 1500.000 1300.000 -3.580
  endloop
 endfacet
 facet normal -0.029969 0.034407 0.998958
  outer loop
   vertex 1600.000 1200.000 2.864
   vertex 1700.000 1200.000 5.864
   vertex 1700.000 1300.000 2.420
  endloop
 endfacet
 facet normal -0.029969 0.034407 0.998958
  outer loop
   vertex 1600.000 1200.000 2.864
   vertex 1700.000 1300.000 2.420
   vertex 1600.000 1300.000 -0.580
  endloop
 endfacet
 facet normal -0.029969 0.034407 0.998958
  outer loop
   vertex 1700.000 1200.000 5.864
   vertex 1800.000 1200.000 8.864
   vertex 1800.000 1300.000 5.420
  endloop
 endfacet
 facet normal -0.029969 0.034407 0.998958
  outer loop
   vertex 1700.000 1200.000 5.864
   vertex 1800.000 1300.000 5.420
   vertex 1700.000 1300.000 2.420
  endloop
 endfacet
 facet normal -0.029969 0.034407 0.998958
  outer loop
   vertex 1800.000 1200.000 8.864
   vertex 1900.000 1200.000 11.864
   vertex 1900.000 1300.000 8.420
  endloop
 endfacet
 facet normal -0.029969 0.034407 0.998958
  outer loop
   vertex 1800.000 1200.000 8.864
   vertex 1900.000 1300.000 8.420
   vertex 1800.000 1300.000 5.420
  endloop
 endfacet
 facet normal -0.029969 0.034407 0.998958
  outer loop
   vertex 1900.000 1200.000 11.864
   vertex 2000.000 1200.000 14.864
   vertex 2000.000 1300.000 11.420
  endloop
 endfacet
 facet normal -0.029969 0.034407 0.998958
  outer loop
   vertex 1900.000 1200.000 11.864
   vertex 2000.000 1300.000 11.420
   vertex 1900.000 1300.000 8.420
  endloop
 endfacet
 facet normal -0.029984 0.013980 0.999453
  outer loop
   vertex 0.000 1300.000 -48.580
   vertex 100.000 1300.000 -45.580
   vertex 100.000 1400.000 -46.979
  endloop
 endfacet
 facet normal -0.029984 0.013980 0.999453
  outer loop
   vertex 0.000 1300.000 -48.580
   vertex 100.000 1400.000 -46.979
   vertex 0.000 1400.000 -49.979
  endloop
 endfacet
 facet normal -0.029984 0.013980 0.999453
  outer loop
   vertex 100.000 1300.000 -45.580
   vertex 200.000 1300.000 -42.580
   vertex 200.000 1400.000 -43.979
  endloop
 endfacet
 facet normal -0.029984 0.013980 0.999453
  outer loop
   vertex 100.000 1300.000 -45.580
   vertex 200.000 1400.000 -43.979
   vertex 100.000 1400.000 -46.979
  endloop
 endfacet
 facet normal -0.029984 0.013980 0.999453
  outer loop
   vertex 200.000 1300.000 -42.580
   vertex 300.000 1300.000 -39.580
   vertex 300.000 1400.000 -40.979
  endloop
 endfacet
 facet normal -0.029984 0.013980 0.999453
  outer loop
   vertex 200.000 1300.000 -42.580
   vertex 300.000 1400.000 -40.979
   vertex 200.000 1400.000 -43.979
  endloop
 endfacet
 facet normal -0.029984 0.013980 0.999453
  outer loop
   vertex 300.000 1300.000 -39.580
   vertex 400.000 1300.000 -36.580
   vertex 400.000 1400.000 -37.979
  endloop
 endfacet
 facet normal -0.029984 0.013980 0.999453
  outer loop
   vertex 300.000 1300.000 -39.580
   vertex 400.000 1400.000 -37.979
   vertex 300.000 1400.000 -40.979
  endloop
 endfacet
 facet normal -0.029984 0.013980 0.999453
  outer loop
   vertex 400.000 1300.000 -36.580
   vertex 500.000 1300.000 -33.580
   vertex 500.000 1400.000 -34.979
  endloop
 endfacet
 facet normal -0.029984 0.013980 0.999453
  outer loop
   vertex 400.000 1300.000 -36.580
   vertex 500.000 1400.000 -34.979
   vertex 400.000 1400.000 -37.979
  endloop
 endfacet
 facet normal -0.029984 0.013980 0.999453
  outer loop
   vertex 500.000 1300.000 -33.580
   vertex 600.000 1300.000 -30.580
   vertex 600.000 1400.000 -31.979
  endloop
 endfacet
 facet normal -0.029984 0.013980 0.999453
  outer loop
   vertex 500.000 1300.000 -33.580
   vertex 600.000 1400.000 -31.979
   vertex 500.000 1400.000 -34.979
  endloop
 endfacet
 facet normal -0.029984 0.013980 0.999453
  outer loop
   vertex 600.000 1300.000 -30.580
   vertex 700.000 1300.000 -27.580
   vertex 700.000 1400.000 -28.979
  endloop
 endfacet
 facet normal -0.029984 0.013980 0.999453
  outer loop
   vertex 600.000 1300.000 -30.580
   vertex 700.000 1400.000 -28.979
   vertex 600.000 1400.000 -31.979
  endloop
 endfacet
 facet normal -0.029984 0.013980 0.999453
  outer loop
   vertex 700.000 1300.000 -27.580
   vertex 800.000 1300.000 -24.580
   vertex 800.000 1400.000 -25.979
  endloop
 endfacet
 facet normal -0.029984 0.013980 0.999453
  outer loop
   vertex 700.000 1300.000 -27.580
   vertex 800.000 1400.000 -25.979
   vertex 700.000 1400.000 -28.979
  endloop
 endfacet
 facet normal -0.029984 0.013980 0.999453
  outer loop
   vertex 800.000 1300.000 -24.580
   vertex 900.000 1300.000 -21.580
   vertex 900.000 1400.000 -22.979
  endloop
 endfacet
 facet normal -0.029984 0.013980 0.999453
  outer loop
   vertex 800.000 1300.000 -24.580
   vertex 900.000 1400.000 -22.979
   vertex 800.000 1400.000 -25.979
  endloop
 endfacet
 facet normal -0.029984 0.013980 0.999453
  outer loop
   vertex 900.000 1300.000 -21.580
   vertex 1000.000 1300.000 -18.580
   vertex 1000.000 1400.000 -19.979
  endloop
 endfacet
 facet normal -0.029984 0.013980 0.999453
  outer loop
   vertex 900.000 1300.000 -21.580
   vertex 1000.000 1400.000 -19.979
   vertex 900.000 1400.000 -22.979
  endloop
 endfacet
 facet normal -0.029984 0.013980 0.999453
  outer loop
   vertex 1000.000 1300.000 -18.580
   vertex 1100.000 1300.000 -15.580
   vertex 1100.000 1400.000 -16.979
  endloop
 endfacet
 facet normal -0.029984 0.013980 0.999453
  outer loop
   vertex 1000.000 1300.000 -18.580
   vertex 1100.000 1400.000 -16.979
   vertex 1000.000 1400.000 -19.979
  endloop
 endfacet
 facet normal -0.029984 0.013980 0.999453
  outer loop
   vertex 1100.000 1300.000 -15.580
   vertex 1200.000 1300.000 -12.580
   vertex 1200.000 1400.000 -13.979
  endloop
 endfacet
 facet normal -0.029984 0.013980 0.999453
  outer loop
   vertex 1100.000 1300.000 -15.580
   vertex 1200.000 1400.000 -13.979
   vertex 1100.000 1400.000 -16.979
  endloop
 endfacet
 facet normal -0.029984 0.013980 0.999453
  outer loop
   vertex 1200.000 1300.000 -12.580
   vertex 1300.000 1300.000 -9.580
   vertex 1300.000 1400.000 -10.979
  endloop
 endfacet
 facet normal -0.029984 0.013980 0.999453
  outer loop
   vertex 1200.000 1300.000 -12.580
   vertex 1300.000 1400.000 -10.979
   vertex 1200.000 1400.000 -13.979
  endloop
 endfacet
 facet normal -0.029984 0.013980 0.999453
  outer loop
   vertex 1300.000 1300.000 -9.580
   vertex 1400.000 1300.000 -6.580
   vertex 1400.000 1400.000 -7.979
  endloop
 endfacet
 facet normal -0.029984 0.013980 0.999453
  outer loop
   vertex 1300.000 1300.000 -9.580
   vertex 1400.000 1400.000 -7.979
   vertex 1300.000 1400.000 -10.979
  endloop
 endfacet
 facet normal -0.029984 0.013980 0.999453
  outer loop
   vertex 1400.000 1300.000 -6.580
   vertex 1500.000 1300.000 -3.580
   vertex 1500.000 1400.000 -4.979
  endloop
 endfacet
 facet normal -0.029984 0.013980 0.999453
  outer loop
   vertex 1400.000 1300.000 -6.580
   vertex 1500.000 1400.000 -4.979
   vertex 1400.000 1400.000 -7.979
  endloop
 endfacet
 facet normal -0.029984 0.013980 0.999453
  outer loop
   vertex 1500.000 1300.000 -3.580
   vertex 1600.000 1300.000 -0.580
   vertex 1600.000 1400.000 -1.979
  endloop
 endfacet
 facet normal -0.029984 0.013980 0.999453
  outer loop
   vertex 1500.000 1300.000 -3.580
   vertex 1600.000 1400.000 -1.979
   vertex 1500.000 1400.000 -4.979
  endloop
 endfacet
 facet normal -0.029984 0.013980 0.999453
  outer loop
   vertex 1600.000 1300.000 -0.580
   vertex 1700.000 1300.000 2.420
   vertex 1700.000 1400.000 1.021
  endloop
 endfacet
 facet normal -0.029984 0.013980 0.999453
  outer loop
   vertex 1600.000 1300.000 -0.580
   vertex 1700.000 1400.000 1.021
   vertex 1600.000 1400.000 -1.979
  endloop
 endfacet
 facet normal -0.029984 0.013980 0.999453
  outer loop
   vertex 1700.000 1300.000 2.420
   vertex 1800.000 1300.000 5.420
   vertex 1800.000 1400.000 4.021
  endloop
 endfacet
 facet normal -0.029984 0.013980 0.999453
  outer loop
   vertex 1700.000 1300.000 2.420
   vertex 1800.000 1400.000 4.021
   vertex 1700.000 1400.000 1.021
  endloop
 endfacet
 facet normal -0.029984 0.013980 0.999453
  outer loop
   vertex 1800.000 1300.000 5.420
   vertex 1900.000 1300.000 8.420
   vertex 1900.000 1400.000 7.021
  endloop
 endfacet
 facet normal -0.029984 0.013980 0.999453
  outer loop
   vertex 1800.000 1300.000 5.420
   vertex 1900.000 1400.000 7.021
   vertex 1800.000 1400.000 4.021
  endloop
 endfacet
 facet normal -0.029984 0.013980 0.999453
  outer loop
   vertex 1900.000 1300.000 8.420
   vertex 2000.000 1300.000 11.420
   vertex 2000.000 1400.000 10.021
  endloop
 endfacet
 facet normal -0.029984 0.013980 0.999453
  outer loop
   vertex 1900.000 1300.000 8.420
   vertex 2000.000 1400.000 10.021
   vertex 1900.000 1400.000 7.021
  endloop
 endfacet
 facet normal -0.029986 -0.008002 0.999518
  outer loop
   vertex 0.000 1400.000 -49.979
   vertex 100.000 1400.000 -46.979
   vertex 100.000 1500.000 -46.178
  endloop
 endfacet
 facet normal -0.029986 -0.008002 0.999518
  outer loop
   vertex 0.000 1400.000 -49.979
   vertex 100.000 1500.000 -46.178
   vertex 0.000 1500.000 -49.178
  endloop
 endfacet
 facet normal -0.029986 -0.008002 0.999518
  outer loop
   vertex 100.000 1400.000 -46.979
   vertex 200.000 1400.000 -43.979
   vertex 200.000 1500.000 -43.178
  endloop
 endfacet
 facet normal -0.029986 -0.008002 0.999518
  outer loop
   vertex 100.000 1400.000 -46.979
   vertex 200.000 1500.000 -43.178
   vertex 100.000 1500.000 -46.178
  endloop
 endfacet
 facet normal -0.029986 -0.008002 0.999518
  outer loop
   vertex 200.000 1400.000 -43.979
   vertex 300.000 1400.000 -40.979
   vertex 300.000 1500.000 -40.178
  endloop
 endfacet
 facet normal -0.029986 -0.008002 0.999518
  outer loop
   vertex 200.000 1400.000 -43.979
   vertex 300.000 1500.000 -40.178
   vertex 200.000 1500.000 -43.178
  endloop
 endfacet
 facet normal -0.029986 -0.008002 0.999518
  outer loop
   vertex 300.000 1400.000 -40.979
   vertex 400.000 1400.000 -37.979
   vertex 400.000 1500.000 -37.178
  endloop
 endfacet
 facet normal -0.029986 -0.008002 0.999518
  outer loop
   vertex 300.000 1400.000 -40.979
   vertex 400.000 1500.000 -37.178
   vertex 300.000 1500.000 -40.178
  endloop
 endfacet
 facet normal -0.029986 -0.008002 0.999518
  outer loop
   vertex 400.000 1400.000 -37.979
   vertex 500.000 1400.000 -34.979
   vertex 500.000 1500.000 -34.178
  endloop
 endfacet
 facet normal -0.029986 -0.008002 0.999518
  outer loop
   vertex 400.000 1400.000 -37.979
   vertex 500.000 1500.000 -34.178
   vertex 400.000 1500.000 -37.178
  endloop
 endfacet
 facet normal -0.029986 -0.008002 0.999518
  outer loop
   vertex 500.000 1400.000 -34.979
   vertex 600.000 1400.000 -31.979
   vertex 600.000 1500.000 -31.178
  endloop
 endfacet
 facet normal -0.029986 -0.008002 0.999518
  outer loop
   vertex 500.000 1400.000 -34.979
   vertex 600.000 1500.000 -31.178
   vertex 500.000 1500.000 -34.178
  endloop
 endfacet
 facet normal -0.029986 -0.008002 0.999518
  outer loop
   vertex 600.000 1400.000 -31.979
   vertex 700.000 1400.000 -28.979
   vertex 700.000 1500.000 -28.178
  endloop
 endfacet
 facet normal -0.029986 -0.008002 0.999518
  outer loop
   vertex 600.000 1400.000 -31.979
   vertex 700.000 1500.000 -28.178
   vertex 600.000 1500.000 -31.178
  endloop
 endfacet
 facet normal -0.029986 -0.008002 0.999518
  outer loop
   vertex 700.000 1400.000 -28.979
   vertex 800.000 1400.000 -25.979
   vertex 800.000 1500.000 -25.178
  endloop
 endfacet
 facet normal -0.029986 -0.008002 0.999518
  outer loop
   vertex 700.000 1400.000 -28.979
   vertex 800.000 1500.000 -25.178
   vertex 700.000 1500.000 -28.178
  endloop
 endfacet
 facet normal -0.029986 -0.008002 0.999518
  outer loop
   vertex 800.000 1400.000 -25.979
   vertex 900.000 1400.000 -22.979
   vertex 900.000 1500.000 -22.178
  endloop
 endfacet
 facet normal -0.029986 -0.008002 0.999518
  outer loop
   vertex 800.000 1400.000 -25.979
   vertex 900.000 1500.000 -22.178
   vertex 800.000 1500.000 -25.178
  endloop
 endfacet
 facet normal -0.029986 -0.008002 0.999518
  outer loop
   vertex 900.000 1400.000 -22.979
   vertex 1000.000 1400.000 -19.979
   vertex 1000.000 1500.000 -19.178
  endloop
 endfacet
 facet normal -0.029986 -0.008002 0.999518
  outer loop
   vertex 900.000 1400.000 -22.979
   vertex 1000.000 1500.000 -19.178
   vertex 900.000 1500.000 -22.178
  endloop
 endfacet
 facet normal -0.029986 -0.008002 0.999518
  outer loop
   vertex 1000.000 1400.000 -19.979
   vertex 1100.000 1400.000 -16.979
   vertex 1100.000 1500.000 -16.178
  endloop
 endfacet
 facet normal -0.029986 -0.008002 0.999518
  outer loop
   vertex 1000.000 1400.000 -19.979
   vertex 1100.000 1500.000 -16.178
   vertex 1000.000 1500.000 -19.178
  endloop
 endfacet
 facet normal -0.029986 -0.008002 0.999518
  outer loop
   vertex 1100.000 1400.000 -16.979
   vertex 1200.000 1400.000 -13.979
   vertex 1200.000 1500.000 -13.178
  endloop
 endfacet
 facet normal -0.029986 -0.008002 0.999518
  outer loop
   vertex 1100.000 1400.000 -16.979
   vertex 1200.000 1500.000 -13.178
   vertex 1100.000 1500.000 -16.178
  endloop
 endfacet
 facet normal -0.029986 -0.008002 0.999518
  outer loop
   vertex 1200.000 1400.000 -13.979
   vertex 1300.000 1400.000 -10.979
   vertex 1300.000 1500.000 -10.178
  endloop
 endfacet
 facet normal -0.029986 -0.008002 0.999518
  outer loop
   vertex 1200.000 1400.000 -13.979
   vertex 1300.000 1500.000 -10.178
   vertex 1200.000 1500.000 -13.178
  endloop
 endfacet
 facet normal -0.029986 -0.008002 0.999518
  outer loop
   vertex 1300.000 1400.000 -10.979
   vertex 1400.000 1400.000 -7.979
   vertex 1400.000 1500.000 -7.178
  endloop
 endfacet
 facet normal -0.029986 -0.008002 0.999518
  outer loop
   vertex 1300.000 1400.000 -10.979
   vertex 1400.000 1500.000 -7.178
   vertex 1300.000 1500.000 -10.178
  endloop
 endfacet
 facet normal -0.029986 -0.008002 0.999518
  outer loop
   vertex 1400.000 1400.000 -7.979
   vertex 1500.000 1400.000 -4.979
   vertex 1500.000 1500.000 -4.178
  endloop
 endfacet
 facet normal -0.029986 -0.008002 0.999518
  outer loop
   vertex 1400.000 1400.000 -7.979
   vertex 1500.000 1500.000 -4.178
   vertex 1400.000 1500.000 -7.178
  endloop
 endfacet
 facet normal -0.029986 -0.008002 0.999518
  outer loop
   vertex 1500.000 1400.000 -4.979
   vertex 1600.000 1400.000 -1.979
   vertex 1600.000 1500.000 -1.178
  endloop
 endfacet
 facet normal -0.029986 -0.008002 0.999518
  outer loop
   vertex 1500.000 1400.000 -4.979
   vertex 1600.000 1500.000 -1.178
   vertex 1500.000 1500.000 -4.178
  endloop
 endfacet
 facet normal -0.029986 -0.008002 0.999518
  outer loop
   vertex 1600.000 1400.000 -1.979
   vertex 1700.000 1400.000 1.021
   vertex 1700.000 1500.000 1.822
  endloop
 endfacet
 facet normal -0.029986 -0.008002 0.999518
  outer loop
   vertex 1600.000 1400.000 -1.979
   vertex 1700.000 1500.000 1.822
   vertex 1600.000 1500.000 -1.178
  endloop
 endfacet
 facet normal -0.029986 -0.008002 0.999518
  outer loop
   vertex 1700.000 1400.000 1.021
   vertex 1800.000 1400.000 4.021
   vertex 1800.000 1500.000 4.822
  endloop
 endfacet
 facet normal -0.029986 -0.008002 0.999518
  outer loop
   vertex 1700.000 1400.000 1.021
   vertex 1800.000 1500.000 4.822
   vertex 1700.000 1500.000 1.822
  endloop
 endfacet
 facet normal -0.029986 -0.008002 0.999518
  outer loop
   vertex 1800.000 1400.000 4.021
   vertex 1900.000 1400.000 7.021
   vertex 1900.000 1500.000 7.822
  endloop
 endfacet
 facet normal -0.029986 -0.008002 0.999518
  outer loop
   vertex 1800.000 1400.000 4.021
   vertex 1900.000 1500.000 7.822
   vertex 1800.000 1500.000 4.822
  endloop
 endfacet
 facet normal -0.029986 -0.008002 0.999518
  outer loop
   vertex 1900.000 1400.000 7.021
   vertex 2000.000 1400.000 10.021
   vertex 2000.000 1500.000 10.822
  endloop
 endfacet
 facet normal -0.029986 -0.008002 0.999518
  outer loop
   vertex 1900.000 1400.000 7.021
   vertex 2000.000 1500.000 10.822
   vertex 1900.000 1500.000 7.822
  endloop
 endfacet
 facet normal -0.029974 -0.029094 0.999127
  outer loop
   vertex 0.000 1500.000 -49.178
   vertex 100.000 1500.000 -46.178
   vertex 100.000 1600.000 -43.267
  endloop
 endfacet
 facet normal -0.029974 -0.029094 0.999127
  outer loop
   vertex 0.000 1500.000 -49.178
   vertex 100.000 1600.000 -43.267
   vertex 0.000 1600.000 -46.267
  endloop
 endfacet
 facet normal -0.029974 -0.029094 0.999127
  outer loop
   vertex 100.000 1500.000 -46.178
   vertex 200.000 1500.000 -43.178
   vertex 200.000 1600.000 -40.267
  endloop
 endfacet
 facet normal -0.029974 -0.029094 0.999127
  outer loop
   vertex 100.000 1500.000 -46.178
   vertex 200.000 1600.000 -40.267
   vertex 100.000 1600.000 -43.267
  endloop
 endfacet
 facet normal -0.029974 -0.029094 0.999127
  outer loop
   vertex 200.000 1500.000 -43.178
   vertex 300.000 1500.000 -40.178
   vertex 300.000 1600.000 -37.267
  endloop
 endfacet
 facet normal -0.029974 -0.029094 0.999127
  outer loop
   vertex 200.000 1500.000 -43.178
   vertex 300.000 1600.000 -37.267
   vertex 200.000 1600.000 -40.267
  endloop
 endfacet
 facet normal -0.029974 -0.029094 0.999127
  outer loop
   vertex 300.000 1500.000 -40.178
   vertex 400.000 1500.000 -37.178
   vertex 400.000 1600.000 -34.267
  endloop
 endfacet
 facet normal -0.029974 -0.029094 0.999127
  outer loop
   vertex 300.000 1500.000 -40.178
   vertex 400.000 1600.000 -34.267
   vertex 300.000 1600.000 -37.267
  endloop
 endfacet
 facet normal -0.029974 -0.029094 0.999127
  outer loop
   vertex 400.000 1500.000 -37.178
   vertex 500.000 1500.000 -34.178
   vertex 500.000 1600.000 -31.267
  endloop
 endfacet
 facet normal -0.029974 -0.029094 0.999127
  outer loop
   vertex 400.000 1500.000 -37.178
   vertex 500.000 1600.000 -31.267
   vertex 400.000 1600.000 -34.267
  endloop
 endfacet
 facet normal -0.029974 -0.029094 0.999127
  outer loop
   vertex 500.000 1500.000 -34.178
   vertex 600.000 1500.000 -31.178
   vertex 600.000 1600.000 -28.267
  endloop
 endfacet
 facet normal -0.029974 -0.029094 0.999127
  outer loop
   vertex 500.000 1500.000 -34.178
   vertex 600.000 1600.000 -28.267
   vertex 500.000 1600.000 -31.267
  endloop
 endfacet
 facet normal -0.029974 -0.029094 0.999127
  outer loop
   vertex 600.000 1500.000 -31.178
   vertex 700.000 1500.000 -28.178
   vertex 700.000 1600.000 -25.267
  endloop
 endfacet
 facet normal -0.029974 -0.029094 0.999127
  outer loop
   vertex 600.000 1500.000 -31.178
   vertex 700.000 1600.000 -25.267
   vertex 600.000 1600.000 -28.267
  endloop
 endfacet
 facet normal -0.029974 -0.029094 0.999127
  outer loop
   vertex 700.000 1500.000 -28.178
   vertex 800.000 1500.000 -25.178
   vertex 800.000 1600.000 -22.267
  endloop
 endfacet
 facet normal -0.029974 -0.029094 0.999127
  outer loop
   vertex 700.000 1500.000 -28.178
   vertex 800.000 1600.000 -22.267
   vertex 700.000 1600.000 -25.267
  endloop
 endfacet
 facet normal -0.029974 -0.029094 0.999127
  outer loop
   vertex 800.000 1500.000 -25.178
   vertex 900.000 1500.000 -22.178
   vertex 900.000 1600.000 -19.267
  endloop
 endfacet
 facet normal -0.029974 -0.029094 0.999127
  outer loop
   vertex 800.000 1500.000 -25.178
   vertex 900.000 1600.000 -19.267
   vertex 800.000 1600.000 -22.267
  endloop
 endfacet
 facet normal -0.029974 -0.029094 0.999127
  outer loop
   vertex 900.000 1500.000 -22.178
   vertex 1000.000 1500.000 -19.178
   vertex 1000.000 1600.000 -16.267
  endloop
 endfacet
 facet normal -0.029974 -0.029094 0.999127
  outer loop
   vertex 900.000 1500.000 -22.178
   vertex 1000.000 1600.000 -16.267
   vertex 900.000 1600.000 -19.267
  endloop
 endfacet
 facet normal -0.029974 -0.029094 0.999127
  outer loop
   vertex 1000.000 1500.000 -19.178
   vertex 1100.000 1500.000 -16.178
   vertex 1100.000 1600.000 -13.267
  endloop
 endfacet
 facet normal -0.029974 -0.029094 0.999127
  outer loop
   vertex 1000.000 1500.000 -19.178
   vertex 1100.000 1600.000 -13.267
   vertex 1000.000 1600.000 -16.267
  endloop
 endfacet
 facet normal -0.029974 -0.029094 0.999127
  outer loop
   vertex 1100.000 1500.000 -16.178
   vertex 1200.000 1500.000 -13.178
   vertex 1200.000 1600.000 -10.267
  endloop
 endfacet
 facet normal -0.029974 -0.029094 0.999127
  outer loop
   vertex 1100.000 1500.000 -16.178
   vertex 1200.000 1600.000 -10.267
   vertex 1100.000 1600.000 -13.267
  endloop
 endfacet
 facet normal -0.029974 -0.029094 0.999127
  outer loop
   vertex 1200.000 1500.000 -13.178
   vertex 1300.000 1500.000 -10.178
   vertex 1300.000 1600.000 -7.267
  endloop
 endfacet
 facet normal -0.029974 -0.029094 0.999127
  outer loop
   vertex 1200.000 1500.000 -13.178
   vertex 1300.000 1600.000 -7.267
   vertex 1200.000 1600.000 -10.267
  endloop
 endfacet
 facet normal -0.029974 -0.029094 0.999127
  outer loop
   vertex 1300.000 1500.000 -10.178
   vertex 1400.000 1500.000 -7.178
   vertex 1400.000 1600.000 -4.267
  endloop
 endfacet
 facet normal -0.029974 -0.029094 0.999127
  outer loop
   vertex 1300.000 1500.000 -10.178
   vertex 1400.000 1600.000 -4.267
   vertex 1300.000 1600.000 -7.267
  endloop
 endfacet
 facet normal -0.029974 -0.029094 0.999127
  outer loop
   vertex 1400.000 1500.000 -7.178
   vertex 1500.000 1500.000 -4.178
   vertex 1500.000 1600.000 -1.267
  endloop
 endfacet
 facet normal -0.029974 -0.029094 0.999127
  outer loop
   vertex 1400.000 1500.000 -7.178
   vertex 1500.000 1600.000 -1.267
   vertex 1400.000 1600.000 -4.267
  endloop
 endfacet
 facet normal -0.029974 -0.029094 0.999127
  outer loop
   vertex 1500.000 1500.000 -4.178
   vertex 1600.000 1500.000 -1.178
   vertex 1600.000 1600.000 1.733
  endloop
 endfacet
 facet normal -0.029974 -0.029094 0.999127
  outer loop
   vertex 1500.000 1500.000 -4.178
   vertex 1600.000 1600.000 1.733
   vertex 1500.000 1600.000 -1.267
  endloop
 endfacet
 facet normal -0.029974 -0.029094 0.999127
  outer loop
   vertex 1600.000 1500.000 -1.178
   vertex 1700.000 1500.000 1.822
   vertex 1700.000 1600.000 4.733
  endloop
 endfacet
 facet normal -0.029974 -0.029094 0.999127
  outer loop
   vertex 1600.000 1500.000 -1.178
   vertex 1700.000 1600.000 4.733
   vertex 1600.000 1600.000 1.733
  endloop
 endfacet
 facet normal -0.029974 -0.029094 0.999127
  outer loop
   vertex 1700.000 1500.000 1.822
   vertex 1800.000 1500.000 4.822
   vertex 1800.000 1600.000 7.733
  endloop
 endfacet
 facet normal -0.029974 -0.029094 0.999127
  outer loop
   vertex 1700.000 1500.000 1.822
   vertex 1800.000 1600.000 7.733
   vertex 1700.000 1600.000 4.733
  endloop
 endfacet
 facet normal -0.029974 -0.029094 0.999127
  outer loop
   vertex 1800.000 1500.000 4.822
   vertex 1900.000 1500.000 7.822
   vertex 1900.000 1600.000 10.733
  endloop
 endfacet
 facet normal -0.029974 -0.029094 0.999127
  outer loop
   vertex 1800.000 1500.000 4.822
   vertex 1900.000 1600.000 10.733
   vertex 1800.000 1600.000 7.733
  endloop
 endfacet
 facet normal -0.029974 -0.029094 0.999127
  outer loop
   vertex 1900.000 1500.000 7.822
   vertex 2000.000 1500.000 10.822
   vertex 2000.000 1600.000 13.733
  endloop
 endfacet
 facet normal -0.029974 -0.029094 0.999127
  outer loop
   vertex 1900.000 1500.000 7.822
   vertex 2000.000 1600.000 13.733
   vertex 1900.000 1600.000 10.733
  endloop
 endfacet
 facet normal -0.029953 -0.046953 0.998448
  outer loop
   vertex 0.000 1600.000 -46.267
   vertex 100.000 1600.000 -43.267
   vertex 100.000 1700.000 -38.564
  endloop
 endfacet
 facet normal -0.029953 -0.046953 0.998448
  outer loop
   vertex 0.000 1600.000 -46.267
   vertex 100.000 1700.000 -38.564
   vertex 0.000 1700.000 -41.564
  endloop
 endfacet
 facet normal -0.029953 -0.046953 0.998448
  outer loop
   vertex 100.000 1600.000 -43.267
   vertex 200.000 1600.000 -40.267
   vertex 200.000 1700.000 -35.564
  endloop
 endfacet
 facet normal -0.029953 -0.046953 0.998448
  outer loop
   vertex 100.000 1600.000 -43.267
   vertex 200.000 1700.000 -35.564
   vertex 100.000 1700.000 -38.564
  endloop
 endfacet
 facet normal -0.029953 -0.046953 0.998448
  outer loop
   vertex 200.000 1600.000 -40.267
   vertex 300.000 1600.000 -37.267
   vertex 300.000 1700.000 -32.564
  endloop
 endfacet
 facet normal -0.029953 -0.046953 0.998448
  outer loop
   vertex 200.000 1600.000 -40.267
   vertex 300.000 1700.000 -32.564
   vertex 200.000 1700.000 -35.564
  endloop
 endfacet
 facet normal -0.029953 -0.046953 0.998448
  outer loop
   vertex 300.000 1600.000 -37.267
   vertex 400.000 1600.000 -34.267
   vertex 400.000 1700.000 -29.564
  endloop
 endfacet
 facet normal -0.029953 -0.046953 0.998448
  outer loop
   vertex 300.000 1600.000 -37.267
   vertex 400.000 1700.000 -29.564
   vertex 300.000 1700.000 -32.564
  endloop
 endfacet
 facet normal -0.029953 -0.046953 0.998448
  outer loop
   vertex 400.000 1600.000 -34.267
   vertex 500.000 1600.000 -31.267
   vertex 500.000 1700.000 -26.564
  endloop
 endfacet
 facet normal -0.029953 -0.046953 0.998448
  outer loop
   vertex 400.000 1600.000 -34.267
   vertex 500.000 1700.000 -26.564
   vertex 400.000 1700.000 -29.564
  endloop
 endfacet
 facet normal -0.029953 -0.046953 0.998448
  outer loop
   vertex 500.000 1600.000 -31.267
   vertex 600.000 1600.000 -28.267
   vertex 600.000 1700.000 -23.564
  endloop
 endfacet
 facet normal -0.029953 -0.046953 0.998448
  outer loop
   vertex 500.000 1600.000 -31.267
   vertex 600.000 1700.000 -23.564
   vertex 500.000 1700.000 -26.564
  endloop
 endfacet
 facet normal -0.029953 -0.046953 0.998448
  outer loop
   vertex 600.000 1600.000 -28.267
   vertex 700.000 1600.000 -25.267
   vertex 700.000 1700.000 -20.564
  endloop
 endfacet
 facet normal -0.029953 -0.046953 0.998448
  outer loop
   vertex 600.000 1600.000 -28.267
   vertex 700.000 1700.000 -20.564
   vertex 600.000 1700.000 -23.564
  endloop
 endfacet
 facet normal -0.029953 -0.046953 0.998448
  outer loop
   vertex 700.000 1600.000 -25.267
   vertex 800.000 1600.000 -22.267
   vertex 800.000 1700.000 -17.564
  endloop
 endfacet
 facet normal -0.029953 -0.046953 0.998448
  outer loop
   vertex 700.000 1600.000 -25.267
   vertex 800.000 1700.000 -17.564
   vertex 700.000 1700.000 -20.564
  endloop
 endfacet
 facet normal -0.029953 -0.046953 0.998448
  outer loop
   vertex 800.000 1600.000 -22.267
   vertex 900.000 1600.000 -19.267
   vertex 900.000 1700.000 -14.564
  endloop
 endfacet
 facet normal -0.029953 -0.046953 0.998448
  outer loop
   vertex 800.000 1600.000 -22.267
   vertex 900.000 1700.000 -14.564
   vertex 800.000 1700.000 -17.564
  endloop
 endfacet
 facet normal -0.029953 -0.046953 0.998448
  outer loop
   vertex 900.000 1600.000 -19.267
   vertex 1000.000 1600.000 -16.267
   vertex 1000.000 1700.000 -11.564
  endloop
 endfacet
 facet normal -0.029953 -0.046953 0.998448
  outer loop
   vertex 900.000 1600.000 -19.267
   vertex 1000.000 1700.000 -11.564
   vertex 900.000 1700.000 -14.564
  endloop
 endfacet
 facet normal -0.029953 -0.046953 0.998448
  outer loop
   vertex 1000.000 1600.000 -16.267
   vertex 1100.000 1600.000 -13.267
   vertex 1100.000 1700.000 -8.564
  endloop
 endfacet
 facet normal -0.029953 -0.046953 0.998448
  outer loop
   vertex 1000.000 1600.000 -16.267
   vertex 1100.000 1700.000 -8.564
   vertex 1000.000 1700.000 -11.564
  endloop
 endfacet
 facet normal -0.029953 -0.046953 0.998448
  outer loop
   vertex 1100.000 1600.000 -13.267
   vertex 1200.000 1600.000 -10.267
   vertex 1200.000 1700.000 -5.564
  endloop
 endfacet
 facet normal -0.029953 -0.046953 0.998448
  outer loop
   vertex 1100.000 1600.000 -13.267
   vertex 1200.000 1700.000 -5.564
   vertex 1100.000 1700.000 -8.564
  endloop
 endfacet
 facet normal -0.029953 -0.046953 0.998448
  outer loop
   vertex 1200.000 1600.000 -10.267
   vertex 1300.000 1600.000 -7.267
   vertex 1300.000 1700.000 -2.564
  endloop
 endfacet
 facet normal -0.029953 -0.046953 0.998448
  outer loop
   vertex 1200.000 1600.000 -10.267
   vertex 1300.000 1700.000 -2.564
   vertex 1200.000 1700.000 -5.564
  endloop
 endfacet
 facet normal -0.029953 -0.046953 0.998448
  outer loop
   vertex 1300.000 1600.000 -7.267
   vertex 1400.000 1600.000 -4.267
   vertex 1400.000 1700.000 0.436
  endloop
 endfacet
 facet normal -0.029953 -0.046953 0.998448
  outer loop
   vertex 1300.000 1600.000 -7.267
   vertex 1400.000 1700.000 0.436
   vertex 1300.000 1700.000 -2.564
  endloop
 endfacet
 facet normal -0.029953 -0.046953 0.998448
  outer loop
   vertex 1400.000 1600.000 -4.267
   vertex 1500.000 1600.000 -1.267
   vertex 1500.000 1700.000 3.436
  endloop
 endfacet
 facet normal -0.029953 -0.046953 0.998448
  outer loop
   vertex 1400.000 1600.000 -4.267
   vertex 1500.000 1700.000 3.436
   vertex 1400.000 1700.000 0.436
  endloop
 endfacet
 facet normal -0.029953 -0.046953 0.998448
  outer loop
   vertex 1500.000 1600.000 -1.267
   vertex 1600.000 1600.000 1.733
   vertex 1600.000 1700.000 6.436
  endloop
 endfacet
 facet normal -0.029953 -0.046953 0.998448
  outer loop
   vertex 1500.000 1600.000 -1.267
   vertex 1600.000 1700.000 6.436
   vertex 1500.000 1700.000 3.436
  endloop
 endfacet
 facet normal -0.029953 -0.046953 0.998448
  outer loop
   vertex 1600.000 1600.000 1.733
   vertex 1700.000 1600.000 4.733
   vertex 1700.000 1700.000 9.436
  endloop
 endfacet
 facet normal -0.029953 -0.046953 0.998448
  outer loop
   vertex 1600.000 1600.000 1.733
   vertex 1700.000 1700.000 9.436
   vertex 1600.000 1700.000 6.436
  endloop
 endfacet
 facet normal -0.029953 -0.046953 0.998448
  outer loop
   vertex 1700.000 1600.000 4.733
   vertex 1800.000 1600.000 7.733
   vertex 1800.000 1700.000 12.436
  endloop
 endfacet
 facet normal -0.029953 -0.046953 0.998448
  outer loop
   vertex 1700.000 1600.000 4.733
   vertex 1800.000 1700.000 12.436
   vertex 1700.000 1700.000 9.436
  endloop
 endfacet
 facet normal -0.029953 -0.046953 0.998448
  outer loop
   vertex 1800.000 1600.000 7.733
   vertex 1900.000 1600.000 10.733
   vertex 1900.000 1700.000 15.436
  endloop
 endfacet
 facet normal -0.029953 -0.046953 0.998448
  outer loop
   vertex 1800.000 1600.000 7.733
   vertex 1900.000 1700.000 15.436
   vertex 1800.000 1700.000 12.436
  endloop
 endfacet
 facet normal -0.029953 -0.046953 0.998448
  outer loop
   vertex 1900.000 1600.000 10.733
   vertex 2000.000 1600.000 13.733
   vertex 2000.000 1700.000 18.436
  endloop
 endfacet
 facet normal -0.029953 -0.046953 0.998448
  outer loop
   vertex 1900.000 1600.000 10.733
   vertex 2000.000 1700.000 18.436
   vertex 1900.000 1700.000 15.436
  endloop
 endfacet
 facet normal -0.029933 -0.059623 0.997772
  outer loop
   vertex 0.000 1700.000 -41.564
   vertex 100.000 1700.000 -38.564
   vertex 100.000 1800.000 -32.588
  endloop
 endfacet
 facet normal -0.029933 -0.059623 0.997772
  outer loop
   vertex 0.000 1700.000 -41.564
   vertex 100.000 1800.000 -32.588
   vertex 0.000 1800.000 -35.588
  endloop
 endfacet
 facet normal -0.029933 -0.059623 0.997772
  outer loop
   vertex 100.000 1700.000 -38.564
   vertex 200.000 1700.000 -35.564
   vertex 200.000 1800.000 -29.588
  endloop
 endfacet
 facet normal -0.029933 -0.059623 0.997772
  outer loop
   vertex 100.000 1700.000 -38.564
   vertex 200.000 1800.000 -29.588
   vertex 100.000 1800.000 -32.588
  endloop
 endfacet
 facet normal -0.029933 -0.059623 0.997772
  outer loop
   vertex 200.000 1700.000 -35.564
   vertex 300.000 1700.000 -32.564
   vertex 300.000 1800.000 -26.588
  endloop
 endfacet
 facet normal -0.029933 -0.059623 0.997772
  outer loop
   vertex 200.000 1700.000 -35.564
   vertex 300.000 1800.000 -26.588
   vertex 200.000 1800.000 -29.588
  endloop
 endfacet
 facet normal -0.029933 -0.059623 0.997772
  outer loop
   vertex 300.000 1700.000 -32.564
   vertex 400.000 1700.000 -29.564
   vertex 400.000 1800.000 -23.588
  endloop
 endfacet
 facet normal -0.029933 -0.059623 0.997772
  outer loop
   vertex 300.000 1700.000 -32.564
   vertex 400.000 1800.000 -23.588
   vertex 300.000 1800.000 -26.588
  endloop
 endfacet
 facet normal -0.029933 -0.059623 0.997772
  outer loop
   vertex 400.000 1700.000 -29.564
   vertex 500.000 1700.000 -26.564
   vertex 500.000 1800.000 -20.588
  endloop
 endfacet
 facet normal -0.029933 -0.059623 0.997772
  outer loop
   vertex 400.000 1700.000 -29.564
   vertex 500.000 1800.000 -20.588
   vertex 400.000 1800.000 -23.588
  endloop
 endfacet
 facet normal -0.029933 -0.059623 0.997772
  outer loop
   vertex 500.000 1700.000 -26.564
   vertex 600.000 1700.000 -23.564
   vertex 600.000 1800.000 -17.588
  endloop
 endfacet
 facet normal -0.029933 -0.059623 0.997772
  outer loop
   vertex 500.000 1700.000 -26.564
   vertex 600.000 1800.000 -17.588
   vertex 500.000 1800.000 -20.588
  endloop
 endfacet
 facet normal -0.029933 -0.059623 0.997772
  outer loop
   vertex 600.000 1700.000 -23.564
   vertex 700.000 1700.000 -20.564
   vertex 700.000 1800.000 -14.588
  endloop
 endfacet
 facet normal -0.029933 -0.059623 0.997772
  outer loop
   vertex 600.000 1700.000 -23.564
   vertex 700.000 1800.000 -14.588
   vertex 600.000 1800.000 -17.588
  endloop
 endfacet
 facet normal -0.029933 -0.059623 0.997772
  outer loop
   vertex 700.000 1700.000 -20.564
   vertex 800.000 1700.000 -17.564
   vertex 800.000 1800.000 -11.588
  endloop
 endfacet
 facet normal -0.029933 -0.059623 0.997772
  outer loop
   vertex 700.000 1700.000 -20.564
   vertex 800.000 1800.000 -11.588
   vertex 700.000 1800.000 -14.588
  endloop
 endfacet
 facet normal -0.029933 -0.059623 0.997772
  outer loop
   vertex 800.000 1700.000 -17.564
   vertex 900.000 1700.000 -14.564
   vertex 900.000 1800.000 -8.588
  endloop
 endfacet
 facet normal -0.029933 -0.059623 0.997772
  outer loop
   vertex 800.000 1700.000 -17.564
   vertex 900.000 1800.000 -8.588
   vertex 800.000 1800.000 -11.588
  endloop
 endfacet
 facet normal -0.029933 -0.059623 0.997772
  outer loop
   vertex 900.000 1700.000 -14.564
   vertex 1000.000 1700.000 -11.564
   vertex 1000.000 1800.000 -5.588
  endloop
 endfacet
 facet normal -0.029933 -0.059623 0.997772
  outer loop
   vertex 900.000 1700.000 -14.564
   vertex 1000.000 1800.000 -5.588
   vertex 900.000 1800.000 -8.588
  endloop
 endfacet
 facet normal -0.029933 -0.059623 0.997772
  outer loop
   vertex 1000.000 1700.000 -11.564
   vertex 1100.000 1700.000 -8.564
   vertex 1100.000 1800.000 -2.588
  endloop
 endfacet
 facet normal -0.029933 -0.059623 0.997772
  outer loop
   vertex 1000.000 1700.000 -11.564
   vertex 1100.000 1800.000 -2.588
   vertex 1000.000 1800.000 -5.588
  endloop
 endfacet
 facet normal -0.029933 -0.059623 0.997772
  outer loop
   vertex 1100.000 1700.000 -8.564
   vertex 1200.000 1700.000 -5.564
   vertex 1200.000 1800.000 0.412
  endloop
 endfacet
 facet normal -0.029933 -0.059623 0.997772
  outer loop
   vertex 1100.000 1700.000 -8.564
   vertex 1200.000 1800.000 0.412
   vertex 1100.000 1800.000 -2.588
  endloop
 endfacet
 facet normal -0.029933 -0.059623 0.997772
  outer loop
   vertex 1200.000 1700.000 -5.564
   vertex 1300.000 1700.000 -2.564
   vertex 1300.000 1800.000 3.412
  endloop
 endfacet
 facet normal -0.029933 -0.059623 0.997772
  outer loop
   vertex 1200.000 1700.000 -5.564
   vertex 1300.000 1800.000 3.412
   vertex 1200.000 1800.000 0.412
  endloop
 endfacet
 facet normal -0.029933 -0.059623 0.997772
  outer loop
   vertex 1300.000 1700.000 -2.564
   vertex 1400.000 1700.000 0.436
   vertex 1400.000 1800.000 6.412
  endloop
 endfacet
 facet normal -0.029933 -0.059623 0.997772
  outer loop
   vertex 1300.000 1700.000 -2.564
   vertex 1400.000 1800.000 6.412
   vertex 1300.000 1800.000 3.412
  endloop
 endfacet
 facet normal -0.029933 -0.059623 0.997772
  outer loop
   vertex 1400.000 1700.000 0.436
   vertex 1500.000 1700.000 3.436
   vertex 1500.000 1800.000 9.412
  endloop
 endfacet
 facet normal -0.029933 -0.059623 0.997772
  outer loop
   vertex 1400.000 1700.000 0.436
   vertex 1500.000 1800.000 9.412
   vertex 1400.000 1800.000 6.412
  endloop
 endfacet
 facet normal -0.029933 -0.059623 0.997772
  outer loop
   vertex 1500.000 1700.000 3.436
   vertex 1600.000 1700.000 6.436
   vertex 1600.000 1800.000 12.412
  endloop
 endfacet
 facet normal -0.029933 -0.059623 0.997772
  outer loop
   vertex 1500.000 1700.000 3.436
   vertex 1600.000 1800.000 12.412
   vertex 1500.000 1800.000 9.412
  endloop
 endfacet
 facet normal -0.029933 -0.059623 0.997772
  outer loop
   vertex 1600.000 1700.000 6.436
   vertex 1700.000 1700.000 9.436
   vertex 1700.000 1800.000 15.412
  endloop
 endfacet
 facet normal -0.029933 -0.059623 0.997772
  outer loop
   vertex 1600.000 1700.000 6.436
   vertex 1700.000 1800.000 15.412
   vertex 1600.000 1800.000 12.412
  endloop
 endfacet
 facet normal -0.029933 -0.059623 0.997772
  outer loop
   vertex 1700.000 1700.000 9.436
   vertex 1800.000 1700.000 12.436
   vertex 1800.000 1800.000 18.412
  endloop
 endfacet
 facet normal -0.029933 -0.059623 0.997772
  outer loop
   vertex 1700.000 1700.000 9.436
   vertex 1800.000 1800.000 18.412
   vertex 1700.000 1800.000 15.412
  endloop
 endfacet
 facet normal -0.029933 -0.059623 0.997772
  outer loop
   vertex 1800.000 1700.000 12.436
   vertex 1900.000 1700.000 15.436
   vertex 1900.000 1800.000 21.412
  endloop
 endfacet
 facet normal -0.029933 -0.059623 0.997772
  outer loop
   vertex 1800.000 1700.000 12.436
   vertex 1900.000 1800.000 21.412
   vertex 1800.000 1800.000 18.412
  endloop
 endfacet
 facet normal -0.029933 -0.059623 0.997772
  outer loop
   vertex 1900.000 1700.000 15.436
   vertex 2000.000 1700.000 18.436
   vertex 2000.000 1800.000 24.412
  endloop
 endfacet
 facet normal -0.029933 -0.059623 0.997772
  outer loop
   vertex 1900.000 1700.000 15.436
   vertex 2000.000 1800.000 24.412
   vertex 1900.000 1800.000 21.412
  endloop
 endfacet
 facet normal -0.029922 -0.065736 0.997388
  outer loop
   vertex 0.000 1800.000 -35.588
   vertex 100.000 1800.000 -32.588
   vertex 100.000 1900.000 -25.997
  endloop
 endfacet
 facet normal -0.029922 -0.065736 0.997388
  outer loop
   vertex 0.000 1800.000 -35.588
   vertex 100.000 1900.000 -25.997
   vertex 0.000 1900.000 -28.997
  endloop
 endfacet
 facet normal -0.029922 -0.065736 0.997388
  outer loop
   vertex 100.000 1800.000 -32.588
   vertex 200.000 1800.000 -29.588
   vertex 200.000 1900.000 -22.997
  endloop
 endfacet
 facet normal -0.029922 -0.065736 0.997388
  outer loop
   vertex 100.000 1800.000 -32.588
   vertex 200.000 1900.000 -22.997
   vertex 100.000 1900.000 -25.997
  endloop
 endfacet
 facet normal -0.029922 -0.065736 0.997388
  outer loop
   vertex 200.000 1800.000 -29.588
   vertex 300.000 1800.000 -26.588
   vertex 300.000 1900.000 -19.997
  endloop
 endfacet
 facet normal -0.029922 -0.065736 0.997388
  outer loop
   vertex 200.000 1800.000 -29.588
   vertex 300.000 1900.000 -19.997
   vertex 200.000 1900.000 -22.997
  endloop
 endfacet
 facet normal -0.029922 -0.065736 0.997388
  outer loop
   vertex 300.000 1800.000 -26.588
   vertex 400.000 1800.000 -23.588
   vertex 400.000 1900.000 -16.997
  endloop
 endfacet
 facet normal -0.029922 -0.065736 0.997388
  outer loop
   vertex 300.000 1800.000 -26.588
   vertex 400.000 1900.000 -16.997
   vertex 300.000 1900.000 -19.997
  endloop
 endfacet
 facet normal -0.029922 -0.065736 0.997388
  outer loop
   vertex 400.000 1800.000 -23.588
   vertex 500.000 1800.000 -20.588
   vertex 500.000 1900.000 -13.997
  endloop
 endfacet
 facet normal -0.029922 -0.065736 0.997388
  outer loop
   vertex 400.000 1800.000 -23.588
   vertex 500.000 1900.000 -13.997
   vertex 400.000 1900.000 -16.997
  endloop
 endfacet
 facet normal -0.029922 -0.065736 0.997388
  outer loop
   vertex 500.000 1800.000 -20.588
   vertex 600.000 1800.000 -17.588
   vertex 600.000 1900.000 -10.997
  endloop
 endfacet
 facet normal -0.029922 -0.065736 0.997388
  outer loop
   vertex 500.000 1800.000 -20.588
   vertex 600.000 1900.000 -10.997
   vertex 500.000 1900.000 -13.997
  endloop
 endfacet
 facet normal -0.029922 -0.065736 0.997388
  outer loop
   vertex 600.000 1800.000 -17.588
   vertex 700.000 1800.000 -14.588
   vertex 700.000 1900.000 -7.997
  endloop
 endfacet
 facet normal -0.029922 -0.065736 0.997388
  outer loop
   vertex 600.000 1800.000 -17.588
   vertex 700.000 1900.000 -7.997
   vertex 600.000 1900.000 -10.997
  endloop
 endfacet
 facet normal -0.029922 -0.065736 0.997388
  outer loop
   vertex 700.000 1800.000 -14.588
   vertex 800.000 1800.000 -11.588
   vertex 800.000 1900.000 -4.997
  endloop
 endfacet
 facet normal -0.029922 -0.065736 0.997388
  outer loop
   vertex 700.000 1800.000 -14.588
   vertex 800.000 1900.000 -4.997
   vertex 700.000 1900.000 -7.997
  endloop
 endfacet
 facet normal -0.029922 -0.065736 0.997388
  outer loop
   vertex 800.000 1800.000 -11.588
   vertex 900.000 1800.000 -8.588
   vertex 900.000 1900.000 -1.997
  endloop
 endfacet
 facet normal -0.029922 -0.065736 0.997388
  outer loop
   vertex 800.000 1800.000 -11.588
   vertex 900.000 1900.000 -1.997
   vertex 800.000 1900.000 -4.997
  endloop
 endfacet
 facet normal -0.029922 -0.065736 0.997388
  outer loop
   vertex 900.000 1800.000 -8.588
   vertex 1000.000 1800.000 -5.588
   vertex 1000.000 1900.000 1.003
  endloop
 endfacet
 facet normal -0.029922 -0.065736 0.997388
  outer loop
   vertex 900.000 1800.000 -8.588
   vertex 1000.000 1900.000 1.003
   vertex 900.000 1900.000 -1.997
  endloop
 endfacet
 facet normal -0.029922 -0.065736 0.997388
  outer loop
   vertex 1000.000 1800.000 -5.588
   vertex 1100.000 1800.000 -2.588
   vertex 1100.000 1900.000 4.003
  endloop
 endfacet
 facet normal -0.029922 -0.065736 0.997388
  outer loop
   vertex 1000.000 1800.000 -5.588
   vertex 1100.000 1900.000 4.003
   vertex 1000.000 1900.000 1.003
  endloop
 endfacet
 facet normal -0.029922 -0.065736 0.997388
  outer loop
   vertex 1100.000 1800.000 -2.588
   vertex 1200.000 1800.000 0.412
   vertex 1200.000 1900.000 7.003
  endloop
 endfacet
 facet normal -0.029922 -0.065736 0.997388
  outer loop
   vertex 1100.000 1800.000 -2.588
   vertex 1200.000 1900.000 7.003
   vertex 1100.000 1900.000 4.003
  endloop
 endfacet
 facet normal -0.029922 -0.065736 0.997388
  outer loop
   vertex 1200.000 1800.000 0.412
   vertex 1300.000 1800.000 3.412
   vertex 1300.000 1900.000 10.003
  endloop
 endfacet
 facet normal -0.029922 -0.065736 0.997388
  outer loop
   vertex 1200.000 1800.000 0.412
   vertex 1300.000 1900.000 10.003
   vertex 1200.000 1900.000 7.003
  endloop
 endfacet
 facet normal -0.029922 -0.065736 0.997388
  outer loop
   vertex 1300.000 1800.000 3.412
   vertex 1400.000 1800.000 6.412
   vertex 1400.000 1900.000 13.003
  endloop
 endfacet
 facet normal -0.029922 -0.065736 0.997388
  outer loop
   vertex 1300.000 1800.000 3.412
   vertex 1400.000 1900.000 13.003
   vertex 1300.000 1900.000 10.003
  endloop
 endfacet
 facet normal -0.029922 -0.065736 0.997388
  outer loop
   vertex 1400.000 1800.000 6.412
   vertex 1500.000 1800.000 9.412
   vertex 1500.000 1900.000 16.003
  endloop
 endfacet
 facet normal -0.029922 -0.065736 0.997388
  outer loop
   vertex 1400.000 1800.000 6.412
   vertex 1500.000 1900.000 16.003
   vertex 1400.000 1900.000 13.003
  endloop
 endfacet
 facet normal -0.029922 -0.065736 0.997388
  outer loop
   vertex 1500.000 1800.000 9.412
   vertex 1600.000 1800.000 12.412
   vertex 1600.000 1900.000 19.003
  endloop
 endfacet
 facet normal -0.029922 -0.065736 0.997388
  outer loop
   vertex 1500.000 1800.000 9.412
   vertex 1600.000 1900.000 19.003
   vertex 1500.000 1900.000 16.003
  endloop
 endfacet
 facet normal -0.029922 -0.065736 0.997388
  outer loop
   vertex 1600.000 1800.000 12.412
   vertex 1700.000 1800.000 15.412
   vertex 1700.000 1900.000 22.003
  endloop
 endfacet
 facet normal -0.029922 -0.065736 0.997388
  outer loop
   vertex 1600.000 1800.000 12.412
   vertex 1700.000 1900.000 22.003
   vertex 1600.000 1900.000 19.003
  endloop
 endfacet
 facet normal -0.029922 -0.065736 0.997388
  outer loop
   vertex 1700.000 1800.000 15.412
   vertex 1800.000 1800.000 18.412
   vertex 1800.000 1900.000 25.003
  endloop
 endfacet
 facet normal -0.029922 -0.065736 0.997388
  outer loop
   vertex 1700.000 1800.000 15.412
   vertex 1800.000 1900.000 25.003
   vertex 1700.000 1900.000 22.003
  endloop
 endfacet
 facet normal -0.029922 -0.065736 0.997388
  outer loop
   vertex 1800.000 1800.000 18.412
   vertex 1900.000 1800.000 21.412
   vertex 1900.000 1900.000 28.003
  endloop
 endfacet
 facet normal -0.029922 -0.065736 0.997388
  outer loop
   vertex 1800.000 1800.000 18.412
   vertex 1900.000 1900.000 28.003
   vertex 1800.000 1900.000 25.003
  endloop
 endfacet
 facet normal -0.029922 -0.065736 0.997388
  outer loop
   vertex 1900.000 1800.000 21.412
   vertex 2000.000 1800.000 24.412
   vertex 2000.000 1900.000 31.003
  endloop
 endfacet
 facet normal -0.029922 -0.065736 0.997388
  outer loop
   vertex 1900.000 1800.000 21.412
   vertex 2000.000 1900.000 31.003
   vertex 1900.000 1900.000 28.003
  endloop
 endfacet
 facet normal -0.029924 -0.064640 0.997460
  outer loop
   vertex 0.000 1900.000 -28.997
   vertex 100.000 1900.000 -25.997
   vertex 100.000 2000.000 -19.517
  endloop
 endfacet
 facet normal -0.029924 -0.064640 0.997460
  outer loop
   vertex 0.000 1900.000 -28.997
   vertex 100.000 2000.000 -19.517
   vertex 0.000 2000.000 -22.517
  endloop
 endfacet
 facet normal -0.029924 -0.064640 0.997460
  outer loop
   vertex 100.000 1900.000 -25.997
   vertex 200.000 1900.000 -22.997
   vertex 200.000 2000.000 -16.517
  endloop
 endfacet
 facet normal -0.029924 -0.064640 0.997460
  outer loop
   vertex 100.000 1900.000 -25.997
   vertex 200.000 2000.000 -16.517
   vertex 100.000 2000.000 -19.517
  endloop
 endfacet
 facet normal -0.029924 -0.064640 0.997460
  outer loop
   vertex 200.000 1900.000 -22.997
   vertex 300.000 1900.000 -19.997
   vertex 300.000 2000.000 -13.517
  endloop
 endfacet
 facet normal -0.029924 -0.064640 0.997460
  outer loop
   vertex 200.000 1900.000 -22.997
   vertex 300.000 2000.000 -13.517
   vertex 200.000 2000.000 -16.517
  endloop
 endfacet
 facet normal -0.029924 -0.064640 0.997460
  outer loop
   vertex 300.000 1900.000 -19.997
   vertex 400.000 1900.000 -16.997
   vertex 400.000 2000.000 -10.517
  endloop
 endfacet
 facet normal -0.029924 -0.064640 0.997460
  outer loop
   vertex 300.000 1900.000 -19.997
   vertex 400.000 2000.000 -10.517
   vertex 300.000 2000.000 -13.517
  endloop
 endfacet
 facet normal -0.029924 -0.064640 0.997460
  outer loop
   vertex 400.000 1900.000 -16.997
   vertex 500.000 1900.000 -13.997
   vertex 500.000 2000.000 -7.517
  endloop
 endfacet
 facet normal -0.029924 -0.064640 0.997460
  outer loop
   vertex 400.000 1900.000 -16.997
   vertex 500.000 2000.000 -7.517
   vertex 400.000 2000.000 -10.517
  endloop
 endfacet
 facet normal -0.029924 -0.064640 0.997460
  outer loop
   vertex 500.000 1900.000 -13.997
   vertex 600.000 1900.000 -10.997
   vertex 600.000 2000.000 -4.517
  endloop
 endfacet
 facet normal -0.029924 -0.064640 0.997460
  outer loop
   vertex 500.000 1900.000 -13.997
   vertex 600.000 2000.000 -4.517
   vertex 500.000 2000.000 -7.517
  endloop
 endfacet
 facet normal -0.029924 -0.064640 0.997460
  outer loop
   vertex 600.000 1900.000 -10.997
   vertex 700.000 1900.000 -7.997
   vertex 700.000 2000.000 -1.517
  endloop
 endfacet
 facet normal -0.029924 -0.064640 0.997460
  outer loop
   vertex 600.000 1900.000 -10.997
   vertex 700.000 2000.000 -1.517
   vertex 600.000 2000.000 -4.517
  endloop
 endfacet
 facet normal -0.029924 -0.064640 0.997460
  outer loop
   vertex 700.000 1900.000 -7.997
   vertex 800.000 1900.000 -4.997
   vertex 800.000 2000.000 1.483
  endloop
 endfacet
 facet normal -0.029924 -0.064640 0.997460
  outer loop
   vertex 700.000 1900.000 -7.997
   vertex 800.000 2000.000 1.483
   vertex 700.000 2000.000 -1.517
  endloop
 endfacet
 facet normal -0.029924 -0.064640 0.997460
  outer loop
   vertex 800.000 1900.000 -4.997
   vertex 900.000 1900.000 -1.997
   vertex 900.000 2000.000 4.483
  endloop
 endfacet
 facet normal -0.029924 -0.064640 0.997460
  outer loop
   vertex 800.000 1900.000 -4.997
   vertex 900.000 2000.000 4.483
   vertex 800.000 2000.000 1.483
  endloop
 endfacet
 facet normal -0.029924 -0.064640 0.997460
  outer loop
   vertex 900.000 1900.000 -1.997
   vertex 1000.000 1900.000 1.003
   vertex 1000.000 2000.000 7.483
  endloop
 endfacet
 facet normal -0.029924 -0.064640 0.997460
  outer loop
   vertex 900.000 1900.000 -1.997
   vertex 1000.000 2000.000 7.483
   vertex 900.000 2000.000 4.483
  endloop
 endfacet
 facet normal -0.029924 -0.064640 0.997460
  outer loop
   vertex 1000.000 1900.000 1.003
   vertex 1100.000 1900.000 4.003
   vertex 1100.000 2000.000 10.483
  endloop
 endfacet
 facet normal -0.029924 -0.064640 0.997460
  outer loop
   vertex 1000.000 1900.000 1.003
   vertex 1100.000 2000.000 10.483
   vertex 1000.000 2000.000 7.483
  endloop
 endfacet
 facet normal -0.029924 -0.064640 0.997460
  outer loop
   vertex 1100.000 1900.000 4.003
   vertex 1200.000 1900.000 7.003
   vertex 1200.000 2000.000 13.483
  endloop
 endfacet
 facet normal -0.029924 -0.064640 0.997460
  outer loop
   vertex 1100.000 1900.000 4.003
   vertex 1200.000 2000.000 13.483
   vertex 1100.000 2000.000 10.483
  endloop
 endfacet
 facet normal -0.029924 -0.064640 0.997460
  outer loop
   vertex 1200.000 1900.000 7.003
   vertex 1300.000 1900.000 10.003
   vertex 1300.000 2000.000 16.483
  endloop
 endfacet
 facet normal -0.029924 -0.064640 0.997460
  outer loop
   vertex 1200.000 1900.000 7.003
   vertex 1300.000 2000.000 16.483
   vertex 1200.000 2000.000 13.483
  endloop
 endfacet
 facet normal -0.029924 -0.064640 0.997460
  outer loop
   vertex 1300.000 1900.000 10.003
   vertex 1400.000 1900.000 13.003
   vertex 1400.000 2000.000 19.483
  endloop
 endfacet
 facet normal -0.029924 -0.064640 0.997460
  outer loop
   vertex 1300.000 1900.000 10.003
   vertex 1400.000 2000.000 19.483
   vertex 1300.000 2000.000 16.483
  endloop
 endfacet
 facet normal -0.029924 -0.064640 0.997460
  outer loop
   vertex 1400.000 1900.000 13.003
   vertex 1500.000 1900.000 16.003
   vertex 1500.000 2000.000 22.483
  endloop
 endfacet
 facet normal -0.029924 -0.064640 0.997460
  outer loop
   vertex 1400.000 1900.000 13.003
   vertex 1500.000 2000.000 22.483
   vertex 1400.000 2000.000 19.483
  endloop
 endfacet
 facet normal -0.029924 -0.064640 0.997460
  outer loop
   vertex 1500.000 1900.000 16.003
   vertex 1600.000 1900.000 19.003
   vertex 1600.000 2000.000 25.483
  endloop
 endfacet
 facet normal -0.029924 -0.064640 0.997460
  outer loop
   vertex 1500.000 1900.000 16.003
   vertex 1600.000 2000.000 25.483
   vertex 1500.000 2000.000 22.483
  endloop
 endfacet
 facet normal -0.029924 -0.064640 0.997460
  outer loop
   vertex 1600.000 1900.000 19.003
   vertex 1700.000 1900.000 22.003
   vertex 1700.000 2000.000 28.483
  endloop
 endfacet
 facet normal -0.029924 -0.064640 0.997460
  outer loop
   vertex 1600.000 1900.000 19.003
   vertex 1700.000 2000.000 28.483
   vertex 1600.000 2000.000 25.483
  endloop
 endfacet
 facet normal -0.029924 -0.064640 0.997460
  outer loop
   vertex 1700.000 1900.000 22.003
   vertex 1800.000 1900.000 25.003
   vertex 1800.000 2000.000 31.483
  endloop
 endfacet
 facet normal -0.029924 -0.064640 0.997460
  outer loop
   vertex 1700.000 1900.000 22.003
   vertex 1800.000 2000.000 31.483
   vertex 1700.000 2000.000 28.483
  endloop
 endfacet
 facet normal -0.029924 -0.064640 0.997460
  outer loop
   vertex 1800.000 1900.000 25.003
   vertex 1900.000 1900.000 28.003
   vertex 1900.000 2000.000 34.483
  endloop
 endfacet
 facet normal -0.029924 -0.064640 0.997460
  outer loop
   vertex 1800.000 1900.000 25.003
   vertex 1900.000 2000.000 34.483
   vertex 1800.000 2000.000 31.483
  endloop
 endfacet
 facet normal -0.029924 -0.064640 0.997460
  outer loop
   vertex 1900.000 1900.000 28.003
   vertex 2000.000 1900.000 31.003
   vertex 2000.000 2000.000 37.483
  endloop
 endfacet
 facet normal -0.029924 -0.064640 0.997460
  outer loop
   vertex 1900.000 1900.000 28.003
   vertex 2000.000 2000.000 37.483
   vertex 1900.000 2000.000 34.483
  endloop
 endfacet
endsolid top
solid bedrock_top
 facet normal 0.024939 0.065279 -0.997555
  outer loop
   vertex 0.000 0.000 -32.000
   vertex 100.000 100.000 -22.956
   vertex 100.000 0.000 -29.500
  endloop
 endfacet
 facet normal 0.024939 0.065279 -0.997555
  outer loop
   vertex 0.000 0.000 -32.000
   vertex 0.000 100.000 -25.456
   vertex 100.000 100.000 -22.956
  endloop
 endfacet
 facet normal 0.024939 0.065279 -0.997555
  outer loop
   vertex 100.000 0.000 -29.500
   vertex 200.000 100.000 -20.456
   vertex 200.000 0.000 -27.000
  endloop
 endfacet
 facet normal 0.024939 0.065279 -0.997555
  outer loop
   vertex 100.000 0.000 -29.500
   vertex 100.000 100.000 -22.956
   vertex 200.000 100.000 -20.456
  endloop
 endfacet
 facet normal 0.024939 0.065279 -0.997555
  outer loop
   vertex 200.000 0.000 -27.000
   vertex 300.000 100.000 -17.956
   vertex 300.000 0.000 -24.500
  endloop
 endfacet
 facet normal 0.024939 0.065279 -0.997555
  outer loop
   vertex 200.000 0.000 -27.000
   vertex 200.000 100.000 -20.456
   vertex 300.000 100.000 -17.956
  endloop
 endfacet
 facet normal 0.024939 0.065279 -0.997555
  outer loop
   vertex 300.000 0.000 -24.500
   vertex 400.000 100.000 -15.456
   vertex 400.000 0.000 -22.000
  endloop
 endfacet
 facet normal 0.024939 0.065279 -0.997555
  outer loop
   vertex 300.000 0.000 -24.500
   vertex 300.000 100.000 -17.956
   vertex 400.000 100.000 -15.456
  endloop
 endfacet
 facet normal 0.024939 0.065279 -0.997555
  outer loop
   vertex 400.000 0.000 -22.000
   vertex 500.000 100.000 -12.956
   vertex 500.000 0.000 -19.500
  endloop
 endfacet
 facet normal 0.024939 0.065279 -0.997555
  outer loop
   vertex 400.000 0.000 -22.000
   vertex 400.000 100.000 -15.456
   vertex 500.000 100.000 -12.956
  endloop
 endfacet
 facet normal 0.024939 0.065279 -0.997555
  outer loop
   vertex 500.000 0.000 -19.500
   vertex 600.000 100.000 -10.456
   vertex 600.000 0.000 -17.000
  endloop
 endfacet
 facet normal 0.024939 0.065279 -0.997555
  outer loop
   vertex 500.000 0.000 -19.500
   vertex 500.000 100.000 -12.956
   vertex 600.000 100.000 -10.456
  endloop
 endfacet
 facet normal 0.024939 0.065279 -0.997555
  outer loop
   vertex 600.000 0.000 -17.000
   vertex 700.000 100.000 -7.956
   vertex 700.000 0.000 -14.500
  endloop
 endfacet
 facet normal 0.024939 0.065279 -0.997555
  outer loop
   vertex 600.000 0.000 -17.000
   vertex 600.000 100.000 -10.456
   vertex 700.000 100.000 -7.956
  endloop
 endfacet
 facet normal 0.024939 0.065279 -0.997555
  outer loop
   vertex 700.000 0.000 -14.500
   vertex 800.000 100.000 -5.456
   vertex 800.000 0.000 -12.000
  endloop
 endfacet
 facet normal 0.024939 0.065279 -0.997555
  outer loop
   vertex 700.000 0.000 -14.500
   vertex 700.000 100.000 -7.956
   vertex 800.000 100.000 -5.456
  endloop
 endfacet
 facet normal 0.024939 0.065279 -0.997555
  outer loop
   vertex 800.000 0.000 -12.000
   vertex 900.000 100.000 -2.956
   vertex 900.000 0.000 -9.500
  endloop
 endfacet
 facet normal 0.024939 0.065279 -0.997555
  outer loop
   vertex 800.000 0.000 -12.000
   vertex 800.000 100.000 -5.456
   vertex 900.000 100.000 -2.956
  endloop
 endfacet
 facet normal 0.024939 0.065279 -0.997555
  outer loop
   vertex 900.000 0.000 -9.500
   vertex 1000.000 100.000 -0.456
   vertex 1000.000 0.000 -7.000
  endloop
 endfacet
 facet normal 0.024939 0.065279 -0.997555
  outer loop
   vertex 900.000 0.000 -9.500
   vertex 900.000 100.000 -2.956
   vertex 1000.000 100.000 -0.456
  endloop
 endfacet
 facet normal 0.024939 0.065279 -0.997555
  outer loop
   vertex 1000.000 0.000 -7.000
   vertex 1100.000 100.000 2.044
   vertex 1100.000 0.000 -4.500
  endloop
 endfacet
 facet normal 0.024939 0.065279 -0.997555
  outer loop
   vertex 1000.000 0.000 -7.000
   vertex 1000.000 100.000 -0.456
   vertex 1100.000 100.000 2.044
  endloop
 endfacet
 facet normal 0.024939 0.065279 -0.997555
  outer loop
   vertex 1100.000 0.000 -4.500
   vertex 1200.000 100.000 4.544
   vertex 1200.000 0.000 -2.000
  endloop
 endfacet
 facet normal 0.024939 0.065279 -0.997555
  outer loop
   vertex 1100.000 0.000 -4.500
   vertex 1100.000 100.000 2.044
   vertex 1200.000 100.000 4.544
  endloop
 endfacet
 facet normal 0.024939 0.065279 -0.997555
  outer loop
   vertex 1200.000 0.000 -2.000
   vertex 1300.000 100.000 7.044
   vertex 1300.000 0.000 0.500
  endloop
 endfacet
 facet normal 0.024939 0.065279 -0.997555
  outer loop
   vertex 1200.000 0.000 -2.000
   vertex 1200.000 100.000 4.544
   vertex 1300.000 100.000 7.044
  endloop
 endfacet
 facet normal 0.024939 0.065279 -0.997555
  outer loop
   vertex 1300.000 0.000 0.500
   vertex 1400.000 100.000 9.544
   vertex 1400.000 0.000 3.000
  endloop
 endfacet
 facet normal 0.024939 0.065279 -0.997555
  outer loop
   vertex 1300.000 0.000 0.500
   vertex 1300.000 100.000 7.044
   vertex 1400.000 100.000 9.544
  endloop
 endfacet
 facet normal 0.024939 0.065279 -0.997555
  outer loop
   vertex 1400.000 0.000 3.000
   vertex 1500.000 100.000 12.044
   vertex 1500.000 0.000 5.500
  endloop
 endfacet
 facet normal 0.024939 0.065279 -0.997555
  outer loop
   vertex 1400.000 0.000 3.000
   vertex 1400.000 100.000 9.544
   vertex 1500.000 100.000 12.044
  endloop
 endfacet
 facet normal 0.024939 0.065279 -0.997555
  outer loop
   vertex 1500.000 0.000 5.500
   vertex 1600.000 100.000 14.544
   vertex 1600.000 0.000 8.000
  endloop
 endfacet
 facet normal 0.024939 0.065279 -0.997555
  outer loop
   vertex 1500.000 0.000 5.500
   vertex 1500.000 100.000 12.044
   vertex 1600.000 100.000 14.544
  endloop
 endfacet
 facet normal 0.024939 0.065279 -0.997555
  outer loop
   vertex 1600.000 0.000 8.000
   vertex 1700.000 100.000 17.044
   vertex 1700.000 0.000 10.500
  endloop
 endfacet
 facet normal 0.024939 0.065279 -0.997555
  outer loop
   vertex 1600.000 0.000 8.000
   vertex 1600.000 100.000 14.544
   vertex 1700.000 100.000 17.044
  endloop
 endfacet
 facet normal 0.024939 0.065279 -0.997555
  outer loop
   vertex 1700.000 0.000 10.500
   vertex 1800.000 100.000 19.544
   vertex 1800.000 0.000 13.000
  endloop
 endfacet
 facet normal 0.024939 0.065279 -0.997555
  outer loop
   vertex 1700.000 0.000 10.500
   vertex 1700.000 100.000 17.044
   vertex 1800.000 100.000 19.544
  endloop
 endfacet
 facet normal 0.024939 0.065279 -0.997555
  outer loop
   vertex 1800.000 0.000 13.000
   vertex 1900.000 100.000 22.044
   vertex 1900.000 0.000 15.500
  endloop
 endfacet
 facet normal 0.024939 0.065279 -0.997555
  outer loop
   vertex 1800.000 0.000 13.000
   vertex 1800.000 100.000 19.544
   vertex 1900.000 100.000 22.044
  endloop
 endfacet
 facet normal 0.024939 0.065279 -0.997555
  outer loop
   vertex 1900.000 0.000 15.500
   vertex 2000.000 100.000 24.544
   vertex 2000.000 0.000 18.000
  endloop
 endfacet
 facet normal 0.024939 0.065279 -0.997555
  outer loop
   vertex 1900.000 0.000 15.500
   vertex 1900.000 100.000 22.044
   vertex 2000.000 100.000 24.544
  endloop
 endfacet
 facet normal 0.024950 0.058118 -0.997998
  outer loop
   vertex 0.000 100.000 -25.456
   vertex 100.000 200.000 -17.133
   vertex 100.000 100.000 -22.956
  endloop
 endfacet
 facet normal 0.024950 0.058118 -0.997998
  outer loop
   vertex 0.000 100.000 -25.456
   vertex 0.000 200.000 -19.633
   vertex 100.000 200.000 -17.133
  endloop
 endfacet
 facet normal 0.024950 0.058118 -0.997998
  outer loop
   vertex 100.000 100.000 -22.956
   vertex 200.000 200.000 -14.633
   vertex 200.000 100.000 -20.456
  endloop
 endfacet
 facet normal 0.024950 0.058118 -0.997998
  outer loop
   vertex 100.000 100.000 -22.956
   vertex 100.000 200.000 -17.133
   vertex 200.000 200.000 -14.633
  endloop
 endfacet
 facet normal 0.024950 0.058118 -0.997998
  outer loop
   vertex 200.000 100.000 -20.456
   vertex 300.000 200.000 -12.133
   vertex 300.000 100.000 -17.956
  endloop
 endfacet
 facet normal 0.024950 0.058118 -0.997998
  outer loop
   vertex 200.000 100.000 -20.456
   vertex 200.000 200.000 -14.633
   vertex 300.000 200.000 -12.133
  endloop
 endfacet
 facet normal 0.024950 0.058118 -0.997998
  outer loop
   vertex 300.000 100.000 -17.956
   vertex 400.000 200.000 -9.633
   vertex 400.000 100.000 -15.456
  endloop
 endfacet
 facet normal 0.024950 0.058118 -0.997998
  outer loop
   vertex 300.000 100.000 -17.956
   vertex 300.000 200.000 -12.133
   vertex 400.000 200.000 -9.633
  endloop
 endfacet
 facet normal 0.024950 0.058118 -0.997998
  outer loop
   vertex 400.000 100.000 -15.456
   vertex 500.000 200.000 -7.133
   vertex 500.000 100.000 -12.956
  endloop
 endfacet
 facet normal 0.024950 0.058118 -0.997998
  outer loop
   vertex 400.000 100.000 -15.456
   vertex 400.000 200.000 -9.633
   vertex 500.000 200.000 -7.133
  endloop
 endfacet
 facet normal 0.024950 0.058118 -0.997998
  outer loop
   vertex 500.000 100.000 -12.956
   vertex 600.000 200.000 -4.633
   vertex 600.000 100.000 -10.456
  endloop
 endfacet
 facet normal 0.024950 0.058118 -0.997998
  outer loop
   vertex 500.000 100.000 -12.956
   vertex 500.000 200.000 -7.133
   vertex 600.000 200.000 -4.633
  endloop
 endfacet
 facet normal 0.024950 0.058118 -0.997998
  outer loop
   vertex 600.000 100.000 -10.456
   vertex 700.000 200.000 -2.133
   vertex 700.000 100.000 -7.956
  endloop
 endfacet
 facet normal 0.024950 0.058118 -0.997998
  outer loop
   vertex 600.000 100.000 -10.456
   vertex 600.000 200.000 -4.633
   vertex 700.000 200.000 -2.133
  endloop
 endfacet
 facet normal 0.024950 0.058118 -0.997998
  outer loop
   vertex 700.000 100.000 -7.956
   vertex 800.000 200.000 0.367
   vertex 800.000 100.000 -5.456
  endloop
 endfacet
 facet normal 0.024950 0.058118 -0.997998
  outer loop
   vertex 700.000 100.000 -7.956
   vertex 700.000 200.000 -2.133
   vertex 800.000 200.000 0.367
  endloop
 endfacet
 facet normal 0.024950 0.058118 -0.997998
  outer loop
   vertex 800.000 100.000 -5.456
   vertex 900.000 200.000 2.867
   vertex 900.000 100.000 -2.956
  endloop
 endfacet
 facet normal 0.024950 0.058118 -0.997998
  outer loop
   vertex 800.000 100.000 -5.456
   vertex 800.000 200.000 0.367
   vertex 900.000 200.000 2.867
  endloop
 endfacet
 facet normal 0.024950 0.058118 -0.997998
  outer loop
   vertex 900.000 100.000 -2.956
   vertex 1000.000 200.000 5.367
   vertex 1000.000 100.000 -0.456
  endloop
 endfacet
 facet normal 0.024950 0.058118 -0.997998
  outer loop
   vertex 900.000 100.000 -2.956
   vertex 900.000 200.000 2.867
   vertex 1000.000 200.000 5.367
  endloop
 endfacet
 facet normal 0.024950 0.058118 -0.997998
  outer loop
   vertex 1000.000 100.000 -0.456
   vertex 1100.000 200.000 7.867
   vertex 1100.000 100.000 2.044
  endloop
 endfacet
 facet normal 0.024950 0.058118 -0.997998
  outer loop
   vertex 1000.000 100.000 -0.456
   vertex 1000.000 200.000 5.367
   vertex 1100.000 200.000 7.867
  endloop
 endfacet
 facet normal 0.024950 0.058118 -0.997998
  outer loop
   vertex 1100.000 100.000 2.044
   vertex 1200.000 200.000 10.367
   vertex 1200.000 100.000 4.544
  endloop
 endfacet
 facet normal 0.024950 0.058118 -0.997998
  outer loop
   vertex 1100.000 100.000 2.044
   vertex 1100.000 200.000 7.867
   vertex 1200.000 200.000 10.367
  endloop
 endfacet
 facet normal 0.024950 0.058118 -0.997998
  outer loop
   vertex 1200.000 100.000 4.544
   vertex 1300.000 200.000 12.867
   vertex 1300.000 100.000 7.044
  endloop
 endfacet
 facet normal 0.024950 0.058118 -0.997998
  outer loop
   vertex 1200.000 100.000 4.544
   vertex 1200.000 200.000 10.367
   vertex 1300.000 200.000 12.867
  endloop
 endfacet
 facet normal 0.024950 0.058118 -0.997998
  outer loop
   vertex 1300.000 100.000 7.044
   vertex 1400.000 200.000 15.367
   vertex 1400.000 100.000 9.544
  endloop
 endfacet
 facet normal 0.024950 0.058118 -0.997998
  outer loop
   vertex 1300.000 100.000 7.044
   vertex 1300.000 200.000 12.867
   vertex 1400.000 200.000 15.367
  endloop
 endfacet
 facet normal 0.024950 0.058118 -0.997998
  outer loop
   vertex 1400.000 100.000 9.544
   vertex 1500.000 200.000 17.867
   vertex 1500.000 100.000 12.044
  endloop
 endfacet
 facet normal 0.024950 0.058118 -0.997998
  outer loop
   vertex 1400.000 100.000 9.544
   vertex 1400.000 200.000 15.367
   vertex 1500.000 200.000 17.867
  endloop
 endfacet
 facet normal 0.024950 0.058118 -0.997998
  outer loop
   vertex 1500.000 100.000 12.044
   vertex 1600.000 200.000 20.367
   vertex 1600.000 100.000 14.544
  endloop
 endfacet
 facet normal 0.024950 0.058118 -0.997998
  outer loop
   vertex 1500.000 100.000 12.044
   vertex 1500.000 200.000 17.867
   vertex 1600.000 200.000 20.367
  endloop
 endfacet
 facet normal 0.024950 0.058118 -0.997998
  outer loop
   vertex 1600.000 100.000 14.544
   vertex 1700.000 200.000 22.867
   vertex 1700.000 100.000 17.044
  endloop
 endfacet
 facet normal 0.024950 0.058118 -0.997998
  outer loop
   vertex 1600.000 100.000 14.544
   vertex 1600.000 200.000 20.367
   vertex 1700.000 200.000 22.867
  endloop
 endfacet
 facet normal 0.024950 0.058118 -0.997998
  outer loop
   vertex 1700.000 100.000 17.044
   vertex 1800.000 200.000 25.367
   vertex 1800.000 100.000 19.544
  endloop
 endfacet
 facet normal 0.024950 0.058118 -0.997998
  outer loop
   vertex 1700.000 100.000 17.044
   vertex 1700.000 200.000 22.867
   vertex 1800.000 200.000 25.367
  endloop
 endfacet
 facet normal 0.024950 0.058118 -0.997998
  outer loop
   vertex 1800.000 100.000 19.544
   vertex 1900.000 200.000 27.867
   vertex 1900.000 100.000 22.044
  endloop
 endfacet
 facet normal 0.024950 0.058118 -0.997998
  outer loop
   vertex 1800.000 100.000 19.544
   vertex 1800.000 200.000 25.367
   vertex 1900.000 200.000 27.867
  endloop
 endfacet
 facet normal 0.024950 0.058118 -0.997998
  outer loop
   vertex 1900.000 100.000 22.044
   vertex 2000.000 200.000 30.367
   vertex 2000.000 100.000 24.544
  endloop
 endfacet
 facet normal 0.024950 0.058118 -0.997998
  outer loop
   vertex 1900.000 100.000 22.044
   vertex 1900.000 200.000 27.867
   vertex 2000.000 200.000 30.367
  endloop
 endfacet
 facet normal 0.024967 0.044562 -0.998695
  outer loop
   vertex 0.000 200.000 -19.633
   vertex 100.000 300.000 -12.671
   vertex 100.000 200.000 -17.133
  endloop
 endfacet
 facet normal 0.024967 0.044562 -0.998695
  outer loop
   vertex 0.000 200.000 -19.633
   vertex 0.000 300.000 -15.171
   vertex 100.000 300.000 -12.671
  endloop
 endfacet
 facet normal 0.024967 0.044562 -0.998695
  outer loop
   vertex 100.000 200.000 -17.133
   vertex 200.000 300.000 -10.171
   vertex 200.000 200.000 -14.633
  endloop
 endfacet
 facet normal 0.024967 0.044562 -0.998695
  outer loop
   vertex 100.000 200.000 -17.133
   vertex 100.000 300.000 -12.671
   vertex 200.000 300.000 -10.171
  endloop
 endfacet
 facet normal 0.024967 0.044562 -0.998695
  outer loop
   vertex 200.000 200.000 -14.633
   vertex 300.000 300.000 -7.671
   vertex 300.000 200.000 -12.133
  endloop
 endfacet
 facet normal 0.024967 0.044562 -0.998695
  outer loop
   vertex 200.000 200.000 -14.633
   vertex 200.000 300.000 -10.171
   vertex 300.000 300.000 -7.671
  endloop
 endfacet
 facet normal 0.024967 0.044562 -0.998695
  outer loop
   vertex 300.000 200.000 -12.133
   vertex 400.000 300.000 -5.171
   vertex 400.000 200.000 -9.633
  endloop
 endfacet
 facet normal 0.024967 0.044562 -0.998695
  outer loop
   vertex 300.000 200.000 -12.133
   vertex 300.000 300.000 -7.671
   vertex 400.000 300.000 -5.171
  endloop
 endfacet
 facet normal 0.024967 0.044562 -0.998695
  outer loop
   vertex 400.000 200.000 -9.633
   vertex 500.000 300.000 -2.671
   vertex 500.000 200.000 -7.133
  endloop
 endfacet
 facet normal 0.024967 0.044562 -0.998695
  outer loop
   vertex 400.000 200.000 -9.633
   vertex 400.000 300.000 -5.171
   vertex 500.000 300.000 -2.671
  endloop
 endfacet
 facet normal 0.024967 0.044562 -0.998695
  outer loop
   vertex 500.000 200.000 -7.133
   vertex 600.000 300.000 -0.171
   vertex 600.000 200.000 -4.633
  endloop
 endfacet
 facet normal 0.024967 0.044562 -0.998695
  outer loop
   vertex 500.000 200.000 -7.133
   vertex 500.000 300.000 -2.671
   vertex 600.000 300.000 -0.171
  endloop
 endfacet
 facet normal 0.024967 0.044562 -0.998695
  outer loop
   vertex 600.000 200.000 -4.633
   vertex 700.000 300.000 2.329
   vertex 700.000 200.000 -2.133
  endloop
 endfacet
 facet normal 0.024967 0.044562 -0.998695
  outer loop
   vertex 600.000 200.000 -4.633
   vertex 600.000 300.000 -0.171
   vertex 700.000 300.000 2.329
  endloop
 endfacet
 facet normal 0.024967 0.044562 -0.998695
  outer loop
   vertex 700.000 200.000 -2.133
   vertex 800.000 300.000 4.829
   vertex 800.000 200.000 0.367
  endloop
 endfacet
 facet normal 0.024967 0.044562 -0.998695
  outer loop
   vertex 700.000 200.000 -2.133
   vertex 700.000 300.000 2.329
   vertex 800.000 300.000 4.829
  endloop
 endfacet
 facet normal 0.024967 0.044562 -0.998695
  outer loop
   vertex 800.000 200.000 0.367
   vertex 900.000 300.000 7.329
   vertex 900.000 200.000 2.867
  endloop
 endfacet
 facet normal 0.024967 0.044562 -0.998695
  outer loop
   vertex 800.000 200.000 0.367
   vertex 800.000 300.000 4.829
   vertex 900.000 300.000 7.329
  endloop
 endfacet
 facet normal 0.024967 0.044562 -0.998695
  outer loop
   vertex 900.000 200.000 2.867
   vertex 1000.000 300.000 9.829
   vertex 1000.000 200.000 5.367
  endloop
 endfacet
 facet normal 0.024967 0.044562 -0.998695
  outer loop
   vertex 900.000 200.000 2.867
   vertex 900.000 300.000 7.329
   vertex 1000.000 300.000 9.829
  endloop
 endfacet
 facet normal 0.024967 0.044562 -0.998695
  outer loop
   vertex 1000.000 200.000 5.367
   vertex 1100.000 300.000 12.329
   vertex 1100.000 200.000 7.867
  endloop
 endfacet
 facet normal 0.024967 0.044562 -0.998695
  outer loop
   vertex 1000.000 200.000 5.367
   vertex 1000.000 300.000 9.829
   vertex 1100.000 300.000 12.329
  endloop
 endfacet
 facet normal 0.024967 0.044562 -0.998695
  outer loop
   vertex 1100.000 200.000 7.867
   vertex 1200.000 300.000 14.829
   vertex 1200.000 200.000 10.367
  endloop
 endfacet
 facet normal 0.024967 0.044562 -0.998695
  outer loop
   vertex 1100.000 200.000 7.867
   vertex 1100.000 300.000 12.329
   vertex 1200.000 300.000 14.829
  endloop
 endfacet
 facet normal 0.024967 0.044562 -0.998695
  outer loop
   vertex 1200.000 200.000 10.367
   vertex 1300.000 300.000 17.329
   vertex 1300.000 200.000 12.867
  endloop
 endfacet
 facet normal 0.024967 0.044562 -0.998695
  outer loop
   vertex 1200.000 200.000 10.367
   vertex 1200.000 300.000 14.829
   vertex 1300.000 300.000 17.329
  endloop
 endfacet
 facet normal 0.024967 0.044562 -0.998695
  outer loop
   vertex 1300.000 200.000 12.867
   vertex 1400.000 300.000 19.829
   vertex 1400.000 200.000 15.367
  endloop
 endfacet
 facet normal 0.024967 0.044562 -0.998695
  outer loop
   vertex 1300.000 200.000 12.867
   vertex 1300.000 300.000 17.329
   vertex 1400.000 300.000 19.829
  endloop
 endfacet
 facet normal 0.024967 0.044562 -0.998695
  outer loop
   vertex 1400.000 200.000 15.367
   vertex 1500.000 300.000 22.329
   vertex 1500.000 200.000 17.867
  endloop
 endfacet
 facet normal 0.024967 0.044562 -0.998695
  outer loop
   vertex 1400.000 200.000 15.367
   vertex 1400.000 300.000 19.829
   vertex 1500.000 300.000 22.329
  endloop
 endfacet
 facet normal 0.024967 0.044562 -0.998695
  outer loop
   vertex 1500.000 200.000 17.867
   vertex 1600.000 300.000 24.829
   vertex 1600.000 200.000 20.367
  endloop
 endfacet
 facet normal 0.024967 0.044562 -0.998695
  outer loop
   vertex 1500.000 200.000 17.867
   vertex 1500.000 300.000 22.329
   vertex 1600.000 300.000 24.829
  endloop
 endfacet
 facet normal 0.024967 0.044562 -0.998695
  outer loop
   vertex 1600.000 200.000 20.367
   vertex 1700.000 300.000 27.329
   vertex 1700.000 200.000 22.867
  endloop
 endfacet
 facet normal 0.024967 0.044562 -0.998695
  outer loop
   vertex 1600.000 200.000 20.367
   vertex 1600.000 300.000 24.829
   vertex 1700.000 300.000 27.329
  endloop
 endfacet
 facet normal 0.024967 0.044562 -0.998695
  outer loop
   vertex 1700.000 200.000 22.867
   vertex 1800.000 300.000 29.829
   vertex 1800.000 200.000 25.367
  endloop
 endfacet
 facet normal 0.024967 0.044562 -0.998695
  outer loop
   vertex 1700.000 200.000 22.867
   vertex 1700.000 300.000 27.329
   vertex 1800.000 300.000 29.829
  endloop
 endfacet
 facet normal 0.024967 0.044562 -0.998695
  outer loop
   vertex 1800.000 200.000 25.367
   vertex 1900.000 300.000 32.329
   vertex 1900.000 200.000 27.867
  endloop
 endfacet
 facet normal 0.024967 0.044562 -0.998695
  outer loop
   vertex 1800.000 200.000 25.367
   vertex 1800.000 300.000 29.829
   vertex 1900.000 300.000 32.329
  endloop
 endfacet
 facet normal 0.024967 0.044562 -0.998695
  outer loop
   vertex 1900.000 200.000 27.867
   vertex 2000.000 300.000 34.829
   vertex 2000.000 200.000 30.367
  endloop
 endfacet
 facet normal 0.024967 0.044562 -0.998695
  outer loop
   vertex 1900.000 200.000 27.867
   vertex 1900.000 300.000 32.329
   vertex 2000.000 300.000 34.829
  endloop
 endfacet
 facet normal 0.024984 0.026076 -0.999348
  outer loop
   vertex 0.000 300.000 -15.171
   vertex 100.000 400.000 -10.061
   vertex 100.000 300.000 -12.671
  endloop
 endfacet
 facet normal 0.024984 0.026076 -0.999348
  outer loop
   vertex 0.000 300.000 -15.171
   vertex 0.000 400.000 -12.561
   vertex 100.000 400.000 -10.061
  endloop
 endfacet
 facet normal 0.024984 0.026076 -0.999348
  outer loop
   vertex 100.000 300.000 -12.671
   vertex 200.000 400.000 -7.561
   vertex 200.000 300.000 -10.171
  endloop
 endfacet
 facet normal 0.024984 0.026076 -0.999348
  outer loop
   vertex 100.000 300.000 -12.671
   vertex 100.000 400.000 -10.061
   vertex 200.000 400.000 -7.561
  endloop
 endfacet
 facet normal 0.024984 0.026076 -0.999348
  outer loop
   vertex 200.000 300.000 -10.171
   vertex 300.000 400.000 -5.061
   vertex 300.000 300.000 -7.671
  endloop
 endfacet
 facet normal 0.024984 0.026076 -0.999348
  outer loop
   vertex 200.000 300.000 -10.171
   vertex 200.000 400.000 -7.561
   vertex 300.000 400.000 -5.061
  endloop
 endfacet
 facet normal 0.024984 0.026076 -0.999348
  outer loop
   vertex 300.000 300.000 -7.671
   vertex 400.000 400.000 -2.561
   vertex 400.000 300.000 -5.171
  endloop
 endfacet
 facet normal 0.024984 0.026076 -0.999348
  outer loop
   vertex 300.000 300.000 -7.671
   vertex 300.000 400.000 -5.061
   vertex 400.000 400.000 -2.561
  endloop
 endfacet
 facet normal 0.024984 0.026076 -0.999348
  outer loop
   vertex 400.000 300.000 -5.171
   vertex 500.000 400.000 -0.061
   vertex 500.000 300.000 -2.671
  endloop
 endfacet
 facet normal 0.024984 0.026076 -0.999348
  outer loop
   vertex 400.000 300.000 -5.171
   vertex 400.000 400.000 -2.561
   vertex 500.000 400.000 -0.061
  endloop
 endfacet
 facet normal 0.024984 0.026076 -0.999348
  outer loop
   vertex 500.000 300.000 -2.671
   vertex 600.000 400.000 2.439
   vertex 600.000 300.000 -0.171
  endloop
 endfacet
 facet normal 0.024984 0.026076 -0.999348
  outer loop
   vertex 500.000 300.000 -2.671
   vertex 500.000 400.000 -0.061
   vertex 600.000 400.000 2.439
  endloop
 endfacet
 facet normal 0.024984 0.026076 -0.999348
  outer loop
   vertex 600.000 300.000 -0.171
   vertex 700.000 400.000 4.939
   vertex 700.000 300.000 2.329
  endloop
 endfacet
 facet normal 0.024984 0.026076 -0.999348
  outer loop
   vertex 600.000 300.000 -0.171
   vertex 600.000 400.000 2.439
   vertex 700.000 400.000 4.939
  endloop
 endfacet
 facet normal 0.024984 0.026076 -0.999348
  outer loop
   vertex 700.000 300.000 2.329
   vertex 800.000 400.000 7.439
   vertex 800.000 300.000 4.829
  endloop
 endfacet
 facet normal 0.024984 0.026076 -0.999348
  outer loop
   vertex 700.000 300.000 2.329
   vertex 700.000 400.000 4.939
   vertex 800.000 400.000 7.439
  endloop
 endfacet
 facet normal 0.024984 0.026076 -0.999348
  outer loop
   vertex 800.000 300.000 4.829
   vertex 900.000 400.000 9.939
   vertex 900.000 300.000 7.329
  endloop
 endfacet
 facet normal 0.024984 0.026076 -0.999348
  outer loop
   vertex 800.000 300.000 4.829
   vertex 800.000 400.000 7.439
   vertex 900.000 400.000 9.939
  endloop
 endfacet
 facet normal 0.024984 0.026076 -0.999348
  outer loop
   vertex 900.000 300.000 7.329
   vertex 1000.000 400.000 12.439
   vertex 1000.000 300.000 9.829
  endloop
 endfacet
 facet normal 0.024984 0.026076 -0.999348
  outer loop
   vertex 900.000 300.000 7.329
   vertex 900.000 400.000 9.939
   vertex 1000.000 400.000 12.439
  endloop
 endfacet
 facet normal 0.024984 0.026076 -0.999348
  outer loop
   vertex 1000.000 300.000 9.829
   vertex 1100.000 400.000 14.939
   vertex 1100.000 300.000 12.329
  endloop
 endfacet
 facet normal 0.024984 0.026076 -0.999348
  outer loop
   vertex 1000.000 300.000 9.829
   vertex 1000.000 400.000 12.439
   vertex 1100.000 400.000 14.939
  endloop
 endfacet
 facet normal 0.024984 0.026076 -0.999348
  outer loop
   vertex 1100.000 300.000 12.329
   vertex 1200.000 400.000 17.439
   vertex 1200.000 300.000 14.829
  endloop
 endfacet
 facet normal 0.024984 0.026076 -0.999348
  outer loop
   vertex 1100.000 300.000 12.329
   vertex 1100.000 400.000 14.939
   vertex 1200.000 400.000 17.439
  endloop
 endfacet
 facet normal 0.024984 0.026076 -0.999348
  outer loop
   vertex 1200.000 300.000 14.829
   vertex 1300.000 400.000 19.939
   vertex 1300.000 300.000 17.329
  endloop
 endfacet
 facet normal 0.024984 0.026076 -0.999348
  outer loop
   vertex 1200.000 300.000 14.829
   vertex 1200.000 400.000 17.439
   vertex 1300.000 400.000 19.939
  endloop
 endfacet
 facet normal 0.024984 0.026076 -0.999348
  outer loop
   vertex 1300.000 300.000 17.329
   vertex 1400.000 400.000 22.439
   vertex 1400.000 300.000 19.829
  endloop
 endfacet
 facet normal 0.024984 0.026076 -0.999348
  outer loop
   vertex 1300.000 300.000 17.329
   vertex 1300.000 400.000 19.939
   vertex 1400.000 400.000 22.439
  endloop
 endfacet
 facet normal 0.024984 0.026076 -0.999348
  outer loop
   vertex 1400.000 300.000 19.829
   vertex 1500.000 400.000 24.939
   vertex 1500.000 300.000 22.329
  endloop
 endfacet
 facet normal 0.024984 0.026076 -0.999348
  outer loop
   vertex 1400.000 300.000 19.829
   vertex 1400.000 400.000 22.439
   vertex 1500.000 400.000 24.939
  endloop
 endfacet
 facet normal 0.024984 0.026076 -0.999348
  outer loop
   vertex 1500.000 300.000 22.329
   vertex 1600.000 400.000 27.439
   vertex 1600.000 300.000 24.829
  endloop
 endfacet
 facet normal 0.024984 0.026076 -0.999348
  outer loop
   vertex 1500.000 300.000 22.329
   vertex 1500.000 400.000 24.939
   vertex 1600.000 400.000 27.439
  endloop
 endfacet
 facet normal 0.024984 0.026076 -0.999348
  outer loop
   vertex 1600.000 300.000 24.829
   vertex 1700.000 400.000 29.939
   vertex 1700.000 300.000 27.329
  endloop
 endfacet
 facet normal 0.024984 0.026076 -0.999348
  outer loop
   vertex 1600.000 300.000 24.829
   vertex 1600.000 400.000 27.439
   vertex 1700.000 400.000 29.939
  endloop
 endfacet
 facet normal 0.024984 0.026076 -0.999348
  outer loop
   vertex 1700.000 300.000 27.329
   vertex 1800.000 400.000 32.439
   vertex 1800.000 300.000 29.829
  endloop
 endfacet
 facet normal 0.024984 0.026076 -0.999348
  outer loop
   vertex 1700.000 300.000 27.329
   vertex 1700.000 400.000 29.939
   vertex 1800.000 400.000 32.439
  endloop
 endfacet
 facet normal 0.024984 0.026076 -0.999348
  outer loop
   vertex 1800.000 300.000 29.829
   vertex 1900.000 400.000 34.939
   vertex 1900.000 300.000 32.329
  endloop
 endfacet
 facet normal 0.024984 0.026076 -0.999348
  outer loop
   vertex 1800.000 300.000 29.829
   vertex 1800.000 400.000 32.439
   vertex 1900.000 400.000 34.939
  endloop
 endfacet
 facet normal 0.024984 0.026076 -0.999348
  outer loop
   vertex 1900.000 300.000 32.329
   vertex 2000.000 400.000 37.439
   vertex 2000.000 300.000 34.829
  endloop
 endfacet
 facet normal 0.024984 0.026076 -0.999348
  outer loop
   vertex 1900.000 300.000 32.329
   vertex 1900.000 400.000 34.939
   vertex 2000.000 400.000 37.439
  endloop
 endfacet
 facet normal 0.024992 0.004692 -0.999677
  outer loop
   vertex 0.000 400.000 -12.561
   vertex 100.000 500.000 -9.592
   vertex 100.000 400.000 -10.061
  endloop
 endfacet
 facet normal 0.024992 0.004692 -0.999677
  outer loop
   vertex 0.000 400.000 -12.561
   vertex 0.000 500.000 -12.092
   vertex 100.000 500.000 -9.592
  endloop
 endfacet
 facet normal 0.024992 0.004692 -0.999677
  outer loop
   vertex 100.000 400.000 -10.061
   vertex 200.000 500.000 -7.092
   vertex 200.000 400.000 -7.561
  endloop
 endfacet
 facet normal 0.024992 0.004692 -0.999677
  outer loop
   vertex 100.000 400.000 -10.061
   vertex 100.000 500.000 -9.592
   vertex 200.000 500.000 -7.092
  endloop
 endfacet
 facet normal 0.024992 0.004692 -0.999677
  outer loop
   vertex 200.000 400.000 -7.561
   vertex 300.000 500.000 -4.592
   vertex 300.000 400.000 -5.061
  endloop
 endfacet
 facet normal 0.024992 0.004692 -0.999677
  outer loop
   vertex 200.000 400.000 -7.561
   vertex 200.000 500.000 -7.092
   vertex 300.000 500.000 -4.592
  endloop
 endfacet
 facet normal 0.024992 0.004692 -0.999677
  outer loop
   vertex 300.000 400.000 -5.061
   vertex 400.000 500.000 -2.092
   vertex 400.000 400.000 -2.561
  endloop
 endfacet
 facet normal 0.024992 0.004692 -0.999677
  outer loop
   vertex 300.000 400.000 -5.061
   vertex 300.000 500.000 -4.592
   vertex 400.000 500.000 -2.092
  endloop
 endfacet
 facet normal 0.024992 0.004692 -0.999677
  outer loop
   vertex 400.000 400.000 -2.561
   vertex 500.000 500.000 0.408
   vertex 500.000 400.000 -0.061
  endloop
 endfacet
 facet normal 0.024992 0.004692 -0.999677
  outer loop
   vertex 400.000 400.000 -2.561
   vertex 400.000 500.000 -2.092
   vertex 500.000 500.000 0.408
  endloop
 endfacet
 facet normal 0.024992 0.004692 -0.999677
  outer loop
   vertex 500.000 400.000 -0.061
   vertex 600.000 500.000 2.908
   vertex 600.000 400.000 2.439
  endloop
 endfacet
 facet normal 0.024992 0.004692 -0.999677
  outer loop
   vertex 500.000 400.000 -0.061
   vertex 500.000 500.000 0.408
   vertex 600.000 500.000 2.908
  endloop
 endfacet
 facet normal 0.024992 0.004692 -0.999677
  outer loop
   vertex 600.000 400.000 2.439
   vertex 700.000 500.000 5.408
   vertex 700.000 400.000 4.939
  endloop
 endfacet
 facet normal 0.024992 0.004692 -0.999677
  outer loop
   vertex 600.000 400.000 2.439
   vertex 600.000 500.000 2.908
   vertex 700.000 500.000 5.408
  endloop
 endfacet
 facet normal 0.024992 0.004692 -0.999677
  outer loop
   vertex 700.000 400.000 4.939
   vertex 800.000 500.000 7.908
   vertex 800.000 400.000 7.439
  endloop
 endfacet
 facet normal 0.024992 0.004692 -0.999677
  outer loop
   vertex 700.000 400.000 4.939
   vertex 700.000 500.000 5.408
   vertex 800.000 500.000 7.908
  endloop
 endfacet
 facet normal 0.024992 0.004692 -0.999677
  outer loop
   vertex 800.000 400.000 7.439
   vertex 900.000 500.000 10.408
   vertex 900.000 400.000 9.939
  endloop
 endfacet
 facet normal 0.024992 0.004692 -0.999677
  outer loop
   vertex 800.000 400.000 7.439
   vertex 800.000 500.000 7.908
   vertex 900.000 500.000 10.408
  endloop
 endfacet
 facet normal 0.024992 0.004692 -0.999677
  outer loop
   vertex 900.000 400.000 9.939
   vertex 1000.000 500.000 12.908
   vertex 1000.000 400.000 12.439
  endloop
 endfacet
 facet normal 0.024992 0.004692 -0.999677
  outer loop
   vertex 900.000 400.000 9.939
   vertex 900.000 500.000 10.408
   vertex 1000.000 500.000 12.908
  endloop
 endfacet
 facet normal 0.024992 0.004692 -0.999677
  outer loop
   vertex 1000.000 400.000 12.439
   vertex 1100.000 500.000 15.408
   vertex 1100.000 400.000 14.939
  endloop
 endfacet
 facet normal 0.024992 0.004692 -0.999677
  outer loop
   vertex 1000.000 400.000 12.439
   vertex 1000.000 500.000 12.908
   vertex 1100.000 500.000 15.408
  endloop
 endfacet
 facet normal 0.024992 0.004692 -0.999677
  outer loop
   vertex 1100.000 400.000 14.939
   vertex 1200.000 500.000 17.908
   vertex 1200.000 400.000 17.439
  endloop
 endfacet
 facet normal 0.024992 0.004692 -0.999677
  outer loop
   vertex 1100.000 400.000 14.939
   vertex 1100.000 500.000 15.408
   vertex 1200.000 500.000 17.908
  endloop
 endfacet
 facet normal 0.024992 0.004692 -0.999677
  outer loop
   vertex 1200.000 400.000 17.439
   vertex 1300.000 500.000 20.408
   vertex 1300.000 400.000 19.939
  endloop
 endfacet
 facet normal 0.024992 0.004692 -0.999677
  outer loop
   vertex 1200.000 400.000 17.439
   vertex 1200.000 500.000 17.908
   vertex 1300.000 500.000 20.408
  endloop
 endfacet
 facet normal 0.024992 0.004692 -0.999677
  outer loop
   vertex 1300.000 400.000 19.939
   vertex 1400.000 500.000 22.908
   vertex 1400.000 400.000 22.439
  endloop
 endfacet
 facet normal 0.024992 0.004692 -0.999677
  outer loop
   vertex 1300.000 400.000 19.939
   vertex 1300.000 500.000 20.408
   vertex 1400.000 500.000 22.908
  endloop
 endfacet
 facet normal 0.024992 0.004692 -0.999677
  outer loop
   vertex 1400.000 400.000 22.439
   vertex 1500.000 500.000 25.408
   vertex 1500.000 400.000 24.939
  endloop
 endfacet
 facet normal 0.024992 0.004692 -0.999677
  outer loop
   vertex 1400.000 400.000 22.439
   vertex 1400.000 500.000 22.908
   vertex 1500.000 500.000 25.408
  endloop
 endfacet
 facet normal 0.024992 0.004692 -0.999677
  outer loop
   vertex 1500.000 400.000 24.939
   vertex 1600.000 500.000 27.908
   vertex 1600.000 400.000 27.439
  endloop
 endfacet
 facet normal 0.024992 0.004692 -0.999677
  outer loop
   vertex 1500.000 400.000 24.939
   vertex 1500.000 500.000 25.408
   vertex 1600.000 500.000 27.908
  endloop
 endfacet
 facet normal 0.024992 0.004692 -0.999677
  outer loop
   vertex 1600.000 400.000 27.439
   vertex 1700.000 500.000 30.408
   vertex 1700.000 400.000 29.939
  endloop
 endfacet
 facet normal 0.024992 0.004692 -0.999677
  outer loop
   vertex 1600.000 400.000 27.439
   vertex 1600.000 500.000 27.908
   vertex 1700.000 500.000 30.408
  endloop
 endfacet
 facet normal 0.024992 0.004692 -0.999677
  outer loop
   vertex 1700.000 400.000 29.939
   vertex 1800.000 500.000 32.908
   vertex 1800.000 400.000 32.439
  endloop
 endfacet
 facet normal 0.024992 0.004692 -0.999677
  outer loop
   vertex 1700.000 400.000 29.939
   vertex 1700.000 500.000 30.408
   vertex 1800.000 500.000 32.908
  endloop
 endfacet
 facet normal 0.024992 0.004692 -0.999677
  outer loop
   vertex 1800.000 400.000 32.439
   vertex 1900.000 500.000 35.408
   vertex 1900.000 400.000 34.939
  endloop
 endfacet
 facet normal 0.024992 0.004692 -0.999677
  outer loop
   vertex 1800.000 400.000 32.439
   vertex 1800.000 500.000 32.908
   vertex 1900.000 500.000 35.408
  endloop
 endfacet
 facet normal 0.024992 0.004692 -0.999677
  outer loop
   vertex 1900.000 400.000 34.939
   vertex 2000.000 500.000 37.908
   vertex 2000.000 400.000 37.439
  endloop
 endfacet
 facet normal 0.024992 0.004692 -0.999677
  outer loop
   vertex 1900.000 400.000 34.939
   vertex 1900.000 500.000 35.408
   vertex 2000.000 500.000 37.908
  endloop
 endfacet
 facet normal 0.024988 -0.017214 -0.999540
  outer loop
   vertex 0.000 500.000 -12.092
   vertex 100.000 600.000 -11.314
   vertex 100.000 500.000 -9.592
  endloop
 endfacet
 facet normal 0.024988 -0.017214 -0.999540
  outer loop
   vertex 0.000 500.000 -12.092
   vertex 0.000 600.000 -13.814
   vertex 100.000 600.000 -11.314
  endloop
 endfacet
 facet normal 0.024988 -0.017214 -0.999540
  outer loop
   vertex 100.000 500.000 -9.592
   vertex 200.000 600.000 -8.814
   vertex 200.000 500.000 -7.092
  endloop
 endfacet
 facet normal 0.024988 -0.017214 -0.999540
  outer loop
   vertex 100.000 500.000 -9.592
   vertex 100.000 600.000 -11.314
   vertex 200.000 600.000 -8.814
  endloop
 endfacet
 facet normal 0.024988 -0.017214 -0.999540
  outer loop
   vertex 200.000 500.000 -7.092
   vertex 300.000 600.000 -6.314
   vertex 300.000 500.000 -4.592
  endloop
 endfacet
 facet normal 0.024988 -0.017214 -0.999540
  outer loop
   vertex 200.000 500.000 -7.092
   vertex 200.000 600.000 -8.814
   vertex 300.000 600.000 -6.314
  endloop
 endfacet
 facet normal 0.024988 -0.017214 -0.999540
  outer loop
   vertex 300.000 500.000 -4.592
   vertex 400.000 600.000 -3.814
   vertex 400.000 500.000 -2.092
  endloop
 endfacet
 facet normal 0.024988 -0.017214 -0.999540
  outer loop
   vertex 300.000 500.000 -4.592
   vertex 300.000 600.000 -6.314
   vertex 400.000 600.000 -3.814
  endloop
 endfacet
 facet normal 0.024988 -0.017214 -0.999540
  outer loop
   vertex 400.000 500.000 -2.092
   vertex 500.000 600.000 -1.314
   vertex 500.000 500.000 0.408
  endloop
 endfacet
 facet normal 0.024988 -0.017214 -0.999540
  outer loop
   vertex 400.000 500.000 -2.092
   vertex 400.000 600.000 -3.814
   vertex 500.000 600.000 -1.314
  endloop
 endfacet
 facet normal 0.024988 -0.017214 -0.999540
  outer loop
   vertex 500.000 500.000 0.408
   vertex 600.000 600.000 1.186
   vertex 600.000 500.000 2.908
  endloop
 endfacet
 facet normal 0.024988 -0.017214 -0.999540
  outer loop
   vertex 500.000 500.000 0.408
   vertex 500.000 600.000 -1.314
   vertex 600.000 600.000 1.186
  endloop
 endfacet
 facet normal 0.024988 -0.017214 -0.999540
  outer loop
   vertex 600.000 500.000 2.908
   vertex 700.000 600.000 3.686
   vertex 700.000 500.000 5.408
  endloop
 endfacet
 facet normal 0.024988 -0.017214 -0.999540
  outer loop
   vertex 600.000 500.000 2.908
   vertex 600.000 600.000 1.186
   vertex 700.000 600.000 3.686
  endloop
 endfacet
 facet normal 0.024988 -0.017214 -0.999540
  outer loop
   vertex 700.000 500.000 5.408
   vertex 800.000 600.000 6.186
   vertex 800.000 500.000 7.908
  endloop
 endfacet
 facet normal 0.024988 -0.017214 -0.999540
  outer loop
   vertex 700.000 500.000 5.408
   vertex 700.000 600.000 3.686
   vertex 800.000 600.000 6.186
  endloop
 endfacet
 facet normal 0.024988 -0.017214 -0.999540
  outer loop
   vertex 800.000 500.000 7.908
   vertex 900.000 600.000 8.686
   vertex 900.000 500.000 10.408
  endloop
 endfacet
 facet normal 0.024988 -0.017214 -0.999540
  outer loop
   vertex 800.000 500.000 7.908
   vertex 800.000 600.000 6.186
   vertex 900.000 600.000 8.686
  endloop
 endfacet
 facet normal 0.024988 -0.017214 -0.999540
  outer loop
   vertex 900.000 500.000 10.408
   vertex 1000.000 600.000 11.186
   vertex 1000.000 500.000 12.908
  endloop
 endfacet
 facet normal 0.024988 -0.017214 -0.999540
  outer loop
   vertex 900.000 500.000 10.408
   vertex 900.000 600.000 8.686
   vertex 1000.000 600.000 11.186
  endloop
 endfacet
 facet normal 0.024988 -0.017214 -0.999540
  outer loop
   vertex 1000.000 500.000 12.908
   vertex 1100.000 600.000 13.686
   vertex 1100.000 500.000 15.408
  endloop
 endfacet
 facet normal 0.024988 -0.017214 -0.999540
  outer loop
   vertex 1000.000 500.000 12.908
   vertex 1000.000 600.000 11.186
   vertex 1100.000 600.000 13.686
  endloop
 endfacet
 facet normal 0.024988 -0.017214 -0.999540
  outer loop
   vertex 1100.000 500.000 15.408
   vertex 1200.000 600.000 16.186
   vertex 1200.000 500.000 17.908
  endloop
 endfacet
 facet normal 0.024988 -0.017214 -0.999540
  outer loop
   vertex 1100.000 500.000 15.408
   vertex 1100.000 600.000 13.686
   vertex 1200.000 600.000 16.186
  endloop
 endfacet
 facet normal 0.024988 -0.017214 -0.999540
  outer loop
   vertex 1200.000 500.000 17.908
   vertex 1300.000 600.000 18.686
   vertex 1300.000 500.000 20.408
  endloop
 endfacet
 facet normal 0.024988 -0.017214 -0.999540
  outer loop
   vertex 1200.000 500.000 17.908
   vertex 1200.000 600.000 16.186
   vertex 1300.000 600.000 18.686
  endloop
 endfacet
 facet normal 0.024988 -0.017214 -0.999540
  outer loop
   vertex 1300.000 500.000 20.408
   vertex 1400.000 600.000 21.186
   vertex 1400.000 500.000 22.908
  endloop
 endfacet
 facet normal 0.024988 -0.017214 -0.999540
  outer loop
   vertex 1300.000 500.000 20.408
   vertex 1300.000 600.000 18.686
   vertex 1400.000 600.000 21.186
  endloop
 endfacet
 facet normal 0.024988 -0.017214 -0.999540
  outer loop
   vertex 1400.000 500.000 22.908
   vertex 1500.000 600.000 23.686
   vertex 1500.000 500.000 25.408
  endloop
 endfacet
 facet normal 0.024988 -0.017214 -0.999540
  outer loop
   vertex 1400.000 500.000 22.908
   vertex 1400.000 600.000 21.186
   vertex 1500.000 600.000 23.686
  endloop
 endfacet
 facet normal 0.024988 -0.017214 -0.999540
  outer loop
   vertex 1500.000 500.000 25.408
   vertex 1600.000 600.000 26.186
   vertex 1600.000 500.000 27.908
  endloop
 endfacet
 facet normal 0.024988 -0.017214 -0.999540
  outer loop
   vertex 1500.000 500.000 25.408
   vertex 1500.000 600.000 23.686
   vertex 1600.000 600.000 26.186
  endloop
 endfacet
 facet normal 0.024988 -0.017214 -0.999540
  outer loop
   vertex 1600.000 500.000 27.908
   vertex 1700.000 600.000 28.686
   vertex 1700.000 500.000 30.408
  endloop
 endfacet
 facet normal 0.024988 -0.017214 -0.999540
  outer loop
   vertex 1600.000 500.000 27.908
   vertex 1600.000 600.000 26.186
   vertex 1700.000 600.000 28.686
  endloop
 endfacet
 facet normal 0.024988 -0.017214 -0.999540
  outer loop
   vertex 1700.000 500.000 30.408
   vertex 1800.000 600.000 31.186
   vertex 1800.000 500.000 32.908
  endloop
 endfacet
 facet normal 0.024988 -0.017214 -0.999540
  outer loop
   vertex 1700.000 500.000 30.408
   vertex 1700.000 600.000 28.686
   vertex 1800.000 600.000 31.186
  endloop
 endfacet
 facet normal 0.024988 -0.017214 -0.999540
  outer loop
   vertex 1800.000 500.000 32.908
   vertex 1900.000 600.000 33.686
   vertex 1900.000 500.000 35.408
  endloop
 endfacet
 facet normal 0.024988 -0.017214 -0.999540
  outer loop
   vertex 1800.000 500.000 32.908
   vertex 1800.000 600.000 31.186
   vertex 1900.000 600.000 33.686
  endloop
 endfacet
 facet normal 0.024988 -0.017214 -0.999540
  outer loop
   vertex 1900.000 500.000 35.408
   vertex 2000.000 600.000 36.186
   vertex 2000.000 500.000 37.908
  endloop
 endfacet
 facet normal 0.024988 -0.017214 -0.999540
  outer loop
   vertex 1900.000 500.000 35.408
   vertex 1900.000 600.000 33.686
   vertex 2000.000 600.000 36.186
  endloop
 endfacet
 facet normal 0.024975 -0.037205 -0.998996
  outer loop
   vertex 0.000 600.000 -13.814
   vertex 100.000 700.000 -15.038
   vertex 100.000 600.000 -11.314
  endloop
 endfacet
 facet normal 0.024975 -0.037205 -0.998996
  outer loop
   vertex 0.000 600.000 -13.814
   vertex 0.000 700.000 -17.538
   vertex 100.000 700.000 -15.038
  endloop
 endfacet
 facet normal 0.024975 -0.037205 -0.998996
  outer loop
   vertex 100.000 600.000 -11.314
   vertex 200.000 700.000 -12.538
   vertex 200.000 600.000 -8.814
  endloop
 endfacet
 facet normal 0.024975 -0.037205 -0.998996
  outer loop
   vertex 100.000 600.000 -11.314
   vertex 100.000 700.000 -15.038
   vertex 200.000 700.000 -12.538
  endloop
 endfacet
 facet normal 0.024975 -0.037205 -0.998996
  outer loop
   vertex 200.000 600.000 -8.814
   vertex 300.000 700.000 -10.038
   vertex 300.000 600.000 -6.314
  endloop
 endfacet
 facet normal 0.024975 -0.037205 -0.998996
  outer loop
   vertex 200.000 600.000 -8.814
   vertex 200.000 700.000 -12.538
   vertex 300.000 700.000 -10.038
  endloop
 endfacet
 facet normal 0.024975 -0.037205 -0.998996
  outer loop
   vertex 300.000 600.000 -6.314
   vertex 400.000 700.000 -7.538
   vertex 400.000 600.000 -3.814
  endloop
 endfacet
 facet normal 0.024975 -0.037205 -0.998996
  outer loop
   vertex 300.000 600.000 -6.314
   vertex 300.000 700.000 -10.038
   vertex 400.000 700.000 -7.538
  endloop
 endfacet
 facet normal 0.024975 -0.037205 -0.998996
  outer loop
   vertex 400.000 600.000 -3.814
   vertex 500.000 700.000 -5.038
   vertex 500.000 600.000 -1.314
  endloop
 endfacet
 facet normal 0.024975 -0.037205 -0.998996
  outer loop
   vertex 400.000 600.000 -3.814
   vertex 400.000 700.000 -7.538
   vertex 500.000 700.000 -5.038
  endloop
 endfacet
 facet normal 0.024975 -0.037205 -0.998996
  outer loop
   vertex 500.000 600.000 -1.314
   vertex 600.000 700.000 -2.538
   vertex 600.000 600.000 1.186
  endloop
 endfacet
 facet normal 0.024975 -0.037205 -0.998996
  outer loop
   vertex 500.000 600.000 -1.314
   vertex 500.000 700.000 -5.038
   vertex 600.000 700.000 -2.538
  endloop
 endfacet
 facet normal 0.024975 -0.037205 -0.998996
  outer loop
   vertex 600.000 600.000 1.186
   vertex 700.000 700.000 -0.038
   vertex 700.000 600.000 3.686
  endloop
 endfacet
 facet normal 0.024975 -0.037205 -0.998996
  outer loop
   vertex 600.000 600.000 1.186
   vertex 600.000 700.000 -2.538
   vertex 700.000 700.000 -0.038
  endloop
 endfacet
 facet normal 0.024975 -0.037205 -0.998996
  outer loop
   vertex 700.000 600.000 3.686
   vertex 800.000 700.000 2.462
   vertex 800.000 600.000 6.186
  endloop
 endfacet
 facet normal 0.024975 -0.037205 -0.998996
  outer loop
   vertex 700.000 600.000 3.686
   vertex 700.000 700.000 -0.038
   vertex 800.000 700.000 2.462
  endloop
 endfacet
 facet normal 0.024975 -0.037205 -0.998996
  outer loop
   vertex 800.000 600.000 6.186
   vertex 900.000 700.000 4.962
   vertex 900.000 600.000 8.686
  endloop
 endfacet
 facet normal 0.024975 -0.037205 -0.998996
  outer loop
   vertex 800.000 600.000 6.186
   vertex 800.000 700.000 2.462
   vertex 900.000 700.000 4.962
  endloop
 endfacet
 facet normal 0.024975 -0.037205 -0.998996
  outer loop
   vertex 900.000 600.000 8.686
   vertex 1000.000 700.000 7.462
   vertex 1000.000 600.000 11.186
  endloop
 endfacet
 facet normal 0.024975 -0.037205 -0.998996
  outer loop
   vertex 900.000 600.000 8.686
   vertex 900.000 700.000 4.962
   vertex 1000.000 700.000 7.462
  endloop
 endfacet
 facet normal 0.024975 -0.037205 -0.998996
  outer loop
   vertex 1000.000 600.000 11.186
   vertex 1100.000 700.000 9.962
   vertex 1100.000 600.000 13.686
  endloop
 endfacet
 facet normal 0.024975 -0.037205 -0.998996
  outer loop
   vertex 1000.000 600.000 11.186
   vertex 1000.000 700.000 7.462
   vertex 1100.000 700.000 9.962
  endloop
 endfacet
 facet normal 0.024975 -0.037205 -0.998996
  outer loop
   vertex 1100.000 600.000 13.686
   vertex 1200.000 700.000 12.462
   vertex 1200.000 600.000 16.186
  endloop
 endfacet
 facet normal 0.024975 -0.037205 -0.998996
  outer loop
   vertex 1100.000 600.000 13.686
   vertex 1100.000 700.000 9.962
   vertex 1200.000 700.000 12.462
  endloop
 endfacet
 facet normal 0.024975 -0.037205 -0.998996
  outer loop
   vertex 1200.000 600.000 16.186
   vertex 1300.000 700.000 14.962
   vertex 1300.000 600.000 18.686
  endloop
 endfacet
 facet normal 0.024975 -0.037205 -0.998996
  outer loop
   vertex 1200.000 600.000 16.186
   vertex 1200.000 700.000 12.462
   vertex 1300.000 700.000 14.962
  endloop
 endfacet
 facet normal 0.024975 -0.037205 -0.998996
  outer loop
   vertex 1300.000 600.000 18.686
   vertex 1400.000 700.000 17.462
   vertex 1400.000 600.000 21.186
  endloop
 endfacet
 facet normal 0.024975 -0.037205 -0.998996
  outer loop
   vertex 1300.000 600.000 18.686
   vertex 1300.000 700.000 14.962
   vertex 1400.000 700.000 17.462
  endloop
 endfacet
 facet normal 0.024975 -0.037205 -0.998996
  outer loop
   vertex 1400.000 600.000 21.186
   vertex 1500.000 700.000 19.962
   vertex 1500.000 600.000 23.686
  endloop
 endfacet
 facet normal 0.024975 -0.037205 -0.998996
  outer loop
   vertex 1400.000 600.000 21.186
   vertex 1400.000 700.000 17.462
   vertex 1500.000 700.000 19.962
  endloop
 endfacet
 facet normal 0.024975 -0.037205 -0.998996
  outer loop
   vertex 1500.000 600.000 23.686
   vertex 1600.000 700.000 22.462
   vertex 1600.000 600.000 26.186
  endloop
 endfacet
 facet normal 0.024975 -0.037205 -0.998996
  outer loop
   vertex 1500.000 600.000 23.686
   vertex 1500.000 700.000 19.962
   vertex 1600.000 700.000 22.462
  endloop
 endfacet
 facet normal 0.024975 -0.037205 -0.998996
  outer loop
   vertex 1600.000 600.000 26.186
   vertex 1700.000 700.000 24.962
   vertex 1700.000 600.000 28.686
  endloop
 endfacet
 facet normal 0.024975 -0.037205 -0.998996
  outer loop
   vertex 1600.000 600.000 26.186
   vertex 1600.000 700.000 22.462
   vertex 1700.000 700.000 24.962
  endloop
 endfacet
 facet normal 0.024975 -0.037205 -0.998996
  outer loop
   vertex 1700.000 600.000 28.686
   vertex 1800.000 700.000 27.462
   vertex 1800.000 600.000 31.186
  endloop
 endfacet
 facet normal 0.024975 -0.037205 -0.998996
  outer loop
   vertex 1700.000 600.000 28.686
   vertex 1700.000 700.000 24.962
   vertex 1800.000 700.000 27.462
  endloop
 endfacet
 facet normal 0.024975 -0.037205 -0.998996
  outer loop
   vertex 1800.000 600.000 31.186
   vertex 1900.000 700.000 29.962
   vertex 1900.000 600.000 33.686
  endloop
 endfacet
 facet normal 0.024975 -0.037205 -0.998996
  outer loop
   vertex 1800.000 600.000 31.186
   vertex 1800.000 700.000 27.462
   vertex 1900.000 700.000 29.962
  endloop
 endfacet
 facet normal 0.024975 -0.037205 -0.998996
  outer loop
   vertex 1900.000 600.000 33.686
   vertex 2000.000 700.000 32.462
   vertex 2000.000 600.000 36.186
  endloop
 endfacet
 facet normal 0.024975 -0.037205 -0.998996
  outer loop
   vertex 1900.000 600.000 33.686
   vertex 1900.000 700.000 29.962
   vertex 2000.000 700.000 32.462
  endloop
 endfacet
 facet normal 0.024957 -0.053071 -0.998279
  outer loop
   vertex 0.000 700.000 -17.538
   vertex 100.000 800.000 -20.355
   vertex 100.000 700.000 -15.038
  endloop
 endfacet
 facet normal 0.024957 -0.053071 -0.998279
  outer loop
   vertex 0.000 700.000 -17.538
   vertex 0.000 800.000 -22.855
   vertex 100.000 800.000 -20.355
  endloop
 endfacet
 facet normal 0.024957 -0.053071 -0.998279
  outer loop
   vertex 100.000 700.000 -15.038
   vertex 200.000 800.000 -17.855
   vertex 200.000 700.000 -12.538
  endloop
 endfacet
 facet normal 0.024957 -0.053071 -0.998279
  outer loop
   vertex 100.000 700.000 -15.038
   vertex 100.000 800.000 -20.355
   vertex 200.000 800.000 -17.855
  endloop
 endfacet
 facet normal 0.024957 -0.053071 -0.998279
  outer loop
   vertex 200.000 700.000 -12.538
   vertex 300.000 800.000 -15.355
   vertex 300.000 700.000 -10.038
  endloop
 endfacet
 facet normal 0.024957 -0.053071 -0.998279
  outer loop
   vertex 200.000 700.000 -12.538
   vertex 200.000 800.000 -17.855
   vertex 300.000 800.000 -15.355
  endloop
 endfacet
 facet normal 0.024957 -0.053071 -0.998279
  outer loop
   vertex 300.000 700.000 -10.038
   vertex 400.000 800.000 -12.855
   vertex 400.000 700.000 -7.538
  endloop
 endfacet
 facet normal 0.024957 -0.053071 -0.998279
  outer loop
   vertex 300.000 700.000 -10.038
   vertex 300.000 800.000 -15.355
   vertex 400.000 800.000 -12.855
  endloop
 endfacet
 facet normal 0.024957 -0.053071 -0.998279
  outer loop
   vertex 400.000 700.000 -7.538
   vertex 500.000 800.000 -10.355
   vertex 500.000 700.000 -5.038
  endloop
 endfacet
 facet normal 0.024957 -0.053071 -0.998279
  outer loop
   vertex 400.000 700.000 -7.538
   vertex 400.000 800.000 -12.855
   vertex 500.000 800.000 -10.355
  endloop
 endfacet
 facet normal 0.024957 -0.053071 -0.998279
  outer loop
   vertex 500.000 700.000 -5.038
   vertex 600.000 800.000 -7.855
   vertex 600.000 700.000 -2.538
  endloop
 endfacet
 facet normal 0.024957 -0.053071 -0.998279
  outer loop
   vertex 500.000 700.000 -5.038
   vertex 500.000 800.000 -10.355
   vertex 600.000 800.000 -7.855
  endloop
 endfacet
 facet normal 0.024957 -0.053071 -0.998279
  outer loop
   vertex 600.000 700.000 -2.538
   vertex 700.000 800.000 -5.355
   vertex 700.000 700.000 -0.038
  endloop
 endfacet
 facet normal 0.024957 -0.053071 -0.998279
  outer loop
   vertex 600.000 700.000 -2.538
   vertex 600.000 800.000 -7.855
   vertex 700.000 800.000 -5.355
  endloop
 endfacet
 facet normal 0.024957 -0.053071 -0.998279
  outer loop
   vertex 700.000 700.000 -0.038
   vertex 800.000 800.000 -2.855
   vertex 800.000 700.000 2.462
  endloop
 endfacet
 facet normal 0.024957 -0.053071 -0.998279
  outer loop
   vertex 700.000 700.000 -0.038
   vertex 700.000 800.000 -5.355
   vertex 800.000 800.000 -2.855
  endloop
 endfacet
 facet normal 0.024957 -0.053071 -0.998279
  outer loop
   vertex 800.000 700.000 2.462
   vertex 900.000 800.000 -0.355
   vertex 900.000 700.000 4.962
  endloop
 endfacet
 facet normal 0.024957 -0.053071 -0.998279
  outer loop
   vertex 800.000 700.000 2.462
   vertex 800.000 800.000 -2.855
   vertex 900.000 800.000 -0.355
  endloop
 endfacet
 facet normal 0.024957 -0.053071 -0.998279
  outer loop
   vertex 900.000 700.000 4.962
   vertex 1000.000 800.000 2.145
   vertex 1000.000 700.000 7.462
  endloop
 endfacet
 facet normal 0.024957 -0.053071 -0.998279
  outer loop
   vertex 900.000 700.000 4.962
   vertex 900.000 800.000 -0.355
   vertex 1000.000 800.000 2.145
  endloop
 endfacet
 facet normal 0.024957 -0.053071 -0.998279
  outer loop
   vertex 1000.000 700.000 7.462
   vertex 1100.000 800.000 4.645
   vertex 1100.000 700.000 9.962
  endloop
 endfacet
 facet normal 0.024957 -0.053071 -0.998279
  outer loop
   vertex 1000.000 700.000 7.462
   vertex 1000.000 800.000 2.145
   vertex 1100.000 800.000 4.645
  endloop
 endfacet
 facet normal 0.024957 -0.053071 -0.998279
  outer loop
   vertex 1100.000 700.000 9.962
   vertex 1200.000 800.000 7.145
   vertex 1200.000 700.000 12.462
  endloop
 endfacet
 facet normal 0.024957 -0.053071 -0.998279
  outer loop
   vertex 1100.000 700.000 9.962
   vertex 1100.000 800.000 4.645
   vertex 1200.000 800.000 7.145
  endloop
 endfacet
 facet normal 0.024957 -0.053071 -0.998279
  outer loop
   vertex 1200.000 700.000 12.462
   vertex 1300.000 800.000 9.645
   vertex 1300.000 700.000 14.962
  endloop
 endfacet
 facet normal 0.024957 -0.053071 -0.998279
  outer loop
   vertex 1200.000 700.000 12.462
   vertex 1200.000 800.000 7.145
   vertex 1300.000 800.000 9.645
  endloop
 endfacet
 facet normal 0.024957 -0.053071 -0.998279
  outer loop
   vertex 1300.000 700.000 14.962
   vertex 1400.000 800.000 12.145
   vertex 1400.000 700.000 17.462
  endloop
 endfacet
 facet normal 0.024957 -0.053071 -0.998279
  outer loop
   vertex 1300.000 700.000 14.962
   vertex 1300.000 800.000 9.645
   vertex 1400.000 800.000 12.145
  endloop
 endfacet
 facet normal 0.024957 -0.053071 -0.998279
  outer loop
   vertex 1400.000 700.000 17.462
   vertex 1500.000 800.000 14.645
   vertex 1500.000 700.000 19.962
  endloop
 endfacet
 facet normal 0.024957 -0.053071 -0.998279
  outer loop
   vertex 1400.000 700.000 17.462
   vertex 1400.000 800.000 12.145
   vertex 1500.000 800.000 14.645
  endloop
 endfacet
 facet normal 0.024957 -0.053071 -0.998279
  outer loop
   vertex 1500.000 700.000 19.962
   vertex 1600.000 800.000 17.145
   vertex 1600.000 700.000 22.462
  endloop
 endfacet
 facet normal 0.024957 -0.053071 -0.998279
  outer loop
   vertex 1500.000 700.000 19.962
   vertex 1500.000 800.000 14.645
   vertex 1600.000 800.000 17.145
  endloop
 endfacet
 facet normal 0.024957 -0.053071 -0.998279
  outer loop
   vertex 1600.000 700.000 22.462
   vertex 1700.000 800.000 19.645
   vertex 1700.000 700.000 24.962
  endloop
 endfacet
 facet normal 0.024957 -0.053071 -0.998279
  outer loop
   vertex 1600.000 700.000 22.462
   vertex 1600.000 800.000 17.145
   vertex 1700.000 800.000 19.645
  endloop
 endfacet
 facet normal 0.024957 -0.053071 -0.998279
  outer loop
   vertex 1700.000 700.000 24.962
   vertex 1800.000 800.000 22.145
   vertex 1800.000 700.000 27.462
  endloop
 endfacet
 facet normal 0.024957 -0.053071 -0.998279
  outer loop
   vertex 1700.000 700.000 24.962
   vertex 1700.000 800.000 19.645
   vertex 1800.000 800.000 22.145
  endloop
 endfacet
 facet normal 0.024957 -0.053071 -0.998279
  outer loop
   vertex 1800.000 700.000 27.462
   vertex 1900.000 800.000 24.645
   vertex 1900.000 700.000 29.962
  endloop
 endfacet
 facet normal 0.024957 -0.053071 -0.998279
  outer loop
   vertex 1800.000 700.000 27.462
   vertex 1800.000 800.000 22.145
   vertex 1900.000 800.000 24.645
  endloop
 endfacet
 facet normal 0.024957 -0.053071 -0.998279
  outer loop
   vertex 1900.000 700.000 29.962
   vertex 2000.000 800.000 27.145
   vertex 2000.000 700.000 32.462
  endloop
 endfacet
 facet normal 0.024957 -0.053071 -0.998279
  outer loop
   vertex 1900.000 700.000 29.962
   vertex 1900.000 800.000 24.645
   vertex 2000.000 800.000 27.145
  endloop
 endfacet
 facet normal 0.024942 -0.063085 -0.997696
  outer loop
   vertex 0.000 800.000 -22.855
   vertex 100.000 900.000 -26.678
   vertex 100.000 800.000 -20.355
  endloop
 endfacet
 facet normal 0.024942 -0.063085 -0.997696
  outer loop
   vertex 0.000 800.000 -22.855
   vertex 0.000 900.000 -29.178
   vertex 100.000 900.000 -26.678
  endloop
 endfacet
 facet normal 0.024942 -0.063085 -0.997696
  outer loop
   vertex 100.000 800.000 -20.355
   vertex 200.000 900.000 -24.178
   vertex 200.000 800.000 -17.855
  endloop
 endfacet
 facet normal 0.024942 -0.063085 -0.997696
  outer loop
   vertex 100.000 800.000 -20.355
   vertex 100.000 900.000 -26.678
   vertex 200.000 900.000 -24.178
  endloop
 endfacet
 facet normal 0.024942 -0.063085 -0.997696
  outer loop
   vertex 200.000 800.000 -17.855
   vertex 300.000 900.000 -21.678
   vertex 300.000 800.000 -15.355
  endloop
 endfacet
 facet normal 0.024942 -0.063085 -0.997696
  outer loop
   vertex 200.000 800.000 -17.855
   vertex 200.000 900.000 -24.178
   vertex 300.000 900.000 -21.678
  endloop
 endfacet
 facet normal 0.024942 -0.063085 -0.997696
  outer loop
   vertex 300.000 800.000 -15.355
   vertex 400.000 900.000 -19.178
   vertex 400.000 800.000 -12.855
  endloop
 endfacet
 facet normal 0.024942 -0.063085 -0.997696
  outer loop
   vertex 300.000 800.000 -15.355
   vertex 300.000 900.000 -21.678
   vertex 400.000 900.000 -19.178
  endloop
 endfacet
 facet normal 0.024942 -0.063085 -0.997696
  outer loop
   vertex 400.000 800.000 -12.855
   vertex 500.000 900.000 -16.678
   vertex 500.000 800.000 -10.355
  endloop
 endfacet
 facet normal 0.024942 -0.063085 -0.997696
  outer loop
   vertex 400.000 800.000 -12.855
   vertex 400.000 900.000 -19.178
   vertex 500.000 900.000 -16.678
  endloop
 endfacet
 facet normal 0.024942 -0.063085 -0.997696
  outer loop
   vertex 500.000 800.000 -10.355
   vertex 600.000 900.000 -14.178
   vertex 600.000 800.000 -7.855
  endloop
 endfacet
 facet normal 0.024942 -0.063085 -0.997696
  outer loop
   vertex 500.000 800.000 -10.355
   vertex 500.000 900.000 -16.678
   vertex 600.000 900.000 -14.178
  endloop
 endfacet
 facet normal 0.024942 -0.063085 -0.997696
  outer loop
   vertex 600.000 800.000 -7.855
   vertex 700.000 900.000 -11.678
   vertex 700.000 800.000 -5.355
  endloop
 endfacet
 facet normal 0.024942 -0.063085 -0.997696
  outer loop
   vertex 600.000 800.000 -7.855
   vertex 600.000 900.000 -14.178
   vertex 700.000 900.000 -11.678
  endloop
 endfacet
 facet normal 0.024942 -0.063085 -0.997696
  outer loop
   vertex 700.000 800.000 -5.355
   vertex 800.000 900.000 -9.178
   vertex 800.000 800.000 -2.855
  endloop
 endfacet
 facet normal 0.024942 -0.063085 -0.997696
  outer loop
   vertex 700.000 800.000 -5.355
   vertex 700.000 900.000 -11.678
   vertex 800.000 900.000 -9.178
  endloop
 endfacet
 facet normal 0.024942 -0.063085 -0.997696
  outer loop
   vertex 800.000 800.000 -2.855
   vertex 900.000 900.000 -6.678
   vertex 900.000 800.000 -0.355
  endloop
 endfacet
 facet normal 0.024942 -0.063085 -0.997696
  outer loop
   vertex 800.000 800.000 -2.855
   vertex 800.000 900.000 -9.178
   vertex 900.000 900.000 -6.678
  endloop
 endfacet
 facet normal 0.024942 -0.063085 -0.997696
  outer loop
   vertex 900.000 800.000 -0.355
   vertex 1000.000 900.000 -4.178
   vertex 1000.000 800.000 2.145
  endloop
 endfacet
 facet normal 0.024942 -0.063085 -0.997696
  outer loop
   vertex 900.000 800.000 -0.355
   vertex 900.000 900.000 -6.678
   vertex 1000.000 900.000 -4.178
  endloop
 endfacet
 facet normal 0.024942 -0.063085 -0.997696
  outer loop
   vertex 1000.000 800.000 2.145
   vertex 1100.000 900.000 -1.678
   vertex 1100.000 800.000 4.645
  endloop
 endfacet
 facet normal 0.024942 -0.063085 -0.997696
  outer loop
   vertex 1000.000 800.000 2.145
   vertex 1000.000 900.000 -4.178
   vertex 1100.000 900.000 -1.678
  endloop
 endfacet
 facet normal 0.024942 -0.063085 -0.997696
  outer loop
   vertex 1100.000 800.000 4.645
   vertex 1200.000 900.000 0.822
   vertex 1200.000 800.000 7.145
  endloop
 endfacet
 facet normal 0.024942 -0.063085 -0.997696
  outer loop
   vertex 1100.000 800.000 4.645
   vertex 1100.000 900.000 -1.678
   vertex 1200.000 900.000 0.822
  endloop
 endfacet
 facet normal 0.024942 -0.063085 -0.997696
  outer loop
   vertex 1200.000 800.000 7.145
   vertex 1300.000 900.000 3.322
   vertex 1300.000 800.000 9.645
  endloop
 endfacet
 facet normal 0.024942 -0.063085 -0.997696
  outer loop
   vertex 1200.000 800.000 7.145
   vertex 1200.000 900.000 0.822
   vertex 1300.000 900.000 3.322
  endloop
 endfacet
 facet normal 0.024942 -0.063085 -0.997696
  outer loop
   vertex 1300.000 800.000 9.645
   vertex 1400.000 900.000 5.822
   vertex 1400.000 800.000 12.145
  endloop
 endfacet
 facet normal 0.024942 -0.063085 -0.997696
  outer loop
   vertex 1300.000 800.000 9.645
   vertex 1300.000 900.000 3.322
   vertex 1400.000 900.000 5.822
  endloop
 endfacet
 facet normal 0.024942 -0.063085 -0.997696
  outer loop
   vertex 1400.000 800.000 12.145
   vertex 1500.000 900.000 8.322
   vertex 1500.000 800.000 14.645
  endloop
 endfacet
 facet normal 0.024942 -0.063085 -0.997696
  outer loop
   vertex 1400.000 800.000 12.145
   vertex 1400.000 900.000 5.822
   vertex 1500.000 900.000 8.322
  endloop
 endfacet
 facet normal 0.024942 -0.063085 -0.997696
  outer loop
   vertex 1500.000 800.000 14.645
   vertex 1600.000 900.000 10.822
   vertex 1600.000 800.000 17.145
  endloop
 endfacet
 facet normal 0.024942 -0.063085 -0.997696
  outer loop
   vertex 1500.000 800.000 14.645
   vertex 1500.000 900.000 8.322
   vertex 1600.000 900.000 10.822
  endloop
 endfacet
 facet normal 0.024942 -0.063085 -0.997696
  outer loop
   vertex 1600.000 800.000 17.145
   vertex 1700.000 900.000 13.322
   vertex 1700.000 800.000 19.645
  endloop
 endfacet
 facet normal 0.024942 -0.063085 -0.997696
  outer loop
   vertex 1600.000 800.000 17.145
   vertex 1600.000 900.000 10.822
   vertex 1700.000 900.000 13.322
  endloop
 endfacet
 facet normal 0.024942 -0.063085 -0.997696
  outer loop
   vertex 1700.000 800.000 19.645
   vertex 1800.000 900.000 15.822
   vertex 1800.000 800.000 22.145
  endloop
 endfacet
 facet normal 0.024942 -0.063085 -0.997696
  outer loop
   vertex 1700.000 800.000 19.645
   vertex 1700.000 900.000 13.322
   vertex 1800.000 900.000 15.822
  endloop
 endfacet
 facet normal 0.024942 -0.063085 -0.997696
  outer loop
   vertex 1800.000 800.000 22.145
   vertex 1900.000 900.000 18.322
   vertex 1900.000 800.000 24.645
  endloop
 endfacet
 facet normal 0.024942 -0.063085 -0.997696
  outer loop
   vertex 1800.000 800.000 22.145
   vertex 1800.000 900.000 15.822
   vertex 1900.000 900.000 18.322
  endloop
 endfacet
 facet normal 0.024942 -0.063085 -0.997696
  outer loop
   vertex 1900.000 800.000 24.645
   vertex 2000.000 900.000 20.822
   vertex 2000.000 800.000 27.145
  endloop
 endfacet
 facet normal 0.024942 -0.063085 -0.997696
  outer loop
   vertex 1900.000 800.000 24.645
   vertex 1900.000 900.000 18.322
   vertex 2000.000 900.000 20.822
  endloop
 endfacet
 facet normal 0.024937 -0.066172 -0.997497
  outer loop
   vertex 0.000 900.000 -29.178
   vertex 100.000 1000.000 -33.311
   vertex 100.000 900.000 -26.678
  endloop
 endfacet
 facet normal 0.024937 -0.066172 -0.997497
  outer loop
   vertex 0.000 900.000 -29.178
   vertex 0.000 1000.000 -35.811
   vertex 100.000 1000.000 -33.311
  endloop
 endfacet
 facet normal 0.024937 -0.066172 -0.997497
  outer loop
   vertex 100.000 900.000 -26.678
   vertex 200.000 1000.000 -30.811
   vertex 200.000 900.000 -24.178
  endloop
 endfacet
 facet normal 0.024937 -0.066172 -0.997497
  outer loop
   vertex 100.000 900.000 -26.678
   vertex 100.000 1000.000 -33.311
   vertex 200.000 1000.000 -30.811
  endloop
 endfacet
 facet normal 0.024937 -0.066172 -0.997497
  outer loop
   vertex 200.000 900.000 -24.178
   vertex 300.000 1000.000 -28.311
   vertex 300.000 900.000 -21.678
  endloop
 endfacet
 facet normal 0.024937 -0.066172 -0.997497
  outer loop
   vertex 200.000 900.000 -24.178
   vertex 200.000 1000.000 -30.811
   vertex 300.000 1000.000 -28.311
  endloop
 endfacet
 facet normal 0.024937 -0.066172 -0.997497
  outer loop
   vertex 300.000 900.000 -21.678
   vertex 400.000 1000.000 -25.811
   vertex 400.000 900.000 -19.178
  endloop
 endfacet
 facet normal 0.024937 -0.066172 -0.997497
  outer loop
   vertex 300.000 900.000 -21.678
   vertex 300.000 1000.000 -28.311
   vertex 400.000 1000.000 -25.811
  endloop
 endfacet
 facet normal 0.024937 -0.066172 -0.997497
  outer loop
   vertex 400.000 900.000 -19.178
   vertex 500.000 1000.000 -23.311
   vertex 500.000 900.000 -16.678
  endloop
 endfacet
 facet normal 0.024937 -0.066172 -0.997497
  outer loop
   vertex 400.000 900.000 -19.178
   vertex 400.000 1000.000 -25.811
   vertex 500.000 1000.000 -23.311
  endloop
 endfacet
 facet normal 0.024937 -0.066172 -0.997497
  outer loop
   vertex 500.000 900.000 -16.678
   vertex 600.000 1000.000 -20.811
   vertex 600.000 900.000 -14.178
  endloop
 endfacet
 facet normal 0.024937 -0.066172 -0.997497
  outer loop
   vertex 500.000 900.000 -16.678
   vertex 500.000 1000.000 -23.311
   vertex 600.000 1000.000 -20.811
  endloop
 endfacet
 facet normal 0.024937 -0.066172 -0.997497
  outer loop
   vertex 600.000 900.000 -14.178
   vertex 700.000 1000.000 -18.311
   vertex 700.000 900.000 -11.678
  endloop
 endfacet
 facet normal 0.024937 -0.066172 -0.997497
  outer loop
   vertex 600.000 900.000 -14.178
   vertex 600.000 1000.000 -20.811
   vertex 700.000 1000.000 -18.311
  endloop
 endfacet
 facet normal 0.024937 -0.066172 -0.997497
  outer loop
   vertex 700.000 900.000 -11.678
   vertex 800.000 1000.000 -15.811
   vertex 800.000 900.000 -9.178
  endloop
 endfacet
 facet normal 0.024937 -0.066172 -0.997497
  outer loop
   vertex 700.000 900.000 -11.678
   vertex 700.000 1000.000 -18.311
   vertex 800.000 1000.000 -15.811
  endloop
 endfacet
 facet normal 0.024937 -0.066172 -0.997497
  outer loop
   vertex 800.000 900.000 -9.178
   vertex 900.000 1000.000 -13.311
   vertex 900.000 900.000 -6.678
  endloop
 endfacet
 facet normal 0.024937 -0.066172 -0.997497
  outer loop
   vertex 800.000 900.000 -9.178
   vertex 800.000 1000.000 -15.811
   vertex 900.000 1000.000 -13.311
  endloop
 endfacet
 facet normal 0.024937 -0.066172 -0.997497
  outer loop
   vertex 900.000 900.000 -6.678
   vertex 1000.000 1000.000 -10.811
   vertex 1000.000 900.000 -4.178
  endloop
 endfacet
 facet normal 0.024937 -0.066172 -0.997497
  outer loop
   vertex 900.000 900.000 -6.678
   vertex 900.000 1000.000 -13.311
   vertex 1000.000 1000.000 -10.811
  endloop
 endfacet
 facet normal 0.024937 -0.066172 -0.997497
  outer loop
   vertex 1000.000 900.000 -4.178
   vertex 1100.000 1000.000 -8.311
   vertex 1100.000 900.000 -1.678
  endloop
 endfacet
 facet normal 0.024937 -0.066172 -0.997497
  outer loop
   vertex 1000.000 900.000 -4.178
   vertex 1000.000 1000.000 -10.811
   vertex 1100.000 1000.000 -8.311
  endloop
 endfacet
 facet normal 0.024937 -0.066172 -0.997497
  outer loop
   vertex 1100.000 900.000 -1.678
   vertex 1200.000 1000.000 -5.811
   vertex 1200.000 900.000 0.822
  endloop
 endfacet
 facet normal 0.024937 -0.066172 -0.997497
  outer loop
   vertex 1100.000 900.000 -1.678
   vertex 1100.000 1000.000 -8.311
   vertex 1200.000 1000.000 -5.811
  endloop
 endfacet
 facet normal 0.024937 -0.066172 -0.997497
  outer loop
   vertex 1200.000 900.000 0.822
   vertex 1300.000 1000.000 -3.311
   vertex 1300.000 900.000 3.322
  endloop
 endfacet
 facet normal 0.024937 -0.066172 -0.997497
  outer loop
   vertex 1200.000 900.000 0.822
   vertex 1200.000 1000.000 -5.811
   vertex 1300.000 1000.000 -3.311
  endloop
 endfacet
 facet normal 0.024937 -0.066172 -0.997497
  outer loop
   vertex 1300.000 900.000 3.322
   vertex 1400.000 1000.000 -0.811
   vertex 1400.000 900.000 5.822
  endloop
 endfacet
 facet normal 0.024937 -0.066172 -0.997497
  outer loop
   vertex 1300.000 900.000 3.322
   vertex 1300.000 1000.000 -3.311
   vertex 1400.000 1000.000 -0.811
  endloop
 endfacet
 facet normal 0.024937 -0.066172 -0.997497
  outer loop
   vertex 1400.000 900.000 5.822
   vertex 1500.000 1000.000 1.689
   vertex 1500.000 900.000 8.322
  endloop
 endfacet
 facet normal 0.024937 -0.066172 -0.997497
  outer loop
   vertex 1400.000 900.000 5.822
   vertex 1400.000 1000.000 -0.811
   vertex 1500.000 1000.000 1.689
  endloop
 endfacet
 facet normal 0.024937 -0.066172 -0.997497
  outer loop
   vertex 1500.000 900.000 8.322
   vertex 1600.000 1000.000 4.189
   vertex 1600.000 900.000 10.822
  endloop
 endfacet
 facet normal 0.024937 -0.066172 -0.997497
  outer loop
   vertex 1500.000 900.000 8.322
   vertex 1500.000 1000.000 1.689
   vertex 1600.000 1000.000 4.189
  endloop
 endfacet
 facet normal 0.024937 -0.066172 -0.997497
  outer loop
   vertex 1600.000 900.000 10.822
   vertex 1700.000 1000.000 6.689
   vertex 1700.000 900.000 13.322
  endloop
 endfacet
 facet normal 0.024937 -0.066172 -0.997497
  outer loop
   vertex 1600.000 900.000 10.822
   vertex 1600.000 1000.000 4.189
   vertex 1700.000 1000.000 6.689
  endloop
 endfacet
 facet normal 0.024937 -0.066172 -0.997497
  outer loop
   vertex 1700.000 900.000 13.322
   vertex 1800.000 1000.000 9.189
   vertex 1800.000 900.000 15.822
  endloop
 endfacet
 facet normal 0.024937 -0.066172 -0.997497
  outer loop
   vertex 1700.000 900.000 13.322
   vertex 1700.000 1000.000 6.689
   vertex 1800.000 1000.000 9.189
  endloop
 endfacet
 facet normal 0.024937 -0.066172 -0.997497
  outer loop
   vertex 1800.000 900.000 15.822
   vertex 1900.000 1000.000 11.689
   vertex 1900.000 900.000 18.322
  endloop
 endfacet
 facet normal 0.024937 -0.066172 -0.997497
  outer loop
   vertex 1800.000 900.000 15.822
   vertex 1800.000 1000.000 9.189
   vertex 1900.000 1000.000 11.689
  endloop
 endfacet
 facet normal 0.024937 -0.066172 -0.997497
  outer loop
   vertex 1900.000 900.000 18.322
   vertex 2000.000 1000.000 14.189
   vertex 2000.000 900.000 20.822
  endloop
 endfacet
 facet normal 0.024937 -0.066172 -0.997497
  outer loop
   vertex 1900.000 900.000 18.322
   vertex 1900.000 1000.000 11.689
   vertex 2000.000 1000.000 14.189
  endloop
 endfacet
 facet normal 0.024944 -0.062003 -0.997764
  outer loop
   vertex 0.000 1000.000 -35.811
   vertex 100.000 1100.000 -39.526
   vertex 100.000 1000.000 -33.311
  endloop
 endfacet
 facet normal 0.024944 -0.062003 -0.997764
  outer loop
   vertex 0.000 1000.000 -35.811
   vertex 0.000 1100.000 -42.026
   vertex 100.000 1100.000 -39.526
  endloop
 endfacet
 facet normal 0.024944 -0.062003 -0.997764
  outer loop
   vertex 100.000 1000.000 -33.311
   vertex 200.000 1100.000 -37.026
   vertex 200.000 1000.000 -30.811
  endloop
 endfacet
 facet normal 0.024944 -0.062003 -0.997764
  outer loop
   vertex 100.000 1000.000 -33.311
   vertex 100.000 1100.000 -39.526
   vertex 200.000 1100.000 -37.026
  endloop
 endfacet
 facet normal 0.024944 -0.062003 -0.997764
  outer loop
   vertex 200.000 1000.000 -30.811
   vertex 300.000 1100.000 -34.526
   vertex 300.000 1000.000 -28.311
  endloop
 endfacet
 facet normal 0.024944 -0.062003 -0.997764
  outer loop
   vertex 200.000 1000.000 -30.811
   vertex 200.000 1100.000 -37.026
   vertex 300.000 1100.000 -34.526
  endloop
 endfacet
 facet normal 0.024944 -0.062003 -0.997764
  outer loop
   vertex 300.000 1000.000 -28.311
   vertex 400.000 1100.000 -32.026
   vertex 400.000 1000.000 -25.811
  endloop
 endfacet
 facet normal 0.024944 -0.062003 -0.997764
  outer loop
   vertex 300.000 1000.000 -28.311
   vertex 300.000 1100.000 -34.526
   vertex 400.000 1100.000 -32.026
  endloop
 endfacet
 facet normal 0.024944 -0.062003 -0.997764
  outer loop
   vertex 400.000 1000.000 -25.811
   vertex 500.000 1100.000 -29.526
   vertex 500.000 1000.000 -23.311
  endloop
 endfacet
 facet normal 0.024944 -0.062003 -0.997764
  outer loop
   vertex 400.000 1000.000 -25.811
   vertex 400.000 1100.000 -32.026
   vertex 500.000 1100.000 -29.526
  endloop
 endfacet
 facet normal 0.024944 -0.062003 -0.997764
  outer loop
   vertex 500.000 1000.000 -23.311
   vertex 600.000 1100.000 -27.026
   vertex 600.000 1000.000 -20.811
  endloop
 endfacet
 facet normal 0.024944 -0.062003 -0.997764
  outer loop
   vertex 500.000 1000.000 -23.311
   vertex 500.000 1100.000 -29.526
   vertex 600.000 1100.000 -27.026
  endloop
 endfacet
 facet normal 0.024944 -0.062003 -0.997764
  outer loop
   vertex 600.000 1000.000 -20.811
   vertex 700.000 1100.000 -24.526
   vertex 700.000 1000.000 -18.311
  endloop
 endfacet
 facet normal 0.024944 -0.062003 -0.997764
  outer loop
   vertex 600.000 1000.000 -20.811
   vertex 600.000 1100.000 -27.026
   vertex 700.000 1100.000 -24.526
  endloop
 endfacet
 facet normal 0.024944 -0.062003 -0.997764
  outer loop
   vertex 700.000 1000.000 -18.311
   vertex 800.000 1100.000 -22.026
   vertex 800.000 1000.000 -15.811
  endloop
 endfacet
 facet normal 0.024944 -0.062003 -0.997764
  outer loop
   vertex 700.000 1000.000 -18.311
   vertex 700.000 1100.000 -24.526
   vertex 800.000 1100.000 -22.026
  endloop
 endfacet
 facet normal 0.024944 -0.062003 -0.997764
  outer loop
   vertex 800.000 1000.000 -15.811
   vertex 900.000 1100.000 -19.526
   vertex 900.000 1000.000 -13.311
  endloop
 endfacet
 facet normal 0.024944 -0.062003 -0.997764
  outer loop
   vertex 800.000 1000.000 -15.811
   vertex 800.000 1100.000 -22.026
   vertex 900.000 1100.000 -19.526
  endloop
 endfacet
 facet normal 0.024944 -0.062003 -0.997764
  outer loop
   vertex 900.000 1000.000 -13.311
   vertex 1000.000 1100.000 -17.026
   vertex 1000.000 1000.000 -10.811
  endloop
 endfacet
 facet normal 0.024944 -0.062003 -0.997764
  outer loop
   vertex 900.000 1000.000 -13.311
   vertex 900.000 1100.000 -19.526
   vertex 1000.000 1100.000 -17.026
  endloop
 endfacet
 facet normal 0.024944 -0.062003 -0.997764
  outer loop
   vertex 1000.000 1000.000 -10.811
   vertex 1100.000 1100.000 -14.526
   vertex 1100.000 1000.000 -8.311
  endloop
 endfacet
 facet normal 0.024944 -0.062003 -0.997764
  outer loop
   vertex 1000.000 1000.000 -10.811
   vertex 1000.000 1100.000 -17.026
   vertex 1100.000 1100.000 -14.526
  endloop
 endfacet
 facet normal 0.024944 -0.062003 -0.997764
  outer loop
   vertex 1100.000 1000.000 -8.311
   vertex 1200.000 1100.000 -12.026
   vertex 1200.000 1000.000 -5.811
  endloop
 endfacet
 facet normal 0.024944 -0.062003 -0.997764
  outer loop
   vertex 1100.000 1000.000 -8.311
   vertex 1100.000 1100.000 -14.526
   vertex 1200.000 1100.000 -12.026
  endloop
 endfacet
 facet normal 0.024944 -0.062003 -0.997764
  outer loop
   vertex 1200.000 1000.000 -5.811
   vertex 1300.000 1100.000 -9.526
   vertex 1300.000 1000.000 -3.311
  endloop
 endfacet
 facet normal 0.024944 -0.062003 -0.997764
  outer loop
   vertex 1200.000 1000.000 -5.811
   vertex 1200.000 1100.000 -12.026
   vertex 1300.000 1100.000 -9.526
  endloop
 endfacet
 facet normal 0.024944 -0.062003 -0.997764
  outer loop
   vertex 1300.000 1000.000 -3.311
   vertex 1400.000 1100.000 -7.026
   vertex 1400.000 1000.000 -0.811
  endloop
 endfacet
 facet normal 0.024944 -0.062003 -0.997764
  outer loop
   vertex 1300.000 1000.000 -3.311
   vertex 1300.000 1100.000 -9.526
   vertex 1400.000 1100.000 -7.026
  endloop
 endfacet
 facet normal 0.024944 -0.062003 -0.997764
  outer loop
   vertex 1400.000 1000.000 -0.811
   vertex 1500.000 1100.000 -4.526
   vertex 1500.000 1000.000 1.689
  endloop
 endfacet
 facet normal 0.024944 -0.062003 -0.997764
  outer loop
   vertex 1400.000 1000.000 -0.811
   vertex 1400.000 1100.000 -7.026
   vertex 1500.000 1100.000 -4.526
  endloop
 endfacet
 facet normal 0.024944 -0.062003 -0.997764
  outer loop
   vertex 1500.000 1000.000 1.689
   vertex 1600.000 1100.000 -2.026
   vertex 1600.000 1000.000 4.189
  endloop
 endfacet
 facet normal 0.024944 -0.062003 -0.997764
  outer loop
   vertex 1500.000 1000.000 1.689
   vertex 1500.000 1100.000 -4.526
   vertex 1600.000 1100.000 -2.026
  endloop
 endfacet
 facet normal 0.024944 -0.062003 -0.997764
  outer loop
   vertex 1600.000 1000.000 4.189
   vertex 1700.000 1100.000 0.474
   vertex 1700.000 1000.000 6.689
  endloop
 endfacet
 facet normal 0.024944 -0.062003 -0.997764
  outer loop
   vertex 1600.000 1000.000 4.189
   vertex 1600.000 1100.000 -2.026
   vertex 1700.000 1100.000 0.474
  endloop
 endfacet
 facet normal 0.024944 -0.062003 -0.997764
  outer loop
   vertex 1700.000 1000.000 6.689
   vertex 1800.000 1100.000 2.974
   vertex 1800.000 1000.000 9.189
  endloop
 endfacet
 facet normal 0.024944 -0.062003 -0.997764
  outer loop
   vertex 1700.000 1000.000 6.689
   vertex 1700.000 1100.000 0.474
   vertex 1800.000 1100.000 2.974
  endloop
 endfacet
 facet normal 0.024944 -0.062003 -0.997764
  outer loop
   vertex 1800.000 1000.000 9.189
   vertex 1900.000 1100.000 5.474
   vertex 1900.000 1000.000 11.689
  endloop
 endfacet
 facet normal 0.024944 -0.062003 -0.997764
  outer loop
   vertex 1800.000 1000.000 9.189
   vertex 1800.000 1100.000 2.974
   vertex 1900.000 1100.000 5.474
  endloop
 endfacet
 facet normal 0.024944 -0.062003 -0.997764
  outer loop
   vertex 1900.000 1000.000 11.689
   vertex 2000.000 1100.000 7.974
   vertex 2000.000 1000.000 14.189
  endloop
 endfacet
 facet normal 0.024944 -0.062003 -0.997764
  outer loop
   vertex 1900.000 1000.000 11.689
   vertex 1900.000 1100.000 5.474
   vertex 2000.000 1100.000 7.974
  endloop
 endfacet
 facet normal 0.024960 -0.051023 -0.998386
  outer loop
   vertex 0.000 1100.000 -42.026
   vertex 100.000 1200.000 -44.636
   vertex 100.000 1100.000 -39.526
  endloop
 endfacet
 facet normal 0.024960 -0.051023 -0.998386
  outer loop
   vertex 0.000 1100.000 -42.026
   vertex 0.000 1200.000 -47.136
   vertex 100.000 1200.000 -44.636
  endloop
 endfacet
 facet normal 0.024960 -0.051023 -0.998386
  outer loop
   vertex 100.000 1100.000 -39.526
   vertex 200.000 1200.000 -42.136
   vertex 200.000 1100.000 -37.026
  endloop
 endfacet
 facet normal 0.024960 -0.051023 -0.998386
  outer loop
   vertex 100.000 1100.000 -39.526
   vertex 100.000 1200.000 -44.636
   vertex 200.000 1200.000 -42.136
  endloop
 endfacet
 facet normal 0.024960 -0.051023 -0.998386
  outer loop
   vertex 200.000 1100.000 -37.026
   vertex 300.000 1200.000 -39.636
   vertex 300.000 1100.000 -34.526
  endloop
 endfacet
 facet normal 0.024960 -0.051023 -0.998386
  outer loop
   vertex 200.000 1100.000 -37.026
   vertex 200.000 1200.000 -42.136
   vertex 300.000 1200.000 -39.636
  endloop
 endfacet
 facet normal 0.024960 -0.051023 -0.998386
  outer loop
   vertex 300.000 1100.000 -34.526
   vertex 400.000 1200.000 -37.136
   vertex 400.000 1100.000 -32.026
  endloop
 endfacet
 facet normal 0.024960 -0.051023 -0.998386
  outer loop
   vertex 300.000 1100.000 -34.526
   vertex 300.000 1200.000 -39.636
   vertex 400.000 1200.000 -37.136
  endloop
 endfacet
 facet normal 0.024960 -0.051023 -0.998386
  outer loop
   vertex 400.000 1100.000 -32.026
   vertex 500.000 1200.000 -34.636
   vertex 500.000 1100.000 -29.526
  endloop
 endfacet
 facet normal 0.024960 -0.051023 -0.998386
  outer loop
   vertex 400.000 1100.000 -32.026
   vertex 400.000 1200.000 -37.136
   vertex 500.000 1200.000 -34.636
  endloop
 endfacet
 facet normal 0.024960 -0.051023 -0.998386
  outer loop
   vertex 500.000 1100.000 -29.526
   vertex 600.000 1200.000 -32.136
   vertex 600.000 1100.000 -27.026
  endloop
 endfacet
 facet normal 0.024960 -0.051023 -0.998386
  outer loop
   vertex 500.000 1100.000 -29.526
   vertex 500.000 1200.000 -34.636
   vertex 600.000 1200.000 -32.136
  endloop
 endfacet
 facet normal 0.024960 -0.051023 -0.998386
  outer loop
   vertex 600.000 1100.000 -27.026
   vertex 700.000 1200.000 -29.636
   vertex 700.000 1100.000 -24.526
  endloop
 endfacet
 facet normal 0.024960 -0.051023 -0.998386
  outer loop
   vertex 600.000 1100.000 -27.026
   vertex 600.000 1200.000 -32.136
   vertex 700.000 1200.000 -29.636
  endloop
 endfacet
 facet normal 0.024960 -0.051023 -0.998386
  outer loop
   vertex 700.000 1100.000 -24.526
   vertex 800.000 1200.000 -27.136
   vertex 800.000 1100.000 -22.026
  endloop
 endfacet
 facet normal 0.024960 -0.051023 -0.998386
  outer loop
   vertex 700.000 1100.000 -24.526
   vertex 700.000 1200.000 -29.636
   vertex 800.000 1200.000 -27.136
  endloop
 endfacet
 facet normal 0.024960 -0.051023 -0.998386
  outer loop
   vertex 800.000 1100.000 -22.026
   vertex 900.000 1200.000 -24.636
   vertex 900.000 1100.000 -19.526
  endloop
 endfacet
 facet normal 0.024960 -0.051023 -0.998386
  outer loop
   vertex 800.000 1100.000 -22.026
   vertex 800.000 1200.000 -27.136
   vertex 900.000 1200.000 -24.636
  endloop
 endfacet
 facet normal 0.024960 -0.051023 -0.998386
  outer loop
   vertex 900.000 1100.000 -19.526
   vertex 1000.000 1200.000 -22.136
   vertex 1000.000 1100.000 -17.026
  endloop
 endfacet
 facet normal 0.024960 -0.051023 -0.998386
  outer loop
   vertex 900.000 1100.000 -19.526
   vertex 900.000 1200.000 -24.636
   vertex 1000.000 1200.000 -22.136
  endloop
 endfacet
 facet normal 0.024960 -0.051023 -0.998386
  outer loop
   vertex 1000.000 1100.000 -17.026
   vertex 1100.000 1200.000 -19.636
   vertex 1100.000 1100.000 -14.526
  endloop
 endfacet
 facet normal 0.024960 -0.051023 -0.998386
  outer loop
   vertex 1000.000 1100.000 -17.026
   vertex 1000.000 1200.000 -22.136
   vertex 1100.000 1200.000 -19.636
  endloop
 endfacet
 facet normal 0.024960 -0.051023 -0.998386
  outer loop
   vertex 1100.000 1100.000 -14.526
   vertex 1200.000 1200.000 -17.136
   vertex 1200.000 1100.000 -12.026
  endloop
 endfacet
 facet normal 0.024960 -0.051023 -0.998386
  outer loop
   vertex 1100.000 1100.000 -14.526
   vertex 1100.000 1200.000 -19.636
   vertex 1200.000 1200.000 -17.136
  endloop
 endfacet
 facet normal 0.024960 -0.051023 -0.998386
  outer loop
   vertex 1200.000 1100.000 -12.026
   vertex 1300.000 1200.000 -14.636
   vertex 1300.000 1100.000 -9.526
  endloop
 endfacet
 facet normal 0.024960 -0.051023 -0.998386
  outer loop
   vertex 1200.000 1100.000 -12.026
   vertex 1200.000 1200.000 -17.136
   vertex 1300.000 1200.000 -14.636
  endloop
 endfacet
 facet normal 0.024960 -0.051023 -0.998386
  outer loop
   vertex 1300.000 1100.000 -9.526
   vertex 1400.000 1200.000 -12.136
   vertex 1400.000 1100.000 -7.026
  endloop
 endfacet
 facet normal 0.024960 -0.051023 -0.998386
  outer loop
   vertex 1300.000 1100.000 -9.526
   vertex 1300.000 1200.000 -14.636
   vertex 1400.000 1200.000 -12.136
  endloop
 endfacet
 facet normal 0.024960 -0.051023 -0.998386
  outer loop
   vertex 1400.000 1100.000 -7.026
   vertex 1500.000 1200.000 -9.636
   vertex 1500.000 1100.000 -4.526
  endloop
 endfacet
 facet normal 0.024960 -0.051023 -0.998386
  outer loop
   vertex 1400.000 1100.000 -7.026
   vertex 1400.000 1200.000 -12.136
   vertex 1500.000 1200.000 -9.636
  endloop
 endfacet
 facet normal 0.024960 -0.051023 -0.998386
  outer loop
   vertex 1500.000 1100.000 -4.526
   vertex 1600.000 1200.000 -7.136
   vertex 1600.000 1100.000 -2.026
  endloop
 endfacet
 facet normal 0.024960 -0.051023 -0.998386
  outer loop
   vertex 1500.000 1100.000 -4.526
   vertex 1500.000 1200.000 -9.636
   vertex 1600.000 1200.000 -7.136
  endloop
 endfacet
 facet normal 0.024960 -0.051023 -0.998386
  outer loop
   vertex 1600.000 1100.000 -2.026
   vertex 1700.000 1200.000 -4.636
   vertex 1700.000 1100.000 0.474
  endloop
 endfacet
 facet normal 0.024960 -0.051023 -0.998386
  outer loop
   vertex 1600.000 1100.000 -2.026
   vertex 1600.000 1200.000 -7.136
   vertex 1700.000 1200.000 -4.636
  endloop
 endfacet
 facet normal 0.024960 -0.051023 -0.998386
  outer loop
   vertex 1700.000 1100.000 0.474
   vertex 1800.000 1200.000 -2.136
   vertex 1800.000 1100.000 2.974
  endloop
 endfacet
 facet normal 0.024960 -0.051023 -0.998386
  outer loop
   vertex 1700.000 1100.000 0.474
   vertex 1700.000 1200.000 -4.636
   vertex 1800.000 1200.000 -2.136
  endloop
 endfacet
 facet normal 0.024960 -0.051023 -0.998386
  outer loop
   vertex 1800.000 1100.000 2.974
   vertex 1900.000 1200.000 0.364
   vertex 1900.000 1100.000 5.474
  endloop
 endfacet
 facet normal 0.024960 -0.051023 -0.998386
  outer loop
   vertex 1800.000 1100.000 2.974
   vertex 1800.000 1200.000 -2.136
   vertex 1900.000 1200.000 0.364
  endloop
 endfacet
 facet normal 0.024960 -0.051023 -0.998386
  outer loop
   vertex 1900.000 1100.000 5.474
   vertex 2000.000 1200.000 2.864
   vertex 2000.000 1100.000 7.974
  endloop
 endfacet
 facet normal 0.024960 -0.051023 -0.998386
  outer loop
   vertex 1900.000 1100.000 5.474
   vertex 1900.000 1200.000 0.364
   vertex 2000.000 1200.000 2.864
  endloop
 endfacet
 facet normal 0.024977 -0.034411 -0.999096
  outer loop
   vertex 0.000 1200.000 -47.136
   vertex 100.000 1300.000 -48.080
   vertex 100.000 1200.000 -44.636
  endloop
 endfacet
 facet normal 0.024977 -0.034411 -0.999096
  outer loop
   vertex 0.000 1200.000 -47.136
   vertex 0.000 1300.000 -50.580
   vertex 100.000 1300.000 -48.080
  endloop
 endfacet
 facet normal 0.024977 -0.034411 -0.999096
  outer loop
   vertex 100.000 1200.000 -44.636
   vertex 200.000 1300.000 -45.580
   vertex 200.000 1200.000 -42.136
  endloop
 endfacet
 facet normal 0.024977 -0.034411 -0.999096
  outer loop
   vertex 100.000 1200.000 -44.636
   vertex 100.000 1300.000 -48.080
   vertex 200.000 1300.000 -45.580
  endloop
 endfacet
 facet normal 0.024977 -0.034411 -0.999096
  outer loop
   vertex 200.000 1200.000 -42.136
   vertex 300.000 1300.000 -43.080
   vertex 300.000 1200.000 -39.636
  endloop
 endfacet
 facet normal 0.024977 -0.034411 -0.999096
  outer loop
   vertex 200.000 1200.000 -42.136
   vertex 200.000 1300.000 -45.580
   vertex 300.000 1300.000 -43.080
  endloop
 endfacet
 facet normal 0.024977 -0.034411 -0.999096
  outer loop
   vertex 300.000 1200.000 -39.636
   vertex 400.000 1300.000 -40.580
   vertex 400.000 1200.000 -37.136
  endloop
 endfacet
 facet normal 0.024977 -0.034411 -0.999096
  outer loop
   vertex 300.000 1200.000 -39.636
   vertex 300.000 1300.000 -43.080
   vertex 400.000 1300.000 -40.580
  endloop
 endfacet
 facet normal 0.024977 -0.034411 -0.999096
  outer loop
   vertex 400.000 1200.000 -37.136
   vertex 500.000 1300.000 -38.080
   vertex 500.000 1200.000 -34.636
  endloop
 endfacet
 facet normal 0.024977 -0.034411 -0.999096
  outer loop
   vertex 400.000 1200.000 -37.136
   vertex 400.000 1300.000 -40.580
   vertex 500.000 1300.000 -38.080
  endloop
 endfacet
 facet normal 0.024977 -0.034411 -0.999096
  outer loop
   vertex 500.000 1200.000 -34.636
   vertex 600.000 1300.000 -35.580
   vertex 600.000 1200.000 -32.136
  endloop
 endfacet
 facet normal 0.024977 -0.034411 -0.999096
  outer loop
   vertex 500.000 1200.000 -34.636
   vertex 500.000 1300.000 -38.080
   vertex 600.000 1300.000 -35.580
  endloop
 endfacet
 facet normal 0.024977 -0.034411 -0.999096
  outer loop
   vertex 600.000 1200.000 -32.136
   vertex 700.000 1300.000 -33.080
   vertex 700.000 1200.000 -29.636
  endloop
 endfacet
 facet normal 0.024977 -0.034411 -0.999096
  outer loop
   vertex 600.000 1200.000 -32.136
   vertex 600.000 1300.000 -35.580
   vertex 700.000 1300.000 -33.080
  endloop
 endfacet
 facet normal 0.024977 -0.034411 -0.999096
  outer loop
   vertex 700.000 1200.000 -29.636
   vertex 800.000 1300.000 -30.580
   vertex 800.000 1200.000 -27.136
  endloop
 endfacet
 facet normal 0.024977 -0.034411 -0.999096
  outer loop
   vertex 700.000 1200.000 -29.636
   vertex 700.000 1300.000 -33.080
   vertex 800.000 1300.000 -30.580
  endloop
 endfacet
 facet normal 0.024977 -0.034411 -0.999096
  outer loop
   vertex 800.000 1200.000 -27.136
   vertex 900.000 1300.000 -28.080
   vertex 900.000 1200.000 -24.636
  endloop
 endfacet
 facet normal 0.024977 -0.034411 -0.999096
  outer loop
   vertex 800.000 1200.000 -27.136
   vertex 800.000 1300.000 -30.580
   vertex 900.000 1300.000 -28.080
  endloop
 endfacet
 facet normal 0.024977 -0.034411 -0.999096
  outer loop
   vertex 900.000 1200.000 -24.636
   vertex 1000.000 1300.000 -25.580
   vertex 1000.000 1200.000 -22.136
  endloop
 endfacet
 facet normal 0.024977 -0.034411 -0.999096
  outer loop
   vertex 900.000 1200.000 -24.636
   vertex 900.000 1300.000 -28.080
   vertex 1000.000 1300.000 -25.580
  endloop
 endfacet
 facet normal 0.024977 -0.034411 -0.999096
  outer loop
   vertex 1000.000 1200.000 -22.136
   vertex 1100.000 1300.000 -23.080
   vertex 1100.000 1200.000 -19.636
  endloop
 endfacet
 facet normal 0.024977 -0.034411 -0.999096
  outer loop
   vertex 1000.000 1200.000 -22.136
   vertex 1000.000 1300.000 -25.580
   vertex 1100.000 1300.000 -23.080
  endloop
 endfacet
 facet normal 0.024977 -0.034411 -0.999096
  outer loop
   vertex 1100.000 1200.000 -19.636
   vertex 1200.000 1300.000 -20.580
   vertex 1200.000 1200.000 -17.136
  endloop
 endfacet
 facet normal 0.024977 -0.034411 -0.999096
  outer loop
   vertex 1100.000 1200.000 -19.636
   vertex 1100.000 1300.000 -23.080
   vertex 1200.000 1300.000 -20.580
  endloop
 endfacet
 facet normal 0.024977 -0.034411 -0.999096
  outer loop
   vertex 1200.000 1200.000 -17.136
   vertex 1300.000 1300.000 -18.080
   vertex 1300.000 1200.000 -14.636
  endloop
 endfacet
 facet normal 0.024977 -0.034411 -0.999096
  outer loop
   vertex 1200.000 1200.000 -17.136
   vertex 1200.000 1300.000 -20.580
   vertex 1300.000 1300.000 -18.080
  endloop
 endfacet
 facet normal 0.024977 -0.034411 -0.999096
  outer loop
   vertex 1300.000 1200.000 -14.636
   vertex 1400.000 1300.000 -15.580
   vertex 1400.000 1200.000 -12.136
  endloop
 endfacet
 facet normal 0.024977 -0.034411 -0.999096
  outer loop
   vertex 1300.000 1200.000 -14.636
   vertex 1300.000 1300.000 -18.080
   vertex 1400.000 1300.000 -15.580
  endloop
 endfacet
 facet normal 0.024977 -0.034411 -0.999096
  outer loop
   vertex 1400.000 1200.000 -12.136
   vertex 1500.000 1300.000 -13.080
   vertex 1500.000 1200.000 -9.636
  endloop
 endfacet
 facet normal 0.024977 -0.034411 -0.999096
  outer loop
   vertex 1400.000 1200.000 -12.136
   vertex 1400.000 1300.000 -15.580
   vertex 1500.000 1300.000 -13.080
  endloop
 endfacet
 facet normal 0.024977 -0.034411 -0.999096
  outer loop
   vertex 1500.000 1200.000 -9.636
   vertex 1600.000 1300.000 -10.580
   vertex 1600.000 1200.000 -7.136
  endloop
 endfacet
 facet normal 0.024977 -0.034411 -0.999096
  outer loop
   vertex 1500.000 1200.000 -9.636
   vertex 1500.000 1300.000 -13.080
   vertex 1600.000 1300.000 -10.580
  endloop
 endfacet
 facet normal 0.024977 -0.034411 -0.999096
  outer loop
   vertex 1600.000 1200.000 -7.136
   vertex 1700.000 1300.000 -8.080
   vertex 1700.000 1200.000 -4.636
  endloop
 endfacet
 facet normal 0.024977 -0.034411 -0.999096
  outer loop
   vertex 1600.000 1200.000 -7.136
   vertex 1600.000 1300.000 -10.580
   vertex 1700.000 1300.000 -8.080
  endloop
 endfacet
 facet normal 0.024977 -0.034411 -0.999096
  outer loop
   vertex 1700.000 1200.000 -4.636
   vertex 1800.000 1300.000 -5.580
   vertex 1800.000 1200.000 -2.136
  endloop
 endfacet
 facet normal 0.024977 -0.034411 -0.999096
  outer loop
   vertex 1700.000 1200.000 -4.636
   vertex 1700.000 1300.000 -8.080
   vertex 1800.000 1300.000 -5.580
  endloop
 endfacet
 facet normal 0.024977 -0.034411 -0.999096
  outer loop
   vertex 1800.000 1200.000 -2.136
   vertex 1900.000 1300.000 -3.080
   vertex 1900.000 1200.000 0.364
  endloop
 endfacet
 facet normal 0.024977 -0.034411 -0.999096
  outer loop
   vertex 1800.000 1200.000 -2.136
   vertex 1800.000 1300.000 -5.580
   vertex 1900.000 1300.000 -3.080
  endloop
 endfacet
 facet normal 0.024977 -0.034411 -0.999096
  outer loop
   vertex 1900.000 1200.000 0.364
   vertex 2000.000 1300.000 -0.580
   vertex 2000.000 1200.000 2.864
  endloop
 endfacet
 facet normal 0.024977 -0.034411 -0.999096
  outer loop
   vertex 1900.000 1200.000 0.364
   vertex 1900.000 1300.000 -3.080
   vertex 2000.000 1300.000 -0.580
  endloop
 endfacet
 facet normal 0.024990 -0.013982 -0.999590
  outer loop
   vertex 0.000 1300.000 -50.580
   vertex 100.000 1400.000 -49.479
   vertex 100.000 1300.000 -48.080
  endloop
 endfacet
 facet normal 0.024990 -0.013982 -0.999590
  outer loop
   vertex 0.000 1300.000 -50.580
   vertex 0.000 1400.000 -51.979
   vertex 100.000 1400.000 -49.479
  endloop
 endfacet
 facet normal 0.024990 -0.013982 -0.999590
  outer loop
   vertex 100.000 1300.000 -48.080
   vertex 200.000 1400.000 -46.979
   vertex 200.000 1300.000 -45.580
  endloop
 endfacet
 facet normal 0.024990 -0.013982 -0.999590
  outer loop
   vertex 100.000 1300.000 -48.080
   vertex 100.000 1400.000 -49.479
   vertex 200.000 1400.000 -46.979
  endloop
 endfacet
 facet normal 0.024990 -0.013982 -0.999590
  outer loop
   vertex 200.000 1300.000 -45.580
   vertex 300.000 1400.000 -44.479
   vertex 300.000 1300.000 -43.080
  endloop
 endfacet
 facet normal 0.024990 -0.013982 -0.999590
  outer loop
   vertex 200.000 1300.000 -45.580
   vertex 200.000 1400.000 -46.979
   vertex 300.000 1400.000 -44.479
  endloop
 endfacet
 facet normal 0.024990 -0.013982 -0.999590
  outer loop
   vertex 300.000 1300.000 -43.080
   vertex 400.000 1400.000 -41.979
   vertex 400.000 1300.000 -40.580
  endloop
 endfacet
 facet normal 0.024990 -0.013982 -0.999590
  outer loop
   vertex 300.000 1300.000 -43.080
   vertex 300.000 1400.000 -44.479
   vertex 400.000 1400.000 -41.979
  endloop
 endfacet
 facet normal 0.024990 -0.013982 -0.999590
  outer loop
   vertex 400.000 1300.000 -40.580
   vertex 500.000 1400.000 -39.479
   vertex 500.000 1300.000 -38.080
  endloop
 endfacet
 facet normal 0.024990 -0.013982 -0.999590
  outer loop
   vertex 400.000 1300.000 -40.580
   vertex 400.000 1400.000 -41.979
   vertex 500.000 1400.000 -39.479
  endloop
 endfacet
 facet normal 0.024990 -0.013982 -0.999590
  outer loop
   vertex 500.000 1300.000 -38.080
   vertex 600.000 1400.000 -36.979
   vertex 600.000 1300.000 -35.580
  endloop
 endfacet
 facet normal 0.024990 -0.013982 -0.999590
  outer loop
   vertex 500.000 1300.000 -38.080
   vertex 500.000 1400.000 -39.479
   vertex 600.000 1400.000 -36.979
  endloop
 endfacet
 facet normal 0.024990 -0.013982 -0.999590
  outer loop
   vertex 600.000 1300.000 -35.580
   vertex 700.000 1400.000 -34.479
   vertex 700.000 1300.000 -33.080
  endloop
 endfacet
 facet normal 0.024990 -0.013982 -0.999590
  outer loop
   vertex 600.000 1300.000 -35.580
   vertex 600.000 1400.000 -36.979
   vertex 700.000 1400.000 -34.479
  endloop
 endfacet
 facet normal 0.024990 -0.013982 -0.999590
  outer loop
   vertex 700.000 1300.000 -33.080
   vertex 800.000 1400.000 -31.979
   vertex 800.000 1300.000 -30.580
  endloop
 endfacet
 facet normal 0.024990 -0.013982 -0.999590
  outer loop
   vertex 700.000 1300.000 -33.080
   vertex 700.000 1400.000 -34.479
   vertex 800.000 1400.000 -31.979
  endloop
 endfacet
 facet normal 0.024990 -0.013982 -0.999590
  outer loop
   vertex 800.000 1300.000 -30.580
   vertex 900.000 1400.000 -29.479
   vertex 900.000 1300.000 -28.080
  endloop
 endfacet
 facet normal 0.024990 -0.013982 -0.999590
  outer loop
   vertex 800.000 1300.000 -30.580
   vertex 800.000 1400.000 -31.979
   vertex 900.000 1400.000 -29.479
  endloop
 endfacet
 facet normal 0.024990 -0.013982 -0.999590
  outer loop
   vertex 900.000 1300.000 -28.080
   vertex 1000.000 1400.000 -26.979
   vertex 1000.000 1300.000 -25.580
  endloop
 endfacet
 facet normal 0.024990 -0.013982 -0.999590
  outer loop
   vertex 900.000 1300.000 -28.080
   vertex 900.000 1400.000 -29.479
   vertex 1000.000 1400.000 -26.979
  endloop
 endfacet
 facet normal 0.024990 -0.013982 -0.999590
  outer loop
   vertex 1000.000 1300.000 -25.580
   vertex 1100.000 1400.000 -24.479
   vertex 1100.000 1300.000 -23.080
  endloop
 endfacet
 facet normal 0.024990 -0.013982 -0.999590
  outer loop
   vertex 1000.000 1300.000 -25.580
   vertex 1000.000 1400.000 -26.979
   vertex 1100.000 1400.000 -24.479
  endloop
 endfacet
 facet normal 0.024990 -0.013982 -0.999590
  outer loop
   vertex 1100.000 1300.000 -23.080
   vertex 1200.000 1400.000 -21.979
   vertex 1200.000 1300.000 -20.580
  endloop
 endfacet
 facet normal 0.024990 -0.013982 -0.999590
  outer loop
   vertex 1100.000 1300.000 -23.080
   vertex 1100.000 1400.000 -24.479
   vertex 1200.000 1400.000 -21.979
  endloop
 endfacet
 facet normal 0.024990 -0.013982 -0.999590
  outer loop
   vertex 1200.000 1300.000 -20.580
   vertex 1300.000 1400.000 -19.479
   vertex 1300.000 1300.000 -18.080
  endloop
 endfacet
 facet normal 0.024990 -0.013982 -0.999590
  outer loop
   vertex 1200.000 1300.000 -20.580
   vertex 1200.000 1400.000 -21.979
   vertex 1300.000 1400.000 -19.479
  endloop
 endfacet
 facet normal 0.024990 -0.013982 -0.999590
  outer loop
   vertex 1300.000 1300.000 -18.080
   vertex 1400.000 1400.000 -16.979
   vertex 1400.000 1300.000 -15.580
  endloop
 endfacet
 facet normal 0.024990 -0.013982 -0.999590
  outer loop
   vertex 1300.000 1300.000 -18.080
   vertex 1300.000 1400.000 -19.479
   vertex 1400.000 1400.000 -16.979
  endloop
 endfacet
 facet normal 0.024990 -0.013982 -0.999590
  outer loop
   vertex 1400.000 1300.000 -15.580
   vertex 1500.000 1400.000 -14.479
   vertex 1500.000 1300.000 -13.080
  endloop
 endfacet
 facet normal 0.024990 -0.013982 -0.999590
  outer loop
   vertex 1400.000 1300.000 -15.580
   vertex 1400.000 1400.000 -16.979
   vertex 1500.000 1400.000 -14.479
  endloop
 endfacet
 facet normal 0.024990 -0.013982 -0.999590
  outer loop
   vertex 1500.000 1300.000 -13.080
   vertex 1600.000 1400.000 -11.979
   vertex 1600.000 1300.000 -10.580
  endloop
 endfacet
 facet normal 0.024990 -0.013982 -0.999590
  outer loop
   vertex 1500.000 1300.000 -13.080
   vertex 1500.000 1400.000 -14.479
   vertex 1600.000 1400.000 -11.979
  endloop
 endfacet
 facet normal 0.024990 -0.013982 -0.999590
  outer loop
   vertex 1600.000 1300.000 -10.580
   vertex 1700.000 1400.000 -9.479
   vertex 1700.000 1300.000 -8.080
  endloop
 endfacet
 facet normal 0.024990 -0.013982 -0.999590
  outer loop
   vertex 1600.000 1300.000 -10.580
   vertex 1600.000 1400.000 -11.979
   vertex 1700.000 1400.000 -9.479
  endloop
 endfacet
 facet normal 0.024990 -0.013982 -0.999590
  outer loop
   vertex 1700.000 1300.000 -8.080
   vertex 1800.000 1400.000 -6.979
   vertex 1800.000 1300.000 -5.580
  endloop
 endfacet
 facet normal 0.024990 -0.013982 -0.999590
  outer loop
   vertex 1700.000 1300.000 -8.080
   vertex 1700.000 1400.000 -9.479
   vertex 1800.000 1400.000 -6.979
  endloop
 endfacet
 facet normal 0.024990 -0.013982 -0.999590
  outer loop
   vertex 1800.000 1300.000 -5.580
   vertex 1900.000 1400.000 -4.479
   vertex 1900.000 1300.000 -3.080
  endloop
 endfacet
 facet normal 0.024990 -0.013982 -0.999590
  outer loop
   vertex 1800.000 1300.000 -5.580
   vertex 1800.000 1400.000 -6.979
   vertex 1900.000 1400.000 -4.479
  endloop
 endfacet
 facet normal 0.024990 -0.013982 -0.999590
  outer loop
   vertex 1900.000 1300.000 -3.080
   vertex 2000.000 1400.000 -1.979
   vertex 2000.000 1300.000 -0.580
  endloop
 endfacet
 facet normal 0.024990 -0.013982 -0.999590
  outer loop
   vertex 1900.000 1300.000 -3.080
   vertex 1900.000 1400.000 -4.479
   vertex 2000.000 1400.000 -1.979
  endloop
 endfacet
 facet normal 0.024991 0.008003 -0.999656
  outer loop
   vertex 0.000 1400.000 -51.979
   vertex 100.000 1500.000 -48.678
   vertex 100.000 1400.000 -49.479
  endloop
 endfacet
 facet normal 0.024991 0.008003 -0.999656
  outer loop
   vertex 0.000 1400.000 -51.979
   vertex 0.000 1500.000 -51.178
   vertex 100.000 1500.000 -48.678
  endloop
 endfacet
 facet normal 0.024991 0.008003 -0.999656
  outer loop
   vertex 100.000 1400.000 -49.479
   vertex 200.000 1500.000 -46.178
   vertex 200.000 1400.000 -46.979
  endloop
 endfacet
 facet normal 0.024991 0.008003 -0.999656
  outer loop
   vertex 100.000 1400.000 -49.479
   vertex 100.000 1500.000 -48.678
   vertex 200.000 1500.000 -46.178
  endloop
 endfacet
 facet normal 0.024991 0.008003 -0.999656
  outer loop
   vertex 200.000 1400.000 -46.979
   vertex 300.000 1500.000 -43.678
   vertex 300.000 1400.000 -44.479
  endloop
 endfacet
 facet normal 0.024991 0.008003 -0.999656
  outer loop
   vertex 200.000 1400.000 -46.979
   vertex 200.000 1500.000 -46.178
   vertex 300.000 1500.000 -43.678
  endloop
 endfacet
 facet normal 0.024991 0.008003 -0.999656
  outer loop
   vertex 300.000 1400.000 -44.479
   vertex 400.000 1500.000 -41.178
   vertex 400.000 1400.000 -41.979
  endloop
 endfacet
 facet normal 0.024991 0.008003 -0.999656
  outer loop
   vertex 300.000 1400.000 -44.479
   vertex 300.000 1500.000 -43.678
   vertex 400.000 1500.000 -41.178
  endloop
 endfacet
 facet normal 0.024991 0.008003 -0.999656
  outer loop
   vertex 400.000 1400.000 -41.979
   vertex 500.000 1500.000 -38.678
   vertex 500.000 1400.000 -39.479
  endloop
 endfacet
 facet normal 0.024991 0.008003 -0.999656
  outer loop
   vertex 400.000 1400.000 -41.979
   vertex 400.000 1500.000 -41.178
   vertex 500.000 1500.000 -38.678
  endloop
 endfacet
 facet normal 0.024991 0.008003 -0.999656
  outer loop
   vertex 500.000 1400.000 -39.479
   vertex 600.000 1500.000 -36.178
   vertex 600.000 1400.000 -36.979
  endloop
 endfacet
 facet normal 0.024991 0.008003 -0.999656
  outer loop
   vertex 500.000 1400.000 -39.479
   vertex 500.000 1500.000 -38.678
   vertex 600.000 1500.000 -36.178
  endloop
 endfacet
 facet normal 0.024991 0.008003 -0.999656
  outer loop
   vertex 600.000 1400.000 -36.979
   vertex 700.000 1500.000 -33.678
   vertex 700.000 1400.000 -34.479
  endloop
 endfacet
 facet normal 0.024991 0.008003 -0.999656
  outer loop
   vertex 600.000 1400.000 -36.979
   vertex 600.000 1500.000 -36.178
   vertex 700.000 1500.000 -33.678
  endloop
 endfacet
 facet normal 0.024991 0.008003 -0.999656
  outer loop
   vertex 700.000 1400.000 -34.479
   vertex 800.000 1500.000 -31.178
   vertex 800.000 1400.000 -31.979
  endloop
 endfacet
 facet normal 0.024991 0.008003 -0.999656
  outer loop
   vertex 700.000 1400.000 -34.479
   vertex 700.000 1500.000 -33.678
   vertex 800.000 1500.000 -31.178
  endloop
 endfacet
 facet normal 0.024991 0.008003 -0.999656
  outer loop
   vertex 800.000 1400.000 -31.979
   vertex 900.000 1500.000 -28.678
   vertex 900.000 1400.000 -29.479
  endloop
 endfacet
 facet normal 0.024991 0.008003 -0.999656
  outer loop
   vertex 800.000 1400.000 -31.979
   vertex 800.000 1500.000 -31.178
   vertex 900.000 1500.000 -28.678
  endloop
 endfacet
 facet normal 0.024991 0.008003 -0.999656
  outer loop
   vertex 900.000 1400.000 -29.479
   vertex 1000.000 1500.000 -26.178
   vertex 1000.000 1400.000 -26.979
  endloop
 endfacet
 facet normal 0.024991 0.008003 -0.999656
  outer loop
   vertex 900.000 1400.000 -29.479
   vertex 900.000 1500.000 -28.678
   vertex 1000.000 1500.000 -26.178
  endloop
 endfacet
 facet normal 0.024991 0.008003 -0.999656
  outer loop
   vertex 1000.000 1400.000 -26.979
   vertex 1100.000 1500.000 -23.678
   vertex 1100.000 1400.000 -24.479
  endloop
 endfacet
 facet normal 0.024991 0.008003 -0.999656
  outer loop
   vertex 1000.000 1400.000 -26.979
   vertex 1000.000 1500.000 -26.178
   vertex 1100.000 1500.000 -23.678
  endloop
 endfacet
 facet normal 0.024991 0.008003 -0.999656
  outer loop
   vertex 1100.000 1400.000 -24.479
   vertex 1200.000 1500.000 -21.178
   vertex 1200.000 1400.000 -21.979
  endloop
 endfacet
 facet normal 0.024991 0.008003 -0.999656
  outer loop
   vertex 1100.000 1400.000 -24.479
   vertex 1100.000 1500.000 -23.678
   vertex 1200.000 1500.000 -21.178
  endloop
 endfacet
 facet normal 0.024991 0.008003 -0.999656
  outer loop
   vertex 1200.000 1400.000 -21.979
   vertex 1300.000 1500.000 -18.678
   vertex 1300.000 1400.000 -19.479
  endloop
 endfacet
 facet normal 0.024991 0.008003 -0.999656
  outer loop
   vertex 1200.000 1400.000 -21.979
   vertex 1200.000 1500.000 -21.178
   vertex 1300.000 1500.000 -18.678
  endloop
 endfacet
 facet normal 0.024991 0.008003 -0.999656
  outer loop
   vertex 1300.000 1400.000 -19.479
   vertex 1400.000 1500.000 -16.178
   vertex 1400.000 1400.000 -16.979
  endloop
 endfacet
 facet normal 0.024991 0.008003 -0.999656
  outer loop
   vertex 1300.000 1400.000 -19.479
   vertex 1300.000 1500.000 -18.678
   vertex 1400.000 1500.000 -16.178
  endloop
 endfacet
 facet normal 0.024991 0.008003 -0.999656
  outer loop
   vertex 1400.000 1400.000 -16.979
   vertex 1500.000 1500.000 -13.678
   vertex 1500.000 1400.000 -14.479
  endloop
 endfacet
 facet normal 0.024991 0.008003 -0.999656
  outer loop
   vertex 1400.000 1400.000 -16.979
   vertex 1400.000 1500.000 -16.178
   vertex 1500.000 1500.000 -13.678
  endloop
 endfacet
 facet normal 0.024991 0.008003 -0.999656
  outer loop
   vertex 1500.000 1400.000 -14.479
   vertex 1600.000 1500.000 -11.178
   vertex 1600.000 1400.000 -11.979
  endloop
 endfacet
 facet normal 0.024991 0.008003 -0.999656
  outer loop
   vertex 1500.000 1400.000 -14.479
   vertex 1500.000 1500.000 -13.678
   vertex 1600.000 1500.000 -11.178
  endloop
 endfacet
 facet normal 0.024991 0.008003 -0.999656
  outer loop
   vertex 1600.000 1400.000 -11.979
   vertex 1700.000 1500.000 -8.678
   vertex 1700.000 1400.000 -9.479
  endloop
 endfacet
 facet normal 0.024991 0.008003 -0.999656
  outer loop
   vertex 1600.000 1400.000 -11.979
   vertex 1600.000 1500.000 -11.178
   vertex 1700.000 1500.000 -8.678
  endloop
 endfacet
 facet normal 0.024991 0.008003 -0.999656
  outer loop
   vertex 1700.000 1400.000 -9.479
   vertex 1800.000 1500.000 -6.178
   vertex 1800.000 1400.000 -6.979
  endloop
 endfacet
 facet normal 0.024991 0.008003 -0.999656
  outer loop
   vertex 1700.000 1400.000 -9.479
   vertex 1700.000 1500.000 -8.678
   vertex 1800.000 1500.000 -6.178
  endloop
 endfacet
 facet normal 0.024991 0.008003 -0.999656
  outer loop
   vertex 1800.000 1400.000 -6.979
   vertex 1900.000 1500.000 -3.678
   vertex 1900.000 1400.000 -4.479
  endloop
 endfacet
 facet normal 0.024991 0.008003 -0.999656
  outer loop
   vertex 1800.000 1400.000 -6.979
   vertex 1800.000 1500.000 -6.178
   vertex 1900.000 1500.000 -3.678
  endloop
 endfacet
 facet normal 0.024991 0.008003 -0.999656
  outer loop
   vertex 1900.000 1400.000 -4.479
   vertex 2000.000 1500.000 -1.178
   vertex 2000.000 1400.000 -1.979
  endloop
 endfacet
 facet normal 0.024991 0.008003 -0.999656
  outer loop
   vertex 1900.000 1400.000 -4.479
   vertex 1900.000 1500.000 -3.678
   vertex 2000.000 1500.000 -1.178
  endloop
 endfacet
 facet normal 0.024982 0.029098 -0.999264
  outer loop
   vertex 0.000 1500.000 -51.178
   vertex 100.000 1600.000 -45.767
   vertex 100.000 1500.000 -48.678
  endloop
 endfacet
 facet normal 0.024982 0.029098 -0.999264
  outer loop
   vertex 0.000 1500.000 -51.178
   vertex 0.000 1600.000 -48.267
   vertex 100.000 1600.000 -45.767
  endloop
 endfacet
 facet normal 0.024982 0.029098 -0.999264
  outer loop
   vertex 100.000 1500.000 -48.678
   vertex 200.000 1600.000 -43.267
   vertex 200.000 1500.000 -46.178
  endloop
 endfacet
 facet normal 0.024982 0.029098 -0.999264
  outer loop
   vertex 100.000 1500.000 -48.678
   vertex 100.000 1600.000 -45.767
   vertex 200.000 1600.000 -43.267
  endloop
 endfacet
 facet normal 0.024982 0.029098 -0.999264
  outer loop
   vertex 200.000 1500.000 -46.178
   vertex 300.000 1600.000 -40.767
   vertex 300.000 1500.000 -43.678
  endloop
 endfacet
 facet normal 0.024982 0.029098 -0.999264
  outer loop
   vertex 200.000 1500.000 -46.178
   vertex 200.000 1600.000 -43.267
   vertex 300.000 1600.000 -40.767
  endloop
 endfacet
 facet normal 0.024982 0.029098 -0.999264
  outer loop
   vertex 300.000 1500.000 -43.678
   vertex 400.000 1600.000 -38.267
   vertex 400.000 1500.000 -41.178
  endloop
 endfacet
 facet normal 0.024982 0.029098 -0.999264
  outer loop
   vertex 300.000 1500.000 -43.678
   vertex 300.000 1600.000 -40.767
   vertex 400.000 1600.000 -38.267
  endloop
 endfacet
 facet normal 0.024982 0.029098 -0.999264
  outer loop
   vertex 400.000 1500.000 -41.178
   vertex 500.000 1600.000 -35.767
   vertex 500.000 1500.000 -38.678
  endloop
 endfacet
 facet normal 0.024982 0.029098 -0.999264
  outer loop
   vertex 400.000 1500.000 -41.178
   vertex 400.000 1600.000 -38.267
   vertex 500.000 1600.000 -35.767
  endloop
 endfacet
 facet normal 0.024982 0.029098 -0.999264
  outer loop
   vertex 500.000 1500.000 -38.678
   vertex 600.000 1600.000 -33.267
   vertex 600.000 1500.000 -36.178
  endloop
 endfacet
 facet normal 0.024982 0.029098 -0.999264
  outer loop
   vertex 500.000 1500.000 -38.678
   vertex 500.000 1600.000 -35.767
   vertex 600.000 1600.000 -33.267
  endloop
 endfacet
 facet normal 0.024982 0.029098 -0.999264
  outer loop
   vertex 600.000 1500.000 -36.178
   vertex 700.000 1600.000 -30.767
   vertex 700.000 1500.000 -33.678
  endloop
 endfacet
 facet normal 0.024982 0.029098 -0.999264
  outer loop
   vertex 600.000 1500.000 -36.178
   vertex 600.000 1600.000 -33.267
   vertex 700.000 1600.000 -30.767
  endloop
 endfacet
 facet normal 0.024982 0.029098 -0.999264
  outer loop
   vertex 700.000 1500.000 -33.678
   vertex 800.000 1600.000 -28.267
   vertex 800.000 1500.000 -31.178
  endloop
 endfacet
 facet normal 0.024982 0.029098 -0.999264
  outer loop
   vertex 700.000 1500.000 -33.678
   vertex 700.000 1600.000 -30.767
   vertex 800.000 1600.000 -28.267
  endloop
 endfacet
 facet normal 0.024982 0.029098 -0.999264
  outer loop
   vertex 800.000 1500.000 -31.178
   vertex 900.000 1600.000 -25.767
   vertex 900.000 1500.000 -28.678
  endloop
 endfacet
 facet normal 0.024982 0.029098 -0.999264
  outer loop
   vertex 800.000 1500.000 -31.178
   vertex 800.000 1600.000 -28.267
   vertex 900.000 1600.000 -25.767
  endloop
 endfacet
 facet normal 0.024982 0.029098 -0.999264
  outer loop
   vertex 900.000 1500.000 -28.678
   vertex 1000.000 1600.000 -23.267
   vertex 1000.000 1500.000 -26.178
  endloop
 endfacet
 facet normal 0.024982 0.029098 -0.999264
  outer loop
   vertex 900.000 1500.000 -28.678
   vertex 900.000 1600.000 -25.767
   vertex 1000.000 1600.000 -23.267
  endloop
 endfacet
 facet normal 0.024982 0.029098 -0.999264
  outer loop
   vertex 1000.000 1500.000 -26.178
   vertex 1100.000 1600.000 -20.767
   vertex 1100.000 1500.000 -23.678
  endloop
 endfacet
 facet normal 0.024982 0.029098 -0.999264
  outer loop
   vertex 1000.000 1500.000 -26.178
   vertex 1000.000 1600.000 -23.267
   vertex 1100.000 1600.000 -20.767
  endloop
 endfacet
 facet normal 0.024982 0.029098 -0.999264
  outer loop
   vertex 1100.000 1500.000 -23.678
   vertex 1200.000 1600.000 -18.267
   vertex 1200.000 1500.000 -21.178
  endloop
 endfacet
 facet normal 0.024982 0.029098 -0.999264
  outer loop
   vertex 1100.000 1500.000 -23.678
   vertex 1100.000 1600.000 -20.767
   vertex 1200.000 1600.000 -18.267
  endloop
 endfacet
 facet normal 0.024982 0.029098 -0.999264
  outer loop
   vertex 1200.000 1500.000 -21.178
   vertex 1300.000 1600.000 -15.767
   vertex 1300.000 1500.000 -18.678
  endloop
 endfacet
 facet normal 0.024982 0.029098 -0.999264
  outer loop
   vertex 1200.000 1500.000 -21.178
   vertex 1200.000 1600.000 -18.267
   vertex 1300.000 1600.000 -15.767
  endloop
 endfacet
 facet normal 0.024982 0.029098 -0.999264
  outer loop
   vertex 1300.000 1500.000 -18.678
   vertex 1400.000 1600.000 -13.267
   vertex 1400.000 1500.000 -16.178
  endloop
 endfacet
 facet normal 0.024982 0.029098 -0.999264
  outer loop
   vertex 1300.000 1500.000 -18.678
   vertex 1300.000 1600.000 -15.767
   vertex 1400.000 1600.000 -13.267
  endloop
 endfacet
 facet normal 0.024982 0.029098 -0.999264
  outer loop
   vertex 1400.000 1500.000 -16.178
   vertex 1500.000 1600.000 -10.767
   vertex 1500.000 1500.000 -13.678
  endloop
 endfacet
 facet normal 0.024982 0.029098 -0.999264
  outer loop
   vertex 1400.000 1500.000 -16.178
   vertex 1400.000 1600.000 -13.267
   vertex 1500.000 1600.000 -10.767
  endloop
 endfacet
 facet normal 0.024982 0.029098 -0.999264
  outer loop
   vertex 1500.000 1500.000 -13.678
   vertex 1600.000 1600.000 -8.267
   vertex 1600.000 1500.000 -11.178
  endloop
 endfacet
 facet normal 0.024982 0.029098 -0.999264
  outer loop
   vertex 1500.000 1500.000 -13.678
   vertex 1500.000 1600.000 -10.767
   vertex 1600.000 1600.000 -8.267
  endloop
 endfacet
 facet normal 0.024982 0.029098 -0.999264
  outer loop
   vertex 1600.000 1500.000 -11.178
   vertex 1700.000 1600.000 -5.767
   vertex 1700.000 1500.000 -8.678
  endloop
 endfacet
 facet normal 0.024982 0.029098 -0.999264
  outer loop
   vertex 1600.000 1500.000 -11.178
   vertex 1600.000 1600.000 -8.267
   vertex 1700.000 1600.000 -5.767
  endloop
 endfacet
 facet normal 0.024982 0.029098 -0.999264
  outer loop
   vertex 1700.000 1500.000 -8.678
   vertex 1800.000 1600.000 -3.267
   vertex 1800.000 1500.000 -6.178
  endloop
 endfacet
 facet normal 0.024982 0.029098 -0.999264
  outer loop
   vertex 1700.000 1500.000 -8.678
   vertex 1700.000 1600.000 -5.767
   vertex 1800.000 1600.000 -3.267
  endloop
 endfacet
 facet normal 0.024982 0.029098 -0.999264
  outer loop
   vertex 1800.000 1500.000 -6.178
   vertex 1900.000 1600.000 -0.767
   vertex 1900.000 1500.000 -3.678
  endloop
 endfacet
 facet normal 0.024982 0.029098 -0.999264
  outer loop
   vertex 1800.000 1500.000 -6.178
   vertex 1800.000 1600.000 -3.267
   vertex 1900.000 1600.000 -0.767
  endloop
 endfacet
 facet normal 0.024982 0.029098 -0.999264
  outer loop
   vertex 1900.000 1500.000 -3.678
   vertex 2000.000 1600.000 1.733
   vertex 2000.000 1500.000 -1.178
  endloop
 endfacet
 facet normal 0.024982 0.029098 -0.999264
  outer loop
   vertex 1900.000 1500.000 -3.678
   vertex 1900.000 1600.000 -0.767
   vertex 2000.000 1600.000 1.733
  endloop
 endfacet
 facet normal 0.024965 0.046960 -0.998585
  outer loop
   vertex 0.000 1600.000 -48.267
   vertex 100.000 1700.000 -41.064
   vertex 100.000 1600.000 -45.767
  endloop
 endfacet
 facet normal 0.024965 0.046960 -0.998585
  outer loop
   vertex 0.000 1600.000 -48.267
   vertex 0.000 1700.000 -43.564
   vertex 100.000 1700.000 -41.064
  endloop
 endfacet
 facet normal 0.024965 0.046960 -0.998585
  outer loop
   vertex 100.000 1600.000 -45.767
   vertex 200.000 1700.000 -38.564
   vertex 200.000 1600.000 -43.267
  endloop
 endfacet
 facet normal 0.024965 0.046960 -0.998585
  outer loop
   vertex 100.000 1600.000 -45.767
   vertex 100.000 1700.000 -41.064
   vertex 200.000 1700.000 -38.564
  endloop
 endfacet
 facet normal 0.024965 0.046960 -0.998585
  outer loop
   vertex 200.000 1600.000 -43.267
   vertex 300.000 1700.000 -36.064
   vertex 300.000 1600.000 -40.767
  endloop
 endfacet
 facet normal 0.024965 0.046960 -0.998585
  outer loop
   vertex 200.000 1600.000 -43.267
   vertex 200.000 1700.000 -38.564
   vertex 300.000 1700.000 -36.064
  endloop
 endfacet
 facet normal 0.024965 0.046960 -0.998585
  outer loop
   vertex 300.000 1600.000 -40.767
   vertex 400.000 1700.000 -33.564
   vertex 400.000 1600.000 -38.267
  endloop
 endfacet
 facet normal 0.024965 0.046960 -0.998585
  outer loop
   vertex 300.000 1600.000 -40.767
   vertex 300.000 1700.000 -36.064
   vertex 400.000 1700.000 -33.564
  endloop
 endfacet
 facet normal 0.024965 0.046960 -0.998585
  outer loop
   vertex 400.000 1600.000 -38.267
   vertex 500.000 1700.000 -31.064
   vertex 500.000 1600.000 -35.767
  endloop
 endfacet
 facet normal 0.024965 0.046960 -0.998585
  outer loop
   vertex 400.000 1600.000 -38.267
   vertex 400.000 1700.000 -33.564
   vertex 500.000 1700.000 -31.064
  endloop
 endfacet
 facet normal 0.024965 0.046960 -0.998585
  outer loop
   vertex 500.000 1600.000 -35.767
   vertex 600.000 1700.000 -28.564
   vertex 600.000 1600.000 -33.267
  endloop
 endfacet
 facet normal 0.024965 0.046960 -0.998585
  outer loop
   vertex 500.000 1600.000 -35.767
   vertex 500.000 1700.000 -31.064
   vertex 600.000 1700.000 -28.564
  endloop
 endfacet
 facet normal 0.024965 0.046960 -0.998585
  outer loop
   vertex 600.000 1600.000 -33.267
   vertex 700.000 1700.000 -26.064
   vertex 700.000 1600.000 -30.767
  endloop
 endfacet
 facet normal 0.024965 0.046960 -0.998585
  outer loop
   vertex 600.000 1600.000 -33.267
   vertex 600.000 1700.000 -28.564
   vertex 700.000 1700.000 -26.064
  endloop
 endfacet
 facet normal 0.024965 0.046960 -0.998585
  outer loop
   vertex 700.000 1600.000 -30.767
   vertex 800.000 1700.000 -23.564
   vertex 800.000 1600.000 -28.267
  endloop
 endfacet
 facet normal 0.024965 0.046960 -0.998585
  outer loop
   vertex 700.000 1600.000 -30.767
   vertex 700.000 1700.000 -26.064
   vertex 800.000 1700.000 -23.564
  endloop
 endfacet
 facet normal 0.024965 0.046960 -0.998585
  outer loop
   vertex 800.000 1600.000 -28.267
   vertex 900.000 1700.000 -21.064
   vertex 900.000 1600.000 -25.767
  endloop
 endfacet
 facet normal 0.024965 0.046960 -0.998585
  outer loop
   vertex 800.000 1600.000 -28.267
   vertex 800.000 1700.000 -23.564
   vertex 900.000 1700.000 -21.064
  endloop
 endfacet
 facet normal 0.024965 0.046960 -0.998585
  outer loop
   vertex 900.000 1600.000 -25.767
   vertex 1000.000 1700.000 -18.564
   vertex 1000.000 1600.000 -23.267
  endloop
 endfacet
 facet normal 0.024965 0.046960 -0.998585
  outer loop
   vertex 900.000 1600.000 -25.767
   vertex 900.000 1700.000 -21.064
   vertex 1000.000 1700.000 -18.564
  endloop
 endfacet
 facet normal 0.024965 0.046960 -0.998585
  outer loop
   vertex 1000.000 1600.000 -23.267
   vertex 1100.000 1700.000 -16.064
   vertex 1100.000 1600.000 -20.767
  endloop
 endfacet
 facet normal 0.024965 0.046960 -0.998585
  outer loop
   vertex 1000.000 1600.000 -23.267
   vertex 1000.000 1700.000 -18.564
   vertex 1100.000 1700.000 -16.064
  endloop
 endfacet
 facet normal 0.024965 0.046960 -0.998585
  outer loop
   vertex 1100.000 1600.000 -20.767
   vertex 1200.000 1700.000 -13.564
   vertex 1200.000 1600.000 -18.267
  endloop
 endfacet
 facet normal 0.024965 0.046960 -0.998585
  outer loop
   vertex 1100.000 1600.000 -20.767
   vertex 1100.000 1700.000 -16.064
   vertex 1200.000 1700.000 -13.564
  endloop
 endfacet
 facet normal 0.024965 0.046960 -0.998585
  outer loop
   vertex 1200.000 1600.000 -18.267
   vertex 1300.000 1700.000 -11.064
   vertex 1300.000 1600.000 -15.767
  endloop
 endfacet
 facet normal 0.024965 0.046960 -0.998585
  outer loop
   vertex 1200.000 1600.000 -18.267
   vertex 1200.000 1700.000 -13.564
   vertex 1300.000 1700.000 -11.064
  endloop
 endfacet
 facet normal 0.024965 0.046960 -0.998585
  outer loop
   vertex 1300.000 1600.000 -15.767
   vertex 1400.000 1700.000 -8.564
   vertex 1400.000 1600.000 -13.267
  endloop
 endfacet
 facet normal 0.024965 0.046960 -0.998585
  outer loop
   vertex 1300.000 1600.000 -15.767
   vertex 1300.000 1700.000 -11.064
   vertex 1400.000 1700.000 -8.564
  endloop
 endfacet
 facet normal 0.024965 0.046960 -0.998585
  outer loop
   vertex 1400.000 1600.000 -13.267
   vertex 1500.000 1700.000 -6.064
   vertex 1500.000 1600.000 -10.767
  endloop
 endfacet
 facet normal 0.024965 0.046960 -0.998585
  outer loop
   vertex 1400.000 1600.000 -13.267
   vertex 1400.000 1700.000 -8.564
   vertex 1500.000 1700.000 -6.064
  endloop
 endfacet
 facet normal 0.024965 0.046960 -0.998585
  outer loop
   vertex 1500.000 1600.000 -10.767
   vertex 1600.000 1700.000 -3.564
   vertex 1600.000 1600.000 -8.267
  endloop
 endfacet
 facet normal 0.024965 0.046960 -0.998585
  outer loop
   vertex 1500.000 1600.000 -10.767
   vertex 1500.000 1700.000 -6.064
   vertex 1600.000 1700.000 -3.564
  endloop
 endfacet
 facet normal 0.024965 0.046960 -0.998585
  outer loop
   vertex 1600.000 1600.000 -8.267
   vertex 1700.000 1700.000 -1.064
   vertex 1700.000 1600.000 -5.767
  endloop
 endfacet
 facet normal 0.024965 0.046960 -0.998585
  outer loop
   vertex 1600.000 1600.000 -8.267
   vertex 1600.000 1700.000 -3.564
   vertex 1700.000 1700.000 -1.064
  endloop
 endfacet
 facet normal 0.024965 0.046960 -0.998585
  outer loop
   vertex 1700.000 1600.000 -5.767
   vertex 1800.000 1700.000 1.436
   vertex 1800.000 1600.000 -3.267
  endloop
 endfacet
 facet normal 0.024965 0.046960 -0.998585
  outer loop
   vertex 1700.000 1600.000 -5.767
   vertex 1700.000 1700.000 -1.064
   vertex 1800.000 1700.000 1.436
  endloop
 endfacet
 facet normal 0.024965 0.046960 -0.998585
  outer loop
   vertex 1800.000 1600.000 -3.267
   vertex 1900.000 1700.000 3.936
   vertex 1900.000 1600.000 -0.767
  endloop
 endfacet
 facet normal 0.024965 0.046960 -0.998585
  outer loop
   vertex 1800.000 1600.000 -3.267
   vertex 1800.000 1700.000 1.436
   vertex 1900.000 1700.000 3.936
  endloop
 endfacet
 facet normal 0.024965 0.046960 -0.998585
  outer loop
   vertex 1900.000 1600.000 -0.767
   vertex 2000.000 1700.000 6.436
   vertex 2000.000 1600.000 1.733
  endloop
 endfacet
 facet normal 0.024965 0.046960 -0.998585
  outer loop
   vertex 1900.000 1600.000 -0.767
   vertex 1900.000 1700.000 3.936
   vertex 2000.000 1700.000 6.436
  endloop
 endfacet
 facet normal 0.024948 0.059632 -0.997909
  outer loop
   vertex 0.000 1700.000 -43.564
   vertex 100.000 1800.000 -35.088
   vertex 100.000 1700.000 -41.064
  endloop
 endfacet
 facet normal 0.024948 0.059632 -0.997909
  outer loop
   vertex 0.000 1700.000 -43.564
   vertex 0.000 1800.000 -37.588
   vertex 100.000 1800.000 -35.088
  endloop
 endfacet
 facet normal 0.024948 0.059632 -0.997909
  outer loop
   vertex 100.000 1700.000 -41.064
   vertex 200.000 1800.000 -32.588
   vertex 200.000 1700.000 -38.564
  endloop
 endfacet
 facet normal 0.024948 0.059632 -0.997909
  outer loop
   vertex 100.000 1700.000 -41.064
   vertex 100.000 1800.000 -35.088
   vertex 200.000 1800.000 -32.588
  endloop
 endfacet
 facet normal 0.024948 0.059632 -0.997909
  outer loop
   vertex 200.000 1700.000 -38.564
   vertex 300.000 1800.000 -30.088
   vertex 300.000 1700.000 -36.064
  endloop
 endfacet
 facet normal 0.024948 0.059632 -0.997909
  outer loop
   vertex 200.000 1700.000 -38.564
   vertex 200.000 1800.000 -32.588
   vertex 300.000 1800.000 -30.088
  endloop
 endfacet
 facet normal 0.024948 0.059632 -0.997909
  outer loop
   vertex 300.000 1700.000 -36.064
   vertex 400.000 1800.000 -27.588
   vertex 400.000 1700.000 -33.564
  endloop
 endfacet
 facet normal 0.024948 0.059632 -0.997909
  outer loop
   vertex 300.000 1700.000 -36.064
   vertex 300.000 1800.000 -30.088
   vertex 400.000 1800.000 -27.588
  endloop
 endfacet
 facet normal 0.024948 0.059632 -0.997909
  outer loop
   vertex 400.000 1700.000 -33.564
   vertex 500.000 1800.000 -25.088
   vertex 500.000 1700.000 -31.064
  endloop
 endfacet
 facet normal 0.024948 0.059632 -0.997909
  outer loop
   vertex 400.000 1700.000 -33.564
   vertex 400.000 1800.000 -27.588
   vertex 500.000 1800.000 -25.088
  endloop
 endfacet
 facet normal 0.024948 0.059632 -0.997909
  outer loop
   vertex 500.000 1700.000 -31.064
   vertex 600.000 1800.000 -22.588
   vertex 600.000 1700.000 -28.564
  endloop
 endfacet
 facet normal 0.024948 0.059632 -0.997909
  outer loop
   vertex 500.000 1700.000 -31.064
   vertex 500.000 1800.000 -25.088
   vertex 600.000 1800.000 -22.588
  endloop
 endfacet
 facet normal 0.024948 0.059632 -0.997909
  outer loop
   vertex 600.000 1700.000 -28.564
   vertex 700.000 1800.000 -20.088
   vertex 700.000 1700.000 -26.064
  endloop
 endfacet
 facet normal 0.024948 0.059632 -0.997909
  outer loop
   vertex 600.000 1700.000 -28.564
   vertex 600.000 1800.000 -22.588
   vertex 700.000 1800.000 -20.088
  endloop
 endfacet
 facet normal 0.024948 0.059632 -0.997909
  outer loop
   vertex 700.000 1700.000 -26.064
   vertex 800.000 1800.000 -17.588
   vertex 800.000 1700.000 -23.564
  endloop
 endfacet
 facet normal 0.024948 0.059632 -0.997909
  outer loop
   vertex 700.000 1700.000 -26.064
   vertex 700.000 1800.000 -20.088
   vertex 800.000 1800.000 -17.588
  endloop
 endfacet
 facet normal 0.024948 0.059632 -0.997909
  outer loop
   vertex 800.000 1700.000 -23.564
   vertex 900.000 1800.000 -15.088
   vertex 900.000 1700.000 -21.064
  endloop
 endfacet
 facet normal 0.024948 0.059632 -0.997909
  outer loop
   vertex 800.000 1700.000 -23.564
   vertex 800.000 1800.000 -17.588
   vertex 900.000 1800.000 -15.088
  endloop
 endfacet
 facet normal 0.024948 0.059632 -0.997909
  outer loop
   vertex 900.000 1700.000 -21.064
   vertex 1000.000 1800.000 -12.588
   vertex 1000.000 1700.000 -18.564
  endloop
 endfacet
 facet normal 0.024948 0.059632 -0.997909
  outer loop
   vertex 900.000 1700.000 -21.064
   vertex 900.000 1800.000 -15.088
   vertex 1000.000 1800.000 -12.588
  endloop
 endfacet
 facet normal 0.024948 0.059632 -0.997909
  outer loop
   vertex 1000.000 1700.000 -18.564
   vertex 1100.000 1800.000 -10.088
   vertex 1100.000 1700.000 -16.064
  endloop
 endfacet
 facet normal 0.024948 0.059632 -0.997909
  outer loop
   vertex 1000.000 1700.000 -18.564
   vertex 1000.000 1800.000 -12.588
   vertex 1100.000 1800.000 -10.088
  endloop
 endfacet
 facet normal 0.024948 0.059632 -0.997909
  outer loop
   vertex 1100.000 1700.000 -16.064
   vertex 1200.000 1800.000 -7.588
   vertex 1200.000 1700.000 -13.564
  endloop
 endfacet
 facet normal 0.024948 0.059632 -0.997909
  outer loop
   vertex 1100.000 1700.000 -16.064
   vertex 1100.000 1800.000 -10.088
   vertex 1200.000 1800.000 -7.588
  endloop
 endfacet
 facet normal 0.024948 0.059632 -0.997909
  outer loop
   vertex 1200.000 1700.000 -13.564
   vertex 1300.000 1800.000 -5.088
   vertex 1300.000 1700.000 -11.064
  endloop
 endfacet
 facet normal 0.024948 0.059632 -0.997909
  outer loop
   vertex 1200.000 1700.000 -13.564
   vertex 1200.000 1800.000 -7.588
   vertex 1300.000 1800.000 -5.088
  endloop
 endfacet
 facet normal 0.024948 0.059632 -0.997909
  outer loop
   vertex 1300.000 1700.000 -11.064
   vertex 1400.000 1800.000 -2.588
   vertex 1400.000 1700.000 -8.564
  endloop
 endfacet
 facet normal 0.024948 0.059632 -0.997909
  outer loop
   vertex 1300.000 1700.000 -11.064
   vertex 1300.000 1800.000 -5.088
   vertex 1400.000 1800.000 -2.588
  endloop
 endfacet
 facet normal 0.024948 0.059632 -0.997909
  outer loop
   vertex 1400.000 1700.000 -8.564
   vertex 1500.000 1800.000 -0.088
   vertex 1500.000 1700.000 -6.064
  endloop
 endfacet
 facet normal 0.024948 0.059632 -0.997909
  outer loop
   vertex 1400.000 1700.000 -8.564
   vertex 1400.000 1800.000 -2.588
   vertex 1500.000 1800.000 -0.088
  endloop
 endfacet
 facet normal 0.024948 0.059632 -0.997909
  outer loop
   vertex 1500.000 1700.000 -6.064
   vertex 1600.000 1800.000 2.412
   vertex 1600.000 1700.000 -3.564
  endloop
 endfacet
 facet normal 0.024948 0.059632 -0.997909
  outer loop
   vertex 1500.000 1700.000 -6.064
   vertex 1500.000 1800.000 -0.088
   vertex 1600.000 1800.000 2.412
  endloop
 endfacet
 facet normal 0.024948 0.059632 -0.997909
  outer loop
   vertex 1600.000 1700.000 -3.564
   vertex 1700.000 1800.000 4.912
   vertex 1700.000 1700.000 -1.064
  endloop
 endfacet
 facet normal 0.024948 0.059632 -0.997909
  outer loop
   vertex 1600.000 1700.000 -3.564
   vertex 1600.000 1800.000 2.412
   vertex 1700.000 1800.000 4.912
  endloop
 endfacet
 facet normal 0.024948 0.059632 -0.997909
  outer loop
   vertex 1700.000 1700.000 -1.064
   vertex 1800.000 1800.000 7.412
   vertex 1800.000 1700.000 1.436
  endloop
 endfacet
 facet normal 0.024948 0.059632 -0.997909
  outer loop
   vertex 1700.000 1700.000 -1.064
   vertex 1700.000 1800.000 4.912
   vertex 1800.000 1800.000 7.412
  endloop
 endfacet
 facet normal 0.024948 0.059632 -0.997909
  outer loop
   vertex 1800.000 1700.000 1.436
   vertex 1900.000 1800.000 9.912
   vertex 1900.000 1700.000 3.936
  endloop
 endfacet
 facet normal 0.024948 0.059632 -0.997909
  outer loop
   vertex 1800.000 1700.000 1.436
   vertex 1800.000 1800.000 7.412
   vertex 1900.000 1800.000 9.912
  endloop
 endfacet
 facet normal 0.024948 0.059632 -0.997909
  outer loop
   vertex 1900.000 1700.000 3.936
   vertex 2000.000 1800.000 12.412
   vertex 2000.000 1700.000 6.436
  endloop
 endfacet
 facet normal 0.024948 0.059632 -0.997909
  outer loop
   vertex 1900.000 1700.000 3.936
   vertex 1900.000 1800.000 9.912
   vertex 2000.000 1800.000 12.412
  endloop
 endfacet
 facet normal 0.024938 0.065745 -0.997525
  outer loop
   vertex 0.000 1800.000 -37.588
   vertex 100.000 1900.000 -28.497
   vertex 100.000 1800.000 -35.088
  endloop
 endfacet
 facet normal 0.024938 0.065745 -0.997525
  outer loop
   vertex 0.000 1800.000 -37.588
   vertex 0.000 1900.000 -30.997
   vertex 100.000 1900.000 -28.497
  endloop
 endfacet
 facet normal 0.024938 0.065745 -0.997525
  outer loop
   vertex 100.000 1800.000 -35.088
   vertex 200.000 1900.000 -25.997
   vertex 200.000 1800.000 -32.588
  endloop
 endfacet
 facet normal 0.024938 0.065745 -0.997525
  outer loop
   vertex 100.000 1800.000 -35.088
   vertex 100.000 1900.000 -28.497
   vertex 200.000 1900.000 -25.997
  endloop
 endfacet
 facet normal 0.024938 0.065745 -0.997525
  outer loop
   vertex 200.000 1800.000 -32.588
   vertex 300.000 1900.000 -23.497
   vertex 300.000 1800.000 -30.088
  endloop
 endfacet
 facet normal 0.024938 0.065745 -0.997525
  outer loop
   vertex 200.000 1800.000 -32.588
   vertex 200.000 1900.000 -25.997
   vertex 300.000 1900.000 -23.497
  endloop
 endfacet
 facet normal 0.024938 0.065745 -0.997525
  outer loop
   vertex 300.000 1800.000 -30.088
   vertex 400.000 1900.000 -20.997
   vertex 400.000 1800.000 -27.588
  endloop
 endfacet
 facet normal 0.024938 0.065745 -0.997525
  outer loop
   vertex 300.000 1800.000 -30.088
   vertex 300.000 1900.000 -23.497
   vertex 400.000 1900.000 -20.997
  endloop
 endfacet
 facet normal 0.024938 0.065745 -0.997525
  outer loop
   vertex 400.000 1800.000 -27.588
   vertex 500.000 1900.000 -18.497
   vertex 500.000 1800.000 -25.088
  endloop
 endfacet
 facet normal 0.024938 0.065745 -0.997525
  outer loop
   vertex 400.000 1800.000 -27.588
   vertex 400.000 1900.000 -20.997
   vertex 500.000 1900.000 -18.497
  endloop
 endfacet
 facet normal 0.024938 0.065745 -0.997525
  outer loop
   vertex 500.000 1800.000 -25.088
   vertex 600.000 1900.000 -15.997
   vertex 600.000 1800.000 -22.588
  endloop
 endfacet
 facet normal 0.024938 0.065745 -0.997525
  outer loop
   vertex 500.000 1800.000 -25.088
   vertex 500.000 1900.000 -18.497
   vertex 600.000 1900.000 -15.997
  endloop
 endfacet
 facet normal 0.024938 0.065745 -0.997525
  outer loop
   vertex 600.000 1800.000 -22.588
   vertex 700.000 1900.000 -13.497
   vertex 700.000 1800.000 -20.088
  endloop
 endfacet
 facet normal 0.024938 0.065745 -0.997525
  outer loop
   vertex 600.000 1800.000 -22.588
   vertex 600.000 1900.000 -15.997
   vertex 700.000 1900.000 -13.497
  endloop
 endfacet
 facet normal 0.024938 0.065745 -0.997525
  outer loop
   vertex 700.000 1800.000 -20.088
   vertex 800.000 1900.000 -10.997
   vertex 800.000 1800.000 -17.588
  endloop
 endfacet
 facet normal 0.024938 0.065745 -0.997525
  outer loop
   vertex 700.000 1800.000 -20.088
   vertex 700.000 1900.000 -13.497
   vertex 800.000 1900.000 -10.997
  endloop
 endfacet
 facet normal 0.024938 0.065745 -0.997525
  outer loop
   vertex 800.000 1800.000 -17.588
   vertex 900.000 1900.000 -8.497
   vertex 900.000 1800.000 -15.088
  endloop
 endfacet
 facet normal 0.024938 0.065745 -0.997525
  outer loop
   vertex 800.000 1800.000 -17.588
   vertex 800.000 1900.000 -10.997
   vertex 900.000 1900.000 -8.497
  endloop
 endfacet
 facet normal 0.024938 0.065745 -0.997525
  outer loop
   vertex 900.000 1800.000 -15.088
   vertex 1000.000 1900.000 -5.997
   vertex 1000.000 1800.000 -12.588
  endloop
 endfacet
 facet normal 0.024938 0.065745 -0.997525
  outer loop
   vertex 900.000 1800.000 -15.088
   vertex 900.000 1900.000 -8.497
   vertex 1000.000 1900.000 -5.997
  endloop
 endfacet
 facet normal 0.024938 0.065745 -0.997525
  outer loop
   vertex 1000.000 1800.000 -12.588
   vertex 1100.000 1900.000 -3.497
   vertex 1100.000 1800.000 -10.088
  endloop
 endfacet
 facet normal 0.024938 0.065745 -0.997525
  outer loop
   vertex 1000.000 1800.000 -12.588
   vertex 1000.000 1900.000 -5.997
   vertex 1100.000 1900.000 -3.497
  endloop
 endfacet
 facet normal 0.024938 0.065745 -0.997525
  outer loop
   vertex 1100.000 1800.000 -10.088
   vertex 1200.000 1900.000 -0.997
   vertex 1200.000 1800.000 -7.588
  endloop
 endfacet
 facet normal 0.024938 0.065745 -0.997525
  outer loop
   vertex 1100.000 1800.000 -10.088
   vertex 1100.000 1900.000 -3.497
   vertex 1200.000 1900.000 -0.997
  endloop
 endfacet
 facet normal 0.024938 0.065745 -0.997525
  outer loop
   vertex 1200.000 1800.000 -7.588
   vertex 1300.000 1900.000 1.503
   vertex 1300.000 1800.000 -5.088
  endloop
 endfacet
 facet normal 0.024938 0.065745 -0.997525
  outer loop
   vertex 1200.000 1800.000 -7.588
   vertex 1200.000 1900.000 -0.997
   vertex 1300.000 1900.000 1.503
  endloop
 endfacet
 facet normal 0.024938 0.065745 -0.997525
  outer loop
   vertex 1300.000 1800.000 -5.088
   vertex 1400.000 1900.000 4.003
   vertex 1400.000 1800.000 -2.588
  endloop
 endfacet
 facet normal 0.024938 0.065745 -0.997525
  outer loop
   vertex 1300.000 1800.000 -5.088
   vertex 1300.000 1900.000 1.503
   vertex 1400.000 1900.000 4.003
  endloop
 endfacet
 facet normal 0.024938 0.065745 -0.997525
  outer loop
   vertex 1400.000 1800.000 -2.588
   vertex 1500.000 1900.000 6.503
   vertex 1500.000 1800.000 -0.088
  endloop
 endfacet
 facet normal 0.024938 0.065745 -0.997525
  outer loop
   vertex 1400.000 1800.000 -2.588
   vertex 1400.000 1900.000 4.003
   vertex 1500.000 1900.000 6.503
  endloop
 endfacet
 facet normal 0.024938 0.065745 -0.997525
  outer loop
   vertex 1500.000 1800.000 -0.088
   vertex 1600.000 1900.000 9.003
   vertex 1600.000 1800.000 2.412
  endloop
 endfacet
 facet normal 0.024938 0.065745 -0.997525
  outer loop
   vertex 1500.000 1800.000 -0.088
   vertex 1500.000 1900.000 6.503
   vertex 1600.000 1900.000 9.003
  endloop
 endfacet
 facet normal 0.024938 0.065745 -0.997525
  outer loop
   vertex 1600.000 1800.000 2.412
   vertex 1700.000 1900.000 11.503
   vertex 1700.000 1800.000 4.912
  endloop
 endfacet
 facet normal 0.024938 0.065745 -0.997525
  outer loop
   vertex 1600.000 1800.000 2.412
   vertex 1600.000 1900.000 9.003
   vertex 1700.000 1900.000 11.503
  endloop
 endfacet
 facet normal 0.024938 0.065745 -0.997525
  outer loop
   vertex 1700.000 1800.000 4.912
   vertex 1800.000 1900.000 14.003
   vertex 1800.000 1800.000 7.412
  endloop
 endfacet
 facet normal 0.024938 0.065745 -0.997525
  outer loop
   vertex 1700.000 1800.000 4.912
   vertex 1700.000 1900.000 11.503
   vertex 1800.000 1900.000 14.003
  endloop
 endfacet
 facet normal 0.024938 0.065745 -0.997525
  outer loop
   vertex 1800.000 1800.000 7.412
   vertex 1900.000 1900.000 16.503
   vertex 1900.000 1800.000 9.912
  endloop
 endfacet
 facet normal 0.024938 0.065745 -0.997525
  outer loop
   vertex 1800.000 1800.000 7.412
   vertex 1800.000 1900.000 14.003
   vertex 1900.000 1900.000 16.503
  endloop
 endfacet
 facet normal 0.024938 0.065745 -0.997525
  outer loop
   vertex 1900.000 1800.000 9.912
   vertex 2000.000 1900.000 19.003
   vertex 2000.000 1800.000 12.412
  endloop
 endfacet
 facet normal 0.024938 0.065745 -0.997525
  outer loop
   vertex 1900.000 1800.000 9.912
   vertex 1900.000 1900.000 16.503
   vertex 2000.000 1900.000 19.003
  endloop
 endfacet
 facet normal 0.024940 0.064649 -0.997596
  outer loop
   vertex 0.000 1900.000 -30.997
   vertex 100.000 2000.000 -22.017
   vertex 100.000 1900.000 -28.497
  endloop
 endfacet
 facet normal 0.024940 0.064649 -0.997596
  outer loop
   vertex 0.000 1900.000 -30.997
   vertex 0.000 2000.000 -24.517
   vertex 100.000 2000.000 -22.017
  endloop
 endfacet
 facet normal 0.024940 0.064649 -0.997596
  outer loop
   vertex 100.000 1900.000 -28.497
   vertex 200.000 2000.000 -19.517
   vertex 200.000 1900.000 -25.997
  endloop
 endfacet
 facet normal 0.024940 0.064649 -0.997596
  outer loop
   vertex 100.000 1900.000 -28.497
   vertex 100.000 2000.000 -22.017
   vertex 200.000 2000.000 -19.517
  endloop
 endfacet
 facet normal 0.024940 0.064649 -0.997596
  outer loop
   vertex 200.000 1900.000 -25.997
   vertex 300.000 2000.000 -17.017
   vertex 300.000 1900.000 -23.497
  endloop
 endfacet
 facet normal 0.024940 0.064649 -0.997596
  outer loop
   vertex 200.000 1900.000 -25.997
   vertex 200.000 2000.000 -19.517
   vertex 300.000 2000.000 -17.017
  endloop
 endfacet
 facet normal 0.024940 0.064649 -0.997596
  outer loop
   vertex 300.000 1900.000 -23.497
   vertex 400.000 2000.000 -14.517
   vertex 400.000 1900.000 -20.997
  endloop
 endfacet
 facet normal 0.024940 0.064649 -0.997596
  outer loop
   vertex 300.000 1900.000 -23.497
   vertex 300.000 2000.000 -17.017
   vertex 400.000 2000.000 -14.517
  endloop
 endfacet
 facet normal 0.024940 0.064649 -0.997596
  outer loop
   vertex 400.000 1900.000 -20.997
   vertex 500.000 2000.000 -12.017
   vertex 500.000 1900.000 -18.497
  endloop
 endfacet
 facet normal 0.024940 0.064649 -0.997596
  outer loop
   vertex 400.000 1900.000 -20.997
   vertex 400.000 2000.000 -14.517
   vertex 500.000 2000.000 -12.017
  endloop
 endfacet
 facet normal 0.024940 0.064649 -0.997596
  outer loop
   vertex 500.000 1900.000 -18.497
   vertex 600.000 2000.000 -9.517
   vertex 600.000 1900.000 -15.997
  endloop
 endfacet
 facet normal 0.024940 0.064649 -0.997596
  outer loop
   vertex 500.000 1900.000 -18.497
   vertex 500.000 2000.000 -12.017
   vertex 600.000 2000.000 -9.517
  endloop
 endfacet
 facet normal 0.024940 0.064649 -0.997596
  outer loop
   vertex 600.000 1900.000 -15.997
   vertex 700.000 2000.000 -7.017
   vertex 700.000 1900.000 -13.497
  endloop
 endfacet
 facet normal 0.024940 0.064649 -0.997596
  outer loop
   vertex 600.000 1900.000 -15.997
   vertex 600.000 2000.000 -9.517
   vertex 700.000 2000.000 -7.017
  endloop
 endfacet
 facet normal 0.024940 0.064649 -0.997596
  outer loop
   vertex 700.000 1900.000 -13.497
   vertex 800.000 2000.000 -4.517
   vertex 800.000 1900.000 -10.997
  endloop
 endfacet
 facet normal 0.024940 0.064649 -0.997596
  outer loop
   vertex 700.000 1900.000 -13.497
   vertex 700.000 2000.000 -7.017
   vertex 800.000 2000.000 -4.517
  endloop
 endfacet
 facet normal 0.024940 0.064649 -0.997596
  outer loop
   vertex 800.000 1900.000 -10.997
   vertex 900.000 2000.000 -2.017
   vertex 900.000 1900.000 -8.497
  endloop
 endfacet
 facet normal 0.024940 0.064649 -0.997596
  outer loop
   vertex 800.000 1900.000 -10.997
   vertex 800.000 2000.000 -4.517
   vertex 900.000 2000.000 -2.017
  endloop
 endfacet
 facet normal 0.024940 0.064649 -0.997596
  outer loop
   vertex 900.000 1900.000 -8.497
   vertex 1000.000 2000.000 0.483
   vertex 1000.000 1900.000 -5.997
  endloop
 endfacet
 facet normal 0.024940 0.064649 -0.997596
  outer loop
   vertex 900.000 1900.000 -8.497
   vertex 900.000 2000.000 -2.017
   vertex 1000.000 2000.000 0.483
  endloop
 endfacet
 facet normal 0.024940 0.064649 -0.997596
  outer loop
   vertex 1000.000 1900.000 -5.997
   vertex 1100.000 2000.000 2.983
   vertex 1100.000 1900.000 -3.497
  endloop
 endfacet
 facet normal 0.024940 0.064649 -0.997596
  outer loop
   vertex 1000.000 1900.000 -5.997
   vertex 1000.000 2000.000 0.483
   vertex 1100.000 2000.000 2.983
  endloop
 endfacet
 facet normal 0.024940 0.064649 -0.997596
  outer loop
   vertex 1100.000 1900.000 -3.497
   vertex 1200.000 2000.000 5.483
   vertex 1200.000 1900.000 -0.997
  endloop
 endfacet
 facet normal 0.024940 0.064649 -0.997596
  outer loop
   vertex 1100.000 1900.000 -3.497
   vertex 1100.000 2000.000 2.983
   vertex 1200.000 2000.000 5.483
  endloop
 endfacet
 facet normal 0.024940 0.064649 -0.997596
  outer loop
   vertex 1200.000 1900.000 -0.997
   vertex 1300.000 2000.000 7.983
   vertex 1300.000 1900.000 1.503
  endloop
 endfacet
 facet normal 0.024940 0.064649 -0.997596
  outer loop
   vertex 1200.000 1900.000 -0.997
   vertex 1200.000 2000.000 5.483
   vertex 1300.000 2000.000 7.983
  endloop
 endfacet
 facet normal 0.024940 0.064649 -0.997596
  outer loop
   vertex 1300.000 1900.000 1.503
   vertex 1400.000 2000.000 10.483
   vertex 1400.000 1900.000 4.003
  endloop
 endfacet
 facet normal 0.024940 0.064649 -0.997596
  outer loop
   vertex 1300.000 1900.000 1.503
   vertex 1300.000 2000.000 7.983
   vertex 1400.000 2000.000 10.483
  endloop
 endfacet
 facet normal 0.024940 0.064649 -0.997596
  outer loop
   vertex 1400.000 1900.000 4.003
   vertex 1500.000 2000.000 12.983
   vertex 1500.000 1900.000 6.503
  endloop
 endfacet
 facet normal 0.024940 0.064649 -0.997596
  outer loop
   vertex 1400.000 1900.000 4.003
   vertex 1400.000 2000.000 10.483
   vertex 1500.000 2000.000 12.983
  endloop
 endfacet
 facet normal 0.024940 0.064649 -0.997596
  outer loop
   vertex 1500.000 1900.000 6.503
   vertex 1600.000 2000.000 15.483
   vertex 1600.000 1900.000 9.003
  endloop
 endfacet
 facet normal 0.024940 0.064649 -0.997596
  outer loop
   vertex 1500.000 1900.000 6.503
   vertex 1500.000 2000.000 12.983
   vertex 1600.000 2000.000 15.483
  endloop
 endfacet
 facet normal 0.024940 0.064649 -0.997596
  outer loop
   vertex 1600.000 1900.000 9.003
   vertex 1700.000 2000.000 17.983
   vertex 1700.000 1900.000 11.503
  endloop
 endfacet
 facet normal 0.024940 0.064649 -0.997596
  outer loop
   vertex 1600.000 1900.000 9.003
   vertex 1600.000 2000.000 15.483
   vertex 1700.000 2000.000 17.983
  endloop
 endfacet
 facet normal 0.024940 0.064649 -0.997596
  outer loop
   vertex 1700.000 1900.000 11.503
   vertex 1800.000 2000.000 20.483
   vertex 1800.000 1900.000 14.003
  endloop
 endfacet
 facet normal 0.024940 0.064649 -0.997596
  outer loop
   vertex 1700.000 1900.000 11.503
   vertex 1700.000 2000.000 17.983
   vertex 1800.000 2000.000 20.483
  endloop
 endfacet
 facet normal 0.024940 0.064649 -0.997596
  outer loop
   vertex 1800.000 1900.000 14.003
   vertex 1900.000 2000.000 22.983
   vertex 1900.000 1900.000 16.503
  endloop
 endfacet
 facet normal 0.024940 0.064649 -0.997596
  outer loop
   vertex 1800.000 1900.000 14.003
   vertex 1800.000 2000.000 20.483
   vertex 1900.000 2000.000 22.983
  endloop
 endfacet
 facet normal 0.024940 0.064649 -0.997596
  outer loop
   vertex 1900.000 1900.000 16.503
   vertex 2000.000 2000.000 25.483
   vertex 2000.000 1900.000 19.003
  endloop
 endfacet
 facet normal 0.024940 0.064649 -0.997596
  outer loop
   vertex 1900.000 1900.000 16.503
   vertex 1900.000 2000.000 22.983
   vertex 2000.000 2000.000 25.483
  endloop
 endfacet
endsolid bedrock_top
solid sides
 facet normal 0.000000 -1.000000 0.000000
  outer loop
   vertex 0.000 0.000 -32.000
   vertex 100.000 0.000 -29.500
   vertex 100.000 0.000 -27.000
  endloop
 endfacet
 facet normal 0.000000 -1.000000 0.000000
  outer loop
   vertex 0.000 0.000 -32.000
   vertex 100.000 0.000 -27.000
   vertex 0.000 0.000 -30.000
  endloop
 endfacet
 facet normal -1.000000 0.000000 0.000000
  outer loop
   vertex 0.000 100.000 -25.456
   vertex 0.000 0.000 -32.000
   vertex 0.000 0.000 -30.000
  endloop
 endfacet
 facet normal -1.000000 0.000000 0.000000
  outer loop
   vertex 0.000 100.000 -25.456
   vertex 0.000 0.000 -30.000
   vertex 0.000 100.000 -23.456
  endloop
 endfacet
 facet normal 0.000000 -1.000000 0.000000
  outer loop
   vertex 100.000 0.000 -29.500
   vertex 200.000 0.000 -27.000
   vertex 200.000 0.000 -24.000
  endloop
 endfacet
 facet normal 0.000000 -1.000000 0.000000
  outer loop
   vertex 100.000 0.000 -29.500
   vertex 200.000 0.000 -24.000
   vertex 100.000 0.000 -27.000
  endloop
 endfacet
 facet normal 0.000000 -1.000000 0.000000
  outer loop
   vertex 200.000 0.000 -27.000
   vertex 300.000 0.000 -24.500
   vertex 300.000 0.000 -21.000
  endloop
 endfacet
 facet normal 0.000000 -1.000000 0.000000
  outer loop
   vertex 200.000 0.000 -27.000
   vertex 300.000 0.000 -21.000
   vertex 200.000 0.000 -24.000
  endloop
 endfacet
 facet normal 0.000000 -1.000000 0.000000
  outer loop
   vertex 300.000 0.000 -24.500
   vertex 400.000 0.000 -22.000
   vertex 400.000 0.000 -18.000
  endloop
 endfacet
 facet normal 0.000000 -1.000000 0.000000
  outer loop
   vertex 300.000 0.000 -24.500
   vertex 400.000 0.000 -18.000
   vertex 300.000 0.000 -21.000
  endloop
 endfacet
 facet normal 0.000000 -1.000000 0.000000
  outer loop
   vertex 400.000 0.000 -22.000
   vertex 500.000 0.000 -19.500
   vertex 500.000 0.000 -15.000
  endloop
 endfacet
 facet normal 0.000000 -1.000000 0.000000
  outer loop
   vertex 400.000 0.000 -22.000
   vertex 500.000 0.000 -15.000
   vertex 400.000 0.000 -18.000
  endloop
 endfacet
 facet normal 0.000000 -1.000000 0.000000
  outer loop
   vertex 500.000 0.000 -19.500
   vertex 600.000 0.000 -17.000
   vertex 600.000 0.000 -12.000
  endloop
 endfacet
 facet normal 0.000000 -1.000000 0.000000
  outer loop
   vertex 500.000 0.000 -19.500
   vertex 600.000 0.000 -12.000
   vertex 500.000 0.000 -15.000
  endloop
 endfacet
 facet normal 0.000000 -1.000000 0.000000
  outer loop
   vertex 600.000 0.000 -17.000
   vertex 700.000 0.000 -14.500
   vertex 700.000 0.000 -9.000
  endloop
 endfacet
 facet normal 0.000000 -1.000000 0.000000
  outer loop
   vertex 600.000 0.000 -17.000
   vertex 700.000 0.000 -9.000
   vertex 600.000 0.000 -12.000
  endloop
 endfacet
 facet normal 0.000000 -1.000000 0.000000
  outer loop
   vertex 700.000 0.000 -14.500
   vertex 800.000 0.000 -12.000
   vertex 800.000 0.000 -6.000
  endloop
 endfacet
 facet normal 0.000000 -1.000000 0.000000
  outer loop
   vertex 700.000 0.000 -14.500
   vertex 800.000 0.000 -6.000
   vertex 700.000 0.000 -9.000
  endloop
 endfacet
 facet normal 0.000000 -1.000000 0.000000
  outer loop
   vertex 800.000 0.000 -12.000
   vertex 900.000 0.000 -9.500
   vertex 900.000 0.000 -3.000
  endloop
 endfacet
 facet normal 0.000000 -1.000000 0.000000
  outer loop
   vertex 800.000 0.000 -12.000
   vertex 900.000 0.000 -3.000
   vertex 800.000 0.000 -6.000
  endloop
 endfacet
 facet normal 0.000000 -1.000000 0.000000
  outer loop
   vertex 900.000 0.000 -9.500
   vertex 1000.000 0.000 -7.000
   vertex 1000.000 0.000 0.000
  endloop
 endfacet
 facet normal 0.000000 -1.000000 0.000000
  outer loop
   vertex 900.000 0.000 -9.500
   vertex 1000.000 0.000 0.000
   vertex 900.000 0.000 -3.000
  endloop
 endfacet
 facet normal 0.000000 -1.000000 0.000000
  outer loop
   vertex 1000.000 0.000 -7.000
   vertex 1100.000 0.000 -4.500
   vertex 1100.000 0.000 3.000
  endloop
 endfacet
 facet normal 0.000000 -1.000000 0.000000
  outer loop
   vertex 1000.000 0.000 -7.000
   vertex 1100.000 0.000 3.000
   vertex 1000.000 0.000 0.000
  endloop
 endfacet
 facet normal 0.000000 -1.000000 0.000000
  outer loop
   vertex 1100.000 0.000 -4.500
   vertex 1200.000 0.000 -2.000
   vertex 1200.000 0.000 6.000
  endloop
 endfacet
 facet normal 0.000000 -1.000000 0.000000
  outer loop
   vertex 1100.000 0.000 -4.500
   vertex 1200.000 0.000 6.000
   vertex 1100.000 0.000 3.000
  endloop
 endfacet
 facet normal 0.000000 -1.000000 0.000000
  outer loop
   vertex 1200.000 0.000 -2.000
   vertex 1300.000 0.000 0.500
   vertex 1300.000 0.000 9.000
  endloop
 endfacet
 facet normal 0.000000 -1.000000 0.000000
  outer loop
   vertex 1200.000 0.000 -2.000
   vertex 1300.000 0.000 9.000
   vertex 1200.000 0.000 6.000
  endloop
 endfacet
 facet normal 0.000000 -1.000000 0.000000
  outer loop
   vertex 1300.000 0.000 0.500
   vertex 1400.000 0.000 3.000
   vertex 1400.000 0.000 12.000
  endloop
 endfacet
 facet normal 0.000000 -1.000000 0.000000
  outer loop
   vertex 1300.000 0.000 0.500
   vertex 1400.000 0.000 12.000
   vertex 1300.000 0.000 9.000
  endloop
 endfacet
 facet normal 0.000000 -1.000000 0.000000
  outer loop
   vertex 1400.000 0.000 3.000
   vertex 1500.000 0.000 5.500
   vertex 1500.000 0.000 15.000
  endloop
 endfacet
 facet normal 0.000000 -1.000000 0.000000
  outer loop
   vertex 1400.000 0.000 3.000
   vertex 1500.000 0.000 15.000
   vertex 1400.000 0.000 12.000
  endloop
 endfacet
 facet normal 0.000000 -1.000000 0.000000
  outer loop
   vertex 1500.000 0.000 5.500
   vertex 1600.000 0.000 8.000
   vertex 1600.000 0.000 18.000
  endloop
 endfacet
 facet normal 0.000000 -1.000000 0.000000
  outer loop
   vertex 1500.000 0.000 5.500
   vertex 1600.000 0.000 18.000
   vertex 1500.000 0.000 15.000
  endloop
 endfacet
 facet normal 0.000000 -1.000000 0.000000
  outer loop
   vertex 1600.000 0.000 8.000
   vertex 1700.000 0.000 10.500
   vertex 1700.000 0.000 21.000
  endloop
 endfacet
 facet normal 0.000000 -1.000000 0.000000
  outer loop
   vertex 1600.000 0.000 8.000
   vertex 1700.000 0.000 21.000
   vertex 1600.000 0.000 18.000
  endloop
 endfacet
 facet normal 0.000000 -1.000000 0.000000
  outer loop
   vertex 1700.000 0.000 10.500
   vertex 1800.000 0.000 13.000
   vertex 1800.000 0.000 24.000
  endloop
 endfacet
 facet normal 0.000000 -1.000000 0.000000
  outer loop
   vertex 1700.000 0.000 10.500
   vertex 1800.000 0.000 24.000
   vertex 1700.000 0.000 21.000
  endloop
 endfacet
 facet normal 0.000000 -1.000000 0.000000
  outer loop
   vertex 1800.000 0.000 13.000
   vertex 1900.000 0.000 15.500
   vertex 1900.000 0.000 27.000
  endloop
 endfacet
 facet normal 0.000000 -1.000000 0.000000
  outer loop
   vertex 1800.000 0.000 13.000
   vertex 1900.000 0.000 27.000
   vertex 1800.000 0.000 24.000
  endloop
 endfacet
 facet normal 0.000000 -1.000000 0.000000
  outer loop
   vertex 1900.000 0.000 15.500
   vertex 2000.000 0.000 18.000
   vertex 2000.000 0.000 30.000
  endloop
 endfacet
 facet normal 0.000000 -1.000000 0.000000
  outer loop
   vertex 1900.000 0.000 15.500
   vertex 2000.000 0.000 30.000
   vertex 1900.000 0.000 27.000
  endloop
 endfacet
 facet normal 1.000000 0.000000 0.000000
  outer loop
   vertex 2000.000 0.000 18.000
   vertex 2000.000 100.000 24.544
   vertex 2000.000 100.000 36.544
  endloop
 endfacet
 facet normal 1.000000 0.000000 0.000000
  outer loop
   vertex 2000.000 0.000 18.000
   vertex 2000.000 100.000 36.544
   vertex 2000.000 0.000 30.000
  endloop
 endfacet
 facet normal -1.000000 0.000000 0.000000
  outer loop
   vertex 0.000 200.000 -19.633
   vertex 0.000 100.000 -25.456
   vertex 0.000 100.000 -23.456
  endloop
 endfacet
 facet normal -1.000000 0.000000 0.000000
  outer loop
   vertex 0.000 200.000 -19.633
   vertex 0.000 100.000 -23.456
   vertex 0.000 200.000 -17.633
  endloop
 endfacet
 facet normal 1.000000 0.000000 0.000000
  outer loop
   vertex 2000.000 100.000 24.544
   vertex 2000.000 200.000 30.367
   vertex 2000.000 200.000 42.367
  endloop
 endfacet
 facet normal 1.000000 0.000000 0.000000
  outer loop
   vertex 2000.000 100.000 24.544
   vertex 2000.000 200.000 42.367
   vertex 2000.000 100.000 36.544
  endloop
 endfacet
 facet normal -1.000000 0.000000 0.000000
  outer loop
   vertex 0.000 300.000 -15.171
   vertex 0.000 200.000 -19.633
   vertex 0.000 200.000 -17.633
  endloop
 endfacet
 facet normal -1.000000 0.000000 0.000000
  outer loop
   vertex 0.000 300.000 -15.171
   vertex 0.000 200.000 -17.633
   vertex 0.000 300.000 -13.171
  endloop
 endfacet
 facet normal 1.000000 0.000000 0.000000
  outer loop
   vertex 2000.000 200.000 30.367
   vertex 2000.000 300.000 34.829
   vertex 2000.000 300.000 46.829
  endloop
 endfacet
 facet normal 1.000000 0.000000 0.000000
  outer loop
   vertex 2000.000 200.000 30.367
   vertex 2000.000 300.000 46.829
   vertex 2000.000 200.000 42.367
  endloop
 endfacet
 facet normal -1.000000 0.000000 0.000000
  outer loop
   vertex 0.000 400.000 -12.561
   vertex 0.000 300.000 -15.171
   vertex 0.000 300.000 -13.171
  endloop
 endfacet
 facet normal -1.000000 0.000000 0.000000
  outer loop
   vertex 0.000 400.000 -12.561
   vertex 0.000 300.000 -13.171
   vertex 0.000 400.000 -10.561
  endloop
 endfacet
 facet normal 1.000000 0.000000 0.000000
  outer loop
   vertex 2000.000 300.000 34.829
   vertex 2000.000 400.000 37.439
   vertex 2000.000 400.000 49.439
  endloop
 endfacet
 facet normal 1.000000 0.000000 0.000000
  outer loop
   vertex 2000.000 300.000 34.829
   vertex 2000.000 400.000 49.439
   vertex 2000.000 300.000 46.829
  endloop
 endfacet
 facet normal -1.000000 0.000000 0.000000
  outer loop
   vertex 0.000 500.000 -12.092
   vertex 0.000 400.000 -12.561
   vertex 0.000 400.000 -10.561
  endloop
 endfacet
 facet normal -1.000000 0.000000 0.000000
  outer loop
   vertex 0.000 500.000 -12.092
   vertex 0.000 400.000 -10.561
   vertex 0.000 500.000 -10.092
  endloop
 endfacet
 facet normal 1.000000 0.000000 0.000000
  outer loop
   vertex 2000.000 400.000 37.439
   vertex 2000.000 500.000 37.908
   vertex 2000.000 500.000 49.908
  endloop
 endfacet
 facet normal 1.000000 0.000000 0.000000
  outer loop
   vertex 2000.000 400.000 37.439
   vertex 2000.000 500.000 49.908
   vertex 2000.000 400.000 49.439
  endloop
 endfacet
 facet normal -1.000000 0.000000 0.000000
  outer loop
   vertex 0.000 600.000 -13.814
   vertex 0.000 500.000 -12.092
   vertex 0.000 500.000 -10.092
  endloop
 endfacet
 facet normal -1.000000 0.000000 0.000000
  outer loop
   vertex 0.000 600.000 -13.814
   vertex 0.000 500.000 -10.092
   vertex 0.000 600.000 -11.814
  endloop
 endfacet
 facet normal 1.000000 0.000000 0.000000
  outer loop
   vertex 2000.000 500.000 37.908
   vertex 2000.000 600.000 36.186
   vertex 2000.000 600.000 48.186
  endloop
 endfacet
 facet normal 1.000000 0.000000 0.000000
  outer loop
   vertex 2000.000 500.000 37.908
   vertex 2000.000 600.000 48.186
   vertex 2000.000 500.000 49.908
  endloop
 endfacet
 facet normal -1.000000 0.000000 0.000000
  outer loop
   vertex 0.000 700.000 -17.538
   vertex 0.000 600.000 -13.814
   vertex 0.000 600.000 -11.814
  endloop
 endfacet
 facet normal -1.000000 0.000000 0.000000
  outer loop
   vertex 0.000 700.000 -17.538
   vertex 0.000 600.000 -11.814
   vertex 0.000 700.000 -15.538
  endloop
 endfacet
 facet normal 1.000000 0.000000 0.000000
  outer loop
   vertex 2000.000 600.000 36.186
   vertex 2000.000 700.000 32.462
   vertex 2000.000 700.000 44.462
  endloop
 endfacet
 facet normal 1.000000 0.000000 0.000000
  outer loop
   vertex 2000.000 600.000 36.186
   vertex 2000.000 700.000 44.462
   vertex 2000.000 600.000 48.186
  endloop
 endfacet
 facet normal -1.000000 0.000000 0.000000
  outer loop
   vertex 0.000 800.000 -22.855
   vertex 0.000 700.000 -17.538
   vertex 0.000 700.000 -15.538
  endloop
 endfacet
 facet normal -1.000000 0.000000 0.000000
  outer loop
   vertex 0.000 800.000 -22.855
   vertex 0.000 700.000 -15.538
   vertex 0.000 800.000 -20.855
  endloop
 endfacet
 facet normal 1.000000 0.000000 0.000000
  outer loop
   vertex 2000.000 700.000 32.462
   vertex 2000.000 800.000 27.145
   vertex 2000.000 800.000 39.145
  endloop
 endfacet
 facet normal 1.000000 0.000000 0.000000
  outer loop
   vertex 2000.000 700.000 32.462
   vertex 2000.000 800.000 39.145
   vertex 2000.000 700.000 44.462
  endloop
 endfacet
 facet normal -1.000000 0.000000 0.000000
  outer loop
   vertex 0.000 900.000 -29.178
   vertex 0.000 800.000 -22.855
   vertex 0.000 800.000 -20.855
  endloop
 endfacet
 facet normal -1.000000 0.000000 0.000000
  outer loop
   vertex 0.000 900.000 -29.178
   vertex 0.000 800.000 -20.855
   vertex 0.000 900.000 -27.178
  endloop
 endfacet
 facet normal 1.000000 0.000000 0.000000
  outer loop
   vertex 2000.000 800.000 27.145
   vertex 2000.000 900.000 20.822
   vertex 2000.000 900.000 32.822
  endloop
 endfacet
 facet normal 1.000000 0.000000 0.000000
  outer loop
   vertex 2000.000 800.000 27.145
   vertex 2000.000 900.000 32.822
   vertex 2000.000 800.000 39.145
  endloop
 endfacet
 facet normal -1.000000 0.000000 0.000000
  outer loop
   vertex 0.000 1000.000 -35.811
   vertex 0.000 900.000 -29.178
   vertex 0.000 900.000 -27.178
  endloop
 endfacet
 facet normal -1.000000 0.000000 0.000000
  outer loop
   vertex 0.000 1000.000 -35.811
   vertex 0.000 900.000 -27.178
   vertex 0.000 1000.000 -33.811
  endloop
 endfacet
 facet normal 1.000000 0.000000 0.000000
  outer loop
   vertex 2000.000 900.000 20.822
   vertex 2000.000 1000.000 14.189
   vertex 2000.000 1000.000 26.189
  endloop
 endfacet
 facet normal 1.000000 0.000000 0.000000
  outer loop
   vertex 2000.000 900.000 20.822
   vertex 2000.000 1000.000 26.189
   vertex 2000.000 900.000 32.822
  endloop
 endfacet
 facet normal -1.000000 0.000000 0.000000
  outer loop
   vertex 0.000 1100.000 -42.026
   vertex 0.000 1000.000 -35.811
   vertex 0.000 1000.000 -33.811
  endloop
 endfacet
 facet normal -1.000000 0.000000 0.000000
  outer loop
   vertex 0.000 1100.000 -42.026
   vertex 0.000 1000.000 -33.811
   vertex 0.000 1100.000 -40.026
  endloop
 endfacet
 facet normal 1.000000 0.000000 0.000000
  outer loop
   vertex 2000.000 1000.000 14.189
   vertex 2000.000 1100.000 7.974
   vertex 2000.000 1100.000 19.974
  endloop
 endfacet
 facet normal 1.000000 0.000000 0.000000
  outer loop
   vertex 2000.000 1000.000 14.189
   vertex 2000.000 1100.000 19.974
   vertex 2000.000 1000.000 26.189
  endloop
 endfacet
 facet normal -1.000000 0.000000 0.000000
  outer loop
   vertex 0.000 1200.000 -47.136
   vertex 0.000 1100.000 -42.026
   vertex 0.000 1100.000 -40.026
  endloop
 endfacet
 facet normal -1.000000 0.000000 0.000000
  outer loop
   vertex 0.000 1200.000 -47.136
   vertex 0.000 1100.000 -40.026
   vertex 0.000 1200.000 -45.136
  endloop
 endfacet
 facet normal 1.000000 0.000000 0.000000
  outer loop
   vertex 2000.000 1100.000 7.974
   vertex 2000.000 1200.000 2.864
   vertex 2000.000 1200.000 14.864
  endloop
 endfacet
 facet normal 1.000000 0.000000 0.000000
  outer loop
   vertex 2000.000 1100.000 7.974
   vertex 2000.000 1200.000 14.864
   vertex 2000.000 1100.000 19.974
  endloop
 endfacet
 facet normal -1.000000 0.000000 0.000000
  outer loop
   vertex 0.000 1300.000 -50.580
   vertex 0.000 1200.000 -47.136
   vertex 0.000 1200.000 -45.136
  endloop
 endfacet
 facet normal -1.000000 0.000000 0.000000
  outer loop
   vertex 0.000 1300.000 -50.580
   vertex 0.000 1200.000 -45.136
   vertex 0.000 1300.000 -48.580
  endloop
 endfacet
 facet normal 1.000000 0.000000 0.000000
  outer loop
   vertex 2000.000 1200.000 2.864
   vertex 2000.000 1300.000 -0.580
   vertex 2000.000 1300.000 11.420
  endloop
 endfacet
 facet normal 1.000000 0.000000 0.000000
  outer loop
   vertex 2000.000 1200.000 2.864
   vertex 2000.000 1300.000 11.420
   vertex 2000.000 1200.000 14.864
  endloop
 endfacet
 facet normal -1.000000 0.000000 0.000000
  outer loop
   vertex 0.000 1400.000 -51.979
   vertex 0.000 1300.000 -50.580
   vertex 0.000 1300.000 -48.580
  endloop
 endfacet
 facet normal -1.000000 0.000000 0.000000
  outer loop
   vertex 0.000 1400.000 -51.979
   vertex 0.000 1300.000 -48.580
   vertex 0.000 1400.000 -49.979
  endloop
 endfacet
 facet normal 1.000000 0.000000 0.000000
  outer loop
   vertex 2000.000 1300.000 -0.580
   vertex 2000.000 1400.000 -1.979
   vertex 2000.000 1400.000 10.021
  endloop
 endfacet
 facet normal 1.000000 0.000000 0.000000
  outer loop
   vertex 2000.000 1300.000 -0.580
   vertex 2000.000 1400.000 10.021
   vertex 2000.000 1300.000 11.420
  endloop
 endfacet
 facet normal -1.000000 0.000000 0.000000
  outer loop
   vertex 0.000 1500.000 -51.178
   vertex 0.000 1400.000 -51.979
   vertex 0.000 1400.000 -49.979
  endloop
 endfacet
 facet normal -1.000000 0.000000 0.000000
  outer loop
   vertex 0.000 1500.000 -51.178
   vertex 0.000 1400.000 -49.979
   vertex 0.000 1500.000 -49.178
  endloop
 endfacet
 facet normal 1.000000 0.000000 0.000000
  outer loop
   vertex 2000.000 1400.000 -1.979
   vertex 2000.000 1500.000 -1.178
   vertex 2000.000 1500.000 10.822
  endloop
 endfacet
 facet normal 1.000000 0.000000 0.000000
  outer loop
   vertex 2000.000 1400.000 -1.979
   vertex 2000.000 1500.000 10.822
   vertex 2000.000 1400.000 10.021
  endloop
 endfacet
 facet normal -1.000000 0.000000 0.000000
  outer loop
   vertex 0.000 1600.000 -48.267
   vertex 0.000 1500.000 -51.178
   vertex 0.000 1500.000 -49.178
  endloop
 endfacet
 facet normal -1.000000 0.000000 0.000000
  outer loop
   vertex 0.000 1600.000 -48.267
   vertex 0.000 1500.000 -49.178
   vertex 0.000 1600.000 -46.267
  endloop
 endfacet
 facet normal 1.000000 0.000000 0.000000
  outer loop
   vertex 2000.000 1500.000 -1.178
   vertex 2000.000 1600.000 1.733
   vertex 2000.000 1600.000 13.733
  endloop
 endfacet
 facet normal 1.000000 0.000000 0.000000
  outer loop
   vertex 2000.000 1500.000 -1.178
   vertex 2000.000 1600.000 13.733
   vertex 2000.000 1500.000 10.822
  endloop
 endfacet
 facet normal -1.000000 0.000000 0.000000
  outer loop
   vertex 0.000 1700.000 -43.564
   vertex 0.000 1600.000 -48.267
   vertex 0.000 1600.000 -46.267
  endloop
 endfacet
 facet normal -1.000000 0.000000 0.000000
  outer loop
   vertex 0.000 1700.000 -43.564
   vertex 0.000 1600.000 -46.267
   vertex 0.000 1700.000 -41.564
  endloop
 endfacet
 facet normal 1.000000 0.000000 0.000000
  outer loop
   vertex 2000.000 1600.000 1.733
   vertex 2000.000 1700.000 6.436
   vertex 2000.000 1700.000 18.436
  endloop
 endfacet
 facet normal 1.000000 0.000000 0.000000
  outer loop
   vertex 2000.000 1600.000 1.733
   vertex 2000.000 1700.000 18.436
   vertex 2000.000 1600.000 13.733
  endloop
 endfacet
 facet normal -1.000000 0.000000 0.000000
  outer loop
   vertex 0.000 1800.000 -37.588
   vertex 0.000 1700.000 -43.564
   vertex 0.000 1700.000 -41.564
  endloop
 endfacet
 facet normal -1.000000 0.000000 0.000000
  outer loop
   vertex 0.000 1800.000 -37.588
   vertex 0.000 1700.000 -41.564
   vertex 0.000 1800.000 -35.588
  endloop
 endfacet
 facet normal 1.000000 0.000000 0.000000
  outer loop
   vertex 2000.000 1700.000 6.436
   vertex 2000.000 1800.000 12.412
   vertex 2000.000 1800.000 24.412
  endloop
 endfacet
 facet normal 1.000000 0.000000 0.000000
  outer loop
   vertex 2000.000 1700.000 6.436
   vertex 2000.000 1800.000 24.412
   vertex 2000.000 1700.000 18.436
  endloop
 endfacet
 facet normal -1.000000 0.000000 0.000000
  outer loop
   vertex 0.000 1900.000 -30.997
   vertex 0.000 1800.000 -37.588
   vertex 0.000 1800.000 -35.588
  endloop
 endfacet
 facet normal -1.000000 0.000000 0.000000
  outer loop
   vertex 0.000 1900.000 -30.997
   vertex 0.000 1800.000 -35.588
   vertex 0.000 1900.000 -28.997
  endloop
 endfacet
 facet normal 1.000000 0.000000 0.000000
  outer loop
   vertex 2000.000 1800.000 12.412
   vertex 2000.000 1900.000 19.003
   vertex 2000.000 1900.000 31.003
  endloop
 endfacet
 facet normal 1.000000 0.000000 0.000000
  outer loop
   vertex 2000.000 1800.000 12.412
   vertex 2000.000 1900.000 31.003
   vertex 2000.000 1800.000 24.412
  endloop
 endfacet
 facet normal 0.000000 1.000000 0.000000
  outer loop
   vertex 100.000 2000.000 -22.017
   vertex 0.000 2000.000 -24.517
   vertex 0.000 2000.000 -22.517
  endloop
 endfacet
 facet normal 0.000000 1.000000 0.000000
  outer loop
   vertex 100.000 2000.000 -22.017
   vertex 0.000 2000.000 -22.517
   vertex 100.000 2000.000 -19.517
  endloop
 endfacet
 facet normal -1.000000 0.000000 0.000000
  outer loop
   vertex 0.000 2000.000 -24.517
   vertex 0.000 1900.000 -30.997
   vertex 0.000 1900.000 -28.997
  endloop
 endfacet
 facet normal -1.000000 0.000000 0.000000
  outer loop
   vertex 0.000 2000.000 -24.517
   vertex 0.000 1900.000 -28.997
   vertex 0.000 2000.000 -22.517
  endloop
 endfacet
 facet normal 0.000000 1.000000 0.000000
  outer loop
   vertex 200.000 2000.000 -19.517
   vertex 100.000 2000.000 -22.017
   vertex 100.000 2000.000 -19.517
  endloop
 endfacet
 facet normal 0.000000 1.000000 0.000000
  outer loop
   vertex 200.000 2000.000 -19.517
   vertex 100.000 2000.000 -19.517
   vertex 200.000 2000.000 -16.517
  endloop
 endfacet
 facet normal 0.000000 1.000000 0.000000
  outer loop
   vertex 300.000 2000.000 -17.017
   vertex 200.000 2000.000 -19.517
   vertex 200.000 2000.000 -16.517
  endloop
 endfacet
 facet normal 0.000000 1.000000 0.000000
  outer loop
   vertex 300.000 2000.000 -17.017
   vertex 200.000 2000.000 -16.517
   vertex 300.000 2000.000 -13.517
  endloop
 endfacet
 facet normal 0.000000 1.000000 0.000000
  outer loop
   vertex 400.000 2000.000 -14.517
   vertex 300.000 2000.000 -17.017
   vertex 300.000 2000.000 -13.517
  endloop
 endfacet
 facet normal 0.000000 1.000000 0.000000
  outer loop
   vertex 400.000 2000.000 -14.517
   vertex 300.000 2000.000 -13.517
   vertex 400.000 2000.000 -10.517
  endloop
 endfacet
 facet normal 0.000000 1.000000 0.000000
  outer loop
   vertex 500.000 2000.000 -12.017
   vertex 400.000 2000.000 -14.517
   vertex 400.000 2000.000 -10.517
  endloop
 endfacet
 facet normal 0.000000 1.000000 0.000000
  outer loop
   vertex 500.000 2000.000 -12.017
   vertex 400.000 2000.000 -10.517
   vertex 500.000 2000.000 -7.517
  endloop
 endfacet
 facet normal 0.000000 1.000000 0.000000
  outer loop
   vertex 600.000 2000.000 -9.517
   vertex 500.000 2000.000 -12.017
   vertex 500.000 2000.000 -7.517
  endloop
 endfacet
 facet normal 0.000000 1.000000 0.000000
  outer loop
   vertex 600.000 2000.000 -9.517
   vertex 500.000 2000.000 -7.517
   vertex 600.000 2000.000 -4.517
  endloop
 endfacet
 facet normal 0.000000 1.000000 0.000000
  outer loop
   vertex 700.000 2000.000 -7.017
   vertex 600.000 2000.000 -9.517
   vertex 600.000 2000.000 -4.517
  endloop
 endfacet
 facet normal 0.000000 1.000000 0.000000
  outer loop
   vertex 700.000 2000.000 -7.017
   vertex 600.000 2000.000 -4.517
   vertex 700.000 2000.000 -1.517
  endloop
 endfacet
 facet normal 0.000000 1.000000 0.000000
  outer loop
   vertex 800.000 2000.000 -4.517
   vertex 700.000 2000.000 -7.017
   vertex 700.000 2000.000 -1.517
  endloop
 endfacet
 facet normal 0.000000 1.000000 0.000000
  outer loop
   vertex 800.000 2000.000 -4.517
   vertex 700.000 2000.000 -1.517
   vertex 800.000 2000.000 1.483
  endloop
 endfacet
 facet normal 0.000000 1.000000 0.000000
  outer loop
   vertex 900.000 2000.000 -2.017
   vertex 800.000 2000.000 -4.517
   vertex 800.000 2000.000 1.483
  endloop
 endfacet
 facet normal 0.000000 1.000000 0.000000
  outer loop
   vertex 900.000 2000.000 -2.017
   vertex 800.000 2000.000 1.483
   vertex 900.000 2000.000 4.483
  endloop
 endfacet
 facet normal 0.000000 1.000000 0.000000
  outer loop
   vertex 1000.000 2000.000 0.483
   vertex 900.000 2000.000 -2.017
   vertex 900.000 2000.000 4.483
  endloop
 endfacet
 facet normal 0.000000 1.000000 0.000000
  outer loop
   vertex 1000.000 2000.000 0.483
   vertex 900.000 2000.000 4.483
   vertex 1000.000 2000.000 7.483
  endloop
 endfacet
 facet normal 0.000000 1.000000 0.000000
  outer loop
   vertex 1100.000 2000.000 2.983
   vertex 1000.000 2000.000 0.483
   vertex 1000.000 2000.000 7.483
  endloop
 endfacet
 facet normal 0.000000 1.000000 0.000000
  outer loop
   vertex 1100.000 2000.000 2.983
   vertex 1000.000 2000.000 7.483
   vertex 1100.000 2000.000 10.483
  endloop
 endfacet
 facet normal 0.000000 1.000000 0.000000
  outer loop
   vertex 1200.000 2000.000 5.483
   vertex 1100.000 2000.000 2.983
   vertex 1100.000 2000.000 10.483
  endloop
 endfacet
 facet normal 0.000000 1.000000 0.000000
  outer loop
   vertex 1200.000 2000.000 5.483
   vertex 1100.000 2000.000 10.483
   vertex 1200.000 2000.000 13.483
  endloop
 endfacet
 facet normal 0.000000 1.000000 0.000000
  outer loop
   vertex 1300.000 2000.000 7.983
   vertex 1200.000 2000.000 5.483
   vertex 1200.000 2000.000 13.483
  endloop
 endfacet
 facet normal 0.000000 1.000000 0.000000
  outer loop
   vertex 1300.000 2000.000 7.983
   vertex 1200.000 2000.000 13.483
   vertex 1300.000 2000.000 16.483
  endloop
 endfacet
 facet normal 0.000000 1.000000 0.000000
  outer loop
   vertex 1400.000 2000.000 10.483
   vertex 1300.000 2000.000 7.983
   vertex 1300.000 2000.000 16.483
  endloop
 endfacet
 facet normal 0.000000 1.000000 0.000000
  outer loop
   vertex 1400.000 2000.000 10.483
   vertex 1300.000 2000.000 16.483
   vertex 1400.000 2000.000 19.483
  endloop
 endfacet
 facet normal 0.000000 1.000000 0.000000
  outer loop
   vertex 1500.000 2000.000 12.983
   vertex 1400.000 2000.000 10.483
   vertex 1400.000 2000.000 19.483
  endloop
 endfacet
 facet normal 0.000000 1.000000 0.000000
  outer loop
   vertex 1500.000 2000.000 12.983
   vertex 1400.000 2000.000 19.483
   vertex 1500.000 2000.000 22.483
  endloop
 endfacet
 facet normal 0.000000 1.000000 0.000000
  outer loop
   vertex 1600.000 2000.000 15.483
   vertex 1500.000 2000.000 12.983
   vertex 1500.000 2000.000 22.483
  endloop
 endfacet
 facet normal 0.000000 1.000000 0.000000
  outer loop
   vertex 1600.000 2000.000 15.483
   vertex 1500.000 2000.000 22.483
   vertex 1600.000 2000.000 25.483
  endloop
 endfacet
 facet normal 0.000000 1.000000 0.000000
  outer loop
   vertex 1700.000 2000.000 17.983
   vertex 1600.000 2000.000 15.483
   vertex 1600.000 2000.000 25.483
  endloop
 endfacet
 facet normal 0.000000 1.000000 0.000000
  outer loop
   vertex 1700.000 2000.000 17.983
   vertex 1600.000 2000.000 25.483
   vertex 1700.000 2000.000 28.483
  endloop
 endfacet
 facet normal 0.000000 1.000000 0.000000
  outer loop
   vertex 1800.000 2000.000 20.483
   vertex 1700.000 2000.000 17.983
   vertex 1700.000 2000.000 28.483
  endloop
 endfacet
 facet normal 0.000000 1.000000 0.000000
  outer loop
   vertex 1800.000 2000.000 20.483
   vertex 1700.000 2000.000 28.483
   vertex 1800.000 2000.000 31.483
  endloop
 endfacet
 facet normal 0.000000 1.000000 0.000000
  outer loop
   vertex 1900.000 2000.000 22.983
   vertex 1800.000 2000.000 20.483
   vertex 1800.000 2000.000 31.483
  endloop
 endfacet
 facet normal 0.000000 1.000000 0.000000
  outer loop
   vertex 1900.000 2000.000 22.983
   vertex 1800.000 2000.000 31.483
   vertex 1900.000 2000.000 34.483
  endloop
 endfacet
 facet normal 1.000000 0.000000 0.000000
  outer loop
   vertex 2000.000 1900.000 19.003
   vertex 2000.000 2000.000 25.483
   vertex 2000.000 2000.000 37.483
  endloop
 endfacet
 facet normal 1.000000 0.000000 0.000000
  outer loop
   vertex 2000.000 1900.000 19.003
   vertex 2000.000 2000.000 37.483
   vertex 2000.000 1900.000 31.003
  endloop
 endfacet
 facet normal 0.000000 1.000000 0.000000
  outer loop
   vertex 2000.000 2000.000 25.483
   vertex 1900.000 2000.000 22.983
   vertex 1900.000 2000.000 34.483
  endloop
 endfacet
 facet normal 0.000000 1.000000 0.000000
  outer loop
   vertex 2000.000 2000.000 25.483
   vertex 1900.000 2000.000 34.483
   vertex 2000.000 2000.000 37.483
  endloop
 endfacet
endsolid sides
