{"type":"FeatureCollection","_source":{"name":"World Stress Map Database Release 2016","doi":"https://doi.org/10.5880/WSM.2016.001","licence":"CC BY 4.0","citation":"Heidbach, O., Rajabi, M., Reiter, K., Ziegler, M., WSM Team (2016): World Stress Map Database Release 2016. V. 1.1. GFZ Data Services.","product":"interpolated field: the distance-weighted circular mean of the A\u2013C records within 450 km of each node","grid":"equal-area nodes about 250 km apart, in rows of constant latitude spacing","note":"`azimuth` is the mean SHmax orientation and the bar lies along it; `agreement` is the resultant length of the records behind it \u2014 1 where they all point the same way, 0 where they cancel; `support` is how many C-quality records that is worth. A node with less than one is not drawn at all."},"features":[{"type":"Feature","geometry":{"type":"LineString","coordinates":[[-14.1082,88.4781],[14.1082,89.2719]]},"properties":{"azimuth":60.6,"regime":"Normal faulting","regime_code":"NF","regime_share":0.83,"agreement":0.48,"records":15,"support":4.1}},{"type":"Feature","geometry":{"type":"LineString","coordinates":[[106.4671,89.3191],[133.5329,88.4309]]},"properties":{"azimuth":123.3,"regime":"Normal faulting","regime_code":"NF","regime_share":0.96,"agreement":0.71,"records":37,"support":7.5}},{"type":"Feature","geometry":{"type":"LineString","coordinates":[[-41.8559,85.823],[-38.1441,87.427]]},"properties":{"azimuth":7.8,"regime":"Strike-slip","regime_code":"SS","regime_share":0.58,"agreement":0.64,"records":9,"support":2.7}},{"type":"Feature","geometry":{"type":"LineString","coordinates":[[-9.5726,86.044],[9.5726,87.206]]},"properties":{"azimuth":44.1,"regime":"Normal faulting","regime_code":"NF","regime_share":0.81,"agreement":0.48,"records":24,"support":12.0}},{"type":"Feature","geometry":{"type":"LineString","coordinates":[[26.2694,86.6664],[53.7306,86.5836]]},"properties":{"azimuth":92.9,"regime":"Normal faulting","regime_code":"NF","regime_share":0.95,"agreement":0.34,"records":42,"support":18.0}},{"type":"Feature","geometry":{"type":"LineString","coordinates":[[68.5009,87.0687],[91.4991,86.1813]]},"properties":{"azimuth":123.2,"regime":"Normal faulting","regime_code":"NF","regime_share":0.96,"agreement":0.69,"records":44,"support":30.3}},{"type":"Feature","geometry":{"type":"LineString","coordinates":[[109.4626,87.1449],[130.5374,86.1051]]},"properties":{"azimuth":130.0,"regime":"Normal faulting","regime_code":"NF","regime_share":0.93,"agreement":0.78,"records":45,"support":19.6}},{"type":"Feature","geometry":{"type":"LineString","coordinates":[[-35.1625,83.5775],[-32.3375,85.1725]]},"properties":{"azimuth":9.8,"regime":"Normal faulting","regime_code":"NF","regime_share":0.67,"agreement":0.53,"records":17,"support":5.3}},{"type":"Feature","geometry":{"type":"LineString","coordinates":[[-13.865,83.6073],[-8.635,85.1427]]},"properties":{"azimuth":18.5,"regime":"Normal faulting","regime_code":"NF","regime_share":0.83,"agreement":0.53,"records":37,"support":18.3}},{"type":"Feature","geometry":{"type":"LineString","coordinates":[[6.9554,83.6837],[15.5446,85.0663]]},"properties":{"azimuth":31.3,"regime":"Normal faulting","regime_code":"NF","regime_share":0.85,"agreement":0.46,"records":38,"support":18.9}},{"type":"Feature","geometry":{"type":"LineString","coordinates":[[26.7211,83.9502],[40.7789,84.7998]]},"properties":{"azimuth":58.3,"regime":"Normal faulting","regime_code":"NF","regime_share":0.85,"agreement":0.49,"records":21,"support":10.2}},{"type":"Feature","geometry":{"type":"LineString","coordinates":[[48.8409,84.7324],[63.6591,84.0176]]},"properties":{"azimuth":116.2,"regime":"Normal faulting","regime_code":"NF","regime_share":0.94,"agreement":0.52,"records":46,"support":15.8}},{"type":"Feature","geometry":{"type":"LineString","coordinates":[[72.087,84.8531],[85.413,83.8969]]},"properties":{"azimuth":126.2,"regime":"Normal faulting","regime_code":"NF","regime_share":0.95,"agreement":0.77,"records":45,"support":27.7}},{"type":"Feature","geometry":{"type":"LineString","coordinates":[[95.1571,84.9213],[107.3429,83.8287]]},"properties":{"azimuth":132.5,"regime":"Normal faulting","regime_code":"NF","regime_share":0.92,"agreement":0.76,"records":50,"support":33.7}},{"type":"Feature","geometry":{"type":"LineString","coordinates":[[118.4547,84.9961],[129.0453,83.7539]]},"properties":{"azimuth":140.1,"regime":"Normal faulting","regime_code":"NF","regime_share":0.91,"agreement":0.75,"records":51,"support":21.0}},{"type":"Feature","geometry":{"type":"LineString","coordinates":[[141.7596,85.0543],[150.7404,83.6957]]},"properties":{"azimuth":147.1,"regime":"Normal faulting","regime_code":"NF","regime_share":0.92,"agreement":0.84,"records":13,"support":2.9}},{"type":"Feature","geometry":{"type":"LineString","coordinates":[[-127.8808,82.5207],[-117.5738,81.7293]]},"properties":{"azimuth":119.3,"regime":"Thrust faulting","regime_code":"TF","regime_share":1.0,"agreement":0.63,"records":13,"support":5.9}},{"type":"Feature","geometry":{"type":"LineString","coordinates":[[-111.739,82.4607],[-100.9883,81.7893]]},"properties":{"azimuth":114.5,"regime":"Thrust faulting","regime_code":"TF","regime_share":0.9,"agreement":0.53,"records":17,"support":6.5}},{"type":"Feature","geometry":{"type":"LineString","coordinates":[[-95.3252,81.7746],[-84.6748,82.4754]]},"properties":{"azimuth":64.3,"regime":"Undetermined","regime_code":"U","regime_share":0.65,"agreement":0.7,"records":6,"support":1.8}},{"type":"Feature","geometry":{"type":"LineString","coordinates":[[-25.1633,81.32],[-23.9276,82.93]]},"properties":{"azimuth":6.0,"regime":"Normal faulting","regime_code":"NF","regime_share":0.79,"agreement":0.63,"records":33,"support":10.4}},{"type":"Feature","geometry":{"type":"LineString","coordinates":[[-8.8011,81.3201],[-7.5626,82.9299]]},"properties":{"azimuth":6.0,"regime":"Normal faulting","regime_code":"NF","regime_share":0.71,"agreement":0.71,"records":54,"support":30.0}},{"type":"Feature","geometry":{"type":"LineString","coordinates":[[7.4739,81.3214],[8.8897,82.9286]]},"properties":{"azimuth":6.9,"regime":"Normal faulting","regime_code":"NF","regime_share":0.69,"agreement":0.73,"records":56,"support":26.9}},{"type":"Feature","geometry":{"type":"LineString","coordinates":[[22.0832,81.3893],[27.0077,82.8607]]},"properties":{"azimuth":24.6,"regime":"Normal faulting","regime_code":"NF","regime_share":0.76,"agreement":0.47,"records":27,"support":5.4}},{"type":"Feature","geometry":{"type":"LineString","coordinates":[[35.2276,81.9033],[46.5906,82.3467]]},"properties":{"azimuth":74.1,"regime":"Normal faulting","regime_code":"NF","regime_share":0.63,"agreement":0.28,"records":6,"support":1.1}},{"type":"Feature","geometry":{"type":"LineString","coordinates":[[68.8393,82.5974],[78.4335,81.6526]]},"properties":{"azimuth":125.7,"regime":"Normal faulting","regime_code":"NF","regime_share":0.95,"agreement":0.81,"records":33,"support":6.0}},{"type":"Feature","geometry":{"type":"LineString","coordinates":[[85.6599,82.6741],[94.3401,81.5759]]},"properties":{"azimuth":132.7,"regime":"Normal faulting","regime_code":"NF","regime_share":0.92,"agreement":0.76,"records":46,"support":11.5}},{"type":"Feature","geometry":{"type":"LineString","coordinates":[[103.0959,82.7993],[109.6313,81.4507]]},"properties":{"azimuth":146.4,"regime":"Normal faulting","regime_code":"NF","regime_share":0.9,"agreement":0.77,"records":35,"support":16.2}},{"type":"Feature","geometry":{"type":"LineString","coordinates":[[120.0526,82.8467],[125.4019,81.4033]]},"properties":{"azimuth":153.1,"regime":"Normal faulting","regime_code":"NF","regime_share":0.89,"agreement":0.81,"records":27,"support":16.1}},{"type":"Feature","geometry":{"type":"LineString","coordinates":[[136.5541,82.856],[141.6277,81.394]]},"properties":{"azimuth":154.6,"regime":"Normal faulting","regime_code":"NF","regime_share":0.9,"agreement":0.81,"records":19,"support":5.8}},{"type":"Feature","geometry":{"type":"LineString","coordinates":[[-138.8955,80.3065],[-131.1045,79.4435]]},"properties":{"azimuth":122.2,"regime":"Thrust faulting","regime_code":"TF","regime_share":1.0,"agreement":0.7,"records":12,"support":2.8}},{"type":"Feature","geometry":{"type":"LineString","coordinates":[[-126.1973,80.2585],[-118.0884,79.4915]]},"properties":{"azimuth":118.3,"regime":"Thrust faulting","regime_code":"TF","regime_share":0.88,"agreement":0.58,"records":20,"support":11.7}},{"type":"Feature","geometry":{"type":"LineString","coordinates":[[-113.7348,80.0833],[-104.8366,79.6667]]},"properties":{"azimuth":104.9,"regime":"Thrust faulting","regime_code":"TF","regime_share":0.67,"agreement":0.36,"records":28,"support":16.8}},{"type":"Feature","geometry":{"type":"LineString","coordinates":[[-100.8214,79.6326],[-92.0357,80.1174]]},"properties":{"azimuth":72.6,"regime":"Undetermined","regime_code":"U","regime_share":0.52,"agreement":0.43,"records":28,"support":9.6}},{"type":"Feature","geometry":{"type":"LineString","coordinates":[[-87.4693,79.4442],[-79.6735,80.3058]]},"properties":{"azimuth":57.8,"regime":"Undetermined","regime_code":"U","regime_share":1.0,"agreement":0.99,"records":5,"support":3.2}},{"type":"Feature","geometry":{"type":"LineString","coordinates":[[-74.6236,79.4474],[-66.805,80.3026]]},"properties":{"azimuth":58.1,"regime":"Undetermined","regime_code":"U","regime_share":1.0,"agreement":1.0,"records":3,"support":1.1}},{"type":"Feature","geometry":{"type":"LineString","coordinates":[[-19.5228,79.0667],[-19.0486,80.6833]]},"properties":{"azimuth":3.0,"regime":"Normal faulting","regime_code":"NF","regime_share":0.64,"agreement":0.76,"records":36,"support":10.5}},{"type":"Feature","geometry":{"type":"LineString","coordinates":[[-6.7026,79.067],[-6.1545,80.683]]},"properties":{"azimuth":3.4,"regime":"Normal faulting","regime_code":"NF","regime_share":0.56,"agreement":0.82,"records":51,"support":31.4}},{"type":"Feature","geometry":{"type":"LineString","coordinates":[[5.8205,79.0727],[7.0366,80.6773]]},"properties":{"azimuth":7.6,"regime":"Normal faulting","regime_code":"NF","regime_share":0.59,"agreement":0.73,"records":76,"support":38.5}},{"type":"Feature","geometry":{"type":"LineString","coordinates":[[17.7314,79.1131],[20.8401,80.6369]]},"properties":{"azimuth":19.7,"regime":"Normal faulting","regime_code":"NF","regime_share":0.57,"agreement":0.41,"records":54,"support":16.4}},{"type":"Feature","geometry":{"type":"LineString","coordinates":[[27.6624,79.6887],[36.6234,80.0613]]},"properties":{"azimuth":76.7,"regime":"Strike-slip","regime_code":"SS","regime_share":0.53,"agreement":0.91,"records":13,"support":2.3}},{"type":"Feature","geometry":{"type":"LineString","coordinates":[[107.4308,80.6158],[111.1406,79.1342]]},"properties":{"azimuth":156.2,"regime":"Normal faulting","regime_code":"NF","regime_share":0.88,"agreement":0.8,"records":20,"support":6.5}},{"type":"Feature","geometry":{"type":"LineString","coordinates":[[120.3253,80.6187],[123.9604,79.1313]]},"properties":{"azimuth":156.7,"regime":"Normal faulting","regime_code":"NF","regime_share":0.81,"agreement":0.71,"records":21,"support":10.1}},{"type":"Feature","geometry":{"type":"LineString","coordinates":[[133.3206,80.6286],[136.6794,79.1214]]},"properties":{"azimuth":158.6,"regime":"Normal faulting","regime_code":"NF","regime_share":0.76,"agreement":0.62,"records":14,"support":5.3}},{"type":"Feature","geometry":{"type":"LineString","coordinates":[[-135.367,78.1127],[-129.3388,77.1373]]},"properties":{"azimuth":127.1,"regime":"Thrust faulting","regime_code":"TF","regime_share":1.0,"agreement":0.9,"records":10,"support":1.6}},{"type":"Feature","geometry":{"type":"LineString","coordinates":[[-125.4073,77.8388],[-118.1221,77.4112]]},"properties":{"azimuth":105.3,"regime":"Thrust faulting","regime_code":"TF","regime_share":0.62,"agreement":0.33,"records":23,"support":8.9}},{"type":"Feature","geometry":{"type":"LineString","coordinates":[[-114.7962,77.394],[-107.5567,77.856]]},"properties":{"azimuth":73.4,"regime":"Undetermined","regime_code":"U","regime_share":0.52,"agreement":0.31,"records":27,"support":17.1}},{"type":"Feature","geometry":{"type":"LineString","coordinates":[[-103.9011,77.2363],[-97.2754,78.0137]]},"properties":{"azimuth":61.3,"regime":"Undetermined","regime_code":"U","regime_share":0.66,"agreement":0.52,"records":30,"support":14.7}},{"type":"Feature","geometry":{"type":"LineString","coordinates":[[-93.1894,77.1915],[-86.8106,78.0585]]},"properties":{"azimuth":57.6,"regime":"Undetermined","regime_code":"U","regime_share":0.82,"agreement":0.83,"records":13,"support":5.8}},{"type":"Feature","geometry":{"type":"LineString","coordinates":[[-82.753,77.2477],[-76.0705,78.0023]]},"properties":{"azimuth":62.2,"regime":"Undetermined","regime_code":"U","regime_share":0.83,"agreement":0.93,"records":5,"support":2.3}},{"type":"Feature","geometry":{"type":"LineString","coordinates":[[-16.2262,76.819],[-15.5385,78.431]]},"properties":{"azimuth":5.2,"regime":"Strike-slip","regime_code":"SS","regime_share":0.53,"agreement":0.65,"records":16,"support":3.2}},{"type":"Feature","geometry":{"type":"LineString","coordinates":[[-5.9797,76.8291],[-4.6085,78.4209]]},"properties":{"azimuth":10.5,"regime":"Normal faulting","regime_code":"NF","regime_share":0.58,"agreement":0.75,"records":56,"support":21.0}},{"type":"Feature","geometry":{"type":"LineString","coordinates":[[4.1531,76.8534],[6.4352,78.3966]]},"properties":{"azimuth":17.6,"regime":"Normal faulting","regime_code":"NF","regime_share":0.65,"agreement":0.61,"records":75,"support":39.7}},{"type":"Feature","geometry":{"type":"LineString","coordinates":[[13.376,77.0195],[18.3887,78.2305]]},"properties":{"azimuth":41.6,"regime":"Normal faulting","regime_code":"NF","regime_share":0.66,"agreement":0.4,"records":63,"support":31.1}},{"type":"Feature","geometry":{"type":"LineString","coordinates":[[22.7829,77.4503],[30.1583,77.7997]]},"properties":{"azimuth":77.5,"regime":"Normal faulting","regime_code":"NF","regime_share":0.55,"agreement":0.84,"records":17,"support":10.2}},{"type":"Feature","geometry":{"type":"LineString","coordinates":[[33.354,77.4678],[40.7636,77.7822]]},"properties":{"azimuth":78.8,"regime":"Strike-slip","regime_code":"SS","regime_share":0.56,"agreement":0.85,"records":8,"support":1.4}},{"type":"Feature","geometry":{"type":"LineString","coordinates":[[109.5456,78.355],[112.8074,76.895]]},"properties":{"azimuth":154.4,"regime":"Normal faulting","regime_code":"NF","regime_share":0.69,"agreement":0.57,"records":7,"support":1.7}},{"type":"Feature","geometry":{"type":"LineString","coordinates":[[120.4021,78.3799],[123.1274,76.8701]]},"properties":{"azimuth":158.9,"regime":"Normal faulting","regime_code":"NF","regime_share":0.69,"agreement":0.5,"records":12,"support":5.2}},{"type":"Feature","geometry":{"type":"LineString","coordinates":[[131.364,78.4061],[133.3419,76.8439]]},"properties":{"azimuth":164.8,"regime":"Normal faulting","regime_code":"NF","regime_share":0.7,"agreement":0.48,"records":11,"support":5.4}},{"type":"Feature","geometry":{"type":"LineString","coordinates":[[142.6139,78.4313],[143.2685,76.8187]]},"properties":{"azimuth":175.0,"regime":"Normal faulting","regime_code":"NF","regime_share":0.66,"agreement":0.47,"records":8,"support":2.1}},{"type":"Feature","geometry":{"type":"LineString","coordinates":[[-124.1451,74.9178],[-118.8549,75.8322]]},"properties":{"azimuth":55.6,"regime":"Undetermined","regime_code":"U","regime_share":0.93,"agreement":0.75,"records":8,"support":2.4}},{"type":"Feature","geometry":{"type":"LineString","coordinates":[[-115.1063,74.9038],[-109.8937,75.8462]]},"properties":{"azimuth":54.4,"regime":"Undetermined","regime_code":"U","regime_share":0.86,"agreement":0.69,"records":16,"support":7.7}},{"type":"Feature","geometry":{"type":"LineString","coordinates":[[-106.1219,74.9093],[-100.8781,75.8407]]},"properties":{"azimuth":54.9,"regime":"Undetermined","regime_code":"U","regime_share":0.82,"agreement":0.67,"records":16,"support":9.5}},{"type":"Feature","geometry":{"type":"LineString","coordinates":[[-97.1838,74.9324],[-91.8162,75.8176]]},"properties":{"azimuth":56.8,"regime":"Undetermined","regime_code":"U","regime_share":0.81,"agreement":0.71,"records":15,"support":5.8}},{"type":"Feature","geometry":{"type":"LineString","coordinates":[[-88.3898,75.0247],[-82.6102,75.7253]]},"properties":{"azimuth":64.4,"regime":"Undetermined","regime_code":"U","regime_share":0.61,"agreement":0.92,"records":5,"support":1.5}},{"type":"Feature","geometry":{"type":"LineString","coordinates":[[-79.6278,75.5523],[-73.3722,75.1977]]},"properties":{"azimuth":102.7,"regime":"Thrust faulting","regime_code":"TF","regime_share":0.69,"agreement":0.11,"records":6,"support":2.3}},{"type":"Feature","geometry":{"type":"LineString","coordinates":[[-70.0649,74.8895],[-64.9351,75.8605]]},"properties":{"azimuth":53.1,"regime":"Thrust faulting","regime_code":"TF","regime_share":0.69,"agreement":0.12,"records":7,"support":2.5}},{"type":"Feature","geometry":{"type":"LineString","coordinates":[[-6.098,74.6734],[-2.902,76.0766]]},"properties":{"azimuth":29.9,"regime":"Normal faulting","regime_code":"NF","regime_share":0.84,"agreement":0.77,"records":89,"support":20.0}},{"type":"Feature","geometry":{"type":"LineString","coordinates":[[2.976,74.6629],[6.024,76.0871]]},"properties":{"azimuth":28.4,"regime":"Normal faulting","regime_code":"NF","regime_share":0.81,"agreement":0.7,"records":95,"support":45.5}},{"type":"Feature","geometry":{"type":"LineString","coordinates":[[11.7004,74.7052],[15.2996,76.0448]]},"properties":{"azimuth":34.2,"regime":"Normal faulting","regime_code":"NF","regime_share":0.71,"agreement":0.52,"records":81,"support":40.5}},{"type":"Feature","geometry":{"type":"LineString","coordinates":[[19.6414,75.0087],[25.3586,75.7413]]},"properties":{"azimuth":63.1,"regime":"Normal faulting","regime_code":"NF","regime_share":0.48,"agreement":0.32,"records":49,"support":18.0}},{"type":"Feature","geometry":{"type":"LineString","coordinates":[[28.2972,75.3409],[34.7028,75.4091]]},"properties":{"azimuth":87.6,"regime":"Normal faulting","regime_code":"NF","regime_share":0.4,"agreement":0.43,"records":19,"support":5.2}},{"type":"Feature","geometry":{"type":"LineString","coordinates":[[120.1753,76.112],[122.8247,74.638]]},"properties":{"azimuth":155.6,"regime":"Normal faulting","regime_code":"NF","regime_share":0.71,"agreement":0.6,"records":10,"support":3.7}},{"type":"Feature","geometry":{"type":"LineString","coordinates":[[129.5962,76.1516],[131.4038,74.5984]]},"properties":{"azimuth":163.6,"regime":"Normal faulting","regime_code":"NF","regime_share":0.79,"agreement":0.67,"records":11,"support":5.5}},{"type":"Feature","geometry":{"type":"LineString","coordinates":[[139.365,76.1837],[139.635,74.5663]]},"properties":{"azimuth":177.6,"regime":"Normal faulting","regime_code":"NF","regime_share":0.77,"agreement":0.73,"records":5,"support":3.4}},{"type":"Feature","geometry":{"type":"LineString","coordinates":[[147.5963,74.5984],[149.4037,76.1516]]},"properties":{"azimuth":16.4,"regime":"Thrust faulting","regime_code":"TF","regime_share":0.57,"agreement":0.63,"records":4,"support":1.5}},{"type":"Feature","geometry":{"type":"LineString","coordinates":[[-154.7009,73.66],[-150.5165,72.59]]},"properties":{"azimuth":131.4,"regime":"Undetermined","regime_code":"U","regime_share":0.87,"agreement":0.41,"records":10,"support":2.5}},{"type":"Feature","geometry":{"type":"LineString","coordinates":[[-146.6137,73.7354],[-142.9515,72.5146]]},"properties":{"azimuth":139.0,"regime":"Undetermined","regime_code":"U","regime_share":0.65,"agreement":0.31,"records":15,"support":4.3}},{"type":"Feature","geometry":{"type":"LineString","coordinates":[[-139.1711,72.6332],[-134.7419,73.6168]]},"properties":{"azimuth":52.6,"regime":"Undetermined","regime_code":"U","regime_share":0.89,"agreement":0.74,"records":33,"support":10.3}},{"type":"Feature","geometry":{"type":"LineString","coordinates":[[-131.0963,72.551],[-127.1646,73.699]]},"properties":{"azimuth":44.8,"regime":"Undetermined","regime_code":"U","regime_share":0.88,"agreement":0.7,"records":18,"support":6.4}},{"type":"Feature","geometry":{"type":"LineString","coordinates":[[-123.5581,72.6484],[-119.0506,73.6016]]},"properties":{"azimuth":53.9,"regime":"Undetermined","regime_code":"U","regime_share":0.83,"agreement":0.68,"records":3,"support":1.4}},{"type":"Feature","geometry":{"type":"LineString","coordinates":[[-115.8848,72.7162],[-111.0718,73.5338]]},"properties":{"azimuth":59.7,"regime":"Undetermined","regime_code":"U","regime_share":1.0,"agreement":0.81,"records":4,"support":1.4}},{"type":"Feature","geometry":{"type":"LineString","coordinates":[[-107.9375,72.6613],[-103.3668,73.5887]]},"properties":{"azimuth":55.0,"regime":"Undetermined","regime_code":"U","regime_share":0.93,"agreement":0.68,"records":9,"support":2.9}},{"type":"Feature","geometry":{"type":"LineString","coordinates":[[-100.2785,72.7399],[-95.3737,73.5101]]},"properties":{"azimuth":61.6,"regime":"Undetermined","regime_code":"U","regime_share":0.84,"agreement":0.79,"records":6,"support":3.2}},{"type":"Feature","geometry":{"type":"LineString","coordinates":[[-92.478,72.754],[-87.522,73.496]]},"properties":{"azimuth":62.7,"regime":"Undetermined","regime_code":"U","regime_share":0.76,"agreement":0.91,"records":4,"support":1.4}},{"type":"Feature","geometry":{"type":"LineString","coordinates":[[-84.1889,73.6845],[-80.1589,72.5655]]},"properties":{"azimuth":133.7,"regime":"Normal faulting","regime_code":"NF","regime_share":0.45,"agreement":0.35,"records":7,"support":2.1}},{"type":"Feature","geometry":{"type":"LineString","coordinates":[[-75.8888,73.7995],[-72.8068,72.4505]]},"properties":{"azimuth":146.4,"regime":"Thrust faulting","regime_code":"TF","regime_share":0.38,"agreement":0.12,"records":8,"support":5.7}},{"type":"Feature","geometry":{"type":"LineString","coordinates":[[-67.7721,72.4016],[-65.2713,73.8484]]},"properties":{"azimuth":26.6,"regime":"Thrust faulting","regime_code":"TF","regime_share":0.43,"agreement":0.16,"records":8,"support":4.8}},{"type":"Feature","geometry":{"type":"LineString","coordinates":[[-60.1259,72.4302],[-57.2654,73.8198]]},"properties":{"azimuth":30.9,"regime":"Strike-slip","regime_code":"SS","regime_share":0.55,"agreement":0.59,"records":4,"support":1.0}},{"type":"Feature","geometry":{"type":"LineString","coordinates":[[-21.0492,72.4398],[-18.0812,73.8102]]},"properties":{"azimuth":32.2,"regime":"Normal faulting","regime_code":"NF","regime_share":0.64,"agreement":0.59,"records":30,"support":8.2}},{"type":"Feature","geometry":{"type":"LineString","coordinates":[[-13.6613,72.5387],[-9.8169,73.7113]]},"properties":{"azimuth":43.6,"regime":"Normal faulting","regime_code":"NF","regime_share":0.57,"agreement":0.7,"records":69,"support":25.1}},{"type":"Feature","geometry":{"type":"LineString","coordinates":[[-5.6908,72.5015],[-2.1353,73.7485]]},"properties":{"azimuth":39.6,"regime":"Normal faulting","regime_code":"NF","regime_share":0.74,"agreement":0.8,"records":93,"support":44.0}},{"type":"Feature","geometry":{"type":"LineString","coordinates":[[2.4216,72.4411],[5.4045,73.8089]]},"properties":{"azimuth":32.3,"regime":"Normal faulting","regime_code":"NF","regime_share":0.86,"agreement":0.79,"records":97,"support":56.5}},{"type":"Feature","geometry":{"type":"LineString","coordinates":[[10.4288,72.4106],[13.0495,73.8394]]},"properties":{"azimuth":28.0,"regime":"Normal faulting","regime_code":"NF","regime_share":0.73,"agreement":0.65,"records":77,"support":40.6}},{"type":"Feature","geometry":{"type":"LineString","coordinates":[[18.8356,72.3438],[20.2948,73.9062]]},"properties":{"azimuth":15.2,"regime":"Undetermined","regime_code":"U","regime_share":0.53,"agreement":0.24,"records":55,"support":21.4}},{"type":"Feature","geometry":{"type":"LineString","coordinates":[[26.3409,73.8748],[28.4417,72.3752]]},"properties":{"azimuth":157.9,"regime":"Undetermined","regime_code":"U","regime_share":0.95,"agreement":0.43,"records":15,"support":9.9}},{"type":"Feature","geometry":{"type":"LineString","coordinates":[[33.6965,73.8034],[36.7383,72.4466]]},"properties":{"azimuth":146.9,"regime":"Undetermined","regime_code":"U","regime_share":1.0,"agreement":0.65,"records":7,"support":2.8}},{"type":"Feature","geometry":{"type":"LineString","coordinates":[[119.5842,73.762],[123.0245,72.488]]},"properties":{"azimuth":141.9,"regime":"Normal faulting","regime_code":"NF","regime_share":0.61,"agreement":0.84,"records":6,"support":3.0}},{"type":"Feature","geometry":{"type":"LineString","coordinates":[[127.8962,73.8508],[130.3647,72.3992]]},"properties":{"azimuth":153.7,"regime":"Normal faulting","regime_code":"NF","regime_share":0.72,"agreement":0.78,"records":10,"support":4.9}},{"type":"Feature","geometry":{"type":"LineString","coordinates":[[136.6581,73.9297],[137.2549,72.3203]]},"properties":{"azimuth":173.9,"regime":"Normal faulting","regime_code":"NF","regime_share":0.62,"agreement":0.64,"records":11,"support":4.1}},{"type":"Feature","geometry":{"type":"LineString","coordinates":[[144.0482,72.3442],[145.517,73.9058]]},"properties":{"azimuth":15.3,"regime":"Thrust faulting","regime_code":"TF","regime_share":0.39,"agreement":0.73,"records":6,"support":2.1}},{"type":"Feature","geometry":{"type":"LineString","coordinates":[[-171.9688,71.1212],[-167.262,70.6288]]},"properties":{"azimuth":107.7,"regime":"Normal faulting","regime_code":"NF","regime_share":0.84,"agreement":0.79,"records":7,"support":1.3}},{"type":"Feature","geometry":{"type":"LineString","coordinates":[[-164.8594,71.2636],[-160.5252,70.4864]]},"properties":{"azimuth":118.7,"regime":"Normal faulting","regime_code":"NF","regime_share":0.91,"agreement":0.92,"records":12,"support":3.3}},{"type":"Feature","geometry":{"type":"LineString","coordinates":[[-157.6425,71.4027],[-153.8959,70.3473]]},"properties":{"azimuth":130.7,"regime":"Undetermined","regime_code":"U","regime_share":0.55,"agreement":0.59,"records":24,"support":5.7}},{"type":"Feature","geometry":{"type":"LineString","coordinates":[[-150.3612,71.5143],[-147.3311,70.2357]]},"properties":{"azimuth":142.2,"regime":"Undetermined","regime_code":"U","regime_share":0.65,"agreement":0.41,"records":18,"support":12.5}},{"type":"Feature","geometry":{"type":"LineString","coordinates":[[-143.9355,70.4056],[-139.9106,71.3444]]},"properties":{"azimuth":54.5,"regime":"Undetermined","regime_code":"U","regime_share":0.86,"agreement":0.52,"records":69,"support":36.8}},{"type":"Feature","geometry":{"type":"LineString","coordinates":[[-136.9817,70.3917],[-133.0183,71.3583]]},"properties":{"azimuth":53.3,"regime":"Undetermined","regime_code":"U","regime_share":0.95,"agreement":0.82,"records":61,"support":56.1}},{"type":"Feature","geometry":{"type":"LineString","coordinates":[[-130.0067,70.3697],[-126.1471,71.3803]]},"properties":{"azimuth":51.4,"regime":"Undetermined","regime_code":"U","regime_share":0.97,"agreement":0.82,"records":53,"support":30.8}},{"type":"Feature","geometry":{"type":"LineString","coordinates":[[-122.6622,70.234],[-119.6455,71.516]]},"properties":{"azimuth":37.6,"regime":"Undetermined","regime_code":"U","regime_share":0.92,"agreement":0.83,"records":8,"support":2.2}},{"type":"Feature","geometry":{"type":"LineString","coordinates":[[-102.64,70.5447],[-98.1293,71.2053]]},"properties":{"azimuth":65.9,"regime":"Undetermined","regime_code":"U","regime_share":0.63,"agreement":0.83,"records":3,"support":2.0}},{"type":"Feature","geometry":{"type":"LineString","coordinates":[[-95.7652,70.5827],[-91.1579,71.1673]]},"properties":{"azimuth":68.8,"regime":"Undetermined","regime_code":"U","regime_share":0.54,"agreement":0.83,"records":3,"support":1.7}},{"type":"Feature","geometry":{"type":"LineString","coordinates":[[-81.4458,71.4186],[-77.7849,70.3314]]},"properties":{"azimuth":132.2,"regime":"Normal faulting","regime_code":"NF","regime_share":0.59,"agreement":0.44,"records":6,"support":2.6}},{"type":"Feature","geometry":{"type":"LineString","coordinates":[[-74.3159,71.485],[-71.0687,70.265]]},"properties":{"azimuth":138.9,"regime":"Normal faulting","regime_code":"NF","regime_share":0.41,"agreement":0.16,"records":8,"support":5.4}},{"type":"Feature","geometry":{"type":"LineString","coordinates":[[-66.5977,70.1125],[-64.9408,71.6375]]},"properties":{"azimuth":19.6,"regime":"Strike-slip","regime_code":"SS","regime_share":0.53,"agreement":0.11,"records":8,"support":4.0}},{"type":"Feature","geometry":{"type":"LineString","coordinates":[[-25.2076,70.1316],[-23.2539,71.6184]]},"properties":{"azimuth":23.3,"regime":"Normal faulting","regime_code":"NF","regime_share":0.83,"agreement":0.72,"records":28,"support":7.7}},{"type":"Feature","geometry":{"type":"LineString","coordinates":[[-18.6188,70.189],[-15.9966,71.561]]},"properties":{"azimuth":32.1,"regime":"Normal faulting","regime_code":"NF","regime_share":0.65,"agreement":0.63,"records":49,"support":27.6}},{"type":"Feature","geometry":{"type":"LineString","coordinates":[[-12.0529,70.278],[-8.7163,71.472]]},"properties":{"azimuth":42.5,"regime":"Normal faulting","regime_code":"NF","regime_share":0.57,"agreement":0.69,"records":74,"support":43.6}},{"type":"Feature","geometry":{"type":"LineString","coordinates":[[-5.1605,70.2874],[-1.7626,71.4626]]},"properties":{"azimuth":43.5,"regime":"Normal faulting","regime_code":"NF","regime_share":0.67,"agreement":0.81,"records":84,"support":46.3}},{"type":"Feature","geometry":{"type":"LineString","coordinates":[[1.9929,70.2242],[4.9301,71.5258]]},"properties":{"azimuth":36.5,"regime":"Normal faulting","regime_code":"NF","regime_share":0.83,"agreement":0.83,"records":78,"support":37.5}},{"type":"Feature","geometry":{"type":"LineString","coordinates":[[9.1147,70.1807],[11.6545,71.5693]]},"properties":{"azimuth":30.9,"regime":"Normal faulting","regime_code":"NF","regime_share":0.71,"agreement":0.65,"records":66,"support":22.5}},{"type":"Feature","geometry":{"type":"LineString","coordinates":[[17.1345,70.0676],[17.4809,71.6824]]},"properties":{"azimuth":4.0,"regime":"Undetermined","regime_code":"U","regime_share":0.61,"agreement":0.15,"records":42,"support":15.6}},{"type":"Feature","geometry":{"type":"LineString","coordinates":[[22.7737,71.5286],[25.6878,70.2214]]},"properties":{"azimuth":143.9,"regime":"Undetermined","regime_code":"U","regime_share":0.86,"agreement":0.27,"records":23,"support":13.5}},{"type":"Feature","geometry":{"type":"LineString","coordinates":[[29.4764,71.4692],[32.8313,70.2808]]},"properties":{"azimuth":137.2,"regime":"Undetermined","regime_code":"U","regime_share":0.94,"agreement":0.46,"records":13,"support":6.6}},{"type":"Feature","geometry":{"type":"LineString","coordinates":[[35.9969,71.3117],[40.1569,70.4383]]},"properties":{"azimuth":122.7,"regime":"Undetermined","regime_code":"U","regime_share":1.0,"agreement":0.82,"records":3,"support":1.5}},{"type":"Feature","geometry":{"type":"LineString","coordinates":[[119.5852,71.5003],[122.7225,70.2497]]},"properties":{"azimuth":140.6,"regime":"Normal faulting","regime_code":"NF","regime_share":0.58,"agreement":0.88,"records":4,"support":2.1}},{"type":"Feature","geometry":{"type":"LineString","coordinates":[[126.8266,71.5731],[129.3273,70.1769]]},"properties":{"azimuth":149.6,"regime":"Normal faulting","regime_code":"NF","regime_share":0.59,"agreement":0.69,"records":8,"support":3.6}},{"type":"Feature","geometry":{"type":"LineString","coordinates":[[134.2851,70.1002],[135.7149,71.6498]]},"properties":{"azimuth":16.8,"regime":"Strike-slip","regime_code":"SS","regime_share":0.48,"agreement":0.44,"records":12,"support":4.8}},{"type":"Feature","geometry":{"type":"LineString","coordinates":[[140.4646,70.2217],[143.3816,71.5283]]},"properties":{"azimuth":36.2,"regime":"Thrust faulting","regime_code":"TF","regime_share":0.52,"agreement":0.82,"records":20,"support":6.9}},{"type":"Feature","geometry":{"type":"LineString","coordinates":[[147.3464,70.2318],[150.346,71.5182]]},"properties":{"azimuth":37.4,"regime":"Thrust faulting","regime_code":"TF","regime_share":0.64,"agreement":0.89,"records":14,"support":2.5}},{"type":"Feature","geometry":{"type":"LineString","coordinates":[[-179.1172,68.618],[-174.6759,68.632]]},"properties":{"azimuth":89.5,"regime":"Normal faulting","regime_code":"NF","regime_share":0.64,"agreement":0.81,"records":8,"support":2.9}},{"type":"Feature","geometry":{"type":"LineString","coordinates":[[-172.83,68.8409],[-168.5494,68.4091]]},"properties":{"azimuth":105.5,"regime":"Normal faulting","regime_code":"NF","regime_share":0.8,"agreement":0.77,"records":21,"support":7.8}},{"type":"Feature","geometry":{"type":"LineString","coordinates":[[-166.4823,68.9771],[-162.4832,68.2729]]},"properties":{"azimuth":115.8,"regime":"Normal faulting","regime_code":"NF","regime_share":0.87,"agreement":0.83,"records":25,"support":13.3}},{"type":"Feature","geometry":{"type":"LineString","coordinates":[[-160.1146,69.0789],[-156.4371,68.1711]]},"properties":{"azimuth":124.1,"regime":"Normal faulting","regime_code":"NF","regime_share":0.67,"agreement":0.82,"records":32,"support":12.1}},{"type":"Feature","geometry":{"type":"LineString","coordinates":[[-153.3347,69.29],[-150.8032,67.96]]},"properties":{"azimuth":145.3,"regime":"Strike-slip","regime_code":"SS","regime_share":0.56,"agreement":0.64,"records":44,"support":15.7}},{"type":"Feature","geometry":{"type":"LineString","coordinates":[[-145.9742,67.8166],[-145.75,69.4334]]},"properties":{"azimuth":2.9,"regime":"Undetermined","regime_code":"U","regime_share":0.56,"agreement":0.14,"records":75,"support":29.2}},{"type":"Feature","geometry":{"type":"LineString","coordinates":[[-141.3815,68.1159],[-137.9288,69.1341]]},"properties":{"azimuth":51.0,"regime":"Undetermined","regime_code":"U","regime_share":0.89,"agreement":0.66,"records":83,"support":64.2}},{"type":"Feature","geometry":{"type":"LineString","coordinates":[[-135.18,68.1183],[-131.7166,69.1317]]},"properties":{"azimuth":51.2,"regime":"Undetermined","regime_code":"U","regime_share":0.95,"agreement":0.78,"records":72,"support":77.2}},{"type":"Feature","geometry":{"type":"LineString","coordinates":[[-128.931,68.0998],[-125.5518,69.1502]]},"properties":{"azimuth":49.5,"regime":"Undetermined","regime_code":"U","regime_share":0.97,"agreement":0.79,"records":63,"support":33.4}},{"type":"Feature","geometry":{"type":"LineString","coordinates":[[-72.8258,69.2391],[-69.9328,68.0109]]},"properties":{"azimuth":139.4,"regime":"Strike-slip","regime_code":"SS","regime_share":0.59,"agreement":0.35,"records":7,"support":2.2}},{"type":"Feature","geometry":{"type":"LineString","coordinates":[[-66.3837,69.3034],[-63.9611,67.9466]]},"properties":{"azimuth":146.9,"regime":"Strike-slip","regime_code":"SS","regime_share":0.88,"agreement":0.42,"records":3,"support":1.4}},{"type":"Feature","geometry":{"type":"LineString","coordinates":[[-28.5026,69.4071],[-27.3594,67.8429]]},"properties":{"azimuth":165.1,"regime":"Normal faulting","regime_code":"NF","regime_share":0.74,"agreement":0.31,"records":14,"support":2.9}},{"type":"Feature","geometry":{"type":"LineString","coordinates":[[-21.8267,69.4335],[-21.6216,67.8165]]},"properties":{"azimuth":177.4,"regime":"Normal faulting","regime_code":"NF","regime_share":0.55,"agreement":0.49,"records":82,"support":32.2}},{"type":"Feature","geometry":{"type":"LineString","coordinates":[[-15.8957,67.8275],[-15.1388,69.4225]]},"properties":{"azimuth":9.8,"regime":"Normal faulting","regime_code":"NF","regime_share":0.53,"agreement":0.5,"records":117,"support":50.4}},{"type":"Feature","geometry":{"type":"LineString","coordinates":[[-10.5158,67.9452],[-8.1049,69.3048]]},"properties":{"azimuth":32.9,"regime":"Normal faulting","regime_code":"NF","regime_share":0.56,"agreement":0.59,"records":93,"support":28.2}},{"type":"Feature","geometry":{"type":"LineString","coordinates":[[-4.7243,68.0717],[-1.4826,69.1783]]},"properties":{"azimuth":46.9,"regime":"Normal faulting","regime_code":"NF","regime_share":0.6,"agreement":0.83,"records":50,"support":14.8}},{"type":"Feature","geometry":{"type":"LineString","coordinates":[[1.349,68.1288],[4.8579,69.1212]]},"properties":{"azimuth":52.2,"regime":"Normal faulting","regime_code":"NF","regime_share":0.6,"agreement":0.41,"records":51,"support":11.3}},{"type":"Feature","geometry":{"type":"LineString","coordinates":[[7.3686,69.0178],[11.252,68.2322]]},"properties":{"azimuth":119.0,"regime":"Undetermined","regime_code":"U","regime_share":0.42,"agreement":0.28,"records":28,"support":9.2}},{"type":"Feature","geometry":{"type":"LineString","coordinates":[[13.9346,69.1928],[17.0999,68.0572]]},"properties":{"azimuth":134.5,"regime":"Undetermined","regime_code":"U","regime_share":0.42,"agreement":0.06,"records":23,"support":11.4}},{"type":"Feature","geometry":{"type":"LineString","coordinates":[[19.7216,68.9749],[23.7267,68.2751]]},"properties":{"azimuth":115.6,"regime":"Undetermined","regime_code":"U","regime_share":0.59,"agreement":0.18,"records":24,"support":12.4}},{"type":"Feature","geometry":{"type":"LineString","coordinates":[[25.8879,68.9422],[29.9742,68.3078]]},"properties":{"azimuth":113.1,"regime":"Undetermined","regime_code":"U","regime_share":0.62,"agreement":0.47,"records":18,"support":7.1}},{"type":"Feature","geometry":{"type":"LineString","coordinates":[[32.1268,68.9682],[36.1491,68.2818]]},"properties":{"azimuth":115.1,"regime":"Undetermined","regime_code":"U","regime_share":0.73,"agreement":0.98,"records":5,"support":2.2}},{"type":"Feature","geometry":{"type":"LineString","coordinates":[[132.038,67.9998],[134.8585,69.2502]]},"properties":{"azimuth":39.4,"regime":"Thrust faulting","regime_code":"TF","regime_share":0.56,"agreement":0.75,"records":20,"support":6.3}},{"type":"Feature","geometry":{"type":"LineString","coordinates":[[138.2206,68.0072],[141.0898,69.2428]]},"properties":{"azimuth":40.2,"regime":"Thrust faulting","regime_code":"TF","regime_share":0.62,"agreement":0.9,"records":19,"support":14.5}},{"type":"Feature","geometry":{"type":"LineString","coordinates":[[144.4174,68.0103],[147.3067,69.2397]]},"properties":{"azimuth":40.6,"regime":"Thrust faulting","regime_code":"TF","regime_share":0.63,"agreement":0.9,"records":20,"support":11.2}},{"type":"Feature","geometry":{"type":"LineString","coordinates":[[150.5893,68.0215],[153.5487,69.2285]]},"properties":{"azimuth":41.8,"regime":"Thrust faulting","regime_code":"TF","regime_share":0.79,"agreement":0.99,"records":9,"support":1.7}},{"type":"Feature","geometry":{"type":"LineString","coordinates":[[-179.2046,66.4163],[-175.1704,66.3337]]},"properties":{"azimuth":92.9,"regime":"Strike-slip","regime_code":"SS","regime_share":0.52,"agreement":0.85,"records":11,"support":5.2}},{"type":"Feature","geometry":{"type":"LineString","coordinates":[[-173.5566,66.5035],[-169.5684,66.2465]]},"properties":{"azimuth":99.1,"regime":"Normal faulting","regime_code":"NF","regime_share":0.66,"agreement":0.78,"records":27,"support":11.9}},{"type":"Feature","geometry":{"type":"LineString","coordinates":[[-167.8416,66.6449],[-164.0334,66.1051]]},"properties":{"azimuth":109.5,"regime":"Normal faulting","regime_code":"NF","regime_share":0.81,"agreement":0.74,"records":30,"support":18.1}},{"type":"Feature","geometry":{"type":"LineString","coordinates":[[-162.0856,66.7625],[-158.5394,65.9875]]},"properties":{"azimuth":118.6,"regime":"Normal faulting","regime_code":"NF","regime_share":0.78,"agreement":0.74,"records":28,"support":17.9}},{"type":"Feature","geometry":{"type":"LineString","coordinates":[[-155.9426,67.0091],[-153.4324,65.7409]]},"properties":{"azimuth":141.6,"regime":"Strike-slip","regime_code":"SS","regime_share":0.65,"agreement":0.63,"records":53,"support":22.2}},{"type":"Feature","geometry":{"type":"LineString","coordinates":[[-149.8162,67.1259],[-148.3088,65.6241]]},"properties":{"azimuth":158.1,"regime":"Strike-slip","regime_code":"SS","regime_share":0.72,"agreement":0.62,"records":61,"support":32.3}},{"type":"Feature","geometry":{"type":"LineString","coordinates":[[-143.4812,65.5658],[-143.3938,67.1842]]},"properties":{"azimuth":1.2,"regime":"Strike-slip","regime_code":"SS","regime_share":0.51,"agreement":0.43,"records":82,"support":32.4}},{"type":"Feature","geometry":{"type":"LineString","coordinates":[[-139.1404,65.7651],[-136.4846,66.9849]]},"properties":{"azimuth":41.1,"regime":"Undetermined","regime_code":"U","regime_share":0.84,"agreement":0.61,"records":72,"support":43.2}},{"type":"Feature","geometry":{"type":"LineString","coordinates":[[-133.4769,65.752],[-130.8981,66.998]]},"properties":{"azimuth":39.7,"regime":"Undetermined","regime_code":"U","regime_share":0.85,"agreement":0.61,"records":75,"support":44.6}},{"type":"Feature","geometry":{"type":"LineString","coordinates":[[-127.543,65.6674],[-125.582,67.0826]]},"properties":{"azimuth":29.0,"regime":"Undetermined","regime_code":"U","regime_share":0.78,"agreement":0.52,"records":42,"support":17.0}},{"type":"Feature","geometry":{"type":"LineString","coordinates":[[-121.7632,65.6363],[-120.1118,67.1137]]},"properties":{"azimuth":24.1,"regime":"Undetermined","regime_code":"U","regime_share":0.87,"agreement":0.28,"records":7,"support":3.1}},{"type":"Feature","geometry":{"type":"LineString","coordinates":[[-32.3026,66.9715],[-29.5724,65.7785]]},"properties":{"azimuth":137.5,"regime":"Normal faulting","regime_code":"NF","regime_share":0.64,"agreement":0.59,"records":9,"support":2.7}},{"type":"Feature","geometry":{"type":"LineString","coordinates":[[-25.9861,65.612],[-24.6389,67.138]]},"properties":{"azimuth":19.5,"regime":"Normal faulting","regime_code":"NF","regime_share":0.35,"agreement":0.42,"records":163,"support":67.1}},{"type":"Feature","geometry":{"type":"LineString","coordinates":[[-20.1303,65.5853],[-19.2447,67.1647]]},"properties":{"azimuth":12.7,"regime":"Normal faulting","regime_code":"NF","regime_share":0.34,"agreement":0.44,"records":193,"support":125.6}},{"type":"Feature","geometry":{"type":"LineString","coordinates":[[-14.2885,65.5707],[-13.8365,67.1793]]},"properties":{"azimuth":6.4,"regime":"Normal faulting","regime_code":"NF","regime_share":0.4,"agreement":0.53,"records":162,"support":85.0}},{"type":"Feature","geometry":{"type":"LineString","coordinates":[[-8.7104,65.573],[-8.1646,67.177]]},"properties":{"azimuth":7.8,"regime":"Normal faulting","regime_code":"NF","regime_share":0.46,"agreement":0.66,"records":64,"support":20.3}},{"type":"Feature","geometry":{"type":"LineString","coordinates":[[-4.7566,66.5943],[-0.8684,66.1557]]},"properties":{"azimuth":105.7,"regime":"Thrust faulting","regime_code":"TF","regime_share":0.69,"agreement":0.36,"records":6,"support":1.4}},{"type":"Feature","geometry":{"type":"LineString","coordinates":[[0.9775,66.7132],[4.6475,66.0368]]},"properties":{"azimuth":114.7,"regime":"Undetermined","regime_code":"U","regime_share":0.69,"agreement":0.7,"records":23,"support":13.4}},{"type":"Feature","geometry":{"type":"LineString","coordinates":[[6.6248,66.732],[10.2502,66.018]]},"properties":{"azimuth":116.2,"regime":"Undetermined","regime_code":"U","regime_share":0.64,"agreement":0.55,"records":26,"support":20.6}},{"type":"Feature","geometry":{"type":"LineString","coordinates":[[12.3439,66.8001],[15.7811,65.9499]]},"properties":{"azimuth":121.7,"regime":"Undetermined","regime_code":"U","regime_share":0.46,"agreement":0.22,"records":34,"support":16.4}},{"type":"Feature","geometry":{"type":"LineString","coordinates":[[17.6863,66.4844],[21.6887,66.2656]]},"properties":{"azimuth":97.8,"regime":"Undetermined","regime_code":"U","regime_share":0.37,"agreement":0.12,"records":22,"support":12.4}},{"type":"Feature","geometry":{"type":"LineString","coordinates":[[23.4516,66.6896],[27.1734,66.0604]]},"properties":{"azimuth":112.9,"regime":"Thrust faulting","regime_code":"TF","regime_share":0.56,"agreement":0.53,"records":28,"support":12.6}},{"type":"Feature","geometry":{"type":"LineString","coordinates":[[29.1363,66.7412],[32.7387,66.0088]]},"properties":{"azimuth":116.9,"regime":"Thrust faulting","regime_code":"TF","regime_share":0.72,"agreement":0.86,"records":14,"support":6.2}},{"type":"Feature","geometry":{"type":"LineString","coordinates":[[34.7814,66.7566],[38.3436,65.9934]]},"properties":{"azimuth":118.1,"regime":"Thrust faulting","regime_code":"TF","regime_share":0.59,"agreement":0.97,"records":6,"support":1.8}},{"type":"Feature","geometry":{"type":"LineString","coordinates":[[130.6482,65.851],[133.7268,66.899]]},"properties":{"azimuth":49.7,"regime":"Thrust faulting","regime_code":"TF","regime_share":0.68,"agreement":0.77,"records":8,"support":2.0}},{"type":"Feature","geometry":{"type":"LineString","coordinates":[[136.4325,65.784],[139.1925,66.966]]},"properties":{"azimuth":43.1,"regime":"Thrust faulting","regime_code":"TF","regime_share":0.65,"agreement":0.85,"records":20,"support":10.9}},{"type":"Feature","geometry":{"type":"LineString","coordinates":[[141.9966,65.8078],[144.8784,66.9422]]},"properties":{"azimuth":45.5,"regime":"Thrust faulting","regime_code":"TF","regime_share":0.59,"agreement":0.79,"records":23,"support":14.6}},{"type":"Feature","geometry":{"type":"LineString","coordinates":[[147.4185,65.9049],[150.7065,66.8451]]},"properties":{"azimuth":54.5,"regime":"Strike-slip","regime_code":"SS","regime_share":0.51,"agreement":0.68,"records":20,"support":7.3}},{"type":"Feature","geometry":{"type":"LineString","coordinates":[[175.1883,66.49],[179.1867,66.26]]},"properties":{"azimuth":98.2,"regime":"Strike-slip","regime_code":"SS","regime_share":0.8,"agreement":0.95,"records":4,"support":1.7}},{"type":"Feature","geometry":{"type":"LineString","coordinates":[[-179.2632,64.2435],[-175.5939,64.0065]]},"properties":{"azimuth":98.4,"regime":"Strike-slip","regime_code":"SS","regime_share":0.68,"agreement":0.88,"records":15,"support":4.4}},{"type":"Feature","geometry":{"type":"LineString","coordinates":[[-174.1239,64.2327],[-170.4475,64.0173]]},"properties":{"azimuth":97.6,"regime":"Strike-slip","regime_code":"SS","regime_share":0.5,"agreement":0.78,"records":13,"support":6.8}},{"type":"Feature","geometry":{"type":"LineString","coordinates":[[-168.968,64.2689],[-165.3177,63.9811]]},"properties":{"azimuth":100.2,"regime":"Normal faulting","regime_code":"NF","regime_share":0.7,"agreement":0.69,"records":22,"support":9.7}},{"type":"Feature","geometry":{"type":"LineString","coordinates":[[-163.7482,64.3952],[-160.2518,63.8548]]},"properties":{"azimuth":109.5,"regime":"Normal faulting","regime_code":"NF","regime_share":0.82,"agreement":0.64,"records":27,"support":10.7}},{"type":"Feature","geometry":{"type":"LineString","coordinates":[[-158.2035,64.6817],[-155.5108,63.5683]]},"properties":{"azimuth":133.5,"regime":"Strike-slip","regime_code":"SS","regime_share":0.58,"agreement":0.61,"records":38,"support":14.5}},{"type":"Feature","geometry":{"type":"LineString","coordinates":[[-152.6133,64.8329],[-150.8153,63.4171]]},"properties":{"azimuth":151.0,"regime":"Strike-slip","regime_code":"SS","regime_share":0.67,"agreement":0.52,"records":61,"support":35.3}},{"type":"Feature","geometry":{"type":"LineString","coordinates":[[-146.9995,64.9125],[-146.1434,63.3375]]},"properties":{"azimuth":166.7,"regime":"Strike-slip","regime_code":"SS","regime_share":0.62,"agreement":0.52,"records":75,"support":44.7}},{"type":"Feature","geometry":{"type":"LineString","coordinates":[[-141.4947,63.3161],[-141.3624,64.9339]]},"properties":{"azimuth":2.0,"regime":"Strike-slip","regime_code":"SS","regime_share":0.56,"agreement":0.64,"records":69,"support":29.0}},{"type":"Feature","geometry":{"type":"LineString","coordinates":[[-136.6892,63.335],[-135.8822,64.915]]},"properties":{"azimuth":12.6,"regime":"Undetermined","regime_code":"U","regime_share":0.42,"agreement":0.76,"records":43,"support":17.5}},{"type":"Feature","geometry":{"type":"LineString","coordinates":[[-131.628,63.3438],[-130.6577,64.9062]]},"properties":{"azimuth":15.2,"regime":"Undetermined","regime_code":"U","regime_share":0.52,"agreement":0.62,"records":27,"support":17.2}},{"type":"Feature","geometry":{"type":"LineString","coordinates":[[-126.9802,63.4379],[-125.0198,64.8121]]},"properties":{"azimuth":31.9,"regime":"Undetermined","regime_code":"U","regime_share":0.51,"agreement":0.32,"records":29,"support":17.2}},{"type":"Feature","geometry":{"type":"LineString","coordinates":[[-122.5217,63.7681],[-119.1926,64.4819]]},"properties":{"azimuth":63.8,"regime":"Undetermined","regime_code":"U","regime_share":0.54,"agreement":0.36,"records":23,"support":9.1}},{"type":"Feature","geometry":{"type":"LineString","coordinates":[[-65.7513,63.629],[-62.8201,64.621]]},"properties":{"azimuth":52.2,"regime":"Undetermined","regime_code":"U","regime_share":1.0,"agreement":0.5,"records":2,"support":1.3}},{"type":"Feature","geometry":{"type":"LineString","coordinates":[[-60.928,63.9055],[-57.3577,64.3445]]},"properties":{"azimuth":74.3,"regime":"Undetermined","regime_code":"U","regime_share":0.89,"agreement":0.52,"records":3,"support":1.9}},{"type":"Feature","geometry":{"type":"LineString","coordinates":[[-45.0022,63.5426],[-42.4264,64.7074]]},"properties":{"azimuth":44.0,"regime":"Normal faulting","regime_code":"NF","regime_share":1.0,"agreement":0.42,"records":4,"support":1.1}},{"type":"Feature","geometry":{"type":"LineString","coordinates":[[-33.94,63.347],[-32.9171,64.903]]},"properties":{"azimuth":16.0,"regime":"Normal faulting","regime_code":"NF","regime_share":0.91,"agreement":0.91,"records":9,"support":1.5}},{"type":"Feature","geometry":{"type":"LineString","coordinates":[[-29.1865,63.4175],[-27.3849,64.8325]]},"properties":{"azimuth":29.1,"regime":"Normal faulting","regime_code":"NF","regime_share":0.43,"agreement":0.64,"records":107,"support":49.6}},{"type":"Feature","geometry":{"type":"LineString","coordinates":[[-24.0036,63.408],[-22.2822,64.842]]},"properties":{"azimuth":27.7,"regime":"Normal faulting","regime_code":"NF","regime_share":0.33,"agreement":0.56,"records":184,"support":142.1}},{"type":"Feature","geometry":{"type":"LineString","coordinates":[[-18.7222,63.3795],[-17.2778,64.8705]]},"properties":{"azimuth":22.9,"regime":"Undetermined","regime_code":"U","regime_share":0.32,"agreement":0.52,"records":189,"support":150.7}},{"type":"Feature","geometry":{"type":"LineString","coordinates":[[-13.3249,63.3418],[-12.3893,64.9082]]},"properties":{"azimuth":14.6,"regime":"Normal faulting","regime_code":"NF","regime_share":0.35,"agreement":0.54,"records":148,"support":68.1}},{"type":"Feature","geometry":{"type":"LineString","coordinates":[[-8.1934,63.3431],[-7.2351,64.9069]]},"properties":{"azimuth":15.0,"regime":"Normal faulting","regime_code":"NF","regime_share":0.58,"agreement":0.79,"records":29,"support":9.9}},{"type":"Feature","geometry":{"type":"LineString","coordinates":[[-4.2216,64.4945],[-0.9213,63.7555]]},"properties":{"azimuth":117.2,"regime":"Undetermined","regime_code":"U","regime_share":0.44,"agreement":0.53,"records":34,"support":8.3}},{"type":"Feature","geometry":{"type":"LineString","coordinates":[[0.8043,64.3707],[4.3385,63.8793]]},"properties":{"azimuth":107.7,"regime":"Undetermined","regime_code":"U","regime_share":0.45,"agreement":0.57,"records":64,"support":32.4}},{"type":"Feature","geometry":{"type":"LineString","coordinates":[[5.9787,64.4104],[9.4498,63.8396]]},"properties":{"azimuth":110.6,"regime":"Undetermined","regime_code":"U","regime_share":0.52,"agreement":0.54,"records":64,"support":31.7}},{"type":"Feature","geometry":{"type":"LineString","coordinates":[[11.1181,64.4064],[14.5961,63.8436]]},"properties":{"azimuth":110.3,"regime":"Undetermined","regime_code":"U","regime_share":0.5,"agreement":0.38,"records":39,"support":15.5}},{"type":"Feature","geometry":{"type":"LineString","coordinates":[[16.1551,64.2077],[19.8449,64.0423]]},"properties":{"azimuth":95.9,"regime":"Thrust faulting","regime_code":"TF","regime_share":0.41,"agreement":0.32,"records":35,"support":13.7}},{"type":"Feature","geometry":{"type":"LineString","coordinates":[[21.376,64.3711],[24.9097,63.8789]]},"properties":{"azimuth":107.7,"regime":"Thrust faulting","regime_code":"TF","regime_share":0.73,"agreement":0.57,"records":39,"support":21.8}},{"type":"Feature","geometry":{"type":"LineString","coordinates":[[26.6186,64.4797],[29.9528,63.7703]]},"properties":{"azimuth":116.0,"regime":"Thrust faulting","regime_code":"TF","regime_share":0.88,"agreement":0.77,"records":22,"support":18.3}},{"type":"Feature","geometry":{"type":"LineString","coordinates":[[31.782,64.4975],[35.0751,63.7525]]},"properties":{"azimuth":117.4,"regime":"Thrust faulting","regime_code":"TF","regime_share":0.88,"agreement":0.81,"records":15,"support":7.3}},{"type":"Feature","geometry":{"type":"LineString","coordinates":[[134.784,63.65],[137.7874,64.6]]},"properties":{"azimuth":54.1,"regime":"Thrust faulting","regime_code":"TF","regime_share":0.61,"agreement":0.52,"records":7,"support":2.1}},{"type":"Feature","geometry":{"type":"LineString","coordinates":[[139.8429,63.7052],[143.0143,64.5448]]},"properties":{"azimuth":58.8,"regime":"Strike-slip","regime_code":"SS","regime_share":0.57,"agreement":0.62,"records":24,"support":7.5}},{"type":"Feature","geometry":{"type":"LineString","coordinates":[[144.8065,63.8763],[148.3364,64.3737]]},"properties":{"azimuth":72.1,"regime":"Strike-slip","regime_code":"SS","regime_share":0.74,"agreement":0.68,"records":20,"support":8.0}},{"type":"Feature","geometry":{"type":"LineString","coordinates":[[149.8916,63.9754],[153.537,64.2746]]},"properties":{"azimuth":79.4,"regime":"Strike-slip","regime_code":"SS","regime_share":0.81,"agreement":0.64,"records":9,"support":4.6}},{"type":"Feature","geometry":{"type":"LineString","coordinates":[[156.5431,63.3273],[157.1712,64.9227]]},"properties":{"azimuth":9.7,"regime":"Strike-slip","regime_code":"SS","regime_share":0.69,"agreement":0.32,"records":5,"support":1.8}},{"type":"Feature","geometry":{"type":"LineString","coordinates":[[160.3795,63.7314],[163.6205,64.5186]]},"properties":{"azimuth":60.9,"regime":"Thrust faulting","regime_code":"TF","regime_share":0.49,"agreement":0.18,"records":23,"support":4.3}},{"type":"Feature","geometry":{"type":"LineString","coordinates":[[165.3105,64.2502],[168.9752,63.9998]]},"properties":{"azimuth":98.9,"regime":"Thrust faulting","regime_code":"TF","regime_share":0.56,"agreement":0.3,"records":26,"support":8.0}},{"type":"Feature","geometry":{"type":"LineString","coordinates":[[170.4784,64.3068],[174.093,63.9432]]},"properties":{"azimuth":103.0,"regime":"Strike-slip","regime_code":"SS","regime_share":0.54,"agreement":0.59,"records":12,"support":3.4}},{"type":"Feature","geometry":{"type":"LineString","coordinates":[[175.589,64.2279],[179.2682,64.0221]]},"properties":{"azimuth":97.3,"regime":"Strike-slip","regime_code":"SS","regime_share":0.92,"agreement":0.83,"records":5,"support":1.8}},{"type":"Feature","geometry":{"type":"LineString","coordinates":[[-179.3051,61.9701],[-175.8949,61.7799]]},"properties":{"azimuth":96.7,"regime":"Strike-slip","regime_code":"SS","regime_share":0.82,"agreement":0.98,"records":6,"support":3.7}},{"type":"Feature","geometry":{"type":"LineString","coordinates":[[-174.4923,62.0119],[-171.1077,61.7381]]},"properties":{"azimuth":99.7,"regime":"Strike-slip","regime_code":"SS","regime_share":0.73,"agreement":0.93,"records":9,"support":3.1}},{"type":"Feature","geometry":{"type":"LineString","coordinates":[[-169.7031,61.9779],[-166.2969,61.7721]]},"properties":{"azimuth":97.3,"regime":"Normal faulting","regime_code":"NF","regime_share":0.51,"agreement":0.71,"records":9,"support":2.1}},{"type":"Feature","geometry":{"type":"LineString","coordinates":[[-164.9168,61.8858],[-161.4832,61.8642]]},"properties":{"azimuth":90.8,"regime":"Normal faulting","regime_code":"NF","regime_share":0.92,"agreement":0.57,"records":7,"support":1.8}},{"type":"Feature","geometry":{"type":"LineString","coordinates":[[-159.8671,62.2955],[-156.9329,61.4545]]},"properties":{"azimuth":121.3,"regime":"Strike-slip","regime_code":"SS","regime_share":0.52,"agreement":0.58,"records":18,"support":4.4}},{"type":"Feature","geometry":{"type":"LineString","coordinates":[[-154.6292,62.5229],[-152.5708,61.2271]]},"properties":{"azimuth":143.2,"regime":"Strike-slip","regime_code":"SS","regime_share":0.54,"agreement":0.35,"records":60,"support":20.1}},{"type":"Feature","geometry":{"type":"LineString","coordinates":[[-149.226,62.6591],[-148.374,61.0909]]},"properties":{"azimuth":165.6,"regime":"Strike-slip","regime_code":"SS","regime_share":0.45,"agreement":0.36,"records":90,"support":42.4}},{"type":"Feature","geometry":{"type":"LineString","coordinates":[[-144.0329,62.6842],[-143.9671,61.0658]]},"properties":{"azimuth":178.9,"regime":"Strike-slip","regime_code":"SS","regime_share":0.42,"agreement":0.54,"records":91,"support":48.5}},{"type":"Feature","geometry":{"type":"LineString","coordinates":[[-139.4489,61.0742],[-138.9511,62.6758]]},"properties":{"azimuth":8.3,"regime":"Strike-slip","regime_code":"SS","regime_share":0.43,"agreement":0.66,"records":66,"support":32.4}},{"type":"Feature","geometry":{"type":"LineString","coordinates":[[-134.9278,61.1048],[-133.8722,62.6452]]},"properties":{"azimuth":17.9,"regime":"Thrust faulting","regime_code":"TF","regime_share":0.49,"agreement":0.68,"records":40,"support":12.4}},{"type":"Feature","geometry":{"type":"LineString","coordinates":[[-130.6934,61.2509],[-128.5066,62.4991]]},"properties":{"azimuth":39.6,"regime":"Undetermined","regime_code":"U","regime_share":0.42,"agreement":0.41,"records":38,"support":13.9}},{"type":"Feature","geometry":{"type":"LineString","coordinates":[[-126.2514,61.4425],[-123.3486,62.3075]]},"properties":{"azimuth":57.7,"regime":"Undetermined","regime_code":"U","regime_share":0.55,"agreement":0.49,"records":53,"support":30.7}},{"type":"Feature","geometry":{"type":"LineString","coordinates":[[-121.5191,61.4977],[-118.4809,62.2523]]},"properties":{"azimuth":62.2,"regime":"Undetermined","regime_code":"U","regime_share":0.66,"agreement":0.54,"records":53,"support":26.4}},{"type":"Feature","geometry":{"type":"LineString","coordinates":[[-116.7407,61.5177],[-113.6593,62.2323]]},"properties":{"azimuth":63.8,"regime":"Undetermined","regime_code":"U","regime_share":0.88,"agreement":0.7,"records":20,"support":5.0}},{"type":"Feature","geometry":{"type":"LineString","coordinates":[[-92.8818,62.0381],[-89.5182,61.7119]]},"properties":{"azimuth":101.6,"regime":"Undetermined","regime_code":"U","regime_share":0.78,"agreement":0.14,"records":3,"support":1.2}},{"type":"Feature","geometry":{"type":"LineString","coordinates":[[-87.8503,62.3083],[-84.9497,61.4417]]},"properties":{"azimuth":122.4,"regime":"Undetermined","regime_code":"U","regime_share":0.71,"agreement":0.24,"records":3,"support":1.6}},{"type":"Feature","geometry":{"type":"LineString","coordinates":[[-68.0174,61.1632],[-66.3826,62.5868]]},"properties":{"azimuth":28.4,"regime":"Undetermined","regime_code":"U","regime_share":1.0,"agreement":0.7,"records":3,"support":1.1}},{"type":"Feature","geometry":{"type":"LineString","coordinates":[[-63.4809,61.2461],[-61.3191,62.5039]]},"properties":{"azimuth":39.0,"regime":"Undetermined","regime_code":"U","regime_share":0.83,"agreement":0.18,"records":5,"support":3.2}},{"type":"Feature","geometry":{"type":"LineString","coordinates":[[-59.317,61.8688],[-55.883,61.8812]]},"properties":{"azimuth":89.6,"regime":"Undetermined","regime_code":"U","regime_share":0.73,"agreement":0.22,"records":5,"support":2.9}},{"type":"Feature","geometry":{"type":"LineString","coordinates":[[-49.4278,61.4255],[-46.5722,62.3245]]},"properties":{"azimuth":56.3,"regime":"Normal faulting","regime_code":"NF","regime_share":1.0,"agreement":0.46,"records":4,"support":2.1}},{"type":"Feature","geometry":{"type":"LineString","coordinates":[[-44.5353,61.3662],[-41.8647,62.3838]]},"properties":{"azimuth":51.1,"regime":"Normal faulting","regime_code":"NF","regime_share":1.0,"agreement":0.43,"records":4,"support":3.5}},{"type":"Feature","geometry":{"type":"LineString","coordinates":[[-39.5825,61.2882],[-37.2175,62.4618]]},"properties":{"azimuth":43.5,"regime":"Normal faulting","regime_code":"NF","regime_share":1.0,"agreement":0.41,"records":4,"support":1.6}},{"type":"Feature","geometry":{"type":"LineString","coordinates":[[-34.1483,61.108],[-33.0517,62.642]]},"properties":{"azimuth":18.6,"regime":"Normal faulting","regime_code":"NF","regime_share":0.97,"agreement":0.92,"records":55,"support":14.0}},{"type":"Feature","geometry":{"type":"LineString","coordinates":[[-29.4796,61.1317],[-28.1204,62.6183]]},"properties":{"azimuth":23.3,"regime":"Normal faulting","regime_code":"NF","regime_share":0.69,"agreement":0.83,"records":92,"support":34.7}},{"type":"Feature","geometry":{"type":"LineString","coordinates":[[-24.8628,61.1752],[-23.1372,62.5748]]},"properties":{"azimuth":30.2,"regime":"Normal faulting","regime_code":"NF","regime_share":0.41,"agreement":0.71,"records":125,"support":71.1}},{"type":"Feature","geometry":{"type":"LineString","coordinates":[[-20.0974,61.185],[-18.3026,62.565]]},"properties":{"azimuth":31.5,"regime":"Undetermined","regime_code":"U","regime_share":0.31,"agreement":0.65,"records":147,"support":73.7}},{"type":"Feature","geometry":{"type":"LineString","coordinates":[[-15.2044,61.1599],[-13.5956,62.5901]]},"properties":{"azimuth":27.9,"regime":"Undetermined","regime_code":"U","regime_share":0.37,"agreement":0.59,"records":98,"support":28.9}},{"type":"Feature","geometry":{"type":"LineString","coordinates":[[-10.1057,61.1015],[-9.0943,62.6485]]},"properties":{"azimuth":17.1,"regime":"Undetermined","regime_code":"U","regime_share":0.55,"agreement":0.42,"records":30,"support":6.8}},{"type":"Feature","geometry":{"type":"LineString","coordinates":[[-6.4518,62.0959],[-3.1482,61.6541]]},"properties":{"azimuth":105.8,"regime":"Undetermined","regime_code":"U","regime_share":0.79,"agreement":0.33,"records":42,"support":16.9}},{"type":"Feature","geometry":{"type":"LineString","coordinates":[[-1.6919,62.013],[1.6919,61.737]]},"properties":{"azimuth":99.8,"regime":"Undetermined","regime_code":"U","regime_share":0.51,"agreement":0.52,"records":84,"support":53.9}},{"type":"Feature","geometry":{"type":"LineString","coordinates":[[3.1072,62.0103],[6.4928,61.7397]]},"properties":{"azimuth":99.6,"regime":"Undetermined","regime_code":"U","regime_share":0.4,"agreement":0.56,"records":93,"support":64.0}},{"type":"Feature","geometry":{"type":"LineString","coordinates":[[7.9276,62.0582],[11.2724,61.6918]]},"properties":{"azimuth":103.1,"regime":"Undetermined","regime_code":"U","regime_share":0.32,"agreement":0.47,"records":92,"support":34.8}},{"type":"Feature","geometry":{"type":"LineString","coordinates":[[12.7807,62.1442],[16.0193,61.6058]]},"properties":{"azimuth":109.4,"regime":"Thrust faulting","regime_code":"TF","regime_share":0.36,"agreement":0.37,"records":36,"support":19.6}},{"type":"Feature","geometry":{"type":"LineString","coordinates":[[17.5227,62.048],[20.8773,61.702]]},"properties":{"azimuth":102.3,"regime":"Thrust faulting","regime_code":"TF","regime_share":0.61,"agreement":0.46,"records":42,"support":23.9}},{"type":"Feature","geometry":{"type":"LineString","coordinates":[[22.3581,62.1117],[25.6419,61.6383]]},"properties":{"azimuth":107.0,"regime":"Thrust faulting","regime_code":"TF","regime_share":0.81,"agreement":0.54,"records":34,"support":28.7}},{"type":"Feature","geometry":{"type":"LineString","coordinates":[[27.1993,62.1678],[30.4007,61.5822]]},"properties":{"azimuth":111.2,"regime":"Thrust faulting","regime_code":"TF","regime_share":0.87,"agreement":0.61,"records":28,"support":19.7}},{"type":"Feature","geometry":{"type":"LineString","coordinates":[[32.0475,62.2207],[35.1525,61.5293]]},"properties":{"azimuth":115.3,"regime":"Thrust faulting","regime_code":"TF","regime_share":0.94,"agreement":0.77,"records":15,"support":4.7}},{"type":"Feature","geometry":{"type":"LineString","coordinates":[[56.1327,62.2953],[59.0673,61.4547]]},"properties":{"azimuth":121.3,"regime":"Normal faulting","regime_code":"NF","regime_share":0.4,"agreement":0.86,"records":5,"support":1.6}},{"type":"Feature","geometry":{"type":"LineString","coordinates":[[60.9318,62.2947],[63.8682,61.4553]]},"properties":{"azimuth":121.2,"regime":"Normal faulting","regime_code":"NF","regime_share":0.41,"agreement":0.86,"records":5,"support":1.7}},{"type":"Feature","geometry":{"type":"LineString","coordinates":[[133.0446,61.3781],[135.7554,62.3719]]},"properties":{"azimuth":52.1,"regime":"Thrust faulting","regime_code":"TF","regime_share":0.67,"agreement":0.43,"records":2,"support":1.1}},{"type":"Feature","geometry":{"type":"LineString","coordinates":[[137.614,61.5649],[140.786,62.1851]]},"properties":{"azimuth":67.5,"regime":"Strike-slip","regime_code":"SS","regime_share":0.71,"agreement":0.48,"records":6,"support":3.0}},{"type":"Feature","geometry":{"type":"LineString","coordinates":[[142.3531,61.6461],[145.6469,62.1039]]},"properties":{"azimuth":73.6,"regime":"Strike-slip","regime_code":"SS","regime_share":0.9,"agreement":0.72,"records":11,"support":5.3}},{"type":"Feature","geometry":{"type":"LineString","coordinates":[[147.1654,61.6272],[150.4346,62.1228]]},"properties":{"azimuth":72.2,"regime":"Strike-slip","regime_code":"SS","regime_share":0.88,"agreement":0.63,"records":12,"support":5.5}},{"type":"Feature","geometry":{"type":"LineString","coordinates":[[152.6146,61.2122],[154.5854,62.5378]]},"properties":{"azimuth":35.0,"regime":"Strike-slip","regime_code":"SS","regime_share":0.65,"agreement":0.27,"records":11,"support":4.3}},{"type":"Feature","geometry":{"type":"LineString","coordinates":[[157.4639,61.1965],[159.3361,62.5535]]},"properties":{"azimuth":33.0,"regime":"Thrust faulting","regime_code":"TF","regime_share":0.5,"agreement":0.42,"records":22,"support":6.5}},{"type":"Feature","geometry":{"type":"LineString","coordinates":[[161.4853,61.833],[164.9147,61.917]]},"properties":{"azimuth":87.0,"regime":"Thrust faulting","regime_code":"TF","regime_share":0.6,"agreement":0.19,"records":34,"support":18.6}},{"type":"Feature","geometry":{"type":"LineString","coordinates":[[166.3446,62.0899],[169.6554,61.6601]]},"properties":{"azimuth":105.4,"regime":"Thrust faulting","regime_code":"TF","regime_share":0.63,"agreement":0.34,"records":30,"support":22.2}},{"type":"Feature","geometry":{"type":"LineString","coordinates":[[171.1852,62.1501],[174.4148,61.5999]]},"properties":{"azimuth":109.9,"regime":"Thrust faulting","regime_code":"TF","regime_share":0.63,"agreement":0.5,"records":26,"support":9.1}},{"type":"Feature","geometry":{"type":"LineString","coordinates":[[175.8938,61.9655],[179.3062,61.7845]]},"properties":{"azimuth":96.4,"regime":"Strike-slip","regime_code":"SS","regime_share":0.91,"agreement":0.98,"records":6,"support":2.2}},{"type":"Feature","geometry":{"type":"LineString","coordinates":[[-179.3745,59.6817],[-176.181,59.5683]]},"properties":{"azimuth":94.0,"regime":"Strike-slip","regime_code":"SS","regime_share":0.77,"agreement":0.99,"records":4,"support":3.6}},{"type":"Feature","geometry":{"type":"LineString","coordinates":[[-174.9222,59.7233],[-171.7445,59.5267]]},"properties":{"azimuth":97.0,"regime":"Normal faulting","regime_code":"NF","regime_share":0.57,"agreement":0.97,"records":11,"support":3.6}},{"type":"Feature","geometry":{"type":"LineString","coordinates":[[-170.4485,59.8071],[-167.3293,59.4429]]},"properties":{"azimuth":103.0,"regime":"Normal faulting","regime_code":"NF","regime_share":1.0,"agreement":0.95,"records":9,"support":2.9}},{"type":"Feature","geometry":{"type":"LineString","coordinates":[[-165.9959,59.8242],[-162.893,59.4258]]},"properties":{"azimuth":104.2,"regime":"Normal faulting","regime_code":"NF","regime_share":1.0,"agreement":0.96,"records":8,"support":1.3}},{"type":"Feature","geometry":{"type":"LineString","coordinates":[[-160.9548,60.2746],[-159.0452,58.9754]]},"properties":{"azimuth":143.4,"regime":"Strike-slip","regime_code":"SS","regime_share":0.62,"agreement":0.57,"records":12,"support":3.8}},{"type":"Feature","geometry":{"type":"LineString","coordinates":[[-156.3373,60.3313],[-154.7738,58.9187]]},"properties":{"azimuth":150.8,"regime":"Strike-slip","regime_code":"SS","regime_share":0.47,"agreement":0.4,"records":47,"support":15.6}},{"type":"Feature","geometry":{"type":"LineString","coordinates":[[-151.5859,60.398],[-150.6363,58.852]]},"properties":{"azimuth":162.7,"regime":"Strike-slip","regime_code":"SS","regime_share":0.36,"agreement":0.28,"records":71,"support":29.9}},{"type":"Feature","geometry":{"type":"LineString","coordinates":[[-146.7284,60.4338],[-146.605,58.8162]]},"properties":{"azimuth":177.8,"regime":"Thrust faulting","regime_code":"TF","regime_share":0.33,"agreement":0.43,"records":83,"support":38.9}},{"type":"Feature","geometry":{"type":"LineString","coordinates":[[-142.3351,58.8176],[-142.1093,60.4324]]},"properties":{"azimuth":4.0,"regime":"Thrust faulting","regime_code":"TF","regime_share":0.42,"agreement":0.57,"records":71,"support":42.8}},{"type":"Feature","geometry":{"type":"LineString","coordinates":[[-138.193,58.8433],[-137.3626,60.4067]]},"properties":{"azimuth":15.0,"regime":"Thrust faulting","regime_code":"TF","regime_share":0.54,"agreement":0.59,"records":51,"support":31.4}},{"type":"Feature","geometry":{"type":"LineString","coordinates":[[-134.1184,58.9197],[-132.5482,60.3303]]},"properties":{"azimuth":29.4,"regime":"Thrust faulting","regime_code":"TF","regime_share":0.67,"agreement":0.63,"records":31,"support":10.5}},{"type":"Feature","geometry":{"type":"LineString","coordinates":[[-130.2153,59.1719],[-127.5625,60.0781]]},"properties":{"azimuth":56.0,"regime":"Undetermined","regime_code":"U","regime_share":0.57,"agreement":0.54,"records":39,"support":14.3}},{"type":"Feature","geometry":{"type":"LineString","coordinates":[[-125.8009,59.1953],[-123.088,60.0547]]},"properties":{"azimuth":57.9,"regime":"Undetermined","regime_code":"U","regime_share":0.69,"agreement":0.54,"records":62,"support":45.2}},{"type":"Feature","geometry":{"type":"LineString","coordinates":[[-121.314,59.1628],[-118.686,60.0872]]},"properties":{"azimuth":55.2,"regime":"Undetermined","regime_code":"U","regime_share":0.8,"agreement":0.55,"records":78,"support":54.7}},{"type":"Feature","geometry":{"type":"LineString","coordinates":[[-116.7843,59.1063],[-114.3268,60.1437]]},"properties":{"azimuth":50.1,"regime":"Undetermined","regime_code":"U","regime_share":0.91,"agreement":0.59,"records":64,"support":24.5}},{"type":"Feature","geometry":{"type":"LineString","coordinates":[[-112.2721,59.0678],[-109.9501,60.1822]]},"properties":{"azimuth":46.5,"regime":"Undetermined","regime_code":"U","regime_share":1.0,"agreement":0.8,"records":7,"support":1.3}},{"type":"Feature","geometry":{"type":"LineString","coordinates":[[-94.7192,59.22],[-91.9474,60.03]]},"properties":{"azimuth":60.0,"regime":"Undetermined","regime_code":"U","regime_share":1.0,"agreement":0.46,"records":2,"support":1.1}},{"type":"Feature","geometry":{"type":"LineString","coordinates":[[-90.2325,59.1851],[-87.5453,60.0649]]},"properties":{"azimuth":57.1,"regime":"Undetermined","regime_code":"U","regime_share":1.0,"agreement":0.41,"records":3,"support":2.8}},{"type":"Feature","geometry":{"type":"LineString","coordinates":[[-85.8208,59.2118],[-83.0681,60.0382]]},"properties":{"azimuth":59.3,"regime":"Undetermined","regime_code":"U","regime_share":1.0,"agreement":0.34,"records":3,"support":2.0}},{"type":"Feature","geometry":{"type":"LineString","coordinates":[[-67.0945,58.8451],[-66.2388,60.4049]]},"properties":{"azimuth":15.5,"regime":"Undetermined","regime_code":"U","regime_share":1.0,"agreement":0.48,"records":3,"support":1.4}},{"type":"Feature","geometry":{"type":"LineString","coordinates":[[-62.5947,60.4122],[-61.8497,58.8378]]},"properties":{"azimuth":166.5,"regime":"Undetermined","regime_code":"U","regime_share":0.75,"agreement":0.22,"records":6,"support":4.0}},{"type":"Feature","geometry":{"type":"LineString","coordinates":[[-58.6624,60.2996],[-56.8932,58.9504]]},"properties":{"azimuth":146.5,"regime":"Undetermined","regime_code":"U","regime_share":0.6,"agreement":0.27,"records":7,"support":3.3}},{"type":"Feature","geometry":{"type":"LineString","coordinates":[[-50.2988,59.2418],[-47.479,60.0082]]},"properties":{"azimuth":61.7,"regime":"Normal faulting","regime_code":"NF","regime_share":1.0,"agreement":0.5,"records":4,"support":1.5}},{"type":"Feature","geometry":{"type":"LineString","coordinates":[[-45.8106,59.2032],[-43.0783,60.0468]]},"properties":{"azimuth":58.6,"regime":"Normal faulting","regime_code":"NF","regime_share":1.0,"agreement":0.47,"records":4,"support":3.2}},{"type":"Feature","geometry":{"type":"LineString","coordinates":[[-41.216,59.0987],[-38.784,60.1513]]},"properties":{"azimuth":49.4,"regime":"Normal faulting","regime_code":"NF","regime_share":1.0,"agreement":0.38,"records":5,"support":2.3}},{"type":"Feature","geometry":{"type":"LineString","coordinates":[[-36.0545,58.8559],[-35.0566,60.3941]]},"properties":{"azimuth":18.2,"regime":"Normal faulting","regime_code":"NF","regime_share":0.98,"agreement":0.93,"records":88,"support":37.0}},{"type":"Feature","geometry":{"type":"LineString","coordinates":[[-31.6213,58.8578],[-30.6009,60.3922]]},"properties":{"azimuth":18.6,"regime":"Normal faulting","regime_code":"NF","regime_share":0.98,"agreement":0.93,"records":89,"support":55.8}},{"type":"Feature","geometry":{"type":"LineString","coordinates":[[-27.182,58.8587],[-26.1514,60.3913]]},"properties":{"azimuth":18.8,"regime":"Normal faulting","regime_code":"NF","regime_share":0.97,"agreement":0.92,"records":76,"support":29.6}},{"type":"Feature","geometry":{"type":"LineString","coordinates":[[-22.7159,58.8551],[-21.7285,60.3949]]},"properties":{"azimuth":18.0,"regime":"Normal faulting","regime_code":"NF","regime_share":0.8,"agreement":0.79,"records":31,"support":6.2}},{"type":"Feature","geometry":{"type":"LineString","coordinates":[[-18.0502,58.8274],[-17.5054,60.4226]]},"properties":{"azimuth":9.8,"regime":"Undetermined","regime_code":"U","regime_share":0.88,"agreement":0.5,"records":6,"support":1.2}},{"type":"Feature","geometry":{"type":"LineString","coordinates":[[-9.2523,58.8367],[-8.5255,60.4133]]},"properties":{"azimuth":13.1,"regime":"Undetermined","regime_code":"U","regime_share":0.81,"agreement":0.23,"records":16,"support":6.6}},{"type":"Feature","geometry":{"type":"LineString","coordinates":[[-5.9835,59.8473],[-2.9054,59.4027]]},"properties":{"azimuth":105.9,"regime":"Undetermined","regime_code":"U","regime_share":0.82,"agreement":0.12,"records":55,"support":24.1}},{"type":"Feature","geometry":{"type":"LineString","coordinates":[[-1.5812,59.751],[1.5812,59.499]]},"properties":{"azimuth":99.0,"regime":"Undetermined","regime_code":"U","regime_share":0.66,"agreement":0.47,"records":97,"support":58.9}},{"type":"Feature","geometry":{"type":"LineString","coordinates":[[2.8625,59.7486],[6.0263,59.5014]]},"properties":{"azimuth":98.8,"regime":"Undetermined","regime_code":"U","regime_share":0.52,"agreement":0.57,"records":103,"support":66.1}},{"type":"Feature","geometry":{"type":"LineString","coordinates":[[7.3425,59.834],[10.4353,59.416]]},"properties":{"azimuth":105.0,"regime":"Undetermined","regime_code":"U","regime_share":0.34,"agreement":0.44,"records":99,"support":41.1}},{"type":"Feature","geometry":{"type":"LineString","coordinates":[[12.012,60.0819],[14.6546,59.1681]]},"properties":{"azimuth":124.4,"regime":"Thrust faulting","regime_code":"TF","regime_share":0.33,"agreement":0.36,"records":48,"support":31.6}},{"type":"Feature","geometry":{"type":"LineString","coordinates":[[16.3578,59.9986],[19.1978,59.2514]]},"properties":{"azimuth":117.5,"regime":"Thrust faulting","regime_code":"TF","regime_share":0.46,"agreement":0.4,"records":45,"support":24.7}},{"type":"Feature","geometry":{"type":"LineString","coordinates":[[20.6769,59.8361],[23.7675,59.4139]]},"properties":{"azimuth":105.1,"regime":"Thrust faulting","regime_code":"TF","regime_share":0.72,"agreement":0.44,"records":34,"support":19.3}},{"type":"Feature","geometry":{"type":"LineString","coordinates":[[25.0898,59.7641],[28.2435,59.4859]]},"properties":{"azimuth":99.9,"regime":"Thrust faulting","regime_code":"TF","regime_share":0.8,"agreement":0.44,"records":22,"support":14.5}},{"type":"Feature","geometry":{"type":"LineString","coordinates":[[29.5114,59.597],[32.7108,59.653]]},"properties":{"azimuth":88.0,"regime":"Thrust faulting","regime_code":"TF","regime_share":0.74,"agreement":0.41,"records":10,"support":3.5}},{"type":"Feature","geometry":{"type":"LineString","coordinates":[[51.9822,60.059],[54.6844,59.191]]},"properties":{"azimuth":122.4,"regime":"Normal faulting","regime_code":"NF","regime_share":0.32,"agreement":0.88,"records":5,"support":1.0}},{"type":"Feature","geometry":{"type":"LineString","coordinates":[[56.3483,59.9892],[59.2073,59.2608]]},"properties":{"azimuth":116.7,"regime":"Strike-slip","regime_code":"SS","regime_share":0.37,"agreement":0.77,"records":8,"support":4.5}},{"type":"Feature","geometry":{"type":"LineString","coordinates":[[60.7856,59.9819],[63.6588,59.2681]]},"properties":{"azimuth":116.2,"regime":"Strike-slip","regime_code":"SS","regime_share":0.37,"agreement":0.76,"records":8,"support":4.8}},{"type":"Feature","geometry":{"type":"LineString","coordinates":[[65.3125,60.0566],[68.0208,59.1934]]},"properties":{"azimuth":122.2,"regime":"Normal faulting","regime_code":"NF","regime_share":0.36,"agreement":0.87,"records":5,"support":1.2}},{"type":"Feature","geometry":{"type":"LineString","coordinates":[[109.7192,59.2253],[112.503,60.0247]]},"properties":{"azimuth":60.4,"regime":"Normal faulting","regime_code":"NF","regime_share":0.79,"agreement":0.74,"records":32,"support":6.2}},{"type":"Feature","geometry":{"type":"LineString","coordinates":[[114.0504,59.3496],[117.0607,59.9004]]},"properties":{"azimuth":70.1,"regime":"Normal faulting","regime_code":"NF","regime_share":0.63,"agreement":0.75,"records":29,"support":8.1}},{"type":"Feature","geometry":{"type":"LineString","coordinates":[[118.4573,59.4092],[121.5427,59.8408]]},"properties":{"azimuth":74.5,"regime":"Normal faulting","regime_code":"NF","regime_share":0.61,"agreement":0.76,"records":23,"support":9.9}},{"type":"Feature","geometry":{"type":"LineString","coordinates":[[122.9015,59.4096],[125.9874,59.8404]]},"properties":{"azimuth":74.6,"regime":"Normal faulting","regime_code":"NF","regime_share":0.54,"agreement":0.61,"records":19,"support":5.9}},{"type":"Feature","geometry":{"type":"LineString","coordinates":[[128.7068,60.4291],[129.0709,58.8209]]},"properties":{"azimuth":173.5,"regime":"Normal faulting","regime_code":"NF","regime_share":0.43,"agreement":0.55,"records":4,"support":1.6}},{"type":"Feature","geometry":{"type":"LineString","coordinates":[[133.3102,58.8157],[133.3564,60.4343]]},"properties":{"azimuth":0.8,"regime":"Thrust faulting","regime_code":"TF","regime_share":0.41,"agreement":0.35,"records":6,"support":1.7}},{"type":"Feature","geometry":{"type":"LineString","coordinates":[[136.5239,59.1219],[139.0317,60.1281]]},"properties":{"azimuth":51.6,"regime":"Strike-slip","regime_code":"SS","regime_share":0.51,"agreement":0.35,"records":4,"support":1.8}},{"type":"Feature","geometry":{"type":"LineString","coordinates":[[140.8322,59.2236],[143.6122,60.0264]]},"properties":{"azimuth":60.3,"regime":"Strike-slip","regime_code":"SS","regime_share":0.86,"agreement":0.65,"records":5,"support":2.6}},{"type":"Feature","geometry":{"type":"LineString","coordinates":[[145.2388,59.2592],[148.0946,59.9908]]},"properties":{"azimuth":63.1,"regime":"Strike-slip","regime_code":"SS","regime_share":1.0,"agreement":0.84,"records":5,"support":2.5}},{"type":"Feature","geometry":{"type":"LineString","coordinates":[[149.8594,59.1205],[152.3628,60.1295]]},"properties":{"azimuth":51.4,"regime":"Strike-slip","regime_code":"SS","regime_share":0.7,"agreement":0.45,"records":6,"support":2.1}},{"type":"Feature","geometry":{"type":"LineString","coordinates":[[154.6914,58.9437],[156.4198,60.3063]]},"properties":{"azimuth":32.7,"regime":"Thrust faulting","regime_code":"TF","regime_share":0.63,"agreement":0.37,"records":7,"support":3.2}},{"type":"Feature","geometry":{"type":"LineString","coordinates":[[158.8108,59.0832],[161.1892,60.1668]]},"properties":{"azimuth":48.0,"regime":"Thrust faulting","regime_code":"TF","regime_share":0.61,"agreement":0.13,"records":37,"support":12.4}},{"type":"Feature","geometry":{"type":"LineString","coordinates":[[163.2129,60.142],[165.676,59.108]]},"properties":{"azimuth":129.7,"regime":"Thrust faulting","regime_code":"TF","regime_share":0.59,"agreement":0.13,"records":61,"support":28.7}},{"type":"Feature","geometry":{"type":"LineString","coordinates":[[167.4146,59.9402],[170.3632,59.3098]]},"properties":{"azimuth":112.9,"regime":"Thrust faulting","regime_code":"TF","regime_share":0.66,"agreement":0.32,"records":36,"support":20.0}},{"type":"Feature","geometry":{"type":"LineString","coordinates":[[171.8724,59.9558],[174.7942,59.2942]]},"properties":{"azimuth":114.1,"regime":"Thrust faulting","regime_code":"TF","regime_share":0.67,"agreement":0.56,"records":24,"support":5.7}},{"type":"Feature","geometry":{"type":"LineString","coordinates":[[176.1812,59.6826],[179.3744,59.5674]]},"properties":{"azimuth":94.1,"regime":"Strike-slip","regime_code":"SS","regime_share":0.86,"agreement":0.99,"records":5,"support":1.9}},{"type":"Feature","geometry":{"type":"LineString","coordinates":[[-179.4047,57.4304],[-176.4092,57.3196]]},"properties":{"azimuth":93.9,"regime":"Strike-slip","regime_code":"SS","regime_share":0.76,"agreement":0.99,"records":4,"support":1.3}},{"type":"Feature","geometry":{"type":"LineString","coordinates":[[-175.1935,57.5326],[-172.2484,57.2174]]},"properties":{"azimuth":101.2,"regime":"Normal faulting","regime_code":"NF","regime_share":0.86,"agreement":0.96,"records":12,"support":4.1}},{"type":"Feature","geometry":{"type":"LineString","coordinates":[[-170.9882,57.578],[-168.0816,57.172]]},"properties":{"azimuth":104.5,"regime":"Normal faulting","regime_code":"NF","regime_share":0.93,"agreement":0.8,"records":12,"support":8.1}},{"type":"Feature","geometry":{"type":"LineString","coordinates":[[-166.4222,57.9409],[-164.2755,56.8091]]},"properties":{"azimuth":134.4,"regime":"Thrust faulting","regime_code":"TF","regime_share":0.53,"agreement":0.55,"records":51,"support":12.6}},{"type":"Feature","geometry":{"type":"LineString","coordinates":[[-161.9035,58.079],[-160.4221,56.671]]},"properties":{"azimuth":150.4,"regime":"Thrust faulting","regime_code":"TF","regime_share":0.79,"agreement":0.76,"records":59,"support":18.5}},{"type":"Feature","geometry":{"type":"LineString","coordinates":[[-157.7138,58.0801],[-156.2397,56.6699]]},"properties":{"azimuth":150.6,"regime":"Thrust faulting","regime_code":"TF","regime_share":0.63,"agreement":0.63,"records":67,"support":29.1}},{"type":"Feature","geometry":{"type":"LineString","coordinates":[[-153.3981,58.1152],[-152.1833,56.6348]]},"properties":{"azimuth":156.1,"regime":"Thrust faulting","regime_code":"TF","regime_share":0.56,"agreement":0.51,"records":55,"support":34.1}},{"type":"Feature","geometry":{"type":"LineString","coordinates":[[-148.9036,58.1682],[-148.3057,56.5818]]},"properties":{"azimuth":168.5,"regime":"Thrust faulting","regime_code":"TF","regime_share":0.51,"agreement":0.41,"records":62,"support":26.2}},{"type":"Feature","geometry":{"type":"LineString","coordinates":[[-144.5084,56.5671],[-144.3288,58.1829]]},"properties":{"azimuth":3.4,"regime":"Thrust faulting","regime_code":"TF","regime_share":0.42,"agreement":0.49,"records":54,"support":17.6}},{"type":"Feature","geometry":{"type":"LineString","coordinates":[[-140.6658,56.6],[-139.7994,58.15]]},"properties":{"azimuth":16.8,"regime":"Thrust faulting","regime_code":"TF","regime_share":0.5,"agreement":0.58,"records":49,"support":20.1}},{"type":"Feature","geometry":{"type":"LineString","coordinates":[[-136.7681,56.6652],[-135.325,58.0848]]},"properties":{"azimuth":28.7,"regime":"Thrust faulting","regime_code":"TF","regime_share":0.53,"agreement":0.68,"records":34,"support":16.2}},{"type":"Feature","geometry":{"type":"LineString","coordinates":[[-132.629,56.6797],[-131.0919,58.0703]]},"properties":{"azimuth":30.8,"regime":"Strike-slip","regime_code":"SS","regime_share":0.61,"agreement":0.73,"records":21,"support":6.7}},{"type":"Feature","geometry":{"type":"LineString","coordinates":[[-128.916,56.92],[-126.4329,57.83]]},"properties":{"azimuth":55.8,"regime":"Undetermined","regime_code":"U","regime_share":0.67,"agreement":0.54,"records":28,"support":10.0}},{"type":"Feature","geometry":{"type":"LineString","coordinates":[[-124.6093,56.8366],[-122.3674,57.9134]]},"properties":{"azimuth":48.3,"regime":"Undetermined","regime_code":"U","regime_share":0.85,"agreement":0.61,"records":88,"support":48.2}},{"type":"Feature","geometry":{"type":"LineString","coordinates":[[-120.3069,56.7735],[-118.2977,57.9765]]},"properties":{"azimuth":42.0,"regime":"Undetermined","regime_code":"U","regime_share":0.93,"agreement":0.69,"records":117,"support":80.1}},{"type":"Feature","geometry":{"type":"LineString","coordinates":[[-116.0393,56.7367],[-114.1933,58.0133]]},"properties":{"azimuth":37.9,"regime":"Undetermined","regime_code":"U","regime_share":0.99,"agreement":0.77,"records":102,"support":54.0}},{"type":"Feature","geometry":{"type":"LineString","coordinates":[[-111.7633,56.7017],[-110.0972,58.0483]]},"properties":{"azimuth":33.7,"regime":"Undetermined","regime_code":"U","regime_share":1.0,"agreement":0.9,"records":24,"support":9.5}},{"type":"Feature","geometry":{"type":"LineString","coordinates":[[-91.0242,56.7832],[-88.9758,57.9668]]},"properties":{"azimuth":43.0,"regime":"Undetermined","regime_code":"U","regime_share":1.0,"agreement":0.65,"records":3,"support":2.3}},{"type":"Feature","geometry":{"type":"LineString","coordinates":[[-86.7937,56.7617],[-84.8342,57.9883]]},"properties":{"azimuth":40.7,"regime":"Undetermined","regime_code":"U","regime_share":1.0,"agreement":0.65,"records":3,"support":2.5}},{"type":"Feature","geometry":{"type":"LineString","coordinates":[[-65.0922,58.1765],[-64.6753,56.5735]]},"properties":{"azimuth":172.0,"regime":"Undetermined","regime_code":"U","regime_share":0.82,"agreement":0.26,"records":4,"support":2.1}},{"type":"Feature","geometry":{"type":"LineString","coordinates":[[-60.9306,58.1746],[-60.4647,56.5754]]},"properties":{"azimuth":171.1,"regime":"Undetermined","regime_code":"U","regime_share":0.74,"agreement":0.32,"records":7,"support":4.7}},{"type":"Feature","geometry":{"type":"LineString","coordinates":[[-56.8889,56.5916],[-56.1343,58.1584]]},"properties":{"azimuth":14.6,"regime":"Undetermined","regime_code":"U","regime_share":0.72,"agreement":0.3,"records":10,"support":5.0}},{"type":"Feature","geometry":{"type":"LineString","coordinates":[[-53.167,56.7047],[-51.4842,58.0453]]},"properties":{"azimuth":34.1,"regime":"Undetermined","regime_code":"U","regime_share":0.73,"agreement":0.47,"records":7,"support":2.2}},{"type":"Feature","geometry":{"type":"LineString","coordinates":[[-40.1998,56.5999],[-39.3351,58.1501]]},"properties":{"azimuth":16.7,"regime":"Normal faulting","regime_code":"NF","regime_share":0.94,"agreement":0.85,"records":63,"support":14.3}},{"type":"Feature","geometry":{"type":"LineString","coordinates":[[-35.9992,56.5976],[-35.1636,58.1524]]},"properties":{"azimuth":16.2,"regime":"Normal faulting","regime_code":"NF","regime_share":0.96,"agreement":0.9,"records":130,"support":63.9}},{"type":"Feature","geometry":{"type":"LineString","coordinates":[[-31.8567,56.6048],[-30.934,58.1452]]},"properties":{"azimuth":17.9,"regime":"Normal faulting","regime_code":"NF","regime_share":0.97,"agreement":0.92,"records":104,"support":69.3}},{"type":"Feature","geometry":{"type":"LineString","coordinates":[[-27.6911,56.6084],[-26.7275,58.1416]]},"properties":{"azimuth":18.7,"regime":"Normal faulting","regime_code":"NF","regime_share":0.99,"agreement":0.93,"records":80,"support":27.9}},{"type":"Feature","geometry":{"type":"LineString","coordinates":[[-10.7088,56.5763],[-10.2214,58.1737]]},"properties":{"azimuth":9.3,"regime":"Strike-slip","regime_code":"SS","regime_share":0.69,"agreement":0.92,"records":12,"support":3.3}},{"type":"Feature","geometry":{"type":"LineString","coordinates":[[-6.3862,58.1823],[-6.1719,56.5677]]},"properties":{"azimuth":175.9,"regime":"Strike-slip","regime_code":"SS","regime_share":0.58,"agreement":0.53,"records":38,"support":16.1}},{"type":"Feature","geometry":{"type":"LineString","coordinates":[[-2.8508,58.0737],[-1.3353,56.6763]]},"properties":{"azimuth":149.7,"regime":"Undetermined","regime_code":"U","regime_share":0.68,"agreement":0.26,"records":94,"support":34.2}},{"type":"Feature","geometry":{"type":"LineString","coordinates":[[0.7296,57.7138],[3.4565,57.0362]]},"properties":{"azimuth":114.7,"regime":"Undetermined","regime_code":"U","regime_share":0.85,"agreement":0.37,"records":116,"support":47.9}},{"type":"Feature","geometry":{"type":"LineString","coordinates":[[4.9348,57.7354],[7.6233,57.0146]]},"properties":{"azimuth":116.4,"regime":"Undetermined","regime_code":"U","regime_share":0.76,"agreement":0.36,"records":98,"support":41.1}},{"type":"Feature","geometry":{"type":"LineString","coordinates":[[9.5827,58.0298],[11.3475,56.7202]]},"properties":{"azimuth":144.0,"regime":"Undetermined","regime_code":"U","regime_share":0.44,"agreement":0.27,"records":68,"support":35.8}},{"type":"Feature","geometry":{"type":"LineString","coordinates":[[13.9612,58.0938],[15.3411,56.6562]]},"properties":{"azimuth":152.6,"regime":"Undetermined","regime_code":"U","regime_share":0.39,"agreement":0.32,"records":67,"support":37.0}},{"type":"Feature","geometry":{"type":"LineString","coordinates":[[18.1193,58.0858],[19.5551,56.6642]]},"properties":{"azimuth":151.4,"regime":"Undetermined","regime_code":"U","regime_share":0.35,"agreement":0.44,"records":38,"support":15.5}},{"type":"Feature","geometry":{"type":"LineString","coordinates":[[21.7445,57.799],[24.302,56.951]]},"properties":{"azimuth":121.6,"regime":"Thrust faulting","regime_code":"TF","regime_share":0.55,"agreement":0.18,"records":20,"support":5.7}},{"type":"Feature","geometry":{"type":"LineString","coordinates":[[25.71,57.3341],[28.7087,57.4159]]},"properties":{"azimuth":87.1,"regime":"Thrust faulting","regime_code":"TF","regime_share":0.67,"agreement":0.31,"records":8,"support":2.9}},{"type":"Feature","geometry":{"type":"LineString","coordinates":[[38.7436,57.9669],[40.7913,56.7831]]},"properties":{"azimuth":137.0,"regime":"Undetermined","regime_code":"U","regime_share":1.0,"agreement":1.0,"records":1,"support":1.1}},{"type":"Feature","geometry":{"type":"LineString","coordinates":[[42.9296,57.9669],[44.9773,56.7831]]},"properties":{"azimuth":137.0,"regime":"Undetermined","regime_code":"U","regime_share":1.0,"agreement":1.0,"records":1,"support":2.0}},{"type":"Feature","geometry":{"type":"LineString","coordinates":[[55.0673,57.5958],[57.956,57.1542]]},"properties":{"azimuth":105.8,"regime":"Strike-slip","regime_code":"SS","regime_share":0.55,"agreement":0.68,"records":9,"support":4.2}},{"type":"Feature","geometry":{"type":"LineString","coordinates":[[59.2419,57.5728],[62.1534,57.1772]]},"properties":{"azimuth":104.1,"regime":"Strike-slip","regime_code":"SS","regime_share":0.55,"agreement":0.67,"records":9,"support":6.8}},{"type":"Feature","geometry":{"type":"LineString","coordinates":[[63.4229,57.5617],[66.3445,57.1883]]},"properties":{"azimuth":103.3,"regime":"Strike-slip","regime_code":"SS","regime_share":0.54,"agreement":0.67,"records":9,"support":3.2}},{"type":"Feature","geometry":{"type":"LineString","coordinates":[[105.6097,56.8449],[107.8787,57.9051]]},"properties":{"azimuth":49.1,"regime":"Normal faulting","regime_code":"NF","regime_share":0.9,"agreement":0.7,"records":56,"support":17.9}},{"type":"Feature","geometry":{"type":"LineString","coordinates":[[109.7043,56.9078],[112.1561,57.8422]]},"properties":{"azimuth":54.7,"regime":"Normal faulting","regime_code":"NF","regime_share":0.84,"agreement":0.71,"records":70,"support":38.8}},{"type":"Feature","geometry":{"type":"LineString","coordinates":[[113.7846,57.0013],[116.4479,57.7487]]},"properties":{"azimuth":62.5,"regime":"Normal faulting","regime_code":"NF","regime_share":0.72,"agreement":0.71,"records":73,"support":36.2}},{"type":"Feature","geometry":{"type":"LineString","coordinates":[[117.8882,57.1033],[120.7165,57.6467]]},"properties":{"azimuth":70.4,"regime":"Normal faulting","regime_code":"NF","regime_share":0.55,"agreement":0.71,"records":41,"support":26.3}},{"type":"Feature","geometry":{"type":"LineString","coordinates":[[122.0914,57.0786],[124.8854,57.6714]]},"properties":{"azimuth":68.5,"regime":"Strike-slip","regime_code":"SS","regime_share":0.47,"agreement":0.63,"records":31,"support":18.3}},{"type":"Feature","geometry":{"type":"LineString","coordinates":[[126.431,56.9214],[128.9178,57.8286]]},"properties":{"azimuth":55.9,"regime":"Strike-slip","regime_code":"SS","regime_share":0.53,"agreement":0.42,"records":28,"support":9.8}},{"type":"Feature","geometry":{"type":"LineString","coordinates":[[131.0327,56.6998],[132.6883,58.0502]]},"properties":{"azimuth":33.5,"regime":"Strike-slip","regime_code":"SS","regime_share":0.52,"agreement":0.29,"records":13,"support":4.8}},{"type":"Feature","geometry":{"type":"LineString","coordinates":[[135.4826,56.6249],[136.6104,58.1251]]},"properties":{"azimuth":22.1,"regime":"Strike-slip","regime_code":"SS","regime_share":0.45,"agreement":0.37,"records":6,"support":1.4}},{"type":"Feature","geometry":{"type":"LineString","coordinates":[[143.0909,56.9973],[145.7464,57.7527]]},"properties":{"azimuth":62.2,"regime":"Thrust faulting","regime_code":"TF","regime_share":0.52,"agreement":0.97,"records":4,"support":1.5}},{"type":"Feature","geometry":{"type":"LineString","coordinates":[[155.707,57.8068],[158.2465,56.9432]]},"properties":{"azimuth":122.2,"regime":"Thrust faulting","regime_code":"TF","regime_share":0.6,"agreement":0.07,"records":28,"support":6.1}},{"type":"Feature","geometry":{"type":"LineString","coordinates":[[160.3869,58.0679],[161.9387,56.6821]]},"properties":{"azimuth":148.9,"regime":"Thrust faulting","regime_code":"TF","regime_share":0.54,"agreement":0.43,"records":109,"support":40.6}},{"type":"Feature","geometry":{"type":"LineString","coordinates":[[164.7794,58.1239],[165.9183,56.6261]]},"properties":{"azimuth":157.7,"regime":"Strike-slip","regime_code":"SS","regime_share":0.48,"agreement":0.53,"records":124,"support":55.8}},{"type":"Feature","geometry":{"type":"LineString","coordinates":[[169.0868,58.1475],[169.983,56.6025]]},"properties":{"azimuth":162.6,"regime":"Strike-slip","regime_code":"SS","regime_share":0.59,"agreement":0.67,"records":96,"support":28.0}},{"type":"Feature","geometry":{"type":"LineString","coordinates":[[173.3049,58.1527],[174.1369,56.5973]]},"properties":{"azimuth":163.9,"regime":"Strike-slip","regime_code":"SS","regime_share":0.7,"agreement":0.84,"records":18,"support":2.7}},{"type":"Feature","geometry":{"type":"LineString","coordinates":[[-178.7141,55.831],[-177.3299,54.419]]},"properties":{"azimuth":150.7,"regime":"Thrust faulting","regime_code":"TF","regime_share":0.72,"agreement":0.78,"records":124,"support":21.8}},{"type":"Feature","geometry":{"type":"LineString","coordinates":[[-174.7998,55.8171],[-173.3321,54.4329]]},"properties":{"azimuth":148.8,"regime":"Thrust faulting","regime_code":"TF","regime_share":0.72,"agreement":0.72,"records":179,"support":36.4}},{"type":"Feature","geometry":{"type":"LineString","coordinates":[[-170.8786,55.8046],[-169.3412,54.4454]]},"properties":{"azimuth":147.1,"regime":"Thrust faulting","regime_code":"TF","regime_share":0.67,"agreement":0.67,"records":190,"support":61.6}},{"type":"Feature","geometry":{"type":"LineString","coordinates":[[-166.8702,55.8231],[-165.4375,54.4269]]},"properties":{"azimuth":149.6,"regime":"Thrust faulting","regime_code":"TF","regime_share":0.74,"agreement":0.68,"records":202,"support":74.6}},{"type":"Feature","geometry":{"type":"LineString","coordinates":[[-162.8667,55.8383],[-161.529,54.4117]]},"properties":{"azimuth":151.8,"regime":"Thrust faulting","regime_code":"TF","regime_share":0.83,"agreement":0.69,"records":113,"support":60.9}},{"type":"Feature","geometry":{"type":"LineString","coordinates":[[-158.9215,55.835],[-157.5621,54.415]]},"properties":{"azimuth":151.3,"regime":"Thrust faulting","regime_code":"TF","regime_share":0.8,"agreement":0.67,"records":103,"support":46.4}},{"type":"Feature","geometry":{"type":"LineString","coordinates":[[-154.9391,55.843],[-153.6323,54.407]]},"properties":{"azimuth":152.5,"regime":"Thrust faulting","regime_code":"TF","regime_share":0.73,"agreement":0.64,"records":67,"support":31.2}},{"type":"Feature","geometry":{"type":"LineString","coordinates":[[-150.8579,55.8759],[-149.8015,54.3741]]},"properties":{"azimuth":158.1,"regime":"Thrust faulting","regime_code":"TF","regime_share":0.71,"agreement":0.56,"records":37,"support":19.4}},{"type":"Feature","geometry":{"type":"LineString","coordinates":[[-146.5157,55.9303],[-146.2316,54.3197]]},"properties":{"azimuth":174.2,"regime":"Thrust faulting","regime_code":"TF","regime_share":0.73,"agreement":0.46,"records":21,"support":5.7}},{"type":"Feature","geometry":{"type":"LineString","coordinates":[[-143.2886,54.487],[-141.5465,55.763]]},"properties":{"azimuth":38.0,"regime":"Thrust faulting","regime_code":"TF","regime_share":0.5,"agreement":0.91,"records":7,"support":1.7}},{"type":"Feature","geometry":{"type":"LineString","coordinates":[[-139.1321,54.4122],[-137.791,55.8378]]},"properties":{"azimuth":28.3,"regime":"Strike-slip","regime_code":"SS","regime_share":0.76,"agreement":0.73,"records":19,"support":7.0}},{"type":"Feature","geometry":{"type":"LineString","coordinates":[[-134.6771,54.3216],[-134.3339,55.9284]]},"properties":{"azimuth":7.0,"regime":"Strike-slip","regime_code":"SS","regime_share":0.48,"agreement":0.32,"records":52,"support":20.3}},{"type":"Feature","geometry":{"type":"LineString","coordinates":[[-130.6339,54.3171],[-130.465,55.9329]]},"properties":{"azimuth":3.4,"regime":"Strike-slip","regime_code":"SS","regime_share":0.46,"agreement":0.3,"records":61,"support":19.8}},{"type":"Feature","geometry":{"type":"LineString","coordinates":[[-127.382,54.4528],[-125.8048,55.7972]]},"properties":{"azimuth":33.9,"regime":"Undetermined","regime_code":"U","regime_share":0.69,"agreement":0.73,"records":15,"support":3.7}},{"type":"Feature","geometry":{"type":"LineString","coordinates":[[-123.5483,54.5055],[-121.7264,55.7445]]},"properties":{"azimuth":40.1,"regime":"Undetermined","regime_code":"U","regime_share":0.95,"agreement":0.82,"records":81,"support":40.7}},{"type":"Feature","geometry":{"type":"LineString","coordinates":[[-119.6051,54.5117],[-117.7575,55.7383]]},"properties":{"azimuth":40.7,"regime":"Undetermined","regime_code":"U","regime_share":0.98,"agreement":0.86,"records":145,"support":109.1}},{"type":"Feature","geometry":{"type":"LineString","coordinates":[[-115.6698,54.5221],[-113.7807,55.7279]]},"properties":{"azimuth":41.9,"regime":"Undetermined","regime_code":"U","regime_share":0.99,"agreement":0.89,"records":144,"support":102.8}},{"type":"Feature","geometry":{"type":"LineString","coordinates":[[-111.7294,54.5303],[-109.8091,55.7197]]},"properties":{"azimuth":42.7,"regime":"Undetermined","regime_code":"U","regime_share":1.0,"agreement":0.9,"records":88,"support":32.5}},{"type":"Feature","geometry":{"type":"LineString","coordinates":[[-107.8761,54.5904],[-105.7503,55.6596]]},"properties":{"azimuth":48.7,"regime":"Undetermined","regime_code":"U","regime_share":1.0,"agreement":0.87,"records":8,"support":3.0}},{"type":"Feature","geometry":{"type":"LineString","coordinates":[[-87.8039,54.4462],[-86.262,55.8038]]},"properties":{"azimuth":33.0,"regime":"Undetermined","regime_code":"U","regime_share":1.0,"agreement":1.0,"records":1,"support":1.2}},{"type":"Feature","geometry":{"type":"LineString","coordinates":[[-63.4199,54.3187],[-63.1735,55.9313]]},"properties":{"azimuth":5.0,"regime":"Undetermined","regime_code":"U","regime_share":0.8,"agreement":0.46,"records":5,"support":1.7}},{"type":"Feature","geometry":{"type":"LineString","coordinates":[[-59.8432,54.3683],[-58.8381,55.8817]]},"properties":{"azimuth":20.8,"regime":"Undetermined","regime_code":"U","regime_share":0.82,"agreement":0.46,"records":9,"support":5.4}},{"type":"Feature","geometry":{"type":"LineString","coordinates":[[-56.1053,54.4284],[-54.6639,55.8216]]},"properties":{"azimuth":30.6,"regime":"Undetermined","regime_code":"U","regime_share":0.81,"agreement":0.53,"records":7,"support":6.7}},{"type":"Feature","geometry":{"type":"LineString","coordinates":[[-52.1922,54.4435],[-50.665,55.8065]]},"properties":{"azimuth":32.6,"regime":"Undetermined","regime_code":"U","regime_share":0.8,"agreement":0.59,"records":6,"support":3.6}},{"type":"Feature","geometry":{"type":"LineString","coordinates":[[-39.7391,54.3221],[-39.3818,55.9279]]},"properties":{"azimuth":7.2,"regime":"Normal faulting","regime_code":"NF","regime_share":0.94,"agreement":0.83,"records":87,"support":28.1}},{"type":"Feature","geometry":{"type":"LineString","coordinates":[[-35.8116,54.3243],[-35.3972,55.9257]]},"properties":{"azimuth":8.4,"regime":"Normal faulting","regime_code":"NF","regime_share":0.91,"agreement":0.81,"records":134,"support":77.1}},{"type":"Feature","geometry":{"type":"LineString","coordinates":[[-31.8731,54.3259],[-31.4236,55.9241]]},"properties":{"azimuth":9.1,"regime":"Normal faulting","regime_code":"NF","regime_share":0.87,"agreement":0.77,"records":149,"support":63.6}},{"type":"Feature","geometry":{"type":"LineString","coordinates":[[-27.9664,54.3309],[-27.4182,55.9191]]},"properties":{"azimuth":11.2,"regime":"Normal faulting","regime_code":"NF","regime_share":0.73,"agreement":0.68,"records":64,"support":11.2}},{"type":"Feature","geometry":{"type":"LineString","coordinates":[[-12.0862,54.3253],[-11.65,55.9247]]},"properties":{"azimuth":8.9,"regime":"Undetermined","regime_code":"U","regime_share":0.47,"agreement":0.87,"records":6,"support":1.1}},{"type":"Feature","geometry":{"type":"LineString","coordinates":[[-8.4344,55.8773],[-7.3898,54.3727]]},"properties":{"azimuth":158.3,"regime":"Strike-slip","regime_code":"SS","regime_share":0.69,"agreement":0.65,"records":36,"support":16.0}},{"type":"Feature","geometry":{"type":"LineString","coordinates":[[-4.636,55.8349],[-3.2761,54.4151]]},"properties":{"azimuth":151.3,"regime":"Strike-slip","regime_code":"SS","regime_share":0.55,"agreement":0.73,"records":87,"support":49.8}},{"type":"Feature","geometry":{"type":"LineString","coordinates":[[-0.7883,55.7973],[0.7883,54.4527]]},"properties":{"azimuth":146.2,"regime":"Undetermined","regime_code":"U","regime_share":0.64,"agreement":0.68,"records":128,"support":72.5}},{"type":"Feature","geometry":{"type":"LineString","coordinates":[[3.1385,55.7857],[4.7736,54.4643]]},"properties":{"azimuth":144.7,"regime":"Undetermined","regime_code":"U","regime_share":0.93,"agreement":0.57,"records":135,"support":71.2}},{"type":"Feature","geometry":{"type":"LineString","coordinates":[[7.5555,55.9083],[8.2686,54.3417]]},"properties":{"azimuth":165.4,"regime":"Undetermined","regime_code":"U","regime_share":0.91,"agreement":0.38,"records":170,"support":79.4}},{"type":"Feature","geometry":{"type":"LineString","coordinates":[[11.8574,55.9344],[11.8788,54.3156]]},"properties":{"azimuth":179.6,"regime":"Undetermined","regime_code":"U","regime_share":0.82,"agreement":0.45,"records":142,"support":82.0}},{"type":"Feature","geometry":{"type":"LineString","coordinates":[[15.7084,55.9317],[15.9399,54.3183]]},"properties":{"azimuth":175.3,"regime":"Undetermined","regime_code":"U","regime_share":0.76,"agreement":0.53,"records":106,"support":51.4}},{"type":"Feature","geometry":{"type":"LineString","coordinates":[[19.4986,55.9182],[20.0618,54.3318]]},"properties":{"azimuth":168.5,"regime":"Undetermined","regime_code":"U","regime_share":0.73,"agreement":0.71,"records":38,"support":16.9}},{"type":"Feature","geometry":{"type":"LineString","coordinates":[[23.7056,54.3158],[23.7669,55.9342]]},"properties":{"azimuth":1.2,"regime":"Undetermined","regime_code":"U","regime_share":0.77,"agreement":0.84,"records":17,"support":4.9}},{"type":"Feature","geometry":{"type":"LineString","coordinates":[[42.5511,55.7169],[44.4819,54.5331]]},"properties":{"azimuth":137.0,"regime":"Undetermined","regime_code":"U","regime_share":1.0,"agreement":1.0,"records":1,"support":1.3}},{"type":"Feature","geometry":{"type":"LineString","coordinates":[[53.9698,55.151],[56.7994,55.099]]},"properties":{"azimuth":91.8,"regime":"Strike-slip","regime_code":"SS","regime_share":0.7,"agreement":0.73,"records":6,"support":1.6}},{"type":"Feature","geometry":{"type":"LineString","coordinates":[[57.9251,55.1277],[60.7562,55.1223]]},"properties":{"azimuth":90.2,"regime":"Strike-slip","regime_code":"SS","regime_share":0.69,"agreement":0.74,"records":6,"support":3.8}},{"type":"Feature","geometry":{"type":"LineString","coordinates":[[61.8814,55.1097],[64.712,55.1403]]},"properties":{"azimuth":88.9,"regime":"Strike-slip","regime_code":"SS","regime_share":0.67,"agreement":0.74,"records":6,"support":2.8}},{"type":"Feature","geometry":{"type":"LineString","coordinates":[[82.5572,54.3721],[83.5966,55.8779]]},"properties":{"azimuth":21.5,"regime":"Thrust faulting","regime_code":"TF","regime_share":0.87,"agreement":0.73,"records":3,"support":1.0}},{"type":"Feature","geometry":{"type":"LineString","coordinates":[[86.7287,54.3345],[87.3373,55.9155]]},"properties":{"azimuth":12.4,"regime":"Thrust faulting","regime_code":"TF","regime_share":0.87,"agreement":0.65,"records":5,"support":2.4}},{"type":"Feature","geometry":{"type":"LineString","coordinates":[[90.9593,54.3158],[91.0187,55.9342]]},"properties":{"azimuth":1.2,"regime":"Thrust faulting","regime_code":"TF","regime_share":0.84,"agreement":0.71,"records":9,"support":3.2}},{"type":"Feature","geometry":{"type":"LineString","coordinates":[[94.6928,54.3286],[95.1973,55.9214]]},"properties":{"azimuth":10.3,"regime":"Thrust faulting","regime_code":"TF","regime_share":0.61,"agreement":0.62,"records":12,"support":3.9}},{"type":"Feature","geometry":{"type":"LineString","coordinates":[[97.8962,54.5549],[99.906,55.6951]]},"properties":{"azimuth":45.2,"regime":"Strike-slip","regime_code":"SS","regime_share":0.39,"agreement":0.43,"records":20,"support":5.5}},{"type":"Feature","geometry":{"type":"LineString","coordinates":[[101.8269,54.5699],[103.8874,55.6801]]},"properties":{"azimuth":46.7,"regime":"Normal faulting","regime_code":"NF","regime_share":0.78,"agreement":0.71,"records":49,"support":15.7}},{"type":"Feature","geometry":{"type":"LineString","coordinates":[[105.84,54.5372],[107.7863,55.7128]]},"properties":{"azimuth":43.4,"regime":"Normal faulting","regime_code":"NF","regime_share":0.85,"agreement":0.75,"records":91,"support":53.5}},{"type":"Feature","geometry":{"type":"LineString","coordinates":[[109.737,54.5711],[111.8015,55.6789]]},"properties":{"azimuth":46.8,"regime":"Normal faulting","regime_code":"NF","regime_share":0.86,"agreement":0.72,"records":89,"support":72.5}},{"type":"Feature","geometry":{"type":"LineString","coordinates":[[113.5677,54.6591],[115.8828,55.5909]]},"properties":{"azimuth":54.9,"regime":"Normal faulting","regime_code":"NF","regime_share":0.79,"agreement":0.7,"records":81,"support":46.1}},{"type":"Feature","geometry":{"type":"LineString","coordinates":[[117.3939,54.7886],[119.9688,55.4614]]},"properties":{"azimuth":65.4,"regime":"Normal faulting","regime_code":"NF","regime_share":0.53,"agreement":0.67,"records":48,"support":22.6}},{"type":"Feature","geometry":{"type":"LineString","coordinates":[[121.381,54.7521],[123.8937,55.4979]]},"properties":{"azimuth":62.6,"regime":"Strike-slip","regime_code":"SS","regime_share":0.53,"agreement":0.6,"records":34,"support":17.9}},{"type":"Feature","geometry":{"type":"LineString","coordinates":[[125.4323,54.662],[127.7545,55.588]]},"properties":{"azimuth":55.1,"regime":"Strike-slip","regime_code":"SS","regime_share":0.67,"agreement":0.61,"records":28,"support":14.3}},{"type":"Feature","geometry":{"type":"LineString","coordinates":[[129.3955,54.6562],[131.7034,55.5938]]},"properties":{"azimuth":54.6,"regime":"Strike-slip","regime_code":"SS","regime_share":0.71,"agreement":0.62,"records":20,"support":10.6}},{"type":"Feature","geometry":{"type":"LineString","coordinates":[[133.3648,54.6457],[135.6461,55.6043]]},"properties":{"azimuth":53.7,"regime":"Strike-slip","regime_code":"SS","regime_share":0.72,"agreement":0.67,"records":15,"support":5.4}},{"type":"Feature","geometry":{"type":"LineString","coordinates":[[137.1529,54.8164],[139.7702,55.4336]]},"properties":{"azimuth":67.6,"regime":"Thrust faulting","regime_code":"TF","regime_share":0.65,"agreement":0.85,"records":17,"support":4.3}},{"type":"Feature","geometry":{"type":"LineString","coordinates":[[141.0607,54.8945],[143.7745,55.3555]]},"properties":{"azimuth":73.5,"regime":"Thrust faulting","regime_code":"TF","regime_share":0.85,"agreement":0.9,"records":14,"support":7.1}},{"type":"Feature","geometry":{"type":"LineString","coordinates":[[145.0138,54.9002],[147.7335,55.3498]]},"properties":{"azimuth":73.9,"regime":"Thrust faulting","regime_code":"TF","regime_share":0.85,"agreement":0.9,"records":14,"support":4.3}},{"type":"Feature","geometry":{"type":"LineString","coordinates":[[153.3686,54.5085],[155.2029,55.7415]]},"properties":{"azimuth":40.4,"regime":"Normal faulting","regime_code":"NF","regime_share":0.81,"agreement":0.66,"records":7,"support":1.6}},{"type":"Feature","geometry":{"type":"LineString","coordinates":[[157.1289,55.6252],[159.3546,54.6248]]},"properties":{"azimuth":128.2,"regime":"Thrust faulting","regime_code":"TF","regime_share":0.78,"agreement":0.63,"records":173,"support":56.6}},{"type":"Feature","geometry":{"type":"LineString","coordinates":[[161.2289,55.7151],[163.1667,54.5349]]},"properties":{"azimuth":136.8,"regime":"Thrust faulting","regime_code":"TF","regime_share":0.65,"agreement":0.55,"records":204,"support":105.4}},{"type":"Feature","geometry":{"type":"LineString","coordinates":[[165.5696,55.8622],[166.7381,54.3878]]},"properties":{"azimuth":155.6,"regime":"Strike-slip","regime_code":"SS","regime_share":0.47,"agreement":0.58,"records":135,"support":83.4}},{"type":"Feature","geometry":{"type":"LineString","coordinates":[[169.7338,55.9053],[170.486,54.3447]]},"properties":{"azimuth":164.6,"regime":"Strike-slip","regime_code":"SS","regime_share":0.63,"agreement":0.82,"records":106,"support":47.5}},{"type":"Feature","geometry":{"type":"LineString","coordinates":[[173.6891,55.9052],[174.4428,54.3448]]},"properties":{"azimuth":164.6,"regime":"Strike-slip","regime_code":"SS","regime_share":0.52,"agreement":0.87,"records":79,"support":25.0}},{"type":"Feature","geometry":{"type":"LineString","coordinates":[[177.6017,55.8979],[178.4422,54.3521]]},"properties":{"azimuth":162.7,"regime":"Thrust faulting","regime_code":"TF","regime_share":0.65,"agreement":0.79,"records":88,"support":16.4}},{"type":"Feature","geometry":{"type":"LineString","coordinates":[[-178.6935,53.6134],[-177.5951,52.1366]]},"properties":{"azimuth":155.8,"regime":"Thrust faulting","regime_code":"TF","regime_share":0.83,"agreement":0.79,"records":346,"support":179.8}},{"type":"Feature","geometry":{"type":"LineString","coordinates":[[-175.0532,53.5926],[-173.8128,52.1574]]},"properties":{"azimuth":152.5,"regime":"Thrust faulting","regime_code":"TF","regime_share":0.82,"agreement":0.77,"records":376,"support":173.5}},{"type":"Feature","geometry":{"type":"LineString","coordinates":[[-171.3709,53.5832],[-170.0724,52.1668]]},"properties":{"azimuth":151.0,"regime":"Thrust faulting","regime_code":"TF","regime_share":0.79,"agreement":0.73,"records":295,"support":167.7}},{"type":"Feature","geometry":{"type":"LineString","coordinates":[[-167.6668,53.5808],[-166.3539,52.1692]]},"properties":{"azimuth":150.7,"regime":"Thrust faulting","regime_code":"TF","regime_share":0.78,"agreement":0.68,"records":228,"support":144.3}},{"type":"Feature","geometry":{"type":"LineString","coordinates":[[-163.9463,53.5838],[-162.6516,52.1662]]},"properties":{"azimuth":151.1,"regime":"Thrust faulting","regime_code":"TF","regime_share":0.79,"agreement":0.63,"records":191,"support":92.2}},{"type":"Feature","geometry":{"type":"LineString","coordinates":[[-160.2386,53.5826],[-158.9367,52.1674]]},"properties":{"azimuth":151.0,"regime":"Thrust faulting","regime_code":"TF","regime_share":0.79,"agreement":0.58,"records":79,"support":43.3}},{"type":"Feature","geometry":{"type":"LineString","coordinates":[[-156.5047,53.59],[-155.2479,52.16]]},"properties":{"azimuth":152.1,"regime":"Thrust faulting","regime_code":"TF","regime_share":0.76,"agreement":0.56,"records":52,"support":15.2}},{"type":"Feature","geometry":{"type":"LineString","coordinates":[[-152.7912,53.5907],[-151.5387,52.1593]]},"properties":{"azimuth":152.2,"regime":"Thrust faulting","regime_code":"TF","regime_share":0.77,"agreement":0.57,"records":26,"support":6.5}},{"type":"Feature","geometry":{"type":"LineString","coordinates":[[-148.4551,53.6844],[-148.4521,52.0656]]},"properties":{"azimuth":179.9,"regime":"Thrust faulting","regime_code":"TF","regime_share":0.64,"agreement":0.46,"records":9,"support":1.8}},{"type":"Feature","geometry":{"type":"LineString","coordinates":[[-137.6419,53.6607],[-136.9973,52.0893]]},"properties":{"azimuth":166.1,"regime":"Normal faulting","regime_code":"NF","regime_share":0.52,"agreement":0.27,"records":46,"support":13.2}},{"type":"Feature","geometry":{"type":"LineString","coordinates":[[-133.8212,52.0759],[-133.3953,53.6741]]},"properties":{"azimuth":9.1,"regime":"Strike-slip","regime_code":"SS","regime_share":0.56,"agreement":0.41,"records":111,"support":57.4}},{"type":"Feature","geometry":{"type":"LineString","coordinates":[[-130.1995,52.0865],[-129.5943,53.6635]]},"properties":{"azimuth":13.0,"regime":"Strike-slip","regime_code":"SS","regime_share":0.68,"agreement":0.54,"records":143,"support":71.9}},{"type":"Feature","geometry":{"type":"LineString","coordinates":[[-126.5116,52.0899],[-125.8595,53.6601]]},"properties":{"azimuth":14.1,"regime":"Strike-slip","regime_code":"SS","regime_share":0.72,"agreement":0.65,"records":126,"support":29.5}},{"type":"Feature","geometry":{"type":"LineString","coordinates":[[-123.3156,52.2447],[-121.6329,53.5053]]},"properties":{"azimuth":38.9,"regime":"Undetermined","regime_code":"U","regime_share":0.89,"agreement":0.83,"records":70,"support":24.2}},{"type":"Feature","geometry":{"type":"LineString","coordinates":[[-119.7091,52.3015],[-117.8166,53.4485]]},"properties":{"azimuth":44.9,"regime":"Undetermined","regime_code":"U","regime_share":0.98,"agreement":0.91,"records":137,"support":94.3}},{"type":"Feature","geometry":{"type":"LineString","coordinates":[[-116.0284,52.3205],[-114.0746,53.4295]]},"properties":{"azimuth":46.8,"regime":"Undetermined","regime_code":"U","regime_share":0.99,"agreement":0.92,"records":143,"support":125.2}},{"type":"Feature","geometry":{"type":"LineString","coordinates":[[-112.3505,52.3428],[-110.3299,53.4072]]},"properties":{"azimuth":48.9,"regime":"Undetermined","regime_code":"U","regime_share":1.0,"agreement":0.92,"records":110,"support":62.7}},{"type":"Feature","geometry":{"type":"LineString","coordinates":[[-108.6931,52.3825],[-106.5647,53.3675]]},"properties":{"azimuth":52.5,"regime":"Undetermined","regime_code":"U","regime_share":1.0,"agreement":0.89,"records":19,"support":8.2}},{"type":"Feature","geometry":{"type":"LineString","coordinates":[[-97.2094,52.1901],[-95.7802,53.5599]]},"properties":{"azimuth":32.2,"regime":"Undetermined","regime_code":"U","regime_share":1.0,"agreement":1.0,"records":2,"support":1.1}},{"type":"Feature","geometry":{"type":"LineString","coordinates":[[-68.1333,52.9826],[-65.475,52.7674]]},"properties":{"azimuth":97.6,"regime":"Thrust faulting","regime_code":"TF","regime_share":0.91,"agreement":0.49,"records":9,"support":2.2}},{"type":"Feature","geometry":{"type":"LineString","coordinates":[[-60.005,52.1584],[-58.7578,53.5916]]},"properties":{"azimuth":27.7,"regime":"Undetermined","regime_code":"U","regime_share":0.92,"agreement":0.62,"records":6,"support":2.3}},{"type":"Feature","geometry":{"type":"LineString","coordinates":[[-56.2884,52.1568],[-55.0518,53.5932]]},"properties":{"azimuth":27.5,"regime":"Undetermined","regime_code":"U","regime_share":0.89,"agreement":0.62,"records":7,"support":4.6}},{"type":"Feature","geometry":{"type":"LineString","coordinates":[[-52.5177,52.1393],[-51.3999,53.6107]]},"properties":{"azimuth":24.6,"regime":"Undetermined","regime_code":"U","regime_share":0.9,"agreement":0.69,"records":6,"support":4.2}},{"type":"Feature","geometry":{"type":"LineString","coordinates":[[-48.6885,52.1106],[-47.8063,53.6394]]},"properties":{"azimuth":19.2,"regime":"Undetermined","regime_code":"U","regime_share":1.0,"agreement":0.86,"records":3,"support":1.8}},{"type":"Feature","geometry":{"type":"LineString","coordinates":[[-40.838,52.0657],[-40.8115,53.6843]]},"properties":{"azimuth":0.6,"regime":"Normal faulting","regime_code":"NF","regime_share":0.95,"agreement":0.81,"records":60,"support":13.4}},{"type":"Feature","geometry":{"type":"LineString","coordinates":[[-37.1296,52.0657],[-37.0972,53.6843]]},"properties":{"azimuth":0.7,"regime":"Normal faulting","regime_code":"NF","regime_share":0.88,"agreement":0.77,"records":82,"support":52.5}},{"type":"Feature","geometry":{"type":"LineString","coordinates":[[-33.4576,53.6837],[-33.3465,52.0663]]},"properties":{"azimuth":177.6,"regime":"Normal faulting","regime_code":"NF","regime_share":0.77,"agreement":0.7,"records":101,"support":65.8}},{"type":"Feature","geometry":{"type":"LineString","coordinates":[[-29.9201,53.6725],[-29.4614,52.0775]]},"properties":{"azimuth":170.2,"regime":"Normal faulting","regime_code":"NF","regime_share":0.56,"agreement":0.63,"records":91,"support":32.0}},{"type":"Feature","geometry":{"type":"LineString","coordinates":[[-26.3647,53.6503],[-25.5941,52.0997]]},"properties":{"azimuth":163.3,"regime":"Strike-slip","regime_code":"SS","regime_share":0.59,"agreement":0.57,"records":29,"support":7.2}},{"type":"Feature","geometry":{"type":"LineString","coordinates":[[-8.1726,53.546],[-6.6728,52.204]]},"properties":{"azimuth":146.0,"regime":"Strike-slip","regime_code":"SS","regime_share":0.61,"agreement":0.76,"records":55,"support":22.2}},{"type":"Feature","geometry":{"type":"LineString","coordinates":[[-4.4607,53.5462],[-2.962,52.2038]]},"properties":{"azimuth":146.0,"regime":"Strike-slip","regime_code":"SS","regime_share":0.52,"agreement":0.79,"records":86,"support":61.0}},{"type":"Feature","geometry":{"type":"LineString","coordinates":[[-0.7862,53.5307],[0.7862,52.2193]]},"properties":{"azimuth":144.1,"regime":"Undetermined","regime_code":"U","regime_share":0.54,"agreement":0.77,"records":134,"support":83.9}},{"type":"Feature","geometry":{"type":"LineString","coordinates":[[2.9055,53.522],[4.5171,52.228]]},"properties":{"azimuth":143.1,"regime":"Undetermined","regime_code":"U","regime_share":0.74,"agreement":0.64,"records":171,"support":98.0}},{"type":"Feature","geometry":{"type":"LineString","coordinates":[[6.9358,53.6292],[7.9095,52.1208]]},"properties":{"azimuth":158.7,"regime":"Undetermined","regime_code":"U","regime_share":0.77,"agreement":0.43,"records":222,"support":132.6}},{"type":"Feature","geometry":{"type":"LineString","coordinates":[[10.972,53.6785],[11.296,52.0715]]},"properties":{"azimuth":173.1,"regime":"Undetermined","regime_code":"U","regime_share":0.78,"agreement":0.43,"records":213,"support":144.4}},{"type":"Feature","geometry":{"type":"LineString","coordinates":[[14.706,53.68],[14.9847,52.07]]},"properties":{"azimuth":174.0,"regime":"Undetermined","regime_code":"U","regime_share":0.83,"agreement":0.49,"records":151,"support":89.1}},{"type":"Feature","geometry":{"type":"LineString","coordinates":[[18.3766,53.6771],[18.7368,52.0729]]},"properties":{"azimuth":172.3,"regime":"Undetermined","regime_code":"U","regime_share":0.93,"agreement":0.72,"records":86,"support":40.7}},{"type":"Feature","geometry":{"type":"LineString","coordinates":[[22.2314,52.0659],[22.3047,53.6841]]},"properties":{"azimuth":1.6,"regime":"Undetermined","regime_code":"U","regime_share":0.95,"agreement":0.8,"records":56,"support":29.6}},{"type":"Feature","geometry":{"type":"LineString","coordinates":[[25.8155,52.0717],[26.1433,53.6783]]},"properties":{"azimuth":7.0,"regime":"Undetermined","regime_code":"U","regime_share":0.99,"agreement":0.88,"records":29,"support":10.5}},{"type":"Feature","geometry":{"type":"LineString","coordinates":[[85.2093,52.0708],[85.5124,53.6792]]},"properties":{"azimuth":6.5,"regime":"Thrust faulting","regime_code":"TF","regime_share":0.57,"agreement":0.64,"records":20,"support":6.9}},{"type":"Feature","geometry":{"type":"LineString","coordinates":[[88.8687,52.075],[89.2757,53.675]]},"properties":{"azimuth":8.7,"regime":"Thrust faulting","regime_code":"TF","regime_share":0.59,"agreement":0.69,"records":24,"support":10.7}},{"type":"Feature","geometry":{"type":"LineString","coordinates":[[92.3521,52.1086],[93.2149,53.6414]]},"properties":{"azimuth":18.8,"regime":"Thrust faulting","regime_code":"TF","regime_share":0.51,"agreement":0.68,"records":27,"support":11.1}},{"type":"Feature","geometry":{"type":"LineString","coordinates":[[95.7467,52.2033],[97.2429,53.5467]]},"properties":{"azimuth":33.9,"regime":"Strike-slip","regime_code":"SS","regime_share":0.56,"agreement":0.6,"records":31,"support":17.3}},{"type":"Feature","geometry":{"type":"LineString","coordinates":[[99.1785,52.355],[101.2338,53.395]]},"properties":{"azimuth":50.0,"regime":"Normal faulting","regime_code":"NF","regime_share":0.48,"agreement":0.58,"records":43,"support":24.3}},{"type":"Feature","geometry":{"type":"LineString","coordinates":[[102.9351,52.3241],[104.8999,53.4259]]},"properties":{"azimuth":47.1,"regime":"Normal faulting","regime_code":"NF","regime_share":0.69,"agreement":0.68,"records":65,"support":46.0}},{"type":"Feature","geometry":{"type":"LineString","coordinates":[[106.7257,52.2767],[108.5321,53.4733]]},"properties":{"azimuth":42.3,"regime":"Normal faulting","regime_code":"NF","regime_share":0.76,"agreement":0.74,"records":94,"support":71.0}},{"type":"Feature","geometry":{"type":"LineString","coordinates":[[110.4409,52.2746],[112.2395,53.4754]]},"properties":{"azimuth":42.1,"regime":"Normal faulting","regime_code":"NF","regime_share":0.8,"agreement":0.73,"records":96,"support":55.4}},{"type":"Feature","geometry":{"type":"LineString","coordinates":[[114.0415,52.3426],[116.0616,53.4074]]},"properties":{"azimuth":48.9,"regime":"Normal faulting","regime_code":"NF","regime_share":0.77,"agreement":0.67,"records":69,"support":19.7}},{"type":"Feature","geometry":{"type":"LineString","coordinates":[[117.5418,52.5404],[119.984,53.2096]]},"properties":{"azimuth":65.6,"regime":"Strike-slip","regime_code":"SS","regime_share":0.46,"agreement":0.65,"records":18,"support":5.4}},{"type":"Feature","geometry":{"type":"LineString","coordinates":[[121.3051,52.4785],[123.6434,53.2715]]},"properties":{"azimuth":60.7,"regime":"Strike-slip","regime_code":"SS","regime_share":0.61,"agreement":0.67,"records":26,"support":8.5}},{"type":"Feature","geometry":{"type":"LineString","coordinates":[[125.0506,52.4439],[127.3205,53.3061]]},"properties":{"azimuth":57.8,"regime":"Strike-slip","regime_code":"SS","regime_share":0.75,"agreement":0.73,"records":18,"support":8.7}},{"type":"Feature","geometry":{"type":"LineString","coordinates":[[128.7409,52.4647],[131.0529,53.2853]]},"properties":{"azimuth":59.5,"regime":"Strike-slip","regime_code":"SS","regime_share":0.79,"agreement":0.82,"records":19,"support":9.4}},{"type":"Feature","geometry":{"type":"LineString","coordinates":[[132.4683,52.4487],[134.7482,53.3013]]},"properties":{"azimuth":58.2,"regime":"Strike-slip","regime_code":"SS","regime_share":0.72,"agreement":0.82,"records":13,"support":6.7}},{"type":"Feature","geometry":{"type":"LineString","coordinates":[[136.0886,52.5538],[138.5505,53.1962]]},"properties":{"azimuth":66.6,"regime":"Thrust faulting","regime_code":"TF","regime_share":0.62,"agreement":0.85,"records":19,"support":5.9}},{"type":"Feature","geometry":{"type":"LineString","coordinates":[[139.7389,52.6582],[142.323,53.0918]]},"properties":{"azimuth":74.5,"regime":"Thrust faulting","regime_code":"TF","regime_share":0.81,"agreement":0.91,"records":15,"support":11.7}},{"type":"Feature","geometry":{"type":"LineString","coordinates":[[143.4473,52.6646],[146.0372,53.0854]]},"properties":{"azimuth":74.9,"regime":"Thrust faulting","regime_code":"TF","regime_share":0.81,"agreement":0.91,"records":15,"support":11.3}},{"type":"Feature","geometry":{"type":"LineString","coordinates":[[147.1543,52.6747],[149.7529,53.0753]]},"properties":{"azimuth":75.7,"regime":"Thrust faulting","regime_code":"TF","regime_share":0.8,"agreement":0.9,"records":14,"support":3.2}},{"type":"Feature","geometry":{"type":"LineString","coordinates":[[154.8044,53.3614],[156.9482,52.3886]]},"properties":{"azimuth":126.9,"regime":"Thrust faulting","regime_code":"TF","regime_share":0.91,"agreement":0.81,"records":152,"support":50.6}},{"type":"Feature","geometry":{"type":"LineString","coordinates":[[158.5101,53.3569],[160.6651,52.3931]]},"properties":{"azimuth":126.5,"regime":"Thrust faulting","regime_code":"TF","regime_share":0.89,"agreement":0.78,"records":166,"support":117.1}},{"type":"Feature","geometry":{"type":"LineString","coordinates":[[162.2841,53.4041],[164.3138,52.3459]]},"properties":{"azimuth":130.8,"regime":"Thrust faulting","regime_code":"TF","regime_share":0.76,"agreement":0.67,"records":213,"support":111.1}},{"type":"Feature","geometry":{"type":"LineString","coordinates":[[166.4022,53.5964],[167.6184,52.1536]]},"properties":{"azimuth":153.0,"regime":"Strike-slip","regime_code":"SS","regime_share":0.42,"agreement":0.6,"records":165,"support":55.1}},{"type":"Feature","geometry":{"type":"LineString","coordinates":[[170.3233,53.6479],[171.12,52.1021]]},"properties":{"azimuth":162.7,"regime":"Strike-slip","regime_code":"SS","regime_share":0.49,"agreement":0.85,"records":100,"support":49.0}},{"type":"Feature","geometry":{"type":"LineString","coordinates":[[174.0218,53.6454],[174.8442,52.1046]]},"properties":{"azimuth":162.1,"regime":"Thrust faulting","regime_code":"TF","regime_share":0.59,"agreement":0.81,"records":163,"support":71.4}},{"type":"Feature","geometry":{"type":"LineString","coordinates":[[177.6784,53.634],[178.6102,52.116]]},"properties":{"azimuth":159.7,"regime":"Thrust faulting","regime_code":"TF","regime_share":0.79,"agreement":0.8,"records":271,"support":130.6}},{"type":"Feature","geometry":{"type":"LineString","coordinates":[[-178.757,51.3636],[-177.7135,49.8864]]},"properties":{"azimuth":155.9,"regime":"Thrust faulting","regime_code":"TF","regime_share":0.83,"agreement":0.77,"records":339,"support":227.7}},{"type":"Feature","geometry":{"type":"LineString","coordinates":[[-175.2846,51.3463],[-174.1272,49.9037]]},"properties":{"azimuth":153.0,"regime":"Thrust faulting","regime_code":"TF","regime_share":0.83,"agreement":0.74,"records":375,"support":197.8}},{"type":"Feature","geometry":{"type":"LineString","coordinates":[[-171.7911,51.3343],[-170.5618,49.9157]]},"properties":{"azimuth":151.2,"regime":"Thrust faulting","regime_code":"TF","regime_share":0.81,"agreement":0.7,"records":294,"support":149.3}},{"type":"Feature","geometry":{"type":"LineString","coordinates":[[-168.2819,51.3271],[-167.0122,49.9229]]},"properties":{"azimuth":150.2,"regime":"Thrust faulting","regime_code":"TF","regime_share":0.78,"agreement":0.65,"records":220,"support":105.2}},{"type":"Feature","geometry":{"type":"LineString","coordinates":[[-164.7502,51.3279],[-163.4851,49.9221]]},"properties":{"azimuth":150.3,"regime":"Thrust faulting","regime_code":"TF","regime_share":0.76,"agreement":0.57,"records":165,"support":51.5}},{"type":"Feature","geometry":{"type":"LineString","coordinates":[[-161.2682,51.3099],[-159.9083,49.9401]]},"properties":{"azimuth":147.8,"regime":"Thrust faulting","regime_code":"TF","regime_share":0.67,"agreement":0.36,"records":60,"support":14.7}},{"type":"Feature","geometry":{"type":"LineString","coordinates":[[-158.2401,50.3192],[-155.8776,50.9308]]},"properties":{"azimuth":67.8,"regime":"Normal faulting","regime_code":"NF","regime_share":0.57,"agreement":0.28,"records":9,"support":1.6}},{"type":"Feature","geometry":{"type":"LineString","coordinates":[[-136.1378,49.832],[-135.6269,51.418]]},"properties":{"azimuth":11.5,"regime":"Strike-slip","regime_code":"SS","regime_share":0.64,"agreement":0.48,"records":105,"support":26.9}},{"type":"Feature","geometry":{"type":"LineString","coordinates":[[-132.6454,49.8372],[-132.0605,51.4128]]},"properties":{"azimuth":13.3,"regime":"Strike-slip","regime_code":"SS","regime_share":0.78,"agreement":0.64,"records":155,"support":94.3}},{"type":"Feature","geometry":{"type":"LineString","coordinates":[[-129.1004,49.8349],[-128.5467,51.4151]]},"properties":{"azimuth":12.5,"regime":"Strike-slip","regime_code":"SS","regime_share":0.84,"agreement":0.73,"records":160,"support":109.8}},{"type":"Feature","geometry":{"type":"LineString","coordinates":[[-125.4437,49.8212],[-125.1446,51.4288]]},"properties":{"azimuth":6.7,"regime":"Strike-slip","regime_code":"SS","regime_share":0.71,"agreement":0.73,"records":181,"support":63.2}},{"type":"Feature","geometry":{"type":"LineString","coordinates":[[-121.8241,51.4335],[-121.7053,49.8165]]},"properties":{"azimuth":177.3,"regime":"Strike-slip","regime_code":"SS","regime_share":0.33,"agreement":0.53,"records":126,"support":42.4}},{"type":"Feature","geometry":{"type":"LineString","coordinates":[[-119.1496,50.0605],[-117.321,51.1895]]},"properties":{"azimuth":45.8,"regime":"Undetermined","regime_code":"U","regime_share":0.81,"agreement":0.65,"records":158,"support":61.9}},{"type":"Feature","geometry":{"type":"LineString","coordinates":[[-115.6895,50.1095],[-113.7223,51.1405]]},"properties":{"azimuth":50.4,"regime":"Undetermined","regime_code":"U","regime_share":0.98,"agreement":0.93,"records":101,"support":74.7}},{"type":"Feature","geometry":{"type":"LineString","coordinates":[[-112.1803,50.1254],[-110.1726,51.1246]]},"properties":{"azimuth":51.9,"regime":"Undetermined","regime_code":"U","regime_share":0.98,"agreement":0.92,"records":77,"support":41.8}},{"type":"Feature","geometry":{"type":"LineString","coordinates":[[-108.7003,50.1682],[-106.5938,51.0818]]},"properties":{"azimuth":55.6,"regime":"Undetermined","regime_code":"U","regime_share":0.97,"agreement":0.87,"records":19,"support":6.8}},{"type":"Feature","geometry":{"type":"LineString","coordinates":[[-104.7433,49.9196],[-103.492,51.3304]]},"properties":{"azimuth":29.4,"regime":"Undetermined","regime_code":"U","regime_share":1.0,"agreement":0.59,"records":4,"support":1.4}},{"type":"Feature","geometry":{"type":"LineString","coordinates":[[-101.0239,49.8643],[-100.1526,51.3857]]},"properties":{"azimuth":20.0,"regime":"Undetermined","regime_code":"U","regime_share":1.0,"agreement":0.9,"records":3,"support":1.6}},{"type":"Feature","geometry":{"type":"LineString","coordinates":[[-97.7011,49.9256],[-96.4166,51.3244]]},"properties":{"azimuth":30.2,"regime":"Undetermined","regime_code":"U","regime_share":1.0,"agreement":0.97,"records":3,"support":2.5}},{"type":"Feature","geometry":{"type":"LineString","coordinates":[[-94.2093,49.9401],[-92.8495,51.3099]]},"properties":{"azimuth":32.2,"regime":"Undetermined","regime_code":"U","regime_share":1.0,"agreement":1.0,"records":2,"support":1.9}},{"type":"Feature","geometry":{"type":"LineString","coordinates":[[-83.7614,50.005],[-82.121,51.245]]},"properties":{"azimuth":40.0,"regime":"Thrust faulting","regime_code":"TF","regime_share":0.84,"agreement":0.36,"records":5,"support":2.0}},{"type":"Feature","geometry":{"type":"LineString","coordinates":[[-80.0816,49.9361],[-78.7419,51.3139]]},"properties":{"azimuth":31.7,"regime":"Thrust faulting","regime_code":"TF","regime_share":0.85,"agreement":0.42,"records":8,"support":3.0}},{"type":"Feature","geometry":{"type":"LineString","coordinates":[[-76.73,50.0201],[-75.0347,51.2299]]},"properties":{"azimuth":41.6,"regime":"Thrust faulting","regime_code":"TF","regime_share":0.92,"agreement":0.42,"records":6,"support":2.4}},{"type":"Feature","geometry":{"type":"LineString","coordinates":[[-73.5631,50.3686],[-71.1428,50.8814]]},"properties":{"azimuth":71.5,"regime":"Thrust faulting","regime_code":"TF","regime_share":0.86,"agreement":0.54,"records":30,"support":8.7}},{"type":"Feature","geometry":{"type":"LineString","coordinates":[[-70.078,50.4776],[-67.569,50.7724]]},"properties":{"azimuth":79.5,"regime":"Thrust faulting","regime_code":"TF","regime_share":0.79,"agreement":0.56,"records":34,"support":15.8}},{"type":"Feature","geometry":{"type":"LineString","coordinates":[[-66.5627,50.5388],[-64.0255,50.7112]]},"properties":{"azimuth":83.9,"regime":"Thrust faulting","regime_code":"TF","regime_share":0.73,"agreement":0.6,"records":24,"support":12.2}},{"type":"Feature","geometry":{"type":"LineString","coordinates":[[-62.9667,50.3535],[-60.5628,50.8965]]},"properties":{"azimuth":70.4,"regime":"Undetermined","regime_code":"U","regime_share":0.47,"agreement":0.54,"records":17,"support":4.7}},{"type":"Feature","geometry":{"type":"LineString","coordinates":[[-55.1531,49.867],[-54.2587,51.383]]},"properties":{"azimuth":20.5,"regime":"Undetermined","regime_code":"U","regime_share":1.0,"agreement":0.67,"records":6,"support":2.3}},{"type":"Feature","geometry":{"type":"LineString","coordinates":[[-51.7041,49.8881],[-50.6488,51.3619]]},"properties":{"azimuth":24.4,"regime":"Undetermined","regime_code":"U","regime_share":1.0,"agreement":0.56,"records":6,"support":4.6}},{"type":"Feature","geometry":{"type":"LineString","coordinates":[[-48.5829,50.0749],[-46.7112,51.1751]]},"properties":{"azimuth":47.2,"regime":"Undetermined","regime_code":"U","regime_share":1.0,"agreement":0.42,"records":16,"support":6.8}},{"type":"Feature","geometry":{"type":"LineString","coordinates":[[-37.1829,51.4306],[-36.9348,49.8194]]},"properties":{"azimuth":174.4,"regime":"Normal faulting","regime_code":"NF","regime_share":0.82,"agreement":0.71,"records":70,"support":20.4}},{"type":"Feature","geometry":{"type":"LineString","coordinates":[[-33.7174,51.4256],[-33.3415,49.8244]]},"properties":{"azimuth":171.5,"regime":"Normal faulting","regime_code":"NF","regime_share":0.67,"agreement":0.66,"records":89,"support":31.5}},{"type":"Feature","geometry":{"type":"LineString","coordinates":[[-30.2366,51.4203],[-29.7634,49.8297]]},"properties":{"azimuth":169.3,"regime":"Normal faulting","regime_code":"NF","regime_share":0.52,"agreement":0.59,"records":57,"support":27.3}},{"type":"Feature","geometry":{"type":"LineString","coordinates":[[-26.5404,51.4332],[-26.4007,49.8168]]},"properties":{"azimuth":176.9,"regime":"Normal faulting","regime_code":"NF","regime_share":0.64,"agreement":0.64,"records":41,"support":17.4}},{"type":"Feature","geometry":{"type":"LineString","coordinates":[[-22.9763,49.8159],[-22.9061,51.4341]]},"properties":{"azimuth":1.6,"regime":"Normal faulting","regime_code":"NF","regime_share":0.85,"agreement":0.77,"records":14,"support":2.5}},{"type":"Feature","geometry":{"type":"LineString","coordinates":[[-9.5882,51.2729],[-8.0589,49.9771]]},"properties":{"azimuth":143.2,"regime":"Strike-slip","regime_code":"SS","regime_share":0.49,"agreement":0.72,"records":20,"support":5.3}},{"type":"Feature","geometry":{"type":"LineString","coordinates":[[-6.0385,51.2824],[-4.5497,49.9676]]},"properties":{"azimuth":144.3,"regime":"Strike-slip","regime_code":"SS","regime_share":0.56,"agreement":0.77,"records":54,"support":23.2}},{"type":"Feature","geometry":{"type":"LineString","coordinates":[[-2.5197,51.2775],[-1.0097,49.9725]]},"properties":{"azimuth":143.7,"regime":"Strike-slip","regime_code":"SS","regime_share":0.46,"agreement":0.76,"records":108,"support":41.0}},{"type":"Feature","geometry":{"type":"LineString","coordinates":[[0.9271,51.2356],[2.6023,50.0144]]},"properties":{"azimuth":139.0,"regime":"Undetermined","regime_code":"U","regime_share":0.49,"agreement":0.67,"records":153,"support":60.6}},{"type":"Feature","geometry":{"type":"LineString","coordinates":[[4.5895,51.2997],[5.9988,49.9503]]},"properties":{"azimuth":146.5,"regime":"Undetermined","regime_code":"U","regime_share":0.41,"agreement":0.62,"records":319,"support":136.8}},{"type":"Feature","geometry":{"type":"LineString","coordinates":[[8.33,51.3714],[9.317,49.8786]]},"properties":{"azimuth":157.2,"regime":"Undetermined","regime_code":"U","regime_share":0.48,"agreement":0.56,"records":485,"support":241.1}},{"type":"Feature","geometry":{"type":"LineString","coordinates":[[12.0502,51.4113],[12.6557,49.8387]]},"properties":{"azimuth":166.3,"regime":"Undetermined","regime_code":"U","regime_share":0.61,"agreement":0.5,"records":408,"support":198.3}},{"type":"Feature","geometry":{"type":"LineString","coordinates":[[15.675,51.4236],[16.0897,49.8264]]},"properties":{"azimuth":170.6,"regime":"Undetermined","regime_code":"U","regime_share":0.67,"agreement":0.42,"records":286,"support":114.1}},{"type":"Feature","geometry":{"type":"LineString","coordinates":[[19.3048,49.8185],[19.5188,51.4315]]},"properties":{"azimuth":4.8,"regime":"Undetermined","regime_code":"U","regime_share":0.78,"agreement":0.44,"records":180,"support":84.2}},{"type":"Feature","geometry":{"type":"LineString","coordinates":[[22.7583,49.824],[23.1241,51.426]]},"properties":{"azimuth":8.2,"regime":"Undetermined","regime_code":"U","regime_share":0.91,"agreement":0.53,"records":110,"support":61.5}},{"type":"Feature","geometry":{"type":"LineString","coordinates":[[26.3099,49.8221],[26.6313,51.4279]]},"properties":{"azimuth":7.2,"regime":"Undetermined","regime_code":"U","regime_share":0.9,"agreement":0.67,"records":47,"support":18.2}},{"type":"Feature","geometry":{"type":"LineString","coordinates":[[82.8878,51.4337],[82.9945,49.8163]]},"properties":{"azimuth":177.6,"regime":"Strike-slip","regime_code":"SS","regime_share":0.5,"agreement":0.58,"records":15,"support":5.1}},{"type":"Feature","geometry":{"type":"LineString","coordinates":[[86.2849,49.8242],[86.6563,51.4258]]},"properties":{"azimuth":8.4,"regime":"Strike-slip","regime_code":"SS","regime_share":0.54,"agreement":0.67,"records":26,"support":16.1}},{"type":"Feature","geometry":{"type":"LineString","coordinates":[[89.7131,49.8363],[90.2869,51.4137]]},"properties":{"azimuth":13.0,"regime":"Strike-slip","regime_code":"SS","regime_share":0.51,"agreement":0.71,"records":33,"support":18.3}},{"type":"Feature","geometry":{"type":"LineString","coordinates":[[93.0114,49.8853],[94.0475,51.3647]]},"properties":{"azimuth":24.0,"regime":"Strike-slip","regime_code":"SS","regime_share":0.59,"agreement":0.69,"records":39,"support":15.1}},{"type":"Feature","geometry":{"type":"LineString","coordinates":[[96.2647,49.9915],[97.8529,51.2585]]},"properties":{"azimuth":38.5,"regime":"Strike-slip","regime_code":"SS","regime_share":0.62,"agreement":0.62,"records":31,"support":19.1}},{"type":"Feature","geometry":{"type":"LineString","coordinates":[[99.5918,50.1195],[101.5847,51.1305]]},"properties":{"azimuth":51.4,"regime":"Strike-slip","regime_code":"SS","regime_share":0.49,"agreement":0.55,"records":44,"support":26.0}},{"type":"Feature","geometry":{"type":"LineString","coordinates":[[103.1149,50.1246],[105.1204,51.1254]]},"properties":{"azimuth":51.8,"regime":"Normal faulting","regime_code":"NF","regime_share":0.55,"agreement":0.62,"records":57,"support":36.2}},{"type":"Feature","geometry":{"type":"LineString","coordinates":[[106.74,50.0558],[108.5541,51.1942]]},"properties":{"azimuth":45.3,"regime":"Normal faulting","regime_code":"NF","regime_share":0.59,"agreement":0.67,"records":61,"support":37.1}},{"type":"Feature","geometry":{"type":"LineString","coordinates":[[110.3555,50.0055],[111.9975,51.2445]]},"properties":{"azimuth":40.1,"regime":"Normal faulting","regime_code":"NF","regime_share":0.6,"agreement":0.68,"records":52,"support":19.8}},{"type":"Feature","geometry":{"type":"LineString","coordinates":[[113.5062,50.3495],[115.9056,50.9005]]},"properties":{"azimuth":70.1,"regime":"Strike-slip","regime_code":"SS","regime_share":0.78,"agreement":0.6,"records":8,"support":3.3}},{"type":"Feature","geometry":{"type":"LineString","coordinates":[[117.0068,50.4065],[119.4638,50.8435]]},"properties":{"azimuth":74.3,"regime":"Strike-slip","regime_code":"SS","regime_share":0.7,"agreement":0.94,"records":16,"support":7.0}},{"type":"Feature","geometry":{"type":"LineString","coordinates":[[120.5597,50.359],[122.9697,50.891]]},"properties":{"azimuth":70.8,"regime":"Strike-slip","regime_code":"SS","regime_share":0.72,"agreement":0.93,"records":14,"support":8.8}},{"type":"Feature","geometry":{"type":"LineString","coordinates":[[124.085,50.3667],[126.5033,50.8833]]},"properties":{"azimuth":71.4,"regime":"Strike-slip","regime_code":"SS","regime_share":0.64,"agreement":0.91,"records":29,"support":8.6}},{"type":"Feature","geometry":{"type":"LineString","coordinates":[[127.6181,50.3598],[130.0289,50.8902]]},"properties":{"azimuth":70.9,"regime":"Strike-slip","regime_code":"SS","regime_share":0.67,"agreement":0.94,"records":24,"support":10.7}},{"type":"Feature","geometry":{"type":"LineString","coordinates":[[131.1636,50.332],[133.5423,50.918]]},"properties":{"azimuth":68.8,"regime":"Strike-slip","regime_code":"SS","regime_share":0.65,"agreement":0.91,"records":22,"support":12.0}},{"type":"Feature","geometry":{"type":"LineString","coordinates":[[134.7414,50.2628],[137.0233,50.9872]]},"properties":{"azimuth":63.4,"regime":"Strike-slip","regime_code":"SS","regime_share":0.6,"agreement":0.89,"records":16,"support":4.7}},{"type":"Feature","geometry":{"type":"LineString","coordinates":[[138.1801,50.4138],[140.6434,50.8362]]},"properties":{"azimuth":74.9,"regime":"Thrust faulting","regime_code":"TF","regime_share":0.82,"agreement":0.94,"records":18,"support":6.2}},{"type":"Feature","geometry":{"type":"LineString","coordinates":[[141.6962,50.4479],[144.1861,50.8021]]},"properties":{"azimuth":77.4,"regime":"Thrust faulting","regime_code":"TF","regime_share":0.81,"agreement":0.92,"records":23,"support":10.7}},{"type":"Feature","geometry":{"type":"LineString","coordinates":[[145.234,50.4257],[147.7071,50.8243]]},"properties":{"azimuth":75.7,"regime":"Thrust faulting","regime_code":"TF","regime_share":0.76,"agreement":0.93,"records":15,"support":4.9}},{"type":"Feature","geometry":{"type":"LineString","coordinates":[[148.9587,51.0927],[151.0413,50.1573]]},"properties":{"azimuth":125.3,"regime":"Thrust faulting","regime_code":"TF","regime_share":1.0,"agreement":0.9,"records":13,"support":2.2}},{"type":"Feature","geometry":{"type":"LineString","coordinates":[[152.4488,51.0553],[154.61,50.1947]]},"properties":{"azimuth":122.1,"regime":"Thrust faulting","regime_code":"TF","regime_share":0.82,"agreement":0.62,"records":146,"support":45.2}},{"type":"Feature","geometry":{"type":"LineString","coordinates":[[156.0145,51.09],[158.1032,50.16]]},"properties":{"azimuth":125.1,"regime":"Thrust faulting","regime_code":"TF","regime_share":0.86,"agreement":0.72,"records":217,"support":95.2}},{"type":"Feature","geometry":{"type":"LineString","coordinates":[[159.5646,51.1081],[161.6119,50.1419]]},"properties":{"azimuth":126.6,"regime":"Thrust faulting","regime_code":"TF","regime_share":0.91,"agreement":0.82,"records":165,"support":91.9}},{"type":"Feature","geometry":{"type":"LineString","coordinates":[[163.0939,51.108],[165.1414,50.142]]},"properties":{"azimuth":126.6,"regime":"Thrust faulting","regime_code":"TF","regime_share":0.91,"agreement":0.84,"records":123,"support":40.8}},{"type":"Feature","geometry":{"type":"LineString","coordinates":[[167.2347,51.391],[168.0594,49.859]]},"properties":{"azimuth":161.1,"regime":"Strike-slip","regime_code":"SS","regime_share":0.44,"agreement":0.79,"records":39,"support":8.6}},{"type":"Feature","geometry":{"type":"LineString","coordinates":[[170.7123,51.3789],[171.6406,49.8711]]},"properties":{"azimuth":158.7,"regime":"Thrust faulting","regime_code":"TF","regime_share":0.41,"agreement":0.8,"records":76,"support":28.6}},{"type":"Feature","geometry":{"type":"LineString","coordinates":[[174.2817,51.3884],[175.13,49.8616]]},"properties":{"azimuth":160.6,"regime":"Thrust faulting","regime_code":"TF","regime_share":0.69,"agreement":0.78,"records":184,"support":76.1}},{"type":"Feature","geometry":{"type":"LineString","coordinates":[[177.778,51.3806],[178.6926,49.8694]]},"properties":{"azimuth":159.0,"regime":"Thrust faulting","regime_code":"TF","regime_share":0.81,"agreement":0.77,"records":272,"support":166.1}},{"type":"Feature","geometry":{"type":"LineString","coordinates":[[-178.8164,49.1087],[-177.7874,47.6413]]},"properties":{"azimuth":155.0,"regime":"Thrust faulting","regime_code":"TF","regime_share":0.82,"agreement":0.71,"records":279,"support":83.1}},{"type":"Feature","geometry":{"type":"LineString","coordinates":[[-175.4799,49.0889],[-174.3315,47.6611]]},"properties":{"azimuth":151.9,"regime":"Thrust faulting","regime_code":"TF","regime_share":0.81,"agreement":0.68,"records":227,"support":60.4}},{"type":"Feature","geometry":{"type":"LineString","coordinates":[[-172.1075,49.0802],[-170.9114,47.6698]]},"properties":{"azimuth":150.6,"regime":"Thrust faulting","regime_code":"TF","regime_share":0.8,"agreement":0.59,"records":155,"support":32.3}},{"type":"Feature","geometry":{"type":"LineString","coordinates":[[-168.7935,49.0465],[-167.4329,47.7035]]},"properties":{"azimuth":146.1,"regime":"Thrust faulting","regime_code":"TF","regime_share":0.73,"agreement":0.48,"records":84,"support":15.7}},{"type":"Feature","geometry":{"type":"LineString","coordinates":[[-165.853,48.0822],[-163.581,48.6678]]},"properties":{"azimuth":68.8,"regime":"Normal faulting","regime_code":"NF","regime_share":0.92,"agreement":0.8,"records":9,"support":1.8}},{"type":"Feature","geometry":{"type":"LineString","coordinates":[[-134.4583,47.5918],[-133.8436,49.1582]]},"properties":{"azimuth":14.6,"regime":"Strike-slip","regime_code":"SS","regime_share":0.95,"agreement":0.83,"records":107,"support":25.5}},{"type":"Feature","geometry":{"type":"LineString","coordinates":[[-130.9934,47.5813],[-130.516,49.1687]]},"properties":{"azimuth":11.3,"regime":"Strike-slip","regime_code":"SS","regime_share":0.92,"agreement":0.8,"records":139,"support":74.8}},{"type":"Feature","geometry":{"type":"LineString","coordinates":[[-127.5284,47.5735],[-127.1886,49.1765]]},"properties":{"azimuth":8.0,"regime":"Strike-slip","regime_code":"SS","regime_share":0.77,"agreement":0.75,"records":216,"support":93.1}},{"type":"Feature","geometry":{"type":"LineString","coordinates":[[-124.0531,47.5679],[-123.8714,49.1821]]},"properties":{"azimuth":4.3,"regime":"Strike-slip","regime_code":"SS","regime_share":0.52,"agreement":0.63,"records":225,"support":125.5}},{"type":"Feature","geometry":{"type":"LineString","coordinates":[[-120.6266,47.5666],[-120.5055,49.1834]]},"properties":{"azimuth":2.8,"regime":"Strike-slip","regime_code":"SS","regime_share":0.45,"agreement":0.58,"records":177,"support":123.0}},{"type":"Feature","geometry":{"type":"LineString","coordinates":[[-117.4225,47.5832],[-116.9171,49.1668]]},"properties":{"azimuth":12.0,"regime":"Thrust faulting","regime_code":"TF","regime_share":0.35,"agreement":0.42,"records":179,"support":57.0}},{"type":"Feature","geometry":{"type":"LineString","coordinates":[[-114.7644,47.9039],[-112.7827,48.8461]]},"properties":{"azimuth":54.4,"regime":"Undetermined","regime_code":"U","regime_share":0.82,"agreement":0.78,"records":56,"support":23.0}},{"type":"Feature","geometry":{"type":"LineString","coordinates":[[-111.3966,47.9314],[-109.3582,48.8186]]},"properties":{"azimuth":56.8,"regime":"Undetermined","regime_code":"U","regime_share":0.73,"agreement":0.74,"records":30,"support":11.3}},{"type":"Feature","geometry":{"type":"LineString","coordinates":[[-107.9543,47.888],[-106.0079,48.862]]},"properties":{"azimuth":53.0,"regime":"Undetermined","regime_code":"U","regime_share":0.89,"agreement":0.78,"records":6,"support":1.9}},{"type":"Feature","geometry":{"type":"LineString","coordinates":[[-100.5605,47.6042],[-99.8169,49.1458]]},"properties":{"azimuth":17.8,"regime":"Undetermined","regime_code":"U","regime_share":0.89,"agreement":0.91,"records":4,"support":1.4}},{"type":"Feature","geometry":{"type":"LineString","coordinates":[[-97.3377,47.6512],[-96.2472,49.0988]]},"properties":{"azimuth":26.6,"regime":"Undetermined","regime_code":"U","regime_share":0.81,"agreement":0.94,"records":4,"support":2.1}},{"type":"Feature","geometry":{"type":"LineString","coordinates":[[-93.9782,47.6639],[-92.8143,49.0861]]},"properties":{"azimuth":28.5,"regime":"Undetermined","regime_code":"U","regime_share":0.8,"agreement":0.96,"records":3,"support":1.4}},{"type":"Feature","geometry":{"type":"LineString","coordinates":[[-84.3478,48.0897],[-82.0673,48.6603]]},"properties":{"azimuth":69.4,"regime":"Thrust faulting","regime_code":"TF","regime_share":0.8,"agreement":0.42,"records":10,"support":5.5}},{"type":"Feature","geometry":{"type":"LineString","coordinates":[[-80.7689,47.8745],[-78.8537,48.8755]]},"properties":{"azimuth":51.8,"regime":"Thrust faulting","regime_code":"TF","regime_share":0.79,"agreement":0.43,"records":23,"support":10.2}},{"type":"Feature","geometry":{"type":"LineString","coordinates":[[-77.3418,47.8495],[-75.4884,48.9005]]},"properties":{"azimuth":49.5,"regime":"Thrust faulting","regime_code":"TF","regime_share":0.61,"agreement":0.6,"records":77,"support":25.3}},{"type":"Feature","geometry":{"type":"LineString","coordinates":[[-74.0359,47.9292],[-72.0019,48.8208]]},"properties":{"azimuth":56.6,"regime":"Thrust faulting","regime_code":"TF","regime_share":0.5,"agreement":0.67,"records":92,"support":45.2}},{"type":"Feature","geometry":{"type":"LineString","coordinates":[[-70.73,48.0373],[-68.5153,48.7127]]},"properties":{"azimuth":65.3,"regime":"Thrust faulting","regime_code":"TF","regime_share":0.55,"agreement":0.64,"records":76,"support":45.8}},{"type":"Feature","geometry":{"type":"LineString","coordinates":[[-67.3898,48.1343],[-65.063,48.6157]]},"properties":{"azimuth":72.7,"regime":"Thrust faulting","regime_code":"TF","regime_share":0.68,"agreement":0.59,"records":46,"support":29.2}},{"type":"Feature","geometry":{"type":"LineString","coordinates":[[-63.9448,48.048],[-61.7156,48.702]]},"properties":{"azimuth":66.2,"regime":"Undetermined","regime_code":"U","regime_share":0.51,"agreement":0.62,"records":31,"support":15.3}},{"type":"Feature","geometry":{"type":"LineString","coordinates":[[-60.3707,47.8574],[-58.4972,48.8926]]},"properties":{"azimuth":50.2,"regime":"Undetermined","regime_code":"U","regime_share":0.99,"agreement":0.73,"records":20,"support":9.5}},{"type":"Feature","geometry":{"type":"LineString","coordinates":[[-57.1162,47.9982],[-54.9593,48.7518]]},"properties":{"azimuth":62.3,"regime":"Undetermined","regime_code":"U","regime_share":0.96,"agreement":0.64,"records":15,"support":4.2}},{"type":"Feature","geometry":{"type":"LineString","coordinates":[[-53.7937,48.1116],[-51.4894,48.6384]]},"properties":{"azimuth":71.0,"regime":"Undetermined","regime_code":"U","regime_share":1.0,"agreement":0.4,"records":21,"support":10.1}},{"type":"Feature","geometry":{"type":"LineString","coordinates":[[-50.3703,48.064],[-48.1203,48.686]]},"properties":{"azimuth":67.4,"regime":"Undetermined","regime_code":"U","regime_share":1.0,"agreement":0.41,"records":19,"support":21.0}},{"type":"Feature","geometry":{"type":"LineString","coordinates":[[-46.9567,48.0377],[-44.7414,48.7123]]},"properties":{"azimuth":65.4,"regime":"Undetermined","regime_code":"U","regime_share":1.0,"agreement":0.44,"records":18,"support":14.1}},{"type":"Feature","geometry":{"type":"LineString","coordinates":[[-43.6632,48.2814],[-41.2425,48.4686]]},"properties":{"azimuth":83.4,"regime":"Undetermined","regime_code":"U","regime_share":0.63,"agreement":0.38,"records":4,"support":1.6}},{"type":"Feature","geometry":{"type":"LineString","coordinates":[[-32.3013,47.566],[-32.227,49.184]]},"properties":{"azimuth":1.7,"regime":"Normal faulting","regime_code":"NF","regime_share":0.72,"agreement":0.62,"records":43,"support":11.7}},{"type":"Feature","geometry":{"type":"LineString","coordinates":[[-28.9772,47.5689],[-28.7586,49.1811]]},"properties":{"azimuth":5.1,"regime":"Normal faulting","regime_code":"NF","regime_share":0.81,"agreement":0.72,"records":65,"support":31.9}},{"type":"Feature","geometry":{"type":"LineString","coordinates":[[-25.6053,47.5705],[-25.3381,49.1795]]},"properties":{"azimuth":6.3,"regime":"Normal faulting","regime_code":"NF","regime_share":0.85,"agreement":0.76,"records":51,"support":22.2}},{"type":"Feature","geometry":{"type":"LineString","coordinates":[[-22.2694,47.5759],[-21.8815,49.1741]]},"properties":{"azimuth":9.2,"regime":"Normal faulting","regime_code":"NF","regime_share":0.93,"agreement":0.84,"records":13,"support":2.3}},{"type":"Feature","geometry":{"type":"LineString","coordinates":[[-9.3292,48.9622],[-7.6519,47.7878]]},"properties":{"azimuth":136.5,"regime":"Strike-slip","regime_code":"SS","regime_share":0.5,"agreement":0.62,"records":8,"support":2.8}},{"type":"Feature","geometry":{"type":"LineString","coordinates":[[-5.8298,49.0203],[-4.3588,47.7297]]},"properties":{"azimuth":142.9,"regime":"Strike-slip","regime_code":"SS","regime_share":0.39,"agreement":0.42,"records":20,"support":9.7}},{"type":"Feature","geometry":{"type":"LineString","coordinates":[[-2.45,49.0119],[-0.9462,47.7381]]},"properties":{"azimuth":141.9,"regime":"Strike-slip","regime_code":"SS","regime_share":0.42,"agreement":0.54,"records":56,"support":22.5}},{"type":"Feature","geometry":{"type":"LineString","coordinates":[[0.9266,49.0015],[2.4697,47.7485]]},"properties":{"azimuth":140.7,"regime":"Strike-slip","regime_code":"SS","regime_share":0.44,"agreement":0.63,"records":131,"support":49.1}},{"type":"Feature","geometry":{"type":"LineString","coordinates":[[4.4504,49.0621],[5.7383,47.6879]]},"properties":{"azimuth":148.1,"regime":"Strike-slip","regime_code":"SS","regime_share":0.46,"agreement":0.61,"records":437,"support":207.9}},{"type":"Feature","geometry":{"type":"LineString","coordinates":[[8.0059,49.1176],[8.9753,47.6324]]},"properties":{"azimuth":156.6,"regime":"Strike-slip","regime_code":"SS","regime_share":0.39,"agreement":0.58,"records":693,"support":408.7}},{"type":"Feature","geometry":{"type":"LineString","coordinates":[[11.593,49.1605],[12.1806,47.5895]]},"properties":{"azimuth":166.0,"regime":"Undetermined","regime_code":"U","regime_share":0.43,"agreement":0.56,"records":681,"support":381.4}},{"type":"Feature","geometry":{"type":"LineString","coordinates":[[15.2791,49.1844],[15.2869,47.5656]]},"properties":{"azimuth":179.8,"regime":"Undetermined","regime_code":"U","regime_share":0.52,"agreement":0.41,"records":421,"support":226.8}},{"type":"Feature","geometry":{"type":"LineString","coordinates":[[18.0302,47.69],[19.3283,49.06]]},"properties":{"azimuth":32.2,"regime":"Undetermined","regime_code":"U","regime_share":0.65,"agreement":0.27,"records":273,"support":166.7}},{"type":"Feature","geometry":{"type":"LineString","coordinates":[[21.2775,47.7633],[22.8734,48.9867]]},"properties":{"azimuth":40.9,"regime":"Undetermined","regime_code":"U","regime_share":0.74,"agreement":0.28,"records":253,"support":134.0}},{"type":"Feature","geometry":{"type":"LineString","coordinates":[[24.415,47.9719],[26.5284,48.7781]]},"properties":{"azimuth":60.1,"regime":"Undetermined","regime_code":"U","regime_share":0.59,"agreement":0.17,"records":177,"support":70.4}},{"type":"Feature","geometry":{"type":"LineString","coordinates":[[27.6494,48.3738],[30.0864,48.3762]]},"properties":{"azimuth":89.9,"regime":"Normal faulting","regime_code":"NF","regime_share":0.35,"agreement":0.29,"records":72,"support":23.4}},{"type":"Feature","geometry":{"type":"LineString","coordinates":[[79.267,49.0991],[80.3556,47.6509]]},"properties":{"azimuth":153.5,"regime":"Thrust faulting","regime_code":"TF","regime_share":0.63,"agreement":0.65,"records":9,"support":2.2}},{"type":"Feature","geometry":{"type":"LineString","coordinates":[[82.1579,47.9639],[84.2571,48.7861]]},"properties":{"azimuth":59.5,"regime":"Undetermined","regime_code":"U","regime_share":0.76,"agreement":0.3,"records":80,"support":23.5}},{"type":"Feature","geometry":{"type":"LineString","coordinates":[[85.774,47.7823],[87.4335,48.9677]]},"properties":{"azimuth":42.9,"regime":"Undetermined","regime_code":"U","regime_share":0.61,"agreement":0.35,"records":83,"support":34.3}},{"type":"Feature","geometry":{"type":"LineString","coordinates":[[89.5294,47.6284],[90.4706,49.1216]]},"properties":{"azimuth":22.7,"regime":"Strike-slip","regime_code":"SS","regime_share":0.44,"agreement":0.64,"records":45,"support":18.0}},{"type":"Feature","geometry":{"type":"LineString","coordinates":[[92.8151,47.6636],[93.9773,49.0864]]},"properties":{"azimuth":28.5,"regime":"Strike-slip","regime_code":"SS","regime_share":0.58,"agreement":0.66,"records":39,"support":10.7}},{"type":"Feature","geometry":{"type":"LineString","coordinates":[[96.0449,47.7358],[97.54,49.0142]]},"properties":{"azimuth":37.8,"regime":"Strike-slip","regime_code":"SS","regime_share":0.72,"agreement":0.69,"records":31,"support":9.5}},{"type":"Feature","geometry":{"type":"LineString","coordinates":[[99.2267,47.8782],[101.1506,48.8718]]},"properties":{"azimuth":52.1,"regime":"Strike-slip","regime_code":"SS","regime_share":0.67,"agreement":0.56,"records":31,"support":10.9}},{"type":"Feature","geometry":{"type":"LineString","coordinates":[[102.5434,47.9549],[104.6264,48.7951]]},"properties":{"azimuth":58.7,"regime":"Strike-slip","regime_code":"SS","regime_share":0.61,"agreement":0.57,"records":31,"support":13.0}},{"type":"Feature","geometry":{"type":"LineString","coordinates":[[105.9478,47.946],[108.0144,48.804]]},"properties":{"azimuth":58.0,"regime":"Strike-slip","regime_code":"SS","regime_share":0.71,"agreement":0.56,"records":25,"support":8.8}},{"type":"Feature","geometry":{"type":"LineString","coordinates":[[109.4852,47.8237],[111.2695,48.9263]]},"properties":{"azimuth":47.1,"regime":"Strike-slip","regime_code":"SS","regime_share":0.87,"agreement":0.51,"records":10,"support":2.8}},{"type":"Feature","geometry":{"type":"LineString","coordinates":[[112.5904,48.1815],[114.9567,48.5685]]},"properties":{"azimuth":76.2,"regime":"Strike-slip","regime_code":"SS","regime_share":0.81,"agreement":0.78,"records":10,"support":3.7}},{"type":"Feature","geometry":{"type":"LineString","coordinates":[[115.9823,48.1936],[118.3573,48.5564]]},"properties":{"azimuth":77.0,"regime":"Strike-slip","regime_code":"SS","regime_share":0.75,"agreement":0.95,"records":20,"support":9.3}},{"type":"Feature","geometry":{"type":"LineString","coordinates":[[119.3806,48.1878],[121.7515,48.5622]]},"properties":{"azimuth":76.6,"regime":"Strike-slip","regime_code":"SS","regime_share":0.56,"agreement":0.96,"records":37,"support":15.5}},{"type":"Feature","geometry":{"type":"LineString","coordinates":[[122.7583,48.2502],[125.1662,48.4998]]},"properties":{"azimuth":81.1,"regime":"Undetermined","regime_code":"U","regime_share":0.68,"agreement":0.96,"records":61,"support":29.2}},{"type":"Feature","geometry":{"type":"LineString","coordinates":[[126.1571,48.2397],[128.5599,48.5103]]},"properties":{"azimuth":80.4,"regime":"Undetermined","regime_code":"U","regime_share":0.61,"agreement":0.96,"records":63,"support":28.1}},{"type":"Feature","geometry":{"type":"LineString","coordinates":[[129.5926,48.1317],[131.9169,48.6183]]},"properties":{"azimuth":72.5,"regime":"Strike-slip","regime_code":"SS","regime_share":0.64,"agreement":0.94,"records":21,"support":16.6}},{"type":"Feature","geometry":{"type":"LineString","coordinates":[[133.0103,48.0903],[135.2916,48.6597]]},"properties":{"azimuth":69.4,"regime":"Strike-slip","regime_code":"SS","regime_share":0.67,"agreement":0.92,"records":17,"support":9.9}},{"type":"Feature","geometry":{"type":"LineString","coordinates":[[136.3416,48.2576],[138.7528,48.4924]]},"properties":{"azimuth":81.7,"regime":"Thrust faulting","regime_code":"TF","regime_share":0.85,"agreement":0.82,"records":15,"support":3.9}},{"type":"Feature","geometry":{"type":"LineString","coordinates":[[139.7273,48.3238],[142.1595,48.4262]]},"properties":{"azimuth":86.4,"regime":"Thrust faulting","regime_code":"TF","regime_share":0.96,"agreement":0.93,"records":17,"support":9.2}},{"type":"Feature","geometry":{"type":"LineString","coordinates":[[143.1231,48.3294],[145.5562,48.4206]]},"properties":{"azimuth":86.8,"regime":"Thrust faulting","regime_code":"TF","regime_share":0.93,"agreement":0.9,"records":19,"support":7.5}},{"type":"Feature","geometry":{"type":"LineString","coordinates":[[146.7262,48.8282],[148.7454,47.9218]]},"properties":{"azimuth":124.0,"regime":"Thrust faulting","regime_code":"TF","regime_share":0.95,"agreement":0.8,"records":52,"support":9.3}},{"type":"Feature","geometry":{"type":"LineString","coordinates":[[150.0989,48.8041],[152.1653,47.9459]]},"properties":{"azimuth":122.0,"regime":"Thrust faulting","regime_code":"TF","regime_share":0.79,"agreement":0.58,"records":281,"support":99.5}},{"type":"Feature","geometry":{"type":"LineString","coordinates":[[153.4499,48.7517],[155.6067,47.9983]]},"properties":{"azimuth":117.7,"regime":"Thrust faulting","regime_code":"TF","regime_share":0.71,"agreement":0.46,"records":264,"support":163.5}},{"type":"Feature","geometry":{"type":"LineString","coordinates":[[156.8253,48.7243],[159.0237,48.0257]]},"properties":{"azimuth":115.6,"regime":"Thrust faulting","regime_code":"TF","regime_share":0.68,"agreement":0.42,"records":256,"support":106.8}},{"type":"Feature","geometry":{"type":"LineString","coordinates":[[160.3072,48.8243],[162.3343,47.9257]]},"properties":{"azimuth":123.7,"regime":"Thrust faulting","regime_code":"TF","regime_share":0.79,"agreement":0.63,"records":127,"support":28.1}},{"type":"Feature","geometry":{"type":"LineString","coordinates":[[170.6873,48.9724],[172.3316,47.7776]]},"properties":{"azimuth":137.6,"regime":"Normal faulting","regime_code":"NF","regime_share":0.73,"agreement":0.82,"records":15,"support":3.5}},{"type":"Feature","geometry":{"type":"LineString","coordinates":[[174.4466,49.1248],[175.3647,47.6252]]},"properties":{"azimuth":157.9,"regime":"Thrust faulting","regime_code":"TF","regime_share":0.67,"agreement":0.65,"records":91,"support":19.6}},{"type":"Feature","geometry":{"type":"LineString","coordinates":[[177.8528,49.1274],[178.751,47.6226]]},"properties":{"azimuth":158.4,"regime":"Thrust faulting","regime_code":"TF","regime_share":0.8,"agreement":0.71,"records":210,"support":60.0}},{"type":"Feature","geometry":{"type":"LineString","coordinates":[[-133.2368,46.9135],[-132.7091,45.3365]]},"properties":{"azimuth":166.9,"regime":"Strike-slip","regime_code":"SS","regime_share":0.64,"agreement":0.76,"records":77,"support":20.0}},{"type":"Feature","geometry":{"type":"LineString","coordinates":[[-129.9595,46.9186],[-129.5,45.3314]]},"properties":{"azimuth":168.7,"regime":"Strike-slip","regime_code":"SS","regime_share":0.72,"agreement":0.78,"records":161,"support":64.8}},{"type":"Feature","geometry":{"type":"LineString","coordinates":[[-126.5246,46.934],[-126.4484,45.316]]},"properties":{"azimuth":178.1,"regime":"Strike-slip","regime_code":"SS","regime_share":0.63,"agreement":0.67,"records":286,"support":100.0}},{"type":"Feature","geometry":{"type":"LineString","coordinates":[[-123.4101,45.3239],[-123.0764,46.9261]]},"properties":{"azimuth":8.2,"regime":"Strike-slip","regime_code":"SS","regime_share":0.53,"agreement":0.64,"records":211,"support":140.7}},{"type":"Feature","geometry":{"type":"LineString","coordinates":[[-120.1507,45.3224],[-119.8493,46.9276]]},"properties":{"azimuth":7.4,"regime":"Strike-slip","regime_code":"SS","regime_share":0.49,"agreement":0.63,"records":182,"support":127.0}},{"type":"Feature","geometry":{"type":"LineString","coordinates":[[-116.7885,45.3159],[-116.725,46.9341]]},"properties":{"azimuth":1.6,"regime":"Strike-slip","regime_code":"SS","regime_share":0.4,"agreement":0.52,"records":126,"support":42.2}},{"type":"Feature","geometry":{"type":"LineString","coordinates":[[-114.4454,46.6128],[-112.5816,45.6372]]},"properties":{"azimuth":127.1,"regime":"Normal faulting","regime_code":"NF","regime_share":0.61,"agreement":0.24,"records":31,"support":13.4}},{"type":"Feature","geometry":{"type":"LineString","coordinates":[[-111.1309,46.6721],[-109.4097,45.5779]]},"properties":{"azimuth":132.5,"regime":"Normal faulting","regime_code":"NF","regime_share":0.57,"agreement":0.22,"records":21,"support":10.5}},{"type":"Feature","geometry":{"type":"LineString","coordinates":[[-107.7953,46.7346],[-106.2588,45.5154]]},"properties":{"azimuth":138.9,"regime":"Normal faulting","regime_code":"NF","regime_share":0.41,"agreement":0.25,"records":12,"support":3.5}},{"type":"Feature","geometry":{"type":"LineString","coordinates":[[-91.7775,45.6709],[-89.8441,46.5791]]},"properties":{"azimuth":55.9,"regime":"Thrust faulting","regime_code":"TF","regime_share":0.47,"agreement":0.89,"records":6,"support":2.2}},{"type":"Feature","geometry":{"type":"LineString","coordinates":[[-88.5922,45.7367],[-86.5429,46.5133]]},"properties":{"azimuth":61.3,"regime":"Thrust faulting","regime_code":"TF","regime_share":0.65,"agreement":0.97,"records":5,"support":2.4}},{"type":"Feature","geometry":{"type":"LineString","coordinates":[[-85.4527,45.9165],[-83.1959,46.3335]]},"properties":{"azimuth":75.1,"regime":"Thrust faulting","regime_code":"TF","regime_share":0.81,"agreement":0.71,"records":13,"support":4.7}},{"type":"Feature","geometry":{"type":"LineString","coordinates":[[-82.1537,45.805],[-80.0084,46.445]]},"properties":{"azimuth":66.7,"regime":"Thrust faulting","regime_code":"TF","regime_share":0.76,"agreement":0.55,"records":25,"support":11.0}},{"type":"Feature","geometry":{"type":"LineString","coordinates":[[-78.7889,45.6553],[-76.8868,46.5947]]},"properties":{"azimuth":54.5,"regime":"Thrust faulting","regime_code":"TF","regime_share":0.71,"agreement":0.53,"records":75,"support":34.8}},{"type":"Feature","geometry":{"type":"LineString","coordinates":[[-75.5517,45.6613],[-73.6375,46.5887]]},"properties":{"azimuth":55.0,"regime":"Thrust faulting","regime_code":"TF","regime_share":0.57,"agreement":0.61,"records":111,"support":74.0}},{"type":"Feature","geometry":{"type":"LineString","coordinates":[[-72.3392,45.6934],[-70.3635,46.5566]]},"properties":{"azimuth":57.8,"regime":"Thrust faulting","regime_code":"TF","regime_share":0.49,"agreement":0.63,"records":122,"support":79.2}},{"type":"Feature","geometry":{"type":"LineString","coordinates":[[-69.1352,45.7398],[-67.081,46.5102]]},"properties":{"azimuth":61.6,"regime":"Thrust faulting","regime_code":"TF","regime_share":0.52,"agreement":0.58,"records":90,"support":45.4}},{"type":"Feature","geometry":{"type":"LineString","coordinates":[[-65.8113,45.6508],[-63.9184,46.5992]]},"properties":{"azimuth":54.1,"regime":"Undetermined","regime_code":"U","regime_share":0.5,"agreement":0.59,"records":65,"support":25.4}},{"type":"Feature","geometry":{"type":"LineString","coordinates":[[-62.4488,45.5537],[-60.7944,46.6963]]},"properties":{"azimuth":45.1,"regime":"Undetermined","regime_code":"U","regime_share":0.92,"agreement":0.76,"records":63,"support":37.4}},{"type":"Feature","geometry":{"type":"LineString","coordinates":[[-59.2025,45.5515],[-57.5543,46.6985]]},"properties":{"azimuth":44.9,"regime":"Undetermined","regime_code":"U","regime_share":0.94,"agreement":0.79,"records":49,"support":36.5}},{"type":"Feature","geometry":{"type":"LineString","coordinates":[[-56.0455,45.618],[-54.2248,46.632]]},"properties":{"azimuth":51.2,"regime":"Undetermined","regime_code":"U","regime_share":0.89,"agreement":0.71,"records":28,"support":13.1}},{"type":"Feature","geometry":{"type":"LineString","coordinates":[[-53.0294,45.9418],[-50.7544,46.3082]]},"properties":{"azimuth":76.9,"regime":"Undetermined","regime_code":"U","regime_share":0.99,"agreement":0.48,"records":21,"support":14.5}},{"type":"Feature","geometry":{"type":"LineString","coordinates":[[-49.7588,45.8737],[-47.5385,46.3763]]},"properties":{"azimuth":71.9,"regime":"Undetermined","regime_code":"U","regime_share":1.0,"agreement":0.41,"records":18,"support":23.7}},{"type":"Feature","geometry":{"type":"LineString","coordinates":[[-46.4928,45.8299],[-44.318,46.4201]]},"properties":{"azimuth":68.6,"regime":"Undetermined","regime_code":"U","regime_share":1.0,"agreement":0.4,"records":17,"support":13.6}},{"type":"Feature","geometry":{"type":"LineString","coordinates":[[-32.6938,45.3361],[-32.1711,46.9139]]},"properties":{"azimuth":12.9,"regime":"Normal faulting","regime_code":"NF","regime_share":0.84,"agreement":0.64,"records":64,"support":15.2}},{"type":"Feature","geometry":{"type":"LineString","coordinates":[[-29.425,45.3323],[-28.9534,46.9177]]},"properties":{"azimuth":11.6,"regime":"Normal faulting","regime_code":"NF","regime_share":0.87,"agreement":0.76,"records":76,"support":43.7}},{"type":"Feature","geometry":{"type":"LineString","coordinates":[[-26.1684,45.3304],[-25.7235,46.9196]]},"properties":{"azimuth":11.0,"regime":"Normal faulting","regime_code":"NF","regime_share":0.89,"agreement":0.82,"records":67,"support":36.0}},{"type":"Feature","geometry":{"type":"LineString","coordinates":[[-22.8741,45.3244],[-22.5313,46.9256]]},"properties":{"azimuth":8.4,"regime":"Normal faulting","regime_code":"NF","regime_share":0.88,"agreement":0.83,"records":33,"support":7.0}},{"type":"Feature","geometry":{"type":"LineString","coordinates":[[-16.6471,46.8773],[-15.7853,45.3727]]},"properties":{"azimuth":158.3,"regime":"Thrust faulting","regime_code":"TF","regime_share":0.47,"agreement":0.58,"records":4,"support":1.5}},{"type":"Feature","geometry":{"type":"LineString","coordinates":[[-13.4808,46.8538],[-12.4651,45.3962]]},"properties":{"azimuth":154.2,"regime":"Strike-slip","regime_code":"SS","regime_share":0.47,"agreement":0.55,"records":5,"support":1.8}},{"type":"Feature","geometry":{"type":"LineString","coordinates":[[-10.3236,46.8219],[-9.1358,45.4281]]},"properties":{"azimuth":149.4,"regime":"Strike-slip","regime_code":"SS","regime_share":0.41,"agreement":0.53,"records":26,"support":5.1}},{"type":"Feature","geometry":{"type":"LineString","coordinates":[[-7.1278,46.8014],[-5.8452,45.4486]]},"properties":{"azimuth":146.7,"regime":"Normal faulting","regime_code":"NF","regime_share":0.45,"agreement":0.35,"records":33,"support":9.4}},{"type":"Feature","geometry":{"type":"LineString","coordinates":[[-4.1979,46.5911],[-2.2885,45.6589]]},"properties":{"azimuth":125.2,"regime":"Undetermined","regime_code":"U","regime_share":0.37,"agreement":0.2,"records":102,"support":33.8}},{"type":"Feature","geometry":{"type":"LineString","coordinates":[[-0.7962,46.7171],[0.7962,45.5329]]},"properties":{"azimuth":137.0,"regime":"Undetermined","regime_code":"U","regime_share":0.33,"agreement":0.35,"records":137,"support":69.1}},{"type":"Feature","geometry":{"type":"LineString","coordinates":[[2.6304,46.814],[3.8561,45.436]]},"properties":{"azimuth":148.3,"regime":"Strike-slip","regime_code":"SS","regime_share":0.42,"agreement":0.39,"records":435,"support":152.0}},{"type":"Feature","geometry":{"type":"LineString","coordinates":[[5.9699,46.8509],[7.0031,45.3991]]},"properties":{"azimuth":153.7,"regime":"Strike-slip","regime_code":"SS","regime_share":0.42,"agreement":0.4,"records":702,"support":386.1}},{"type":"Feature","geometry":{"type":"LineString","coordinates":[[9.3791,46.897],[10.0804,45.353]]},"properties":{"azimuth":162.5,"regime":"Strike-slip","regime_code":"SS","regime_share":0.35,"agreement":0.4,"records":989,"support":585.7}},{"type":"Feature","geometry":{"type":"LineString","coordinates":[[12.8081,46.9263],[13.1378,45.3237]]},"properties":{"azimuth":171.9,"regime":"Undetermined","regime_code":"U","regime_share":0.31,"agreement":0.4,"records":979,"support":482.2}},{"type":"Feature","geometry":{"type":"LineString","coordinates":[[15.9355,45.3393],[16.497,46.9107]]},"properties":{"azimuth":13.9,"regime":"Undetermined","regime_code":"U","regime_share":0.38,"agreement":0.34,"records":666,"support":269.8}},{"type":"Feature","geometry":{"type":"LineString","coordinates":[[18.6334,45.5529],[20.2855,46.6971]]},"properties":{"azimuth":45.0,"regime":"Undetermined","regime_code":"U","regime_share":0.53,"agreement":0.39,"records":355,"support":186.7}},{"type":"Feature","geometry":{"type":"LineString","coordinates":[[21.6909,45.7209],[23.7145,46.5291]]},"properties":{"azimuth":60.0,"regime":"Undetermined","regime_code":"U","regime_share":0.54,"agreement":0.34,"records":301,"support":152.1}},{"type":"Feature","geometry":{"type":"LineString","coordinates":[[24.7889,46.0156],[27.103,46.2344]]},"properties":{"azimuth":82.2,"regime":"Undetermined","regime_code":"U","regime_share":0.36,"agreement":0.25,"records":189,"support":109.8}},{"type":"Feature","geometry":{"type":"LineString","coordinates":[[28.023,46.0822],[30.3554,46.1678]]},"properties":{"azimuth":87.0,"regime":"Normal faulting","regime_code":"NF","regime_share":0.34,"agreement":0.25,"records":104,"support":52.7}},{"type":"Feature","geometry":{"type":"LineString","coordinates":[[31.2657,46.1594],[33.5992,46.0906]]},"properties":{"azimuth":92.4,"regime":"Normal faulting","regime_code":"NF","regime_share":0.33,"agreement":0.27,"records":29,"support":7.4}},{"type":"Feature","geometry":{"type":"LineString","coordinates":[[34.6276,45.7679],[36.7237,46.4821]]},"properties":{"azimuth":63.8,"regime":"Thrust faulting","regime_code":"TF","regime_share":0.77,"agreement":0.33,"records":6,"support":1.2}},{"type":"Feature","geometry":{"type":"LineString","coordinates":[[38.538,45.3599],[39.2999,46.8901]]},"properties":{"azimuth":19.0,"regime":"Thrust faulting","regime_code":"TF","regime_share":0.85,"agreement":0.51,"records":11,"support":2.3}},{"type":"Feature","geometry":{"type":"LineString","coordinates":[[42.0271,45.321],[42.2973,46.929]]},"properties":{"azimuth":6.6,"regime":"Thrust faulting","regime_code":"TF","regime_share":0.77,"agreement":0.61,"records":39,"support":7.6}},{"type":"Feature","geometry":{"type":"LineString","coordinates":[[45.1835,45.3304],[45.6273,46.9196]]},"properties":{"azimuth":11.0,"regime":"Thrust faulting","regime_code":"TF","regime_share":0.7,"agreement":0.57,"records":46,"support":8.5}},{"type":"Feature","geometry":{"type":"LineString","coordinates":[[48.2714,45.359],[49.0259,46.891]]},"properties":{"azimuth":18.8,"regime":"Thrust faulting","regime_code":"TF","regime_share":1.0,"agreement":0.81,"records":5,"support":1.5}},{"type":"Feature","geometry":{"type":"LineString","coordinates":[[68.0264,45.3176],[68.1898,46.9324]]},"properties":{"azimuth":4.0,"regime":"Strike-slip","regime_code":"SS","regime_share":0.65,"agreement":0.56,"records":4,"support":1.3}},{"type":"Feature","geometry":{"type":"LineString","coordinates":[[71.2257,45.3203],[71.477,46.9297]]},"properties":{"azimuth":6.2,"regime":"Strike-slip","regime_code":"SS","regime_share":0.6,"agreement":0.79,"records":4,"support":1.6}},{"type":"Feature","geometry":{"type":"LineString","coordinates":[[74.4532,46.9284],[74.7359,45.3216]]},"properties":{"azimuth":173.0,"regime":"Thrust faulting","regime_code":"TF","regime_share":0.65,"agreement":0.82,"records":23,"support":5.0}},{"type":"Feature","geometry":{"type":"LineString","coordinates":[[77.6202,46.9202],[78.0554,45.3298]]},"properties":{"azimuth":169.3,"regime":"Thrust faulting","regime_code":"TF","regime_share":0.64,"agreement":0.65,"records":40,"support":12.1}},{"type":"Feature","geometry":{"type":"LineString","coordinates":[[80.856,45.3308],[81.3062,46.9192]]},"properties":{"azimuth":11.1,"regime":"Undetermined","regime_code":"U","regime_share":0.6,"agreement":0.11,"records":101,"support":36.4}},{"type":"Feature","geometry":{"type":"LineString","coordinates":[[83.3331,45.697],[85.3155,46.553]]},"properties":{"azimuth":58.1,"regime":"Undetermined","regime_code":"U","regime_share":0.77,"agreement":0.2,"records":104,"support":70.1}},{"type":"Feature","geometry":{"type":"LineString","coordinates":[[86.6751,45.603],[88.4601,46.647]]},"properties":{"azimuth":49.8,"regime":"Undetermined","regime_code":"U","regime_share":0.71,"agreement":0.23,"records":97,"support":57.4}},{"type":"Feature","geometry":{"type":"LineString","coordinates":[[90.2789,45.4044],[91.3427,46.8456]]},"properties":{"azimuth":27.1,"regime":"Strike-slip","regime_code":"SS","regime_share":0.37,"agreement":0.43,"records":68,"support":20.0}},{"type":"Feature","geometry":{"type":"LineString","coordinates":[[93.4021,45.4535],[94.706,46.7965]]},"properties":{"azimuth":33.9,"regime":"Strike-slip","regime_code":"SS","regime_share":0.59,"agreement":0.68,"records":21,"support":12.8}},{"type":"Feature","geometry":{"type":"LineString","coordinates":[[96.5637,45.4953],[98.0309,46.7547]]},"properties":{"azimuth":38.9,"regime":"Strike-slip","regime_code":"SS","regime_share":0.62,"agreement":0.76,"records":20,"support":10.9}},{"type":"Feature","geometry":{"type":"LineString","coordinates":[[99.677,45.5802],[101.4041,46.6698]]},"properties":{"azimuth":47.7,"regime":"Strike-slip","regime_code":"SS","regime_share":0.75,"agreement":0.84,"records":17,"support":8.0}},{"type":"Feature","geometry":{"type":"LineString","coordinates":[[102.8556,45.6338],[104.712,46.6162]]},"properties":{"azimuth":52.6,"regime":"Strike-slip","regime_code":"SS","regime_share":0.82,"agreement":0.78,"records":13,"support":7.0}},{"type":"Feature","geometry":{"type":"LineString","coordinates":[[106.0679,45.6633],[107.9862,46.5867]]},"properties":{"azimuth":55.2,"regime":"Strike-slip","regime_code":"SS","regime_share":0.74,"agreement":0.78,"records":15,"support":4.2}},{"type":"Feature","geometry":{"type":"LineString","coordinates":[[109.2193,45.7721],[111.3212,46.4779]]},"properties":{"azimuth":64.2,"regime":"Thrust faulting","regime_code":"TF","regime_share":0.66,"agreement":0.92,"records":5,"support":1.7}},{"type":"Feature","geometry":{"type":"LineString","coordinates":[[112.3771,45.9387],[114.65,46.3113]]},"properties":{"azimuth":76.7,"regime":"Strike-slip","regime_code":"SS","regime_share":0.68,"agreement":0.94,"records":11,"support":5.1}},{"type":"Feature","geometry":{"type":"LineString","coordinates":[[115.6048,45.9921],[117.9087,46.2579]]},"properties":{"azimuth":80.5,"regime":"Strike-slip","regime_code":"SS","regime_share":0.73,"agreement":0.96,"records":16,"support":10.6}},{"type":"Feature","geometry":{"type":"LineString","coordinates":[[118.8418,46.0212],[121.1582,46.2288]]},"properties":{"azimuth":82.6,"regime":"Undetermined","regime_code":"U","regime_share":0.42,"agreement":0.91,"records":69,"support":20.7}},{"type":"Feature","geometry":{"type":"LineString","coordinates":[[122.0818,46.0409],[124.4047,46.2091]]},"properties":{"azimuth":84.0,"regime":"Undetermined","regime_code":"U","regime_share":0.76,"agreement":0.95,"records":66,"support":41.6}},{"type":"Feature","geometry":{"type":"LineString","coordinates":[[125.3248,46.0423],[127.6482,46.2077]]},"properties":{"azimuth":84.1,"regime":"Undetermined","regime_code":"U","regime_share":0.83,"agreement":0.98,"records":60,"support":43.3}},{"type":"Feature","geometry":{"type":"LineString","coordinates":[[128.577,45.9954],[130.8825,46.2546]]},"properties":{"azimuth":80.8,"regime":"Undetermined","regime_code":"U","regime_share":0.63,"agreement":0.95,"records":58,"support":19.9}},{"type":"Feature","geometry":{"type":"LineString","coordinates":[[131.8678,45.8635],[134.0782,46.3865]]},"properties":{"azimuth":71.2,"regime":"Strike-slip","regime_code":"SS","regime_share":0.7,"agreement":0.93,"records":15,"support":5.9}},{"type":"Feature","geometry":{"type":"LineString","coordinates":[[135.0638,45.994],[137.3686,46.256]]},"properties":{"azimuth":80.7,"regime":"Thrust faulting","regime_code":"TF","regime_share":0.89,"agreement":0.55,"records":15,"support":3.2}},{"type":"Feature","geometry":{"type":"LineString","coordinates":[[138.2917,46.1344],[140.6272,46.1156]]},"properties":{"azimuth":90.7,"regime":"Thrust faulting","regime_code":"TF","regime_share":0.89,"agreement":0.74,"records":27,"support":13.9}},{"type":"Feature","geometry":{"type":"LineString","coordinates":[[141.5397,46.1982],[143.8657,46.0518]]},"properties":{"azimuth":95.2,"regime":"Thrust faulting","regime_code":"TF","regime_share":0.89,"agreement":0.73,"records":47,"support":19.5}},{"type":"Feature","geometry":{"type":"LineString","coordinates":[[144.9395,46.5356],[146.9523,45.7144]]},"properties":{"azimuth":120.5,"regime":"Thrust faulting","regime_code":"TF","regime_share":0.89,"agreement":0.81,"records":141,"support":40.6}},{"type":"Feature","geometry":{"type":"LineString","coordinates":[[148.225,46.5816],[150.1534,45.6684]]},"properties":{"azimuth":124.3,"regime":"Thrust faulting","regime_code":"TF","regime_share":0.86,"agreement":0.75,"records":250,"support":109.7}},{"type":"Feature","geometry":{"type":"LineString","coordinates":[[151.4305,46.5408],[153.4343,45.7092]]},"properties":{"azimuth":120.9,"regime":"Thrust faulting","regime_code":"TF","regime_share":0.75,"agreement":0.54,"records":305,"support":200.0}},{"type":"Feature","geometry":{"type":"LineString","coordinates":[[154.6014,46.4424],[156.75,45.8076]]},"properties":{"azimuth":113.1,"regime":"Thrust faulting","regime_code":"TF","regime_share":0.64,"agreement":0.37,"records":272,"support":168.4}},{"type":"Feature","geometry":{"type":"LineString","coordinates":[[157.7624,46.2373],[160.0754,46.0127]]},"properties":{"azimuth":98.0,"regime":"Thrust faulting","regime_code":"TF","regime_share":0.53,"agreement":0.27,"records":207,"support":56.1}},{"type":"Feature","geometry":{"type":"LineString","coordinates":[[-135.0497,44.6193],[-134.1677,43.1307]]},"properties":{"azimuth":156.9,"regime":"Strike-slip","regime_code":"SS","regime_share":0.61,"agreement":0.81,"records":40,"support":7.9}},{"type":"Feature","geometry":{"type":"LineString","coordinates":[[-131.7971,44.6511],[-131.1594,43.0989]]},"properties":{"azimuth":163.5,"regime":"Strike-slip","regime_code":"SS","regime_share":0.6,"agreement":0.84,"records":110,"support":53.8}},{"type":"Feature","geometry":{"type":"LineString","coordinates":[[-128.625,44.6593],[-128.0707,43.0907]]},"properties":{"azimuth":165.7,"regime":"Strike-slip","regime_code":"SS","regime_share":0.64,"agreement":0.83,"records":156,"support":105.8}},{"type":"Feature","geometry":{"type":"LineString","coordinates":[[-125.3556,44.6782],[-125.0791,43.0718]]},"properties":{"azimuth":172.9,"regime":"Strike-slip","regime_code":"SS","regime_share":0.65,"agreement":0.72,"records":254,"support":104.6}},{"type":"Feature","geometry":{"type":"LineString","coordinates":[[-122.2205,43.0714],[-121.9534,44.6786]]},"properties":{"azimuth":6.8,"regime":"Strike-slip","regime_code":"SS","regime_share":0.54,"agreement":0.69,"records":241,"support":80.2}},{"type":"Feature","geometry":{"type":"LineString","coordinates":[[-119.0924,43.0716],[-118.8206,44.6784]]},"properties":{"azimuth":7.0,"regime":"Strike-slip","regime_code":"SS","regime_share":0.4,"agreement":0.68,"records":143,"support":43.6}},{"type":"Feature","geometry":{"type":"LineString","coordinates":[[-116.061,44.6665],[-115.5911,43.0835]]},"properties":{"azimuth":167.9,"regime":"Normal faulting","regime_code":"NF","regime_share":0.7,"agreement":0.46,"records":51,"support":17.3}},{"type":"Feature","geometry":{"type":"LineString","coordinates":[[-113.1045,44.6288],[-112.2868,43.1212]]},"properties":{"azimuth":158.6,"regime":"Normal faulting","regime_code":"NF","regime_share":0.79,"agreement":0.46,"records":39,"support":24.3}},{"type":"Feature","geometry":{"type":"LineString","coordinates":[[-109.973,44.6291],[-109.1574,43.1209]]},"properties":{"azimuth":158.7,"regime":"Normal faulting","regime_code":"NF","regime_share":0.71,"agreement":0.51,"records":37,"support":19.1}},{"type":"Feature","geometry":{"type":"LineString","coordinates":[[-106.9688,44.587],[-105.9007,43.163]]},"properties":{"azimuth":151.6,"regime":"Normal faulting","regime_code":"NF","regime_share":0.42,"agreement":0.75,"records":12,"support":5.3}},{"type":"Feature","geometry":{"type":"LineString","coordinates":[[-103.9185,44.5526],[-102.6901,43.1974]]},"properties":{"azimuth":146.8,"regime":"Undetermined","regime_code":"U","regime_share":0.58,"agreement":0.83,"records":3,"support":1.2}},{"type":"Feature","geometry":{"type":"LineString","coordinates":[[-94.6901,43.2907],[-93.136,44.4593]]},"properties":{"azimuth":43.8,"regime":"Strike-slip","regime_code":"SS","regime_share":0.63,"agreement":0.78,"records":6,"support":1.9}},{"type":"Feature","geometry":{"type":"LineString","coordinates":[[-91.6971,43.4054],[-89.8681,44.3446]]},"properties":{"azimuth":54.5,"regime":"Strike-slip","regime_code":"SS","regime_share":0.44,"agreement":0.96,"records":7,"support":5.9}},{"type":"Feature","geometry":{"type":"LineString","coordinates":[[-88.573,43.4119],[-86.7313,44.3381]]},"properties":{"azimuth":55.1,"regime":"Thrust faulting","regime_code":"TF","regime_share":0.46,"agreement":0.96,"records":7,"support":6.5}},{"type":"Feature","geometry":{"type":"LineString","coordinates":[[-85.5337,43.5243],[-83.5098,44.2257]]},"properties":{"azimuth":64.3,"regime":"Thrust faulting","regime_code":"TF","regime_share":0.5,"agreement":0.91,"records":21,"support":6.2}},{"type":"Feature","geometry":{"type":"LineString","coordinates":[[-82.4235,43.5565],[-80.3591,44.1935]]},"properties":{"azimuth":66.8,"regime":"Undetermined","regime_code":"U","regime_share":0.41,"agreement":0.87,"records":30,"support":13.2}},{"type":"Feature","geometry":{"type":"LineString","coordinates":[[-79.2793,43.5341],[-77.2425,44.2159]]},"properties":{"azimuth":65.1,"regime":"Thrust faulting","regime_code":"TF","regime_share":0.54,"agreement":0.69,"records":75,"support":31.5}},{"type":"Feature","geometry":{"type":"LineString","coordinates":[[-76.1132,43.4835],[-74.1477,44.2665]]},"properties":{"azimuth":61.1,"regime":"Thrust faulting","regime_code":"TF","regime_share":0.58,"agreement":0.61,"records":116,"support":61.6}},{"type":"Feature","geometry":{"type":"LineString","coordinates":[[-72.9773,43.4766],[-71.0227,44.2734]]},"properties":{"azimuth":60.5,"regime":"Thrust faulting","regime_code":"TF","regime_share":0.57,"agreement":0.56,"records":115,"support":63.8}},{"type":"Feature","geometry":{"type":"LineString","coordinates":[[-69.8764,43.5168],[-67.8627,44.2332]]},"properties":{"azimuth":63.7,"regime":"Thrust faulting","regime_code":"TF","regime_share":0.52,"agreement":0.47,"records":93,"support":37.0}},{"type":"Feature","geometry":{"type":"LineString","coordinates":[[-66.5966,43.3524],[-64.8817,44.3976]]},"properties":{"azimuth":49.8,"regime":"Undetermined","regime_code":"U","regime_share":0.7,"agreement":0.49,"records":47,"support":20.1}},{"type":"Feature","geometry":{"type":"LineString","coordinates":[[-63.376,43.2841],[-61.8414,44.4659]]},"properties":{"azimuth":43.1,"regime":"Undetermined","regime_code":"U","regime_share":0.96,"agreement":0.78,"records":57,"support":41.1}},{"type":"Feature","geometry":{"type":"LineString","coordinates":[[-60.2552,43.2907],[-58.7013,44.4593]]},"properties":{"azimuth":43.8,"regime":"Undetermined","regime_code":"U","regime_share":0.96,"agreement":0.81,"records":52,"support":55.6}},{"type":"Feature","geometry":{"type":"LineString","coordinates":[[-57.1483,43.3074],[-55.5473,44.4426]]},"properties":{"azimuth":45.5,"regime":"Undetermined","regime_code":"U","regime_share":0.92,"agreement":0.8,"records":44,"support":29.7}},{"type":"Feature","geometry":{"type":"LineString","coordinates":[[-54.1951,43.477],[-52.2397,44.273]]},"properties":{"azimuth":60.5,"regime":"Undetermined","regime_code":"U","regime_share":0.84,"agreement":0.66,"records":12,"support":5.0}},{"type":"Feature","geometry":{"type":"LineString","coordinates":[[-51.1803,43.6907],[-48.9936,44.0593]]},"properties":{"azimuth":76.8,"regime":"Undetermined","regime_code":"U","regime_share":1.0,"agreement":0.42,"records":17,"support":7.9}},{"type":"Feature","geometry":{"type":"LineString","coordinates":[[-48.0103,43.5956],[-45.9027,44.1544]]},"properties":{"azimuth":69.8,"regime":"Undetermined","regime_code":"U","regime_share":1.0,"agreement":0.35,"records":16,"support":7.5}},{"type":"Feature","geometry":{"type":"LineString","coordinates":[[-35.5563,43.8363],[-33.3132,43.9137]]},"properties":{"azimuth":87.3,"regime":"Normal faulting","regime_code":"NF","regime_share":0.71,"agreement":0.35,"records":16,"support":3.8}},{"type":"Feature","geometry":{"type":"LineString","coordinates":[[-31.6261,43.0996],[-30.9826,44.6504]]},"properties":{"azimuth":16.7,"regime":"Normal faulting","regime_code":"NF","regime_share":0.87,"agreement":0.6,"records":84,"support":37.7}},{"type":"Feature","geometry":{"type":"LineString","coordinates":[[-28.464,43.0931],[-27.8838,44.6569]]},"properties":{"azimuth":15.0,"regime":"Normal faulting","regime_code":"NF","regime_share":0.89,"agreement":0.74,"records":94,"support":55.8}},{"type":"Feature","geometry":{"type":"LineString","coordinates":[[-25.3108,43.0889],[-24.7762,44.6611]]},"properties":{"azimuth":13.8,"regime":"Normal faulting","regime_code":"NF","regime_share":0.91,"agreement":0.85,"records":69,"support":23.9}},{"type":"Feature","geometry":{"type":"LineString","coordinates":[[-19.2527,44.61],[-18.3126,43.14]]},"properties":{"azimuth":155.3,"regime":"Thrust faulting","regime_code":"TF","regime_share":0.5,"agreement":0.57,"records":4,"support":1.1}},{"type":"Feature","geometry":{"type":"LineString","coordinates":[[-16.079,44.6236],[-15.2253,43.1264]]},"properties":{"azimuth":157.7,"regime":"Thrust faulting","regime_code":"TF","regime_share":0.48,"agreement":0.48,"records":5,"support":3.7}},{"type":"Feature","geometry":{"type":"LineString","coordinates":[[-13.0579,44.5861],[-11.9855,43.1639]]},"properties":{"azimuth":151.5,"regime":"Strike-slip","regime_code":"SS","regime_share":0.37,"agreement":0.5,"records":33,"support":9.3}},{"type":"Feature","geometry":{"type":"LineString","coordinates":[[-9.9593,44.5732],[-8.8233,43.1768]]},"properties":{"azimuth":149.6,"regime":"Strike-slip","regime_code":"SS","regime_share":0.37,"agreement":0.59,"records":43,"support":22.7}},{"type":"Feature","geometry":{"type":"LineString","coordinates":[[-6.795,44.5869],[-5.7268,43.1631]]},"properties":{"azimuth":151.6,"regime":"Strike-slip","regime_code":"SS","regime_share":0.3,"agreement":0.37,"records":59,"support":29.9}},{"type":"Feature","geometry":{"type":"LineString","coordinates":[[-4.1505,44.2132],[-2.1103,43.5368]]},"properties":{"azimuth":114.7,"regime":"Undetermined","regime_code":"U","regime_share":0.45,"agreement":0.14,"records":146,"support":71.6}},{"type":"Feature","geometry":{"type":"LineString","coordinates":[[-0.8837,44.3743],[0.8837,43.3757]]},"properties":{"azimuth":128.1,"regime":"Undetermined","regime_code":"U","regime_share":0.43,"agreement":0.14,"records":174,"support":120.8}},{"type":"Feature","geometry":{"type":"LineString","coordinates":[[2.7644,44.6402],[3.4965,43.1098]]},"properties":{"azimuth":161.0,"regime":"Normal faulting","regime_code":"NF","regime_share":0.3,"agreement":0.16,"records":348,"support":151.4}},{"type":"Feature","geometry":{"type":"LineString","coordinates":[[5.9034,44.6423],[6.6184,43.1077]]},"properties":{"azimuth":161.4,"regime":"Strike-slip","regime_code":"SS","regime_share":0.35,"agreement":0.22,"records":584,"support":273.5}},{"type":"Feature","geometry":{"type":"LineString","coordinates":[[8.9634,44.6233],[9.8192,43.1267]]},"properties":{"azimuth":157.6,"regime":"Normal faulting","regime_code":"NF","regime_share":0.31,"agreement":0.25,"records":910,"support":480.4}},{"type":"Feature","geometry":{"type":"LineString","coordinates":[[12.0677,44.6152],[12.9758,43.1348]]},"properties":{"azimuth":156.1,"regime":"Normal faulting","regime_code":"NF","regime_share":0.32,"agreement":0.26,"records":867,"support":516.5}},{"type":"Feature","geometry":{"type":"LineString","coordinates":[[15.3289,44.6501],[15.9754,43.0999]]},"properties":{"azimuth":163.3,"regime":"Normal faulting","regime_code":"NF","regime_share":0.28,"agreement":0.19,"records":834,"support":364.1}},{"type":"Feature","geometry":{"type":"LineString","coordinates":[[18.0291,43.275],[19.5362,44.475]]},"properties":{"azimuth":42.2,"regime":"Thrust faulting","regime_code":"TF","regime_share":0.31,"agreement":0.36,"records":507,"support":200.0}},{"type":"Feature","geometry":{"type":"LineString","coordinates":[[20.9487,43.4604],[22.8774,44.2896]]},"properties":{"azimuth":59.2,"regime":"Normal faulting","regime_code":"NF","regime_share":0.34,"agreement":0.39,"records":432,"support":171.8}},{"type":"Feature","geometry":{"type":"LineString","coordinates":[[23.9217,43.8397],[26.1652,43.9103]]},"properties":{"azimuth":87.5,"regime":"Normal faulting","regime_code":"NF","regime_share":0.44,"agreement":0.37,"records":327,"support":147.7}},{"type":"Feature","geometry":{"type":"LineString","coordinates":[[27.0842,44.0702],[29.2636,43.6798]]},"properties":{"azimuth":104.0,"regime":"Normal faulting","regime_code":"NF","regime_share":0.35,"agreement":0.34,"records":301,"support":109.2}},{"type":"Feature","geometry":{"type":"LineString","coordinates":[[30.3612,44.3142],[32.2475,43.4358]]},"properties":{"azimuth":122.9,"regime":"Strike-slip","regime_code":"SS","regime_share":0.49,"agreement":0.39,"records":208,"support":52.6}},{"type":"Feature","geometry":{"type":"LineString","coordinates":[[33.6989,44.4863],[35.1707,43.2637]]},"properties":{"azimuth":139.0,"regime":"Strike-slip","regime_code":"SS","regime_share":0.51,"agreement":0.56,"records":120,"support":33.0}},{"type":"Feature","geometry":{"type":"LineString","coordinates":[[36.9469,44.5506],[38.1836,43.1994]]},"properties":{"azimuth":146.6,"regime":"Strike-slip","regime_code":"SS","regime_share":0.4,"agreement":0.41,"records":73,"support":16.8}},{"type":"Feature","geometry":{"type":"LineString","coordinates":[[40.5506,43.0724],[40.8407,44.6776]]},"properties":{"azimuth":7.4,"regime":"Thrust faulting","regime_code":"TF","regime_share":0.59,"agreement":0.51,"records":105,"support":37.1}},{"type":"Feature","geometry":{"type":"LineString","coordinates":[[43.6627,43.0742],[43.9894,44.6758]]},"properties":{"azimuth":8.4,"regime":"Thrust faulting","regime_code":"TF","regime_share":0.56,"agreement":0.52,"records":130,"support":69.7}},{"type":"Feature","geometry":{"type":"LineString","coordinates":[[46.7134,43.0848],[47.1996,44.6652]]},"properties":{"azimuth":12.5,"regime":"Thrust faulting","regime_code":"TF","regime_share":0.56,"agreement":0.45,"records":139,"support":53.0}},{"type":"Feature","geometry":{"type":"LineString","coordinates":[[49.3357,43.2735],[50.8382,44.4765]]},"properties":{"azimuth":42.0,"regime":"Thrust faulting","regime_code":"TF","regime_share":0.44,"agreement":0.14,"records":82,"support":19.1}},{"type":"Feature","geometry":{"type":"LineString","coordinates":[[52.0955,43.8427],[54.3393,43.9073]]},"properties":{"azimuth":87.7,"regime":"Normal faulting","regime_code":"NF","regime_share":0.42,"agreement":0.5,"records":10,"support":1.9}},{"type":"Feature","geometry":{"type":"LineString","coordinates":[[62.0587,44.5806],[63.1587,43.1694]]},"properties":{"azimuth":150.7,"regime":"Thrust faulting","regime_code":"TF","regime_share":0.59,"agreement":0.33,"records":24,"support":5.4}},{"type":"Feature","geometry":{"type":"LineString","coordinates":[[65.1015,44.5412],[66.3767,43.2088]]},"properties":{"azimuth":145.4,"regime":"Thrust faulting","regime_code":"TF","regime_share":0.47,"agreement":0.39,"records":29,"support":6.2}},{"type":"Feature","geometry":{"type":"LineString","coordinates":[[68.4325,44.6206],[69.3066,43.1294]]},"properties":{"azimuth":157.1,"regime":"Thrust faulting","regime_code":"TF","regime_share":0.74,"agreement":0.6,"records":43,"support":12.6}},{"type":"Feature","geometry":{"type":"LineString","coordinates":[[71.6864,44.6522],[72.3136,43.0978]]},"properties":{"azimuth":163.8,"regime":"Thrust faulting","regime_code":"TF","regime_share":0.84,"agreement":0.6,"records":69,"support":23.5}},{"type":"Feature","geometry":{"type":"LineString","coordinates":[[74.994,44.6784],[75.2669,43.0716]]},"properties":{"azimuth":173.0,"regime":"Thrust faulting","regime_code":"TF","regime_share":0.82,"agreement":0.6,"records":88,"support":30.7}},{"type":"Feature","geometry":{"type":"LineString","coordinates":[[78.0888,44.6748],[78.4329,43.0752]]},"properties":{"azimuth":171.2,"regime":"Thrust faulting","regime_code":"TF","regime_share":0.72,"agreement":0.64,"records":84,"support":40.5}},{"type":"Feature","geometry":{"type":"LineString","coordinates":[[81.2155,44.6744],[81.5672,43.0756]]},"properties":{"azimuth":171.0,"regime":"Thrust faulting","regime_code":"TF","regime_share":0.41,"agreement":0.33,"records":141,"support":58.5}},{"type":"Feature","geometry":{"type":"LineString","coordinates":[[84.4052,43.07],[84.6383,44.68]]},"properties":{"azimuth":6.0,"regime":"Undetermined","regime_code":"U","regime_share":0.58,"agreement":0.13,"records":121,"support":76.6}},{"type":"Feature","geometry":{"type":"LineString","coordinates":[[87.507,43.0724],[87.7973,44.6776]]},"properties":{"azimuth":7.4,"regime":"Undetermined","regime_code":"U","regime_share":0.52,"agreement":0.2,"records":107,"support":57.3}},{"type":"Feature","geometry":{"type":"LineString","coordinates":[[90.7343,43.0664],[90.831,44.6836]]},"properties":{"azimuth":2.5,"regime":"Thrust faulting","regime_code":"TF","regime_share":0.52,"agreement":0.58,"records":38,"support":17.1}},{"type":"Feature","geometry":{"type":"LineString","coordinates":[[93.2665,43.2133],[94.5596,44.5367]]},"properties":{"azimuth":35.2,"regime":"Strike-slip","regime_code":"SS","regime_share":0.51,"agreement":0.66,"records":31,"support":14.0}},{"type":"Feature","geometry":{"type":"LineString","coordinates":[[96.3998,43.2118],[97.6872,44.5382]]},"properties":{"azimuth":35.0,"regime":"Strike-slip","regime_code":"SS","regime_share":0.56,"agreement":0.71,"records":33,"support":15.0}},{"type":"Feature","geometry":{"type":"LineString","coordinates":[[99.4357,43.2652],[100.9122,44.4848]]},"properties":{"azimuth":41.1,"regime":"Strike-slip","regime_code":"SS","regime_share":0.68,"agreement":0.78,"records":24,"support":8.4}},{"type":"Feature","geometry":{"type":"LineString","coordinates":[[102.4194,43.3768],[104.1893,44.3732]]},"properties":{"azimuth":52.0,"regime":"Strike-slip","regime_code":"SS","regime_share":0.76,"agreement":0.93,"records":12,"support":6.5}},{"type":"Feature","geometry":{"type":"LineString","coordinates":[[105.5421,43.3841],[107.3275,44.3659]]},"properties":{"azimuth":52.7,"regime":"Strike-slip","regime_code":"SS","regime_share":0.65,"agreement":0.65,"records":31,"support":9.7}},{"type":"Feature","geometry":{"type":"LineString","coordinates":[[108.5442,43.5382],[110.5862,44.2118]]},"properties":{"azimuth":65.4,"regime":"Thrust faulting","regime_code":"TF","regime_share":0.51,"agreement":0.6,"records":15,"support":5.1}},{"type":"Feature","geometry":{"type":"LineString","coordinates":[[111.6471,43.5855],[113.7442,44.1645]]},"properties":{"azimuth":69.0,"regime":"Strike-slip","regime_code":"SS","regime_share":0.51,"agreement":0.87,"records":24,"support":7.6}},{"type":"Feature","geometry":{"type":"LineString","coordinates":[[114.7371,43.6779],[116.9151,44.0721]]},"properties":{"azimuth":75.9,"regime":"Strike-slip","regime_code":"SS","regime_share":0.61,"agreement":0.86,"records":38,"support":13.6}},{"type":"Feature","geometry":{"type":"LineString","coordinates":[[117.8342,43.8519],[120.0789,43.8981]]},"properties":{"azimuth":88.4,"regime":"Undetermined","regime_code":"U","regime_share":0.58,"agreement":0.78,"records":86,"support":23.3}},{"type":"Feature","geometry":{"type":"LineString","coordinates":[[120.9644,43.8585],[123.2095,43.8915]]},"properties":{"azimuth":88.8,"regime":"Undetermined","regime_code":"U","regime_share":0.81,"agreement":0.8,"records":127,"support":56.7}},{"type":"Feature","geometry":{"type":"LineString","coordinates":[[124.0957,43.8394],[126.3391,43.9106]]},"properties":{"azimuth":87.5,"regime":"Undetermined","regime_code":"U","regime_share":0.84,"agreement":0.86,"records":124,"support":56.6}},{"type":"Feature","geometry":{"type":"LineString","coordinates":[[127.2298,43.8004],[129.4659,43.9496]]},"properties":{"azimuth":84.7,"regime":"Undetermined","regime_code":"U","regime_share":0.8,"agreement":0.98,"records":51,"support":15.7}},{"type":"Feature","geometry":{"type":"LineString","coordinates":[[133.4859,43.8844],[135.7314,43.8656]]},"properties":{"azimuth":90.7,"regime":"Thrust faulting","regime_code":"TF","regime_share":0.86,"agreement":0.63,"records":14,"support":4.7}},{"type":"Feature","geometry":{"type":"LineString","coordinates":[[136.6166,43.894],[138.8616,43.856]]},"properties":{"azimuth":91.3,"regime":"Thrust faulting","regime_code":"TF","regime_share":0.81,"agreement":0.69,"records":41,"support":25.8}},{"type":"Feature","geometry":{"type":"LineString","coordinates":[[139.7646,44.0187],[141.9746,43.7313]]},"properties":{"azimuth":100.2,"regime":"Thrust faulting","regime_code":"TF","regime_share":0.83,"agreement":0.6,"records":172,"support":71.5}},{"type":"Feature","geometry":{"type":"LineString","coordinates":[[142.9701,44.1974],[145.0299,43.5526]]},"properties":{"azimuth":113.5,"regime":"Thrust faulting","regime_code":"TF","regime_share":0.84,"agreement":0.66,"records":243,"support":106.0}},{"type":"Feature","geometry":{"type":"LineString","coordinates":[[146.1838,44.3102],[148.0771,43.4398]]},"properties":{"azimuth":122.5,"regime":"Thrust faulting","regime_code":"TF","regime_share":0.85,"agreement":0.79,"records":201,"support":102.3}},{"type":"Feature","geometry":{"type":"LineString","coordinates":[[149.3229,44.3199],[151.1989,43.4301]]},"properties":{"azimuth":123.3,"regime":"Thrust faulting","regime_code":"TF","regime_share":0.83,"agreement":0.72,"records":235,"support":119.2}},{"type":"Feature","geometry":{"type":"LineString","coordinates":[[152.4142,44.2738],[154.3684,43.4762]]},"properties":{"azimuth":119.5,"regime":"Thrust faulting","regime_code":"TF","regime_share":0.72,"agreement":0.51,"records":266,"support":112.1}},{"type":"Feature","geometry":{"type":"LineString","coordinates":[[155.4285,44.0596],[157.615,43.6904]]},"properties":{"azimuth":103.2,"regime":"Thrust faulting","regime_code":"TF","regime_share":0.55,"agreement":0.3,"records":192,"support":50.0}},{"type":"Feature","geometry":{"type":"LineString","coordinates":[[-133.9219,42.3704],[-133.0781,40.8796]]},"properties":{"azimuth":157.1,"regime":"Strike-slip","regime_code":"SS","regime_share":0.56,"agreement":0.54,"records":26,"support":4.9}},{"type":"Feature","geometry":{"type":"LineString","coordinates":[[-130.7678,42.4092],[-130.2322,40.8408]]},"properties":{"azimuth":165.7,"regime":"Strike-slip","regime_code":"SS","regime_share":0.62,"agreement":0.8,"records":137,"support":49.0}},{"type":"Feature","geometry":{"type":"LineString","coordinates":[[-127.7572,42.4112],[-127.2428,40.8388]]},"properties":{"azimuth":166.3,"regime":"Strike-slip","regime_code":"SS","regime_share":0.69,"agreement":0.78,"records":170,"support":98.8}},{"type":"Feature","geometry":{"type":"LineString","coordinates":[[-124.6288,42.4286],[-124.3712,40.8214]]},"properties":{"azimuth":173.2,"regime":"Strike-slip","regime_code":"SS","regime_share":0.63,"agreement":0.63,"records":201,"support":101.7}},{"type":"Feature","geometry":{"type":"LineString","coordinates":[[-121.6284,40.8213],[-121.3716,42.4287]]},"properties":{"azimuth":6.8,"regime":"Strike-slip","regime_code":"SS","regime_share":0.42,"agreement":0.58,"records":169,"support":67.2}},{"type":"Feature","geometry":{"type":"LineString","coordinates":[[-118.6662,40.8252],[-118.3338,42.4248]]},"properties":{"azimuth":8.8,"regime":"Normal faulting","regime_code":"NF","regime_share":0.63,"agreement":0.7,"records":60,"support":27.3}},{"type":"Feature","geometry":{"type":"LineString","coordinates":[[-115.5866,40.8182],[-115.4134,42.4318]]},"properties":{"azimuth":4.6,"regime":"Normal faulting","regime_code":"NF","regime_share":0.85,"agreement":0.63,"records":58,"support":23.1}},{"type":"Feature","geometry":{"type":"LineString","coordinates":[[-112.6618,42.4253],[-112.3382,40.8247]]},"properties":{"azimuth":171.4,"regime":"Normal faulting","regime_code":"NF","regime_share":0.83,"agreement":0.59,"records":56,"support":35.8}},{"type":"Feature","geometry":{"type":"LineString","coordinates":[[-109.8257,42.3969],[-109.1743,40.8531]]},"properties":{"azimuth":162.5,"regime":"Normal faulting","regime_code":"NF","regime_share":0.74,"agreement":0.55,"records":52,"support":30.9}},{"type":"Feature","geometry":{"type":"LineString","coordinates":[[-107.1359,42.2801],[-105.8641,40.9699]]},"properties":{"azimuth":144.0,"regime":"Normal faulting","regime_code":"NF","regime_share":0.48,"agreement":0.57,"records":23,"support":11.2}},{"type":"Feature","geometry":{"type":"LineString","coordinates":[[-104.024,42.3333],[-102.976,40.9167]]},"properties":{"azimuth":151.1,"regime":"Undetermined","regime_code":"U","regime_share":0.62,"agreement":0.69,"records":7,"support":3.1}},{"type":"Feature","geometry":{"type":"LineString","coordinates":[[-92.3863,41.1601],[-90.6137,42.0899]]},"properties":{"azimuth":54.9,"regime":"Strike-slip","regime_code":"SS","regime_share":0.44,"agreement":0.91,"records":15,"support":6.2}},{"type":"Feature","geometry":{"type":"LineString","coordinates":[[-89.4857,41.29],[-87.5143,41.96]]},"properties":{"azimuth":65.5,"regime":"Strike-slip","regime_code":"SS","regime_share":0.43,"agreement":0.79,"records":29,"support":13.2}},{"type":"Feature","geometry":{"type":"LineString","coordinates":[[-86.4923,41.301],[-84.5077,41.949]]},"properties":{"azimuth":66.4,"regime":"Strike-slip","regime_code":"SS","regime_share":0.41,"agreement":0.87,"records":37,"support":10.6}},{"type":"Feature","geometry":{"type":"LineString","coordinates":[[-83.4776,41.2771],[-81.5224,41.9729]]},"properties":{"azimuth":64.5,"regime":"Undetermined","regime_code":"U","regime_share":0.5,"agreement":0.9,"records":35,"support":17.8}},{"type":"Feature","geometry":{"type":"LineString","coordinates":[[-80.4835,41.2864],[-78.5165,41.9636]]},"properties":{"azimuth":65.3,"regime":"Undetermined","regime_code":"U","regime_share":0.55,"agreement":0.84,"records":45,"support":27.4}},{"type":"Feature","geometry":{"type":"LineString","coordinates":[[-77.4803,41.2812],[-75.5197,41.9688]]},"properties":{"azimuth":64.9,"regime":"Undetermined","regime_code":"U","regime_share":0.55,"agreement":0.76,"records":74,"support":34.0}},{"type":"Feature","geometry":{"type":"LineString","coordinates":[[-74.4842,41.2876],[-72.5158,41.9624]]},"properties":{"azimuth":65.4,"regime":"Undetermined","regime_code":"U","regime_share":0.47,"agreement":0.66,"records":76,"support":38.0}},{"type":"Feature","geometry":{"type":"LineString","coordinates":[[-71.5498,41.4267],[-69.4502,41.8233]]},"properties":{"azimuth":75.8,"regime":"Thrust faulting","regime_code":"TF","regime_share":0.48,"agreement":0.57,"records":59,"support":29.6}},{"type":"Feature","geometry":{"type":"LineString","coordinates":[[-68.5792,41.5588],[-66.4208,41.6912]]},"properties":{"azimuth":85.3,"regime":"Undetermined","regime_code":"U","regime_share":0.7,"agreement":0.6,"records":34,"support":19.1}},{"type":"Feature","geometry":{"type":"LineString","coordinates":[[-65.4447,41.2295],[-63.5553,42.0205]]},"properties":{"azimuth":60.7,"regime":"Undetermined","regime_code":"U","regime_share":0.98,"agreement":0.54,"records":32,"support":16.2}},{"type":"Feature","geometry":{"type":"LineString","coordinates":[[-62.2619,41.0499],[-60.7381,42.2001]]},"properties":{"azimuth":44.7,"regime":"Undetermined","regime_code":"U","regime_share":0.99,"agreement":0.77,"records":40,"support":25.3}},{"type":"Feature","geometry":{"type":"LineString","coordinates":[[-59.2512,41.0421],[-57.7488,42.2079]]},"properties":{"azimuth":43.9,"regime":"Undetermined","regime_code":"U","regime_share":0.96,"agreement":0.81,"records":43,"support":23.7}},{"type":"Feature","geometry":{"type":"LineString","coordinates":[[-56.2922,41.0732],[-54.7078,42.1768]]},"properties":{"azimuth":47.0,"regime":"Undetermined","regime_code":"U","regime_share":0.88,"agreement":0.85,"records":25,"support":6.5}},{"type":"Feature","geometry":{"type":"LineString","coordinates":[[-34.7534,40.8381],[-34.2466,42.4119]]},"properties":{"azimuth":13.5,"regime":"Normal faulting","regime_code":"NF","regime_share":0.86,"agreement":0.34,"records":42,"support":7.7}},{"type":"Feature","geometry":{"type":"LineString","coordinates":[[-31.8117,40.8499],[-31.1883,42.4001]]},"properties":{"azimuth":16.7,"regime":"Normal faulting","regime_code":"NF","regime_share":0.87,"agreement":0.53,"records":92,"support":45.0}},{"type":"Feature","geometry":{"type":"LineString","coordinates":[[-28.7603,40.8393],[-28.2397,42.4107]]},"properties":{"azimuth":13.9,"regime":"Normal faulting","regime_code":"NF","regime_share":0.88,"agreement":0.57,"records":113,"support":61.2}},{"type":"Feature","geometry":{"type":"LineString","coordinates":[[-25.7089,40.8308],[-25.2911,42.4192]]},"properties":{"azimuth":11.1,"regime":"Normal faulting","regime_code":"NF","regime_share":0.91,"agreement":0.59,"records":99,"support":25.1}},{"type":"Feature","geometry":{"type":"LineString","coordinates":[[-16.8784,42.3834],[-16.1216,40.8666]]},"properties":{"azimuth":159.5,"regime":"Strike-slip","regime_code":"SS","regime_share":0.47,"agreement":0.32,"records":8,"support":3.2}},{"type":"Feature","geometry":{"type":"LineString","coordinates":[[-14.1262,42.2853],[-12.8738,40.9647]]},"properties":{"azimuth":144.7,"regime":"Strike-slip","regime_code":"SS","regime_share":0.34,"agreement":0.46,"records":27,"support":8.3}},{"type":"Feature","geometry":{"type":"LineString","coordinates":[[-11.1426,42.2764],[-9.8574,40.9736]]},"properties":{"azimuth":143.6,"regime":"Undetermined","regime_code":"U","regime_share":0.32,"agreement":0.68,"records":69,"support":30.8}},{"type":"Feature","geometry":{"type":"LineString","coordinates":[[-8.0995,42.299],[-6.9005,40.951]]},"properties":{"azimuth":146.4,"regime":"Strike-slip","regime_code":"SS","regime_share":0.33,"agreement":0.59,"records":91,"support":48.1}},{"type":"Feature","geometry":{"type":"LineString","coordinates":[[-5.2359,42.2187],[-3.7641,41.0313]]},"properties":{"azimuth":137.2,"regime":"Normal faulting","regime_code":"NF","regime_share":0.36,"agreement":0.22,"records":171,"support":62.0}},{"type":"Feature","geometry":{"type":"LineString","coordinates":[[-1.9478,42.3619],[-1.0522,40.8881]]},"properties":{"azimuth":155.6,"regime":"Undetermined","regime_code":"U","regime_share":0.34,"agreement":0.08,"records":218,"support":115.4}},{"type":"Feature","geometry":{"type":"LineString","coordinates":[[1.3402,42.4255],[1.6598,40.8245]]},"properties":{"azimuth":171.5,"regime":"Undetermined","regime_code":"U","regime_share":0.35,"agreement":0.12,"records":180,"support":108.8}},{"type":"Feature","geometry":{"type":"LineString","coordinates":[[4.4493,42.4335],[4.5507,40.8165]]},"properties":{"azimuth":177.3,"regime":"Thrust faulting","regime_code":"TF","regime_share":0.32,"agreement":0.22,"records":253,"support":85.9}},{"type":"Feature","geometry":{"type":"LineString","coordinates":[[7.0417,42.3583],[7.9583,40.8917]]},"properties":{"azimuth":155.0,"regime":"Normal faulting","regime_code":"NF","regime_share":0.32,"agreement":0.19,"records":371,"support":118.3}},{"type":"Feature","geometry":{"type":"LineString","coordinates":[[9.832,42.262],[11.168,40.988]]},"properties":{"azimuth":141.9,"regime":"Normal faulting","regime_code":"NF","regime_share":0.4,"agreement":0.31,"records":692,"support":267.6}},{"type":"Feature","geometry":{"type":"LineString","coordinates":[[12.7945,42.239],[14.2055,41.011]]},"properties":{"azimuth":139.3,"regime":"Normal faulting","regime_code":"NF","regime_share":0.41,"agreement":0.38,"records":746,"support":389.6}},{"type":"Feature","geometry":{"type":"LineString","coordinates":[[15.7819,42.2308],[17.2181,41.0192]]},"properties":{"azimuth":138.5,"regime":"Normal faulting","regime_code":"NF","regime_share":0.33,"agreement":0.21,"records":688,"support":333.5}},{"type":"Feature","geometry":{"type":"LineString","coordinates":[[18.5372,41.2547],[20.4628,41.9953]]},"properties":{"azimuth":62.8,"regime":"Normal faulting","regime_code":"NF","regime_share":0.33,"agreement":0.31,"records":655,"support":265.8}},{"type":"Feature","geometry":{"type":"LineString","coordinates":[[21.4366,41.4724],[23.5634,41.7776]]},"properties":{"azimuth":79.1,"regime":"Normal faulting","regime_code":"NF","regime_share":0.52,"agreement":0.51,"records":622,"support":269.4}},{"type":"Feature","geometry":{"type":"LineString","coordinates":[[24.428,41.739],[26.572,41.511]]},"properties":{"azimuth":98.1,"regime":"Normal faulting","regime_code":"NF","regime_share":0.54,"agreement":0.6,"records":547,"support":252.0}},{"type":"Feature","geometry":{"type":"LineString","coordinates":[[27.4924,41.9213],[29.5076,41.3287]]},"properties":{"azimuth":111.5,"regime":"Strike-slip","regime_code":"SS","regime_share":0.44,"agreement":0.56,"records":479,"support":216.2}},{"type":"Feature","geometry":{"type":"LineString","coordinates":[[30.6802,42.1538],[32.3198,41.0962]]},"properties":{"azimuth":130.8,"regime":"Strike-slip","regime_code":"SS","regime_share":0.53,"agreement":0.49,"records":333,"support":164.9}},{"type":"Feature","geometry":{"type":"LineString","coordinates":[[33.8491,42.2718],[35.1509,40.9782]]},"properties":{"azimuth":143.1,"regime":"Strike-slip","regime_code":"SS","regime_share":0.58,"agreement":0.57,"records":197,"support":117.2}},{"type":"Feature","geometry":{"type":"LineString","coordinates":[[37.0029,42.3441],[37.9971,40.9059]]},"properties":{"azimuth":152.7,"regime":"Strike-slip","regime_code":"SS","regime_share":0.57,"agreement":0.48,"records":196,"support":74.0}},{"type":"Feature","geometry":{"type":"LineString","coordinates":[[40.4844,40.8157],[40.5156,42.4343]]},"properties":{"azimuth":0.8,"regime":"Strike-slip","regime_code":"SS","regime_share":0.51,"agreement":0.52,"records":205,"support":78.8}},{"type":"Feature","geometry":{"type":"LineString","coordinates":[[43.4249,40.8176],[43.5751,42.4324]]},"properties":{"azimuth":4.0,"regime":"Thrust faulting","regime_code":"TF","regime_share":0.48,"agreement":0.51,"records":217,"support":126.7}},{"type":"Feature","geometry":{"type":"LineString","coordinates":[[46.3532,40.8231],[46.6468,42.4269]]},"properties":{"azimuth":7.8,"regime":"Thrust faulting","regime_code":"TF","regime_share":0.49,"agreement":0.37,"records":208,"support":110.6}},{"type":"Feature","geometry":{"type":"LineString","coordinates":[[48.5269,41.2701],[50.4731,41.9799]]},"properties":{"azimuth":64.0,"regime":"Thrust faulting","regime_code":"TF","regime_share":0.36,"agreement":0.09,"records":117,"support":60.9}},{"type":"Feature","geometry":{"type":"LineString","coordinates":[[51.4173,41.6132],[53.5827,41.6368]]},"properties":{"azimuth":89.2,"regime":"Undetermined","regime_code":"U","regime_share":0.53,"agreement":0.28,"records":61,"support":32.8}},{"type":"Feature","geometry":{"type":"LineString","coordinates":[[54.7477,41.0429],[56.2523,42.2071]]},"properties":{"azimuth":44.0,"regime":"Undetermined","regime_code":"U","regime_share":0.44,"agreement":0.02,"records":40,"support":12.4}},{"type":"Feature","geometry":{"type":"LineString","coordinates":[[58.4443,40.8167],[58.5557,42.4333]]},"properties":{"azimuth":3.0,"regime":"Thrust faulting","regime_code":"TF","regime_share":0.41,"agreement":0.42,"records":35,"support":6.0}},{"type":"Feature","geometry":{"type":"LineString","coordinates":[[61.0465,42.36],[61.9535,40.89]]},"properties":{"azimuth":155.2,"regime":"Thrust faulting","regime_code":"TF","regime_share":0.66,"agreement":0.28,"records":24,"support":14.3}},{"type":"Feature","geometry":{"type":"LineString","coordinates":[[64.0059,42.3452],[64.9941,40.9048]]},"properties":{"azimuth":152.8,"regime":"Thrust faulting","regime_code":"TF","regime_share":0.67,"agreement":0.34,"records":35,"support":21.6}},{"type":"Feature","geometry":{"type":"LineString","coordinates":[[66.9562,42.3249],[68.0438,40.9251]]},"properties":{"azimuth":149.9,"regime":"Thrust faulting","regime_code":"TF","regime_share":0.67,"agreement":0.51,"records":143,"support":42.8}},{"type":"Feature","geometry":{"type":"LineString","coordinates":[[70.0487,42.3607],[70.9513,40.8893]]},"properties":{"azimuth":155.4,"regime":"Thrust faulting","regime_code":"TF","regime_share":0.64,"agreement":0.58,"records":263,"support":107.3}},{"type":"Feature","geometry":{"type":"LineString","coordinates":[[73.1645,42.3945],[73.8355,40.8555]]},"properties":{"azimuth":161.9,"regime":"Thrust faulting","regime_code":"TF","regime_share":0.67,"agreement":0.57,"records":292,"support":134.5}},{"type":"Feature","geometry":{"type":"LineString","coordinates":[[76.3369,42.4252],[76.6631,40.8248]]},"properties":{"azimuth":171.3,"regime":"Thrust faulting","regime_code":"TF","regime_share":0.71,"agreement":0.58,"records":220,"support":99.3}},{"type":"Feature","geometry":{"type":"LineString","coordinates":[[79.3799,42.4294],[79.6201,40.8206]]},"properties":{"azimuth":173.6,"regime":"Thrust faulting","regime_code":"TF","regime_share":0.67,"agreement":0.58,"records":126,"support":61.7}},{"type":"Feature","geometry":{"type":"LineString","coordinates":[[82.2566,42.4137],[82.7434,40.8363]]},"properties":{"azimuth":167.0,"regime":"Thrust faulting","regime_code":"TF","regime_share":0.53,"agreement":0.49,"records":96,"support":40.2}},{"type":"Feature","geometry":{"type":"LineString","coordinates":[[85.3185,42.4229],[85.6815,40.8271]]},"properties":{"azimuth":170.3,"regime":"Thrust faulting","regime_code":"TF","regime_share":0.43,"agreement":0.36,"records":86,"support":33.6}},{"type":"Feature","geometry":{"type":"LineString","coordinates":[[88.413,42.4318],[88.587,40.8182]]},"properties":{"azimuth":175.4,"regime":"Thrust faulting","regime_code":"TF","regime_share":0.62,"agreement":0.64,"records":39,"support":18.8}},{"type":"Feature","geometry":{"type":"LineString","coordinates":[[91.2123,40.8447],[91.7877,42.4053]]},"properties":{"azimuth":15.4,"regime":"Thrust faulting","regime_code":"TF","regime_share":0.62,"agreement":0.53,"records":37,"support":12.5}},{"type":"Feature","geometry":{"type":"LineString","coordinates":[[93.9265,40.9385],[95.0735,42.3115]]},"properties":{"azimuth":32.0,"regime":"Strike-slip","regime_code":"SS","regime_share":0.52,"agreement":0.69,"records":38,"support":18.6}},{"type":"Feature","geometry":{"type":"LineString","coordinates":[[96.983,40.9138],[98.017,42.3362]]},"properties":{"azimuth":28.5,"regime":"Strike-slip","regime_code":"SS","regime_share":0.54,"agreement":0.72,"records":32,"support":20.5}},{"type":"Feature","geometry":{"type":"LineString","coordinates":[[99.927,40.9382],[101.073,42.3118]]},"properties":{"azimuth":32.0,"regime":"Strike-slip","regime_code":"SS","regime_share":0.58,"agreement":0.72,"records":33,"support":11.8}},{"type":"Feature","geometry":{"type":"LineString","coordinates":[[102.7638,41.0315],[104.2362,42.2185]]},"properties":{"azimuth":42.8,"regime":"Strike-slip","regime_code":"SS","regime_share":0.69,"agreement":0.52,"records":47,"support":16.7}},{"type":"Feature","geometry":{"type":"LineString","coordinates":[[105.7499,41.0413],[107.2501,42.2087]]},"properties":{"azimuth":43.8,"regime":"Strike-slip","regime_code":"SS","regime_share":0.69,"agreement":0.39,"records":51,"support":26.4}},{"type":"Feature","geometry":{"type":"LineString","coordinates":[[108.6222,41.1511],[110.3778,42.0989]]},"properties":{"azimuth":54.2,"regime":"Strike-slip","regime_code":"SS","regime_share":0.63,"agreement":0.44,"records":47,"support":17.7}},{"type":"Feature","geometry":{"type":"LineString","coordinates":[[111.5048,41.3061],[113.4952,41.9439]]},"properties":{"azimuth":66.8,"regime":"Strike-slip","regime_code":"SS","regime_share":0.46,"agreement":0.79,"records":55,"support":27.2}},{"type":"Feature","geometry":{"type":"LineString","coordinates":[[114.4711,41.3728],[116.5289,41.8772]]},"properties":{"azimuth":71.8,"regime":"Strike-slip","regime_code":"SS","regime_share":0.42,"agreement":0.81,"records":86,"support":42.5}},{"type":"Feature","geometry":{"type":"LineString","coordinates":[[117.4301,41.5004],[119.5699,41.7496]]},"properties":{"azimuth":81.1,"regime":"Undetermined","regime_code":"U","regime_share":0.63,"agreement":0.72,"records":184,"support":53.5}},{"type":"Feature","geometry":{"type":"LineString","coordinates":[[120.4175,41.6079],[122.5825,41.6421]]},"properties":{"azimuth":88.8,"regime":"Undetermined","regime_code":"U","regime_share":0.83,"agreement":0.72,"records":106,"support":69.5}},{"type":"Feature","geometry":{"type":"LineString","coordinates":[[123.4179,41.5973],[125.5821,41.6527]]},"properties":{"azimuth":88.0,"regime":"Undetermined","regime_code":"U","regime_share":0.81,"agreement":0.75,"records":101,"support":67.5}},{"type":"Feature","geometry":{"type":"LineString","coordinates":[[126.4196,41.5709],[128.5804,41.6791]]},"properties":{"azimuth":86.2,"regime":"Undetermined","regime_code":"U","regime_share":0.68,"agreement":0.79,"records":83,"support":23.1}},{"type":"Feature","geometry":{"type":"LineString","coordinates":[[135.4214,41.6964],[137.5786,41.5536]]},"properties":{"azimuth":95.1,"regime":"Thrust faulting","regime_code":"TF","regime_share":0.79,"agreement":0.78,"records":34,"support":23.6}},{"type":"Feature","geometry":{"type":"LineString","coordinates":[[138.4369,41.7785],[140.5631,41.4715]]},"properties":{"azimuth":100.9,"regime":"Thrust faulting","regime_code":"TF","regime_share":0.81,"agreement":0.68,"records":316,"support":130.9}},{"type":"Feature","geometry":{"type":"LineString","coordinates":[[141.4702,41.8751],[143.5298,41.3749]]},"properties":{"azimuth":108.0,"regime":"Thrust faulting","regime_code":"TF","regime_share":0.78,"agreement":0.59,"records":464,"support":265.7}},{"type":"Feature","geometry":{"type":"LineString","coordinates":[[144.5114,41.9551],[146.4886,41.2949]]},"properties":{"azimuth":114.1,"regime":"Thrust faulting","regime_code":"TF","regime_share":0.79,"agreement":0.63,"records":399,"support":203.0}},{"type":"Feature","geometry":{"type":"LineString","coordinates":[[147.5745,42.0451],[149.4255,41.2049]]},"properties":{"azimuth":121.3,"regime":"Thrust faulting","regime_code":"TF","regime_share":0.81,"agreement":0.76,"records":193,"support":67.6}},{"type":"Feature","geometry":{"type":"LineString","coordinates":[[150.5642,42.0322],[152.4358,41.2178]]},"properties":{"azimuth":120.2,"regime":"Thrust faulting","regime_code":"TF","regime_share":0.77,"agreement":0.65,"records":108,"support":30.3}},{"type":"Feature","geometry":{"type":"LineString","coordinates":[[153.4447,41.4437],[155.5553,41.8063]]},"properties":{"azimuth":77.1,"regime":"Normal faulting","regime_code":"NF","regime_share":0.44,"agreement":0.52,"records":19,"support":4.3}},{"type":"Feature","geometry":{"type":"LineString","coordinates":[[-129.5232,40.1432],[-128.8639,38.6068]]},"properties":{"azimuth":161.6,"regime":"Strike-slip","regime_code":"SS","regime_share":0.72,"agreement":0.72,"records":68,"support":21.2}},{"type":"Feature","geometry":{"type":"LineString","coordinates":[[-126.3768,40.1816],[-126.2039,38.5684]]},"properties":{"azimuth":175.3,"regime":"Strike-slip","regime_code":"SS","regime_share":0.64,"agreement":0.51,"records":152,"support":70.7}},{"type":"Feature","geometry":{"type":"LineString","coordinates":[[-123.6738,38.5965],[-123.1004,40.1535]]},"properties":{"azimuth":15.9,"regime":"Strike-slip","regime_code":"SS","regime_share":0.49,"agreement":0.53,"records":210,"support":121.8}},{"type":"Feature","geometry":{"type":"LineString","coordinates":[[-120.8889,38.6286],[-120.0788,40.1214]]},"properties":{"azimuth":22.8,"regime":"Strike-slip","regime_code":"SS","regime_share":0.44,"agreement":0.65,"records":280,"support":138.3}},{"type":"Feature","geometry":{"type":"LineString","coordinates":[[-117.9122,38.6073],[-117.2491,40.1427]]},"properties":{"azimuth":18.5,"regime":"Strike-slip","regime_code":"SS","regime_share":0.56,"agreement":0.72,"records":224,"support":94.5}},{"type":"Feature","geometry":{"type":"LineString","coordinates":[[-114.9627,38.5962],[-114.3921,40.1538]]},"properties":{"azimuth":15.8,"regime":"Normal faulting","regime_code":"NF","regime_share":0.65,"agreement":0.64,"records":88,"support":38.1}},{"type":"Feature","geometry":{"type":"LineString","coordinates":[[-111.8003,40.1841],[-111.7481,38.5659]]},"properties":{"azimuth":178.6,"regime":"Normal faulting","regime_code":"NF","regime_share":0.78,"agreement":0.52,"records":53,"support":37.9}},{"type":"Feature","geometry":{"type":"LineString","coordinates":[[-109.2025,40.1427],[-108.5394,38.6073]]},"properties":{"azimuth":161.5,"regime":"Normal faulting","regime_code":"NF","regime_share":0.71,"agreement":0.42,"records":55,"support":29.9}},{"type":"Feature","geometry":{"type":"LineString","coordinates":[[-106.6238,40.0058],[-105.3117,38.7442]]},"properties":{"azimuth":141.2,"regime":"Normal faulting","regime_code":"NF","regime_share":0.73,"agreement":0.29,"records":46,"support":21.2}},{"type":"Feature","geometry":{"type":"LineString","coordinates":[[-104.0519,39.6444],[-102.0771,39.1056]]},"properties":{"azimuth":109.4,"regime":"Normal faulting","regime_code":"NF","regime_share":0.51,"agreement":0.48,"records":49,"support":17.5}},{"type":"Feature","geometry":{"type":"LineString","coordinates":[[-101.2067,39.3301],[-99.1158,39.4199]]},"properties":{"azimuth":86.8,"regime":"Undetermined","regime_code":"U","regime_share":0.93,"agreement":0.85,"records":68,"support":21.3}},{"type":"Feature","geometry":{"type":"LineString","coordinates":[[-98.2838,39.2126],[-96.2323,39.5374]]},"properties":{"azimuth":78.4,"regime":"Undetermined","regime_code":"U","regime_share":0.87,"agreement":0.93,"records":63,"support":22.3}},{"type":"Feature","geometry":{"type":"LineString","coordinates":[[-95.3592,39.1461],[-93.3505,39.6039]]},"properties":{"azimuth":73.6,"regime":"Undetermined","regime_code":"U","regime_share":0.86,"agreement":0.94,"records":22,"support":6.1}},{"type":"Feature","geometry":{"type":"LineString","coordinates":[[-92.4663,39.1753],[-90.4369,39.5747]]},"properties":{"azimuth":75.7,"regime":"Undetermined","regime_code":"U","regime_share":0.48,"agreement":0.75,"records":37,"support":14.7}},{"type":"Feature","geometry":{"type":"LineString","coordinates":[[-89.5793,39.2334],[-87.5175,39.5166]]},"properties":{"azimuth":79.9,"regime":"Undetermined","regime_code":"U","regime_share":0.5,"agreement":0.79,"records":37,"support":26.2}},{"type":"Feature","geometry":{"type":"LineString","coordinates":[[-86.6688,39.2048],[-84.6215,39.5452]]},"properties":{"azimuth":77.9,"regime":"Undetermined","regime_code":"U","regime_share":0.56,"agreement":0.84,"records":44,"support":21.6}},{"type":"Feature","geometry":{"type":"LineString","coordinates":[[-83.6761,39.0094],[-81.8078,39.7406]]},"properties":{"azimuth":63.1,"regime":"Undetermined","regime_code":"U","regime_share":0.58,"agreement":0.84,"records":42,"support":25.0}},{"type":"Feature","geometry":{"type":"LineString","coordinates":[[-80.7589,38.9888],[-78.9185,39.7612]]},"properties":{"azimuth":61.5,"regime":"Undetermined","regime_code":"U","regime_share":0.54,"agreement":0.75,"records":46,"support":31.5}},{"type":"Feature","geometry":{"type":"LineString","coordinates":[[-77.8386,38.9654],[-76.0324,39.7846]]},"properties":{"azimuth":59.6,"regime":"Undetermined","regime_code":"U","regime_share":0.61,"agreement":0.7,"records":60,"support":29.2}},{"type":"Feature","geometry":{"type":"LineString","coordinates":[[-74.9067,38.9298],[-73.1578,39.8202]]},"properties":{"azimuth":56.6,"regime":"Undetermined","regime_code":"U","regime_share":0.76,"agreement":0.75,"records":37,"support":28.0}},{"type":"Feature","geometry":{"type":"LineString","coordinates":[[-72.0704,39.0205],[-70.1877,39.7295]]},"properties":{"azimuth":64.0,"regime":"Undetermined","regime_code":"U","regime_share":0.82,"agreement":0.68,"records":37,"support":23.0}},{"type":"Feature","geometry":{"type":"LineString","coordinates":[[-69.2691,39.306],[-67.1826,39.444]]},"properties":{"azimuth":85.1,"regime":"Undetermined","regime_code":"U","regime_share":0.91,"agreement":0.77,"records":22,"support":12.7}},{"type":"Feature","geometry":{"type":"LineString","coordinates":[[-66.3695,39.3601],[-64.2757,39.3899]]},"properties":{"azimuth":88.9,"regime":"Undetermined","regime_code":"U","regime_share":1.0,"agreement":0.85,"records":9,"support":6.8}},{"type":"Feature","geometry":{"type":"LineString","coordinates":[[-63.3668,39.0304],[-61.4719,39.7196]]},"properties":{"azimuth":64.8,"regime":"Undetermined","regime_code":"U","regime_share":1.0,"agreement":0.51,"records":7,"support":2.1}},{"type":"Feature","geometry":{"type":"LineString","coordinates":[[-37.0402,38.8101],[-35.5405,39.9399]]},"properties":{"azimuth":45.7,"regime":"Normal faulting","regime_code":"NF","regime_share":0.57,"agreement":0.86,"records":32,"support":5.6}},{"type":"Feature","geometry":{"type":"LineString","coordinates":[[-33.9321,38.6839],[-32.8421,40.0661]]},"properties":{"azimuth":31.4,"regime":"Normal faulting","regime_code":"NF","regime_share":0.79,"agreement":0.58,"records":85,"support":27.4}},{"type":"Feature","geometry":{"type":"LineString","coordinates":[[-30.8364,38.6129],[-30.1314,40.1371]]},"properties":{"azimuth":19.7,"regime":"Normal faulting","regime_code":"NF","regime_share":0.81,"agreement":0.42,"records":95,"support":56.1}},{"type":"Feature","geometry":{"type":"LineString","coordinates":[[-27.716,40.1776],[-27.4453,38.5724]]},"properties":{"azimuth":172.6,"regime":"Normal faulting","regime_code":"NF","regime_share":0.83,"agreement":0.3,"records":103,"support":51.9}},{"type":"Feature","geometry":{"type":"LineString","coordinates":[[-25.3305,40.0077],[-24.0244,38.7423]]},"properties":{"azimuth":141.4,"regime":"Normal faulting","regime_code":"NF","regime_share":0.88,"agreement":0.63,"records":65,"support":24.8}},{"type":"Feature","geometry":{"type":"LineString","coordinates":[[-22.4546,39.9902],[-21.0938,38.7598]]},"properties":{"azimuth":139.5,"regime":"Normal faulting","regime_code":"NF","regime_share":0.86,"agreement":0.87,"records":31,"support":9.2}},{"type":"Feature","geometry":{"type":"LineString","coordinates":[[-19.4485,40.0501],[-18.2934,38.6999]]},"properties":{"azimuth":146.5,"regime":"Strike-slip","regime_code":"SS","regime_share":0.88,"agreement":0.54,"records":10,"support":3.5}},{"type":"Feature","geometry":{"type":"LineString","coordinates":[[-16.3604,40.1253],[-15.5751,38.6247]]},"properties":{"azimuth":158.0,"regime":"Strike-slip","regime_code":"SS","regime_share":0.88,"agreement":0.48,"records":15,"support":6.8}},{"type":"Feature","geometry":{"type":"LineString","coordinates":[[-13.6512,40.0454],[-12.4778,38.7046]]},"properties":{"azimuth":145.9,"regime":"Strike-slip","regime_code":"SS","regime_share":0.46,"agreement":0.68,"records":61,"support":18.3}},{"type":"Feature","geometry":{"type":"LineString","coordinates":[[-10.7736,40.0316],[-9.549,38.7184]]},"properties":{"azimuth":144.2,"regime":"Strike-slip","regime_code":"SS","regime_share":0.35,"agreement":0.76,"records":126,"support":54.4}},{"type":"Feature","geometry":{"type":"LineString","coordinates":[[-7.9099,40.0084],[-6.6062,38.7416]]},"properties":{"azimuth":141.5,"regime":"Strike-slip","regime_code":"SS","regime_share":0.37,"agreement":0.61,"records":258,"support":102.5}},{"type":"Feature","geometry":{"type":"LineString","coordinates":[[-4.8946,40.0685],[-3.815,38.6815]]},"properties":{"azimuth":149.0,"regime":"Strike-slip","regime_code":"SS","regime_share":0.39,"agreement":0.4,"records":389,"support":160.0}},{"type":"Feature","geometry":{"type":"LineString","coordinates":[[-1.8471,40.1244],[-1.0562,38.6256]]},"properties":{"azimuth":157.8,"regime":"Strike-slip","regime_code":"SS","regime_share":0.35,"agreement":0.39,"records":495,"support":184.6}},{"type":"Feature","geometry":{"type":"LineString","coordinates":[[1.0957,40.1362],[1.8075,38.6138]]},"properties":{"azimuth":160.1,"regime":"Thrust faulting","regime_code":"TF","regime_share":0.46,"agreement":0.5,"records":448,"support":157.8}},{"type":"Feature","geometry":{"type":"LineString","coordinates":[[3.9856,40.1324],[4.7241,38.6176]]},"properties":{"azimuth":159.4,"regime":"Thrust faulting","regime_code":"TF","regime_share":0.63,"agreement":0.59,"records":311,"support":90.6}},{"type":"Feature","geometry":{"type":"LineString","coordinates":[[6.8306,40.1139],[7.6855,38.6361]]},"properties":{"azimuth":155.9,"regime":"Thrust faulting","regime_code":"TF","regime_share":0.62,"agreement":0.53,"records":150,"support":35.4}},{"type":"Feature","geometry":{"type":"LineString","coordinates":[[9.5629,40.0392],[10.7597,38.7108]]},"properties":{"azimuth":145.1,"regime":"Thrust faulting","regime_code":"TF","regime_share":0.37,"agreement":0.45,"records":267,"support":73.7}},{"type":"Feature","geometry":{"type":"LineString","coordinates":[[12.4346,40.0215],[13.6945,38.7285]]},"properties":{"azimuth":143.0,"regime":"Normal faulting","regime_code":"NF","regime_share":0.35,"agreement":0.4,"records":558,"support":252.7}},{"type":"Feature","geometry":{"type":"LineString","coordinates":[[15.2601,39.9716],[16.6754,38.7784]]},"properties":{"azimuth":137.5,"regime":"Normal faulting","regime_code":"NF","regime_share":0.31,"agreement":0.21,"records":650,"support":317.7}},{"type":"Feature","geometry":{"type":"LineString","coordinates":[[17.8693,39.1392],[19.8726,39.6108]]},"properties":{"azimuth":73.1,"regime":"Strike-slip","regime_code":"SS","regime_share":0.33,"agreement":0.34,"records":756,"support":331.5}},{"type":"Feature","geometry":{"type":"LineString","coordinates":[[20.751,39.2031],[22.7974,39.5469]]},"properties":{"azimuth":77.7,"regime":"Normal faulting","regime_code":"NF","regime_share":0.43,"agreement":0.56,"records":699,"support":384.1}},{"type":"Feature","geometry":{"type":"LineString","coordinates":[[23.6316,39.4143],[25.7232,39.3357]]},"properties":{"azimuth":92.8,"regime":"Normal faulting","regime_code":"NF","regime_share":0.55,"agreement":0.62,"records":815,"support":365.6}},{"type":"Feature","geometry":{"type":"LineString","coordinates":[[26.5661,39.575],[28.5952,39.175]]},"properties":{"azimuth":104.3,"regime":"Normal faulting","regime_code":"NF","regime_share":0.56,"agreement":0.59,"records":593,"support":314.8}},{"type":"Feature","geometry":{"type":"LineString","coordinates":[[29.5525,39.7449],[31.4152,39.0051]]},"properties":{"azimuth":117.2,"regime":"Normal faulting","regime_code":"NF","regime_share":0.53,"agreement":0.41,"records":492,"support":248.4}},{"type":"Feature","geometry":{"type":"LineString","coordinates":[[32.7784,40.0336],[33.9958,38.7164]]},"properties":{"azimuth":144.5,"regime":"Strike-slip","regime_code":"SS","regime_share":0.5,"agreement":0.39,"records":357,"support":167.8}},{"type":"Feature","geometry":{"type":"LineString","coordinates":[[35.9751,40.1468],[36.6055,38.6032]]},"properties":{"azimuth":162.5,"regime":"Strike-slip","regime_code":"SS","regime_share":0.59,"agreement":0.46,"records":225,"support":115.7}},{"type":"Feature","geometry":{"type":"LineString","coordinates":[[39.1683,40.1842],[39.2188,38.5658]]},"properties":{"azimuth":178.6,"regime":"Strike-slip","regime_code":"SS","regime_share":0.65,"agreement":0.5,"records":225,"support":89.9}},{"type":"Feature","geometry":{"type":"LineString","coordinates":[[42.0888,40.1844],[42.1048,38.5656]]},"properties":{"azimuth":179.6,"regime":"Strike-slip","regime_code":"SS","regime_share":0.58,"agreement":0.51,"records":249,"support":115.5}},{"type":"Feature","geometry":{"type":"LineString","coordinates":[[44.9445,40.1833],[45.0555,38.5667]]},"properties":{"azimuth":177.0,"regime":"Strike-slip","regime_code":"SS","regime_share":0.48,"agreement":0.42,"records":255,"support":115.3}},{"type":"Feature","geometry":{"type":"LineString","coordinates":[[47.5285,40.1308],[48.2779,38.6192]]},"properties":{"azimuth":159.0,"regime":"Thrust faulting","regime_code":"TF","regime_share":0.39,"agreement":0.09,"records":203,"support":81.1}},{"type":"Feature","geometry":{"type":"LineString","coordinates":[[49.7623,39.3148],[51.8506,39.4352]]},"properties":{"azimuth":85.7,"regime":"Undetermined","regime_code":"U","regime_share":0.37,"agreement":0.18,"records":134,"support":66.4}},{"type":"Feature","geometry":{"type":"LineString","coordinates":[[53.2344,38.6538],[54.185,40.0962]]},"properties":{"azimuth":27.0,"regime":"Undetermined","regime_code":"U","regime_share":0.32,"agreement":0.13,"records":110,"support":48.9}},{"type":"Feature","geometry":{"type":"LineString","coordinates":[[56.2987,38.6029],[56.9271,40.1471]]},"properties":{"azimuth":17.5,"regime":"Strike-slip","regime_code":"SS","regime_share":0.5,"agreement":0.6,"records":77,"support":39.2}},{"type":"Feature","geometry":{"type":"LineString","coordinates":[[59.1503,38.6166],[59.882,40.1334]]},"properties":{"azimuth":20.5,"regime":"Strike-slip","regime_code":"SS","regime_share":0.45,"agreement":0.6,"records":82,"support":33.9}},{"type":"Feature","geometry":{"type":"LineString","coordinates":[[62.2759,40.1768],[62.5628,38.5732]]},"properties":{"azimuth":172.1,"regime":"Thrust faulting","regime_code":"TF","regime_share":0.6,"agreement":0.26,"records":45,"support":23.4}},{"type":"Feature","geometry":{"type":"LineString","coordinates":[[64.7301,40.0424],[65.915,38.7076]]},"properties":{"azimuth":145.5,"regime":"Thrust faulting","regime_code":"TF","regime_share":0.7,"agreement":0.37,"records":93,"support":35.1}},{"type":"Feature","geometry":{"type":"LineString","coordinates":[[67.6969,40.0735],[68.7547,38.6765]]},"properties":{"azimuth":149.7,"regime":"Thrust faulting","regime_code":"TF","regime_share":0.56,"agreement":0.49,"records":252,"support":106.8}},{"type":"Feature","geometry":{"type":"LineString","coordinates":[[70.7051,40.1151],[71.5529,38.6349]]},"properties":{"azimuth":156.1,"regime":"Thrust faulting","regime_code":"TF","regime_share":0.53,"agreement":0.55,"records":328,"support":206.6}},{"type":"Feature","geometry":{"type":"LineString","coordinates":[[73.723,40.1483],[74.3415,38.6017]]},"properties":{"azimuth":162.8,"regime":"Thrust faulting","regime_code":"TF","regime_share":0.56,"agreement":0.57,"records":344,"support":202.9}},{"type":"Feature","geometry":{"type":"LineString","coordinates":[[76.7967,40.1772],[77.0743,38.5728]]},"properties":{"azimuth":172.4,"regime":"Thrust faulting","regime_code":"TF","regime_share":0.61,"agreement":0.56,"records":236,"support":111.0}},{"type":"Feature","geometry":{"type":"LineString","coordinates":[[79.8205,38.5657],[79.8569,40.1843]]},"properties":{"azimuth":1.0,"regime":"Thrust faulting","regime_code":"TF","regime_share":0.59,"agreement":0.58,"records":125,"support":46.6}},{"type":"Feature","geometry":{"type":"LineString","coordinates":[[82.6278,40.1796],[82.8561,38.5704]]},"properties":{"azimuth":173.7,"regime":"Thrust faulting","regime_code":"TF","regime_share":0.46,"agreement":0.46,"records":64,"support":18.0}},{"type":"Feature","geometry":{"type":"LineString","coordinates":[[85.3444,38.5997],[85.9459,40.1503]]},"properties":{"azimuth":16.7,"regime":"Thrust faulting","regime_code":"TF","regime_share":0.41,"agreement":0.45,"records":35,"support":10.4}},{"type":"Feature","geometry":{"type":"LineString","coordinates":[[88.2159,38.6075],[88.8809,40.1425]]},"properties":{"azimuth":18.5,"regime":"Strike-slip","regime_code":"SS","regime_share":0.53,"agreement":0.74,"records":37,"support":12.5}},{"type":"Feature","geometry":{"type":"LineString","coordinates":[[91.0401,38.6307],[91.8631,40.1193]]},"properties":{"azimuth":23.1,"regime":"Thrust faulting","regime_code":"TF","regime_share":0.52,"agreement":0.63,"records":41,"support":15.7}},{"type":"Feature","geometry":{"type":"LineString","coordinates":[[93.959,38.6257],[94.7507,40.1243]]},"properties":{"azimuth":22.2,"regime":"Thrust faulting","regime_code":"TF","regime_share":0.51,"agreement":0.71,"records":68,"support":34.9}},{"type":"Feature","geometry":{"type":"LineString","coordinates":[[96.8414,38.6325],[97.6748,40.1175]]},"properties":{"azimuth":23.5,"regime":"Thrust faulting","regime_code":"TF","regime_share":0.46,"agreement":0.75,"records":66,"support":39.8}},{"type":"Feature","geometry":{"type":"LineString","coordinates":[[99.6302,38.6775],[100.6924,40.0725]]},"properties":{"azimuth":30.5,"regime":"Strike-slip","regime_code":"SS","regime_share":0.43,"agreement":0.71,"records":70,"support":25.7}},{"type":"Feature","geometry":{"type":"LineString","coordinates":[[102.3473,38.7853],[103.7818,39.9647]]},"properties":{"azimuth":43.2,"regime":"Strike-slip","regime_code":"SS","regime_share":0.63,"agreement":0.43,"records":85,"support":33.4}},{"type":"Feature","geometry":{"type":"LineString","coordinates":[[105.251,38.785],[106.6845,39.965]]},"properties":{"azimuth":43.2,"regime":"Strike-slip","regime_code":"SS","regime_share":0.71,"agreement":0.3,"records":88,"support":49.7}},{"type":"Feature","geometry":{"type":"LineString","coordinates":[[108.162,38.7794],[109.58,39.9706]]},"properties":{"azimuth":42.6,"regime":"Strike-slip","regime_code":"SS","regime_share":0.69,"agreement":0.29,"records":81,"support":31.9}},{"type":"Feature","geometry":{"type":"LineString","coordinates":[[110.8349,39.0174],[112.7135,39.7326]]},"properties":{"azimuth":63.8,"regime":"Strike-slip","regime_code":"SS","regime_share":0.5,"agreement":0.69,"records":79,"support":34.1}},{"type":"Feature","geometry":{"type":"LineString","coordinates":[[113.6789,39.1313],[115.6759,39.6187]]},"properties":{"azimuth":72.5,"regime":"Undetermined","regime_code":"U","regime_share":0.52,"agreement":0.7,"records":213,"support":91.8}},{"type":"Feature","geometry":{"type":"LineString","coordinates":[[116.5617,39.1886],[118.5995,39.5614]]},"properties":{"azimuth":76.7,"regime":"Undetermined","regime_code":"U","regime_share":0.68,"agreement":0.68,"records":164,"support":100.7}},{"type":"Feature","geometry":{"type":"LineString","coordinates":[[119.4487,39.2536],[121.5191,39.4964]]},"properties":{"azimuth":81.4,"regime":"Undetermined","regime_code":"U","regime_share":0.82,"agreement":0.64,"records":197,"support":81.5}},{"type":"Feature","geometry":{"type":"LineString","coordinates":[[122.3527,39.2493],[124.4215,39.5007]]},"properties":{"azimuth":81.1,"regime":"Undetermined","regime_code":"U","regime_share":0.62,"agreement":0.71,"records":136,"support":60.9}},{"type":"Feature","geometry":{"type":"LineString","coordinates":[[125.2727,39.1843],[127.3079,39.5657]]},"properties":{"azimuth":76.4,"regime":"Strike-slip","regime_code":"SS","regime_share":0.45,"agreement":0.78,"records":151,"support":52.1}},{"type":"Feature","geometry":{"type":"LineString","coordinates":[[128.1937,39.1348],[130.1934,39.6152]]},"properties":{"azimuth":72.7,"regime":"Strike-slip","regime_code":"SS","regime_share":0.6,"agreement":0.83,"records":95,"support":29.4}},{"type":"Feature","geometry":{"type":"LineString","coordinates":[[131.0624,39.2495],[133.1312,39.5005]]},"properties":{"azimuth":81.1,"regime":"Strike-slip","regime_code":"SS","regime_share":0.65,"agreement":0.88,"records":28,"support":6.6}},{"type":"Feature","geometry":{"type":"LineString","coordinates":[[134.0357,39.6903],[135.9643,39.0597]]},"properties":{"azimuth":112.9,"regime":"Thrust faulting","regime_code":"TF","regime_share":0.63,"agreement":0.87,"records":99,"support":31.2}},{"type":"Feature","geometry":{"type":"LineString","coordinates":[[136.9205,39.6542],[138.886,39.0958]]},"properties":{"azimuth":110.2,"regime":"Thrust faulting","regime_code":"TF","regime_share":0.63,"agreement":0.68,"records":388,"support":155.9}},{"type":"Feature","geometry":{"type":"LineString","coordinates":[[139.8198,39.646],[141.7931,39.104]]},"properties":{"azimuth":109.6,"regime":"Thrust faulting","regime_code":"TF","regime_share":0.64,"agreement":0.44,"records":805,"support":409.1}},{"type":"Feature","geometry":{"type":"LineString","coordinates":[[142.7262,39.6527],[144.6932,39.0973]]},"properties":{"azimuth":110.1,"regime":"Thrust faulting","regime_code":"TF","regime_share":0.61,"agreement":0.34,"records":709,"support":438.0}},{"type":"Feature","geometry":{"type":"LineString","coordinates":[[145.65,39.6929],[147.5758,39.0571]]},"properties":{"azimuth":113.1,"regime":"Thrust faulting","regime_code":"TF","regime_share":0.56,"agreement":0.26,"records":482,"support":178.9}},{"type":"Feature","geometry":{"type":"LineString","coordinates":[[149.0407,38.6539],[149.9916,40.0961]]},"properties":{"azimuth":27.0,"regime":"Normal faulting","regime_code":"NF","regime_share":0.71,"agreement":0.16,"records":30,"support":5.1}},{"type":"Feature","geometry":{"type":"LineString","coordinates":[[-128.5545,37.7861],[-127.383,36.4639]]},"properties":{"azimuth":144.8,"regime":"Strike-slip","regime_code":"SS","regime_share":0.94,"agreement":0.92,"records":24,"support":4.5}},{"type":"Feature","geometry":{"type":"LineString","coordinates":[[-125.5448,36.3773],[-124.7677,37.8727]]},"properties":{"azimuth":22.5,"regime":"Strike-slip","regime_code":"SS","regime_share":0.49,"agreement":0.56,"records":150,"support":53.3}},{"type":"Feature","geometry":{"type":"LineString","coordinates":[[-122.7743,36.392],[-121.9132,37.858]]},"properties":{"azimuth":25.1,"regime":"Strike-slip","regime_code":"SS","regime_share":0.41,"agreement":0.69,"records":374,"support":204.2}},{"type":"Feature","geometry":{"type":"LineString","coordinates":[[-119.8469,36.3557],[-119.2156,37.8943]]},"properties":{"azimuth":18.1,"regime":"Strike-slip","regime_code":"SS","regime_share":0.52,"agreement":0.73,"records":567,"support":424.6}},{"type":"Feature","geometry":{"type":"LineString","coordinates":[[-116.9685,36.3405],[-116.469,37.9095]]},"properties":{"azimuth":14.2,"regime":"Strike-slip","regime_code":"SS","regime_share":0.66,"agreement":0.78,"records":610,"support":398.6}},{"type":"Feature","geometry":{"type":"LineString","coordinates":[[-114.1753,36.3446],[-113.6372,37.9054]]},"properties":{"azimuth":15.4,"regime":"Strike-slip","regime_code":"SS","regime_share":0.74,"agreement":0.74,"records":276,"support":116.1}},{"type":"Feature","geometry":{"type":"LineString","coordinates":[[-111.2421,36.3243],[-110.9454,37.9257]]},"properties":{"azimuth":8.4,"regime":"Normal faulting","regime_code":"NF","regime_share":0.78,"agreement":0.35,"records":77,"support":34.1}},{"type":"Feature","geometry":{"type":"LineString","coordinates":[[-108.3836,36.3197],[-108.1789,37.9303]]},"properties":{"azimuth":5.8,"regime":"Normal faulting","regime_code":"NF","regime_share":0.85,"agreement":0.36,"records":81,"support":42.6}},{"type":"Feature","geometry":{"type":"LineString","coordinates":[[-105.7643,37.8993],[-105.1732,36.3507]]},"properties":{"azimuth":163.1,"regime":"Normal faulting","regime_code":"NF","regime_share":0.77,"agreement":0.1,"records":79,"support":50.7}},{"type":"Feature","geometry":{"type":"LineString","coordinates":[[-103.6606,37.2428],[-101.6519,37.0072]]},"properties":{"azimuth":98.4,"regime":"Undetermined","regime_code":"U","regime_share":0.62,"agreement":0.57,"records":97,"support":57.6}},{"type":"Feature","geometry":{"type":"LineString","coordinates":[[-100.8528,37.0363],[-98.8347,37.2137]]},"properties":{"azimuth":83.7,"regime":"Undetermined","regime_code":"U","regime_share":0.88,"agreement":0.8,"records":166,"support":100.4}},{"type":"Feature","geometry":{"type":"LineString","coordinates":[[-98.021,36.945],[-96.0415,37.305]]},"properties":{"azimuth":77.1,"regime":"Undetermined","regime_code":"U","regime_share":0.88,"agreement":0.82,"records":164,"support":108.8}},{"type":"Feature","geometry":{"type":"LineString","coordinates":[[-95.2085,36.945],[-93.229,37.305]]},"properties":{"azimuth":77.2,"regime":"Undetermined","regime_code":"U","regime_share":0.77,"agreement":0.87,"records":117,"support":47.5}},{"type":"Feature","geometry":{"type":"LineString","coordinates":[[-92.4025,36.9694],[-90.41,37.2806]]},"properties":{"azimuth":78.9,"regime":"Strike-slip","regime_code":"SS","regime_share":0.49,"agreement":0.74,"records":44,"support":24.2}},{"type":"Feature","geometry":{"type":"LineString","coordinates":[[-89.5978,37.0058],[-87.5897,37.2442]]},"properties":{"azimuth":81.5,"regime":"Undetermined","regime_code":"U","regime_share":0.48,"agreement":0.78,"records":41,"support":31.4}},{"type":"Feature","geometry":{"type":"LineString","coordinates":[[-86.7686,36.937],[-84.7939,37.313]]},"properties":{"azimuth":76.6,"regime":"Undetermined","regime_code":"U","regime_share":0.54,"agreement":0.79,"records":48,"support":24.8}},{"type":"Feature","geometry":{"type":"LineString","coordinates":[[-83.8542,36.7292],[-82.0833,37.5208]]},"properties":{"azimuth":60.7,"regime":"Undetermined","regime_code":"U","regime_share":0.56,"agreement":0.8,"records":37,"support":23.5}},{"type":"Feature","geometry":{"type":"LineString","coordinates":[[-81.016,36.6946],[-79.2965,37.5554]]},"properties":{"azimuth":57.9,"regime":"Undetermined","regime_code":"U","regime_share":0.5,"agreement":0.72,"records":34,"support":23.8}},{"type":"Feature","geometry":{"type":"LineString","coordinates":[[-78.2148,36.7094],[-76.4727,37.5406]]},"properties":{"azimuth":59.1,"regime":"Undetermined","regime_code":"U","regime_share":0.44,"agreement":0.6,"records":28,"support":14.4}},{"type":"Feature","geometry":{"type":"LineString","coordinates":[[-75.3749,36.6748],[-73.6876,37.5752]]},"properties":{"azimuth":56.2,"regime":"Undetermined","regime_code":"U","regime_share":0.78,"agreement":0.77,"records":25,"support":13.4}},{"type":"Feature","geometry":{"type":"LineString","coordinates":[[-72.5385,36.6476],[-70.899,37.6024]]},"properties":{"azimuth":53.9,"regime":"Undetermined","regime_code":"U","regime_share":1.0,"agreement":0.89,"records":13,"support":9.8}},{"type":"Feature","geometry":{"type":"LineString","coordinates":[[-69.8505,36.8279],[-67.962,37.4221]]},"properties":{"azimuth":68.5,"regime":"Undetermined","regime_code":"U","regime_share":1.0,"agreement":0.73,"records":20,"support":5.1}},{"type":"Feature","geometry":{"type":"LineString","coordinates":[[-67.1084,37.1497],[-65.0791,37.1003]]},"properties":{"azimuth":91.8,"regime":"Undetermined","regime_code":"U","regime_share":1.0,"agreement":0.95,"records":5,"support":1.5}},{"type":"Feature","geometry":{"type":"LineString","coordinates":[[-41.5387,36.5861],[-40.0238,37.6639]]},"properties":{"azimuth":48.3,"regime":"Strike-slip","regime_code":"SS","regime_share":0.6,"agreement":0.9,"records":17,"support":2.7}},{"type":"Feature","geometry":{"type":"LineString","coordinates":[[-38.7322,36.5915],[-37.2053,37.6585]]},"properties":{"azimuth":48.8,"regime":"Strike-slip","regime_code":"SS","regime_share":0.63,"agreement":0.8,"records":53,"support":20.0}},{"type":"Feature","geometry":{"type":"LineString","coordinates":[[-35.8997,36.5739],[-34.4128,37.6761]]},"properties":{"azimuth":47.1,"regime":"Strike-slip","regime_code":"SS","regime_share":0.54,"agreement":0.85,"records":63,"support":34.3}},{"type":"Feature","geometry":{"type":"LineString","coordinates":[[-33.0456,36.5402],[-31.6419,37.7098]]},"properties":{"azimuth":43.7,"regime":"Normal faulting","regime_code":"NF","regime_share":0.61,"agreement":0.73,"records":82,"support":37.3}},{"type":"Feature","geometry":{"type":"LineString","coordinates":[[-30.053,36.4307],[-29.0095,37.8193]]},"properties":{"azimuth":30.9,"regime":"Normal faulting","regime_code":"NF","regime_share":0.73,"agreement":0.23,"records":78,"support":34.0}},{"type":"Feature","geometry":{"type":"LineString","coordinates":[[-27.3875,37.7339],[-26.05,36.5161]]},"properties":{"azimuth":138.8,"regime":"Normal faulting","regime_code":"NF","regime_share":0.82,"agreement":0.55,"records":65,"support":30.9}},{"type":"Feature","geometry":{"type":"LineString","coordinates":[[-24.5717,37.7362],[-23.2408,36.5138]]},"properties":{"azimuth":139.0,"regime":"Normal faulting","regime_code":"NF","regime_share":0.89,"agreement":0.83,"records":33,"support":23.8}},{"type":"Feature","geometry":{"type":"LineString","coordinates":[[-21.7526,37.7408],[-20.4349,36.5092]]},"properties":{"azimuth":139.5,"regime":"Normal faulting","regime_code":"NF","regime_share":0.76,"agreement":0.84,"records":25,"support":10.3}},{"type":"Feature","geometry":{"type":"LineString","coordinates":[[-18.8397,37.8009],[-17.7228,36.4491]]},"properties":{"azimuth":146.6,"regime":"Strike-slip","regime_code":"SS","regime_share":0.92,"agreement":0.59,"records":12,"support":6.7}},{"type":"Feature","geometry":{"type":"LineString","coordinates":[[-15.904,37.8562],[-15.0335,36.3938]]},"properties":{"azimuth":154.6,"regime":"Strike-slip","regime_code":"SS","regime_share":0.9,"agreement":0.66,"records":24,"support":11.2}},{"type":"Feature","geometry":{"type":"LineString","coordinates":[[-13.1248,37.843],[-12.1877,36.407]]},"properties":{"azimuth":152.5,"regime":"Strike-slip","regime_code":"SS","regime_share":0.54,"agreement":0.74,"records":81,"support":31.9}},{"type":"Feature","geometry":{"type":"LineString","coordinates":[[-10.3715,37.8164],[-9.316,36.4336]]},"properties":{"azimuth":148.7,"regime":"Thrust faulting","regime_code":"TF","regime_share":0.41,"agreement":0.72,"records":160,"support":83.1}},{"type":"Feature","geometry":{"type":"LineString","coordinates":[[-7.5768,37.8076],[-6.4857,36.4424]]},"properties":{"azimuth":147.5,"regime":"Strike-slip","regime_code":"SS","regime_share":0.46,"agreement":0.58,"records":459,"support":213.8}},{"type":"Feature","geometry":{"type":"LineString","coordinates":[[-4.7052,37.8354],[-3.7323,36.4146]]},"properties":{"azimuth":151.4,"regime":"Strike-slip","regime_code":"SS","regime_share":0.5,"agreement":0.53,"records":544,"support":350.8}},{"type":"Feature","geometry":{"type":"LineString","coordinates":[[-1.8569,37.8503],[-0.9556,36.3997]]},"properties":{"azimuth":153.6,"regime":"Strike-slip","regime_code":"SS","regime_share":0.45,"agreement":0.56,"records":685,"support":347.2}},{"type":"Feature","geometry":{"type":"LineString","coordinates":[[0.9474,37.847],[1.8651,36.403]]},"properties":{"azimuth":153.1,"regime":"Thrust faulting","regime_code":"TF","regime_share":0.57,"agreement":0.65,"records":455,"support":276.5}},{"type":"Feature","geometry":{"type":"LineString","coordinates":[[3.7786,37.8543],[4.6589,36.3957]]},"properties":{"azimuth":154.3,"regime":"Thrust faulting","regime_code":"TF","regime_share":0.67,"agreement":0.69,"records":313,"support":197.5}},{"type":"Feature","geometry":{"type":"LineString","coordinates":[[6.6336,37.8697],[7.4289,36.3803]]},"properties":{"azimuth":156.9,"regime":"Thrust faulting","regime_code":"TF","regime_share":0.56,"agreement":0.61,"records":211,"support":96.3}},{"type":"Feature","geometry":{"type":"LineString","coordinates":[[9.2984,37.8077],[10.3891,36.4423]]},"properties":{"azimuth":147.5,"regime":"Thrust faulting","regime_code":"TF","regime_share":0.41,"agreement":0.48,"records":200,"support":88.3}},{"type":"Feature","geometry":{"type":"LineString","coordinates":[[12.1958,37.8463],[13.1167,36.4037]]},"properties":{"azimuth":153.0,"regime":"Strike-slip","regime_code":"SS","regime_share":0.31,"agreement":0.34,"records":282,"support":168.2}},{"type":"Feature","geometry":{"type":"LineString","coordinates":[[14.9958,37.8412],[15.9417,36.4088]]},"properties":{"azimuth":152.2,"regime":"Strike-slip","regime_code":"SS","regime_share":0.32,"agreement":0.23,"records":378,"support":216.6}},{"type":"Feature","geometry":{"type":"LineString","coordinates":[[17.3389,36.824],[19.2236,37.426]]},"properties":{"azimuth":68.2,"regime":"Strike-slip","regime_code":"SS","regime_share":0.39,"agreement":0.28,"records":581,"support":240.7}},{"type":"Feature","geometry":{"type":"LineString","coordinates":[[20.1494,36.8281],[22.0381,37.4219]]},"properties":{"azimuth":68.5,"regime":"Strike-slip","regime_code":"SS","regime_share":0.39,"agreement":0.48,"records":557,"support":317.7}},{"type":"Feature","geometry":{"type":"LineString","coordinates":[[22.9217,36.9279],[24.8908,37.3221]]},"properties":{"azimuth":75.9,"regime":"Normal faulting","regime_code":"NF","regime_share":0.43,"agreement":0.33,"records":768,"support":337.4}},{"type":"Feature","geometry":{"type":"LineString","coordinates":[[25.7073,37.194],[27.7302,37.056]]},"properties":{"azimuth":94.9,"regime":"Normal faulting","regime_code":"NF","regime_share":0.56,"agreement":0.26,"records":667,"support":285.4}},{"type":"Feature","geometry":{"type":"LineString","coordinates":[[28.5338,37.2754],[30.5287,36.9746]]},"properties":{"azimuth":100.7,"regime":"Normal faulting","regime_code":"NF","regime_share":0.63,"agreement":0.21,"records":480,"support":210.3}},{"type":"Feature","geometry":{"type":"LineString","coordinates":[[32.059,37.9019],[32.6285,36.3481]]},"properties":{"azimuth":163.7,"regime":"Normal faulting","regime_code":"NF","regime_share":0.57,"agreement":0.04,"records":338,"support":112.2}},{"type":"Feature","geometry":{"type":"LineString","coordinates":[[35.1013,36.3168],[35.2112,37.9332]]},"properties":{"azimuth":3.1,"regime":"Strike-slip","regime_code":"SS","regime_share":0.5,"agreement":0.45,"records":220,"support":78.4}},{"type":"Feature","geometry":{"type":"LineString","coordinates":[[37.7676,36.3317],[38.1699,37.9183]]},"properties":{"azimuth":11.4,"regime":"Strike-slip","regime_code":"SS","regime_share":0.62,"agreement":0.6,"records":136,"support":64.4}},{"type":"Feature","geometry":{"type":"LineString","coordinates":[[40.6522,36.3222],[40.9103,37.9278]]},"properties":{"azimuth":7.3,"regime":"Strike-slip","regime_code":"SS","regime_share":0.66,"agreement":0.46,"records":167,"support":74.9}},{"type":"Feature","geometry":{"type":"LineString","coordinates":[[43.5788,36.3157],[43.6087,37.9343]]},"properties":{"azimuth":0.8,"regime":"Strike-slip","regime_code":"SS","regime_share":0.58,"agreement":0.33,"records":154,"support":83.9}},{"type":"Feature","geometry":{"type":"LineString","coordinates":[[46.3519,37.9332],[46.4606,36.3168]]},"properties":{"azimuth":176.9,"regime":"Strike-slip","regime_code":"SS","regime_share":0.48,"agreement":0.19,"records":153,"support":65.9}},{"type":"Feature","geometry":{"type":"LineString","coordinates":[[48.4633,36.5843],[49.9742,37.6657]]},"properties":{"azimuth":48.1,"regime":"Thrust faulting","regime_code":"TF","regime_share":0.49,"agreement":0.1,"records":138,"support":55.7}},{"type":"Feature","geometry":{"type":"LineString","coordinates":[[51.5046,36.433],[52.5579,37.817]]},"properties":{"azimuth":31.2,"regime":"Thrust faulting","regime_code":"TF","regime_share":0.53,"agreement":0.27,"records":111,"support":56.8}},{"type":"Feature","geometry":{"type":"LineString","coordinates":[[54.5158,36.359],[55.1717,37.891]]},"properties":{"azimuth":18.8,"regime":"Strike-slip","regime_code":"SS","regime_share":0.43,"agreement":0.54,"records":119,"support":61.0}},{"type":"Feature","geometry":{"type":"LineString","coordinates":[[57.2525,36.3824],[58.06,37.8676]]},"properties":{"azimuth":23.4,"regime":"Strike-slip","regime_code":"SS","regime_share":0.51,"agreement":0.68,"records":97,"support":69.4}},{"type":"Feature","geometry":{"type":"LineString","coordinates":[[60.0232,36.3977],[60.9143,37.8523]]},"properties":{"azimuth":26.0,"regime":"Strike-slip","regime_code":"SS","regime_share":0.49,"agreement":0.7,"records":85,"support":44.8}},{"type":"Feature","geometry":{"type":"LineString","coordinates":[[63.1402,36.3235],[63.4223,37.9265]]},"properties":{"azimuth":8.0,"regime":"Thrust faulting","regime_code":"TF","regime_share":0.52,"agreement":0.28,"records":60,"support":16.7}},{"type":"Feature","geometry":{"type":"LineString","coordinates":[[65.3892,37.7077],[66.7983,36.5423]]},"properties":{"azimuth":136.0,"regime":"Thrust faulting","regime_code":"TF","regime_share":0.62,"agreement":0.42,"records":121,"support":40.0}},{"type":"Feature","geometry":{"type":"LineString","coordinates":[[68.3672,37.8109],[69.4453,36.4391]]},"properties":{"azimuth":147.9,"regime":"Thrust faulting","regime_code":"TF","regime_share":0.49,"agreement":0.45,"records":222,"support":112.2}},{"type":"Feature","geometry":{"type":"LineString","coordinates":[[71.4079,37.8955],[72.0296,36.3545]]},"properties":{"azimuth":162.2,"regime":"Thrust faulting","regime_code":"TF","regime_share":0.49,"agreement":0.43,"records":365,"support":177.9}},{"type":"Feature","geometry":{"type":"LineString","coordinates":[[74.4258,37.93],[74.6367,36.32]]},"properties":{"azimuth":174.0,"regime":"Thrust faulting","regime_code":"TF","regime_share":0.5,"agreement":0.47,"records":320,"support":133.0}},{"type":"Feature","geometry":{"type":"LineString","coordinates":[[77.254,36.3188],[77.4335,37.9312]]},"properties":{"azimuth":5.1,"regime":"Thrust faulting","regime_code":"TF","regime_share":0.45,"agreement":0.54,"records":191,"support":57.3}},{"type":"Feature","geometry":{"type":"LineString","coordinates":[[79.9268,36.3366],[80.3857,37.9134]]},"properties":{"azimuth":13.1,"regime":"Strike-slip","regime_code":"SS","regime_share":0.5,"agreement":0.73,"records":85,"support":37.2}},{"type":"Feature","geometry":{"type":"LineString","coordinates":[[82.7589,36.3331],[83.1786,37.9169]]},"properties":{"azimuth":11.9,"regime":"Strike-slip","regime_code":"SS","regime_share":0.61,"agreement":0.81,"records":60,"support":26.6}},{"type":"Feature","geometry":{"type":"LineString","coordinates":[[85.49,36.3496],[86.0725,37.9004]]},"properties":{"azimuth":16.7,"regime":"Strike-slip","regime_code":"SS","regime_share":0.73,"agreement":0.85,"records":62,"support":23.1}},{"type":"Feature","geometry":{"type":"LineString","coordinates":[[88.2505,36.3633],[88.937,37.8867]]},"properties":{"azimuth":19.8,"regime":"Strike-slip","regime_code":"SS","regime_share":0.64,"agreement":0.88,"records":70,"support":32.6}},{"type":"Feature","geometry":{"type":"LineString","coordinates":[[91.0487,36.3675],[91.7638,37.8825]]},"properties":{"azimuth":20.6,"regime":"Strike-slip","regime_code":"SS","regime_share":0.51,"agreement":0.78,"records":99,"support":34.3}},{"type":"Feature","geometry":{"type":"LineString","coordinates":[[93.8441,36.3728],[94.5934,37.8772]]},"properties":{"azimuth":21.7,"regime":"Thrust faulting","regime_code":"TF","regime_share":0.52,"agreement":0.67,"records":75,"support":39.8}},{"type":"Feature","geometry":{"type":"LineString","coordinates":[[96.6182,36.3856],[97.4443,37.8644]]},"properties":{"azimuth":24.0,"regime":"Thrust faulting","regime_code":"TF","regime_share":0.5,"agreement":0.7,"records":86,"support":44.8}},{"type":"Feature","geometry":{"type":"LineString","coordinates":[[99.2786,36.4526],[100.4089,37.7974]]},"properties":{"azimuth":33.8,"regime":"Thrust faulting","regime_code":"TF","regime_share":0.47,"agreement":0.71,"records":67,"support":28.4}},{"type":"Feature","geometry":{"type":"LineString","coordinates":[[101.8678,36.6152],[103.4447,37.6348]]},"properties":{"azimuth":51.0,"regime":"Strike-slip","regime_code":"SS","regime_share":0.57,"agreement":0.46,"records":87,"support":39.6}},{"type":"Feature","geometry":{"type":"LineString","coordinates":[[104.6226,36.6779],[106.3149,37.5721]]},"properties":{"azimuth":56.5,"regime":"Strike-slip","regime_code":"SS","regime_share":0.69,"agreement":0.31,"records":97,"support":58.4}},{"type":"Feature","geometry":{"type":"LineString","coordinates":[[107.4647,36.6441],[109.0978,37.6059]]},"properties":{"azimuth":53.6,"regime":"Strike-slip","regime_code":"SS","regime_share":0.66,"agreement":0.18,"records":98,"support":40.0}},{"type":"Feature","geometry":{"type":"LineString","coordinates":[[110.1488,36.8292],[112.0387,37.4208]]},"properties":{"azimuth":68.6,"regime":"Undetermined","regime_code":"U","regime_share":0.57,"agreement":0.4,"records":145,"support":38.1}},{"type":"Feature","geometry":{"type":"LineString","coordinates":[[112.9263,36.9137],[114.8862,37.3363]]},"properties":{"azimuth":74.9,"regime":"Undetermined","regime_code":"U","regime_share":0.71,"agreement":0.59,"records":223,"support":102.8}},{"type":"Feature","geometry":{"type":"LineString","coordinates":[[115.7249,36.9601],[117.7126,37.2899]]},"properties":{"azimuth":78.2,"regime":"Undetermined","regime_code":"U","regime_share":0.8,"agreement":0.61,"records":229,"support":135.0}},{"type":"Feature","geometry":{"type":"LineString","coordinates":[[118.5345,36.9717],[120.528,37.2783]]},"properties":{"azimuth":79.1,"regime":"Undetermined","regime_code":"U","regime_share":0.87,"agreement":0.58,"records":191,"support":88.1}},{"type":"Feature","geometry":{"type":"LineString","coordinates":[[121.3745,36.8843],[123.313,37.3657]]},"properties":{"azimuth":72.7,"regime":"Undetermined","regime_code":"U","regime_share":0.52,"agreement":0.65,"records":141,"support":46.3}},{"type":"Feature","geometry":{"type":"LineString","coordinates":[[124.199,36.8556],[126.1135,37.3944]]},"properties":{"azimuth":70.6,"regime":"Strike-slip","regime_code":"SS","regime_share":0.6,"agreement":0.83,"records":128,"support":64.3}},{"type":"Feature","geometry":{"type":"LineString","coordinates":[[127.0039,36.8734],[128.9336,37.3766]]},"properties":{"azimuth":71.9,"regime":"Strike-slip","regime_code":"SS","regime_share":0.58,"agreement":0.82,"records":128,"support":84.0}},{"type":"Feature","geometry":{"type":"LineString","coordinates":[[129.7822,36.9816],[131.7803,37.2684]]},"properties":{"azimuth":79.8,"regime":"Strike-slip","regime_code":"SS","regime_share":0.62,"agreement":0.73,"records":134,"support":63.3}},{"type":"Feature","geometry":{"type":"LineString","coordinates":[[132.5967,37.2773],[134.5908,36.9727]]},"properties":{"azimuth":100.8,"regime":"Strike-slip","regime_code":"SS","regime_share":0.65,"agreement":0.76,"records":234,"support":121.7}},{"type":"Feature","geometry":{"type":"LineString","coordinates":[[135.4822,37.4601],[137.3303,36.7899]]},"properties":{"azimuth":114.5,"regime":"Strike-slip","regime_code":"SS","regime_share":0.56,"agreement":0.67,"records":562,"support":355.3}},{"type":"Feature","geometry":{"type":"LineString","coordinates":[[138.3403,37.5306],[140.0972,36.7194]]},"properties":{"azimuth":120.1,"regime":"Thrust faulting","regime_code":"TF","regime_share":0.45,"agreement":0.55,"records":941,"support":614.0}},{"type":"Feature","geometry":{"type":"LineString","coordinates":[[141.155,37.5336],[142.9075,36.7164]]},"properties":{"azimuth":120.3,"regime":"Thrust faulting","regime_code":"TF","regime_share":0.51,"agreement":0.34,"records":1028,"support":640.1}},{"type":"Feature","geometry":{"type":"LineString","coordinates":[[143.9224,37.4649],[145.7651,36.7851]]},"properties":{"azimuth":114.8,"regime":"Thrust faulting","regime_code":"TF","regime_share":0.48,"agreement":0.08,"records":685,"support":331.2}},{"type":"Feature","geometry":{"type":"LineString","coordinates":[[147.228,36.3911],[148.0845,37.8589]]},"properties":{"azimuth":24.9,"regime":"Normal faulting","regime_code":"NF","regime_share":0.75,"agreement":0.45,"records":195,"support":53.0}},{"type":"Feature","geometry":{"type":"LineString","coordinates":[[-124.1644,34.1774],[-123.1639,35.5726]]},"properties":{"azimuth":30.5,"regime":"Undetermined","regime_code":"U","regime_share":0.54,"agreement":0.74,"records":211,"support":73.7}},{"type":"Feature","geometry":{"type":"LineString","coordinates":[[-121.213,34.1031],[-120.6191,35.6469]]},"properties":{"azimuth":17.5,"regime":"Strike-slip","regime_code":"SS","regime_share":0.46,"agreement":0.75,"records":557,"support":418.1}},{"type":"Feature","geometry":{"type":"LineString","coordinates":[[-118.3823,34.0849],[-117.9536,35.6651]]},"properties":{"azimuth":12.5,"regime":"Strike-slip","regime_code":"SS","regime_share":0.63,"agreement":0.79,"records":650,"support":792.4}},{"type":"Feature","geometry":{"type":"LineString","coordinates":[[-115.5977,34.0789],[-115.242,35.6711]]},"properties":{"azimuth":10.4,"regime":"Strike-slip","regime_code":"SS","regime_share":0.75,"agreement":0.81,"records":596,"support":587.5}},{"type":"Feature","geometry":{"type":"LineString","coordinates":[[-112.8361,34.0769],[-112.5074,35.6731]]},"properties":{"azimuth":9.6,"regime":"Strike-slip","regime_code":"SS","regime_share":0.78,"agreement":0.72,"records":327,"support":145.4}},{"type":"Feature","geometry":{"type":"LineString","coordinates":[[-110.1584,34.0889],[-109.6889,35.6611]]},"properties":{"azimuth":13.8,"regime":"Normal faulting","regime_code":"NF","regime_share":0.9,"agreement":0.41,"records":57,"support":34.8}},{"type":"Feature","geometry":{"type":"LineString","coordinates":[[-107.4306,34.0931],[-106.9205,35.6569]]},"properties":{"azimuth":15.0,"regime":"Normal faulting","regime_code":"NF","regime_share":0.85,"agreement":0.45,"records":76,"support":51.7}},{"type":"Feature","geometry":{"type":"LineString","coordinates":[[-105.4094,34.7968],[-103.4455,34.9532]]},"properties":{"azimuth":84.5,"regime":"Undetermined","regime_code":"U","regime_share":0.54,"agreement":0.3,"records":148,"support":77.3}},{"type":"Feature","geometry":{"type":"LineString","coordinates":[[-102.6594,34.7819],[-100.6994,34.9681]]},"properties":{"azimuth":83.4,"regime":"Undetermined","regime_code":"U","regime_share":0.86,"agreement":0.67,"records":274,"support":120.7}},{"type":"Feature","geometry":{"type":"LineString","coordinates":[[-99.8717,34.6303],[-97.9909,35.1197]]},"properties":{"azimuth":72.4,"regime":"Undetermined","regime_code":"U","regime_share":0.91,"agreement":0.67,"records":213,"support":167.7}},{"type":"Feature","geometry":{"type":"LineString","coordinates":[[-97.1072,34.5914],[-95.2592,35.1586]]},"properties":{"azimuth":69.5,"regime":"Undetermined","regime_code":"U","regime_share":0.89,"agreement":0.69,"records":192,"support":154.1}},{"type":"Feature","geometry":{"type":"LineString","coordinates":[[-94.3775,34.6356],[-92.4927,35.1144]]},"properties":{"azimuth":72.8,"regime":"Undetermined","regime_code":"U","regime_share":0.77,"agreement":0.72,"records":152,"support":61.1}},{"type":"Feature","geometry":{"type":"LineString","coordinates":[[-91.6551,34.7188],[-89.719,35.0312]]},"properties":{"azimuth":78.9,"regime":"Strike-slip","regime_code":"SS","regime_share":0.55,"agreement":0.74,"records":35,"support":19.9}},{"type":"Feature","geometry":{"type":"LineString","coordinates":[[-88.9046,34.7094],[-86.9732,35.0406]]},"properties":{"azimuth":78.2,"regime":"Strike-slip","regime_code":"SS","regime_share":0.57,"agreement":0.76,"records":42,"support":16.0}},{"type":"Feature","geometry":{"type":"LineString","coordinates":[[-86.0694,34.5067],[-84.3123,35.2433]]},"properties":{"azimuth":62.9,"regime":"Undetermined","regime_code":"U","regime_share":0.36,"agreement":0.8,"records":24,"support":11.0}},{"type":"Feature","geometry":{"type":"LineString","coordinates":[[-83.2398,34.398],[-81.6457,35.352]]},"properties":{"azimuth":53.9,"regime":"Thrust faulting","regime_code":"TF","regime_share":0.38,"agreement":0.84,"records":24,"support":15.2}},{"type":"Feature","geometry":{"type":"LineString","coordinates":[[-80.5082,34.4171],[-78.8812,35.3329]]},"properties":{"azimuth":55.5,"regime":"Thrust faulting","regime_code":"TF","regime_share":0.35,"agreement":0.76,"records":24,"support":10.7}},{"type":"Feature","geometry":{"type":"LineString","coordinates":[[-77.8798,34.6124],[-76.0133,35.1376]]},"properties":{"azimuth":71.1,"regime":"Strike-slip","regime_code":"SS","regime_share":0.55,"agreement":0.74,"records":7,"support":2.4}},{"type":"Feature","geometry":{"type":"LineString","coordinates":[[-75.0019,34.4053],[-73.395,35.3447]]},"properties":{"azimuth":54.5,"regime":"Undetermined","regime_code":"U","regime_share":1.0,"agreement":0.97,"records":5,"support":1.3}},{"type":"Feature","geometry":{"type":"LineString","coordinates":[[-64.1683,34.6961],[-62.2439,35.0539]]},"properties":{"azimuth":77.2,"regime":"Thrust faulting","regime_code":"TF","regime_share":0.54,"agreement":0.94,"records":2,"support":1.2}},{"type":"Feature","geometry":{"type":"LineString","coordinates":[[-61.4141,34.6755],[-59.5019,35.0745]]},"properties":{"azimuth":75.7,"regime":"Thrust faulting","regime_code":"TF","regime_share":0.61,"agreement":0.94,"records":2,"support":1.5}},{"type":"Feature","geometry":{"type":"LineString","coordinates":[[-44.4975,34.1913],[-43.4415,35.5587]]},"properties":{"azimuth":32.4,"regime":"Normal faulting","regime_code":"NF","regime_share":0.87,"agreement":0.6,"records":13,"support":2.1}},{"type":"Feature","geometry":{"type":"LineString","coordinates":[[-41.8107,34.2259],[-40.6321,35.5241]]},"properties":{"azimuth":36.7,"regime":"Normal faulting","regime_code":"NF","regime_share":0.72,"agreement":0.67,"records":65,"support":21.8}},{"type":"Feature","geometry":{"type":"LineString","coordinates":[[-39.168,34.3003],[-37.7786,35.4497]]},"properties":{"azimuth":44.8,"regime":"Normal faulting","regime_code":"NF","regime_share":0.47,"agreement":0.71,"records":86,"support":41.7}},{"type":"Feature","geometry":{"type":"LineString","coordinates":[[-36.4659,34.3404],[-34.9845,35.4096]]},"properties":{"azimuth":48.7,"regime":"Strike-slip","regime_code":"SS","regime_share":0.59,"agreement":0.79,"records":68,"support":45.1}},{"type":"Feature","geometry":{"type":"LineString","coordinates":[[-33.7035,34.3273],[-32.2507,35.4227]]},"properties":{"azimuth":47.4,"regime":"Strike-slip","regime_code":"SS","regime_share":0.53,"agreement":0.86,"records":63,"support":28.9}},{"type":"Feature","geometry":{"type":"LineString","coordinates":[[-30.9385,34.3126],[-29.5195,35.4374]]},"properties":{"azimuth":46.0,"regime":"Normal faulting","regime_code":"NF","regime_share":0.67,"agreement":0.77,"records":36,"support":9.4}},{"type":"Feature","geometry":{"type":"LineString","coordinates":[[-28.1749,35.4503],[-26.7869,34.2997]]},"properties":{"azimuth":135.3,"regime":"Normal faulting","regime_code":"NF","regime_share":0.83,"agreement":0.77,"records":34,"support":7.2}},{"type":"Feature","geometry":{"type":"LineString","coordinates":[[-25.3608,35.4992],[-24.1048,34.2508]]},"properties":{"azimuth":140.5,"regime":"Normal faulting","regime_code":"NF","regime_share":0.92,"agreement":0.84,"records":28,"support":10.4}},{"type":"Feature","geometry":{"type":"LineString","coordinates":[[-22.612,35.4998],[-21.3575,34.2502]]},"properties":{"azimuth":140.5,"regime":"Normal faulting","regime_code":"NF","regime_share":0.85,"agreement":0.82,"records":22,"support":6.1}},{"type":"Feature","geometry":{"type":"LineString","coordinates":[[-19.9335,35.448],[-18.5398,34.302]]},"properties":{"azimuth":135.1,"regime":"Strike-slip","regime_code":"SS","regime_share":0.87,"agreement":0.6,"records":6,"support":2.6}},{"type":"Feature","geometry":{"type":"LineString","coordinates":[[-16.9968,35.5687],[-15.9803,34.1813]]},"properties":{"azimuth":149.0,"regime":"Strike-slip","regime_code":"SS","regime_share":0.92,"agreement":0.59,"records":13,"support":4.8}},{"type":"Feature","geometry":{"type":"LineString","coordinates":[[-14.1329,35.6176],[-13.348,34.1324]]},"properties":{"azimuth":156.6,"regime":"Strike-slip","regime_code":"SS","regime_share":0.7,"agreement":0.75,"records":33,"support":12.7}},{"type":"Feature","geometry":{"type":"LineString","coordinates":[[-11.4128,35.6072],[-10.5719,34.1428]]},"properties":{"azimuth":154.8,"regime":"Strike-slip","regime_code":"SS","regime_share":0.49,"agreement":0.76,"records":78,"support":33.8}},{"type":"Feature","geometry":{"type":"LineString","coordinates":[[-8.7048,35.5908],[-7.7838,34.1592]]},"properties":{"azimuth":152.2,"regime":"Strike-slip","regime_code":"SS","regime_share":0.5,"agreement":0.63,"records":332,"support":108.6}},{"type":"Feature","geometry":{"type":"LineString","coordinates":[[-5.9576,35.5904],[-5.0348,34.1596]]},"properties":{"azimuth":152.1,"regime":"Strike-slip","regime_code":"SS","regime_share":0.57,"agreement":0.61,"records":430,"support":258.8}},{"type":"Feature","geometry":{"type":"LineString","coordinates":[[-3.2032,35.5931],[-2.2929,34.1569]]},"properties":{"azimuth":152.5,"regime":"Strike-slip","regime_code":"SS","regime_share":0.56,"agreement":0.63,"records":580,"support":309.7}},{"type":"Feature","geometry":{"type":"LineString","coordinates":[[-0.4812,35.5816],[0.4812,34.1684]]},"properties":{"azimuth":150.8,"regime":"Strike-slip","regime_code":"SS","regime_share":0.43,"agreement":0.69,"records":594,"support":236.0}},{"type":"Feature","geometry":{"type":"LineString","coordinates":[[2.2588,35.5778],[3.2374,34.1722]]},"properties":{"azimuth":150.3,"regime":"Thrust faulting","regime_code":"TF","regime_share":0.67,"agreement":0.71,"records":303,"support":182.9}},{"type":"Feature","geometry":{"type":"LineString","coordinates":[[5.07,35.605],[5.9224,34.145]]},"properties":{"azimuth":154.4,"regime":"Thrust faulting","regime_code":"TF","regime_share":0.6,"agreement":0.66,"records":307,"support":120.6}},{"type":"Feature","geometry":{"type":"LineString","coordinates":[[7.7366,35.569],[8.752,34.181]]},"properties":{"azimuth":149.0,"regime":"Strike-slip","regime_code":"SS","regime_share":0.57,"agreement":0.52,"records":128,"support":71.2}},{"type":"Feature","geometry":{"type":"LineString","coordinates":[[10.4072,35.5266],[11.5775,34.2234]]},"properties":{"azimuth":143.6,"regime":"Strike-slip","regime_code":"SS","regime_share":0.48,"agreement":0.5,"records":163,"support":74.7}},{"type":"Feature","geometry":{"type":"LineString","coordinates":[[13.2173,35.5612],[14.2636,34.1888]]},"properties":{"azimuth":148.0,"regime":"Strike-slip","regime_code":"SS","regime_share":0.39,"agreement":0.37,"records":240,"support":89.9}},{"type":"Feature","geometry":{"type":"LineString","coordinates":[[15.9859,35.5714],[16.9912,34.1786]]},"properties":{"azimuth":149.4,"regime":"Strike-slip","regime_code":"SS","regime_share":0.42,"agreement":0.27,"records":183,"support":62.6}},{"type":"Feature","geometry":{"type":"LineString","coordinates":[[18.4557,34.3804],[20.0176,35.3696]]},"properties":{"azimuth":52.3,"regime":"Thrust faulting","regime_code":"TF","regime_share":0.43,"agreement":0.34,"records":293,"support":90.4}},{"type":"Feature","geometry":{"type":"LineString","coordinates":[[21.3671,34.2438],[22.6023,35.5062]]},"properties":{"azimuth":38.8,"regime":"Thrust faulting","regime_code":"TF","regime_share":0.4,"agreement":0.35,"records":424,"support":173.8}},{"type":"Feature","geometry":{"type":"LineString","coordinates":[[24.3938,34.1149],[25.0719,35.6351]]},"properties":{"azimuth":20.1,"regime":"Strike-slip","regime_code":"SS","regime_share":0.39,"agreement":0.38,"records":388,"support":199.5}},{"type":"Feature","geometry":{"type":"LineString","coordinates":[[27.1924,34.101],[27.7695,35.649]]},"properties":{"azimuth":17.0,"regime":"Normal faulting","regime_code":"NF","regime_share":0.42,"agreement":0.31,"records":336,"support":176.1}},{"type":"Feature","geometry":{"type":"LineString","coordinates":[[29.8026,34.1451],[30.6554,35.6049]]},"properties":{"azimuth":25.6,"regime":"Normal faulting","regime_code":"NF","regime_share":0.45,"agreement":0.18,"records":267,"support":103.4}},{"type":"Feature","geometry":{"type":"LineString","coordinates":[[32.5791,34.1344],[33.3751,35.6156]]},"properties":{"azimuth":23.8,"regime":"Strike-slip","regime_code":"SS","regime_share":0.32,"agreement":0.11,"records":161,"support":59.9}},{"type":"Feature","geometry":{"type":"LineString","coordinates":[[35.6433,35.6816],[35.807,34.0684]]},"properties":{"azimuth":175.2,"regime":"Strike-slip","regime_code":"SS","regime_share":0.47,"agreement":0.35,"records":104,"support":53.3}},{"type":"Feature","geometry":{"type":"LineString","coordinates":[[38.4359,35.6838],[38.5106,34.0662]]},"properties":{"azimuth":177.8,"regime":"Strike-slip","regime_code":"SS","regime_share":0.55,"agreement":0.46,"records":99,"support":35.7}},{"type":"Feature","geometry":{"type":"LineString","coordinates":[[40.8792,34.1159],[41.5636,35.6341]]},"properties":{"azimuth":20.3,"regime":"Strike-slip","regime_code":"SS","regime_share":0.63,"agreement":0.25,"records":101,"support":28.7}},{"type":"Feature","geometry":{"type":"LineString","coordinates":[[43.4789,34.1728],[44.4601,35.5772]]},"properties":{"azimuth":29.8,"regime":"Thrust faulting","regime_code":"TF","regime_share":0.48,"agreement":0.4,"records":135,"support":52.8}},{"type":"Feature","geometry":{"type":"LineString","coordinates":[[46.2321,34.1704],[47.203,35.5796]]},"properties":{"azimuth":29.5,"regime":"Thrust faulting","regime_code":"TF","regime_share":0.62,"agreement":0.51,"records":152,"support":69.2}},{"type":"Feature","geometry":{"type":"LineString","coordinates":[[49.0178,34.1538],[49.9135,35.5962]]},"properties":{"azimuth":27.0,"regime":"Thrust faulting","regime_code":"TF","regime_share":0.72,"agreement":0.59,"records":142,"support":61.2}},{"type":"Feature","geometry":{"type":"LineString","coordinates":[[51.8348,34.1277],[52.5927,35.6223]]},"properties":{"azimuth":22.6,"regime":"Thrust faulting","regime_code":"TF","regime_share":0.66,"agreement":0.54,"records":90,"support":39.4}},{"type":"Feature","geometry":{"type":"LineString","coordinates":[[54.5707,34.1319],[55.3529,35.6181]]},"properties":{"azimuth":23.4,"regime":"Strike-slip","regime_code":"SS","regime_share":0.47,"agreement":0.6,"records":109,"support":41.1}},{"type":"Feature","geometry":{"type":"LineString","coordinates":[[57.227,34.1692],[58.1929,35.5808]]},"properties":{"azimuth":29.3,"regime":"Strike-slip","regime_code":"SS","regime_share":0.5,"agreement":0.69,"records":100,"support":52.5}},{"type":"Feature","geometry":{"type":"LineString","coordinates":[[59.9389,34.1867],[60.9771,35.5633]]},"properties":{"azimuth":31.7,"regime":"Strike-slip","regime_code":"SS","regime_share":0.48,"agreement":0.75,"records":72,"support":37.1}},{"type":"Feature","geometry":{"type":"LineString","coordinates":[[62.7428,34.1604],[63.6694,35.5896]]},"properties":{"azimuth":28.0,"regime":"Strike-slip","regime_code":"SS","regime_share":0.47,"agreement":0.54,"records":34,"support":9.7}},{"type":"Feature","geometry":{"type":"LineString","coordinates":[[65.2324,35.4268],[66.676,34.3232]]},"properties":{"azimuth":133.0,"regime":"Thrust faulting","regime_code":"TF","regime_share":0.56,"agreement":0.48,"records":60,"support":18.6}},{"type":"Feature","geometry":{"type":"LineString","coordinates":[[68.1358,35.5377],[69.2688,34.2123]]},"properties":{"azimuth":145.0,"regime":"Thrust faulting","regime_code":"TF","regime_share":0.6,"agreement":0.31,"records":151,"support":58.3}},{"type":"Feature","geometry":{"type":"LineString","coordinates":[[71.3414,34.0706],[71.5594,35.6794]]},"properties":{"azimuth":6.3,"regime":"Thrust faulting","regime_code":"TF","regime_share":0.62,"agreement":0.26,"records":195,"support":93.2}},{"type":"Feature","geometry":{"type":"LineString","coordinates":[[73.7355,34.1603],[74.6614,35.5897]]},"properties":{"azimuth":28.0,"regime":"Thrust faulting","regime_code":"TF","regime_share":0.67,"agreement":0.5,"records":131,"support":73.9}},{"type":"Feature","geometry":{"type":"LineString","coordinates":[[76.4286,34.1862],[77.4646,35.5638]]},"properties":{"azimuth":31.7,"regime":"Thrust faulting","regime_code":"TF","regime_share":0.5,"agreement":0.62,"records":117,"support":39.9}},{"type":"Feature","geometry":{"type":"LineString","coordinates":[[79.4268,34.096],[79.9625,35.654]]},"properties":{"azimuth":15.8,"regime":"Strike-slip","regime_code":"SS","regime_share":0.6,"agreement":0.71,"records":64,"support":36.7}},{"type":"Feature","geometry":{"type":"LineString","coordinates":[[82.273,34.0777],[82.6125,35.6723]]},"properties":{"azimuth":9.9,"regime":"Strike-slip","regime_code":"SS","regime_share":0.62,"agreement":0.79,"records":74,"support":40.3}},{"type":"Feature","geometry":{"type":"LineString","coordinates":[[84.9553,34.089],[85.4264,35.661]]},"properties":{"azimuth":13.8,"regime":"Strike-slip","regime_code":"SS","regime_share":0.6,"agreement":0.83,"records":114,"support":41.6}},{"type":"Feature","geometry":{"type":"LineString","coordinates":[[87.6139,34.1108],[88.264,35.6392]]},"properties":{"azimuth":19.2,"regime":"Strike-slip","regime_code":"SS","regime_share":0.56,"agreement":0.87,"records":98,"support":53.4}},{"type":"Feature","geometry":{"type":"LineString","coordinates":[[90.3359,34.1186],[91.0381,35.6314]]},"properties":{"azimuth":20.8,"regime":"Strike-slip","regime_code":"SS","regime_share":0.57,"agreement":0.85,"records":116,"support":58.1}},{"type":"Feature","geometry":{"type":"LineString","coordinates":[[92.9947,34.1507],[93.8755,35.5993]]},"properties":{"azimuth":26.5,"regime":"Strike-slip","regime_code":"SS","regime_share":0.61,"agreement":0.72,"records":128,"support":52.3}},{"type":"Feature","geometry":{"type":"LineString","coordinates":[[95.6185,34.2113],[96.7479,35.5387]]},"properties":{"azimuth":34.9,"regime":"Strike-slip","regime_code":"SS","regime_share":0.62,"agreement":0.65,"records":93,"support":40.7}},{"type":"Feature","geometry":{"type":"LineString","coordinates":[[98.2771,34.2692],[99.5855,35.4808]]},"properties":{"azimuth":41.5,"regime":"Strike-slip","regime_code":"SS","regime_share":0.55,"agreement":0.65,"records":86,"support":26.8}},{"type":"Feature","geometry":{"type":"LineString","coordinates":[[100.726,34.667],[102.6328,35.083]]},"properties":{"azimuth":75.1,"regime":"Strike-slip","regime_code":"SS","regime_share":0.47,"agreement":0.37,"records":247,"support":58.3}},{"type":"Feature","geometry":{"type":"LineString","coordinates":[[103.4427,34.8257],[105.4122,34.9243]]},"properties":{"azimuth":86.5,"regime":"Strike-slip","regime_code":"SS","regime_share":0.48,"agreement":0.35,"records":282,"support":112.3}},{"type":"Feature","geometry":{"type":"LineString","coordinates":[[106.1893,34.8554],[108.1619,34.8946]]},"properties":{"azimuth":88.6,"regime":"Strike-slip","regime_code":"SS","regime_share":0.48,"agreement":0.28,"records":183,"support":75.0}},{"type":"Feature","geometry":{"type":"LineString","coordinates":[[108.9382,34.913],[110.9092,34.837]]},"properties":{"azimuth":92.7,"regime":"Undetermined","regime_code":"U","regime_share":0.52,"agreement":0.06,"records":65,"support":24.8}},{"type":"Feature","geometry":{"type":"LineString","coordinates":[[111.7036,34.7195],[113.6399,35.0305]]},"properties":{"azimuth":78.9,"regime":"Undetermined","regime_code":"U","regime_share":0.81,"agreement":0.49,"records":115,"support":62.6}},{"type":"Feature","geometry":{"type":"LineString","coordinates":[[114.449,34.7312],[116.3907,35.0188]]},"properties":{"azimuth":79.8,"regime":"Undetermined","regime_code":"U","regime_share":0.84,"agreement":0.57,"records":184,"support":100.1}},{"type":"Feature","geometry":{"type":"LineString","coordinates":[[117.2001,34.7181],[119.1358,35.0319]]},"properties":{"azimuth":78.8,"regime":"Undetermined","regime_code":"U","regime_share":0.82,"agreement":0.59,"records":210,"support":81.0}},{"type":"Feature","geometry":{"type":"LineString","coordinates":[[119.9735,34.6358],[121.8585,35.1142]]},"properties":{"azimuth":72.8,"regime":"Undetermined","regime_code":"U","regime_share":0.69,"agreement":0.63,"records":112,"support":38.6}},{"type":"Feature","geometry":{"type":"LineString","coordinates":[[122.7431,34.5849],[124.5852,35.1651]]},"properties":{"azimuth":69.0,"regime":"Strike-slip","regime_code":"SS","regime_share":0.57,"agreement":0.79,"records":99,"support":37.0}},{"type":"Feature","geometry":{"type":"LineString","coordinates":[[125.4737,34.6256],[127.3508,35.1244]]},"properties":{"azimuth":72.1,"regime":"Strike-slip","regime_code":"SS","regime_share":0.56,"agreement":0.81,"records":149,"support":75.1}},{"type":"Feature","geometry":{"type":"LineString","coordinates":[[128.1959,34.7042],[130.1247,35.0458]]},"properties":{"azimuth":77.8,"regime":"Strike-slip","regime_code":"SS","regime_share":0.46,"agreement":0.74,"records":175,"support":110.6}},{"type":"Feature","geometry":{"type":"LineString","coordinates":[[130.9226,34.9063],[132.8942,34.8437]]},"properties":{"azimuth":92.2,"regime":"Strike-slip","regime_code":"SS","regime_share":0.53,"agreement":0.68,"records":248,"support":155.7}},{"type":"Feature","geometry":{"type":"LineString","coordinates":[[133.7176,35.1236],[135.5954,34.6264]]},"properties":{"azimuth":107.9,"regime":"Strike-slip","regime_code":"SS","regime_share":0.62,"agreement":0.62,"records":438,"support":331.1}},{"type":"Feature","geometry":{"type":"LineString","coordinates":[[136.5462,35.274],[138.263,34.476]]},"properties":{"azimuth":119.5,"regime":"Strike-slip","regime_code":"SS","regime_share":0.59,"agreement":0.6,"records":696,"support":610.4}},{"type":"Feature","geometry":{"type":"LineString","coordinates":[[139.3454,35.3403],[140.9599,34.4097]]},"properties":{"azimuth":125.1,"regime":"Strike-slip","regime_code":"SS","regime_share":0.47,"agreement":0.54,"records":873,"support":678.1}},{"type":"Feature","geometry":{"type":"LineString","coordinates":[[142.1003,35.3482],[143.7012,34.4018]]},"properties":{"azimuth":125.8,"regime":"Thrust faulting","regime_code":"TF","regime_share":0.46,"agreement":0.34,"records":780,"support":407.4}},{"type":"Feature","geometry":{"type":"LineString","coordinates":[[145.6023,34.0665],[145.6954,35.6835]]},"properties":{"azimuth":2.7,"regime":"Normal faulting","regime_code":"NF","regime_share":0.5,"agreement":0.03,"records":393,"support":105.5}},{"type":"Feature","geometry":{"type":"LineString","coordinates":[[148.0765,34.1095],[148.7174,35.6405]]},"properties":{"azimuth":19.0,"regime":"Normal faulting","regime_code":"NF","regime_share":1.0,"agreement":0.44,"records":13,"support":2.2}},{"type":"Feature","geometry":{"type":"LineString","coordinates":[[-123.0762,31.8928],[-122.2571,33.3572]]},"properties":{"azimuth":25.2,"regime":"Undetermined","regime_code":"U","regime_share":0.46,"agreement":0.76,"records":159,"support":50.3}},{"type":"Feature","geometry":{"type":"LineString","coordinates":[[-120.2102,31.8352],[-119.7898,33.4148]]},"properties":{"azimuth":12.6,"regime":"Strike-slip","regime_code":"SS","regime_share":0.55,"agreement":0.79,"records":575,"support":339.5}},{"type":"Feature","geometry":{"type":"LineString","coordinates":[[-117.4885,31.8262],[-117.1781,33.4238]]},"properties":{"azimuth":9.3,"regime":"Strike-slip","regime_code":"SS","regime_share":0.71,"agreement":0.82,"records":587,"support":584.7}},{"type":"Feature","geometry":{"type":"LineString","coordinates":[[-114.7935,31.8227],[-114.5398,33.4273]]},"properties":{"azimuth":7.6,"regime":"Strike-slip","regime_code":"SS","regime_share":0.8,"agreement":0.83,"records":426,"support":380.5}},{"type":"Feature","geometry":{"type":"LineString","coordinates":[[-112.1085,31.8208],[-111.8915,33.4292]]},"properties":{"azimuth":6.5,"regime":"Strike-slip","regime_code":"SS","regime_share":0.7,"agreement":0.75,"records":210,"support":80.2}},{"type":"Feature","geometry":{"type":"LineString","coordinates":[[-109.5945,31.8461],[-109.0722,33.4039]]},"properties":{"azimuth":15.8,"regime":"Normal faulting","regime_code":"NF","regime_share":0.94,"agreement":0.55,"records":44,"support":21.5}},{"type":"Feature","geometry":{"type":"LineString","coordinates":[[-107.5451,32.2967],[-105.7883,32.9533]]},"properties":{"azimuth":66.1,"regime":"Undetermined","regime_code":"U","regime_share":0.6,"agreement":0.28,"records":100,"support":54.9}},{"type":"Feature","geometry":{"type":"LineString","coordinates":[[-104.9573,32.5542],[-103.0427,32.6958]]},"properties":{"azimuth":85.0,"regime":"Undetermined","regime_code":"U","regime_share":0.9,"agreement":0.55,"records":164,"support":132.8}},{"type":"Feature","geometry":{"type":"LineString","coordinates":[[-102.2785,32.4787],[-100.3881,32.7713]]},"properties":{"azimuth":79.6,"regime":"Undetermined","regime_code":"U","regime_share":0.96,"agreement":0.56,"records":243,"support":167.8}},{"type":"Feature","geometry":{"type":"LineString","coordinates":[[-99.5247,32.2604],[-97.8086,32.9896]]},"properties":{"azimuth":63.2,"regime":"Undetermined","regime_code":"U","regime_share":0.93,"agreement":0.57,"records":268,"support":152.9}},{"type":"Feature","geometry":{"type":"LineString","coordinates":[[-96.8126,32.1928],[-95.1874,33.0572]]},"properties":{"azimuth":57.7,"regime":"Undetermined","regime_code":"U","regime_share":0.91,"agreement":0.63,"records":163,"support":107.9}},{"type":"Feature","geometry":{"type":"LineString","coordinates":[[-94.2104,32.2942],[-92.4562,32.9558]]},"properties":{"azimuth":65.9,"regime":"Undetermined","regime_code":"U","regime_share":0.84,"agreement":0.63,"records":95,"support":39.9}},{"type":"Feature","geometry":{"type":"LineString","coordinates":[[-91.6139,32.4885],[-89.7194,32.7615]]},"properties":{"azimuth":80.3,"regime":"Undetermined","regime_code":"U","regime_share":0.47,"agreement":0.79,"records":31,"support":10.5}},{"type":"Feature","geometry":{"type":"LineString","coordinates":[[-88.9059,32.3548],[-87.0941,32.8952]]},"properties":{"azimuth":70.5,"regime":"Strike-slip","regime_code":"SS","regime_share":0.64,"agreement":0.67,"records":12,"support":3.8}},{"type":"Feature","geometry":{"type":"LineString","coordinates":[[-86.1004,32.1374],[-84.5663,33.1126]]},"properties":{"azimuth":53.0,"regime":"Thrust faulting","regime_code":"TF","regime_share":0.51,"agreement":0.8,"records":9,"support":4.5}},{"type":"Feature","geometry":{"type":"LineString","coordinates":[[-83.3953,32.0972],[-81.938,33.1528]]},"properties":{"azimuth":49.3,"regime":"Thrust faulting","regime_code":"TF","regime_share":0.48,"agreement":0.76,"records":13,"support":9.0}},{"type":"Feature","geometry":{"type":"LineString","coordinates":[[-80.7185,32.0875],[-79.2815,33.1625]]},"properties":{"azimuth":48.4,"regime":"Thrust faulting","regime_code":"TF","regime_share":0.37,"agreement":0.75,"records":10,"support":7.3}},{"type":"Feature","geometry":{"type":"LineString","coordinates":[[-78.0699,32.1051],[-76.5968,33.1449]]},"properties":{"azimuth":50.0,"regime":"Strike-slip","regime_code":"SS","regime_share":0.47,"agreement":0.79,"records":6,"support":2.2}},{"type":"Feature","geometry":{"type":"LineString","coordinates":[[-62.2775,32.474],[-60.3892,32.776]]},"properties":{"azimuth":79.2,"regime":"Strike-slip","regime_code":"SS","regime_share":0.56,"agreement":0.94,"records":2,"support":1.7}},{"type":"Feature","geometry":{"type":"LineString","coordinates":[[-45.7802,31.9084],[-44.8865,33.3416]]},"properties":{"azimuth":27.7,"regime":"Normal faulting","regime_code":"NF","regime_share":0.91,"agreement":0.76,"records":44,"support":7.8}},{"type":"Feature","geometry":{"type":"LineString","coordinates":[[-43.159,31.9299],[-42.1743,33.3201]]},"properties":{"azimuth":30.8,"regime":"Normal faulting","regime_code":"NF","regime_share":0.86,"agreement":0.73,"records":83,"support":39.1}},{"type":"Feature","geometry":{"type":"LineString","coordinates":[[-40.5331,31.9516],[-39.4669,33.2984]]},"properties":{"azimuth":33.7,"regime":"Normal faulting","regime_code":"NF","regime_share":0.8,"agreement":0.71,"records":84,"support":54.1}},{"type":"Feature","geometry":{"type":"LineString","coordinates":[[-37.9718,32.0201],[-36.6948,33.2299]]},"properties":{"azimuth":41.6,"regime":"Normal faulting","regime_code":"NF","regime_share":0.57,"agreement":0.69,"records":89,"support":39.0}},{"type":"Feature","geometry":{"type":"LineString","coordinates":[[-35.4,32.1019],[-33.9334,33.1481]]},"properties":{"azimuth":49.7,"regime":"Strike-slip","regime_code":"SS","regime_share":0.61,"agreement":0.77,"records":53,"support":17.5}},{"type":"Feature","geometry":{"type":"LineString","coordinates":[[-32.7514,32.1204],[-31.2486,33.1296]]},"properties":{"azimuth":51.4,"regime":"Strike-slip","regime_code":"SS","regime_share":0.73,"agreement":0.94,"records":17,"support":2.9}},{"type":"Feature","geometry":{"type":"LineString","coordinates":[[-16.7933,33.0819],[-15.2067,32.1681]]},"properties":{"azimuth":124.4,"regime":"Strike-slip","regime_code":"SS","regime_share":0.7,"agreement":0.82,"records":4,"support":1.2}},{"type":"Feature","geometry":{"type":"LineString","coordinates":[[-13.995,33.212],[-12.6717,32.038]]},"properties":{"azimuth":136.5,"regime":"Strike-slip","regime_code":"SS","regime_share":0.84,"agreement":0.67,"records":10,"support":3.0}},{"type":"Feature","geometry":{"type":"LineString","coordinates":[[-11.0948,33.3496],[-10.2386,31.9004]]},"properties":{"azimuth":153.5,"regime":"Strike-slip","regime_code":"SS","regime_share":0.67,"agreement":0.53,"records":27,"support":7.6}},{"type":"Feature","geometry":{"type":"LineString","coordinates":[[-8.3618,33.3749],[-7.6382,31.8751]]},"properties":{"azimuth":157.9,"regime":"Strike-slip","regime_code":"SS","regime_share":0.5,"agreement":0.51,"records":73,"support":17.5}},{"type":"Feature","geometry":{"type":"LineString","coordinates":[[-5.7347,33.3604],[-4.932,31.8896]]},"properties":{"azimuth":155.3,"regime":"Strike-slip","regime_code":"SS","regime_share":0.67,"agreement":0.69,"records":214,"support":79.3}},{"type":"Feature","geometry":{"type":"LineString","coordinates":[[-3.0943,33.3498],[-2.239,31.9002]]},"properties":{"azimuth":153.6,"regime":"Strike-slip","regime_code":"SS","regime_share":0.69,"agreement":0.72,"records":241,"support":84.4}},{"type":"Feature","geometry":{"type":"LineString","coordinates":[[-0.5915,33.2629],[0.5915,31.9871]]},"properties":{"azimuth":142.0,"regime":"Thrust faulting","regime_code":"TF","regime_share":0.54,"agreement":0.75,"records":189,"support":38.3}},{"type":"Feature","geometry":{"type":"LineString","coordinates":[[2.0955,33.2759],[3.2379,31.9741]]},"properties":{"azimuth":143.5,"regime":"Thrust faulting","regime_code":"TF","regime_share":0.61,"agreement":0.73,"records":176,"support":34.5}},{"type":"Feature","geometry":{"type":"LineString","coordinates":[[4.8209,33.3097],[5.8457,31.9403]]},"properties":{"azimuth":147.8,"regime":"Strike-slip","regime_code":"SS","regime_share":0.56,"agreement":0.54,"records":57,"support":14.5}},{"type":"Feature","geometry":{"type":"LineString","coordinates":[[7.543,33.337],[8.457,31.913]]},"properties":{"azimuth":151.6,"regime":"Strike-slip","regime_code":"SS","regime_share":0.61,"agreement":0.53,"records":71,"support":25.5}},{"type":"Feature","geometry":{"type":"LineString","coordinates":[[10.0909,33.273],[11.2425,31.977]]},"properties":{"azimuth":143.2,"regime":"Strike-slip","regime_code":"SS","regime_share":0.6,"agreement":0.54,"records":61,"support":25.6}},{"type":"Feature","geometry":{"type":"LineString","coordinates":[[12.7175,33.2464],[13.9491,32.0036]]},"properties":{"azimuth":140.2,"regime":"Strike-slip","regime_code":"SS","regime_share":0.64,"agreement":0.64,"records":44,"support":15.2}},{"type":"Feature","geometry":{"type":"LineString","coordinates":[[15.2537,33.1349],[16.7463,32.1151]]},"properties":{"azimuth":129.1,"regime":"Strike-slip","regime_code":"SS","regime_share":0.58,"agreement":0.68,"records":19,"support":8.0}},{"type":"Feature","geometry":{"type":"LineString","coordinates":[[17.9111,33.1252],[19.4222,32.1248]]},"properties":{"azimuth":128.2,"regime":"Strike-slip","regime_code":"SS","regime_share":0.5,"agreement":0.4,"records":26,"support":6.0}},{"type":"Feature","geometry":{"type":"LineString","coordinates":[[21.037,31.8551],[21.6297,33.3949]]},"properties":{"azimuth":18.0,"regime":"Thrust faulting","regime_code":"TF","regime_share":0.53,"agreement":0.47,"records":129,"support":35.4}},{"type":"Feature","geometry":{"type":"LineString","coordinates":[[23.7487,31.8438],[24.2513,33.4062]]},"properties":{"azimuth":15.2,"regime":"Thrust faulting","regime_code":"TF","regime_share":0.42,"agreement":0.5,"records":203,"support":75.9}},{"type":"Feature","geometry":{"type":"LineString","coordinates":[[26.4443,31.8376],[26.889,33.4124]]},"properties":{"azimuth":13.4,"regime":"Strike-slip","regime_code":"SS","regime_share":0.39,"agreement":0.5,"records":205,"support":82.3}},{"type":"Feature","geometry":{"type":"LineString","coordinates":[[29.2726,33.4328],[29.3941,31.8172]]},"properties":{"azimuth":176.4,"regime":"Undetermined","regime_code":"U","regime_share":0.3,"agreement":0.09,"records":229,"support":77.6}},{"type":"Feature","geometry":{"type":"LineString","coordinates":[[31.1184,32.9472],[32.8816,32.3028]]},"properties":{"azimuth":113.5,"regime":"Undetermined","regime_code":"U","regime_share":0.45,"agreement":0.3,"records":167,"support":83.6}},{"type":"Feature","geometry":{"type":"LineString","coordinates":[[34.0432,33.241],[35.2901,32.009]]},"properties":{"azimuth":139.6,"regime":"Strike-slip","regime_code":"SS","regime_share":0.41,"agreement":0.34,"records":146,"support":74.6}},{"type":"Feature","geometry":{"type":"LineString","coordinates":[[36.8662,33.3323],[37.8004,31.9177]]},"properties":{"azimuth":150.9,"regime":"Strike-slip","regime_code":"SS","regime_share":0.53,"agreement":0.58,"records":68,"support":39.0}},{"type":"Feature","geometry":{"type":"LineString","coordinates":[[39.603,33.3621],[40.397,31.8879]]},"properties":{"azimuth":155.6,"regime":"Strike-slip","regime_code":"SS","regime_share":0.53,"agreement":0.69,"records":33,"support":10.5}},{"type":"Feature","geometry":{"type":"LineString","coordinates":[[42.057,31.9993],[43.2763,33.2507]]},"properties":{"azimuth":39.4,"regime":"Thrust faulting","regime_code":"TF","regime_share":0.58,"agreement":0.56,"records":50,"support":12.8}},{"type":"Feature","geometry":{"type":"LineString","coordinates":[[44.8278,31.9366],[45.8388,33.3134]]},"properties":{"azimuth":31.7,"regime":"Thrust faulting","regime_code":"TF","regime_share":0.75,"agreement":0.72,"records":89,"support":51.0}},{"type":"Feature","geometry":{"type":"LineString","coordinates":[[47.5506,31.9095],[48.4494,33.3405]]},"properties":{"azimuth":27.9,"regime":"Thrust faulting","regime_code":"TF","regime_share":0.77,"agreement":0.75,"records":107,"support":74.1}},{"type":"Feature","geometry":{"type":"LineString","coordinates":[[50.2524,31.8947],[51.081,33.3553]]},"properties":{"azimuth":25.5,"regime":"Thrust faulting","regime_code":"TF","regime_share":0.71,"agreement":0.75,"records":119,"support":51.4}},{"type":"Feature","geometry":{"type":"LineString","coordinates":[[52.9832,31.8712],[53.6835,33.3788]]},"properties":{"azimuth":21.4,"regime":"Thrust faulting","regime_code":"TF","regime_share":0.51,"agreement":0.73,"records":76,"support":21.2}},{"type":"Feature","geometry":{"type":"LineString","coordinates":[[55.5755,31.8989],[56.4245,33.3511]]},"properties":{"azimuth":26.2,"regime":"Strike-slip","regime_code":"SS","regime_share":0.51,"agreement":0.68,"records":53,"support":20.6}},{"type":"Feature","geometry":{"type":"LineString","coordinates":[[58.1299,31.9536],[59.2034,33.2964]]},"properties":{"azimuth":34.0,"regime":"Thrust faulting","regime_code":"TF","regime_share":0.49,"agreement":0.73,"records":58,"support":27.6}},{"type":"Feature","geometry":{"type":"LineString","coordinates":[[60.7154,32.0051],[61.9513,33.2449]]},"properties":{"azimuth":40.0,"regime":"Thrust faulting","regime_code":"TF","regime_share":0.49,"agreement":0.82,"records":37,"support":13.8}},{"type":"Feature","geometry":{"type":"LineString","coordinates":[[63.7383,31.8462],[64.2617,33.4038]]},"properties":{"azimuth":15.8,"regime":"Strike-slip","regime_code":"SS","regime_share":0.63,"agreement":0.48,"records":25,"support":5.3}},{"type":"Feature","geometry":{"type":"LineString","coordinates":[[66.3773,33.3968],[66.956,31.8532]]},"properties":{"azimuth":162.5,"regime":"Strike-slip","regime_code":"SS","regime_share":0.52,"agreement":0.56,"records":67,"support":19.1}},{"type":"Feature","geometry":{"type":"LineString","coordinates":[[69.0076,33.3865],[69.6591,31.8635]]},"properties":{"azimuth":160.2,"regime":"Thrust faulting","regime_code":"TF","regime_share":0.6,"agreement":0.38,"records":120,"support":38.7}},{"type":"Feature","geometry":{"type":"LineString","coordinates":[[71.6094,31.8855],[72.3906,33.3645]]},"properties":{"azimuth":24.0,"regime":"Thrust faulting","regime_code":"TF","regime_share":0.77,"agreement":0.29,"records":99,"support":43.6}},{"type":"Feature","geometry":{"type":"LineString","coordinates":[[74.0626,31.9955],[75.2707,33.2545]]},"properties":{"azimuth":38.9,"regime":"Thrust faulting","regime_code":"TF","regime_share":0.8,"agreement":0.59,"records":85,"support":37.4}},{"type":"Feature","geometry":{"type":"LineString","coordinates":[[76.782,31.9621],[77.8847,33.2879]]},"properties":{"azimuth":35.0,"regime":"Thrust faulting","regime_code":"TF","regime_share":0.56,"agreement":0.5,"records":99,"support":35.7}},{"type":"Feature","geometry":{"type":"LineString","coordinates":[[79.7358,31.8468],[80.2642,33.4032]]},"properties":{"azimuth":16.0,"regime":"Thrust faulting","regime_code":"TF","regime_share":0.38,"agreement":0.54,"records":137,"support":51.7}},{"type":"Feature","geometry":{"type":"LineString","coordinates":[[82.576,31.8192],[82.7573,33.4308]]},"properties":{"azimuth":5.4,"regime":"Strike-slip","regime_code":"SS","regime_share":0.48,"agreement":0.73,"records":140,"support":51.5}},{"type":"Feature","geometry":{"type":"LineString","coordinates":[[85.2052,31.8228],[85.4614,33.4272]]},"properties":{"azimuth":7.7,"regime":"Normal faulting","regime_code":"NF","regime_share":0.51,"agreement":0.79,"records":119,"support":51.6}},{"type":"Feature","geometry":{"type":"LineString","coordinates":[[87.7414,31.8455],[88.2586,33.4045]]},"properties":{"azimuth":15.6,"regime":"Normal faulting","regime_code":"NF","regime_share":0.55,"agreement":0.83,"records":145,"support":61.1}},{"type":"Feature","geometry":{"type":"LineString","coordinates":[[90.3612,31.8576],[90.9722,33.3924]]},"properties":{"azimuth":18.5,"regime":"Strike-slip","regime_code":"SS","regime_share":0.52,"agreement":0.82,"records":137,"support":63.9}},{"type":"Feature","geometry":{"type":"LineString","coordinates":[[92.9019,31.9018],[93.7648,33.3482]]},"properties":{"azimuth":26.7,"regime":"Strike-slip","regime_code":"SS","regime_share":0.72,"agreement":0.75,"records":111,"support":54.1}},{"type":"Feature","geometry":{"type":"LineString","coordinates":[[95.3394,32.0372],[96.6606,33.2128]]},"properties":{"azimuth":43.4,"regime":"Strike-slip","regime_code":"SS","regime_share":0.81,"agreement":0.71,"records":88,"support":38.5}},{"type":"Feature","geometry":{"type":"LineString","coordinates":[[97.8113,32.256],[99.522,32.994]]},"properties":{"azimuth":62.9,"regime":"Strike-slip","regime_code":"SS","regime_share":0.74,"agreement":0.58,"records":83,"support":32.5}},{"type":"Feature","geometry":{"type":"LineString","coordinates":[[100.3731,32.6573],[102.2936,32.5927]]},"properties":{"azimuth":92.3,"regime":"Strike-slip","regime_code":"SS","regime_share":0.45,"agreement":0.41,"records":283,"support":123.2}},{"type":"Feature","geometry":{"type":"LineString","coordinates":[[103.0453,32.7177],[104.9547,32.5323]]},"properties":{"azimuth":96.6,"regime":"Thrust faulting","regime_code":"TF","regime_share":0.45,"agreement":0.39,"records":309,"support":215.4}},{"type":"Feature","geometry":{"type":"LineString","coordinates":[[105.7148,32.7365],[107.6185,32.5135]]},"properties":{"azimuth":97.9,"regime":"Thrust faulting","regime_code":"TF","regime_share":0.44,"agreement":0.36,"records":278,"support":150.5}},{"type":"Feature","geometry":{"type":"LineString","coordinates":[[108.4242,32.8874],[110.2425,32.3626]]},"properties":{"azimuth":108.9,"regime":"Undetermined","regime_code":"U","regime_share":0.43,"agreement":0.29,"records":126,"support":43.8}},{"type":"Feature","geometry":{"type":"LineString","coordinates":[[111.039,32.6212],[112.961,32.6288]]},"properties":{"azimuth":89.7,"regime":"Undetermined","regime_code":"U","regime_share":0.75,"agreement":0.4,"records":109,"support":30.6}},{"type":"Feature","geometry":{"type":"LineString","coordinates":[[113.7159,32.5071],[115.6174,32.7429]]},"properties":{"azimuth":81.6,"regime":"Undetermined","regime_code":"U","regime_share":0.77,"agreement":0.61,"records":111,"support":41.2}},{"type":"Feature","geometry":{"type":"LineString","coordinates":[[116.397,32.4427],[118.2697,32.8073]]},"properties":{"azimuth":77.0,"regime":"Undetermined","regime_code":"U","regime_share":0.67,"agreement":0.7,"records":111,"support":42.3}},{"type":"Feature","geometry":{"type":"LineString","coordinates":[[119.0973,32.3473],[120.9027,32.9027]]},"properties":{"azimuth":69.9,"regime":"Undetermined","regime_code":"U","regime_share":0.57,"agreement":0.79,"records":50,"support":32.1}},{"type":"Feature","geometry":{"type":"LineString","coordinates":[[121.7839,32.305],[123.5494,32.945]]},"properties":{"azimuth":66.7,"regime":"Undetermined","regime_code":"U","regime_share":0.51,"agreement":0.75,"records":50,"support":22.6}},{"type":"Feature","geometry":{"type":"LineString","coordinates":[[124.422,32.3682],[126.2447,32.8818]]},"properties":{"azimuth":71.5,"regime":"Strike-slip","regime_code":"SS","regime_share":0.6,"agreement":0.74,"records":75,"support":23.5}},{"type":"Feature","geometry":{"type":"LineString","coordinates":[[127.0526,32.4891],[128.9474,32.7609]]},"properties":{"azimuth":80.3,"regime":"Normal faulting","regime_code":"NF","regime_share":0.46,"agreement":0.69,"records":163,"support":77.2}},{"type":"Feature","geometry":{"type":"LineString","coordinates":[[129.7058,32.6119],[131.6276,32.6381]]},"properties":{"azimuth":89.1,"regime":"Normal faulting","regime_code":"NF","regime_share":0.5,"agreement":0.56,"records":193,"support":129.4}},{"type":"Feature","geometry":{"type":"LineString","coordinates":[[132.3851,32.7567],[134.2816,32.4933]]},"properties":{"azimuth":99.4,"regime":"Strike-slip","regime_code":"SS","regime_share":0.42,"agreement":0.53,"records":233,"support":166.7}},{"type":"Feature","geometry":{"type":"LineString","coordinates":[[135.1428,32.9909],[136.8572,32.2591]]},"properties":{"azimuth":116.9,"regime":"Strike-slip","regime_code":"SS","regime_share":0.58,"agreement":0.51,"records":410,"support":259.4}},{"type":"Feature","geometry":{"type":"LineString","coordinates":[[137.8922,33.1043],[139.4411,32.1457]]},"properties":{"azimuth":126.3,"regime":"Strike-slip","regime_code":"SS","regime_share":0.56,"agreement":0.54,"records":573,"support":340.3}},{"type":"Feature","geometry":{"type":"LineString","coordinates":[[140.5484,33.092],[142.1183,32.158]]},"properties":{"azimuth":125.2,"regime":"Thrust faulting","regime_code":"TF","regime_share":0.43,"agreement":0.48,"records":537,"support":273.6}},{"type":"Feature","geometry":{"type":"LineString","coordinates":[[143.0872,32.8783],[144.9128,32.3717]]},"properties":{"azimuth":108.2,"regime":"Thrust faulting","regime_code":"TF","regime_share":0.62,"agreement":0.28,"records":253,"support":89.8}},{"type":"Feature","geometry":{"type":"LineString","coordinates":[[146.5781,33.4309],[146.7552,31.8191]]},"properties":{"azimuth":174.7,"regime":"Normal faulting","regime_code":"NF","regime_share":0.89,"agreement":0.73,"records":33,"support":6.8}},{"type":"Feature","geometry":{"type":"LineString","coordinates":[[-121.7928,29.684],[-120.8159,31.066]]},"properties":{"azimuth":31.4,"regime":"Thrust faulting","regime_code":"TF","regime_share":0.45,"agreement":0.71,"records":5,"support":2.6}},{"type":"Feature","geometry":{"type":"LineString","coordinates":[[-118.8111,29.5718],[-118.5802,31.1782]]},"properties":{"azimuth":7.1,"regime":"Strike-slip","regime_code":"SS","regime_share":0.69,"agreement":0.86,"records":284,"support":91.7}},{"type":"Feature","geometry":{"type":"LineString","coordinates":[[-116.1695,29.5687],[-116.0044,31.1813]]},"properties":{"azimuth":5.0,"regime":"Strike-slip","regime_code":"SS","regime_share":0.8,"agreement":0.84,"records":324,"support":163.0}},{"type":"Feature","geometry":{"type":"LineString","coordinates":[[-113.4977,29.5658],[-113.4588,31.1842]]},"properties":{"azimuth":1.2,"regime":"Strike-slip","regime_code":"SS","regime_share":0.7,"agreement":0.84,"records":195,"support":97.3}},{"type":"Feature","geometry":{"type":"LineString","coordinates":[[-110.8893,31.1842],[-110.8498,29.5658]]},"properties":{"azimuth":178.8,"regime":"Strike-slip","regime_code":"SS","regime_share":0.61,"agreement":0.83,"records":101,"support":35.9}},{"type":"Feature","geometry":{"type":"LineString","coordinates":[[-108.5317,29.6001],[-107.99,31.1499]]},"properties":{"azimuth":16.8,"regime":"Normal faulting","regime_code":"NF","regime_share":0.45,"agreement":0.19,"records":49,"support":14.4}},{"type":"Feature","geometry":{"type":"LineString","coordinates":[[-106.5897,30.4057],[-104.7147,30.3443]]},"properties":{"azimuth":92.2,"regime":"Undetermined","regime_code":"U","regime_share":0.9,"agreement":0.43,"records":118,"support":69.3}},{"type":"Feature","geometry":{"type":"LineString","coordinates":[[-103.9816,30.3719],[-102.1053,30.3781]]},"properties":{"azimuth":89.8,"regime":"Undetermined","regime_code":"U","regime_share":0.96,"agreement":0.44,"records":143,"support":148.2}},{"type":"Feature","geometry":{"type":"LineString","coordinates":[[-101.3538,30.2125],[-99.5157,30.5375]]},"properties":{"azimuth":78.4,"regime":"Undetermined","regime_code":"U","regime_share":0.96,"agreement":0.38,"records":190,"support":135.0}},{"type":"Feature","geometry":{"type":"LineString","coordinates":[[-98.5813,29.8948],[-97.0709,30.8552]]},"properties":{"azimuth":53.6,"regime":"Undetermined","regime_code":"U","regime_share":0.94,"agreement":0.52,"records":151,"support":67.9}},{"type":"Feature","geometry":{"type":"LineString","coordinates":[[-95.9804,29.904],[-94.4544,30.846]]},"properties":{"azimuth":54.4,"regime":"Undetermined","regime_code":"U","regime_share":0.85,"agreement":0.61,"records":79,"support":34.5}},{"type":"Feature","geometry":{"type":"LineString","coordinates":[[-93.5318,30.2306],[-91.6856,30.5194]]},"properties":{"azimuth":79.7,"regime":"Undetermined","regime_code":"U","regime_share":0.58,"agreement":0.43,"records":42,"support":18.8}},{"type":"Feature","geometry":{"type":"LineString","coordinates":[[-90.9141,30.1928],[-89.0859,30.5572]]},"properties":{"azimuth":77.0,"regime":"Undetermined","regime_code":"U","regime_share":0.59,"agreement":0.1,"records":27,"support":14.1}},{"type":"Feature","geometry":{"type":"LineString","coordinates":[[-88.1055,29.8501],[-86.6771,30.8999]]},"properties":{"azimuth":49.6,"regime":"Undetermined","regime_code":"U","regime_share":0.93,"agreement":0.24,"records":13,"support":6.4}},{"type":"Feature","geometry":{"type":"LineString","coordinates":[[-85.2754,29.6863],[-84.2898,31.0637]]},"properties":{"azimuth":31.7,"regime":"Undetermined","regime_code":"U","regime_share":0.73,"agreement":0.47,"records":11,"support":2.6}},{"type":"Feature","geometry":{"type":"LineString","coordinates":[[-82.7,29.7048],[-81.6478,31.0452]]},"properties":{"azimuth":34.1,"regime":"Undetermined","regime_code":"U","regime_share":0.61,"agreement":0.72,"records":7,"support":4.5}},{"type":"Feature","geometry":{"type":"LineString","coordinates":[[-80.1251,29.7256],[-79.0053,31.0244]]},"properties":{"azimuth":36.6,"regime":"Undetermined","regime_code":"U","regime_share":0.66,"agreement":0.76,"records":6,"support":4.3}},{"type":"Feature","geometry":{"type":"LineString","coordinates":[[-70.007,30.0865],[-68.2539,30.6635]]},"properties":{"azimuth":69.1,"regime":"Thrust faulting","regime_code":"TF","regime_share":1.0,"agreement":0.93,"records":2,"support":1.3}},{"type":"Feature","geometry":{"type":"LineString","coordinates":[[-67.3624,30.0158],[-65.681,30.7342]]},"properties":{"azimuth":63.7,"regime":"Thrust faulting","regime_code":"TF","regime_share":1.0,"agreement":0.96,"records":2,"support":1.1}},{"type":"Feature","geometry":{"type":"LineString","coordinates":[[-46.0245,29.6321],[-45.2799,31.1179]]},"properties":{"azimuth":23.4,"regime":"Normal faulting","regime_code":"NF","regime_share":0.94,"agreement":0.82,"records":62,"support":20.9}},{"type":"Feature","geometry":{"type":"LineString","coordinates":[[-43.4603,29.6499],[-42.6266,31.1001]]},"properties":{"azimuth":26.4,"regime":"Normal faulting","regime_code":"NF","regime_share":0.93,"agreement":0.79,"records":98,"support":54.7}},{"type":"Feature","geometry":{"type":"LineString","coordinates":[[-40.8935,29.6689],[-39.9761,31.0811]]},"properties":{"azimuth":29.3,"regime":"Normal faulting","regime_code":"NF","regime_share":0.89,"agreement":0.76,"records":93,"support":53.1}},{"type":"Feature","geometry":{"type":"LineString","coordinates":[[-38.335,29.695],[-37.3172,31.055]]},"properties":{"azimuth":32.8,"regime":"Normal faulting","regime_code":"NF","regime_share":0.84,"agreement":0.74,"records":65,"support":20.7}},{"type":"Feature","geometry":{"type":"LineString","coordinates":[[-15.1491,30.796],[-13.5466,29.954]]},"properties":{"azimuth":121.3,"regime":"Strike-slip","regime_code":"SS","regime_share":0.58,"agreement":0.98,"records":2,"support":1.0}},{"type":"Feature","geometry":{"type":"LineString","coordinates":[[-12.6219,30.649],[-10.8564,30.101]]},"properties":{"azimuth":109.8,"regime":"Strike-slip","regime_code":"SS","regime_share":0.89,"agreement":0.46,"records":5,"support":2.7}},{"type":"Feature","geometry":{"type":"LineString","coordinates":[[-10.029,30.6077],[-8.2319,30.1423]]},"properties":{"azimuth":106.7,"regime":"Strike-slip","regime_code":"SS","regime_share":0.92,"agreement":0.21,"records":5,"support":3.5}},{"type":"Feature","geometry":{"type":"LineString","coordinates":[[-7.0004,31.0711],[-6.0431,29.6789]]},"properties":{"azimuth":149.3,"regime":"Strike-slip","regime_code":"SS","regime_share":0.68,"agreement":0.42,"records":11,"support":4.3}},{"type":"Feature","geometry":{"type":"LineString","coordinates":[[-4.3703,31.0817],[-3.4558,29.6683]]},"properties":{"azimuth":150.8,"regime":"Strike-slip","regime_code":"SS","regime_share":0.59,"agreement":0.68,"records":8,"support":2.8}},{"type":"Feature","geometry":{"type":"LineString","coordinates":[[-2.1861,30.6515],[-0.4226,30.0985]]},"properties":{"azimuth":110.0,"regime":"Thrust faulting","regime_code":"TF","regime_share":0.51,"agreement":0.8,"records":3,"support":1.1}},{"type":"Feature","geometry":{"type":"LineString","coordinates":[[8.8103,31.1358],[9.4506,29.6142]]},"properties":{"azimuth":160.0,"regime":"Strike-slip","regime_code":"SS","regime_share":0.55,"agreement":0.61,"records":17,"support":3.1}},{"type":"Feature","geometry":{"type":"LineString","coordinates":[[11.3295,31.1032],[12.1487,29.6468]]},"properties":{"azimuth":154.1,"regime":"Strike-slip","regime_code":"SS","regime_share":0.72,"agreement":0.76,"records":9,"support":2.2}},{"type":"Feature","geometry":{"type":"LineString","coordinates":[[13.7336,30.9868],[14.9621,29.7632]]},"properties":{"azimuth":139.1,"regime":"Strike-slip","regime_code":"SS","regime_share":0.6,"agreement":0.58,"records":7,"support":3.0}},{"type":"Feature","geometry":{"type":"LineString","coordinates":[[16.3686,31.0057],[17.5445,29.7443]]},"properties":{"azimuth":141.2,"regime":"Strike-slip","regime_code":"SS","regime_share":0.54,"agreement":0.56,"records":5,"support":1.9}},{"type":"Feature","geometry":{"type":"LineString","coordinates":[[24.6838,29.5701],[24.8814,31.1799]]},"properties":{"azimuth":6.0,"regime":"Thrust faulting","regime_code":"TF","regime_share":0.57,"agreement":0.43,"records":43,"support":7.6}},{"type":"Feature","geometry":{"type":"LineString","coordinates":[[26.5514,30.7357],[28.2312,30.0143]]},"properties":{"azimuth":116.5,"regime":"Normal faulting","regime_code":"NF","regime_share":0.41,"agreement":0.35,"records":83,"support":23.2}},{"type":"Feature","geometry":{"type":"LineString","coordinates":[[29.1508,30.7191],[30.8492,30.0309]]},"properties":{"azimuth":115.2,"regime":"Normal faulting","regime_code":"NF","regime_share":0.46,"agreement":0.55,"records":133,"support":83.0}},{"type":"Feature","geometry":{"type":"LineString","coordinates":[[31.8247,30.8195],[33.3927,29.9305]]},"properties":{"azimuth":123.3,"regime":"Normal faulting","regime_code":"NF","regime_share":0.43,"agreement":0.5,"records":284,"support":163.3}},{"type":"Feature","geometry":{"type":"LineString","coordinates":[[34.5351,30.9305],[35.8997,29.8195]]},"properties":{"azimuth":133.3,"regime":"Normal faulting","regime_code":"NF","regime_share":0.37,"agreement":0.49,"records":283,"support":129.0}},{"type":"Feature","geometry":{"type":"LineString","coordinates":[[37.3761,31.0852],[38.2761,29.6648]]},"properties":{"azimuth":151.3,"regime":"Strike-slip","regime_code":"SS","regime_share":0.59,"agreement":0.66,"records":77,"support":30.2}},{"type":"Feature","geometry":{"type":"LineString","coordinates":[[40.1832,31.1548],[40.6863,29.5952]]},"properties":{"azimuth":164.4,"regime":"Undetermined","regime_code":"U","regime_share":0.44,"agreement":0.95,"records":4,"support":1.2}},{"type":"Feature","geometry":{"type":"LineString","coordinates":[[42.4667,29.7367],[43.6203,31.0133]]},"properties":{"azimuth":37.9,"regime":"Thrust faulting","regime_code":"TF","regime_share":0.91,"agreement":0.8,"records":12,"support":1.9}},{"type":"Feature","geometry":{"type":"LineString","coordinates":[[45.1276,29.704],[46.1768,31.046]]},"properties":{"azimuth":34.0,"regime":"Thrust faulting","regime_code":"TF","regime_share":0.8,"agreement":0.78,"records":67,"support":23.9}},{"type":"Feature","geometry":{"type":"LineString","coordinates":[[47.7498,29.6962],[48.7719,31.0538]]},"properties":{"azimuth":33.0,"regime":"Thrust faulting","regime_code":"TF","regime_share":0.72,"agreement":0.77,"records":105,"support":46.1}},{"type":"Feature","geometry":{"type":"LineString","coordinates":[[50.3565,29.6974],[51.3827,31.0526]]},"properties":{"azimuth":33.2,"regime":"Thrust faulting","regime_code":"TF","regime_share":0.67,"agreement":0.74,"records":116,"support":52.6}},{"type":"Feature","geometry":{"type":"LineString","coordinates":[[53.1116,29.63],[53.845,31.12]]},"properties":{"azimuth":23.0,"regime":"Thrust faulting","regime_code":"TF","regime_share":0.7,"agreement":0.69,"records":127,"support":48.9}},{"type":"Feature","geometry":{"type":"LineString","coordinates":[[55.8925,29.5832],[56.2814,31.1668]]},"properties":{"azimuth":12.0,"regime":"Thrust faulting","regime_code":"TF","regime_share":0.67,"agreement":0.7,"records":133,"support":46.5}},{"type":"Feature","geometry":{"type":"LineString","coordinates":[[58.3249,29.6315],[59.0664,31.1185]]},"properties":{"azimuth":23.3,"regime":"Thrust faulting","regime_code":"TF","regime_share":0.54,"agreement":0.6,"records":91,"support":33.8}},{"type":"Feature","geometry":{"type":"LineString","coordinates":[[60.6529,29.7926],[61.9558,30.9574]]},"properties":{"azimuth":44.0,"regime":"Strike-slip","regime_code":"SS","regime_share":0.55,"agreement":0.6,"records":35,"support":11.0}},{"type":"Feature","geometry":{"type":"LineString","coordinates":[[63.6998,31.1632],[64.1263,29.5868]]},"properties":{"azimuth":166.9,"regime":"Strike-slip","regime_code":"SS","regime_share":0.64,"agreement":0.59,"records":43,"support":11.8}},{"type":"Feature","geometry":{"type":"LineString","coordinates":[[66.3292,31.1672],[66.7142,29.5828]]},"properties":{"azimuth":168.2,"regime":"Strike-slip","regime_code":"SS","regime_share":0.56,"agreement":0.67,"records":59,"support":32.7}},{"type":"Feature","geometry":{"type":"LineString","coordinates":[[68.8887,31.1571],[69.3722,29.5929]]},"properties":{"azimuth":165.1,"regime":"Thrust faulting","regime_code":"TF","regime_share":0.52,"agreement":0.63,"records":56,"support":36.7}},{"type":"Feature","geometry":{"type":"LineString","coordinates":[[71.364,31.1169],[72.1143,29.6331]]},"properties":{"azimuth":156.4,"regime":"Thrust faulting","regime_code":"TF","regime_share":0.58,"agreement":0.61,"records":44,"support":17.1}},{"type":"Feature","geometry":{"type":"LineString","coordinates":[[73.7165,29.7763],[74.9791,30.9737]]},"properties":{"azimuth":42.3,"regime":"Thrust faulting","regime_code":"TF","regime_share":0.6,"agreement":0.26,"records":37,"support":9.8}},{"type":"Feature","geometry":{"type":"LineString","coordinates":[[76.4709,29.6825],[77.4422,31.0675]]},"properties":{"azimuth":31.2,"regime":"Thrust faulting","regime_code":"TF","regime_share":0.61,"agreement":0.43,"records":69,"support":38.5}},{"type":"Feature","geometry":{"type":"LineString","coordinates":[[79.2264,29.6202],[79.9041,31.1298]]},"properties":{"azimuth":21.2,"regime":"Thrust faulting","regime_code":"TF","regime_share":0.59,"agreement":0.48,"records":98,"support":65.4}},{"type":"Feature","geometry":{"type":"LineString","coordinates":[[82.0363,29.5744],[82.3115,31.1756]]},"properties":{"azimuth":8.4,"regime":"Thrust faulting","regime_code":"TF","regime_share":0.39,"agreement":0.6,"records":127,"support":64.2}},{"type":"Feature","geometry":{"type":"LineString","coordinates":[[84.7481,29.5662],[84.8172,31.1838]]},"properties":{"azimuth":2.1,"regime":"Normal faulting","regime_code":"NF","regime_share":0.48,"agreement":0.75,"records":108,"support":55.4}},{"type":"Feature","geometry":{"type":"LineString","coordinates":[[87.286,29.5707],[87.4966,31.1793]]},"properties":{"azimuth":6.4,"regime":"Normal faulting","regime_code":"NF","regime_share":0.63,"agreement":0.75,"records":121,"support":54.3}},{"type":"Feature","geometry":{"type":"LineString","coordinates":[[89.8171,29.5811],[90.1829,31.1689]]},"properties":{"azimuth":11.2,"regime":"Normal faulting","regime_code":"NF","regime_share":0.61,"agreement":0.75,"records":117,"support":50.0}},{"type":"Feature","geometry":{"type":"LineString","coordinates":[[92.3299,29.6022],[92.8875,31.1478]]},"properties":{"azimuth":17.3,"regime":"Strike-slip","regime_code":"SS","regime_share":0.52,"agreement":0.64,"records":99,"support":41.8}},{"type":"Feature","geometry":{"type":"LineString","coordinates":[[94.6513,29.7296],[95.7835,31.0204]]},"properties":{"azimuth":37.1,"regime":"Strike-slip","regime_code":"SS","regime_share":0.69,"agreement":0.52,"records":90,"support":34.2}},{"type":"Feature","geometry":{"type":"LineString","coordinates":[[96.9541,30.0764],[98.6981,30.6736]]},"properties":{"azimuth":68.4,"regime":"Strike-slip","regime_code":"SS","regime_share":0.61,"agreement":0.39,"records":101,"support":39.5}},{"type":"Feature","geometry":{"type":"LineString","coordinates":[[99.5184,30.5484],[101.3512,30.2016]]},"properties":{"azimuth":102.4,"regime":"Strike-slip","regime_code":"SS","regime_share":0.51,"agreement":0.37,"records":267,"support":111.4}},{"type":"Feature","geometry":{"type":"LineString","coordinates":[[102.1314,30.5645],[103.9556,30.1855]]},"properties":{"azimuth":103.5,"regime":"Strike-slip","regime_code":"SS","regime_share":0.43,"agreement":0.41,"records":366,"support":212.2}},{"type":"Feature","geometry":{"type":"LineString","coordinates":[[104.7362,30.5501],[106.5681,30.1999]]},"properties":{"azimuth":102.5,"regime":"Thrust faulting","regime_code":"TF","regime_share":0.42,"agreement":0.39,"records":307,"support":170.3}},{"type":"Feature","geometry":{"type":"LineString","coordinates":[[107.3549,30.5853],[109.1668,30.1647]]},"properties":{"azimuth":105.1,"regime":"Undetermined","regime_code":"U","regime_share":0.4,"agreement":0.31,"records":191,"support":57.2}},{"type":"Feature","geometry":{"type":"LineString","coordinates":[[109.9648,30.589],[111.7744,30.161]]},"properties":{"azimuth":105.3,"regime":"Undetermined","regime_code":"U","regime_share":0.72,"agreement":0.43,"records":45,"support":20.6}},{"type":"Feature","geometry":{"type":"LineString","coordinates":[[112.5489,30.4854],[114.4077,30.2646]]},"properties":{"azimuth":97.8,"regime":"Undetermined","regime_code":"U","regime_share":0.58,"agreement":0.56,"records":32,"support":11.9}},{"type":"Feature","geometry":{"type":"LineString","coordinates":[[115.1696,30.2054],[117.0043,30.5446]]},"properties":{"azimuth":77.9,"regime":"Undetermined","regime_code":"U","regime_share":0.46,"agreement":0.71,"records":34,"support":11.7}},{"type":"Feature","geometry":{"type":"LineString","coordinates":[[117.7913,30.1597],[119.6,30.5903]]},"properties":{"azimuth":74.6,"regime":"Undetermined","regime_code":"U","regime_share":0.59,"agreement":0.56,"records":53,"support":20.5}},{"type":"Feature","geometry":{"type":"LineString","coordinates":[[120.4044,30.1463],[122.2043,30.6037]]},"properties":{"azimuth":73.6,"regime":"Undetermined","regime_code":"U","regime_share":0.69,"agreement":0.54,"records":49,"support":17.7}},{"type":"Feature","geometry":{"type":"LineString","coordinates":[[122.9867,30.2467],[124.8393,30.5033]]},"properties":{"azimuth":80.9,"regime":"Undetermined","regime_code":"U","regime_share":0.59,"agreement":0.45,"records":35,"support":11.0}},{"type":"Feature","geometry":{"type":"LineString","coordinates":[[125.5913,30.2716],[127.4522,30.4784]]},"properties":{"azimuth":82.7,"regime":"Strike-slip","regime_code":"SS","regime_share":0.38,"agreement":0.49,"records":101,"support":32.9}},{"type":"Feature","geometry":{"type":"LineString","coordinates":[[128.1927,30.4006],[130.0681,30.3494]]},"properties":{"azimuth":91.8,"regime":"Normal faulting","regime_code":"NF","regime_share":0.45,"agreement":0.38,"records":171,"support":93.9}},{"type":"Feature","geometry":{"type":"LineString","coordinates":[[130.8273,30.5654],[132.651,30.1846]]},"properties":{"azimuth":103.6,"regime":"Normal faulting","regime_code":"NF","regime_share":0.46,"agreement":0.32,"records":149,"support":96.6}},{"type":"Feature","geometry":{"type":"LineString","coordinates":[[133.5554,30.8082],[135.1403,29.9418]]},"properties":{"azimuth":122.4,"regime":"Thrust faulting","regime_code":"TF","regime_share":0.4,"agreement":0.31,"records":143,"support":52.9}},{"type":"Feature","geometry":{"type":"LineString","coordinates":[[136.4875,31.076],[137.4256,29.674]]},"properties":{"azimuth":150.0,"regime":"Strike-slip","regime_code":"SS","regime_share":0.28,"agreement":0.39,"records":78,"support":29.9}},{"type":"Feature","geometry":{"type":"LineString","coordinates":[[138.7164,30.7198],[140.414,30.0302]]},"properties":{"azimuth":115.2,"regime":"Thrust faulting","regime_code":"TF","regime_share":0.55,"agreement":0.33,"records":221,"support":74.3}},{"type":"Feature","geometry":{"type":"LineString","coordinates":[[141.2601,30.5583],[143.0877,30.1917]]},"properties":{"azimuth":103.1,"regime":"Thrust faulting","regime_code":"TF","regime_share":0.64,"agreement":0.4,"records":211,"support":101.7}},{"type":"Feature","geometry":{"type":"LineString","coordinates":[[143.9053,30.6618],[145.6599,30.0882]]},"properties":{"azimuth":110.8,"regime":"Thrust faulting","regime_code":"TF","regime_share":0.55,"agreement":0.33,"records":167,"support":54.2}},{"type":"Feature","geometry":{"type":"LineString","coordinates":[[147.102,31.1449],[147.6806,29.6051]]},"properties":{"azimuth":162.0,"regime":"Normal faulting","regime_code":"NF","regime_share":1.0,"agreement":0.95,"records":8,"support":1.3}},{"type":"Feature","geometry":{"type":"LineString","coordinates":[[-120.5451,27.4738],[-119.4549,28.7762]]},"properties":{"azimuth":36.4,"regime":"Strike-slip","regime_code":"SS","regime_share":0.7,"agreement":0.78,"records":4,"support":1.1}},{"type":"Feature","geometry":{"type":"LineString","coordinates":[[-117.4965,27.3168],[-117.3971,28.9332]]},"properties":{"azimuth":3.1,"regime":"Strike-slip","regime_code":"SS","regime_share":0.54,"agreement":0.75,"records":44,"support":12.7}},{"type":"Feature","geometry":{"type":"LineString","coordinates":[[-114.9498,28.9329],[-114.8375,27.3171]]},"properties":{"azimuth":176.5,"regime":"Strike-slip","regime_code":"SS","regime_share":0.63,"agreement":0.83,"records":106,"support":55.1}},{"type":"Feature","geometry":{"type":"LineString","coordinates":[[-112.4235,28.9311],[-112.2574,27.3189]]},"properties":{"azimuth":174.8,"regime":"Strike-slip","regime_code":"SS","regime_share":0.72,"agreement":0.88,"records":152,"support":92.4}},{"type":"Feature","geometry":{"type":"LineString","coordinates":[[-109.8811,28.9301],[-109.6933,27.3199]]},"properties":{"azimuth":174.1,"regime":"Strike-slip","regime_code":"SS","regime_share":0.78,"agreement":0.9,"records":151,"support":70.8}},{"type":"Feature","geometry":{"type":"LineString","coordinates":[[-107.2856,28.9331],[-107.1825,27.3169]]},"properties":{"azimuth":176.8,"regime":"Strike-slip","regime_code":"SS","regime_share":0.7,"agreement":0.89,"records":99,"support":22.6}},{"type":"Feature","geometry":{"type":"LineString","coordinates":[[-105.2479,28.7614],[-104.1138,27.4886]]},"properties":{"azimuth":141.8,"regime":"Undetermined","regime_code":"U","regime_share":0.88,"agreement":0.32,"records":91,"support":34.6}},{"type":"Feature","geometry":{"type":"LineString","coordinates":[[-102.7265,28.7384],[-101.5288,27.5116]]},"properties":{"azimuth":139.3,"regime":"Undetermined","regime_code":"U","regime_share":0.96,"agreement":0.12,"records":131,"support":69.4}},{"type":"Feature","geometry":{"type":"LineString","coordinates":[[-99.8673,27.3579],[-99.2817,28.8921]]},"properties":{"azimuth":18.6,"regime":"Undetermined","regime_code":"U","regime_share":0.97,"agreement":0.18,"records":89,"support":49.7}},{"type":"Feature","geometry":{"type":"LineString","coordinates":[[-97.6014,27.4978],[-96.4412,28.7522]]},"properties":{"azimuth":39.2,"regime":"Undetermined","regime_code":"U","regime_share":0.92,"agreement":0.56,"records":34,"support":16.9}},{"type":"Feature","geometry":{"type":"LineString","coordinates":[[-95.3636,27.948],[-93.5725,28.302]]},"properties":{"azimuth":77.4,"regime":"Normal faulting","regime_code":"NF","regime_share":0.53,"agreement":0.33,"records":26,"support":11.5}},{"type":"Feature","geometry":{"type":"LineString","coordinates":[[-92.735,28.4883],[-91.0948,27.7617]]},"properties":{"azimuth":116.7,"regime":"Normal faulting","regime_code":"NF","regime_share":0.6,"agreement":0.08,"records":24,"support":19.1}},{"type":"Feature","geometry":{"type":"LineString","coordinates":[[-89.8831,27.4589],[-88.8403,28.7911]]},"properties":{"azimuth":34.6,"regime":"Undetermined","regime_code":"U","regime_share":0.59,"agreement":0.05,"records":25,"support":19.1}},{"type":"Feature","geometry":{"type":"LineString","coordinates":[[-87.3135,27.4492],[-86.3035,28.8008]]},"properties":{"azimuth":33.4,"regime":"Undetermined","regime_code":"U","regime_share":0.84,"agreement":0.26,"records":14,"support":7.4}},{"type":"Feature","geometry":{"type":"LineString","coordinates":[[-84.6481,27.3935],[-83.8625,28.8565]]},"properties":{"azimuth":25.3,"regime":"Undetermined","regime_code":"U","regime_share":0.68,"agreement":0.64,"records":5,"support":1.1}},{"type":"Feature","geometry":{"type":"LineString","coordinates":[[-82.0614,27.3802],[-81.3428,28.8698]]},"properties":{"azimuth":23.0,"regime":"Undetermined","regime_code":"U","regime_share":1.0,"agreement":0.92,"records":3,"support":1.3}},{"type":"Feature","geometry":{"type":"LineString","coordinates":[[-79.5423,27.3937],[-78.7556,28.8563]]},"properties":{"azimuth":25.4,"regime":"Undetermined","regime_code":"U","regime_share":1.0,"agreement":0.92,"records":3,"support":1.1}},{"type":"Feature","geometry":{"type":"LineString","coordinates":[[-69.8231,27.9171],[-68.0492,28.3329]]},"properties":{"azimuth":75.1,"regime":"Thrust faulting","regime_code":"TF","regime_share":1.0,"agreement":0.93,"records":3,"support":1.8}},{"type":"Feature","geometry":{"type":"LineString","coordinates":[[-67.2631,27.8956],[-65.5029,28.3544]]},"properties":{"azimuth":73.5,"regime":"Thrust faulting","regime_code":"TF","regime_share":1.0,"agreement":0.9,"records":3,"support":1.4}},{"type":"Feature","geometry":{"type":"LineString","coordinates":[[-48.796,27.3557],[-48.2252,28.8943]]},"properties":{"azimuth":18.1,"regime":"Normal faulting","regime_code":"NF","regime_share":0.94,"agreement":0.82,"records":31,"support":5.0}},{"type":"Feature","geometry":{"type":"LineString","coordinates":[[-46.2767,27.3662],[-45.6382,28.8838]]},"properties":{"azimuth":20.4,"regime":"Normal faulting","regime_code":"NF","regime_share":0.94,"agreement":0.81,"records":69,"support":33.6}},{"type":"Feature","geometry":{"type":"LineString","coordinates":[[-43.7414,27.3722],[-43.0671,28.8778]]},"properties":{"azimuth":21.6,"regime":"Normal faulting","regime_code":"NF","regime_share":0.94,"agreement":0.8,"records":84,"support":53.1}},{"type":"Feature","geometry":{"type":"LineString","coordinates":[[-41.2238,27.3854],[-40.4783,28.8646]]},"properties":{"azimuth":24.0,"regime":"Normal faulting","regime_code":"NF","regime_share":0.93,"agreement":0.79,"records":93,"support":32.6}},{"type":"Feature","geometry":{"type":"LineString","coordinates":[[-38.6824,27.3901],[-37.9133,28.8599]]},"properties":{"azimuth":24.8,"regime":"Normal faulting","regime_code":"NF","regime_share":1.0,"agreement":0.78,"records":16,"support":2.8}},{"type":"Feature","geometry":{"type":"LineString","coordinates":[[-11.1291,28.1694],[-9.2964,28.0806]]},"properties":{"azimuth":93.1,"regime":"Strike-slip","regime_code":"SS","regime_share":1.0,"agreement":0.34,"records":3,"support":1.4}},{"type":"Feature","geometry":{"type":"LineString","coordinates":[[-8.5765,28.1598],[-6.7427,28.0902]]},"properties":{"azimuth":92.5,"regime":"Strike-slip","regime_code":"SS","regime_share":1.0,"agreement":0.36,"records":3,"support":1.1}},{"type":"Feature","geometry":{"type":"LineString","coordinates":[[27.2729,28.5018],[28.8973,27.7482]]},"properties":{"azimuth":117.7,"regime":"Normal faulting","regime_code":"NF","regime_share":0.61,"agreement":0.72,"records":59,"support":17.6}},{"type":"Feature","geometry":{"type":"LineString","coordinates":[[29.8489,28.5379],[31.4277,27.7121]]},"properties":{"azimuth":120.7,"regime":"Normal faulting","regime_code":"NF","regime_share":0.53,"agreement":0.62,"records":235,"support":108.3}},{"type":"Feature","geometry":{"type":"LineString","coordinates":[[32.4355,28.5839],[33.9475,27.6661]]},"properties":{"azimuth":124.5,"regime":"Normal faulting","regime_code":"NF","regime_share":0.49,"agreement":0.54,"records":250,"support":196.8}},{"type":"Feature","geometry":{"type":"LineString","coordinates":[[35.0488,28.6527],[36.4405,27.5973]]},"properties":{"azimuth":130.7,"regime":"Normal faulting","regime_code":"NF","regime_share":0.46,"agreement":0.49,"records":192,"support":130.7}},{"type":"Feature","geometry":{"type":"LineString","coordinates":[[37.7506,28.7747],[38.8451,27.4753]]},"properties":{"azimuth":143.4,"regime":"Normal faulting","regime_code":"NF","regime_share":0.52,"agreement":0.53,"records":114,"support":24.5}},{"type":"Feature","geometry":{"type":"LineString","coordinates":[[47.8869,27.5313],[49.1344,28.7187]]},"properties":{"azimuth":42.8,"regime":"Thrust faulting","regime_code":"TF","regime_share":0.62,"agreement":0.81,"records":48,"support":15.0}},{"type":"Feature","geometry":{"type":"LineString","coordinates":[[50.5693,27.4432],[51.5584,28.8068]]},"properties":{"azimuth":32.6,"regime":"Thrust faulting","regime_code":"TF","regime_share":0.74,"agreement":0.74,"records":85,"support":47.3}},{"type":"Feature","geometry":{"type":"LineString","coordinates":[[53.3408,27.3531],[53.8932,28.8969]]},"properties":{"azimuth":17.5,"regime":"Thrust faulting","regime_code":"TF","regime_share":0.8,"agreement":0.69,"records":143,"support":79.8}},{"type":"Feature","geometry":{"type":"LineString","coordinates":[[56.0129,27.3276],[56.3275,28.9224]]},"properties":{"azimuth":9.9,"regime":"Thrust faulting","regime_code":"TF","regime_share":0.73,"agreement":0.69,"records":144,"support":86.1}},{"type":"Feature","geometry":{"type":"LineString","coordinates":[[58.4712,27.3468],[58.9756,28.9032]]},"properties":{"azimuth":15.9,"regime":"Thrust faulting","regime_code":"TF","regime_share":0.56,"agreement":0.56,"records":97,"support":51.5}},{"type":"Feature","geometry":{"type":"LineString","coordinates":[[60.6974,27.4972],[61.8558,28.7528]]},"properties":{"azimuth":39.1,"regime":"Strike-slip","regime_code":"SS","regime_share":0.67,"agreement":0.43,"records":50,"support":14.6}},{"type":"Feature","geometry":{"type":"LineString","coordinates":[[63.473,28.8707],[64.1865,27.3793]]},"properties":{"azimuth":157.1,"regime":"Strike-slip","regime_code":"SS","regime_share":0.77,"agreement":0.68,"records":41,"support":15.7}},{"type":"Feature","geometry":{"type":"LineString","coordinates":[[66.1264,28.9021],[66.6396,27.3479]]},"properties":{"azimuth":163.8,"regime":"Strike-slip","regime_code":"SS","regime_share":0.63,"agreement":0.66,"records":60,"support":34.0}},{"type":"Feature","geometry":{"type":"LineString","coordinates":[[68.7218,28.912],[69.1506,27.338]]},"properties":{"azimuth":166.5,"regime":"Thrust faulting","regime_code":"TF","regime_share":0.51,"agreement":0.61,"records":59,"support":31.5}},{"type":"Feature","geometry":{"type":"LineString","coordinates":[[71.2272,28.9007],[71.7515,27.3493]]},"properties":{"azimuth":163.4,"regime":"Thrust faulting","regime_code":"TF","regime_share":0.65,"agreement":0.56,"records":33,"support":11.8}},{"type":"Feature","geometry":{"type":"LineString","coordinates":[[73.8775,27.3288],[74.2076,28.9212]]},"properties":{"azimuth":10.4,"regime":"Undetermined","regime_code":"U","regime_share":0.51,"agreement":0.37,"records":8,"support":2.2}},{"type":"Feature","geometry":{"type":"LineString","coordinates":[[76.2082,27.3913],[76.9833,28.8587]]},"properties":{"azimuth":25.0,"regime":"Thrust faulting","regime_code":"TF","regime_share":0.56,"agreement":0.38,"records":53,"support":17.3}},{"type":"Feature","geometry":{"type":"LineString","coordinates":[[78.7775,27.3849],[79.5204,28.8651]]},"properties":{"azimuth":23.9,"regime":"Thrust faulting","regime_code":"TF","regime_share":0.66,"agreement":0.48,"records":65,"support":36.3}},{"type":"Feature","geometry":{"type":"LineString","coordinates":[[81.47,27.3419],[81.9343,28.9081]]},"properties":{"azimuth":14.7,"regime":"Thrust faulting","regime_code":"TF","regime_share":0.56,"agreement":0.55,"records":92,"support":38.2}},{"type":"Feature","geometry":{"type":"LineString","coordinates":[[84.2168,27.3163],[84.2939,28.9337]]},"properties":{"azimuth":2.4,"regime":"Strike-slip","regime_code":"SS","regime_share":0.4,"agreement":0.68,"records":78,"support":31.3}},{"type":"Feature","geometry":{"type":"LineString","coordinates":[[86.7896,27.3158],[86.8274,28.9342]]},"properties":{"azimuth":1.2,"regime":"Normal faulting","regime_code":"NF","regime_share":0.51,"agreement":0.71,"records":86,"support":34.2}},{"type":"Feature","geometry":{"type":"LineString","coordinates":[[89.3026,27.3173],[89.4208,28.9327]]},"properties":{"azimuth":3.7,"regime":"Normal faulting","regime_code":"NF","regime_share":0.56,"agreement":0.7,"records":70,"support":32.7}},{"type":"Feature","geometry":{"type":"LineString","coordinates":[[91.7888,27.3233],[92.041,28.9267]]},"properties":{"azimuth":7.9,"regime":"Normal faulting","regime_code":"NF","regime_share":0.32,"agreement":0.53,"records":80,"support":33.0}},{"type":"Feature","geometry":{"type":"LineString","coordinates":[[94.0753,27.3935],[94.8609,28.8565]]},"properties":{"azimuth":25.3,"regime":"Strike-slip","regime_code":"SS","regime_share":0.43,"agreement":0.3,"records":70,"support":30.9}},{"type":"Feature","geometry":{"type":"LineString","coordinates":[[96.6421,27.3879],[97.4005,28.8621]]},"properties":{"azimuth":24.4,"regime":"Strike-slip","regime_code":"SS","regime_share":0.57,"agreement":0.19,"records":131,"support":45.0}},{"type":"Feature","geometry":{"type":"LineString","coordinates":[[99.0684,28.8002],[100.0805,27.4498]]},"properties":{"azimuth":146.5,"regime":"Strike-slip","regime_code":"SS","regime_share":0.64,"agreement":0.32,"records":226,"support":93.6}},{"type":"Feature","geometry":{"type":"LineString","coordinates":[[101.4274,28.6482],[102.8279,27.6018]]},"properties":{"azimuth":130.3,"regime":"Strike-slip","regime_code":"SS","regime_share":0.6,"agreement":0.42,"records":314,"support":150.7}},{"type":"Feature","geometry":{"type":"LineString","coordinates":[[103.8745,28.5116],[105.4872,27.7384]]},"properties":{"azimuth":118.5,"regime":"Strike-slip","regime_code":"SS","regime_share":0.51,"agreement":0.44,"records":297,"support":113.3}},{"type":"Feature","geometry":{"type":"LineString","coordinates":[[106.4015,28.4655],[108.0666,27.7845]]},"properties":{"azimuth":114.9,"regime":"Undetermined","regime_code":"U","regime_share":0.5,"agreement":0.45,"records":69,"support":25.8}},{"type":"Feature","geometry":{"type":"LineString","coordinates":[[108.9026,28.3404],[110.6719,27.9096]]},"properties":{"azimuth":105.4,"regime":"Undetermined","regime_code":"U","regime_share":0.88,"agreement":0.56,"records":32,"support":13.7}},{"type":"Feature","geometry":{"type":"LineString","coordinates":[[111.4739,28.3916],[113.207,27.8584]]},"properties":{"azimuth":109.2,"regime":"Undetermined","regime_code":"U","regime_share":0.85,"agreement":0.71,"records":22,"support":10.7}},{"type":"Feature","geometry":{"type":"LineString","coordinates":[[114.0372,28.416],[115.75,27.834]]},"properties":{"azimuth":111.1,"regime":"Undetermined","regime_code":"U","regime_share":0.75,"agreement":0.62,"records":12,"support":5.0}},{"type":"Feature","geometry":{"type":"LineString","coordinates":[[116.8287,28.7233],[118.0649,27.5267]]},"properties":{"azimuth":137.7,"regime":"Undetermined","regime_code":"U","regime_share":0.83,"agreement":0.48,"records":22,"support":10.9}},{"type":"Feature","geometry":{"type":"LineString","coordinates":[[119.4616,28.7805],[120.5384,27.4695]]},"properties":{"azimuth":144.1,"regime":"Undetermined","regime_code":"U","regime_share":0.82,"agreement":0.5,"records":71,"support":24.1}},{"type":"Feature","geometry":{"type":"LineString","coordinates":[[121.6596,28.3096],[123.4468,27.9404]]},"properties":{"azimuth":103.2,"regime":"Undetermined","regime_code":"U","regime_share":0.41,"agreement":0.22,"records":139,"support":33.6}},{"type":"Feature","geometry":{"type":"LineString","coordinates":[[124.2033,27.981],[126.0095,28.269]]},"properties":{"azimuth":79.8,"regime":"Normal faulting","regime_code":"NF","regime_share":0.35,"agreement":0.43,"records":126,"support":40.5}},{"type":"Feature","geometry":{"type":"LineString","coordinates":[[126.7589,27.9694],[128.5602,28.2806]]},"properties":{"azimuth":78.9,"regime":"Thrust faulting","regime_code":"TF","regime_share":0.34,"agreement":0.18,"records":153,"support":77.8}},{"type":"Feature","geometry":{"type":"LineString","coordinates":[[129.3744,28.4543],[131.0512,27.7957]]},"properties":{"azimuth":114.0,"regime":"Thrust faulting","regime_code":"TF","regime_share":0.44,"agreement":0.11,"records":158,"support":88.9}},{"type":"Feature","geometry":{"type":"LineString","coordinates":[[132.1556,28.7294],[133.3764,27.5206]]},"properties":{"azimuth":138.3,"regime":"Thrust faulting","regime_code":"TF","regime_share":0.49,"agreement":0.24,"records":100,"support":40.4}},{"type":"Feature","geometry":{"type":"LineString","coordinates":[[135.0984,28.9106],[135.5399,27.3394]]},"properties":{"azimuth":166.1,"regime":"Normal faulting","regime_code":"NF","regime_share":0.59,"agreement":0.59,"records":18,"support":3.4}},{"type":"Feature","geometry":{"type":"LineString","coordinates":[[137.1963,28.6723],[138.5484,27.5777]]},"properties":{"azimuth":132.6,"regime":"Normal faulting","regime_code":"NF","regime_share":0.48,"agreement":0.49,"records":28,"support":6.4}},{"type":"Feature","geometry":{"type":"LineString","coordinates":[[139.5899,28.4596],[141.2612,27.7904]]},"properties":{"azimuth":114.4,"regime":"Thrust faulting","regime_code":"TF","regime_share":0.55,"agreement":0.46,"records":143,"support":59.6}},{"type":"Feature","geometry":{"type":"LineString","coordinates":[[142.1975,28.5497],[143.76,27.7003]]},"properties":{"azimuth":121.7,"regime":"Normal faulting","regime_code":"NF","regime_share":0.5,"agreement":0.45,"records":138,"support":93.8}},{"type":"Feature","geometry":{"type":"LineString","coordinates":[[144.8605,28.6768],[146.2034,27.5732]]},"properties":{"azimuth":133.0,"regime":"Normal faulting","regime_code":"NF","regime_share":0.63,"agreement":0.51,"records":104,"support":47.7}},{"type":"Feature","geometry":{"type":"LineString","coordinates":[[147.4824,28.7354],[148.6878,27.5146]]},"properties":{"azimuth":138.9,"regime":"Normal faulting","regime_code":"NF","regime_share":0.89,"agreement":0.69,"records":13,"support":2.1}},{"type":"Feature","geometry":{"type":"LineString","coordinates":[[-116.3651,26.6777],[-116.1349,25.0723]]},"properties":{"azimuth":172.6,"regime":"Strike-slip","regime_code":"SS","regime_share":0.56,"agreement":0.81,"records":29,"support":10.6}},{"type":"Feature","geometry":{"type":"LineString","coordinates":[[-113.8671,26.6775],[-113.6329,25.0725]]},"properties":{"azimuth":172.5,"regime":"Strike-slip","regime_code":"SS","regime_share":0.69,"agreement":0.87,"records":139,"support":61.7}},{"type":"Feature","geometry":{"type":"LineString","coordinates":[[-111.3549,26.6789],[-111.1451,25.0711]]},"properties":{"azimuth":173.3,"regime":"Strike-slip","regime_code":"SS","regime_share":0.74,"agreement":0.88,"records":180,"support":123.6}},{"type":"Feature","geometry":{"type":"LineString","coordinates":[[-108.8408,26.6803],[-108.6592,25.0697]]},"properties":{"azimuth":174.2,"regime":"Strike-slip","regime_code":"SS","regime_share":0.78,"agreement":0.88,"records":181,"support":107.4}},{"type":"Feature","geometry":{"type":"LineString","coordinates":[[-106.3406,26.6803],[-106.1594,25.0697]]},"properties":{"azimuth":174.2,"regime":"Strike-slip","regime_code":"SS","regime_share":0.74,"agreement":0.88,"records":123,"support":35.7}},{"type":"Feature","geometry":{"type":"LineString","coordinates":[[-104.0254,26.6455],[-103.4746,25.1045]]},"properties":{"azimuth":162.2,"regime":"Undetermined","regime_code":"U","regime_share":0.86,"agreement":0.84,"records":20,"support":11.7}},{"type":"Feature","geometry":{"type":"LineString","coordinates":[[-101.332,26.681],[-101.168,25.069]]},"properties":{"azimuth":174.8,"regime":"Undetermined","regime_code":"U","regime_share":1.0,"agreement":0.63,"records":27,"support":23.7}},{"type":"Feature","geometry":{"type":"LineString","coordinates":[[-98.901,25.0771],[-98.599,26.6729]]},"properties":{"azimuth":9.7,"regime":"Undetermined","regime_code":"U","regime_share":0.99,"agreement":0.61,"records":28,"support":20.6}},{"type":"Feature","geometry":{"type":"LineString","coordinates":[[-96.6748,25.1615],[-95.8252,26.5885]]},"properties":{"azimuth":28.2,"regime":"Undetermined","regime_code":"U","regime_share":0.93,"agreement":0.82,"records":11,"support":5.7}},{"type":"Feature","geometry":{"type":"LineString","coordinates":[[-94.3306,26.4932],[-93.1694,25.2568]]},"properties":{"azimuth":139.8,"regime":"Normal faulting","regime_code":"NF","regime_share":0.84,"agreement":0.1,"records":12,"support":4.4}},{"type":"Feature","geometry":{"type":"LineString","coordinates":[[-91.5566,26.6359],[-90.9434,25.1141]]},"properties":{"azimuth":160.1,"regime":"Normal faulting","regime_code":"NF","regime_share":0.58,"agreement":0.07,"records":21,"support":9.6}},{"type":"Feature","geometry":{"type":"LineString","coordinates":[[-88.981,25.0928],[-88.519,26.6572]]},"properties":{"azimuth":14.9,"regime":"Undetermined","regime_code":"U","regime_share":0.51,"agreement":0.16,"records":23,"support":8.4}},{"type":"Feature","geometry":{"type":"LineString","coordinates":[[-86.5805,25.1222],[-85.9195,26.6278]]},"properties":{"azimuth":21.6,"regime":"Thrust faulting","regime_code":"TF","regime_share":0.5,"agreement":0.48,"records":10,"support":2.9}},{"type":"Feature","geometry":{"type":"LineString","coordinates":[[-69.6194,25.667],[-67.8806,26.083]]},"properties":{"azimuth":75.1,"regime":"Thrust faulting","regime_code":"TF","regime_share":1.0,"agreement":0.86,"records":4,"support":1.6}},{"type":"Feature","geometry":{"type":"LineString","coordinates":[[-67.1409,25.7628],[-65.3591,25.9872]]},"properties":{"azimuth":82.0,"regime":"Thrust faulting","regime_code":"TF","regime_share":1.0,"agreement":0.82,"records":4,"support":1.9}},{"type":"Feature","geometry":{"type":"LineString","coordinates":[[-64.6447,25.9591],[-62.8553,25.7909]]},"properties":{"azimuth":96.0,"regime":"Thrust faulting","regime_code":"TF","regime_share":1.0,"agreement":0.97,"records":2,"support":1.0}},{"type":"Feature","geometry":{"type":"LineString","coordinates":[[-48.9191,25.08],[-48.5809,26.67]]},"properties":{"azimuth":10.8,"regime":"Normal faulting","regime_code":"NF","regime_share":0.76,"agreement":0.6,"records":36,"support":8.3}},{"type":"Feature","geometry":{"type":"LineString","coordinates":[[-46.4335,25.0826],[-46.0665,26.6674]]},"properties":{"azimuth":11.8,"regime":"Normal faulting","regime_code":"NF","regime_share":0.8,"agreement":0.65,"records":78,"support":39.1}},{"type":"Feature","geometry":{"type":"LineString","coordinates":[[-43.9656,25.0892],[-43.5344,26.6608]]},"properties":{"azimuth":13.9,"regime":"Normal faulting","regime_code":"NF","regime_share":0.84,"agreement":0.69,"records":90,"support":46.9}},{"type":"Feature","geometry":{"type":"LineString","coordinates":[[-41.5136,25.1011],[-40.9864,26.6489]]},"properties":{"azimuth":17.0,"regime":"Normal faulting","regime_code":"NF","regime_share":0.9,"agreement":0.75,"records":59,"support":15.5}},{"type":"Feature","geometry":{"type":"LineString","coordinates":[[27.8747,26.0616],[29.6253,25.6884]]},"properties":{"azimuth":103.3,"regime":"Thrust faulting","regime_code":"TF","regime_share":0.68,"agreement":0.97,"records":3,"support":1.1}},{"type":"Feature","geometry":{"type":"LineString","coordinates":[[30.4611,26.2639],[32.0389,25.4861]]},"properties":{"azimuth":118.7,"regime":"Normal faulting","regime_code":"NF","regime_share":0.43,"agreement":0.63,"records":203,"support":71.3}},{"type":"Feature","geometry":{"type":"LineString","coordinates":[[32.9886,26.3061],[34.5114,25.4439]]},"properties":{"azimuth":122.2,"regime":"Normal faulting","regime_code":"NF","regime_share":0.43,"agreement":0.54,"records":194,"support":116.5}},{"type":"Feature","geometry":{"type":"LineString","coordinates":[[35.5281,26.3579],[36.9719,25.3921]]},"properties":{"azimuth":126.6,"regime":"Normal faulting","regime_code":"NF","regime_share":0.48,"agreement":0.5,"records":171,"support":65.1}},{"type":"Feature","geometry":{"type":"LineString","coordinates":[[38.2046,26.5187],[39.2954,25.2313]]},"properties":{"azimuth":142.7,"regime":"Normal faulting","regime_code":"NF","regime_share":0.92,"agreement":0.87,"records":9,"support":5.0}},{"type":"Feature","geometry":{"type":"LineString","coordinates":[[40.6809,26.5018],[41.8191,25.2482]]},"properties":{"azimuth":140.8,"regime":"Normal faulting","regime_code":"NF","regime_share":1.0,"agreement":0.98,"records":4,"support":1.1}},{"type":"Feature","geometry":{"type":"LineString","coordinates":[[48.1439,25.2769],[49.3561,26.4731]]},"properties":{"azimuth":42.4,"regime":"Thrust faulting","regime_code":"TF","regime_share":0.74,"agreement":0.84,"records":18,"support":3.5}},{"type":"Feature","geometry":{"type":"LineString","coordinates":[[50.8322,25.1582],[51.6678,26.5918]]},"properties":{"azimuth":27.7,"regime":"Thrust faulting","regime_code":"TF","regime_share":0.85,"agreement":0.76,"records":65,"support":22.3}},{"type":"Feature","geometry":{"type":"LineString","coordinates":[[53.544,25.0871],[53.956,26.6629]]},"properties":{"azimuth":13.2,"regime":"Thrust faulting","regime_code":"TF","regime_share":0.81,"agreement":0.71,"records":125,"support":54.1}},{"type":"Feature","geometry":{"type":"LineString","coordinates":[[56.1023,25.0766],[56.3977,26.6734]]},"properties":{"azimuth":9.4,"regime":"Thrust faulting","regime_code":"TF","regime_share":0.7,"agreement":0.67,"records":113,"support":64.1}},{"type":"Feature","geometry":{"type":"LineString","coordinates":[[58.4885,25.1006],[59.0115,26.6494]]},"properties":{"azimuth":16.9,"regime":"Thrust faulting","regime_code":"TF","regime_share":0.51,"agreement":0.57,"records":85,"support":37.4}},{"type":"Feature","geometry":{"type":"LineString","coordinates":[[60.672,25.2548],[61.828,26.4952]]},"properties":{"azimuth":40.0,"regime":"Strike-slip","regime_code":"SS","regime_share":0.8,"agreement":0.5,"records":36,"support":9.9}},{"type":"Feature","geometry":{"type":"LineString","coordinates":[[63.3629,26.6056],[64.1371,25.1444]]},"properties":{"azimuth":154.5,"regime":"Strike-slip","regime_code":"SS","regime_share":0.84,"agreement":0.54,"records":28,"support":12.2}},{"type":"Feature","geometry":{"type":"LineString","coordinates":[[65.8661,26.607],[66.6339,25.143]]},"properties":{"azimuth":154.7,"regime":"Strike-slip","regime_code":"SS","regime_share":0.72,"agreement":0.52,"records":36,"support":17.6}},{"type":"Feature","geometry":{"type":"LineString","coordinates":[[68.5647,26.667],[68.9353,25.083]]},"properties":{"azimuth":168.1,"regime":"Thrust faulting","regime_code":"TF","regime_share":0.49,"agreement":0.52,"records":47,"support":15.3}},{"type":"Feature","geometry":{"type":"LineString","coordinates":[[71.2413,25.0656],[71.2587,26.6844]]},"properties":{"azimuth":0.6,"regime":"Thrust faulting","regime_code":"TF","regime_share":0.61,"agreement":0.74,"records":19,"support":8.0}},{"type":"Feature","geometry":{"type":"LineString","coordinates":[[73.7074,25.0665],[73.7926,26.6835]]},"properties":{"azimuth":2.7,"regime":"Thrust faulting","regime_code":"TF","regime_share":0.51,"agreement":0.9,"records":10,"support":3.2}},{"type":"Feature","geometry":{"type":"LineString","coordinates":[[78.5618,26.6665],[78.9382,25.0835]]},"properties":{"azimuth":167.9,"regime":"Thrust faulting","regime_code":"TF","regime_share":0.47,"agreement":0.42,"records":9,"support":2.2}},{"type":"Feature","geometry":{"type":"LineString","coordinates":[[80.975,25.1044],[81.525,26.6456]]},"properties":{"azimuth":17.8,"regime":"Thrust faulting","regime_code":"TF","regime_share":0.81,"agreement":0.64,"records":18,"support":4.2}},{"type":"Feature","geometry":{"type":"LineString","coordinates":[[83.5285,25.0905],[83.9715,26.6595]]},"properties":{"azimuth":14.3,"regime":"Thrust faulting","regime_code":"TF","regime_share":0.5,"agreement":0.6,"records":19,"support":5.6}},{"type":"Feature","geometry":{"type":"LineString","coordinates":[[86.234,25.0657],[86.266,26.6843]]},"properties":{"azimuth":1.0,"regime":"Strike-slip","regime_code":"SS","regime_share":0.4,"agreement":0.64,"records":24,"support":9.3}},{"type":"Feature","geometry":{"type":"LineString","coordinates":[[88.712,25.0663],[88.788,26.6837]]},"properties":{"azimuth":2.4,"regime":"Thrust faulting","regime_code":"TF","regime_share":0.43,"agreement":0.64,"records":44,"support":14.6}},{"type":"Feature","geometry":{"type":"LineString","coordinates":[[91.0673,25.0825],[91.4327,26.6675]]},"properties":{"azimuth":11.7,"regime":"Thrust faulting","regime_code":"TF","regime_share":0.41,"agreement":0.5,"records":59,"support":26.6}},{"type":"Feature","geometry":{"type":"LineString","coordinates":[[93.328,25.1602],[94.172,26.5898]]},"properties":{"azimuth":28.0,"regime":"Strike-slip","regime_code":"SS","regime_share":0.5,"agreement":0.42,"records":89,"support":37.5}},{"type":"Feature","geometry":{"type":"LineString","coordinates":[[95.7714,25.1897],[96.7286,26.5603]]},"properties":{"azimuth":32.1,"regime":"Strike-slip","regime_code":"SS","regime_share":0.7,"agreement":0.47,"records":118,"support":49.7}},{"type":"Feature","geometry":{"type":"LineString","coordinates":[[98.7437,25.0656],[98.7563,26.6844]]},"properties":{"azimuth":0.4,"regime":"Strike-slip","regime_code":"SS","regime_share":0.74,"agreement":0.41,"records":206,"support":93.2}},{"type":"Feature","geometry":{"type":"LineString","coordinates":[[100.9338,26.6327],[101.5662,25.1173]]},"properties":{"azimuth":159.4,"regime":"Strike-slip","regime_code":"SS","regime_share":0.73,"agreement":0.45,"records":234,"support":140.3}},{"type":"Feature","geometry":{"type":"LineString","coordinates":[[103.2361,26.5393],[104.2639,25.2107]]},"properties":{"azimuth":145.2,"regime":"Strike-slip","regime_code":"SS","regime_share":0.71,"agreement":0.43,"records":189,"support":107.1}},{"type":"Feature","geometry":{"type":"LineString","coordinates":[[105.5335,26.3645],[106.9665,25.3855]]},"properties":{"azimuth":127.2,"regime":"Strike-slip","regime_code":"SS","regime_share":0.63,"agreement":0.43,"records":108,"support":33.5}},{"type":"Feature","geometry":{"type":"LineString","coordinates":[[107.8883,26.1074],[109.6117,25.6426]]},"properties":{"azimuth":106.7,"regime":"Undetermined","regime_code":"U","regime_share":0.96,"agreement":0.63,"records":13,"support":4.3}},{"type":"Feature","geometry":{"type":"LineString","coordinates":[[110.4227,26.1929],[112.0773,25.5571]]},"properties":{"azimuth":113.1,"regime":"Undetermined","regime_code":"U","regime_share":0.85,"agreement":0.87,"records":19,"support":7.5}},{"type":"Feature","geometry":{"type":"LineString","coordinates":[[112.9268,26.2015],[114.5732,25.5485]]},"properties":{"azimuth":113.8,"regime":"Undetermined","regime_code":"U","regime_share":0.71,"agreement":0.86,"records":16,"support":7.0}},{"type":"Feature","geometry":{"type":"LineString","coordinates":[[115.5562,26.3902],[116.9438,25.3598]]},"properties":{"azimuth":129.5,"regime":"Undetermined","regime_code":"U","regime_share":0.74,"agreement":0.62,"records":33,"support":9.7}},{"type":"Feature","geometry":{"type":"LineString","coordinates":[[118.0661,26.4008],[119.4339,25.3492]]},"properties":{"azimuth":130.5,"regime":"Undetermined","regime_code":"U","regime_share":0.43,"agreement":0.38,"records":276,"support":88.6}},{"type":"Feature","geometry":{"type":"LineString","coordinates":[[120.5049,26.3285],[121.9951,25.4215]]},"properties":{"azimuth":124.1,"regime":"Thrust faulting","regime_code":"TF","regime_share":0.38,"agreement":0.31,"records":366,"support":181.6}},{"type":"Feature","geometry":{"type":"LineString","coordinates":[[122.9157,26.1776],[124.5843,25.5724]]},"properties":{"azimuth":112.0,"regime":"Thrust faulting","regime_code":"TF","regime_share":0.36,"agreement":0.24,"records":339,"support":143.6}},{"type":"Feature","geometry":{"type":"LineString","coordinates":[[125.3586,25.7659],[127.1414,25.9841]]},"properties":{"azimuth":82.3,"regime":"Normal faulting","regime_code":"NF","regime_share":0.42,"agreement":0.24,"records":218,"support":87.3}},{"type":"Feature","geometry":{"type":"LineString","coordinates":[[127.9518,25.5017],[129.5482,26.2483]]},"properties":{"azimuth":62.5,"regime":"Thrust faulting","regime_code":"TF","regime_share":0.4,"agreement":0.07,"records":138,"support":76.8}},{"type":"Feature","geometry":{"type":"LineString","coordinates":[[131.1571,25.0699],[131.3429,26.6801]]},"properties":{"azimuth":5.9,"regime":"Normal faulting","regime_code":"NF","regime_share":0.44,"agreement":0.08,"records":105,"support":42.2}},{"type":"Feature","geometry":{"type":"LineString","coordinates":[[133.4284,25.1191],[134.0716,26.6309]]},"properties":{"azimuth":20.9,"regime":"Normal faulting","regime_code":"NF","regime_share":0.76,"agreement":0.56,"records":30,"support":5.6}},{"type":"Feature","geometry":{"type":"LineString","coordinates":[[137.9687,26.2762],[139.5313,25.4738]]},"properties":{"azimuth":119.7,"regime":"Thrust faulting","regime_code":"TF","regime_share":0.6,"agreement":0.64,"records":20,"support":5.3}},{"type":"Feature","geometry":{"type":"LineString","coordinates":[[140.5423,26.3746],[141.9577,25.3754]]},"properties":{"azimuth":128.1,"regime":"Normal faulting","regime_code":"NF","regime_share":0.55,"agreement":0.5,"records":112,"support":49.7}},{"type":"Feature","geometry":{"type":"LineString","coordinates":[[143.0875,26.4226],[144.4125,25.3274]]},"properties":{"azimuth":132.6,"regime":"Normal faulting","regime_code":"NF","regime_share":0.63,"agreement":0.52,"records":121,"support":69.0}},{"type":"Feature","geometry":{"type":"LineString","coordinates":[[145.6268,26.4587],[146.8732,25.2913]]},"properties":{"azimuth":136.1,"regime":"Normal faulting","regime_code":"NF","regime_share":0.73,"agreement":0.59,"records":89,"support":29.6}},{"type":"Feature","geometry":{"type":"LineString","coordinates":[[-115.1631,22.8175],[-115.041,24.4325]]},"properties":{"azimuth":4.0,"regime":"Normal faulting","regime_code":"NF","regime_share":0.57,"agreement":0.61,"records":16,"support":4.8}},{"type":"Feature","geometry":{"type":"LineString","coordinates":[[-112.7813,24.4258],[-112.5248,22.8242]]},"properties":{"azimuth":171.7,"regime":"Strike-slip","regime_code":"SS","regime_share":0.69,"agreement":0.84,"records":157,"support":48.8}},{"type":"Feature","geometry":{"type":"LineString","coordinates":[[-110.3099,24.4286],[-110.0983,22.8214]]},"properties":{"azimuth":173.1,"regime":"Strike-slip","regime_code":"SS","regime_share":0.77,"agreement":0.82,"records":176,"support":104.4}},{"type":"Feature","geometry":{"type":"LineString","coordinates":[[-107.8339,24.4312],[-107.6763,22.8188]]},"properties":{"azimuth":174.9,"regime":"Strike-slip","regime_code":"SS","regime_share":0.79,"agreement":0.8,"records":147,"support":86.0}},{"type":"Feature","geometry":{"type":"LineString","coordinates":[[-105.3381,24.4339],[-105.2742,22.8161]]},"properties":{"azimuth":177.9,"regime":"Strike-slip","regime_code":"SS","regime_share":0.72,"agreement":0.78,"records":74,"support":23.9}},{"type":"Feature","geometry":{"type":"LineString","coordinates":[[-103.0526,24.4143],[-102.6617,22.8357]]},"properties":{"azimuth":167.2,"regime":"Undetermined","regime_code":"U","regime_share":0.8,"agreement":0.65,"records":23,"support":6.4}},{"type":"Feature","geometry":{"type":"LineString","coordinates":[[-100.5042,22.8204],[-100.3121,24.4296]]},"properties":{"azimuth":6.2,"regime":"Undetermined","regime_code":"U","regime_share":0.77,"agreement":0.42,"records":48,"support":19.0}},{"type":"Feature","geometry":{"type":"LineString","coordinates":[[-98.1429,22.8333],[-97.7754,24.4167]]},"properties":{"azimuth":12.0,"regime":"Undetermined","regime_code":"U","regime_share":0.9,"agreement":0.65,"records":32,"support":16.9}},{"type":"Feature","geometry":{"type":"LineString","coordinates":[[-95.7241,22.8397],[-95.2963,24.4103]]},"properties":{"azimuth":14.0,"regime":"Undetermined","regime_code":"U","regime_share":0.88,"agreement":0.7,"records":15,"support":5.8}},{"type":"Feature","geometry":{"type":"LineString","coordinates":[[-69.3489,23.2406],[-67.794,24.0094]]},"properties":{"azimuth":61.6,"regime":"Thrust faulting","regime_code":"TF","regime_share":1.0,"agreement":0.83,"records":2,"support":1.3}},{"type":"Feature","geometry":{"type":"LineString","coordinates":[[-66.9792,23.4274],[-65.2657,23.8226]]},"properties":{"azimuth":75.9,"regime":"Thrust faulting","regime_code":"TF","regime_share":0.9,"agreement":0.72,"records":4,"support":2.2}},{"type":"Feature","geometry":{"type":"LineString","coordinates":[[-64.5557,23.6681],[-62.7913,23.5819]]},"properties":{"azimuth":93.0,"regime":"Thrust faulting","regime_code":"TF","regime_share":0.57,"agreement":0.29,"records":12,"support":3.1}},{"type":"Feature","geometry":{"type":"LineString","coordinates":[[-61.9939,24.0227],[-60.4551,23.2273]]},"properties":{"azimuth":119.4,"regime":"Strike-slip","regime_code":"SS","regime_share":0.6,"agreement":0.89,"records":4,"support":1.6}},{"type":"Feature","geometry":{"type":"LineString","coordinates":[[-49.0078,24.434],[-48.9514,22.816]]},"properties":{"azimuth":178.2,"regime":"Normal faulting","regime_code":"NF","regime_share":0.65,"agreement":0.58,"records":40,"support":9.0}},{"type":"Feature","geometry":{"type":"LineString","coordinates":[[-46.5816,22.817],[-46.4796,24.433]]},"properties":{"azimuth":3.3,"regime":"Normal faulting","regime_code":"NF","regime_share":0.72,"agreement":0.63,"records":79,"support":39.3}},{"type":"Feature","geometry":{"type":"LineString","coordinates":[[-44.1396,22.8174],[-44.0237,24.4326]]},"properties":{"azimuth":3.8,"regime":"Normal faulting","regime_code":"NF","regime_share":0.73,"agreement":0.63,"records":78,"support":41.7}},{"type":"Feature","geometry":{"type":"LineString","coordinates":[[-41.6744,22.8165],[-41.5909,24.4335]]},"properties":{"azimuth":2.7,"regime":"Normal faulting","regime_code":"NF","regime_share":0.7,"agreement":0.6,"records":50,"support":11.4}},{"type":"Feature","geometry":{"type":"LineString","coordinates":[[28.5762,23.9448],[30.1993,23.3052]]},"properties":{"azimuth":113.3,"regime":"Strike-slip","regime_code":"SS","regime_share":0.9,"agreement":0.92,"records":26,"support":9.3}},{"type":"Feature","geometry":{"type":"LineString","coordinates":[[31.0326,23.9602],[32.6409,23.2898]]},"properties":{"azimuth":114.5,"regime":"Strike-slip","regime_code":"SS","regime_share":0.92,"agreement":0.91,"records":28,"support":25.4}},{"type":"Feature","geometry":{"type":"LineString","coordinates":[[33.4984,23.9922],[35.073,23.2578]]},"properties":{"azimuth":117.0,"regime":"Strike-slip","regime_code":"SS","regime_share":0.65,"agreement":0.77,"records":93,"support":32.8}},{"type":"Feature","geometry":{"type":"LineString","coordinates":[[36.0357,24.1199],[37.4337,23.1301]]},"properties":{"azimuth":127.7,"regime":"Strike-slip","regime_code":"SS","regime_share":0.56,"agreement":0.77,"records":34,"support":9.1}},{"type":"Feature","geometry":{"type":"LineString","coordinates":[[38.6534,24.2724],[39.7139,22.9776]]},"properties":{"azimuth":143.1,"regime":"Normal faulting","regime_code":"NF","regime_share":1.0,"agreement":0.95,"records":6,"support":2.8}},{"type":"Feature","geometry":{"type":"LineString","coordinates":[[51.1804,22.8482],[51.6768,24.4018]]},"properties":{"azimuth":16.3,"regime":"Thrust faulting","regime_code":"TF","regime_share":0.9,"agreement":0.94,"records":8,"support":1.4}},{"type":"Feature","geometry":{"type":"LineString","coordinates":[[53.6238,22.8497],[54.1313,24.4003]]},"properties":{"azimuth":16.7,"regime":"Thrust faulting","regime_code":"TF","regime_share":0.67,"agreement":0.6,"records":37,"support":9.4}},{"type":"Feature","geometry":{"type":"LineString","coordinates":[[56.0503,22.8562],[56.6027,24.3938]]},"properties":{"azimuth":18.2,"regime":"Thrust faulting","regime_code":"TF","regime_share":0.54,"agreement":0.54,"records":61,"support":16.3}},{"type":"Feature","geometry":{"type":"LineString","coordinates":[[58.1897,23.0192],[59.3613,24.2308]]},"properties":{"azimuth":41.5,"regime":"Strike-slip","regime_code":"SS","regime_share":0.62,"agreement":0.66,"records":25,"support":7.2}},{"type":"Feature","geometry":{"type":"LineString","coordinates":[[60.3611,23.4534],[62.0878,23.7966]]},"properties":{"azimuth":77.8,"regime":"Strike-slip","regime_code":"SS","regime_share":0.61,"agreement":0.5,"records":11,"support":4.4}},{"type":"Feature","geometry":{"type":"LineString","coordinates":[[62.79,23.6226],[64.5569,23.6274]]},"properties":{"azimuth":89.8,"regime":"Strike-slip","regime_code":"SS","regime_share":0.64,"agreement":0.32,"records":16,"support":7.3}},{"type":"Feature","geometry":{"type":"LineString","coordinates":[[65.4477,24.1474],[66.7972,23.1026]]},"properties":{"azimuth":130.2,"regime":"Strike-slip","regime_code":"SS","regime_share":0.58,"agreement":0.14,"records":23,"support":7.3}},{"type":"Feature","geometry":{"type":"LineString","coordinates":[[68.5478,24.4341],[68.595,22.8159]]},"properties":{"azimuth":178.5,"regime":"Thrust faulting","regime_code":"TF","regime_share":0.56,"agreement":0.58,"records":19,"support":9.4}},{"type":"Feature","geometry":{"type":"LineString","coordinates":[[70.9975,22.8159],[71.0433,24.4341]]},"properties":{"azimuth":1.5,"regime":"Thrust faulting","regime_code":"TF","regime_share":0.57,"agreement":0.83,"records":17,"support":12.4}},{"type":"Feature","geometry":{"type":"LineString","coordinates":[[73.3636,22.8214],[73.5751,24.4286]]},"properties":{"azimuth":6.9,"regime":"Thrust faulting","regime_code":"TF","regime_share":0.53,"agreement":0.82,"records":16,"support":6.8}},{"type":"Feature","geometry":{"type":"LineString","coordinates":[[75.6429,22.856],[76.1938,24.394]]},"properties":{"azimuth":18.2,"regime":"Thrust faulting","regime_code":"TF","regime_share":0.63,"agreement":0.8,"records":4,"support":1.0}},{"type":"Feature","geometry":{"type":"LineString","coordinates":[[85.1957,22.9697],[86.2328,24.2803]]},"properties":{"azimuth":35.9,"regime":"Undetermined","regime_code":"U","regime_share":0.63,"agreement":0.1,"records":8,"support":2.1}},{"type":"Feature","geometry":{"type":"LineString","coordinates":[[87.5671,23.0277],[88.7594,24.2223]]},"properties":{"azimuth":42.4,"regime":"Thrust faulting","regime_code":"TF","regime_share":0.39,"agreement":0.19,"records":25,"support":7.5}},{"type":"Feature","geometry":{"type":"LineString","coordinates":[[90.198,22.9101],[91.0265,24.3399]]},"properties":{"azimuth":28.0,"regime":"Strike-slip","regime_code":"SS","regime_share":0.39,"agreement":0.39,"records":42,"support":20.0}},{"type":"Feature","geometry":{"type":"LineString","coordinates":[[92.5307,22.9778],[93.5918,24.2722]]},"properties":{"azimuth":36.9,"regime":"Strike-slip","regime_code":"SS","regime_share":0.53,"agreement":0.46,"records":62,"support":33.0}},{"type":"Feature","geometry":{"type":"LineString","coordinates":[[94.9306,23.0141],[96.0898,24.2359]]},"properties":{"azimuth":41.0,"regime":"Strike-slip","regime_code":"SS","regime_share":0.78,"agreement":0.63,"records":95,"support":44.1}},{"type":"Feature","geometry":{"type":"LineString","coordinates":[[97.5852,22.8917],[98.3332,24.3583]]},"properties":{"azimuth":25.0,"regime":"Strike-slip","regime_code":"SS","regime_share":0.86,"agreement":0.63,"records":128,"support":63.7}},{"type":"Feature","geometry":{"type":"LineString","coordinates":[[100.364,22.8166],[100.4523,24.4334]]},"properties":{"azimuth":2.9,"regime":"Strike-slip","regime_code":"SS","regime_share":0.79,"agreement":0.53,"records":198,"support":99.1}},{"type":"Feature","geometry":{"type":"LineString","coordinates":[[102.689,24.4196],[103.0253,22.8304]]},"properties":{"azimuth":169.0,"regime":"Strike-slip","regime_code":"SS","regime_share":0.76,"agreement":0.45,"records":165,"support":85.5}},{"type":"Feature","geometry":{"type":"LineString","coordinates":[[104.9394,24.3613],[105.6729,22.8887]]},"properties":{"azimuth":155.5,"regime":"Strike-slip","regime_code":"SS","regime_share":0.77,"agreement":0.37,"records":87,"support":30.9}},{"type":"Feature","geometry":{"type":"LineString","coordinates":[[106.8841,23.7604],[108.6261,23.4896]]},"properties":{"azimuth":99.6,"regime":"Undetermined","regime_code":"U","regime_share":0.48,"agreement":0.54,"records":10,"support":3.0}},{"type":"Feature","geometry":{"type":"LineString","coordinates":[[109.4015,23.9632],[111.0067,23.2868]]},"properties":{"azimuth":114.7,"regime":"Undetermined","regime_code":"U","regime_share":0.5,"agreement":0.8,"records":17,"support":5.8}},{"type":"Feature","geometry":{"type":"LineString","coordinates":[[111.8609,23.9833],[113.4452,23.2667]]},"properties":{"azimuth":116.3,"regime":"Undetermined","regime_code":"U","regime_share":0.49,"agreement":0.8,"records":23,"support":9.7}},{"type":"Feature","geometry":{"type":"LineString","coordinates":[[114.3201,24.0016],[115.884,23.2484]]},"properties":{"azimuth":117.7,"regime":"Undetermined","regime_code":"U","regime_share":0.49,"agreement":0.65,"records":19,"support":10.9}},{"type":"Feature","geometry":{"type":"LineString","coordinates":[[116.7729,24.0083],[118.3291,23.2417]]},"properties":{"azimuth":118.3,"regime":"Undetermined","regime_code":"U","regime_share":0.33,"agreement":0.38,"records":263,"support":76.9}},{"type":"Feature","geometry":{"type":"LineString","coordinates":[[119.2306,24.0227],[120.7694,23.2273]]},"properties":{"azimuth":119.4,"regime":"Thrust faulting","regime_code":"TF","regime_share":0.41,"agreement":0.35,"records":443,"support":261.6}},{"type":"Feature","geometry":{"type":"LineString","coordinates":[[121.6681,24.0035],[123.2298,23.2465]]},"properties":{"azimuth":117.9,"regime":"Thrust faulting","regime_code":"TF","regime_share":0.45,"agreement":0.34,"records":467,"support":300.5}},{"type":"Feature","geometry":{"type":"LineString","coordinates":[[124.0634,23.8904],[125.7326,23.3596]]},"properties":{"azimuth":109.1,"regime":"Thrust faulting","regime_code":"TF","regime_share":0.43,"agreement":0.29,"records":369,"support":143.3}},{"type":"Feature","geometry":{"type":"LineString","coordinates":[[126.4661,23.6865],[128.2278,23.5635]]},"properties":{"azimuth":94.4,"regime":"Normal faulting","regime_code":"NF","regime_share":0.43,"agreement":0.26,"records":133,"support":48.6}},{"type":"Feature","geometry":{"type":"LineString","coordinates":[[129.5376,22.851],[130.0542,24.399]]},"properties":{"azimuth":17.0,"regime":"Normal faulting","regime_code":"NF","regime_share":0.47,"agreement":0.01,"records":62,"support":22.4}},{"type":"Feature","geometry":{"type":"LineString","coordinates":[[131.8272,22.9118],[132.6626,24.3382]]},"properties":{"azimuth":28.2,"regime":"Normal faulting","regime_code":"NF","regime_share":0.63,"agreement":0.38,"records":20,"support":3.5}},{"type":"Feature","geometry":{"type":"LineString","coordinates":[[139.0377,24.2554],[140.1459,22.9946]]},"properties":{"azimuth":141.2,"regime":"Normal faulting","regime_code":"NF","regime_share":0.57,"agreement":0.49,"records":41,"support":9.5}},{"type":"Feature","geometry":{"type":"LineString","coordinates":[[141.4609,24.2355],[142.6208,23.0145]]},"properties":{"azimuth":139.0,"regime":"Normal faulting","regime_code":"NF","regime_share":0.61,"agreement":0.47,"records":106,"support":42.1}},{"type":"Feature","geometry":{"type":"LineString","coordinates":[[143.8734,24.2048],[145.1062,23.0452]]},"properties":{"azimuth":135.8,"regime":"Normal faulting","regime_code":"NF","regime_share":0.61,"agreement":0.45,"records":119,"support":49.2}},{"type":"Feature","geometry":{"type":"LineString","coordinates":[[146.2499,24.1318],[147.6276,23.1182]]},"properties":{"azimuth":128.8,"regime":"Normal faulting","regime_code":"NF","regime_share":0.59,"agreement":0.43,"records":69,"support":20.1}},{"type":"Feature","geometry":{"type":"LineString","coordinates":[[148.8125,24.2393],[149.963,23.0107]]},"properties":{"azimuth":139.4,"regime":"Normal faulting","regime_code":"NF","regime_share":0.78,"agreement":0.74,"records":18,"support":3.6}},{"type":"Feature","geometry":{"type":"LineString","coordinates":[[-157.3709,20.6239],[-156.7231,22.1261]]},"properties":{"azimuth":21.9,"regime":"Thrust faulting","regime_code":"TF","regime_share":0.43,"agreement":0.18,"records":4,"support":2.5}},{"type":"Feature","geometry":{"type":"LineString","coordinates":[[-155.0808,22.0675],[-154.1809,20.6825]]},"properties":{"azimuth":148.8,"regime":"Thrust faulting","regime_code":"TF","regime_share":0.46,"agreement":0.14,"records":4,"support":2.7}},{"type":"Feature","geometry":{"type":"LineString","coordinates":[[-118.9963,20.7957],[-117.7822,21.9543]]},"properties":{"azimuth":44.3,"regime":"Normal faulting","regime_code":"NF","regime_share":1.0,"agreement":0.97,"records":4,"support":2.0}},{"type":"Feature","geometry":{"type":"LineString","coordinates":[[-116.5777,20.7935],[-115.3686,21.9565]]},"properties":{"azimuth":44.1,"regime":"Normal faulting","regime_code":"NF","regime_share":1.0,"agreement":0.97,"records":4,"support":3.5}},{"type":"Feature","geometry":{"type":"LineString","coordinates":[[-113.8345,20.608],[-113.2796,22.142]]},"properties":{"azimuth":18.6,"regime":"Normal faulting","regime_code":"NF","regime_share":0.67,"agreement":0.36,"records":15,"support":4.3}},{"type":"Feature","geometry":{"type":"LineString","coordinates":[[-111.277,22.1744],[-111.0049,20.5756]]},"properties":{"azimuth":171.0,"regime":"Strike-slip","regime_code":"SS","regime_share":0.86,"agreement":0.8,"records":135,"support":43.8}},{"type":"Feature","geometry":{"type":"LineString","coordinates":[[-108.8718,22.1727],[-108.5778,20.5773]]},"properties":{"azimuth":170.3,"regime":"Strike-slip","regime_code":"SS","regime_share":0.87,"agreement":0.78,"records":184,"support":86.7}},{"type":"Feature","geometry":{"type":"LineString","coordinates":[[-106.4363,22.1756],[-106.1812,20.5744]]},"properties":{"azimuth":171.6,"regime":"Strike-slip","regime_code":"SS","regime_share":0.73,"agreement":0.64,"records":187,"support":70.3}},{"type":"Feature","geometry":{"type":"LineString","coordinates":[[-104.1666,20.6069],[-103.6186,22.1431]]},"properties":{"azimuth":18.4,"regime":"Thrust faulting","regime_code":"TF","regime_share":0.38,"agreement":0.37,"records":111,"support":35.3}},{"type":"Feature","geometry":{"type":"LineString","coordinates":[[-102.0648,20.7792],[-100.8882,21.9708]]},"properties":{"azimuth":42.6,"regime":"Normal faulting","regime_code":"NF","regime_share":0.53,"agreement":0.4,"records":91,"support":39.3}},{"type":"Feature","geometry":{"type":"LineString","coordinates":[[-99.6112,20.7489],[-98.5096,22.0011]]},"properties":{"azimuth":39.3,"regime":"Normal faulting","regime_code":"NF","regime_share":0.49,"agreement":0.29,"records":58,"support":46.7}},{"type":"Feature","geometry":{"type":"LineString","coordinates":[[-97.0418,20.6552],[-96.2468,22.0948]]},"properties":{"azimuth":27.2,"regime":"Undetermined","regime_code":"U","regime_share":0.59,"agreement":0.31,"records":49,"support":29.9}},{"type":"Feature","geometry":{"type":"LineString","coordinates":[[-94.4187,20.5853],[-94.0377,22.1647]]},"properties":{"azimuth":12.7,"regime":"Undetermined","regime_code":"U","regime_share":0.79,"agreement":0.23,"records":38,"support":14.1}},{"type":"Feature","geometry":{"type":"LineString","coordinates":[[-92.0312,20.5917],[-91.593,22.1583]]},"properties":{"azimuth":14.6,"regime":"Undetermined","regime_code":"U","regime_share":1.0,"agreement":0.5,"records":17,"support":7.8}},{"type":"Feature","geometry":{"type":"LineString","coordinates":[[-89.673,20.6078],[-89.119,22.1422]]},"properties":{"azimuth":18.6,"regime":"Undetermined","regime_code":"U","regime_share":1.0,"agreement":0.84,"records":8,"support":2.6}},{"type":"Feature","geometry":{"type":"LineString","coordinates":[[-87.2989,20.6221],[-86.6608,22.1279]]},"properties":{"azimuth":21.5,"regime":"Undetermined","regime_code":"U","regime_share":0.61,"agreement":0.94,"records":3,"support":1.0}},{"type":"Feature","geometry":{"type":"LineString","coordinates":[[-84.9672,20.6581],[-84.1604,22.0919]]},"properties":{"azimuth":27.7,"regime":"Strike-slip","regime_code":"SS","regime_share":0.75,"agreement":0.79,"records":12,"support":2.2}},{"type":"Feature","geometry":{"type":"LineString","coordinates":[[-82.5458,20.6555],[-81.7495,22.0945]]},"properties":{"azimuth":27.3,"regime":"Strike-slip","regime_code":"SS","regime_share":0.64,"agreement":0.61,"records":18,"support":5.6}},{"type":"Feature","geometry":{"type":"LineString","coordinates":[[-80.1089,20.6459],[-79.3542,22.1041]]},"properties":{"azimuth":25.7,"regime":"Strike-slip","regime_code":"SS","regime_share":0.62,"agreement":0.62,"records":19,"support":6.0}},{"type":"Feature","geometry":{"type":"LineString","coordinates":[[-77.6763,20.6387],[-76.9545,22.1113]]},"properties":{"azimuth":24.5,"regime":"Thrust faulting","regime_code":"TF","regime_share":0.5,"agreement":0.82,"records":13,"support":5.4}},{"type":"Feature","geometry":{"type":"LineString","coordinates":[[-75.218,20.622],[-74.5807,22.128]]},"properties":{"azimuth":21.5,"regime":"Thrust faulting","regime_code":"TF","regime_share":0.86,"agreement":0.93,"records":21,"support":6.9}},{"type":"Feature","geometry":{"type":"LineString","coordinates":[[-72.7869,20.6166],[-72.1795,22.1334]]},"properties":{"azimuth":20.5,"regime":"Thrust faulting","regime_code":"TF","regime_share":0.83,"agreement":0.85,"records":22,"support":7.3}},{"type":"Feature","geometry":{"type":"LineString","coordinates":[[-70.5228,20.6858],[-69.6114,22.0642]]},"properties":{"azimuth":31.6,"regime":"Thrust faulting","regime_code":"TF","regime_share":0.66,"agreement":0.64,"records":24,"support":6.3}},{"type":"Feature","geometry":{"type":"LineString","coordinates":[[-68.307,20.844],[-66.995,21.906]]},"properties":{"azimuth":49.0,"regime":"Thrust faulting","regime_code":"TF","regime_share":0.51,"agreement":0.74,"records":30,"support":9.4}},{"type":"Feature","geometry":{"type":"LineString","coordinates":[[-65.82,20.7765],[-64.6498,21.9735]]},"properties":{"azimuth":42.3,"regime":"Thrust faulting","regime_code":"TF","regime_share":0.49,"agreement":0.69,"records":31,"support":15.5}},{"type":"Feature","geometry":{"type":"LineString","coordinates":[[-63.3738,20.7521],[-62.2638,21.9979]]},"properties":{"azimuth":39.7,"regime":"Thrust faulting","regime_code":"TF","regime_share":0.48,"agreement":0.52,"records":29,"support":12.6}},{"type":"Feature","geometry":{"type":"LineString","coordinates":[[-61.2168,21.6584],[-59.5885,21.0916]]},"properties":{"azimuth":110.5,"regime":"Strike-slip","regime_code":"SS","regime_share":0.51,"agreement":0.11,"records":17,"support":4.4}},{"type":"Feature","geometry":{"type":"LineString","coordinates":[[-58.4944,22.0318],[-57.4787,20.7182]]},"properties":{"azimuth":144.2,"regime":"Strike-slip","regime_code":"SS","regime_share":0.72,"agreement":0.82,"records":4,"support":1.5}},{"type":"Feature","geometry":{"type":"LineString","coordinates":[[-48.4295,20.5718],[-48.2147,22.1782]]},"properties":{"azimuth":7.1,"regime":"Normal faulting","regime_code":"NF","regime_share":0.83,"agreement":0.73,"records":53,"support":15.6}},{"type":"Feature","geometry":{"type":"LineString","coordinates":[[-46.0111,20.5715],[-45.801,22.1785]]},"properties":{"azimuth":6.9,"regime":"Normal faulting","regime_code":"NF","regime_share":0.82,"agreement":0.72,"records":63,"support":37.6}},{"type":"Feature","geometry":{"type":"LineString","coordinates":[[-43.5778,20.5698],[-43.4021,22.1802]]},"properties":{"azimuth":5.8,"regime":"Normal faulting","regime_code":"NF","regime_share":0.8,"agreement":0.71,"records":53,"support":25.5}},{"type":"Feature","geometry":{"type":"LineString","coordinates":[[-41.2494,20.5823],[-40.8982,22.1677]]},"properties":{"azimuth":11.7,"regime":"Normal faulting","regime_code":"NF","regime_share":0.92,"agreement":0.88,"records":16,"support":2.8}},{"type":"Feature","geometry":{"type":"LineString","coordinates":[[-29.8038,21.6672],[-28.1827,21.0828]]},"properties":{"azimuth":111.2,"regime":"Strike-slip","regime_code":"SS","regime_share":1.0,"agreement":0.98,"records":3,"support":1.4}},{"type":"Feature","geometry":{"type":"LineString","coordinates":[[-27.4116,21.6015],[-25.7427,21.1485]]},"properties":{"azimuth":106.3,"regime":"Strike-slip","regime_code":"SS","regime_share":1.0,"agreement":0.98,"records":3,"support":1.5}},{"type":"Feature","geometry":{"type":"LineString","coordinates":[[28.1981,21.7018],[29.7885,21.0482]]},"properties":{"azimuth":113.8,"regime":"Strike-slip","regime_code":"SS","regime_share":0.89,"agreement":0.9,"records":14,"support":2.2}},{"type":"Feature","geometry":{"type":"LineString","coordinates":[[30.6176,21.7088],[32.2012,21.0412]]},"properties":{"azimuth":114.4,"regime":"Strike-slip","regime_code":"SS","regime_share":0.93,"agreement":0.92,"records":25,"support":12.4}},{"type":"Feature","geometry":{"type":"LineString","coordinates":[[33.0361,21.7137],[34.6149,21.0363]]},"properties":{"azimuth":114.7,"regime":"Strike-slip","regime_code":"SS","regime_share":0.93,"agreement":0.92,"records":26,"support":12.7}},{"type":"Feature","geometry":{"type":"LineString","coordinates":[[35.5133,21.8168],[36.9699,20.9332]]},"properties":{"azimuth":123.1,"regime":"Strike-slip","regime_code":"SS","regime_share":0.63,"agreement":0.86,"records":27,"support":4.7}},{"type":"Feature","geometry":{"type":"LineString","coordinates":[[38.0671,21.9688],[39.2484,20.7812]]},"properties":{"azimuth":137.2,"regime":"Normal faulting","regime_code":"NF","regime_share":1.0,"agreement":0.95,"records":12,"support":4.2}},{"type":"Feature","geometry":{"type":"LineString","coordinates":[[40.5054,21.9873],[41.6422,20.7627]]},"properties":{"azimuth":139.2,"regime":"Normal faulting","regime_code":"NF","regime_share":0.92,"agreement":0.79,"records":9,"support":2.9}},{"type":"Feature","geometry":{"type":"LineString","coordinates":[[54.8566,20.9133],[56.2844,21.8367]]},"properties":{"azimuth":55.2,"regime":"Undetermined","regime_code":"U","regime_share":0.7,"agreement":0.95,"records":4,"support":2.8}},{"type":"Feature","geometry":{"type":"LineString","coordinates":[[57.2748,20.9105],[58.6983,21.8395]]},"properties":{"azimuth":55.0,"regime":"Undetermined","regime_code":"U","regime_share":0.46,"agreement":0.85,"records":6,"support":2.7}},{"type":"Feature","geometry":{"type":"LineString","coordinates":[[59.5546,21.1977],[61.2507,21.5523]]},"properties":{"azimuth":77.3,"regime":"Strike-slip","regime_code":"SS","regime_share":0.42,"agreement":0.71,"records":6,"support":3.3}},{"type":"Feature","geometry":{"type":"LineString","coordinates":[[61.9539,21.2943],[63.6836,21.4557]]},"properties":{"azimuth":84.3,"regime":"Strike-slip","regime_code":"SS","regime_share":0.49,"agreement":0.8,"records":7,"support":4.8}},{"type":"Feature","geometry":{"type":"LineString","coordinates":[[64.3708,21.2879],[66.099,21.4621]]},"properties":{"azimuth":83.8,"regime":"Strike-slip","regime_code":"SS","regime_share":0.46,"agreement":0.81,"records":8,"support":3.1}},{"type":"Feature","geometry":{"type":"LineString","coordinates":[[67.6108,20.5665],[67.6912,22.1835]]},"properties":{"azimuth":2.6,"regime":"Strike-slip","regime_code":"SS","regime_share":0.51,"agreement":0.62,"records":14,"support":3.7}},{"type":"Feature","geometry":{"type":"LineString","coordinates":[[69.9985,20.5681],[70.1357,22.1819]]},"properties":{"azimuth":4.5,"regime":"Thrust faulting","regime_code":"TF","regime_share":0.43,"agreement":0.85,"records":16,"support":8.8}},{"type":"Feature","geometry":{"type":"LineString","coordinates":[[72.321,20.5798],[72.6454,22.1702]]},"properties":{"azimuth":10.8,"regime":"Thrust faulting","regime_code":"TF","regime_share":0.41,"agreement":0.82,"records":16,"support":7.9}},{"type":"Feature","geometry":{"type":"LineString","coordinates":[[74.4915,20.6602],[75.3072,22.0898]]},"properties":{"azimuth":28.0,"regime":"Undetermined","regime_code":"U","regime_share":0.53,"agreement":0.88,"records":4,"support":1.7}},{"type":"Feature","geometry":{"type":"LineString","coordinates":[[84.1636,20.6565],[84.9639,22.0935]]},"properties":{"azimuth":27.4,"regime":"Undetermined","regime_code":"U","regime_share":0.74,"agreement":0.1,"records":6,"support":1.9}},{"type":"Feature","geometry":{"type":"LineString","coordinates":[[86.3245,20.8433],[87.6352,21.9067]]},"properties":{"azimuth":48.9,"regime":"Undetermined","regime_code":"U","regime_share":0.71,"agreement":0.18,"records":10,"support":6.0}},{"type":"Feature","geometry":{"type":"LineString","coordinates":[[88.7384,20.8457],[90.0535,21.9043]]},"properties":{"azimuth":49.2,"regime":"Undetermined","regime_code":"U","regime_share":0.38,"agreement":0.31,"records":23,"support":11.0}},{"type":"Feature","geometry":{"type":"LineString","coordinates":[[91.2445,20.762],[92.3796,21.988]]},"properties":{"azimuth":40.8,"regime":"Strike-slip","regime_code":"SS","regime_share":0.47,"agreement":0.33,"records":40,"support":18.4}},{"type":"Feature","geometry":{"type":"LineString","coordinates":[[93.5737,20.8424],[94.8827,21.9076]]},"properties":{"azimuth":48.9,"regime":"Strike-slip","regime_code":"SS","regime_share":0.57,"agreement":0.58,"records":61,"support":27.7}},{"type":"Feature","geometry":{"type":"LineString","coordinates":[[96.0829,20.7571],[97.2057,21.9929]]},"properties":{"azimuth":40.2,"regime":"Strike-slip","regime_code":"SS","regime_share":0.78,"agreement":0.74,"records":93,"support":35.0}},{"type":"Feature","geometry":{"type":"LineString","coordinates":[[98.7138,20.6328],[99.407,22.1172]]},"properties":{"azimuth":23.5,"regime":"Strike-slip","regime_code":"SS","regime_share":0.86,"agreement":0.78,"records":101,"support":46.1}},{"type":"Feature","geometry":{"type":"LineString","coordinates":[[101.302,20.5821],[101.651,22.1679]]},"properties":{"azimuth":11.6,"regime":"Strike-slip","regime_code":"SS","regime_share":0.83,"agreement":0.68,"records":95,"support":47.2}},{"type":"Feature","geometry":{"type":"LineString","coordinates":[[103.8872,22.1844],[103.898,20.5656]]},"properties":{"azimuth":179.6,"regime":"Strike-slip","regime_code":"SS","regime_share":0.82,"agreement":0.54,"records":76,"support":23.8}},{"type":"Feature","geometry":{"type":"LineString","coordinates":[[105.7523,21.9968],[106.8651,20.7532]]},"properties":{"azimuth":140.2,"regime":"Strike-slip","regime_code":"SS","regime_share":0.85,"agreement":0.36,"records":11,"support":3.7}},{"type":"Feature","geometry":{"type":"LineString","coordinates":[[107.9709,21.7778],[109.4787,20.9722]]},"properties":{"azimuth":119.8,"regime":"Normal faulting","regime_code":"NF","regime_share":0.35,"agreement":0.69,"records":11,"support":5.0}},{"type":"Feature","geometry":{"type":"LineString","coordinates":[[110.4217,21.8294],[111.8602,20.9206]]},"properties":{"azimuth":124.2,"regime":"Undetermined","regime_code":"U","regime_share":0.4,"agreement":0.78,"records":17,"support":8.7}},{"type":"Feature","geometry":{"type":"LineString","coordinates":[[112.8596,21.858],[114.2545,20.892]]},"properties":{"azimuth":126.6,"regime":"Undetermined","regime_code":"U","regime_share":0.59,"agreement":0.63,"records":20,"support":11.4}},{"type":"Feature","geometry":{"type":"LineString","coordinates":[[115.4382,22.013],[116.5081,20.737]]},"properties":{"azimuth":142.0,"regime":"Undetermined","regime_code":"U","regime_share":0.47,"agreement":0.5,"records":42,"support":14.2}},{"type":"Feature","geometry":{"type":"LineString","coordinates":[[117.6074,21.7286],[119.1711,21.0214]]},"properties":{"azimuth":115.9,"regime":"Thrust faulting","regime_code":"TF","regime_share":0.34,"agreement":0.33,"records":375,"support":130.7}},{"type":"Feature","geometry":{"type":"LineString","coordinates":[[120.0294,21.7396],[121.5814,21.0104]]},"properties":{"azimuth":116.8,"regime":"Thrust faulting","regime_code":"TF","regime_share":0.43,"agreement":0.39,"records":491,"support":272.6}},{"type":"Feature","geometry":{"type":"LineString","coordinates":[[122.4328,21.7152],[124.0102,21.0348]]},"properties":{"azimuth":114.9,"regime":"Thrust faulting","regime_code":"TF","regime_share":0.46,"agreement":0.44,"records":507,"support":196.8}},{"type":"Feature","geometry":{"type":"LineString","coordinates":[[124.8275,21.6684],[126.4476,21.0816]]},"properties":{"azimuth":111.3,"regime":"Strike-slip","regime_code":"SS","regime_share":0.45,"agreement":0.47,"records":137,"support":36.3}},{"type":"Feature","geometry":{"type":"LineString","coordinates":[[127.1847,21.393],[128.9227,21.357]]},"properties":{"azimuth":91.3,"regime":"Normal faulting","regime_code":"NF","regime_share":0.45,"agreement":0.53,"records":28,"support":7.5}},{"type":"Feature","geometry":{"type":"LineString","coordinates":[[139.7102,22.0816],[140.5582,20.6684]]},"properties":{"azimuth":150.8,"regime":"Normal faulting","regime_code":"NF","regime_share":0.72,"agreement":0.69,"records":36,"support":12.0}},{"type":"Feature","geometry":{"type":"LineString","coordinates":[[142.0776,22.0542],[143.023,20.6958]]},"properties":{"azimuth":147.1,"regime":"Normal faulting","regime_code":"NF","regime_share":0.66,"agreement":0.55,"records":65,"support":38.1}},{"type":"Feature","geometry":{"type":"LineString","coordinates":[[144.4245,22.0078],[145.5083,20.7422]]},"properties":{"azimuth":141.4,"regime":"Normal faulting","regime_code":"NF","regime_share":0.61,"agreement":0.45,"records":86,"support":49.6}},{"type":"Feature","geometry":{"type":"LineString","coordinates":[[146.784,21.9619],[147.9811,20.7881]]},"properties":{"azimuth":136.5,"regime":"Normal faulting","regime_code":"NF","regime_share":0.61,"agreement":0.43,"records":81,"support":34.3}},{"type":"Feature","geometry":{"type":"LineString","coordinates":[[149.2613,22.0112],[150.336,20.7388]]},"properties":{"azimuth":141.8,"regime":"Normal faulting","regime_code":"NF","regime_share":0.72,"agreement":0.56,"records":33,"support":9.5}},{"type":"Feature","geometry":{"type":"LineString","coordinates":[[173.6062,20.6356],[174.3133,22.1144]]},"properties":{"azimuth":24.0,"regime":"Undetermined","regime_code":"U","regime_share":1.0,"agreement":1.0,"records":1,"support":1.5}},{"type":"Feature","geometry":{"type":"LineString","coordinates":[[-157.5653,18.3414],[-157.1367,19.9086]]},"properties":{"azimuth":14.5,"regime":"Thrust faulting","regime_code":"TF","regime_share":0.5,"agreement":0.17,"records":4,"support":2.5}},{"type":"Feature","geometry":{"type":"LineString","coordinates":[[-155.3803,19.8339],[-154.5534,18.4161]]},"properties":{"azimuth":151.1,"regime":"Thrust faulting","regime_code":"TF","regime_share":0.55,"agreement":0.2,"records":4,"support":3.3}},{"type":"Feature","geometry":{"type":"LineString","coordinates":[[-153.1159,19.7585],[-152.0496,18.4915]]},"properties":{"azimuth":141.5,"regime":"Thrust faulting","regime_code":"TF","regime_share":0.58,"agreement":0.42,"records":4,"support":1.4}},{"type":"Feature","geometry":{"type":"LineString","coordinates":[[-119.8947,18.6445],[-118.5159,19.6055]]},"properties":{"azimuth":53.6,"regime":"Normal faulting","regime_code":"NF","regime_share":0.91,"agreement":0.83,"records":6,"support":1.6}},{"type":"Feature","geometry":{"type":"LineString","coordinates":[[-117.5127,18.6472],[-116.1297,19.6028]]},"properties":{"azimuth":53.8,"regime":"Normal faulting","regime_code":"NF","regime_share":0.94,"agreement":0.81,"records":8,"support":4.6}},{"type":"Feature","geometry":{"type":"LineString","coordinates":[[-115.1406,18.6631],[-113.7336,19.5869]]},"properties":{"azimuth":55.2,"regime":"Normal faulting","regime_code":"NF","regime_share":0.93,"agreement":0.81,"records":8,"support":4.4}},{"type":"Feature","geometry":{"type":"LineString","coordinates":[[-112.1699,19.9268],[-111.9361,18.3232]]},"properties":{"azimuth":172.2,"regime":"Strike-slip","regime_code":"SS","regime_share":0.91,"agreement":0.84,"records":49,"support":15.8}},{"type":"Feature","geometry":{"type":"LineString","coordinates":[[-109.8898,19.907],[-109.448,18.343]]},"properties":{"azimuth":165.1,"regime":"Strike-slip","regime_code":"SS","regime_share":0.96,"agreement":0.86,"records":110,"support":61.1}},{"type":"Feature","geometry":{"type":"LineString","coordinates":[[-107.534,19.8994],[-107.0355,18.3506]]},"properties":{"azimuth":163.1,"regime":"Strike-slip","regime_code":"SS","regime_share":0.83,"agreement":0.72,"records":151,"support":96.1}},{"type":"Feature","geometry":{"type":"LineString","coordinates":[[-104.996,19.9294],[-104.8054,18.3206]]},"properties":{"azimuth":173.6,"regime":"Strike-slip","regime_code":"SS","regime_share":0.53,"agreement":0.44,"records":156,"support":83.4}},{"type":"Feature","geometry":{"type":"LineString","coordinates":[[-102.9709,18.4388],[-102.0622,19.8112]]},"properties":{"azimuth":32.0,"regime":"Thrust faulting","regime_code":"TF","regime_share":0.51,"agreement":0.5,"records":148,"support":74.9}},{"type":"Feature","geometry":{"type":"LineString","coordinates":[[-100.6438,18.4756],[-99.6211,19.7744]]},"properties":{"azimuth":36.7,"regime":"Thrust faulting","regime_code":"TF","regime_share":0.46,"agreement":0.51,"records":174,"support":91.9}},{"type":"Feature","geometry":{"type":"LineString","coordinates":[[-98.2262,18.4532],[-97.2705,19.7968]]},"properties":{"azimuth":33.9,"regime":"Thrust faulting","regime_code":"TF","regime_share":0.43,"agreement":0.44,"records":171,"support":78.0}},{"type":"Feature","geometry":{"type":"LineString","coordinates":[[-95.7273,18.3919],[-95.0012,19.8581]]},"properties":{"azimuth":25.1,"regime":"Undetermined","regime_code":"U","regime_share":0.47,"agreement":0.22,"records":123,"support":45.1}},{"type":"Feature","geometry":{"type":"LineString","coordinates":[[-93.2053,18.3441],[-92.755,19.9059]]},"properties":{"azimuth":15.2,"regime":"Undetermined","regime_code":"U","regime_share":0.86,"agreement":0.21,"records":47,"support":32.8}},{"type":"Feature","geometry":{"type":"LineString","coordinates":[[-90.9745,18.3989],[-90.2176,19.8511]]},"properties":{"azimuth":26.2,"regime":"Undetermined","regime_code":"U","regime_share":0.88,"agreement":0.56,"records":47,"support":25.4}},{"type":"Feature","geometry":{"type":"LineString","coordinates":[[-88.5998,18.4033],[-87.8241,19.8467]]},"properties":{"azimuth":26.9,"regime":"Undetermined","regime_code":"U","regime_share":0.49,"agreement":0.89,"records":53,"support":17.2}},{"type":"Feature","geometry":{"type":"LineString","coordinates":[[-86.1971,18.3947],[-85.4585,19.8553]]},"properties":{"azimuth":25.5,"regime":"Strike-slip","regime_code":"SS","regime_share":0.76,"agreement":0.93,"records":41,"support":15.9}},{"type":"Feature","geometry":{"type":"LineString","coordinates":[[-83.8074,18.3922],[-83.08,19.8578]]},"properties":{"azimuth":25.1,"regime":"Strike-slip","regime_code":"SS","regime_share":0.79,"agreement":0.82,"records":32,"support":15.7}},{"type":"Feature","geometry":{"type":"LineString","coordinates":[[-81.4021,18.3831],[-80.7171,19.8669]]},"properties":{"azimuth":23.6,"regime":"Strike-slip","regime_code":"SS","regime_share":0.67,"agreement":0.73,"records":22,"support":14.9}},{"type":"Feature","geometry":{"type":"LineString","coordinates":[[-79.0374,18.3914],[-78.3136,19.8586]]},"properties":{"azimuth":25.0,"regime":"Strike-slip","regime_code":"SS","regime_share":0.61,"agreement":0.76,"records":23,"support":11.5}},{"type":"Feature","geometry":{"type":"LineString","coordinates":[[-76.6372,18.3845],[-75.9456,19.8655]]},"properties":{"azimuth":23.8,"regime":"Thrust faulting","regime_code":"TF","regime_share":0.66,"agreement":0.86,"records":22,"support":10.5}},{"type":"Feature","geometry":{"type":"LineString","coordinates":[[-74.1991,18.364],[-73.6155,19.886]]},"properties":{"azimuth":19.9,"regime":"Thrust faulting","regime_code":"TF","regime_share":0.85,"agreement":0.9,"records":25,"support":14.9}},{"type":"Feature","geometry":{"type":"LineString","coordinates":[[-71.8384,18.3724],[-71.2079,19.8776]]},"properties":{"azimuth":21.6,"regime":"Thrust faulting","regime_code":"TF","regime_share":0.74,"agreement":0.78,"records":26,"support":16.3}},{"type":"Feature","geometry":{"type":"LineString","coordinates":[[-69.7032,18.5159],[-68.5749,19.7341]]},"properties":{"azimuth":41.2,"regime":"Thrust faulting","regime_code":"TF","regime_share":0.52,"agreement":0.54,"records":29,"support":13.3}},{"type":"Feature","geometry":{"type":"LineString","coordinates":[[-67.3918,18.5836],[-66.1181,19.6664]]},"properties":{"azimuth":48.0,"regime":"Thrust faulting","regime_code":"TF","regime_share":0.46,"agreement":0.71,"records":33,"support":19.2}},{"type":"Feature","geometry":{"type":"LineString","coordinates":[[-64.9478,18.5266],[-63.794,19.7234]]},"properties":{"azimuth":42.3,"regime":"Thrust faulting","regime_code":"TF","regime_share":0.52,"agreement":0.73,"records":36,"support":24.8}},{"type":"Feature","geometry":{"type":"LineString","coordinates":[[-62.533,18.5015],[-61.4405,19.7485]]},"properties":{"azimuth":39.6,"regime":"Thrust faulting","regime_code":"TF","regime_share":0.49,"agreement":0.43,"records":47,"support":22.5}},{"type":"Feature","geometry":{"type":"LineString","coordinates":[[-59.7233,18.3237],[-59.482,19.9263]]},"properties":{"azimuth":8.1,"regime":"Normal faulting","regime_code":"NF","regime_share":0.4,"agreement":0.09,"records":29,"support":12.0}},{"type":"Feature","geometry":{"type":"LineString","coordinates":[[-57.4734,19.8977],[-56.9636,18.3523]]},"properties":{"azimuth":162.7,"regime":"Strike-slip","regime_code":"SS","regime_share":0.47,"agreement":0.72,"records":10,"support":3.6}},{"type":"Feature","geometry":{"type":"LineString","coordinates":[[-55.0193,19.9153],[-54.6495,18.3347]]},"properties":{"azimuth":167.5,"regime":"Strike-slip","regime_code":"SS","regime_share":0.76,"agreement":0.91,"records":3,"support":1.6}},{"type":"Feature","geometry":{"type":"LineString","coordinates":[[-50.2937,18.3447],[-49.8387,19.9053]]},"properties":{"azimuth":15.4,"regime":"Normal faulting","regime_code":"NF","regime_share":1.0,"agreement":0.84,"records":15,"support":2.6}},{"type":"Feature","geometry":{"type":"LineString","coordinates":[[-47.8527,18.3318],[-47.5116,19.9182]]},"properties":{"azimuth":11.5,"regime":"Normal faulting","regime_code":"NF","regime_share":0.98,"agreement":0.85,"records":47,"support":21.1}},{"type":"Feature","geometry":{"type":"LineString","coordinates":[[-45.4609,18.3304],[-45.1351,19.9196]]},"properties":{"azimuth":11.0,"regime":"Normal faulting","regime_code":"NF","regime_share":0.93,"agreement":0.8,"records":63,"support":29.9}},{"type":"Feature","geometry":{"type":"LineString","coordinates":[[-43.1048,18.336],[-42.723,19.914]]},"properties":{"azimuth":12.9,"regime":"Normal faulting","regime_code":"NF","regime_share":0.91,"agreement":0.75,"records":42,"support":10.9}},{"type":"Feature","geometry":{"type":"LineString","coordinates":[[-29.4239,19.3754],[-27.7946,18.8746]]},"properties":{"azimuth":108.0,"regime":"Strike-slip","regime_code":"SS","regime_share":1.0,"agreement":0.98,"records":4,"support":2.2}},{"type":"Feature","geometry":{"type":"LineString","coordinates":[[-27.0511,19.3399],[-25.3992,18.9101]]},"properties":{"azimuth":105.4,"regime":"Strike-slip","regime_code":"SS","regime_share":1.0,"agreement":0.99,"records":4,"support":2.8}},{"type":"Feature","geometry":{"type":"LineString","coordinates":[[-24.6704,19.3277],[-23.0117,18.9223]]},"properties":{"azimuth":104.5,"regime":"Strike-slip","regime_code":"SS","regime_share":1.0,"agreement":1.0,"records":3,"support":1.2}},{"type":"Feature","geometry":{"type":"LineString","coordinates":[[35.1537,19.6953],[36.3695,18.5547]]},"properties":{"azimuth":134.8,"regime":"Normal faulting","regime_code":"NF","regime_share":1.0,"agreement":0.95,"records":6,"support":1.8}},{"type":"Feature","geometry":{"type":"LineString","coordinates":[[37.5688,19.7233],[38.7226,18.5267]]},"properties":{"azimuth":137.7,"regime":"Normal faulting","regime_code":"NF","regime_share":0.94,"agreement":0.91,"records":11,"support":7.3}},{"type":"Feature","geometry":{"type":"LineString","coordinates":[[39.9701,19.7378],[41.0895,18.5122]]},"properties":{"azimuth":139.2,"regime":"Normal faulting","regime_code":"NF","regime_share":0.88,"agreement":0.85,"records":12,"support":8.0}},{"type":"Feature","geometry":{"type":"LineString","coordinates":[[42.4893,19.828],[43.3385,18.422]]},"properties":{"azimuth":150.3,"regime":"Normal faulting","regime_code":"NF","regime_share":0.63,"agreement":0.44,"records":11,"support":3.6}},{"type":"Feature","geometry":{"type":"LineString","coordinates":[[44.8568,18.4312],[45.7392,19.8188]]},"properties":{"azimuth":31.0,"regime":"Undetermined","regime_code":"U","regime_share":1.0,"agreement":1.0,"records":1,"support":1.4}},{"type":"Feature","geometry":{"type":"LineString","coordinates":[[56.589,18.576],[57.8481,19.674]]},"properties":{"azimuth":47.3,"regime":"Thrust faulting","regime_code":"TF","regime_share":0.62,"agreement":0.94,"records":3,"support":1.1}},{"type":"Feature","geometry":{"type":"LineString","coordinates":[[58.8227,18.7902],[60.3826,19.4598]]},"properties":{"azimuth":65.6,"regime":"Thrust faulting","regime_code":"TF","regime_share":0.57,"agreement":0.69,"records":4,"support":1.2}},{"type":"Feature","geometry":{"type":"LineString","coordinates":[[61.134,19.048],[62.8395,19.202]]},"properties":{"azimuth":84.5,"regime":"Strike-slip","regime_code":"SS","regime_share":0.51,"agreement":0.84,"records":4,"support":1.8}},{"type":"Feature","geometry":{"type":"LineString","coordinates":[[63.5161,19.0714],[65.2256,19.1786]]},"properties":{"azimuth":86.2,"regime":"Strike-slip","regime_code":"SS","regime_share":0.49,"agreement":0.82,"records":4,"support":1.2}},{"type":"Feature","geometry":{"type":"LineString","coordinates":[[68.9656,18.3324],[69.3126,19.9176]]},"properties":{"azimuth":11.7,"regime":"Strike-slip","regime_code":"SS","regime_share":0.54,"agreement":0.99,"records":4,"support":2.0}},{"type":"Feature","geometry":{"type":"LineString","coordinates":[[71.4255,18.3209],[71.6209,19.9291]]},"properties":{"azimuth":6.5,"regime":"Undetermined","regime_code":"U","regime_share":0.4,"agreement":0.86,"records":12,"support":6.1}},{"type":"Feature","geometry":{"type":"LineString","coordinates":[[73.9041,19.9344],[73.9105,18.3156]]},"properties":{"azimuth":179.8,"regime":"Normal faulting","regime_code":"NF","regime_share":0.51,"agreement":0.83,"records":11,"support":6.2}},{"type":"Feature","geometry":{"type":"LineString","coordinates":[[76.0944,18.3373],[76.4884,19.9127]]},"properties":{"azimuth":13.3,"regime":"Normal faulting","regime_code":"NF","regime_share":0.42,"agreement":0.55,"records":11,"support":3.9}},{"type":"Feature","geometry":{"type":"LineString","coordinates":[[78.1544,18.4826],[79.1966,19.7674]]},"properties":{"azimuth":37.5,"regime":"Thrust faulting","regime_code":"TF","regime_share":0.6,"agreement":0.83,"records":10,"support":4.0}},{"type":"Feature","geometry":{"type":"LineString","coordinates":[[80.622,18.4292],[81.4972,19.8208]]},"properties":{"azimuth":30.7,"regime":"Undetermined","regime_code":"U","regime_share":0.41,"agreement":0.84,"records":15,"support":6.1}},{"type":"Feature","geometry":{"type":"LineString","coordinates":[[83.1222,18.3748],[83.7652,19.8752]]},"properties":{"azimuth":22.0,"regime":"Undetermined","regime_code":"U","regime_share":0.54,"agreement":0.78,"records":12,"support":4.1}},{"type":"Feature","geometry":{"type":"LineString","coordinates":[[85.4228,18.4118],[86.2329,19.8382]]},"properties":{"azimuth":28.2,"regime":"Undetermined","regime_code":"U","regime_share":0.67,"agreement":0.25,"records":6,"support":3.4}},{"type":"Feature","geometry":{"type":"LineString","coordinates":[[87.6997,18.4762],[88.7241,19.7738]]},"properties":{"azimuth":36.7,"regime":"Undetermined","regime_code":"U","regime_share":0.59,"agreement":0.3,"records":11,"support":5.5}},{"type":"Feature","geometry":{"type":"LineString","coordinates":[[90.1449,18.4369],[91.0471,19.8131]]},"properties":{"azimuth":31.8,"regime":"Strike-slip","regime_code":"SS","regime_share":0.46,"agreement":0.37,"records":19,"support":7.2}},{"type":"Feature","geometry":{"type":"LineString","coordinates":[[92.3556,18.571],[93.6046,19.679]]},"properties":{"azimuth":46.8,"regime":"Strike-slip","regime_code":"SS","regime_share":0.38,"agreement":0.46,"records":28,"support":12.9}},{"type":"Feature","geometry":{"type":"LineString","coordinates":[[94.7023,18.6112],[96.0262,19.6388]]},"properties":{"azimuth":50.6,"regime":"Thrust faulting","regime_code":"TF","regime_share":0.42,"agreement":0.73,"records":42,"support":18.7}},{"type":"Feature","geometry":{"type":"LineString","coordinates":[[97.2455,18.4697],[98.2512,19.7803]]},"properties":{"azimuth":35.9,"regime":"Strike-slip","regime_code":"SS","regime_share":0.53,"agreement":0.75,"records":49,"support":20.6}},{"type":"Feature","geometry":{"type":"LineString","coordinates":[[99.8728,18.3537],[100.3921,19.8963]]},"properties":{"azimuth":17.6,"regime":"Strike-slip","regime_code":"SS","regime_share":0.66,"agreement":0.79,"records":54,"support":25.0}},{"type":"Feature","geometry":{"type":"LineString","coordinates":[[102.3969,18.3235],[102.6362,19.9265]]},"properties":{"azimuth":8.0,"regime":"Strike-slip","regime_code":"SS","regime_share":0.52,"agreement":0.73,"records":45,"support":17.8}},{"type":"Feature","geometry":{"type":"LineString","coordinates":[[104.7687,19.9247],[105.0326,18.3253]]},"properties":{"azimuth":171.1,"regime":"Undetermined","regime_code":"U","regime_share":0.67,"agreement":0.59,"records":12,"support":5.2}},{"type":"Feature","geometry":{"type":"LineString","coordinates":[[106.68,19.6983],[107.8895,18.5517]]},"properties":{"azimuth":135.1,"regime":"Undetermined","regime_code":"U","regime_share":0.42,"agreement":0.33,"records":6,"support":2.5}},{"type":"Feature","geometry":{"type":"LineString","coordinates":[[109.0735,19.707],[110.2642,18.543]]},"properties":{"azimuth":136.0,"regime":"Undetermined","regime_code":"U","regime_share":0.49,"agreement":0.51,"records":9,"support":5.0}},{"type":"Feature","geometry":{"type":"LineString","coordinates":[[111.5003,19.7434],[112.6056,18.5066]]},"properties":{"azimuth":139.8,"regime":"Undetermined","regime_code":"U","regime_share":0.64,"agreement":0.61,"records":13,"support":5.9}},{"type":"Feature","geometry":{"type":"LineString","coordinates":[[113.9576,19.7957],[114.9166,18.4543]]},"properties":{"azimuth":146.0,"regime":"Undetermined","regime_code":"U","regime_share":0.87,"agreement":0.6,"records":14,"support":5.6}},{"type":"Feature","geometry":{"type":"LineString","coordinates":[[116.784,19.9336],[116.8584,18.3164]]},"properties":{"azimuth":177.5,"regime":"Normal faulting","regime_code":"NF","regime_share":0.69,"agreement":0.12,"records":103,"support":25.8}},{"type":"Feature","geometry":{"type":"LineString","coordinates":[[118.4399,19.4885],[119.9707,18.7615]]},"properties":{"azimuth":116.7,"regime":"Normal faulting","regime_code":"NF","regime_share":0.5,"agreement":0.28,"records":231,"support":121.0}},{"type":"Feature","geometry":{"type":"LineString","coordinates":[[120.8042,19.4485],[122.3747,18.8015]]},"properties":{"azimuth":113.6,"regime":"Thrust faulting","regime_code":"TF","regime_share":0.44,"agreement":0.43,"records":282,"support":158.6}},{"type":"Feature","geometry":{"type":"LineString","coordinates":[[123.1813,19.433],[124.7657,18.817]]},"properties":{"azimuth":112.4,"regime":"Thrust faulting","regime_code":"TF","regime_share":0.48,"agreement":0.61,"records":184,"support":60.0}},{"type":"Feature","geometry":{"type":"LineString","coordinates":[[125.505,19.2036],[127.2102,19.0464]]},"properties":{"azimuth":95.6,"regime":"Strike-slip","regime_code":"SS","regime_share":0.79,"agreement":0.86,"records":19,"support":3.4}},{"type":"Feature","geometry":{"type":"LineString","coordinates":[[140.2784,19.8486],[141.0461,18.4014]]},"properties":{"azimuth":153.4,"regime":"Normal faulting","regime_code":"NF","regime_share":0.83,"agreement":0.9,"records":29,"support":5.9}},{"type":"Feature","geometry":{"type":"LineString","coordinates":[[142.7794,19.8941],[143.3133,18.3559]]},"properties":{"azimuth":161.8,"regime":"Normal faulting","regime_code":"NF","regime_share":0.75,"agreement":0.55,"records":97,"support":27.5}},{"type":"Feature","geometry":{"type":"LineString","coordinates":[[145.1066,19.8743],[145.7543,18.3757]]},"properties":{"azimuth":157.8,"regime":"Normal faulting","regime_code":"NF","regime_share":0.64,"agreement":0.29,"records":119,"support":51.6}},{"type":"Feature","geometry":{"type":"LineString","coordinates":[[147.2118,19.7001],[148.4173,18.5499]]},"properties":{"azimuth":135.3,"regime":"Normal faulting","regime_code":"NF","regime_share":0.53,"agreement":0.15,"records":78,"support":41.5}},{"type":"Feature","geometry":{"type":"LineString","coordinates":[[149.4737,19.5562],[150.9236,18.6938]]},"properties":{"azimuth":122.2,"regime":"Normal faulting","regime_code":"NF","regime_share":0.5,"agreement":0.19,"records":47,"support":13.4}},{"type":"Feature","geometry":{"type":"LineString","coordinates":[[154.1114,19.1674],[155.8224,19.0826]]},"properties":{"azimuth":93.0,"regime":"Undetermined","regime_code":"U","regime_share":1.0,"agreement":1.0,"records":1,"support":1.2}},{"type":"Feature","geometry":{"type":"LineString","coordinates":[[156.4955,19.1674],[158.2065,19.0826]]},"properties":{"azimuth":93.0,"regime":"Undetermined","regime_code":"U","regime_share":1.0,"agreement":1.0,"records":1,"support":1.3}},{"type":"Feature","geometry":{"type":"LineString","coordinates":[[171.0809,18.5248],[172.2303,19.7252]]},"properties":{"azimuth":42.1,"regime":"Thrust faulting","regime_code":"TF","regime_share":0.64,"agreement":0.89,"records":2,"support":1.1}},{"type":"Feature","geometry":{"type":"LineString","coordinates":[[173.6287,18.4149],[174.4508,19.8351]]},"properties":{"azimuth":28.7,"regime":"Undetermined","regime_code":"U","regime_share":0.82,"agreement":0.93,"records":2,"support":1.0}},{"type":"Feature","geometry":{"type":"LineString","coordinates":[[-155.703,17.5835],[-154.8852,16.1665]]},"properties":{"azimuth":151.1,"regime":"Thrust faulting","regime_code":"TF","regime_share":0.64,"agreement":0.3,"records":4,"support":1.2}},{"type":"Feature","geometry":{"type":"LineString","coordinates":[[-118.4624,16.6597],[-116.8317,17.0903]]},"properties":{"azimuth":74.6,"regime":"Normal faulting","regime_code":"NF","regime_share":0.78,"agreement":0.81,"records":7,"support":2.7}},{"type":"Feature","geometry":{"type":"LineString","coordinates":[[-116.1008,16.6318],[-114.4874,17.1182]]},"properties":{"azimuth":72.5,"regime":"Normal faulting","regime_code":"NF","regime_share":0.79,"agreement":0.8,"records":8,"support":4.4}},{"type":"Feature","geometry":{"type":"LineString","coordinates":[[-113.7503,16.6392],[-112.1321,17.1108]]},"properties":{"azimuth":73.1,"regime":"Normal faulting","regime_code":"NF","regime_share":0.79,"agreement":0.87,"records":4,"support":2.1}},{"type":"Feature","geometry":{"type":"LineString","coordinates":[[-110.8025,17.658],[-110.374,16.092]]},"properties":{"azimuth":165.3,"regime":"Strike-slip","regime_code":"SS","regime_share":0.95,"agreement":0.92,"records":66,"support":16.8}},{"type":"Feature","geometry":{"type":"LineString","coordinates":[[-108.5573,17.6235],[-107.9133,16.1265]]},"properties":{"azimuth":157.6,"regime":"Strike-slip","regime_code":"SS","regime_share":0.93,"agreement":0.86,"records":113,"support":46.0}},{"type":"Feature","geometry":{"type":"LineString","coordinates":[[-106.1981,17.6259],[-105.5666,16.1241]]},"properties":{"azimuth":158.1,"regime":"Strike-slip","regime_code":"SS","regime_share":0.73,"agreement":0.59,"records":121,"support":60.2}},{"type":"Feature","geometry":{"type":"LineString","coordinates":[[-103.7262,16.0878],[-103.3326,17.6622]]},"properties":{"azimuth":13.5,"regime":"Thrust faulting","regime_code":"TF","regime_share":0.54,"agreement":0.42,"records":141,"support":60.9}},{"type":"Feature","geometry":{"type":"LineString","coordinates":[[-101.5798,16.1635],[-100.7732,17.5865]]},"properties":{"azimuth":28.5,"regime":"Thrust faulting","regime_code":"TF","regime_share":0.76,"agreement":0.69,"records":162,"support":82.1}},{"type":"Feature","geometry":{"type":"LineString","coordinates":[[-99.2013,16.1508],[-98.4457,17.5992]]},"properties":{"azimuth":26.5,"regime":"Thrust faulting","regime_code":"TF","regime_share":0.78,"agreement":0.67,"records":171,"support":105.8}},{"type":"Feature","geometry":{"type":"LineString","coordinates":[[-96.8141,16.1354],[-96.127,17.6146]]},"properties":{"azimuth":24.0,"regime":"Thrust faulting","regime_code":"TF","regime_share":0.72,"agreement":0.56,"records":188,"support":92.7}},{"type":"Feature","geometry":{"type":"LineString","coordinates":[[-94.4809,16.1441],[-93.7544,17.6059]]},"properties":{"azimuth":25.4,"regime":"Thrust faulting","regime_code":"TF","regime_share":0.6,"agreement":0.49,"records":223,"support":93.6}},{"type":"Feature","geometry":{"type":"LineString","coordinates":[[-92.1505,16.1547],[-91.3789,17.5953]]},"properties":{"azimuth":27.1,"regime":"Thrust faulting","regime_code":"TF","regime_share":0.48,"agreement":0.59,"records":222,"support":91.3}},{"type":"Feature","geometry":{"type":"LineString","coordinates":[[-89.7825,16.1475],[-89.041,17.6025]]},"properties":{"azimuth":26.0,"regime":"Undetermined","regime_code":"U","regime_share":0.39,"agreement":0.68,"records":149,"support":57.7}},{"type":"Feature","geometry":{"type":"LineString","coordinates":[[-87.4166,16.1416],[-86.701,17.6084]]},"properties":{"azimuth":25.0,"regime":"Strike-slip","regime_code":"SS","regime_share":0.56,"agreement":0.81,"records":71,"support":39.8}},{"type":"Feature","geometry":{"type":"LineString","coordinates":[[-85.0659,16.1426],[-84.3458,17.6074]]},"properties":{"azimuth":25.2,"regime":"Strike-slip","regime_code":"SS","regime_share":0.72,"agreement":0.89,"records":52,"support":27.0}},{"type":"Feature","geometry":{"type":"LineString","coordinates":[[-82.6885,16.132],[-82.0174,17.618]]},"properties":{"azimuth":23.4,"regime":"Strike-slip","regime_code":"SS","regime_share":0.73,"agreement":0.78,"records":33,"support":15.9}},{"type":"Feature","geometry":{"type":"LineString","coordinates":[[-80.3255,16.128],[-79.6745,17.622]]},"properties":{"azimuth":22.6,"regime":"Strike-slip","regime_code":"SS","regime_share":0.62,"agreement":0.68,"records":21,"support":10.3}},{"type":"Feature","geometry":{"type":"LineString","coordinates":[[-78.0416,16.1591],[-77.2525,17.5909]]},"properties":{"azimuth":27.8,"regime":"Strike-slip","regime_code":"SS","regime_share":0.56,"agreement":0.7,"records":17,"support":5.5}},{"type":"Feature","geometry":{"type":"LineString","coordinates":[[-75.6157,16.1264],[-74.9726,17.6236]]},"properties":{"azimuth":22.3,"regime":"Thrust faulting","regime_code":"TF","regime_share":0.76,"agreement":0.86,"records":21,"support":7.1}},{"type":"Feature","geometry":{"type":"LineString","coordinates":[[-73.2098,16.1075],[-72.6726,17.6425]]},"properties":{"azimuth":18.5,"regime":"Thrust faulting","regime_code":"TF","regime_share":0.82,"agreement":0.89,"records":20,"support":11.2}},{"type":"Feature","geometry":{"type":"LineString","coordinates":[[-70.934,16.1363],[-70.2425,17.6137]]},"properties":{"azimuth":24.1,"regime":"Thrust faulting","regime_code":"TF","regime_share":0.62,"agreement":0.64,"records":24,"support":10.7}},{"type":"Feature","geometry":{"type":"LineString","coordinates":[[-68.9634,16.4632],[-67.5072,17.2868]]},"properties":{"azimuth":59.4,"regime":"Normal faulting","regime_code":"NF","regime_share":0.37,"agreement":0.5,"records":21,"support":7.7}},{"type":"Feature","geometry":{"type":"LineString","coordinates":[[-66.5204,16.3437],[-65.2443,17.4063]]},"properties":{"azimuth":49.0,"regime":"Thrust faulting","regime_code":"TF","regime_share":0.45,"agreement":0.67,"records":31,"support":11.0}},{"type":"Feature","geometry":{"type":"LineString","coordinates":[[-64.1032,16.2803],[-62.9556,17.4697]]},"properties":{"azimuth":42.7,"regime":"Thrust faulting","regime_code":"TF","regime_share":0.48,"agreement":0.38,"records":50,"support":19.8}},{"type":"Feature","geometry":{"type":"LineString","coordinates":[[-61.5217,16.1361],[-60.8312,17.6139]]},"properties":{"azimuth":24.1,"regime":"Normal faulting","regime_code":"NF","regime_share":0.5,"agreement":0.14,"records":35,"support":24.0}},{"type":"Feature","geometry":{"type":"LineString","coordinates":[[-58.8854,16.0678],[-58.7617,17.6822]]},"properties":{"azimuth":4.2,"regime":"Normal faulting","regime_code":"NF","regime_share":0.52,"agreement":0.27,"records":31,"support":15.9}},{"type":"Feature","geometry":{"type":"LineString","coordinates":[[-56.5817,17.6774],[-56.3594,16.0726]]},"properties":{"azimuth":172.4,"regime":"Strike-slip","regime_code":"SS","regime_share":0.47,"agreement":0.74,"records":13,"support":3.7}},{"type":"Feature","geometry":{"type":"LineString","coordinates":[[-54.1596,17.6834],[-54.0757,16.0666]]},"properties":{"azimuth":177.2,"regime":"Strike-slip","regime_code":"SS","regime_share":0.9,"agreement":0.94,"records":2,"support":1.1}},{"type":"Feature","geometry":{"type":"LineString","coordinates":[[-49.5034,16.0704],[-49.3202,17.6796]]},"properties":{"azimuth":6.2,"regime":"Normal faulting","regime_code":"NF","regime_share":0.9,"agreement":0.81,"records":31,"support":9.8}},{"type":"Feature","geometry":{"type":"LineString","coordinates":[[-47.1154,16.0674],[-47.0023,17.6826]]},"properties":{"azimuth":3.8,"regime":"Normal faulting","regime_code":"NF","regime_share":0.87,"agreement":0.75,"records":54,"support":31.1}},{"type":"Feature","geometry":{"type":"LineString","coordinates":[[-44.7303,16.0659],[-44.6815,17.6841]]},"properties":{"azimuth":1.7,"regime":"Normal faulting","regime_code":"NF","regime_share":0.83,"agreement":0.67,"records":63,"support":29.9}},{"type":"Feature","geometry":{"type":"LineString","coordinates":[[-42.5516,17.6618],[-42.1543,16.0882]]},"properties":{"azimuth":166.4,"regime":"Normal faulting","regime_code":"NF","regime_share":0.64,"agreement":0.49,"records":26,"support":5.7}},{"type":"Feature","geometry":{"type":"LineString","coordinates":[[-29.0301,17.1517],[-27.4404,16.5983]]},"properties":{"azimuth":110.0,"regime":"Strike-slip","regime_code":"SS","regime_share":1.0,"agreement":0.92,"records":5,"support":1.8}},{"type":"Feature","geometry":{"type":"LineString","coordinates":[[-26.6597,17.194],[-25.105,16.556]]},"properties":{"azimuth":113.2,"regime":"Strike-slip","regime_code":"SS","regime_share":1.0,"agreement":0.86,"records":4,"support":2.5}},{"type":"Feature","geometry":{"type":"LineString","coordinates":[[-24.2651,17.2743],[-22.7937,16.4757]]},"properties":{"azimuth":119.6,"regime":"Strike-slip","regime_code":"SS","regime_share":1.0,"agreement":0.81,"records":4,"support":1.3}},{"type":"Feature","geometry":{"type":"LineString","coordinates":[[32.1435,17.1443],[33.7388,16.6057]]},"properties":{"azimuth":109.4,"regime":"Undetermined","regime_code":"U","regime_share":1.0,"agreement":0.94,"records":3,"support":1.4}},{"type":"Feature","geometry":{"type":"LineString","coordinates":[[34.4828,17.1038],[36.1054,16.6462]]},"properties":{"azimuth":106.4,"regime":"Undetermined","regime_code":"U","regime_share":1.0,"agreement":0.93,"records":3,"support":1.0}},{"type":"Feature","geometry":{"type":"LineString","coordinates":[[37.149,17.5292],[38.1451,16.2208]]},"properties":{"azimuth":143.9,"regime":"Normal faulting","regime_code":"NF","regime_share":0.83,"agreement":0.86,"records":15,"support":5.5}},{"type":"Feature","geometry":{"type":"LineString","coordinates":[[39.5007,17.5283],[40.4993,16.2217]]},"properties":{"azimuth":143.8,"regime":"Normal faulting","regime_code":"NF","regime_share":0.81,"agreement":0.85,"records":20,"support":9.8}},{"type":"Feature","geometry":{"type":"LineString","coordinates":[[41.8684,17.5384],[42.8375,16.2116]]},"properties":{"azimuth":145.0,"regime":"Normal faulting","regime_code":"NF","regime_share":0.74,"agreement":0.77,"records":21,"support":6.4}},{"type":"Feature","geometry":{"type":"LineString","coordinates":[[44.6221,17.6804],[44.7897,16.0696]]},"properties":{"azimuth":174.3,"regime":"Normal faulting","regime_code":"NF","regime_share":0.45,"agreement":0.46,"records":4,"support":1.5}},{"type":"Feature","geometry":{"type":"LineString","coordinates":[[48.5729,16.7715],[50.2506,16.9785]]},"properties":{"azimuth":82.7,"regime":"Strike-slip","regime_code":"SS","regime_share":0.67,"agreement":0.62,"records":29,"support":5.6}},{"type":"Feature","geometry":{"type":"LineString","coordinates":[[50.923,16.7956],[52.6064,16.9544]]},"properties":{"azimuth":84.4,"regime":"Strike-slip","regime_code":"SS","regime_share":0.54,"agreement":0.66,"records":50,"support":14.6}},{"type":"Feature","geometry":{"type":"LineString","coordinates":[[53.2746,16.9408],[54.9607,16.8092]]},"properties":{"azimuth":94.7,"regime":"Normal faulting","regime_code":"NF","regime_share":0.73,"agreement":0.75,"records":57,"support":20.6}},{"type":"Feature","geometry":{"type":"LineString","coordinates":[[55.65,17.0712],[57.2912,16.6788]]},"properties":{"azimuth":104.0,"regime":"Normal faulting","regime_code":"NF","regime_share":0.87,"agreement":0.77,"records":50,"support":18.9}},{"type":"Feature","geometry":{"type":"LineString","coordinates":[[58.0157,17.1148],[59.6314,16.6352]]},"properties":{"azimuth":107.2,"regime":"Normal faulting","regime_code":"NF","regime_share":0.81,"agreement":0.71,"records":31,"support":7.5}},{"type":"Feature","geometry":{"type":"LineString","coordinates":[[70.5632,17.684],[70.6133,16.066]]},"properties":{"azimuth":178.3,"regime":"Normal faulting","regime_code":"NF","regime_share":0.49,"agreement":0.89,"records":8,"support":3.0}},{"type":"Feature","geometry":{"type":"LineString","coordinates":[[72.8468,17.6793],[73.0355,16.0707]]},"properties":{"azimuth":173.6,"regime":"Normal faulting","regime_code":"NF","regime_share":0.67,"agreement":0.92,"records":8,"support":6.7}},{"type":"Feature","geometry":{"type":"LineString","coordinates":[[75.2496,17.6833],[75.3386,16.0667]]},"properties":{"azimuth":177.0,"regime":"Normal faulting","regime_code":"NF","regime_share":0.63,"agreement":0.72,"records":10,"support":6.2}},{"type":"Feature","geometry":{"type":"LineString","coordinates":[[77.1754,16.2032],[78.1187,17.5468]]},"properties":{"azimuth":33.9,"regime":"Thrust faulting","regime_code":"TF","regime_share":0.48,"agreement":0.67,"records":18,"support":6.5}},{"type":"Feature","geometry":{"type":"LineString","coordinates":[[79.5607,16.1834],[80.4393,17.5666]]},"properties":{"azimuth":31.3,"regime":"Undetermined","regime_code":"U","regime_share":0.45,"agreement":0.79,"records":16,"support":12.6}},{"type":"Feature","geometry":{"type":"LineString","coordinates":[[81.9837,16.1468],[82.7222,17.6032]]},"properties":{"azimuth":25.9,"regime":"Undetermined","regime_code":"U","regime_share":0.55,"agreement":0.79,"records":17,"support":13.2}},{"type":"Feature","geometry":{"type":"LineString","coordinates":[[84.3743,16.1304],[85.0374,17.6196]]},"properties":{"azimuth":23.1,"regime":"Undetermined","regime_code":"U","regime_share":0.52,"agreement":0.8,"records":13,"support":5.4}},{"type":"Feature","geometry":{"type":"LineString","coordinates":[[86.6727,16.1549],[87.445,17.5951]]},"properties":{"azimuth":27.2,"regime":"Thrust faulting","regime_code":"TF","regime_share":0.51,"agreement":0.5,"records":4,"support":1.4}},{"type":"Feature","geometry":{"type":"LineString","coordinates":[[88.9067,16.2258],[89.9169,17.5242]]},"properties":{"azimuth":36.7,"regime":"Normal faulting","regime_code":"NF","regime_share":0.59,"agreement":0.7,"records":7,"support":1.8}},{"type":"Feature","geometry":{"type":"LineString","coordinates":[[91.1467,16.3224],[92.3827,17.4276]]},"properties":{"azimuth":46.9,"regime":"Normal faulting","regime_code":"NF","regime_share":0.48,"agreement":0.65,"records":51,"support":14.2}},{"type":"Feature","geometry":{"type":"LineString","coordinates":[[93.4488,16.3795],[94.7865,17.3705]]},"properties":{"azimuth":52.3,"regime":"Normal faulting","regime_code":"NF","regime_share":0.4,"agreement":0.72,"records":64,"support":20.1}},{"type":"Feature","geometry":{"type":"LineString","coordinates":[[95.8559,16.319],[97.0853,17.431]]},"properties":{"azimuth":46.6,"regime":"Normal faulting","regime_code":"NF","regime_share":0.3,"agreement":0.77,"records":36,"support":13.1}},{"type":"Feature","geometry":{"type":"LineString","coordinates":[[98.5476,16.1099],[99.0995,17.6401]]},"properties":{"azimuth":19.0,"regime":"Undetermined","regime_code":"U","regime_share":0.64,"agreement":0.67,"records":38,"support":15.5}},{"type":"Feature","geometry":{"type":"LineString","coordinates":[[101.1151,16.0677],[101.2378,17.6823]]},"properties":{"azimuth":4.2,"regime":"Undetermined","regime_code":"U","regime_share":0.88,"agreement":0.72,"records":27,"support":18.3}},{"type":"Feature","geometry":{"type":"LineString","coordinates":[[103.4721,17.6825],[103.5867,16.0675]]},"properties":{"azimuth":176.1,"regime":"Undetermined","regime_code":"U","regime_share":0.97,"agreement":0.67,"records":17,"support":12.7}},{"type":"Feature","geometry":{"type":"LineString","coordinates":[[105.7924,17.6798],[105.9723,16.0702]]},"properties":{"azimuth":173.9,"regime":"Undetermined","regime_code":"U","regime_share":1.0,"agreement":0.58,"records":10,"support":4.5}},{"type":"Feature","geometry":{"type":"LineString","coordinates":[[108.0979,16.0764],[108.3727,17.6736]]},"properties":{"azimuth":9.4,"regime":"Undetermined","regime_code":"U","regime_share":0.81,"agreement":0.23,"records":4,"support":2.1}},{"type":"Feature","geometry":{"type":"LineString","coordinates":[[110.463,17.6755],[110.7135,16.0745]]},"properties":{"azimuth":171.5,"regime":"Undetermined","regime_code":"U","regime_share":0.8,"agreement":0.35,"records":5,"support":2.3}},{"type":"Feature","geometry":{"type":"LineString","coordinates":[[112.6885,17.6474],[113.1939,16.1026]]},"properties":{"azimuth":162.6,"regime":"Undetermined","regime_code":"U","regime_share":1.0,"agreement":0.59,"records":6,"support":1.4}},{"type":"Feature","geometry":{"type":"LineString","coordinates":[[114.9237,17.6026],[115.6645,16.1474]]},"properties":{"azimuth":154.0,"regime":"Thrust faulting","regime_code":"TF","regime_share":0.34,"agreement":0.19,"records":17,"support":3.2}},{"type":"Feature","geometry":{"type":"LineString","coordinates":[[116.8656,16.5653],[118.4285,17.1847]]},"properties":{"azimuth":67.5,"regime":"Normal faulting","regime_code":"NF","regime_share":0.53,"agreement":0.22,"records":86,"support":26.7}},{"type":"Feature","geometry":{"type":"LineString","coordinates":[[119.166,17.01],[120.834,16.74]]},"properties":{"azimuth":99.6,"regime":"Thrust faulting","regime_code":"TF","regime_share":0.45,"agreement":0.28,"records":197,"support":79.0}},{"type":"Feature","geometry":{"type":"LineString","coordinates":[[121.5231,17.0313],[123.1828,16.7187]]},"properties":{"azimuth":101.1,"regime":"Thrust faulting","regime_code":"TF","regime_share":0.48,"agreement":0.41,"records":187,"support":65.4}},{"type":"Feature","geometry":{"type":"LineString","coordinates":[[123.8625,16.9368],[125.5492,16.8132]]},"properties":{"azimuth":94.4,"regime":"Thrust faulting","regime_code":"TF","regime_share":0.37,"agreement":0.42,"records":78,"support":18.9}},{"type":"Feature","geometry":{"type":"LineString","coordinates":[[126.3482,17.3139],[127.7695,16.4361]]},"properties":{"azimuth":122.8,"regime":"Normal faulting","regime_code":"NF","regime_share":0.55,"agreement":0.35,"records":24,"support":4.3}},{"type":"Feature","geometry":{"type":"LineString","coordinates":[[141.1311,16.0668],[141.2218,17.6832]]},"properties":{"azimuth":3.1,"regime":"Normal faulting","regime_code":"NF","regime_share":1.0,"agreement":0.77,"records":43,"support":7.6}},{"type":"Feature","geometry":{"type":"LineString","coordinates":[[143.459,16.0684],[143.5998,17.6816]]},"properties":{"azimuth":4.8,"regime":"Normal faulting","regime_code":"NF","regime_share":0.87,"agreement":0.55,"records":73,"support":36.0}},{"type":"Feature","geometry":{"type":"LineString","coordinates":[[145.8376,16.0667],[145.9271,17.6833]]},"properties":{"azimuth":3.0,"regime":"Normal faulting","regime_code":"NF","regime_share":0.65,"agreement":0.24,"records":146,"support":71.0}},{"type":"Feature","geometry":{"type":"LineString","coordinates":[[147.9277,16.121],[148.5429,17.629]]},"properties":{"azimuth":21.3,"regime":"Normal faulting","regime_code":"NF","regime_share":0.51,"agreement":0.09,"records":104,"support":44.7}},{"type":"Feature","geometry":{"type":"LineString","coordinates":[[149.9257,16.3718],[151.2507,17.3782]]},"properties":{"azimuth":51.6,"regime":"Thrust faulting","regime_code":"TF","regime_share":0.54,"agreement":0.1,"records":32,"support":9.1}},{"type":"Feature","geometry":{"type":"LineString","coordinates":[[156.8014,16.8881],[158.4928,16.8619]]},"properties":{"azimuth":90.9,"regime":"Undetermined","regime_code":"U","regime_share":0.79,"agreement":0.59,"records":2,"support":1.1}},{"type":"Feature","geometry":{"type":"LineString","coordinates":[[159.8332,16.0815],[160.1668,17.6685]]},"properties":{"azimuth":11.4,"regime":"Thrust faulting","regime_code":"TF","regime_share":0.78,"agreement":0.56,"records":2,"support":1.1}},{"type":"Feature","geometry":{"type":"LineString","coordinates":[[-116.96,14.5321],[-115.2981,14.7179]]},"properties":{"azimuth":83.4,"regime":"Normal faulting","regime_code":"NF","regime_share":0.63,"agreement":0.92,"records":4,"support":1.9}},{"type":"Feature","geometry":{"type":"LineString","coordinates":[[-114.6311,14.4893],[-112.9818,14.7607]]},"properties":{"azimuth":80.3,"regime":"Normal faulting","regime_code":"NF","regime_share":0.66,"agreement":0.88,"records":4,"support":1.5}},{"type":"Feature","geometry":{"type":"LineString","coordinates":[[-107.3442,15.2699],[-106.3332,13.9801]]},"properties":{"azimuth":142.8,"regime":"Strike-slip","regime_code":"SS","regime_share":0.95,"agreement":0.84,"records":37,"support":10.0}},{"type":"Feature","geometry":{"type":"LineString","coordinates":[[-105.02,15.2711],[-104.0122,13.9789]]},"properties":{"azimuth":143.0,"regime":"Strike-slip","regime_code":"SS","regime_share":0.77,"agreement":0.57,"records":40,"support":13.2}},{"type":"Feature","geometry":{"type":"LineString","coordinates":[[-102.4839,13.8659],[-101.9032,15.3841]]},"properties":{"azimuth":20.3,"regime":"Thrust faulting","regime_code":"TF","regime_share":0.76,"agreement":0.62,"records":79,"support":21.9}},{"type":"Feature","geometry":{"type":"LineString","coordinates":[[-100.1953,13.8789],[-99.5466,15.3711]]},"properties":{"azimuth":22.8,"regime":"Thrust faulting","regime_code":"TF","regime_share":0.92,"agreement":0.8,"records":113,"support":49.3}},{"type":"Feature","geometry":{"type":"LineString","coordinates":[[-97.8625,13.8748],[-97.2343,15.3752]]},"properties":{"azimuth":22.1,"regime":"Thrust faulting","regime_code":"TF","regime_share":0.86,"agreement":0.71,"records":141,"support":68.9}},{"type":"Feature","geometry":{"type":"LineString","coordinates":[[-95.5834,13.8933],[-94.8682,15.3567]]},"properties":{"azimuth":25.3,"regime":"Thrust faulting","regime_code":"TF","regime_share":0.81,"agreement":0.65,"records":229,"support":106.6}},{"type":"Feature","geometry":{"type":"LineString","coordinates":[[-93.2765,13.9007],[-92.5299,15.3493]]},"properties":{"azimuth":26.5,"regime":"Thrust faulting","regime_code":"TF","regime_share":0.76,"agreement":0.66,"records":240,"support":153.0}},{"type":"Feature","geometry":{"type":"LineString","coordinates":[[-90.9204,13.8854],[-90.2409,15.3646]]},"properties":{"azimuth":24.0,"regime":"Thrust faulting","regime_code":"TF","regime_share":0.6,"agreement":0.58,"records":265,"support":142.4}},{"type":"Feature","geometry":{"type":"LineString","coordinates":[[-88.5426,13.8639],[-87.9736,15.3861]]},"properties":{"azimuth":19.9,"regime":"Thrust faulting","regime_code":"TF","regime_share":0.4,"agreement":0.51,"records":276,"support":103.1}},{"type":"Feature","geometry":{"type":"LineString","coordinates":[[-86.2303,13.8676],[-85.6406,15.3824]]},"properties":{"azimuth":20.6,"regime":"Strike-slip","regime_code":"SS","regime_share":0.4,"agreement":0.65,"records":177,"support":55.0}},{"type":"Feature","geometry":{"type":"LineString","coordinates":[[-83.901,13.8651],[-83.3248,15.3849]]},"properties":{"azimuth":20.1,"regime":"Strike-slip","regime_code":"SS","regime_share":0.69,"agreement":0.8,"records":61,"support":15.3}},{"type":"Feature","geometry":{"type":"LineString","coordinates":[[-81.633,13.8867],[-80.9476,15.3633]]},"properties":{"azimuth":24.2,"regime":"Strike-slip","regime_code":"SS","regime_share":0.56,"agreement":0.68,"records":14,"support":3.9}},{"type":"Feature","geometry":{"type":"LineString","coordinates":[[-74.7201,13.9129],[-73.925,15.3371]]},"properties":{"azimuth":28.4,"regime":"Thrust faulting","regime_code":"TF","regime_share":0.75,"agreement":0.59,"records":10,"support":1.7}},{"type":"Feature","geometry":{"type":"LineString","coordinates":[[-72.2797,13.8622],[-71.7203,15.3878]]},"properties":{"azimuth":19.5,"regime":"Thrust faulting","regime_code":"TF","regime_share":0.48,"agreement":0.34,"records":20,"support":3.8}},{"type":"Feature","geometry":{"type":"LineString","coordinates":[[-70.3323,15.1286],[-69.0226,14.1214]]},"properties":{"azimuth":128.5,"regime":"Strike-slip","regime_code":"SS","regime_share":0.79,"agreement":0.37,"records":12,"support":3.0}},{"type":"Feature","geometry":{"type":"LineString","coordinates":[[-68.1446,14.8917],[-66.565,14.3583]]},"properties":{"azimuth":109.2,"regime":"Strike-slip","regime_code":"SS","regime_share":0.71,"agreement":0.62,"records":8,"support":2.1}},{"type":"Feature","geometry":{"type":"LineString","coordinates":[[-65.628,15.1932],[-64.4365,14.0568]]},"properties":{"azimuth":134.6,"regime":"Normal faulting","regime_code":"NF","regime_share":0.81,"agreement":0.97,"records":6,"support":1.3}},{"type":"Feature","geometry":{"type":"LineString","coordinates":[[-63.0441,15.3669],[-62.3753,13.8831]]},"properties":{"azimuth":156.4,"regime":"Normal faulting","regime_code":"NF","regime_share":0.6,"agreement":0.13,"records":30,"support":11.1}},{"type":"Feature","geometry":{"type":"LineString","coordinates":[[-60.4431,13.8174],[-60.3311,15.4326]]},"properties":{"azimuth":3.8,"regime":"Normal faulting","regime_code":"NF","regime_share":0.57,"agreement":0.25,"records":31,"support":16.6}},{"type":"Feature","geometry":{"type":"LineString","coordinates":[[-58.1518,13.82],[-57.9772,15.43]]},"properties":{"azimuth":6.0,"regime":"Normal faulting","regime_code":"NF","regime_share":0.55,"agreement":0.53,"records":23,"support":8.7}},{"type":"Feature","geometry":{"type":"LineString","coordinates":[[-55.8753,13.826],[-55.6086,15.424]]},"properties":{"azimuth":9.2,"regime":"Strike-slip","regime_code":"SS","regime_share":0.67,"agreement":0.96,"records":5,"support":1.6}},{"type":"Feature","geometry":{"type":"LineString","coordinates":[[-48.8112,13.8164],[-48.7372,15.4336]]},"properties":{"azimuth":2.5,"regime":"Normal faulting","regime_code":"NF","regime_share":0.79,"agreement":0.67,"records":45,"support":13.5}},{"type":"Feature","geometry":{"type":"LineString","coordinates":[[-46.5002,15.433],[-46.403,13.817]]},"properties":{"azimuth":176.7,"regime":"Normal faulting","regime_code":"NF","regime_share":0.79,"agreement":0.66,"records":57,"support":35.0}},{"type":"Feature","geometry":{"type":"LineString","coordinates":[[-44.2475,15.4262],[-44.0106,13.8238]]},"properties":{"azimuth":171.9,"regime":"Normal faulting","regime_code":"NF","regime_share":0.75,"agreement":0.62,"records":60,"support":31.8}},{"type":"Feature","geometry":{"type":"LineString","coordinates":[[-42.0435,15.4012],[-41.5694,13.8488]]},"properties":{"azimuth":163.5,"regime":"Normal faulting","regime_code":"NF","regime_share":0.67,"agreement":0.58,"records":38,"support":9.2}},{"type":"Feature","geometry":{"type":"LineString","coordinates":[[-26.1659,15.171],[-24.9309,14.079]]},"properties":{"azimuth":132.4,"regime":"Strike-slip","regime_code":"SS","regime_share":1.0,"agreement":0.86,"records":2,"support":1.4}},{"type":"Feature","geometry":{"type":"LineString","coordinates":[[-23.8532,15.1604],[-22.5984,14.0896]]},"properties":{"azimuth":131.4,"regime":"Strike-slip","regime_code":"SS","regime_share":1.0,"agreement":0.84,"records":2,"support":1.0}},{"type":"Feature","geometry":{"type":"LineString","coordinates":[[-21.6842,14.9151],[-20.1223,14.3349]]},"properties":{"azimuth":111.0,"regime":"Strike-slip","regime_code":"SS","regime_share":1.0,"agreement":0.92,"records":2,"support":1.1}},{"type":"Feature","geometry":{"type":"LineString","coordinates":[[29.3714,14.7742],[31.0157,14.4758]]},"properties":{"azimuth":100.6,"regime":"Undetermined","regime_code":"U","regime_share":1.0,"agreement":0.95,"records":4,"support":2.3}},{"type":"Feature","geometry":{"type":"LineString","coordinates":[[31.6966,14.7872],[33.3357,14.4628]]},"properties":{"azimuth":101.6,"regime":"Undetermined","regime_code":"U","regime_share":1.0,"agreement":0.94,"records":5,"support":4.7}},{"type":"Feature","geometry":{"type":"LineString","coordinates":[[34.0178,14.7805],[35.6596,14.4695]]},"properties":{"azimuth":101.1,"regime":"Undetermined","regime_code":"U","regime_share":1.0,"agreement":0.94,"records":5,"support":3.5}},{"type":"Feature","geometry":{"type":"LineString","coordinates":[[36.7871,15.3489],[37.5355,13.9011]]},"properties":{"azimuth":153.4,"regime":"Normal faulting","regime_code":"NF","regime_share":0.73,"agreement":0.66,"records":28,"support":6.2}},{"type":"Feature","geometry":{"type":"LineString","coordinates":[[39.0946,15.3414],[39.8732,13.9086]]},"properties":{"azimuth":152.3,"regime":"Normal faulting","regime_code":"NF","regime_share":0.83,"agreement":0.79,"records":40,"support":20.7}},{"type":"Feature","geometry":{"type":"LineString","coordinates":[[41.215,15.1973],[42.3979,14.0527]]},"properties":{"azimuth":135.0,"regime":"Normal faulting","regime_code":"NF","regime_share":0.86,"agreement":0.65,"records":77,"support":30.3}},{"type":"Feature","geometry":{"type":"LineString","coordinates":[[43.3693,14.9637],[44.8888,14.2863]]},"properties":{"azimuth":114.7,"regime":"Normal faulting","regime_code":"NF","regime_share":0.91,"agreement":0.77,"records":75,"support":24.3}},{"type":"Feature","geometry":{"type":"LineString","coordinates":[[45.6371,14.8095],[47.2661,14.4405]]},"properties":{"azimuth":103.2,"regime":"Normal faulting","regime_code":"NF","regime_share":0.81,"agreement":0.79,"records":51,"support":14.1}},{"type":"Feature","geometry":{"type":"LineString","coordinates":[[47.9377,14.6166],[49.6106,14.6334]]},"properties":{"azimuth":89.4,"regime":"Strike-slip","regime_code":"SS","regime_share":0.5,"agreement":0.6,"records":47,"support":18.2}},{"type":"Feature","geometry":{"type":"LineString","coordinates":[[50.262,14.5727],[51.9315,14.6773]]},"properties":{"azimuth":86.3,"regime":"Strike-slip","regime_code":"SS","regime_share":0.53,"agreement":0.6,"records":55,"support":34.9}},{"type":"Feature","geometry":{"type":"LineString","coordinates":[[52.584,14.668],[54.2547,14.582]]},"properties":{"azimuth":93.0,"regime":"Normal faulting","regime_code":"NF","regime_share":0.63,"agreement":0.68,"records":77,"support":45.2}},{"type":"Feature","geometry":{"type":"LineString","coordinates":[[54.9446,14.8697],[56.5393,14.3803]]},"properties":{"azimuth":107.6,"regime":"Normal faulting","regime_code":"NF","regime_share":0.81,"agreement":0.69,"records":79,"support":48.0}},{"type":"Feature","geometry":{"type":"LineString","coordinates":[[57.3313,15.0145],[58.7978,14.2355]]},"properties":{"azimuth":118.8,"regime":"Normal faulting","regime_code":"NF","regime_share":0.76,"agreement":0.67,"records":59,"support":33.0}},{"type":"Feature","geometry":{"type":"LineString","coordinates":[[59.6967,15.082],[61.0775,14.168]]},"properties":{"azimuth":124.4,"regime":"Normal faulting","regime_code":"NF","regime_share":0.64,"agreement":0.58,"records":36,"support":9.3}},{"type":"Feature","geometry":{"type":"LineString","coordinates":[[71.8799,15.426],[72.1201,13.824]]},"properties":{"azimuth":171.7,"regime":"Normal faulting","regime_code":"NF","regime_share":0.73,"agreement":0.94,"records":7,"support":2.1}},{"type":"Feature","geometry":{"type":"LineString","coordinates":[[74.163,15.4195],[74.4822,13.8305]]},"properties":{"azimuth":169.0,"regime":"Normal faulting","regime_code":"NF","regime_share":0.85,"agreement":0.96,"records":6,"support":2.5}},{"type":"Feature","geometry":{"type":"LineString","coordinates":[[76.4273,13.8435],[76.863,15.4065]]},"properties":{"azimuth":15.1,"regime":"Thrust faulting","regime_code":"TF","regime_share":0.44,"agreement":0.5,"records":9,"support":2.1}},{"type":"Feature","geometry":{"type":"LineString","coordinates":[[78.6055,13.8954],[79.33,15.3546]]},"properties":{"azimuth":25.7,"regime":"Undetermined","regime_code":"U","regime_share":0.45,"agreement":0.67,"records":18,"support":7.4}},{"type":"Feature","geometry":{"type":"LineString","coordinates":[[80.9784,13.874],[81.6022,15.376]]},"properties":{"azimuth":21.9,"regime":"Undetermined","regime_code":"U","regime_share":0.57,"agreement":0.69,"records":18,"support":12.0}},{"type":"Feature","geometry":{"type":"LineString","coordinates":[[83.3504,13.8565],[83.8754,15.3935]]},"properties":{"azimuth":18.3,"regime":"Undetermined","regime_code":"U","regime_share":0.63,"agreement":0.7,"records":15,"support":7.5}},{"type":"Feature","geometry":{"type":"LineString","coordinates":[[85.8476,15.4299],[86.0233,13.8201]]},"properties":{"azimuth":174.0,"regime":"Thrust faulting","regime_code":"TF","regime_share":0.55,"agreement":0.81,"records":3,"support":1.1}},{"type":"Feature","geometry":{"type":"LineString","coordinates":[[89.9993,14.043],[91.1619,15.207]]},"properties":{"azimuth":44.0,"regime":"Normal faulting","regime_code":"NF","regime_share":0.45,"agreement":0.55,"records":82,"support":28.8}},{"type":"Feature","geometry":{"type":"LineString","coordinates":[[92.2625,14.1046],[93.5439,15.1454]]},"properties":{"azimuth":50.0,"regime":"Normal faulting","regime_code":"NF","regime_share":0.46,"agreement":0.62,"records":109,"support":57.0}},{"type":"Feature","geometry":{"type":"LineString","coordinates":[[94.5327,14.1719],[95.9189,15.0781]]},"properties":{"azimuth":56.0,"regime":"Normal faulting","regime_code":"NF","regime_share":0.58,"agreement":0.74,"records":116,"support":45.6}},{"type":"Feature","geometry":{"type":"LineString","coordinates":[[96.9746,14.0361],[98.1222,15.2139]]},"properties":{"azimuth":43.3,"regime":"Normal faulting","regime_code":"NF","regime_share":0.56,"agreement":0.62,"records":43,"support":14.3}},{"type":"Feature","geometry":{"type":"LineString","coordinates":[[99.829,13.8166],[99.913,15.4334]]},"properties":{"azimuth":2.9,"regime":"Undetermined","regime_code":"U","regime_share":0.89,"agreement":0.73,"records":23,"support":11.3}},{"type":"Feature","geometry":{"type":"LineString","coordinates":[[102.1547,15.4335],[102.2324,13.8165]]},"properties":{"azimuth":177.3,"regime":"Undetermined","regime_code":"U","regime_share":0.96,"agreement":0.72,"records":21,"support":10.9}},{"type":"Feature","geometry":{"type":"LineString","coordinates":[[104.3876,15.4248],[104.6446,13.8252]]},"properties":{"azimuth":171.2,"regime":"Undetermined","regime_code":"U","regime_share":1.0,"agreement":0.66,"records":8,"support":4.5}},{"type":"Feature","geometry":{"type":"LineString","coordinates":[[115.3322,14.8711],[116.9259,14.3789]]},"properties":{"azimuth":107.7,"regime":"Thrust faulting","regime_code":"TF","regime_share":0.57,"agreement":0.2,"records":25,"support":7.1}},{"type":"Feature","geometry":{"type":"LineString","coordinates":[[117.6326,14.4603],[119.2706,14.7897]]},"properties":{"azimuth":78.3,"regime":"Thrust faulting","regime_code":"TF","regime_share":0.43,"agreement":0.35,"records":60,"support":29.7}},{"type":"Feature","geometry":{"type":"LineString","coordinates":[[119.9546,14.4631],[121.5938,14.7869]]},"properties":{"azimuth":78.5,"regime":"Strike-slip","regime_code":"SS","regime_share":0.34,"agreement":0.52,"records":109,"support":51.4}},{"type":"Feature","geometry":{"type":"LineString","coordinates":[[122.2726,14.4864],[123.9209,14.7636]]},"properties":{"azimuth":80.1,"regime":"Strike-slip","regime_code":"SS","regime_share":0.39,"agreement":0.6,"records":172,"support":69.5}},{"type":"Feature","geometry":{"type":"LineString","coordinates":[[124.5888,14.5284],[126.2499,14.7216]]},"properties":{"azimuth":83.1,"regime":"Thrust faulting","regime_code":"TF","regime_share":0.44,"agreement":0.57,"records":153,"support":72.1}},{"type":"Feature","geometry":{"type":"LineString","coordinates":[[126.9064,14.5856],[128.5774,14.6644]]},"properties":{"azimuth":87.2,"regime":"Thrust faulting","regime_code":"TF","regime_share":0.58,"agreement":0.5,"records":106,"support":31.8}},{"type":"Feature","geometry":{"type":"LineString","coordinates":[[138.594,14.2887],[140.1157,14.9613]]},"properties":{"azimuth":65.4,"regime":"Normal faulting","regime_code":"NF","regime_share":0.79,"agreement":0.46,"records":60,"support":16.0}},{"type":"Feature","geometry":{"type":"LineString","coordinates":[[141.6675,13.8157],[141.6873,15.4343]]},"properties":{"azimuth":0.7,"regime":"Normal faulting","regime_code":"NF","regime_share":0.67,"agreement":0.1,"records":189,"support":60.5}},{"type":"Feature","geometry":{"type":"LineString","coordinates":[[143.7066,15.383],[144.2934,13.867]]},"properties":{"azimuth":159.5,"regime":"Normal faulting","regime_code":"NF","regime_share":0.57,"agreement":0.24,"records":230,"support":104.8}},{"type":"Feature","geometry":{"type":"LineString","coordinates":[[145.8904,15.318],[146.7548,13.932]]},"properties":{"azimuth":148.9,"regime":"Normal faulting","regime_code":"NF","regime_share":0.49,"agreement":0.18,"records":185,"support":92.9}},{"type":"Feature","geometry":{"type":"LineString","coordinates":[[147.8517,14.8812],[149.4386,14.3688]]},"properties":{"azimuth":108.5,"regime":"Thrust faulting","regime_code":"TF","regime_share":0.5,"agreement":0.05,"records":110,"support":39.4}},{"type":"Feature","geometry":{"type":"LineString","coordinates":[[150.57,13.913],[151.3655,15.337]]},"properties":{"azimuth":28.4,"regime":"Normal faulting","regime_code":"NF","regime_share":0.48,"agreement":0.16,"records":27,"support":5.3}},{"type":"Feature","geometry":{"type":"LineString","coordinates":[[-107.3536,11.5669],[-107.2618,13.1831]]},"properties":{"azimuth":3.2,"regime":"Strike-slip","regime_code":"SS","regime_share":1.0,"agreement":0.23,"records":14,"support":2.4}},{"type":"Feature","geometry":{"type":"LineString","coordinates":[[-105.2184,11.5942],[-104.7816,13.1558]]},"properties":{"azimuth":15.3,"regime":"Strike-slip","regime_code":"SS","regime_share":0.95,"agreement":0.33,"records":22,"support":8.3}},{"type":"Feature","geometry":{"type":"LineString","coordinates":[[-103.0159,13.1201],[-102.3688,11.6299]]},"properties":{"azimuth":157.0,"regime":"Strike-slip","regime_code":"SS","regime_share":0.95,"agreement":0.16,"records":44,"support":10.6}},{"type":"Feature","geometry":{"type":"LineString","coordinates":[[-98.3698,11.6179],[-97.784,13.1321]]},"properties":{"azimuth":20.7,"regime":"Thrust faulting","regime_code":"TF","regime_share":0.86,"agreement":0.7,"records":53,"support":9.1}},{"type":"Feature","geometry":{"type":"LineString","coordinates":[[-96.1414,11.6518],[-95.3971,13.0982]]},"properties":{"azimuth":26.7,"regime":"Thrust faulting","regime_code":"TF","regime_share":0.81,"agreement":0.64,"records":134,"support":36.4}},{"type":"Feature","geometry":{"type":"LineString","coordinates":[[-93.8306,11.6503],[-93.0924,13.0997]]},"properties":{"azimuth":26.4,"regime":"Thrust faulting","regime_code":"TF","regime_share":0.83,"agreement":0.67,"records":189,"support":91.3}},{"type":"Feature","geometry":{"type":"LineString","coordinates":[[-91.4697,11.6267],[-90.838,13.1233]]},"properties":{"azimuth":22.4,"regime":"Thrust faulting","regime_code":"TF","regime_share":0.68,"agreement":0.49,"records":263,"support":129.6}},{"type":"Feature","geometry":{"type":"LineString","coordinates":[[-89.1173,11.6102],[-88.575,13.1398]]},"properties":{"azimuth":19.1,"regime":"Thrust faulting","regime_code":"TF","regime_share":0.58,"agreement":0.38,"records":288,"support":148.9}},{"type":"Feature","geometry":{"type":"LineString","coordinates":[[-86.8541,11.6266],[-86.2228,13.1234]]},"properties":{"azimuth":22.4,"regime":"Thrust faulting","regime_code":"TF","regime_share":0.6,"agreement":0.5,"records":251,"support":134.0}},{"type":"Feature","geometry":{"type":"LineString","coordinates":[[-84.5892,11.6452],[-83.8723,13.1048]]},"properties":{"azimuth":25.6,"regime":"Thrust faulting","regime_code":"TF","regime_share":0.62,"agreement":0.71,"records":208,"support":75.5}},{"type":"Feature","geometry":{"type":"LineString","coordinates":[[-82.3101,11.6593],[-81.5361,13.0907]]},"properties":{"azimuth":27.8,"regime":"Thrust faulting","regime_code":"TF","regime_share":0.53,"agreement":0.82,"records":85,"support":24.0}},{"type":"Feature","geometry":{"type":"LineString","coordinates":[[-79.991,11.6535],[-79.2398,13.0965]]},"properties":{"azimuth":27.0,"regime":"Strike-slip","regime_code":"SS","regime_share":0.46,"agreement":0.81,"records":18,"support":5.1}},{"type":"Feature","geometry":{"type":"LineString","coordinates":[[-77.6321,11.6302],[-76.9833,13.1198]]},"properties":{"azimuth":23.0,"regime":"Strike-slip","regime_code":"SS","regime_share":0.58,"agreement":0.61,"records":7,"support":2.0}},{"type":"Feature","geometry":{"type":"LineString","coordinates":[[-75.7348,12.0008],[-74.2652,12.7492]]},"properties":{"azimuth":62.5,"regime":"Strike-slip","regime_code":"SS","regime_share":0.56,"agreement":0.36,"records":5,"support":2.0}},{"type":"Feature","geometry":{"type":"LineString","coordinates":[[-73.3924,12.8081],[-71.9923,11.9419]]},"properties":{"azimuth":122.3,"regime":"Strike-slip","regime_code":"SS","regime_share":0.57,"agreement":0.29,"records":41,"support":10.7}},{"type":"Feature","geometry":{"type":"LineString","coordinates":[[-71.0151,12.9002],[-69.7542,11.8498]]},"properties":{"azimuth":130.5,"regime":"Strike-slip","regime_code":"SS","regime_share":0.67,"agreement":0.36,"records":46,"support":19.5}},{"type":"Feature","geometry":{"type":"LineString","coordinates":[[-68.6778,12.9324],[-67.4761,11.8176]]},"properties":{"azimuth":133.5,"regime":"Strike-slip","regime_code":"SS","regime_share":0.8,"agreement":0.39,"records":38,"support":13.0}},{"type":"Feature","geometry":{"type":"LineString","coordinates":[[-66.38,12.922],[-65.1585,11.828]]},"properties":{"azimuth":132.5,"regime":"Strike-slip","regime_code":"SS","regime_share":0.8,"agreement":0.63,"records":22,"support":7.4}},{"type":"Feature","geometry":{"type":"LineString","coordinates":[[-64.0371,12.9573],[-62.886,11.7927]]},"properties":{"azimuth":136.0,"regime":"Strike-slip","regime_code":"SS","regime_share":0.56,"agreement":0.64,"records":26,"support":11.6}},{"type":"Feature","geometry":{"type":"LineString","coordinates":[[-61.629,13.0381],[-60.6787,11.7119]]},"properties":{"azimuth":145.0,"regime":"Strike-slip","regime_code":"SS","regime_share":0.42,"agreement":0.3,"records":32,"support":12.2}},{"type":"Feature","geometry":{"type":"LineString","coordinates":[[-59.1583,11.6253],[-58.534,13.1247]]},"properties":{"azimuth":22.1,"regime":"Strike-slip","regime_code":"SS","regime_share":0.47,"agreement":0.52,"records":12,"support":6.0}},{"type":"Feature","geometry":{"type":"LineString","coordinates":[[-56.7701,11.5979],[-56.3068,13.1521]]},"properties":{"azimuth":16.2,"regime":"Strike-slip","regime_code":"SS","regime_share":0.76,"agreement":0.96,"records":6,"support":2.0}},{"type":"Feature","geometry":{"type":"LineString","coordinates":[[-47.3999,13.1794],[-47.2155,11.5706]]},"properties":{"azimuth":173.6,"regime":"Normal faulting","regime_code":"NF","regime_share":0.74,"agreement":0.56,"records":42,"support":14.1}},{"type":"Feature","geometry":{"type":"LineString","coordinates":[[-45.2331,13.1517],[-44.7669,11.5983]]},"properties":{"azimuth":163.7,"regime":"Normal faulting","regime_code":"NF","regime_share":0.65,"agreement":0.59,"records":48,"support":28.3}},{"type":"Feature","geometry":{"type":"LineString","coordinates":[[-43.0312,13.1136],[-42.3534,11.6364]]},"properties":{"azimuth":155.9,"regime":"Normal faulting","regime_code":"NF","regime_share":0.53,"agreement":0.66,"records":45,"support":21.6}},{"type":"Feature","geometry":{"type":"LineString","coordinates":[[-40.695,13.1255],[-40.0743,11.6245]]},"properties":{"azimuth":158.0,"regime":"Normal faulting","regime_code":"NF","regime_share":0.52,"agreement":0.74,"records":40,"support":10.1}},{"type":"Feature","geometry":{"type":"LineString","coordinates":[[-38.2094,13.174],[-37.9445,11.576]]},"properties":{"azimuth":170.8,"regime":"Normal faulting","regime_code":"NF","regime_share":0.77,"agreement":0.81,"records":20,"support":3.3}},{"type":"Feature","geometry":{"type":"LineString","coordinates":[[23.4022,12.3817],[25.0594,12.3683]]},"properties":{"azimuth":90.5,"regime":"Undetermined","regime_code":"U","regime_share":1.0,"agreement":0.91,"records":3,"support":1.2}},{"type":"Feature","geometry":{"type":"LineString","coordinates":[[25.7106,12.4106],[27.3663,12.3394]]},"properties":{"azimuth":92.5,"regime":"Undetermined","regime_code":"U","regime_share":1.0,"agreement":0.9,"records":5,"support":3.5}},{"type":"Feature","geometry":{"type":"LineString","coordinates":[[28.022,12.4593],[29.6703,12.2907]]},"properties":{"azimuth":96.0,"regime":"Undetermined","regime_code":"U","regime_share":1.0,"agreement":0.92,"records":7,"support":4.8}},{"type":"Feature","geometry":{"type":"LineString","coordinates":[[30.3377,12.5153],[31.9699,12.2347]]},"properties":{"azimuth":100.0,"regime":"Undetermined","regime_code":"U","regime_share":1.0,"agreement":0.95,"records":9,"support":5.8}},{"type":"Feature","geometry":{"type":"LineString","coordinates":[[32.6453,12.5145],[34.2778,12.2355]]},"properties":{"azimuth":99.9,"regime":"Undetermined","regime_code":"U","regime_share":1.0,"agreement":0.96,"records":6,"support":5.6}},{"type":"Feature","geometry":{"type":"LineString","coordinates":[[34.9554,12.5276],[36.583,12.2224]]},"properties":{"azimuth":100.9,"regime":"Undetermined","regime_code":"U","regime_share":0.95,"agreement":0.87,"records":6,"support":2.7}},{"type":"Feature","geometry":{"type":"LineString","coordinates":[[37.7278,13.109],[38.4261,11.641]]},"properties":{"azimuth":155.1,"regime":"Normal faulting","regime_code":"NF","regime_share":0.86,"agreement":0.75,"records":38,"support":15.7}},{"type":"Feature","geometry":{"type":"LineString","coordinates":[[39.8738,13.0123],[40.8954,11.7377]]},"properties":{"azimuth":141.9,"regime":"Normal faulting","regime_code":"NF","regime_share":0.86,"agreement":0.61,"records":76,"support":41.5}},{"type":"Feature","geometry":{"type":"LineString","coordinates":[[41.9667,12.7658],[43.418,11.9842]]},"properties":{"azimuth":118.9,"regime":"Normal faulting","regime_code":"NF","regime_share":0.89,"agreement":0.67,"records":86,"support":55.6}},{"type":"Feature","geometry":{"type":"LineString","coordinates":[[44.206,12.6067],[45.794,12.1433]]},"properties":{"azimuth":106.6,"regime":"Normal faulting","regime_code":"NF","regime_share":0.89,"agreement":0.87,"records":63,"support":44.0}},{"type":"Feature","geometry":{"type":"LineString","coordinates":[[46.4955,12.5354],[48.1199,12.2146]]},"properties":{"azimuth":101.4,"regime":"Normal faulting","regime_code":"NF","regime_share":0.77,"agreement":0.78,"records":66,"support":24.9}},{"type":"Feature","geometry":{"type":"LineString","coordinates":[[48.7871,12.3995],[50.4436,12.3505]]},"properties":{"azimuth":91.7,"regime":"Normal faulting","regime_code":"NF","regime_share":0.49,"agreement":0.58,"records":47,"support":24.7}},{"type":"Feature","geometry":{"type":"LineString","coordinates":[[51.0946,12.3602],[52.7516,12.3898]]},"properties":{"azimuth":89.0,"regime":"Normal faulting","regime_code":"NF","regime_share":0.47,"agreement":0.58,"records":55,"support":30.4}},{"type":"Feature","geometry":{"type":"LineString","coordinates":[[53.4254,12.5654],[55.0362,12.1846]]},"properties":{"azimuth":103.6,"regime":"Normal faulting","regime_code":"NF","regime_share":0.66,"agreement":0.58,"records":105,"support":35.1}},{"type":"Feature","geometry":{"type":"LineString","coordinates":[[55.8452,12.8183],[57.2317,11.9317]]},"properties":{"azimuth":123.2,"regime":"Normal faulting","regime_code":"NF","regime_share":0.69,"agreement":0.62,"records":87,"support":44.6}},{"type":"Feature","geometry":{"type":"LineString","coordinates":[[58.2336,12.9201],[59.4587,11.8299]]},"properties":{"azimuth":132.3,"regime":"Normal faulting","regime_code":"NF","regime_share":0.6,"agreement":0.65,"records":70,"support":32.4}},{"type":"Feature","geometry":{"type":"LineString","coordinates":[[60.6302,13.0023],[61.6775,11.7477]]},"properties":{"azimuth":140.8,"regime":"Strike-slip","regime_code":"SS","regime_share":0.55,"agreement":0.65,"records":27,"support":6.3}},{"type":"Feature","geometry":{"type":"LineString","coordinates":[[77.1157,13.1624],[77.4997,11.5876]]},"properties":{"azimuth":166.6,"regime":"Undetermined","regime_code":"U","regime_share":0.44,"agreement":0.47,"records":6,"support":1.8}},{"type":"Feature","geometry":{"type":"LineString","coordinates":[[79.5147,13.1784],[79.7161,11.5716]]},"properties":{"azimuth":173.0,"regime":"Undetermined","regime_code":"U","regime_share":0.45,"agreement":0.49,"records":8,"support":4.4}},{"type":"Feature","geometry":{"type":"LineString","coordinates":[[81.8924,13.1838],[81.9537,11.5662]]},"properties":{"azimuth":177.9,"regime":"Undetermined","regime_code":"U","regime_share":0.52,"agreement":0.59,"records":12,"support":4.4}},{"type":"Feature","geometry":{"type":"LineString","coordinates":[[84.0413,13.1629],[84.4202,11.5871]]},"properties":{"azimuth":166.8,"regime":"Undetermined","regime_code":"U","regime_share":0.58,"agreement":0.61,"records":8,"support":2.7}},{"type":"Feature","geometry":{"type":"LineString","coordinates":[[86.5004,13.1835],[86.5765,11.5665]]},"properties":{"azimuth":177.4,"regime":"Thrust faulting","regime_code":"TF","regime_share":0.89,"agreement":0.94,"records":3,"support":1.3}},{"type":"Feature","geometry":{"type":"LineString","coordinates":[[88.6041,11.6009],[89.0882,13.1491]]},"properties":{"azimuth":17.0,"regime":"Normal faulting","regime_code":"NF","regime_share":0.54,"agreement":0.4,"records":58,"support":14.6}},{"type":"Feature","geometry":{"type":"LineString","coordinates":[[90.5481,11.8227],[91.7596,12.9273]]},"properties":{"azimuth":47.0,"regime":"Normal faulting","regime_code":"NF","regime_share":0.56,"agreement":0.42,"records":189,"support":78.3}},{"type":"Feature","geometry":{"type":"LineString","coordinates":[[92.7938,11.8957],[94.1293,12.8543]]},"properties":{"azimuth":53.7,"regime":"Normal faulting","regime_code":"NF","regime_share":0.64,"agreement":0.55,"records":219,"support":126.6}},{"type":"Feature","geometry":{"type":"LineString","coordinates":[[95.0654,11.9478],[96.4731,12.8022]]},"properties":{"azimuth":58.1,"regime":"Normal faulting","regime_code":"NF","regime_share":0.75,"agreement":0.72,"records":174,"support":77.6}},{"type":"Feature","geometry":{"type":"LineString","coordinates":[[97.4193,11.8825],[98.7345,12.8675]]},"properties":{"azimuth":52.5,"regime":"Normal faulting","regime_code":"NF","regime_share":0.75,"agreement":0.52,"records":68,"support":18.5}},{"type":"Feature","geometry":{"type":"LineString","coordinates":[[100.3465,13.1835],[100.4227,11.5665]]},"properties":{"azimuth":177.4,"regime":"Undetermined","regime_code":"U","regime_share":0.85,"agreement":0.81,"records":24,"support":12.7}},{"type":"Feature","geometry":{"type":"LineString","coordinates":[[102.6911,11.5656],[102.6936,13.1844]]},"properties":{"azimuth":0.1,"regime":"Undetermined","regime_code":"U","regime_share":0.9,"agreement":0.82,"records":25,"support":9.0}},{"type":"Feature","geometry":{"type":"LineString","coordinates":[[107.2031,13.1779],[107.4123,11.5721]]},"properties":{"azimuth":172.7,"regime":"Undetermined","regime_code":"U","regime_share":0.76,"agreement":0.78,"records":9,"support":3.7}},{"type":"Feature","geometry":{"type":"LineString","coordinates":[[109.6108,11.5656],[109.62,13.1844]]},"properties":{"azimuth":0.3,"regime":"Undetermined","regime_code":"U","regime_share":0.8,"agreement":0.59,"records":11,"support":4.0}},{"type":"Feature","geometry":{"type":"LineString","coordinates":[[113.6144,12.9159],[114.8472,11.8341]]},"properties":{"azimuth":131.9,"regime":"Thrust faulting","regime_code":"TF","regime_share":1.0,"agreement":1.0,"records":2,"support":1.2}},{"type":"Feature","geometry":{"type":"LineString","coordinates":[[115.7647,12.6646],[117.3122,12.0854]]},"properties":{"azimuth":111.0,"regime":"Thrust faulting","regime_code":"TF","regime_share":0.49,"agreement":0.3,"records":20,"support":4.9}},{"type":"Feature","geometry":{"type":"LineString","coordinates":[[118.0297,12.2369],[119.6626,12.5131]]},"properties":{"azimuth":80.2,"regime":"Normal faulting","regime_code":"NF","regime_share":0.35,"agreement":0.47,"records":52,"support":22.3}},{"type":"Feature","geometry":{"type":"LineString","coordinates":[[120.3255,12.3538],[121.9822,12.3962]]},"properties":{"azimuth":88.5,"regime":"Strike-slip","regime_code":"SS","regime_share":0.45,"agreement":0.53,"records":153,"support":60.1}},{"type":"Feature","geometry":{"type":"LineString","coordinates":[[122.6329,12.3836],[124.2901,12.3664]]},"properties":{"azimuth":90.6,"regime":"Thrust faulting","regime_code":"TF","regime_share":0.44,"agreement":0.53,"records":283,"support":133.5}},{"type":"Feature","geometry":{"type":"LineString","coordinates":[[124.9408,12.3925],[126.5977,12.3575]]},"properties":{"azimuth":91.2,"regime":"Thrust faulting","regime_code":"TF","regime_share":0.55,"agreement":0.5,"records":286,"support":169.1}},{"type":"Feature","geometry":{"type":"LineString","coordinates":[[127.2495,12.4192],[128.9043,12.3308]]},"properties":{"azimuth":93.1,"regime":"Thrust faulting","regime_code":"TF","regime_share":0.6,"agreement":0.45,"records":214,"support":87.7}},{"type":"Feature","geometry":{"type":"LineString","coordinates":[[130.0321,13.1075],[130.7371,11.6425]]},"properties":{"azimuth":154.8,"regime":"Normal faulting","regime_code":"NF","regime_share":0.89,"agreement":0.75,"records":34,"support":5.5}},{"type":"Feature","geometry":{"type":"LineString","coordinates":[[134.9565,13.1833],[135.0435,11.5667]]},"properties":{"azimuth":177.0,"regime":"Thrust faulting","regime_code":"TF","regime_share":0.55,"agreement":0.7,"records":8,"support":1.8}},{"type":"Feature","geometry":{"type":"LineString","coordinates":[[136.7643,12.9861],[137.8511,11.7639]]},"properties":{"azimuth":139.0,"regime":"Normal faulting","regime_code":"NF","regime_share":0.54,"agreement":0.12,"records":47,"support":13.3}},{"type":"Feature","geometry":{"type":"LineString","coordinates":[[138.8567,12.0494],[140.374,12.7006]]},"properties":{"azimuth":66.3,"regime":"Normal faulting","regime_code":"NF","regime_share":0.65,"agreement":0.17,"records":119,"support":56.1}},{"type":"Feature","geometry":{"type":"LineString","coordinates":[[141.4827,13.0607],[142.3634,11.6893]]},"properties":{"azimuth":147.9,"regime":"Normal faulting","regime_code":"NF","regime_share":0.55,"agreement":0.07,"records":192,"support":120.0}},{"type":"Feature","geometry":{"type":"LineString","coordinates":[[143.7627,13.0429],[144.6988,11.7071]]},"properties":{"azimuth":145.6,"regime":"Thrust faulting","regime_code":"TF","regime_share":0.44,"agreement":0.25,"records":240,"support":139.4}},{"type":"Feature","geometry":{"type":"LineString","coordinates":[[145.904,12.8957],[147.1729,11.8543]]},"properties":{"azimuth":130.0,"regime":"Thrust faulting","regime_code":"TF","regime_share":0.54,"agreement":0.28,"records":172,"support":82.0}},{"type":"Feature","geometry":{"type":"LineString","coordinates":[[148.0251,12.484],[149.6673,12.266]]},"properties":{"azimuth":97.7,"regime":"Thrust faulting","regime_code":"TF","regime_share":0.63,"agreement":0.29,"records":66,"support":21.9}},{"type":"Feature","geometry":{"type":"LineString","coordinates":[[164.4564,11.7641],[165.5436,12.9859]]},"properties":{"azimuth":41.0,"regime":"Undetermined","regime_code":"U","regime_share":1.0,"agreement":1.0,"records":1,"support":1.5}},{"type":"Feature","geometry":{"type":"LineString","coordinates":[[-108.6843,9.4518],[-107.7714,10.7982]]},"properties":{"azimuth":33.7,"regime":"Strike-slip","regime_code":"SS","regime_share":0.62,"agreement":1.0,"records":5,"support":1.0}},{"type":"Feature","geometry":{"type":"LineString","coordinates":[[-106.5327,10.6954],[-105.366,9.5546]]},"properties":{"azimuth":134.8,"regime":"Strike-slip","regime_code":"SS","regime_share":0.96,"agreement":0.25,"records":48,"support":17.9}},{"type":"Feature","geometry":{"type":"LineString","coordinates":[[-104.3052,10.64],[-103.0366,9.61]]},"properties":{"azimuth":129.5,"regime":"Strike-slip","regime_code":"SS","regime_share":0.97,"agreement":0.41,"records":48,"support":34.9}},{"type":"Feature","geometry":{"type":"LineString","coordinates":[[-102.0496,10.6113],[-100.7352,9.6387]]},"properties":{"azimuth":126.9,"regime":"Strike-slip","regime_code":"SS","regime_share":1.0,"agreement":0.57,"records":45,"support":20.9}},{"type":"Feature","geometry":{"type":"LineString","coordinates":[[-94.8698,10.8735],[-94.2441,9.3765]]},"properties":{"azimuth":157.6,"regime":"Thrust faulting","regime_code":"TF","regime_share":0.41,"agreement":0.3,"records":14,"support":3.0}},{"type":"Feature","geometry":{"type":"LineString","coordinates":[[-92.5844,9.3737],[-91.9725,10.8763]]},"properties":{"azimuth":21.8,"regime":"Thrust faulting","regime_code":"TF","regime_share":0.65,"agreement":0.35,"records":120,"support":25.4}},{"type":"Feature","geometry":{"type":"LineString","coordinates":[[-90.3087,9.3748],[-89.6913,10.8752]]},"properties":{"azimuth":22.1,"regime":"Thrust faulting","regime_code":"TF","regime_share":0.6,"agreement":0.26,"records":193,"support":66.3}},{"type":"Feature","geometry":{"type":"LineString","coordinates":[[-88.0751,9.3943],[-87.3679,10.8557]]},"properties":{"azimuth":25.5,"regime":"Thrust faulting","regime_code":"TF","regime_share":0.63,"agreement":0.44,"records":230,"support":126.4}},{"type":"Feature","geometry":{"type":"LineString","coordinates":[[-85.8347,9.4133],[-85.0514,10.8367]]},"properties":{"azimuth":28.4,"regime":"Thrust faulting","regime_code":"TF","regime_share":0.65,"agreement":0.64,"records":288,"support":153.8}},{"type":"Feature","geometry":{"type":"LineString","coordinates":[[-83.6204,9.4514],[-82.7087,10.7986]]},"properties":{"azimuth":33.7,"regime":"Thrust faulting","regime_code":"TF","regime_share":0.56,"agreement":0.77,"records":279,"support":135.0}},{"type":"Feature","geometry":{"type":"LineString","coordinates":[[-81.3818,9.4793],[-80.3904,10.7707]]},"properties":{"azimuth":37.1,"regime":"Strike-slip","regime_code":"SS","regime_share":0.48,"agreement":0.79,"records":194,"support":65.2}},{"type":"Feature","geometry":{"type":"LineString","coordinates":[[-79.0246,9.4275],[-78.1905,10.8225]]},"properties":{"azimuth":30.5,"regime":"Strike-slip","regime_code":"SS","regime_share":0.5,"agreement":0.24,"records":34,"support":11.4}},{"type":"Feature","geometry":{"type":"LineString","coordinates":[[-77.1407,10.2548],[-75.5176,9.9952]]},"properties":{"azimuth":99.2,"regime":"Strike-slip","regime_code":"SS","regime_share":0.54,"agreement":0.12,"records":27,"support":9.4}},{"type":"Feature","geometry":{"type":"LineString","coordinates":[[-74.8539,10.2977],[-73.2474,9.9523]]},"properties":{"azimuth":102.3,"regime":"Strike-slip","regime_code":"SS","regime_share":0.51,"agreement":0.45,"records":51,"support":15.0}},{"type":"Feature","geometry":{"type":"LineString","coordinates":[[-72.5145,10.473],[-71.0298,9.777]]},"properties":{"azimuth":115.5,"regime":"Strike-slip","regime_code":"SS","regime_share":0.55,"agreement":0.37,"records":59,"support":35.7}},{"type":"Feature","geometry":{"type":"LineString","coordinates":[[-70.1538,10.6075],[-68.8335,9.6425]]},"properties":{"azimuth":126.6,"regime":"Strike-slip","regime_code":"SS","regime_share":0.63,"agreement":0.35,"records":55,"support":37.2}},{"type":"Feature","geometry":{"type":"LineString","coordinates":[[-67.8186,10.6747],[-66.6117,9.5753]]},"properties":{"azimuth":132.8,"regime":"Strike-slip","regime_code":"SS","regime_share":0.73,"agreement":0.44,"records":50,"support":18.0}},{"type":"Feature","geometry":{"type":"LineString","coordinates":[[-65.5169,10.6985],[-64.3565,9.5515]]},"properties":{"azimuth":135.1,"regime":"Strike-slip","regime_code":"SS","regime_share":0.65,"agreement":0.69,"records":23,"support":14.5}},{"type":"Feature","geometry":{"type":"LineString","coordinates":[[-63.2166,10.7191],[-62.0999,9.5309]]},"properties":{"azimuth":137.2,"regime":"Strike-slip","regime_code":"SS","regime_share":0.51,"agreement":0.62,"records":20,"support":17.4}},{"type":"Feature","geometry":{"type":"LineString","coordinates":[[-60.9598,10.6986],[-59.7997,9.5514]]},"properties":{"azimuth":135.1,"regime":"Strike-slip","regime_code":"SS","regime_share":0.42,"agreement":0.28,"records":20,"support":10.1}},{"type":"Feature","geometry":{"type":"LineString","coordinates":[[-58.657,9.5285],[-57.5455,10.7215]]},"properties":{"azimuth":42.5,"regime":"Normal faulting","regime_code":"NF","regime_share":0.55,"agreement":0.46,"records":6,"support":2.7}},{"type":"Feature","geometry":{"type":"LineString","coordinates":[[-47.0506,10.8612],[-46.3671,9.3888]]},"properties":{"azimuth":155.4,"regime":"Normal faulting","regime_code":"NF","regime_share":0.55,"agreement":0.6,"records":25,"support":5.7}},{"type":"Feature","geometry":{"type":"LineString","coordinates":[[-44.8458,10.8235],[-44.015,9.4265]]},"properties":{"azimuth":149.7,"regime":"Strike-slip","regime_code":"SS","regime_share":0.59,"agreement":0.73,"records":36,"support":15.0}},{"type":"Feature","geometry":{"type":"LineString","coordinates":[[-42.4767,10.8686],[-41.8271,9.3814]]},"properties":{"azimuth":156.7,"regime":"Strike-slip","regime_code":"SS","regime_share":0.52,"agreement":0.74,"records":52,"support":23.6}},{"type":"Feature","geometry":{"type":"LineString","coordinates":[[-40.0566,10.914],[-39.6902,9.336]]},"properties":{"azimuth":167.1,"regime":"Normal faulting","regime_code":"NF","regime_share":0.63,"agreement":0.73,"records":64,"support":34.2}},{"type":"Feature","geometry":{"type":"LineString","coordinates":[[-37.8137,10.9052],[-37.3762,9.3448]]},"properties":{"azimuth":164.6,"regime":"Normal faulting","regime_code":"NF","regime_share":0.58,"agreement":0.67,"records":69,"support":29.6}},{"type":"Feature","geometry":{"type":"LineString","coordinates":[[-35.7797,10.7937],[-34.8532,9.4563]]},"properties":{"azimuth":145.7,"regime":"Strike-slip","regime_code":"SS","regime_share":0.7,"agreement":0.67,"records":50,"support":15.4}},{"type":"Feature","geometry":{"type":"LineString","coordinates":[[-33.58,10.7336],[-32.496,9.5164]]},"properties":{"azimuth":138.8,"regime":"Strike-slip","regime_code":"SS","regime_share":0.83,"agreement":0.75,"records":23,"support":6.1}},{"type":"Feature","geometry":{"type":"LineString","coordinates":[[23.1019,10.1151],[24.7462,10.1349]]},"properties":{"azimuth":89.3,"regime":"Undetermined","regime_code":"U","regime_share":1.0,"agreement":0.91,"records":3,"support":1.1}},{"type":"Feature","geometry":{"type":"LineString","coordinates":[[25.3809,10.1544],[27.0242,10.0956]]},"properties":{"azimuth":92.1,"regime":"Undetermined","regime_code":"U","regime_share":1.0,"agreement":0.9,"records":5,"support":4.0}},{"type":"Feature","geometry":{"type":"LineString","coordinates":[[27.664,10.2161],[29.298,10.0339]]},"properties":{"azimuth":96.5,"regime":"Undetermined","regime_code":"U","regime_share":1.0,"agreement":0.89,"records":6,"support":5.4}},{"type":"Feature","geometry":{"type":"LineString","coordinates":[[29.9565,10.2988],[31.5625,9.9512]]},"properties":{"azimuth":102.4,"regime":"Undetermined","regime_code":"U","regime_share":1.0,"agreement":0.93,"records":8,"support":5.1}},{"type":"Feature","geometry":{"type":"LineString","coordinates":[[32.2414,10.3255],[33.8345,9.9245]]},"properties":{"azimuth":104.3,"regime":"Undetermined","regime_code":"U","regime_share":1.0,"agreement":0.96,"records":7,"support":4.2}},{"type":"Feature","geometry":{"type":"LineString","coordinates":[[34.5307,10.3634],[36.1022,9.8866]]},"properties":{"azimuth":107.1,"regime":"Undetermined","regime_code":"U","regime_share":0.89,"agreement":0.76,"records":4,"support":1.8}},{"type":"Feature","geometry":{"type":"LineString","coordinates":[[37.3811,10.9065],[37.8087,9.3435]]},"properties":{"azimuth":164.9,"regime":"Normal faulting","regime_code":"NF","regime_share":0.93,"agreement":0.74,"records":27,"support":5.8}},{"type":"Feature","geometry":{"type":"LineString","coordinates":[[39.5255,10.8584],[40.2213,9.3916]]},"properties":{"azimuth":155.0,"regime":"Normal faulting","regime_code":"NF","regime_share":0.81,"agreement":0.6,"records":43,"support":17.3}},{"type":"Feature","geometry":{"type":"LineString","coordinates":[[41.4308,10.5138],[42.873,9.7362]]},"properties":{"azimuth":118.7,"regime":"Normal faulting","regime_code":"NF","regime_share":0.85,"agreement":0.58,"records":73,"support":32.6}},{"type":"Feature","geometry":{"type":"LineString","coordinates":[[43.6403,10.3492],[45.2204,9.9008]]},"properties":{"azimuth":106.1,"regime":"Normal faulting","regime_code":"NF","regime_share":0.89,"agreement":0.86,"records":56,"support":31.5}},{"type":"Feature","geometry":{"type":"LineString","coordinates":[[45.9062,10.3006],[47.5115,9.9494]]},"properties":{"azimuth":102.5,"regime":"Normal faulting","regime_code":"NF","regime_share":0.84,"agreement":0.85,"records":53,"support":17.4}},{"type":"Feature","geometry":{"type":"LineString","coordinates":[[48.1743,10.2457],[49.8003,10.0043]]},"properties":{"azimuth":98.6,"regime":"Normal faulting","regime_code":"NF","regime_share":0.65,"agreement":0.66,"records":29,"support":7.3}},{"type":"Feature","geometry":{"type":"LineString","coordinates":[[50.4487,10.2149],[52.0829,10.0351]]},"properties":{"azimuth":96.4,"regime":"Normal faulting","regime_code":"NF","regime_share":0.54,"agreement":0.52,"records":27,"support":6.8}},{"type":"Feature","geometry":{"type":"LineString","coordinates":[[52.869,10.5868],[54.2196,9.6632]]},"properties":{"azimuth":124.8,"regime":"Normal faulting","regime_code":"NF","regime_share":0.61,"agreement":0.41,"records":23,"support":4.1}},{"type":"Feature","geometry":{"type":"LineString","coordinates":[[55.2128,10.6677],[56.4327,9.5823]]},"properties":{"azimuth":132.1,"regime":"Normal faulting","regime_code":"NF","regime_share":0.62,"agreement":0.6,"records":46,"support":21.6}},{"type":"Feature","geometry":{"type":"LineString","coordinates":[[57.4897,10.666],[58.7129,9.584]]},"properties":{"azimuth":131.9,"regime":"Normal faulting","regime_code":"NF","regime_share":0.63,"agreement":0.64,"records":51,"support":32.8}},{"type":"Feature","geometry":{"type":"LineString","coordinates":[[59.7627,10.6599],[60.9968,9.5901]]},"properties":{"azimuth":131.4,"regime":"Normal faulting","regime_code":"NF","regime_share":0.66,"agreement":0.69,"records":51,"support":16.6}},{"type":"Feature","geometry":{"type":"LineString","coordinates":[[75.5666,9.8222],[77.0916,10.4278]]},"properties":{"azimuth":68.0,"regime":"Undetermined","regime_code":"U","regime_share":0.51,"agreement":0.23,"records":4,"support":1.1}},{"type":"Feature","geometry":{"type":"LineString","coordinates":[[78.1305,9.4658],[79.0847,10.7842]]},"properties":{"azimuth":35.5,"regime":"Undetermined","regime_code":"U","regime_share":0.47,"agreement":0.04,"records":5,"support":3.6}},{"type":"Feature","geometry":{"type":"LineString","coordinates":[[80.5448,10.8614],[81.2274,9.3886]]},"properties":{"azimuth":155.5,"regime":"Undetermined","regime_code":"U","regime_share":0.59,"agreement":0.05,"records":8,"support":4.3}},{"type":"Feature","geometry":{"type":"LineString","coordinates":[[82.9082,10.894],[83.4209,9.356]]},"properties":{"azimuth":161.8,"regime":"Undetermined","regime_code":"U","regime_share":0.68,"agreement":0.15,"records":11,"support":5.2}},{"type":"Feature","geometry":{"type":"LineString","coordinates":[[85.4022,10.9334],[85.4839,9.3166]]},"properties":{"azimuth":177.2,"regime":"Undetermined","regime_code":"U","regime_share":0.52,"agreement":0.3,"records":7,"support":5.3}},{"type":"Feature","geometry":{"type":"LineString","coordinates":[[87.6288,9.3208],[87.8142,10.9292]]},"properties":{"azimuth":6.5,"regime":"Thrust faulting","regime_code":"TF","regime_share":0.31,"agreement":0.35,"records":26,"support":5.9}},{"type":"Feature","geometry":{"type":"LineString","coordinates":[[89.8714,9.3256],[90.1286,10.9244]]},"properties":{"azimuth":9.0,"regime":"Normal faulting","regime_code":"NF","regime_share":0.49,"agreement":0.32,"records":133,"support":50.0}},{"type":"Feature","geometry":{"type":"LineString","coordinates":[[91.8145,9.4568],[92.7424,10.7932]]},"properties":{"azimuth":34.4,"regime":"Normal faulting","regime_code":"NF","regime_share":0.56,"agreement":0.43,"records":381,"support":179.7}},{"type":"Feature","geometry":{"type":"LineString","coordinates":[[94.0294,9.5042],[95.0845,10.7458]]},"properties":{"azimuth":39.9,"regime":"Normal faulting","regime_code":"NF","regime_share":0.62,"agreement":0.55,"records":370,"support":193.8}},{"type":"Feature","geometry":{"type":"LineString","coordinates":[[96.2791,9.529],[97.3918,10.721]]},"properties":{"azimuth":42.6,"regime":"Normal faulting","regime_code":"NF","regime_share":0.69,"agreement":0.62,"records":235,"support":73.8}},{"type":"Feature","geometry":{"type":"LineString","coordinates":[[99.0647,10.9329],[99.1631,9.3171]]},"properties":{"azimuth":176.6,"regime":"Undetermined","regime_code":"U","regime_share":0.93,"agreement":0.76,"records":27,"support":16.4}},{"type":"Feature","geometry":{"type":"LineString","coordinates":[[101.3915,9.3156],[101.3933,10.9344]]},"properties":{"azimuth":0.1,"regime":"Undetermined","regime_code":"U","regime_share":0.95,"agreement":0.77,"records":26,"support":25.5}},{"type":"Feature","geometry":{"type":"LineString","coordinates":[[103.6493,9.3159],[103.6925,10.9341]]},"properties":{"azimuth":1.5,"regime":"Undetermined","regime_code":"U","regime_share":0.98,"agreement":0.77,"records":25,"support":13.2}},{"type":"Feature","geometry":{"type":"LineString","coordinates":[[105.9345,9.3157],[105.9642,10.9343]]},"properties":{"azimuth":1.0,"regime":"Undetermined","regime_code":"U","regime_share":0.83,"agreement":0.6,"records":12,"support":6.2}},{"type":"Feature","geometry":{"type":"LineString","coordinates":[[108.1348,9.3208],[108.3209,10.9292]]},"properties":{"azimuth":6.5,"regime":"Undetermined","regime_code":"U","regime_share":0.84,"agreement":0.54,"records":12,"support":12.7}},{"type":"Feature","geometry":{"type":"LineString","coordinates":[[110.3085,9.3394],[110.7042,10.9106]]},"properties":{"azimuth":13.9,"regime":"Undetermined","regime_code":"U","regime_share":0.86,"agreement":0.5,"records":12,"support":7.9}},{"type":"Feature","geometry":{"type":"LineString","coordinates":[[115.0131,9.3171],[115.1135,10.9329]]},"properties":{"azimuth":3.5,"regime":"Undetermined","regime_code":"U","regime_share":0.48,"agreement":0.52,"records":6,"support":1.8}},{"type":"Feature","geometry":{"type":"LineString","coordinates":[[116.9099,9.4363],[117.7736,10.8137]]},"properties":{"azimuth":31.7,"regime":"Normal faulting","regime_code":"NF","regime_share":0.43,"agreement":0.1,"records":9,"support":2.0}},{"type":"Feature","geometry":{"type":"LineString","coordinates":[[118.8247,10.3294],[120.4158,9.9206]]},"properties":{"azimuth":104.6,"regime":"Thrust faulting","regime_code":"TF","regime_share":0.51,"agreement":0.54,"records":64,"support":18.7}},{"type":"Feature","geometry":{"type":"LineString","coordinates":[[121.1319,10.4171],[122.6655,9.8329]]},"properties":{"azimuth":111.2,"regime":"Thrust faulting","regime_code":"TF","regime_share":0.51,"agreement":0.55,"records":144,"support":65.2}},{"type":"Feature","geometry":{"type":"LineString","coordinates":[[123.3711,10.2842],[124.9833,9.9658]]},"properties":{"azimuth":101.3,"regime":"Thrust faulting","regime_code":"TF","regime_share":0.58,"agreement":0.51,"records":337,"support":166.1}},{"type":"Feature","geometry":{"type":"LineString","coordinates":[[125.6409,10.2337],[127.2704,10.0163]]},"properties":{"azimuth":97.7,"regime":"Thrust faulting","regime_code":"TF","regime_share":0.61,"agreement":0.49,"records":302,"support":187.2}},{"type":"Feature","geometry":{"type":"LineString","coordinates":[[127.9192,10.2317],[129.5492,10.0183]]},"properties":{"azimuth":97.6,"regime":"Thrust faulting","regime_code":"TF","regime_share":0.64,"agreement":0.46,"records":197,"support":84.7}},{"type":"Feature","geometry":{"type":"LineString","coordinates":[[130.4355,10.7014],[131.5898,9.5486]]},"properties":{"azimuth":135.4,"regime":"Normal faulting","regime_code":"NF","regime_share":0.56,"agreement":0.29,"records":17,"support":2.7}},{"type":"Feature","geometry":{"type":"LineString","coordinates":[[135.1063,10.7936],[136.0329,9.4564]]},"properties":{"azimuth":145.7,"regime":"Thrust faulting","regime_code":"TF","regime_share":0.64,"agreement":0.46,"records":24,"support":8.8}},{"type":"Feature","geometry":{"type":"LineString","coordinates":[[137.2839,10.7137],[138.4123,9.5363]]},"properties":{"azimuth":136.7,"regime":"Normal faulting","regime_code":"NF","regime_share":0.43,"agreement":0.29,"records":56,"support":26.3}},{"type":"Feature","geometry":{"type":"LineString","coordinates":[[139.3049,10.1548],[140.9482,10.0952]]},"properties":{"azimuth":92.1,"regime":"Normal faulting","regime_code":"NF","regime_share":0.55,"agreement":0.12,"records":128,"support":59.4}},{"type":"Feature","geometry":{"type":"LineString","coordinates":[[141.9293,10.7851],[142.8808,9.4649]]},"properties":{"azimuth":144.6,"regime":"Normal faulting","regime_code":"NF","regime_share":0.48,"agreement":0.1,"records":171,"support":85.6}},{"type":"Feature","geometry":{"type":"LineString","coordinates":[[144.2068,10.7844],[145.1603,9.4656]]},"properties":{"azimuth":144.6,"regime":"Thrust faulting","regime_code":"TF","regime_share":0.48,"agreement":0.22,"records":171,"support":70.5}},{"type":"Feature","geometry":{"type":"LineString","coordinates":[[146.2252,10.4842],[147.6988,9.7658]]},"properties":{"azimuth":116.3,"regime":"Thrust faulting","regime_code":"TF","regime_share":0.57,"agreement":0.21,"records":113,"support":29.4}},{"type":"Feature","geometry":{"type":"LineString","coordinates":[[148.5421,9.698],[149.9389,10.552]]},"properties":{"azimuth":58.2,"regime":"Strike-slip","regime_code":"SS","regime_share":0.54,"agreement":0.93,"records":9,"support":2.3}},{"type":"Feature","geometry":{"type":"LineString","coordinates":[[164.6505,9.5141],[165.7293,10.7359]]},"properties":{"azimuth":41.0,"regime":"Undetermined","regime_code":"U","regime_share":1.0,"agreement":1.0,"records":1,"support":1.0}},{"type":"Feature","geometry":{"type":"LineString","coordinates":[[-106.5857,8.3828],[-105.3131,7.3672]]},"properties":{"azimuth":128.9,"regime":"Strike-slip","regime_code":"SS","regime_share":0.9,"agreement":0.51,"records":48,"support":19.6}},{"type":"Feature","geometry":{"type":"LineString","coordinates":[[-104.3246,8.3605],[-103.0171,7.3895]]},"properties":{"azimuth":126.9,"regime":"Strike-slip","regime_code":"SS","regime_share":0.92,"agreement":0.63,"records":50,"support":40.4}},{"type":"Feature","geometry":{"type":"LineString","coordinates":[[-102.0558,8.3475],[-100.729,7.4025]]},"properties":{"azimuth":125.7,"regime":"Strike-slip","regime_code":"SS","regime_share":0.92,"agreement":0.73,"records":51,"support":26.3}},{"type":"Feature","geometry":{"type":"LineString","coordinates":[[-99.7978,8.318],[-98.4301,7.432]]},"properties":{"azimuth":123.2,"regime":"Strike-slip","regime_code":"SS","regime_share":0.67,"agreement":0.91,"records":17,"support":3.5}},{"type":"Feature","geometry":{"type":"LineString","coordinates":[[-95.2026,8.371],[-93.9113,7.379]]},"properties":{"azimuth":127.8,"regime":"Undetermined","regime_code":"U","regime_share":1.0,"agreement":0.51,"records":3,"support":1.3}},{"type":"Feature","geometry":{"type":"LineString","coordinates":[[-93.0857,7.7496],[-91.4713,8.0004]]},"properties":{"azimuth":81.1,"regime":"Undetermined","regime_code":"U","regime_share":1.0,"agreement":0.4,"records":3,"support":2.2}},{"type":"Feature","geometry":{"type":"LineString","coordinates":[[-90.7535,8.188],[-89.2465,7.562]]},"properties":{"azimuth":112.7,"regime":"Normal faulting","regime_code":"NF","regime_share":0.55,"agreement":0.24,"records":27,"support":6.4}},{"type":"Feature","geometry":{"type":"LineString","coordinates":[[-88.1366,7.1778],[-87.3065,8.5722]]},"properties":{"azimuth":30.5,"regime":"Thrust faulting","regime_code":"TF","regime_share":0.65,"agreement":0.49,"records":160,"support":40.5}},{"type":"Feature","geometry":{"type":"LineString","coordinates":[[-85.9356,7.2292],[-84.9505,8.5208]]},"properties":{"azimuth":37.1,"regime":"Thrust faulting","regime_code":"TF","regime_share":0.48,"agreement":0.75,"records":355,"support":121.8}},{"type":"Feature","geometry":{"type":"LineString","coordinates":[[-83.7045,7.2675],[-82.6246,8.4825]]},"properties":{"azimuth":41.4,"regime":"Strike-slip","regime_code":"SS","regime_share":0.62,"agreement":0.83,"records":315,"support":197.7}},{"type":"Feature","geometry":{"type":"LineString","coordinates":[[-81.4568,7.2958],[-80.3154,8.4542]]},"properties":{"azimuth":44.3,"regime":"Strike-slip","regime_code":"SS","regime_share":0.7,"agreement":0.82,"records":297,"support":135.7}},{"type":"Feature","geometry":{"type":"LineString","coordinates":[[-79.3005,7.446],[-77.9147,8.304]]},"properties":{"azimuth":58.0,"regime":"Strike-slip","regime_code":"SS","regime_share":0.6,"agreement":0.39,"records":102,"support":37.4}},{"type":"Feature","geometry":{"type":"LineString","coordinates":[[-77.1394,7.9793],[-75.5188,7.7707]]},"properties":{"azimuth":97.4,"regime":"Strike-slip","regime_code":"SS","regime_share":0.47,"agreement":0.27,"records":50,"support":24.6}},{"type":"Feature","geometry":{"type":"LineString","coordinates":[[-74.8443,8.0674],[-73.257,7.6826]]},"properties":{"azimuth":103.7,"regime":"Strike-slip","regime_code":"SS","regime_share":0.43,"agreement":0.6,"records":66,"support":24.4}},{"type":"Feature","geometry":{"type":"LineString","coordinates":[[-72.5507,8.1208],[-70.9936,7.6292]]},"properties":{"azimuth":107.7,"regime":"Strike-slip","regime_code":"SS","regime_share":0.44,"agreement":0.51,"records":63,"support":36.9}},{"type":"Feature","geometry":{"type":"LineString","coordinates":[[-70.2291,8.2277],[-68.7582,7.5223]]},"properties":{"azimuth":115.8,"regime":"Strike-slip","regime_code":"SS","regime_share":0.52,"agreement":0.38,"records":59,"support":28.8}},{"type":"Feature","geometry":{"type":"LineString","coordinates":[[-67.8823,8.3424],[-66.5481,7.4076]]},"properties":{"azimuth":125.3,"regime":"Strike-slip","regime_code":"SS","regime_share":0.66,"agreement":0.4,"records":39,"support":9.1}},{"type":"Feature","geometry":{"type":"LineString","coordinates":[[-65.5009,8.4605],[-64.3725,7.2895]]},"properties":{"azimuth":136.3,"regime":"Strike-slip","regime_code":"SS","regime_share":0.58,"agreement":0.77,"records":17,"support":6.9}},{"type":"Feature","geometry":{"type":"LineString","coordinates":[[-63.195,8.4852],[-62.1215,7.2648]]},"properties":{"azimuth":138.9,"regime":"Strike-slip","regime_code":"SS","regime_share":0.45,"agreement":0.66,"records":19,"support":8.7}},{"type":"Feature","geometry":{"type":"LineString","coordinates":[[-60.9049,8.4951],[-59.8546,7.2549]]},"properties":{"azimuth":140.0,"regime":"Normal faulting","regime_code":"NF","regime_share":0.34,"agreement":0.31,"records":15,"support":4.1}},{"type":"Feature","geometry":{"type":"LineString","coordinates":[[-44.9078,8.5318],[-43.9529,7.2182]]},"properties":{"azimuth":144.2,"regime":"Strike-slip","regime_code":"SS","regime_share":0.71,"agreement":0.76,"records":15,"support":3.6}},{"type":"Feature","geometry":{"type":"LineString","coordinates":[[-42.3598,8.6578],[-41.944,7.0922]]},"properties":{"azimuth":165.3,"regime":"Normal faulting","regime_code":"NF","regime_share":0.59,"agreement":0.71,"records":50,"support":18.0}},{"type":"Feature","geometry":{"type":"LineString","coordinates":[[-40.0454,8.6663],[-39.7014,7.0837]]},"properties":{"azimuth":167.9,"regime":"Normal faulting","regime_code":"NF","regime_share":0.63,"agreement":0.71,"records":64,"support":42.1}},{"type":"Feature","geometry":{"type":"LineString","coordinates":[[-37.8872,8.6309],[-37.3027,7.1191]]},"properties":{"azimuth":159.0,"regime":"Strike-slip","regime_code":"SS","regime_share":0.51,"agreement":0.64,"records":80,"support":49.9}},{"type":"Feature","geometry":{"type":"LineString","coordinates":[[-35.7819,8.5402],[-34.851,7.2098]]},"properties":{"azimuth":145.3,"regime":"Strike-slip","regime_code":"SS","regime_share":0.69,"agreement":0.68,"records":66,"support":38.5}},{"type":"Feature","geometry":{"type":"LineString","coordinates":[[-33.4523,8.5726],[-32.6237,7.1774]]},"properties":{"azimuth":149.5,"regime":"Strike-slip","regime_code":"SS","regime_share":0.55,"agreement":0.66,"records":62,"support":27.9}},{"type":"Feature","geometry":{"type":"LineString","coordinates":[[-31.0522,8.6307],[-30.4668,7.1193]]},"properties":{"azimuth":159.0,"regime":"Normal faulting","regime_code":"NF","regime_share":0.67,"agreement":0.64,"records":40,"support":9.1}},{"type":"Feature","geometry":{"type":"LineString","coordinates":[[3.0146,8.579],[3.8208,7.171]]},"properties":{"azimuth":150.4,"regime":"Undetermined","regime_code":"U","regime_share":1.0,"agreement":0.3,"records":6,"support":3.9}},{"type":"Feature","geometry":{"type":"LineString","coordinates":[[5.3457,8.6061],[6.0468,7.1439]]},"properties":{"azimuth":154.6,"regime":"Undetermined","regime_code":"U","regime_share":1.0,"agreement":0.32,"records":6,"support":5.1}},{"type":"Feature","geometry":{"type":"LineString","coordinates":[[7.6864,8.6324],[8.2629,7.1176]]},"properties":{"azimuth":159.3,"regime":"Undetermined","regime_code":"U","regime_share":1.0,"agreement":0.37,"records":6,"support":2.0}},{"type":"Feature","geometry":{"type":"LineString","coordinates":[[25.3862,7.9098],[27.0189,7.8402]]},"properties":{"azimuth":92.5,"regime":"Undetermined","regime_code":"U","regime_share":1.0,"agreement":0.89,"records":5,"support":1.5}},{"type":"Feature","geometry":{"type":"LineString","coordinates":[[27.672,7.9885],[29.29,7.7615]]},"properties":{"azimuth":98.1,"regime":"Undetermined","regime_code":"U","regime_share":1.0,"agreement":0.88,"records":5,"support":2.2}},{"type":"Feature","geometry":{"type":"LineString","coordinates":[[29.9931,8.1558],[31.5258,7.5942]]},"properties":{"azimuth":110.3,"regime":"Undetermined","regime_code":"U","regime_share":0.85,"agreement":0.97,"records":4,"support":2.1}},{"type":"Feature","geometry":{"type":"LineString","coordinates":[[32.2838,8.1865],[33.7921,7.5635]]},"properties":{"azimuth":112.6,"regime":"Undetermined","regime_code":"U","regime_share":0.79,"agreement":1.0,"records":3,"support":1.8}},{"type":"Feature","geometry":{"type":"LineString","coordinates":[[34.9822,7.1364],[35.6507,8.6136]]},"properties":{"azimuth":24.1,"regime":"Normal faulting","regime_code":"NF","regime_share":0.63,"agreement":0.17,"records":5,"support":1.8}},{"type":"Feature","geometry":{"type":"LineString","coordinates":[[37.3772,7.0949],[37.8127,8.6551]]},"properties":{"azimuth":15.5,"regime":"Normal faulting","regime_code":"NF","regime_share":0.91,"agreement":0.78,"records":8,"support":2.9}},{"type":"Feature","geometry":{"type":"LineString","coordinates":[[39.7494,7.075],[39.9975,8.675]]},"properties":{"azimuth":8.7,"regime":"Normal faulting","regime_code":"NF","regime_share":0.66,"agreement":0.67,"records":9,"support":3.7}},{"type":"Feature","geometry":{"type":"LineString","coordinates":[[42.0236,8.6743],[42.2802,7.0757]]},"properties":{"azimuth":171.0,"regime":"Undetermined","regime_code":"U","regime_share":0.5,"agreement":0.27,"records":11,"support":4.5}},{"type":"Feature","geometry":{"type":"LineString","coordinates":[[43.8174,8.4102],[45.0433,7.3398]]},"properties":{"azimuth":131.4,"regime":"Undetermined","regime_code":"U","regime_share":0.47,"agreement":0.42,"records":16,"support":4.7}},{"type":"Feature","geometry":{"type":"LineString","coordinates":[[46.243,8.54],[47.1747,7.21]]},"properties":{"azimuth":145.2,"regime":"Undetermined","regime_code":"U","regime_share":0.74,"agreement":0.56,"records":4,"support":1.1}},{"type":"Feature","geometry":{"type":"LineString","coordinates":[[55.1391,8.3183],[56.5065,7.4317]]},"properties":{"azimuth":123.2,"regime":"Normal faulting","regime_code":"NF","regime_share":0.78,"agreement":0.62,"records":29,"support":11.2}},{"type":"Feature","geometry":{"type":"LineString","coordinates":[[57.4276,8.3331],[58.7749,7.4169]]},"properties":{"azimuth":124.5,"regime":"Normal faulting","regime_code":"NF","regime_share":0.81,"agreement":0.66,"records":82,"support":29.7}},{"type":"Feature","geometry":{"type":"LineString","coordinates":[[59.6883,8.3063],[61.0712,7.4437]]},"properties":{"azimuth":122.2,"regime":"Normal faulting","regime_code":"NF","regime_share":0.85,"agreement":0.66,"records":82,"support":40.5}},{"type":"Feature","geometry":{"type":"LineString","coordinates":[[61.9596,8.2948],[63.3568,7.4552]]},"properties":{"azimuth":121.2,"regime":"Normal faulting","regime_code":"NF","regime_share":0.85,"agreement":0.63,"records":67,"support":26.7}},{"type":"Feature","geometry":{"type":"LineString","coordinates":[[77.8552,7.5593],[79.36,8.1907]]},"properties":{"azimuth":67.0,"regime":"Undetermined","regime_code":"U","regime_share":0.58,"agreement":0.6,"records":3,"support":1.8}},{"type":"Feature","geometry":{"type":"LineString","coordinates":[[80.1059,7.6346],[81.6663,8.1154]]},"properties":{"azimuth":72.7,"regime":"Undetermined","regime_code":"U","regime_share":0.76,"agreement":0.27,"records":7,"support":2.9}},{"type":"Feature","geometry":{"type":"LineString","coordinates":[[82.9869,8.665],[83.3422,7.085]]},"properties":{"azimuth":167.4,"regime":"Undetermined","regime_code":"U","regime_share":0.74,"agreement":0.06,"records":7,"support":5.4}},{"type":"Feature","geometry":{"type":"LineString","coordinates":[[85.4249,8.6842],[85.4611,7.0658]]},"properties":{"azimuth":178.7,"regime":"Undetermined","regime_code":"U","regime_share":0.52,"agreement":0.29,"records":10,"support":6.4}},{"type":"Feature","geometry":{"type":"LineString","coordinates":[[87.6798,8.6833],[87.7633,7.0667]]},"properties":{"azimuth":177.1,"regime":"Strike-slip","regime_code":"SS","regime_share":0.47,"agreement":0.48,"records":17,"support":4.6}},{"type":"Feature","geometry":{"type":"LineString","coordinates":[[89.9784,7.0659],[90.0216,8.6841]]},"properties":{"azimuth":1.5,"regime":"Strike-slip","regime_code":"SS","regime_share":0.38,"agreement":0.3,"records":164,"support":53.6}},{"type":"Feature","geometry":{"type":"LineString","coordinates":[[91.9364,7.14],[92.6206,8.61]]},"properties":{"azimuth":24.8,"regime":"Normal faulting","regime_code":"NF","regime_share":0.43,"agreement":0.47,"records":378,"support":203.0}},{"type":"Feature","geometry":{"type":"LineString","coordinates":[[94.1672,7.1636],[94.9467,8.5864]]},"properties":{"azimuth":28.5,"regime":"Normal faulting","regime_code":"NF","regime_share":0.45,"agreement":0.59,"records":385,"support":227.0}},{"type":"Feature","geometry":{"type":"LineString","coordinates":[[96.4489,7.1619],[97.222,8.5881]]},"properties":{"azimuth":28.2,"regime":"Strike-slip","regime_code":"SS","regime_share":0.45,"agreement":0.69,"records":276,"support":85.6}},{"type":"Feature","geometry":{"type":"LineString","coordinates":[[99.0923,8.6841],[99.1355,7.0659]]},"properties":{"azimuth":178.5,"regime":"Undetermined","regime_code":"U","regime_share":0.88,"agreement":0.73,"records":31,"support":12.7}},{"type":"Feature","geometry":{"type":"LineString","coordinates":[[101.375,8.6842],[101.4098,7.0658]]},"properties":{"azimuth":178.8,"regime":"Undetermined","regime_code":"U","regime_share":1.0,"agreement":0.73,"records":26,"support":20.9}},{"type":"Feature","geometry":{"type":"LineString","coordinates":[[103.6364,8.6837],[103.7054,7.0663]]},"properties":{"azimuth":177.6,"regime":"Undetermined","regime_code":"U","regime_share":1.0,"agreement":0.7,"records":24,"support":13.8}},{"type":"Feature","geometry":{"type":"LineString","coordinates":[[105.9029,7.0669],[105.9959,8.6831]]},"properties":{"azimuth":3.3,"regime":"Undetermined","regime_code":"U","regime_share":0.92,"agreement":0.54,"records":20,"support":8.0}},{"type":"Feature","geometry":{"type":"LineString","coordinates":[[107.9736,7.1058],[108.4821,8.6442]]},"properties":{"azimuth":18.1,"regime":"Undetermined","regime_code":"U","regime_share":0.9,"agreement":0.51,"records":13,"support":11.4}},{"type":"Feature","geometry":{"type":"LineString","coordinates":[[110.1461,7.1485],[110.8666,8.6015]]},"properties":{"azimuth":26.2,"regime":"Undetermined","regime_code":"U","regime_share":0.91,"agreement":0.52,"records":12,"support":7.2}},{"type":"Feature","geometry":{"type":"LineString","coordinates":[[112.4102,8.5943],[113.1594,7.1557]]},"properties":{"azimuth":152.7,"regime":"Undetermined","regime_code":"U","regime_share":1.0,"agreement":0.38,"records":13,"support":5.0}},{"type":"Feature","geometry":{"type":"LineString","coordinates":[[114.8165,8.6466],[115.3101,7.1034]]},"properties":{"azimuth":162.4,"regime":"Undetermined","regime_code":"U","regime_share":0.84,"agreement":0.43,"records":13,"support":8.3}},{"type":"Feature","geometry":{"type":"LineString","coordinates":[[117.3109,7.0662],[117.3727,8.6838]]},"properties":{"azimuth":2.2,"regime":"Undetermined","regime_code":"U","regime_share":0.43,"agreement":0.22,"records":15,"support":7.1}},{"type":"Feature","geometry":{"type":"LineString","coordinates":[[118.8171,8.024],[120.4234,7.726]]},"properties":{"azimuth":100.6,"regime":"Thrust faulting","regime_code":"TF","regime_share":0.52,"agreement":0.4,"records":37,"support":12.3}},{"type":"Feature","geometry":{"type":"LineString","coordinates":[[121.1144,8.1018],[122.6831,7.6482]]},"properties":{"azimuth":106.3,"regime":"Thrust faulting","regime_code":"TF","regime_share":0.68,"agreement":0.49,"records":106,"support":44.6}},{"type":"Feature","geometry":{"type":"LineString","coordinates":[[123.3723,8.0141],[124.9822,7.7359]]},"properties":{"azimuth":99.9,"regime":"Thrust faulting","regime_code":"TF","regime_share":0.64,"agreement":0.55,"records":282,"support":109.9}},{"type":"Feature","geometry":{"type":"LineString","coordinates":[[125.6467,7.9888],[127.2647,7.7612]]},"properties":{"azimuth":98.1,"regime":"Thrust faulting","regime_code":"TF","regime_share":0.66,"agreement":0.58,"records":322,"support":142.8}},{"type":"Feature","geometry":{"type":"LineString","coordinates":[[127.9297,8.0166],[129.5387,7.7334]]},"properties":{"azimuth":100.1,"regime":"Thrust faulting","regime_code":"TF","regime_share":0.67,"agreement":0.54,"records":181,"support":67.8}},{"type":"Feature","geometry":{"type":"LineString","coordinates":[[130.2674,8.2068],[131.7579,7.5432]]},"properties":{"azimuth":114.2,"regime":"Thrust faulting","regime_code":"TF","regime_share":0.65,"agreement":0.3,"records":21,"support":4.6}},{"type":"Feature","geometry":{"type":"LineString","coordinates":[[132.5837,8.28],[133.9986,7.47]]},"properties":{"azimuth":120.0,"regime":"Thrust faulting","regime_code":"TF","regime_share":1.0,"agreement":0.64,"records":8,"support":3.6}},{"type":"Feature","geometry":{"type":"LineString","coordinates":[[135.0072,8.4621],[136.132,7.2879]]},"properties":{"azimuth":136.5,"regime":"Thrust faulting","regime_code":"TF","regime_share":0.83,"agreement":0.57,"records":22,"support":10.4}},{"type":"Feature","geometry":{"type":"LineString","coordinates":[[137.2973,8.4729],[138.3989,7.2771]]},"properties":{"azimuth":137.6,"regime":"Thrust faulting","regime_code":"TF","regime_share":0.6,"agreement":0.46,"records":33,"support":16.7}},{"type":"Feature","geometry":{"type":"LineString","coordinates":[[139.394,8.2335],[140.8591,7.5165]]},"properties":{"azimuth":116.3,"regime":"Normal faulting","regime_code":"NF","regime_share":0.36,"agreement":0.38,"records":48,"support":17.7}},{"type":"Feature","geometry":{"type":"LineString","coordinates":[[141.5883,7.8514],[143.2218,7.8986]]},"properties":{"azimuth":88.3,"regime":"Strike-slip","regime_code":"SS","regime_share":0.42,"agreement":0.33,"records":51,"support":13.9}},{"type":"Feature","geometry":{"type":"LineString","coordinates":[[143.9483,7.5219],[145.4188,8.2281]]},"properties":{"azimuth":64.1,"regime":"Strike-slip","regime_code":"SS","regime_share":0.64,"agreement":0.7,"records":35,"support":10.4}},{"type":"Feature","geometry":{"type":"LineString","coordinates":[[146.269,7.4463],[147.6551,8.3037]]},"properties":{"azimuth":58.0,"regime":"Strike-slip","regime_code":"SS","regime_share":0.64,"agreement":0.93,"records":14,"support":5.8}},{"type":"Feature","geometry":{"type":"LineString","coordinates":[[148.5564,7.4324],[149.9246,8.3176]]},"properties":{"azimuth":56.8,"regime":"Thrust faulting","regime_code":"TF","regime_share":0.87,"agreement":0.87,"records":4,"support":1.1}},{"type":"Feature","geometry":{"type":"LineString","coordinates":[[-107.0319,6.1526],[-105.7983,5.0974]]},"properties":{"azimuth":130.7,"regime":"Thrust faulting","regime_code":"TF","regime_share":0.51,"agreement":0.05,"records":12,"support":3.0}},{"type":"Feature","geometry":{"type":"LineString","coordinates":[[-104.819,6.0867],[-103.4829,5.1633]]},"properties":{"azimuth":124.8,"regime":"Strike-slip","regime_code":"SS","regime_share":0.75,"agreement":0.58,"records":43,"support":16.1}},{"type":"Feature","geometry":{"type":"LineString","coordinates":[[-102.5706,6.0632],[-101.203,5.1868]]},"properties":{"azimuth":122.8,"regime":"Strike-slip","regime_code":"SS","regime_share":0.71,"agreement":0.58,"records":55,"support":17.0}},{"type":"Feature","geometry":{"type":"LineString","coordinates":[[-100.4309,5.7152],[-98.8144,5.5348]]},"properties":{"azimuth":96.4,"regime":"Normal faulting","regime_code":"NF","regime_share":0.58,"agreement":0.52,"records":21,"support":6.8}},{"type":"Feature","geometry":{"type":"LineString","coordinates":[[-98.1716,5.641],[-96.5453,5.609]]},"properties":{"azimuth":91.1,"regime":"Normal faulting","regime_code":"NF","regime_share":0.6,"agreement":0.44,"records":30,"support":6.9}},{"type":"Feature","geometry":{"type":"LineString","coordinates":[[-95.9067,5.5863],[-94.282,5.6637]]},"properties":{"azimuth":87.3,"regime":"Normal faulting","regime_code":"NF","regime_share":0.66,"agreement":0.59,"records":14,"support":4.1}},{"type":"Feature","geometry":{"type":"LineString","coordinates":[[-93.6422,5.5794],[-92.0182,5.6706]]},"properties":{"azimuth":86.8,"regime":"Undetermined","regime_code":"U","regime_share":0.57,"agreement":0.77,"records":7,"support":2.1}},{"type":"Feature","geometry":{"type":"LineString","coordinates":[[-91.3793,5.6187],[-89.7528,5.6313]]},"properties":{"azimuth":89.6,"regime":"Undetermined","regime_code":"U","regime_share":0.65,"agreement":0.35,"records":7,"support":2.3}},{"type":"Feature","geometry":{"type":"LineString","coordinates":[[-88.9841,5.1844],[-87.6196,6.0656]]},"properties":{"azimuth":57.0,"regime":"Strike-slip","regime_code":"SS","regime_share":0.74,"agreement":0.8,"records":9,"support":2.4}},{"type":"Feature","geometry":{"type":"LineString","coordinates":[[-86.6476,5.0896],[-85.4278,6.1604]]},"properties":{"azimuth":48.6,"regime":"Strike-slip","regime_code":"SS","regime_share":0.83,"agreement":0.85,"records":217,"support":47.1}},{"type":"Feature","geometry":{"type":"LineString","coordinates":[[-84.3655,5.0699],[-83.1817,6.1801]]},"properties":{"azimuth":46.7,"regime":"Strike-slip","regime_code":"SS","regime_share":0.84,"agreement":0.89,"records":283,"support":159.7}},{"type":"Feature","geometry":{"type":"LineString","coordinates":[[-82.105,5.0738],[-80.9139,6.1762]]},"properties":{"azimuth":47.1,"regime":"Strike-slip","regime_code":"SS","regime_share":0.87,"agreement":0.89,"records":277,"support":162.0}},{"type":"Feature","geometry":{"type":"LineString","coordinates":[[-79.869,5.1055],[-78.6216,6.1445]]},"properties":{"azimuth":50.1,"regime":"Strike-slip","regime_code":"SS","regime_share":0.73,"agreement":0.67,"records":222,"support":71.5}},{"type":"Feature","geometry":{"type":"LineString","coordinates":[[-77.7721,5.4367],[-76.1901,5.8133]]},"properties":{"azimuth":76.5,"regime":"Strike-slip","regime_code":"SS","regime_share":0.41,"agreement":0.24,"records":59,"support":33.0}},{"type":"Feature","geometry":{"type":"LineString","coordinates":[[-75.4887,5.8806],[-73.9453,5.3694]]},"properties":{"azimuth":108.4,"regime":"Thrust faulting","regime_code":"TF","regime_share":0.41,"agreement":0.49,"records":62,"support":24.6}},{"type":"Feature","geometry":{"type":"LineString","coordinates":[[-73.2197,5.8947],[-71.686,5.3553]]},"properties":{"azimuth":109.5,"regime":"Thrust faulting","regime_code":"TF","regime_share":0.47,"agreement":0.69,"records":37,"support":22.2}},{"type":"Feature","geometry":{"type":"LineString","coordinates":[[-70.9566,5.8915],[-69.4207,5.3585]]},"properties":{"azimuth":109.2,"regime":"Thrust faulting","regime_code":"TF","regime_share":0.48,"agreement":0.61,"records":41,"support":13.7}},{"type":"Feature","geometry":{"type":"LineString","coordinates":[[-50.2351,6.3158],[-49.3875,4.9342]]},"properties":{"azimuth":148.6,"regime":"Thrust faulting","regime_code":"TF","regime_share":0.52,"agreement":0.93,"records":4,"support":1.8}},{"type":"Feature","geometry":{"type":"LineString","coordinates":[[-47.925,6.3417],[-47.1693,4.9083]]},"properties":{"azimuth":152.3,"regime":"Thrust faulting","regime_code":"TF","regime_share":0.63,"agreement":0.9,"records":3,"support":2.4}},{"type":"Feature","geometry":{"type":"LineString","coordinates":[[-45.4264,6.4217],[-45.1397,4.8283]]},"properties":{"azimuth":169.8,"regime":"Undetermined","regime_code":"U","regime_share":0.71,"agreement":0.37,"records":5,"support":2.5}},{"type":"Feature","geometry":{"type":"LineString","coordinates":[[-43.529,4.9946],[-42.5087,6.2554]]},"properties":{"azimuth":38.8,"regime":"Undetermined","regime_code":"U","regime_share":1.0,"agreement":0.55,"records":3,"support":1.7}},{"type":"Feature","geometry":{"type":"LineString","coordinates":[[-40.884,6.4241],[-40.6255,4.8259]]},"properties":{"azimuth":170.9,"regime":"Normal faulting","regime_code":"NF","regime_share":0.63,"agreement":0.68,"records":48,"support":12.1}},{"type":"Feature","geometry":{"type":"LineString","coordinates":[[-38.7718,6.3844],[-38.2093,4.8656]]},"properties":{"azimuth":159.8,"regime":"Strike-slip","regime_code":"SS","regime_share":0.51,"agreement":0.64,"records":61,"support":22.2}},{"type":"Feature","geometry":{"type":"LineString","coordinates":[[-36.6447,6.3192],[-35.8082,4.9308]]},"properties":{"azimuth":149.1,"regime":"Strike-slip","regime_code":"SS","regime_share":0.61,"agreement":0.66,"records":82,"support":30.2}},{"type":"Feature","geometry":{"type":"LineString","coordinates":[[-34.3111,6.3561],[-33.6134,4.8939]]},"properties":{"azimuth":154.6,"regime":"Normal faulting","regime_code":"NF","regime_share":0.57,"agreement":0.66,"records":89,"support":46.9}},{"type":"Feature","geometry":{"type":"LineString","coordinates":[[-31.9725,6.3869],[-31.4237,4.8631]]},"properties":{"azimuth":160.3,"regime":"Normal faulting","regime_code":"NF","regime_share":0.71,"agreement":0.68,"records":77,"support":43.6}},{"type":"Feature","geometry":{"type":"LineString","coordinates":[[-29.6827,6.3956],[-29.1853,4.8544]]},"properties":{"azimuth":162.2,"regime":"Normal faulting","regime_code":"NF","regime_share":0.78,"agreement":0.72,"records":56,"support":15.7}},{"type":"Feature","geometry":{"type":"LineString","coordinates":[[-0.5302,6.2388],[0.5302,5.0112]]},"properties":{"azimuth":139.3,"regime":"Strike-slip","regime_code":"SS","regime_share":0.64,"agreement":0.75,"records":2,"support":1.4}},{"type":"Feature","geometry":{"type":"LineString","coordinates":[[1.9376,6.3663],[2.5907,4.8837]]},"properties":{"azimuth":156.3,"regime":"Undetermined","regime_code":"U","regime_share":0.94,"agreement":0.47,"records":8,"support":4.3}},{"type":"Feature","geometry":{"type":"LineString","coordinates":[[4.1955,6.3635],[4.8611,4.8865]]},"properties":{"azimuth":155.8,"regime":"Undetermined","regime_code":"U","regime_share":1.0,"agreement":0.37,"records":7,"support":7.6}},{"type":"Feature","geometry":{"type":"LineString","coordinates":[[6.4544,6.3611],[7.1306,4.8889]]},"properties":{"azimuth":155.4,"regime":"Undetermined","regime_code":"U","regime_share":1.0,"agreement":0.33,"records":6,"support":4.8}},{"type":"Feature","geometry":{"type":"LineString","coordinates":[[30.9413,5.9215],[32.4549,5.3285]]},"properties":{"azimuth":111.5,"regime":"Strike-slip","regime_code":"SS","regime_share":0.79,"agreement":0.44,"records":4,"support":1.4}},{"type":"Feature","geometry":{"type":"LineString","coordinates":[[33.6997,4.859],[34.2248,6.391]]},"properties":{"azimuth":18.8,"regime":"Normal faulting","regime_code":"NF","regime_share":0.63,"agreement":0.22,"records":4,"support":1.9}},{"type":"Feature","geometry":{"type":"LineString","coordinates":[[35.8179,4.9251],[36.6349,6.3249]]},"properties":{"azimuth":30.1,"regime":"Normal faulting","regime_code":"NF","regime_share":0.8,"agreement":0.78,"records":9,"support":4.2}},{"type":"Feature","geometry":{"type":"LineString","coordinates":[[38.0746,4.9295],[38.9065,6.3205]]},"properties":{"azimuth":30.8,"regime":"Normal faulting","regime_code":"NF","regime_share":0.68,"agreement":0.81,"records":10,"support":4.4}},{"type":"Feature","geometry":{"type":"LineString","coordinates":[[40.6975,6.4324],[40.812,4.8176]]},"properties":{"azimuth":176.0,"regime":"Undetermined","regime_code":"U","regime_share":0.69,"agreement":0.67,"records":5,"support":2.3}},{"type":"Feature","geometry":{"type":"LineString","coordinates":[[42.6993,6.3693],[43.3384,4.8807]]},"properties":{"azimuth":156.9,"regime":"Undetermined","regime_code":"U","regime_share":1.0,"agreement":0.95,"records":3,"support":3.0}},{"type":"Feature","geometry":{"type":"LineString","coordinates":[[44.9175,6.348],[45.6486,4.902]]},"properties":{"azimuth":153.3,"regime":"Undetermined","regime_code":"U","regime_share":1.0,"agreement":1.0,"records":2,"support":2.3}},{"type":"Feature","geometry":{"type":"LineString","coordinates":[[55.9816,6.1463],[57.2259,5.1037]]},"properties":{"azimuth":130.1,"regime":"Normal faulting","regime_code":"NF","regime_share":0.89,"agreement":0.77,"records":18,"support":3.5}},{"type":"Feature","geometry":{"type":"LineString","coordinates":[[58.183,6.0614],[59.5529,5.1886]]},"properties":{"azimuth":122.6,"regime":"Normal faulting","regime_code":"NF","regime_share":0.86,"agreement":0.66,"records":75,"support":34.6}},{"type":"Feature","geometry":{"type":"LineString","coordinates":[[60.4358,6.0432],[61.8284,5.2068]]},"properties":{"azimuth":121.1,"regime":"Normal faulting","regime_code":"NF","regime_share":0.87,"agreement":0.66,"records":77,"support":63.1}},{"type":"Feature","geometry":{"type":"LineString","coordinates":[[62.6908,6.0278],[64.1017,5.2222]]},"properties":{"azimuth":119.8,"regime":"Normal faulting","regime_code":"NF","regime_share":0.9,"agreement":0.7,"records":80,"support":43.2}},{"type":"Feature","geometry":{"type":"LineString","coordinates":[[64.9455,6.011],[66.3753,5.239]]},"properties":{"azimuth":118.5,"regime":"Normal faulting","regime_code":"NF","regime_share":0.96,"agreement":0.72,"records":48,"support":15.0}},{"type":"Feature","geometry":{"type":"LineString","coordinates":[[67.1674,5.9207],[68.6816,5.3293]]},"properties":{"azimuth":111.4,"regime":"Normal faulting","regime_code":"NF","regime_share":0.94,"agreement":0.39,"records":27,"support":7.5}},{"type":"Feature","geometry":{"type":"LineString","coordinates":[[69.6654,5.0054],[70.712,6.2446]]},"properties":{"azimuth":40.0,"regime":"Normal faulting","regime_code":"NF","regime_share":1.0,"agreement":0.82,"records":3,"support":1.9}},{"type":"Feature","geometry":{"type":"LineString","coordinates":[[83.6619,6.4267],[83.8852,4.8233]]},"properties":{"azimuth":172.1,"regime":"Undetermined","regime_code":"U","regime_share":0.43,"agreement":0.41,"records":9,"support":3.4}},{"type":"Feature","geometry":{"type":"LineString","coordinates":[[85.9493,6.4296],[86.1262,4.8204]]},"properties":{"azimuth":173.8,"regime":"Strike-slip","regime_code":"SS","regime_share":0.64,"agreement":0.68,"records":12,"support":5.4}},{"type":"Feature","geometry":{"type":"LineString","coordinates":[[88.0075,6.3795],[88.5963,4.8705]]},"properties":{"azimuth":158.8,"regime":"Strike-slip","regime_code":"SS","regime_share":0.96,"agreement":0.86,"records":41,"support":11.7}},{"type":"Feature","geometry":{"type":"LineString","coordinates":[[90.4137,6.4201],[90.7184,4.8299]]},"properties":{"azimuth":169.2,"regime":"Strike-slip","regime_code":"SS","regime_share":0.46,"agreement":0.23,"records":209,"support":67.3}},{"type":"Feature","geometry":{"type":"LineString","coordinates":[[92.4481,4.9105],[93.2123,6.3395]]},"properties":{"azimuth":28.0,"regime":"Strike-slip","regime_code":"SS","regime_share":0.37,"agreement":0.38,"records":409,"support":193.0}},{"type":"Feature","geometry":{"type":"LineString","coordinates":[[94.686,4.925],[95.5026,6.325]]},"properties":{"azimuth":30.1,"regime":"Thrust faulting","regime_code":"TF","regime_share":0.4,"agreement":0.52,"records":457,"support":202.8}},{"type":"Feature","geometry":{"type":"LineString","coordinates":[[97.005,4.896],[97.7119,6.354]]},"properties":{"azimuth":25.8,"regime":"Thrust faulting","regime_code":"TF","regime_share":0.41,"agreement":0.59,"records":288,"support":78.2}},{"type":"Feature","geometry":{"type":"LineString","coordinates":[[99.6037,4.8158],[99.6416,6.4342]]},"properties":{"azimuth":1.3,"regime":"Strike-slip","regime_code":"SS","regime_share":0.62,"agreement":0.69,"records":50,"support":11.8}},{"type":"Feature","geometry":{"type":"LineString","coordinates":[[101.7793,6.4273],[101.9943,4.8227]]},"properties":{"azimuth":172.4,"regime":"Undetermined","regime_code":"U","regime_share":0.98,"agreement":0.69,"records":19,"support":6.6}},{"type":"Feature","geometry":{"type":"LineString","coordinates":[[104.0002,6.4204],[104.3017,4.8296]]},"properties":{"azimuth":169.3,"regime":"Undetermined","regime_code":"U","regime_share":1.0,"agreement":0.65,"records":8,"support":5.3}},{"type":"Feature","geometry":{"type":"LineString","coordinates":[[106.2865,4.8258],[106.5437,6.4242]]},"properties":{"azimuth":9.1,"regime":"Undetermined","regime_code":"U","regime_share":1.0,"agreement":0.6,"records":8,"support":3.8}},{"type":"Feature","geometry":{"type":"LineString","coordinates":[[108.2185,4.958],[109.14,6.292]]},"properties":{"azimuth":34.5,"regime":"Undetermined","regime_code":"U","regime_share":1.0,"agreement":0.71,"records":7,"support":3.0}},{"type":"Feature","geometry":{"type":"LineString","coordinates":[[110.2231,6.0008],[111.6637,5.2492]]},"properties":{"azimuth":117.7,"regime":"Undetermined","regime_code":"U","regime_share":0.97,"agreement":0.54,"records":19,"support":7.4}},{"type":"Feature","geometry":{"type":"LineString","coordinates":[[112.5784,6.1379],[113.8367,5.1121]]},"properties":{"azimuth":129.3,"regime":"Undetermined","regime_code":"U","regime_share":0.96,"agreement":0.68,"records":17,"support":15.5}},{"type":"Feature","geometry":{"type":"LineString","coordinates":[[114.908,6.2085],[116.0354,5.0415]]},"properties":{"azimuth":136.1,"regime":"Undetermined","regime_code":"U","regime_share":0.8,"agreement":0.44,"records":26,"support":17.1}},{"type":"Feature","geometry":{"type":"LineString","coordinates":[[116.9267,5.7066],[118.545,5.5434]]},"properties":{"azimuth":95.8,"regime":"Strike-slip","regime_code":"SS","regime_share":0.37,"agreement":0.15,"records":24,"support":12.0}},{"type":"Feature","geometry":{"type":"LineString","coordinates":[[119.2092,5.4359],[120.7908,5.8141]]},"properties":{"azimuth":76.5,"regime":"Thrust faulting","regime_code":"TF","regime_share":0.61,"agreement":0.56,"records":35,"support":13.6}},{"type":"Feature","geometry":{"type":"LineString","coordinates":[[121.4744,5.4317],[123.0539,5.8183]]},"properties":{"azimuth":76.2,"regime":"Thrust faulting","regime_code":"TF","regime_share":0.69,"agreement":0.73,"records":66,"support":30.3}},{"type":"Feature","geometry":{"type":"LineString","coordinates":[[123.7151,5.6344],[125.3416,5.6156]]},"properties":{"azimuth":90.7,"regime":"Thrust faulting","regime_code":"TF","regime_share":0.74,"agreement":0.72,"records":227,"support":97.6}},{"type":"Feature","geometry":{"type":"LineString","coordinates":[[125.986,5.7301],[127.5989,5.5199]]},"properties":{"azimuth":97.5,"regime":"Thrust faulting","regime_code":"TF","regime_share":0.78,"agreement":0.7,"records":315,"support":152.9}},{"type":"Feature","geometry":{"type":"LineString","coordinates":[[128.2554,5.7643],[129.8578,5.4857]]},"properties":{"azimuth":99.9,"regime":"Thrust faulting","regime_code":"TF","regime_share":0.77,"agreement":0.67,"records":208,"support":76.6}},{"type":"Feature","geometry":{"type":"LineString","coordinates":[[130.512,5.7103],[132.1295,5.5397]]},"properties":{"azimuth":96.1,"regime":"Thrust faulting","regime_code":"TF","regime_share":0.7,"agreement":0.37,"records":34,"support":8.2}},{"type":"Feature","geometry":{"type":"LineString","coordinates":[[132.9926,6.1796],[134.1772,5.0704]]},"properties":{"azimuth":133.3,"regime":"Thrust faulting","regime_code":"TF","regime_share":0.8,"agreement":0.3,"records":12,"support":4.3}},{"type":"Feature","geometry":{"type":"LineString","coordinates":[[135.2616,6.1848],[136.4365,5.0652]]},"properties":{"azimuth":133.8,"regime":"Thrust faulting","regime_code":"TF","regime_share":0.96,"agreement":0.65,"records":11,"support":4.7}},{"type":"Feature","geometry":{"type":"LineString","coordinates":[[137.5918,6.2462],[138.6346,5.0038]]},"properties":{"azimuth":140.1,"regime":"Thrust faulting","regime_code":"TF","regime_share":0.88,"agreement":0.66,"records":13,"support":4.4}},{"type":"Feature","geometry":{"type":"LineString","coordinates":[[139.5696,5.7194],[141.1851,5.5306]]},"properties":{"azimuth":96.7,"regime":"Strike-slip","regime_code":"SS","regime_share":0.44,"agreement":0.36,"records":11,"support":2.3}},{"type":"Feature","geometry":{"type":"LineString","coordinates":[[141.9103,5.2706],[143.3727,5.9794]]},"properties":{"azimuth":64.0,"regime":"Strike-slip","regime_code":"SS","regime_share":0.96,"agreement":0.89,"records":8,"support":3.7}},{"type":"Feature","geometry":{"type":"LineString","coordinates":[[144.2255,5.1812],[145.5858,6.0688]]},"properties":{"azimuth":56.8,"regime":"Strike-slip","regime_code":"SS","regime_share":0.79,"agreement":0.9,"records":10,"support":6.0}},{"type":"Feature","geometry":{"type":"LineString","coordinates":[[146.5067,5.1564],[147.833,6.0936]]},"properties":{"azimuth":54.6,"regime":"Strike-slip","regime_code":"SS","regime_share":0.53,"agreement":0.7,"records":11,"support":5.9}},{"type":"Feature","geometry":{"type":"LineString","coordinates":[[148.8205,5.0936],[150.0474,6.1564]]},"properties":{"azimuth":49.0,"regime":"Thrust faulting","regime_code":"TF","regime_share":0.77,"agreement":0.51,"records":8,"support":3.4}},{"type":"Feature","geometry":{"type":"LineString","coordinates":[[151.0129,5.189],[152.3833,6.061]]},"properties":{"azimuth":57.4,"regime":"Thrust faulting","regime_code":"TF","regime_share":0.9,"agreement":0.72,"records":4,"support":1.5}},{"type":"Feature","geometry":{"type":"LineString","coordinates":[[-105.1669,2.773],[-104.0831,3.977]]},"properties":{"azimuth":41.9,"regime":"Normal faulting","regime_code":"NF","regime_share":0.38,"agreement":0.43,"records":19,"support":5.6}},{"type":"Feature","geometry":{"type":"LineString","coordinates":[[-103.0731,2.9633],[-101.6769,3.7867]]},"properties":{"azimuth":59.4,"regime":"Normal faulting","regime_code":"NF","regime_share":0.47,"agreement":0.27,"records":31,"support":14.7}},{"type":"Feature","geometry":{"type":"LineString","coordinates":[[-100.9149,3.1925],[-99.3351,3.5575]]},"properties":{"azimuth":77.0,"regime":"Strike-slip","regime_code":"SS","regime_share":0.48,"agreement":0.42,"records":41,"support":22.0}},{"type":"Feature","geometry":{"type":"LineString","coordinates":[[-98.6727,3.2303],[-97.0773,3.5197]]},"properties":{"azimuth":79.7,"regime":"Normal faulting","regime_code":"NF","regime_share":0.47,"agreement":0.54,"records":40,"support":21.5}},{"type":"Feature","geometry":{"type":"LineString","coordinates":[[-96.4193,3.2128],[-94.8307,3.5372]]},"properties":{"azimuth":78.4,"regime":"Normal faulting","regime_code":"NF","regime_share":0.54,"agreement":0.55,"records":29,"support":16.2}},{"type":"Feature","geometry":{"type":"LineString","coordinates":[[-94.1771,3.4929],[-92.5729,3.2571]]},"properties":{"azimuth":98.4,"regime":"Strike-slip","regime_code":"SS","regime_share":0.53,"agreement":0.45,"records":32,"support":11.3}},{"type":"Feature","geometry":{"type":"LineString","coordinates":[[-91.7655,3.8713],[-90.4845,2.8787]]},"properties":{"azimuth":127.8,"regime":"Strike-slip","regime_code":"SS","regime_share":0.89,"agreement":0.66,"records":20,"support":10.8}},{"type":"Feature","geometry":{"type":"LineString","coordinates":[[-89.5647,3.8005],[-88.1853,2.9495]]},"properties":{"azimuth":121.7,"regime":"Strike-slip","regime_code":"SS","regime_share":0.94,"agreement":0.38,"records":25,"support":8.7}},{"type":"Feature","geometry":{"type":"LineString","coordinates":[[-87.3168,2.9528],[-85.9332,3.7972]]},"properties":{"azimuth":58.6,"regime":"Strike-slip","regime_code":"SS","regime_share":0.77,"agreement":0.84,"records":68,"support":28.5}},{"type":"Feature","geometry":{"type":"LineString","coordinates":[[-85.0212,2.8861],[-83.7288,3.8639]]},"properties":{"azimuth":52.8,"regime":"Strike-slip","regime_code":"SS","regime_share":0.85,"agreement":0.87,"records":187,"support":88.1}},{"type":"Feature","geometry":{"type":"LineString","coordinates":[[-82.7439,2.8521],[-81.5061,3.8979]]},"properties":{"azimuth":49.8,"regime":"Strike-slip","regime_code":"SS","regime_share":0.86,"agreement":0.87,"records":230,"support":99.0}},{"type":"Feature","geometry":{"type":"LineString","coordinates":[[-80.4835,2.8401],[-79.2665,3.9099]]},"properties":{"azimuth":48.6,"regime":"Strike-slip","regime_code":"SS","regime_share":0.64,"agreement":0.7,"records":156,"support":48.9}},{"type":"Feature","geometry":{"type":"LineString","coordinates":[[-78.335,2.9841],[-76.915,3.7659]]},"properties":{"azimuth":61.1,"regime":"Normal faulting","regime_code":"NF","regime_share":0.42,"agreement":0.34,"records":59,"support":26.5}},{"type":"Feature","geometry":{"type":"LineString","coordinates":[[-76.1787,3.4821],[-74.5713,3.2679]]},"properties":{"azimuth":97.6,"regime":"Strike-slip","regime_code":"SS","regime_share":0.4,"agreement":0.26,"records":40,"support":15.7}},{"type":"Feature","geometry":{"type":"LineString","coordinates":[[-73.8453,3.7467],[-72.4047,3.0033]]},"properties":{"azimuth":117.3,"regime":"Thrust faulting","regime_code":"TF","regime_share":0.4,"agreement":0.62,"records":24,"support":12.2}},{"type":"Feature","geometry":{"type":"LineString","coordinates":[[-71.5911,3.7546],[-70.1589,2.9954]]},"properties":{"azimuth":118.0,"regime":"Thrust faulting","regime_code":"TF","regime_share":0.46,"agreement":0.7,"records":18,"support":6.8}},{"type":"Feature","geometry":{"type":"LineString","coordinates":[[-51.0757,4.0478],[-50.1743,2.7022]]},"properties":{"azimuth":146.2,"regime":"Thrust faulting","regime_code":"TF","regime_share":0.54,"agreement":0.97,"records":3,"support":1.3}},{"type":"Feature","geometry":{"type":"LineString","coordinates":[[-48.771,4.0813],[-47.979,2.6687]]},"properties":{"azimuth":150.8,"regime":"Thrust faulting","regime_code":"TF","regime_share":0.72,"agreement":0.92,"records":4,"support":2.4}},{"type":"Feature","geometry":{"type":"LineString","coordinates":[[-46.412,4.132],[-45.838,2.618]]},"properties":{"azimuth":159.3,"regime":"Undetermined","regime_code":"U","regime_share":0.53,"agreement":0.51,"records":5,"support":2.7}},{"type":"Feature","geometry":{"type":"LineString","coordinates":[[-44.3569,2.7241],[-43.3931,4.0259]]},"properties":{"azimuth":36.5,"regime":"Undetermined","regime_code":"U","regime_share":0.93,"agreement":0.43,"records":4,"support":2.2}},{"type":"Feature","geometry":{"type":"LineString","coordinates":[[-42.1831,2.7879],[-41.0669,3.9621]]},"properties":{"azimuth":43.5,"regime":"Undetermined","regime_code":"U","regime_share":1.0,"agreement":0.66,"records":2,"support":1.2}},{"type":"Feature","geometry":{"type":"LineString","coordinates":[[-35.1485,4.137],[-34.6015,2.613]]},"properties":{"azimuth":160.3,"regime":"Normal faulting","regime_code":"NF","regime_share":0.69,"agreement":0.67,"records":72,"support":21.7}},{"type":"Feature","geometry":{"type":"LineString","coordinates":[[-32.8797,4.1434],[-32.3703,2.6066]]},"properties":{"azimuth":161.7,"regime":"Normal faulting","regime_code":"NF","regime_share":0.74,"agreement":0.68,"records":69,"support":46.8}},{"type":"Feature","geometry":{"type":"LineString","coordinates":[[-30.7492,4.093],[-30.0008,2.657]]},"properties":{"azimuth":152.5,"regime":"Normal faulting","regime_code":"NF","regime_share":0.58,"agreement":0.66,"records":97,"support":47.8}},{"type":"Feature","geometry":{"type":"LineString","coordinates":[[-28.6828,3.9625],[-27.5672,2.7875]]},"properties":{"azimuth":136.5,"regime":"Strike-slip","regime_code":"SS","regime_share":0.76,"agreement":0.8,"records":101,"support":34.6}},{"type":"Feature","geometry":{"type":"LineString","coordinates":[[-26.4553,3.9403],[-25.2947,2.8097]]},"properties":{"azimuth":134.3,"regime":"Strike-slip","regime_code":"SS","regime_share":0.86,"agreement":0.83,"records":64,"support":22.4}},{"type":"Feature","geometry":{"type":"LineString","coordinates":[[-24.1555,3.9871],[-23.0945,2.7629]]},"properties":{"azimuth":139.1,"regime":"Strike-slip","regime_code":"SS","regime_share":0.78,"agreement":0.72,"records":28,"support":6.3}},{"type":"Feature","geometry":{"type":"LineString","coordinates":[[-21.9482,3.9474],[-20.8018,2.8026]]},"properties":{"azimuth":135.0,"regime":"Strike-slip","regime_code":"SS","regime_share":1.0,"agreement":0.58,"records":8,"support":1.3}},{"type":"Feature","geometry":{"type":"LineString","coordinates":[[-19.7641,3.873],[-18.4859,2.877]]},"properties":{"azimuth":128.0,"regime":"Strike-slip","regime_code":"SS","regime_share":0.85,"agreement":0.93,"records":40,"support":7.3}},{"type":"Feature","geometry":{"type":"LineString","coordinates":[[-17.4536,3.942],[-16.2964,2.808]]},"properties":{"azimuth":134.5,"regime":"Strike-slip","regime_code":"SS","regime_share":0.6,"agreement":0.87,"records":34,"support":8.3}},{"type":"Feature","geometry":{"type":"LineString","coordinates":[[-15.1323,4.0064],[-14.1177,2.7436]]},"properties":{"azimuth":141.3,"regime":"Normal faulting","regime_code":"NF","regime_share":0.71,"agreement":0.88,"records":14,"support":2.3}},{"type":"Feature","geometry":{"type":"LineString","coordinates":[[0.8904,4.1498],[1.3596,2.6002]]},"properties":{"azimuth":163.2,"regime":"Undetermined","regime_code":"U","regime_share":0.85,"agreement":0.88,"records":2,"support":1.7}},{"type":"Feature","geometry":{"type":"LineString","coordinates":[[3.1451,4.1512],[3.6049,2.5988]]},"properties":{"azimuth":163.5,"regime":"Undetermined","regime_code":"U","regime_share":1.0,"agreement":0.62,"records":7,"support":3.8}},{"type":"Feature","geometry":{"type":"LineString","coordinates":[[5.3403,4.1329],[5.9097,2.6171]]},"properties":{"azimuth":159.4,"regime":"Undetermined","regime_code":"U","regime_share":1.0,"agreement":0.45,"records":7,"support":3.3}},{"type":"Feature","geometry":{"type":"LineString","coordinates":[[16.2075,2.9156],[17.5425,3.8344]]},"properties":{"azimuth":55.4,"regime":"Thrust faulting","regime_code":"TF","regime_share":0.87,"agreement":0.5,"records":4,"support":1.6}},{"type":"Feature","geometry":{"type":"LineString","coordinates":[[18.3904,3.0324],[19.8596,3.7176]]},"properties":{"azimuth":65.0,"regime":"Thrust faulting","regime_code":"TF","regime_share":0.79,"agreement":0.18,"records":4,"support":2.0}},{"type":"Feature","geometry":{"type":"LineString","coordinates":[[27.7915,2.6372],[28.4585,4.1128]]},"properties":{"azimuth":24.3,"regime":"Normal faulting","regime_code":"NF","regime_share":0.91,"agreement":0.74,"records":21,"support":6.0}},{"type":"Feature","geometry":{"type":"LineString","coordinates":[[30.0272,2.6439],[30.7228,4.1061]]},"properties":{"azimuth":25.4,"regime":"Normal faulting","regime_code":"NF","regime_share":0.86,"agreement":0.67,"records":22,"support":10.7}},{"type":"Feature","geometry":{"type":"LineString","coordinates":[[32.2366,2.6645],[33.0134,4.0855]]},"properties":{"azimuth":28.6,"regime":"Normal faulting","regime_code":"NF","regime_share":0.8,"agreement":0.59,"records":21,"support":6.2}},{"type":"Feature","geometry":{"type":"LineString","coordinates":[[34.4197,2.7053],[35.3303,4.0447]]},"properties":{"azimuth":34.2,"regime":"Normal faulting","regime_code":"NF","regime_share":0.59,"agreement":0.63,"records":11,"support":4.4}},{"type":"Feature","geometry":{"type":"LineString","coordinates":[[36.6288,2.7349],[37.6212,4.0151]]},"properties":{"azimuth":37.7,"regime":"Normal faulting","regime_code":"NF","regime_share":0.46,"agreement":0.83,"records":10,"support":7.7}},{"type":"Feature","geometry":{"type":"LineString","coordinates":[[38.8607,2.7492],[39.8893,4.0008]]},"properties":{"azimuth":39.4,"regime":"Undetermined","regime_code":"U","regime_share":0.48,"agreement":0.92,"records":9,"support":5.2}},{"type":"Feature","geometry":{"type":"LineString","coordinates":[[41.5369,2.5704],[41.7131,4.1796]]},"properties":{"azimuth":6.2,"regime":"Undetermined","regime_code":"U","regime_share":0.8,"agreement":0.47,"records":4,"support":1.3}},{"type":"Feature","geometry":{"type":"LineString","coordinates":[[43.5126,4.0991],[44.2374,2.6509]]},"properties":{"azimuth":153.5,"regime":"Undetermined","regime_code":"U","regime_share":1.0,"agreement":1.0,"records":2,"support":1.1}},{"type":"Feature","geometry":{"type":"LineString","coordinates":[[58.9334,3.7975],[60.3166,2.9525]]},"properties":{"azimuth":121.5,"regime":"Normal faulting","regime_code":"NF","regime_share":0.88,"agreement":0.67,"records":71,"support":24.2}},{"type":"Feature","geometry":{"type":"LineString","coordinates":[[61.1767,3.7863],[62.5733,2.9637]]},"properties":{"azimuth":120.5,"regime":"Normal faulting","regime_code":"NF","regime_share":0.91,"agreement":0.71,"records":79,"support":40.6}},{"type":"Feature","geometry":{"type":"LineString","coordinates":[[63.426,3.7852],[64.824,2.9648]]},"properties":{"azimuth":120.5,"regime":"Normal faulting","regime_code":"NF","regime_share":0.93,"agreement":0.74,"records":97,"support":39.6}},{"type":"Feature","geometry":{"type":"LineString","coordinates":[[65.6688,3.7727],[67.0812,2.9773]]},"properties":{"azimuth":119.4,"regime":"Normal faulting","regime_code":"NF","regime_share":0.86,"agreement":0.61,"records":62,"support":36.9}},{"type":"Feature","geometry":{"type":"LineString","coordinates":[[67.884,3.7034],[69.366,3.0466]]},"properties":{"azimuth":113.9,"regime":"Normal faulting","regime_code":"NF","regime_share":0.81,"agreement":0.4,"records":46,"support":20.9}},{"type":"Feature","geometry":{"type":"LineString","coordinates":[[70.1884,2.9444],[71.5616,3.8056]]},"properties":{"azimuth":57.9,"regime":"Normal faulting","regime_code":"NF","regime_share":0.78,"agreement":0.75,"records":10,"support":3.0}},{"type":"Feature","geometry":{"type":"LineString","coordinates":[[84.2225,4.1699],[84.5275,2.5801]]},"properties":{"azimuth":169.2,"regime":"Strike-slip","regime_code":"SS","regime_share":0.84,"agreement":0.87,"records":9,"support":3.2}},{"type":"Feature","geometry":{"type":"LineString","coordinates":[[86.3862,4.1485],[86.8638,2.6015]]},"properties":{"azimuth":162.9,"regime":"Strike-slip","regime_code":"SS","regime_share":0.92,"agreement":0.86,"records":33,"support":11.5}},{"type":"Feature","geometry":{"type":"LineString","coordinates":[[88.5738,4.1265],[89.1762,2.6235]]},"properties":{"azimuth":158.2,"regime":"Strike-slip","regime_code":"SS","regime_share":0.94,"agreement":0.85,"records":48,"support":26.7}},{"type":"Feature","geometry":{"type":"LineString","coordinates":[[90.9585,4.1671],[91.2915,2.5829]]},"properties":{"azimuth":168.1,"regime":"Strike-slip","regime_code":"SS","regime_share":0.51,"agreement":0.19,"records":208,"support":80.1}},{"type":"Feature","geometry":{"type":"LineString","coordinates":[[92.8698,2.7419],[93.8802,4.0081]]},"properties":{"azimuth":38.5,"regime":"Thrust faulting","regime_code":"TF","regime_share":0.6,"agreement":0.36,"records":348,"support":174.5}},{"type":"Feature","geometry":{"type":"LineString","coordinates":[[95.1203,2.7416],[96.1297,4.0084]]},"properties":{"azimuth":38.5,"regime":"Thrust faulting","regime_code":"TF","regime_share":0.68,"agreement":0.55,"records":440,"support":237.3}},{"type":"Feature","geometry":{"type":"LineString","coordinates":[[97.3938,2.7236],[98.3562,4.0264]]},"properties":{"azimuth":36.4,"regime":"Thrust faulting","regime_code":"TF","regime_share":0.68,"agreement":0.61,"records":361,"support":160.2}},{"type":"Feature","geometry":{"type":"LineString","coordinates":[[99.6646,2.7088],[100.5854,4.0412]]},"properties":{"azimuth":34.6,"regime":"Thrust faulting","regime_code":"TF","regime_share":0.59,"agreement":0.67,"records":188,"support":41.2}},{"type":"Feature","geometry":{"type":"LineString","coordinates":[[102.0354,2.64],[102.7146,4.11]]},"properties":{"azimuth":24.8,"regime":"Undetermined","regime_code":"U","regime_share":0.71,"agreement":0.71,"records":28,"support":7.2}},{"type":"Feature","geometry":{"type":"LineString","coordinates":[[104.5493,2.5691],[104.7007,4.1809]]},"properties":{"azimuth":5.4,"regime":"Undetermined","regime_code":"U","regime_share":1.0,"agreement":0.63,"records":6,"support":2.3}},{"type":"Feature","geometry":{"type":"LineString","coordinates":[[106.812,2.5681],[106.938,4.1819]]},"properties":{"azimuth":4.5,"regime":"Undetermined","regime_code":"U","regime_share":1.0,"agreement":0.8,"records":3,"support":1.0}},{"type":"Feature","geometry":{"type":"LineString","coordinates":[[108.368,3.6648],[109.882,3.0852]]},"properties":{"azimuth":111.0,"regime":"Undetermined","regime_code":"U","regime_share":1.0,"agreement":0.87,"records":6,"support":1.8}},{"type":"Feature","geometry":{"type":"LineString","coordinates":[[110.6543,3.7458],[112.0957,3.0042]]},"properties":{"azimuth":117.3,"regime":"Undetermined","regime_code":"U","regime_share":0.95,"agreement":0.83,"records":14,"support":9.8}},{"type":"Feature","geometry":{"type":"LineString","coordinates":[[112.9411,3.8098],[114.3089,2.9402]]},"properties":{"azimuth":122.5,"regime":"Undetermined","regime_code":"U","regime_share":0.92,"agreement":0.75,"records":18,"support":16.0}},{"type":"Feature","geometry":{"type":"LineString","coordinates":[[115.1879,3.8046],[116.5621,2.9454]]},"properties":{"azimuth":122.1,"regime":"Undetermined","regime_code":"U","regime_share":0.67,"agreement":0.39,"records":26,"support":13.1}},{"type":"Feature","geometry":{"type":"LineString","coordinates":[[117.6845,2.6955],[118.5655,4.0545]]},"properties":{"azimuth":32.9,"regime":"Thrust faulting","regime_code":"TF","regime_share":0.55,"agreement":0.1,"records":43,"support":15.6}},{"type":"Feature","geometry":{"type":"LineString","coordinates":[[120.1919,2.5865],[120.5581,4.1635]]},"properties":{"azimuth":13.0,"regime":"Thrust faulting","regime_code":"TF","regime_share":0.71,"agreement":0.33,"records":66,"support":29.0}},{"type":"Feature","geometry":{"type":"LineString","coordinates":[[122.05,2.8043],[123.2,3.9457]]},"properties":{"azimuth":45.2,"regime":"Thrust faulting","regime_code":"TF","regime_share":0.77,"agreement":0.17,"records":144,"support":43.3}},{"type":"Feature","geometry":{"type":"LineString","coordinates":[[124.0876,3.568],[125.6624,3.182]]},"properties":{"azimuth":103.8,"regime":"Thrust faulting","regime_code":"TF","regime_share":0.82,"agreement":0.61,"records":396,"support":173.1}},{"type":"Feature","geometry":{"type":"LineString","coordinates":[[126.3396,3.5758],[127.9104,3.1742]]},"properties":{"azimuth":104.4,"regime":"Thrust faulting","regime_code":"TF","regime_share":0.8,"agreement":0.68,"records":346,"support":227.4}},{"type":"Feature","geometry":{"type":"LineString","coordinates":[[128.5915,3.5833],[130.1585,3.1667]]},"properties":{"azimuth":104.9,"regime":"Thrust faulting","regime_code":"TF","regime_share":0.75,"agreement":0.62,"records":293,"support":108.7}},{"type":"Feature","geometry":{"type":"LineString","coordinates":[[131.3479,2.6144],[131.9021,4.1356]]},"properties":{"azimuth":20.0,"regime":"Thrust faulting","regime_code":"TF","regime_share":0.51,"agreement":0.13,"records":64,"support":16.8}},{"type":"Feature","geometry":{"type":"LineString","coordinates":[[133.6327,2.6026],[134.1173,4.1474]]},"properties":{"azimuth":17.4,"regime":"Thrust faulting","regime_code":"TF","regime_share":0.51,"agreement":0.72,"records":38,"support":8.9}},{"type":"Feature","geometry":{"type":"LineString","coordinates":[[135.8203,2.625],[136.4297,4.125]]},"properties":{"azimuth":22.1,"regime":"Normal faulting","regime_code":"NF","regime_share":0.46,"agreement":0.6,"records":9,"support":1.7}},{"type":"Feature","geometry":{"type":"LineString","coordinates":[[142.195,2.9341],[143.555,3.8159]]},"properties":{"azimuth":57.0,"regime":"Strike-slip","regime_code":"SS","regime_share":1.0,"agreement":0.99,"records":6,"support":1.8}},{"type":"Feature","geometry":{"type":"LineString","coordinates":[[144.5646,2.7901],[145.6854,3.9599]]},"properties":{"azimuth":43.7,"regime":"Strike-slip","regime_code":"SS","regime_share":0.77,"agreement":0.72,"records":20,"support":7.3}},{"type":"Feature","geometry":{"type":"LineString","coordinates":[[146.8628,2.7475],[147.8872,4.0025]]},"properties":{"azimuth":39.2,"regime":"Strike-slip","regime_code":"SS","regime_share":0.57,"agreement":0.6,"records":20,"support":9.1}},{"type":"Feature","geometry":{"type":"LineString","coordinates":[[149.1374,2.7283],[150.1126,4.0217]]},"properties":{"azimuth":37.0,"regime":"Thrust faulting","regime_code":"TF","regime_share":0.74,"agreement":0.49,"records":9,"support":4.8}},{"type":"Feature","geometry":{"type":"LineString","coordinates":[[151.3687,2.7428],[152.3813,4.0072]]},"properties":{"azimuth":38.6,"regime":"Thrust faulting","regime_code":"TF","regime_share":0.87,"agreement":0.57,"records":5,"support":1.7}},{"type":"Feature","geometry":{"type":"LineString","coordinates":[[-105.0534,0.4382],[-104.1966,1.8118]]},"properties":{"azimuth":31.9,"regime":"Normal faulting","regime_code":"NF","regime_share":0.47,"agreement":0.31,"records":17,"support":4.9}},{"type":"Feature","geometry":{"type":"LineString","coordinates":[[-102.976,0.5828],[-101.774,1.6672]]},"properties":{"azimuth":47.9,"regime":"Strike-slip","regime_code":"SS","regime_share":0.49,"agreement":0.22,"records":33,"support":15.9}},{"type":"Feature","geometry":{"type":"LineString","coordinates":[[-100.8937,0.8711],[-99.3563,1.3789]]},"properties":{"azimuth":71.7,"regime":"Strike-slip","regime_code":"SS","regime_share":0.47,"agreement":0.4,"records":36,"support":22.4}},{"type":"Feature","geometry":{"type":"LineString","coordinates":[[-98.6654,0.9498],[-97.0846,1.3002]]},"properties":{"azimuth":77.5,"regime":"Normal faulting","regime_code":"NF","regime_share":0.44,"agreement":0.51,"records":41,"support":22.2}},{"type":"Feature","geometry":{"type":"LineString","coordinates":[[-96.4193,0.9689],[-94.8307,1.2811]]},"properties":{"azimuth":78.9,"regime":"Normal faulting","regime_code":"NF","regime_share":0.48,"agreement":0.51,"records":29,"support":16.3}},{"type":"Feature","geometry":{"type":"LineString","coordinates":[[-94.1502,1.3583],[-92.5998,0.8917]]},"properties":{"azimuth":106.8,"regime":"Strike-slip","regime_code":"SS","regime_share":0.61,"agreement":0.4,"records":33,"support":14.0}},{"type":"Feature","geometry":{"type":"LineString","coordinates":[[-91.75,1.6394],[-90.5,0.6106]]},"properties":{"azimuth":129.5,"regime":"Strike-slip","regime_code":"SS","regime_share":0.89,"agreement":0.6,"records":20,"support":17.4}},{"type":"Feature","geometry":{"type":"LineString","coordinates":[[-89.6668,1.2937],[-88.0832,0.9563]]},"properties":{"azimuth":102.0,"regime":"Strike-slip","regime_code":"SS","regime_share":0.91,"agreement":0.19,"records":45,"support":17.1}},{"type":"Feature","geometry":{"type":"LineString","coordinates":[[-87.3108,0.6949],[-85.9392,1.5551]]},"properties":{"azimuth":57.9,"regime":"Strike-slip","regime_code":"SS","regime_share":0.78,"agreement":0.84,"records":61,"support":33.2}},{"type":"Feature","geometry":{"type":"LineString","coordinates":[[-85.0612,0.6955],[-83.6888,1.5545]]},"properties":{"azimuth":58.0,"regime":"Strike-slip","regime_code":"SS","regime_share":0.71,"agreement":0.82,"records":86,"support":51.1}},{"type":"Feature","geometry":{"type":"LineString","coordinates":[[-82.8506,0.7661],[-81.3994,1.4839]]},"properties":{"azimuth":63.7,"regime":"Strike-slip","regime_code":"SS","regime_share":0.5,"agreement":0.67,"records":125,"support":43.3}},{"type":"Feature","geometry":{"type":"LineString","coordinates":[[-80.6719,0.9823],[-79.0781,1.2677]]},"properties":{"azimuth":79.8,"regime":"Thrust faulting","regime_code":"TF","regime_share":0.66,"agreement":0.58,"records":76,"support":31.5}},{"type":"Feature","geometry":{"type":"LineString","coordinates":[[-78.4254,1.0036],[-76.8246,1.2464]]},"properties":{"azimuth":81.4,"regime":"Thrust faulting","regime_code":"TF","regime_share":0.62,"agreement":0.58,"records":53,"support":23.7}},{"type":"Feature","geometry":{"type":"LineString","coordinates":[[-76.1814,1.0532],[-74.5686,1.1968]]},"properties":{"azimuth":84.9,"regime":"Thrust faulting","regime_code":"TF","regime_share":0.48,"agreement":0.6,"records":29,"support":9.4}},{"type":"Feature","geometry":{"type":"LineString","coordinates":[[-73.8969,1.3688],[-72.3531,0.8812]]},"properties":{"azimuth":107.5,"regime":"Strike-slip","regime_code":"SS","regime_share":0.51,"agreement":0.52,"records":11,"support":3.3}},{"type":"Feature","geometry":{"type":"LineString","coordinates":[[-71.6107,1.4628],[-70.1393,0.7872]]},"properties":{"azimuth":114.7,"regime":"Strike-slip","regime_code":"SS","regime_share":0.69,"agreement":0.86,"records":2,"support":1.0}},{"type":"Feature","geometry":{"type":"LineString","coordinates":[[-51.391,1.3867],[-49.859,0.8633]]},"properties":{"azimuth":108.9,"regime":"Undetermined","regime_code":"U","regime_share":0.7,"agreement":0.55,"records":4,"support":1.1}},{"type":"Feature","geometry":{"type":"LineString","coordinates":[[-49.0834,1.5167],[-47.6666,0.7333]]},"properties":{"azimuth":118.9,"regime":"Undetermined","regime_code":"U","regime_share":0.52,"agreement":0.42,"records":4,"support":1.3}},{"type":"Feature","geometry":{"type":"LineString","coordinates":[[-44.5673,1.5445],[-43.1827,0.7055]]},"properties":{"azimuth":121.2,"regime":"Undetermined","regime_code":"U","regime_share":1.0,"agreement":0.39,"records":6,"support":1.7}},{"type":"Feature","geometry":{"type":"LineString","coordinates":[[-42.3941,1.3776],[-40.8559,0.8724]]},"properties":{"azimuth":108.2,"regime":"Undetermined","regime_code":"U","regime_share":1.0,"agreement":0.38,"records":4,"support":1.0}},{"type":"Feature","geometry":{"type":"LineString","coordinates":[[-35.1493,1.8865],[-34.6007,0.3635]]},"properties":{"azimuth":160.2,"regime":"Normal faulting","regime_code":"NF","regime_share":0.58,"agreement":0.53,"records":18,"support":3.1}},{"type":"Feature","geometry":{"type":"LineString","coordinates":[[-32.9823,1.8513],[-32.2677,0.3987]]},"properties":{"azimuth":153.8,"regime":"Normal faulting","regime_code":"NF","regime_share":0.59,"agreement":0.64,"records":67,"support":23.4}},{"type":"Feature","geometry":{"type":"LineString","coordinates":[[-30.9074,1.7348],[-29.8426,0.5152]]},"properties":{"azimuth":138.9,"regime":"Strike-slip","regime_code":"SS","regime_share":0.69,"agreement":0.74,"records":92,"support":45.3}},{"type":"Feature","geometry":{"type":"LineString","coordinates":[[-28.7123,1.682],[-27.5377,0.568]]},"properties":{"azimuth":133.5,"regime":"Strike-slip","regime_code":"SS","regime_share":0.85,"agreement":0.84,"records":92,"support":62.3}},{"type":"Feature","geometry":{"type":"LineString","coordinates":[[-26.4547,1.69],[-25.2953,0.56]]},"properties":{"azimuth":134.3,"regime":"Strike-slip","regime_code":"SS","regime_share":0.86,"agreement":0.81,"records":83,"support":54.3}},{"type":"Feature","geometry":{"type":"LineString","coordinates":[[-24.1903,1.7044],[-23.0597,0.5456]]},"properties":{"azimuth":135.7,"regime":"Strike-slip","regime_code":"SS","regime_share":0.85,"agreement":0.75,"records":63,"support":26.6}},{"type":"Feature","geometry":{"type":"LineString","coordinates":[[-22.0131,1.6231],[-20.7369,0.6269]]},"properties":{"azimuth":128.0,"regime":"Strike-slip","regime_code":"SS","regime_share":0.97,"agreement":0.83,"records":49,"support":18.8}},{"type":"Feature","geometry":{"type":"LineString","coordinates":[[-19.7454,1.645],[-18.5046,0.605]]},"properties":{"azimuth":130.0,"regime":"Strike-slip","regime_code":"SS","regime_share":0.81,"agreement":0.86,"records":63,"support":33.4}},{"type":"Feature","geometry":{"type":"LineString","coordinates":[[-17.444,1.7008],[-16.306,0.5492]]},"properties":{"azimuth":135.3,"regime":"Strike-slip","regime_code":"SS","regime_share":0.63,"agreement":0.8,"records":83,"support":43.3}},{"type":"Feature","geometry":{"type":"LineString","coordinates":[[-15.1716,1.722],[-14.0784,0.528]]},"properties":{"azimuth":137.5,"regime":"Strike-slip","regime_code":"SS","regime_share":0.55,"agreement":0.75,"records":85,"support":34.5}},{"type":"Feature","geometry":{"type":"LineString","coordinates":[[-12.9468,1.698],[-11.8032,0.552]]},"properties":{"azimuth":135.1,"regime":"Strike-slip","regime_code":"SS","regime_share":0.56,"agreement":0.72,"records":43,"support":15.2}},{"type":"Feature","geometry":{"type":"LineString","coordinates":[[-10.6321,1.7559],[-9.6179,0.4941]]},"properties":{"azimuth":141.2,"regime":"Normal faulting","regime_code":"NF","regime_share":0.53,"agreement":0.66,"records":16,"support":2.9}},{"type":"Feature","geometry":{"type":"LineString","coordinates":[[13.9168,0.7329],[15.3332,1.5171]]},"properties":{"azimuth":61.0,"regime":"Thrust faulting","regime_code":"TF","regime_share":1.0,"agreement":0.89,"records":3,"support":1.4}},{"type":"Feature","geometry":{"type":"LineString","coordinates":[[16.2874,0.5682],[17.4626,1.6818]]},"properties":{"azimuth":46.5,"regime":"Thrust faulting","regime_code":"TF","regime_share":1.0,"agreement":0.93,"records":3,"support":2.4}},{"type":"Feature","geometry":{"type":"LineString","coordinates":[[18.5928,0.5151],[19.6572,1.7349]]},"properties":{"azimuth":41.1,"regime":"Thrust faulting","regime_code":"TF","regime_share":0.95,"agreement":0.72,"records":4,"support":2.5}},{"type":"Feature","geometry":{"type":"LineString","coordinates":[[20.8871,0.4791],[21.8629,1.7709]]},"properties":{"azimuth":37.1,"regime":"Thrust faulting","regime_code":"TF","regime_share":0.78,"agreement":0.51,"records":4,"support":1.1}},{"type":"Feature","geometry":{"type":"LineString","coordinates":[[25.4577,0.4315],[26.2923,1.8185]]},"properties":{"azimuth":31.0,"regime":"Normal faulting","regime_code":"NF","regime_share":0.69,"agreement":0.13,"records":10,"support":2.5}},{"type":"Feature","geometry":{"type":"LineString","coordinates":[[27.8212,0.3748],[28.4288,1.8752]]},"properties":{"azimuth":22.0,"regime":"Normal faulting","regime_code":"NF","regime_share":0.9,"agreement":0.64,"records":38,"support":18.2}},{"type":"Feature","geometry":{"type":"LineString","coordinates":[[30.062,0.3786],[30.688,1.8714]]},"properties":{"azimuth":22.7,"regime":"Normal faulting","regime_code":"NF","regime_share":0.92,"agreement":0.71,"records":34,"support":23.7}},{"type":"Feature","geometry":{"type":"LineString","coordinates":[[32.2665,0.3993],[32.9835,1.8507]]},"properties":{"azimuth":26.3,"regime":"Normal faulting","regime_code":"NF","regime_share":0.87,"agreement":0.67,"records":25,"support":11.1}},{"type":"Feature","geometry":{"type":"LineString","coordinates":[[34.2756,0.5809],[35.4744,1.6691]]},"properties":{"azimuth":47.8,"regime":"Normal faulting","regime_code":"NF","regime_share":0.59,"agreement":0.58,"records":22,"support":6.2}},{"type":"Feature","geometry":{"type":"LineString","coordinates":[[36.5896,0.5179],[37.6604,1.7321]]},"properties":{"azimuth":41.4,"regime":"Normal faulting","regime_code":"NF","regime_share":0.38,"agreement":0.7,"records":16,"support":8.8}},{"type":"Feature","geometry":{"type":"LineString","coordinates":[[38.8813,0.4835],[39.8687,1.7665]]},"properties":{"azimuth":37.6,"regime":"Undetermined","regime_code":"U","regime_share":0.54,"agreement":0.84,"records":8,"support":6.0}},{"type":"Feature","geometry":{"type":"LineString","coordinates":[[41.2804,0.3926],[41.9696,1.8574]]},"properties":{"azimuth":25.2,"regime":"Undetermined","regime_code":"U","regime_share":0.69,"agreement":0.87,"records":5,"support":2.0}},{"type":"Feature","geometry":{"type":"LineString","coordinates":[[61.1872,1.552],[62.5628,0.698]]},"properties":{"azimuth":121.8,"regime":"Normal faulting","regime_code":"NF","regime_share":1.0,"agreement":0.83,"records":23,"support":6.3}},{"type":"Feature","geometry":{"type":"LineString","coordinates":[[63.4531,1.5765],[64.7969,0.6735]]},"properties":{"azimuth":123.9,"regime":"Normal faulting","regime_code":"NF","regime_share":0.86,"agreement":0.69,"records":65,"support":23.3}},{"type":"Feature","geometry":{"type":"LineString","coordinates":[[65.7745,1.6678],[66.9755,0.5822]]},"properties":{"azimuth":132.1,"regime":"Normal faulting","regime_code":"NF","regime_share":0.73,"agreement":0.54,"records":96,"support":47.8}},{"type":"Feature","geometry":{"type":"LineString","coordinates":[[68.0251,1.6685],[69.2249,0.5815]]},"properties":{"azimuth":132.2,"regime":"Normal faulting","regime_code":"NF","regime_share":0.67,"agreement":0.45,"records":101,"support":41.1}},{"type":"Feature","geometry":{"type":"LineString","coordinates":[[70.068,1.1896],[71.682,1.0604]]},"properties":{"azimuth":94.6,"regime":"Strike-slip","regime_code":"SS","regime_share":0.51,"agreement":0.2,"records":29,"support":6.5}},{"type":"Feature","geometry":{"type":"LineString","coordinates":[[73.0564,1.9315],[73.1936,0.3185]]},"properties":{"azimuth":175.1,"regime":"Strike-slip","regime_code":"SS","regime_share":0.65,"agreement":0.52,"records":3,"support":1.4}},{"type":"Feature","geometry":{"type":"LineString","coordinates":[[75.2815,0.321],[75.4685,1.929]]},"properties":{"azimuth":6.6,"regime":"Strike-slip","regime_code":"SS","regime_share":0.54,"agreement":0.48,"records":3,"support":2.0}},{"type":"Feature","geometry":{"type":"LineString","coordinates":[[81.798,1.8654],[82.452,0.3846]]},"properties":{"azimuth":156.2,"regime":"Strike-slip","regime_code":"SS","regime_share":1.0,"agreement":0.92,"records":3,"support":2.1}},{"type":"Feature","geometry":{"type":"LineString","coordinates":[[84.149,1.9022],[84.601,0.3478]]},"properties":{"azimuth":163.8,"regime":"Strike-slip","regime_code":"SS","regime_share":0.92,"agreement":0.9,"records":9,"support":3.3}},{"type":"Feature","geometry":{"type":"LineString","coordinates":[[86.3491,1.8859],[86.9009,0.3641]]},"properties":{"azimuth":160.1,"regime":"Strike-slip","regime_code":"SS","regime_share":0.93,"agreement":0.88,"records":33,"support":9.9}},{"type":"Feature","geometry":{"type":"LineString","coordinates":[[88.5539,1.868],[89.1961,0.382]]},"properties":{"azimuth":156.6,"regime":"Strike-slip","regime_code":"SS","regime_share":0.94,"agreement":0.87,"records":54,"support":26.0}},{"type":"Feature","geometry":{"type":"LineString","coordinates":[[90.8596,1.8896],[91.3904,0.3604]]},"properties":{"azimuth":160.9,"regime":"Strike-slip","regime_code":"SS","regime_share":0.67,"agreement":0.44,"records":126,"support":48.9}},{"type":"Feature","geometry":{"type":"LineString","coordinates":[[92.9021,0.468],[93.8479,1.782]]},"properties":{"azimuth":35.7,"regime":"Thrust faulting","regime_code":"TF","regime_share":0.64,"agreement":0.4,"records":349,"support":118.5}},{"type":"Feature","geometry":{"type":"LineString","coordinates":[[95.108,0.5022],[96.142,1.7478]]},"properties":{"azimuth":39.7,"regime":"Thrust faulting","regime_code":"TF","regime_share":0.72,"agreement":0.59,"records":403,"support":233.5}},{"type":"Feature","geometry":{"type":"LineString","coordinates":[[97.3605,0.5001],[98.3895,1.7499]]},"properties":{"azimuth":39.5,"regime":"Thrust faulting","regime_code":"TF","regime_share":0.72,"agreement":0.63,"records":393,"support":237.0}},{"type":"Feature","geometry":{"type":"LineString","coordinates":[[99.6277,0.4863],[100.6223,1.7637]]},"properties":{"azimuth":37.9,"regime":"Thrust faulting","regime_code":"TF","regime_share":0.63,"agreement":0.65,"records":311,"support":115.1}},{"type":"Feature","geometry":{"type":"LineString","coordinates":[[101.9118,0.4612],[102.8382,1.7888]]},"properties":{"azimuth":34.9,"regime":"Undetermined","regime_code":"U","regime_share":0.52,"agreement":0.74,"records":77,"support":27.9}},{"type":"Feature","geometry":{"type":"LineString","coordinates":[[104.1192,0.493],[105.1308,1.757]]},"properties":{"azimuth":38.7,"regime":"Undetermined","regime_code":"U","regime_share":1.0,"agreement":0.88,"records":17,"support":7.2}},{"type":"Feature","geometry":{"type":"LineString","coordinates":[[110.6194,1.4156],[112.1306,0.8344]]},"properties":{"azimuth":111.0,"regime":"Undetermined","regime_code":"U","regime_share":0.94,"agreement":0.87,"records":7,"support":3.6}},{"type":"Feature","geometry":{"type":"LineString","coordinates":[[112.8806,1.443],[114.3694,0.807]]},"properties":{"azimuth":113.1,"regime":"Undetermined","regime_code":"U","regime_share":0.84,"agreement":0.75,"records":12,"support":5.3}},{"type":"Feature","geometry":{"type":"LineString","coordinates":[[115.1825,0.7058],[116.5675,1.5442]]},"properties":{"azimuth":58.8,"regime":"Thrust faulting","regime_code":"TF","regime_share":0.51,"agreement":0.2,"records":16,"support":4.7}},{"type":"Feature","geometry":{"type":"LineString","coordinates":[[117.74,1.837],[118.51,0.413]]},"properties":{"azimuth":151.6,"regime":"Thrust faulting","regime_code":"TF","regime_share":0.51,"agreement":0.18,"records":65,"support":25.3}},{"type":"Feature","geometry":{"type":"LineString","coordinates":[[120.0939,1.884],[120.6561,0.366]]},"properties":{"azimuth":159.7,"regime":"Thrust faulting","regime_code":"TF","regime_share":0.53,"agreement":0.22,"records":101,"support":57.5}},{"type":"Feature","geometry":{"type":"LineString","coordinates":[[122.0608,1.7055],[123.1892,0.5445]]},"properties":{"azimuth":135.8,"regime":"Thrust faulting","regime_code":"TF","regime_share":0.65,"agreement":0.27,"records":236,"support":86.3}},{"type":"Feature","geometry":{"type":"LineString","coordinates":[[124.1334,1.4495],[125.6166,0.8005]]},"properties":{"azimuth":113.6,"regime":"Thrust faulting","regime_code":"TF","regime_share":0.76,"agreement":0.52,"records":383,"support":188.3}},{"type":"Feature","geometry":{"type":"LineString","coordinates":[[126.3627,1.3975],[127.8873,0.8525]]},"properties":{"azimuth":109.7,"regime":"Thrust faulting","regime_code":"TF","regime_share":0.73,"agreement":0.54,"records":374,"support":230.3}},{"type":"Feature","geometry":{"type":"LineString","coordinates":[[128.5895,1.321],[130.1605,0.929]]},"properties":{"azimuth":104.0,"regime":"Thrust faulting","regime_code":"TF","regime_share":0.63,"agreement":0.37,"records":358,"support":113.4}},{"type":"Feature","geometry":{"type":"LineString","coordinates":[[131.2583,0.4034],[131.9917,1.8466]]},"properties":{"azimuth":26.9,"regime":"Thrust faulting","regime_code":"TF","regime_share":0.56,"agreement":0.61,"records":110,"support":46.3}},{"type":"Feature","geometry":{"type":"LineString","coordinates":[[133.4777,0.4198],[134.2723,1.8302]]},"properties":{"azimuth":29.4,"regime":"Thrust faulting","regime_code":"TF","regime_share":0.56,"agreement":0.77,"records":108,"support":54.5}},{"type":"Feature","geometry":{"type":"LineString","coordinates":[[135.6752,0.4521],[136.5748,1.7979]]},"properties":{"azimuth":33.8,"regime":"Thrust faulting","regime_code":"TF","regime_share":0.5,"agreement":0.7,"records":133,"support":39.2}},{"type":"Feature","geometry":{"type":"LineString","coordinates":[[137.8482,0.5104],[138.9018,1.7396]]},"properties":{"azimuth":40.6,"regime":"Thrust faulting","regime_code":"TF","regime_share":0.61,"agreement":0.74,"records":101,"support":28.3}},{"type":"Feature","geometry":{"type":"LineString","coordinates":[[140.0363,0.5695],[141.2137,1.6805]]},"properties":{"azimuth":46.7,"regime":"Thrust faulting","regime_code":"TF","regime_share":0.61,"agreement":0.67,"records":79,"support":15.6}},{"type":"Feature","geometry":{"type":"LineString","coordinates":[[142.3481,0.5105],[143.4019,1.7395]]},"properties":{"azimuth":40.6,"regime":"Strike-slip","regime_code":"SS","regime_share":0.56,"agreement":0.64,"records":28,"support":5.5}},{"type":"Feature","geometry":{"type":"LineString","coordinates":[[144.7432,0.4113],[145.5068,1.8387]]},"properties":{"azimuth":28.1,"regime":"Strike-slip","regime_code":"SS","regime_share":0.82,"agreement":0.8,"records":24,"support":10.9}},{"type":"Feature","geometry":{"type":"LineString","coordinates":[[147.041,0.3877],[147.709,1.8623]]},"properties":{"azimuth":24.4,"regime":"Strike-slip","regime_code":"SS","regime_share":0.6,"agreement":0.73,"records":30,"support":15.0}},{"type":"Feature","geometry":{"type":"LineString","coordinates":[[149.3496,0.3639],[149.9004,1.8861]]},"properties":{"azimuth":19.9,"regime":"Thrust faulting","regime_code":"TF","regime_share":0.66,"agreement":0.7,"records":25,"support":10.1}},{"type":"Feature","geometry":{"type":"LineString","coordinates":[[151.5873,0.3684],[152.1627,1.8816]]},"properties":{"azimuth":20.8,"regime":"Thrust faulting","regime_code":"TF","regime_share":0.93,"agreement":0.7,"records":12,"support":3.2}},{"type":"Feature","geometry":{"type":"LineString","coordinates":[[-107.5198,-1.6143],[-106.2302,-0.6357]]},"properties":{"azimuth":52.8,"regime":"Strike-slip","regime_code":"SS","regime_share":0.99,"agreement":0.95,"records":55,"support":10.0}},{"type":"Feature","geometry":{"type":"LineString","coordinates":[[-105.2437,-1.647],[-104.0063,-0.603]]},"properties":{"azimuth":49.8,"regime":"Strike-slip","regime_code":"SS","regime_share":0.92,"agreement":0.77,"records":93,"support":25.7}},{"type":"Feature","geometry":{"type":"LineString","coordinates":[[-102.9382,-1.7064],[-101.8118,-0.5436]]},"properties":{"azimuth":44.1,"regime":"Strike-slip","regime_code":"SS","regime_share":0.77,"agreement":0.48,"records":59,"support":20.1}},{"type":"Feature","geometry":{"type":"LineString","coordinates":[[-100.8542,-1.4766],[-99.3958,-0.7734]]},"properties":{"azimuth":64.3,"regime":"Strike-slip","regime_code":"SS","regime_share":0.53,"agreement":0.17,"records":39,"support":10.0}},{"type":"Feature","geometry":{"type":"LineString","coordinates":[[-98.6753,-1.2467],[-97.0747,-1.0033]]},"properties":{"azimuth":81.4,"regime":"Strike-slip","regime_code":"SS","regime_share":0.35,"agreement":0.43,"records":22,"support":5.7}},{"type":"Feature","geometry":{"type":"LineString","coordinates":[[-96.4344,-1.1409],[-94.8156,-1.1091]]},"properties":{"azimuth":88.9,"regime":"Normal faulting","regime_code":"NF","regime_share":0.42,"agreement":0.44,"records":19,"support":4.9}},{"type":"Feature","geometry":{"type":"LineString","coordinates":[[-94.0895,-0.7444],[-92.6605,-1.5056]]},"properties":{"azimuth":118.0,"regime":"Strike-slip","regime_code":"SS","regime_share":0.62,"agreement":0.28,"records":22,"support":5.8}},{"type":"Feature","geometry":{"type":"LineString","coordinates":[[-91.7339,-0.5916],[-90.5161,-1.6584]]},"properties":{"azimuth":131.2,"regime":"Strike-slip","regime_code":"SS","regime_share":0.74,"agreement":0.32,"records":20,"support":10.4}},{"type":"Feature","geometry":{"type":"LineString","coordinates":[[-89.5363,-0.6581],[-88.2137,-1.5919]]},"properties":{"azimuth":125.2,"regime":"Strike-slip","regime_code":"SS","regime_share":0.73,"agreement":0.31,"records":21,"support":7.0}},{"type":"Feature","geometry":{"type":"LineString","coordinates":[[-87.2898,-1.5868],[-85.9602,-0.6632]]},"properties":{"azimuth":55.2,"regime":"Strike-slip","regime_code":"SS","regime_share":0.86,"agreement":0.91,"records":36,"support":12.7}},{"type":"Feature","geometry":{"type":"LineString","coordinates":[[-85.0881,-1.5082],[-83.6619,-0.7418]]},"properties":{"azimuth":61.7,"regime":"Strike-slip","regime_code":"SS","regime_share":0.6,"agreement":0.73,"records":74,"support":25.0}},{"type":"Feature","geometry":{"type":"LineString","coordinates":[[-82.9179,-1.2884],[-81.3321,-0.9616]]},"properties":{"azimuth":78.4,"regime":"Thrust faulting","regime_code":"TF","regime_share":0.61,"agreement":0.69,"records":80,"support":33.7}},{"type":"Feature","geometry":{"type":"LineString","coordinates":[[-80.6833,-1.17],[-79.0667,-1.08]]},"properties":{"azimuth":86.8,"regime":"Thrust faulting","regime_code":"TF","regime_share":0.78,"agreement":0.78,"records":69,"support":40.3}},{"type":"Feature","geometry":{"type":"LineString","coordinates":[[-78.4345,-1.1155],[-76.8155,-1.1345]]},"properties":{"azimuth":90.7,"regime":"Thrust faulting","regime_code":"TF","regime_share":0.79,"agreement":0.81,"records":55,"support":26.3}},{"type":"Feature","geometry":{"type":"LineString","coordinates":[[-76.1845,-1.1152],[-74.5655,-1.1348]]},"properties":{"azimuth":90.7,"regime":"Thrust faulting","regime_code":"TF","regime_share":0.74,"agreement":0.76,"records":24,"support":8.2}},{"type":"Feature","geometry":{"type":"LineString","coordinates":[[-64.3439,-1.9042],[-63.9061,-0.3458]]},"properties":{"azimuth":15.7,"regime":"Undetermined","regime_code":"U","regime_share":0.63,"agreement":0.76,"records":6,"support":1.5}},{"type":"Feature","geometry":{"type":"LineString","coordinates":[[-62.0885,-0.3443],[-61.6615,-1.9057]]},"properties":{"azimuth":164.7,"regime":"Thrust faulting","regime_code":"TF","regime_share":1.0,"agreement":0.73,"records":2,"support":1.2}},{"type":"Feature","geometry":{"type":"LineString","coordinates":[[-57.8181,-0.4476],[-56.9319,-1.8024]]},"properties":{"azimuth":146.8,"regime":"Undetermined","regime_code":"U","regime_share":0.87,"agreement":0.93,"records":4,"support":1.3}},{"type":"Feature","geometry":{"type":"LineString","coordinates":[[-55.5862,-0.4598],[-54.6638,-1.7902]]},"properties":{"azimuth":145.3,"regime":"Undetermined","regime_code":"U","regime_share":1.0,"agreement":0.92,"records":3,"support":2.5}},{"type":"Feature","geometry":{"type":"LineString","coordinates":[[-53.4365,-0.542],[-52.3135,-1.708]]},"properties":{"azimuth":136.1,"regime":"Undetermined","regime_code":"U","regime_share":1.0,"agreement":0.8,"records":4,"support":2.1}},{"type":"Feature","geometry":{"type":"LineString","coordinates":[[-51.4344,-1.1092],[-49.8156,-1.1408]]},"properties":{"azimuth":91.1,"regime":"Undetermined","regime_code":"U","regime_share":1.0,"agreement":0.8,"records":3,"support":2.2}},{"type":"Feature","geometry":{"type":"LineString","coordinates":[[-49.1774,-1.2322],[-47.5726,-1.0178]]},"properties":{"azimuth":82.4,"regime":"Undetermined","regime_code":"U","regime_share":1.0,"agreement":0.88,"records":2,"support":2.2}},{"type":"Feature","geometry":{"type":"LineString","coordinates":[[-46.8584,-0.7823],[-45.3916,-1.4677]]},"properties":{"azimuth":115.1,"regime":"Undetermined","regime_code":"U","regime_share":1.0,"agreement":0.65,"records":5,"support":2.2}},{"type":"Feature","geometry":{"type":"LineString","coordinates":[[-44.5299,-0.6492],[-43.2201,-1.6008]]},"properties":{"azimuth":126.0,"regime":"Undetermined","regime_code":"U","regime_share":0.97,"agreement":0.94,"records":5,"support":4.3}},{"type":"Feature","geometry":{"type":"LineString","coordinates":[[-42.331,-0.729],[-40.919,-1.521]]},"properties":{"azimuth":119.3,"regime":"Undetermined","regime_code":"U","regime_share":0.53,"agreement":0.85,"records":13,"support":6.3}},{"type":"Feature","geometry":{"type":"LineString","coordinates":[[-40.1259,-0.8225],[-38.6241,-1.4275]]},"properties":{"azimuth":111.9,"regime":"Strike-slip","regime_code":"SS","regime_share":0.65,"agreement":0.85,"records":18,"support":5.5}},{"type":"Feature","geometry":{"type":"LineString","coordinates":[[-37.8753,-0.821],[-36.3747,-1.429]]},"properties":{"azimuth":112.1,"regime":"Strike-slip","regime_code":"SS","regime_share":0.68,"agreement":0.85,"records":14,"support":2.7}},{"type":"Feature","geometry":{"type":"LineString","coordinates":[[-33.2075,-0.5629],[-32.0425,-1.6871]]},"properties":{"azimuth":134.0,"regime":"Strike-slip","regime_code":"SS","regime_share":0.76,"agreement":0.71,"records":17,"support":3.4}},{"type":"Feature","geometry":{"type":"LineString","coordinates":[[-30.981,-0.5884],[-29.769,-1.6616]]},"properties":{"azimuth":131.5,"regime":"Strike-slip","regime_code":"SS","regime_share":0.87,"agreement":0.87,"records":51,"support":18.2}},{"type":"Feature","geometry":{"type":"LineString","coordinates":[[-28.7236,-0.5801],[-27.5264,-1.6699]]},"properties":{"azimuth":132.3,"regime":"Strike-slip","regime_code":"SS","regime_share":0.88,"agreement":0.86,"records":83,"support":37.5}},{"type":"Feature","geometry":{"type":"LineString","coordinates":[[-26.4539,-0.5592],[-25.2961,-1.6908]]},"properties":{"azimuth":134.3,"regime":"Strike-slip","regime_code":"SS","regime_share":0.85,"agreement":0.79,"records":85,"support":39.2}},{"type":"Feature","geometry":{"type":"LineString","coordinates":[[-24.2075,-0.5629],[-23.0425,-1.6871]]},"properties":{"azimuth":134.0,"regime":"Strike-slip","regime_code":"SS","regime_share":0.88,"agreement":0.76,"records":63,"support":27.3}},{"type":"Feature","geometry":{"type":"LineString","coordinates":[[-22.0175,-0.6326],[-20.7325,-1.6174]]},"properties":{"azimuth":127.5,"regime":"Strike-slip","regime_code":"SS","regime_share":0.99,"agreement":0.86,"records":46,"support":24.8}},{"type":"Feature","geometry":{"type":"LineString","coordinates":[[-19.7385,-0.5969],[-18.5115,-1.6531]]},"properties":{"azimuth":130.7,"regime":"Strike-slip","regime_code":"SS","regime_share":0.8,"agreement":0.83,"records":77,"support":40.2}},{"type":"Feature","geometry":{"type":"LineString","coordinates":[[-17.4351,-0.5406],[-16.3149,-1.7094]]},"properties":{"azimuth":136.2,"regime":"Strike-slip","regime_code":"SS","regime_share":0.62,"agreement":0.76,"records":96,"support":56.4}},{"type":"Feature","geometry":{"type":"LineString","coordinates":[[-15.1442,-0.504],[-14.1058,-1.746]]},"properties":{"azimuth":140.1,"regime":"Strike-slip","regime_code":"SS","regime_share":0.51,"agreement":0.7,"records":100,"support":58.8}},{"type":"Feature","geometry":{"type":"LineString","coordinates":[[-12.8352,-0.4591],[-11.9148,-1.7909]]},"properties":{"azimuth":145.4,"regime":"Normal faulting","regime_code":"NF","regime_share":0.59,"agreement":0.66,"records":77,"support":40.9}},{"type":"Feature","geometry":{"type":"LineString","coordinates":[[-10.4903,-0.4027],[-9.7597,-1.8473]]},"properties":{"azimuth":153.2,"regime":"Normal faulting","regime_code":"NF","regime_share":0.76,"agreement":0.67,"records":40,"support":12.6}},{"type":"Feature","geometry":{"type":"LineString","coordinates":[[13.8896,-1.4633],[15.3604,-0.7867]]},"properties":{"azimuth":65.3,"regime":"Thrust faulting","regime_code":"TF","regime_share":1.0,"agreement":0.88,"records":3,"support":1.1}},{"type":"Feature","geometry":{"type":"LineString","coordinates":[[16.296,-1.6907],[17.454,-0.5593]]},"properties":{"azimuth":45.7,"regime":"Thrust faulting","regime_code":"TF","regime_share":1.0,"agreement":0.94,"records":3,"support":1.4}},{"type":"Feature","geometry":{"type":"LineString","coordinates":[[18.5686,-1.7129],[19.6814,-0.5371]]},"properties":{"azimuth":43.4,"regime":"Thrust faulting","regime_code":"TF","regime_share":0.89,"agreement":0.81,"records":4,"support":1.4}},{"type":"Feature","geometry":{"type":"LineString","coordinates":[[22.8167,-1.0799],[24.4333,-1.1701]]},"properties":{"azimuth":93.2,"regime":"Strike-slip","regime_code":"SS","regime_share":0.9,"agreement":0.9,"records":4,"support":1.5}},{"type":"Feature","geometry":{"type":"LineString","coordinates":[[25.4533,-1.8159],[26.2967,-0.4341]]},"properties":{"azimuth":31.4,"regime":"Normal faulting","regime_code":"NF","regime_share":0.73,"agreement":0.27,"records":20,"support":7.6}},{"type":"Feature","geometry":{"type":"LineString","coordinates":[[27.8579,-1.8891],[28.3921,-0.3609]]},"properties":{"azimuth":19.3,"regime":"Normal faulting","regime_code":"NF","regime_share":0.89,"agreement":0.59,"records":41,"support":24.2}},{"type":"Feature","geometry":{"type":"LineString","coordinates":[[30.1134,-1.891],[30.6366,-0.359]]},"properties":{"azimuth":18.9,"regime":"Normal faulting","regime_code":"NF","regime_share":0.91,"agreement":0.65,"records":43,"support":25.0}},{"type":"Feature","geometry":{"type":"LineString","coordinates":[[32.1833,-1.8033],[33.0667,-0.4467]]},"properties":{"azimuth":33.1,"regime":"Normal faulting","regime_code":"NF","regime_share":0.84,"agreement":0.42,"records":51,"support":12.8}},{"type":"Feature","geometry":{"type":"LineString","coordinates":[[34.1245,-1.4285],[35.6255,-0.8215]]},"properties":{"azimuth":68.0,"regime":"Normal faulting","regime_code":"NF","regime_share":0.76,"agreement":0.6,"records":19,"support":11.1}},{"type":"Feature","geometry":{"type":"LineString","coordinates":[[36.4235,-1.529],[37.8265,-0.721]]},"properties":{"azimuth":60.1,"regime":"Normal faulting","regime_code":"NF","regime_share":0.68,"agreement":0.59,"records":24,"support":11.6}},{"type":"Feature","geometry":{"type":"LineString","coordinates":[[38.924,-1.7972],[39.826,-0.4528]]},"properties":{"azimuth":33.9,"regime":"Undetermined","regime_code":"U","regime_share":0.44,"agreement":0.55,"records":18,"support":6.8}},{"type":"Feature","geometry":{"type":"LineString","coordinates":[[41.4037,-1.9036],[41.8463,-0.3464]]},"properties":{"azimuth":15.9,"regime":"Undetermined","regime_code":"U","regime_share":0.85,"agreement":0.84,"records":5,"support":3.4}},{"type":"Feature","geometry":{"type":"LineString","coordinates":[[43.7921,-1.9301],[43.9579,-0.3199]]},"properties":{"azimuth":5.9,"regime":"Undetermined","regime_code":"U","regime_share":0.83,"agreement":0.81,"records":4,"support":1.4}},{"type":"Feature","geometry":{"type":"LineString","coordinates":[[63.7034,-0.434],[64.5466,-1.816]]},"properties":{"azimuth":148.6,"regime":"Normal faulting","regime_code":"NF","regime_share":0.64,"agreement":0.79,"records":49,"support":9.6}},{"type":"Feature","geometry":{"type":"LineString","coordinates":[[65.8553,-0.5044],[66.8947,-1.7456]]},"properties":{"azimuth":140.1,"regime":"Normal faulting","regime_code":"NF","regime_share":0.67,"agreement":0.6,"records":110,"support":54.2}},{"type":"Feature","geometry":{"type":"LineString","coordinates":[[68.075,-0.5311],[69.175,-1.7189]]},"properties":{"azimuth":137.2,"regime":"Normal faulting","regime_code":"NF","regime_share":0.66,"agreement":0.55,"records":106,"support":66.3}},{"type":"Feature","geometry":{"type":"LineString","coordinates":[[70.2494,-0.6113],[71.5006,-1.6387]]},"properties":{"azimuth":129.4,"regime":"Normal faulting","regime_code":"NF","regime_share":0.65,"agreement":0.51,"records":79,"support":25.1}},{"type":"Feature","geometry":{"type":"LineString","coordinates":[[72.6312,-0.4836],[73.6188,-1.7664]]},"properties":{"azimuth":142.4,"regime":"Strike-slip","regime_code":"SS","regime_share":0.62,"agreement":0.32,"records":8,"support":2.9}},{"type":"Feature","geometry":{"type":"LineString","coordinates":[[75.2702,-0.3224],[75.4798,-1.9276]]},"properties":{"azimuth":172.6,"regime":"Strike-slip","regime_code":"SS","regime_share":0.66,"agreement":0.5,"records":3,"support":2.3}},{"type":"Feature","geometry":{"type":"LineString","coordinates":[[77.6037,-0.3159],[77.6463,-1.9341]]},"properties":{"azimuth":178.5,"regime":"Thrust faulting","regime_code":"TF","regime_share":0.56,"agreement":0.49,"records":4,"support":1.1}},{"type":"Feature","geometry":{"type":"LineString","coordinates":[[79.5843,-0.3696],[80.1657,-1.8804]]},"properties":{"azimuth":159.0,"regime":"Strike-slip","regime_code":"SS","regime_share":0.66,"agreement":0.97,"records":4,"support":1.5}},{"type":"Feature","geometry":{"type":"LineString","coordinates":[[81.8524,-0.3629],[82.3976,-1.8871]]},"properties":{"azimuth":160.3,"regime":"Strike-slip","regime_code":"SS","regime_share":0.83,"agreement":0.95,"records":5,"support":2.6}},{"type":"Feature","geometry":{"type":"LineString","coordinates":[[84.1599,-0.3447],[84.5901,-1.9053]]},"properties":{"azimuth":164.6,"regime":"Strike-slip","regime_code":"SS","regime_share":0.81,"agreement":0.91,"records":11,"support":4.2}},{"type":"Feature","geometry":{"type":"LineString","coordinates":[[86.3104,-0.3792],[86.9396,-1.8708]]},"properties":{"azimuth":157.1,"regime":"Strike-slip","regime_code":"SS","regime_share":0.85,"agreement":0.91,"records":18,"support":8.7}},{"type":"Feature","geometry":{"type":"LineString","coordinates":[[88.5087,-0.4032],[89.2413,-1.8468]]},"properties":{"azimuth":153.1,"regime":"Strike-slip","regime_code":"SS","regime_share":0.92,"agreement":0.92,"records":43,"support":16.2}},{"type":"Feature","geometry":{"type":"LineString","coordinates":[[90.7541,-0.4056],[91.4959,-1.8444]]},"properties":{"azimuth":152.7,"regime":"Strike-slip","regime_code":"SS","regime_share":0.9,"agreement":0.89,"records":45,"support":16.1}},{"type":"Feature","geometry":{"type":"LineString","coordinates":[[93.1001,-0.3637],[93.6499,-1.8863]]},"properties":{"azimuth":160.1,"regime":"Strike-slip","regime_code":"SS","regime_share":0.46,"agreement":0.42,"records":72,"support":17.3}},{"type":"Feature","geometry":{"type":"LineString","coordinates":[[95.1017,-1.7425],[96.1483,-0.5075]]},"properties":{"azimuth":40.3,"regime":"Thrust faulting","regime_code":"TF","regime_share":0.71,"agreement":0.54,"records":320,"support":107.6}},{"type":"Feature","geometry":{"type":"LineString","coordinates":[[97.3535,-1.7441],[98.3965,-0.5059]]},"properties":{"azimuth":40.1,"regime":"Thrust faulting","regime_code":"TF","regime_share":0.73,"agreement":0.59,"records":346,"support":176.3}},{"type":"Feature","geometry":{"type":"LineString","coordinates":[[99.6194,-1.7571],[100.6306,-0.4929]]},"properties":{"azimuth":38.7,"regime":"Thrust faulting","regime_code":"TF","regime_share":0.72,"agreement":0.66,"records":337,"support":156.1}},{"type":"Feature","geometry":{"type":"LineString","coordinates":[[101.8784,-1.7642],[102.8716,-0.4858]]},"properties":{"azimuth":37.8,"regime":"Thrust faulting","regime_code":"TF","regime_share":0.59,"agreement":0.74,"records":191,"support":76.0}},{"type":"Feature","geometry":{"type":"LineString","coordinates":[[104.12,-1.7576],[105.13,-0.4924]]},"properties":{"azimuth":38.6,"regime":"Undetermined","regime_code":"U","regime_share":0.8,"agreement":0.81,"records":33,"support":14.2}},{"type":"Feature","geometry":{"type":"LineString","coordinates":[[106.2993,-1.694],[107.4507,-0.556]]},"properties":{"azimuth":45.3,"regime":"Undetermined","regime_code":"U","regime_share":1.0,"agreement":0.98,"records":4,"support":1.3}},{"type":"Feature","geometry":{"type":"LineString","coordinates":[[115.0687,-1.0521],[116.6813,-1.1979]]},"properties":{"azimuth":95.2,"regime":"Thrust faulting","regime_code":"TF","regime_share":0.84,"agreement":0.25,"records":11,"support":2.8}},{"type":"Feature","geometry":{"type":"LineString","coordinates":[[117.4229,-0.7221],[118.8271,-1.5279]]},"properties":{"azimuth":119.9,"regime":"Thrust faulting","regime_code":"TF","regime_share":0.39,"agreement":0.49,"records":62,"support":24.3}},{"type":"Feature","geometry":{"type":"LineString","coordinates":[[119.6383,-0.7893],[121.1117,-1.4607]]},"properties":{"azimuth":114.5,"regime":"Strike-slip","regime_code":"SS","regime_share":0.35,"agreement":0.38,"records":112,"support":58.6}},{"type":"Feature","geometry":{"type":"LineString","coordinates":[[121.8776,-0.8141],[123.3724,-1.4359]]},"properties":{"azimuth":112.6,"regime":"Thrust faulting","regime_code":"TF","regime_share":0.45,"agreement":0.33,"records":174,"support":76.6}},{"type":"Feature","geometry":{"type":"LineString","coordinates":[[124.1174,-0.8397],[125.6326,-1.4103]]},"properties":{"azimuth":110.6,"regime":"Thrust faulting","regime_code":"TF","regime_share":0.63,"agreement":0.29,"records":317,"support":131.8}},{"type":"Feature","geometry":{"type":"LineString","coordinates":[[126.3177,-1.1848],[127.9323,-1.0652]]},"properties":{"azimuth":85.8,"regime":"Thrust faulting","regime_code":"TF","regime_share":0.6,"agreement":0.14,"records":351,"support":164.3}},{"type":"Feature","geometry":{"type":"LineString","coordinates":[[128.8276,-1.7213],[129.9224,-0.5287]]},"properties":{"azimuth":42.5,"regime":"Thrust faulting","regime_code":"TF","regime_share":0.55,"agreement":0.43,"records":299,"support":107.1}},{"type":"Feature","geometry":{"type":"LineString","coordinates":[[131.1737,-1.7969],[132.0763,-0.4531]]},"properties":{"azimuth":33.9,"regime":"Thrust faulting","regime_code":"TF","regime_share":0.61,"agreement":0.71,"records":191,"support":85.7}},{"type":"Feature","geometry":{"type":"LineString","coordinates":[[133.5046,-1.8447],[134.2454,-0.4053]]},"properties":{"azimuth":27.2,"regime":"Thrust faulting","regime_code":"TF","regime_share":0.46,"agreement":0.69,"records":219,"support":111.5}},{"type":"Feature","geometry":{"type":"LineString","coordinates":[[135.7222,-1.8271],[136.5278,-0.4229]]},"properties":{"azimuth":29.8,"regime":"Thrust faulting","regime_code":"TF","regime_share":0.46,"agreement":0.61,"records":245,"support":109.5}},{"type":"Feature","geometry":{"type":"LineString","coordinates":[[137.8729,-1.7599],[138.8771,-0.4901]]},"properties":{"azimuth":38.3,"regime":"Thrust faulting","regime_code":"TF","regime_share":0.6,"agreement":0.65,"records":200,"support":102.7}},{"type":"Feature","geometry":{"type":"LineString","coordinates":[[140.0783,-1.7219],[141.1717,-0.5281]]},"properties":{"azimuth":42.5,"regime":"Thrust faulting","regime_code":"TF","regime_share":0.62,"agreement":0.62,"records":171,"support":86.3}},{"type":"Feature","geometry":{"type":"LineString","coordinates":[[142.349,-1.7402],[143.401,-0.5098]]},"properties":{"azimuth":40.5,"regime":"Thrust faulting","regime_code":"TF","regime_share":0.46,"agreement":0.62,"records":183,"support":63.2}},{"type":"Feature","geometry":{"type":"LineString","coordinates":[[144.6234,-1.7603],[145.6266,-0.4897]]},"properties":{"azimuth":38.3,"regime":"Strike-slip","regime_code":"SS","regime_share":0.74,"agreement":0.82,"records":173,"support":66.4}},{"type":"Feature","geometry":{"type":"LineString","coordinates":[[146.7841,-1.6782],[147.9659,-0.5718]]},"properties":{"azimuth":46.9,"regime":"Strike-slip","regime_code":"SS","regime_share":0.89,"agreement":0.8,"records":210,"support":83.0}},{"type":"Feature","geometry":{"type":"LineString","coordinates":[[148.9295,-1.5392],[150.3205,-0.7108]]},"properties":{"azimuth":59.2,"regime":"Strike-slip","regime_code":"SS","regime_share":0.87,"agreement":0.77,"records":213,"support":84.5}},{"type":"Feature","geometry":{"type":"LineString","coordinates":[[151.1295,-1.4406],[152.6205,-0.8094]]},"properties":{"azimuth":67.0,"regime":"Strike-slip","regime_code":"SS","regime_share":0.78,"agreement":0.74,"records":185,"support":58.7}},{"type":"Feature","geometry":{"type":"LineString","coordinates":[[153.3536,-1.3705],[154.8964,-0.8795]]},"properties":{"azimuth":72.3,"regime":"Strike-slip","regime_code":"SS","regime_share":0.59,"agreement":0.73,"records":84,"support":18.3}},{"type":"Feature","geometry":{"type":"LineString","coordinates":[[176.3726,-1.894],[176.8774,-0.356]]},"properties":{"azimuth":18.2,"regime":"Thrust faulting","regime_code":"TF","regime_share":0.69,"agreement":0.97,"records":5,"support":2.3}},{"type":"Feature","geometry":{"type":"LineString","coordinates":[[178.6216,-1.8937],[179.1284,-0.3563]]},"properties":{"azimuth":18.2,"regime":"Thrust faulting","regime_code":"TF","regime_share":0.69,"agreement":0.97,"records":5,"support":2.0}},{"type":"Feature","geometry":{"type":"LineString","coordinates":[[-179.1348,-4.1417],[-178.6152,-2.6083]]},"properties":{"azimuth":18.7,"regime":"Thrust faulting","regime_code":"TF","regime_share":0.7,"agreement":0.97,"records":5,"support":1.0}},{"type":"Feature","geometry":{"type":"LineString","coordinates":[[-123.4163,-3.1985],[-121.8337,-3.5515]]},"properties":{"azimuth":102.6,"regime":"Thrust faulting","regime_code":"TF","regime_share":1.0,"agreement":0.89,"records":4,"support":1.1}},{"type":"Feature","geometry":{"type":"LineString","coordinates":[[-114.1003,-4.0307],[-113.1497,-2.7193]]},"properties":{"azimuth":35.9,"regime":"Thrust faulting","regime_code":"TF","regime_share":1.0,"agreement":0.93,"records":2,"support":1.1}},{"type":"Feature","geometry":{"type":"LineString","coordinates":[[-111.8558,-4.0267],[-110.8942,-2.7233]]},"properties":{"azimuth":36.4,"regime":"Thrust faulting","regime_code":"TF","regime_share":1.0,"agreement":0.93,"records":2,"support":1.5}},{"type":"Feature","geometry":{"type":"LineString","coordinates":[[-109.7747,-3.8592],[-108.4753,-2.8908]]},"properties":{"azimuth":53.3,"regime":"Strike-slip","regime_code":"SS","regime_share":0.94,"agreement":0.93,"records":45,"support":10.4}},{"type":"Feature","geometry":{"type":"LineString","coordinates":[[-107.5192,-3.8665],[-106.2308,-2.8835]]},"properties":{"azimuth":52.6,"regime":"Strike-slip","regime_code":"SS","regime_share":0.98,"agreement":0.94,"records":98,"support":47.3}},{"type":"Feature","geometry":{"type":"LineString","coordinates":[[-105.2598,-3.8785],[-103.9902,-2.8715]]},"properties":{"azimuth":51.5,"regime":"Strike-slip","regime_code":"SS","regime_share":0.96,"agreement":0.88,"records":100,"support":71.6}},{"type":"Feature","geometry":{"type":"LineString","coordinates":[[-102.9963,-3.8951],[-101.7537,-2.8549]]},"properties":{"azimuth":50.0,"regime":"Strike-slip","regime_code":"SS","regime_share":0.93,"agreement":0.77,"records":87,"support":44.3}},{"type":"Feature","geometry":{"type":"LineString","coordinates":[[-100.6968,-3.9488],[-99.5532,-2.8012]]},"properties":{"azimuth":44.9,"regime":"Strike-slip","regime_code":"SS","regime_share":0.87,"agreement":0.49,"records":30,"support":8.2}},{"type":"Feature","geometry":{"type":"LineString","coordinates":[[-93.8509,-4.0303],[-92.8991,-2.7197]]},"properties":{"azimuth":35.9,"regime":"Undetermined","regime_code":"U","regime_share":0.54,"agreement":0.73,"records":3,"support":1.2}},{"type":"Feature","geometry":{"type":"LineString","coordinates":[[-91.6083,-4.0248],[-90.6417,-2.7252]]},"properties":{"azimuth":36.6,"regime":"Undetermined","regime_code":"U","regime_share":0.61,"agreement":0.76,"records":3,"support":2.4}},{"type":"Feature","geometry":{"type":"LineString","coordinates":[[-89.4037,-3.9887],[-88.3463,-2.7613]]},"properties":{"azimuth":40.7,"regime":"Undetermined","regime_code":"U","regime_share":0.6,"agreement":0.74,"records":4,"support":1.6}},{"type":"Feature","geometry":{"type":"LineString","coordinates":[[-85.1321,-3.6647],[-83.6179,-3.0853]]},"properties":{"azimuth":69.0,"regime":"Thrust faulting","regime_code":"TF","regime_share":0.5,"agreement":0.47,"records":35,"support":8.0}},{"type":"Feature","geometry":{"type":"LineString","coordinates":[[-82.9203,-3.5325],[-81.3297,-3.2175]]},"properties":{"azimuth":78.8,"regime":"Thrust faulting","regime_code":"TF","regime_share":0.64,"agreement":0.61,"records":55,"support":29.5}},{"type":"Feature","geometry":{"type":"LineString","coordinates":[[-80.6831,-3.441],[-79.0669,-3.309]]},"properties":{"azimuth":85.3,"regime":"Thrust faulting","regime_code":"TF","regime_share":0.69,"agreement":0.68,"records":81,"support":37.8}},{"type":"Feature","geometry":{"type":"LineString","coordinates":[[-78.4345,-3.3299],[-76.8155,-3.4201]]},"properties":{"azimuth":93.2,"regime":"Thrust faulting","regime_code":"TF","regime_share":0.65,"agreement":0.69,"records":70,"support":25.5}},{"type":"Feature","geometry":{"type":"LineString","coordinates":[[-76.1835,-3.4363],[-74.5665,-3.3137]]},"properties":{"azimuth":85.7,"regime":"Thrust faulting","regime_code":"TF","regime_share":0.8,"agreement":0.47,"records":27,"support":8.6}},{"type":"Feature","geometry":{"type":"LineString","coordinates":[[-68.9719,-4.1066],[-68.2781,-2.6434]]},"properties":{"azimuth":25.3,"regime":"Undetermined","regime_code":"U","regime_share":1.0,"agreement":0.96,"records":4,"support":1.1}},{"type":"Feature","geometry":{"type":"LineString","coordinates":[[-66.7176,-4.1086],[-66.0324,-2.6414]]},"properties":{"azimuth":25.0,"regime":"Undetermined","regime_code":"U","regime_share":1.0,"agreement":0.96,"records":4,"support":3.8}},{"type":"Feature","geometry":{"type":"LineString","coordinates":[[-64.4225,-4.1279],[-63.8275,-2.6221]]},"properties":{"azimuth":21.5,"regime":"Undetermined","regime_code":"U","regime_share":0.82,"agreement":0.89,"records":6,"support":4.9}},{"type":"Feature","geometry":{"type":"LineString","coordinates":[[-61.9998,-4.1747],[-61.7502,-2.5753]]},"properties":{"azimuth":8.9,"regime":"Thrust faulting","regime_code":"TF","regime_share":0.59,"agreement":0.71,"records":6,"support":3.0}},{"type":"Feature","geometry":{"type":"LineString","coordinates":[[-59.8257,-2.5908],[-59.4243,-4.1592]]},"properties":{"azimuth":165.7,"regime":"Thrust faulting","regime_code":"TF","regime_share":1.0,"agreement":0.72,"records":2,"support":1.1}},{"type":"Feature","geometry":{"type":"LineString","coordinates":[[-57.8414,-2.7129],[-56.9086,-4.0371]]},"properties":{"azimuth":144.9,"regime":"Undetermined","regime_code":"U","regime_share":0.91,"agreement":0.93,"records":4,"support":1.8}},{"type":"Feature","geometry":{"type":"LineString","coordinates":[[-55.6095,-2.726],[-54.6405,-4.024]]},"properties":{"azimuth":143.3,"regime":"Undetermined","regime_code":"U","regime_share":1.0,"agreement":0.92,"records":3,"support":3.8}},{"type":"Feature","geometry":{"type":"LineString","coordinates":[[-53.411,-2.7677],[-52.339,-3.9823]]},"properties":{"azimuth":138.6,"regime":"Undetermined","regime_code":"U","regime_share":1.0,"agreement":0.87,"records":4,"support":2.9}},{"type":"Feature","geometry":{"type":"LineString","coordinates":[[-51.4354,-3.4013],[-49.8146,-3.3487]]},"properties":{"azimuth":88.1,"regime":"Undetermined","regime_code":"U","regime_share":1.0,"agreement":0.77,"records":3,"support":2.1}},{"type":"Feature","geometry":{"type":"LineString","coordinates":[[-49.1712,-3.5279],[-47.5788,-3.2221]]},"properties":{"azimuth":79.1,"regime":"Undetermined","regime_code":"U","regime_share":1.0,"agreement":0.91,"records":2,"support":2.1}},{"type":"Feature","geometry":{"type":"LineString","coordinates":[[-46.8564,-3.0256],[-45.3936,-3.7244]]},"properties":{"azimuth":115.6,"regime":"Undetermined","regime_code":"U","regime_share":1.0,"agreement":0.64,"records":5,"support":2.4}},{"type":"Feature","geometry":{"type":"LineString","coordinates":[[-44.5454,-2.9198],[-43.2046,-3.8302]]},"properties":{"azimuth":124.2,"regime":"Undetermined","regime_code":"U","regime_share":0.73,"agreement":0.89,"records":13,"support":6.2}},{"type":"Feature","geometry":{"type":"LineString","coordinates":[[-42.3422,-2.9974],[-40.9078,-3.7526]]},"properties":{"azimuth":117.8,"regime":"Strike-slip","regime_code":"SS","regime_share":0.47,"agreement":0.83,"records":21,"support":12.1}},{"type":"Feature","geometry":{"type":"LineString","coordinates":[[-40.1005,-3.0137],[-38.6495,-3.7363]]},"properties":{"azimuth":116.5,"regime":"Strike-slip","regime_code":"SS","regime_share":0.56,"agreement":0.75,"records":32,"support":18.9}},{"type":"Feature","geometry":{"type":"LineString","coordinates":[[-37.885,-3.093],[-36.365,-3.657]]},"properties":{"azimuth":110.4,"regime":"Strike-slip","regime_code":"SS","regime_share":0.58,"agreement":0.65,"records":38,"support":20.4}},{"type":"Feature","geometry":{"type":"LineString","coordinates":[[-35.6778,-3.2619],[-34.0722,-3.4881]]},"properties":{"azimuth":98.0,"regime":"Strike-slip","regime_code":"SS","regime_share":0.62,"agreement":0.63,"records":27,"support":10.1}},{"type":"Feature","geometry":{"type":"LineString","coordinates":[[-33.4266,-3.4964],[-31.8234,-3.2536]]},"properties":{"azimuth":81.4,"regime":"Strike-slip","regime_code":"SS","regime_share":0.87,"agreement":0.95,"records":8,"support":1.4}},{"type":"Feature","geometry":{"type":"LineString","coordinates":[[-26.4131,-2.7696],[-25.3369,-3.9804]]},"properties":{"azimuth":138.4,"regime":"Strike-slip","regime_code":"SS","regime_share":0.8,"agreement":0.67,"records":20,"support":4.8}},{"type":"Feature","geometry":{"type":"LineString","coordinates":[[-24.2332,-2.8398],[-23.0168,-3.9102]]},"properties":{"azimuth":131.4,"regime":"Strike-slip","regime_code":"SS","regime_share":0.92,"agreement":0.82,"records":18,"support":7.2}},{"type":"Feature","geometry":{"type":"LineString","coordinates":[[-22.0007,-2.8603],[-20.7493,-3.8897]]},"properties":{"azimuth":129.5,"regime":"Strike-slip","regime_code":"SS","regime_share":0.94,"agreement":0.8,"records":33,"support":9.3}},{"type":"Feature","geometry":{"type":"LineString","coordinates":[[-19.7484,-2.8575],[-18.5016,-3.8925]]},"properties":{"azimuth":129.7,"regime":"Strike-slip","regime_code":"SS","regime_share":0.86,"agreement":0.84,"records":53,"support":11.7}},{"type":"Feature","geometry":{"type":"LineString","coordinates":[[-17.4198,-2.7756],[-16.3302,-3.9744]]},"properties":{"azimuth":137.8,"regime":"Strike-slip","regime_code":"SS","regime_share":0.61,"agreement":0.74,"records":71,"support":21.1}},{"type":"Feature","geometry":{"type":"LineString","coordinates":[[-15.0262,-2.6716],[-14.2238,-4.0784]]},"properties":{"azimuth":150.3,"regime":"Normal faulting","regime_code":"NF","regime_share":0.62,"agreement":0.64,"records":98,"support":39.0}},{"type":"Feature","geometry":{"type":"LineString","coordinates":[[-12.6438,-2.6114],[-12.1062,-4.1386]]},"properties":{"azimuth":160.6,"regime":"Normal faulting","regime_code":"NF","regime_share":0.75,"agreement":0.64,"records":105,"support":49.8}},{"type":"Feature","geometry":{"type":"LineString","coordinates":[[-10.3197,-2.5893],[-9.9303,-4.1607]]},"properties":{"azimuth":166.1,"regime":"Normal faulting","regime_code":"NF","regime_share":0.91,"agreement":0.77,"records":62,"support":24.0}},{"type":"Feature","geometry":{"type":"LineString","coordinates":[[22.8211,-3.4807],[24.4289,-3.2693]]},"properties":{"azimuth":82.5,"regime":"Strike-slip","regime_code":"SS","regime_share":0.78,"agreement":0.88,"records":5,"support":1.9}},{"type":"Feature","geometry":{"type":"LineString","coordinates":[[25.4997,-4.0925],[26.2503,-2.6575]]},"properties":{"azimuth":27.6,"regime":"Normal faulting","regime_code":"NF","regime_share":0.72,"agreement":0.36,"records":24,"support":8.0}},{"type":"Feature","geometry":{"type":"LineString","coordinates":[[27.9256,-4.1595],[28.3244,-2.5905]]},"properties":{"azimuth":14.2,"regime":"Normal faulting","regime_code":"NF","regime_share":0.86,"agreement":0.63,"records":38,"support":20.1}},{"type":"Feature","geometry":{"type":"LineString","coordinates":[[30.2414,-4.1733],[30.5086,-2.5767]]},"properties":{"azimuth":9.5,"regime":"Normal faulting","regime_code":"NF","regime_share":0.86,"agreement":0.71,"records":42,"support":18.5}},{"type":"Feature","geometry":{"type":"LineString","coordinates":[[32.126,-4.013],[33.124,-2.737]]},"properties":{"azimuth":38.0,"regime":"Normal faulting","regime_code":"NF","regime_share":0.71,"agreement":0.24,"records":37,"support":10.0}},{"type":"Feature","geometry":{"type":"LineString","coordinates":[[34.1778,-3.7881],[35.5722,-2.9619]]},"properties":{"azimuth":59.3,"regime":"Normal faulting","regime_code":"NF","regime_share":0.76,"agreement":0.43,"records":23,"support":16.3}},{"type":"Feature","geometry":{"type":"LineString","coordinates":[[36.4567,-3.8333],[37.7933,-2.9167]]},"properties":{"azimuth":55.5,"regime":"Normal faulting","regime_code":"NF","regime_share":0.77,"agreement":0.37,"records":28,"support":15.2}},{"type":"Feature","geometry":{"type":"LineString","coordinates":[[38.9927,-4.0888],[39.7573,-2.6612]]},"properties":{"azimuth":28.1,"regime":"Normal faulting","regime_code":"NF","regime_share":0.59,"agreement":0.26,"records":20,"support":7.6}},{"type":"Feature","geometry":{"type":"LineString","coordinates":[[41.4729,-4.17],[41.7771,-2.58]]},"properties":{"azimuth":10.8,"regime":"Undetermined","regime_code":"U","regime_share":0.74,"agreement":0.6,"records":6,"support":4.0}},{"type":"Feature","geometry":{"type":"LineString","coordinates":[[43.7666,-4.1771],[43.9834,-2.5729]]},"properties":{"azimuth":7.7,"regime":"Undetermined","regime_code":"U","regime_share":0.8,"agreement":0.76,"records":4,"support":1.3}},{"type":"Feature","geometry":{"type":"LineString","coordinates":[[63.5458,-2.8086],[64.7042,-3.9414]]},"properties":{"azimuth":134.4,"regime":"Normal faulting","regime_code":"NF","regime_share":0.93,"agreement":0.88,"records":14,"support":2.1}},{"type":"Feature","geometry":{"type":"LineString","coordinates":[[65.8592,-2.7505],[66.8908,-3.9995]]},"properties":{"azimuth":140.5,"regime":"Normal faulting","regime_code":"NF","regime_share":0.67,"agreement":0.62,"records":108,"support":49.9}},{"type":"Feature","geometry":{"type":"LineString","coordinates":[[68.0733,-2.7819],[69.1767,-3.9681]]},"properties":{"azimuth":137.1,"regime":"Normal faulting","regime_code":"NF","regime_share":0.66,"agreement":0.57,"records":119,"support":76.0}},{"type":"Feature","geometry":{"type":"LineString","coordinates":[[70.2322,-2.8816],[71.5178,-3.8684]]},"properties":{"azimuth":127.6,"regime":"Normal faulting","regime_code":"NF","regime_share":0.63,"agreement":0.5,"records":109,"support":38.0}},{"type":"Feature","geometry":{"type":"LineString","coordinates":[[72.3353,-3.1915],[73.9147,-3.5585]]},"properties":{"azimuth":103.1,"regime":"Normal faulting","regime_code":"NF","regime_share":0.6,"agreement":0.68,"records":20,"support":4.7}},{"type":"Feature","geometry":{"type":"LineString","coordinates":[[75.0776,-2.622],[75.6724,-4.128]]},"properties":{"azimuth":158.5,"regime":"Strike-slip","regime_code":"SS","regime_share":0.81,"agreement":0.66,"records":3,"support":1.0}},{"type":"Feature","geometry":{"type":"LineString","coordinates":[[79.5966,-2.6148],[80.1534,-4.1352]]},"properties":{"azimuth":159.9,"regime":"Thrust faulting","regime_code":"TF","regime_share":0.7,"agreement":1.0,"records":3,"support":1.8}},{"type":"Feature","geometry":{"type":"LineString","coordinates":[[81.9061,-2.5957],[82.3439,-4.1543]]},"properties":{"azimuth":164.3,"regime":"Thrust faulting","regime_code":"TF","regime_share":0.56,"agreement":0.94,"records":5,"support":2.2}},{"type":"Feature","geometry":{"type":"LineString","coordinates":[[84.1912,-2.5867],[84.5588,-4.1633]]},"properties":{"azimuth":166.9,"regime":"Strike-slip","regime_code":"SS","regime_share":0.65,"agreement":0.89,"records":10,"support":4.3}},{"type":"Feature","geometry":{"type":"LineString","coordinates":[[86.3242,-2.6234],[86.9258,-4.1266]]},"properties":{"azimuth":158.2,"regime":"Strike-slip","regime_code":"SS","regime_share":0.77,"agreement":0.9,"records":17,"support":9.4}},{"type":"Feature","geometry":{"type":"LineString","coordinates":[[88.4974,-2.6587],[89.2526,-4.0913]]},"properties":{"azimuth":152.2,"regime":"Strike-slip","regime_code":"SS","regime_share":0.86,"agreement":0.94,"records":17,"support":10.2}},{"type":"Feature","geometry":{"type":"LineString","coordinates":[[90.695,-2.6888],[91.555,-4.0612]]},"properties":{"azimuth":148.0,"regime":"Strike-slip","regime_code":"SS","regime_share":0.92,"agreement":0.98,"records":13,"support":5.4}},{"type":"Feature","geometry":{"type":"LineString","coordinates":[[92.9426,-2.6903],[93.8074,-4.0597]]},"properties":{"azimuth":147.8,"regime":"Strike-slip","regime_code":"SS","regime_share":0.85,"agreement":0.97,"records":7,"support":1.8}},{"type":"Feature","geometry":{"type":"LineString","coordinates":[[95.4572,-2.5831],[95.7928,-4.1669]]},"properties":{"azimuth":168.1,"regime":"Thrust faulting","regime_code":"TF","regime_share":0.42,"agreement":0.14,"records":57,"support":10.9}},{"type":"Feature","geometry":{"type":"LineString","coordinates":[[97.3743,-4.0116],[98.3757,-2.7384]]},"properties":{"azimuth":38.1,"regime":"Thrust faulting","regime_code":"TF","regime_share":0.77,"agreement":0.56,"records":230,"support":82.7}},{"type":"Feature","geometry":{"type":"LineString","coordinates":[[99.6324,-4.0179],[100.6176,-2.7321]]},"properties":{"azimuth":37.4,"regime":"Thrust faulting","regime_code":"TF","regime_share":0.8,"agreement":0.68,"records":249,"support":148.9}},{"type":"Feature","geometry":{"type":"LineString","coordinates":[[101.9072,-4.036],[102.8428,-2.714]]},"properties":{"azimuth":35.2,"regime":"Thrust faulting","regime_code":"TF","regime_share":0.72,"agreement":0.72,"records":279,"support":132.2}},{"type":"Feature","geometry":{"type":"LineString","coordinates":[[104.207,-4.0686],[105.043,-2.6814]]},"properties":{"azimuth":31.0,"regime":"Thrust faulting","regime_code":"TF","regime_share":0.54,"agreement":0.73,"records":174,"support":56.0}},{"type":"Feature","geometry":{"type":"LineString","coordinates":[[106.5187,-4.1021],[107.2313,-2.6479]]},"properties":{"azimuth":26.1,"regime":"Strike-slip","regime_code":"SS","regime_share":0.3,"agreement":0.69,"records":45,"support":11.0}},{"type":"Feature","geometry":{"type":"LineString","coordinates":[[113.1657,-4.042],[114.0843,-2.708]]},"properties":{"azimuth":34.5,"regime":"Strike-slip","regime_code":"SS","regime_share":0.59,"agreement":0.52,"records":3,"support":1.0}},{"type":"Feature","geometry":{"type":"LineString","coordinates":[[115.0642,-3.3758],[116.6858,-3.3742]]},"properties":{"azimuth":89.9,"regime":"Thrust faulting","regime_code":"TF","regime_share":0.73,"agreement":0.27,"records":7,"support":2.4}},{"type":"Feature","geometry":{"type":"LineString","coordinates":[[117.3609,-3.1044],[118.8891,-3.6456]]},"properties":{"azimuth":109.5,"regime":"Thrust faulting","regime_code":"TF","regime_share":0.38,"agreement":0.7,"records":38,"support":12.7}},{"type":"Feature","geometry":{"type":"LineString","coordinates":[[119.5877,-3.1816],[121.1623,-3.5684]]},"properties":{"azimuth":103.8,"regime":"Strike-slip","regime_code":"SS","regime_share":0.4,"agreement":0.7,"records":74,"support":32.2}},{"type":"Feature","geometry":{"type":"LineString","coordinates":[[121.8175,-3.302],[123.4325,-3.448]]},"properties":{"azimuth":95.2,"regime":"Strike-slip","regime_code":"SS","regime_share":0.42,"agreement":0.55,"records":111,"support":45.0}},{"type":"Feature","geometry":{"type":"LineString","coordinates":[[124.2216,-3.8542],[125.5284,-2.8958]]},"properties":{"azimuth":53.7,"regime":"Thrust faulting","regime_code":"TF","regime_share":0.44,"agreement":0.26,"records":179,"support":65.0}},{"type":"Feature","geometry":{"type":"LineString","coordinates":[[126.6787,-4.0507],[127.5713,-2.6993]]},"properties":{"azimuth":33.4,"regime":"Thrust faulting","regime_code":"TF","regime_share":0.5,"agreement":0.55,"records":232,"support":103.7}},{"type":"Feature","geometry":{"type":"LineString","coordinates":[[128.911,-4.0387],[129.839,-2.7113]]},"properties":{"azimuth":34.9,"regime":"Thrust faulting","regime_code":"TF","regime_share":0.57,"agreement":0.66,"records":203,"support":108.9}},{"type":"Feature","geometry":{"type":"LineString","coordinates":[[131.195,-4.0612],[132.055,-2.6888]]},"properties":{"azimuth":32.0,"regime":"Thrust faulting","regime_code":"TF","regime_share":0.52,"agreement":0.67,"records":263,"support":102.2}},{"type":"Feature","geometry":{"type":"LineString","coordinates":[[133.5739,-4.1265],[134.1761,-2.6235]]},"properties":{"azimuth":21.8,"regime":"Strike-slip","regime_code":"SS","regime_share":0.45,"agreement":0.64,"records":238,"support":119.9}},{"type":"Feature","geometry":{"type":"LineString","coordinates":[[135.8203,-4.125],[136.4297,-2.625]]},"properties":{"azimuth":22.1,"regime":"Strike-slip","regime_code":"SS","regime_share":0.45,"agreement":0.59,"records":259,"support":123.3}},{"type":"Feature","geometry":{"type":"LineString","coordinates":[[137.9114,-4.039],[138.8386,-2.711]]},"properties":{"azimuth":34.9,"regime":"Thrust faulting","regime_code":"TF","regime_share":0.58,"agreement":0.61,"records":228,"support":119.8}},{"type":"Feature","geometry":{"type":"LineString","coordinates":[[140.1001,-3.9919],[141.1499,-2.7581]]},"properties":{"azimuth":40.3,"regime":"Thrust faulting","regime_code":"TF","regime_share":0.61,"agreement":0.62,"records":195,"support":116.7}},{"type":"Feature","geometry":{"type":"LineString","coordinates":[[142.3714,-4.0094],[143.3786,-2.7406]]},"properties":{"azimuth":38.4,"regime":"Thrust faulting","regime_code":"TF","regime_share":0.48,"agreement":0.66,"records":231,"support":108.7}},{"type":"Feature","geometry":{"type":"LineString","coordinates":[[144.6098,-4.0],[145.6402,-2.75]]},"properties":{"azimuth":39.4,"regime":"Strike-slip","regime_code":"SS","regime_share":0.69,"agreement":0.8,"records":252,"support":124.6}},{"type":"Feature","geometry":{"type":"LineString","coordinates":[[146.7696,-3.9134],[147.9804,-2.8366]]},"properties":{"azimuth":48.3,"regime":"Strike-slip","regime_code":"SS","regime_share":0.84,"agreement":0.78,"records":327,"support":164.7}},{"type":"Feature","geometry":{"type":"LineString","coordinates":[[148.9398,-3.8077],[150.3102,-2.9423]]},"properties":{"azimuth":57.7,"regime":"Strike-slip","regime_code":"SS","regime_share":0.68,"agreement":0.5,"records":528,"support":234.8}},{"type":"Feature","geometry":{"type":"LineString","coordinates":[[151.1411,-3.719],[152.6089,-3.031]]},"properties":{"azimuth":64.9,"regime":"Strike-slip","regime_code":"SS","regime_share":0.47,"agreement":0.25,"records":501,"support":243.8}},{"type":"Feature","geometry":{"type":"LineString","coordinates":[[153.5334,-3.9285],[154.7166,-2.8215]]},"properties":{"azimuth":46.9,"regime":"Thrust faulting","regime_code":"TF","regime_share":0.65,"agreement":0.19,"records":468,"support":156.9}},{"type":"Feature","geometry":{"type":"LineString","coordinates":[[155.8305,-3.9747],[156.9195,-2.7753]]},"properties":{"azimuth":42.2,"regime":"Thrust faulting","regime_code":"TF","regime_share":0.88,"agreement":0.59,"records":218,"support":41.9}},{"type":"Feature","geometry":{"type":"LineString","coordinates":[[174.1183,-4.1427],[174.6317,-2.6073]]},"properties":{"azimuth":18.5,"regime":"Thrust faulting","regime_code":"TF","regime_share":0.7,"agreement":0.97,"records":5,"support":1.5}},{"type":"Feature","geometry":{"type":"LineString","coordinates":[[176.3672,-4.1424],[176.8828,-2.6076]]},"properties":{"azimuth":18.5,"regime":"Thrust faulting","regime_code":"TF","regime_share":0.7,"agreement":0.97,"records":5,"support":4.5}},{"type":"Feature","geometry":{"type":"LineString","coordinates":[[178.6162,-4.142],[179.1338,-2.608]]},"properties":{"azimuth":18.6,"regime":"Thrust faulting","regime_code":"TF","regime_share":0.7,"agreement":0.97,"records":5,"support":4.0}},{"type":"Feature","geometry":{"type":"LineString","coordinates":[[-150.2014,-5.3571],[-148.6665,-5.8929]]},"properties":{"azimuth":109.3,"regime":"Strike-slip","regime_code":"SS","regime_share":1.0,"agreement":0.93,"records":4,"support":2.1}},{"type":"Feature","geometry":{"type":"LineString","coordinates":[[-147.9352,-5.3513],[-146.4044,-5.8987]]},"properties":{"azimuth":109.8,"regime":"Strike-slip","regime_code":"SS","regime_share":1.0,"agreement":0.93,"records":4,"support":2.2}},{"type":"Feature","geometry":{"type":"LineString","coordinates":[[-125.3244,-5.4593],[-123.7322,-5.7907]]},"properties":{"azimuth":101.8,"regime":"Thrust faulting","regime_code":"TF","regime_share":1.0,"agreement":0.88,"records":4,"support":2.0}},{"type":"Feature","geometry":{"type":"LineString","coordinates":[[-123.0425,-5.3901],[-121.4859,-5.8599]]},"properties":{"azimuth":106.9,"regime":"Thrust faulting","regime_code":"TF","regime_share":1.0,"agreement":0.83,"records":6,"support":4.0}},{"type":"Feature","geometry":{"type":"LineString","coordinates":[[-120.7195,-5.2477],[-119.2805,-6.0023]]},"properties":{"azimuth":117.8,"regime":"Thrust faulting","regime_code":"TF","regime_share":1.0,"agreement":0.77,"records":6,"support":3.2}},{"type":"Feature","geometry":{"type":"LineString","coordinates":[[-118.2906,-5.0331],[-117.1811,-6.2169]]},"properties":{"azimuth":137.0,"regime":"Thrust faulting","regime_code":"TF","regime_share":1.0,"agreement":0.89,"records":2,"support":1.1}},{"type":"Feature","geometry":{"type":"LineString","coordinates":[[-113.6806,-6.2834],[-112.7345,-4.9666]]},"properties":{"azimuth":35.6,"regime":"Thrust faulting","regime_code":"TF","regime_share":1.0,"agreement":0.93,"records":2,"support":1.5}},{"type":"Feature","geometry":{"type":"LineString","coordinates":[[-111.5452,-6.1694],[-110.3416,-5.0806]]},"properties":{"azimuth":47.7,"regime":"Strike-slip","regime_code":"SS","regime_share":0.82,"agreement":0.87,"records":44,"support":9.7}},{"type":"Feature","geometry":{"type":"LineString","coordinates":[[-109.3167,-6.1277],[-108.0418,-5.1223]]},"properties":{"azimuth":51.6,"regime":"Strike-slip","regime_code":"SS","regime_share":0.97,"agreement":0.92,"records":105,"support":34.5}},{"type":"Feature","geometry":{"type":"LineString","coordinates":[[-107.0588,-6.1197],[-105.7714,-5.1303]]},"properties":{"azimuth":52.3,"regime":"Strike-slip","regime_code":"SS","regime_share":0.98,"agreement":0.94,"records":108,"support":63.2}},{"type":"Feature","geometry":{"type":"LineString","coordinates":[[-104.7902,-6.1253],[-103.5116,-5.1247]]},"properties":{"azimuth":51.8,"regime":"Strike-slip","regime_code":"SS","regime_share":0.96,"agreement":0.91,"records":106,"support":63.4}},{"type":"Feature","geometry":{"type":"LineString","coordinates":[[-102.5144,-6.1397],[-101.2591,-5.1103]]},"properties":{"azimuth":50.5,"regime":"Strike-slip","regime_code":"SS","regime_share":0.93,"agreement":0.85,"records":72,"support":25.0}},{"type":"Feature","geometry":{"type":"LineString","coordinates":[[-100.2211,-6.1731],[-99.0242,-5.0769]]},"properties":{"azimuth":47.4,"regime":"Strike-slip","regime_code":"SS","regime_share":0.65,"agreement":0.65,"records":8,"support":1.4}},{"type":"Feature","geometry":{"type":"LineString","coordinates":[[-84.5688,-5.7946],[-82.9783,-5.4554]]},"properties":{"azimuth":77.9,"regime":"Thrust faulting","regime_code":"TF","regime_share":0.61,"agreement":0.39,"records":30,"support":11.0}},{"type":"Feature","geometry":{"type":"LineString","coordinates":[[-82.3202,-5.6895],[-80.6987,-5.5605]]},"properties":{"azimuth":85.4,"regime":"Thrust faulting","regime_code":"TF","regime_share":0.58,"agreement":0.56,"records":60,"support":32.6}},{"type":"Feature","geometry":{"type":"LineString","coordinates":[[-80.0562,-5.5636],[-78.4343,-5.6864]]},"properties":{"azimuth":94.4,"regime":"Thrust faulting","regime_code":"TF","regime_share":0.48,"agreement":0.68,"records":75,"support":42.8}},{"type":"Feature","geometry":{"type":"LineString","coordinates":[[-77.7875,-5.5195],[-76.1748,-5.7305]]},"properties":{"azimuth":97.5,"regime":"Normal faulting","regime_code":"NF","regime_share":0.48,"agreement":0.63,"records":55,"support":33.1}},{"type":"Feature","geometry":{"type":"LineString","coordinates":[[-75.5271,-5.6966],[-73.9069,-5.5534]]},"properties":{"azimuth":84.9,"regime":"Thrust faulting","regime_code":"TF","regime_share":0.69,"agreement":0.44,"records":38,"support":14.1}},{"type":"Feature","geometry":{"type":"LineString","coordinates":[[-73.1971,-5.9512],[-71.7085,-5.2988]]},"properties":{"azimuth":66.2,"regime":"Thrust faulting","regime_code":"TF","regime_share":0.88,"agreement":0.52,"records":9,"support":2.2}},{"type":"Feature","geometry":{"type":"LineString","coordinates":[[-68.2722,-6.3567],[-67.5769,-4.8933]]},"properties":{"azimuth":25.3,"regime":"Undetermined","regime_code":"U","regime_share":1.0,"agreement":0.96,"records":4,"support":2.2}},{"type":"Feature","geometry":{"type":"LineString","coordinates":[[-66.0002,-6.3604],[-65.3206,-4.8896]]},"properties":{"azimuth":24.7,"regime":"Undetermined","regime_code":"U","regime_share":0.98,"agreement":0.96,"records":5,"support":5.6}},{"type":"Feature","geometry":{"type":"LineString","coordinates":[[-63.7191,-6.3679],[-63.0733,-4.8821]]},"properties":{"azimuth":23.4,"regime":"Undetermined","regime_code":"U","regime_share":0.88,"agreement":0.96,"records":5,"support":4.3}},{"type":"Feature","geometry":{"type":"LineString","coordinates":[[-57.1017,-4.985],[-56.1059,-6.265]]},"properties":{"azimuth":142.3,"regime":"Undetermined","regime_code":"U","regime_share":1.0,"agreement":0.93,"records":3,"support":1.1}},{"type":"Feature","geometry":{"type":"LineString","coordinates":[[-54.8778,-5.0181],[-53.8015,-6.2319]]},"properties":{"azimuth":138.6,"regime":"Undetermined","regime_code":"U","regime_share":0.85,"agreement":0.92,"records":4,"support":2.0}},{"type":"Feature","geometry":{"type":"LineString","coordinates":[[-43.7202,-5.2151],[-42.3176,-6.0349]]},"properties":{"azimuth":120.4,"regime":"Undetermined","regime_code":"U","regime_share":0.4,"agreement":0.85,"records":13,"support":3.8}},{"type":"Feature","geometry":{"type":"LineString","coordinates":[[-41.4654,-5.2315],[-40.044,-6.0185]]},"properties":{"azimuth":119.1,"regime":"Strike-slip","regime_code":"SS","regime_share":0.52,"agreement":0.75,"records":31,"support":12.9}},{"type":"Feature","geometry":{"type":"LineString","coordinates":[[-39.2479,-5.3298],[-37.7333,-5.9202]]},"properties":{"azimuth":111.4,"regime":"Strike-slip","regime_code":"SS","regime_share":0.5,"agreement":0.64,"records":52,"support":29.3}},{"type":"Feature","geometry":{"type":"LineString","coordinates":[[-37.0273,-5.484],[-35.4255,-5.766]]},"properties":{"azimuth":100.0,"regime":"Strike-slip","regime_code":"SS","regime_share":0.5,"agreement":0.64,"records":46,"support":31.4}},{"type":"Feature","geometry":{"type":"LineString","coordinates":[[-34.7756,-5.6303],[-33.149,-5.6197]]},"properties":{"azimuth":89.6,"regime":"Strike-slip","regime_code":"SS","regime_share":0.53,"agreement":0.76,"records":34,"support":13.2}},{"type":"Feature","geometry":{"type":"LineString","coordinates":[[-22.7294,-6.4297],[-22.5537,-4.8203]]},"properties":{"azimuth":6.2,"regime":"Thrust faulting","regime_code":"TF","regime_share":1.0,"agreement":0.93,"records":2,"support":1.4}},{"type":"Feature","geometry":{"type":"LineString","coordinates":[[-20.4716,-6.4289],[-20.2831,-4.8211]]},"properties":{"azimuth":6.7,"regime":"Thrust faulting","regime_code":"TF","regime_share":1.0,"agreement":0.93,"records":2,"support":1.3}},{"type":"Feature","geometry":{"type":"LineString","coordinates":[[-15.8563,-4.8156],[-15.8418,-6.4344]]},"properties":{"azimuth":179.5,"regime":"Normal faulting","regime_code":"NF","regime_share":0.74,"agreement":0.74,"records":42,"support":10.8}},{"type":"Feature","geometry":{"type":"LineString","coordinates":[[-13.6297,-4.8168],[-13.5401,-6.4332]]},"properties":{"azimuth":176.8,"regime":"Normal faulting","regime_code":"NF","regime_share":0.76,"agreement":0.71,"records":83,"support":45.2}},{"type":"Feature","geometry":{"type":"LineString","coordinates":[[-11.3781,-4.8176],[-11.2634,-6.4324]]},"properties":{"azimuth":176.0,"regime":"Normal faulting","regime_code":"NF","regime_share":0.77,"agreement":0.71,"records":80,"support":49.2}},{"type":"Feature","geometry":{"type":"LineString","coordinates":[[-9.1226,-4.8183],[-8.9906,-6.4317]]},"properties":{"azimuth":175.3,"regime":"Normal faulting","regime_code":"NF","regime_share":0.79,"agreement":0.71,"records":49,"support":16.4}},{"type":"Feature","geometry":{"type":"LineString","coordinates":[[21.8568,-5.8378],[23.4262,-5.4122]]},"properties":{"azimuth":74.8,"regime":"Normal faulting","regime_code":"NF","regime_share":0.6,"agreement":0.75,"records":5,"support":1.8}},{"type":"Feature","geometry":{"type":"LineString","coordinates":[[24.4022,-6.2606],[25.4092,-4.9894]]},"properties":{"azimuth":38.2,"regime":"Normal faulting","regime_code":"NF","regime_share":0.74,"agreement":0.37,"records":8,"support":3.2}},{"type":"Feature","geometry":{"type":"LineString","coordinates":[[27.0319,-6.4227],[27.3077,-4.8273]]},"properties":{"azimuth":9.8,"regime":"Normal faulting","regime_code":"NF","regime_share":0.86,"agreement":0.7,"records":32,"support":13.1}},{"type":"Feature","geometry":{"type":"LineString","coordinates":[[29.3835,-6.4328],[29.4845,-4.8172]]},"properties":{"azimuth":3.6,"regime":"Normal faulting","regime_code":"NF","regime_share":0.87,"agreement":0.73,"records":41,"support":23.4}},{"type":"Feature","geometry":{"type":"LineString","coordinates":[[31.6529,-4.8169],[31.7434,-6.4331]]},"properties":{"azimuth":176.8,"regime":"Normal faulting","regime_code":"NF","regime_share":0.83,"agreement":0.7,"records":32,"support":15.5}},{"type":"Feature","geometry":{"type":"LineString","coordinates":[[33.7054,-6.393],[34.2191,-4.857]]},"properties":{"azimuth":18.4,"regime":"Normal faulting","regime_code":"NF","regime_share":0.71,"agreement":0.25,"records":35,"support":11.9}},{"type":"Feature","geometry":{"type":"LineString","coordinates":[[35.8386,-6.3364],[36.6143,-4.9136]]},"properties":{"azimuth":28.5,"regime":"Normal faulting","regime_code":"NF","regime_share":0.72,"agreement":0.31,"records":27,"support":13.5}},{"type":"Feature","geometry":{"type":"LineString","coordinates":[[38.3244,-6.4173],[38.6567,-4.8327]]},"properties":{"azimuth":11.8,"regime":"Normal faulting","regime_code":"NF","regime_share":0.76,"agreement":0.33,"records":26,"support":8.6}},{"type":"Feature","geometry":{"type":"LineString","coordinates":[[40.7208,-4.8163],[40.7886,-6.4337]]},"properties":{"azimuth":177.6,"regime":"Normal faulting","regime_code":"NF","regime_share":0.68,"agreement":0.4,"records":7,"support":3.5}},{"type":"Feature","geometry":{"type":"LineString","coordinates":[[65.3341,-4.8836],[65.9866,-6.3664]]},"properties":{"azimuth":156.4,"regime":"Normal faulting","regime_code":"NF","regime_share":0.52,"agreement":0.55,"records":89,"support":23.2}},{"type":"Feature","geometry":{"type":"LineString","coordinates":[[67.4912,-4.9401],[68.3579,-6.3099]]},"properties":{"azimuth":147.8,"regime":"Normal faulting","regime_code":"NF","regime_share":0.56,"agreement":0.48,"records":137,"support":62.4}},{"type":"Feature","geometry":{"type":"LineString","coordinates":[[69.5653,-5.1051],[70.8121,-6.1449]]},"properties":{"azimuth":130.0,"regime":"Normal faulting","regime_code":"NF","regime_share":0.6,"agreement":0.41,"records":94,"support":47.4}},{"type":"Feature","geometry":{"type":"LineString","coordinates":[[71.66,-5.4447],[73.2457,-5.8053]]},"properties":{"azimuth":102.9,"regime":"Normal faulting","regime_code":"NF","regime_share":0.71,"agreement":0.64,"records":42,"support":16.9}},{"type":"Feature","geometry":{"type":"LineString","coordinates":[[73.9081,-5.5411],[75.5259,-5.7089]]},"properties":{"azimuth":95.9,"regime":"Normal faulting","regime_code":"NF","regime_share":0.84,"agreement":0.86,"records":15,"support":4.0}},{"type":"Feature","geometry":{"type":"LineString","coordinates":[[78.9193,-4.8835],[79.5713,-6.3665]]},"properties":{"azimuth":156.4,"regime":"Thrust faulting","regime_code":"TF","regime_share":0.91,"agreement":0.99,"records":3,"support":1.4}},{"type":"Feature","geometry":{"type":"LineString","coordinates":[[81.1737,-4.8878],[81.8451,-6.3622]]},"properties":{"azimuth":155.6,"regime":"Thrust faulting","regime_code":"TF","regime_share":0.84,"agreement":0.98,"records":3,"support":1.7}},{"type":"Feature","geometry":{"type":"LineString","coordinates":[[83.5475,-4.8475],[83.9996,-6.4025]]},"properties":{"azimuth":163.9,"regime":"Thrust faulting","regime_code":"TF","regime_share":0.54,"agreement":0.87,"records":7,"support":1.8}},{"type":"Feature","geometry":{"type":"LineString","coordinates":[[85.8004,-4.8508],[86.2751,-6.3992]]},"properties":{"azimuth":163.0,"regime":"Strike-slip","regime_code":"SS","regime_share":0.62,"agreement":0.87,"records":7,"support":3.0}},{"type":"Feature","geometry":{"type":"LineString","coordinates":[[87.9412,-4.8996],[88.6626,-6.3504]]},"properties":{"azimuth":153.7,"regime":"Strike-slip","regime_code":"SS","regime_share":0.76,"agreement":0.9,"records":11,"support":3.8}},{"type":"Feature","geometry":{"type":"LineString","coordinates":[[90.0762,-4.9789],[91.0559,-6.2711]]},"properties":{"azimuth":143.0,"regime":"Strike-slip","regime_code":"SS","regime_share":0.85,"agreement":0.8,"records":8,"support":2.1}},{"type":"Feature","geometry":{"type":"LineString","coordinates":[[92.3693,-4.9581],[93.2911,-6.2919]]},"properties":{"azimuth":145.5,"regime":"Strike-slip","regime_code":"SS","regime_share":0.76,"agreement":0.25,"records":4,"support":1.5}},{"type":"Feature","geometry":{"type":"LineString","coordinates":[[94.6096,-4.9751],[95.5791,-6.2749]]},"properties":{"azimuth":143.4,"regime":"Strike-slip","regime_code":"SS","regime_share":0.83,"agreement":0.67,"records":6,"support":2.7}},{"type":"Feature","geometry":{"type":"LineString","coordinates":[[97.0024,-6.3527],[97.7146,-4.8973]]},"properties":{"azimuth":26.0,"regime":"Thrust faulting","regime_code":"TF","regime_share":0.61,"agreement":0.27,"records":69,"support":16.1}},{"type":"Feature","geometry":{"type":"LineString","coordinates":[[99.163,-6.2927],[100.0823,-4.9573]]},"properties":{"azimuth":34.4,"regime":"Thrust faulting","regime_code":"TF","regime_share":0.79,"agreement":0.63,"records":213,"support":85.8}},{"type":"Feature","geometry":{"type":"LineString","coordinates":[[101.4571,-6.3122],[102.3164,-4.9378]]},"properties":{"azimuth":31.9,"regime":"Thrust faulting","regime_code":"TF","regime_share":0.73,"agreement":0.69,"records":230,"support":137.7}},{"type":"Feature","geometry":{"type":"LineString","coordinates":[[103.7706,-6.3404],[104.5313,-4.9096]]},"properties":{"azimuth":27.9,"regime":"Thrust faulting","regime_code":"TF","regime_share":0.61,"agreement":0.72,"records":191,"support":110.8}},{"type":"Feature","geometry":{"type":"LineString","coordinates":[[106.0915,-6.3676],[106.7387,-4.8824]]},"properties":{"azimuth":23.4,"regime":"Thrust faulting","regime_code":"TF","regime_share":0.47,"agreement":0.72,"records":117,"support":47.4}},{"type":"Feature","geometry":{"type":"LineString","coordinates":[[108.4491,-6.4013],[108.9093,-4.8487]]},"properties":{"azimuth":16.4,"regime":"Thrust faulting","regime_code":"TF","regime_share":0.38,"agreement":0.47,"records":54,"support":13.1}},{"type":"Feature","geometry":{"type":"LineString","coordinates":[[110.7864,-6.4192],[111.1004,-4.8308]]},"properties":{"azimuth":11.1,"regime":"Strike-slip","regime_code":"SS","regime_share":0.73,"agreement":0.88,"records":14,"support":4.4}},{"type":"Feature","geometry":{"type":"LineString","coordinates":[[112.9819,-6.4026],[113.4332,-4.8474]]},"properties":{"azimuth":16.1,"regime":"Strike-slip","regime_code":"SS","regime_share":0.9,"agreement":0.83,"records":10,"support":3.6}},{"type":"Feature","geometry":{"type":"LineString","coordinates":[[115.4716,-4.8156],[115.4717,-6.4344]]},"properties":{"azimuth":180.0,"regime":"Thrust faulting","regime_code":"TF","regime_share":0.5,"agreement":0.73,"records":25,"support":6.8}},{"type":"Feature","geometry":{"type":"LineString","coordinates":[[117.5538,-4.8361],[117.9179,-6.4139]]},"properties":{"azimuth":167.1,"regime":"Thrust faulting","regime_code":"TF","regime_share":0.71,"agreement":0.68,"records":39,"support":14.0}},{"type":"Feature","geometry":{"type":"LineString","coordinates":[[119.5318,-4.9632],[120.4682,-6.2868]]},"properties":{"azimuth":144.9,"regime":"Thrust faulting","regime_code":"TF","regime_share":0.66,"agreement":0.35,"records":71,"support":23.0}},{"type":"Feature","geometry":{"type":"LineString","coordinates":[[121.5675,-5.2073],[122.9608,-6.0427]]},"properties":{"azimuth":121.1,"regime":"Thrust faulting","regime_code":"TF","regime_share":0.55,"agreement":0.29,"records":75,"support":30.9}},{"type":"Feature","geometry":{"type":"LineString","coordinates":[[124.405,-4.825],[124.6516,-6.425]]},"properties":{"azimuth":171.3,"regime":"Thrust faulting","regime_code":"TF","regime_share":0.51,"agreement":0.2,"records":125,"support":45.2}},{"type":"Feature","geometry":{"type":"LineString","coordinates":[[126.6562,-6.4229],[126.9287,-4.8271]]},"properties":{"azimuth":9.6,"regime":"Thrust faulting","regime_code":"TF","regime_share":0.55,"agreement":0.57,"records":190,"support":72.6}},{"type":"Feature","geometry":{"type":"LineString","coordinates":[[128.8087,-6.3959],[129.3045,-4.8541]]},"properties":{"azimuth":17.7,"regime":"Thrust faulting","regime_code":"TF","regime_share":0.55,"agreement":0.63,"records":194,"support":91.1}},{"type":"Feature","geometry":{"type":"LineString","coordinates":[[130.9895,-6.3642],[131.652,-4.8858]]},"properties":{"azimuth":24.0,"regime":"Thrust faulting","regime_code":"TF","regime_share":0.42,"agreement":0.64,"records":184,"support":77.7}},{"type":"Feature","geometry":{"type":"LineString","coordinates":[[133.3228,-6.3912],[133.847,-4.8588]]},"properties":{"azimuth":18.8,"regime":"Strike-slip","regime_code":"SS","regime_share":0.48,"agreement":0.66,"records":150,"support":74.2}},{"type":"Feature","geometry":{"type":"LineString","coordinates":[[135.6464,-6.4089],[136.0517,-4.8411]]},"properties":{"azimuth":14.4,"regime":"Strike-slip","regime_code":"SS","regime_share":0.52,"agreement":0.66,"records":123,"support":61.2}},{"type":"Feature","geometry":{"type":"LineString","coordinates":[[137.7068,-6.3261],[138.5196,-4.9239]]},"properties":{"azimuth":30.0,"regime":"Thrust faulting","regime_code":"TF","regime_share":0.54,"agreement":0.62,"records":163,"support":47.7}},{"type":"Feature","geometry":{"type":"LineString","coordinates":[[139.87,-6.2576],[140.8847,-4.9924]]},"properties":{"azimuth":38.6,"regime":"Thrust faulting","regime_code":"TF","regime_share":0.63,"agreement":0.66,"records":163,"support":55.4}},{"type":"Feature","geometry":{"type":"LineString","coordinates":[[142.1842,-6.2943],[143.0988,-4.9557]]},"properties":{"azimuth":34.2,"regime":"Thrust faulting","regime_code":"TF","regime_share":0.61,"agreement":0.67,"records":170,"support":65.1}},{"type":"Feature","geometry":{"type":"LineString","coordinates":[[144.4604,-6.3023],[145.3509,-4.9477]]},"properties":{"azimuth":33.2,"regime":"Thrust faulting","regime_code":"TF","regime_share":0.51,"agreement":0.75,"records":223,"support":93.0}},{"type":"Feature","geometry":{"type":"LineString","coordinates":[[146.6623,-6.2575],[147.6773,-4.9925]]},"properties":{"azimuth":38.6,"regime":"Strike-slip","regime_code":"SS","regime_share":0.56,"agreement":0.59,"records":351,"support":146.8}},{"type":"Feature","geometry":{"type":"LineString","coordinates":[[148.8893,-6.2261],[149.9786,-5.0239]]},"properties":{"azimuth":42.0,"regime":"Thrust faulting","regime_code":"TF","regime_share":0.47,"agreement":0.24,"records":546,"support":261.9}},{"type":"Feature","geometry":{"type":"LineString","coordinates":[[151.312,-6.3374],[152.0842,-4.9126]]},"properties":{"azimuth":28.3,"regime":"Thrust faulting","regime_code":"TF","regime_share":0.59,"agreement":0.12,"records":648,"support":372.5}},{"type":"Feature","geometry":{"type":"LineString","coordinates":[[153.5198,-6.3041],[154.4047,-4.9459]]},"properties":{"azimuth":33.0,"regime":"Thrust faulting","regime_code":"TF","regime_share":0.74,"agreement":0.3,"records":598,"support":348.3}},{"type":"Feature","geometry":{"type":"LineString","coordinates":[[155.7166,-6.2556],[156.7363,-4.9944]]},"properties":{"azimuth":38.8,"regime":"Thrust faulting","regime_code":"TF","regime_share":0.83,"agreement":0.62,"records":437,"support":195.3}},{"type":"Feature","geometry":{"type":"LineString","coordinates":[[157.9514,-6.231],[159.0297,-5.019]]},"properties":{"azimuth":41.5,"regime":"Thrust faulting","regime_code":"TF","regime_share":0.79,"agreement":0.78,"records":268,"support":60.1}},{"type":"Feature","geometry":{"type":"LineString","coordinates":[[160.1062,-6.1134],[161.4033,-5.1366]]},"properties":{"azimuth":52.9,"regime":"Thrust faulting","regime_code":"TF","regime_share":0.5,"agreement":0.42,"records":8,"support":2.5}},{"type":"Feature","geometry":{"type":"LineString","coordinates":[[176.3398,-6.3906],[176.8678,-4.8594]]},"properties":{"azimuth":18.9,"regime":"Thrust faulting","regime_code":"TF","regime_share":0.71,"agreement":0.97,"records":5,"support":2.6}},{"type":"Feature","geometry":{"type":"LineString","coordinates":[[178.6029,-6.3902],[179.133,-4.8598]]},"properties":{"azimuth":19.0,"regime":"Thrust faulting","regime_code":"TF","regime_share":0.71,"agreement":0.97,"records":5,"support":2.3}},{"type":"Feature","geometry":{"type":"LineString","coordinates":[[-152.291,-7.6098],[-150.747,-8.1402]]},"properties":{"azimuth":109.1,"regime":"Strike-slip","regime_code":"SS","regime_share":1.0,"agreement":0.93,"records":4,"support":1.0}},{"type":"Feature","geometry":{"type":"LineString","coordinates":[[-150.0104,-7.6039],[-148.4706,-8.1461]]},"properties":{"azimuth":109.6,"regime":"Strike-slip","regime_code":"SS","regime_share":1.0,"agreement":0.93,"records":4,"support":3.5}},{"type":"Feature","geometry":{"type":"LineString","coordinates":[[-147.7299,-7.5982],[-146.1942,-8.1518]]},"properties":{"azimuth":110.0,"regime":"Strike-slip","regime_code":"SS","regime_share":1.0,"agreement":0.93,"records":4,"support":3.3}},{"type":"Feature","geometry":{"type":"LineString","coordinates":[[-131.2401,-8.6524],[-130.7852,-7.0976]]},"properties":{"azimuth":16.2,"regime":"Normal faulting","regime_code":"NF","regime_share":0.87,"agreement":0.76,"records":3,"support":1.2}},{"type":"Feature","geometry":{"type":"LineString","coordinates":[[-124.9745,-7.6979],[-123.3799,-8.0521]]},"properties":{"azimuth":102.6,"regime":"Thrust faulting","regime_code":"TF","regime_share":1.0,"agreement":0.88,"records":4,"support":2.2}},{"type":"Feature","geometry":{"type":"LineString","coordinates":[[-122.6687,-7.604],[-121.1288,-8.146]]},"properties":{"azimuth":109.6,"regime":"Thrust faulting","regime_code":"TF","regime_share":1.0,"agreement":0.82,"records":6,"support":4.1}},{"type":"Feature","geometry":{"type":"LineString","coordinates":[[-120.3139,-7.4472],[-118.9266,-8.3028]]},"properties":{"azimuth":121.9,"regime":"Thrust faulting","regime_code":"TF","regime_share":1.0,"agreement":0.78,"records":6,"support":3.2}},{"type":"Feature","geometry":{"type":"LineString","coordinates":[[-117.9111,-7.2944],[-116.7725,-8.4556]]},"properties":{"azimuth":135.8,"regime":"Thrust faulting","regime_code":"TF","regime_share":1.0,"agreement":0.88,"records":2,"support":1.1}},{"type":"Feature","geometry":{"type":"LineString","coordinates":[[-113.3987,-8.4091],[-112.1709,-7.3409]]},"properties":{"azimuth":48.7,"regime":"Strike-slip","regime_code":"SS","regime_share":0.88,"agreement":0.78,"records":31,"support":7.3}},{"type":"Feature","geometry":{"type":"LineString","coordinates":[[-111.1329,-8.3945],[-109.8798,-7.3555]]},"properties":{"azimuth":50.1,"regime":"Strike-slip","regime_code":"SS","regime_share":0.96,"agreement":0.87,"records":64,"support":33.5}},{"type":"Feature","geometry":{"type":"LineString","coordinates":[[-108.86,-8.3878],[-107.5957,-7.3622]]},"properties":{"azimuth":50.7,"regime":"Strike-slip","regime_code":"SS","regime_share":0.96,"agreement":0.88,"records":76,"support":47.0}},{"type":"Feature","geometry":{"type":"LineString","coordinates":[[-106.589,-8.3786],[-105.3097,-7.3714]]},"properties":{"azimuth":51.5,"regime":"Strike-slip","regime_code":"SS","regime_share":0.95,"agreement":0.88,"records":109,"support":34.9}},{"type":"Feature","geometry":{"type":"LineString","coordinates":[[-104.3172,-8.3702],[-103.0246,-7.3798]]},"properties":{"azimuth":52.3,"regime":"Strike-slip","regime_code":"SS","regime_share":0.92,"agreement":0.88,"records":73,"support":13.4}},{"type":"Feature","geometry":{"type":"LineString","coordinates":[[-83.9767,-7.9638],[-82.3524,-7.7862]]},"properties":{"azimuth":83.7,"regime":"Thrust faulting","regime_code":"TF","regime_share":0.68,"agreement":0.48,"records":26,"support":10.0}},{"type":"Feature","geometry":{"type":"LineString","coordinates":[[-81.7018,-7.8288],[-80.0703,-7.9212]]},"properties":{"azimuth":93.3,"regime":"Normal faulting","regime_code":"NF","regime_share":0.49,"agreement":0.67,"records":54,"support":31.8}},{"type":"Feature","geometry":{"type":"LineString","coordinates":[[-79.4147,-7.749],[-77.8005,-8.001]]},"properties":{"azimuth":99.0,"regime":"Normal faulting","regime_code":"NF","regime_share":0.65,"agreement":0.74,"records":66,"support":48.9}},{"type":"Feature","geometry":{"type":"LineString","coordinates":[[-77.1373,-7.7558],[-75.5209,-7.9942]]},"properties":{"azimuth":98.5,"regime":"Normal faulting","regime_code":"NF","regime_share":0.55,"agreement":0.64,"records":57,"support":40.7}},{"type":"Feature","geometry":{"type":"LineString","coordinates":[[-74.8663,-7.9229],[-73.235,-7.8271]]},"properties":{"azimuth":86.6,"regime":"Thrust faulting","regime_code":"TF","regime_share":0.78,"agreement":0.49,"records":40,"support":16.4}},{"type":"Feature","geometry":{"type":"LineString","coordinates":[[-72.5848,-7.7908],[-70.9595,-7.9592]]},"properties":{"azimuth":96.0,"regime":"Thrust faulting","regime_code":"TF","regime_share":0.77,"agreement":0.49,"records":11,"support":3.4}},{"type":"Feature","geometry":{"type":"LineString","coordinates":[[-67.5641,-8.6069],[-66.8663,-7.1431]]},"properties":{"azimuth":25.3,"regime":"Undetermined","regime_code":"U","regime_share":1.0,"agreement":0.96,"records":4,"support":1.2}},{"type":"Feature","geometry":{"type":"LineString","coordinates":[[-65.2813,-8.6089],[-64.5921,-7.1411]]},"properties":{"azimuth":24.9,"regime":"Undetermined","regime_code":"U","regime_share":1.0,"agreement":0.96,"records":4,"support":2.0}},{"type":"Feature","geometry":{"type":"LineString","coordinates":[[-40.6385,-7.5907],[-39.1084,-8.1593]]},"properties":{"azimuth":110.6,"regime":"Strike-slip","regime_code":"SS","regime_share":0.37,"agreement":0.6,"records":39,"support":8.4}},{"type":"Feature","geometry":{"type":"LineString","coordinates":[[-38.4061,-7.7775],[-36.7838,-7.9725]]},"properties":{"azimuth":96.9,"regime":"Normal faulting","regime_code":"NF","regime_share":0.35,"agreement":0.64,"records":47,"support":24.9}},{"type":"Feature","geometry":{"type":"LineString","coordinates":[[-36.1332,-7.8528],[-34.4997,-7.8972]]},"properties":{"azimuth":91.6,"regime":"Normal faulting","regime_code":"NF","regime_share":0.46,"agreement":0.79,"records":39,"support":23.8}},{"type":"Feature","geometry":{"type":"LineString","coordinates":[[-33.8544,-7.9086],[-32.2216,-7.8414]]},"properties":{"azimuth":87.6,"regime":"Normal faulting","regime_code":"NF","regime_share":0.57,"agreement":0.92,"records":24,"support":6.9}},{"type":"Feature","geometry":{"type":"LineString","coordinates":[[-21.7392,-8.6791],[-21.5519,-7.0709]]},"properties":{"azimuth":6.6,"regime":"Thrust faulting","regime_code":"TF","regime_share":1.0,"agreement":0.93,"records":2,"support":1.8}},{"type":"Feature","geometry":{"type":"LineString","coordinates":[[-17.204,-7.0737],[-16.9733,-8.6763]]},"properties":{"azimuth":171.9,"regime":"Normal faulting","regime_code":"NF","regime_share":0.95,"agreement":0.91,"records":19,"support":4.0}},{"type":"Feature","geometry":{"type":"LineString","coordinates":[[-14.8168,-8.6844],[-14.8035,-7.0656]]},"properties":{"azimuth":0.5,"regime":"Normal faulting","regime_code":"NF","regime_share":0.7,"agreement":0.72,"records":85,"support":33.5}},{"type":"Feature","geometry":{"type":"LineString","coordinates":[[-12.5339,-8.6844],[-12.5294,-7.0656]]},"properties":{"azimuth":0.2,"regime":"Normal faulting","regime_code":"NF","regime_share":0.71,"agreement":0.7,"records":98,"support":53.2}},{"type":"Feature","geometry":{"type":"LineString","coordinates":[[-10.2563,-7.0656],[-10.2501,-8.6844]]},"properties":{"azimuth":179.8,"regime":"Normal faulting","regime_code":"NF","regime_share":0.71,"agreement":0.68,"records":77,"support":27.0}},{"type":"Feature","geometry":{"type":"LineString","coordinates":[[-7.9936,-8.6842],[-7.9557,-7.0658]]},"properties":{"azimuth":1.3,"regime":"Normal faulting","regime_code":"NF","regime_share":0.79,"agreement":0.7,"records":12,"support":2.3}},{"type":"Feature","geometry":{"type":"LineString","coordinates":[[20.8327,-7.9576],[22.4584,-7.7924]]},"properties":{"azimuth":84.1,"regime":"Thrust faulting","regime_code":"TF","regime_share":0.61,"agreement":0.84,"records":2,"support":1.5}},{"type":"Feature","geometry":{"type":"LineString","coordinates":[[23.3729,-8.4726],[24.4752,-7.2774]]},"properties":{"azimuth":42.4,"regime":"Normal faulting","regime_code":"NF","regime_share":0.7,"agreement":0.32,"records":7,"support":2.4}},{"type":"Feature","geometry":{"type":"LineString","coordinates":[[25.9478,-8.644],[26.4573,-7.106]]},"properties":{"azimuth":18.2,"regime":"Normal faulting","regime_code":"NF","regime_share":0.92,"agreement":0.68,"records":19,"support":6.5}},{"type":"Feature","geometry":{"type":"LineString","coordinates":[[28.3969,-8.6801],[28.5651,-7.0699]]},"properties":{"azimuth":5.9,"regime":"Normal faulting","regime_code":"NF","regime_share":0.92,"agreement":0.65,"records":31,"support":18.0}},{"type":"Feature","geometry":{"type":"LineString","coordinates":[[30.7065,-7.0673],[30.8125,-8.6827]]},"properties":{"azimuth":176.3,"regime":"Normal faulting","regime_code":"NF","regime_share":0.92,"agreement":0.66,"records":39,"support":21.6}},{"type":"Feature","geometry":{"type":"LineString","coordinates":[[32.8656,-7.0838],[33.2103,-8.6662]]},"properties":{"azimuth":167.8,"regime":"Normal faulting","regime_code":"NF","regime_share":0.9,"agreement":0.59,"records":45,"support":17.2}},{"type":"Feature","geometry":{"type":"LineString","coordinates":[[35.1717,-7.0784],[35.4612,-8.6716]]},"properties":{"azimuth":169.8,"regime":"Normal faulting","regime_code":"NF","regime_share":0.79,"agreement":0.33,"records":30,"support":13.0}},{"type":"Feature","geometry":{"type":"LineString","coordinates":[[37.4653,-8.6741],[37.7246,-7.0759]]},"properties":{"azimuth":9.1,"regime":"Normal faulting","regime_code":"NF","regime_share":0.74,"agreement":0.22,"records":15,"support":6.8}},{"type":"Feature","geometry":{"type":"LineString","coordinates":[[39.7085,-7.0823],[40.0384,-8.6677]]},"properties":{"azimuth":168.4,"regime":"Normal faulting","regime_code":"NF","regime_share":1.0,"agreement":0.56,"records":11,"support":4.4}},{"type":"Feature","geometry":{"type":"LineString","coordinates":[[41.8764,-7.113],[42.4274,-8.637]]},"properties":{"azimuth":160.3,"regime":"Normal faulting","regime_code":"NF","regime_share":1.0,"agreement":0.64,"records":8,"support":2.6}},{"type":"Feature","geometry":{"type":"LineString","coordinates":[[64.8531,-7.0699],[65.0203,-8.6801]]},"properties":{"azimuth":174.1,"regime":"Strike-slip","regime_code":"SS","regime_share":0.58,"agreement":0.65,"records":61,"support":21.1}},{"type":"Feature","geometry":{"type":"LineString","coordinates":[[67.0887,-7.0754],[67.3417,-8.6746]]},"properties":{"azimuth":171.1,"regime":"Strike-slip","regime_code":"SS","regime_share":0.57,"agreement":0.59,"records":90,"support":51.2}},{"type":"Feature","geometry":{"type":"LineString","coordinates":[[69.2224,-7.1115],[69.765,-8.6385]]},"properties":{"azimuth":160.6,"regime":"Strike-slip","regime_code":"SS","regime_share":0.5,"agreement":0.35,"records":92,"support":44.6}},{"type":"Feature","geometry":{"type":"LineString","coordinates":[[70.9752,-7.6965],[72.5691,-8.0535]]},"properties":{"azimuth":102.7,"regime":"Normal faulting","regime_code":"NF","regime_share":0.72,"agreement":0.55,"records":47,"support":17.8}},{"type":"Feature","geometry":{"type":"LineString","coordinates":[[73.2371,-7.7991],[74.8641,-7.9509]]},"properties":{"azimuth":95.4,"regime":"Normal faulting","regime_code":"NF","regime_share":0.89,"agreement":0.9,"records":15,"support":5.6}},{"type":"Feature","geometry":{"type":"LineString","coordinates":[[80.4817,-7.1717],[81.2904,-8.5783]]},"properties":{"azimuth":150.3,"regime":"Thrust faulting","regime_code":"TF","regime_share":1.0,"agreement":0.99,"records":2,"support":1.1}},{"type":"Feature","geometry":{"type":"LineString","coordinates":[[87.1772,-7.2713],[88.2658,-8.4787]]},"properties":{"azimuth":138.2,"regime":"Strike-slip","regime_code":"SS","regime_share":0.94,"agreement":0.98,"records":3,"support":1.4}},{"type":"Feature","geometry":{"type":"LineString","coordinates":[[89.3946,-7.3314],[90.6054,-8.4186]]},"properties":{"azimuth":132.2,"regime":"Strike-slip","regime_code":"SS","regime_share":0.63,"agreement":0.82,"records":6,"support":2.7}},{"type":"Feature","geometry":{"type":"LineString","coordinates":[[91.641,-7.3687],[92.916,-8.3813]]},"properties":{"azimuth":128.7,"regime":"Strike-slip","regime_code":"SS","regime_share":0.63,"agreement":0.54,"records":8,"support":3.6}},{"type":"Feature","geometry":{"type":"LineString","coordinates":[[93.9743,-7.3076],[95.1396,-8.4424]]},"properties":{"azimuth":134.5,"regime":"Strike-slip","regime_code":"SS","regime_share":0.78,"agreement":0.43,"records":7,"support":3.4}},{"type":"Feature","geometry":{"type":"LineString","coordinates":[[96.3081,-7.2567],[97.3628,-8.4933]]},"properties":{"azimuth":139.8,"regime":"Strike-slip","regime_code":"SS","regime_share":0.9,"agreement":0.79,"records":6,"support":3.0}},{"type":"Feature","geometry":{"type":"LineString","coordinates":[[98.8243,-8.6318],[99.4036,-7.1182]]},"properties":{"azimuth":20.8,"regime":"Thrust faulting","regime_code":"TF","regime_share":0.62,"agreement":0.37,"records":65,"support":14.7}},{"type":"Feature","geometry":{"type":"LineString","coordinates":[[101.0017,-8.5859],[101.7831,-7.1641]]},"properties":{"azimuth":28.6,"regime":"Thrust faulting","regime_code":"TF","regime_share":0.7,"agreement":0.63,"records":157,"support":57.8}},{"type":"Feature","geometry":{"type":"LineString","coordinates":[[103.3192,-8.6056],[104.0226,-7.1444]]},"properties":{"azimuth":25.5,"regime":"Thrust faulting","regime_code":"TF","regime_share":0.6,"agreement":0.67,"records":154,"support":76.6}},{"type":"Feature","geometry":{"type":"LineString","coordinates":[[105.6093,-8.611],[106.2894,-7.139]]},"properties":{"azimuth":24.6,"regime":"Thrust faulting","regime_code":"TF","regime_share":0.44,"agreement":0.36,"records":136,"support":66.3}},{"type":"Feature","geometry":{"type":"LineString","coordinates":[[107.4836,-7.5409],[108.9721,-8.2091]]},"properties":{"azimuth":114.4,"regime":"Normal faulting","regime_code":"NF","regime_share":0.53,"agreement":0.06,"records":92,"support":46.9}},{"type":"Feature","geometry":{"type":"LineString","coordinates":[[110.0616,-7.196],[110.9511,-8.554]]},"properties":{"azimuth":147.0,"regime":"Normal faulting","regime_code":"NF","regime_share":0.52,"agreement":0.08,"records":73,"support":27.0}},{"type":"Feature","geometry":{"type":"LineString","coordinates":[[112.1561,-8.392],[113.4135,-7.358]]},"properties":{"azimuth":50.3,"regime":"Normal faulting","regime_code":"NF","regime_share":0.54,"agreement":0.04,"records":46,"support":18.4}},{"type":"Feature","geometry":{"type":"LineString","coordinates":[[114.8355,-7.0977],[115.2911,-8.6523]]},"properties":{"azimuth":163.8,"regime":"Normal faulting","regime_code":"NF","regime_share":0.38,"agreement":0.19,"records":63,"support":21.5}},{"type":"Feature","geometry":{"type":"LineString","coordinates":[[117.2044,-7.0771],[117.4791,-8.6729]]},"properties":{"azimuth":170.3,"regime":"Thrust faulting","regime_code":"TF","regime_share":0.59,"agreement":0.62,"records":65,"support":32.5}},{"type":"Feature","geometry":{"type":"LineString","coordinates":[[119.4264,-7.0887],[119.8141,-8.6613]]},"properties":{"azimuth":166.3,"regime":"Thrust faulting","regime_code":"TF","regime_share":0.69,"agreement":0.61,"records":70,"support":37.7}},{"type":"Feature","geometry":{"type":"LineString","coordinates":[[121.6012,-7.1212],[122.1963,-8.6288]]},"properties":{"azimuth":158.6,"regime":"Thrust faulting","regime_code":"TF","regime_share":0.69,"agreement":0.54,"records":94,"support":36.7}},{"type":"Feature","geometry":{"type":"LineString","coordinates":[[124.0024,-7.0844],[124.352,-8.6656]]},"properties":{"azimuth":167.6,"regime":"Thrust faulting","regime_code":"TF","regime_share":0.54,"agreement":0.45,"records":125,"support":56.9}},{"type":"Feature","geometry":{"type":"LineString","coordinates":[[126.4419,-7.0657],[126.4695,-8.6843]]},"properties":{"azimuth":179.0,"regime":"Thrust faulting","regime_code":"TF","regime_share":0.51,"agreement":0.52,"records":152,"support":79.9}},{"type":"Feature","geometry":{"type":"LineString","coordinates":[[128.6858,-8.683],[128.7825,-7.067]]},"properties":{"azimuth":3.4,"regime":"Thrust faulting","regime_code":"TF","regime_share":0.53,"agreement":0.61,"records":161,"support":73.8}},{"type":"Feature","geometry":{"type":"LineString","coordinates":[[130.8785,-8.6734],[131.1468,-7.0766]]},"properties":{"azimuth":9.4,"regime":"Thrust faulting","regime_code":"TF","regime_share":0.44,"agreement":0.61,"records":99,"support":42.0}},{"type":"Feature","geometry":{"type":"LineString","coordinates":[[132.9963,-8.6298],[133.586,-7.1202]]},"properties":{"azimuth":21.2,"regime":"Normal faulting","regime_code":"NF","regime_share":0.44,"agreement":0.7,"records":76,"support":25.0}},{"type":"Feature","geometry":{"type":"LineString","coordinates":[[135.2723,-8.6289],[135.8669,-7.1211]]},"properties":{"azimuth":21.3,"regime":"Normal faulting","regime_code":"NF","regime_share":0.52,"agreement":0.78,"records":55,"support":13.5}},{"type":"Feature","geometry":{"type":"LineString","coordinates":[[137.3179,-8.4909],[138.3783,-7.2591]]},"properties":{"azimuth":40.5,"regime":"Thrust faulting","regime_code":"TF","regime_share":0.6,"agreement":0.77,"records":18,"support":3.3}},{"type":"Feature","geometry":{"type":"LineString","coordinates":[[139.6551,-8.5361],[140.598,-7.2139]]},"properties":{"azimuth":35.2,"regime":"Thrust faulting","regime_code":"TF","regime_share":0.75,"agreement":0.78,"records":35,"support":8.7}},{"type":"Feature","geometry":{"type":"LineString","coordinates":[[142.0319,-8.5951],[142.7782,-7.1549]]},"properties":{"azimuth":27.2,"regime":"Thrust faulting","regime_code":"TF","regime_share":0.94,"agreement":0.75,"records":39,"support":17.9}},{"type":"Feature","geometry":{"type":"LineString","coordinates":[[144.352,-8.6147],[145.0151,-7.1353]]},"properties":{"azimuth":23.9,"regime":"Thrust faulting","regime_code":"TF","regime_share":0.87,"agreement":0.61,"records":75,"support":34.1}},{"type":"Feature","geometry":{"type":"LineString","coordinates":[[146.6844,-8.6362],[147.2396,-7.1138]]},"properties":{"azimuth":19.9,"regime":"Thrust faulting","regime_code":"TF","regime_share":0.75,"agreement":0.47,"records":135,"support":60.0}},{"type":"Feature","geometry":{"type":"LineString","coordinates":[[149.1218,-8.6758],[149.3592,-7.0742]]},"properties":{"azimuth":8.4,"regime":"Thrust faulting","regime_code":"TF","regime_share":0.64,"agreement":0.24,"records":280,"support":118.7}},{"type":"Feature","geometry":{"type":"LineString","coordinates":[[151.3484,-8.6666],[151.6896,-7.0834]]},"properties":{"azimuth":12.1,"regime":"Thrust faulting","regime_code":"TF","regime_share":0.65,"agreement":0.17,"records":553,"support":218.0}},{"type":"Feature","geometry":{"type":"LineString","coordinates":[[153.3115,-8.5257],[154.2834,-7.2243]]},"properties":{"azimuth":36.5,"regime":"Thrust faulting","regime_code":"TF","regime_share":0.74,"agreement":0.4,"records":600,"support":293.2}},{"type":"Feature","geometry":{"type":"LineString","coordinates":[[155.526,-8.4736],[156.6259,-7.2764]]},"properties":{"azimuth":42.3,"regime":"Thrust faulting","regime_code":"TF","regime_share":0.75,"agreement":0.69,"records":409,"support":256.6}},{"type":"Feature","geometry":{"type":"LineString","coordinates":[[157.7766,-8.4473],[158.9322,-7.3027]]},"properties":{"azimuth":45.0,"regime":"Thrust faulting","regime_code":"TF","regime_share":0.7,"agreement":0.76,"records":322,"support":138.0}},{"type":"Feature","geometry":{"type":"LineString","coordinates":[[160.0118,-8.4009],[161.254,-7.3491]]},"properties":{"azimuth":49.5,"regime":"Thrust faulting","regime_code":"TF","regime_share":0.67,"agreement":0.79,"records":201,"support":64.2}},{"type":"Feature","geometry":{"type":"LineString","coordinates":[[162.2863,-8.3962],[163.5365,-7.3538]]},"properties":{"azimuth":49.9,"regime":"Thrust faulting","regime_code":"TF","regime_share":0.53,"agreement":0.62,"records":256,"support":62.7}},{"type":"Feature","geometry":{"type":"LineString","coordinates":[[164.4205,-8.1475],[165.9593,-7.6025]]},"properties":{"azimuth":70.3,"regime":"Normal faulting","regime_code":"NF","regime_share":0.4,"agreement":0.16,"records":255,"support":71.7}},{"type":"Feature","geometry":{"type":"LineString","coordinates":[[166.7038,-7.5896],[168.233,-8.1604]]},"properties":{"azimuth":110.6,"regime":"Normal faulting","regime_code":"NF","regime_share":0.43,"agreement":0.29,"records":149,"support":32.5}},{"type":"Feature","geometry":{"type":"LineString","coordinates":[[-150.0143,-9.8513],[-148.4668,-10.3987]]},"properties":{"azimuth":109.8,"regime":"Strike-slip","regime_code":"SS","regime_share":1.0,"agreement":0.93,"records":4,"support":1.6}},{"type":"Feature","geometry":{"type":"LineString","coordinates":[[-147.7337,-9.8457],[-146.1903,-10.4043]]},"properties":{"azimuth":110.2,"regime":"Strike-slip","regime_code":"SS","regime_share":1.0,"agreement":0.93,"records":4,"support":1.5}},{"type":"Feature","geometry":{"type":"LineString","coordinates":[[-133.6718,-10.8424],[-132.9104,-9.4076]]},"properties":{"azimuth":27.6,"regime":"Normal faulting","regime_code":"NF","regime_share":0.59,"agreement":0.5,"records":2,"support":1.1}},{"type":"Feature","geometry":{"type":"LineString","coordinates":[[-131.4953,-10.7802],[-130.53,-9.4698]]},"properties":{"azimuth":35.9,"regime":"Normal faulting","regime_code":"NF","regime_share":0.65,"agreement":0.62,"records":3,"support":2.0}},{"type":"Feature","geometry":{"type":"LineString","coordinates":[[-129.2402,-10.7629],[-128.2282,-9.4871]]},"properties":{"azimuth":38.0,"regime":"Normal faulting","regime_code":"NF","regime_share":0.78,"agreement":0.8,"records":3,"support":1.5}},{"type":"Feature","geometry":{"type":"LineString","coordinates":[[-122.682,-9.8788],[-121.1155,-10.3712]]},"properties":{"azimuth":107.7,"regime":"Thrust faulting","regime_code":"TF","regime_share":1.0,"agreement":0.89,"records":5,"support":1.1}},{"type":"Feature","geometry":{"type":"LineString","coordinates":[[-113.443,-10.6101],[-112.1267,-9.6399]]},"properties":{"azimuth":53.2,"regime":"Strike-slip","regime_code":"SS","regime_share":0.89,"agreement":0.74,"records":57,"support":14.3}},{"type":"Feature","geometry":{"type":"LineString","coordinates":[[-111.1503,-10.6283],[-109.8624,-9.6217]]},"properties":{"azimuth":51.6,"regime":"Strike-slip","regime_code":"SS","regime_share":0.93,"agreement":0.83,"records":80,"support":38.5}},{"type":"Feature","geometry":{"type":"LineString","coordinates":[[-108.8672,-10.6338],[-107.5885,-9.6162]]},"properties":{"azimuth":51.0,"regime":"Strike-slip","regime_code":"SS","regime_share":0.93,"agreement":0.84,"records":59,"support":37.5}},{"type":"Feature","geometry":{"type":"LineString","coordinates":[[-106.5916,-10.6304],[-105.3072,-9.6196]]},"properties":{"azimuth":51.4,"regime":"Strike-slip","regime_code":"SS","regime_share":0.89,"agreement":0.77,"records":52,"support":14.5}},{"type":"Feature","geometry":{"type":"LineString","coordinates":[[-83.977,-10.2492],[-82.3521,-10.0008]]},"properties":{"azimuth":81.2,"regime":"Thrust faulting","regime_code":"TF","regime_share":0.67,"agreement":0.59,"records":13,"support":2.9}},{"type":"Feature","geometry":{"type":"LineString","coordinates":[[-81.7073,-10.0852],[-80.0649,-10.1648]]},"properties":{"azimuth":92.8,"regime":"Normal faulting","regime_code":"NF","regime_share":0.57,"agreement":0.71,"records":37,"support":14.5}},{"type":"Feature","geometry":{"type":"LineString","coordinates":[[-79.4227,-10.0193],[-77.7924,-10.2307]]},"properties":{"azimuth":97.5,"regime":"Normal faulting","regime_code":"NF","regime_share":0.63,"agreement":0.73,"records":61,"support":31.4}},{"type":"Feature","geometry":{"type":"LineString","coordinates":[[-77.1502,-10.0829],[-75.508,-10.1671]]},"properties":{"azimuth":93.0,"regime":"Thrust faulting","regime_code":"TF","regime_share":0.54,"agreement":0.65,"records":67,"support":37.2}},{"type":"Feature","geometry":{"type":"LineString","coordinates":[[-74.8705,-10.1863],[-73.2308,-10.0637]]},"properties":{"azimuth":85.7,"regime":"Thrust faulting","regime_code":"TF","regime_share":0.64,"agreement":0.56,"records":59,"support":28.8}},{"type":"Feature","geometry":{"type":"LineString","coordinates":[[-72.5937,-10.1573],[-70.9506,-10.0927]]},"properties":{"azimuth":87.7,"regime":"Normal faulting","regime_code":"NF","regime_share":0.52,"agreement":0.49,"records":61,"support":26.3}},{"type":"Feature","geometry":{"type":"LineString","coordinates":[[-70.0163,-10.7498],[-68.971,-9.5002]]},"properties":{"azimuth":39.5,"regime":"Thrust faulting","regime_code":"TF","regime_share":0.58,"agreement":0.19,"records":21,"support":6.9}},{"type":"Feature","geometry":{"type":"LineString","coordinates":[[-58.8783,-9.8604],[-57.3242,-10.3896]]},"properties":{"azimuth":109.1,"regime":"Strike-slip","regime_code":"SS","regime_share":1.0,"agreement":0.99,"records":2,"support":1.3}},{"type":"Feature","geometry":{"type":"LineString","coordinates":[[-56.585,-9.8215],[-55.0606,-10.4285]]},"properties":{"azimuth":112.0,"regime":"Strike-slip","regime_code":"SS","regime_share":1.0,"agreement":0.97,"records":3,"support":1.7}},{"type":"Feature","geometry":{"type":"LineString","coordinates":[[-54.2668,-9.7388],[-52.8218,-10.5112]]},"properties":{"azimuth":118.5,"regime":"Strike-slip","regime_code":"SS","regime_share":1.0,"agreement":0.97,"records":3,"support":1.2}},{"type":"Feature","geometry":{"type":"LineString","coordinates":[[-40.2282,-10.8552],[-39.5187,-9.3948]]},"properties":{"azimuth":25.6,"regime":"Undetermined","regime_code":"U","regime_share":0.93,"agreement":0.68,"records":8,"support":4.3}},{"type":"Feature","geometry":{"type":"LineString","coordinates":[[-38.3622,-10.416],[-36.8277,-9.834]]},"properties":{"azimuth":68.9,"regime":"Undetermined","regime_code":"U","regime_share":0.51,"agreement":0.38,"records":20,"support":14.9}},{"type":"Feature","geometry":{"type":"LineString","coordinates":[[-36.1345,-10.2063],[-34.4984,-10.0437]]},"properties":{"azimuth":84.2,"regime":"Normal faulting","regime_code":"NF","regime_share":0.5,"agreement":0.6,"records":20,"support":14.0}},{"type":"Feature","geometry":{"type":"LineString","coordinates":[[-33.8599,-10.103],[-32.2161,-10.147]]},"properties":{"azimuth":91.6,"regime":"Normal faulting","regime_code":"NF","regime_share":0.64,"agreement":0.94,"records":15,"support":4.0}},{"type":"Feature","geometry":{"type":"LineString","coordinates":[[-17.1763,-10.9298],[-17.001,-9.3202]]},"properties":{"azimuth":6.1,"regime":"Normal faulting","regime_code":"NF","regime_share":0.62,"agreement":0.7,"records":56,"support":11.1}},{"type":"Feature","geometry":{"type":"LineString","coordinates":[[-14.8523,-10.9333],[-14.768,-9.3167]]},"properties":{"azimuth":2.9,"regime":"Normal faulting","regime_code":"NF","regime_share":0.65,"agreement":0.68,"records":98,"support":46.0}},{"type":"Feature","geometry":{"type":"LineString","coordinates":[[-12.5863,-10.9326],[-12.477,-9.3174]]},"properties":{"azimuth":3.8,"regime":"Normal faulting","regime_code":"NF","regime_share":0.65,"agreement":0.68,"records":95,"support":49.5}},{"type":"Feature","geometry":{"type":"LineString","coordinates":[[-10.3094,-10.9325],[-10.1969,-9.3175]]},"properties":{"azimuth":3.9,"regime":"Normal faulting","regime_code":"NF","regime_share":0.65,"agreement":0.63,"records":61,"support":15.4}},{"type":"Feature","geometry":{"type":"LineString","coordinates":[[20.8357,-9.9852],[22.4554,-10.2648]]},"properties":{"azimuth":99.9,"regime":"Thrust faulting","regime_code":"TF","regime_share":0.75,"agreement":0.51,"records":2,"support":1.0}},{"type":"Feature","geometry":{"type":"LineString","coordinates":[[23.6719,-10.8954],[24.1762,-9.3546]]},"properties":{"azimuth":17.9,"regime":"Normal faulting","regime_code":"NF","regime_share":0.75,"agreement":0.6,"records":6,"support":2.3}},{"type":"Feature","geometry":{"type":"LineString","coordinates":[[25.8569,-10.8594],[26.5482,-9.3906]]},"properties":{"azimuth":24.9,"regime":"Normal faulting","regime_code":"NF","regime_share":0.91,"agreement":0.85,"records":9,"support":4.4}},{"type":"Feature","geometry":{"type":"LineString","coordinates":[[28.193,-10.8831],[28.769,-9.3669]]},"properties":{"azimuth":20.5,"regime":"Normal faulting","regime_code":"NF","regime_share":0.95,"agreement":0.62,"records":16,"support":7.7}},{"type":"Feature","geometry":{"type":"LineString","coordinates":[[30.7037,-9.3175],[30.8153,-10.9325]]},"properties":{"azimuth":176.1,"regime":"Normal faulting","regime_code":"NF","regime_share":0.96,"agreement":0.56,"records":31,"support":12.7}},{"type":"Feature","geometry":{"type":"LineString","coordinates":[[32.8318,-9.3415],[33.2442,-10.9085]]},"properties":{"azimuth":165.5,"regime":"Normal faulting","regime_code":"NF","regime_share":0.95,"agreement":0.63,"records":29,"support":16.6}},{"type":"Feature","geometry":{"type":"LineString","coordinates":[[35.0576,-9.3568],[35.5753,-10.8932]]},"properties":{"azimuth":161.6,"regime":"Normal faulting","regime_code":"NF","regime_share":0.91,"agreement":0.49,"records":20,"support":13.4}},{"type":"Feature","geometry":{"type":"LineString","coordinates":[[37.2653,-9.3835],[37.9245,-10.8665]]},"properties":{"azimuth":156.4,"regime":"Normal faulting","regime_code":"NF","regime_share":0.88,"agreement":0.38,"records":22,"support":6.3}},{"type":"Feature","geometry":{"type":"LineString","coordinates":[[39.623,-9.3541],[40.1238,-10.8959]]},"properties":{"azimuth":162.3,"regime":"Normal faulting","regime_code":"NF","regime_share":0.93,"agreement":0.55,"records":10,"support":5.7}},{"type":"Feature","geometry":{"type":"LineString","coordinates":[[41.7671,-9.4097],[42.5367,-10.8403]]},"properties":{"azimuth":152.1,"regime":"Normal faulting","regime_code":"NF","regime_share":0.87,"agreement":0.44,"records":11,"support":6.5}},{"type":"Feature","geometry":{"type":"LineString","coordinates":[[43.828,-9.5741],[45.0327,-10.6759]]},"properties":{"azimuth":132.9,"regime":"Normal faulting","regime_code":"NF","regime_share":0.77,"agreement":0.42,"records":9,"support":3.4}},{"type":"Feature","geometry":{"type":"LineString","coordinates":[[62.3187,-9.3878],[62.9978,-10.8622]]},"properties":{"azimuth":155.6,"regime":"Normal faulting","regime_code":"NF","regime_share":0.54,"agreement":0.48,"records":28,"support":5.9}},{"type":"Feature","geometry":{"type":"LineString","coordinates":[[64.8355,-9.3218],[65.0379,-10.9282]]},"properties":{"azimuth":172.9,"regime":"Strike-slip","regime_code":"SS","regime_share":0.53,"agreement":0.59,"records":72,"support":32.8}},{"type":"Feature","geometry":{"type":"LineString","coordinates":[[67.1394,-9.3191],[67.291,-10.9309]]},"properties":{"azimuth":174.7,"regime":"Strike-slip","regime_code":"SS","regime_share":0.57,"agreement":0.61,"records":86,"support":49.0}},{"type":"Feature","geometry":{"type":"LineString","coordinates":[[69.4062,-9.3202],[69.5811,-10.9298]]},"properties":{"azimuth":173.9,"regime":"Strike-slip","regime_code":"SS","regime_share":0.57,"agreement":0.53,"records":72,"support":24.4}},{"type":"Feature","geometry":{"type":"LineString","coordinates":[[70.9609,-9.9934],[72.5834,-10.2566]]},"properties":{"azimuth":99.4,"regime":"Normal faulting","regime_code":"NF","regime_share":0.93,"agreement":0.82,"records":13,"support":2.8}},{"type":"Feature","geometry":{"type":"LineString","coordinates":[[78.2863,-9.38],[78.9289,-10.87]]},"properties":{"azimuth":157.0,"regime":"Thrust faulting","regime_code":"TF","regime_share":1.0,"agreement":0.98,"records":3,"support":1.5}},{"type":"Feature","geometry":{"type":"LineString","coordinates":[[80.5323,-9.3944],[81.2399,-10.8556]]},"properties":{"azimuth":154.5,"regime":"Thrust faulting","regime_code":"TF","regime_share":1.0,"agreement":0.98,"records":3,"support":1.2}},{"type":"Feature","geometry":{"type":"LineString","coordinates":[[87.178,-9.5176],[88.265,-10.7324]]},"properties":{"azimuth":138.6,"regime":"Strike-slip","regime_code":"SS","regime_share":0.85,"agreement":0.96,"records":4,"support":2.2}},{"type":"Feature","geometry":{"type":"LineString","coordinates":[[89.4034,-9.5681],[90.5966,-10.6819]]},"properties":{"azimuth":133.5,"regime":"Strike-slip","regime_code":"SS","regime_share":0.6,"agreement":0.95,"records":6,"support":3.6}},{"type":"Feature","geometry":{"type":"LineString","coordinates":[[91.6443,-9.6099],[92.9127,-10.6401]]},"properties":{"azimuth":129.5,"regime":"Strike-slip","regime_code":"SS","regime_share":0.59,"agreement":0.77,"records":7,"support":4.1}},{"type":"Feature","geometry":{"type":"LineString","coordinates":[[93.9133,-9.6214],[95.2006,-10.6286]]},"properties":{"azimuth":128.5,"regime":"Strike-slip","regime_code":"SS","regime_share":0.7,"agreement":0.67,"records":9,"support":3.2}},{"type":"Feature","geometry":{"type":"LineString","coordinates":[[96.1696,-9.6502],[97.5013,-10.5998]]},"properties":{"azimuth":125.9,"regime":"Strike-slip","regime_code":"SS","regime_share":0.66,"agreement":0.57,"records":6,"support":1.8}},{"type":"Feature","geometry":{"type":"LineString","coordinates":[[98.5516,-9.5345],[99.6763,-10.7155]]},"properties":{"azimuth":136.8,"regime":"Strike-slip","regime_code":"SS","regime_share":0.78,"agreement":0.89,"records":8,"support":1.7}},{"type":"Feature","geometry":{"type":"LineString","coordinates":[[101.306,-9.3201],[101.4788,-10.9299]]},"properties":{"azimuth":174.0,"regime":"Thrust faulting","regime_code":"TF","regime_share":0.44,"agreement":0.37,"records":19,"support":5.2}},{"type":"Feature","geometry":{"type":"LineString","coordinates":[[103.3858,-10.8842],[103.956,-9.3658]]},"properties":{"azimuth":20.3,"regime":"Thrust faulting","regime_code":"TF","regime_share":0.5,"agreement":0.27,"records":77,"support":19.1}},{"type":"Feature","geometry":{"type":"LineString","coordinates":[[105.1626,-9.8901],[106.7362,-10.3599]]},"properties":{"azimuth":106.9,"regime":"Normal faulting","regime_code":"NF","regime_share":0.56,"agreement":0.24,"records":91,"support":41.2}},{"type":"Feature","geometry":{"type":"LineString","coordinates":[[107.4539,-9.8518],[109.0018,-10.3982]]},"properties":{"azimuth":109.7,"regime":"Normal faulting","regime_code":"NF","regime_share":0.67,"agreement":0.39,"records":71,"support":50.9}},{"type":"Feature","geometry":{"type":"LineString","coordinates":[[109.732,-9.8529],[111.2807,-10.3971]]},"properties":{"azimuth":109.6,"regime":"Normal faulting","regime_code":"NF","regime_share":0.68,"agreement":0.31,"records":87,"support":38.4}},{"type":"Feature","geometry":{"type":"LineString","coordinates":[[111.9713,-10.0078],[113.5983,-10.2422]]},"properties":{"azimuth":98.3,"regime":"Normal faulting","regime_code":"NF","regime_share":0.75,"agreement":0.39,"records":53,"support":32.8}},{"type":"Feature","geometry":{"type":"LineString","coordinates":[[114.253,-9.9878],[115.8736,-10.2622]]},"properties":{"azimuth":99.8,"regime":"Normal faulting","regime_code":"NF","regime_share":0.69,"agreement":0.34,"records":75,"support":36.5}},{"type":"Feature","geometry":{"type":"LineString","coordinates":[[117.0353,-9.3739],[117.6482,-10.8761]]},"properties":{"azimuth":158.1,"regime":"Normal faulting","regime_code":"NF","regime_share":0.47,"agreement":0.12,"records":85,"support":41.7}},{"type":"Feature","geometry":{"type":"LineString","coordinates":[[119.4837,-9.3269],[119.7568,-10.9231]]},"properties":{"azimuth":170.4,"regime":"Thrust faulting","regime_code":"TF","regime_share":0.49,"agreement":0.28,"records":69,"support":38.0}},{"type":"Feature","geometry":{"type":"LineString","coordinates":[[121.8718,-10.934],[121.9256,-9.316]]},"properties":{"azimuth":1.9,"regime":"Thrust faulting","regime_code":"TF","regime_share":0.41,"agreement":0.2,"records":108,"support":34.9}},{"type":"Feature","geometry":{"type":"LineString","coordinates":[[123.7528,-10.8182],[124.6016,-9.4318]]},"properties":{"azimuth":31.1,"regime":"Undetermined","regime_code":"U","regime_share":0.56,"agreement":0.38,"records":124,"support":70.0}},{"type":"Feature","geometry":{"type":"LineString","coordinates":[[126.0149,-10.8082],[126.8965,-9.4418]]},"properties":{"azimuth":32.4,"regime":"Undetermined","regime_code":"U","regime_share":0.62,"agreement":0.47,"records":133,"support":93.1}},{"type":"Feature","geometry":{"type":"LineString","coordinates":[[128.372,-10.8516],[129.0963,-9.3984]]},"properties":{"azimuth":26.1,"regime":"Undetermined","regime_code":"U","regime_share":0.54,"agreement":0.49,"records":110,"support":55.5}},{"type":"Feature","geometry":{"type":"LineString","coordinates":[[130.8417,-10.9167],[131.1836,-9.3333]]},"properties":{"azimuth":12.0,"regime":"Thrust faulting","regime_code":"TF","regime_share":0.45,"agreement":0.51,"records":47,"support":15.1}},{"type":"Feature","geometry":{"type":"LineString","coordinates":[[132.9348,-10.8544],[133.6474,-9.3956]]},"properties":{"azimuth":25.7,"regime":"Undetermined","regime_code":"U","regime_share":0.47,"agreement":0.67,"records":14,"support":4.6}},{"type":"Feature","geometry":{"type":"LineString","coordinates":[[142.0512,-10.8556],[142.7589,-9.3944]]},"properties":{"azimuth":25.5,"regime":"Thrust faulting","regime_code":"TF","regime_share":1.0,"agreement":0.9,"records":18,"support":3.8}},{"type":"Feature","geometry":{"type":"LineString","coordinates":[[144.3588,-10.8686],[145.0083,-9.3814]]},"properties":{"azimuth":23.3,"regime":"Thrust faulting","regime_code":"TF","regime_share":0.89,"agreement":0.52,"records":28,"support":7.7}},{"type":"Feature","geometry":{"type":"LineString","coordinates":[[146.507,-10.7992],[147.417,-9.4508]]},"properties":{"azimuth":33.6,"regime":"Thrust faulting","regime_code":"TF","regime_share":0.61,"agreement":0.2,"records":51,"support":12.0}},{"type":"Feature","geometry":{"type":"LineString","coordinates":[[148.5026,-10.482],[149.9784,-9.768]]},"properties":{"azimuth":63.8,"regime":"Thrust faulting","regime_code":"TF","regime_share":0.42,"agreement":0.12,"records":78,"support":21.3}},{"type":"Feature","geometry":{"type":"LineString","coordinates":[[150.705,-10.2393],[152.3329,-10.0107]]},"properties":{"azimuth":81.9,"regime":"Normal faulting","regime_code":"NF","regime_share":0.61,"agreement":0.33,"records":120,"support":31.9}},{"type":"Feature","geometry":{"type":"LineString","coordinates":[[153.1666,-10.6441],[154.4283,-9.6059]]},"properties":{"azimuth":50.1,"regime":"Thrust faulting","regime_code":"TF","regime_share":0.58,"agreement":0.57,"records":322,"support":90.3}},{"type":"Feature","geometry":{"type":"LineString","coordinates":[[155.4766,-10.6791],[156.6753,-9.5709]]},"properties":{"azimuth":46.8,"regime":"Thrust faulting","regime_code":"TF","regime_share":0.62,"agreement":0.71,"records":313,"support":132.0}},{"type":"Feature","geometry":{"type":"LineString","coordinates":[[157.7367,-10.6592],[158.9721,-9.5908]]},"properties":{"azimuth":48.7,"regime":"Thrust faulting","regime_code":"TF","regime_share":0.63,"agreement":0.77,"records":267,"support":116.0}},{"type":"Feature","geometry":{"type":"LineString","coordinates":[[160.0191,-10.6635],[161.2468,-9.5865]]},"properties":{"azimuth":48.3,"regime":"Thrust faulting","regime_code":"TF","regime_share":0.66,"agreement":0.78,"records":249,"support":128.4}},{"type":"Feature","geometry":{"type":"LineString","coordinates":[[162.2799,-10.6434],[163.5428,-9.6066]]},"properties":{"azimuth":50.2,"regime":"Thrust faulting","regime_code":"TF","regime_share":0.48,"agreement":0.46,"records":413,"support":212.9}},{"type":"Feature","geometry":{"type":"LineString","coordinates":[[164.4498,-10.4775],[165.93,-9.7725]]},"properties":{"azimuth":64.2,"regime":"Thrust faulting","regime_code":"TF","regime_share":0.43,"agreement":0.26,"records":444,"support":272.2}},{"type":"Feature","geometry":{"type":"LineString","coordinates":[[166.6553,-10.2456],[168.2814,-10.0044]]},"properties":{"azimuth":81.4,"regime":"Thrust faulting","regime_code":"TF","regime_share":0.45,"agreement":0.23,"records":358,"support":163.9}},{"type":"Feature","geometry":{"type":"LineString","coordinates":[[169.0706,-9.6646],[170.423,-10.5854]]},"properties":{"azimuth":124.7,"regime":"Normal faulting","regime_code":"NF","regime_share":0.48,"agreement":0.32,"records":76,"support":16.4}},{"type":"Feature","geometry":{"type":"LineString","coordinates":[[171.2435,-10.3754],[172.8072,-9.8746]]},"properties":{"azimuth":72.0,"regime":"Normal faulting","regime_code":"NF","regime_share":0.71,"agreement":0.89,"records":6,"support":1.3}},{"type":"Feature","geometry":{"type":"LineString","coordinates":[[173.4824,-10.0885],[175.1252,-10.1615]]},"properties":{"azimuth":92.6,"regime":"Normal faulting","regime_code":"NF","regime_share":1.0,"agreement":0.89,"records":8,"support":2.2}},{"type":"Feature","geometry":{"type":"LineString","coordinates":[[175.7602,-10.1128],[177.4044,-10.1372]]},"properties":{"azimuth":90.9,"regime":"Normal faulting","regime_code":"NF","regime_share":0.91,"agreement":0.61,"records":8,"support":1.7}},{"type":"Feature","geometry":{"type":"LineString","coordinates":[[-179.3853,-12.9897],[-178.3071,-11.7603]]},"properties":{"azimuth":40.6,"regime":"Strike-slip","regime_code":"SS","regime_share":0.85,"agreement":0.76,"records":113,"support":28.3}},{"type":"Feature","geometry":{"type":"LineString","coordinates":[[-177.1822,-12.8846],[-175.8947,-11.8654]]},"properties":{"azimuth":51.0,"regime":"Strike-slip","regime_code":"SS","regime_share":0.87,"agreement":0.78,"records":188,"support":58.2}},{"type":"Feature","geometry":{"type":"LineString","coordinates":[[-174.9529,-12.772],[-173.5087,-11.978]]},"properties":{"azimuth":60.6,"regime":"Strike-slip","regime_code":"SS","regime_share":0.59,"agreement":0.57,"records":281,"support":81.9}},{"type":"Feature","geometry":{"type":"LineString","coordinates":[[-172.7195,-12.5985],[-171.1266,-12.1515]]},"properties":{"azimuth":74.0,"regime":"Thrust faulting","regime_code":"TF","regime_share":0.43,"agreement":0.38,"records":191,"support":47.7}},{"type":"Feature","geometry":{"type":"LineString","coordinates":[[-170.0579,-11.6907],[-169.1729,-13.0593]]},"properties":{"azimuth":147.7,"regime":"Normal faulting","regime_code":"NF","regime_share":0.96,"agreement":0.82,"records":14,"support":2.5}},{"type":"Feature","geometry":{"type":"LineString","coordinates":[[-133.3854,-12.8187],[-131.9992,-11.9313]]},"properties":{"azimuth":56.8,"regime":"Thrust faulting","regime_code":"TF","regime_share":0.69,"agreement":0.7,"records":3,"support":1.1}},{"type":"Feature","geometry":{"type":"LineString","coordinates":[[-131.0341,-12.8776],[-129.7351,-11.8724]]},"properties":{"azimuth":51.6,"regime":"Thrust faulting","regime_code":"TF","regime_share":0.53,"agreement":0.76,"records":3,"support":1.6}},{"type":"Feature","geometry":{"type":"LineString","coordinates":[[-128.676,-12.9342],[-127.4779,-11.8158]]},"properties":{"azimuth":46.3,"regime":"Normal faulting","regime_code":"NF","regime_share":0.61,"agreement":0.88,"records":3,"support":1.1}},{"type":"Feature","geometry":{"type":"LineString","coordinates":[[-114.9103,-12.8382],[-113.5512,-11.9118]]},"properties":{"azimuth":55.1,"regime":"Strike-slip","regime_code":"SS","regime_share":0.88,"agreement":0.79,"records":36,"support":14.0}},{"type":"Feature","geometry":{"type":"LineString","coordinates":[[-112.5929,-12.8515],[-111.2533,-11.8985]]},"properties":{"azimuth":53.9,"regime":"Strike-slip","regime_code":"SS","regime_share":0.91,"agreement":0.82,"records":48,"support":30.5}},{"type":"Feature","geometry":{"type":"LineString","coordinates":[[-110.2774,-12.8618],[-108.9534,-11.8882]]},"properties":{"azimuth":53.0,"regime":"Strike-slip","regime_code":"SS","regime_share":0.92,"agreement":0.85,"records":79,"support":29.3}},{"type":"Feature","geometry":{"type":"LineString","coordinates":[[-107.9708,-12.8604],[-106.6446,-11.8896]]},"properties":{"azimuth":53.2,"regime":"Strike-slip","regime_code":"SS","regime_share":0.88,"agreement":0.85,"records":45,"support":8.8}},{"type":"Feature","geometry":{"type":"LineString","coordinates":[[-82.7517,-12.3745],[-81.0944,-12.3755]]},"properties":{"azimuth":90.0,"regime":"Thrust faulting","regime_code":"TF","regime_share":0.59,"agreement":0.48,"records":3,"support":1.1}},{"type":"Feature","geometry":{"type":"LineString","coordinates":[[-80.4404,-12.4507],[-78.7904,-12.2993]]},"properties":{"azimuth":84.6,"regime":"Thrust faulting","regime_code":"TF","regime_share":0.67,"agreement":0.69,"records":38,"support":12.2}},{"type":"Feature","geometry":{"type":"LineString","coordinates":[[-78.1224,-12.5229],[-76.493,-12.2271]]},"properties":{"azimuth":79.5,"regime":"Thrust faulting","regime_code":"TF","regime_share":0.77,"agreement":0.75,"records":86,"support":41.5}},{"type":"Feature","geometry":{"type":"LineString","coordinates":[[-75.818,-12.5043],[-74.182,-12.2457]]},"properties":{"azimuth":80.8,"regime":"Thrust faulting","regime_code":"TF","regime_share":0.61,"agreement":0.74,"records":133,"support":63.8}},{"type":"Feature","geometry":{"type":"LineString","coordinates":[[-73.5209,-12.3858],[-71.8637,-12.3642]]},"properties":{"azimuth":89.2,"regime":"Normal faulting","regime_code":"NF","regime_share":0.66,"agreement":0.66,"records":108,"support":74.3}},{"type":"Feature","geometry":{"type":"LineString","coordinates":[[-71.2129,-12.3518],[-69.5563,-12.3982]]},"properties":{"azimuth":91.6,"regime":"Normal faulting","regime_code":"NF","regime_share":0.73,"agreement":0.58,"records":61,"support":57.3}},{"type":"Feature","geometry":{"type":"LineString","coordinates":[[-68.9055,-12.3665],[-67.2483,-12.3835]]},"properties":{"azimuth":90.6,"regime":"Normal faulting","regime_code":"NF","regime_share":0.69,"agreement":0.46,"records":41,"support":16.1}},{"type":"Feature","geometry":{"type":"LineString","coordinates":[[-59.6294,-12.1109],[-58.0629,-12.6391]]},"properties":{"azimuth":109.0,"regime":"Strike-slip","regime_code":"SS","regime_share":1.0,"agreement":0.99,"records":2,"support":1.1}},{"type":"Feature","geometry":{"type":"LineString","coordinates":[[-57.3221,-12.1119],[-55.7548,-12.6381]]},"properties":{"azimuth":109.0,"regime":"Strike-slip","regime_code":"SS","regime_share":1.0,"agreement":0.99,"records":2,"support":1.8}},{"type":"Feature","geometry":{"type":"LineString","coordinates":[[-55.003,-12.0815],[-53.4585,-12.6685]]},"properties":{"azimuth":111.3,"regime":"Strike-slip","regime_code":"SS","regime_share":1.0,"agreement":0.98,"records":3,"support":1.0}},{"type":"Feature","geometry":{"type":"LineString","coordinates":[[-50.1251,-11.7369],[-49.1057,-13.0131]]},"properties":{"azimuth":142.0,"regime":"Thrust faulting","regime_code":"TF","regime_share":0.9,"agreement":0.94,"records":3,"support":1.6}},{"type":"Feature","geometry":{"type":"LineString","coordinates":[[-47.9479,-11.8611],[-46.6675,-12.8889]]},"properties":{"azimuth":129.4,"regime":"Thrust faulting","regime_code":"TF","regime_share":0.73,"agreement":0.72,"records":7,"support":2.6}},{"type":"Feature","geometry":{"type":"LineString","coordinates":[[-45.8066,-12.1895],[-44.1934,-12.5605]]},"properties":{"azimuth":103.3,"regime":"Thrust faulting","regime_code":"TF","regime_share":0.81,"agreement":0.79,"records":5,"support":2.4}},{"type":"Feature","geometry":{"type":"LineString","coordinates":[[-43.5175,-12.3008],[-41.8672,-12.4492]]},"properties":{"azimuth":95.3,"regime":"Thrust faulting","regime_code":"TF","regime_share":1.0,"agreement":0.96,"records":3,"support":1.3}},{"type":"Feature","geometry":{"type":"LineString","coordinates":[[-40.6452,-13.1433],[-40.124,-11.6067]]},"properties":{"azimuth":18.3,"regime":"Undetermined","regime_code":"U","regime_share":1.0,"agreement":0.92,"records":6,"support":4.7}},{"type":"Feature","geometry":{"type":"LineString","coordinates":[[-38.3666,-13.1333],[-37.7872,-11.6167]]},"properties":{"azimuth":20.5,"regime":"Undetermined","regime_code":"U","regime_share":1.0,"agreement":0.82,"records":7,"support":9.6}},{"type":"Feature","geometry":{"type":"LineString","coordinates":[[-36.1525,-13.0926],[-35.3859,-11.6574]]},"properties":{"azimuth":27.6,"regime":"Undetermined","regime_code":"U","regime_share":0.9,"agreement":0.56,"records":11,"support":6.9}},{"type":"Feature","geometry":{"type":"LineString","coordinates":[[-17.3118,-11.5656],[-17.3036,-13.1844]]},"properties":{"azimuth":179.7,"regime":"Normal faulting","regime_code":"NF","regime_share":0.6,"agreement":0.55,"records":47,"support":14.8}},{"type":"Feature","geometry":{"type":"LineString","coordinates":[[-15.0031,-13.1844],[-14.9969,-11.5656]]},"properties":{"azimuth":0.2,"regime":"Normal faulting","regime_code":"NF","regime_share":0.61,"agreement":0.57,"records":81,"support":51.4}},{"type":"Feature","geometry":{"type":"LineString","coordinates":[[-12.7129,-13.1841],[-12.6718,-11.5659]]},"properties":{"azimuth":1.4,"regime":"Normal faulting","regime_code":"NF","regime_share":0.61,"agreement":0.58,"records":80,"support":49.5}},{"type":"Feature","geometry":{"type":"LineString","coordinates":[[-10.4962,-13.177],[-10.2731,-11.573]]},"properties":{"azimuth":7.7,"regime":"Normal faulting","regime_code":"NF","regime_share":0.57,"agreement":0.58,"records":44,"support":11.7}},{"type":"Feature","geometry":{"type":"LineString","coordinates":[[21.6569,-13.1415],[22.1892,-11.6085]]},"properties":{"azimuth":18.7,"regime":"Normal faulting","regime_code":"NF","regime_share":0.87,"agreement":0.66,"records":4,"support":1.3}},{"type":"Feature","geometry":{"type":"LineString","coordinates":[[23.9796,-13.1463],[24.4819,-11.6037]]},"properties":{"azimuth":17.6,"regime":"Normal faulting","regime_code":"NF","regime_share":1.0,"agreement":0.79,"records":5,"support":2.8}},{"type":"Feature","geometry":{"type":"LineString","coordinates":[[26.2011,-13.1143],[26.8758,-11.6357]]},"properties":{"azimuth":24.0,"regime":"Normal faulting","regime_code":"NF","regime_share":0.97,"agreement":0.8,"records":8,"support":3.7}},{"type":"Feature","geometry":{"type":"LineString","coordinates":[[28.4464,-13.084],[29.2459,-11.666]]},"properties":{"azimuth":28.8,"regime":"Normal faulting","regime_code":"NF","regime_share":1.0,"agreement":0.98,"records":4,"support":2.5}},{"type":"Feature","geometry":{"type":"LineString","coordinates":[[31.0602,-13.1792],[31.2475,-11.5708]]},"properties":{"azimuth":6.5,"regime":"Normal faulting","regime_code":"NF","regime_share":1.0,"agreement":0.64,"records":18,"support":5.2}},{"type":"Feature","geometry":{"type":"LineString","coordinates":[[33.3525,-11.5727],[33.5706,-13.1773]]},"properties":{"azimuth":172.4,"regime":"Normal faulting","regime_code":"NF","regime_share":1.0,"agreement":0.72,"records":20,"support":9.2}},{"type":"Feature","geometry":{"type":"LineString","coordinates":[[35.606,-11.5815],[35.9324,-13.1685]]},"properties":{"azimuth":168.6,"regime":"Normal faulting","regime_code":"NF","regime_share":0.96,"agreement":0.66,"records":22,"support":6.9}},{"type":"Feature","geometry":{"type":"LineString","coordinates":[[37.873,-11.5905],[38.2808,-13.1595]]},"properties":{"azimuth":165.8,"regime":"Normal faulting","regime_code":"NF","regime_share":0.86,"agreement":0.52,"records":8,"support":1.9}},{"type":"Feature","geometry":{"type":"LineString","coordinates":[[40.0764,-11.6237],[40.6929,-13.1263]]},"properties":{"azimuth":158.2,"regime":"Normal faulting","regime_code":"NF","regime_share":0.79,"agreement":0.36,"records":12,"support":5.6}},{"type":"Feature","geometry":{"type":"LineString","coordinates":[[42.1823,-11.7371],[43.2023,-13.0129]]},"properties":{"azimuth":142.0,"regime":"Normal faulting","regime_code":"NF","regime_share":0.71,"agreement":0.31,"records":12,"support":6.6}},{"type":"Feature","geometry":{"type":"LineString","coordinates":[[44.3427,-11.8821],[45.6573,-12.8679]]},"properties":{"azimuth":127.5,"regime":"Normal faulting","regime_code":"NF","regime_share":0.64,"agreement":0.43,"records":8,"support":3.3}},{"type":"Feature","geometry":{"type":"LineString","coordinates":[[60.4421,-11.9605],[61.8656,-12.7895]]},"properties":{"azimuth":120.8,"regime":"Thrust faulting","regime_code":"TF","regime_share":0.57,"agreement":1.0,"records":4,"support":1.0}},{"type":"Feature","geometry":{"type":"LineString","coordinates":[[63.2384,-11.5955],[63.6847,-13.1545]]},"properties":{"azimuth":164.4,"regime":"Normal faulting","regime_code":"NF","regime_share":0.46,"agreement":0.49,"records":54,"support":19.7}},{"type":"Feature","geometry":{"type":"LineString","coordinates":[[65.5637,-11.5909],[65.9748,-13.1591]]},"properties":{"azimuth":165.6,"regime":"Normal faulting","regime_code":"NF","regime_share":0.48,"agreement":0.53,"records":101,"support":52.2}},{"type":"Feature","geometry":{"type":"LineString","coordinates":[[67.875,-11.59],[68.2789,-13.16]]},"properties":{"azimuth":165.9,"regime":"Strike-slip","regime_code":"SS","regime_share":0.48,"agreement":0.52,"records":106,"support":40.2}},{"type":"Feature","geometry":{"type":"LineString","coordinates":[[69.5926,-12.137],[71.1766,-12.613]]},"properties":{"azimuth":107.1,"regime":"Strike-slip","regime_code":"SS","regime_share":0.58,"agreement":0.69,"records":8,"support":2.2}},{"type":"Feature","geometry":{"type":"LineString","coordinates":[[76.9938,-11.6259],[77.6216,-13.1241]]},"properties":{"azimuth":157.7,"regime":"Thrust faulting","regime_code":"TF","regime_share":1.0,"agreement":0.99,"records":2,"support":1.5}},{"type":"Feature","geometry":{"type":"LineString","coordinates":[[79.2936,-11.6291],[79.9371,-13.1209]]},"properties":{"azimuth":157.2,"regime":"Thrust faulting","regime_code":"TF","regime_share":1.0,"agreement":0.99,"records":2,"support":1.8}},{"type":"Feature","geometry":{"type":"LineString","coordinates":[[85.9867,-11.7711],[87.0902,-12.9789]]},"properties":{"azimuth":138.3,"regime":"Strike-slip","regime_code":"SS","regime_share":0.83,"agreement":0.96,"records":4,"support":1.0}},{"type":"Feature","geometry":{"type":"LineString","coordinates":[[88.2821,-11.7821],[89.4102,-12.9679]]},"properties":{"azimuth":137.1,"regime":"Strike-slip","regime_code":"SS","regime_share":0.63,"agreement":0.95,"records":6,"support":1.6}},{"type":"Feature","geometry":{"type":"LineString","coordinates":[[90.4828,-11.9002],[91.8249,-12.8498]]},"properties":{"azimuth":125.9,"regime":"Strike-slip","regime_code":"SS","regime_share":0.66,"agreement":0.88,"records":8,"support":2.3}},{"type":"Feature","geometry":{"type":"LineString","coordinates":[[92.7517,-11.9573],[94.1713,-12.7927]]},"properties":{"azimuth":121.1,"regime":"Strike-slip","regime_code":"SS","regime_share":0.74,"agreement":0.88,"records":10,"support":3.1}},{"type":"Feature","geometry":{"type":"LineString","coordinates":[[95.0395,-11.9915],[96.499,-12.7585]]},"properties":{"azimuth":118.3,"regime":"Strike-slip","regime_code":"SS","regime_share":0.59,"agreement":0.63,"records":8,"support":3.7}},{"type":"Feature","geometry":{"type":"LineString","coordinates":[[97.3445,-11.9965],[98.8094,-12.7535]]},"properties":{"azimuth":117.9,"regime":"Thrust faulting","regime_code":"TF","regime_share":0.51,"agreement":0.49,"records":5,"support":3.2}},{"type":"Feature","geometry":{"type":"LineString","coordinates":[[99.7855,-11.8159],[100.9838,-12.9341]]},"properties":{"azimuth":133.7,"regime":"Strike-slip","regime_code":"SS","regime_share":0.69,"agreement":0.57,"records":5,"support":1.7}},{"type":"Feature","geometry":{"type":"LineString","coordinates":[[104.2274,-12.0824],[105.7726,-12.6676]]},"properties":{"azimuth":111.2,"regime":"Normal faulting","regime_code":"NF","regime_share":0.63,"agreement":0.59,"records":33,"support":7.5}},{"type":"Feature","geometry":{"type":"LineString","coordinates":[[106.5237,-12.113],[108.0917,-12.637]]},"properties":{"azimuth":108.9,"regime":"Normal faulting","regime_code":"NF","regime_share":0.75,"agreement":0.64,"records":52,"support":19.0}},{"type":"Feature","geometry":{"type":"LineString","coordinates":[[108.8343,-12.1047],[110.3964,-12.6453]]},"properties":{"azimuth":109.5,"regime":"Normal faulting","regime_code":"NF","regime_share":0.73,"agreement":0.48,"records":58,"support":17.0}},{"type":"Feature","geometry":{"type":"LineString","coordinates":[[111.1045,-12.2489],[112.7416,-12.5011]]},"properties":{"azimuth":99.0,"regime":"Normal faulting","regime_code":"NF","regime_share":0.8,"agreement":0.5,"records":42,"support":17.2}},{"type":"Feature","geometry":{"type":"LineString","coordinates":[[113.4073,-12.2847],[115.0542,-12.4653]]},"properties":{"azimuth":96.4,"regime":"Normal faulting","regime_code":"NF","regime_share":0.88,"agreement":0.66,"records":44,"support":24.0}},{"type":"Feature","geometry":{"type":"LineString","coordinates":[[115.71,-12.3921],[117.3669,-12.3579]]},"properties":{"azimuth":88.8,"regime":"Normal faulting","regime_code":"NF","regime_share":0.83,"agreement":0.5,"records":58,"support":23.9}},{"type":"Feature","geometry":{"type":"LineString","coordinates":[[118.0182,-12.4072],[119.6741,-12.3428]]},"properties":{"azimuth":87.7,"regime":"Normal faulting","regime_code":"NF","regime_share":0.59,"agreement":0.46,"records":53,"support":26.0}},{"type":"Feature","geometry":{"type":"LineString","coordinates":[[120.3299,-12.4609],[121.9778,-12.2891]]},"properties":{"azimuth":83.9,"regime":"Undetermined","regime_code":"U","regime_share":0.73,"agreement":0.56,"records":75,"support":36.3}},{"type":"Feature","geometry":{"type":"LineString","coordinates":[[122.7356,-12.7653],[124.1875,-11.9847]]},"properties":{"azimuth":61.2,"regime":"Undetermined","regime_code":"U","regime_share":0.91,"agreement":0.57,"records":89,"support":56.9}},{"type":"Feature","geometry":{"type":"LineString","coordinates":[[125.1473,-12.9099],[126.3912,-11.8401]]},"properties":{"azimuth":48.6,"regime":"Undetermined","regime_code":"U","regime_share":0.92,"agreement":0.75,"records":93,"support":70.6}},{"type":"Feature","geometry":{"type":"LineString","coordinates":[[127.4695,-12.9255],[128.6844,-11.8245]]},"properties":{"azimuth":47.1,"regime":"Undetermined","regime_code":"U","regime_share":0.95,"agreement":0.83,"records":69,"support":45.1}},{"type":"Feature","geometry":{"type":"LineString","coordinates":[[129.7675,-12.9151],[131.0018,-11.8349]]},"properties":{"azimuth":48.1,"regime":"Undetermined","regime_code":"U","regime_share":0.97,"agreement":0.93,"records":31,"support":11.5}},{"type":"Feature","geometry":{"type":"LineString","coordinates":[[132.3466,-13.1106],[133.038,-11.6394]]},"properties":{"azimuth":24.7,"regime":"Undetermined","regime_code":"U","regime_share":0.51,"agreement":0.98,"records":4,"support":2.6}},{"type":"Feature","geometry":{"type":"LineString","coordinates":[[134.6675,-13.1164],[135.3325,-11.6336]]},"properties":{"azimuth":23.7,"regime":"Strike-slip","regime_code":"SS","regime_share":0.71,"agreement":0.98,"records":3,"support":1.8}},{"type":"Feature","geometry":{"type":"LineString","coordinates":[[148.0247,-12.4817],[149.6676,-12.2683]]},"properties":{"azimuth":82.4,"regime":"Normal faulting","regime_code":"NF","regime_share":0.78,"agreement":0.6,"records":13,"support":3.2}},{"type":"Feature","geometry":{"type":"LineString","coordinates":[[150.327,-12.4277],[151.9807,-12.3223]]},"properties":{"azimuth":86.3,"regime":"Normal faulting","regime_code":"NF","regime_share":0.75,"agreement":0.62,"records":14,"support":5.2}},{"type":"Feature","geometry":{"type":"LineString","coordinates":[[152.6491,-12.5341],[154.274,-12.2159]]},"properties":{"azimuth":78.7,"regime":"Normal faulting","regime_code":"NF","regime_share":0.64,"agreement":0.67,"records":33,"support":9.4}},{"type":"Feature","geometry":{"type":"LineString","coordinates":[[155.0671,-12.8049],[156.4713,-11.9451]]},"properties":{"azimuth":57.9,"regime":"Strike-slip","regime_code":"SS","regime_share":0.39,"agreement":0.68,"records":79,"support":18.0}},{"type":"Feature","geometry":{"type":"LineString","coordinates":[[157.4401,-12.8928],[158.7138,-11.8572]]},"properties":{"azimuth":50.2,"regime":"Thrust faulting","regime_code":"TF","regime_share":0.62,"agreement":0.79,"records":157,"support":35.5}},{"type":"Feature","geometry":{"type":"LineString","coordinates":[[159.7742,-12.9223],[160.9951,-11.8277]]},"properties":{"azimuth":47.5,"regime":"Thrust faulting","regime_code":"TF","regime_share":0.68,"agreement":0.76,"records":154,"support":74.8}},{"type":"Feature","geometry":{"type":"LineString","coordinates":[[162.0509,-12.8875],[163.3337,-11.8625]]},"properties":{"azimuth":50.7,"regime":"Thrust faulting","regime_code":"TF","regime_share":0.51,"agreement":0.47,"records":441,"support":188.4}},{"type":"Feature","geometry":{"type":"LineString","coordinates":[[164.2417,-12.7013],[165.7583,-12.0487]]},"properties":{"azimuth":66.2,"regime":"Thrust faulting","regime_code":"TF","regime_share":0.53,"agreement":0.35,"records":519,"support":315.1}},{"type":"Feature","geometry":{"type":"LineString","coordinates":[[166.5086,-12.5891],[168.1068,-12.1609]]},"properties":{"azimuth":74.7,"regime":"Thrust faulting","regime_code":"TF","regime_share":0.62,"agreement":0.42,"records":444,"support":249.1}},{"type":"Feature","geometry":{"type":"LineString","coordinates":[[168.814,-12.5807],[170.4168,-12.1693]]},"properties":{"azimuth":75.3,"regime":"Thrust faulting","regime_code":"TF","regime_share":0.69,"agreement":0.59,"records":262,"support":66.9}},{"type":"Feature","geometry":{"type":"LineString","coordinates":[[171.1113,-12.5376],[172.7348,-12.2124]]},"properties":{"azimuth":78.4,"regime":"Normal faulting","regime_code":"NF","regime_share":0.62,"agreement":0.71,"records":19,"support":8.3}},{"type":"Feature","geometry":{"type":"LineString","coordinates":[[173.4021,-12.3766],[175.0594,-12.3734]]},"properties":{"azimuth":89.9,"regime":"Normal faulting","regime_code":"NF","regime_share":0.87,"agreement":0.7,"records":19,"support":9.3}},{"type":"Feature","geometry":{"type":"LineString","coordinates":[[175.7894,-12.7212],[177.2875,-12.0288]]},"properties":{"azimuth":64.7,"regime":"Normal faulting","regime_code":"NF","regime_share":0.69,"agreement":0.42,"records":23,"support":8.2}},{"type":"Feature","geometry":{"type":"LineString","coordinates":[[178.4199,-13.0691],[179.2725,-11.6809]]},"properties":{"azimuth":31.0,"regime":"Strike-slip","regime_code":"SS","regime_share":0.73,"agreement":0.79,"records":59,"support":12.0}},{"type":"Feature","geometry":{"type":"LineString","coordinates":[[-179.2999,-15.3003],[-178.3775,-13.9497]]},"properties":{"azimuth":33.5,"regime":"Strike-slip","regime_code":"SS","regime_share":0.91,"agreement":0.7,"records":274,"support":119.4}},{"type":"Feature","geometry":{"type":"LineString","coordinates":[[-177.1007,-15.2039],[-175.9315,-14.0461]]},"properties":{"azimuth":44.3,"regime":"Strike-slip","regime_code":"SS","regime_share":0.8,"agreement":0.56,"records":425,"support":215.5}},{"type":"Feature","geometry":{"type":"LineString","coordinates":[[-174.9323,-15.0046],[-173.4548,-14.2454]]},"properties":{"azimuth":62.0,"regime":"Strike-slip","regime_code":"SS","regime_share":0.51,"agreement":0.41,"records":516,"support":281.6}},{"type":"Feature","geometry":{"type":"LineString","coordinates":[[-172.6939,-14.7701],[-171.048,-14.4799]]},"properties":{"azimuth":79.7,"regime":"Thrust faulting","regime_code":"TF","regime_share":0.48,"agreement":0.35,"records":383,"support":197.9}},{"type":"Feature","geometry":{"type":"LineString","coordinates":[[-170.3843,-14.5936],[-168.7125,-14.6564]]},"properties":{"azimuth":92.2,"regime":"Thrust faulting","regime_code":"TF","regime_share":0.57,"agreement":0.34,"records":204,"support":51.9}},{"type":"Feature","geometry":{"type":"LineString","coordinates":[[-167.3,-13.8188],[-167.1516,-15.4312]]},"properties":{"azimuth":174.9,"regime":"Normal faulting","regime_code":"NF","regime_share":0.56,"agreement":0.17,"records":3,"support":1.1}},{"type":"Feature","geometry":{"type":"LineString","coordinates":[[-116.9436,-14.8089],[-115.3144,-14.4411]]},"properties":{"azimuth":76.9,"regime":"Normal faulting","regime_code":"NF","regime_share":0.64,"agreement":0.39,"records":10,"support":2.9}},{"type":"Feature","geometry":{"type":"LineString","coordinates":[[-114.4852,-15.098],[-113.1277,-14.152]]},"properties":{"azimuth":54.2,"regime":"Strike-slip","regime_code":"SS","regime_share":0.89,"agreement":0.84,"records":36,"support":17.5}},{"type":"Feature","geometry":{"type":"LineString","coordinates":[[-112.1527,-15.1111],[-110.815,-14.1389]]},"properties":{"azimuth":53.1,"regime":"Strike-slip","regime_code":"SS","regime_share":0.94,"agreement":0.89,"records":35,"support":27.6}},{"type":"Feature","geometry":{"type":"LineString","coordinates":[[-109.8277,-15.1142],[-108.4949,-14.1358]]},"properties":{"azimuth":52.8,"regime":"Strike-slip","regime_code":"SS","regime_share":0.95,"agreement":0.91,"records":33,"support":14.0}},{"type":"Feature","geometry":{"type":"LineString","coordinates":[[-79.7754,-14.8356],[-78.1601,-14.4144]]},"properties":{"azimuth":74.9,"regime":"Thrust faulting","regime_code":"TF","regime_share":0.87,"agreement":0.82,"records":63,"support":23.0}},{"type":"Feature","geometry":{"type":"LineString","coordinates":[[-77.4445,-14.8637],[-75.8459,-14.3863]]},"properties":{"azimuth":72.8,"regime":"Thrust faulting","regime_code":"TF","regime_share":0.84,"agreement":0.85,"records":87,"support":63.6}},{"type":"Feature","geometry":{"type":"LineString","coordinates":[[-75.1434,-14.7808],[-73.5017,-14.4692]]},"properties":{"azimuth":78.9,"regime":"Thrust faulting","regime_code":"TF","regime_share":0.54,"agreement":0.77,"records":161,"support":96.7}},{"type":"Feature","geometry":{"type":"LineString","coordinates":[[-72.8362,-14.6477],[-71.1638,-14.6023]]},"properties":{"azimuth":88.4,"regime":"Normal faulting","regime_code":"NF","regime_share":0.66,"agreement":0.7,"records":143,"support":98.7}},{"type":"Feature","geometry":{"type":"LineString","coordinates":[[-70.5128,-14.5834],[-68.842,-14.6666]]},"properties":{"azimuth":92.9,"regime":"Normal faulting","regime_code":"NF","regime_share":0.77,"agreement":0.66,"records":77,"support":58.8}},{"type":"Feature","geometry":{"type":"LineString","coordinates":[[-68.191,-14.6476],[-66.5187,-14.6024]]},"properties":{"azimuth":88.4,"regime":"Normal faulting","regime_code":"NF","regime_share":0.71,"agreement":0.53,"records":34,"support":14.8}},{"type":"Feature","geometry":{"type":"LineString","coordinates":[[-65.8475,-14.8064],[-64.217,-14.4436]]},"properties":{"azimuth":77.0,"regime":"Normal faulting","regime_code":"NF","regime_share":0.49,"agreement":0.5,"records":13,"support":5.3}},{"type":"Feature","geometry":{"type":"LineString","coordinates":[[-63.3892,-15.097],[-62.0301,-14.153]]},"properties":{"azimuth":54.3,"regime":"Thrust faulting","regime_code":"TF","regime_share":0.74,"agreement":0.74,"records":7,"support":1.2}},{"type":"Feature","geometry":{"type":"LineString","coordinates":[[-56.5783,-14.6365],[-54.9055,-14.6135]]},"properties":{"azimuth":89.2,"regime":"Strike-slip","regime_code":"SS","regime_share":0.67,"agreement":0.77,"records":5,"support":1.1}},{"type":"Feature","geometry":{"type":"LineString","coordinates":[[-51.5987,-13.9775],[-50.5949,-15.2725]]},"properties":{"azimuth":143.1,"regime":"Thrust faulting","regime_code":"TF","regime_share":0.81,"agreement":0.97,"records":3,"support":1.2}},{"type":"Feature","geometry":{"type":"LineString","coordinates":[[-49.3032,-13.9981],[-48.2451,-15.2519]]},"properties":{"azimuth":140.8,"regime":"Thrust faulting","regime_code":"TF","regime_share":0.6,"agreement":0.93,"records":4,"support":3.0}},{"type":"Feature","geometry":{"type":"LineString","coordinates":[[-47.1757,-14.2197],[-45.7276,-15.0303]]},"properties":{"azimuth":120.1,"regime":"Thrust faulting","regime_code":"TF","regime_share":0.64,"agreement":0.64,"records":8,"support":4.6}},{"type":"Feature","geometry":{"type":"LineString","coordinates":[[-44.9576,-14.5136],[-43.3005,-14.7364]]},"properties":{"azimuth":97.9,"regime":"Thrust faulting","regime_code":"TF","regime_share":0.82,"agreement":0.73,"records":6,"support":4.1}},{"type":"Feature","geometry":{"type":"LineString","coordinates":[[-42.6429,-14.6194],[-40.97,-14.6306]]},"properties":{"azimuth":90.4,"regime":"Thrust faulting","regime_code":"TF","regime_share":0.75,"agreement":0.33,"records":5,"support":2.4}},{"type":"Feature","geometry":{"type":"LineString","coordinates":[[-39.6786,-15.4122],[-39.2891,-13.8378]]},"properties":{"azimuth":13.5,"regime":"Undetermined","regime_code":"U","regime_share":1.0,"agreement":0.92,"records":5,"support":3.9}},{"type":"Feature","geometry":{"type":"LineString","coordinates":[[-37.4015,-15.4003],[-36.9211,-13.8497]]},"properties":{"azimuth":16.7,"regime":"Undetermined","regime_code":"U","regime_share":1.0,"agreement":0.91,"records":6,"support":4.2}},{"type":"Feature","geometry":{"type":"LineString","coordinates":[[-35.1222,-15.3865],[-34.5552,-13.8635]]},"properties":{"azimuth":19.8,"regime":"Undetermined","regime_code":"U","regime_share":1.0,"agreement":0.96,"records":4,"support":1.1}},{"type":"Feature","geometry":{"type":"LineString","coordinates":[[-18.9878,-13.918],[-18.1735,-15.332]]},"properties":{"azimuth":150.9,"regime":"Normal faulting","regime_code":"NF","regime_share":0.82,"agreement":0.63,"records":6,"support":1.0}},{"type":"Feature","geometry":{"type":"LineString","coordinates":[[-16.492,-13.8479],[-16.0241,-15.4021]]},"properties":{"azimuth":163.8,"regime":"Normal faulting","regime_code":"NF","regime_share":0.71,"agreement":0.52,"records":81,"support":30.7}},{"type":"Feature","geometry":{"type":"LineString","coordinates":[[-14.1633,-13.8462],[-13.7076,-15.4038]]},"properties":{"azimuth":164.2,"regime":"Normal faulting","regime_code":"NF","regime_share":0.66,"agreement":0.49,"records":106,"support":55.2}},{"type":"Feature","geometry":{"type":"LineString","coordinates":[[-11.8308,-13.8436],[-11.395,-15.4064]]},"properties":{"azimuth":164.9,"regime":"Normal faulting","regime_code":"NF","regime_share":0.63,"agreement":0.47,"records":103,"support":29.4}},{"type":"Feature","geometry":{"type":"LineString","coordinates":[[-9.3898,-15.4286],[-9.1909,-13.8214]]},"properties":{"azimuth":6.8,"regime":"Normal faulting","regime_code":"NF","regime_share":0.7,"agreement":0.5,"records":7,"support":1.4}},{"type":"Feature","geometry":{"type":"LineString","coordinates":[[22.7974,-15.3202],[23.6542,-13.9298]]},"properties":{"azimuth":30.8,"regime":"Normal faulting","regime_code":"NF","regime_share":1.0,"agreement":0.6,"records":5,"support":2.2}},{"type":"Feature","geometry":{"type":"LineString","coordinates":[[25.0031,-15.2388],[26.0937,-14.0112]]},"properties":{"azimuth":40.7,"regime":"Normal faulting","regime_code":"NF","regime_share":1.0,"agreement":0.48,"records":6,"support":3.4}},{"type":"Feature","geometry":{"type":"LineString","coordinates":[[27.2607,-15.1786],[28.4812,-14.0714]]},"properties":{"azimuth":46.8,"regime":"Normal faulting","regime_code":"NF","regime_share":1.0,"agreement":0.59,"records":6,"support":2.3}},{"type":"Feature","geometry":{"type":"LineString","coordinates":[[29.7806,-15.3289],[30.6065,-13.9211]]},"properties":{"azimuth":29.6,"regime":"Normal faulting","regime_code":"NF","regime_share":1.0,"agreement":0.85,"records":4,"support":1.4}},{"type":"Feature","geometry":{"type":"LineString","coordinates":[[32.4099,-15.4278],[32.6224,-13.8222]]},"properties":{"azimuth":7.3,"regime":"Normal faulting","regime_code":"NF","regime_share":1.0,"agreement":0.69,"records":7,"support":3.6}},{"type":"Feature","geometry":{"type":"LineString","coordinates":[[34.8283,-13.8157],[34.8491,-15.4343]]},"properties":{"azimuth":179.3,"regime":"Normal faulting","regime_code":"NF","regime_share":1.0,"agreement":0.78,"records":7,"support":5.0}},{"type":"Feature","geometry":{"type":"LineString","coordinates":[[37.1145,-13.8169],[37.2081,-15.4331]]},"properties":{"azimuth":176.8,"regime":"Normal faulting","regime_code":"NF","regime_share":1.0,"agreement":0.84,"records":5,"support":2.6}},{"type":"Feature","geometry":{"type":"LineString","coordinates":[[39.2644,-13.844],[39.7033,-15.406]]},"properties":{"azimuth":164.8,"regime":"Normal faulting","regime_code":"NF","regime_share":0.72,"agreement":0.57,"records":13,"support":3.9}},{"type":"Feature","geometry":{"type":"LineString","coordinates":[[41.5244,-13.863],[42.0885,-15.387]]},"properties":{"azimuth":160.3,"regime":"Normal faulting","regime_code":"NF","regime_share":0.67,"agreement":0.51,"records":15,"support":6.9}},{"type":"Feature","geometry":{"type":"LineString","coordinates":[[43.7319,-13.9126],[44.5261,-15.3374]]},"properties":{"azimuth":151.7,"regime":"Normal faulting","regime_code":"NF","regime_share":0.6,"agreement":0.47,"records":13,"support":4.2}},{"type":"Feature","geometry":{"type":"LineString","coordinates":[[62.4831,-13.8459],[62.9362,-15.4041]]},"properties":{"azimuth":164.3,"regime":"Strike-slip","regime_code":"SS","regime_share":0.46,"agreement":0.54,"records":49,"support":11.3}},{"type":"Feature","geometry":{"type":"LineString","coordinates":[[64.8852,-13.8282],[65.1793,-15.4218]]},"properties":{"azimuth":169.9,"regime":"Strike-slip","regime_code":"SS","regime_share":0.5,"agreement":0.58,"records":115,"support":56.4}},{"type":"Feature","geometry":{"type":"LineString","coordinates":[[67.2013,-13.8294],[67.5083,-15.4206]]},"properties":{"azimuth":169.4,"regime":"Strike-slip","regime_code":"SS","regime_share":0.51,"agreement":0.56,"records":109,"support":62.9}},{"type":"Feature","geometry":{"type":"LineString","coordinates":[[69.4604,-13.8433],[69.8944,-15.4067]]},"properties":{"azimuth":165.0,"regime":"Strike-slip","regime_code":"SS","regime_share":0.5,"agreement":0.52,"records":71,"support":21.3}},{"type":"Feature","geometry":{"type":"LineString","coordinates":[[85.2968,-14.1024],[86.5742,-15.1476]]},"properties":{"azimuth":130.2,"regime":"Strike-slip","regime_code":"SS","regime_share":0.61,"agreement":0.96,"records":2,"support":1.1}},{"type":"Feature","geometry":{"type":"LineString","coordinates":[[87.6434,-14.0761],[88.8728,-15.1739]]},"properties":{"azimuth":132.7,"regime":"Thrust faulting","regime_code":"TF","regime_share":0.54,"agreement":0.96,"records":2,"support":1.6}},{"type":"Feature","geometry":{"type":"LineString","coordinates":[[89.8471,-14.236],[91.3142,-15.014]]},"properties":{"azimuth":118.7,"regime":"Strike-slip","regime_code":"SS","regime_share":0.76,"agreement":0.82,"records":5,"support":2.1}},{"type":"Feature","geometry":{"type":"LineString","coordinates":[[92.129,-14.3186],[93.6774,-14.9314]]},"properties":{"azimuth":112.2,"regime":"Strike-slip","regime_code":"SS","regime_share":1.0,"agreement":0.88,"records":5,"support":3.3}},{"type":"Feature","geometry":{"type":"LineString","coordinates":[[94.4629,-14.2931],[95.9888,-14.9569]]},"properties":{"azimuth":114.2,"regime":"Strike-slip","regime_code":"SS","regime_share":0.76,"agreement":0.67,"records":9,"support":4.4}},{"type":"Feature","geometry":{"type":"LineString","coordinates":[[96.8184,-14.2297],[98.2783,-15.0203]]},"properties":{"azimuth":119.2,"regime":"Strike-slip","regime_code":"SS","regime_share":0.61,"agreement":0.47,"records":5,"support":3.9}},{"type":"Feature","geometry":{"type":"LineString","coordinates":[[99.1746,-14.1766],[100.5674,-15.0734]]},"properties":{"azimuth":123.6,"regime":"Strike-slip","regime_code":"SS","regime_share":0.67,"agreement":0.44,"records":4,"support":1.9}},{"type":"Feature","geometry":{"type":"LineString","coordinates":[[112.9774,-14.517],[114.6355,-14.733]]},"properties":{"azimuth":97.7,"regime":"Normal faulting","regime_code":"NF","regime_share":0.92,"agreement":0.87,"records":25,"support":4.6}},{"type":"Feature","geometry":{"type":"LineString","coordinates":[[115.2945,-14.5694],[116.9635,-14.6806]]},"properties":{"azimuth":93.9,"regime":"Normal faulting","regime_code":"NF","regime_share":0.84,"agreement":0.7,"records":14,"support":4.0}},{"type":"Feature","geometry":{"type":"LineString","coordinates":[[117.6259,-14.4956],[119.2773,-14.7544]]},"properties":{"azimuth":99.2,"regime":"Undetermined","regime_code":"U","regime_share":0.68,"agreement":0.79,"records":37,"support":14.1}},{"type":"Feature","geometry":{"type":"LineString","coordinates":[[119.9412,-14.5512],[121.6072,-14.6988]]},"properties":{"azimuth":95.2,"regime":"Undetermined","regime_code":"U","regime_share":0.93,"agreement":0.74,"records":42,"support":34.0}},{"type":"Feature","geometry":{"type":"LineString","coordinates":[[122.2716,-14.7577],[123.922,-14.4923]]},"properties":{"azimuth":80.6,"regime":"Undetermined","regime_code":"U","regime_share":0.97,"agreement":0.62,"records":55,"support":44.9}},{"type":"Feature","geometry":{"type":"LineString","coordinates":[[124.6958,-15.0311],[126.1429,-14.2189]]},"properties":{"azimuth":59.9,"regime":"Undetermined","regime_code":"U","regime_share":0.97,"agreement":0.71,"records":81,"support":34.7}},{"type":"Feature","geometry":{"type":"LineString","coordinates":[[127.0833,-15.1239],[128.4006,-14.1261]]},"properties":{"azimuth":51.9,"regime":"Undetermined","regime_code":"U","regime_share":0.99,"agreement":0.91,"records":49,"support":18.0}},{"type":"Feature","geometry":{"type":"LineString","coordinates":[[129.3906,-15.1044],[130.7385,-14.1456]]},"properties":{"azimuth":53.7,"regime":"Undetermined","regime_code":"U","regime_share":0.91,"agreement":0.93,"records":8,"support":7.7}},{"type":"Feature","geometry":{"type":"LineString","coordinates":[[131.8655,-15.2578],[132.9087,-13.9922]]},"properties":{"azimuth":38.6,"regime":"Undetermined","regime_code":"U","regime_share":0.51,"agreement":0.85,"records":7,"support":5.4}},{"type":"Feature","geometry":{"type":"LineString","coordinates":[[134.3516,-15.3565],[135.0678,-13.8935]]},"properties":{"azimuth":25.3,"regime":"Strike-slip","regime_code":"SS","regime_share":0.71,"agreement":0.94,"records":4,"support":4.4}},{"type":"Feature","geometry":{"type":"LineString","coordinates":[[136.7229,-15.377],[137.3416,-13.873]]},"properties":{"azimuth":21.7,"regime":"Strike-slip","regime_code":"SS","regime_share":0.59,"agreement":0.93,"records":4,"support":1.8}},{"type":"Feature","geometry":{"type":"LineString","coordinates":[[143.7806,-13.8439],[144.2194,-15.4061]]},"properties":{"azimuth":164.8,"regime":"Undetermined","regime_code":"U","regime_share":1.0,"agreement":0.32,"records":3,"support":1.3}},{"type":"Feature","geometry":{"type":"LineString","coordinates":[[146.0907,-13.8473],[146.5545,-15.4027]]},"properties":{"azimuth":163.9,"regime":"Undetermined","regime_code":"U","regime_share":1.0,"agreement":0.38,"records":3,"support":2.5}},{"type":"Feature","geometry":{"type":"LineString","coordinates":[[148.3999,-13.8512],[148.8904,-15.3988]]},"properties":{"azimuth":162.9,"regime":"Undetermined","regime_code":"U","regime_share":1.0,"agreement":0.44,"records":3,"support":1.5}},{"type":"Feature","geometry":{"type":"LineString","coordinates":[[159.6649,-15.1957],[160.8512,-14.0543]]},"properties":{"azimuth":45.2,"regime":"Thrust faulting","regime_code":"TF","regime_share":0.71,"agreement":0.73,"records":57,"support":9.9}},{"type":"Feature","geometry":{"type":"LineString","coordinates":[[161.924,-15.1264],[163.2373,-14.1236]]},"properties":{"azimuth":51.7,"regime":"Thrust faulting","regime_code":"TF","regime_share":0.61,"agreement":0.5,"records":200,"support":37.3}},{"type":"Feature","geometry":{"type":"LineString","coordinates":[[164.113,-14.8904],[165.6935,-14.3596]]},"properties":{"azimuth":70.9,"regime":"Thrust faulting","regime_code":"TF","regime_share":0.71,"agreement":0.56,"records":521,"support":170.5}},{"type":"Feature","geometry":{"type":"LineString","coordinates":[[166.4219,-14.8487],[168.0297,-14.4013]]},"properties":{"azimuth":74.0,"regime":"Thrust faulting","regime_code":"TF","regime_share":0.78,"agreement":0.66,"records":511,"support":234.3}},{"type":"Feature","geometry":{"type":"LineString","coordinates":[[168.7376,-14.8243],[170.3591,-14.4257]]},"properties":{"azimuth":75.7,"regime":"Thrust faulting","regime_code":"TF","regime_share":0.75,"agreement":0.74,"records":357,"support":116.3}},{"type":"Feature","geometry":{"type":"LineString","coordinates":[[171.0361,-14.676],[172.7058,-14.574]]},"properties":{"azimuth":86.4,"regime":"Normal faulting","regime_code":"NF","regime_share":0.46,"agreement":0.65,"records":82,"support":26.4}},{"type":"Feature","geometry":{"type":"LineString","coordinates":[[173.4609,-15.0155],[174.9262,-14.2345]]},"properties":{"azimuth":61.2,"regime":"Strike-slip","regime_code":"SS","regime_share":0.54,"agreement":0.39,"records":96,"support":33.3}},{"type":"Feature","geometry":{"type":"LineString","coordinates":[[176.0205,-15.277],[177.0118,-13.973]]},"properties":{"azimuth":36.3,"regime":"Strike-slip","regime_code":"SS","regime_share":0.73,"agreement":0.72,"records":111,"support":50.1}},{"type":"Feature","geometry":{"type":"LineString","coordinates":[[178.3898,-15.308],[179.2876,-13.942]]},"properties":{"azimuth":32.5,"regime":"Strike-slip","regime_code":"SS","regime_share":0.85,"agreement":0.87,"records":151,"support":64.8}},{"type":"Feature","geometry":{"type":"LineString","coordinates":[[-179.1743,-17.6115],[-178.4727,-16.1385]]},"properties":{"azimuth":24.5,"regime":"Strike-slip","regime_code":"SS","regime_share":0.92,"agreement":0.68,"records":307,"support":138.5}},{"type":"Feature","geometry":{"type":"LineString","coordinates":[[-176.9169,-17.5626],[-176.0243,-16.1874]]},"properties":{"azimuth":31.8,"regime":"Strike-slip","regime_code":"SS","regime_share":0.75,"agreement":0.39,"records":550,"support":251.0}},{"type":"Feature","geometry":{"type":"LineString","coordinates":[[-174.9282,-17.1064],[-173.3071,-16.6436]]},"properties":{"azimuth":73.4,"regime":"Thrust faulting","regime_code":"TF","regime_share":0.42,"agreement":0.22,"records":681,"support":354.2}},{"type":"Feature","geometry":{"type":"LineString","coordinates":[[-172.6099,-16.8448],[-170.9195,-16.9052]]},"properties":{"azimuth":92.1,"regime":"Thrust faulting","regime_code":"TF","regime_share":0.58,"agreement":0.32,"records":457,"support":256.0}},{"type":"Feature","geometry":{"type":"LineString","coordinates":[[-170.2462,-16.7428],[-168.5773,-17.0072]]},"properties":{"azimuth":99.4,"regime":"Thrust faulting","regime_code":"TF","regime_share":0.63,"agreement":0.32,"records":253,"support":70.4}},{"type":"Feature","geometry":{"type":"LineString","coordinates":[[-167.531,-17.5465],[-166.5866,-16.2035]]},"properties":{"azimuth":33.9,"regime":"Thrust faulting","regime_code":"TF","regime_share":0.52,"agreement":0.28,"records":4,"support":1.5}},{"type":"Feature","geometry":{"type":"LineString","coordinates":[[-134.6316,-16.2322],[-133.6037,-17.5178]]},"properties":{"azimuth":142.6,"regime":"Strike-slip","regime_code":"SS","regime_share":1.0,"agreement":0.86,"records":3,"support":1.9}},{"type":"Feature","geometry":{"type":"LineString","coordinates":[[-132.3495,-16.2903],[-131.1799,-17.4597]]},"properties":{"azimuth":136.3,"regime":"Strike-slip","regime_code":"SS","regime_share":0.82,"agreement":0.81,"records":4,"support":2.4}},{"type":"Feature","geometry":{"type":"LineString","coordinates":[[-130.1712,-16.5188],[-128.6523,-17.2312]]},"properties":{"azimuth":116.1,"regime":"Strike-slip","regime_code":"SS","regime_share":0.58,"agreement":0.35,"records":6,"support":1.8}},{"type":"Feature","geometry":{"type":"LineString","coordinates":[[-127.8907,-17.0215],[-126.227,-16.7285]]},"properties":{"azimuth":79.6,"regime":"Strike-slip","regime_code":"SS","regime_share":0.52,"agreement":0.22,"records":7,"support":2.3}},{"type":"Feature","geometry":{"type":"LineString","coordinates":[[-125.4462,-17.2664],[-123.9656,-16.4836]]},"properties":{"azimuth":61.1,"regime":"Strike-slip","regime_code":"SS","regime_share":0.6,"agreement":0.42,"records":4,"support":1.2}},{"type":"Feature","geometry":{"type":"LineString","coordinates":[[-118.2576,-16.3148],[-117.0366,-17.4352]]},"properties":{"azimuth":133.8,"regime":"Normal faulting","regime_code":"NF","regime_share":1.0,"agreement":0.24,"records":3,"support":1.8}},{"type":"Feature","geometry":{"type":"LineString","coordinates":[[-116.1232,-17.0352],[-114.465,-16.7148]]},"properties":{"azimuth":78.6,"regime":"Normal faulting","regime_code":"NF","regime_share":0.87,"agreement":0.1,"records":5,"support":2.7}},{"type":"Feature","geometry":{"type":"LineString","coordinates":[[-113.6085,-17.3723],[-112.2739,-16.3777]]},"properties":{"azimuth":52.1,"regime":"Strike-slip","regime_code":"SS","regime_share":0.85,"agreement":0.82,"records":37,"support":8.0}},{"type":"Feature","geometry":{"type":"LineString","coordinates":[[-111.2589,-17.3682],[-109.9176,-16.3818]]},"properties":{"azimuth":52.5,"regime":"Strike-slip","regime_code":"SS","regime_share":0.97,"agreement":0.94,"records":32,"support":7.1}},{"type":"Feature","geometry":{"type":"LineString","coordinates":[[-78.4417,-17.1521],[-76.8524,-16.5979]]},"properties":{"azimuth":70.0,"regime":"Thrust faulting","regime_code":"TF","regime_share":0.86,"agreement":0.87,"records":76,"support":28.2}},{"type":"Feature","geometry":{"type":"LineString","coordinates":[[-76.0883,-17.1536],[-74.5,-16.5964]]},"properties":{"azimuth":69.9,"regime":"Thrust faulting","regime_code":"TF","regime_share":0.77,"agreement":0.83,"records":110,"support":59.8}},{"type":"Feature","geometry":{"type":"LineString","coordinates":[[-73.7672,-17.049],[-72.1151,-16.701]]},"properties":{"azimuth":77.6,"regime":"Thrust faulting","regime_code":"TF","regime_share":0.64,"agreement":0.77,"records":302,"support":106.9}},{"type":"Feature","geometry":{"type":"LineString","coordinates":[[-71.4235,-17.0022],[-69.7529,-16.7478]]},"properties":{"azimuth":81.0,"regime":"Thrust faulting","regime_code":"TF","regime_share":0.64,"agreement":0.75,"records":320,"support":117.5}},{"type":"Feature","geometry":{"type":"LineString","coordinates":[[-69.0742,-16.9786],[-67.3964,-16.7714]]},"properties":{"azimuth":82.6,"regime":"Thrust faulting","regime_code":"TF","regime_share":0.52,"agreement":0.72,"records":164,"support":43.2}},{"type":"Feature","geometry":{"type":"LineString","coordinates":[[-66.7172,-17.0047],[-65.0475,-16.7453]]},"properties":{"azimuth":80.8,"regime":"Normal faulting","regime_code":"NF","regime_share":0.45,"agreement":0.57,"records":20,"support":15.6}},{"type":"Feature","geometry":{"type":"LineString","coordinates":[[-64.3456,-17.0872],[-62.7132,-16.6628]]},"properties":{"azimuth":74.8,"regime":"Thrust faulting","regime_code":"TF","regime_share":0.71,"agreement":0.59,"records":13,"support":8.5}},{"type":"Feature","geometry":{"type":"LineString","coordinates":[[-62.0187,-16.9491],[-60.3342,-16.8009]]},"properties":{"azimuth":84.7,"regime":"Thrust faulting","regime_code":"TF","regime_share":0.92,"agreement":0.88,"records":6,"support":2.0}},{"type":"Feature","geometry":{"type":"LineString","coordinates":[[-59.6237,-17.1372],[-58.0233,-16.6128]]},"properties":{"azimuth":71.1,"regime":"Thrust faulting","regime_code":"TF","regime_share":0.61,"agreement":0.98,"records":3,"support":1.3}},{"type":"Feature","geometry":{"type":"LineString","coordinates":[[-57.2651,-17.1525],[-55.676,-16.5975]]},"properties":{"azimuth":69.9,"regime":"Thrust faulting","regime_code":"TF","regime_share":0.65,"agreement":0.98,"records":3,"support":2.4}},{"type":"Feature","geometry":{"type":"LineString","coordinates":[[-54.9049,-17.171],[-53.3304,-16.579]]},"properties":{"azimuth":68.6,"regime":"Thrust faulting","regime_code":"TF","regime_share":0.7,"agreement":0.97,"records":3,"support":1.3}},{"type":"Feature","geometry":{"type":"LineString","coordinates":[[-49.9422,-16.2446],[-48.8813,-17.5054]]},"properties":{"azimuth":141.2,"regime":"Strike-slip","regime_code":"SS","regime_share":0.47,"agreement":0.95,"records":4,"support":1.4}},{"type":"Feature","geometry":{"type":"LineString","coordinates":[[-47.7083,-16.3565],[-46.4094,-17.3935]]},"properties":{"azimuth":129.8,"regime":"Thrust faulting","regime_code":"TF","regime_share":0.48,"agreement":0.61,"records":7,"support":2.6}},{"type":"Feature","geometry":{"type":"LineString","coordinates":[[-45.5516,-16.8621],[-43.8602,-16.8879]]},"properties":{"azimuth":90.9,"regime":"Thrust faulting","regime_code":"TF","regime_share":0.75,"agreement":0.56,"records":8,"support":3.5}},{"type":"Feature","geometry":{"type":"LineString","coordinates":[[-43.1856,-17.017],[-41.5202,-16.733]]},"properties":{"azimuth":79.9,"regime":"Thrust faulting","regime_code":"TF","regime_share":0.94,"agreement":0.69,"records":5,"support":1.9}},{"type":"Feature","geometry":{"type":"LineString","coordinates":[[-16.8543,-16.1537],[-16.0869,-17.5963]]},"properties":{"azimuth":153.0,"regime":"Normal faulting","regime_code":"NF","regime_share":0.68,"agreement":0.49,"records":62,"support":24.4}},{"type":"Feature","geometry":{"type":"LineString","coordinates":[[-14.5095,-16.1577],[-13.7258,-17.5923]]},"properties":{"azimuth":152.4,"regime":"Normal faulting","regime_code":"NF","regime_share":0.66,"agreement":0.52,"records":73,"support":51.0}},{"type":"Feature","geometry":{"type":"LineString","coordinates":[[-12.1809,-16.1704],[-11.3485,-17.5796]]},"properties":{"azimuth":150.5,"regime":"Normal faulting","regime_code":"NF","regime_share":0.61,"agreement":0.52,"records":66,"support":33.0}},{"type":"Feature","geometry":{"type":"LineString","coordinates":[[-9.9494,-16.2502],[-8.8741,-17.4998]]},"properties":{"azimuth":140.5,"regime":"Strike-slip","regime_code":"SS","regime_share":0.4,"agreement":0.43,"records":20,"support":4.4}},{"type":"Feature","geometry":{"type":"LineString","coordinates":[[22.7729,-17.237],[24.2859,-16.513]]},"properties":{"azimuth":63.4,"regime":"Normal faulting","regime_code":"NF","regime_share":1.0,"agreement":0.51,"records":3,"support":1.2}},{"type":"Feature","geometry":{"type":"LineString","coordinates":[[25.1367,-17.2571],[26.628,-16.4929]]},"properties":{"azimuth":61.8,"regime":"Normal faulting","regime_code":"NF","regime_share":1.0,"agreement":0.54,"records":4,"support":2.6}},{"type":"Feature","geometry":{"type":"LineString","coordinates":[[27.5855,-17.3931],[28.8851,-16.3569]]},"properties":{"azimuth":50.2,"regime":"Normal faulting","regime_code":"NF","regime_share":1.0,"agreement":0.59,"records":3,"support":2.1}},{"type":"Feature","geometry":{"type":"LineString","coordinates":[[30.2213,-17.6043],[30.9551,-16.1457]]},"properties":{"azimuth":25.7,"regime":"Normal faulting","regime_code":"NF","regime_share":1.0,"agreement":0.8,"records":4,"support":1.1}},{"type":"Feature","geometry":{"type":"LineString","coordinates":[[32.9041,-16.0664],[32.9783,-17.6836]]},"properties":{"azimuth":177.5,"regime":"Normal faulting","regime_code":"NF","regime_share":1.0,"agreement":0.76,"records":8,"support":3.1}},{"type":"Feature","geometry":{"type":"LineString","coordinates":[[35.2077,-16.0698],[35.3806,-17.6802]]},"properties":{"azimuth":174.1,"regime":"Normal faulting","regime_code":"NF","regime_share":1.0,"agreement":0.82,"records":5,"support":3.9}},{"type":"Feature","geometry":{"type":"LineString","coordinates":[[37.5336,-16.0729],[37.7605,-17.6771]]},"properties":{"azimuth":172.3,"regime":"Normal faulting","regime_code":"NF","regime_share":1.0,"agreement":0.9,"records":11,"support":2.9}},{"type":"Feature","geometry":{"type":"LineString","coordinates":[[39.8081,-16.0867],[40.1919,-17.6633]]},"properties":{"azimuth":166.9,"regime":"Normal faulting","regime_code":"NF","regime_share":0.81,"agreement":0.8,"records":10,"support":6.1}},{"type":"Feature","geometry":{"type":"LineString","coordinates":[[42.1478,-16.0898],[42.5581,-17.6602]]},"properties":{"azimuth":166.0,"regime":"Normal faulting","regime_code":"NF","regime_share":0.77,"agreement":0.78,"records":9,"support":8.0}},{"type":"Feature","geometry":{"type":"LineString","coordinates":[[44.5349,-16.0823],[44.8769,-17.6677]]},"properties":{"azimuth":168.3,"regime":"Normal faulting","regime_code":"NF","regime_share":0.76,"agreement":0.72,"records":10,"support":3.4}},{"type":"Feature","geometry":{"type":"LineString","coordinates":[[63.4638,-16.068],[63.595,-17.682]]},"properties":{"azimuth":175.6,"regime":"Strike-slip","regime_code":"SS","regime_share":0.52,"agreement":0.68,"records":95,"support":30.4}},{"type":"Feature","geometry":{"type":"LineString","coordinates":[[65.8024,-16.0692],[65.9623,-17.6808]]},"properties":{"azimuth":174.6,"regime":"Strike-slip","regime_code":"SS","regime_share":0.56,"agreement":0.59,"records":137,"support":76.0}},{"type":"Feature","geometry":{"type":"LineString","coordinates":[[68.1497,-16.0698],[68.3209,-17.6802]]},"properties":{"azimuth":174.2,"regime":"Strike-slip","regime_code":"SS","regime_share":0.58,"agreement":0.53,"records":138,"support":56.6}},{"type":"Feature","geometry":{"type":"LineString","coordinates":[[70.5365,-17.6829],[70.64,-16.0671]]},"properties":{"azimuth":3.5,"regime":"Strike-slip","regime_code":"SS","regime_share":0.67,"agreement":0.58,"records":40,"support":8.4}},{"type":"Feature","geometry":{"type":"LineString","coordinates":[[86.4206,-16.3438],[87.697,-17.4062]]},"properties":{"azimuth":131.0,"regime":"Strike-slip","regime_code":"SS","regime_share":0.56,"agreement":0.96,"records":2,"support":1.6}},{"type":"Feature","geometry":{"type":"LineString","coordinates":[[88.7364,-16.3877],[90.0871,-17.3623]]},"properties":{"azimuth":127.0,"regime":"Strike-slip","regime_code":"SS","regime_share":0.61,"agreement":0.89,"records":5,"support":1.9}},{"type":"Feature","geometry":{"type":"LineString","coordinates":[[90.9968,-16.5358],[92.5327,-17.2142]]},"properties":{"azimuth":114.8,"regime":"Strike-slip","regime_code":"SS","regime_share":0.9,"agreement":0.86,"records":4,"support":2.4}},{"type":"Feature","geometry":{"type":"LineString","coordinates":[[93.3379,-16.5613],[94.8974,-17.1887]]},"properties":{"azimuth":112.8,"regime":"Strike-slip","regime_code":"SS","regime_share":1.0,"agreement":0.89,"records":4,"support":2.5}},{"type":"Feature","geometry":{"type":"LineString","coordinates":[[95.7101,-16.5207],[97.2311,-17.2293]]},"properties":{"azimuth":116.0,"regime":"Strike-slip","regime_code":"SS","regime_share":0.81,"agreement":0.61,"records":8,"support":2.0}},{"type":"Feature","geometry":{"type":"LineString","coordinates":[[112.1289,-16.6494],[113.7535,-17.1006]]},"properties":{"azimuth":106.2,"regime":"Undetermined","regime_code":"U","regime_share":0.73,"agreement":0.79,"records":19,"support":7.6}},{"type":"Feature","geometry":{"type":"LineString","coordinates":[[114.4835,-16.6441],[116.1048,-17.1059]]},"properties":{"azimuth":106.6,"regime":"Undetermined","regime_code":"U","regime_share":0.8,"agreement":0.65,"records":37,"support":16.4}},{"type":"Feature","geometry":{"type":"LineString","coordinates":[[116.8454,-16.6168],[118.4487,-17.1332]]},"properties":{"azimuth":108.6,"regime":"Undetermined","regime_code":"U","regime_share":0.79,"agreement":0.55,"records":27,"support":10.3}},{"type":"Feature","geometry":{"type":"LineString","coordinates":[[119.1653,-16.7442],[120.8347,-17.0058]]},"properties":{"azimuth":99.3,"regime":"Undetermined","regime_code":"U","regime_share":0.89,"agreement":0.7,"records":28,"support":14.1}},{"type":"Feature","geometry":{"type":"LineString","coordinates":[[121.5199,-17.015],[123.186,-16.735]]},"properties":{"azimuth":80.0,"regime":"Undetermined","regime_code":"U","regime_share":0.92,"agreement":0.57,"records":38,"support":25.1}},{"type":"Feature","geometry":{"type":"LineString","coordinates":[[123.9466,-17.2316],[125.4652,-16.5184]]},"properties":{"azimuth":63.9,"regime":"Undetermined","regime_code":"U","regime_share":0.88,"agreement":0.66,"records":36,"support":17.8}},{"type":"Feature","geometry":{"type":"LineString","coordinates":[[126.3583,-17.3286],[127.7593,-16.4214]]},"properties":{"azimuth":55.9,"regime":"Undetermined","regime_code":"U","regime_share":0.83,"agreement":0.85,"records":12,"support":6.9}},{"type":"Feature","geometry":{"type":"LineString","coordinates":[[128.7007,-17.3133],[130.1228,-16.4367]]},"properties":{"azimuth":57.2,"regime":"Undetermined","regime_code":"U","regime_share":0.96,"agreement":0.9,"records":7,"support":4.4}},{"type":"Feature","geometry":{"type":"LineString","coordinates":[[131.2315,-17.5033],[132.2979,-16.2467]]},"properties":{"azimuth":39.1,"regime":"Undetermined","regime_code":"U","regime_share":0.59,"agreement":0.86,"records":8,"support":4.4}},{"type":"Feature","geometry":{"type":"LineString","coordinates":[[133.7262,-17.5925],[134.5091,-16.1575]]},"properties":{"azimuth":27.6,"regime":"Strike-slip","regime_code":"SS","regime_share":0.52,"agreement":0.94,"records":5,"support":5.1}},{"type":"Feature","geometry":{"type":"LineString","coordinates":[[136.1419,-17.6208],[136.7993,-16.1292]]},"properties":{"azimuth":22.9,"regime":"Undetermined","regime_code":"U","regime_share":0.52,"agreement":0.92,"records":5,"support":3.0}},{"type":"Feature","geometry":{"type":"LineString","coordinates":[[143.3569,-16.0826],[143.702,-17.6674]]},"properties":{"azimuth":168.2,"regime":"Undetermined","regime_code":"U","regime_share":1.0,"agreement":0.32,"records":3,"support":1.5}},{"type":"Feature","geometry":{"type":"LineString","coordinates":[[145.7986,-16.0696],[145.9662,-17.6804]]},"properties":{"azimuth":174.3,"regime":"Undetermined","regime_code":"U","regime_share":0.91,"agreement":0.31,"records":5,"support":4.2}},{"type":"Feature","geometry":{"type":"LineString","coordinates":[[148.0822,-17.671],[148.3883,-16.079]]},"properties":{"azimuth":10.4,"regime":"Undetermined","regime_code":"U","regime_share":0.86,"agreement":0.14,"records":6,"support":3.9}},{"type":"Feature","geometry":{"type":"LineString","coordinates":[[149.7478,-16.9662],[151.4287,-16.7838]]},"properties":{"azimuth":83.5,"regime":"Undetermined","regime_code":"U","regime_share":1.0,"agreement":0.47,"records":2,"support":1.0}},{"type":"Feature","geometry":{"type":"LineString","coordinates":[[163.9025,-17.128],[165.5093,-16.622]]},"properties":{"azimuth":71.8,"regime":"Thrust faulting","regime_code":"TF","regime_share":0.73,"agreement":0.62,"records":343,"support":104.8}},{"type":"Feature","geometry":{"type":"LineString","coordinates":[[166.2448,-17.0949],[167.8728,-16.6551]]},"properties":{"azimuth":74.2,"regime":"Thrust faulting","regime_code":"TF","regime_share":0.68,"agreement":0.53,"records":500,"support":275.9}},{"type":"Feature","geometry":{"type":"LineString","coordinates":[[168.5824,-17.0339],[170.2411,-16.7161]]},"properties":{"azimuth":78.7,"regime":"Thrust faulting","regime_code":"TF","regime_share":0.61,"agreement":0.47,"records":497,"support":223.3}},{"type":"Feature","geometry":{"type":"LineString","coordinates":[[170.9189,-16.8765],[172.6105,-16.8735]]},"properties":{"azimuth":89.9,"regime":"Normal faulting","regime_code":"NF","regime_share":0.38,"agreement":0.47,"records":232,"support":59.9}},{"type":"Feature","geometry":{"type":"LineString","coordinates":[[173.6068,-17.5201],[174.6284,-16.2299]]},"properties":{"azimuth":37.2,"regime":"Strike-slip","regime_code":"SS","regime_share":0.63,"agreement":0.34,"records":137,"support":56.8}},{"type":"Feature","geometry":{"type":"LineString","coordinates":[[176.0339,-17.5682],[176.9073,-16.1818]]},"properties":{"azimuth":31.1,"regime":"Strike-slip","regime_code":"SS","regime_share":0.76,"agreement":0.72,"records":134,"support":78.5}},{"type":"Feature","geometry":{"type":"LineString","coordinates":[[178.4096,-17.5808],[179.2375,-16.1692]]},"properties":{"azimuth":29.3,"regime":"Strike-slip","regime_code":"SS","regime_share":0.84,"agreement":0.84,"records":183,"support":86.2}},{"type":"Feature","geometry":{"type":"LineString","coordinates":[[-178.9501,-19.9232],[-178.6658,-18.3268]]},"properties":{"azimuth":9.6,"regime":"Strike-slip","regime_code":"SS","regime_share":0.89,"agreement":0.68,"records":188,"support":62.1}},{"type":"Feature","geometry":{"type":"LineString","coordinates":[[-176.9569,-18.4914],[-175.8908,-19.7586]]},"properties":{"azimuth":141.5,"regime":"Thrust faulting","regime_code":"TF","regime_share":0.44,"agreement":0.18,"records":543,"support":189.9}},{"type":"Feature","geometry":{"type":"LineString","coordinates":[[-174.8372,-18.8294],[-173.2422,-19.4206]]},"properties":{"azimuth":111.4,"regime":"Thrust faulting","regime_code":"TF","regime_share":0.67,"agreement":0.4,"records":694,"support":316.8}},{"type":"Feature","geometry":{"type":"LineString","coordinates":[[-172.4688,-18.8704],[-170.8424,-19.3796]]},"properties":{"azimuth":108.3,"regime":"Thrust faulting","regime_code":"TF","regime_share":0.75,"agreement":0.48,"records":496,"support":212.9}},{"type":"Feature","geometry":{"type":"LineString","coordinates":[[-170.0765,-18.848],[-168.4666,-19.402]]},"properties":{"azimuth":110.0,"regime":"Thrust faulting","regime_code":"TF","regime_share":0.68,"agreement":0.3,"records":171,"support":39.3}},{"type":"Feature","geometry":{"type":"LineString","coordinates":[[-136.4106,-18.4793],[-135.3774,-19.7707]]},"properties":{"azimuth":142.9,"regime":"Strike-slip","regime_code":"SS","regime_share":1.0,"agreement":0.86,"records":3,"support":1.1}},{"type":"Feature","geometry":{"type":"LineString","coordinates":[[-134.0618,-18.506],[-132.958,-19.744]]},"properties":{"azimuth":139.9,"regime":"Strike-slip","regime_code":"SS","regime_share":0.92,"agreement":0.83,"records":4,"support":2.9}},{"type":"Feature","geometry":{"type":"LineString","coordinates":[[-131.7433,-18.5639],[-130.5084,-19.6861]]},"properties":{"azimuth":133.9,"regime":"Strike-slip","regime_code":"SS","regime_share":0.64,"agreement":0.78,"records":6,"support":3.1}},{"type":"Feature","geometry":{"type":"LineString","coordinates":[[-129.4129,-18.6221],[-128.0705,-19.6279]]},"properties":{"azimuth":128.4,"regime":"Normal faulting","regime_code":"NF","regime_share":0.34,"agreement":0.56,"records":9,"support":4.0}},{"type":"Feature","geometry":{"type":"LineString","coordinates":[[-127.0309,-18.6246],[-125.6843,-19.6254]]},"properties":{"azimuth":128.2,"regime":"Normal faulting","regime_code":"NF","regime_share":0.47,"agreement":0.4,"records":7,"support":4.5}},{"type":"Feature","geometry":{"type":"LineString","coordinates":[[-124.7729,-18.834],[-123.1741,-19.416]]},"properties":{"azimuth":111.1,"regime":"Normal faulting","regime_code":"NF","regime_share":0.5,"agreement":0.32,"records":6,"support":2.1}},{"type":"Feature","geometry":{"type":"LineString","coordinates":[[-117.1294,-19.8802],[-116.513,-18.3698]]},"properties":{"azimuth":21.1,"regime":"Strike-slip","regime_code":"SS","regime_share":0.55,"agreement":0.54,"records":9,"support":2.8}},{"type":"Feature","geometry":{"type":"LineString","coordinates":[[-114.7791,-19.8671],[-114.0951,-18.3829]]},"properties":{"azimuth":23.5,"regime":"Strike-slip","regime_code":"SS","regime_share":0.8,"agreement":0.72,"records":20,"support":7.2}},{"type":"Feature","geometry":{"type":"LineString","coordinates":[[-112.4174,-19.8575],[-111.6886,-18.3925]]},"properties":{"azimuth":25.2,"regime":"Strike-slip","regime_code":"SS","regime_share":0.73,"agreement":0.48,"records":16,"support":5.1}},{"type":"Feature","geometry":{"type":"LineString","coordinates":[[-77.066,-19.4707],[-75.5168,-18.7793]]},"properties":{"azimuth":64.7,"regime":"Thrust faulting","regime_code":"TF","regime_share":0.79,"agreement":0.81,"records":54,"support":12.0}},{"type":"Feature","geometry":{"type":"LineString","coordinates":[[-74.7355,-19.3318],[-73.079,-18.9182]]},"properties":{"azimuth":75.2,"regime":"Thrust faulting","regime_code":"TF","regime_share":0.89,"agreement":0.82,"records":284,"support":95.5}},{"type":"Feature","geometry":{"type":"LineString","coordinates":[[-72.3591,-19.302],[-70.6872,-18.948]]},"properties":{"azimuth":77.4,"regime":"Thrust faulting","regime_code":"TF","regime_share":0.91,"agreement":0.83,"records":297,"support":212.9}},{"type":"Feature","geometry":{"type":"LineString","coordinates":[[-69.9773,-19.2923],[-68.3009,-18.9577]]},"properties":{"azimuth":78.1,"regime":"Thrust faulting","regime_code":"TF","regime_share":0.9,"agreement":0.82,"records":267,"support":158.6}},{"type":"Feature","geometry":{"type":"LineString","coordinates":[[-67.5981,-19.2682],[-65.9118,-18.9818]]},"properties":{"azimuth":79.8,"regime":"Thrust faulting","regime_code":"TF","regime_share":0.77,"agreement":0.72,"records":170,"support":35.9}},{"type":"Feature","geometry":{"type":"LineString","coordinates":[[-65.2143,-19.2666],[-63.5274,-18.9834]]},"properties":{"azimuth":79.9,"regime":"Thrust faulting","regime_code":"TF","regime_share":0.62,"agreement":0.61,"records":19,"support":12.1}},{"type":"Feature","geometry":{"type":"LineString","coordinates":[[-62.8371,-19.2233],[-61.1364,-19.0267]]},"properties":{"azimuth":83.0,"regime":"Thrust faulting","regime_code":"TF","regime_share":0.73,"agreement":0.7,"records":14,"support":5.9}},{"type":"Feature","geometry":{"type":"LineString","coordinates":[[-60.4519,-19.231],[-58.7534,-19.019]]},"properties":{"azimuth":82.5,"regime":"Thrust faulting","regime_code":"TF","regime_share":0.73,"agreement":0.89,"records":8,"support":1.8}},{"type":"Feature","geometry":{"type":"LineString","coordinates":[[-58.0217,-19.4067],[-56.4154,-18.8433]]},"properties":{"azimuth":69.6,"regime":"Thrust faulting","regime_code":"TF","regime_share":0.66,"agreement":0.97,"records":3,"support":2.5}},{"type":"Feature","geometry":{"type":"LineString","coordinates":[[-55.6298,-19.4257],[-54.0391,-18.8243]]},"properties":{"azimuth":68.2,"regime":"Thrust faulting","regime_code":"TF","regime_share":0.71,"agreement":0.97,"records":3,"support":2.0}},{"type":"Feature","geometry":{"type":"LineString","coordinates":[[-53.2489,-19.4179],[-51.6517,-18.8321]]},"properties":{"azimuth":68.8,"regime":"Undetermined","regime_code":"U","regime_share":0.82,"agreement":0.64,"records":4,"support":1.5}},{"type":"Feature","geometry":{"type":"LineString","coordinates":[[-50.908,-18.9747],[-49.2245,-19.2753]]},"properties":{"azimuth":100.7,"regime":"Undetermined","regime_code":"U","regime_share":0.57,"agreement":0.41,"records":5,"support":1.5}},{"type":"Feature","geometry":{"type":"LineString","coordinates":[[-48.5384,-19.1504],[-46.8259,-19.0996]]},"properties":{"azimuth":88.2,"regime":"Thrust faulting","regime_code":"TF","regime_share":0.46,"agreement":0.57,"records":6,"support":2.3}},{"type":"Feature","geometry":{"type":"LineString","coordinates":[[-46.1229,-19.3434],[-44.4731,-18.9066]]},"properties":{"azimuth":74.3,"regime":"Thrust faulting","regime_code":"TF","regime_share":0.68,"agreement":0.71,"records":9,"support":3.9}},{"type":"Feature","geometry":{"type":"LineString","coordinates":[[-43.7387,-19.3437],[-42.0891,-18.9063]]},"properties":{"azimuth":74.3,"regime":"Thrust faulting","regime_code":"TF","regime_share":0.8,"agreement":0.89,"records":6,"support":2.4}},{"type":"Feature","geometry":{"type":"LineString","coordinates":[[-17.0656,-18.3981],[-16.3119,-19.8519]]},"properties":{"azimuth":153.9,"regime":"Normal faulting","regime_code":"NF","regime_share":0.63,"agreement":0.47,"records":40,"support":11.2}},{"type":"Feature","geometry":{"type":"LineString","coordinates":[[-14.6496,-18.3841],[-13.9597,-19.8659]]},"properties":{"azimuth":156.3,"regime":"Normal faulting","regime_code":"NF","regime_share":0.62,"agreement":0.49,"records":71,"support":32.4}},{"type":"Feature","geometry":{"type":"LineString","coordinates":[[-12.2594,-18.3816],[-11.5816,-19.8684]]},"properties":{"azimuth":156.7,"regime":"Normal faulting","regime_code":"NF","regime_share":0.61,"agreement":0.51,"records":71,"support":28.3}},{"type":"Feature","geometry":{"type":"LineString","coordinates":[[-9.9067,-18.3951],[-9.1662,-19.8549]]},"properties":{"azimuth":154.4,"regime":"Normal faulting","regime_code":"NF","regime_share":0.52,"agreement":0.52,"records":23,"support":6.5}},{"type":"Feature","geometry":{"type":"LineString","coordinates":[[30.8048,-18.3355],[31.182,-19.9145]]},"properties":{"azimuth":167.3,"regime":"Normal faulting","regime_code":"NF","regime_share":0.94,"agreement":0.78,"records":18,"support":6.1}},{"type":"Feature","geometry":{"type":"LineString","coordinates":[[33.1699,-18.3397],[33.585,-19.9103]]},"properties":{"azimuth":166.0,"regime":"Normal faulting","regime_code":"NF","regime_share":0.94,"agreement":0.79,"records":21,"support":11.1}},{"type":"Feature","geometry":{"type":"LineString","coordinates":[[35.5587,-18.3386],[35.9645,-19.9114]]},"properties":{"azimuth":166.3,"regime":"Normal faulting","regime_code":"NF","regime_share":0.95,"agreement":0.79,"records":20,"support":6.2}},{"type":"Feature","geometry":{"type":"LineString","coordinates":[[38.0795,-18.318],[38.2119,-19.932]]},"properties":{"azimuth":175.6,"regime":"Normal faulting","regime_code":"NF","regime_share":1.0,"agreement":0.98,"records":6,"support":1.1}},{"type":"Feature","geometry":{"type":"LineString","coordinates":[[40.3849,-18.3273],[40.6747,-19.9227]]},"properties":{"azimuth":170.3,"regime":"Normal faulting","regime_code":"NF","regime_share":0.88,"agreement":0.86,"records":9,"support":4.2}},{"type":"Feature","geometry":{"type":"LineString","coordinates":[[42.8151,-18.321],[43.0127,-19.929]]},"properties":{"azimuth":173.4,"regime":"Normal faulting","regime_code":"NF","regime_share":0.87,"agreement":0.8,"records":10,"support":4.7}},{"type":"Feature","geometry":{"type":"LineString","coordinates":[[45.1285,-19.9184],[45.4676,-18.3316]]},"properties":{"azimuth":11.4,"regime":"Normal faulting","regime_code":"NF","regime_share":1.0,"agreement":0.84,"records":6,"support":1.8}},{"type":"Feature","geometry":{"type":"LineString","coordinates":[[61.8369,-18.3281],[62.1366,-19.9219]]},"properties":{"azimuth":169.9,"regime":"Normal faulting","regime_code":"NF","regime_share":0.72,"agreement":0.66,"records":30,"support":7.2}},{"type":"Feature","geometry":{"type":"LineString","coordinates":[[64.1728,-18.3375],[64.5689,-19.9125]]},"properties":{"azimuth":166.6,"regime":"Normal faulting","regime_code":"NF","regime_share":0.52,"agreement":0.5,"records":89,"support":45.9}},{"type":"Feature","geometry":{"type":"LineString","coordinates":[[66.4975,-18.353],[67.0124,-19.897]]},"properties":{"azimuth":162.5,"regime":"Strike-slip","regime_code":"SS","regime_share":0.53,"agreement":0.4,"records":109,"support":68.5}},{"type":"Feature","geometry":{"type":"LineString","coordinates":[[68.7994,-18.3819],[69.4787,-19.8681]]},"properties":{"azimuth":156.6,"regime":"Strike-slip","regime_code":"SS","regime_share":0.61,"agreement":0.28,"records":104,"support":35.1}},{"type":"Feature","geometry":{"type":"LineString","coordinates":[[70.7147,-18.8573],[72.3316,-19.3927]]},"properties":{"azimuth":109.3,"regime":"Strike-slip","regime_code":"SS","regime_share":0.63,"agreement":0.64,"records":16,"support":3.0}},{"type":"Feature","geometry":{"type":"LineString","coordinates":[[111.2381,-18.8752],[112.8678,-19.3748]]},"properties":{"azimuth":108.0,"regime":"Undetermined","regime_code":"U","regime_share":0.75,"agreement":0.83,"records":52,"support":24.6}},{"type":"Feature","geometry":{"type":"LineString","coordinates":[[113.6185,-18.8864],[115.2557,-19.3636]]},"properties":{"azimuth":107.1,"regime":"Undetermined","regime_code":"U","regime_share":0.8,"agreement":0.72,"records":62,"support":56.2}},{"type":"Feature","geometry":{"type":"LineString","coordinates":[[115.9995,-18.8962],[117.6429,-19.3538]]},"properties":{"azimuth":106.4,"regime":"Undetermined","regime_code":"U","regime_share":0.82,"agreement":0.62,"records":61,"support":45.2}},{"type":"Feature","geometry":{"type":"LineString","coordinates":[[118.3593,-18.9976],[120.0513,-19.2524]]},"properties":{"azimuth":99.1,"regime":"Undetermined","regime_code":"U","regime_share":0.8,"agreement":0.42,"records":30,"support":12.1}},{"type":"Feature","geometry":{"type":"LineString","coordinates":[[120.8954,-19.5995],[122.2834,-18.6505]]},"properties":{"azimuth":54.1,"regime":"Undetermined","regime_code":"U","regime_share":0.87,"agreement":0.75,"records":12,"support":6.3}},{"type":"Feature","geometry":{"type":"LineString","coordinates":[[123.2971,-19.6216],[124.65,-18.6284]]},"properties":{"azimuth":52.2,"regime":"Undetermined","regime_code":"U","regime_share":0.84,"agreement":0.83,"records":12,"support":9.3}},{"type":"Feature","geometry":{"type":"LineString","coordinates":[[125.6504,-19.5818],[127.0648,-18.6682]]},"properties":{"azimuth":55.6,"regime":"Undetermined","regime_code":"U","regime_share":0.72,"agreement":0.64,"records":12,"support":6.7}},{"type":"Feature","geometry":{"type":"LineString","coordinates":[[127.9522,-19.4391],[129.5313,-18.8109]]},"properties":{"azimuth":67.2,"regime":"Thrust faulting","regime_code":"TF","regime_share":0.53,"agreement":0.19,"records":5,"support":1.9}},{"type":"Feature","geometry":{"type":"LineString","coordinates":[[130.6928,-19.8234],[131.5588,-18.4266]]},"properties":{"azimuth":30.4,"regime":"Undetermined","regime_code":"U","regime_share":0.49,"agreement":0.82,"records":4,"support":1.7}},{"type":"Feature","geometry":{"type":"LineString","coordinates":[[133.0736,-19.8215],[133.9463,-18.4285]]},"properties":{"azimuth":30.6,"regime":"Undetermined","regime_code":"U","regime_share":0.39,"agreement":0.65,"records":5,"support":3.1}},{"type":"Feature","geometry":{"type":"LineString","coordinates":[[135.4277,-19.804],[136.3604,-18.446]]},"properties":{"azimuth":33.0,"regime":"Thrust faulting","regime_code":"TF","regime_share":0.46,"agreement":0.35,"records":5,"support":2.7}},{"type":"Feature","geometry":{"type":"LineString","coordinates":[[137.441,-18.9531],[139.1153,-19.2969]]},"properties":{"azimuth":102.3,"regime":"Thrust faulting","regime_code":"TF","regime_share":0.5,"agreement":0.48,"records":3,"support":1.2}},{"type":"Feature","geometry":{"type":"LineString","coordinates":[[139.8061,-19.154],[141.5184,-19.096]]},"properties":{"azimuth":87.9,"regime":"Undetermined","regime_code":"U","regime_share":0.67,"agreement":0.96,"records":5,"support":1.9}},{"type":"Feature","geometry":{"type":"LineString","coordinates":[[142.1978,-19.2364],[143.8949,-19.0136]]},"properties":{"azimuth":82.1,"regime":"Undetermined","regime_code":"U","regime_share":0.91,"agreement":0.83,"records":6,"support":2.1}},{"type":"Feature","geometry":{"type":"LineString","coordinates":[[145.2061,-19.9061],[145.6549,-18.3439]]},"properties":{"azimuth":15.2,"regime":"Thrust faulting","regime_code":"TF","regime_share":0.41,"agreement":0.54,"records":21,"support":7.0}},{"type":"Feature","geometry":{"type":"LineString","coordinates":[[147.5652,-19.8994],[148.0639,-18.3506]]},"properties":{"azimuth":16.9,"regime":"Thrust faulting","regime_code":"TF","regime_share":0.53,"agreement":0.58,"records":28,"support":13.5}},{"type":"Feature","geometry":{"type":"LineString","coordinates":[[149.846,-19.8626],[150.5513,-18.3874]]},"properties":{"azimuth":24.3,"regime":"Thrust faulting","regime_code":"TF","regime_share":0.49,"agreement":0.47,"records":16,"support":7.3}},{"type":"Feature","geometry":{"type":"LineString","coordinates":[[151.7808,-19.4097],[153.3847,-18.8403]]},"properties":{"azimuth":69.4,"regime":"Undetermined","regime_code":"U","regime_share":1.0,"agreement":0.93,"records":2,"support":1.1}},{"type":"Feature","geometry":{"type":"LineString","coordinates":[[154.4201,-19.7481],[155.5137,-18.5019]]},"properties":{"azimuth":39.7,"regime":"Undetermined","regime_code":"U","regime_share":0.59,"agreement":0.79,"records":2,"support":1.4}},{"type":"Feature","geometry":{"type":"LineString","coordinates":[[156.9274,-19.8285],[157.7746,-18.4215]]},"properties":{"azimuth":29.6,"regime":"Thrust faulting","regime_code":"TF","regime_share":0.63,"agreement":0.79,"records":2,"support":1.4}},{"type":"Feature","geometry":{"type":"LineString","coordinates":[[163.7186,-19.4498],[165.288,-18.8002]]},"properties":{"azimuth":66.3,"regime":"Thrust faulting","regime_code":"TF","regime_share":0.54,"agreement":0.26,"records":293,"support":69.4}},{"type":"Feature","geometry":{"type":"LineString","coordinates":[[166.0687,-19.3634],[167.7061,-18.8866]]},"properties":{"azimuth":72.9,"regime":"Thrust faulting","regime_code":"TF","regime_share":0.53,"agreement":0.23,"records":503,"support":281.5}},{"type":"Feature","geometry":{"type":"LineString","coordinates":[[168.4622,-19.3905],[170.0808,-18.8595]]},"properties":{"azimuth":70.9,"regime":"Thrust faulting","regime_code":"TF","regime_share":0.5,"agreement":0.18,"records":648,"support":347.1}},{"type":"Feature","geometry":{"type":"LineString","coordinates":[[171.2628,-19.8443],[172.0485,-18.4057]]},"properties":{"azimuth":27.3,"regime":"Thrust faulting","regime_code":"TF","regime_share":0.38,"agreement":0.1,"records":593,"support":173.8}},{"type":"Feature","geometry":{"type":"LineString","coordinates":[[173.981,-19.9325],[174.0984,-18.3175]]},"properties":{"azimuth":3.9,"regime":"Strike-slip","regime_code":"SS","regime_share":0.69,"agreement":0.42,"records":153,"support":70.4}},{"type":"Feature","geometry":{"type":"LineString","coordinates":[[176.1812,-19.9012],[176.6665,-18.3488]]},"properties":{"azimuth":16.5,"regime":"Strike-slip","regime_code":"SS","regime_share":0.74,"agreement":0.62,"records":156,"support":63.9}},{"type":"Feature","geometry":{"type":"LineString","coordinates":[[178.4318,-19.8522],[179.1841,-18.3978]]},"properties":{"azimuth":26.0,"regime":"Strike-slip","regime_code":"SS","regime_share":0.75,"agreement":0.76,"records":121,"support":40.0}},{"type":"Feature","geometry":{"type":"LineString","coordinates":[[-179.4058,-20.802],[-178.1781,-21.948]]},"properties":{"azimuth":135.1,"regime":"Thrust faulting","regime_code":"TF","regime_share":0.49,"agreement":0.2,"records":159,"support":36.6}},{"type":"Feature","geometry":{"type":"LineString","coordinates":[[-177.1729,-21.0522],[-175.5788,-21.6978]]},"properties":{"azimuth":113.5,"regime":"Thrust faulting","regime_code":"TF","regime_share":0.74,"agreement":0.55,"records":478,"support":216.5}},{"type":"Feature","geometry":{"type":"LineString","coordinates":[[-174.768,-21.0773],[-173.1515,-21.6727]]},"properties":{"azimuth":111.6,"regime":"Thrust faulting","regime_code":"TF","regime_share":0.82,"agreement":0.65,"records":508,"support":314.8}},{"type":"Feature","geometry":{"type":"LineString","coordinates":[[-172.3556,-21.0864],[-170.7316,-21.6636]]},"properties":{"azimuth":110.9,"regime":"Thrust faulting","regime_code":"TF","regime_share":0.84,"agreement":0.65,"records":386,"support":159.0}},{"type":"Feature","geometry":{"type":"LineString","coordinates":[[-169.9468,-21.1047],[-168.3082,-21.6453]]},"properties":{"azimuth":109.5,"regime":"Thrust faulting","regime_code":"TF","regime_share":0.72,"agreement":0.41,"records":61,"support":10.1}},{"type":"Feature","geometry":{"type":"LineString","coordinates":[[-133.4713,-20.7767],[-132.3006,-21.9733]]},"properties":{"azimuth":137.7,"regime":"Strike-slip","regime_code":"SS","regime_share":0.86,"agreement":0.81,"records":4,"support":1.2}},{"type":"Feature","geometry":{"type":"LineString","coordinates":[[-131.1393,-20.8588],[-129.8003,-21.8912]]},"properties":{"azimuth":129.6,"regime":"Strike-slip","regime_code":"SS","regime_share":0.46,"agreement":0.63,"records":9,"support":2.1}},{"type":"Feature","geometry":{"type":"LineString","coordinates":[[-128.7305,-20.8671],[-127.3769,-21.8829]]},"properties":{"azimuth":128.9,"regime":"Normal faulting","regime_code":"NF","regime_share":0.39,"agreement":0.52,"records":7,"support":4.1}},{"type":"Feature","geometry":{"type":"LineString","coordinates":[[-126.339,-20.897],[-124.9362,-21.853]]},"properties":{"azimuth":126.2,"regime":"Normal faulting","regime_code":"NF","regime_share":0.46,"agreement":0.48,"records":7,"support":4.0}},{"type":"Feature","geometry":{"type":"LineString","coordinates":[[-123.9906,-20.998],[-122.4523,-21.752]]},"properties":{"azimuth":117.8,"regime":"Normal faulting","regime_code":"NF","regime_share":0.5,"agreement":0.53,"records":6,"support":1.6}},{"type":"Feature","geometry":{"type":"LineString","coordinates":[[-118.7028,-22.1299],[-118.0757,-20.6201]]},"properties":{"azimuth":21.1,"regime":"Strike-slip","regime_code":"SS","regime_share":0.91,"agreement":0.78,"records":31,"support":5.5}},{"type":"Feature","geometry":{"type":"LineString","coordinates":[[-116.2944,-22.1271],[-115.6519,-20.6229]]},"properties":{"azimuth":21.7,"regime":"Strike-slip","regime_code":"SS","regime_share":0.88,"agreement":0.72,"records":66,"support":25.5}},{"type":"Feature","geometry":{"type":"LineString","coordinates":[[-113.8658,-22.1316],[-113.2483,-20.6184]]},"properties":{"azimuth":20.8,"regime":"Strike-slip","regime_code":"SS","regime_share":0.75,"agreement":0.53,"records":82,"support":35.1}},{"type":"Feature","geometry":{"type":"LineString","coordinates":[[-111.3221,-22.1666],[-110.9598,-20.5834]]},"properties":{"azimuth":12.0,"regime":"Strike-slip","regime_code":"SS","regime_share":0.56,"agreement":0.24,"records":48,"support":19.0}},{"type":"Feature","geometry":{"type":"LineString","coordinates":[[-109.2732,-20.747],[-108.1765,-22.003]]},"properties":{"azimuth":140.9,"regime":"Normal faulting","regime_code":"NF","regime_share":0.52,"agreement":0.15,"records":19,"support":3.4}},{"type":"Feature","geometry":{"type":"LineString","coordinates":[[-75.75,-21.541],[-74.0486,-21.209]]},"properties":{"azimuth":78.2,"regime":"Thrust faulting","regime_code":"TF","regime_share":0.96,"agreement":0.84,"records":157,"support":24.0}},{"type":"Feature","geometry":{"type":"LineString","coordinates":[[-73.3367,-21.5282],[-71.6298,-21.2218]]},"properties":{"azimuth":79.1,"regime":"Thrust faulting","regime_code":"TF","regime_share":0.96,"agreement":0.85,"records":291,"support":159.6}},{"type":"Feature","geometry":{"type":"LineString","coordinates":[[-70.9218,-21.5222],[-69.2124,-21.2278]]},"properties":{"azimuth":79.5,"regime":"Thrust faulting","regime_code":"TF","regime_share":0.96,"agreement":0.84,"records":282,"support":197.9}},{"type":"Feature","geometry":{"type":"LineString","coordinates":[[-68.5071,-21.515],[-66.7949,-21.235]]},"properties":{"azimuth":80.0,"regime":"Thrust faulting","regime_code":"TF","regime_share":0.94,"agreement":0.81,"records":271,"support":74.0}},{"type":"Feature","geometry":{"type":"LineString","coordinates":[[-66.1028,-21.4189],[-64.367,-21.3311]]},"properties":{"azimuth":86.9,"regime":"Thrust faulting","regime_code":"TF","regime_share":0.57,"agreement":0.6,"records":20,"support":9.1}},{"type":"Feature","geometry":{"type":"LineString","coordinates":[[-63.6879,-21.3676],[-61.9497,-21.3824]]},"properties":{"azimuth":90.5,"regime":"Thrust faulting","regime_code":"TF","regime_share":0.56,"agreement":0.62,"records":16,"support":7.8}},{"type":"Feature","geometry":{"type":"LineString","coordinates":[[-61.2715,-21.3972],[-59.5338,-21.3528]]},"properties":{"azimuth":88.4,"regime":"Thrust faulting","regime_code":"TF","regime_share":0.43,"agreement":0.63,"records":10,"support":2.3}},{"type":"Feature","geometry":{"type":"LineString","coordinates":[[-58.8265,-21.5833],[-57.1467,-21.1667]]},"properties":{"azimuth":75.1,"regime":"Strike-slip","regime_code":"SS","regime_share":0.51,"agreement":0.97,"records":6,"support":1.4}},{"type":"Feature","geometry":{"type":"LineString","coordinates":[[-56.3542,-21.7249],[-54.7867,-21.0251]]},"properties":{"azimuth":64.4,"regime":"Undetermined","regime_code":"U","regime_share":0.62,"agreement":0.58,"records":7,"support":2.2}},{"type":"Feature","geometry":{"type":"LineString","coordinates":[[-53.9193,-21.7594],[-52.3895,-20.9906]]},"properties":{"azimuth":61.6,"regime":"Undetermined","regime_code":"U","regime_share":0.96,"agreement":0.48,"records":6,"support":4.4}},{"type":"Feature","geometry":{"type":"LineString","coordinates":[[-51.5665,-21.6203],[-49.91,-21.1297]]},"properties":{"azimuth":72.4,"regime":"Undetermined","regime_code":"U","regime_share":0.87,"agreement":0.42,"records":6,"support":4.5}},{"type":"Feature","geometry":{"type":"LineString","coordinates":[[-49.1582,-21.5963],[-47.4861,-21.1537]]},"properties":{"azimuth":74.1,"regime":"Normal faulting","regime_code":"NF","regime_share":0.34,"agreement":0.42,"records":10,"support":4.4}},{"type":"Feature","geometry":{"type":"LineString","coordinates":[[-46.7172,-21.6657],[-45.0949,-21.0843]]},"properties":{"azimuth":68.9,"regime":"Thrust faulting","regime_code":"TF","regime_share":0.55,"agreement":0.55,"records":8,"support":6.6}},{"type":"Feature","geometry":{"type":"LineString","coordinates":[[-44.3195,-21.6165],[-42.6604,-21.1335]]},"properties":{"azimuth":72.6,"regime":"Thrust faulting","regime_code":"TF","regime_share":0.65,"agreement":0.63,"records":7,"support":4.8}},{"type":"Feature","geometry":{"type":"LineString","coordinates":[[-17.0496,-22.1743],[-16.7759,-20.5757]]},"properties":{"azimuth":9.1,"regime":"Normal faulting","regime_code":"NF","regime_share":0.38,"agreement":0.79,"records":11,"support":2.4}},{"type":"Feature","geometry":{"type":"LineString","coordinates":[[-14.5415,-22.1833],[-14.4518,-20.5667]]},"properties":{"azimuth":3.0,"regime":"Normal faulting","regime_code":"NF","regime_share":0.57,"agreement":0.63,"records":51,"support":17.8}},{"type":"Feature","geometry":{"type":"LineString","coordinates":[[-12.104,-22.1841],[-12.0571,-20.5659]]},"properties":{"azimuth":1.5,"regime":"Normal faulting","regime_code":"NF","regime_share":0.61,"agreement":0.65,"records":47,"support":23.1}},{"type":"Feature","geometry":{"type":"LineString","coordinates":[[-9.6777,-22.1843],[-9.6512,-20.5657]]},"properties":{"azimuth":0.9,"regime":"Normal faulting","regime_code":"NF","regime_share":0.61,"agreement":0.69,"records":25,"support":10.2}},{"type":"Feature","geometry":{"type":"LineString","coordinates":[[28.9014,-20.5701],[29.0852,-22.1799]]},"properties":{"azimuth":173.9,"regime":"Normal faulting","regime_code":"NF","regime_share":1.0,"agreement":0.97,"records":8,"support":1.3}},{"type":"Feature","geometry":{"type":"LineString","coordinates":[[31.19,-20.5918],[31.6287,-22.1582]]},"properties":{"azimuth":165.4,"regime":"Normal faulting","regime_code":"NF","regime_share":0.94,"agreement":0.79,"records":17,"support":11.5}},{"type":"Feature","geometry":{"type":"LineString","coordinates":[[33.5963,-20.5943],[34.0548,-22.1557]]},"properties":{"azimuth":164.7,"regime":"Normal faulting","regime_code":"NF","regime_share":0.94,"agreement":0.78,"records":17,"support":16.3}},{"type":"Feature","geometry":{"type":"LineString","coordinates":[[36.0022,-20.5969],[36.481,-22.1531]]},"properties":{"azimuth":164.0,"regime":"Normal faulting","regime_code":"NF","regime_share":0.94,"agreement":0.77,"records":17,"support":6.7}},{"type":"Feature","geometry":{"type":"LineString","coordinates":[[42.9505,-22.0097],[44.0294,-20.7403]]},"properties":{"azimuth":38.4,"regime":"Normal faulting","regime_code":"NF","regime_share":0.51,"agreement":0.92,"records":2,"support":1.1}},{"type":"Feature","geometry":{"type":"LineString","coordinates":[[45.4299,-22.0521],[46.3822,-20.6979]]},"properties":{"azimuth":33.2,"regime":"Normal faulting","regime_code":"NF","regime_share":0.72,"agreement":0.94,"records":2,"support":1.1}},{"type":"Feature","geometry":{"type":"LineString","coordinates":[[62.4093,-20.661],[63.2282,-22.089]]},"properties":{"azimuth":151.9,"regime":"Normal faulting","regime_code":"NF","regime_share":0.83,"agreement":0.57,"records":38,"support":8.2}},{"type":"Feature","geometry":{"type":"LineString","coordinates":[[64.7386,-20.7105],[65.7312,-22.0395]]},"properties":{"azimuth":145.2,"regime":"Normal faulting","regime_code":"NF","regime_share":0.59,"agreement":0.46,"records":78,"support":33.0}},{"type":"Feature","geometry":{"type":"LineString","coordinates":[[67.1118,-20.7402],[68.1902,-22.0098]]},"properties":{"azimuth":141.7,"regime":"Normal faulting","regime_code":"NF","regime_share":0.54,"agreement":0.46,"records":83,"support":43.6}},{"type":"Feature","geometry":{"type":"LineString","coordinates":[[69.6541,-20.6628],[70.4801,-22.0872]]},"properties":{"azimuth":151.6,"regime":"Normal faulting","regime_code":"NF","regime_share":0.58,"agreement":0.5,"records":85,"support":29.8}},{"type":"Feature","geometry":{"type":"LineString","coordinates":[[72.2611,-20.5925],[72.7054,-22.1575]]},"properties":{"azimuth":165.2,"regime":"Normal faulting","regime_code":"NF","regime_share":0.65,"agreement":0.69,"records":25,"support":5.8}},{"type":"Feature","geometry":{"type":"LineString","coordinates":[[88.6391,-20.9771],[90.1529,-21.7729]]},"properties":{"azimuth":119.4,"regime":"Strike-slip","regime_code":"SS","regime_share":0.77,"agreement":0.98,"records":2,"support":1.3}},{"type":"Feature","geometry":{"type":"LineString","coordinates":[[110.3273,-21.0903],[111.9546,-21.6597]]},"properties":{"azimuth":110.6,"regime":"Undetermined","regime_code":"U","regime_share":0.69,"agreement":0.86,"records":41,"support":17.2}},{"type":"Feature","geometry":{"type":"LineString","coordinates":[[112.7348,-21.1125],[114.3793,-21.6375]]},"properties":{"azimuth":108.9,"regime":"Undetermined","regime_code":"U","regime_share":0.75,"agreement":0.77,"records":67,"support":58.1}},{"type":"Feature","geometry":{"type":"LineString","coordinates":[[115.1438,-21.1329],[116.8025,-21.6171]]},"properties":{"azimuth":107.4,"regime":"Undetermined","regime_code":"U","regime_share":0.77,"agreement":0.68,"records":72,"support":62.0}},{"type":"Feature","geometry":{"type":"LineString","coordinates":[[117.5438,-21.1874],[119.2348,-21.5626]]},"properties":{"azimuth":103.4,"regime":"Undetermined","regime_code":"U","regime_share":0.77,"agreement":0.51,"records":50,"support":21.5}},{"type":"Feature","geometry":{"type":"LineString","coordinates":[[120.057,-21.7867],[121.5537,-20.9633]]},"properties":{"azimuth":59.4,"regime":"Thrust faulting","regime_code":"TF","regime_share":0.53,"agreement":0.92,"records":4,"support":1.6}},{"type":"Feature","geometry":{"type":"LineString","coordinates":[[122.4995,-21.8257],[123.9434,-20.9243]]},"properties":{"azimuth":56.2,"regime":"Undetermined","regime_code":"U","regime_share":0.72,"agreement":0.75,"records":10,"support":2.7}},{"type":"Feature","geometry":{"type":"LineString","coordinates":[[124.8246,-21.6613],[126.4506,-21.0887]]},"properties":{"azimuth":69.3,"regime":"Thrust faulting","regime_code":"TF","regime_share":0.53,"agreement":0.49,"records":6,"support":2.7}},{"type":"Feature","geometry":{"type":"LineString","coordinates":[[127.328,-21.8205],[128.7794,-20.9295]]},"properties":{"azimuth":56.6,"regime":"Thrust faulting","regime_code":"TF","regime_share":0.61,"agreement":0.24,"records":6,"support":3.0}},{"type":"Feature","geometry":{"type":"LineString","coordinates":[[130.1436,-22.1252],[130.796,-20.6248]]},"properties":{"azimuth":22.0,"regime":"Undetermined","regime_code":"U","regime_share":0.8,"agreement":0.57,"records":15,"support":7.5}},{"type":"Feature","geometry":{"type":"LineString","coordinates":[[132.6484,-22.1536],[133.1234,-20.5964]]},"properties":{"azimuth":15.9,"regime":"Undetermined","regime_code":"U","regime_share":0.79,"agreement":0.58,"records":14,"support":8.1}},{"type":"Feature","geometry":{"type":"LineString","coordinates":[[135.2819,-22.1842],[135.3221,-20.5658]]},"properties":{"azimuth":1.3,"regime":"Undetermined","regime_code":"U","regime_share":0.48,"agreement":0.15,"records":10,"support":3.7}},{"type":"Feature","geometry":{"type":"LineString","coordinates":[[136.8613,-21.2392],[138.575,-21.5108]]},"properties":{"azimuth":99.7,"regime":"Thrust faulting","regime_code":"TF","regime_share":0.62,"agreement":0.72,"records":4,"support":1.6}},{"type":"Feature","geometry":{"type":"LineString","coordinates":[[139.2657,-21.4063],[141.0028,-21.3437]]},"properties":{"azimuth":87.8,"regime":"Undetermined","regime_code":"U","regime_share":0.76,"agreement":0.96,"records":5,"support":3.8}},{"type":"Feature","geometry":{"type":"LineString","coordinates":[[141.6876,-21.4733],[143.4131,-21.2767]]},"properties":{"azimuth":83.0,"regime":"Undetermined","regime_code":"U","regime_share":0.94,"agreement":0.78,"records":7,"support":6.1}},{"type":"Feature","geometry":{"type":"LineString","coordinates":[[144.6248,-22.1192],[145.3081,-20.6308]]},"properties":{"azimuth":23.1,"regime":"Thrust faulting","regime_code":"TF","regime_share":0.48,"agreement":0.51,"records":33,"support":13.4}},{"type":"Feature","geometry":{"type":"LineString","coordinates":[[147.1321,-22.1501],[147.633,-20.5999]]},"properties":{"azimuth":16.7,"regime":"Thrust faulting","regime_code":"TF","regime_share":0.67,"agreement":0.75,"records":41,"support":30.3}},{"type":"Feature","geometry":{"type":"LineString","coordinates":[[149.5289,-22.1444],[150.0684,-20.6056]]},"properties":{"azimuth":18.1,"regime":"Thrust faulting","regime_code":"TF","regime_share":0.69,"agreement":0.73,"records":43,"support":28.1}},{"type":"Feature","geometry":{"type":"LineString","coordinates":[[151.8956,-22.1279],[152.5339,-20.6221]]},"properties":{"azimuth":21.5,"regime":"Thrust faulting","regime_code":"TF","regime_share":0.71,"agreement":0.68,"records":34,"support":8.3}},{"type":"Feature","geometry":{"type":"LineString","coordinates":[[154.006,-21.9376],[155.2557,-20.8124]]},"properties":{"azimuth":46.0,"regime":"Undetermined","regime_code":"U","regime_share":0.61,"agreement":0.87,"records":5,"support":2.4}},{"type":"Feature","geometry":{"type":"LineString","coordinates":[[156.5127,-22.0134],[157.5813,-20.7366]]},"properties":{"azimuth":37.9,"regime":"Undetermined","regime_code":"U","regime_share":0.55,"agreement":0.78,"records":2,"support":1.9}},{"type":"Feature","geometry":{"type":"LineString","coordinates":[[158.9647,-22.0381],[159.9615,-20.7119]]},"properties":{"azimuth":35.0,"regime":"Thrust faulting","regime_code":"TF","regime_share":0.41,"agreement":0.85,"records":3,"support":1.0}},{"type":"Feature","geometry":{"type":"LineString","coordinates":[[164.0905,-20.5884],[164.5001,-22.1616]]},"properties":{"azimuth":166.4,"regime":"Normal faulting","regime_code":"NF","regime_share":0.88,"agreement":0.75,"records":81,"support":13.2}},{"type":"Feature","geometry":{"type":"LineString","coordinates":[[166.0143,-21.8585],[167.4085,-20.8915]]},"properties":{"azimuth":53.3,"regime":"Normal faulting","regime_code":"NF","regime_share":0.48,"agreement":0.07,"records":520,"support":194.4}},{"type":"Feature","geometry":{"type":"LineString","coordinates":[[168.5347,-21.9669],[169.7204,-20.7831]]},"properties":{"azimuth":43.0,"regime":"Thrust faulting","regime_code":"TF","regime_share":0.44,"agreement":0.11,"records":578,"support":360.4}},{"type":"Feature","geometry":{"type":"LineString","coordinates":[[171.2241,-22.1277],[171.8631,-20.6223]]},"properties":{"azimuth":21.6,"regime":"Thrust faulting","regime_code":"TF","regime_share":0.42,"agreement":0.21,"records":510,"support":269.7}},{"type":"Feature","geometry":{"type":"LineString","coordinates":[[173.8764,-22.1807],[174.043,-20.5693]]},"properties":{"azimuth":5.5,"regime":"Strike-slip","regime_code":"SS","regime_share":0.52,"agreement":0.53,"records":256,"support":105.2}},{"type":"Feature","geometry":{"type":"LineString","coordinates":[[176.3435,-20.5662],[176.4081,-22.1838]]},"properties":{"azimuth":177.9,"regime":"Strike-slip","regime_code":"SS","regime_share":0.69,"agreement":0.72,"records":99,"support":38.6}},{"type":"Feature","geometry":{"type":"LineString","coordinates":[[178.591,-22.1625],[178.9929,-20.5875]]},"properties":{"azimuth":13.4,"regime":"Strike-slip","regime_code":"SS","regime_share":0.6,"agreement":0.7,"records":28,"support":9.4}},{"type":"Feature","geometry":{"type":"LineString","coordinates":[[-179.6287,-23.415],[-177.9223,-23.835]]},"properties":{"azimuth":105.0,"regime":"Thrust faulting","regime_code":"TF","regime_share":0.59,"agreement":0.25,"records":233,"support":69.6}},{"type":"Feature","geometry":{"type":"LineString","coordinates":[[-177.161,-23.3593],[-175.492,-23.8907]]},"properties":{"azimuth":109.2,"regime":"Thrust faulting","regime_code":"TF","regime_share":0.75,"agreement":0.53,"records":443,"support":226.5}},{"type":"Feature","geometry":{"type":"LineString","coordinates":[[-174.7071,-23.3468],[-173.048,-23.9032]]},"properties":{"azimuth":110.1,"regime":"Thrust faulting","regime_code":"TF","regime_share":0.81,"agreement":0.63,"records":452,"support":234.9}},{"type":"Feature","geometry":{"type":"LineString","coordinates":[[-172.2536,-23.3357],[-170.6035,-23.9143]]},"properties":{"azimuth":110.9,"regime":"Thrust faulting","regime_code":"TF","regime_share":0.84,"agreement":0.69,"records":321,"support":78.7}},{"type":"Feature","geometry":{"type":"LineString","coordinates":[[-130.6698,-23.744],[-128.9221,-23.506]]},"properties":{"azimuth":81.5,"regime":"Strike-slip","regime_code":"SS","regime_share":0.85,"agreement":0.68,"records":3,"support":1.0}},{"type":"Feature","geometry":{"type":"LineString","coordinates":[[-128.218,-23.4901],[-126.4759,-23.7599]]},"properties":{"azimuth":99.6,"regime":"Strike-slip","regime_code":"SS","regime_share":0.63,"agreement":0.35,"records":5,"support":2.0}},{"type":"Feature","geometry":{"type":"LineString","coordinates":[[-125.6933,-23.2727],[-124.1026,-23.9773]]},"properties":{"azimuth":115.8,"regime":"Strike-slip","regime_code":"SS","regime_share":0.53,"agreement":0.55,"records":7,"support":1.8}},{"type":"Feature","geometry":{"type":"LineString","coordinates":[[-120.077,-24.4313],[-119.923,-22.8187]]},"properties":{"azimuth":5.0,"regime":"Strike-slip","regime_code":"SS","regime_share":0.88,"agreement":0.48,"records":16,"support":3.1}},{"type":"Feature","geometry":{"type":"LineString","coordinates":[[-117.8302,-24.3929],[-117.2719,-22.8571]]},"properties":{"azimuth":18.4,"regime":"Strike-slip","regime_code":"SS","regime_share":0.92,"agreement":0.74,"records":57,"support":27.7}},{"type":"Feature","geometry":{"type":"LineString","coordinates":[[-115.3165,-24.4102],[-114.8876,-22.8398]]},"properties":{"azimuth":14.1,"regime":"Strike-slip","regime_code":"SS","regime_share":0.79,"agreement":0.53,"records":124,"support":66.5}},{"type":"Feature","geometry":{"type":"LineString","coordinates":[[-112.8218,-24.4195],[-112.4844,-22.8305]]},"properties":{"azimuth":11.0,"regime":"Strike-slip","regime_code":"SS","regime_share":0.68,"agreement":0.39,"records":123,"support":60.9}},{"type":"Feature","geometry":{"type":"LineString","coordinates":[[-110.4327,-24.4068],[-109.9754,-22.8432]]},"properties":{"azimuth":15.0,"regime":"Strike-slip","regime_code":"SS","regime_share":0.53,"agreement":0.23,"records":49,"support":23.6}},{"type":"Feature","geometry":{"type":"LineString","coordinates":[[-108.367,-24.2088],[-107.1432,-23.0412]]},"properties":{"azimuth":43.8,"regime":"Strike-slip","regime_code":"SS","regime_share":0.44,"agreement":0.48,"records":25,"support":5.3}},{"type":"Feature","geometry":{"type":"LineString","coordinates":[[-106.0261,-24.0941],[-104.5862,-23.1559]]},"properties":{"azimuth":54.6,"regime":"Thrust faulting","regime_code":"TF","regime_share":0.58,"agreement":0.92,"records":5,"support":1.5}},{"type":"Feature","geometry":{"type":"LineString","coordinates":[[-74.3506,-23.6828],[-72.5882,-23.5672]]},"properties":{"azimuth":85.9,"regime":"Thrust faulting","regime_code":"TF","regime_share":0.96,"agreement":0.9,"records":113,"support":35.6}},{"type":"Feature","geometry":{"type":"LineString","coordinates":[[-71.8991,-23.7085],[-70.1417,-23.5415]]},"properties":{"azimuth":84.1,"regime":"Thrust faulting","regime_code":"TF","regime_share":0.96,"agreement":0.86,"records":289,"support":104.8}},{"type":"Feature","geometry":{"type":"LineString","coordinates":[[-69.4543,-23.6539],[-67.6886,-23.5961]]},"properties":{"azimuth":88.0,"regime":"Thrust faulting","regime_code":"TF","regime_share":0.91,"agreement":0.81,"records":161,"support":51.9}},{"type":"Feature","geometry":{"type":"LineString","coordinates":[[-66.9914,-23.479],[-65.2535,-23.771]]},"properties":{"azimuth":100.4,"regime":"Thrust faulting","regime_code":"TF","regime_share":0.59,"agreement":0.73,"records":26,"support":11.7}},{"type":"Feature","geometry":{"type":"LineString","coordinates":[[-64.5528,-23.5473],[-62.7941,-23.7027]]},"properties":{"azimuth":95.5,"regime":"Thrust faulting","regime_code":"TF","regime_share":0.61,"agreement":0.67,"records":15,"support":9.4}},{"type":"Feature","geometry":{"type":"LineString","coordinates":[[-62.1079,-23.6238],[-60.3411,-23.6262]]},"properties":{"azimuth":90.1,"regime":"Thrust faulting","regime_code":"TF","regime_share":0.55,"agreement":0.69,"records":12,"support":4.6}},{"type":"Feature","geometry":{"type":"LineString","coordinates":[[-59.6465,-23.7602],[-57.9045,-23.4898]]},"properties":{"azimuth":80.4,"regime":"Strike-slip","regime_code":"SS","regime_share":0.69,"agreement":1.0,"records":3,"support":2.3}},{"type":"Feature","geometry":{"type":"LineString","coordinates":[[-57.1148,-23.9904],[-55.5383,-23.2596]]},"properties":{"azimuth":63.2,"regime":"Strike-slip","regime_code":"SS","regime_share":0.54,"agreement":0.53,"records":5,"support":2.3}},{"type":"Feature","geometry":{"type":"LineString","coordinates":[[-54.5423,-24.158],[-53.2128,-23.092]]},"properties":{"azimuth":48.8,"regime":"Undetermined","regime_code":"U","regime_share":0.95,"agreement":0.46,"records":8,"support":5.0}},{"type":"Feature","geometry":{"type":"LineString","coordinates":[[-52.1698,-24.0654],[-50.6874,-23.1846]]},"properties":{"azimuth":57.0,"regime":"Undetermined","regime_code":"U","regime_share":0.97,"agreement":0.44,"records":7,"support":5.7}},{"type":"Feature","geometry":{"type":"LineString","coordinates":[[-49.7131,-24.076],[-48.246,-23.174]]},"properties":{"azimuth":56.1,"regime":"Undetermined","regime_code":"U","regime_share":0.58,"agreement":0.36,"records":9,"support":3.4}},{"type":"Feature","geometry":{"type":"LineString","coordinates":[[-47.2074,-24.1452],[-45.8538,-23.1048]]},"properties":{"azimuth":50.0,"regime":"Thrust faulting","regime_code":"TF","regime_share":0.39,"agreement":0.4,"records":7,"support":4.5}},{"type":"Feature","geometry":{"type":"LineString","coordinates":[[-44.8435,-24.0347],[-43.3197,-23.2153]]},"properties":{"azimuth":59.6,"regime":"Thrust faulting","regime_code":"TF","regime_share":0.51,"agreement":0.42,"records":7,"support":4.4}},{"type":"Feature","geometry":{"type":"LineString","coordinates":[[-42.4767,-23.864],[-40.7886,-23.386]]},"properties":{"azimuth":72.8,"regime":"Thrust faulting","regime_code":"TF","regime_share":0.61,"agreement":0.38,"records":4,"support":1.2}},{"type":"Feature","geometry":{"type":"LineString","coordinates":[[-17.3977,-24.4],[-16.888,-22.85]]},"properties":{"azimuth":16.8,"regime":"Strike-slip","regime_code":"SS","regime_share":0.58,"agreement":0.73,"records":22,"support":4.7}},{"type":"Feature","geometry":{"type":"LineString","coordinates":[[-14.8925,-24.4137],[-14.4952,-22.8363]]},"properties":{"azimuth":13.0,"regime":"Normal faulting","regime_code":"NF","regime_share":0.48,"agreement":0.72,"records":42,"support":22.1}},{"type":"Feature","geometry":{"type":"LineString","coordinates":[[-12.4004,-24.4218],[-12.0894,-22.8282]]},"properties":{"azimuth":10.1,"regime":"Normal faulting","regime_code":"NF","regime_share":0.51,"agreement":0.68,"records":47,"support":28.2}},{"type":"Feature","geometry":{"type":"LineString","coordinates":[[-9.8698,-24.4316],[-9.722,-22.8184]]},"properties":{"azimuth":4.8,"regime":"Normal faulting","regime_code":"NF","regime_share":0.5,"agreement":0.59,"records":34,"support":11.8}},{"type":"Feature","geometry":{"type":"LineString","coordinates":[[-7.4644,-22.8228],[-7.2295,-24.4272]]},"properties":{"azimuth":172.4,"regime":"Thrust faulting","regime_code":"TF","regime_share":1.0,"agreement":0.09,"records":3,"support":1.1}},{"type":"Feature","geometry":{"type":"LineString","coordinates":[[31.6016,-22.8448],[32.0718,-24.4052]]},"properties":{"azimuth":164.6,"regime":"Normal faulting","regime_code":"NF","regime_share":0.94,"agreement":0.77,"records":17,"support":6.4}},{"type":"Feature","geometry":{"type":"LineString","coordinates":[[34.0397,-22.8476],[34.5317,-24.4024]]},"properties":{"azimuth":163.8,"regime":"Normal faulting","regime_code":"NF","regime_share":0.94,"agreement":0.77,"records":17,"support":7.3}},{"type":"Feature","geometry":{"type":"LineString","coordinates":[[36.4697,-22.8529],[36.9997,-24.3971]]},"properties":{"azimuth":162.5,"regime":"Normal faulting","regime_code":"NF","regime_share":0.95,"agreement":0.5,"records":9,"support":1.5}},{"type":"Feature","geometry":{"type":"LineString","coordinates":[[43.4397,-24.1811],[44.7235,-23.0689]]},"properties":{"azimuth":46.6,"regime":"Thrust faulting","regime_code":"TF","regime_share":0.84,"agreement":0.96,"records":2,"support":1.2}},{"type":"Feature","geometry":{"type":"LineString","coordinates":[[65.7095,-22.9095],[66.5354,-24.3405]]},"properties":{"azimuth":152.1,"regime":"Normal faulting","regime_code":"NF","regime_share":0.7,"agreement":0.52,"records":95,"support":20.7}},{"type":"Feature","geometry":{"type":"LineString","coordinates":[[68.2505,-22.8709],[68.8923,-24.3791]]},"properties":{"azimuth":158.7,"regime":"Normal faulting","regime_code":"NF","regime_share":0.78,"agreement":0.7,"records":81,"support":43.6}},{"type":"Feature","geometry":{"type":"LineString","coordinates":[[70.7264,-22.8618],[71.3145,-24.3882]]},"properties":{"azimuth":160.6,"regime":"Normal faulting","regime_code":"NF","regime_share":0.86,"agreement":0.79,"records":63,"support":38.9}},{"type":"Feature","geometry":{"type":"LineString","coordinates":[[73.1741,-22.8622],[73.7646,-24.3878]]},"properties":{"azimuth":160.5,"regime":"Normal faulting","regime_code":"NF","regime_share":0.84,"agreement":0.74,"records":59,"support":12.5}},{"type":"Feature","geometry":{"type":"LineString","coordinates":[[80.7818,-22.8162],[80.8508,-24.4338]]},"properties":{"azimuth":177.8,"regime":"Thrust faulting","regime_code":"TF","regime_share":0.95,"agreement":0.4,"records":3,"support":1.7}},{"type":"Feature","geometry":{"type":"LineString","coordinates":[[82.7625,-22.9595],[83.7682,-24.2905]]},"properties":{"azimuth":145.3,"regime":"Thrust faulting","regime_code":"TF","regime_share":0.67,"agreement":0.73,"records":5,"support":2.4}},{"type":"Feature","geometry":{"type":"LineString","coordinates":[[85.1069,-23.0373],[86.3217,-24.2127]]},"properties":{"azimuth":136.6,"regime":"Thrust faulting","regime_code":"TF","regime_share":0.55,"agreement":0.97,"records":6,"support":2.1}},{"type":"Feature","geometry":{"type":"LineString","coordinates":[[87.4438,-23.1553],[88.8828,-24.0947]]},"properties":{"azimuth":125.5,"regime":"Thrust faulting","regime_code":"TF","regime_share":0.63,"agreement":0.97,"records":2,"support":1.5}},{"type":"Feature","geometry":{"type":"LineString","coordinates":[[89.8675,-23.1896],[91.357,-24.0604]]},"properties":{"azimuth":122.5,"regime":"Strike-slip","regime_code":"SS","regime_share":0.56,"agreement":0.97,"records":2,"support":1.1}},{"type":"Feature","geometry":{"type":"LineString","coordinates":[[109.3912,-23.308],[111.017,-23.942]]},"properties":{"azimuth":113.1,"regime":"Undetermined","regime_code":"U","regime_share":0.29,"agreement":0.65,"records":12,"support":2.5}},{"type":"Feature","geometry":{"type":"LineString","coordinates":[[111.8336,-23.3226],[113.4725,-23.9274]]},"properties":{"azimuth":111.9,"regime":"Undetermined","regime_code":"U","regime_share":0.54,"agreement":0.76,"records":39,"support":19.7}},{"type":"Feature","geometry":{"type":"LineString","coordinates":[[114.2769,-23.3359],[115.9272,-23.9141]]},"properties":{"azimuth":110.9,"regime":"Undetermined","regime_code":"U","regime_share":0.58,"agreement":0.65,"records":56,"support":31.2}},{"type":"Feature","geometry":{"type":"LineString","coordinates":[[116.6962,-23.4207],[118.4058,-23.8293]]},"properties":{"azimuth":104.6,"regime":"Undetermined","regime_code":"U","regime_share":0.48,"agreement":0.42,"records":45,"support":16.1}},{"type":"Feature","geometry":{"type":"LineString","coordinates":[[119.2455,-24.046],[120.7545,-23.204]]},"properties":{"azimuth":58.7,"regime":"Thrust faulting","regime_code":"TF","regime_share":0.54,"agreement":0.43,"records":7,"support":3.5}},{"type":"Feature","geometry":{"type":"LineString","coordinates":[[124.0148,-23.6445],[125.7811,-23.6055]]},"properties":{"azimuth":88.6,"regime":"Thrust faulting","regime_code":"TF","regime_share":0.52,"agreement":0.93,"records":2,"support":1.1}},{"type":"Feature","geometry":{"type":"LineString","coordinates":[[126.5997,-24.0568],[128.0941,-23.1932]]},"properties":{"azimuth":57.8,"regime":"Undetermined","regime_code":"U","regime_share":0.61,"agreement":0.42,"records":11,"support":3.4}},{"type":"Feature","geometry":{"type":"LineString","coordinates":[[129.4014,-24.3492],[130.1904,-22.9008]]},"properties":{"azimuth":26.5,"regime":"Undetermined","regime_code":"U","regime_share":0.79,"agreement":0.53,"records":17,"support":11.9}},{"type":"Feature","geometry":{"type":"LineString","coordinates":[[131.9055,-24.3723],[132.5843,-22.8777]]},"properties":{"azimuth":22.6,"regime":"Undetermined","regime_code":"U","regime_share":0.85,"agreement":0.49,"records":23,"support":18.1}},{"type":"Feature","geometry":{"type":"LineString","coordinates":[[134.3648,-24.3761],[135.023,-22.8739]]},"properties":{"azimuth":21.9,"regime":"Undetermined","regime_code":"U","regime_share":0.86,"agreement":0.25,"records":23,"support":10.7}},{"type":"Feature","geometry":{"type":"LineString","coordinates":[[136.2904,-23.4126],[137.9953,-23.8374]]},"properties":{"azimuth":105.2,"regime":"Undetermined","regime_code":"U","regime_share":0.65,"agreement":0.66,"records":8,"support":3.0}},{"type":"Feature","geometry":{"type":"LineString","coordinates":[[138.7176,-23.5085],[140.4661,-23.7415]]},"properties":{"azimuth":98.3,"regime":"Undetermined","regime_code":"U","regime_share":0.89,"agreement":0.79,"records":23,"support":6.4}},{"type":"Feature","geometry":{"type":"LineString","coordinates":[[141.1581,-23.6581],[142.9235,-23.5919]]},"properties":{"azimuth":87.7,"regime":"Undetermined","regime_code":"U","regime_share":0.98,"agreement":0.77,"records":23,"support":10.2}},{"type":"Feature","geometry":{"type":"LineString","coordinates":[[143.994,-24.2949],[144.9856,-22.9551]]},"properties":{"azimuth":34.1,"regime":"Undetermined","regime_code":"U","regime_share":0.6,"agreement":0.42,"records":35,"support":11.1}},{"type":"Feature","geometry":{"type":"LineString","coordinates":[[146.4226,-24.2819],[147.4549,-22.9681]]},"properties":{"azimuth":35.8,"regime":"Undetermined","regime_code":"U","regime_share":0.5,"agreement":0.49,"records":94,"support":47.3}},{"type":"Feature","geometry":{"type":"LineString","coordinates":[[148.804,-24.2325],[149.9715,-23.0175]]},"properties":{"azimuth":41.4,"regime":"Undetermined","regime_code":"U","regime_share":0.56,"agreement":0.49,"records":115,"support":76.4}},{"type":"Feature","geometry":{"type":"LineString","coordinates":[[151.209,-24.1945],[152.4645,-23.0555]]},"properties":{"azimuth":45.3,"regime":"Undetermined","regime_code":"U","regime_share":0.59,"agreement":0.53,"records":110,"support":42.2}},{"type":"Feature","geometry":{"type":"LineString","coordinates":[[153.7251,-24.2505],[154.8463,-22.9995]]},"properties":{"azimuth":39.4,"regime":"Thrust faulting","regime_code":"TF","regime_share":0.74,"agreement":0.86,"records":9,"support":4.0}},{"type":"Feature","geometry":{"type":"LineString","coordinates":[[156.1161,-24.2028],[157.3533,-23.0472]]},"properties":{"azimuth":44.4,"regime":"Thrust faulting","regime_code":"TF","regime_share":0.69,"agreement":0.92,"records":5,"support":2.0}},{"type":"Feature","geometry":{"type":"LineString","coordinates":[[165.6694,-23.8055],[167.3918,-23.4445]]},"properties":{"azimuth":77.1,"regime":"Normal faulting","regime_code":"NF","regime_share":0.52,"agreement":0.13,"records":294,"support":68.4}},{"type":"Feature","geometry":{"type":"LineString","coordinates":[[168.2996,-24.1417],[169.6596,-23.1083]]},"properties":{"azimuth":50.3,"regime":"Normal faulting","regime_code":"NF","regime_share":0.43,"agreement":0.13,"records":396,"support":200.5}},{"type":"Feature","geometry":{"type":"LineString","coordinates":[[171.0373,-24.3507],[171.8198,-22.8993]]},"properties":{"azimuth":26.3,"regime":"Thrust faulting","regime_code":"TF","regime_share":0.44,"agreement":0.21,"records":358,"support":188.4}},{"type":"Feature","geometry":{"type":"LineString","coordinates":[[173.757,-24.4268],[173.9981,-22.8232]]},"properties":{"azimuth":7.8,"regime":"Thrust faulting","regime_code":"TF","regime_share":0.43,"agreement":0.48,"records":214,"support":74.7}},{"type":"Feature","geometry":{"type":"LineString","coordinates":[[176.2447,-22.8191],[176.4083,-24.4309]]},"properties":{"azimuth":174.7,"regime":"Strike-slip","regime_code":"SS","regime_share":0.61,"agreement":0.74,"records":51,"support":15.3}},{"type":"Feature","geometry":{"type":"LineString","coordinates":[[178.5704,-24.4123],[178.9806,-22.8377]]},"properties":{"azimuth":13.4,"regime":"Strike-slip","regime_code":"SS","regime_share":0.43,"agreement":0.81,"records":29,"support":5.4}},{"type":"Feature","geometry":{"type":"LineString","coordinates":[[-179.6366,-25.7382],[-177.8634,-26.0118]]},"properties":{"azimuth":99.7,"regime":"Thrust faulting","regime_code":"TF","regime_share":0.67,"agreement":0.43,"records":324,"support":106.2}},{"type":"Feature","geometry":{"type":"LineString","coordinates":[[-177.1232,-25.6805],[-175.3768,-26.0695]]},"properties":{"azimuth":103.9,"regime":"Thrust faulting","regime_code":"TF","regime_share":0.72,"agreement":0.5,"records":442,"support":222.0}},{"type":"Feature","geometry":{"type":"LineString","coordinates":[[-174.6136,-25.6485],[-172.8864,-26.1015]]},"properties":{"azimuth":106.2,"regime":"Thrust faulting","regime_code":"TF","regime_share":0.75,"agreement":0.54,"records":359,"support":136.2}},{"type":"Feature","geometry":{"type":"LineString","coordinates":[[-171.877,-25.2946],[-170.623,-26.4554]]},"properties":{"azimuth":135.8,"regime":"Normal faulting","regime_code":"NF","regime_share":0.52,"agreement":0.13,"records":54,"support":9.1}},{"type":"Feature","geometry":{"type":"LineString","coordinates":[[-118.762,-26.6843],[-118.738,-25.0657]]},"properties":{"azimuth":0.8,"regime":"Strike-slip","regime_code":"SS","regime_share":0.75,"agreement":0.49,"records":53,"support":13.2}},{"type":"Feature","geometry":{"type":"LineString","coordinates":[[-116.3091,-25.0674],[-116.1909,-26.6826]]},"properties":{"azimuth":176.2,"regime":"Strike-slip","regime_code":"SS","regime_share":0.71,"agreement":0.46,"records":101,"support":53.5}},{"type":"Feature","geometry":{"type":"LineString","coordinates":[[-113.8776,-25.0738],[-113.6224,-26.6762]]},"properties":{"azimuth":171.8,"regime":"Strike-slip","regime_code":"SS","regime_share":0.68,"agreement":0.41,"records":145,"support":76.5}},{"type":"Feature","geometry":{"type":"LineString","coordinates":[[-111.3206,-25.0681],[-111.1794,-26.6819]]},"properties":{"azimuth":175.5,"regime":"Strike-slip","regime_code":"SS","regime_share":0.64,"agreement":0.33,"records":123,"support":45.2}},{"type":"Feature","geometry":{"type":"LineString","coordinates":[[-109.37,-26.4615],[-108.13,-25.2885]]},"properties":{"azimuth":43.6,"regime":"Strike-slip","regime_code":"SS","regime_share":0.5,"agreement":0.62,"records":33,"support":13.4}},{"type":"Feature","geometry":{"type":"LineString","coordinates":[[-106.9807,-26.3471],[-105.5193,-25.4029]]},"properties":{"azimuth":54.3,"regime":"Normal faulting","regime_code":"NF","regime_share":0.42,"agreement":0.9,"records":12,"support":7.5}},{"type":"Feature","geometry":{"type":"LineString","coordinates":[[-104.4443,-26.3896],[-103.0557,-25.3604]]},"properties":{"azimuth":50.5,"regime":"Thrust faulting","regime_code":"TF","regime_share":0.36,"agreement":0.86,"records":7,"support":3.0}},{"type":"Feature","geometry":{"type":"LineString","coordinates":[[-74.6485,-25.9142],[-72.8515,-25.8358]]},"properties":{"azimuth":87.2,"regime":"Thrust faulting","regime_code":"TF","regime_share":0.95,"agreement":0.88,"records":92,"support":29.3}},{"type":"Feature","geometry":{"type":"LineString","coordinates":[[-72.1494,-25.8923],[-70.3506,-25.8577]]},"properties":{"azimuth":88.8,"regime":"Thrust faulting","regime_code":"TF","regime_share":0.94,"agreement":0.86,"records":107,"support":58.2}},{"type":"Feature","geometry":{"type":"LineString","coordinates":[[-69.6475,-25.8203],[-67.8525,-25.9297]]},"properties":{"azimuth":93.9,"regime":"Thrust faulting","regime_code":"TF","regime_share":0.85,"agreement":0.81,"records":115,"support":42.7}},{"type":"Feature","geometry":{"type":"LineString","coordinates":[[-67.1101,-25.638],[-65.3899,-26.112]]},"properties":{"azimuth":107.0,"regime":"Thrust faulting","regime_code":"TF","regime_share":0.66,"agreement":0.78,"records":31,"support":18.4}},{"type":"Feature","geometry":{"type":"LineString","coordinates":[[-64.6243,-25.6844],[-62.8757,-26.0656]]},"properties":{"azimuth":103.6,"regime":"Thrust faulting","regime_code":"TF","regime_share":0.73,"agreement":0.74,"records":24,"support":11.1}},{"type":"Feature","geometry":{"type":"LineString","coordinates":[[-62.1489,-25.8426],[-60.3511,-25.9074]]},"properties":{"azimuth":92.3,"regime":"Thrust faulting","regime_code":"TF","regime_share":0.7,"agreement":0.77,"records":11,"support":3.1}},{"type":"Feature","geometry":{"type":"LineString","coordinates":[[-59.6374,-26.0076],[-57.8626,-25.7424]]},"properties":{"azimuth":80.6,"regime":"Strike-slip","regime_code":"SS","regime_share":0.78,"agreement":1.0,"records":3,"support":2.1}},{"type":"Feature","geometry":{"type":"LineString","coordinates":[[-57.0662,-26.2153],[-55.4338,-25.5347]]},"properties":{"azimuth":65.1,"regime":"Strike-slip","regime_code":"SS","regime_share":0.64,"agreement":0.58,"records":4,"support":1.9}},{"type":"Feature","geometry":{"type":"LineString","coordinates":[[-54.3598,-26.47],[-53.1402,-25.28]]},"properties":{"azimuth":42.7,"regime":"Undetermined","regime_code":"U","regime_share":1.0,"agreement":0.49,"records":6,"support":3.0}},{"type":"Feature","geometry":{"type":"LineString","coordinates":[[-52.0089,-26.3097],[-50.4911,-25.4403]]},"properties":{"azimuth":57.5,"regime":"Undetermined","regime_code":"U","regime_share":1.0,"agreement":0.46,"records":6,"support":3.2}},{"type":"Feature","geometry":{"type":"LineString","coordinates":[[-46.6763,-26.5877],[-45.8237,-25.1623]]},"properties":{"azimuth":28.3,"regime":"Normal faulting","regime_code":"NF","regime_share":0.42,"agreement":0.55,"records":3,"support":1.2}},{"type":"Feature","geometry":{"type":"LineString","coordinates":[[-44.2886,-26.5233],[-43.2114,-25.2267]]},"properties":{"azimuth":36.8,"regime":"Normal faulting","regime_code":"NF","regime_share":0.36,"agreement":0.38,"records":3,"support":1.1}},{"type":"Feature","geometry":{"type":"LineString","coordinates":[[-16.4545,-26.6632],[-16.0455,-25.0868]]},"properties":{"azimuth":13.1,"regime":"Strike-slip","regime_code":"SS","regime_share":0.57,"agreement":0.6,"records":34,"support":11.7}},{"type":"Feature","geometry":{"type":"LineString","coordinates":[[-13.9016,-26.6728],[-13.5984,-25.0772]]},"properties":{"azimuth":9.7,"regime":"Strike-slip","regime_code":"SS","regime_share":0.5,"agreement":0.55,"records":56,"support":30.9}},{"type":"Feature","geometry":{"type":"LineString","coordinates":[[-11.3375,-26.6806],[-11.1625,-25.0694]]},"properties":{"azimuth":5.6,"regime":"Normal faulting","regime_code":"NF","regime_share":0.44,"agreement":0.46,"records":59,"support":23.1}},{"type":"Feature","geometry":{"type":"LineString","coordinates":[[-9.6032,-25.6184],[-7.8968,-26.1316]]},"properties":{"azimuth":108.5,"regime":"Thrust faulting","regime_code":"TF","regime_share":1.0,"agreement":0.41,"records":5,"support":2.1}},{"type":"Feature","geometry":{"type":"LineString","coordinates":[[25.5277,-25.3925],[26.9723,-26.3575]]},"properties":{"azimuth":126.6,"regime":"Strike-slip","regime_code":"SS","regime_share":0.82,"agreement":0.99,"records":2,"support":1.0}},{"type":"Feature","geometry":{"type":"LineString","coordinates":[[57.8622,-26.0056],[59.6378,-25.7444]]},"properties":{"azimuth":80.7,"regime":"Normal faulting","regime_code":"NF","regime_share":0.74,"agreement":0.78,"records":7,"support":1.1}},{"type":"Feature","geometry":{"type":"LineString","coordinates":[[60.3673,-26.0311],[62.1327,-25.7189]]},"properties":{"azimuth":78.9,"regime":"Normal faulting","regime_code":"NF","regime_share":0.9,"agreement":0.85,"records":17,"support":4.3}},{"type":"Feature","geometry":{"type":"LineString","coordinates":[[62.8542,-25.9487],[64.6458,-25.8013]]},"properties":{"azimuth":84.8,"regime":"Normal faulting","regime_code":"NF","regime_share":0.84,"agreement":0.73,"records":19,"support":7.5}},{"type":"Feature","geometry":{"type":"LineString","coordinates":[[65.7062,-25.2302],[66.7938,-26.5198]]},"properties":{"azimuth":142.8,"regime":"Normal faulting","regime_code":"NF","regime_share":0.89,"agreement":0.31,"records":55,"support":16.8}},{"type":"Feature","geometry":{"type":"LineString","coordinates":[[68.4018,-25.1287],[69.0982,-26.6213]]},"properties":{"azimuth":157.2,"regime":"Normal faulting","regime_code":"NF","regime_share":0.91,"agreement":0.72,"records":70,"support":40.1}},{"type":"Feature","geometry":{"type":"LineString","coordinates":[[70.8867,-25.1345],[71.6133,-26.6155]]},"properties":{"azimuth":156.2,"regime":"Normal faulting","regime_code":"NF","regime_share":0.92,"agreement":0.78,"records":79,"support":43.7}},{"type":"Feature","geometry":{"type":"LineString","coordinates":[[73.35,-25.15],[74.15,-26.6]]},"properties":{"azimuth":153.6,"regime":"Normal faulting","regime_code":"NF","regime_share":0.89,"agreement":0.68,"records":60,"support":23.0}},{"type":"Feature","geometry":{"type":"LineString","coordinates":[[75.9401,-25.1151],[76.5599,-26.6349]]},"properties":{"azimuth":159.9,"regime":"Normal faulting","regime_code":"NF","regime_share":0.8,"agreement":0.45,"records":27,"support":8.5}},{"type":"Feature","geometry":{"type":"LineString","coordinates":[[78.2315,-26.5364],[79.2685,-25.2136]]},"properties":{"azimuth":35.2,"regime":"Thrust faulting","regime_code":"TF","regime_share":0.54,"agreement":0.97,"records":5,"support":1.4}},{"type":"Feature","geometry":{"type":"LineString","coordinates":[[80.8602,-25.1456],[81.6398,-26.6044]]},"properties":{"azimuth":154.3,"regime":"Thrust faulting","regime_code":"TF","regime_share":0.64,"agreement":0.52,"records":5,"support":2.3}},{"type":"Feature","geometry":{"type":"LineString","coordinates":[[83.2007,-25.234],[84.2993,-26.516]]},"properties":{"azimuth":142.4,"regime":"Strike-slip","regime_code":"SS","regime_share":0.62,"agreement":0.88,"records":5,"support":3.6}},{"type":"Feature","geometry":{"type":"LineString","coordinates":[[85.6569,-25.2664],[86.8431,-26.4836]]},"properties":{"azimuth":138.8,"regime":"Strike-slip","regime_code":"SS","regime_share":0.63,"agreement":0.99,"records":5,"support":2.9}},{"type":"Feature","geometry":{"type":"LineString","coordinates":[[88.1051,-25.3107],[89.3949,-26.4393]]},"properties":{"azimuth":134.2,"regime":"Thrust faulting","regime_code":"TF","regime_share":0.64,"agreement":0.99,"records":3,"support":1.1}},{"type":"Feature","geometry":{"type":"LineString","coordinates":[[110.364,-25.7349],[112.136,-26.0151]]},"properties":{"azimuth":100.0,"regime":"Thrust faulting","regime_code":"TF","regime_share":0.63,"agreement":0.38,"records":10,"support":3.7}},{"type":"Feature","geometry":{"type":"LineString","coordinates":[[112.8504,-25.8735],[114.6496,-25.8765]]},"properties":{"azimuth":90.1,"regime":"Undetermined","regime_code":"U","regime_share":0.6,"agreement":0.61,"records":63,"support":20.3}},{"type":"Feature","geometry":{"type":"LineString","coordinates":[[115.3505,-25.8841],[117.1495,-25.8659]]},"properties":{"azimuth":89.4,"regime":"Undetermined","regime_code":"U","regime_share":0.6,"agreement":0.55,"records":61,"support":20.7}},{"type":"Feature","geometry":{"type":"LineString","coordinates":[[118.0403,-26.3724],[119.4597,-25.3776]]},"properties":{"azimuth":52.1,"regime":"Strike-slip","regime_code":"SS","regime_share":0.64,"agreement":0.1,"records":8,"support":5.0}},{"type":"Feature","geometry":{"type":"LineString","coordinates":[[120.4053,-26.1533],[122.0947,-25.5967]]},"properties":{"azimuth":69.9,"regime":"Strike-slip","regime_code":"SS","regime_share":0.47,"agreement":0.4,"records":7,"support":1.8}},{"type":"Feature","geometry":{"type":"LineString","coordinates":[[122.8641,-25.7345],[124.6359,-26.0155]]},"properties":{"azimuth":100.0,"regime":"Undetermined","regime_code":"U","regime_share":1.0,"agreement":1.0,"records":1,"support":1.0}},{"type":"Feature","geometry":{"type":"LineString","coordinates":[[125.3544,-25.7993],[127.1456,-25.9507]]},"properties":{"azimuth":95.4,"regime":"Undetermined","regime_code":"U","regime_share":0.82,"agreement":0.93,"records":3,"support":1.7}},{"type":"Feature","geometry":{"type":"LineString","coordinates":[[128.0672,-26.402],[129.4328,-25.348]]},"properties":{"azimuth":49.4,"regime":"Undetermined","regime_code":"U","regime_share":0.64,"agreement":0.5,"records":12,"support":4.8}},{"type":"Feature","geometry":{"type":"LineString","coordinates":[[130.6645,-26.4895],[131.8355,-25.2605]]},"properties":{"azimuth":40.6,"regime":"Undetermined","regime_code":"U","regime_share":0.74,"agreement":0.44,"records":20,"support":14.8}},{"type":"Feature","geometry":{"type":"LineString","coordinates":[[132.9803,-26.2939],[134.5197,-25.4561]]},"properties":{"azimuth":58.8,"regime":"Undetermined","regime_code":"U","regime_share":0.8,"agreement":0.32,"records":22,"support":14.9}},{"type":"Feature","geometry":{"type":"LineString","coordinates":[[135.368,-25.7158],[137.132,-26.0342]]},"properties":{"azimuth":101.3,"regime":"Undetermined","regime_code":"U","regime_share":0.85,"agreement":0.61,"records":29,"support":10.0}},{"type":"Feature","geometry":{"type":"LineString","coordinates":[[137.8673,-25.7189],[139.6327,-26.0311]]},"properties":{"azimuth":101.1,"regime":"Undetermined","regime_code":"U","regime_share":0.88,"agreement":0.88,"records":82,"support":50.5}},{"type":"Feature","geometry":{"type":"LineString","coordinates":[[140.361,-25.7513],[142.139,-25.9987]]},"properties":{"azimuth":98.8,"regime":"Undetermined","regime_code":"U","regime_share":0.89,"agreement":0.88,"records":82,"support":73.4}},{"type":"Feature","geometry":{"type":"LineString","coordinates":[[142.8555,-25.7891],[144.6445,-25.9609]]},"properties":{"azimuth":96.1,"regime":"Undetermined","regime_code":"U","regime_share":0.91,"agreement":0.85,"records":82,"support":37.3}},{"type":"Feature","geometry":{"type":"LineString","coordinates":[[145.45,-26.2451],[147.05,-25.5049]]},"properties":{"azimuth":62.8,"regime":"Undetermined","regime_code":"U","regime_share":0.8,"agreement":0.54,"records":92,"support":35.7}},{"type":"Feature","geometry":{"type":"LineString","coordinates":[[147.9861,-26.3024],[149.5139,-25.4476]]},"properties":{"azimuth":58.1,"regime":"Undetermined","regime_code":"U","regime_share":0.8,"agreement":0.53,"records":104,"support":97.6}},{"type":"Feature","geometry":{"type":"LineString","coordinates":[[150.5021,-26.3248],[151.9979,-25.4252]]},"properties":{"azimuth":56.2,"regime":"Undetermined","regime_code":"U","regime_share":0.81,"agreement":0.54,"records":127,"support":93.6}},{"type":"Feature","geometry":{"type":"LineString","coordinates":[[153.016,-26.3429],[154.484,-25.4071]]},"properties":{"azimuth":54.7,"regime":"Undetermined","regime_code":"U","regime_share":0.8,"agreement":0.59,"records":88,"support":32.5}},{"type":"Feature","geometry":{"type":"LineString","coordinates":[[155.6532,-26.4806],[156.8468,-25.2694]]},"properties":{"azimuth":41.6,"regime":"Thrust faulting","regime_code":"TF","regime_share":0.69,"agreement":0.88,"records":7,"support":2.8}},{"type":"Feature","geometry":{"type":"LineString","coordinates":[[165.3519,-25.922],[167.1481,-25.828]]},"properties":{"azimuth":86.7,"regime":"Normal faulting","regime_code":"NF","regime_share":0.86,"agreement":0.87,"records":13,"support":2.1}},{"type":"Feature","geometry":{"type":"LineString","coordinates":[[167.8514,-25.8376],[169.6486,-25.9124]]},"properties":{"azimuth":92.6,"regime":"Normal faulting","regime_code":"NF","regime_share":0.58,"agreement":0.2,"records":155,"support":35.7}},{"type":"Feature","geometry":{"type":"LineString","coordinates":[[170.7467,-26.5459],[171.7533,-25.2041]]},"properties":{"azimuth":34.0,"regime":"Normal faulting","regime_code":"NF","regime_share":0.43,"agreement":0.09,"records":181,"support":46.3}},{"type":"Feature","geometry":{"type":"LineString","coordinates":[[173.5767,-26.6692],[173.9233,-25.0808]]},"properties":{"azimuth":11.1,"regime":"Thrust faulting","regime_code":"TF","regime_share":0.49,"agreement":0.37,"records":67,"support":14.7}},{"type":"Feature","geometry":{"type":"LineString","coordinates":[[176.0055,-26.6539],[176.4945,-25.0961]]},"properties":{"azimuth":15.8,"regime":"Strike-slip","regime_code":"SS","regime_share":0.65,"agreement":0.84,"records":6,"support":1.7}},{"type":"Feature","geometry":{"type":"LineString","coordinates":[[178.3247,-26.5882],[179.1753,-25.1618]]},"properties":{"azimuth":28.2,"regime":"Strike-slip","regime_code":"SS","regime_share":0.66,"agreement":0.7,"records":34,"support":6.9}},{"type":"Feature","geometry":{"type":"LineString","coordinates":[[-179.6198,-27.9512],[-177.8271,-28.2988]]},"properties":{"azimuth":102.4,"regime":"Thrust faulting","regime_code":"TF","regime_share":0.78,"agreement":0.58,"records":450,"support":206.8}},{"type":"Feature","geometry":{"type":"LineString","coordinates":[[-177.0611,-27.9308],[-175.2793,-28.3192]]},"properties":{"azimuth":103.9,"regime":"Thrust faulting","regime_code":"TF","regime_share":0.78,"agreement":0.58,"records":485,"support":293.6}},{"type":"Feature","geometry":{"type":"LineString","coordinates":[[-174.5016,-27.9093],[-172.7324,-28.3407]]},"properties":{"azimuth":105.5,"regime":"Thrust faulting","regime_code":"TF","regime_share":0.77,"agreement":0.56,"records":353,"support":123.5}},{"type":"Feature","geometry":{"type":"LineString","coordinates":[[-117.8732,-27.4083],[-117.0204,-28.8417]]},"properties":{"azimuth":152.3,"regime":"Strike-slip","regime_code":"SS","regime_share":0.54,"agreement":0.58,"records":59,"support":16.3}},{"type":"Feature","geometry":{"type":"LineString","coordinates":[[-115.2266,-27.3708],[-114.5606,-28.8792]]},"properties":{"azimuth":158.7,"regime":"Strike-slip","regime_code":"SS","regime_share":0.64,"agreement":0.55,"records":110,"support":54.0}},{"type":"Feature","geometry":{"type":"LineString","coordinates":[[-112.5398,-27.335],[-112.141,-28.915]]},"properties":{"azimuth":167.4,"regime":"Strike-slip","regime_code":"SS","regime_share":0.71,"agreement":0.53,"records":107,"support":61.6}},{"type":"Feature","geometry":{"type":"LineString","coordinates":[[-109.9009,-28.9282],[-109.6736,-27.3218]]},"properties":{"azimuth":7.1,"regime":"Strike-slip","regime_code":"SS","regime_share":0.72,"agreement":0.46,"records":79,"support":29.3}},{"type":"Feature","geometry":{"type":"LineString","coordinates":[[-107.9787,-28.5981],[-106.4894,-27.6519]]},"properties":{"azimuth":54.2,"regime":"Normal faulting","regime_code":"NF","regime_share":0.47,"agreement":0.89,"records":13,"support":8.2}},{"type":"Feature","geometry":{"type":"LineString","coordinates":[[-105.3911,-28.6376],[-103.9706,-27.6124]]},"properties":{"azimuth":50.7,"regime":"Normal faulting","regime_code":"NF","regime_share":0.43,"agreement":0.85,"records":10,"support":4.8}},{"type":"Feature","geometry":{"type":"LineString","coordinates":[[-102.6777,-28.7729],[-101.5776,-27.4771]]},"properties":{"azimuth":36.8,"regime":"Normal faulting","regime_code":"NF","regime_share":0.58,"agreement":0.9,"records":4,"support":1.2}},{"type":"Feature","geometry":{"type":"LineString","coordinates":[[-91.9819,-27.3178],[-91.8479,-28.9322]]},"properties":{"azimuth":175.8,"regime":"Normal faulting","regime_code":"NF","regime_share":1.0,"agreement":0.84,"records":2,"support":1.2}},{"type":"Feature","geometry":{"type":"LineString","coordinates":[[-74.96,-28.1461],[-73.1251,-28.1039]]},"properties":{"azimuth":88.5,"regime":"Thrust faulting","regime_code":"TF","regime_share":0.93,"agreement":0.82,"records":83,"support":33.9}},{"type":"Feature","geometry":{"type":"LineString","coordinates":[[-72.407,-28.1402],[-70.5718,-28.1098]]},"properties":{"azimuth":88.9,"regime":"Thrust faulting","regime_code":"TF","regime_share":0.93,"agreement":0.83,"records":106,"support":59.6}},{"type":"Feature","geometry":{"type":"LineString","coordinates":[[-69.8522,-28.0748],[-68.0202,-28.1752]]},"properties":{"azimuth":93.6,"regime":"Thrust faulting","regime_code":"TF","regime_share":0.86,"agreement":0.75,"records":104,"support":39.8}},{"type":"Feature","geometry":{"type":"LineString","coordinates":[[-67.2566,-27.8771],[-65.5093,-28.3729]]},"properties":{"azimuth":107.8,"regime":"Thrust faulting","regime_code":"TF","regime_share":0.74,"agreement":0.7,"records":31,"support":19.0}},{"type":"Feature","geometry":{"type":"LineString","coordinates":[[-64.6844,-27.8299],[-62.9752,-28.4201]]},"properties":{"azimuth":111.4,"regime":"Thrust faulting","regime_code":"TF","regime_share":0.79,"agreement":0.69,"records":21,"support":9.6}},{"type":"Feature","geometry":{"type":"LineString","coordinates":[[-51.9739,-28.2298],[-50.1538,-28.0202]]},"properties":{"azimuth":82.6,"regime":"Undetermined","regime_code":"U","regime_share":1.0,"agreement":0.65,"records":2,"support":1.1}},{"type":"Feature","geometry":{"type":"LineString","coordinates":[[-15.3224,-27.3156],[-15.3159,-28.9344]]},"properties":{"azimuth":179.8,"regime":"Normal faulting","regime_code":"NF","regime_share":0.54,"agreement":0.54,"records":50,"support":20.3}},{"type":"Feature","geometry":{"type":"LineString","coordinates":[[-12.8035,-27.3163],[-12.7284,-28.9337]]},"properties":{"azimuth":177.7,"regime":"Normal faulting","regime_code":"NF","regime_share":0.54,"agreement":0.51,"records":52,"support":31.2}},{"type":"Feature","geometry":{"type":"LineString","coordinates":[[-10.3194,-27.3211],[-10.1061,-28.9289]]},"properties":{"azimuth":173.3,"regime":"Normal faulting","regime_code":"NF","regime_share":0.47,"agreement":0.41,"records":35,"support":12.9}},{"type":"Feature","geometry":{"type":"LineString","coordinates":[[15.158,-27.3282],[15.4803,-28.9218]]},"properties":{"azimuth":169.9,"regime":"Undetermined","regime_code":"U","regime_share":1.0,"agreement":0.99,"records":5,"support":2.4}},{"type":"Feature","geometry":{"type":"LineString","coordinates":[[17.7037,-27.3294],[18.041,-28.9206]]},"properties":{"azimuth":169.4,"regime":"Undetermined","regime_code":"U","regime_share":1.0,"agreement":0.99,"records":5,"support":2.1}},{"type":"Feature","geometry":{"type":"LineString","coordinates":[[24.7703,-27.6734],[26.2936,-28.5766]]},"properties":{"azimuth":123.9,"regime":"Normal faulting","regime_code":"NF","regime_share":0.51,"agreement":0.99,"records":2,"support":1.5}},{"type":"Feature","geometry":{"type":"LineString","coordinates":[[27.3368,-27.6563],[28.8334,-28.5937]]},"properties":{"azimuth":125.4,"regime":"Strike-slip","regime_code":"SS","regime_share":0.67,"agreement":0.99,"records":2,"support":1.1}},{"type":"Feature","geometry":{"type":"LineString","coordinates":[[55.2654,-28.2603],[57.0751,-27.9897]]},"properties":{"azimuth":80.4,"regime":"Normal faulting","regime_code":"NF","regime_share":1.0,"agreement":0.92,"records":9,"support":1.4}},{"type":"Feature","geometry":{"type":"LineString","coordinates":[[57.8341,-28.325],[59.6127,-27.925]]},"properties":{"azimuth":75.7,"regime":"Normal faulting","regime_code":"NF","regime_share":0.79,"agreement":0.78,"records":27,"support":10.1}},{"type":"Feature","geometry":{"type":"LineString","coordinates":[[60.3834,-28.3109],[62.1698,-27.9391]]},"properties":{"azimuth":76.7,"regime":"Normal faulting","regime_code":"NF","regime_share":0.8,"agreement":0.78,"records":31,"support":16.3}},{"type":"Feature","geometry":{"type":"LineString","coordinates":[[62.9213,-28.24],[64.7382,-28.01]]},"properties":{"azimuth":81.8,"regime":"Normal faulting","regime_code":"NF","regime_share":0.81,"agreement":0.72,"records":26,"support":15.3}},{"type":"Feature","geometry":{"type":"LineString","coordinates":[[65.4655,-28.1466],[67.3004,-28.1034]]},"properties":{"azimuth":88.5,"regime":"Normal faulting","regime_code":"NF","regime_share":0.77,"agreement":0.65,"records":18,"support":10.6}},{"type":"Feature","geometry":{"type":"LineString","coordinates":[[68.4588,-27.4337],[69.4135,-28.8163]]},"properties":{"azimuth":148.7,"regime":"Normal faulting","regime_code":"NF","regime_share":0.92,"agreement":0.55,"records":51,"support":16.6}},{"type":"Feature","geometry":{"type":"LineString","coordinates":[[71.0465,-27.4161],[71.9322,-28.8339]]},"properties":{"azimuth":151.1,"regime":"Normal faulting","regime_code":"NF","regime_share":0.93,"agreement":0.72,"records":59,"support":24.8}},{"type":"Feature","geometry":{"type":"LineString","coordinates":[[73.5768,-27.4276],[74.5083,-28.8224]]},"properties":{"azimuth":149.5,"regime":"Normal faulting","regime_code":"NF","regime_share":0.9,"agreement":0.62,"records":37,"support":24.8}},{"type":"Feature","geometry":{"type":"LineString","coordinates":[[76.2171,-27.3877],[76.9744,-28.8623]]},"properties":{"azimuth":155.6,"regime":"Normal faulting","regime_code":"NF","regime_share":0.87,"agreement":0.45,"records":31,"support":15.6}},{"type":"Feature","geometry":{"type":"LineString","coordinates":[[78.6414,-28.7994],[79.6564,-27.4506]]},"properties":{"azimuth":33.6,"regime":"Normal faulting","regime_code":"NF","regime_share":0.82,"agreement":0.41,"records":12,"support":3.7}},{"type":"Feature","geometry":{"type":"LineString","coordinates":[[81.4331,-27.3512],[81.9711,-28.8988]]},"properties":{"azimuth":163.0,"regime":"Strike-slip","regime_code":"SS","regime_share":0.47,"agreement":0.26,"records":7,"support":1.7}},{"type":"Feature","geometry":{"type":"LineString","coordinates":[[83.6727,-27.4996],[84.8379,-28.7504]]},"properties":{"azimuth":140.6,"regime":"Strike-slip","regime_code":"SS","regime_share":0.86,"agreement":0.99,"records":3,"support":2.0}},{"type":"Feature","geometry":{"type":"LineString","coordinates":[[86.2457,-27.4856],[87.3713,-28.7644]]},"properties":{"azimuth":142.2,"regime":"Strike-slip","regime_code":"SS","regime_share":0.71,"agreement":0.94,"records":5,"support":1.6}},{"type":"Feature","geometry":{"type":"LineString","coordinates":[[108.8695,-28.1229],[110.705,-28.1271]]},"properties":{"azimuth":90.2,"regime":"Thrust faulting","regime_code":"TF","regime_share":0.63,"agreement":0.21,"records":4,"support":1.4}},{"type":"Feature","geometry":{"type":"LineString","coordinates":[[111.4235,-28.1586],[113.2574,-28.0914]]},"properties":{"azimuth":87.6,"regime":"Undetermined","regime_code":"U","regime_share":0.89,"agreement":0.78,"records":56,"support":31.7}},{"type":"Feature","geometry":{"type":"LineString","coordinates":[[113.9767,-28.1594],[115.8105,-28.0906]]},"properties":{"azimuth":87.6,"regime":"Undetermined","regime_code":"U","regime_share":0.91,"agreement":0.81,"records":71,"support":61.8}},{"type":"Feature","geometry":{"type":"LineString","coordinates":[[116.5301,-28.1635],[118.3635,-28.0865]]},"properties":{"azimuth":87.3,"regime":"Undetermined","regime_code":"U","regime_share":0.85,"agreement":0.8,"records":66,"support":38.5}},{"type":"Feature","geometry":{"type":"LineString","coordinates":[[119.0879,-28.2148],[120.9121,-28.0352]]},"properties":{"azimuth":83.6,"regime":"Thrust faulting","regime_code":"TF","regime_share":0.64,"agreement":0.57,"records":12,"support":3.0}},{"type":"Feature","geometry":{"type":"LineString","coordinates":[[121.6355,-28.1197],[123.4709,-28.1303]]},"properties":{"azimuth":90.4,"regime":"Undetermined","regime_code":"U","regime_share":0.4,"agreement":0.73,"records":3,"support":1.1}},{"type":"Feature","geometry":{"type":"LineString","coordinates":[[124.2026,-27.9845],[126.0102,-28.2655]]},"properties":{"azimuth":100.0,"regime":"Undetermined","regime_code":"U","regime_share":1.0,"agreement":1.0,"records":1,"support":1.1}},{"type":"Feature","geometry":{"type":"LineString","coordinates":[[126.7556,-27.9854],[128.5636,-28.2646]]},"properties":{"azimuth":99.9,"regime":"Undetermined","regime_code":"U","regime_share":0.88,"agreement":0.9,"records":3,"support":1.3}},{"type":"Feature","geometry":{"type":"LineString","coordinates":[[129.3158,-28.2964],[131.1097,-27.9536]]},"properties":{"azimuth":77.8,"regime":"Undetermined","regime_code":"U","regime_share":0.59,"agreement":0.75,"records":9,"support":3.9}},{"type":"Feature","geometry":{"type":"LineString","coordinates":[[131.8636,-28.2726],[133.6683,-27.9774]]},"properties":{"azimuth":79.5,"regime":"Undetermined","regime_code":"U","regime_share":0.72,"agreement":0.85,"records":10,"support":7.2}},{"type":"Feature","geometry":{"type":"LineString","coordinates":[[134.4015,-28.1367],[136.2368,-28.1133]]},"properties":{"azimuth":89.2,"regime":"Undetermined","regime_code":"U","regime_share":0.66,"agreement":0.87,"records":17,"support":8.5}},{"type":"Feature","geometry":{"type":"LineString","coordinates":[[136.9707,-27.974],[138.774,-28.276]]},"properties":{"azimuth":100.8,"regime":"Undetermined","regime_code":"U","regime_share":0.84,"agreement":0.88,"records":95,"support":58.4}},{"type":"Feature","geometry":{"type":"LineString","coordinates":[[139.5203,-27.9918],[141.3308,-28.2582]]},"properties":{"azimuth":99.5,"regime":"Undetermined","regime_code":"U","regime_share":0.87,"agreement":0.89,"records":93,"support":114.5}},{"type":"Feature","geometry":{"type":"LineString","coordinates":[[142.0691,-28.0176],[143.8884,-28.2324]]},"properties":{"azimuth":97.6,"regime":"Undetermined","regime_code":"U","regime_share":0.87,"agreement":0.89,"records":83,"support":77.3}},{"type":"Feature","geometry":{"type":"LineString","coordinates":[[144.6142,-28.1309],[146.4496,-28.1191]]},"properties":{"azimuth":89.6,"regime":"Undetermined","regime_code":"U","regime_share":0.82,"agreement":0.73,"records":49,"support":14.8}},{"type":"Feature","geometry":{"type":"LineString","coordinates":[[147.293,-28.5338],[148.8772,-27.7162]]},"properties":{"azimuth":59.7,"regime":"Undetermined","regime_code":"U","regime_share":0.92,"agreement":0.55,"records":112,"support":57.6}},{"type":"Feature","geometry":{"type":"LineString","coordinates":[[149.8579,-28.5509],[151.4187,-27.6991]]},"properties":{"azimuth":58.3,"regime":"Undetermined","regime_code":"U","regime_share":0.93,"agreement":0.55,"records":138,"support":92.0}},{"type":"Feature","geometry":{"type":"LineString","coordinates":[[152.3949,-28.5269],[153.9881,-27.7231]]},"properties":{"azimuth":60.2,"regime":"Undetermined","regime_code":"U","regime_share":0.96,"agreement":0.61,"records":103,"support":54.9}},{"type":"Feature","geometry":{"type":"LineString","coordinates":[[154.9035,-28.4487],[156.5859,-27.8013]]},"properties":{"azimuth":66.4,"regime":"Undetermined","regime_code":"U","regime_share":0.94,"agreement":0.71,"records":24,"support":14.9}},{"type":"Feature","geometry":{"type":"LineString","coordinates":[[170.3272,-28.6078],[171.8005,-27.6422]]},"properties":{"azimuth":53.4,"regime":"Strike-slip","regime_code":"SS","regime_share":0.57,"agreement":0.9,"records":4,"support":2.1}},{"type":"Feature","geometry":{"type":"LineString","coordinates":[[172.9698,-28.6988],[174.2643,-27.5512]]},"properties":{"azimuth":44.9,"regime":"Strike-slip","regime_code":"SS","regime_share":0.7,"agreement":0.87,"records":4,"support":2.6}},{"type":"Feature","geometry":{"type":"LineString","coordinates":[[175.6514,-28.7927],[176.689,-27.4573]]},"properties":{"azimuth":34.4,"regime":"Strike-slip","regime_code":"SS","regime_share":0.86,"agreement":0.88,"records":3,"support":1.4}},{"type":"Feature","geometry":{"type":"LineString","coordinates":[[177.8057,-28.1201],[179.6411,-28.1299]]},"properties":{"azimuth":90.3,"regime":"Thrust faulting","regime_code":"TF","regime_share":0.64,"agreement":0.41,"records":124,"support":24.1}},{"type":"Feature","geometry":{"type":"LineString","coordinates":[[-179.6057,-30.1784],[-177.7856,-30.5716]]},"properties":{"azimuth":104.1,"regime":"Thrust faulting","regime_code":"TF","regime_share":0.81,"agreement":0.62,"records":515,"support":293.0}},{"type":"Feature","geometry":{"type":"LineString","coordinates":[[-176.9916,-30.1606],[-175.1823,-30.5894]]},"properties":{"azimuth":105.4,"regime":"Thrust faulting","regime_code":"TF","regime_share":0.81,"agreement":0.61,"records":536,"support":319.6}},{"type":"Feature","geometry":{"type":"LineString","coordinates":[[-174.3749,-30.1368],[-172.5816,-30.6132]]},"properties":{"azimuth":107.1,"regime":"Thrust faulting","regime_code":"TF","regime_share":0.77,"agreement":0.53,"records":363,"support":101.8}},{"type":"Feature","geometry":{"type":"LineString","coordinates":[[-116.3655,-29.6021],[-115.8084,-31.1479]]},"properties":{"azimuth":162.7,"regime":"Strike-slip","regime_code":"SS","regime_share":0.66,"agreement":0.54,"records":79,"support":15.8}},{"type":"Feature","geometry":{"type":"LineString","coordinates":[[-113.5763,-29.57],[-113.3802,-31.18]]},"properties":{"azimuth":174.0,"regime":"Strike-slip","regime_code":"SS","regime_share":0.75,"agreement":0.59,"records":97,"support":46.8}},{"type":"Feature","geometry":{"type":"LineString","coordinates":[[-110.8706,-31.1844],[-110.8685,-29.5656]]},"properties":{"azimuth":0.1,"regime":"Strike-slip","regime_code":"SS","regime_share":0.75,"agreement":0.66,"records":69,"support":44.0}},{"type":"Feature","geometry":{"type":"LineString","coordinates":[[-108.3288,-31.1823],[-108.193,-29.5677]]},"properties":{"azimuth":4.2,"regime":"Strike-slip","regime_code":"SS","regime_share":0.63,"agreement":0.55,"records":67,"support":17.3}},{"type":"Feature","geometry":{"type":"LineString","coordinates":[[-106.4311,-30.8261],[-104.8733,-29.9239]]},"properties":{"azimuth":56.1,"regime":"Strike-slip","regime_code":"SS","regime_share":0.46,"agreement":0.44,"records":7,"support":1.7}},{"type":"Feature","geometry":{"type":"LineString","coordinates":[[-92.8897,-31.1472],[-92.3276,-29.6028]]},"properties":{"azimuth":17.4,"regime":"Normal faulting","regime_code":"NF","regime_share":1.0,"agreement":0.79,"records":2,"support":1.3}},{"type":"Feature","geometry":{"type":"LineString","coordinates":[[-77.8932,-30.4207],[-76.0199,-30.3293]]},"properties":{"azimuth":86.8,"regime":"Thrust faulting","regime_code":"TF","regime_share":0.84,"agreement":0.67,"records":17,"support":2.6}},{"type":"Feature","geometry":{"type":"LineString","coordinates":[[-75.2857,-30.396],[-73.41,-30.354]]},"properties":{"azimuth":88.5,"regime":"Thrust faulting","regime_code":"TF","regime_share":0.95,"agreement":0.86,"records":143,"support":49.8}},{"type":"Feature","geometry":{"type":"LineString","coordinates":[[-72.6773,-30.3757],[-70.801,-30.3743]]},"properties":{"azimuth":90.0,"regime":"Thrust faulting","regime_code":"TF","regime_share":0.87,"agreement":0.85,"records":219,"support":97.6}},{"type":"Feature","geometry":{"type":"LineString","coordinates":[[-70.0677,-30.3394],[-68.1932,-30.4106]]},"properties":{"azimuth":92.5,"regime":"Thrust faulting","regime_code":"TF","regime_share":0.7,"agreement":0.83,"records":180,"support":66.8}},{"type":"Feature","geometry":{"type":"LineString","coordinates":[[-67.4477,-30.2447],[-65.5958,-30.5053]]},"properties":{"azimuth":99.3,"regime":"Thrust faulting","regime_code":"TF","regime_share":0.5,"agreement":0.76,"records":59,"support":25.1}},{"type":"Feature","geometry":{"type":"LineString","coordinates":[[-64.8118,-30.143],[-63.0142,-30.607]]},"properties":{"azimuth":106.7,"regime":"Thrust faulting","regime_code":"TF","regime_share":0.91,"agreement":0.6,"records":20,"support":5.6}},{"type":"Feature","geometry":{"type":"LineString","coordinates":[[-17.0346,-29.5684],[-16.8784,-31.1816]]},"properties":{"azimuth":175.2,"regime":"Normal faulting","regime_code":"NF","regime_share":0.53,"agreement":0.59,"records":33,"support":8.5}},{"type":"Feature","geometry":{"type":"LineString","coordinates":[[-14.3751,-29.566],[-14.3205,-31.184]]},"properties":{"azimuth":178.3,"regime":"Normal faulting","regime_code":"NF","regime_share":0.57,"agreement":0.6,"records":52,"support":26.8}},{"type":"Feature","geometry":{"type":"LineString","coordinates":[[-11.7912,-29.5669],[-11.6871,-31.1831]]},"properties":{"azimuth":176.8,"regime":"Normal faulting","regime_code":"NF","regime_share":0.62,"agreement":0.63,"records":37,"support":21.4}},{"type":"Feature","geometry":{"type":"LineString","coordinates":[[-9.1822,-29.5668],[-9.0787,-31.1832]]},"properties":{"azimuth":176.8,"regime":"Normal faulting","regime_code":"NF","regime_share":0.56,"agreement":0.64,"records":24,"support":4.6}},{"type":"Feature","geometry":{"type":"LineString","coordinates":[[14.1432,-29.5851],[14.5525,-31.1649]]},"properties":{"azimuth":167.4,"regime":"Undetermined","regime_code":"U","regime_share":1.0,"agreement":0.97,"records":7,"support":4.7}},{"type":"Feature","geometry":{"type":"LineString","coordinates":[[16.7,-29.5964],[17.213,-31.1536]]},"properties":{"azimuth":164.1,"regime":"Undetermined","regime_code":"U","regime_share":0.91,"agreement":0.82,"records":10,"support":7.5}},{"type":"Feature","geometry":{"type":"LineString","coordinates":[[19.1674,-29.642],[19.9631,-31.108]]},"properties":{"azimuth":154.9,"regime":"Undetermined","regime_code":"U","regime_share":0.72,"agreement":0.55,"records":10,"support":4.3}},{"type":"Feature","geometry":{"type":"LineString","coordinates":[[21.3054,-30.069],[23.0425,-30.681]]},"properties":{"azimuth":112.2,"regime":"Strike-slip","regime_code":"SS","regime_share":0.51,"agreement":0.79,"records":5,"support":1.2}},{"type":"Feature","geometry":{"type":"LineString","coordinates":[[23.981,-29.9545],[25.5842,-30.7955]]},"properties":{"azimuth":121.3,"regime":"Normal faulting","regime_code":"NF","regime_share":0.84,"agreement":0.99,"records":2,"support":1.1}},{"type":"Feature","geometry":{"type":"LineString","coordinates":[[52.5925,-30.6417],[54.364,-30.1083]]},"properties":{"azimuth":70.8,"regime":"Normal faulting","regime_code":"NF","regime_share":0.79,"agreement":0.86,"records":6,"support":1.0}},{"type":"Feature","geometry":{"type":"LineString","coordinates":[[55.1815,-30.5869],[56.9924,-30.1631]]},"properties":{"azimuth":74.8,"regime":"Normal faulting","regime_code":"NF","regime_share":0.8,"agreement":0.66,"records":37,"support":11.2}},{"type":"Feature","geometry":{"type":"LineString","coordinates":[[57.794,-30.5986],[59.5973,-30.1514]]},"properties":{"azimuth":74.0,"regime":"Normal faulting","regime_code":"NF","regime_share":0.77,"agreement":0.69,"records":42,"support":20.8}},{"type":"Feature","geometry":{"type":"LineString","coordinates":[[60.3988,-30.5865],[62.2099,-30.1635]]},"properties":{"azimuth":74.8,"regime":"Normal faulting","regime_code":"NF","regime_share":0.79,"agreement":0.78,"records":29,"support":18.6}},{"type":"Feature","geometry":{"type":"LineString","coordinates":[[62.9938,-30.5367],[64.8323,-30.2133]]},"properties":{"azimuth":78.5,"regime":"Normal faulting","regime_code":"NF","regime_share":0.78,"agreement":0.74,"records":30,"support":10.8}},{"type":"Feature","geometry":{"type":"LineString","coordinates":[[65.5836,-30.3839],[67.4599,-30.3661]]},"properties":{"azimuth":89.4,"regime":"Normal faulting","regime_code":"NF","regime_share":0.75,"agreement":0.65,"records":12,"support":3.9}},{"type":"Feature","geometry":{"type":"LineString","coordinates":[[71.2305,-29.6949],[72.2477,-31.0551]]},"properties":{"azimuth":147.2,"regime":"Normal faulting","regime_code":"NF","regime_share":0.92,"agreement":0.7,"records":24,"support":7.5}},{"type":"Feature","geometry":{"type":"LineString","coordinates":[[73.8796,-29.6736],[74.8161,-31.0764]]},"properties":{"azimuth":150.1,"regime":"Normal faulting","regime_code":"NF","regime_share":0.85,"agreement":0.62,"records":30,"support":15.7}},{"type":"Feature","geometry":{"type":"LineString","coordinates":[[76.5325,-29.653],[77.3806,-31.097]]},"properties":{"azimuth":153.1,"regime":"Normal faulting","regime_code":"NF","regime_share":0.73,"agreement":0.33,"records":37,"support":15.8}},{"type":"Feature","geometry":{"type":"LineString","coordinates":[[78.6886,-30.6634],[80.4418,-30.0866]]},"properties":{"azimuth":69.1,"regime":"Normal faulting","regime_code":"NF","regime_share":0.67,"agreement":0.13,"records":17,"support":7.5}},{"type":"Feature","geometry":{"type":"LineString","coordinates":[[81.2677,-30.5845],[83.0801,-30.1655]]},"properties":{"azimuth":75.0,"regime":"Normal faulting","regime_code":"NF","regime_share":1.0,"agreement":0.7,"records":7,"support":1.8}},{"type":"Feature","geometry":{"type":"LineString","coordinates":[[84.7565,-29.5659],[84.8087,-31.1841]]},"properties":{"azimuth":178.4,"regime":"Normal faulting","regime_code":"NF","regime_share":0.41,"agreement":0.26,"records":4,"support":1.1}},{"type":"Feature","geometry":{"type":"LineString","coordinates":[[109.9318,-30.3994],[111.8073,-30.3506]]},"properties":{"azimuth":88.3,"regime":"Undetermined","regime_code":"U","regime_share":0.93,"agreement":0.78,"records":53,"support":13.2}},{"type":"Feature","geometry":{"type":"LineString","coordinates":[[112.5404,-30.3968],[114.4161,-30.3532]]},"properties":{"azimuth":88.5,"regime":"Undetermined","regime_code":"U","regime_share":0.93,"agreement":0.82,"records":66,"support":54.3}},{"type":"Feature","geometry":{"type":"LineString","coordinates":[[115.1491,-30.3962],[117.0248,-30.3538]]},"properties":{"azimuth":88.5,"regime":"Undetermined","regime_code":"U","regime_share":0.88,"agreement":0.83,"records":65,"support":66.0}},{"type":"Feature","geometry":{"type":"LineString","coordinates":[[117.7579,-30.4001],[119.6334,-30.3499]]},"properties":{"azimuth":88.2,"regime":"Undetermined","regime_code":"U","regime_share":0.73,"agreement":0.84,"records":66,"support":27.0}},{"type":"Feature","geometry":{"type":"LineString","coordinates":[[120.377,-30.4975],[122.2317,-30.2525]]},"properties":{"azimuth":81.3,"regime":"Thrust faulting","regime_code":"TF","regime_share":0.74,"agreement":0.74,"records":9,"support":3.4}},{"type":"Feature","geometry":{"type":"LineString","coordinates":[[123.0184,-30.6186],[124.8077,-30.1314]]},"properties":{"azimuth":72.5,"regime":"Strike-slip","regime_code":"SS","regime_share":0.55,"agreement":0.62,"records":2,"support":1.1}},{"type":"Feature","geometry":{"type":"LineString","coordinates":[[128.2488,-30.0982],[130.012,-30.6518]]},"properties":{"azimuth":110.0,"regime":"Undetermined","regime_code":"U","regime_share":1.0,"agreement":1.0,"records":1,"support":1.4}},{"type":"Feature","geometry":{"type":"LineString","coordinates":[[130.8189,-30.2174],[132.6593,-30.5326]]},"properties":{"azimuth":101.2,"regime":"Undetermined","regime_code":"U","regime_share":1.0,"agreement":0.81,"records":7,"support":2.8}},{"type":"Feature","geometry":{"type":"LineString","coordinates":[[133.4135,-30.3021],[135.2822,-30.4479]]},"properties":{"azimuth":95.2,"regime":"Undetermined","regime_code":"U","regime_share":0.52,"agreement":0.78,"records":18,"support":7.0}},{"type":"Feature","geometry":{"type":"LineString","coordinates":[[136.027,-30.2652],[137.886,-30.4848]]},"properties":{"azimuth":97.8,"regime":"Undetermined","regime_code":"U","regime_share":0.51,"agreement":0.73,"records":48,"support":21.3}},{"type":"Feature","geometry":{"type":"LineString","coordinates":[[138.636,-30.2634],[140.4944,-30.4866]]},"properties":{"azimuth":97.9,"regime":"Undetermined","regime_code":"U","regime_share":0.72,"agreement":0.83,"records":100,"support":60.2}},{"type":"Feature","geometry":{"type":"LineString","coordinates":[[141.2426,-30.2774],[143.1052,-30.4726]]},"properties":{"azimuth":96.9,"regime":"Undetermined","regime_code":"U","regime_share":0.76,"agreement":0.87,"records":94,"support":53.9}},{"type":"Feature","geometry":{"type":"LineString","coordinates":[[143.845,-30.3461],[145.7202,-30.4039]]},"properties":{"azimuth":92.0,"regime":"Undetermined","regime_code":"U","regime_share":0.49,"agreement":0.9,"records":24,"support":11.0}},{"type":"Feature","geometry":{"type":"LineString","coordinates":[[146.5814,-30.7836],[148.2012,-29.9664]]},"properties":{"azimuth":59.7,"regime":"Undetermined","regime_code":"U","regime_share":0.76,"agreement":0.46,"records":64,"support":25.2}},{"type":"Feature","geometry":{"type":"LineString","coordinates":[[149.2234,-30.8291],[150.7766,-29.9209]]},"properties":{"azimuth":55.9,"regime":"Undetermined","regime_code":"U","regime_share":0.81,"agreement":0.46,"records":131,"support":71.5}},{"type":"Feature","geometry":{"type":"LineString","coordinates":[[151.786,-30.764],[153.4314,-29.986]]},"properties":{"azimuth":61.3,"regime":"Undetermined","regime_code":"U","regime_share":0.83,"agreement":0.48,"records":118,"support":64.3}},{"type":"Feature","geometry":{"type":"LineString","coordinates":[[154.3442,-30.671],[156.0906,-30.079]]},"properties":{"azimuth":68.5,"regime":"Undetermined","regime_code":"U","regime_share":0.97,"agreement":0.65,"records":29,"support":16.8}},{"type":"Feature","geometry":{"type":"LineString","coordinates":[[172.7962,-30.9308],[174.1603,-29.8192]]},"properties":{"azimuth":46.6,"regime":"Strike-slip","regime_code":"SS","regime_share":0.61,"agreement":0.91,"records":3,"support":1.1}},{"type":"Feature","geometry":{"type":"LineString","coordinates":[[177.7722,-30.2323],[179.6191,-30.5177]]},"properties":{"azimuth":100.2,"regime":"Thrust faulting","regime_code":"TF","regime_share":0.76,"agreement":0.56,"records":319,"support":78.8}},{"type":"Feature","geometry":{"type":"LineString","coordinates":[[-179.597,-32.4222],[-177.7363,-32.8278]]},"properties":{"azimuth":104.5,"regime":"Thrust faulting","regime_code":"TF","regime_share":0.79,"agreement":0.59,"records":453,"support":251.5}},{"type":"Feature","geometry":{"type":"LineString","coordinates":[[-176.9234,-32.4008],[-175.0766,-32.8492]]},"properties":{"azimuth":106.1,"regime":"Thrust faulting","regime_code":"TF","regime_share":0.81,"agreement":0.62,"records":456,"support":203.7}},{"type":"Feature","geometry":{"type":"LineString","coordinates":[[-174.2389,-32.3541],[-172.4277,-32.8959]]},"properties":{"azimuth":109.6,"regime":"Thrust faulting","regime_code":"TF","regime_share":0.73,"agreement":0.46,"records":162,"support":29.7}},{"type":"Feature","geometry":{"type":"LineString","coordinates":[[-114.7192,-31.8168],[-114.6142,-33.4332]]},"properties":{"azimuth":176.9,"regime":"Strike-slip","regime_code":"SS","regime_share":0.79,"agreement":0.63,"records":67,"support":17.2}},{"type":"Feature","geometry":{"type":"LineString","coordinates":[[-112.1412,-31.8244],[-111.8588,-33.4256]]},"properties":{"azimuth":171.6,"regime":"Strike-slip","regime_code":"SS","regime_share":0.73,"agreement":0.64,"records":113,"support":46.8}},{"type":"Feature","geometry":{"type":"LineString","coordinates":[[-109.6412,-31.8583],[-109.0255,-33.3917]]},"properties":{"azimuth":161.3,"regime":"Strike-slip","regime_code":"SS","regime_share":0.71,"agreement":0.64,"records":126,"support":49.6}},{"type":"Feature","geometry":{"type":"LineString","coordinates":[[-107.1923,-31.9474],[-106.141,-33.3026]]},"properties":{"azimuth":146.8,"regime":"Strike-slip","regime_code":"SS","regime_share":0.81,"agreement":0.81,"records":96,"support":32.7}},{"type":"Feature","geometry":{"type":"LineString","coordinates":[[-104.5753,-31.9766],[-103.4247,-33.2734]]},"properties":{"azimuth":143.2,"regime":"Strike-slip","regime_code":"SS","regime_share":0.99,"agreement":0.94,"records":90,"support":22.7}},{"type":"Feature","geometry":{"type":"LineString","coordinates":[[-101.9202,-31.984],[-100.7465,-33.266]]},"properties":{"azimuth":142.4,"regime":"Strike-slip","regime_code":"SS","regime_share":0.96,"agreement":0.98,"records":80,"support":16.5}},{"type":"Feature","geometry":{"type":"LineString","coordinates":[[-99.2955,-32.0129],[-98.0379,-33.2371]]},"properties":{"azimuth":139.1,"regime":"Strike-slip","regime_code":"SS","regime_share":0.93,"agreement":0.98,"records":55,"support":9.5}},{"type":"Feature","geometry":{"type":"LineString","coordinates":[[-96.6072,-31.9977],[-95.3928,-33.2523]]},"properties":{"azimuth":140.8,"regime":"Strike-slip","regime_code":"SS","regime_share":0.79,"agreement":0.67,"records":19,"support":3.2}},{"type":"Feature","geometry":{"type":"LineString","coordinates":[[-93.53,-33.4173],[-93.1366,-31.8327]]},"properties":{"azimuth":11.8,"regime":"Normal faulting","regime_code":"NF","regime_share":1.0,"agreement":0.62,"records":2,"support":1.2}},{"type":"Feature","geometry":{"type":"LineString","coordinates":[[-77.7946,-33.335],[-76.872,-31.915]]},"properties":{"azimuth":28.7,"regime":"Normal faulting","regime_code":"NF","regime_share":0.88,"agreement":0.6,"records":17,"support":3.6}},{"type":"Feature","geometry":{"type":"LineString","coordinates":[[-75.6269,-32.6582],[-73.7065,-32.5918]]},"properties":{"azimuth":87.7,"regime":"Thrust faulting","regime_code":"TF","regime_share":0.83,"agreement":0.7,"records":212,"support":84.1}},{"type":"Feature","geometry":{"type":"LineString","coordinates":[[-72.961,-32.6183],[-71.039,-32.6317]]},"properties":{"azimuth":90.5,"regime":"Thrust faulting","regime_code":"TF","regime_share":0.76,"agreement":0.74,"records":266,"support":160.9}},{"type":"Feature","geometry":{"type":"LineString","coordinates":[[-70.2918,-32.5664],[-68.3748,-32.6836]]},"properties":{"azimuth":94.2,"regime":"Thrust faulting","regime_code":"TF","regime_share":0.55,"agreement":0.78,"records":224,"support":121.9}},{"type":"Feature","geometry":{"type":"LineString","coordinates":[[-67.6148,-32.4928],[-65.7185,-32.7572]]},"properties":{"azimuth":99.4,"regime":"Undetermined","regime_code":"U","regime_share":0.74,"agreement":0.84,"records":55,"support":39.7}},{"type":"Feature","geometry":{"type":"LineString","coordinates":[[-64.9581,-32.5619],[-63.0419,-32.6881]]},"properties":{"azimuth":94.5,"regime":"Undetermined","regime_code":"U","regime_share":0.56,"agreement":0.83,"records":25,"support":5.3}},{"type":"Feature","geometry":{"type":"LineString","coordinates":[[-19.0434,-33.3696],[-18.29,-31.8804]]},"properties":{"azimuth":23.1,"regime":"Strike-slip","regime_code":"SS","regime_share":0.59,"agreement":0.61,"records":47,"support":12.0}},{"type":"Feature","geometry":{"type":"LineString","coordinates":[[-16.2828,-33.3986],[-15.7172,-31.8514]]},"properties":{"azimuth":17.1,"regime":"Strike-slip","regime_code":"SS","regime_share":0.5,"agreement":0.57,"records":66,"support":32.7}},{"type":"Feature","geometry":{"type":"LineString","coordinates":[[-13.5408,-33.4153],[-13.1259,-31.8347]]},"properties":{"azimuth":12.5,"regime":"Strike-slip","regime_code":"SS","regime_share":0.45,"agreement":0.6,"records":67,"support":31.6}},{"type":"Feature","geometry":{"type":"LineString","coordinates":[[-10.821,-33.4239],[-10.5123,-31.8261]]},"properties":{"azimuth":9.2,"regime":"Normal faulting","regime_code":"NF","regime_share":0.53,"agreement":0.7,"records":30,"support":8.8}},{"type":"Feature","geometry":{"type":"LineString","coordinates":[[13.0838,-31.8434],[13.5828,-33.4066]]},"properties":{"azimuth":165.0,"regime":"Undetermined","regime_code":"U","regime_share":1.0,"agreement":0.96,"records":6,"support":2.6}},{"type":"Feature","geometry":{"type":"LineString","coordinates":[[15.6709,-31.8645],[16.3291,-33.3855]]},"properties":{"azimuth":160.0,"regime":"Undetermined","regime_code":"U","regime_share":0.87,"agreement":0.75,"records":10,"support":7.6}},{"type":"Feature","geometry":{"type":"LineString","coordinates":[[18.1156,-31.9619],[19.2177,-33.2881]]},"properties":{"azimuth":145.0,"regime":"Undetermined","regime_code":"U","regime_share":0.73,"agreement":0.45,"records":22,"support":10.1}},{"type":"Feature","geometry":{"type":"LineString","coordinates":[[20.5777,-32.1249],[22.089,-33.1251]]},"properties":{"azimuth":128.2,"regime":"Undetermined","regime_code":"U","regime_share":0.77,"agreement":0.4,"records":19,"support":9.2}},{"type":"Feature","geometry":{"type":"LineString","coordinates":[[23.2941,-32.0758],[24.7059,-33.1742]]},"properties":{"azimuth":132.7,"regime":"Undetermined","regime_code":"U","regime_share":0.87,"agreement":0.48,"records":17,"support":6.0}},{"type":"Feature","geometry":{"type":"LineString","coordinates":[[25.9738,-32.0641],[27.3595,-33.1859]]},"properties":{"azimuth":133.9,"regime":"Undetermined","regime_code":"U","regime_share":0.79,"agreement":0.96,"records":3,"support":1.2}},{"type":"Feature","geometry":{"type":"LineString","coordinates":[[49.7774,-32.9318],[51.556,-32.3182]]},"properties":{"azimuth":67.7,"regime":"Strike-slip","regime_code":"SS","regime_share":0.54,"agreement":0.79,"records":15,"support":2.6}},{"type":"Feature","geometry":{"type":"LineString","coordinates":[[52.4098,-32.849],[54.2568,-32.401]]},"properties":{"azimuth":73.9,"regime":"Normal faulting","regime_code":"NF","regime_share":0.64,"agreement":0.71,"records":46,"support":16.1}},{"type":"Feature","geometry":{"type":"LineString","coordinates":[[55.0676,-32.821],[56.9324,-32.429]]},"properties":{"azimuth":76.0,"regime":"Normal faulting","regime_code":"NF","regime_share":0.74,"agreement":0.63,"records":53,"support":28.6}},{"type":"Feature","geometry":{"type":"LineString","coordinates":[[57.7352,-32.8243],[59.5981,-32.4257]]},"properties":{"azimuth":75.7,"regime":"Normal faulting","regime_code":"NF","regime_share":0.77,"agreement":0.54,"records":46,"support":25.3}},{"type":"Feature","geometry":{"type":"LineString","coordinates":[[60.4115,-32.8538],[62.2552,-32.3962]]},"properties":{"azimuth":73.6,"regime":"Normal faulting","regime_code":"NF","regime_share":0.76,"agreement":0.58,"records":39,"support":12.0}},{"type":"Feature","geometry":{"type":"LineString","coordinates":[[74.2352,-31.9018],[75.0981,-33.3482]]},"properties":{"azimuth":153.3,"regime":"Strike-slip","regime_code":"SS","regime_share":0.56,"agreement":0.56,"records":19,"support":6.6}},{"type":"Feature","geometry":{"type":"LineString","coordinates":[[77.0054,-31.8642],[77.6613,-33.3858]]},"properties":{"azimuth":160.0,"regime":"Strike-slip","regime_code":"SS","regime_share":0.62,"agreement":0.3,"records":31,"support":15.8}},{"type":"Feature","geometry":{"type":"LineString","coordinates":[[79.7516,-31.8431],[80.2484,-33.4069]]},"properties":{"azimuth":165.0,"regime":"Strike-slip","regime_code":"SS","regime_share":0.56,"agreement":0.14,"records":33,"support":13.0}},{"type":"Feature","geometry":{"type":"LineString","coordinates":[[81.7601,-32.8937],[83.5732,-32.3563]]},"properties":{"azimuth":70.6,"regime":"Normal faulting","regime_code":"NF","regime_share":0.94,"agreement":0.75,"records":6,"support":2.7}},{"type":"Feature","geometry":{"type":"LineString","coordinates":[[84.7518,-33.2694],[85.9148,-31.9806]]},"properties":{"azimuth":37.2,"regime":"Normal faulting","regime_code":"NF","regime_share":0.69,"agreement":0.57,"records":3,"support":1.5}},{"type":"Feature","geometry":{"type":"LineString","coordinates":[[87.9234,-31.8182],[88.0766,-33.4318]]},"properties":{"azimuth":175.4,"regime":"Thrust faulting","regime_code":"TF","regime_share":0.81,"agreement":0.74,"records":2,"support":1.1}},{"type":"Feature","geometry":{"type":"LineString","coordinates":[[111.0562,-32.4722],[112.9438,-32.7778]]},"properties":{"azimuth":100.9,"regime":"Undetermined","regime_code":"U","regime_share":0.89,"agreement":0.62,"records":15,"support":4.0}},{"type":"Feature","geometry":{"type":"LineString","coordinates":[[113.7057,-32.6296],[115.6277,-32.6204]]},"properties":{"azimuth":89.7,"regime":"Undetermined","regime_code":"U","regime_share":0.85,"agreement":0.82,"records":63,"support":27.7}},{"type":"Feature","geometry":{"type":"LineString","coordinates":[[116.3723,-32.6315],[118.2943,-32.6185]]},"properties":{"azimuth":89.5,"regime":"Undetermined","regime_code":"U","regime_share":0.71,"agreement":0.83,"records":63,"support":22.0}},{"type":"Feature","geometry":{"type":"LineString","coordinates":[[119.0406,-32.6725],[120.9594,-32.5775]]},"properties":{"azimuth":86.6,"regime":"Thrust faulting","regime_code":"TF","regime_share":0.66,"agreement":0.78,"records":13,"support":4.4}},{"type":"Feature","geometry":{"type":"LineString","coordinates":[[121.7636,-32.9019],[123.5697,-32.3481]]},"properties":{"azimuth":70.0,"regime":"Strike-slip","regime_code":"SS","regime_share":0.58,"agreement":0.63,"records":2,"support":1.2}},{"type":"Feature","geometry":{"type":"LineString","coordinates":[[129.8602,-32.1848],[131.4731,-33.0652]]},"properties":{"azimuth":122.9,"regime":"Undetermined","regime_code":"U","regime_share":1.0,"agreement":0.83,"records":2,"support":1.5}},{"type":"Feature","geometry":{"type":"LineString","coordinates":[[132.5089,-32.2091],[134.1578,-33.0409]]},"properties":{"azimuth":120.9,"regime":"Undetermined","regime_code":"U","regime_share":0.74,"agreement":0.62,"records":11,"support":3.7}},{"type":"Feature","geometry":{"type":"LineString","coordinates":[[135.0486,-32.5109],[136.9514,-32.7391]]},"properties":{"azimuth":98.1,"regime":"Thrust faulting","regime_code":"TF","regime_share":0.35,"agreement":0.53,"records":23,"support":12.2}},{"type":"Feature","geometry":{"type":"LineString","coordinates":[[137.7059,-32.6418],[139.6275,-32.6082]]},"properties":{"azimuth":88.8,"regime":"Thrust faulting","regime_code":"TF","regime_share":0.39,"agreement":0.59,"records":23,"support":17.4}},{"type":"Feature","geometry":{"type":"LineString","coordinates":[[140.3725,-32.6429],[142.2941,-32.6071]]},"properties":{"azimuth":88.7,"regime":"Strike-slip","regime_code":"SS","regime_share":0.37,"agreement":0.71,"records":25,"support":13.7}},{"type":"Feature","geometry":{"type":"LineString","coordinates":[[143.0399,-32.5898],[144.9601,-32.6602]]},"properties":{"azimuth":92.5,"regime":"Strike-slip","regime_code":"SS","regime_share":0.38,"agreement":0.85,"records":13,"support":8.5}},{"type":"Feature","geometry":{"type":"LineString","coordinates":[[145.7455,-32.8556],[147.5879,-32.3944]]},"properties":{"azimuth":73.4,"regime":"Undetermined","regime_code":"U","regime_share":0.48,"agreement":0.38,"records":81,"support":24.7}},{"type":"Feature","geometry":{"type":"LineString","coordinates":[[148.4873,-33.009],[150.1793,-32.241]]},"properties":{"azimuth":61.7,"regime":"Undetermined","regime_code":"U","regime_share":0.56,"agreement":0.35,"records":87,"support":67.9}},{"type":"Feature","geometry":{"type":"LineString","coordinates":[[151.1526,-33.0068],[152.8474,-32.2432]]},"properties":{"azimuth":61.9,"regime":"Undetermined","regime_code":"U","regime_share":0.59,"agreement":0.37,"records":102,"support":73.2}},{"type":"Feature","geometry":{"type":"LineString","coordinates":[[153.8074,-32.9874],[155.526,-32.2626]]},"properties":{"azimuth":63.4,"regime":"Undetermined","regime_code":"U","regime_share":0.59,"agreement":0.34,"records":69,"support":23.7}},{"type":"Feature","geometry":{"type":"LineString","coordinates":[[175.4764,-33.3037],[176.5236,-31.9463]]},"properties":{"azimuth":33.0,"regime":"Normal faulting","regime_code":"NF","regime_share":0.75,"agreement":0.85,"records":27,"support":6.4}},{"type":"Feature","geometry":{"type":"LineString","coordinates":[[177.7198,-32.4864],[179.6135,-32.7636]]},"properties":{"azimuth":99.9,"regime":"Thrust faulting","regime_code":"TF","regime_share":0.69,"agreement":0.44,"records":271,"support":96.8}},{"type":"Feature","geometry":{"type":"LineString","coordinates":[[-179.593,-34.7147],[-177.6589,-35.0353]]},"properties":{"azimuth":101.4,"regime":"Thrust faulting","regime_code":"TF","regime_share":0.66,"agreement":0.37,"records":273,"support":141.2}},{"type":"Feature","geometry":{"type":"LineString","coordinates":[[-176.8216,-34.6391],[-174.9341,-35.1109]]},"properties":{"azimuth":106.9,"regime":"Thrust faulting","regime_code":"TF","regime_share":0.77,"agreement":0.54,"records":214,"support":74.5}},{"type":"Feature","geometry":{"type":"LineString","coordinates":[[-173.3454,-34.0852],[-172.9141,-35.6648]]},"properties":{"azimuth":167.4,"regime":"Normal faulting","regime_code":"NF","regime_share":0.4,"agreement":0.3,"records":9,"support":1.7}},{"type":"Feature","geometry":{"type":"LineString","coordinates":[[-115.8065,-34.1304],[-115.0332,-35.6196]]},"properties":{"azimuth":156.9,"regime":"Strike-slip","regime_code":"SS","regime_share":0.87,"agreement":0.65,"records":29,"support":8.7}},{"type":"Feature","geometry":{"type":"LineString","coordinates":[[-113.0456,-34.126],[-112.2979,-35.624]]},"properties":{"azimuth":157.7,"regime":"Strike-slip","regime_code":"SS","regime_share":0.78,"agreement":0.72,"records":85,"support":40.7}},{"type":"Feature","geometry":{"type":"LineString","coordinates":[[-110.3882,-34.1609],[-109.4591,-35.5891]]},"properties":{"azimuth":151.9,"regime":"Strike-slip","regime_code":"SS","regime_share":0.79,"agreement":0.75,"records":119,"support":71.9}},{"type":"Feature","geometry":{"type":"LineString","coordinates":[[-107.737,-34.2094],[-106.6142,-35.5406]]},"properties":{"azimuth":145.3,"regime":"Strike-slip","regime_code":"SS","regime_share":0.87,"agreement":0.85,"records":141,"support":78.2}},{"type":"Feature","geometry":{"type":"LineString","coordinates":[[-105.0208,-34.2283],[-103.8341,-35.5217]]},"properties":{"azimuth":143.0,"regime":"Strike-slip","regime_code":"SS","regime_share":0.97,"agreement":0.94,"records":143,"support":77.2}},{"type":"Feature","geometry":{"type":"LineString","coordinates":[[-102.2887,-34.2384],[-101.0701,-35.5116]]},"properties":{"azimuth":141.9,"regime":"Strike-slip","regime_code":"SS","regime_share":0.96,"agreement":0.98,"records":133,"support":72.3}},{"type":"Feature","geometry":{"type":"LineString","coordinates":[[-99.5617,-34.2524],[-98.3009,-35.4976]]},"properties":{"azimuth":140.3,"regime":"Strike-slip","regime_code":"SS","regime_share":0.93,"agreement":0.96,"records":111,"support":56.0}},{"type":"Feature","geometry":{"type":"LineString","coordinates":[[-96.8022,-34.2447],[-95.5642,-35.5053]]},"properties":{"azimuth":141.1,"regime":"Strike-slip","regime_code":"SS","regime_share":0.83,"agreement":0.87,"records":86,"support":35.1}},{"type":"Feature","geometry":{"type":"LineString","coordinates":[[-93.9613,-34.1903],[-92.909,-35.5597]]},"properties":{"azimuth":147.8,"regime":"Strike-slip","regime_code":"SS","regime_share":0.61,"agreement":0.76,"records":55,"support":16.2}},{"type":"Feature","geometry":{"type":"LineString","coordinates":[[-91.1673,-34.168],[-90.2067,-35.582]]},"properties":{"azimuth":150.9,"regime":"Normal faulting","regime_code":"NF","regime_share":0.57,"agreement":0.83,"records":13,"support":2.8}},{"type":"Feature","geometry":{"type":"LineString","coordinates":[[-77.9331,-34.8746],[-75.96,-34.8754]]},"properties":{"azimuth":90.0,"regime":"Thrust faulting","regime_code":"TF","regime_share":0.78,"agreement":0.61,"records":157,"support":37.9}},{"type":"Feature","geometry":{"type":"LineString","coordinates":[[-75.185,-34.8707],[-73.2119,-34.8793]]},"properties":{"azimuth":90.3,"regime":"Thrust faulting","regime_code":"TF","regime_share":0.81,"agreement":0.67,"records":282,"support":151.9}},{"type":"Feature","geometry":{"type":"LineString","coordinates":[[-72.4365,-34.8496],[-70.4643,-34.9004]]},"properties":{"azimuth":91.8,"regime":"Thrust faulting","regime_code":"TF","regime_share":0.68,"agreement":0.7,"records":334,"support":193.2}},{"type":"Feature","geometry":{"type":"LineString","coordinates":[[-69.6857,-34.81],[-67.7189,-34.94]]},"properties":{"azimuth":94.6,"regime":"Undetermined","regime_code":"U","regime_share":0.54,"agreement":0.72,"records":237,"support":105.5}},{"type":"Feature","geometry":{"type":"LineString","coordinates":[[-66.9326,-34.7708],[-64.9758,-34.9792]]},"properties":{"azimuth":97.4,"regime":"Undetermined","regime_code":"U","regime_share":0.9,"agreement":0.81,"records":73,"support":28.5}},{"type":"Feature","geometry":{"type":"LineString","coordinates":[[-22.689,-34.3082],[-21.2804,-35.4418]]},"properties":{"azimuth":134.4,"regime":"Normal faulting","regime_code":"NF","regime_share":0.47,"agreement":0.16,"records":8,"support":2.2}},{"type":"Feature","geometry":{"type":"LineString","coordinates":[[-19.5226,-35.6497],[-18.9507,-34.1003]]},"properties":{"azimuth":16.8,"regime":"Strike-slip","regime_code":"SS","regime_share":0.56,"agreement":0.56,"records":66,"support":22.3}},{"type":"Feature","geometry":{"type":"LineString","coordinates":[[-16.7875,-35.6463],[-16.1896,-34.1037]]},"properties":{"azimuth":17.6,"regime":"Strike-slip","regime_code":"SS","regime_share":0.55,"agreement":0.57,"records":87,"support":50.8}},{"type":"Feature","geometry":{"type":"LineString","coordinates":[[-14.0796,-35.6351],[-13.4014,-34.1149]]},"properties":{"azimuth":20.1,"regime":"Strike-slip","regime_code":"SS","regime_share":0.54,"agreement":0.62,"records":74,"support":40.0}},{"type":"Feature","geometry":{"type":"LineString","coordinates":[[-11.383,-35.6182],[-10.6017,-34.1318]]},"properties":{"azimuth":23.3,"regime":"Strike-slip","regime_code":"SS","regime_share":0.55,"agreement":0.65,"records":36,"support":9.4}},{"type":"Feature","geometry":{"type":"LineString","coordinates":[[15.9325,-34.2064],[17.0446,-35.5436]]},"properties":{"azimuth":145.7,"regime":"Undetermined","regime_code":"U","regime_share":0.69,"agreement":0.57,"records":8,"support":3.2}},{"type":"Feature","geometry":{"type":"LineString","coordinates":[[18.5282,-34.3117],[19.9451,-35.4383]]},"properties":{"azimuth":134.1,"regime":"Undetermined","regime_code":"U","regime_share":0.8,"agreement":0.37,"records":18,"support":10.2}},{"type":"Feature","geometry":{"type":"LineString","coordinates":[[21.3089,-34.2853],[22.6605,-35.4647]]},"properties":{"azimuth":136.8,"regime":"Undetermined","regime_code":"U","regime_share":0.91,"agreement":0.37,"records":16,"support":14.2}},{"type":"Feature","geometry":{"type":"LineString","coordinates":[[24.1004,-34.2538],[25.3653,-35.4962]]},"properties":{"azimuth":140.1,"regime":"Undetermined","regime_code":"U","regime_share":1.0,"agreement":0.48,"records":13,"support":7.8}},{"type":"Feature","geometry":{"type":"LineString","coordinates":[[45.7689,-35.0973],[47.6662,-34.6527]]},"properties":{"azimuth":74.1,"regime":"Normal faulting","regime_code":"NF","regime_share":0.7,"agreement":0.73,"records":11,"support":2.5}},{"type":"Feature","geometry":{"type":"LineString","coordinates":[[48.5381,-35.1507],[50.3932,-34.5993]]},"properties":{"azimuth":70.1,"regime":"Normal faulting","regime_code":"NF","regime_share":0.58,"agreement":0.71,"records":42,"support":11.7}},{"type":"Feature","geometry":{"type":"LineString","coordinates":[[51.2832,-35.1439],[53.1443,-34.6061]]},"properties":{"azimuth":70.6,"regime":"Normal faulting","regime_code":"NF","regime_share":0.54,"agreement":0.68,"records":54,"support":27.7}},{"type":"Feature","geometry":{"type":"LineString","coordinates":[[54.0177,-35.1098],[55.906,-34.6402]]},"properties":{"azimuth":73.1,"regime":"Normal faulting","regime_code":"NF","regime_share":0.6,"agreement":0.63,"records":63,"support":36.9}},{"type":"Feature","geometry":{"type":"LineString","coordinates":[[56.7485,-35.0566],[58.6713,-34.6934]]},"properties":{"azimuth":77.0,"regime":"Normal faulting","regime_code":"NF","regime_share":0.7,"agreement":0.51,"records":50,"support":24.9}},{"type":"Feature","geometry":{"type":"LineString","coordinates":[[59.4901,-35.0315],[61.426,-34.7185]]},"properties":{"azimuth":78.8,"regime":"Normal faulting","regime_code":"NF","regime_share":0.74,"agreement":0.28,"records":24,"support":7.3}},{"type":"Feature","geometry":{"type":"LineString","coordinates":[[74.0914,-34.0704],[74.3056,-35.6796]]},"properties":{"azimuth":173.8,"regime":"Strike-slip","regime_code":"SS","regime_share":0.85,"agreement":0.65,"records":33,"support":6.1}},{"type":"Feature","geometry":{"type":"LineString","coordinates":[[76.8432,-34.0701],[77.0499,-35.6799]]},"properties":{"azimuth":174.0,"regime":"Strike-slip","regime_code":"SS","regime_share":0.86,"agreement":0.67,"records":59,"support":29.5}},{"type":"Feature","geometry":{"type":"LineString","coordinates":[[79.6184,-34.068],[79.7709,-35.682]]},"properties":{"azimuth":175.6,"regime":"Strike-slip","regime_code":"SS","regime_share":0.83,"agreement":0.63,"records":58,"support":31.4}},{"type":"Feature","geometry":{"type":"LineString","coordinates":[[82.3712,-35.6823],[82.5143,-34.0677]]},"properties":{"azimuth":4.2,"regime":"Strike-slip","regime_code":"SS","regime_share":0.66,"agreement":0.45,"records":33,"support":8.9}},{"type":"Feature","geometry":{"type":"LineString","coordinates":[[84.448,-35.4076],[85.9337,-34.3424]]},"properties":{"azimuth":48.8,"regime":"Normal faulting","regime_code":"NF","regime_share":0.86,"agreement":0.77,"records":3,"support":1.1}},{"type":"Feature","geometry":{"type":"LineString","coordinates":[[111.6871,-34.9252],[113.6564,-34.8248]]},"properties":{"azimuth":86.4,"regime":"Undetermined","regime_code":"U","regime_share":0.67,"agreement":0.73,"records":5,"support":1.5}},{"type":"Feature","geometry":{"type":"LineString","coordinates":[[114.4349,-34.9221],[116.4047,-34.8279]]},"properties":{"azimuth":86.7,"regime":"Undetermined","regime_code":"U","regime_share":0.6,"agreement":0.78,"records":7,"support":3.1}},{"type":"Feature","geometry":{"type":"LineString","coordinates":[[117.1816,-34.8922],[119.1543,-34.8578]]},"properties":{"azimuth":88.8,"regime":"Undetermined","regime_code":"U","regime_share":0.49,"agreement":0.81,"records":7,"support":2.0}},{"type":"Feature","geometry":{"type":"LineString","coordinates":[[131.2183,-34.2966],[132.5985,-35.4534]]},"properties":{"azimuth":135.6,"regime":"Undetermined","regime_code":"U","regime_share":1.0,"agreement":0.83,"records":4,"support":1.9}},{"type":"Feature","geometry":{"type":"LineString","coordinates":[[133.8531,-34.4053],[135.4599,-35.3447]]},"properties":{"azimuth":125.5,"regime":"Undetermined","regime_code":"U","regime_share":0.81,"agreement":0.64,"records":10,"support":5.2}},{"type":"Feature","geometry":{"type":"LineString","coordinates":[[136.5142,-34.5264],[138.295,-35.2236]]},"properties":{"azimuth":115.5,"regime":"Undetermined","regime_code":"U","regime_share":0.62,"agreement":0.59,"records":34,"support":14.1}},{"type":"Feature","geometry":{"type":"LineString","coordinates":[[139.2722,-34.5099],[141.0331,-35.2401]]},"properties":{"azimuth":116.8,"regime":"Undetermined","regime_code":"U","regime_share":0.67,"agreement":0.66,"records":35,"support":19.2}},{"type":"Feature","geometry":{"type":"LineString","coordinates":[[142.0409,-34.4781],[143.7606,-35.2719]]},"properties":{"azimuth":119.4,"regime":"Undetermined","regime_code":"U","regime_share":0.71,"agreement":0.68,"records":42,"support":15.7}},{"type":"Feature","geometry":{"type":"LineString","coordinates":[[144.7482,-34.5446],[146.5495,-35.2054]]},"properties":{"azimuth":114.1,"regime":"Thrust faulting","regime_code":"TF","regime_share":0.55,"agreement":0.39,"records":38,"support":12.4}},{"type":"Feature","geometry":{"type":"LineString","coordinates":[[147.4147,-34.9504],[149.3792,-34.7996]]},"properties":{"azimuth":84.7,"regime":"Thrust faulting","regime_code":"TF","regime_share":0.5,"agreement":0.2,"records":88,"support":38.9}},{"type":"Feature","geometry":{"type":"LineString","coordinates":[[150.2661,-35.2427],[152.0239,-34.5073]]},"properties":{"azimuth":63.0,"regime":"Thrust faulting","regime_code":"TF","regime_share":0.53,"agreement":0.29,"records":71,"support":48.2}},{"type":"Feature","geometry":{"type":"LineString","coordinates":[[153.0675,-35.318],[154.7188,-34.432]]},"properties":{"azimuth":56.8,"regime":"Thrust faulting","regime_code":"TF","regime_share":0.54,"agreement":0.35,"records":56,"support":22.1}},{"type":"Feature","geometry":{"type":"LineString","coordinates":[[172.3891,-35.4096],[173.8705,-34.3404]]},"properties":{"azimuth":48.7,"regime":"Normal faulting","regime_code":"NF","regime_share":0.63,"agreement":0.75,"records":11,"support":2.9}},{"type":"Feature","geometry":{"type":"LineString","coordinates":[[175.2463,-35.4968],[176.5094,-34.2532]]},"properties":{"azimuth":39.8,"regime":"Normal faulting","regime_code":"NF","regime_share":0.63,"agreement":0.65,"records":80,"support":23.5}},{"type":"Feature","geometry":{"type":"LineString","coordinates":[[177.696,-35.1452],[179.5559,-34.6048]]},"properties":{"azimuth":70.5,"regime":"Thrust faulting","regime_code":"TF","regime_share":0.48,"agreement":0.2,"records":232,"support":91.1}},{"type":"Feature","geometry":{"type":"LineString","coordinates":[[-179.2307,-37.7552],[-177.9568,-36.4948]]},"properties":{"azimuth":38.9,"regime":"Normal faulting","regime_code":"NF","regime_share":0.58,"agreement":0.32,"records":148,"support":67.7}},{"type":"Feature","geometry":{"type":"LineString","coordinates":[[-176.4325,-37.7459],[-175.13,-36.5041]]},"properties":{"azimuth":39.9,"regime":"Normal faulting","regime_code":"NF","regime_share":0.54,"agreement":0.16,"records":80,"support":19.1}},{"type":"Feature","geometry":{"type":"LineString","coordinates":[[-114.3376,-36.3923],[-113.4749,-37.8577]]},"properties":{"azimuth":154.9,"regime":"Strike-slip","regime_code":"SS","regime_share":0.85,"agreement":0.84,"records":33,"support":12.8}},{"type":"Feature","geometry":{"type":"LineString","coordinates":[[-111.575,-36.4124],[-110.6125,-37.8376]]},"properties":{"azimuth":151.7,"regime":"Strike-slip","regime_code":"SS","regime_share":0.82,"agreement":0.81,"records":80,"support":35.7}},{"type":"Feature","geometry":{"type":"LineString","coordinates":[[-108.8473,-36.4531],[-107.7152,-37.7969]]},"properties":{"azimuth":146.1,"regime":"Strike-slip","regime_code":"SS","regime_share":0.88,"agreement":0.83,"records":117,"support":49.5}},{"type":"Feature","geometry":{"type":"LineString","coordinates":[[-106.0856,-36.4822],[-104.8519,-37.7678]]},"properties":{"azimuth":142.6,"regime":"Strike-slip","regime_code":"SS","regime_share":0.96,"agreement":0.92,"records":131,"support":59.3}},{"type":"Feature","geometry":{"type":"LineString","coordinates":[[-103.2816,-36.4874],[-102.0309,-37.7626]]},"properties":{"azimuth":142.0,"regime":"Strike-slip","regime_code":"SS","regime_share":0.96,"agreement":0.97,"records":130,"support":71.2}},{"type":"Feature","geometry":{"type":"LineString","coordinates":[[-100.4871,-36.4989],[-99.2004,-37.7511]]},"properties":{"azimuth":140.7,"regime":"Strike-slip","regime_code":"SS","regime_share":0.93,"agreement":0.96,"records":122,"support":70.8}},{"type":"Feature","geometry":{"type":"LineString","coordinates":[[-97.6582,-36.4884],[-96.4043,-37.7616]]},"properties":{"azimuth":141.9,"regime":"Strike-slip","regime_code":"SS","regime_share":0.82,"agreement":0.87,"records":103,"support":59.7}},{"type":"Feature","geometry":{"type":"LineString","coordinates":[[-94.7649,-36.4428],[-93.6726,-37.8072]]},"properties":{"azimuth":147.4,"regime":"Strike-slip","regime_code":"SS","regime_share":0.64,"agreement":0.76,"records":77,"support":43.0}},{"type":"Feature","geometry":{"type":"LineString","coordinates":[[-91.8776,-36.4081],[-90.9349,-37.8419]]},"properties":{"azimuth":152.3,"regime":"Strike-slip","regime_code":"SS","regime_share":0.51,"agreement":0.72,"records":58,"support":22.9}},{"type":"Feature","geometry":{"type":"LineString","coordinates":[[-89.225,-36.4911],[-87.9625,-37.7589]]},"properties":{"azimuth":141.6,"regime":"Strike-slip","regime_code":"SS","regime_share":0.7,"agreement":0.76,"records":19,"support":4.3}},{"type":"Feature","geometry":{"type":"LineString","coordinates":[[-78.3589,-37.1211],[-76.3286,-37.1289]]},"properties":{"azimuth":90.3,"regime":"Thrust faulting","regime_code":"TF","regime_share":0.79,"agreement":0.58,"records":151,"support":44.0}},{"type":"Feature","geometry":{"type":"LineString","coordinates":[[-75.5463,-37.1138],[-73.5162,-37.1362]]},"properties":{"azimuth":90.8,"regime":"Thrust faulting","regime_code":"TF","regime_share":0.82,"agreement":0.66,"records":231,"support":136.1}},{"type":"Feature","geometry":{"type":"LineString","coordinates":[[-72.7339,-37.1208],[-70.7036,-37.1292]]},"properties":{"azimuth":90.3,"regime":"Thrust faulting","regime_code":"TF","regime_share":0.68,"agreement":0.7,"records":282,"support":158.9}},{"type":"Feature","geometry":{"type":"LineString","coordinates":[[-69.9214,-37.1268],[-67.8911,-37.1232]]},"properties":{"azimuth":89.9,"regime":"Undetermined","regime_code":"U","regime_share":0.64,"agreement":0.71,"records":230,"support":89.3}},{"type":"Feature","geometry":{"type":"LineString","coordinates":[[-67.1071,-37.1732],[-65.0804,-37.0768]]},"properties":{"azimuth":86.6,"regime":"Undetermined","regime_code":"U","regime_share":0.99,"agreement":0.73,"records":47,"support":25.9}},{"type":"Feature","geometry":{"type":"LineString","coordinates":[[-21.4225,-36.3592],[-20.765,-37.8908]]},"properties":{"azimuth":161.1,"regime":"Normal faulting","regime_code":"NF","regime_share":0.61,"agreement":0.45,"records":32,"support":9.1}},{"type":"Feature","geometry":{"type":"LineString","coordinates":[[-18.4159,-36.3228],[-18.1466,-37.9272]]},"properties":{"azimuth":172.4,"regime":"Normal faulting","regime_code":"NF","regime_share":0.62,"agreement":0.57,"records":98,"support":44.6}},{"type":"Feature","geometry":{"type":"LineString","coordinates":[[-15.5407,-36.3176],[-15.3968,-37.9324]]},"properties":{"azimuth":175.9,"regime":"Normal faulting","regime_code":"NF","regime_share":0.6,"agreement":0.57,"records":107,"support":59.3}},{"type":"Feature","geometry":{"type":"LineString","coordinates":[[-12.7014,-36.3164],[-12.6111,-37.9336]]},"properties":{"azimuth":177.5,"regime":"Normal faulting","regime_code":"NF","regime_share":0.6,"agreement":0.54,"records":90,"support":25.2}},{"type":"Feature","geometry":{"type":"LineString","coordinates":[[17.7818,-36.4204],[18.7807,-37.8296]]},"properties":{"azimuth":150.5,"regime":"Undetermined","regime_code":"U","regime_share":1.0,"agreement":0.36,"records":11,"support":2.5}},{"type":"Feature","geometry":{"type":"LineString","coordinates":[[20.5426,-36.4453],[21.6449,-37.8047]]},"properties":{"azimuth":147.1,"regime":"Undetermined","regime_code":"U","regime_share":1.0,"agreement":0.38,"records":12,"support":7.1}},{"type":"Feature","geometry":{"type":"LineString","coordinates":[[23.3067,-36.4719],[24.5058,-37.7781]]},"properties":{"azimuth":143.8,"regime":"Undetermined","regime_code":"U","regime_share":1.0,"agreement":0.42,"records":13,"support":5.9}},{"type":"Feature","geometry":{"type":"LineString","coordinates":[[42.6919,-37.4966],[44.4956,-36.7534]]},"properties":{"azimuth":62.7,"regime":"Normal faulting","regime_code":"NF","regime_share":0.49,"agreement":0.55,"records":33,"support":7.5}},{"type":"Feature","geometry":{"type":"LineString","coordinates":[[45.4502,-37.397],[47.3623,-36.853]]},"properties":{"azimuth":70.4,"regime":"Normal faulting","regime_code":"NF","regime_share":0.67,"agreement":0.73,"records":33,"support":13.4}},{"type":"Feature","geometry":{"type":"LineString","coordinates":[[48.2459,-37.3562],[50.1916,-36.8938]]},"properties":{"azimuth":73.4,"regime":"Normal faulting","regime_code":"NF","regime_share":0.71,"agreement":0.73,"records":44,"support":22.7}},{"type":"Feature","geometry":{"type":"LineString","coordinates":[[51.0739,-37.3941],[52.9886,-36.8559]]},"properties":{"azimuth":70.6,"regime":"Normal faulting","regime_code":"NF","regime_share":0.58,"agreement":0.66,"records":52,"support":31.2}},{"type":"Feature","geometry":{"type":"LineString","coordinates":[[53.8936,-37.4099],[55.7939,-36.8401]]},"properties":{"azimuth":69.4,"regime":"Normal faulting","regime_code":"NF","regime_share":0.5,"agreement":0.61,"records":49,"support":24.0}},{"type":"Feature","geometry":{"type":"LineString","coordinates":[[56.6713,-37.3209],[58.6412,-36.9291]]},"properties":{"azimuth":76.0,"regime":"Normal faulting","regime_code":"NF","regime_share":0.59,"agreement":0.48,"records":43,"support":9.6}},{"type":"Feature","geometry":{"type":"LineString","coordinates":[[74.435,-36.3193],[74.6275,-37.9307]]},"properties":{"azimuth":174.6,"regime":"Strike-slip","regime_code":"SS","regime_share":0.91,"agreement":0.8,"records":52,"support":13.9}},{"type":"Feature","geometry":{"type":"LineString","coordinates":[[77.2766,-36.3174],[77.4109,-37.9326]]},"properties":{"azimuth":176.2,"regime":"Strike-slip","regime_code":"SS","regime_share":0.92,"agreement":0.82,"records":69,"support":45.1}},{"type":"Feature","geometry":{"type":"LineString","coordinates":[[80.1087,-36.3165],[80.2038,-37.9335]]},"properties":{"azimuth":177.3,"regime":"Strike-slip","regime_code":"SS","regime_share":0.9,"agreement":0.79,"records":68,"support":39.4}},{"type":"Feature","geometry":{"type":"LineString","coordinates":[[82.9615,-37.9344],[82.976,-36.3156]]},"properties":{"azimuth":0.4,"regime":"Strike-slip","regime_code":"SS","regime_share":0.83,"agreement":0.74,"records":49,"support":9.8}},{"type":"Feature","geometry":{"type":"LineString","coordinates":[[84.9474,-37.5866],[86.6151,-36.6634]]},"properties":{"azimuth":55.2,"regime":"Strike-slip","regime_code":"SS","regime_share":0.42,"agreement":0.4,"records":6,"support":1.1}},{"type":"Feature","geometry":{"type":"LineString","coordinates":[[132.8199,-36.6011],[134.3676,-37.6489]]},"properties":{"azimuth":130.3,"regime":"Undetermined","regime_code":"U","regime_share":1.0,"agreement":0.78,"records":4,"support":2.1}},{"type":"Feature","geometry":{"type":"LineString","coordinates":[[135.6164,-36.6166],[137.1961,-37.6334]]},"properties":{"azimuth":128.9,"regime":"Undetermined","regime_code":"U","regime_share":0.95,"agreement":0.79,"records":24,"support":9.6}},{"type":"Feature","geometry":{"type":"LineString","coordinates":[[138.4373,-36.6084],[140.0002,-37.6416]]},"properties":{"azimuth":129.7,"regime":"Undetermined","regime_code":"U","regime_share":0.95,"agreement":0.85,"records":32,"support":27.4}},{"type":"Feature","geometry":{"type":"LineString","coordinates":[[141.2687,-36.5907],[142.7938,-37.6593]]},"properties":{"azimuth":131.3,"regime":"Undetermined","regime_code":"U","regime_share":0.9,"agreement":0.83,"records":40,"support":35.3}},{"type":"Feature","geometry":{"type":"LineString","coordinates":[[144.1223,-36.5556],[145.5652,-37.6944]]},"properties":{"azimuth":134.7,"regime":"Undetermined","regime_code":"U","regime_share":0.77,"agreement":0.69,"records":57,"support":32.7}},{"type":"Feature","geometry":{"type":"LineString","coordinates":[[146.9239,-36.5645],[148.3886,-37.6855]]},"properties":{"azimuth":133.8,"regime":"Undetermined","regime_code":"U","regime_share":0.7,"agreement":0.57,"records":42,"support":30.1}},{"type":"Feature","geometry":{"type":"LineString","coordinates":[[149.6384,-36.6594],[151.2991,-37.5906]]},"properties":{"azimuth":125.1,"regime":"Undetermined","regime_code":"U","regime_share":0.61,"agreement":0.33,"records":56,"support":22.8}},{"type":"Feature","geometry":{"type":"LineString","coordinates":[[152.7493,-37.8143],[153.8132,-36.4357]]},"properties":{"azimuth":31.6,"regime":"Thrust faulting","regime_code":"TF","regime_share":0.6,"agreement":0.13,"records":19,"support":4.0}},{"type":"Feature","geometry":{"type":"LineString","coordinates":[[169.1932,-37.381],[171.1193,-36.869]]},"properties":{"azimuth":71.6,"regime":"Undetermined","regime_code":"U","regime_share":0.67,"agreement":0.77,"records":51,"support":12.9}},{"type":"Feature","geometry":{"type":"LineString","coordinates":[[172.0499,-37.4691],[173.8876,-36.7809]]},"properties":{"azimuth":64.8,"regime":"Undetermined","regime_code":"U","regime_share":0.53,"agreement":0.73,"records":115,"support":64.4}},{"type":"Feature","geometry":{"type":"LineString","coordinates":[[174.9295,-37.5653],[176.633,-36.6847]]},"properties":{"azimuth":57.0,"regime":"Normal faulting","regime_code":"NF","regime_share":0.37,"agreement":0.63,"records":180,"support":102.8}},{"type":"Feature","geometry":{"type":"LineString","coordinates":[[177.8925,-37.7103],[179.295,-36.5397]]},"properties":{"azimuth":43.7,"regime":"Normal faulting","regime_code":"NF","regime_share":0.58,"agreement":0.51,"records":188,"support":96.6}},{"type":"Feature","geometry":{"type":"LineString","coordinates":[[-179.1395,-40.0431],[-177.9572,-38.7069]]},"properties":{"azimuth":34.4,"regime":"Normal faulting","regime_code":"NF","regime_share":0.69,"agreement":0.57,"records":74,"support":29.6}},{"type":"Feature","geometry":{"type":"LineString","coordinates":[[-176.0509,-40.1212],[-175.2395,-38.6288]]},"properties":{"azimuth":22.8,"regime":"Normal faulting","regime_code":"NF","regime_share":0.53,"agreement":0.36,"records":16,"support":3.8}},{"type":"Feature","geometry":{"type":"LineString","coordinates":[[-112.2002,-38.6356],[-111.3482,-40.1144]]},"properties":{"azimuth":156.0,"regime":"Strike-slip","regime_code":"SS","regime_share":0.92,"agreement":0.87,"records":12,"support":3.6}},{"type":"Feature","geometry":{"type":"LineString","coordinates":[[-109.4966,-38.726],[-108.2453,-40.024]]},"properties":{"azimuth":143.3,"regime":"Strike-slip","regime_code":"SS","regime_share":0.8,"agreement":0.68,"records":19,"support":4.6}},{"type":"Feature","geometry":{"type":"LineString","coordinates":[[-106.7608,-38.8466],[-105.1746,-39.9034]]},"properties":{"azimuth":130.8,"regime":"Strike-slip","regime_code":"SS","regime_share":0.75,"agreement":0.75,"records":37,"support":7.5}},{"type":"Feature","geometry":{"type":"LineString","coordinates":[[-103.7453,-38.7601],[-102.3837,-39.9899]]},"properties":{"azimuth":139.4,"regime":"Strike-slip","regime_code":"SS","regime_share":0.89,"agreement":0.9,"records":83,"support":17.6}},{"type":"Feature","geometry":{"type":"LineString","coordinates":[[-100.8365,-38.7564],[-99.486,-39.9936]]},"properties":{"azimuth":139.8,"regime":"Strike-slip","regime_code":"SS","regime_share":0.94,"agreement":0.97,"records":89,"support":21.1}},{"type":"Feature","geometry":{"type":"LineString","coordinates":[[-97.8742,-38.7206],[-96.6419,-40.0294]]},"properties":{"azimuth":144.0,"regime":"Strike-slip","regime_code":"SS","regime_share":0.74,"agreement":0.83,"records":83,"support":25.4}},{"type":"Feature","geometry":{"type":"LineString","coordinates":[[-94.8339,-38.6553],[-93.8758,-40.0947]]},"properties":{"azimuth":152.8,"regime":"Strike-slip","regime_code":"SS","regime_share":0.51,"agreement":0.71,"records":100,"support":42.7}},{"type":"Feature","geometry":{"type":"LineString","coordinates":[[-92.005,-38.6879],[-90.8982,-40.0621]]},"properties":{"azimuth":148.1,"regime":"Strike-slip","regime_code":"SS","regime_share":0.57,"agreement":0.7,"records":117,"support":60.4}},{"type":"Feature","geometry":{"type":"LineString","coordinates":[[-89.2247,-38.7571],[-87.8721,-39.9929]]},"properties":{"azimuth":139.8,"regime":"Strike-slip","regime_code":"SS","regime_share":0.71,"agreement":0.76,"records":127,"support":56.2}},{"type":"Feature","geometry":{"type":"LineString","coordinates":[[-86.3309,-38.7633],[-84.9594,-39.9867]]},"properties":{"azimuth":139.1,"regime":"Strike-slip","regime_code":"SS","regime_share":0.7,"agreement":0.8,"records":90,"support":36.6}},{"type":"Feature","geometry":{"type":"LineString","coordinates":[[-83.3563,-38.7196],[-82.1276,-40.0304]]},"properties":{"azimuth":144.1,"regime":"Strike-slip","regime_code":"SS","regime_share":0.55,"agreement":0.81,"records":59,"support":17.1}},{"type":"Feature","geometry":{"type":"LineString","coordinates":[[-79.9073,-40.1827],[-79.7701,-38.5673]]},"properties":{"azimuth":3.8,"regime":"Normal faulting","regime_code":"NF","regime_share":0.89,"agreement":0.64,"records":23,"support":4.1}},{"type":"Feature","geometry":{"type":"LineString","coordinates":[[-77.9445,-39.5911],[-75.9264,-39.1589]]},"properties":{"azimuth":74.5,"regime":"Thrust faulting","regime_code":"TF","regime_share":0.62,"agreement":0.29,"records":110,"support":36.4}},{"type":"Feature","geometry":{"type":"LineString","coordinates":[[-75.0746,-39.452],[-72.9899,-39.298]]},"properties":{"azimuth":84.5,"regime":"Thrust faulting","regime_code":"TF","regime_share":0.73,"agreement":0.52,"records":167,"support":82.0}},{"type":"Feature","geometry":{"type":"LineString","coordinates":[[-72.1708,-39.456],[-70.0872,-39.294]]},"properties":{"azimuth":84.3,"regime":"Thrust faulting","regime_code":"TF","regime_share":0.49,"agreement":0.64,"records":188,"support":78.3}},{"type":"Feature","geometry":{"type":"LineString","coordinates":[[-69.2655,-39.4706],[-67.1861,-39.2794]]},"properties":{"azimuth":83.2,"regime":"Undetermined","regime_code":"U","regime_share":0.92,"agreement":0.69,"records":52,"support":39.1}},{"type":"Feature","geometry":{"type":"LineString","coordinates":[[-66.3661,-39.4419],[-64.2791,-39.3081]]},"properties":{"azimuth":85.3,"regime":"Undetermined","regime_code":"U","regime_share":1.0,"agreement":0.71,"records":35,"support":13.3}},{"type":"Feature","geometry":{"type":"LineString","coordinates":[[-22.4592,-38.7628],[-21.0892,-39.9872]]},"properties":{"azimuth":139.1,"regime":"Normal faulting","regime_code":"NF","regime_share":0.72,"agreement":0.53,"records":22,"support":3.9}},{"type":"Feature","geometry":{"type":"LineString","coordinates":[[-19.2333,-38.6156],[-18.5087,-40.1344]]},"properties":{"azimuth":159.8,"regime":"Normal faulting","regime_code":"NF","regime_share":0.84,"agreement":0.73,"records":77,"support":35.8}},{"type":"Feature","geometry":{"type":"LineString","coordinates":[[-16.29,-38.6049],[-15.6455,-40.1451]]},"properties":{"azimuth":162.1,"regime":"Normal faulting","regime_code":"NF","regime_share":0.86,"agreement":0.76,"records":85,"support":57.3}},{"type":"Feature","geometry":{"type":"LineString","coordinates":[[-13.3917,-38.6061],[-12.7374,-40.1439]]},"properties":{"azimuth":161.8,"regime":"Normal faulting","regime_code":"NF","regime_share":0.89,"agreement":0.8,"records":70,"support":27.9}},{"type":"Feature","geometry":{"type":"LineString","coordinates":[[38.2747,-39.7631],[40.1124,-38.9869]]},"properties":{"azimuth":61.3,"regime":"Strike-slip","regime_code":"SS","regime_share":0.55,"agreement":0.48,"records":25,"support":5.3}},{"type":"Feature","geometry":{"type":"LineString","coordinates":[[41.175,-39.7589],[43.0186,-38.9911]]},"properties":{"azimuth":61.7,"regime":"Normal faulting","regime_code":"NF","regime_share":0.43,"agreement":0.53,"records":43,"support":18.8}},{"type":"Feature","geometry":{"type":"LineString","coordinates":[[44.0524,-39.7193],[45.9476,-39.0307]]},"properties":{"azimuth":64.8,"regime":"Normal faulting","regime_code":"NF","regime_share":0.57,"agreement":0.61,"records":46,"support":27.2}},{"type":"Feature","geometry":{"type":"LineString","coordinates":[[46.9169,-39.6466],[48.8896,-39.1034]]},"properties":{"azimuth":70.4,"regime":"Normal faulting","regime_code":"NF","regime_share":0.71,"agreement":0.71,"records":49,"support":23.5}},{"type":"Feature","geometry":{"type":"LineString","coordinates":[[49.7976,-39.5915],[51.8153,-39.1585]]},"properties":{"azimuth":74.5,"regime":"Normal faulting","regime_code":"NF","regime_share":0.74,"agreement":0.73,"records":41,"support":17.1}},{"type":"Feature","geometry":{"type":"LineString","coordinates":[[52.7213,-39.6421],[54.6981,-39.1079]]},"properties":{"azimuth":70.7,"regime":"Normal faulting","regime_code":"NF","regime_share":0.61,"agreement":0.62,"records":32,"support":10.1}},{"type":"Feature","geometry":{"type":"LineString","coordinates":[[73.9759,-38.5668],[74.0886,-40.1832]]},"properties":{"azimuth":176.9,"regime":"Strike-slip","regime_code":"SS","regime_share":0.93,"agreement":0.88,"records":37,"support":8.3}},{"type":"Feature","geometry":{"type":"LineString","coordinates":[[76.8881,-38.5664],[76.9829,-40.1836]]},"properties":{"azimuth":177.4,"regime":"Strike-slip","regime_code":"SS","regime_share":0.94,"agreement":0.74,"records":67,"support":34.9}},{"type":"Feature","geometry":{"type":"LineString","coordinates":[[79.7885,-38.5665],[79.8889,-40.1835]]},"properties":{"azimuth":177.3,"regime":"Strike-slip","regime_code":"SS","regime_share":0.92,"agreement":0.58,"records":69,"support":37.7}},{"type":"Feature","geometry":{"type":"LineString","coordinates":[[81.6966,-39.3287],[83.7873,-39.4213]]},"properties":{"azimuth":93.3,"regime":"Strike-slip","regime_code":"SS","regime_share":0.85,"agreement":0.4,"records":70,"support":21.7}},{"type":"Feature","geometry":{"type":"LineString","coordinates":[[84.5981,-39.3685],[86.6922,-39.3815]]},"properties":{"azimuth":90.5,"regime":"Strike-slip","regime_code":"SS","regime_share":0.87,"agreement":0.86,"records":51,"support":20.5}},{"type":"Feature","geometry":{"type":"LineString","coordinates":[[87.5017,-39.397],[89.5951,-39.353]]},"properties":{"azimuth":88.4,"regime":"Strike-slip","regime_code":"SS","regime_share":0.92,"agreement":0.86,"records":42,"support":13.9}},{"type":"Feature","geometry":{"type":"LineString","coordinates":[[90.4052,-39.4032],[92.498,-39.3468]]},"properties":{"azimuth":88.0,"regime":"Strike-slip","regime_code":"SS","regime_share":0.91,"agreement":0.81,"records":18,"support":4.1}},{"type":"Feature","geometry":{"type":"LineString","coordinates":[[122.5625,-38.8762],[124.2117,-39.8738]]},"properties":{"azimuth":128.0,"regime":"Thrust faulting","regime_code":"TF","regime_share":0.66,"agreement":0.58,"records":7,"support":1.6}},{"type":"Feature","geometry":{"type":"LineString","coordinates":[[125.4317,-38.9118],[127.149,-39.8382]]},"properties":{"azimuth":124.9,"regime":"Thrust faulting","regime_code":"TF","regime_share":0.73,"agreement":0.99,"records":3,"support":1.3}},{"type":"Feature","geometry":{"type":"LineString","coordinates":[[137.1497,-38.813],[138.6568,-39.937]]},"properties":{"azimuth":134.0,"regime":"Undetermined","regime_code":"U","regime_share":1.0,"agreement":0.91,"records":25,"support":11.3}},{"type":"Feature","geometry":{"type":"LineString","coordinates":[[140.0527,-38.8132],[141.5602,-39.9368]]},"properties":{"azimuth":134.0,"regime":"Undetermined","regime_code":"U","regime_share":0.98,"agreement":0.87,"records":31,"support":26.3}},{"type":"Feature","geometry":{"type":"LineString","coordinates":[[143.0066,-38.7752],[144.4128,-39.9748]]},"properties":{"azimuth":137.8,"regime":"Undetermined","regime_code":"U","regime_share":0.89,"agreement":0.75,"records":53,"support":32.5}},{"type":"Feature","geometry":{"type":"LineString","coordinates":[[145.9319,-38.7602],[147.2939,-39.9898]]},"properties":{"azimuth":139.4,"regime":"Undetermined","regime_code":"U","regime_share":0.84,"agreement":0.62,"records":37,"support":31.0}},{"type":"Feature","geometry":{"type":"LineString","coordinates":[[148.785,-38.7956],[150.2472,-39.9544]]},"properties":{"azimuth":135.7,"regime":"Undetermined","regime_code":"U","regime_share":0.9,"agreement":0.66,"records":27,"support":19.7}},{"type":"Feature","geometry":{"type":"LineString","coordinates":[[151.6699,-38.8098],[153.1688,-39.9402]]},"properties":{"azimuth":134.3,"regime":"Undetermined","regime_code":"U","regime_share":0.86,"agreement":0.71,"records":16,"support":5.1}},{"type":"Feature","geometry":{"type":"LineString","coordinates":[[154.8717,-38.6445],[155.7735,-40.1055]]},"properties":{"azimuth":154.5,"regime":"Thrust faulting","regime_code":"TF","regime_share":1.0,"agreement":1.0,"records":2,"support":1.8}},{"type":"Feature","geometry":{"type":"LineString","coordinates":[[157.7736,-38.645],[158.678,-40.105]]},"properties":{"azimuth":154.4,"regime":"Thrust faulting","regime_code":"TF","regime_share":1.0,"agreement":1.0,"records":2,"support":1.3}},{"type":"Feature","geometry":{"type":"LineString","coordinates":[[168.8078,-39.5168],[170.8696,-39.2332]]},"properties":{"azimuth":79.9,"regime":"Undetermined","regime_code":"U","regime_share":0.47,"agreement":0.57,"records":117,"support":36.0}},{"type":"Feature","geometry":{"type":"LineString","coordinates":[[171.7383,-39.6057],[173.7456,-39.1443]]},"properties":{"azimuth":73.4,"regime":"Undetermined","regime_code":"U","regime_share":0.45,"agreement":0.62,"records":181,"support":132.7}},{"type":"Feature","geometry":{"type":"LineString","coordinates":[[174.6824,-39.6932],[176.6079,-39.0568]]},"properties":{"azimuth":66.8,"regime":"Undetermined","regime_code":"U","regime_share":0.37,"agreement":0.6,"records":206,"support":167.1}},{"type":"Feature","geometry":{"type":"LineString","coordinates":[[177.7032,-39.8528],[179.3936,-38.8972]]},"properties":{"azimuth":53.8,"regime":"Normal faulting","regime_code":"NF","regime_share":0.45,"agreement":0.54,"records":192,"support":97.4}},{"type":"Feature","geometry":{"type":"LineString","coordinates":[[-179.4372,-42.0304],[-177.5628,-41.2196]]},"properties":{"azimuth":59.9,"regime":"Normal faulting","regime_code":"NF","regime_share":0.46,"agreement":0.17,"records":13,"support":3.3}},{"type":"Feature","geometry":{"type":"LineString","coordinates":[[-110.5826,-41.6408],[-108.4174,-41.6092]]},"properties":{"azimuth":88.9,"regime":"Thrust faulting","regime_code":"TF","regime_share":0.78,"agreement":0.97,"records":4,"support":1.1}},{"type":"Feature","geometry":{"type":"LineString","coordinates":[[-107.5827,-41.6128],[-105.4173,-41.6372]]},"properties":{"azimuth":90.9,"regime":"Thrust faulting","regime_code":"TF","regime_share":0.7,"agreement":0.97,"records":4,"support":2.8}},{"type":"Feature","geometry":{"type":"LineString","coordinates":[[-104.5709,-41.5052],[-102.4291,-41.7448]]},"properties":{"azimuth":98.5,"regime":"Thrust faulting","regime_code":"TF","regime_share":0.52,"agreement":0.84,"records":5,"support":3.1}},{"type":"Feature","geometry":{"type":"LineString","coordinates":[[-101.4738,-41.2712],[-99.5262,-41.9788]]},"properties":{"azimuth":115.9,"regime":"Strike-slip","regime_code":"SS","regime_share":0.58,"agreement":0.79,"records":4,"support":1.6}},{"type":"Feature","geometry":{"type":"LineString","coordinates":[[-94.9578,-40.8915],[-94.0422,-42.3585]]},"properties":{"azimuth":155.0,"regime":"Normal faulting","regime_code":"NF","regime_share":0.56,"agreement":0.68,"records":78,"support":26.4}},{"type":"Feature","geometry":{"type":"LineString","coordinates":[[-92.1125,-40.9575],[-90.8875,-42.2925]]},"properties":{"azimuth":145.6,"regime":"Strike-slip","regime_code":"SS","regime_share":0.6,"agreement":0.72,"records":111,"support":68.4}},{"type":"Feature","geometry":{"type":"LineString","coordinates":[[-89.198,-41.0062],[-87.802,-42.2438]]},"properties":{"azimuth":139.9,"regime":"Strike-slip","regime_code":"SS","regime_share":0.7,"agreement":0.76,"records":136,"support":86.5}},{"type":"Feature","geometry":{"type":"LineString","coordinates":[[-86.1796,-40.9949],[-84.8204,-42.2551]]},"properties":{"azimuth":141.1,"regime":"Strike-slip","regime_code":"SS","regime_share":0.64,"agreement":0.75,"records":121,"support":72.2}},{"type":"Feature","geometry":{"type":"LineString","coordinates":[[-83.1125,-40.9575],[-81.8875,-42.2925]]},"properties":{"azimuth":145.6,"regime":"Strike-slip","regime_code":"SS","regime_share":0.5,"agreement":0.73,"records":103,"support":46.6}},{"type":"Feature","geometry":{"type":"LineString","coordinates":[[-80.0933,-40.9479],[-78.9067,-42.3021]]},"properties":{"azimuth":146.8,"regime":"Strike-slip","regime_code":"SS","regime_share":0.49,"agreement":0.58,"records":81,"support":22.8}},{"type":"Feature","geometry":{"type":"LineString","coordinates":[[-76.9079,-42.3747],[-76.0921,-40.8753]]},"properties":{"azimuth":22.1,"regime":"Normal faulting","regime_code":"NF","regime_share":0.52,"agreement":0.42,"records":58,"support":20.9}},{"type":"Feature","geometry":{"type":"LineString","coordinates":[[-74.2263,-42.2253],[-72.7737,-41.0247]]},"properties":{"azimuth":42.1,"regime":"Thrust faulting","regime_code":"TF","regime_share":0.37,"agreement":0.54,"records":68,"support":28.3}},{"type":"Feature","geometry":{"type":"LineString","coordinates":[[-71.4179,-42.0543],[-69.5821,-41.1957]]},"properties":{"azimuth":58.0,"regime":"Strike-slip","regime_code":"SS","regime_share":0.38,"agreement":0.59,"records":47,"support":18.5}},{"type":"Feature","geometry":{"type":"LineString","coordinates":[[-68.5572,-41.8],[-66.4428,-41.45]]},"properties":{"azimuth":77.5,"regime":"Undetermined","regime_code":"U","regime_share":0.79,"agreement":0.6,"records":27,"support":8.6}},{"type":"Feature","geometry":{"type":"LineString","coordinates":[[-23.571,-41.7441],[-21.429,-41.5059]]},"properties":{"azimuth":81.5,"regime":"Normal faulting","regime_code":"NF","regime_share":0.56,"agreement":0.95,"records":4,"support":1.4}},{"type":"Feature","geometry":{"type":"LineString","coordinates":[[-19.8775,-40.8664],[-19.1225,-42.3836]]},"properties":{"azimuth":159.6,"regime":"Normal faulting","regime_code":"NF","regime_share":0.85,"agreement":0.51,"records":68,"support":21.1}},{"type":"Feature","geometry":{"type":"LineString","coordinates":[[-16.8485,-40.8587],[-16.1515,-42.3913]]},"properties":{"azimuth":161.2,"regime":"Normal faulting","regime_code":"NF","regime_share":0.9,"agreement":0.69,"records":86,"support":45.2}},{"type":"Feature","geometry":{"type":"LineString","coordinates":[[-13.8273,-40.8535],[-13.1727,-42.3965]]},"properties":{"azimuth":162.4,"regime":"Normal faulting","regime_code":"NF","regime_share":0.93,"agreement":0.76,"records":76,"support":27.4}},{"type":"Feature","geometry":{"type":"LineString","coordinates":[[33.4778,-41.892],[35.5222,-41.358]]},"properties":{"azimuth":70.7,"regime":"Strike-slip","regime_code":"SS","regime_share":0.55,"agreement":0.7,"records":10,"support":2.1}},{"type":"Feature","geometry":{"type":"LineString","coordinates":[[36.4581,-41.8454],[38.5419,-41.4046]]},"properties":{"azimuth":74.2,"regime":"Normal faulting","regime_code":"NF","regime_share":0.59,"agreement":0.68,"records":35,"support":11.0}},{"type":"Feature","geometry":{"type":"LineString","coordinates":[[39.4944,-41.9251],[41.5056,-41.3249]]},"properties":{"azimuth":68.2,"regime":"Normal faulting","regime_code":"NF","regime_share":0.48,"agreement":0.59,"records":50,"support":26.9}},{"type":"Feature","geometry":{"type":"LineString","coordinates":[[42.5169,-41.9643],[44.4831,-41.2857]]},"properties":{"azimuth":65.2,"regime":"Normal faulting","regime_code":"NF","regime_share":0.5,"agreement":0.59,"records":59,"support":34.3}},{"type":"Feature","geometry":{"type":"LineString","coordinates":[[45.5196,-41.9685],[47.4804,-41.2815]]},"properties":{"azimuth":64.9,"regime":"Normal faulting","regime_code":"NF","regime_share":0.58,"agreement":0.65,"records":45,"support":21.0}},{"type":"Feature","geometry":{"type":"LineString","coordinates":[[48.4899,-41.9166],[50.5101,-41.3334]]},"properties":{"azimuth":68.9,"regime":"Normal faulting","regime_code":"NF","regime_share":0.74,"agreement":0.79,"records":30,"support":6.6}},{"type":"Feature","geometry":{"type":"LineString","coordinates":[[73.4938,-40.8156],[73.5062,-42.4344]]},"properties":{"azimuth":179.7,"regime":"Strike-slip","regime_code":"SS","regime_share":0.83,"agreement":0.76,"records":15,"support":2.6}},{"type":"Feature","geometry":{"type":"LineString","coordinates":[[76.4929,-42.4344],[76.5071,-40.8156]]},"properties":{"azimuth":0.4,"regime":"Strike-slip","regime_code":"SS","regime_share":0.9,"agreement":0.48,"records":34,"support":15.9}},{"type":"Feature","geometry":{"type":"LineString","coordinates":[[78.9379,-40.9332],[80.0621,-42.3168]]},"properties":{"azimuth":148.7,"regime":"Strike-slip","regime_code":"SS","regime_share":0.86,"agreement":0.07,"records":53,"support":27.1}},{"type":"Feature","geometry":{"type":"LineString","coordinates":[[81.4209,-41.5583],[83.5791,-41.6917]]},"properties":{"azimuth":94.7,"regime":"Strike-slip","regime_code":"SS","regime_share":0.85,"agreement":0.67,"records":60,"support":32.8}},{"type":"Feature","geometry":{"type":"LineString","coordinates":[[84.4177,-41.6001],[86.5823,-41.6499]]},"properties":{"azimuth":91.8,"regime":"Strike-slip","regime_code":"SS","regime_share":0.89,"agreement":0.91,"records":56,"support":39.9}},{"type":"Feature","geometry":{"type":"LineString","coordinates":[[87.4172,-41.6291],[89.5828,-41.6209]]},"properties":{"azimuth":89.7,"regime":"Strike-slip","regime_code":"SS","regime_share":0.95,"agreement":0.93,"records":48,"support":28.8}},{"type":"Feature","geometry":{"type":"LineString","coordinates":[[90.4177,-41.6016],[92.5823,-41.6484]]},"properties":{"azimuth":91.7,"regime":"Strike-slip","regime_code":"SS","regime_share":0.96,"agreement":0.82,"records":21,"support":9.6}},{"type":"Feature","geometry":{"type":"LineString","coordinates":[[93.7027,-41.0774],[95.2973,-42.1726]]},"properties":{"azimuth":132.6,"regime":"Strike-slip","regime_code":"SS","regime_share":0.8,"agreement":0.6,"records":9,"support":2.4}},{"type":"Feature","geometry":{"type":"LineString","coordinates":[[96.6156,-41.158],[98.3844,-42.092]]},"properties":{"azimuth":125.2,"regime":"Strike-slip","regime_code":"SS","regime_share":0.55,"agreement":0.51,"records":13,"support":2.3}},{"type":"Feature","geometry":{"type":"LineString","coordinates":[[118.2322,-42.4092],[118.7678,-40.8408]]},"properties":{"azimuth":14.3,"regime":"Thrust faulting","regime_code":"TF","regime_share":0.87,"agreement":0.26,"records":4,"support":2.7}},{"type":"Feature","geometry":{"type":"LineString","coordinates":[[120.8094,-41.0016],[122.1906,-42.2484]]},"properties":{"azimuth":140.4,"regime":"Thrust faulting","regime_code":"TF","regime_share":0.69,"agreement":0.22,"records":8,"support":4.2}},{"type":"Feature","geometry":{"type":"LineString","coordinates":[[123.6508,-41.1229],[125.3492,-42.1271]]},"properties":{"azimuth":128.3,"regime":"Strike-slip","regime_code":"SS","regime_share":0.52,"agreement":0.73,"records":7,"support":4.0}},{"type":"Feature","geometry":{"type":"LineString","coordinates":[[126.6316,-41.1416],[128.3684,-42.1084]]},"properties":{"azimuth":126.7,"regime":"Strike-slip","regime_code":"SS","regime_share":0.51,"agreement":0.99,"records":4,"support":2.2}},{"type":"Feature","geometry":{"type":"LineString","coordinates":[[138.753,-41.0391],[140.247,-42.2109]]},"properties":{"azimuth":136.4,"regime":"Undetermined","regime_code":"U","regime_share":1.0,"agreement":0.98,"records":7,"support":2.0}},{"type":"Feature","geometry":{"type":"LineString","coordinates":[[141.8768,-40.9631],[143.1232,-42.2869]]},"properties":{"azimuth":144.9,"regime":"Undetermined","regime_code":"U","regime_share":1.0,"agreement":0.65,"records":13,"support":6.7}},{"type":"Feature","geometry":{"type":"LineString","coordinates":[[144.9403,-40.9321],[146.0597,-42.3179]]},"properties":{"azimuth":148.9,"regime":"Undetermined","regime_code":"U","regime_share":0.91,"agreement":0.52,"records":27,"support":10.4}},{"type":"Feature","geometry":{"type":"LineString","coordinates":[[147.8302,-40.9891],[149.1698,-42.2609]]},"properties":{"azimuth":141.8,"regime":"Undetermined","regime_code":"U","regime_share":0.94,"agreement":0.5,"records":24,"support":8.1}},{"type":"Feature","geometry":{"type":"LineString","coordinates":[[150.8382,-40.9844],[152.1618,-42.2656]]},"properties":{"azimuth":142.3,"regime":"Undetermined","regime_code":"U","regime_share":0.64,"agreement":0.77,"records":6,"support":1.1}},{"type":"Feature","geometry":{"type":"LineString","coordinates":[[154.0352,-40.894],[154.9648,-42.356]]},"properties":{"azimuth":154.6,"regime":"Thrust faulting","regime_code":"TF","regime_share":1.0,"agreement":1.0,"records":2,"support":1.3}},{"type":"Feature","geometry":{"type":"LineString","coordinates":[[157.0339,-40.8944],[157.9661,-42.3556]]},"properties":{"azimuth":154.5,"regime":"Thrust faulting","regime_code":"TF","regime_share":1.0,"agreement":1.0,"records":2,"support":1.3}},{"type":"Feature","geometry":{"type":"LineString","coordinates":[[165.5177,-41.2845],[167.4823,-41.9655]]},"properties":{"azimuth":114.9,"regime":"Strike-slip","regime_code":"SS","regime_share":0.5,"agreement":0.79,"records":75,"support":19.2}},{"type":"Feature","geometry":{"type":"LineString","coordinates":[[168.5241,-41.2744],[170.4759,-41.9756]]},"properties":{"azimuth":115.7,"regime":"Strike-slip","regime_code":"SS","regime_share":0.42,"agreement":0.8,"records":209,"support":103.8}},{"type":"Feature","geometry":{"type":"LineString","coordinates":[[171.4607,-41.3979],[173.5393,-41.8521]]},"properties":{"azimuth":106.3,"regime":"Undetermined","regime_code":"U","regime_share":0.44,"agreement":0.64,"records":278,"support":206.7}},{"type":"Feature","geometry":{"type":"LineString","coordinates":[[174.4197,-41.5706],[176.5803,-41.6794]]},"properties":{"azimuth":93.9,"regime":"Undetermined","regime_code":"U","regime_share":0.4,"agreement":0.53,"records":269,"support":165.2}},{"type":"Feature","geometry":{"type":"LineString","coordinates":[[177.4706,-41.8761],[179.5294,-41.3739]]},"properties":{"azimuth":71.9,"regime":"Normal faulting","regime_code":"NF","regime_share":0.34,"agreement":0.5,"records":125,"support":44.4}},{"type":"Feature","geometry":{"type":"LineString","coordinates":[[-107.555,-43.9299],[-105.3145,-43.8201]]},"properties":{"azimuth":86.1,"regime":"Thrust faulting","regime_code":"TF","regime_share":0.77,"agreement":0.99,"records":3,"support":2.0}},{"type":"Feature","geometry":{"type":"LineString","coordinates":[[-104.4168,-43.7653],[-102.1919,-43.9847]]},"properties":{"azimuth":97.8,"regime":"Thrust faulting","regime_code":"TF","regime_share":0.47,"agreement":0.78,"records":4,"support":1.8}},{"type":"Feature","geometry":{"type":"LineString","coordinates":[[-94.3871,-43.1413],[-93.439,-44.6087]]},"properties":{"azimuth":155.0,"regime":"Normal faulting","regime_code":"NF","regime_share":0.57,"agreement":0.71,"records":45,"support":10.4}},{"type":"Feature","geometry":{"type":"LineString","coordinates":[[-91.4654,-43.2325],[-90.0998,-44.5175]]},"properties":{"azimuth":142.5,"regime":"Strike-slip","regime_code":"SS","regime_share":0.65,"agreement":0.72,"records":90,"support":31.4}},{"type":"Feature","geometry":{"type":"LineString","coordinates":[[-88.3734,-43.2547],[-86.9309,-44.4953]]},"properties":{"azimuth":140.0,"regime":"Strike-slip","regime_code":"SS","regime_share":0.68,"agreement":0.73,"records":137,"support":44.3}},{"type":"Feature","geometry":{"type":"LineString","coordinates":[[-85.1722,-43.2153],[-83.8713,-44.5347]]},"properties":{"azimuth":144.6,"regime":"Strike-slip","regime_code":"SS","regime_share":0.53,"agreement":0.68,"records":116,"support":51.9}},{"type":"Feature","geometry":{"type":"LineString","coordinates":[[-82.0973,-43.2456],[-80.6853,-44.5044]]},"properties":{"azimuth":141.0,"regime":"Strike-slip","regime_code":"SS","regime_share":0.56,"agreement":0.69,"records":102,"support":54.3}},{"type":"Feature","geometry":{"type":"LineString","coordinates":[[-79.0649,-43.31],[-77.4569,-44.44]]},"properties":{"azimuth":134.3,"regime":"Strike-slip","regime_code":"SS","regime_share":0.66,"agreement":0.63,"records":102,"support":49.3}},{"type":"Feature","geometry":{"type":"LineString","coordinates":[[-75.9535,-43.3244],[-74.3074,-44.4256]]},"properties":{"azimuth":132.9,"regime":"Strike-slip","regime_code":"SS","regime_share":0.6,"agreement":0.21,"records":80,"support":38.1}},{"type":"Feature","geometry":{"type":"LineString","coordinates":[[-72.8769,-44.3805],[-71.1231,-43.3695]]},"properties":{"azimuth":51.4,"regime":"Strike-slip","regime_code":"SS","regime_share":0.65,"agreement":0.39,"records":51,"support":19.0}},{"type":"Feature","geometry":{"type":"LineString","coordinates":[[-69.7573,-44.3706],[-67.9818,-43.3794]]},"properties":{"azimuth":52.2,"regime":"Strike-slip","regime_code":"SS","regime_share":0.8,"agreement":0.88,"records":14,"support":4.2}},{"type":"Feature","geometry":{"type":"LineString","coordinates":[[-22.9936,-44.0951],[-20.8325,-43.6549]]},"properties":{"azimuth":74.2,"regime":"Normal faulting","regime_code":"NF","regime_share":0.65,"agreement":0.84,"records":5,"support":2.1}},{"type":"Feature","geometry":{"type":"LineString","coordinates":[[-19.1734,-43.1162],[-18.3918,-44.6338]]},"properties":{"azimuth":159.6,"regime":"Normal faulting","regime_code":"NF","regime_share":0.89,"agreement":0.51,"records":44,"support":20.2}},{"type":"Feature","geometry":{"type":"LineString","coordinates":[[-16.0269,-43.112],[-15.2774,-44.638]]},"properties":{"azimuth":160.5,"regime":"Normal faulting","regime_code":"NF","regime_share":0.91,"agreement":0.66,"records":64,"support":34.7}},{"type":"Feature","geometry":{"type":"LineString","coordinates":[[-12.9789,-43.1357],[-12.0646,-44.6143]]},"properties":{"azimuth":156.0,"regime":"Normal faulting","regime_code":"NF","regime_share":0.84,"agreement":0.65,"records":53,"support":20.1}},{"type":"Feature","geometry":{"type":"LineString","coordinates":[[-10.3155,-43.4154],[-8.4671,-44.3346]]},"properties":{"azimuth":124.6,"regime":"Normal faulting","regime_code":"NF","regime_share":0.5,"agreement":0.65,"records":14,"support":2.9}},{"type":"Feature","geometry":{"type":"LineString","coordinates":[[30.2528,-44.1588],[32.3559,-43.5912]]},"properties":{"azimuth":69.5,"regime":"Strike-slip","regime_code":"SS","regime_share":0.78,"agreement":0.9,"records":27,"support":7.1}},{"type":"Feature","geometry":{"type":"LineString","coordinates":[[33.3651,-44.1211],[35.5045,-43.6289]]},"properties":{"azimuth":72.3,"regime":"Strike-slip","regime_code":"SS","regime_share":0.66,"agreement":0.81,"records":38,"support":15.0}},{"type":"Feature","geometry":{"type":"LineString","coordinates":[[36.4743,-44.0665],[38.6562,-43.6835]]},"properties":{"azimuth":76.3,"regime":"Normal faulting","regime_code":"NF","regime_share":0.55,"agreement":0.68,"records":41,"support":20.3}},{"type":"Feature","geometry":{"type":"LineString","coordinates":[[39.6256,-44.1201],[41.7657,-43.6299]]},"properties":{"azimuth":72.4,"regime":"Normal faulting","regime_code":"NF","regime_share":0.55,"agreement":0.6,"records":46,"support":26.2}},{"type":"Feature","geometry":{"type":"LineString","coordinates":[[42.7895,-44.1861],[44.8627,-43.5639]]},"properties":{"azimuth":67.4,"regime":"Normal faulting","regime_code":"NF","regime_share":0.51,"agreement":0.62,"records":46,"support":19.4}},{"type":"Feature","geometry":{"type":"LineString","coordinates":[[45.9095,-44.1673],[48.0036,-43.5827]]},"properties":{"azimuth":68.8,"regime":"Normal faulting","regime_code":"NF","regime_share":0.67,"agreement":0.84,"records":27,"support":5.0}},{"type":"Feature","geometry":{"type":"LineString","coordinates":[[67.8921,-43.4767],[69.847,-44.2733]]},"properties":{"azimuth":119.5,"regime":"Thrust faulting","regime_code":"TF","regime_share":0.84,"agreement":0.69,"records":2,"support":1.1}},{"type":"Feature","geometry":{"type":"LineString","coordinates":[[71.1484,-43.3475],[72.8516,-44.4025]]},"properties":{"azimuth":130.7,"regime":"Thrust faulting","regime_code":"TF","regime_share":0.62,"agreement":0.31,"records":2,"support":1.3}},{"type":"Feature","geometry":{"type":"LineString","coordinates":[[74.9643,-44.6755],[75.2966,-43.0745]]},"properties":{"azimuth":8.5,"regime":"Normal faulting","regime_code":"NF","regime_share":0.81,"agreement":0.6,"records":6,"support":1.9}},{"type":"Feature","geometry":{"type":"LineString","coordinates":[[78.1848,-43.0675],[78.3369,-44.6825]]},"properties":{"azimuth":176.1,"regime":"Strike-slip","regime_code":"SS","regime_share":0.69,"agreement":0.11,"records":29,"support":9.5}},{"type":"Feature","geometry":{"type":"LineString","coordinates":[[80.2799,-43.7597],[82.5027,-43.9903]]},"properties":{"azimuth":98.2,"regime":"Strike-slip","regime_code":"SS","regime_share":0.72,"agreement":0.67,"records":41,"support":15.3}},{"type":"Feature","geometry":{"type":"LineString","coordinates":[[83.4014,-43.8215],[85.6421,-43.9285]]},"properties":{"azimuth":93.8,"regime":"Strike-slip","regime_code":"SS","regime_share":0.86,"agreement":0.88,"records":58,"support":23.3}},{"type":"Feature","geometry":{"type":"LineString","coordinates":[[86.5294,-43.8647],[88.7749,-43.8853]]},"properties":{"azimuth":90.7,"regime":"Strike-slip","regime_code":"SS","regime_share":0.94,"agreement":0.95,"records":49,"support":20.5}},{"type":"Feature","geometry":{"type":"LineString","coordinates":[[89.6691,-43.7709],[91.8961,-43.9791]]},"properties":{"azimuth":97.4,"regime":"Strike-slip","regime_code":"SS","regime_share":0.98,"agreement":0.62,"records":29,"support":10.7}},{"type":"Feature","geometry":{"type":"LineString","coordinates":[[93.4273,-43.1453],[94.3988,-44.6047]]},"properties":{"azimuth":154.4,"regime":"Strike-slip","regime_code":"SS","regime_share":0.79,"agreement":0.57,"records":36,"support":18.8}},{"type":"Feature","geometry":{"type":"LineString","coordinates":[[96.5358,-43.1531],[97.5511,-44.5969]]},"properties":{"azimuth":153.1,"regime":"Strike-slip","regime_code":"SS","regime_share":0.73,"agreement":0.48,"records":41,"support":21.7}},{"type":"Feature","geometry":{"type":"LineString","coordinates":[[99.0778,-43.6994],[101.27,-44.0506]]},"properties":{"azimuth":102.5,"regime":"Strike-slip","regime_code":"SS","regime_share":0.75,"agreement":0.2,"records":53,"support":11.8}},{"type":"Feature","geometry":{"type":"LineString","coordinates":[[115.4246,-43.1191],[116.2276,-44.6309]]},"properties":{"azimuth":159.0,"regime":"Normal faulting","regime_code":"NF","regime_share":0.5,"agreement":0.55,"records":5,"support":1.6}},{"type":"Feature","geometry":{"type":"LineString","coordinates":[[118.6514,-43.0961],[119.2616,-44.6539]]},"properties":{"azimuth":164.2,"regime":"Thrust faulting","regime_code":"TF","regime_share":0.58,"agreement":0.37,"records":6,"support":3.6}},{"type":"Feature","geometry":{"type":"LineString","coordinates":[[121.3623,-43.2567],[122.8116,-44.4933]]},"properties":{"azimuth":139.8,"regime":"Thrust faulting","regime_code":"TF","regime_share":0.5,"agreement":0.41,"records":8,"support":4.2}},{"type":"Feature","geometry":{"type":"LineString","coordinates":[[124.326,-43.3828],[126.1088,-44.3672]]},"properties":{"azimuth":127.5,"regime":"Strike-slip","regime_code":"SS","regime_share":0.69,"agreement":0.86,"records":6,"support":3.1}},{"type":"Feature","geometry":{"type":"LineString","coordinates":[[127.4606,-43.3789],[129.235,-44.3711]]},"properties":{"azimuth":127.8,"regime":"Strike-slip","regime_code":"SS","regime_share":0.69,"agreement":0.99,"records":4,"support":1.2}},{"type":"Feature","geometry":{"type":"LineString","coordinates":[[161.6873,-43.697],[163.8779,-44.053]]},"properties":{"azimuth":102.7,"regime":"Thrust faulting","regime_code":"TF","regime_share":0.77,"agreement":0.77,"records":48,"support":13.1}},{"type":"Feature","geometry":{"type":"LineString","coordinates":[[164.8471,-43.6206],[166.979,-44.1294]]},"properties":{"azimuth":108.3,"regime":"Thrust faulting","regime_code":"TF","regime_share":0.53,"agreement":0.74,"records":90,"support":48.8}},{"type":"Feature","geometry":{"type":"LineString","coordinates":[[168.0314,-43.5245],[170.0555,-44.2255]]},"properties":{"azimuth":115.7,"regime":"Strike-slip","regime_code":"SS","regime_share":0.39,"agreement":0.82,"records":211,"support":142.7}},{"type":"Feature","geometry":{"type":"LineString","coordinates":[[171.1665,-43.5175],[173.1813,-44.2325]]},"properties":{"azimuth":116.2,"regime":"Undetermined","regime_code":"U","regime_share":0.47,"agreement":0.86,"records":200,"support":201.2}},{"type":"Feature","geometry":{"type":"LineString","coordinates":[[174.2775,-43.5476],[176.3312,-44.2024]]},"properties":{"azimuth":113.9,"regime":"Undetermined","regime_code":"U","regime_share":0.46,"agreement":0.84,"records":180,"support":115.1}},{"type":"Feature","geometry":{"type":"LineString","coordinates":[[177.3202,-43.7772],[179.5494,-43.9728]]},"properties":{"azimuth":96.9,"regime":"Strike-slip","regime_code":"SS","regime_share":0.41,"agreement":0.7,"records":46,"support":10.6}},{"type":"Feature","geometry":{"type":"LineString","coordinates":[[-117.7832,-46.511],[-115.7303,-45.739]]},"properties":{"azimuth":61.5,"regime":"Strike-slip","regime_code":"SS","regime_share":0.86,"agreement":0.75,"records":29,"support":6.4}},{"type":"Feature","geometry":{"type":"LineString","coordinates":[[-114.5019,-46.5561],[-112.5251,-45.6939]]},"properties":{"azimuth":57.8,"regime":"Strike-slip","regime_code":"SS","regime_share":0.95,"agreement":0.85,"records":32,"support":5.5}},{"type":"Feature","geometry":{"type":"LineString","coordinates":[[-88.7043,-46.3104],[-86.4308,-45.9396]]},"properties":{"azimuth":76.8,"regime":"Thrust faulting","regime_code":"TF","regime_share":0.64,"agreement":0.47,"records":10,"support":2.9}},{"type":"Feature","geometry":{"type":"LineString","coordinates":[[-85.0771,-45.5062],[-83.5716,-46.7438]]},"properties":{"azimuth":139.9,"regime":"Strike-slip","regime_code":"SS","regime_share":0.51,"agreement":0.59,"records":58,"support":19.2}},{"type":"Feature","geometry":{"type":"LineString","coordinates":[[-81.9108,-45.5554],[-80.2514,-46.6946]]},"properties":{"azimuth":134.7,"regime":"Strike-slip","regime_code":"SS","regime_share":0.66,"agreement":0.72,"records":89,"support":40.9}},{"type":"Feature","geometry":{"type":"LineString","coordinates":[[-78.7002,-45.5793],[-76.9754,-46.6707]]},"properties":{"azimuth":132.4,"regime":"Strike-slip","regime_code":"SS","regime_share":0.68,"agreement":0.66,"records":82,"support":51.1}},{"type":"Feature","geometry":{"type":"LineString","coordinates":[[-75.4807,-45.5978],[-73.7085,-46.6522]]},"properties":{"azimuth":130.6,"regime":"Strike-slip","regime_code":"SS","regime_share":0.67,"agreement":0.4,"records":61,"support":36.5}},{"type":"Feature","geometry":{"type":"LineString","coordinates":[[-72.4432,-46.4121],[-70.2595,-45.8379]]},"properties":{"azimuth":69.2,"regime":"Strike-slip","regime_code":"SS","regime_share":0.71,"agreement":0.15,"records":43,"support":12.8}},{"type":"Feature","geometry":{"type":"LineString","coordinates":[[-68.9847,-46.6598],[-67.2315,-45.5902]]},"properties":{"azimuth":48.6,"regime":"Strike-slip","regime_code":"SS","regime_share":0.86,"agreement":0.97,"records":8,"support":1.6}},{"type":"Feature","geometry":{"type":"LineString","coordinates":[[-19.7568,-45.3423],[-19.1621,-46.9077]]},"properties":{"azimuth":165.2,"regime":"Normal faulting","regime_code":"NF","regime_share":0.88,"agreement":0.48,"records":31,"support":8.6}},{"type":"Feature","geometry":{"type":"LineString","coordinates":[[-16.6229,-45.3663],[-15.8096,-46.8837]]},"properties":{"azimuth":159.6,"regime":"Normal faulting","regime_code":"NF","regime_share":0.83,"agreement":0.62,"records":52,"support":26.3}},{"type":"Feature","geometry":{"type":"LineString","coordinates":[[-13.4883,-45.3987],[-12.4576,-46.8513]]},"properties":{"azimuth":153.8,"regime":"Normal faulting","regime_code":"NF","regime_share":0.73,"agreement":0.58,"records":51,"support":29.8}},{"type":"Feature","geometry":{"type":"LineString","coordinates":[[-10.4041,-45.4642],[-9.0554,-46.7858]]},"properties":{"azimuth":144.7,"regime":"Normal faulting","regime_code":"NF","regime_share":0.62,"agreement":0.54,"records":47,"support":18.2}},{"type":"Feature","geometry":{"type":"LineString","coordinates":[[-7.1139,-45.4423],[-5.8591,-46.8077]]},"properties":{"azimuth":147.5,"regime":"Normal faulting","regime_code":"NF","regime_share":0.65,"agreement":0.63,"records":26,"support":6.5}},{"type":"Feature","geometry":{"type":"LineString","coordinates":[[28.0946,-46.4071],[30.2838,-45.8429]]},"properties":{"azimuth":69.6,"regime":"Strike-slip","regime_code":"SS","regime_share":0.74,"agreement":0.93,"records":24,"support":8.2}},{"type":"Feature","geometry":{"type":"LineString","coordinates":[[31.3363,-46.4041],[33.5286,-45.8459]]},"properties":{"azimuth":69.8,"regime":"Strike-slip","regime_code":"SS","regime_share":0.76,"agreement":0.9,"records":34,"support":23.5}},{"type":"Feature","geometry":{"type":"LineString","coordinates":[[34.5682,-46.3818],[36.7831,-45.8682]]},"properties":{"azimuth":71.5,"regime":"Strike-slip","regime_code":"SS","regime_share":0.72,"agreement":0.82,"records":44,"support":24.5}},{"type":"Feature","geometry":{"type":"LineString","coordinates":[[37.7866,-46.323],[40.0513,-45.927]]},"properties":{"azimuth":75.8,"regime":"Strike-slip","regime_code":"SS","regime_share":0.52,"agreement":0.65,"records":44,"support":14.8}},{"type":"Feature","geometry":{"type":"LineString","coordinates":[[41.0286,-46.3195],[43.2957,-45.9305]]},"properties":{"azimuth":76.1,"regime":"Normal faulting","regime_code":"NF","regime_share":0.6,"agreement":0.57,"records":25,"support":7.5}},{"type":"Feature","geometry":{"type":"LineString","coordinates":[[44.3493,-46.4705],[46.4615,-45.7795]]},"properties":{"azimuth":64.7,"regime":"Normal faulting","regime_code":"NF","regime_share":0.53,"agreement":0.57,"records":6,"support":1.1}},{"type":"Feature","geometry":{"type":"LineString","coordinates":[[67.0089,-45.8517],[69.2073,-46.3983]]},"properties":{"azimuth":109.7,"regime":"Normal faulting","regime_code":"NF","regime_share":0.8,"agreement":0.07,"records":6,"support":1.7}},{"type":"Feature","geometry":{"type":"LineString","coordinates":[[71.0731,-45.3389],[71.6296,-46.9111]]},"properties":{"azimuth":166.2,"regime":"Normal faulting","regime_code":"NF","regime_share":0.73,"agreement":0.09,"records":7,"support":2.4}},{"type":"Feature","geometry":{"type":"LineString","coordinates":[[74.5579,-46.934],[74.6313,-45.316]]},"properties":{"azimuth":1.8,"regime":"Normal faulting","regime_code":"NF","regime_share":0.73,"agreement":0.5,"records":6,"support":2.0}},{"type":"Feature","geometry":{"type":"LineString","coordinates":[[77.814,-45.3158],[77.8617,-46.9342]]},"properties":{"azimuth":178.8,"regime":"Normal faulting","regime_code":"NF","regime_share":0.91,"agreement":0.75,"records":5,"support":2.2}},{"type":"Feature","geometry":{"type":"LineString","coordinates":[[80.7649,-45.3458],[81.3973,-46.9042]]},"properties":{"azimuth":164.3,"regime":"Normal faulting","regime_code":"NF","regime_share":0.81,"agreement":0.49,"records":8,"support":2.3}},{"type":"Feature","geometry":{"type":"LineString","coordinates":[[83.2819,-45.7601],[85.3667,-46.4899]]},"properties":{"azimuth":116.8,"regime":"Strike-slip","regime_code":"SS","regime_share":0.48,"agreement":0.51,"records":6,"support":1.3}},{"type":"Feature","geometry":{"type":"LineString","coordinates":[[90.4126,-45.3641],[91.209,-46.8859]]},"properties":{"azimuth":160.1,"regime":"Strike-slip","regime_code":"SS","regime_share":0.9,"agreement":0.69,"records":31,"support":7.2}},{"type":"Feature","geometry":{"type":"LineString","coordinates":[[93.6373,-45.3689],[94.4708,-46.8811]]},"properties":{"azimuth":159.1,"regime":"Strike-slip","regime_code":"SS","regime_share":0.8,"agreement":0.63,"records":36,"support":26.6}},{"type":"Feature","geometry":{"type":"LineString","coordinates":[[96.5593,-45.4977],[98.0352,-46.7523]]},"properties":{"azimuth":140.8,"regime":"Strike-slip","regime_code":"SS","regime_share":0.81,"agreement":0.18,"records":58,"support":40.8}},{"type":"Feature","geometry":{"type":"LineString","coordinates":[[99.3839,-46.2368],[101.6971,-46.0132]]},"properties":{"azimuth":82.1,"regime":"Strike-slip","regime_code":"SS","regime_share":0.86,"agreement":0.48,"records":56,"support":27.6}},{"type":"Feature","geometry":{"type":"LineString","coordinates":[[102.6492,-46.3168],[104.9183,-45.9332]]},"properties":{"azimuth":76.3,"regime":"Strike-slip","regime_code":"SS","regime_share":0.93,"agreement":0.88,"records":30,"support":10.5}},{"type":"Feature","geometry":{"type":"LineString","coordinates":[[105.9197,-46.382],[108.1344,-45.868]]},"properties":{"azimuth":71.5,"regime":"Strike-slip","regime_code":"SS","regime_share":0.87,"agreement":0.73,"records":9,"support":3.5}},{"type":"Feature","geometry":{"type":"LineString","coordinates":[[109.1736,-46.4031],[111.367,-45.8469]]},"properties":{"azimuth":69.9,"regime":"Strike-slip","regime_code":"SS","regime_share":0.58,"agreement":0.69,"records":9,"support":2.3}},{"type":"Feature","geometry":{"type":"LineString","coordinates":[[113.2083,-46.9062],[113.8188,-45.3438]]},"properties":{"azimuth":15.2,"regime":"Normal faulting","regime_code":"NF","regime_share":0.5,"agreement":0.17,"records":11,"support":2.0}},{"type":"Feature","geometry":{"type":"LineString","coordinates":[[115.8758,-45.5937],[117.6378,-46.6563]]},"properties":{"azimuth":131.0,"regime":"Normal faulting","regime_code":"NF","regime_share":0.84,"agreement":0.59,"records":20,"support":5.2}},{"type":"Feature","geometry":{"type":"LineString","coordinates":[[119.0007,-45.7062],[120.9993,-46.5438]]},"properties":{"azimuth":121.2,"regime":"Normal faulting","regime_code":"NF","regime_share":0.74,"agreement":0.63,"records":54,"support":13.0}},{"type":"Feature","geometry":{"type":"LineString","coordinates":[[122.1427,-45.8542],[124.3438,-46.3958]]},"properties":{"azimuth":109.5,"regime":"Normal faulting","regime_code":"NF","regime_share":0.69,"agreement":0.58,"records":53,"support":13.7}},{"type":"Feature","geometry":{"type":"LineString","coordinates":[[125.3384,-45.977],[127.6346,-46.273]]},"properties":{"azimuth":100.5,"regime":"Normal faulting","regime_code":"NF","regime_share":0.5,"agreement":0.47,"records":34,"support":9.3}},{"type":"Feature","geometry":{"type":"LineString","coordinates":[[128.8114,-45.625],[130.6481,-46.625]]},"properties":{"azimuth":128.2,"regime":"Strike-slip","regime_code":"SS","regime_share":0.59,"agreement":0.57,"records":9,"support":2.3}},{"type":"Feature","geometry":{"type":"LineString","coordinates":[[161.0016,-46.0347],[163.3227,-46.2153]]},"properties":{"azimuth":96.4,"regime":"Thrust faulting","regime_code":"TF","regime_share":0.66,"agreement":0.82,"records":86,"support":25.4}},{"type":"Feature","geometry":{"type":"LineString","coordinates":[[164.2535,-45.9921],[166.5574,-46.2579]]},"properties":{"azimuth":99.5,"regime":"Thrust faulting","regime_code":"TF","regime_share":0.62,"agreement":0.75,"records":102,"support":59.2}},{"type":"Feature","geometry":{"type":"LineString","coordinates":[[167.5585,-45.8348],[169.7388,-46.4152]]},"properties":{"azimuth":111.0,"regime":"Thrust faulting","regime_code":"TF","regime_share":0.35,"agreement":0.76,"records":191,"support":85.8}},{"type":"Feature","geometry":{"type":"LineString","coordinates":[[170.846,-45.7649],[172.9378,-46.4851]]},"properties":{"azimuth":116.4,"regime":"Undetermined","regime_code":"U","regime_share":0.5,"agreement":0.86,"records":184,"support":89.0}},{"type":"Feature","geometry":{"type":"LineString","coordinates":[[174.0874,-45.7675],[176.1828,-46.4825]]},"properties":{"azimuth":116.2,"regime":"Undetermined","regime_code":"U","regime_share":0.66,"agreement":0.9,"records":104,"support":40.0}},{"type":"Feature","geometry":{"type":"LineString","coordinates":[[-165.6547,-48.8918],[-163.7792,-47.8582]]},"properties":{"azimuth":50.3,"regime":"Strike-slip","regime_code":"SS","regime_share":0.57,"agreement":0.82,"records":2,"support":1.1}},{"type":"Feature","geometry":{"type":"LineString","coordinates":[[-121.5883,-48.8155],[-119.5438,-47.9345]]},"properties":{"azimuth":57.0,"regime":"Strike-slip","regime_code":"SS","regime_share":0.96,"agreement":0.89,"records":27,"support":7.4}},{"type":"Feature","geometry":{"type":"LineString","coordinates":[[-118.1918,-48.8158],[-116.1479,-47.9342]]},"properties":{"azimuth":57.0,"regime":"Strike-slip","regime_code":"SS","regime_share":0.97,"agreement":0.89,"records":45,"support":28.1}},{"type":"Feature","geometry":{"type":"LineString","coordinates":[[-114.7911,-48.8203],[-112.7561,-47.9297]]},"properties":{"azimuth":56.6,"regime":"Strike-slip","regime_code":"SS","regime_share":0.98,"agreement":0.9,"records":44,"support":28.7}},{"type":"Feature","geometry":{"type":"LineString","coordinates":[[-111.3888,-48.8263],[-109.3659,-47.9237]]},"properties":{"azimuth":56.1,"regime":"Strike-slip","regime_code":"SS","regime_share":1.0,"agreement":0.9,"records":32,"support":8.4}},{"type":"Feature","geometry":{"type":"LineString","coordinates":[[-91.214,-48.4441],[-88.786,-48.3059]]},"properties":{"azimuth":85.1,"regime":"Thrust faulting","regime_code":"TF","regime_share":1.0,"agreement":0.99,"records":3,"support":2.0}},{"type":"Feature","geometry":{"type":"LineString","coordinates":[[-87.8176,-48.4456],[-85.3899,-48.3044]]},"properties":{"azimuth":85.0,"regime":"Thrust faulting","regime_code":"TF","regime_share":1.0,"agreement":0.98,"records":3,"support":2.9}},{"type":"Feature","geometry":{"type":"LineString","coordinates":[[-84.295,-48.0099],[-82.1201,-48.7401]]},"properties":{"azimuth":116.8,"regime":"Strike-slip","regime_code":"SS","regime_share":0.53,"agreement":0.64,"records":20,"support":4.3}},{"type":"Feature","geometry":{"type":"LineString","coordinates":[[-80.7512,-47.8599],[-78.8714,-48.8901]]},"properties":{"azimuth":129.5,"regime":"Strike-slip","regime_code":"SS","regime_share":0.73,"agreement":0.74,"records":59,"support":13.9}},{"type":"Feature","geometry":{"type":"LineString","coordinates":[[-77.3401,-47.8482],[-75.4901,-48.9018]]},"properties":{"azimuth":130.6,"regime":"Strike-slip","regime_code":"SS","regime_share":0.61,"agreement":0.56,"records":44,"support":17.3}},{"type":"Feature","geometry":{"type":"LineString","coordinates":[[-74.0708,-47.9666],[-71.9669,-48.7834]]},"properties":{"azimuth":120.3,"regime":"Strike-slip","regime_code":"SS","regime_share":0.59,"agreement":0.35,"records":44,"support":10.8}},{"type":"Feature","geometry":{"type":"LineString","coordinates":[[-70.7486,-48.6844],[-68.4967,-48.0656]]},"properties":{"azimuth":67.5,"regime":"Thrust faulting","regime_code":"TF","regime_share":0.56,"agreement":0.68,"records":7,"support":1.7}},{"type":"Feature","geometry":{"type":"LineString","coordinates":[[-18.7465,-49.1832],[-18.612,-47.5668]]},"properties":{"azimuth":3.2,"regime":"Normal faulting","regime_code":"NF","regime_share":0.81,"agreement":0.4,"records":17,"support":3.6}},{"type":"Feature","geometry":{"type":"LineString","coordinates":[[-15.7457,-47.6262],[-14.8204,-49.1238]]},"properties":{"azimuth":157.7,"regime":"Normal faulting","regime_code":"NF","regime_share":0.72,"agreement":0.5,"records":38,"support":15.6}},{"type":"Feature","geometry":{"type":"LineString","coordinates":[[-12.4855,-47.6701],[-11.2881,-49.0799]]},"properties":{"azimuth":150.6,"regime":"Normal faulting","regime_code":"NF","regime_share":0.66,"agreement":0.51,"records":50,"support":27.2}},{"type":"Feature","geometry":{"type":"LineString","coordinates":[[-9.1028,-47.6752],[-7.8783,-49.0748]]},"properties":{"azimuth":149.8,"regime":"Normal faulting","regime_code":"NF","regime_share":0.69,"agreement":0.6,"records":43,"support":26.6}},{"type":"Feature","geometry":{"type":"LineString","coordinates":[[-5.675,-47.6634],[-4.5137,-49.0866]]},"properties":{"azimuth":151.5,"regime":"Normal faulting","regime_code":"NF","regime_share":0.75,"agreement":0.67,"records":28,"support":13.0}},{"type":"Feature","geometry":{"type":"LineString","coordinates":[[14.1241,-48.1251],[16.442,-48.6249]]},"properties":{"azimuth":108.0,"regime":"Normal faulting","regime_code":"NF","regime_share":1.0,"agreement":0.9,"records":11,"support":1.8}},{"type":"Feature","geometry":{"type":"LineString","coordinates":[[27.7234,-48.6527],[30.0125,-48.0973]]},"properties":{"azimuth":69.9,"regime":"Strike-slip","regime_code":"SS","regime_share":0.7,"agreement":0.94,"records":27,"support":9.1}},{"type":"Feature","geometry":{"type":"LineString","coordinates":[[31.123,-48.6588],[33.4053,-48.0912]]},"properties":{"azimuth":69.5,"regime":"Strike-slip","regime_code":"SS","regime_share":0.74,"agreement":0.92,"records":31,"support":19.0}},{"type":"Feature","geometry":{"type":"LineString","coordinates":[[34.5112,-48.6441],[36.8096,-48.1059]]},"properties":{"azimuth":70.6,"regime":"Strike-slip","regime_code":"SS","regime_share":0.77,"agreement":0.86,"records":34,"support":15.4}},{"type":"Feature","geometry":{"type":"LineString","coordinates":[[37.8581,-48.5212],[40.2551,-48.2288]]},"properties":{"azimuth":79.6,"regime":"Strike-slip","regime_code":"SS","regime_share":0.86,"agreement":0.56,"records":13,"support":2.6}},{"type":"Feature","geometry":{"type":"LineString","coordinates":[[65.1839,-48.794],[67.2689,-47.956]]},"properties":{"azimuth":58.8,"regime":"Normal faulting","regime_code":"NF","regime_share":1.0,"agreement":0.09,"records":4,"support":2.3}},{"type":"Feature","geometry":{"type":"LineString","coordinates":[[68.4042,-48.372],[70.8411,-48.378]]},"properties":{"azimuth":90.2,"regime":"Normal faulting","regime_code":"NF","regime_share":0.93,"agreement":0.08,"records":6,"support":4.2}},{"type":"Feature","geometry":{"type":"LineString","coordinates":[[71.9837,-47.9481],[74.0541,-48.8019]]},"properties":{"azimuth":121.8,"regime":"Normal faulting","regime_code":"NF","regime_share":0.71,"agreement":0.19,"records":6,"support":3.1}},{"type":"Feature","geometry":{"type":"LineString","coordinates":[[75.6146,-47.7647],[77.2155,-48.9853]]},"properties":{"azimuth":138.9,"regime":"Thrust faulting","regime_code":"TF","regime_share":0.59,"agreement":0.5,"records":3,"support":1.3}},{"type":"Feature","geometry":{"type":"LineString","coordinates":[[93.0308,-47.6029],[93.7617,-49.1471]]},"properties":{"azimuth":162.5,"regime":"Strike-slip","regime_code":"SS","regime_share":0.84,"agreement":0.7,"records":33,"support":9.8}},{"type":"Feature","geometry":{"type":"LineString","coordinates":[[95.5805,-48.2911],[98.0044,-48.4589]]},"properties":{"azimuth":95.9,"regime":"Strike-slip","regime_code":"SS","regime_share":0.87,"agreement":0.16,"records":56,"support":25.9}},{"type":"Feature","geometry":{"type":"LineString","coordinates":[[98.9896,-48.519],[101.3877,-48.231]]},"properties":{"azimuth":79.7,"regime":"Strike-slip","regime_code":"SS","regime_share":0.92,"agreement":0.69,"records":52,"support":26.4}},{"type":"Feature","geometry":{"type":"LineString","coordinates":[[102.3996,-48.5626],[104.7702,-48.1874]]},"properties":{"azimuth":76.6,"regime":"Strike-slip","regime_code":"SS","regime_share":0.94,"agreement":0.86,"records":31,"support":15.0}},{"type":"Feature","geometry":{"type":"LineString","coordinates":[[105.8115,-48.6019],[108.1508,-48.1481]]},"properties":{"azimuth":73.7,"regime":"Strike-slip","regime_code":"SS","regime_share":0.76,"agreement":0.65,"records":14,"support":8.5}},{"type":"Feature","geometry":{"type":"LineString","coordinates":[[109.2179,-48.624],[111.5368,-48.126]]},"properties":{"azimuth":72.1,"regime":"Strike-slip","regime_code":"SS","regime_share":0.64,"agreement":0.69,"records":28,"support":12.1}},{"type":"Feature","geometry":{"type":"LineString","coordinates":[[112.5695,-48.4992],[114.9777,-48.2508]]},"properties":{"azimuth":81.2,"regime":"Strike-slip","regime_code":"SS","regime_share":0.49,"agreement":0.51,"records":38,"support":19.5}},{"type":"Feature","geometry":{"type":"LineString","coordinates":[[116.0133,-48.1202],[118.3263,-48.6298]]},"properties":{"azimuth":108.4,"regime":"Normal faulting","regime_code":"NF","regime_share":0.66,"agreement":0.56,"records":64,"support":30.5}},{"type":"Feature","geometry":{"type":"LineString","coordinates":[[119.4486,-48.0523],[121.6835,-48.6977]]},"properties":{"azimuth":113.5,"regime":"Normal faulting","regime_code":"NF","regime_share":0.77,"agreement":0.68,"records":69,"support":40.0}},{"type":"Feature","geometry":{"type":"LineString","coordinates":[[122.7905,-48.1531],[125.1341,-48.5969]]},"properties":{"azimuth":105.9,"regime":"Normal faulting","regime_code":"NF","regime_share":0.63,"agreement":0.54,"records":65,"support":40.7}},{"type":"Feature","geometry":{"type":"LineString","coordinates":[[126.1606,-48.2267],[128.5564,-48.5233]]},"properties":{"azimuth":100.6,"regime":"Strike-slip","regime_code":"SS","regime_share":0.52,"agreement":0.41,"records":51,"support":26.3}},{"type":"Feature","geometry":{"type":"LineString","coordinates":[[129.5988,-48.1189],[131.9106,-48.6311]]},"properties":{"azimuth":108.4,"regime":"Strike-slip","regime_code":"SS","regime_share":0.73,"agreement":0.35,"records":27,"support":8.7}},{"type":"Feature","geometry":{"type":"LineString","coordinates":[[133.0477,-48.0314],[135.2542,-48.7186]]},"properties":{"azimuth":115.1,"regime":"Strike-slip","regime_code":"SS","regime_share":1.0,"agreement":0.71,"records":9,"support":2.6}},{"type":"Feature","geometry":{"type":"LineString","coordinates":[[136.5821,-47.8808],[138.5122,-48.8692]]},"properties":{"azimuth":127.6,"regime":"Strike-slip","regime_code":"SS","regime_share":0.9,"agreement":0.82,"records":30,"support":10.8}},{"type":"Feature","geometry":{"type":"LineString","coordinates":[[140.0019,-47.8612],[141.8849,-48.8888]]},"properties":{"azimuth":129.4,"regime":"Strike-slip","regime_code":"SS","regime_share":0.88,"agreement":0.86,"records":31,"support":10.7}},{"type":"Feature","geometry":{"type":"LineString","coordinates":[[143.474,-47.8054],[145.2053,-48.9446]]},"properties":{"azimuth":134.7,"regime":"Strike-slip","regime_code":"SS","regime_share":1.0,"agreement":1.0,"records":11,"support":1.9}},{"type":"Feature","geometry":{"type":"LineString","coordinates":[[156.7355,-48.1981],[159.1136,-48.5519]]},"properties":{"azimuth":102.6,"regime":"Strike-slip","regime_code":"SS","regime_share":0.83,"agreement":0.81,"records":36,"support":8.9}},{"type":"Feature","geometry":{"type":"LineString","coordinates":[[160.1044,-48.3274],[162.5371,-48.4226]]},"properties":{"azimuth":93.4,"regime":"Strike-slip","regime_code":"SS","regime_share":0.6,"agreement":0.88,"records":82,"support":36.2}},{"type":"Feature","geometry":{"type":"LineString","coordinates":[[163.5,-48.3345],[165.934,-48.4155]]},"properties":{"azimuth":92.9,"regime":"Thrust faulting","regime_code":"TF","regime_share":0.52,"agreement":0.86,"records":95,"support":53.9}},{"type":"Feature","geometry":{"type":"LineString","coordinates":[[166.8983,-48.3126],[169.3281,-48.4374]]},"properties":{"azimuth":94.4,"regime":"Thrust faulting","regime_code":"TF","regime_share":0.57,"agreement":0.79,"records":92,"support":33.4}},{"type":"Feature","geometry":{"type":"LineString","coordinates":[[170.3269,-48.1797],[172.6919,-48.5703]]},"properties":{"azimuth":104.0,"regime":"Undetermined","regime_code":"U","regime_share":0.61,"agreement":0.54,"records":10,"support":2.8}},{"type":"Feature","geometry":{"type":"LineString","coordinates":[[173.6879,-48.3467],[176.1234,-48.4033]]},"properties":{"azimuth":92.0,"regime":"Strike-slip","regime_code":"SS","regime_share":0.69,"agreement":0.88,"records":3,"support":1.3}},{"type":"Feature","geometry":{"type":"LineString","coordinates":[[-165.3076,-50.9169],[-162.9276,-50.3331]]},"properties":{"azimuth":68.9,"regime":"Strike-slip","regime_code":"SS","regime_share":0.72,"agreement":0.56,"records":2,"support":1.2}},{"type":"Feature","geometry":{"type":"LineString","coordinates":[[-161.862,-50.5792],[-159.3144,-50.6708]]},"properties":{"azimuth":93.2,"regime":"Strike-slip","regime_code":"SS","regime_share":0.87,"agreement":0.69,"records":2,"support":1.3}},{"type":"Feature","geometry":{"type":"LineString","coordinates":[[-140.6034,-50.9142],[-138.2201,-50.3358]]},"properties":{"azimuth":69.1,"regime":"Strike-slip","regime_code":"SS","regime_share":1.0,"agreement":0.51,"records":10,"support":1.7}},{"type":"Feature","geometry":{"type":"LineString","coordinates":[[-137.0711,-50.9189],[-134.6936,-50.3311]]},"properties":{"azimuth":68.7,"regime":"Strike-slip","regime_code":"SS","regime_share":0.95,"agreement":0.85,"records":48,"support":9.0}},{"type":"Feature","geometry":{"type":"LineString","coordinates":[[-133.544,-50.9152],[-131.1619,-50.3348]]},"properties":{"azimuth":69.0,"regime":"Strike-slip","regime_code":"SS","regime_share":0.9,"agreement":0.94,"records":22,"support":4.4}},{"type":"Feature","geometry":{"type":"LineString","coordinates":[[-122.6698,-51.1954],[-120.8596,-50.0546]]},"properties":{"azimuth":45.2,"regime":"Strike-slip","regime_code":"SS","regime_share":0.91,"agreement":0.38,"records":37,"support":7.4}},{"type":"Feature","geometry":{"type":"LineString","coordinates":[[-119.2633,-51.1043],[-117.2073,-50.1457]]},"properties":{"azimuth":53.7,"regime":"Strike-slip","regime_code":"SS","regime_share":0.95,"agreement":0.67,"records":58,"support":31.3}},{"type":"Feature","geometry":{"type":"LineString","coordinates":[[-115.7563,-51.0844],[-113.6555,-50.1656]]},"properties":{"azimuth":55.4,"regime":"Strike-slip","regime_code":"SS","regime_share":0.97,"agreement":0.8,"records":54,"support":40.6}},{"type":"Feature","geometry":{"type":"LineString","coordinates":[[-112.2397,-51.0724],[-110.1133,-50.1776]]},"properties":{"azimuth":56.4,"regime":"Strike-slip","regime_code":"SS","regime_share":0.99,"agreement":0.9,"records":44,"support":17.6}},{"type":"Feature","geometry":{"type":"LineString","coordinates":[[-91.2711,-50.6949],[-88.7289,-50.5551]]},"properties":{"azimuth":85.0,"regime":"Thrust faulting","regime_code":"TF","regime_share":1.0,"agreement":0.99,"records":3,"support":1.1}},{"type":"Feature","geometry":{"type":"LineString","coordinates":[[-87.7415,-50.6963],[-85.1997,-50.5537]]},"properties":{"azimuth":84.9,"regime":"Thrust faulting","regime_code":"TF","regime_share":1.0,"agreement":0.98,"records":3,"support":1.6}},{"type":"Feature","geometry":{"type":"LineString","coordinates":[[-77.1446,-50.7427],[-74.6201,-50.5073]]},"properties":{"azimuth":81.6,"regime":"Thrust faulting","regime_code":"TF","regime_share":0.89,"agreement":0.86,"records":6,"support":2.4}},{"type":"Feature","geometry":{"type":"LineString","coordinates":[[-73.6269,-50.6696],[-71.079,-50.5804]]},"properties":{"azimuth":86.8,"regime":"Thrust faulting","regime_code":"TF","regime_share":0.89,"agreement":0.91,"records":4,"support":3.3}},{"type":"Feature","geometry":{"type":"LineString","coordinates":[[-70.0969,-50.6757],[-67.5502,-50.5743]]},"properties":{"azimuth":86.4,"regime":"Thrust faulting","regime_code":"TF","regime_share":0.91,"agreement":0.9,"records":4,"support":1.8}},{"type":"Feature","geometry":{"type":"LineString","coordinates":[[-55.3146,-51.3363],[-54.0971,-49.9137]]},"properties":{"azimuth":28.5,"regime":"Strike-slip","regime_code":"SS","regime_share":1.0,"agreement":1.0,"records":5,"support":1.1}},{"type":"Feature","geometry":{"type":"LineString","coordinates":[[-16.6535,-51.2698],[-15.1112,-49.9802]]},"properties":{"azimuth":37.2,"regime":"Normal faulting","regime_code":"NF","regime_share":0.57,"agreement":0.18,"records":12,"support":3.1}},{"type":"Feature","geometry":{"type":"LineString","coordinates":[[-12.9839,-49.9215],[-11.722,-51.3285]]},"properties":{"azimuth":150.4,"regime":"Normal faulting","regime_code":"NF","regime_share":0.66,"agreement":0.45,"records":44,"support":13.4}},{"type":"Feature","geometry":{"type":"LineString","coordinates":[[-9.4732,-49.9284],[-8.1739,-51.3216]]},"properties":{"azimuth":149.4,"regime":"Normal faulting","regime_code":"NF","regime_share":0.7,"agreement":0.6,"records":35,"support":21.6}},{"type":"Feature","geometry":{"type":"LineString","coordinates":[[-6.0018,-49.9515],[-4.5864,-51.2985]]},"properties":{"azimuth":146.3,"regime":"Normal faulting","regime_code":"NF","regime_share":0.66,"agreement":0.65,"records":36,"support":17.2}},{"type":"Feature","geometry":{"type":"LineString","coordinates":[[-2.761,-50.1194],[-0.7684,-51.1306]]},"properties":{"azimuth":128.7,"regime":"Strike-slip","regime_code":"SS","regime_share":0.64,"agreement":0.74,"records":26,"support":6.5}},{"type":"Feature","geometry":{"type":"LineString","coordinates":[[0.516,-50.4589],[3.0134,-50.7911]]},"properties":{"azimuth":101.8,"regime":"Strike-slip","regime_code":"SS","regime_share":0.84,"agreement":0.92,"records":11,"support":1.8}},{"type":"Feature","geometry":{"type":"LineString","coordinates":[[4.0263,-50.5342],[6.5619,-50.7158]]},"properties":{"azimuth":96.4,"regime":"Strike-slip","regime_code":"SS","regime_share":0.53,"agreement":0.82,"records":40,"support":7.4}},{"type":"Feature","geometry":{"type":"LineString","coordinates":[[7.5506,-50.5705],[10.0965,-50.6795]]},"properties":{"azimuth":93.9,"regime":"Normal faulting","regime_code":"NF","regime_share":0.57,"agreement":0.88,"records":44,"support":12.1}},{"type":"Feature","geometry":{"type":"LineString","coordinates":[[11.0858,-50.5307],[13.6201,-50.7193]]},"properties":{"azimuth":96.7,"regime":"Normal faulting","regime_code":"NF","regime_share":0.83,"agreement":0.92,"records":35,"support":14.7}},{"type":"Feature","geometry":{"type":"LineString","coordinates":[[14.6547,-50.4047],[17.11,-50.8453]]},"properties":{"azimuth":105.8,"regime":"Normal faulting","regime_code":"NF","regime_share":1.0,"agreement":0.9,"records":35,"support":16.4}},{"type":"Feature","geometry":{"type":"LineString","coordinates":[[18.2166,-50.3418],[20.607,-50.9082]]},"properties":{"azimuth":110.5,"regime":"Normal faulting","regime_code":"NF","regime_share":1.0,"agreement":0.93,"records":48,"support":17.1}},{"type":"Feature","geometry":{"type":"LineString","coordinates":[[21.6958,-50.4491],[24.1865,-50.8009]]},"properties":{"azimuth":102.6,"regime":"Normal faulting","regime_code":"NF","regime_share":0.69,"agreement":0.69,"records":67,"support":21.9}},{"type":"Feature","geometry":{"type":"LineString","coordinates":[[25.1975,-50.6787],[27.7436,-50.5713]]},"properties":{"azimuth":86.2,"regime":"Strike-slip","regime_code":"SS","regime_share":0.58,"agreement":0.59,"records":54,"support":23.3}},{"type":"Feature","geometry":{"type":"LineString","coordinates":[[28.7783,-50.8582],[31.2217,-50.3918]]},"properties":{"azimuth":73.3,"regime":"Strike-slip","regime_code":"SS","regime_share":0.73,"agreement":0.76,"records":41,"support":16.0}},{"type":"Feature","geometry":{"type":"LineString","coordinates":[[32.3355,-50.9103],[34.7234,-50.3397]]},"properties":{"azimuth":69.4,"regime":"Strike-slip","regime_code":"SS","regime_share":0.74,"agreement":0.89,"records":30,"support":7.3}},{"type":"Feature","geometry":{"type":"LineString","coordinates":[[64.1949,-51.0359],[66.3933,-50.2141]]},"properties":{"azimuth":59.5,"regime":"Normal faulting","regime_code":"NF","regime_share":1.0,"agreement":0.08,"records":4,"support":1.5}},{"type":"Feature","geometry":{"type":"LineString","coordinates":[[67.5492,-50.5856],[70.0979,-50.6644]]},"properties":{"azimuth":92.8,"regime":"Normal faulting","regime_code":"NF","regime_share":0.96,"agreement":0.13,"records":5,"support":3.2}},{"type":"Feature","geometry":{"type":"LineString","coordinates":[[71.1584,-50.3406],[73.5474,-50.9094]]},"properties":{"azimuth":110.6,"regime":"Normal faulting","regime_code":"NF","regime_share":0.77,"agreement":0.33,"records":5,"support":2.4}},{"type":"Feature","geometry":{"type":"LineString","coordinates":[[95.8,-50.757],[98.3176,-50.493]]},"properties":{"azimuth":80.6,"regime":"Strike-slip","regime_code":"SS","regime_share":0.97,"agreement":0.95,"records":22,"support":4.6}},{"type":"Feature","geometry":{"type":"LineString","coordinates":[[99.3377,-50.7853],[101.8388,-50.4647]]},"properties":{"azimuth":78.6,"regime":"Strike-slip","regime_code":"SS","regime_share":0.97,"agreement":0.93,"records":26,"support":7.6}},{"type":"Feature","geometry":{"type":"LineString","coordinates":[[102.8907,-50.847],[105.3446,-50.403]]},"properties":{"azimuth":74.1,"regime":"Strike-slip","regime_code":"SS","regime_share":0.83,"agreement":0.59,"records":16,"support":4.7}},{"type":"Feature","geometry":{"type":"LineString","coordinates":[[106.396,-50.7839],[108.8981,-50.4661]]},"properties":{"azimuth":78.7,"regime":"Strike-slip","regime_code":"SS","regime_share":0.56,"agreement":0.49,"records":15,"support":7.2}},{"type":"Feature","geometry":{"type":"LineString","coordinates":[[109.9538,-50.8562],[112.3991,-50.3938]]},"properties":{"azimuth":73.4,"regime":"Strike-slip","regime_code":"SS","regime_share":0.64,"agreement":0.66,"records":32,"support":17.1}},{"type":"Feature","geometry":{"type":"LineString","coordinates":[[113.4342,-50.6901],[115.9776,-50.5599]]},"properties":{"azimuth":85.4,"regime":"Strike-slip","regime_code":"SS","regime_share":0.5,"agreement":0.56,"records":45,"support":28.8}},{"type":"Feature","geometry":{"type":"LineString","coordinates":[[117.0202,-50.3782],[119.4504,-50.8718]]},"properties":{"azimuth":107.8,"regime":"Normal faulting","regime_code":"NF","regime_share":0.68,"agreement":0.63,"records":66,"support":35.9}},{"type":"Feature","geometry":{"type":"LineString","coordinates":[[120.573,-50.3359],[122.9564,-50.9141]]},"properties":{"azimuth":110.9,"regime":"Normal faulting","regime_code":"NF","regime_share":0.71,"agreement":0.63,"records":75,"support":39.5}},{"type":"Feature","geometry":{"type":"LineString","coordinates":[[124.0449,-50.4606],[126.5434,-50.7894]]},"properties":{"azimuth":101.7,"regime":"Normal faulting","regime_code":"NF","regime_share":0.51,"agreement":0.44,"records":63,"support":33.3}},{"type":"Feature","geometry":{"type":"LineString","coordinates":[[127.5548,-50.5394],[130.0922,-50.7106]]},"properties":{"azimuth":96.1,"regime":"Strike-slip","regime_code":"SS","regime_share":0.65,"agreement":0.33,"records":34,"support":16.2}},{"type":"Feature","geometry":{"type":"LineString","coordinates":[[131.2273,-50.244],[133.4786,-51.006]]},"properties":{"azimuth":118.1,"regime":"Strike-slip","regime_code":"SS","regime_share":0.94,"agreement":0.52,"records":10,"support":3.2}},{"type":"Feature","geometry":{"type":"LineString","coordinates":[[134.8431,-50.1555],[136.9216,-51.0945]]},"properties":{"azimuth":125.5,"regime":"Strike-slip","regime_code":"SS","regime_share":0.87,"agreement":0.76,"records":44,"support":18.7}},{"type":"Feature","geometry":{"type":"LineString","coordinates":[[138.4071,-50.1261],[140.4164,-51.1239]]},"properties":{"azimuth":128.1,"regime":"Strike-slip","regime_code":"SS","regime_share":0.88,"agreement":0.82,"records":53,"support":36.0}},{"type":"Feature","geometry":{"type":"LineString","coordinates":[[141.9467,-50.118],[143.9357,-51.132]]},"properties":{"azimuth":128.8,"regime":"Strike-slip","regime_code":"SS","regime_share":0.89,"agreement":0.85,"records":58,"support":22.7}},{"type":"Feature","geometry":{"type":"LineString","coordinates":[[152.4165,-50.2292],[154.6423,-51.0208]]},"properties":{"azimuth":119.3,"regime":"Strike-slip","regime_code":"SS","regime_share":1.0,"agreement":0.95,"records":5,"support":1.6}},{"type":"Feature","geometry":{"type":"LineString","coordinates":[[155.787,-50.5606],[158.3306,-50.6894]]},"properties":{"azimuth":94.6,"regime":"Strike-slip","regime_code":"SS","regime_share":0.88,"agreement":0.78,"records":48,"support":17.4}},{"type":"Feature","geometry":{"type":"LineString","coordinates":[[159.3126,-50.6109],[161.8639,-50.6391]]},"properties":{"azimuth":91.0,"regime":"Strike-slip","regime_code":"SS","regime_share":0.81,"agreement":0.86,"records":74,"support":43.6}},{"type":"Feature","geometry":{"type":"LineString","coordinates":[[162.8418,-50.6193],[165.3935,-50.6307]]},"properties":{"azimuth":90.4,"regime":"Strike-slip","regime_code":"SS","regime_share":0.71,"agreement":0.9,"records":76,"support":45.1}},{"type":"Feature","geometry":{"type":"LineString","coordinates":[[166.3712,-50.6235],[168.9229,-50.6265]]},"properties":{"azimuth":90.1,"regime":"Strike-slip","regime_code":"SS","regime_share":0.6,"agreement":0.94,"records":50,"support":16.6}},{"type":"Feature","geometry":{"type":"LineString","coordinates":[[-149.6494,-52.5087],[-147.2578,-53.2413]]},"properties":{"azimuth":116.9,"regime":"Thrust faulting","regime_code":"TF","regime_share":0.37,"agreement":0.53,"records":9,"support":2.5}},{"type":"Feature","geometry":{"type":"LineString","coordinates":[[-146.0565,-53.0361],[-143.4281,-52.7139]]},"properties":{"azimuth":78.5,"regime":"Strike-slip","regime_code":"SS","regime_share":0.84,"agreement":0.75,"records":48,"support":12.0}},{"type":"Feature","geometry":{"type":"LineString","coordinates":[[-142.3025,-53.1321],[-139.7593,-52.6179]]},"properties":{"azimuth":71.5,"regime":"Strike-slip","regime_code":"SS","regime_share":0.94,"agreement":0.85,"records":112,"support":24.3}},{"type":"Feature","geometry":{"type":"LineString","coordinates":[[-138.5701,-53.1673],[-136.069,-52.5827]]},"properties":{"azimuth":68.8,"regime":"Strike-slip","regime_code":"SS","regime_share":0.96,"agreement":0.86,"records":69,"support":38.3}},{"type":"Feature","geometry":{"type":"LineString","coordinates":[[-134.848,-53.1835],[-132.3685,-52.5665]]},"properties":{"azimuth":67.6,"regime":"Strike-slip","regime_code":"SS","regime_share":0.96,"agreement":0.89,"records":135,"support":58.9}},{"type":"Feature","geometry":{"type":"LineString","coordinates":[[-131.1201,-53.2068],[-128.6737,-52.5432]]},"properties":{"azimuth":65.8,"regime":"Strike-slip","regime_code":"SS","regime_share":0.96,"agreement":0.93,"records":147,"support":58.4}},{"type":"Feature","geometry":{"type":"LineString","coordinates":[[-127.3971,-53.222],[-124.9741,-52.528]]},"properties":{"azimuth":64.6,"regime":"Strike-slip","regime_code":"SS","regime_share":0.96,"agreement":0.95,"records":156,"support":49.1}},{"type":"Feature","geometry":{"type":"LineString","coordinates":[[-123.6525,-53.2615],[-121.2959,-52.4885]]},"properties":{"azimuth":61.5,"regime":"Strike-slip","regime_code":"SS","regime_share":0.92,"agreement":0.7,"records":98,"support":33.4}},{"type":"Feature","geometry":{"type":"LineString","coordinates":[[-119.7502,-53.4228],[-117.7756,-52.3272]]},"properties":{"azimuth":47.4,"regime":"Strike-slip","regime_code":"SS","regime_share":0.92,"agreement":0.39,"records":74,"support":29.8}},{"type":"Feature","geometry":{"type":"LineString","coordinates":[[-116.0707,-53.4011],[-114.0324,-52.3489]]},"properties":{"azimuth":49.5,"regime":"Strike-slip","regime_code":"SS","regime_share":0.93,"agreement":0.5,"records":71,"support":24.9}},{"type":"Feature","geometry":{"type":"LineString","coordinates":[[-112.4291,-53.3474],[-110.2513,-52.4026]]},"properties":{"azimuth":54.3,"regime":"Strike-slip","regime_code":"SS","regime_share":0.97,"agreement":0.79,"records":26,"support":5.5}},{"type":"Feature","geometry":{"type":"LineString","coordinates":[[-79.1756,-53.1869],[-76.7006,-52.5631]]},"properties":{"azimuth":67.3,"regime":"Thrust faulting","regime_code":"TF","regime_share":0.78,"agreement":0.83,"records":4,"support":1.6}},{"type":"Feature","geometry":{"type":"LineString","coordinates":[[-75.5531,-52.9947],[-72.9005,-52.7553]]},"properties":{"azimuth":81.5,"regime":"Thrust faulting","regime_code":"TF","regime_share":0.71,"agreement":0.84,"records":5,"support":3.1}},{"type":"Feature","geometry":{"type":"LineString","coordinates":[[-71.855,-52.9135],[-69.1759,-52.8365]]},"properties":{"azimuth":87.3,"regime":"Thrust faulting","regime_code":"TF","regime_share":0.7,"agreement":0.92,"records":4,"support":2.4}},{"type":"Feature","geometry":{"type":"LineString","coordinates":[[-60.0202,-53.5867],[-58.7427,-52.1633]]},"properties":{"azimuth":28.4,"regime":"Strike-slip","regime_code":"SS","regime_share":1.0,"agreement":1.0,"records":5,"support":1.6}},{"type":"Feature","geometry":{"type":"LineString","coordinates":[[-56.3108,-53.586],[-55.0294,-52.164]]},"properties":{"azimuth":28.5,"regime":"Strike-slip","regime_code":"SS","regime_share":1.0,"agreement":1.0,"records":5,"support":4.0}},{"type":"Feature","geometry":{"type":"LineString","coordinates":[[-52.6012,-53.5855],[-51.3163,-52.1645]]},"properties":{"azimuth":28.6,"regime":"Strike-slip","regime_code":"SS","regime_share":1.0,"agreement":1.0,"records":5,"support":3.0}},{"type":"Feature","geometry":{"type":"LineString","coordinates":[[-37.9842,-53.4905],[-36.2426,-52.2595]]},"properties":{"azimuth":40.5,"regime":"Thrust faulting","regime_code":"TF","regime_share":0.67,"agreement":0.55,"records":9,"support":2.7}},{"type":"Feature","geometry":{"type":"LineString","coordinates":[[-34.2385,-53.5077],[-32.5656,-52.2423]]},"properties":{"azimuth":38.6,"regime":"Thrust faulting","regime_code":"TF","regime_share":0.55,"agreement":0.67,"records":54,"support":12.9}},{"type":"Feature","geometry":{"type":"LineString","coordinates":[[-30.6231,-53.4568],[-28.7584,-52.2932]]},"properties":{"azimuth":44.0,"regime":"Thrust faulting","regime_code":"TF","regime_share":0.63,"agreement":0.7,"records":97,"support":36.0}},{"type":"Feature","geometry":{"type":"LineString","coordinates":[[-27.012,-53.3914],[-24.9467,-52.3586]]},"properties":{"azimuth":50.4,"regime":"Thrust faulting","regime_code":"TF","regime_share":0.69,"agreement":0.61,"records":128,"support":39.7}},{"type":"Feature","geometry":{"type":"LineString","coordinates":[[-23.5576,-53.0971],[-20.9785,-52.6529]]},"properties":{"azimuth":74.1,"regime":"Thrust faulting","regime_code":"TF","regime_share":0.53,"agreement":0.36,"records":39,"support":8.0}},{"type":"Feature","geometry":{"type":"LineString","coordinates":[[-19.8965,-52.8397],[-17.2169,-52.9103]]},"properties":{"azimuth":92.5,"regime":"Strike-slip","regime_code":"SS","regime_share":1.0,"agreement":0.74,"records":4,"support":1.7}},{"type":"Feature","geometry":{"type":"LineString","coordinates":[[-16.1814,-52.9445],[-13.5093,-52.8055]]},"properties":{"azimuth":85.1,"regime":"Strike-slip","regime_code":"SS","regime_share":1.0,"agreement":0.94,"records":3,"support":1.4}},{"type":"Feature","geometry":{"type":"LineString","coordinates":[[-12.0114,-52.2629],[-10.2566,-53.4871]]},"properties":{"azimuth":139.1,"regime":"Normal faulting","regime_code":"NF","regime_share":0.59,"agreement":0.42,"records":22,"support":4.3}},{"type":"Feature","geometry":{"type":"LineString","coordinates":[[-8.3572,-52.2945],[-6.4881,-53.4555]]},"properties":{"azimuth":135.8,"regime":"Strike-slip","regime_code":"SS","regime_share":0.55,"agreement":0.52,"records":43,"support":12.5}},{"type":"Feature","geometry":{"type":"LineString","coordinates":[[-4.8559,-52.4533],[-2.5667,-53.2967]]},"properties":{"azimuth":121.4,"regime":"Strike-slip","regime_code":"SS","regime_share":0.71,"agreement":0.49,"records":46,"support":20.6}},{"type":"Feature","geometry":{"type":"LineString","coordinates":[[-1.2597,-52.5974],[1.2597,-53.1526]]},"properties":{"azimuth":110.1,"regime":"Strike-slip","regime_code":"SS","regime_share":0.71,"agreement":0.59,"records":53,"support":23.6}},{"type":"Feature","geometry":{"type":"LineString","coordinates":[[2.3892,-52.7397],[5.0335,-53.0103]]},"properties":{"azimuth":99.6,"regime":"Strike-slip","regime_code":"SS","regime_share":0.63,"agreement":0.78,"records":66,"support":28.1}},{"type":"Feature","geometry":{"type":"LineString","coordinates":[[6.0899,-52.7855],[8.7555,-52.9645]]},"properties":{"azimuth":96.3,"regime":"Strike-slip","regime_code":"SS","regime_share":0.52,"agreement":0.79,"records":59,"support":35.3}},{"type":"Feature","geometry":{"type":"LineString","coordinates":[[9.8,-52.7925],[12.4681,-52.9575]]},"properties":{"azimuth":95.8,"regime":"Normal faulting","regime_code":"NF","regime_share":0.64,"agreement":0.85,"records":61,"support":32.3}},{"type":"Feature","geometry":{"type":"LineString","coordinates":[[13.5329,-52.7087],[16.1578,-53.0413]]},"properties":{"azimuth":101.9,"regime":"Normal faulting","regime_code":"NF","regime_share":0.91,"agreement":0.9,"records":49,"support":26.6}},{"type":"Feature","geometry":{"type":"LineString","coordinates":[[17.2936,-52.6031],[19.8198,-53.1469]]},"properties":{"azimuth":109.6,"regime":"Normal faulting","regime_code":"NF","regime_share":0.99,"agreement":0.91,"records":55,"support":30.5}},{"type":"Feature","geometry":{"type":"LineString","coordinates":[[20.9781,-52.6537],[23.558,-53.0963]]},"properties":{"azimuth":105.9,"regime":"Normal faulting","regime_code":"NF","regime_share":0.76,"agreement":0.72,"records":71,"support":42.5}},{"type":"Feature","geometry":{"type":"LineString","coordinates":[[24.6393,-52.8453],[27.3195,-52.9047]]},"properties":{"azimuth":92.1,"regime":"Strike-slip","regime_code":"SS","regime_share":0.51,"agreement":0.56,"records":59,"support":44.7}},{"type":"Feature","geometry":{"type":"LineString","coordinates":[[28.3745,-53.0301],[31.0069,-52.7199]]},"properties":{"azimuth":79.0,"regime":"Strike-slip","regime_code":"SS","regime_share":0.7,"agreement":0.59,"records":45,"support":24.9}},{"type":"Feature","geometry":{"type":"LineString","coordinates":[[32.1386,-53.1463],[34.6655,-52.6037]]},"properties":{"azimuth":70.4,"regime":"Strike-slip","regime_code":"SS","regime_share":0.8,"agreement":0.71,"records":16,"support":4.5}},{"type":"Feature","geometry":{"type":"LineString","coordinates":[[106.8437,-52.2188],[108.414,-53.5312]]},"properties":{"azimuth":144.2,"regime":"Normal faulting","regime_code":"NF","regime_share":0.76,"agreement":0.19,"records":8,"support":2.2}},{"type":"Feature","geometry":{"type":"LineString","coordinates":[[110.0361,-53.0637],[112.6443,-52.6863]]},"properties":{"azimuth":76.5,"regime":"Strike-slip","regime_code":"SS","regime_share":0.65,"agreement":0.58,"records":23,"support":7.2}},{"type":"Feature","geometry":{"type":"LineString","coordinates":[[113.7145,-52.9376],[116.3886,-52.8124]]},"properties":{"azimuth":85.6,"regime":"Strike-slip","regime_code":"SS","regime_share":0.57,"agreement":0.58,"records":36,"support":11.2}},{"type":"Feature","geometry":{"type":"LineString","coordinates":[[117.4636,-52.6745],[120.0621,-53.0755]]},"properties":{"azimuth":104.3,"regime":"Normal faulting","regime_code":"NF","regime_share":0.65,"agreement":0.64,"records":45,"support":10.1}},{"type":"Feature","geometry":{"type":"LineString","coordinates":[[121.2041,-52.6153],[123.7443,-53.1347]]},"properties":{"azimuth":108.7,"regime":"Normal faulting","regime_code":"NF","regime_share":0.61,"agreement":0.54,"records":49,"support":9.4}},{"type":"Feature","geometry":{"type":"LineString","coordinates":[[124.8754,-53.0476],[127.4957,-52.7024]]},"properties":{"azimuth":77.7,"regime":"Strike-slip","regime_code":"SS","regime_share":0.77,"agreement":0.2,"records":20,"support":5.3}},{"type":"Feature","geometry":{"type":"LineString","coordinates":[[128.7396,-52.4661],[131.0543,-53.2839]]},"properties":{"azimuth":120.3,"regime":"Strike-slip","regime_code":"SS","regime_share":0.88,"agreement":0.34,"records":8,"support":1.7}},{"type":"Feature","geometry":{"type":"LineString","coordinates":[[132.42,-52.4998],[134.7965,-53.2502]]},"properties":{"azimuth":117.6,"regime":"Strike-slip","regime_code":"SS","regime_share":0.81,"agreement":0.66,"records":25,"support":4.7}},{"type":"Feature","geometry":{"type":"LineString","coordinates":[[136.2606,-52.3785],[138.3786,-53.3715]]},"properties":{"azimuth":127.8,"regime":"Strike-slip","regime_code":"SS","regime_share":0.89,"agreement":0.81,"records":53,"support":30.3}},{"type":"Feature","geometry":{"type":"LineString","coordinates":[[139.9854,-52.3682],[142.0765,-53.3818]]},"properties":{"azimuth":128.8,"regime":"Strike-slip","regime_code":"SS","regime_share":0.91,"agreement":0.86,"records":64,"support":43.7}},{"type":"Feature","geometry":{"type":"LineString","coordinates":[[143.6801,-52.3809],[145.8044,-53.3691]]},"properties":{"azimuth":127.6,"regime":"Strike-slip","regime_code":"SS","regime_share":0.92,"agreement":0.91,"records":74,"support":25.6}},{"type":"Feature","geometry":{"type":"LineString","coordinates":[[147.3338,-52.4296],[149.5734,-53.3204]]},"properties":{"azimuth":123.4,"regime":"Strike-slip","regime_code":"SS","regime_share":0.87,"agreement":0.96,"records":36,"support":9.0}},{"type":"Feature","geometry":{"type":"LineString","coordinates":[[150.8888,-52.6263],[153.4411,-53.1237]]},"properties":{"azimuth":107.9,"regime":"Strike-slip","regime_code":"SS","regime_share":0.86,"agreement":0.94,"records":7,"support":2.0}},{"type":"Feature","geometry":{"type":"LineString","coordinates":[[154.5355,-52.8892],[157.2171,-52.8608]]},"properties":{"azimuth":89.0,"regime":"Strike-slip","regime_code":"SS","regime_share":0.71,"agreement":0.81,"records":41,"support":17.1}},{"type":"Feature","geometry":{"type":"LineString","coordinates":[[158.2485,-52.9185],[160.9267,-52.8315]]},"properties":{"azimuth":86.9,"regime":"Strike-slip","regime_code":"SS","regime_share":0.79,"agreement":0.84,"records":60,"support":33.7}},{"type":"Feature","geometry":{"type":"LineString","coordinates":[[161.9607,-52.9269],[164.6372,-52.8231]]},"properties":{"azimuth":86.3,"regime":"Strike-slip","regime_code":"SS","regime_share":0.83,"agreement":0.89,"records":72,"support":27.1}},{"type":"Feature","geometry":{"type":"LineString","coordinates":[[165.6728,-52.9334],[168.3479,-52.8166]]},"properties":{"azimuth":85.9,"regime":"Strike-slip","regime_code":"SS","regime_share":0.94,"agreement":0.96,"records":34,"support":5.8}},{"type":"Feature","geometry":{"type":"LineString","coordinates":[[-155.5623,-54.7752],[-153.0092,-55.4748]]},"properties":{"azimuth":115.6,"regime":"Normal faulting","regime_code":"NF","regime_share":0.87,"agreement":0.68,"records":12,"support":5.1}},{"type":"Feature","geometry":{"type":"LineString","coordinates":[[-151.743,-55.0798],[-148.9163,-55.1702]]},"properties":{"azimuth":93.2,"regime":"Strike-slip","regime_code":"SS","regime_share":0.48,"agreement":0.56,"records":47,"support":17.0}},{"type":"Feature","geometry":{"type":"LineString","coordinates":[[-147.741,-55.3344],[-145.0063,-54.9156]]},"properties":{"azimuth":75.0,"regime":"Strike-slip","regime_code":"SS","regime_share":0.86,"agreement":0.83,"records":127,"support":53.4}},{"type":"Feature","geometry":{"type":"LineString","coordinates":[[-143.7605,-55.381],[-141.0747,-54.869]]},"properties":{"azimuth":71.6,"regime":"Strike-slip","regime_code":"SS","regime_share":0.92,"agreement":0.87,"records":163,"support":85.3}},{"type":"Feature","geometry":{"type":"LineString","coordinates":[[-139.7892,-55.4057],[-137.1338,-54.8443]]},"properties":{"azimuth":69.7,"regime":"Strike-slip","regime_code":"SS","regime_share":0.93,"agreement":0.85,"records":180,"support":83.6}},{"type":"Feature","geometry":{"type":"LineString","coordinates":[[-135.8139,-55.4338],[-133.1971,-54.8162]]},"properties":{"azimuth":67.6,"regime":"Strike-slip","regime_code":"SS","regime_share":0.96,"agreement":0.89,"records":157,"support":83.3}},{"type":"Feature","geometry":{"type":"LineString","coordinates":[[-131.8395,-55.4582],[-129.2594,-54.7918]]},"properties":{"azimuth":65.7,"regime":"Strike-slip","regime_code":"SS","regime_share":0.96,"agreement":0.93,"records":191,"support":110.8}},{"type":"Feature","geometry":{"type":"LineString","coordinates":[[-127.8723,-55.4719],[-125.3145,-54.7781]]},"properties":{"azimuth":64.6,"regime":"Strike-slip","regime_code":"SS","regime_share":0.95,"agreement":0.95,"records":166,"support":112.4}},{"type":"Feature","geometry":{"type":"LineString","coordinates":[[-123.9034,-55.487],[-121.3713,-54.763]]},"properties":{"azimuth":63.4,"regime":"Strike-slip","regime_code":"SS","regime_share":0.93,"agreement":0.88,"records":154,"support":82.2}},{"type":"Feature","geometry":{"type":"LineString","coordinates":[[-119.9,-55.5368],[-117.4627,-54.7132]]},"properties":{"azimuth":59.4,"regime":"Strike-slip","regime_code":"SS","regime_share":0.92,"agreement":0.65,"records":89,"support":41.3}},{"type":"Feature","geometry":{"type":"LineString","coordinates":[[-115.6816,-55.7218],[-113.769,-54.5282]]},"properties":{"azimuth":42.5,"regime":"Strike-slip","regime_code":"SS","regime_share":0.92,"agreement":0.32,"records":28,"support":10.3}},{"type":"Feature","geometry":{"type":"LineString","coordinates":[[-76.524,-55.3511],[-73.8057,-54.8989]]},"properties":{"azimuth":73.8,"regime":"Strike-slip","regime_code":"SS","regime_share":0.51,"agreement":0.8,"records":2,"support":1.2}},{"type":"Feature","geometry":{"type":"LineString","coordinates":[[-72.5583,-55.3693],[-69.8593,-54.8807]]},"properties":{"azimuth":72.4,"regime":"Strike-slip","regime_code":"SS","regime_share":0.65,"agreement":0.82,"records":6,"support":1.4}},{"type":"Feature","geometry":{"type":"LineString","coordinates":[[-68.511,-55.4958],[-65.9945,-54.7542]]},"properties":{"azimuth":62.7,"regime":"Strike-slip","regime_code":"SS","regime_share":0.6,"agreement":0.93,"records":6,"support":2.1}},{"type":"Feature","geometry":{"type":"LineString","coordinates":[[-64.5525,-55.4985],[-62.0409,-54.7515]]},"properties":{"azimuth":62.5,"regime":"Strike-slip","regime_code":"SS","regime_share":0.64,"agreement":0.96,"records":6,"support":1.8}},{"type":"Feature","geometry":{"type":"LineString","coordinates":[[-60.0683,-55.8193],[-58.6131,-54.4307]]},"properties":{"azimuth":30.9,"regime":"Strike-slip","regime_code":"SS","regime_share":1.0,"agreement":0.92,"records":6,"support":2.0}},{"type":"Feature","geometry":{"type":"LineString","coordinates":[[-56.0627,-55.8355],[-54.7066,-54.4145]]},"properties":{"azimuth":28.6,"regime":"Strike-slip","regime_code":"SS","regime_share":1.0,"agreement":1.0,"records":5,"support":4.3}},{"type":"Feature","geometry":{"type":"LineString","coordinates":[[-52.1084,-55.8349],[-50.7488,-54.4151]]},"properties":{"azimuth":28.7,"regime":"Strike-slip","regime_code":"SS","regime_share":1.0,"agreement":1.0,"records":5,"support":2.8}},{"type":"Feature","geometry":{"type":"LineString","coordinates":[[-40.1449,-55.8622],[-38.976,-54.3878]]},"properties":{"azimuth":24.4,"regime":"Thrust faulting","regime_code":"TF","regime_share":0.95,"agreement":0.93,"records":7,"support":2.5}},{"type":"Feature","geometry":{"type":"LineString","coordinates":[[-36.276,-55.8375],[-34.9327,-54.4125]]},"properties":{"azimuth":28.3,"regime":"Thrust faulting","regime_code":"TF","regime_share":0.59,"agreement":0.79,"records":29,"support":10.9}},{"type":"Feature","geometry":{"type":"LineString","coordinates":[[-32.6153,-55.7161],[-30.6814,-54.5339]]},"properties":{"azimuth":43.1,"regime":"Thrust faulting","regime_code":"TF","regime_share":0.65,"agreement":0.7,"records":131,"support":61.8}},{"type":"Feature","geometry":{"type":"LineString","coordinates":[[-28.819,-55.615],[-26.5656,-54.635]]},"properties":{"azimuth":52.7,"regime":"Thrust faulting","regime_code":"TF","regime_share":0.71,"agreement":0.6,"records":194,"support":125.7}},{"type":"Feature","geometry":{"type":"LineString","coordinates":[[-24.9653,-55.5265],[-22.5072,-54.7235]]},"properties":{"azimuth":60.3,"regime":"Thrust faulting","regime_code":"TF","regime_share":0.72,"agreement":0.51,"records":202,"support":98.2}},{"type":"Feature","geometry":{"type":"LineString","coordinates":[[-21.1187,-55.3885],[-18.4418,-54.8615]]},"properties":{"azimuth":71.0,"regime":"Thrust faulting","regime_code":"TF","regime_share":0.58,"agreement":0.32,"records":97,"support":23.5}},{"type":"Feature","geometry":{"type":"LineString","coordinates":[[-16.9713,-55.5992],[-14.6771,-54.6508]]},"properties":{"azimuth":54.1,"regime":"Strike-slip","regime_code":"SS","regime_share":1.0,"agreement":0.5,"records":13,"support":3.7}},{"type":"Feature","geometry":{"type":"LineString","coordinates":[[-12.7546,-55.756],[-10.9817,-54.494]]},"properties":{"azimuth":38.8,"regime":"Strike-slip","regime_code":"SS","regime_share":0.95,"agreement":0.76,"records":35,"support":7.9}},{"type":"Feature","geometry":{"type":"LineString","coordinates":[[-8.6581,-55.8129],[-7.1661,-54.4371]]},"properties":{"azimuth":31.8,"regime":"Strike-slip","regime_code":"SS","regime_share":0.8,"agreement":0.41,"records":54,"support":15.6}},{"type":"Feature","geometry":{"type":"LineString","coordinates":[[-5.1527,-54.6927],[-2.7593,-55.5573]]},"properties":{"azimuth":122.3,"regime":"Strike-slip","regime_code":"SS","regime_share":0.71,"agreement":0.09,"records":54,"support":28.5}},{"type":"Feature","geometry":{"type":"LineString","coordinates":[[-1.3413,-54.8663],[1.3413,-55.3837]]},"properties":{"azimuth":108.6,"regime":"Strike-slip","regime_code":"SS","regime_share":0.69,"agreement":0.41,"records":56,"support":33.0}},{"type":"Feature","geometry":{"type":"LineString","coordinates":[[2.5657,-54.9729],[5.3464,-55.2771]]},"properties":{"azimuth":100.8,"regime":"Strike-slip","regime_code":"SS","regime_share":0.6,"agreement":0.69,"records":69,"support":35.0}},{"type":"Feature","geometry":{"type":"LineString","coordinates":[[6.51,-55.0138],[9.3142,-55.2362]]},"properties":{"azimuth":97.9,"regime":"Strike-slip","regime_code":"SS","regime_share":0.53,"agreement":0.76,"records":55,"support":33.7}},{"type":"Feature","geometry":{"type":"LineString","coordinates":[[10.4608,-55.0379],[13.2755,-55.2121]]},"properties":{"azimuth":96.2,"regime":"Normal faulting","regime_code":"NF","regime_share":0.6,"agreement":0.82,"records":56,"support":20.2}},{"type":"Feature","geometry":{"type":"LineString","coordinates":[[14.46,-54.909],[17.1884,-55.341]]},"properties":{"azimuth":105.5,"regime":"Normal faulting","regime_code":"NF","regime_share":0.99,"agreement":0.92,"records":38,"support":11.1}},{"type":"Feature","geometry":{"type":"LineString","coordinates":[[18.4562,-54.8387],[21.1042,-55.4113]]},"properties":{"azimuth":110.7,"regime":"Normal faulting","regime_code":"NF","regime_share":0.94,"agreement":0.86,"records":47,"support":17.4}},{"type":"Feature","geometry":{"type":"LineString","coordinates":[[22.3596,-54.9367],[25.113,-55.3133]]},"properties":{"azimuth":103.5,"regime":"Normal faulting","regime_code":"NF","regime_share":0.67,"agreement":0.62,"records":62,"support":26.8}},{"type":"Feature","geometry":{"type":"LineString","coordinates":[[26.2769,-55.136],[29.1077,-55.114]]},"properties":{"azimuth":89.2,"regime":"Strike-slip","regime_code":"SS","regime_share":0.57,"agreement":0.52,"records":52,"support":20.7}},{"type":"Feature","geometry":{"type":"LineString","coordinates":[[30.2848,-55.3424],[33.0119,-54.9076]]},"properties":{"azimuth":74.4,"regime":"Strike-slip","regime_code":"SS","regime_share":0.77,"agreement":0.62,"records":26,"support":5.3}},{"type":"Feature","geometry":{"type":"LineString","coordinates":[[133.4537,-54.5833],[135.5573,-55.6667]]},"properties":{"azimuth":132.0,"regime":"Strike-slip","regime_code":"SS","regime_share":1.0,"agreement":0.87,"records":14,"support":2.6}},{"type":"Feature","geometry":{"type":"LineString","coordinates":[[137.3666,-54.6121],[139.5565,-55.6379]]},"properties":{"azimuth":129.3,"regime":"Strike-slip","regime_code":"SS","regime_share":0.94,"agreement":0.87,"records":48,"support":19.0}},{"type":"Feature","geometry":{"type":"LineString","coordinates":[[141.2861,-54.6386],[143.549,-55.6114]]},"properties":{"azimuth":126.9,"regime":"Strike-slip","regime_code":"SS","regime_share":0.94,"agreement":0.93,"records":81,"support":35.1}},{"type":"Feature","geometry":{"type":"LineString","coordinates":[[145.1867,-54.6839],[147.5605,-55.5661]]},"properties":{"azimuth":123.0,"regime":"Strike-slip","regime_code":"SS","regime_share":0.9,"agreement":0.96,"records":73,"support":40.1}},{"type":"Feature","geometry":{"type":"LineString","coordinates":[[149.107,-54.7172],[151.5524,-55.5328]]},"properties":{"azimuth":120.3,"regime":"Strike-slip","regime_code":"SS","regime_share":0.89,"agreement":0.95,"records":66,"support":25.4}},{"type":"Feature","geometry":{"type":"LineString","coordinates":[[152.8766,-55.202],[155.6948,-55.048]]},"properties":{"azimuth":84.5,"regime":"Thrust faulting","regime_code":"TF","regime_share":0.5,"agreement":0.69,"records":37,"support":13.4}},{"type":"Feature","geometry":{"type":"LineString","coordinates":[[156.847,-55.2631],[159.6365,-54.9869]]},"properties":{"azimuth":80.2,"regime":"Strike-slip","regime_code":"SS","regime_share":0.5,"agreement":0.74,"records":49,"support":25.9}},{"type":"Feature","geometry":{"type":"LineString","coordinates":[[160.8065,-55.2742],[163.5891,-54.9758]]},"properties":{"azimuth":79.4,"regime":"Strike-slip","regime_code":"SS","regime_share":0.55,"agreement":0.81,"records":45,"support":15.9}},{"type":"Feature","geometry":{"type":"LineString","coordinates":[[-162.0543,-58.0262],[-160.2712,-56.7238]]},"properties":{"azimuth":36.4,"regime":"Thrust faulting","regime_code":"TF","regime_share":1.0,"agreement":0.66,"records":3,"support":1.7}},{"type":"Feature","geometry":{"type":"LineString","coordinates":[[-158.4751,-57.4251],[-155.4784,-57.3249]]},"properties":{"azimuth":86.5,"regime":"Normal faulting","regime_code":"NF","regime_share":0.39,"agreement":0.31,"records":24,"support":6.4}},{"type":"Feature","geometry":{"type":"LineString","coordinates":[[-154.2889,-57.4266],[-151.2925,-57.3234]]},"properties":{"azimuth":86.3,"regime":"Strike-slip","regime_code":"SS","regime_share":0.58,"agreement":0.52,"records":44,"support":23.5}},{"type":"Feature","geometry":{"type":"LineString","coordinates":[[-150.0656,-57.5613],[-147.1437,-57.1887]]},"properties":{"azimuth":76.7,"regime":"Strike-slip","regime_code":"SS","regime_share":0.8,"agreement":0.72,"records":130,"support":52.9}},{"type":"Feature","geometry":{"type":"LineString","coordinates":[[-145.8444,-57.6283],[-142.9928,-57.1217]]},"properties":{"azimuth":71.8,"regime":"Strike-slip","regime_code":"SS","regime_share":0.89,"agreement":0.83,"records":152,"support":96.0}},{"type":"Feature","geometry":{"type":"LineString","coordinates":[[-141.6431,-57.6521],[-138.822,-57.0979]]},"properties":{"azimuth":70.0,"regime":"Strike-slip","regime_code":"SS","regime_share":0.87,"agreement":0.78,"records":162,"support":98.5}},{"type":"Feature","geometry":{"type":"LineString","coordinates":[[-137.4415,-57.6741],[-134.6515,-57.0759]]},"properties":{"azimuth":68.3,"regime":"Strike-slip","regime_code":"SS","regime_share":0.85,"agreement":0.71,"records":165,"support":52.0}},{"type":"Feature","geometry":{"type":"LineString","coordinates":[[-133.2305,-57.706],[-130.4905,-57.044]]},"properties":{"azimuth":65.9,"regime":"Strike-slip","regime_code":"SS","regime_share":0.96,"agreement":0.92,"records":149,"support":49.0}},{"type":"Feature","geometry":{"type":"LineString","coordinates":[[-129.0296,-57.7233],[-126.3193,-57.0267]]},"properties":{"azimuth":64.5,"regime":"Strike-slip","regime_code":"SS","regime_share":0.96,"agreement":0.95,"records":151,"support":72.0}},{"type":"Feature","geometry":{"type":"LineString","coordinates":[[-124.8377,-57.7298],[-122.139,-57.0202]]},"properties":{"azimuth":64.0,"regime":"Strike-slip","regime_code":"SS","regime_share":0.93,"agreement":0.94,"records":135,"support":61.7}},{"type":"Feature","geometry":{"type":"LineString","coordinates":[[-120.6375,-57.745],[-117.9671,-57.005]]},"properties":{"azimuth":62.8,"regime":"Strike-slip","regime_code":"SS","regime_share":0.93,"agreement":0.92,"records":80,"support":27.8}},{"type":"Feature","geometry":{"type":"LineString","coordinates":[[-116.3984,-57.7961],[-113.8341,-56.9539]]},"properties":{"azimuth":58.7,"regime":"Strike-slip","regime_code":"SS","regime_share":1.0,"agreement":0.86,"records":13,"support":2.7}},{"type":"Feature","geometry":{"type":"LineString","coordinates":[[-70.3761,-57.7738],[-67.7634,-56.9762]]},"properties":{"azimuth":60.5,"regime":"Strike-slip","regime_code":"SS","regime_share":0.59,"agreement":0.97,"records":8,"support":3.9}},{"type":"Feature","geometry":{"type":"LineString","coordinates":[[-66.2175,-57.7465],[-63.55,-57.0035]]},"properties":{"azimuth":62.7,"regime":"Strike-slip","regime_code":"SS","regime_share":0.65,"agreement":0.96,"records":10,"support":6.4}},{"type":"Feature","geometry":{"type":"LineString","coordinates":[[-62.1104,-57.6489],[-59.285,-57.1011]]},"properties":{"azimuth":70.2,"regime":"Strike-slip","regime_code":"SS","regime_share":0.73,"agreement":0.94,"records":16,"support":5.8}},{"type":"Feature","geometry":{"type":"LineString","coordinates":[[-57.9091,-57.6708],[-55.1142,-57.0792]]},"properties":{"azimuth":68.6,"regime":"Strike-slip","regime_code":"SS","regime_share":0.88,"agreement":0.71,"records":19,"support":5.4}},{"type":"Feature","geometry":{"type":"LineString","coordinates":[[-53.4438,-57.915],[-51.2074,-56.835]]},"properties":{"azimuth":48.1,"regime":"Strike-slip","regime_code":"SS","regime_share":0.66,"agreement":0.73,"records":27,"support":5.3}},{"type":"Feature","geometry":{"type":"LineString","coordinates":[[-49.2491,-57.9202],[-47.0299,-56.8298]]},"properties":{"azimuth":47.7,"regime":"Normal faulting","regime_code":"NF","regime_share":0.55,"agreement":0.78,"records":23,"support":6.4}},{"type":"Feature","geometry":{"type":"LineString","coordinates":[[-45.1469,-57.866],[-42.76,-56.884]]},"properties":{"azimuth":52.7,"regime":"Normal faulting","regime_code":"NF","regime_share":0.54,"agreement":0.51,"records":23,"support":5.7}},{"type":"Feature","geometry":{"type":"LineString","coordinates":[[-40.4676,-58.091],[-39.0673,-56.659]]},"properties":{"azimuth":27.8,"regime":"Thrust faulting","regime_code":"TF","regime_share":0.48,"agreement":0.38,"records":13,"support":3.2}},{"type":"Feature","geometry":{"type":"LineString","coordinates":[[-36.3794,-58.0606],[-34.7834,-56.6894]]},"properties":{"azimuth":32.1,"regime":"Strike-slip","regime_code":"SS","regime_share":0.46,"agreement":0.85,"records":35,"support":9.8}},{"type":"Feature","geometry":{"type":"LineString","coordinates":[[-32.5818,-57.871],[-30.2089,-56.879]]},"properties":{"azimuth":52.2,"regime":"Thrust faulting","regime_code":"TF","regime_share":0.69,"agreement":0.54,"records":230,"support":69.5}},{"type":"Feature","geometry":{"type":"LineString","coordinates":[[-28.5683,-57.7189],[-25.8503,-57.0311]]},"properties":{"azimuth":64.9,"regime":"Thrust faulting","regime_code":"TF","regime_share":0.73,"agreement":0.47,"records":276,"support":159.4}},{"type":"Feature","geometry":{"type":"LineString","coordinates":[[-24.4278,-57.6608],[-21.6187,-57.0892]]},"properties":{"azimuth":69.3,"regime":"Thrust faulting","regime_code":"TF","regime_share":0.68,"agreement":0.42,"records":292,"support":139.2}},{"type":"Feature","geometry":{"type":"LineString","coordinates":[[-20.015,-57.8769],[-17.6595,-56.8731]]},"properties":{"azimuth":51.7,"regime":"Thrust faulting","regime_code":"TF","regime_share":0.43,"agreement":0.31,"records":166,"support":49.4}},{"type":"Feature","geometry":{"type":"LineString","coordinates":[[-15.5228,-58.034],[-13.7796,-56.716]]},"properties":{"azimuth":35.5,"regime":"Strike-slip","regime_code":"SS","regime_share":0.91,"agreement":0.76,"records":50,"support":22.3}},{"type":"Feature","geometry":{"type":"LineString","coordinates":[[-11.3588,-58.0254],[-9.5715,-56.7246]]},"properties":{"azimuth":36.5,"regime":"Strike-slip","regime_code":"SS","regime_share":0.95,"agreement":0.88,"records":45,"support":25.6}},{"type":"Feature","geometry":{"type":"LineString","coordinates":[[-7.0846,-58.058],[-5.4735,-56.692]]},"properties":{"azimuth":32.5,"regime":"Strike-slip","regime_code":"SS","regime_share":0.83,"agreement":0.74,"records":46,"support":24.5}},{"type":"Feature","geometry":{"type":"LineString","coordinates":[[-2.8034,-58.0881],[-1.3827,-56.6619]]},"properties":{"azimuth":28.2,"regime":"Strike-slip","regime_code":"SS","regime_share":0.72,"agreement":0.19,"records":53,"support":20.1}},{"type":"Feature","geometry":{"type":"LineString","coordinates":[[0.6447,-57.162],[3.5414,-57.588]]},"properties":{"azimuth":105.3,"regime":"Strike-slip","regime_code":"SS","regime_share":0.64,"agreement":0.38,"records":46,"support":12.7}},{"type":"Feature","geometry":{"type":"LineString","coordinates":[[4.8024,-57.2292],[7.7558,-57.5208]]},"properties":{"azimuth":100.4,"regime":"Strike-slip","regime_code":"SS","regime_share":0.54,"agreement":0.73,"records":41,"support":10.6}},{"type":"Feature","geometry":{"type":"LineString","coordinates":[[8.9934,-57.2151],[11.9368,-57.5349]]},"properties":{"azimuth":101.4,"regime":"Normal faulting","regime_code":"NF","regime_share":0.56,"agreement":0.67,"records":25,"support":4.6}},{"type":"Feature","geometry":{"type":"LineString","coordinates":[[139.0131,-56.9029],[141.452,-57.8471]]},"properties":{"azimuth":125.7,"regime":"Strike-slip","regime_code":"SS","regime_share":0.93,"agreement":0.95,"records":52,"support":9.3}},{"type":"Feature","geometry":{"type":"LineString","coordinates":[[143.1334,-56.9566],[145.7038,-57.7934]]},"properties":{"azimuth":121.1,"regime":"Strike-slip","regime_code":"SS","regime_share":0.91,"agreement":0.96,"records":78,"support":38.7}},{"type":"Feature","geometry":{"type":"LineString","coordinates":[[147.301,-56.9736],[149.9083,-57.7764]]},"properties":{"azimuth":119.7,"regime":"Strike-slip","regime_code":"SS","regime_share":0.92,"agreement":0.97,"records":88,"support":55.6}},{"type":"Feature","geometry":{"type":"LineString","coordinates":[[151.4149,-57.051],[154.1665,-57.699]]},"properties":{"azimuth":113.6,"regime":"Strike-slip","regime_code":"SS","regime_share":0.86,"agreement":0.75,"records":124,"support":38.9}},{"type":"Feature","geometry":{"type":"LineString","coordinates":[[155.5842,-57.6775],[158.3692,-57.0725]]},"properties":{"azimuth":68.1,"regime":"Thrust faulting","regime_code":"TF","regime_share":0.5,"agreement":0.51,"records":49,"support":22.4}},{"type":"Feature","geometry":{"type":"LineString","coordinates":[[159.9195,-57.8287],[162.4061,-56.9213]]},"properties":{"azimuth":55.9,"regime":"Thrust faulting","regime_code":"TF","regime_share":0.55,"agreement":0.62,"records":38,"support":15.5}},{"type":"Feature","geometry":{"type":"LineString","coordinates":[[164.3936,-57.9994],[166.304,-56.7506]]},"properties":{"azimuth":39.5,"regime":"Strike-slip","regime_code":"SS","regime_share":0.63,"agreement":0.81,"records":8,"support":1.3}},{"type":"Feature","geometry":{"type":"LineString","coordinates":[[-170.4039,-59.8862],[-167.3738,-59.3638]]},"properties":{"azimuth":71.2,"regime":"Strike-slip","regime_code":"SS","regime_share":1.0,"agreement":0.91,"records":9,"support":1.3}},{"type":"Feature","geometry":{"type":"LineString","coordinates":[[-166.0006,-59.8146],[-162.8883,-59.4354]]},"properties":{"azimuth":76.5,"regime":"Strike-slip","regime_code":"SS","regime_share":0.78,"agreement":0.81,"records":32,"support":7.9}},{"type":"Feature","geometry":{"type":"LineString","coordinates":[[-161.5642,-59.7968],[-158.4358,-59.4532]]},"properties":{"azimuth":77.7,"regime":"Strike-slip","regime_code":"SS","regime_share":0.74,"agreement":0.79,"records":44,"support":12.9}},{"type":"Feature","geometry":{"type":"LineString","coordinates":[[-157.1233,-59.7883],[-153.9878,-59.4617]]},"properties":{"azimuth":78.4,"regime":"Strike-slip","regime_code":"SS","regime_share":0.77,"agreement":0.67,"records":59,"support":17.6}},{"type":"Feature","geometry":{"type":"LineString","coordinates":[[-152.6612,-59.8269],[-149.561,-59.4231]]},"properties":{"azimuth":75.6,"regime":"Strike-slip","regime_code":"SS","regime_share":0.83,"agreement":0.64,"records":44,"support":27.1}},{"type":"Feature","geometry":{"type":"LineString","coordinates":[[-148.1876,-59.8773],[-145.1458,-59.3727]]},"properties":{"azimuth":71.8,"regime":"Strike-slip","regime_code":"SS","regime_share":0.87,"agreement":0.73,"records":140,"support":38.7}},{"type":"Feature","geometry":{"type":"LineString","coordinates":[[-143.7183,-59.9128],[-140.7261,-59.3372]]},"properties":{"azimuth":69.2,"regime":"Strike-slip","regime_code":"SS","regime_share":0.82,"agreement":0.67,"records":130,"support":45.6}},{"type":"Feature","geometry":{"type":"LineString","coordinates":[[-139.2371,-59.9575],[-136.3184,-59.2925]]},"properties":{"azimuth":65.7,"regime":"Strike-slip","regime_code":"SS","regime_share":0.67,"agreement":0.41,"records":77,"support":25.1}},{"type":"Feature","geometry":{"type":"LineString","coordinates":[[-133.7913,-58.8494],[-132.8754,-60.4006]]},"properties":{"azimuth":163.4,"regime":"Thrust faulting","regime_code":"TF","regime_share":0.91,"agreement":0.82,"records":11,"support":2.5}},{"type":"Feature","geometry":{"type":"LineString","coordinates":[[-130.3766,-59.9237],[-127.4012,-59.3263]]},"properties":{"azimuth":68.3,"regime":"Strike-slip","regime_code":"SS","regime_share":0.86,"agreement":0.72,"records":7,"support":1.1}},{"type":"Feature","geometry":{"type":"LineString","coordinates":[[-125.8823,-59.9807],[-123.0066,-59.2693]]},"properties":{"azimuth":63.9,"regime":"Strike-slip","regime_code":"SS","regime_share":0.92,"agreement":0.95,"records":53,"support":9.7}},{"type":"Feature","geometry":{"type":"LineString","coordinates":[[-121.3905,-60.026],[-118.6095,-59.224]]},"properties":{"azimuth":60.3,"regime":"Strike-slip","regime_code":"SS","regime_share":1.0,"agreement":1.0,"records":13,"support":2.3}},{"type":"Feature","geometry":{"type":"LineString","coordinates":[[-72.4857,-60.0397],[-69.7365,-59.2103]]},"properties":{"azimuth":59.2,"regime":"Strike-slip","regime_code":"SS","regime_share":0.56,"agreement":0.95,"records":11,"support":3.2}},{"type":"Feature","geometry":{"type":"LineString","coordinates":[[-68.0514,-60.031],[-65.282,-59.219]]},"properties":{"azimuth":59.9,"regime":"Strike-slip","regime_code":"SS","regime_share":0.66,"agreement":0.94,"records":14,"support":7.8}},{"type":"Feature","geometry":{"type":"LineString","coordinates":[[-63.7151,-59.917],[-60.7293,-59.333]]},"properties":{"azimuth":68.9,"regime":"Strike-slip","regime_code":"SS","regime_share":0.71,"agreement":0.9,"records":27,"support":11.7}},{"type":"Feature","geometry":{"type":"LineString","coordinates":[[-59.3121,-59.8556],[-56.2435,-59.3944]]},"properties":{"azimuth":73.4,"regime":"Strike-slip","regime_code":"SS","regime_share":0.76,"agreement":0.81,"records":25,"support":13.5}},{"type":"Feature","geometry":{"type":"LineString","coordinates":[[-54.6811,-60.0617],[-51.9856,-59.1883]]},"properties":{"azimuth":57.4,"regime":"Strike-slip","regime_code":"SS","regime_share":0.6,"agreement":0.71,"records":38,"support":17.4}},{"type":"Feature","geometry":{"type":"LineString","coordinates":[[-50.0842,-60.1633],[-47.6936,-59.0867]]},"properties":{"azimuth":48.3,"regime":"Normal faulting","regime_code":"NF","regime_share":0.55,"agreement":0.71,"records":39,"support":22.6}},{"type":"Feature","geometry":{"type":"LineString","coordinates":[[-45.689,-60.134],[-43.1999,-59.116]]},"properties":{"azimuth":51.0,"regime":"Normal faulting","regime_code":"NF","regime_share":0.6,"agreement":0.54,"records":32,"support":20.2}},{"type":"Feature","geometry":{"type":"LineString","coordinates":[[-41.2954,-60.1004],[-38.7046,-59.1496]]},"properties":{"azimuth":54.0,"regime":"Normal faulting","regime_code":"NF","regime_share":0.53,"agreement":0.51,"records":36,"support":12.9}},{"type":"Feature","geometry":{"type":"LineString","coordinates":[[-36.7048,-60.1884],[-34.4063,-59.0616]]},"properties":{"azimuth":45.9,"regime":"Strike-slip","regime_code":"SS","regime_share":0.66,"agreement":0.73,"records":30,"support":14.4}},{"type":"Feature","geometry":{"type":"LineString","coordinates":[[-32.6646,-59.8201],[-29.5577,-59.4299]]},"properties":{"azimuth":76.0,"regime":"Thrust faulting","regime_code":"TF","regime_share":0.51,"agreement":0.33,"records":140,"support":49.1}},{"type":"Feature","geometry":{"type":"LineString","coordinates":[[-28.2493,-59.7463],[-25.0841,-59.5037]]},"properties":{"azimuth":81.4,"regime":"Thrust faulting","regime_code":"TF","regime_share":0.63,"agreement":0.39,"records":239,"support":127.7}},{"type":"Feature","geometry":{"type":"LineString","coordinates":[[-23.7446,-59.8751],[-20.6999,-59.3749]]},"properties":{"azimuth":72.0,"regime":"Thrust faulting","regime_code":"TF","regime_share":0.51,"agreement":0.31,"records":219,"support":119.3}},{"type":"Feature","geometry":{"type":"LineString","coordinates":[[-18.6917,-60.2895],[-16.8638,-58.9605]]},"properties":{"azimuth":34.8,"regime":"Strike-slip","regime_code":"SS","regime_share":0.58,"agreement":0.44,"records":135,"support":52.4}},{"type":"Feature","geometry":{"type":"LineString","coordinates":[[-14.2122,-60.3015],[-12.4545,-58.9485]]},"properties":{"azimuth":33.3,"regime":"Strike-slip","regime_code":"SS","regime_share":0.87,"agreement":0.77,"records":63,"support":29.0}},{"type":"Feature","geometry":{"type":"LineString","coordinates":[[-9.84,-60.276],[-7.9378,-58.974]]},"properties":{"azimuth":36.5,"regime":"Strike-slip","regime_code":"SS","regime_share":0.96,"agreement":0.89,"records":37,"support":20.4}},{"type":"Feature","geometry":{"type":"LineString","coordinates":[[-5.359,-60.2893],[-3.5299,-58.9607]]},"properties":{"azimuth":34.8,"regime":"Strike-slip","regime_code":"SS","regime_share":0.92,"agreement":0.82,"records":31,"support":11.0}},{"type":"Feature","geometry":{"type":"LineString","coordinates":[[-0.2158,-60.427],[0.2158,-58.823]]},"properties":{"azimuth":7.7,"regime":"Strike-slip","regime_code":"SS","regime_share":0.7,"agreement":0.41,"records":8,"support":1.5}},{"type":"Feature","geometry":{"type":"LineString","coordinates":[[140.7942,-59.2593],[143.6502,-59.9907]]},"properties":{"azimuth":116.9,"regime":"Strike-slip","regime_code":"SS","regime_share":0.9,"agreement":0.82,"records":54,"support":10.4}},{"type":"Feature","geometry":{"type":"LineString","coordinates":[[145.2312,-59.2669],[148.1021,-59.9831]]},"properties":{"azimuth":116.3,"regime":"Strike-slip","regime_code":"SS","regime_share":0.93,"agreement":0.88,"records":108,"support":44.7}},{"type":"Feature","geometry":{"type":"LineString","coordinates":[[149.639,-59.3072],[152.5832,-59.9428]]},"properties":{"azimuth":113.1,"regime":"Strike-slip","regime_code":"SS","regime_share":0.94,"agreement":0.91,"records":156,"support":74.3}},{"type":"Feature","geometry":{"type":"LineString","coordinates":[[154.0235,-59.3905],[157.0876,-59.8595]]},"properties":{"azimuth":106.8,"regime":"Strike-slip","regime_code":"SS","regime_share":0.9,"agreement":0.72,"records":151,"support":70.3}},{"type":"Feature","geometry":{"type":"LineString","coordinates":[[158.4039,-59.5638],[161.5961,-59.6862]]},"properties":{"azimuth":94.3,"regime":"Strike-slip","regime_code":"SS","regime_share":0.87,"agreement":0.49,"records":140,"support":46.4}},{"type":"Feature","geometry":{"type":"LineString","coordinates":[[162.8486,-59.6878],[166.0403,-59.5622]]},"properties":{"azimuth":85.5,"regime":"Strike-slip","regime_code":"SS","regime_share":0.91,"agreement":0.54,"records":57,"support":21.1}},{"type":"Feature","geometry":{"type":"LineString","coordinates":[[167.3029,-59.7342],[170.4749,-59.5158]]},"properties":{"azimuth":82.2,"regime":"Strike-slip","regime_code":"SS","regime_share":0.63,"agreement":0.66,"records":55,"support":12.2}},{"type":"Feature","geometry":{"type":"LineString","coordinates":[[171.9169,-60.002],[174.7498,-59.248]]},"properties":{"azimuth":62.2,"regime":"Normal faulting","regime_code":"NF","regime_share":0.71,"agreement":0.62,"records":30,"support":5.4}},{"type":"Feature","geometry":{"type":"LineString","coordinates":[[-179.3162,-61.851],[-175.8838,-61.899]]},"properties":{"azimuth":91.7,"regime":"Strike-slip","regime_code":"SS","regime_share":0.77,"agreement":0.92,"records":37,"support":7.0}},{"type":"Feature","geometry":{"type":"LineString","coordinates":[[-174.3397,-62.2332],[-171.2603,-61.5168]]},"properties":{"azimuth":63.7,"regime":"Strike-slip","regime_code":"SS","regime_share":0.86,"agreement":0.69,"records":19,"support":4.6}},{"type":"Feature","geometry":{"type":"LineString","coordinates":[[-169.6167,-62.1476],[-166.3833,-61.6024]]},"properties":{"azimuth":70.3,"regime":"Strike-slip","regime_code":"SS","regime_share":0.91,"agreement":0.76,"records":40,"support":18.4}},{"type":"Feature","geometry":{"type":"LineString","coordinates":[[-164.8722,-62.0588],[-161.5278,-61.6912]]},"properties":{"azimuth":76.9,"regime":"Strike-slip","regime_code":"SS","regime_share":0.9,"agreement":0.82,"records":60,"support":36.2}},{"type":"Feature","geometry":{"type":"LineString","coordinates":[[-160.0939,-62.0073],[-156.7061,-61.7427]]},"properties":{"azimuth":80.6,"regime":"Strike-slip","regime_code":"SS","regime_share":0.89,"agreement":0.87,"records":52,"support":33.4}},{"type":"Feature","geometry":{"type":"LineString","coordinates":[[-155.2862,-62.0276],[-151.9138,-61.7224]]},"properties":{"azimuth":79.1,"regime":"Strike-slip","regime_code":"SS","regime_share":0.95,"agreement":0.86,"records":50,"support":19.9}},{"type":"Feature","geometry":{"type":"LineString","coordinates":[[-150.4178,-62.1462],[-147.1822,-61.6038]]},"properties":{"azimuth":70.4,"regime":"Strike-slip","regime_code":"SS","regime_share":1.0,"agreement":0.76,"records":21,"support":8.6}},{"type":"Feature","geometry":{"type":"LineString","coordinates":[[-145.6204,-62.1427],[-142.3796,-61.6073]]},"properties":{"azimuth":70.7,"regime":"Strike-slip","regime_code":"SS","regime_share":0.66,"agreement":0.4,"records":11,"support":1.8}},{"type":"Feature","geometry":{"type":"LineString","coordinates":[[-139.6645,-61.0958],[-138.7355,-62.6542]]},"properties":{"azimuth":164.3,"regime":"Thrust faulting","regime_code":"TF","regime_share":1.0,"agreement":0.8,"records":10,"support":2.3}},{"type":"Feature","geometry":{"type":"LineString","coordinates":[[-73.4591,-62.3016],[-70.5409,-61.4484]]},"properties":{"azimuth":58.2,"regime":"Thrust faulting","regime_code":"TF","regime_share":0.53,"agreement":0.95,"records":7,"support":2.8}},{"type":"Feature","geometry":{"type":"LineString","coordinates":[[-68.6431,-62.3136],[-65.7569,-61.4364]]},"properties":{"azimuth":57.2,"regime":"Strike-slip","regime_code":"SS","regime_share":0.52,"agreement":0.92,"records":11,"support":6.4}},{"type":"Feature","geometry":{"type":"LineString","coordinates":[[-63.9687,-62.2041],[-60.8313,-61.5459]]},"properties":{"azimuth":66.0,"regime":"Strike-slip","regime_code":"SS","regime_share":0.58,"agreement":0.86,"records":23,"support":10.7}},{"type":"Feature","geometry":{"type":"LineString","coordinates":[[-59.1954,-62.1741],[-56.0046,-61.5759]]},"properties":{"azimuth":68.3,"regime":"Strike-slip","regime_code":"SS","regime_share":0.63,"agreement":0.75,"records":28,"support":14.3}},{"type":"Feature","geometry":{"type":"LineString","coordinates":[[-54.1786,-62.3575],[-51.4214,-61.3925]]},"properties":{"azimuth":53.4,"regime":"Strike-slip","regime_code":"SS","regime_share":0.56,"agreement":0.71,"records":36,"support":17.5}},{"type":"Feature","geometry":{"type":"LineString","coordinates":[[-49.2518,-62.429],[-46.7482,-61.321]]},"properties":{"azimuth":46.8,"regime":"Normal faulting","regime_code":"NF","regime_share":0.59,"agreement":0.67,"records":34,"support":20.7}},{"type":"Feature","geometry":{"type":"LineString","coordinates":[[-44.5696,-62.3631],[-41.8304,-61.3869]]},"properties":{"azimuth":52.9,"regime":"Normal faulting","regime_code":"NF","regime_share":0.63,"agreement":0.47,"records":32,"support":16.5}},{"type":"Feature","geometry":{"type":"LineString","coordinates":[[-39.7667,-62.3649],[-37.0333,-61.3851]]},"properties":{"azimuth":52.7,"regime":"Strike-slip","regime_code":"SS","regime_share":0.53,"agreement":0.58,"records":26,"support":12.2}},{"type":"Feature","geometry":{"type":"LineString","coordinates":[[-34.892,-62.4081],[-32.308,-61.3419]]},"properties":{"azimuth":48.8,"regime":"Strike-slip","regime_code":"SS","regime_share":0.62,"agreement":0.54,"records":41,"support":18.1}},{"type":"Feature","geometry":{"type":"LineString","coordinates":[[-30.4947,-62.005],[-27.1053,-61.745]]},"properties":{"azimuth":80.8,"regime":"Thrust faulting","regime_code":"TF","regime_share":0.45,"agreement":0.33,"records":118,"support":50.4}},{"type":"Feature","geometry":{"type":"LineString","coordinates":[[-25.6502,-62.0986],[-22.3498,-61.6514]]},"properties":{"azimuth":74.0,"regime":"Thrust faulting","regime_code":"TF","regime_share":0.4,"agreement":0.3,"records":145,"support":71.6}},{"type":"Feature","geometry":{"type":"LineString","coordinates":[[-20.3403,-62.4801],[-18.0597,-61.2699]]},"properties":{"azimuth":41.6,"regime":"Strike-slip","regime_code":"SS","regime_share":0.48,"agreement":0.38,"records":106,"support":41.7}},{"type":"Feature","geometry":{"type":"LineString","coordinates":[[-15.2025,-62.5905],[-13.5975,-61.1595]]},"properties":{"azimuth":27.9,"regime":"Strike-slip","regime_code":"SS","regime_share":0.71,"agreement":0.68,"records":48,"support":14.8}},{"type":"Feature","geometry":{"type":"LineString","coordinates":[[-10.6577,-62.5126],[-8.5423,-61.2374]]},"properties":{"azimuth":38.0,"regime":"Strike-slip","regime_code":"SS","regime_share":1.0,"agreement":0.88,"records":21,"support":4.1}},{"type":"Feature","geometry":{"type":"LineString","coordinates":[[137.8488,-62.3744],[140.5512,-61.3756]]},"properties":{"azimuth":51.9,"regime":"Strike-slip","regime_code":"SS","regime_share":0.56,"agreement":0.97,"records":6,"support":1.5}},{"type":"Feature","geometry":{"type":"LineString","coordinates":[[142.3442,-62.0891],[145.6558,-61.6609]]},"properties":{"azimuth":74.7,"regime":"Strike-slip","regime_code":"SS","regime_share":0.82,"agreement":0.43,"records":39,"support":12.4}},{"type":"Feature","geometry":{"type":"LineString","coordinates":[[147.153,-61.6463],[150.447,-62.1037]]},"properties":{"azimuth":106.4,"regime":"Strike-slip","regime_code":"SS","regime_share":0.93,"agreement":0.75,"records":124,"support":54.2}},{"type":"Feature","geometry":{"type":"LineString","coordinates":[[151.9674,-61.6244],[155.2326,-62.1256]]},"properties":{"azimuth":108.0,"regime":"Strike-slip","regime_code":"SS","regime_share":0.95,"agreement":0.87,"records":145,"support":90.9}},{"type":"Feature","geometry":{"type":"LineString","coordinates":[[156.734,-61.6791],[160.066,-62.0709]]},"properties":{"azimuth":104.0,"regime":"Strike-slip","regime_code":"SS","regime_share":0.94,"agreement":0.77,"records":138,"support":77.8}},{"type":"Feature","geometry":{"type":"LineString","coordinates":[[161.4848,-61.838],[164.9152,-61.912]]},"properties":{"azimuth":92.6,"regime":"Strike-slip","regime_code":"SS","regime_share":0.88,"agreement":0.69,"records":112,"support":51.2}},{"type":"Feature","geometry":{"type":"LineString","coordinates":[[166.2938,-61.9658],[169.7062,-61.7842]]},"properties":{"azimuth":83.6,"regime":"Strike-slip","regime_code":"SS","regime_share":0.66,"agreement":0.67,"records":85,"support":46.9}},{"type":"Feature","geometry":{"type":"LineString","coordinates":[[171.1354,-62.0734],[174.4646,-61.6766]]},"properties":{"azimuth":75.8,"regime":"Normal faulting","regime_code":"NF","regime_share":0.52,"agreement":0.65,"records":78,"support":35.5}},{"type":"Feature","geometry":{"type":"LineString","coordinates":[[175.9006,-61.9905],[179.2994,-61.7595]]},"properties":{"azimuth":81.8,"regime":"Strike-slip","regime_code":"SS","regime_share":0.55,"agreement":0.71,"records":72,"support":19.3}},{"type":"Feature","geometry":{"type":"LineString","coordinates":[[-179.2825,-64.1028],[-175.5746,-64.1472]]},"properties":{"azimuth":91.6,"regime":"Strike-slip","regime_code":"SS","regime_share":0.79,"agreement":0.9,"records":45,"support":25.0}},{"type":"Feature","geometry":{"type":"LineString","coordinates":[[-174.1113,-64.2676],[-170.4601,-63.9824]]},"properties":{"azimuth":79.8,"regime":"Strike-slip","regime_code":"SS","regime_share":0.88,"agreement":0.7,"records":46,"support":15.1}},{"type":"Feature","geometry":{"type":"LineString","coordinates":[[-168.8879,-64.3991],[-165.3978,-63.8509]]},"properties":{"azimuth":70.2,"regime":"Strike-slip","regime_code":"SS","regime_share":0.9,"agreement":0.75,"records":47,"support":26.1}},{"type":"Feature","geometry":{"type":"LineString","coordinates":[[-163.8046,-64.3118],[-160.1954,-63.9382]]},"properties":{"azimuth":76.7,"regime":"Strike-slip","regime_code":"SS","regime_share":0.91,"agreement":0.82,"records":59,"support":37.5}},{"type":"Feature","geometry":{"type":"LineString","coordinates":[[-158.6872,-64.2564],[-155.0271,-63.9936]]},"properties":{"azimuth":80.7,"regime":"Strike-slip","regime_code":"SS","regime_share":0.91,"agreement":0.87,"records":49,"support":25.4}},{"type":"Feature","geometry":{"type":"LineString","coordinates":[[-153.5481,-64.2461],[-149.8805,-64.0039]]},"properties":{"azimuth":81.4,"regime":"Strike-slip","regime_code":"SS","regime_share":0.93,"agreement":0.87,"records":23,"support":6.4}},{"type":"Feature","geometry":{"type":"LineString","coordinates":[[-71.006,-64.5507],[-67.8512,-63.6993]]},"properties":{"azimuth":58.3,"regime":"Normal faulting","regime_code":"NF","regime_share":0.36,"agreement":0.9,"records":7,"support":2.6}},{"type":"Feature","geometry":{"type":"LineString","coordinates":[[-65.8645,-64.5497],[-62.7069,-63.7003]]},"properties":{"azimuth":58.3,"regime":"Normal faulting","regime_code":"NF","regime_share":0.68,"agreement":0.88,"records":9,"support":4.6}},{"type":"Feature","geometry":{"type":"LineString","coordinates":[[-60.7851,-64.5011],[-57.5006,-63.7489]]},"properties":{"azimuth":62.3,"regime":"Normal faulting","regime_code":"NF","regime_share":0.66,"agreement":0.79,"records":15,"support":5.4}},{"type":"Feature","geometry":{"type":"LineString","coordinates":[[-55.5653,-64.5592],[-52.4347,-63.6908]]},"properties":{"azimuth":57.6,"regime":"Normal faulting","regime_code":"NF","regime_share":0.5,"agreement":0.69,"records":18,"support":4.8}},{"type":"Feature","geometry":{"type":"LineString","coordinates":[[-50.0988,-64.7262],[-47.6154,-63.5238]]},"properties":{"azimuth":42.0,"regime":"Normal faulting","regime_code":"NF","regime_share":0.58,"agreement":0.82,"records":25,"support":4.7}},{"type":"Feature","geometry":{"type":"LineString","coordinates":[[-45.2209,-64.597],[-42.2077,-63.653]]},"properties":{"azimuth":54.3,"regime":"Normal faulting","regime_code":"NF","regime_share":0.71,"agreement":0.3,"records":17,"support":3.3}},{"type":"Feature","geometry":{"type":"LineString","coordinates":[[-40.0059,-64.638],[-37.137,-63.612]]},"properties":{"azimuth":50.7,"regime":"Strike-slip","regime_code":"SS","regime_share":0.58,"agreement":0.69,"records":13,"support":3.0}},{"type":"Feature","geometry":{"type":"LineString","coordinates":[[-34.8063,-64.6669],[-32.0508,-63.5831]]},"properties":{"azimuth":48.0,"regime":"Strike-slip","regime_code":"SS","regime_share":0.73,"agreement":0.82,"records":17,"support":4.2}},{"type":"Feature","geometry":{"type":"LineString","coordinates":[[-29.9563,-64.4766],[-26.6151,-63.7734]]},"properties":{"azimuth":64.3,"regime":"Normal faulting","regime_code":"NF","regime_share":0.47,"agreement":0.37,"records":47,"support":9.2}},{"type":"Feature","geometry":{"type":"LineString","coordinates":[[-24.6602,-64.5904],[-21.6255,-63.6596]]},"properties":{"azimuth":54.9,"regime":"Normal faulting","regime_code":"NF","regime_share":0.47,"agreement":0.53,"records":53,"support":12.4}},{"type":"Feature","geometry":{"type":"LineString","coordinates":[[-19.0088,-64.8042],[-16.9912,-63.4458]]},"properties":{"azimuth":33.0,"regime":"Strike-slip","regime_code":"SS","regime_share":0.64,"agreement":0.7,"records":23,"support":5.1}},{"type":"Feature","geometry":{"type":"LineString","coordinates":[[139.987,-64.6342],[142.8701,-63.6158]]},"properties":{"azimuth":51.0,"regime":"Strike-slip","regime_code":"SS","regime_share":0.76,"agreement":0.97,"records":12,"support":4.6}},{"type":"Feature","geometry":{"type":"LineString","coordinates":[[145.0985,-64.6169],[148.0443,-63.6331]]},"properties":{"azimuth":52.6,"regime":"Strike-slip","regime_code":"SS","regime_share":0.8,"agreement":0.87,"records":16,"support":10.2}},{"type":"Feature","geometry":{"type":"LineString","coordinates":[[149.9086,-63.9401],[153.5199,-64.3099]]},"properties":{"azimuth":103.2,"regime":"Strike-slip","regime_code":"SS","regime_share":0.93,"agreement":0.75,"records":97,"support":37.5}},{"type":"Feature","geometry":{"type":"LineString","coordinates":[[155.0728,-63.9043],[158.6415,-64.3457]]},"properties":{"azimuth":105.8,"regime":"Strike-slip","regime_code":"SS","regime_share":0.95,"agreement":0.87,"records":111,"support":42.3}},{"type":"Feature","geometry":{"type":"LineString","coordinates":[[160.156,-64.0385],[163.844,-64.2115]]},"properties":{"azimuth":96.1,"regime":"Strike-slip","regime_code":"SS","regime_share":0.91,"agreement":0.79,"records":98,"support":32.9}},{"type":"Feature","geometry":{"type":"LineString","coordinates":[[165.3,-64.2163],[168.9857,-64.0337]]},"properties":{"azimuth":83.5,"regime":"Strike-slip","regime_code":"SS","regime_share":0.63,"agreement":0.69,"records":80,"support":42.8}},{"type":"Feature","geometry":{"type":"LineString","coordinates":[[170.4648,-64.2788],[174.1066,-63.9712]]},"properties":{"azimuth":79.0,"regime":"Strike-slip","regime_code":"SS","regime_share":0.53,"agreement":0.68,"records":95,"support":52.9}},{"type":"Feature","geometry":{"type":"LineString","coordinates":[[175.5786,-64.1826],[179.2785,-64.0674]]},"properties":{"azimuth":85.9,"regime":"Strike-slip","regime_code":"SS","regime_share":0.64,"agreement":0.77,"records":80,"support":44.9}},{"type":"Feature","geometry":{"type":"LineString","coordinates":[[-179.2053,-66.3396],[-175.1697,-66.4104]]},"properties":{"azimuth":92.5,"regime":"Strike-slip","regime_code":"SS","regime_share":0.82,"agreement":0.92,"records":43,"support":24.1}},{"type":"Feature","geometry":{"type":"LineString","coordinates":[[-173.5758,-66.4394],[-169.5492,-66.3106]]},"properties":{"azimuth":85.4,"regime":"Strike-slip","regime_code":"SS","regime_share":0.85,"agreement":0.73,"records":30,"support":9.6}},{"type":"Feature","geometry":{"type":"LineString","coordinates":[[-167.8118,-66.6765],[-164.0632,-66.0735]]},"properties":{"azimuth":68.1,"regime":"Strike-slip","regime_code":"SS","regime_share":0.86,"agreement":0.71,"records":30,"support":9.2}},{"type":"Feature","geometry":{"type":"LineString","coordinates":[[-162.2726,-66.5702],[-158.3524,-66.1798]]},"properties":{"azimuth":76.0,"regime":"Strike-slip","regime_code":"SS","regime_share":0.93,"agreement":0.81,"records":47,"support":9.6}},{"type":"Feature","geometry":{"type":"LineString","coordinates":[[-156.6746,-66.5198],[-152.7004,-66.2302]]},"properties":{"azimuth":79.7,"regime":"Strike-slip","regime_code":"SS","regime_share":1.0,"agreement":0.86,"records":17,"support":3.0}},{"type":"Feature","geometry":{"type":"LineString","coordinates":[[107.9341,-66.7767],[111.4409,-65.9733]]},"properties":{"azimuth":60.2,"regime":"Thrust faulting","regime_code":"TF","regime_share":0.55,"agreement":0.75,"records":2,"support":1.5}},{"type":"Feature","geometry":{"type":"LineString","coordinates":[[113.5117,-66.7415],[117.1133,-66.0085]]},"properties":{"azimuth":63.1,"regime":"Strike-slip","regime_code":"SS","regime_share":0.5,"agreement":0.74,"records":2,"support":1.6}},{"type":"Feature","geometry":{"type":"LineString","coordinates":[[141.933,-66.915],[144.942,-65.835]]},"properties":{"azimuth":48.2,"regime":"Strike-slip","regime_code":"SS","regime_share":0.78,"agreement":0.98,"records":8,"support":1.8}},{"type":"Feature","geometry":{"type":"LineString","coordinates":[[147.5411,-66.9073],[150.5839,-65.8427]]},"properties":{"azimuth":48.9,"regime":"Strike-slip","regime_code":"SS","regime_share":0.89,"agreement":0.98,"records":11,"support":2.7}},{"type":"Feature","geometry":{"type":"LineString","coordinates":[[152.7423,-66.1572],[156.6327,-66.5928]]},"properties":{"azimuth":105.6,"regime":"Strike-slip","regime_code":"SS","regime_share":1.0,"agreement":0.92,"records":16,"support":2.7}},{"type":"Feature","geometry":{"type":"LineString","coordinates":[[163.9625,-66.5443],[167.9125,-66.2057]]},"properties":{"azimuth":77.9,"regime":"Strike-slip","regime_code":"SS","regime_share":0.57,"agreement":0.59,"records":53,"support":10.2}},{"type":"Feature","geometry":{"type":"LineString","coordinates":[[169.5719,-66.5119],[173.5531,-66.2381]]},"properties":{"azimuth":80.3,"regime":"Strike-slip","regime_code":"SS","regime_share":0.56,"agreement":0.66,"records":77,"support":25.0}},{"type":"Feature","geometry":{"type":"LineString","coordinates":[[175.1678,-66.3781],[179.2072,-66.3719]]},"properties":{"azimuth":89.8,"regime":"Strike-slip","regime_code":"SS","regime_share":0.75,"agreement":0.84,"records":56,"support":32.3}},{"type":"Feature","geometry":{"type":"LineString","coordinates":[[-179.107,-68.5473],[-174.6861,-68.7027]]},"properties":{"azimuth":95.5,"regime":"Strike-slip","regime_code":"SS","regime_share":0.93,"agreement":0.99,"records":23,"support":5.3}},{"type":"Feature","geometry":{"type":"LineString","coordinates":[[-172.9044,-68.5658],[-168.4749,-68.6842]]},"properties":{"azimuth":94.2,"regime":"Strike-slip","regime_code":"SS","regime_share":0.85,"agreement":0.99,"records":6,"support":1.2}},{"type":"Feature","geometry":{"type":"LineString","coordinates":[[106.6452,-68.9948],[110.5961,-68.2552]]},"properties":{"azimuth":62.8,"regime":"Thrust faulting","regime_code":"TF","regime_share":0.5,"agreement":0.74,"records":2,"support":1.2}},{"type":"Feature","geometry":{"type":"LineString","coordinates":[[112.8048,-68.959],[116.8504,-68.291]]},"properties":{"azimuth":65.6,"regime":"Strike-slip","regime_code":"SS","regime_share":0.55,"agreement":0.75,"records":2,"support":1.5}},{"type":"Feature","geometry":{"type":"LineString","coordinates":[[170.6268,-69.4341],[170.7525,-67.8159]]},"properties":{"azimuth":1.6,"regime":"Normal faulting","regime_code":"NF","regime_share":0.67,"agreement":0.72,"records":3,"support":1.5}},{"type":"Feature","geometry":{"type":"LineString","coordinates":[[174.677,-68.5983],[179.1161,-68.6517]]},"properties":{"azimuth":91.9,"regime":"Strike-slip","regime_code":"SS","regime_share":0.75,"agreement":0.74,"records":38,"support":8.1}}]}