2005-01-01,2.2184597571e-05
2005-01-02,2.2184597571e-05
2005-01-03,2.2184597571e-05
2005-01-04,2.2184597571e-05
2005-01-05,2.2184597571e-05
2005-01-06,-0.115645452121
2005-01-07,-0.193161830715
2005-01-08,-0.126511645699
2005-01-09,-0.0604637549871
2005-01-10,-0.146137567797
2005-01-11,-0.097256691918
2005-01-12,-0.117974296466
2005-01-13,0.0562998180698
2005-01-14,0.0393368583825
2005-01-15,0.0161035008379
2005-01-16,-0.0529147790865
2005-01-17,-0.0575550791846
2005-01-18,-0.0968397729725
2005-01-19,-0.0214519843422
2005-01-20,0.00554196594115
2005-01-21,0.0247172308667
2005-01-22,-0.0941580895208
2005-01-23,0.080921396366
2005-01-24,-0.105912672921
2005-01-25,-0.0910766984235
2005-01-26,0.0378938649043
2005-01-27,0.028031858796
2005-01-28,-0.00820912951362
2005-01-29,-0.00230497038007
2005-01-30,0.0706101638664
2005-01-31,0.137070607602
2005-02-01,0.102187816518
2005-02-02,0.184463118285
2005-02-03,0.0240772146301
2005-02-04,0.0554179152499
2005-02-05,-0.00880325289039
2005-02-06,-0.0304771408922
2005-02-07,-0.0130946873822
2005-02-08,-0.0146015679243
2005-02-09,0.00638208988154
2005-02-10,-0.030882587442
2005-02-11,-0.00406037666899
2005-02-12,-0.0434607771787
2005-02-13,0.00960630110333
2005-02-14,0.0710979812232
2005-02-15,0.0224565239989
2005-02-16,-0.0241465820195
2005-02-17,0.029113277393
2005-02-18,0.0108225681282
2005-02-19,0.0293639988104
2005-02-20,-0.0474413418621
2005-02-21,0.0969426581477
2005-02-22,-0.00150072484056
2005-02-23,-0.0507557118981
2005-02-24,0.0087173023889
2005-02-25,0.0907844200488
2005-02-26,0.0567542854834
2005-02-27,0.0953204109826
2005-02-28,0.00253696249071
2005-03-01,0.0816122975263
2005-03-02,0.0468197892299
2005-03-03,0.0926431758215
2005-03-04,0.0560383261998
2005-03-05,0.0314117778592
2005-03-06,0.0458126650486
2005-03-07,0.0471926962922
2005-03-08,0.0838522491348
2005-03-09,0.0947795792163
2005-03-10,0.026751556073
2005-03-11,0.0803776093703
2005-03-12,0.0687991789624
2005-03-13,0.123870566736
2005-03-14,0.0794859946486
2005-03-15,0.110238176918
2005-03-16,0.119610486078
2005-03-17,0.0689821603204
2005-03-18,0.0811560494348
2005-03-19,0.0414748116587
2005-03-20,0.128637556747
2005-03-21,0.0435009222204
2005-03-22,-0.00428726301339
2005-03-23,0.077815313914
2005-03-24,0.0384646837406
2005-03-25,0.0251399040534
2005-03-26,0.0646903573023
2005-03-27,0.0182555610252
2005-03-28,-0.00555713329618
2005-03-29,0.00258806191434
2005-03-30,
2005-03-31,
2005-04-01,-9.9236462495e-05
2005-04-02,0.0117841407982
2005-04-03,-0.000485858289355
2005-04-04,0.00385168595861
2005-04-05,0.0384537437272
2005-04-06,-0.0138036494933
2005-04-07,
2005-04-08,
2005-04-09,
2005-04-10,
2005-04-11,0.0319592346939
2005-04-12,0.032262459294
2005-04-13,0.038366015472
2005-04-14,0.0111829500546
2005-04-15,0.0465014410336
2005-04-16,0.043563374436
2005-04-17,0.0370017280661
2005-04-18,0.0450799729761
2005-04-19,0.0393640589442
2005-04-20,0.00498717422742
2005-04-21,0.0191301749662
2005-04-22,0.0122548808943
2005-04-23,0.0482606583892
2005-04-24,0.00306492315393
2005-04-25,0.0419426374273
2005-04-26,0.0317438876789
2005-04-27,0.0249328414771
2005-04-28,-0.0170474986434
2005-04-29,-0.0391670401932
2005-04-30,-0.0370613801725
2005-05-01,-0.0269032819477
2005-05-02,-0.0140593251325
2005-05-03,-0.0467570257714
2005-05-04,-0.0203686627627
2005-05-05,-0.0392035292304
2005-05-06,-0.0527430250914
2005-05-07,-0.0544784005353
2005-05-08,-0.0760351040719
2005-05-09,-0.0806775286367
2005-05-10,-0.076363199686
2005-05-11,-0.0592009051471
2005-05-12,-0.0503628661205
2005-05-13,-0.0686746650553
2005-05-14,-0.0627027874073
2005-05-15,-0.061886069743
2005-05-16,-0.063141316713
2005-05-17,-0.0589115724582
2005-05-18,-0.0683113121589
2005-05-19,-0.0706272960225
2005-05-20,-0.0773178888851
2005-05-21,-0.0755530446796
2005-05-22,-0.0728105193716
2005-05-23,-0.0671945357545
2005-05-24,-0.0598644869199
2005-05-25,-0.0535618549107
2005-05-26,-0.0680418200464
2005-05-27,-0.061743304455
2005-05-28,-0.064212004185
2005-05-29,-0.0721439101209
2005-05-30,-0.0667137305367
2005-05-31,-0.0738345940173
2005-06-01,-0.0688628713952
2005-06-02,-0.0546270197135
2005-06-03,-0.0634406620798
2005-06-04,-0.0726179771885
2005-06-05,-0.0497650619699
2005-06-06,-0.0375913207266
2005-06-07,-0.0632885976852
2005-06-08,-0.0436953572705
2005-06-09,-0.0516049828476
2005-06-10,-0.047764905179
2005-06-11,-0.0479236794569
2005-06-12,-0.0661072096332
2005-06-13,-0.0538745098057
2005-06-14,-0.0512938077634
2005-06-15,-0.0556415551653
2005-06-16,-0.043296230787
2005-06-17,-0.058084674498
2005-06-18,-0.0514170442227
2005-06-19,-0.0524782553646
2005-06-20,-0.0637373939029
2005-06-21,-0.0497613171366
2005-06-22,-0.0575688660062
2005-06-23,-0.0564336313556
2005-06-24,-0.0552407796806
2005-06-25,-0.0530926966121
2005-06-26,-0.0441304406995
2005-06-27,-0.0471430262684
2005-06-28,-0.052537818118
2005-06-29,-0.038183076731
2005-06-30,-0.0275222853226
2005-07-01,-0.0319434240493
2005-07-02,-0.0305623287545
2005-07-03,-0.0221569801951
2005-07-04,-0.0302936978255
2005-07-05,-0.0190414710056
2005-07-06,-0.017354653196
2005-07-07,-0.0205983938023
2005-07-08,-0.017945612088
2005-07-09,-0.0183585506411
2005-07-10,-0.0187764275831
2005-07-11,-0.0145266181747
2005-07-12,-0.0203484814954
2005-07-13,-0.0331641945308
2005-07-14,-0.00694543863478
2005-07-15,-0.014623147472
2005-07-16,0.00353394812424
2005-07-17,-0.0148611375634
2005-07-18,-0.0109185367063
2005-07-19,-0.0113065489014
2005-07-20,-0.0134088343447
2005-07-21,0.00414293749924
2005-07-22,0.00714433101526
2005-07-23,-0.00336331209378
2005-07-24,0.000225088352652
2005-07-25,0.00944950507676
2005-07-26,0.00934652308584
2005-07-27,0.0140928571414
2005-07-28,0.0199352560115
2005-07-29,0.0181613384788
2005-07-30,0.0361317268574
2005-07-31,0.0461512868048
2005-08-01,0.0374282811958
2005-08-02,0.0310669970328
2005-08-03,0.0365100186564
2005-08-04,0.0429336571316
2005-08-05,0.0534197731572
2005-08-06,0.0426879933629
2005-08-07,0.0466688180939
2005-08-08,0.0368912160041
2005-08-09,0.0439380746399
2005-08-10,0.0428004873218
2005-08-11,0.0506654480552
2005-08-12,0.0547899018892
2005-08-13,0.0619605814389
2005-08-14,0.0661182089391
2005-08-15,0.0490925747081
2005-08-16,0.0305163726317
2005-08-17,0.0179037420384
2005-08-18,0.00316838654877
2005-08-19,-0.022764379953
2005-08-20,-0.0142378622161
2005-08-21,-0.00172130385952
2005-08-22,-0.0032958202901
2005-08-23,-0.00133737291025
2005-08-24,0.011554041097
2005-08-25,0.0108563108141
2005-08-26,0.020414591029
2005-08-27,0.0141477901806
2005-08-28,0.0140320909104
2005-08-29,0.0181604680089
2005-08-30,0.0151354970848
2005-08-31,
2005-09-01,0.0231876597203
2005-09-02,0.0259075471916
2005-09-03,0.0142681647864
2005-09-04,0.0271622215656
2005-09-05,0.0279286185927
2005-09-06,0.0359900183567
2005-09-07,0.0313595462462
2005-09-08,0.0320431016401
2005-09-09,0.031724842135
2005-09-10,0.0285769885008
2005-09-11,0.0392131726812
2005-09-12,0.0389914413779
2005-09-13,0.04120623504
2005-09-14,0.045652065011
2005-09-15,0.0478731507069
2005-09-16,0.0421253232584
2005-09-17,0.047119971586
2005-09-18,0.0485610958523
2005-09-19,0.0464728823503
2005-09-20,0.0425567599785
2005-09-21,0.0537306327859
2005-09-22,0.0438315934427
2005-09-23,0.0359452256342
2005-09-24,0.0456277899072
2005-09-25,0.0466605038616
2005-09-26,0.0497684018636
2005-09-27,0.0375288601587
2005-09-28,0.0391611787464
2005-09-29,0.0282152917955
2005-09-30,0.0340684665906
2005-10-01,0.029042289645
2005-10-02,0.0343725040425
2005-10-03,0.0380760922186
2005-10-04,0.0176280030811
2005-10-05,0.0423803447565
2005-10-06,0.0211844920378
2005-10-07,0.0316149702704
2005-10-08,0.026383972863
2005-10-09,0.0248230879433
2005-10-10,0.0220279388213
2005-10-11,0.0172650611691
2005-10-12,0.0230032297855
2005-10-13,0.0296275938014
2005-10-14,0.0214822131386
2005-10-15,0.0181332434821
2005-10-16,0.031336319762
2005-10-17,0.0435700280949
2005-10-18,0.0374261828588
2005-10-19,0.0311478885492
2005-10-20,0.0289019902065
2005-10-21,0.0235501245155
2005-10-22,0.0327267496623
2005-10-23,0.0292057307634
2005-10-24,0.0270973748076
2005-10-25,0.035918169767
2005-10-26,0.0138535691098
2005-10-27,0.0280712223528
2005-10-28,0.0347306003489
2005-10-29,0.0173329709287
2005-10-30,0.0172907938545
2005-10-31,0.00204439659736
2005-11-01,-0.0161668907874
2005-11-02,-0.0323815328419
2005-11-03,-0.0402848680676
2005-11-04,-0.0342165531953
2005-11-05,-0.0523327890416
2005-11-06,-0.0375037808109
2005-11-07,-0.0266100226289
2005-11-08,-0.0325618699693
2005-11-09,-0.0249509633679
2005-11-10,-0.0266618302748
2005-11-11,-0.0154392660133
2005-11-12,-0.0117742546447
2005-11-13,-0.00502508261672
2005-11-14,-0.0236995015162
2005-11-15,-0.00454656721754
2005-11-16,0.003989652971
2005-11-17,6.60135965023e-05
2005-11-18,-0.0377029856405
2005-11-19,-0.0280514416796
2005-11-20,-0.0133059425691
2005-11-21,-0.02762271217
2005-11-22,0.0136825189238
2005-11-23,-0.0144738579912
2005-11-24,0.0273180890605
2005-11-25,0.0545299697431
2005-11-26,0.0210631202015
2005-11-27,-0.00278874948833
2005-11-28,0.018366303417
2005-11-29,0.00363524596825
2005-11-30,0.00629318559241
2005-12-01,0.0124933869983
2005-12-02,-0.0130719258073
2005-12-03,-0.0161842993052
2005-12-04,-0.0222200121957
2005-12-05,-0.0221055755515
2005-12-06,-0.00745585901149
2005-12-07,-0.00199629733968
2005-12-08,-0.01502846296
2005-12-09,0.0466568221745
2005-12-10,0.0251359029276
2005-12-11,0.0144248266516
2005-12-12,0.0237423098371
2005-12-13,-0.0134643166716
2005-12-14,-0.00661974699177
2005-12-15,0.00728127751661
2005-12-16,-0.00946522401859
2005-12-17,-0.033220923868
2005-12-18,-0.103014549464
2005-12-19,-0.0216291939371
2005-12-20,-0.0440321927516
2005-12-21,-0.0297910562671
2005-12-22,-0.0365045022543
2005-12-23,-0.0283915910588
2005-12-24,0.00926435503019
2005-12-25,-0.0431480711656
2005-12-26,-0.0182266294714
2005-12-27,0.0125511832066
2005-12-28,-0.100532501328
2005-12-29,-0.0571161168306
2005-12-30,-0.0626616630106
2005-12-31,-0.0605044263271
2006-01-01,-0.0435215032299
2006-01-02,-0.0397286485551
2006-01-03,-0.0455342811758
2006-01-04,0.0136452312048
2006-01-05,0.0250717878247
2006-01-06,-0.00487020725333
2006-01-07,0.0198623569747
2006-01-08,0.0231465136718
2006-01-09,-0.0388089314593
2006-01-10,-0.0142632631146
2006-01-11,-0.0117115834008
2006-01-12,0.0215811058383
2006-01-13,-0.0518216083908
2006-01-14,-0.0476785235295
2006-01-15,-0.0563110453772
2006-01-16,0.023418760117
2006-01-17,0.000467058543669
2006-01-18,0.00325412956842
2006-01-19,-0.0484872526354
2006-01-20,-0.013872856578
2006-01-21,-0.0437153365748
2006-01-22,-0.0946839221308
2006-01-23,-0.0202363179325
2006-01-24,-0.0218297268796
2006-01-25,0.0027689233921
2006-01-26,0.0176790366478
2006-01-27,0.0434419695858
2006-01-28,-0.00794517619945
2006-01-29,-0.00678696053308
2006-01-30,0.00559627837521
2006-01-31,-0.0135079417464
2006-02-01,0.029740253815
2006-02-02,0.018788653762
2006-02-03,-0.0481167976692
2006-02-04,-0.0261857280014
2006-02-05,-0.00162748099629
2006-02-06,-0.0297804345293
2006-02-07,-0.0170577239734
2006-02-08,-0.0136539363998
2006-02-09,-0.0140454032649
2006-02-10,0.0244592670652
2006-02-11,-0.0319064771045
2006-02-12,-0.0287106415303
2006-02-13,0.0216930656411
2006-02-14,-0.0406108077432
2006-02-15,-0.00016170313136
2006-02-16,0.00355339159885
2006-02-17,-0.00326917726048
2006-02-18,0.0283421168031
2006-02-19,-0.00985878523259
2006-02-20,0.0199226825651
2006-02-21,-0.0159148735641
2006-02-22,-0.0104974851441
2006-02-23,-0.0574927113778
2006-02-24,-0.0186146344735
2006-02-25,-0.00263079870461
2006-02-26,-0.0241197818737
2006-02-27,-0.0152904310797
2006-02-28,0.0155386696271
2006-03-01,0.0889786810688
2006-03-02,-0.0663085172831
2006-03-03,-0.0439318587786
2006-03-04,-0.0198313328959
2006-03-05,-0.0951780853121
2006-03-06,-0.101901341732
2006-03-07,-0.109667355092
2006-03-08,-0.011250419674
2006-03-09,0.0248913509018
2006-03-10,-0.0120917482755
2006-03-11,-0.0595946821469
2006-03-12,-0.0450388962706
2006-03-13,-0.0317987943463
2006-03-14,0.0105839849181
2006-03-15,0.00380591885515
2006-03-16,0.0444709886121
2006-03-17,0.0550960074354
2006-03-18,0.00252373144199
2006-03-19,-0.00729948314295
2006-03-20,-0.0532750548363
2006-03-21,0.0147756046904
2006-03-22,0.00812015805156
2006-03-23,0.0107597998707
2006-03-24,0.000300197557228
2006-03-25,0.0271216716497
2006-03-26,0.0218533462571
2006-03-27,0.0320492937821
2006-03-28,-0.0422024713346
2006-03-29,-0.0493284573761
2006-03-30,-0.0304991166032
2006-03-31,-0.0834723909972
2006-04-01,-0.0668564339403
2006-04-02,-0.0835308378012
2006-04-03,-0.0490501377803
2006-04-04,-0.0707667240074
2006-04-05,-0.0730132062623
2006-04-06,-0.055321388246
2006-04-07,-0.0718999940625
2006-04-08,-0.0566558029615
2006-04-09,-0.0673949841912
2006-04-10,-0.0998946393819
2006-04-11,-0.107439705678
2006-04-12,-0.0901165403118
2006-04-13,-0.0735138018733
2006-04-14,-0.0518342119184
2006-04-15,-0.0599590462513
2006-04-16,-0.0474143296342
2006-04-17,-0.0996730717217
2006-04-18,-0.0916727822136
2006-04-19,-0.0734118058427
2006-04-20,-0.0702411888804
2006-04-21,-0.134491007819
2006-04-22,-0.0826804397289
2006-04-23,-0.0877799758925
2006-04-24,-0.0376898863158
2006-04-25,-0.0256546967891
2006-04-26,-0.0660910704723
2006-04-27,-0.0701643890373
2006-04-28,-0.0788655254786
2006-04-29,-0.0978815354883
2006-04-30,-0.129322750623
2006-05-01,-0.131008636101
2006-05-02,-0.111058394244
2006-05-03,-0.110708716768
2006-05-04,-0.0754715987535
2006-05-05,-0.145131985606
2006-05-06,-0.093826770647
2006-05-07,-0.0652460918132
2006-05-08,-0.0673808877035
2006-05-09,-0.111955150664
2006-05-10,-0.110683571888
2006-05-11,-0.103740003492
2006-05-12,-0.115212386173
2006-05-13,-0.135575737238
2006-05-14,-0.0923481240789
2006-05-15,-0.109135327526
2006-05-16,-0.120306037897
2006-05-17,-0.13714159722
2006-05-18,-0.1349072811
2006-05-19,-0.118341687018
2006-05-20,-0.168099645484
2006-05-21,-0.136731093377
2006-05-22,
2006-05-23,
2006-05-24,-0.126812987077
2006-05-25,
2006-05-26,
2006-05-27,
2006-05-28,-0.110049156475
2006-05-29,
2006-05-30,
2006-05-31,
2006-06-01,
2006-06-02,
2006-06-03,
2006-06-04,
2006-06-05,
2006-06-06,-0.0841247643857
2006-06-07,
2006-06-08,-0.0627586107491
2006-06-09,
2006-06-10,
2006-06-11,
2006-06-12,
2006-06-13,
2006-06-14,
2006-06-15,
2006-06-16,
2006-06-17,
2006-06-18,
2006-06-19,
2006-06-20,
2006-06-21,
2006-06-22,
2006-06-23,
2006-06-24,
2006-06-25,
2006-06-26,
2006-06-27,
2006-06-28,
2006-06-29,
2006-06-30,
2006-07-01,
2006-07-02,
2006-07-03,
2006-07-04,
2006-07-05,
2006-07-06,
2006-07-07,
2006-07-08,
2006-07-09,
2006-07-10,
2006-07-11,
2006-07-12,
2006-07-13,
2006-07-14,
2006-07-15,
2006-07-16,
2006-07-17,
2006-07-18,
2006-07-19,
2006-07-20,
2006-07-21,
2006-07-22,
2006-07-23,
2006-07-24,
2006-07-25,
2006-07-26,
2006-07-27,
2006-07-28,
2006-07-29,
2006-07-30,0.00656328953065
2006-07-31,
2006-08-01,
2006-08-02,
2006-08-03,
2006-08-04,
2006-08-05,-0.0713908649028
2006-08-06,-0.0687397780533
2006-08-07,-0.0731026790852
2006-08-08,-0.106688437655
2006-08-09,-0.00340900242591
2006-08-10,-0.0278597594882
2006-08-11,-0.0211751698304
2006-08-12,-0.0937181027199
2006-08-13,-0.0609798770674
2006-08-14,
2006-08-15,
2006-08-16,
2006-08-17,-0.0996092021654
2006-08-18,-0.0339752379497
2006-08-19,-0.0863036178194
2006-08-20,-0.0235736901792
2006-08-21,
2006-08-22,
2006-08-23,
2006-08-24,
2006-08-25,
2006-08-26,
2006-08-27,
2006-08-28,
2006-08-29,
2006-08-30,
2006-08-31,
2006-09-01,
2006-09-02,0.0356533241062
2006-09-03,-0.1110765934
2006-09-04,
2006-09-05,0.00524658332797
2006-09-06,
2006-09-07,
2006-09-08,
2006-09-09,
2006-09-10,
2006-09-11,
2006-09-12,
2006-09-13,
2006-09-14,
2006-09-15,-0.0994027794194
2006-09-16,-0.112155990694
2006-09-17,-0.0931147299439
2006-09-18,
2006-09-19,
2006-09-20,-0.116411347858
2006-09-21,-0.135987693989
2006-09-22,-0.103862203981
2006-09-23,
2006-09-24,
2006-09-25,
2006-09-26,
2006-09-27,
2006-09-28,
2006-09-29,
2006-09-30,
2006-10-01,
2006-10-02,
2006-10-03,
2006-10-04,-7.26804615374e-10
2006-10-05,-8.60588085009e-10
2006-10-06,2.81231560254e-10
2006-10-07,-0.0163262573022
2006-10-08,-0.000631306734229
2006-10-09,-0.0937170062181
2006-10-10,-0.0739138545773
2006-10-11,-0.048601513547
2006-10-12,-0.0213827813237
2006-10-13,-0.0308327538358
2006-10-14,-0.0289246255695
2006-10-15,-0.0511289547106
2006-10-16,0.0208969637506
2006-10-17,0.00253878828705
2006-10-18,-0.0415674911735
2006-10-19,0.00800890813712
2006-10-20,-0.0127292107336
2006-10-21,-0.0661764455277
2006-10-22,-0.077822393012
2006-10-23,-0.116791227765
2006-10-24,-0.018491727725
2006-10-25,-0.0274657522333
2006-10-26,-0.0175470049127
2006-10-27,0.000458380217055
2006-10-28,-0.00139243475983
2006-10-29,-0.015505681281
2006-10-30,-0.00768338201033
2006-10-31,-0.00743381302429
2006-11-01,-0.0014329368057
2006-11-02,0.0301264256909
2006-11-03,0.018437394064
2006-11-04,0.00797603246576
2006-11-05,0.0142018935114
2006-11-06,-0.025345049729
2006-11-07,-0.0506049638368
2006-11-08,-0.0848169274143
2006-11-09,-0.0143235981275
2006-11-10,-0.0167610955599
2006-11-11,-0.00407464293593
2006-11-12,-0.0179844697435
2006-11-13,-0.00340007901704
2006-11-14,-0.0229515711296
2006-11-15,0.0116846110852
2006-11-16,0.00183564097016
2006-11-17,0.0086344698133
2006-11-18,-0.00219384573582
2006-11-19,0.00410005067232
2006-11-20,0.00578973656537
2006-11-21,0.000293445561982
2006-11-22,0.00712711712005
2006-11-23,0.0132730257626
2006-11-24,0.00976666850375
2006-11-25,-0.00895655606631
2006-11-26,-0.0101405028675
2006-11-27,0.0168583353233
2006-11-28,0.0255280545005
2006-11-29,0.0199171744902
2006-11-30,0.00226500762442
2006-12-01,0.0343112077437
2006-12-02,-0.0109571440439
2006-12-03,0.0476249706212
2006-12-04,0.0494821290794
2006-12-05,0.0708050221605
2006-12-06,0.0652298973503
2006-12-07,0.103338650231
2006-12-08,0.0917391301487
2006-12-09,0.0882264616869
2006-12-10,0.0725777294655
2006-12-11,0.0570751729149
2006-12-12,0.119577262856
2006-12-13,0.091521097374
2006-12-14,0.015808494258
2006-12-15,0.0500596630191
2006-12-16,0.0995047737037
2006-12-17,0.0971645272432
2006-12-18,0.0517991709036
2006-12-19,0.01957473338
2006-12-20,0.00491101037572
2006-12-21,-0.022254490885
2006-12-22,0.00665968597113
2006-12-23,0.0159869962202
2006-12-24,0.0105400262854
2006-12-25,-0.0706605008085
2006-12-26,0.00216814244978
2006-12-27,-0.0747961564763
2006-12-28,0.0561139499316
2006-12-29,0.0408734485358
2006-12-30,0.0684494902773
2006-12-31,-0.00702618305593
2007-01-01,-0.0417337179872
2007-01-02,-0.0268447671694
2007-01-03,-0.0092431889269
2007-01-04,0.0357824339725
2007-01-05,0.0422525695389
2007-01-06,0.0322424831019
2007-01-07,-0.0113155800206
2007-01-08,-0.0405451129388
2007-01-09,0.0439436943133
2007-01-10,0.0599059768224
2007-01-11,-0.0547912088906
2007-01-12,-0.00974928159356
2007-01-13,0.0206524180153
2007-01-14,0.0408828485292
2007-01-15,0.0544028359773
2007-01-16,-0.0254657117079
2007-01-17,0.00736270795444
2007-01-18,0.0552033848523
2007-01-19,0.0408940672217
2007-01-20,0.0259251527107
2007-01-21,0.00380377047735
2007-01-22,0.0337431717424
2007-01-23,0.0290784028253
2007-01-24,0.0046349400816
2007-01-25,0.00684916267474
2007-01-26,0.0522245152727
2007-01-27,0.0510864166836
2007-01-28,0.0363959629201
2007-01-29,0.0716569206362
2007-01-30,0.0485166837979
2007-01-31,0.0674322672125
2007-02-01,0.0744894474501
2007-02-02,0.0354747251044
2007-02-03,-0.195129889049
2007-02-04,-0.0432071451791
2007-02-05,0.122920279435
2007-02-06,0.113284664751
2007-02-07,0.0611529745049
2007-02-08,0.0726411690463
2007-02-09,0.0874439114745
2007-02-10,0.0910181414922
2007-02-11,0.082995061369
2007-02-12,0.0667170972676
2007-02-13,0.0593498697556
2007-02-14,0.0677061582997
2007-02-15,0.0591323730034
2007-02-16,0.0854210191381
2007-02-17,0.08363668947
2007-02-18,0.0907239868956
2007-02-19,0.0793919658571
2007-02-20,0.0912745583497
2007-02-21,0.0929189565947
2007-02-22,0.0820724963836
2007-02-23,0.0786387571001
2007-02-24,0.0836422036904
2007-02-25,0.0770460733191
2007-02-26,0.0751906314546
2007-02-27,0.0748770171292
2007-02-28,0.0837411312651
2007-03-01,0.0747316957647
2007-03-02,0.0858789407143
2007-03-03,0.0631435507239
2007-03-04,0.0751902972372
2007-03-05,0.0555612189364
2007-03-06,0.0623406496861
2007-03-07,0.0599874199025
2007-03-08,0.0654362697999
2007-03-09,0.0399448373793
2007-03-10,0.0372498143833
2007-03-11,0.0121502183305
2007-03-12,-0.00934705736369
2007-03-13,-0.0193494885652
2007-03-14,-0.0203532101561
2007-03-15,-0.0250767108407
2007-03-16,-0.0195162449225
2007-03-17,0.0131569946127
2007-03-18,0.0296090825642
2007-03-19,0.032071978505
2007-03-20,0.00537402706114
2007-03-21,0.0268047981541
2007-03-22,0.00777586576357
2007-03-23,0.0275059104077
2007-03-24,0.0297779485473
2007-03-25,0.021324591347
2007-03-26,0.0314722699352
2007-03-27,0.0314394941571
2007-03-28,0.0416928571701
2007-03-29,0.0239858014775
2007-03-30,0.00694617418996
2007-03-31,0.00570303563619
2007-04-01,-0.00715573052498
2007-04-02,-0.0150315139758
2007-04-03,-0.00766633201231
2007-04-04,-0.0160750390612
2007-04-05,-0.0178720122195
2007-04-06,-0.0251877900009
2007-04-07,-0.033404621451
2007-04-08,-0.016333790478
2007-04-09,-0.0237150716625
2007-04-10,-0.0149983126413
2007-04-11,-0.0303202862125
2007-04-12,-0.0338942728483
2007-04-13,-0.0387591641291
2007-04-14,-0.0456435566306
2007-04-15,-0.0656445425978
2007-04-16,-0.061319342275
2007-04-17,-0.0526762291541
2007-04-18,-0.045508639923
2007-04-19,-0.04853455734
2007-04-20,-0.0436643080037
2007-04-21,-0.0337823447038
2007-04-22,-0.0564074102703
2007-04-23,-0.0599152799038
2007-04-24,-0.0612873417849
2007-04-25,-0.0504255108815
2007-04-26,-0.036933908141
2007-04-27,-0.0455082143633
2007-04-28,-0.027540276799
2007-04-29,-0.0377223232962
2007-04-30,-0.056552215542
2007-05-01,-0.0732559355101
2007-05-02,-0.0796219084009
2007-05-03,-0.0788796348958
2007-05-04,-0.055022892143
2007-05-05,-0.0553181881962
2007-05-06,-0.0677120691117
2007-05-07,-0.0744073712307
2007-05-08,-0.0686853819843
2007-05-09,-0.0679302940454
2007-05-10,-0.0731853579524
2007-05-11,-0.0695251491568
2007-05-12,-0.0654939559185
2007-05-13,-0.0763409176298
2007-05-14,-0.0696743749358
2007-05-15,-0.0502115302653
2007-05-16,-0.0547973850401
2007-05-17,-0.0582769245617
2007-05-18,-0.0538412676085
2007-05-19,-0.0546968160902
2007-05-20,-0.0607008113732
2007-05-21,-0.0645711807217
2007-05-22,-0.0766795527807
2007-05-23,-0.0705847475571
2007-05-24,-0.0686581980243
2007-05-25,-0.050412389877
2007-05-26,-0.0744801115052
2007-05-27,-0.0651189799857
2007-05-28,-0.0688395499929
2007-05-29,-0.0585343304263
2007-05-30,-0.0744735725049
2007-05-31,-0.0599462916998
2007-06-01,-0.0677139990864
2007-06-02,-0.0459064411619
2007-06-03,-0.046257971486
2007-06-04,-0.0489921780323
2007-06-05,-0.0493369991559
2007-06-06,-0.0651066802684
2007-06-07,-0.0597160252991
2007-06-08,-0.0692601021867
2007-06-09,-0.0614693965101
2007-06-10,-0.0672386966201
2007-06-11,-0.0480235107999
2007-06-12,-0.059436133313
2007-06-13,-0.0513381491257
2007-06-14,-0.0494428309892
2007-06-15,-0.0549372772103
2007-06-16,-0.0612117207731
2007-06-17,-0.0652493907128
2007-06-18,-0.0771743163443
2007-06-19,-0.0746038894853
2007-06-20,-0.0559394550911
2007-06-21,-0.0477070184203
2007-06-22,-0.0401876972995
2007-06-23,-0.0367225131078
2007-06-24,-0.0469149600116
2007-06-25,-0.0510599623318
2007-06-26,-0.0638450812751
2007-06-27,-0.0528108854835
2007-06-28,-0.044413806028
2007-06-29,-0.0371430237296
2007-06-30,-0.0563572803396
2007-07-01,-0.0208503637467
2007-07-02,-0.0269766054399
2007-07-03,-0.0348267082933
2007-07-04,-0.00242335115782
2007-07-05,-0.0235150872969
2007-07-06,-0.0283805183615
2007-07-07,-0.0246812595925
2007-07-08,-0.0195383585131
2007-07-09,-0.0102218135808
2007-07-10,-0.0107597510144
2007-07-11,-0.0102877910569
2007-07-12,0.00184140422939
2007-07-13,0.000390928216492
2007-07-14,-0.0033778429075
2007-07-15,0.0156561341968
2007-07-16,0.0171811319975
2007-07-17,0.0154531837365
2007-07-18,0.00998725716367
2007-07-19,-0.000826845720064
2007-07-20,0.0119045201772
2007-07-21,0.0157597762761
2007-07-22,0.0225057896951
2007-07-23,0.0324603515551
2007-07-24,0.0355556430119
2007-07-25,0.0354761073006
2007-07-26,0.0346802779654
2007-07-27,0.0324257774933
2007-07-28,0.040475413908
2007-07-29,0.0383815077745
2007-07-30,0.0446833477084
2007-07-31,0.0447003884506
2007-08-01,0.0400837341983
2007-08-02,0.0496894484733
2007-08-03,0.0528691724022
2007-08-04,0.0487824654509
2007-08-05,0.0508429849461
2007-08-06,0.0376367706658
2007-08-07,0.0442040323893
2007-08-08,0.0387829292542
2007-08-09,0.0337106219019
2007-08-10,0.0422842255395
2007-08-11,0.0404971470493
2007-08-12,0.0384890977956
2007-08-13,0.0553047546637
2007-08-14,0.0524652438465
2007-08-15,0.0464899834249
2007-08-16,0.0433190270214
2007-08-17,0.0437399783057
2007-08-18,0.040661108324
2007-08-19,0.0488574474711
2007-08-20,0.0432678184001
2007-08-21,0.0472763436995
2007-08-22,0.0532342489853
2007-08-23,0.0631456225944
2007-08-24,0.0562321901502
2007-08-25,0.0493062748519
2007-08-26,0.0647000689912
2007-08-27,0.0605426695656
2007-08-28,0.0640760571344
2007-08-29,0.0476896156976
2007-08-30,0.051694281228
2007-08-31,0.0429804917991
2007-09-01,0.0340493386543
2007-09-02,0.0414287324724
2007-09-03,0.0163733548302
2007-09-04,0.0168003557082
2007-09-05,0.0253765954209
2007-09-06,0.0288323688988
2007-09-07,0.0425357972853
2007-09-08,0.0476777743014
2007-09-09,0.0412744766166
2007-09-10,0.0419164688783
2007-09-11,0.0612311525735
2007-09-12,0.0628279821925
2007-09-13,0.0531467714805
2007-09-14,0.0430907374114
2007-09-15,0.0590408476637
2007-09-16,0.0541167757965
2007-09-17,0.0601373072421
2007-09-18,0.0667139721041
2007-09-19,0.0446889401201
2007-09-20,0.0494295132987
2007-09-21,0.0754446458869
2007-09-22,0.0840212925505
2007-09-23,0.0731168060668
2007-09-24,0.0877059102062
2007-09-25,0.0747308722112
2007-09-26,0.0655512205138
2007-09-27,0.054029628724
2007-09-28,0.0654052468907
2007-09-29,0.0642339688362
2007-09-30,0.0581305275183
2007-10-01,0.0599791071119
2007-10-02,0.0580833722867
2007-10-03,0.0790693999021
2007-10-04,0.0792040819872
2007-10-05,0.0756133303738
2007-10-06,0.0639794151231
2007-10-07,0.0649251839947
2007-10-08,0.0607482164419
2007-10-09,0.0673062977687
2007-10-10,0.0638845836685
2007-10-11,0.0644844506452
2007-10-12,0.0425208120993
2007-10-13,0.0451971621087
2007-10-14,0.0507331529613
2007-10-15,0.0423707021057
2007-10-16,0.0379593997651
2007-10-17,0.0645540846579
2007-10-18,0.0605340023064
2007-10-19,0.0570560023927
2007-10-20,0.0630807968448
2007-10-21,0.0560115583164
2007-10-22,0.054986587045
2007-10-23,0.0626827368248
2007-10-24,0.0475932472438
2007-10-25,0.032647973669
2007-10-26,0.0440173763917
2007-10-27,0.0203485142405
2007-10-28,0.0197996333289
2007-10-29,0.0174347149382
2007-10-30,0.00871352514509
2007-10-31,0.0138628800816
2007-11-01,-5.95483816178e-05
2007-11-02,0.0168877111433
2007-11-03,-0.00750224644373
2007-11-04,-0.00597678554162
2007-11-05,0.00456424088775
2007-11-06,-1.99117297777e-05
2007-11-07,0.0260010002632
2007-11-08,0.011957700549
2007-11-09,0.017181568891
2007-11-10,0.0387965600736
2007-11-11,0.0568660189669
2007-11-12,0.0637649920143
2007-11-13,0.0522658856079
2007-11-14,0.0502665583874
2007-11-15,0.0727416009764
2007-11-16,0.0491798420459
2007-11-17,0.044935128819
2007-11-18,0.0665491262654
2007-11-19,0.0713769168584
2007-11-20,0.0795353482929
2007-11-21,0.0661315136069
2007-11-22,0.0740331758181
2007-11-23,0.0664222987164
2007-11-24,0.0667903612387
2007-11-25,0.0519267959865
2007-11-26,0.0304783834072
2007-11-27,0.0260393962438
2007-11-28,0.0200303593814
2007-11-29,0.033290138255
2007-11-30,0.0337281959638
2007-12-01,0.0280461475914
2007-12-02,0.0403535815138
2007-12-03,0.0361242489932
2007-12-04,0.0519440732227
2007-12-05,0.044785926382
2007-12-06,0.0695025641088
2007-12-07,0.0826811283486
2007-12-08,0.0698410596699
2007-12-09,0.088230621933
2007-12-10,0.0911758256277
2007-12-11,0.093063717449
2007-12-12,0.0889037868146
2007-12-13,0.103240011022
2007-12-14,0.106454611364
2007-12-15,0.118634460724
2007-12-16,0.111002001482
2007-12-17,0.156978587177
2007-12-18,0.168323676631
2007-12-19,0.179057014974
2007-12-20,0.173238399037
2007-12-21,0.150433254214
2007-12-22,0.142655661536
2007-12-23,0.081126401248
2007-12-24,0.0825623711313
2007-12-25,0.112917628179
2007-12-26,0.118534894002
2007-12-27,0.111815104014
2007-12-28,0.145849848098
2007-12-29,0.162147364077
2007-12-30,0.137462460587
2007-12-31,0.160135311462
2008-01-01,0.134390006205
2008-01-02,0.136678303125
2008-01-03,0.139462674931
2008-01-04,0.0987276785378
2008-01-05,0.13092912712
2008-01-06,0.125192446064
2008-01-07,0.130293103253
2008-01-08,0.120784368234
2008-01-09,0.111960378955
2008-01-10,0.0988765809051
2008-01-11,0.0937694550834
2008-01-12,0.0999140938258
2008-01-13,0.0948726366007
2008-01-14,0.101554115007
2008-01-15,0.119440551243
2008-01-16,0.0971504653296
2008-01-17,0.0971635842053
2008-01-18,0.070517584899
2008-01-19,0.089327795871
2008-01-20,0.105834787314
2008-01-21,0.130567242591
2008-01-22,0.0959473974326
2008-01-23,0.0962692640843
2008-01-24,0.10808577528
2008-01-25,0.107273728752
2008-01-26,0.0898810735788
2008-01-27,0.090058331762
2008-01-28,0.113905190225
2008-01-29,0.140957986522
2008-01-30,0.133293257728
2008-01-31,0.146184140429
2008-02-01,0.138735813448
2008-02-02,0.166230230442
2008-02-03,0.179408613537
2008-02-04,0.145615598579
2008-02-05,0.0651467592899
2008-02-06,0.0658091922397
2008-02-07,0.0889731239471
2008-02-08,0.0934283861498
2008-02-09,0.079007491894
2008-02-10,0.1228889391
2008-02-11,0.137794237768
2008-02-12,0.148638802141
2008-02-13,0.148011474493
2008-02-14,0.136236652532
2008-02-15,0.104893459312
2008-02-16,0.129716756479
2008-02-17,0.116866195544
2008-02-18,0.0936292555847
2008-02-19,0.104979179812
2008-02-20,0.0760334349326
2008-02-21,0.102074033036
2008-02-22,0.084924903849
2008-02-23,0.0967232870592
2008-02-24,0.0776707755389
2008-02-25,0.0885798960953
2008-02-26,0.110499439421
2008-02-27,0.0669754056703
2008-02-28,0.0630391665062
2008-02-29,0.0758808332612
2008-03-01,0.0595939627004
2008-03-02,0.0870192478247
2008-03-03,0.0775483446903
2008-03-04,0.086435460372
2008-03-05,0.0855587776349
2008-03-06,0.0915693536767
2008-03-07,0.0925932714779
2008-03-08,0.0808738493421
2008-03-09,0.0763981847274
2008-03-10,0.0722742723061
2008-03-11,0.048749529595
2008-03-12,0.08896791365
2008-03-13,0.0733420901401
2008-03-14,0.0771757208451
2008-03-15,0.0936582575752
2008-03-16,0.0844077735511
2008-03-17,0.102302158025
2008-03-18,0.0947017554975
2008-03-19,0.0862842708385
2008-03-20,0.0576968902779
2008-03-21,0.0239093914045
2008-03-22,0.0337207863605
2008-03-23,0.0234692265354
2008-03-24,-0.0182654998445
2008-03-25,0.0520557252614
2008-03-26,0.0610980123621
2008-03-27,0.0365314408901
2008-03-28,0.0147986259579
2008-03-29,0.0719543487498
2008-03-30,0.0652245039861
2008-03-31,0.0934065985986
2008-04-01,0.113211513462
2008-04-02,0.0896690396716
2008-04-03,0.0997465626214
2008-04-04,0.0917873732734
2008-04-05,0.0615741761538
2008-04-06,0.0519188867735
2008-04-07,0.0652527656562
2008-04-08,0.0222691615544
2008-04-09,0.0504861282985
2008-04-10,0.0392120652754
2008-04-11,0.0505626732127
2008-04-12,0.0274366969145
2008-04-13,0.0629284304962
2008-04-14,0.0488799596632
2008-04-15,0.0120924079175
2008-04-16,0.0249730131979
2008-04-17,0.0314549038785
2008-04-18,0.0154899666581
2008-04-19,0.037189246276
2008-04-20,0.00756997767225
2008-04-21,0.0111270972226
2008-04-22,0.00320717763689
2008-04-23,0.00839780773803
2008-04-24,0.00856243852127
2008-04-25,-0.00957767786803
2008-04-26,-0.0136310633431
2008-04-27,-0.0146078307697
2008-04-28,-0.00397808324618
2008-04-29,-0.0275539689503
2008-04-30,-0.00969779925267
2008-05-01,-0.0119302965293
2008-05-02,-0.0269618463408
2008-05-03,-0.0263127754743
2008-05-04,-0.0201102482887
2008-05-05,-0.0197251995419
2008-05-06,-0.00933382407988
2008-05-07,-0.0124223328986
2008-05-08,-0.0216487678804
2008-05-09,0.0650202757289
2008-05-10,0.0202168799472
2008-05-11,0.0670276227821
2008-05-12,-0.0342985002312
2008-05-13,-0.0693214510377
2008-05-14,-0.0465908677026
2008-05-15,-0.0574706433877
2008-05-16,-0.0372804976703
2008-05-17,-1.10199477276e-09
2008-05-18,-0.000133486016828
2008-05-19,-0.000510395160196
2008-05-20,0.000280722471937
2008-05-21,-0.000175240696697
2008-05-22,0.0107575345143
2008-05-23,0.0191149922124
2008-05-24,0.0328395407907
2008-05-25,0.00971259690816
2008-05-26,-0.015355346607
2008-05-27,3.38216234568e-10
2008-05-28,0.0077331138176
2008-05-29,7.32268250085e-05
2008-05-30,3.18301774189e-05
2008-05-31,0.00013281663453
2008-06-01,-0.000761003438698
2008-06-02,0.000719425234265
2008-06-03,0.0168643925913
2008-06-04,0.0198066244937
2008-06-05,0.0366491620687
2008-06-06,-0.00198654477378
2008-06-07,-0.0122414089925
2008-06-08,-0.0124145625642
2008-06-09,0.00894847512524
2008-06-10,0.0125588254873
2008-06-11,-0.00158299953041
2008-06-12,0.015113739167
2008-06-13,0.00739908357779
2008-06-14,0.0280194551427
2008-06-15,0.0367086789141
2008-06-16,0.0515077959737
2008-06-17,0.0486815826152
2008-06-18,0.0302033356038
2008-06-19,0.0120773711266
2008-06-20,-0.0178903232827
2008-06-21,0.0199561577518
2008-06-22,0.0274157379983
2008-06-23,-0.0225461211772
2008-06-24,0.0334279210559
2008-06-25,0.00916415117207
2008-06-26,0.0794757524747
2008-06-27,0.0537199460023
2008-06-28,0.0644796580757
2008-06-29,0.0252215664035
2008-06-30,0.0190483165804
2008-07-01,0.0857064247898
2008-07-02,0.0703741322307
2008-07-03,0.0523334404626
2008-07-04,0.0489836983032
2008-07-05,0.045556210849
2008-07-06,0.0308296078135
2008-07-07,0.0821586062888
2008-07-08,0.0601505069613
2008-07-09,0.076611182728
2008-07-10,0.0786345991108
2008-07-11,0.0857392835523
2008-07-12,0.094917883501
2008-07-13,0.0821893096162
2008-07-14,0.102702222118
2008-07-15,0.0700235585604
2008-07-16,0.065152883492
2008-07-17,0.0642706334963
2008-07-18,0.0341569825954
2008-07-19,0.0615747611559
2008-07-20,0.0901471569113
2008-07-21,0.0822514454235
2008-07-22,0.0961738314679
2008-07-23,0.0361697276275
2008-07-24,0.107014371217
2008-07-25,0.0772777250742
2008-07-26,0.0886135649145
2008-07-27,0.0839464276421
2008-07-28,0.13854347142
2008-07-29,0.0892225170693
2008-07-30,0.121306116805
2008-07-31,0.0554847225645
2008-08-01,0.0717371403169
2008-08-02,0.0820828878081
2008-08-03,0.0999527198001
2008-08-04,0.0955059683022
2008-08-05,0.085177905372
2008-08-06,0.0963719305487
2008-08-07,0.0860580295553
2008-08-08,0.107281175679
2008-08-09,0.109949682852
2008-08-10,0.04441651139
2008-08-11,0.0746713822955
2008-08-12,0.0832571621533
2008-08-13,0.0720122656716
2008-08-14,0.0640464667691
2008-08-15,0.0755623843279
2008-08-16,0.0576925070982
2008-08-17,0.0869774807143
2008-08-18,0.0976635122878
2008-08-19,0.135303337251
2008-08-20,0.0822239818614
2008-08-21,0.0501223387544
2008-08-22,0.0693203562635
2008-08-23,0.100574209526
2008-08-24,0.0887604759755
2008-08-25,0.092648914816
2008-08-26,0.116768334396
2008-08-27,0.117147396926
2008-08-28,0.101682280888
2008-08-29,0.0964861085078
2008-08-30,0.128821243096
2008-08-31,0.185139062581
2008-09-01,0.118286517514
2008-09-02,0.0783617456624
2008-09-03,0.0759373543766
2008-09-04,0.0832381236543
2008-09-05,0.0712849657271
2008-09-06,0.0690700820486
2008-09-07,0.0318491424279
2008-09-08,0.0872284008732
2008-09-09,0.110939352434
2008-09-10,0.142313193607
2008-09-11,0.111397059537
2008-09-12,0.135152948953
2008-09-13,0.0602986664415
2008-09-14,0.0536787705335
2008-09-15,0.0922353759498
2008-09-16,0.0938325469082
2008-09-17,0.0710848655832
2008-09-18,0.00752356160325
2008-09-19,0.0415017253086
2008-09-20,0.026578464496
2008-09-21,0.0211074782116
2008-09-22,0.0348327251012
2008-09-23,0.0537977238848
2008-09-24,0.049536523945
2008-09-25,0.0714202392661
2008-09-26,0.0621947488752
2008-09-27,0.0850990739557
2008-09-28,0.0695506126122
2008-09-29,0.106200600037
2008-09-30,0.103246248809
2008-10-01,0.112053355405
2008-10-02,0.0822324627894
2008-10-03,0.0817016176277
2008-10-04,0.0843829119668
2008-10-05,0.0795469444642
2008-10-06,0.0927805923026
2008-10-07,0.101817789944
2008-10-08,0.0923537375706
2008-10-09,0.0879678386609
2008-10-10,0.0847655062785
2008-10-11,0.105736568252
2008-10-12,0.0966497138525
2008-10-13,0.0949287711321
2008-10-14,0.0905303226445
2008-10-15,0.0893753784176
2008-10-16,0.0829343432886
2008-10-17,0.100361400794
2008-10-18,0.103078203983
2008-10-19,0.071754484945
2008-10-20,0.0836695223985
2008-10-21,0.0940699226258
2008-10-22,0.0661949775653
2008-10-23,0.0995619642168
2008-10-24,0.109273012501
2008-10-25,0.121066639382
2008-10-26,0.0875813492871
2008-10-27,0.0657787681495
2008-10-28,0.0513745800681
2008-10-29,0.0618469276903
2008-10-30,0.0491991498346
2008-10-31,0.0937223566599
2008-11-01,0.0998463070282
2008-11-02,0.0593708726897
2008-11-03,0.0677541609969
2008-11-04,0.0428796752917
2008-11-05,0.0627569328046
2008-11-06,0.0592519190871
2008-11-07,0.0788746744581
2008-11-08,0.0713120559706
2008-11-09,0.0892400498555
2008-11-10,0.101468953581
2008-11-11,0.0478496142492
2008-11-12,0.0891483130741
2008-11-13,0.02543003859
2008-11-14,0.0586868734153
2008-11-15,0.0928105657155
2008-11-16,-0.0154884662653
2008-11-17,-0.0294334137017
2008-11-18,-0.0595362681423
2008-11-19,0.00181417460634
2008-11-20,0.0293480881921
2008-11-21,0.0939578180809
2008-11-22,0.107767009885
2008-11-23,0.0818877370528
2008-11-24,0.0383373536342
2008-11-25,0.0047255320778
2008-11-26,-0.0271892153792
2008-11-27,0.0324504989317
2008-11-28,0.00250621600183
2008-11-29,0.0435375610154
2008-11-30,0.0657894769932
2008-12-01,0.0629505936925
2008-12-02,0.101810783895
2008-12-03,0.109582508912
2008-12-04,-0.0344533641963
2008-12-05,0.0255064501077
2008-12-06,-0.00495455513177
2008-12-07,0.0114984694603
2008-12-08,0.00530950649068
2008-12-09,0.0533071127312
2008-12-10,0.109702415327
2008-12-11,0.0281883320117
2008-12-12,0.00256794428432
2008-12-13,-0.0240553386611
2008-12-14,0.009789328571
2008-12-15,-0.0225845499255
2008-12-16,-0.0762505539787
2008-12-17,-0.0286730808377
2008-12-18,-0.0299528039547
2008-12-19,-0.0539369000217
2008-12-20,0.0394436010323
2008-12-21,-0.00790480220257
2008-12-22,0.0371714137139
2008-12-23,-0.016178147879
2008-12-24,-0.000310977467855
2008-12-25,0.032855806785
2008-12-26,-0.00140684032036
2008-12-27,-0.00902843247898
2008-12-28,0.08178134154
2008-12-29,0.0876206706615
2008-12-30,0.0790857048489
2008-12-31,0.0386066293959
2009-01-01,0.0525539507435
2009-01-02,0.0513836553652
2009-01-03,0.0207349775928
2009-01-04,0.0436149701768
2009-01-05,0.00796148963246
2009-01-06,0.0484127744552
2009-01-07,0.0482961957683
2009-01-08,0.0546401981609
2009-01-09,0.0323493938421
2009-01-10,0.0511136264794
2009-01-11,-0.00642625962419
2009-01-12,0.013163334477
2009-01-13,0.0442037012428
2009-01-14,0.0567760141385
2009-01-15,0.00442488260597
2009-01-16,-0.0482611500041
2009-01-17,-0.0649574007705
2009-01-18,-0.00941974040513
2009-01-19,0.000341771100188
2009-01-20,-0.0122994651772
2009-01-21,-0.0248751464292
2009-01-22,-0.0430257305343
2009-01-23,-0.0417380662527
2009-01-24,-0.0182132518354
2009-01-25,-0.0935016075528
2009-01-26,-0.05235799077
2009-01-27,0.0236480418133
2009-01-28,0.0273181941085
2009-01-29,-0.0153924828849
2009-01-30,-0.00717174449211
2009-01-31,0.0648423082871
2009-02-01,0.0485012279416
2009-02-02,-0.0210782776991
2009-02-03,0.0710711155487
2009-02-04,0.0339415354362
2009-02-05,0.0488998916856
2009-02-06,0.0279724384298
2009-02-07,-0.0065374636524
2009-02-08,0.0114854064003
2009-02-09,-4.91748112723e-05
2009-02-10,0.0280117406544
2009-02-11,0.0354812336774
2009-02-12,-0.0317166678642
2009-02-13,0.0211137583747
2009-02-14,-0.0339293624079
2009-02-15,0.0253504030788
2009-02-16,0.0612393189406
2009-02-17,0.0543853672553
2009-02-18,0.0288931667261
2009-02-19,0.0484603613793
2009-02-20,0.0963298492837
2009-02-21,0.020654301362
2009-02-22,0.0726713558242
2009-02-23,0.0460929589136
2009-02-24,0.0338631894611
2009-02-25,0.0681334465921
2009-02-26,0.0830771625986
2009-02-27,0.0867126433852
2009-02-28,0.117295906891
2009-03-01,0.0598492793331
2009-03-02,0.104373526895
2009-03-03,0.119266168329
2009-03-04,0.0372849446046
2009-03-05,0.0702330350132
2009-03-06,0.0759438078205
2009-03-07,0.0184650367331
2009-03-08,0.0331775584702
2009-03-09,-0.00271804326184
2009-03-10,-0.0226868266776
2009-03-11,0.0868904950438
2009-03-12,0.0537240104994
2009-03-13,0.0697221931042
2009-03-14,0.00467074095328
2009-03-15,0.0958002239639
2009-03-16,0.0097240433101
2009-03-17,0.0444370681037
2009-03-18,-0.00524393392627
2009-03-19,0.0321391955897
2009-03-20,0.0447559281014
2009-03-21,0.0287529191647
2009-03-22,0.0431583167191
2009-03-23,0.0324116427487
2009-03-24,0.0637277491303
2009-03-25,0.0325772935288
2009-03-26,0.0409249319964
2009-03-27,0.0577150119747
2009-03-28,0.0663725640041
2009-03-29,0.0151879915917
2009-03-30,0.0160335292271
2009-03-31,0.00885464413336
2009-04-01,-0.034267286657
2009-04-02,-0.036233898657
2009-04-03,-0.0854787590628
2009-04-04,-0.0365555301301
2009-04-05,-0.0306619158695
2009-04-06,-0.00037079783095
2009-04-07,-0.00739625073051
2009-04-08,-0.0305281957597
2009-04-09,-0.0170808852777
2009-04-10,-0.0240437448482
2009-04-11,-0.0215845592122
2009-04-12,-0.0333988353777
2009-04-13,-0.0408511031132
2009-04-14,-0.0487662766357
2009-04-15,-0.0419907180174
2009-04-16,-0.0877696439835
2009-04-17,-0.0653601630786
2009-04-18,-0.0403894738174
2009-04-19,-0.0204777423527
2009-04-20,-0.0640973076284
2009-04-21,-0.0424412938421
2009-04-22,-0.0752284358608
2009-04-23,-0.0509363107195
2009-04-24,-0.0861362137605
2009-04-25,-0.0542685829628
2009-04-26,-0.0742862721764
2009-04-27,-0.0340618944373
2009-04-28,-0.026264814709
2009-04-29,0.00232374879687
2009-04-30,-0.0208705083057
2009-05-01,-0.064012012145
2009-05-02,0.00502089737671
2009-05-03,-0.014216002191
2009-05-04,-0.0670195091139
2009-05-05,0.0114229534767
2009-05-06,-0.0314707146952
2009-05-07,-0.00423726772837
2009-05-08,-0.0179035542387
2009-05-09,0.0213981391876
2009-05-10,-0.039611305829
2009-05-11,-0.0241297524085
2009-05-12,-0.0799062844236
2009-05-13,-0.0462930248674
2009-05-14,-0.00838367171629
2009-05-15,-0.00953750959598
2009-05-16,-0.0602005823498
2009-05-17,-0.0811295402238
2009-05-18,-0.0907288405964
2009-05-19,-0.0419099529104
2009-05-20,-0.0667971624961
2009-05-21,-0.0392009795812
2009-05-22,-0.0678146903728
2009-05-23,-0.0377129676955
2009-05-24,-0.059028470975
2009-05-25,-0.0117997686977
2009-05-26,-0.0413457923998
2009-05-27,-0.0718315659677
2009-05-28,-0.0402326409535
2009-05-29,-0.061453892362
2009-05-30,0.00101533874864
2009-05-31,-1.58417401e-05
2009-06-01,-0.0472813369784
2009-06-02,0.0266755432534
2009-06-03,0.00270320635149
2009-06-04,0.0370736798479
2009-06-05,-0.0168045185114
2009-06-06,3.58371005969e-05
2009-06-07,-0.0380381485887
2009-06-08,-0.0588929884503
2009-06-09,-0.0572706812575
2009-06-10,-0.0386165076658
2009-06-11,-0.0258933479077
2009-06-12,-0.0777454572268
2009-06-13,-0.0223251957974
2009-06-14,-0.0401024633105
2009-06-15,-0.00763102237906
2009-06-16,-0.0318490451125
2009-06-17,-0.0313555179055
2009-06-18,-0.0367687981947
2009-06-19,-0.0274425738468
2009-06-20,-0.0437940361031
2009-06-21,-0.0361037208339
2009-06-22,-0.012251179614
2009-06-23,-0.00393657187062
2009-06-24,-0.0685255161263
2009-06-25,-0.0687324821363
2009-06-26,-0.0489779844178
2009-06-27,-0.0951443483772
2009-06-28,-0.0567297041283
2009-06-29,-0.0544092341416
2009-06-30,-0.0887509344509
2009-07-01,-0.0895300242126
2009-07-02,-0.0512552122249
2009-07-03,-0.0641395654419
2009-07-04,-0.0548571292248
2009-07-05,-0.0793025889503
2009-07-06,-0.0539545573549
2009-07-07,-0.0618149574681
2009-07-08,-0.0703263145347
2009-07-09,-0.0680533758143
2009-07-10,-0.0483471506313
2009-07-11,-0.0402556594027
2009-07-12,-0.0362956254869
2009-07-13,-0.0284707118296
2009-07-14,-0.0516951645868
2009-07-15,-0.0388957167334
2009-07-16,-0.0377043759146
2009-07-17,-0.0554315297396
2009-07-18,-0.0617947526928
2009-07-19,-0.0379137421522
2009-07-20,0.000929710826005
2009-07-21,-0.0278550797038
2009-07-22,-0.016645170954
2009-07-23,-0.0178797990444
2009-07-24,-0.00868508296043
2009-07-25,-0.0392431982821
2009-07-26,-0.0133449147242
2009-07-27,-0.0325580404009
2009-07-28,-0.0187896360189
2009-07-29,-0.0091892869679
2009-07-30,-0.0168352977485
2009-07-31,-0.0349224713192
2009-08-01,-0.0316457586233
2009-08-02,-0.0101102438457
2009-08-03,0.0209946399887
2009-08-04,0.00261787365987
2009-08-05,0.00650024737321
2009-08-06,0.00643368242042
2009-08-07,0.0277803987286
2009-08-08,0.0313978334694
2009-08-09,0.0202023184416
2009-08-10,-0.00132590735438
2009-08-11,0.0216234274445
2009-08-12,0.0318518468511
2009-08-13,0.0102787732988
2009-08-14,0.011520616403
2009-08-15,0.0129007116317
2009-08-16,0.0219436275465
2009-08-17,0.0129458561274
2009-08-18,-0.0084641887397
2009-08-19,0.0070243214462
2009-08-20,0.0056877261328
2009-08-21,0.0297389067804
2009-08-22,0.0363515557341
2009-08-23,0.0359978916808
2009-08-24,0.0374989798857
2009-08-25,0.0309879811883
2009-08-26,0.0253725909912
2009-08-27,0.0227800983318
2009-08-28,0.00868696442772
2009-08-29,0.00198450428435
2009-08-30,0.0024163770723
2009-08-31,0.00904003610931
2009-09-01,0.012887598701
2009-09-02,0.0184739047377
2009-09-03,0.0060472813425
2009-09-04,0.01493548097
2009-09-05,0.0142426507382
2009-09-06,0.00218170632792
2009-09-07,-0.00600207128519
2009-09-08,-0.00102092939471
2009-09-09,0.00461426613692
2009-09-10,0.00811900594457
2009-09-11,0.0221417278385
2009-09-12,-0.0104827415795
2009-09-13,0.0163818887003
2009-09-14,0.00433042693328
2009-09-15,0.0100270995852
2009-09-16,0.00680334049446
2009-09-17,0.0125270115903
2009-09-18,0.00639363627449
2009-09-19,0.00124325079574
2009-09-20,0.0127526182729
2009-09-21,0.0327056454565
2009-09-22,0.00731841736005
2009-09-23,0.0118956627803
2009-09-24,0.0166935973801
2009-09-25,0.00317657885549
2009-09-26,0.0148116668802
2009-09-27,0.0234897872165
2009-09-28,0.00842901863441
2009-09-29,-0.011174052712
2009-09-30,-0.0105497685615
2009-10-01,-0.0406347244321
2009-10-02,-0.0209503347721
2009-10-03,-0.0382208515557
2009-10-04,-0.0111583586075
2009-10-05,-0.00831894557899
2009-10-06,-0.0155738933305
2009-10-07,-0.0262960722755
2009-10-08,1.12836396935e-05
2009-10-09,0.00767158226751
2009-10-10,0.00137886419148
2009-10-11,-0.00259158270077
2009-10-12,0.00471036822138
2009-10-13,0.00169101035812
2009-10-14,0.0199302832267
2009-10-15,0.00194026381698
2009-10-16,-0.0138513252222
2009-10-17,-0.0124220708339
2009-10-18,-0.00719664217818
2009-10-19,-0.0393543808708
2009-10-20,-0.0325005268899
2009-10-21,-0.0363835352382
2009-10-22,-0.0230386971454
2009-10-23,-0.0189512549486
2009-10-24,-0.0254149391387
2009-10-25,-0.0377418984842
2009-10-26,-0.0582696674922
2009-10-27,-0.0466574892326
2009-10-28,-0.0430280471746
2009-10-29,-0.0532202893049
2009-10-30,-0.0502653779042
2009-10-31,-0.0343251241469
2009-11-01,-0.0328528178242
2009-11-02,-0.0223049858057
2009-11-03,-0.0344575780647
2009-11-04,-0.0360381019952
2009-11-05,-0.0304012477053
2009-11-06,-0.0277585074868
2009-11-07,-0.0213002724934
2009-11-08,-0.0261629670396
2009-11-09,-0.0261951152222
2009-11-10,-0.0278985365126
2009-11-11,-0.0332000124193
2009-11-12,-0.0185532225595
2009-11-13,0.00584815585809
2009-11-14,0.0159244620557
2009-11-15,0.0059484212159
2009-11-16,0.00915518309831
2009-11-17,-0.0132929686027
2009-11-18,-0.0291044092623
2009-11-19,-0.0149009769837
2009-11-20,-0.0267310968131
2009-11-21,-0.0417678745964
2009-11-22,-0.0321248691751
2009-11-23,-0.0581098852967
2009-11-24,-0.041040025948
2009-11-25,-0.0299303318257
2009-11-26,-0.0447277531079
2009-11-27,-0.0287906971677
2009-11-28,-0.000917740354825
2009-11-29,-0.0233621591603
2009-11-30,-0.0267323038096
2009-12-01,-0.00199181143907
2009-12-02,-0.0064896318064
2009-12-03,-0.013558576712
2009-12-04,0.00209681622372
2009-12-05,0.013375115538
2009-12-06,0.00852076756975
2009-12-07,0.0209743154366
2009-12-08,0.00279308156784
2009-12-09,0.0271983633546
2009-12-10,0.0231195696114
2009-12-11,0.028204305497
2009-12-12,0.0233965810984
2009-12-13,0.0243642819249
2009-12-14,0.0391855610563
2009-12-15,0.0606828951391
2009-12-16,0.0547405869064
2009-12-17,0.0266907887056
2009-12-18,0.0340082288997
2009-12-19,0.034235607108
2009-12-20,-0.00438724688936
2009-12-21,-0.0285742157256
2009-12-22,-0.0325215526225
2009-12-23,-0.0483284626393
2009-12-24,-0.0314157463461
2009-12-25,-0.0333748484925
2009-12-26,-0.0731755840484
2009-12-27,-0.0891754764461
2009-12-28,-0.106955680339
2009-12-29,-0.0908265161592
2009-12-30,-0.104802993254
2009-12-31,-0.122549253695
2010-01-01,-0.105478673359
2010-01-02,-0.0959666887793
2010-01-03,-0.0885333019476
2010-01-04,-0.0770694513954
2010-01-05,-0.0339247191273
2010-01-06,-0.0346498996651
2010-01-07,-0.03478778208
2010-01-08,-0.0258214002726
2010-01-09,-0.0177148249955
2010-01-10,0.0141700308925
2010-01-11,0.0271199297404
2010-01-12,0.0548760072645
2010-01-13,0.0372404876544
2010-01-14,0.0507433941115
2010-01-15,0.061580293895
2010-01-16,0.0553170987957
2010-01-17,0.0354340684161
2010-01-18,0.0120361282698
2010-01-19,0.037260703484
2010-01-20,0.0600327403186
2010-01-21,0.0835499451765
2010-01-22,0.0586459817954
2010-01-23,0.0477228033535
2010-01-24,0.0752098037714
2010-01-25,0.0496604467166
2010-01-26,0.0583956827451
2010-01-27,0.0656184314637
2010-01-28,0.0764398636792
2010-01-29,0.0957507132752
2010-01-30,0.058693863997
2010-01-31,0.0447378424549
2010-02-01,0.0284074026591
2010-02-02,0.0352676319241
2010-02-03,0.0478534695213
2010-02-04,0.0372417422115
2010-02-05,0.00709470798995
2010-02-06,0.0331243524357
2010-02-07,0.069943552448
2010-02-08,0.0667510555952
2010-02-09,0.0200430088914
2010-02-10,0.0615738770921
2010-02-11,0.0694713935571
2010-02-12,0.0232507722805
2010-02-13,0.0664907126066
2010-02-14,0.065108721871
2010-02-15,0.0514430967047
2010-02-16,0.0736771167933
2010-02-17,0.043835099427
2010-02-18,0.0260667358004
2010-02-19,0.0186610323989
2010-02-20,-0.00138609279305
2010-02-21,0.0193375881594
2010-02-22,-0.0123618791964
2010-02-23,-0.00178399057397
2010-02-24,0.00562339569743
2010-02-25,0.0213272426672
2010-02-26,0.0278096054615
2010-02-27,0.0306798061805
2010-02-28,0.0126904127448
2010-03-01,0.0205247087255
2010-03-02,-0.0249204274997
2010-03-03,-0.0195092343373
2010-03-04,-0.0343501957827
2010-03-05,-0.0284350634386
2010-03-06,-0.026046378521
2010-03-07,-0.0482899556004
2010-03-08,-0.0130804698085
2010-03-09,-0.0129566116078
2010-03-10,-0.00556131811824
2010-03-11,-0.00952601125256
2010-03-12,-0.0228519959009
2010-03-13,0.00112250110068
2010-03-14,0.015293090788
2010-03-15,-0.00920080495542
2010-03-16,0.010395797612
2010-03-17,0.0131054520471
2010-03-18,0.0417657103799
2010-03-19,0.0250303588841
2010-03-20,0.0389126669198
2010-03-21,0.0360251837147
2010-03-22,0.0271263984998
2010-03-23,0.0325346914232
2010-03-24,0.0221950614709
2010-03-25,0.0267655780351
2010-03-26,0.0199459955631
2010-03-27,-0.0180316940131
2010-03-28,0.015715231662
2010-03-29,-0.00810548953466
2010-03-30,-0.0109248573368
2010-03-31,-0.0148149167433
2010-04-01,0.0130991885156
2010-04-02,-0.00490927981936
2010-04-03,-0.0457428318076
2010-04-04,-0.0721532445963
2010-04-05,-0.0827639676552
2010-04-06,-0.0819487712754
2010-04-07,-0.0518450395693
2010-04-08,-0.022258603536
2010-04-09,-0.0191816313732
2010-04-10,0.0333585988606
2010-04-11,0.0133677231489
2010-04-12,-0.0126303156747
2010-04-13,0.0227450194148
2010-04-14,0.0140573197537
2010-04-15,-0.0541714767417
2010-04-16,-0.0699438589138
2010-04-17,-0.0638528965831
2010-04-18,-0.0689204098953
2010-04-19,-0.0746270080988
2010-04-20,-0.0412956405449
2010-04-21,-0.0809460177677
2010-04-22,-0.0360387118327
2010-04-23,-0.0312010061593
2010-04-24,0.0108079031448
2010-04-25,-0.0344817458802
2010-04-26,-0.0370080825645
2010-04-27,-0.0207822776853
2010-04-28,-0.0489196844249
2010-04-29,-0.0327409460387
2010-04-30,-0.0484531273813
2010-05-01,-0.0307825822549
2010-05-02,-0.0872584147155
2010-05-03,-0.0594905821576
2010-05-04,-0.0430404906118
2010-05-05,-0.0793636491626
2010-05-06,-0.10174220235
2010-05-07,-0.0645508062706
2010-05-08,-0.0696404559623
2010-05-09,-0.102216806151
2010-05-10,-0.100199495244
2010-05-11,-0.12080011482
2010-05-12,-0.108481821998
2010-05-13,-0.0850678510763
2010-05-14,-0.0978570242586
2010-05-15,-0.12006152462
2010-05-16,-0.112338247719
2010-05-17,-0.11049743476
2010-05-18,-0.108368732254
2010-05-19,-0.0902124574552
2010-05-20,-0.0796970258728
2010-05-21,-0.0984473633798
2010-05-22,-0.100646338456
2010-05-23,-0.0964748835322
2010-05-24,-0.0798501354402
2010-05-25,-0.0789801138496
2010-05-26,-0.0919194789124
2010-05-27,-0.100786404925
2010-05-28,-0.0713704285263
2010-05-29,-0.102805111075
2010-05-30,-0.120080523011
2010-05-31,-0.111453933094
2010-06-01,-0.0890668128307
2010-06-02,-0.123418757326
2010-06-03,-0.121754373999
2010-06-04,-0.117970608291
2010-06-05,-0.113701400574
2010-06-06,-0.109659780295
2010-06-07,-0.116013641553
2010-06-08,-0.0964010543749
2010-06-09,-0.0842349043382
2010-06-10,-0.0915416241853
2010-06-11,-0.104557480234
2010-06-12,-0.1345297031
2010-06-13,-0.0932251398863
2010-06-14,-0.108847230952
2010-06-15,-0.096721697525
2010-06-16,-0.131317374836
2010-06-17,-0.115048024005
2010-06-18,-0.130762363344
2010-06-19,-0.111735308131
2010-06-20,-0.11389265051
2010-06-21,-0.111909216508
2010-06-22,-0.112628864673
2010-06-23,-0.131672403534
2010-06-24,-0.140326612001
2010-06-25,-0.110945115819
2010-06-26,-0.0953619400159
2010-06-27,-0.106560986496
2010-06-28,-0.110866609781
2010-06-29,-0.118060358264
2010-06-30,-0.100894487693
2010-07-01,-0.119914443914
2010-07-02,-0.107996435378
2010-07-03,-0.0873500475558
2010-07-04,-0.0823590274078
2010-07-05,-0.101222017743
2010-07-06,-0.0586605244639
2010-07-07,-0.0576302660166
2010-07-08,-0.0529262190465
2010-07-09,-0.0471666603534
2010-07-10,-0.0556994033527
2010-07-11,-0.0798300586623
2010-07-12,-0.0711295879313
2010-07-13,-0.0645553199397
2010-07-14,-0.0417757244129
2010-07-15,-0.0425995166996
2010-07-16,-0.0586410534192
2010-07-17,-0.0518151024847
2010-07-18,-0.0375890984333
2010-07-19,-0.0417395326716
2010-07-20,-0.0300761755108
2010-07-21,-0.045781130936
2010-07-22,-0.030774489047
2010-07-23,-0.0370690728527
2010-07-24,-0.0404708993413
2010-07-25,-0.0406509382214
2010-07-26,-0.0304168106679
2010-07-27,-0.058964878753
2010-07-28,-0.0512133487324
2010-07-29,-0.0418175939526
2010-07-30,-0.0463258650297
2010-07-31,-0.043494586349
2010-08-01,-0.0586509014369
2010-08-02,-0.0508903330661
2010-08-03,-0.0647230090181
2010-08-04,-0.0692103052735
2010-08-05,-0.0462447264266
2010-08-06,-0.0438943963711
2010-08-07,-0.0297279736683
2010-08-08,-0.0467120713973
2010-08-09,-0.0309737178107
2010-08-10,-0.0322451807629
2010-08-11,-0.0294511679168
2010-08-12,-0.0219116209403
2010-08-13,-0.0337072137175
2010-08-14,-0.0144674267125
2010-08-15,-0.00640699160968
2010-08-16,-0.0061470537265
2010-08-17,-0.0152848207031
2010-08-18,-0.0135158522226
2010-08-19,-0.0221949068983
2010-08-20,-0.0296664988002
2010-08-21,-0.0323612296578
2010-08-22,-0.02956211667
2010-08-23,-0.0157269098374
2010-08-24,0.00169769437597
2010-08-25,-0.010110735083
2010-08-26,-0.0190940411385
2010-08-27,-0.027857286224
2010-08-28,-0.025795448141
2010-08-29,-0.0365385983012
2010-08-30,-0.0206398827204
2010-08-31,-0.028827825088
2010-09-01,-0.00699536254722
2010-09-02,-0.0189885571085
2010-09-03,-0.0232188464668
2010-09-04,0.00670228499387
2010-09-05,0.00124613990015
2010-09-06,-0.00345946724704
2010-09-07,-0.0020107436816
2010-09-08,0.00262986581653
2010-09-09,0.00430708045531
2010-09-10,0.0167108436683
2010-09-11,0.00785494492866
2010-09-12,-0.00536563778446
2010-09-13,0.0286686783518
2010-09-14,0.0273292481489
2010-09-15,0.022871080089
2010-09-16,0.0378388822671
2010-09-17,0.0276298571175
2010-09-18,0.0235892456111
2010-09-19,0.0294044327871
2010-09-20,0.025436082127
2010-09-21,0.0269227316585
2010-09-22,0.0171902063024
2010-09-23,0.0164233502058
2010-09-24,0.0197735731237
2010-09-25,0.00222204184624
2010-09-26,-0.00679196342441
2010-09-27,-0.00445691446037
2010-09-28,-0.00935816505265
2010-09-29,-0.00290753825684
2010-09-30,0.00696419104048
2010-10-01,0.00594593082715
2010-10-02,-9.31048789565e-05
2010-10-03,0.00380899830961
2010-10-04,0.00140678200435
2010-10-05,-0.00712149215088
2010-10-06,0.00405503679278
2010-10-07,0.00814739033971
2010-10-08,-0.00673941521691
2010-10-09,-0.00526599729449
2010-10-10,-0.00613991363038
2010-10-11,0.00157647354706
2010-10-12,-0.0094513940186
2010-10-13,-0.0103176571093
2010-10-14,-0.00836607575139
2010-10-15,-0.0147465036447
2010-10-16,-0.0181444475031
2010-10-17,-0.0293833540171
2010-10-18,-0.0196554570759
2010-10-19,-0.0249219937033
2010-10-20,-0.0180736441548
2010-10-21,-0.014892945735
2010-10-22,-0.00387548162539
2010-10-23,-0.00276587554652
2010-10-24,-0.00570015872727
2010-10-25,-0.00929373178315
2010-10-26,-0.0314461840941
2010-10-27,-0.0371562796237
2010-10-28,-0.0130710039116
2010-10-29,-0.0180178030561
2010-10-30,-0.03764877964
2010-10-31,-0.0250820407714
2010-11-01,-0.0197988500118
2010-11-02,-0.0165013250417
2010-11-03,-0.0519945830014
2010-11-04,-0.0451567935713
2010-11-05,-0.0572552785562
2010-11-06,-0.0635063879383
2010-11-07,-0.0484530437813
2010-11-08,-0.0483562916399
2010-11-09,-0.0219481553959
2010-11-10,-0.0249127343639
2010-11-11,-0.0244710252769
2010-11-12,-0.0278095827794
2010-11-13,-0.00981233240665
2010-11-14,6.66284778125e-05
2010-11-15,0.00560468142657
2010-11-16,0.0214685900677
2010-11-17,0.0186120966544
2010-11-18,0.0242788384441
2010-11-19,0.0445096959971
2010-11-20,0.0465228147968
2010-11-21,0.078936299127
2010-11-22,0.0330475825926
2010-11-23,0.0698285848411
2010-11-24,0.0760616223019
2010-11-25,0.0423197220111
2010-11-26,0.00635919005227
2010-11-27,0.0307164413584
2010-11-28,-0.0480612362403
2010-11-29,0.0849876190259
2010-11-30,0.0259547507191
2010-12-01,0.0615652897472
2010-12-02,0.0401194460151
2010-12-03,0.0380221614564
2010-12-04,0.0670627201075
2010-12-05,-0.00147372076449
2010-12-06,-0.00483943265447
2010-12-07,-0.0143092893986
2010-12-08,0.000520506204046
2010-12-09,0.0568781741528
2010-12-10,0.0764975368936
2010-12-11,0.0436647882268
2010-12-12,0.0428815314945
2010-12-13,0.0177960744545
2010-12-14,0.0330870109555
2010-12-15,0.0623639327269
2010-12-16,0.0418316449054
2010-12-17,0.0918615579676
2010-12-18,0.045089611598
2010-12-19,0.0934757413947
2010-12-20,0.0617026540713
2010-12-21,0.069778085447
2010-12-22,0.0891175064171
2010-12-23,0.102063164133
2010-12-24,0.0714038530247
2010-12-25,0.0735916643006
2010-12-26,0.061342469343
2010-12-27,0.112645727764
2010-12-28,0.0365868705431
2010-12-29,0.0726251611757
2010-12-30,0.0654601936403
2010-12-31,0.0122495784886
2011-01-01,-0.0098261987833
2011-01-02,0.0570645278473
2011-01-03,0.0347715428031
2011-01-04,0.0275721774761
2011-01-05,0.0791095283598
2011-01-06,0.0579765006069
2011-01-07,0.099091456442
2011-01-08,0.114735368728
2011-01-09,0.0664606433151
2011-01-10,0.0890303183175
2011-01-11,0.156687883044
2011-01-12,0.119471743168
2011-01-13,0.0945212225144
2011-01-14,0.0684517292601
2011-01-15,0.0780276103242
2011-01-16,0.0148617424553
2011-01-17,0.0878232465515
2011-01-18,0.0531874157704
2011-01-19,0.0547817983021
2011-01-20,0.0572652453651
2011-01-21,-0.0230923122761
2011-01-22,0.0377847671958
2011-01-23,0.010713404976
2011-01-24,0.0816827674052
2011-01-25,0.0460936210267
2011-01-26,0.082279061879
2011-01-27,0.0909918192237
2011-01-28,0.107888153698
2011-01-29,0.119160378599
2011-01-30,0.109704925529
2011-01-31,0.0699511613186
2011-02-01,0.101300420548
2011-02-02,0.0692016398644
2011-02-03,0.0646907086793
2011-02-04,0.0711510020547
2011-02-05,0.0393355725084
2011-02-06,0.0303962202333
2011-02-07,0.0211033243746
2011-02-08,0.0533689440339
2011-02-09,0.0890072717301
2011-02-10,0.109708694085
2011-02-11,0.058521213832
2011-02-12,0.0260794060726
2011-02-13,0.00531488561757
2011-02-14,0.0883754607787
2011-02-15,0.100237905013
2011-02-16,0.0762243488624
2011-02-17,0.0714720922923
2011-02-18,0.0824920594394
2011-02-19,0.0371120762069
2011-02-20,0.0625887742385
2011-02-21,0.0781965486534
2011-02-22,0.0782168184547
2011-02-23,-0.00757296831052
2011-02-24,0.0181054390337
2011-02-25,0.0396537380925
2011-02-26,0.0335890011493
2011-02-27,0.0410107528579
2011-02-28,0.0648669005265
2011-03-01,0.0327858820757
2011-03-02,0.0339593621892
2011-03-03,0.0591633166903
2011-03-04,0.0569930451097
2011-03-05,0.0332862057038
2011-03-06,0.0804084933628
2011-03-07,0.0408925649904
2011-03-08,0.00756921142725
2011-03-09,0.00333304096636
2011-03-10,0.0571214585223
2011-03-11,0.0501805612707
2011-03-12,0.0959922603748
2011-03-13,0.0873019770871
2011-03-14,0.0859419942231
2011-03-15,0.0597316827431
2011-03-16,0.0341787542819
2011-03-17,0.00799200389182
2011-03-18,-0.0105137096651
2011-03-19,-0.00196685389862
2011-03-20,-0.0256130064337
2011-03-21,-0.0190129066503
2011-03-22,-0.00422778701012
2011-03-23,-0.00129459666598
2011-03-24,-0.0165062293787
2011-03-25,-0.00888045930264
2011-03-26,0.0125632716467
2011-03-27,0.0208383765534
2011-03-28,0.0162746412578
2011-03-29,0.0175138340848
2011-03-30,-0.0128699261391
2011-03-31,0.0139215349084
2011-04-01,-0.00360612409967
2011-04-02,0.00188249781804
2011-04-03,0.0257607406725
2011-04-04,0.0260335548701
2011-04-05,-0.00231221259493
2011-04-06,0.0104062916889
2011-04-07,0.0146238836029
2011-04-08,-0.0105960887598
2011-04-09,-0.00721936234416
2011-04-10,-0.0152360154309
2011-04-11,-0.0332899484343
2011-04-12,-0.0294896716315
2011-04-13,-0.0430263552866
2011-04-14,-0.0508923563677
2011-04-15,-0.0212428346189
2011-04-16,-0.0457134781075
2011-04-17,-0.0556430368178
2011-04-18,-0.0560545015921
2011-04-19,-0.0341277026546
2011-04-20,-0.0318491422779
2011-04-21,-0.0277098524201
2011-04-22,-0.00775583682134
2011-04-23,-0.0270135961982
2011-04-24,-0.0340092500226
2011-04-25,-0.0556049701659
2011-04-26,-0.0536791436186
2011-04-27,-0.0669950051646
2011-04-28,-0.0809618456225
2011-04-29,-0.100142126463
2011-04-30,-0.0772337004145
2011-05-01,-0.0795645091797
2011-05-02,-0.0624731959752
2011-05-03,-0.0864822819729
2011-05-04,-0.0836035343127
2011-05-05,-0.102308423485
2011-05-06,-0.0940203176131
2011-05-07,-0.0851414551804
2011-05-08,-0.07637355837
2011-05-09,-0.0757237091862
2011-05-10,-0.108606495671
2011-05-11,-0.0855699500804
2011-05-12,-0.13091205161
2011-05-13,-0.115790495421
2011-05-14,-0.1153259278
2011-05-15,-0.119715880208
2011-05-16,-0.124100023013
2011-05-17,-0.138877445222
2011-05-18,-0.108692544717
2011-05-19,-0.121241507389
2011-05-20,-0.114462841531
2011-05-21,-0.129116312618
2011-05-22,-0.127755902306
2011-05-23,-0.107987321753
2011-05-24,-0.129729896353
2011-05-25,-0.137210657761
2011-05-26,-0.13455700569
2011-05-27,-0.119590691747
2011-05-28,-0.113790489819
2011-05-29,-0.117087962989
2011-05-30,-0.0894565192499
2011-05-31,-0.0983716695695
2011-06-01,-0.114216119251
2011-06-02,-0.118193520504
2011-06-03,-0.110910036883
2011-06-04,-0.118220264559
2011-06-05,-0.108573519932
2011-06-06,-0.116049394395
2011-06-07,-0.10951547537
2011-06-08,-0.124643763922
2011-06-09,-0.124865980944
2011-06-10,-0.130226458296
2011-06-11,-0.120794006018
2011-06-12,-0.123100137176
2011-06-13,-0.106270723844
2011-06-14,-0.116089250666
2011-06-15,-0.105300224193
2011-06-16,-0.0908437700011
2011-06-17,-0.0984083691208
2011-06-18,-0.0633463000331
2011-06-19,-0.0831974995523
2011-06-20,-0.079879519469
2011-06-21,-0.0780613328277
2011-06-22,-0.0794496464645
2011-06-23,-0.0814251387803
2011-06-24,-0.0857230199319
2011-06-25,-0.0975960098314
2011-06-26,-0.0996427123552
2011-06-27,-0.137388086216
2011-06-28,-0.143315699849
2011-06-29,-0.13417527965
2011-06-30,-0.13597244543
2011-07-01,-0.138285142309
2011-07-02,-0.131704458415
2011-07-03,-0.124959865671
2011-07-04,-0.11463130746
2011-07-05,-0.131225403149
2011-07-06,-0.12433888757
2011-07-07,-0.0817796758388
2011-07-08,-0.0735735016648
2011-07-09,-0.07570059627
2011-07-10,-0.104517212525
2011-07-11,-0.102187332103
2011-07-12,-0.122196844327
2011-07-13,-0.131980840815
2011-07-14,-0.111934042515
2011-07-15,-0.0741487663327
2011-07-16,-0.072476769096
2011-07-17,-0.0400285775405
2011-07-18,-0.0230515634936
2011-07-19,-0.0462482092502
2011-07-20,-0.0456972899294
2011-07-21,-0.0766011814337
2011-07-22,-0.0755346050571
2011-07-23,-0.0825844340479
2011-07-24,-0.0757976763986
2011-07-25,-0.0926268237865
2011-07-26,-0.0729352822064
2011-07-27,-0.0836051355963
2011-07-28,-0.0640538748138
2011-07-29,-0.0795816919914
2011-07-30,-0.076920241334
2011-07-31,-0.0827607438922
2011-08-01,-0.0788276207579
2011-08-02,-0.0758966498823
2011-08-03,-0.0772262345912
2011-08-04,-0.0780571969681
2011-08-05,-0.0686833067736
2011-08-06,-0.0709605006969
2011-08-07,-0.0745086187994
2011-08-08,-0.0664776786941
2011-08-09,-0.0468024930407
2011-08-10,-0.0566373438467
2011-08-11,-0.0343522604573
2011-08-12,-0.0489968067062
2011-08-13,-0.0655238175862
2011-08-14,-0.0297722265977
2011-08-15,-0.0196994989282
2011-08-16,-0.0165039883404
2011-08-17,-0.00994876983088
2011-08-18,0.00015096930505
2011-08-19,-0.00712231772736
2011-08-20,-0.00678233162747
2011-08-21,-0.00129304134567
2011-08-22,-0.0273487812618
2011-08-23,-0.0149707997844
2011-08-24,0.00477277871879
2011-08-25,-0.013363288701
2011-08-26,-0.00263748963811
2011-08-27,-0.00560911439897
2011-08-28,0.000591554433513
2011-08-29,-0.00400165751841
2011-08-30,0.0126356418626
2011-08-31,0.0121666383951
2011-09-01,0.0417951481941
2011-09-02,0.00549121206576
2011-09-03,0.0254773520856
2011-09-04,0.0280176203231
2011-09-05,0.0152445969503
2011-09-06,0.0284177970589
2011-09-07,0.0189121371442
2011-09-08,0.0308886243282
2011-09-09,0.0333593968128
2011-09-10,0.00860159568929
2011-09-11,0.00407825868787
2011-09-12,0.0313523642979
2011-09-13,0.0149400534171
2011-09-14,0.00905058718195
2011-09-15,0.012129478221
2011-09-16,0.0249499519774
2011-09-17,0.0479092834252
2011-09-18,0.0633483804096
2011-09-19,0.0584650535599
2011-09-20,0.0533784705123
2011-09-21,0.0429569076012
2011-09-22,0.0333259592184
2011-09-23,0.0368616097662
2011-09-24,0.0345217556507
2011-09-25,0.0436812610081
2011-09-26,0.042061193471
2011-09-27,0.0250355802771
2011-09-28,0.0287083543683
2011-09-29,0.0342623754947
2011-09-30,0.0274357659148
2011-10-01,0.00623972276925
2011-10-02,0.0336751008273
2011-10-03,0.0439135869218
2011-10-04,0.0424511780978
2011-10-05,0.0368880234544
2011-10-06,0.0326139184239
2011-10-07,0.038382623955
2011-10-08,0.0197130858986
2011-10-09,0.018087291567
2011-10-10,0.000595086110957
2011-10-11,0.00454091750153
2011-10-12,-0.0210019219958
2011-10-13,0.00264897302531
2011-10-14,0.0156879282375
2011-10-15,0.0109886123889
2011-10-16,0.0122610088831
2011-10-17,0.0225872606354
2011-10-18,0.00917967984977
2011-10-19,0.00834501825207
2011-10-20,0.0270008233023
2011-10-21,0.00411149515031
2011-10-22,0.0253538002512
2011-10-23,0.0125610350938
2011-10-24,0.0261828842747
2011-10-25,0.00761771542636
2011-10-26,0.0080761514932
2011-10-27,0.00247777743199
2011-10-28,0.00843139815224
2011-10-29,0.00909934777473
2011-10-30,0.0109525262317
2011-10-31,-0.00743988444066
2011-11-01,-0.00282367533001
2011-11-02,0.00821375468837
2011-11-03,0.00351111188064
2011-11-04,9.742421749e-05
2011-11-05,0.00344764591664
2011-11-06,-0.00873725563099
2011-11-07,-0.00814185824003
2011-11-08,-0.0095329454209
2011-11-09,0.00659614945368
2011-11-10,0.0120338602227
2011-11-11,0.00133131107456
2011-11-12,-0.00164280248009
2011-11-13,0.00401887620222
2011-11-14,0.0107341714004
2011-11-15,0.00125376675484
2011-11-16,0.0162141067497
2011-11-17,0.0304335378129
2011-11-18,0.0327321799736
2011-11-19,0.0487772418389
2011-11-20,0.037895189783
2011-11-21,0.0430610303348
2011-11-22,0.0422607709818
2011-11-23,0.0526804557112
2011-11-24,0.0306028311991
2011-11-25,0.0393470830861
2011-11-26,0.0277934297047
2011-11-27,0.0388827964345
2011-11-28,0.0276937335991
2011-11-29,0.0636838140532
2011-11-30,0.0555786921104
2011-12-01,0.069220318454
2011-12-02,0.0793074215576
2011-12-03,0.0750687996729
2011-12-04,0.0761479888228
2011-12-05,0.0690476207627
2011-12-06,0.0977079218871
2011-12-07,0.104367767756
2011-12-08,0.0959343655856
2011-12-09,0.0646160727999
2011-12-10,0.0978335181072
2011-12-11,0.0901042921933
2011-12-12,0.038299647231
2011-12-13,0.0890028479317
2011-12-14,0.0788634098799
2011-12-15,0.0665144117374
2011-12-16,0.0731185710492
2011-12-17,0.106762123459
2011-12-18,0.098786230789
2011-12-19,0.0843976515501
2011-12-20,0.10369912301
2011-12-21,0.0896910549953
2011-12-22,0.102057554612
2011-12-23,0.12412118243
2011-12-24,0.126384379919
2011-12-25,0.112629334423
2011-12-26,0.106729379225
2011-12-27,0.143270491703
2011-12-28,0.151198490343
2011-12-29,0.136764104923
2011-12-30,0.151554818711
2011-12-31,0.147433448997
2012-01-01,0.133805439691
2012-01-02,0.130381822281
2012-01-03,0.12302620863
2012-01-04,0.0658971724971
2012-01-05,0.0823203731081
2012-01-06,0.0940972359095
2012-01-07,0.0572607419564
2012-01-08,0.0687998295291
2012-01-09,0.0553250901834
2012-01-10,-0.0332494916873
2012-01-11,0.0794098085011
2012-01-12,0.0660727916219
2012-01-13,0.110538725221
2012-01-14,0.0682640059304
2012-01-15,0.128448355778
2012-01-16,0.100128988796
2012-01-17,0.14185399932
2012-01-18,0.0947293599533
2012-01-19,0.115385575134
2012-01-20,0.144701280604
2012-01-21,0.160672945184
2012-01-22,0.173819091584
2012-01-23,0.161022659124
2012-01-24,0.152437121693
2012-01-25,0.16836002878
2012-01-26,0.1812989349
2012-01-27,0.174566364681
2012-01-28,0.170250133707
2012-01-29,0.184178460658
2012-01-30,0.208205338972
2012-01-31,0.200533577282
2012-02-01,0.184711423584
2012-02-02,0.18934229868
2012-02-03,0.16176710897
2012-02-04,0.16374311115
2012-02-05,0.154347421642
2012-02-06,0.145070114412
2012-02-07,0.147909467686
2012-02-08,0.093352381465
2012-02-09,0.0497324392257
2012-02-10,0.0527333596321
2012-02-11,0.0301732093175
2012-02-12,0.0491724039212
2012-02-13,0.0619728474389
2012-02-14,0.0579317115961
2012-02-15,0.0644860479491
2012-02-16,0.176186839983
2012-02-17,0.189583625272
2012-02-18,0.194510176967
2012-02-19,0.105720361411
2012-02-20,0.109243893515
2012-02-21,0.0877449077051
2012-02-22,0.0796999473173
2012-02-23,0.0662718587569
2012-02-24,0.0464461236079
2012-02-25,-0.0173328823751
2012-02-26,-0.00647242922796
2012-02-27,-0.00429472521169
2012-02-28,0.0620223445912
2012-02-29,-0.0358646767169
2012-03-01,0.0653809063937
2012-03-02,0.0315964601238
2012-03-03,0.0932243464948
2012-03-04,0.107898340749
2012-03-05,0.0853971257735
2012-03-06,0.0390797900625
2012-03-07,0.118397422345
2012-03-08,0.105626424354
2012-03-09,0.00977179412691
2012-03-10,0.0947340935917
2012-03-11,0.00229338313756
2012-03-12,0.0336212428526
2012-03-13,0.0984315908968
2012-03-14,0.109454772516
2012-03-15,0.09947690059
2012-03-16,0.1003161395
2012-03-17,0.106238523881
2012-03-18,0.0837054441225
2012-03-19,0.110598838032
2012-03-20,0.115116798972
2012-03-21,0.0702329421802
2012-03-22,0.0937865721711
2012-03-23,0.10880788074
2012-03-24,0.0523878108288
2012-03-25,0.128620993707
2012-03-26,0.0962613889336
2012-03-27,0.0951583805846
2012-03-28,0.0680538857893
2012-03-29,0.0717704726018
2012-03-30,0.0904080361194
2012-03-31,0.100766779885
2012-04-01,0.0946213824315
2012-04-02,0.119924724614
2012-04-03,0.0676287993653
2012-04-04,0.0468010514427
2012-04-05,0.0492172285402
2012-04-06,0.0444718197465
2012-04-07,0.0653734935327
2012-04-08,0.024420599348
2012-04-09,0.0565167649683
2012-04-10,0.0635415598995
2012-04-11,0.0759679665668
2012-04-12,0.0929036074921
2012-04-13,0.0631766329721
2012-04-14,0.0533223917968
2012-04-15,0.025226220508
2012-04-16,0.0618108029718
2012-04-17,0.0815320630899
2012-04-18,0.0587547014913
2012-04-19,0.0134229234524
2012-04-20,0.0328843115137
2012-04-21,0.00546381063071
2012-04-22,0.0286777605298
2012-04-23,0.0109732320483
2012-04-24,0.0359287431189
2012-04-25,0.0509101729154
2012-04-26,0.023721917305
2012-04-27,0.0534535407292
2012-04-28,0.00875925247906
2012-04-29,0.0313067914681
2012-04-30,-0.0206278379337
2012-05-01,0.0169757375823
2012-05-02,0.00162442980844
2012-05-03,0.0147930048985
2012-05-04,-0.00591746149636
2012-05-05,0.013137870393
2012-05-06,0.0119952193619
2012-05-07,0.0274644597483
2012-05-08,-0.0192467775872
2012-05-09,0.0369404960543
2012-05-10,0.0797546672998
2012-05-11,-0.0111886003581
2012-05-12,-0.00991648007523
2012-05-13,-0.0392720282078
2012-05-14,-0.0181440646073
2012-05-15,0.0286313833549
2012-05-16,0.0285838510813
2012-05-17,0.0172623901383
2012-05-18,-0.00167810788773
2012-05-19,0.0142482468713
2012-05-20,0.00442670421793
2012-05-21,-0.0124502876141
2012-05-22,0.00911365009665
2012-05-23,0.0277700787539
2012-05-24,0.0143670921354
2012-05-25,-0.00128294923764
2012-05-26,0.01961997407
2012-05-27,0.0258029734052
2012-05-28,0.0073377782453
2012-05-29,0.0190541568422
2012-05-30,-0.00200445757868
2012-05-31,0.0141452911645
2012-06-01,0.0214410583405
2012-06-02,0.0166394718828
2012-06-03,0.0221159120639
2012-06-04,0.0229855549424
2012-06-05,0.0140137922153
2012-06-06,0.0256052427082
2012-06-07,0.0119101935116
2012-06-08,-0.0027267765126
2012-06-09,0.004124587628
2012-06-10,-0.00635600986865
2012-06-11,0.0157407641825
2012-06-12,-0.00364863664054
2012-06-13,-0.0142431678731
2012-06-14,-0.0333108136965
2012-06-15,-0.0171183664111
2012-06-16,-0.00925328637473
2012-06-17,-0.0192510542286
2012-06-18,-0.019320501776
2012-06-19,-0.0232461534095
2012-06-20,-0.0214372973559
2012-06-21,-0.0106845030101
2012-06-22,-0.0184766097141
2012-06-23,-0.0369777298285
2012-06-24,-0.0254096534466
2012-06-25,-0.0227309079908
2012-06-26,-0.0323524173076
2012-06-27,-0.0261168163287
2012-06-28,-0.0353567733607
2012-06-29,-0.0343574044858
2012-06-30,-0.0464983815274
2012-07-01,-0.054060771311
2012-07-02,-0.0453174932918
2012-07-03,-0.0473829709692
2012-07-04,-0.0429765802623
2012-07-05,-0.0662702998818
2012-07-06,-0.0694122703018
2012-07-07,0.00215529575094
2012-07-08,-0.0221740018582
2012-07-09,-0.0455104333858
2012-07-10,-0.0307657065371
2012-07-11,-0.0336561178449
2012-07-12,-0.0362271626499
2012-07-13,-0.0162348962743
2012-07-14,-0.0125234093181
2012-07-15,-0.00361148512099
2012-07-16,-0.0153760288216
2012-07-17,-0.0194043511007
2012-07-18,-0.0285366694034
2012-07-19,-0.00649960502326
2012-07-20,-0.0156814723963
2012-07-21,-0.0158752367465
2012-07-22,-0.0251066137769
2012-07-23,-0.0102980620138
2012-07-24,-0.00868374950673
2012-07-25,-0.0210583538153
2012-07-26,-0.0363362923943
2012-07-27,-0.0292177072016
2012-07-28,-0.0161654265594
2012-07-29,-0.0166724315386
2012-07-30,-0.0267744812549
2012-07-31,-0.0273456923062
2012-08-01,-0.0303788561842
2012-08-02,-0.0215701878666
2012-08-03,-0.0252284637618
2012-08-04,0.00308194407757
2012-08-05,-0.00591785898276
2012-08-06,0.000932040086528
2012-08-07,0.00485552160202
2012-08-08,0.0038723589375
2012-08-09,0.00638666517948
2012-08-10,0.0104814636347
2012-08-11,-0.00361675444237
2012-08-12,0.016586694108
2012-08-13,0.00120578264437
2012-08-14,-0.0271185142932
2012-08-15,-0.0215587401743
2012-08-16,-0.0477252783176
2012-08-17,-0.0595935217141
2012-08-18,-0.0221780552731
2012-08-19,-0.00738352789332
2012-08-20,0.00438060227337
2012-08-21,0.00478078309888
2012-08-22,0.0162953089747
2012-08-23,0.0171395286459
2012-08-24,0.0161204491431
2012-08-25,0.0232296011326
2012-08-26,0.0287419647769
2012-08-27,0.0132511377995
2012-08-28,0.00825588158343
2012-08-29,0.0278861276864
2012-08-30,0.018103340905
2012-08-31,0.0166239390097
2012-09-01,-0.00148019618219
2012-09-02,0.0007060746036
2012-09-03,-0.00210003103433
2012-09-04,0.00222126949036
2012-09-05,-0.0159911465487
2012-09-06,-0.0229452711043
2012-09-07,-0.000776314905749
2012-09-08,-0.000724117757817
2012-09-09,0.0159427312563
2012-09-10,-0.012880805795
2012-09-11,-0.00736938355973
2012-09-12,-0.00784961544423
2012-09-13,-0.00220958693676
2012-09-14,0.0100301362705
2012-09-15,0.00588733907868
2012-09-16,-0.0100371774831
2012-09-17,-0.0138891183931
2012-09-18,-0.0113975050101
2012-09-19,-0.0118905251987
2012-09-20,0.000559631097458
2012-09-21,-0.0198722854572
2012-09-22,-0.013125326198
2012-09-23,-0.0347732045314
2012-09-24,-0.0216675565513
2012-09-25,-0.0336178224393
2012-09-26,-0.00570395811333
2012-09-27,-0.0274513828845
2012-09-28,-0.0117165055514
2012-09-29,-0.0127198925977
2012-09-30,-0.0174895387469
2012-10-01,-0.010513823444
2012-10-02,-0.00940753343444
2012-10-03,-0.012993156555
2012-10-04,-0.0121234258327
2012-10-05,0.003012319121
2012-10-06,-0.00871404409353
2012-10-07,-0.014857471279
2012-10-08,-0.0208029117201
2012-10-09,-0.020507183723
2012-10-10,-0.0201180303999
2012-10-11,-0.0282804318742
2012-10-12,-0.0164261348516
2012-10-13,-0.0135148277885
2012-10-14,-0.0123532295383
2012-10-15,-0.0138245316538
2012-10-16,-0.0176843401878
2012-10-17,-0.0043152528969
2012-10-18,-0.0157472791584
2012-10-19,-0.0156264159764
2012-10-20,-0.007393476296
2012-10-21,-0.000112164769131
2012-10-22,0.00987629039486
2012-10-23,-0.00229303078395
2012-10-24,-0.00531828422619
2012-10-25,0.000198295561397
2012-10-26,0.00055295394874
2012-10-27,-0.0021152706215
2012-10-28,0.00367620282037
2012-10-29,-0.00797623509308
2012-10-30,0.00354835499684
2012-10-31,-0.0123165813053
2012-11-01,-0.00854814618885
2012-11-02,-0.0144447081375
2012-11-03,-0.00689188970305
2012-11-04,-0.0143783122324
2012-11-05,-0.0160501416586
2012-11-06,-0.0176945582318
2012-11-07,-0.00609275200829
2012-11-08,-0.00574613408695
2012-11-09,-0.00866186312842
2012-11-10,-0.0133723697242
2012-11-11,-0.00568314592183
2012-11-12,-0.005823576381
2012-11-13,-0.015168013304
2012-11-14,-0.0157244461559
2012-11-15,-0.0150959172947
2012-11-16,-0.0265213674189
2012-11-17,-0.0314598663087
2012-11-18,-0.0182109126432
2012-11-19,-0.0214074620148
2012-11-20,-0.0220286624846
2012-11-21,-0.017605252741
2012-11-22,-0.0347434138919
2012-11-23,-0.0500482369741
2012-11-24,-0.0616245562239
2012-11-25,-0.0697465432315
2012-11-26,-0.0737297049418
2012-11-27,-0.0749285678928
2012-11-28,-0.0710247098599
2012-11-29,-0.0583707901421
2012-11-30,-0.0594670344726
2012-12-01,-0.0326312155665
2012-12-02,-0.0169552228038
2012-12-03,-0.030383563741
2012-12-04,0.0112025356082
2012-12-05,0.0179256224564
2012-12-06,0.0296879396888
2012-12-07,0.0293585375153
2012-12-08,0.0453931695798
2012-12-09,0.0377638007789
2012-12-10,0.0497086673501
2012-12-11,0.0466994354979
2012-12-12,0.0490030073808
2012-12-13,0.0495426812116
2012-12-14,0.0535716910651
2012-12-15,0.0570509973499
2012-12-16,0.068607418665
2012-12-17,0.0709843756319
2012-12-18,0.0752449470463
2012-12-19,0.0512712839814
2012-12-20,0.0674612431161
2012-12-21,0.0661302103783
2012-12-22,0.0568787490336
2012-12-23,0.0512920685194
2012-12-24,0.0633540374944
2012-12-25,0.0884871581898
2012-12-26,0.0461361489185
2012-12-27,0.0673958271356
2012-12-28,0.0055143382848
2012-12-29,0.00300439053488
2012-12-30,0.0157240632323
2012-12-31,0.0579476883108
2013-01-01,0.0554361761756
2013-01-02,0.0720516456091
2013-01-03,0.0777840901101
2013-01-04,0.0804882345683
2013-01-05,0.084357328351
2013-01-06,0.0372747895482
2013-01-07,-0.0108110221885
2013-01-08,0.00796928587968
2013-01-09,0.00897041178886
2013-01-10,0.0462353032882
2013-01-11,0.0601671222061
2013-01-12,0.0235686853575
2013-01-13,0.0376024135105
2013-01-14,-0.0229563786951
2013-01-15,0.0457546645607
2013-01-16,0.0352708725294
2013-01-17,0.0300090630698
2013-01-18,0.0520001608038
2013-01-19,0.100392038903
2013-01-20,0.0785255490821
2013-01-21,0.0683189543453
2013-01-22,0.117580799565
2013-01-23,0.0907592515693
2013-01-24,0.0745768066737
2013-01-25,0.0733030959446
2013-01-26,0.0751513588584
2013-01-27,0.0481116275055
2013-01-28,0.083853190443
2013-01-29,0.0819310639625
2013-01-30,0.0810273141507
2013-01-31,0.0895628264321
2013-02-01,0.0526617776197
2013-02-02,0.108014749366
2013-02-03,0.0892921055519
2013-02-04,0.0870143510969
2013-02-05,0.10121018992
2013-02-06,0.0830098680377
2013-02-07,0.109727639994
2013-02-08,0.11517652577
2013-02-09,0.113182491205
2013-02-10,0.156075437502
2013-02-11,0.148285159517
2013-02-12,0.133328044262
2013-02-13,0.118885550815
2013-02-14,0.115878636077
2013-02-15,0.0884774507541
2013-02-16,0.125261172351
2013-02-17,0.055719501325
2013-02-18,0.0475673718594
2013-02-19,0.0990563089389
2013-02-20,0.086842136587
2013-02-21,0.0917641173019
2013-02-22,0.0856717286712
2013-02-23,0.104366155356
2013-02-24,0.111665130811
2013-02-25,0.0778592156832
2013-02-26,0.101780417466
2013-02-27,0.067066227658
2013-02-28,0.0181019644089
2013-03-01,0.0574573811838
2013-03-02,0.111142429764
2013-03-03,0.128355699667
2013-03-04,0.047806624308
2013-03-05,0.0478813464765
2013-03-06,0.07243080208
2013-03-07,0.0349842012
2013-03-08,0.0302209600132
2013-03-09,0.109112681745
2013-03-10,0.0407168039501
2013-03-11,0.0492719824979
2013-03-12,0.148981013409
2013-03-13,0.152058699508
2013-03-14,0.0725110358536
2013-03-15,0.0599124958905
2013-03-16,0.0552449967432
2013-03-17,-0.0178783510037
2013-03-18,0.0124226451631
2013-03-19,0.0699925446341
2013-03-20,0.0294143791375
2013-03-21,0.0911351856219
2013-03-22,0.0589776626545
2013-03-23,0.0211736406767
2013-03-24,0.0532717113009
2013-03-25,0.0544686946669
2013-03-26,0.0905131822291
2013-03-27,0.0656299753089
2013-03-28,0.0789988788995
2013-03-29,0.0738606053011
2013-03-30,0.0434287397121
2013-03-31,0.0341671714255
2013-04-01,0.0336181621991
2013-04-02,0.041489723421
2013-04-03,0.0306445430958
2013-04-04,0.0262004041234
2013-04-05,-0.00435392071788
2013-04-06,0.0159775290719
2013-04-07,0.028670187229
2013-04-08,0.0366295932524
2013-04-09,-0.000633479129366
2013-04-10,0.0579620139388
2013-04-11,0.0349535022525
2013-04-12,0.0164174743124
2013-04-13,0.00423958851258
2013-04-14,0.00568582305132
2013-04-15,0.0324620824323
2013-04-16,-0.00554331211446
2013-04-17,0.0662242265946
2013-04-18,0.0440264109875
2013-04-19,0.0278224130358
2013-04-20,0.0125721852069
2013-04-21,0.00359388542873
2013-04-22,0.0210681101896
2013-04-23,0.0294654497326
2013-04-24,0.0537074807121
2013-04-25,0.0389770489657
2013-04-26,0.0106327803753
2013-04-27,0.0477415952481
2013-04-28,0.0669151086753
2013-04-29,0.0280039561401
2013-04-30,-0.00221651954673
2013-05-01,-0.0291116373982
2013-05-02,0.00385338503294
2013-05-03,0.0803950829421
2013-05-04,0.0678724029049
2013-05-05,0.0339464936142
2013-05-06,0.0543932718806
2013-05-07,0.0395736452967
2013-05-08,0.0473999203825
2013-05-09,0.0471758751101
2013-05-10,0.0254376224666
2013-05-11,0.0296699324127
2013-05-12,-0.0172577674216
2013-05-13,-0.00410909514014
2013-05-14,0.0357165110794
2013-05-15,0.0608058787791
2013-05-16,0.0367475463917
2013-05-17,0.0693753970789
2013-05-18,0.0442311660874
2013-05-19,0.0894899854963
2013-05-20,0.0542196157594
2013-05-21,0.0459209039528
2013-05-22,0.0620633236514
2013-05-23,0.0694095204246
2013-05-24,0.0328908904536
2013-05-25,0.0356287183311
2013-05-26,0.0040867891726
2013-05-27,-0.0256754458731
2013-05-28,0.0227189094826
2013-05-29,0.0399352119033
2013-05-30,0.0509677266192
2013-05-31,0.0546059037587
2013-06-01,0.0412186812535
2013-06-02,-0.00748273194186
2013-06-03,0.00505057344336
2013-06-04,0.0518599023702
2013-06-05,0.0687431710284
2013-06-06,0.0714193344737
2013-06-07,0.028925900836
2013-06-08,-0.0100850854426
2013-06-09,-0.00338918300099
2013-06-10,0.00233527533912
2013-06-11,-0.00999824965254
2013-06-12,-0.0123551315708
2013-06-13,-0.0202430024147
2013-06-14,-0.018434770133
2013-06-15,0.0101289453498
2013-06-16,0.0564020137842
2013-06-17,0.0582805989861
2013-06-18,0.0682790217677
2013-06-19,0.0442607714301
2013-06-20,0.0317917779722
2013-06-21,0.0402079983008
2013-06-22,0.0617562707854
2013-06-23,0.0540767309041
2013-06-24,0.0371929135892
2013-06-25,0.0216259453327
2013-06-26,0.0611507644792
2013-06-27,0.0483103527368
2013-06-28,0.0406303692056
2013-06-29,0.0392979298461
2013-06-30,0.0605705113989
2013-07-01,0.0637199775852
2013-07-02,0.0773591033389
2013-07-03,0.0869572643932
2013-07-04,0.0669422362244
2013-07-05,0.071083791572
2013-07-06,0.0386450793158
2013-07-07,0.0612647271136
2013-07-08,0.0365899071828
2013-07-09,0.013016859381
2013-07-10,0.0656796135661
2013-07-11,0.0461227067694
2013-07-12,0.0635187463702
2013-07-13,0.0611805173672
2013-07-14,0.0250126856496
2013-07-15,0.0703002494854
2013-07-16,0.0692758425505
2013-07-17,0.0548281211868
2013-07-18,0.0680429669448
2013-07-19,0.0595620668977
2013-07-20,0.0673252097123
2013-07-21,0.0316363617492
2013-07-22,0.0338439161328
2013-07-23,0.0412534235985
2013-07-24,0.0273588933867
2013-07-25,0.00670975170901
2013-07-26,0.022548287719
2013-07-27,0.0241308689663
2013-07-28,0.0397698525563
2013-07-29,0.062053170044
2013-07-30,0.0563316348995
2013-07-31,0.0619825856202
2013-08-01,0.0814703557116
2013-08-02,0.0565697914663
2013-08-03,0.0634846286695
2013-08-04,0.0651824681426
2013-08-05,0.0813280138842
2013-08-06,0.0696928250991
2013-08-07,0.0590548770346
2013-08-08,0.0391034244939
2013-08-09,0.0790221311288
2013-08-10,0.0784926222288
2013-08-11,0.0983869053157
2013-08-12,0.0907728900447
2013-08-13,0.0714258011284
2013-08-14,0.0728943950368
2013-08-15,0.0706855844799
2013-08-16,0.046904651553
2013-08-17,0.0501822438441
2013-08-18,0.025853997592
2013-08-19,0.00523875970245
2013-08-20,-0.0004016334275
2013-08-21,0.00809574178506
2013-08-22,-0.00433012656955
2013-08-23,-0.0192141846724
2013-08-24,-0.00341643221809
2013-08-25,0.005310942524
2013-08-26,0.00436481669624
2013-08-27,0.00764574730823
2013-08-28,0.0016461043422
2013-08-29,0.00733679691052
2013-08-30,0.00891072519285
2013-08-31,0.0118681962012
2013-09-01,0.0240887866925
2013-09-02,0.0278833555223
2013-09-03,0.0195962723787
2013-09-04,0.0198928769771
2013-09-05,0.0319868142726
2013-09-06,0.0330991141302
2013-09-07,0.0231993818992
2013-09-08,0.0341795495092
2013-09-09,0.0425777180566
2013-09-10,0.0528686922495
2013-09-11,0.0432365126623
2013-09-12,0.0477836581241
2013-09-13,0.0564211860395
2013-09-14,0.0640921237183
2013-09-15,0.0550086639437
2013-09-16,0.0630019658358
2013-09-17,0.05347551568
2013-09-18,0.054913823989
2013-09-19,0.0444906846191
2013-09-20,0.0268669764905
2013-09-21,0.0410215559323
2013-09-22,0.0409870024804
2013-09-23,0.053003313995
2013-09-24,0.0663747895334
2013-09-25,0.0629808293918
2013-09-26,0.0548558542765
2013-09-27,0.0582916089935
2013-09-28,0.075893742119
2013-09-29,0.0701921223198
2013-09-30,0.0627050652316
2013-10-01,0.0566330766568
2013-10-02,0.0537778698021
2013-10-03,0.0720735850532
2013-10-04,0.065450617638
2013-10-05,0.0819385988745
2013-10-06,0.0825592829855
2013-10-07,0.0683451588361
2013-10-08,0.0658458765967
2013-10-09,0.0662123839763
2013-10-10,0.0547772925666
2013-10-11,0.0704160905335
2013-10-12,0.0532104217017
2013-10-13,0.0567665671615
2013-10-14,0.0556672583447
2013-10-15,0.0238303733242
2013-10-16,0.0462871395224
2013-10-17,0.0531119755751
2013-10-18,0.0477794750003
2013-10-19,0.0525076702478
2013-10-20,0.0327000928884
2013-10-21,0.0634719478546
2013-10-22,0.0711607242922
2013-10-23,0.0693453282334
2013-10-24,0.0476977793236
2013-10-25,0.0385841755901
2013-10-26,0.0509035927123
2013-10-27,0.0507862287932
2013-10-28,0.0170908351585
2013-10-29,0.0280273605349
2013-10-30,0.000977042630394
2013-10-31,0.0227072077887
2013-11-01,0.0406390951648
2013-11-02,0.0199778715383
2013-11-03,0.0197504571045
2013-11-04,0.0149936325555
2013-11-05,0.0196755426717
2013-11-06,0.0114610785894
2013-11-07,0.0295807269154
2013-11-08,0.0270473581252
2013-11-09,0.0368088647528
2013-11-10,0.0408017174372
2013-11-11,0.0180208023169
2013-11-12,-0.0147794147221
2013-11-13,-0.00343883357099
2013-11-14,-0.0200099541617
2013-11-15,-0.0495744169713
2013-11-16,-0.036265926884
2013-11-17,-0.0523993189594
2013-11-18,-0.0477651294016
2013-11-19,-0.0704085433286
2013-11-20,-0.0744223535325
2013-11-21,-0.0484019783433
2013-11-22,-0.0466507635027
2013-11-23,-0.064444257472
2013-11-24,-0.0327270816451
2013-11-25,-0.0167781741968
2013-11-26,-0.0162979000666
2013-11-27,-0.00824156026728
2013-11-28,0.0086298345585
2013-11-29,0.0247044460895
2013-11-30,0.0252844988353
2013-12-01,0.0153415622181
2013-12-02,0.00187986929388
2013-12-03,-0.0130180697864
2013-12-04,-0.00897770367678
2013-12-05,-0.0111988209213
2013-12-06,0.00969573122129
2013-12-07,0.0219915754086
2013-12-08,0.0258661234798
2013-12-09,0.0277823547709
2013-12-10,0.0366189593515
2013-12-11,0.0372261954794
2013-12-12,0.0483723326171
2013-12-13,0.0629902934754
2013-12-14,0.0549680590686
2013-12-15,0.0415839411732
2013-12-16,0.0542084764343
2013-12-17,0.0208957152113
2013-12-18,0.0313874292028
2013-12-19,0.0686612255858
2013-12-20,0.0777738567764
2013-12-21,0.0937781808776
2013-12-22,0.0936903948123
2013-12-23,0.0905110798204
2013-12-24,0.0959292843531
2013-12-25,0.0974831903592
2013-12-26,0.0896865545925
2013-12-27,0.0957368443331
2013-12-28,0.0983739230891
2013-12-29,0.0938034810721
2013-12-30,0.0617220121053
2013-12-31,0.0664872535393
2014-01-01,0.0805151881278
2014-01-02,0.0913993933237
2014-01-03,0.0984279428762
2014-01-04,0.103884163
2014-01-05,0.0997636458738
2014-01-06,0.0911247133229
2014-01-07,0.109423345698
2014-01-08,0.109903307912
2014-01-09,0.11017372822
2014-01-10,0.111221929053
2014-01-11,0.101228014534
2014-01-12,0.101251965349
2014-01-13,0.0795704314175
2014-01-14,0.075493172458
2014-01-15,0.0722251667754
2014-01-16,0.0883509193469
2014-01-17,0.0905721957342
2014-01-18,0.0849332282385
2014-01-19,0.0893319730536
2014-01-20,0.0830523055281
2014-01-21,0.0758267264022
2014-01-22,0.0775982567743
2014-01-23,0.0835802958227
2014-01-24,0.0701240965351
2014-01-25,0.078117322877
2014-01-26,0.0323189091633
2014-01-27,0.0178812679922
2014-01-28,0.0532801729695
2014-01-29,0.0580191557504
2014-01-30,0.113576840898
2014-01-31,0.172905326272
2014-02-01,0.0901202476885
2014-02-02,0.0416324490699
2014-02-03,0.0914598054413
2014-02-04,0.0607611581354
2014-02-05,0.0420291702587
2014-02-06,0.0714918900009
2014-02-07,0.0368587670909
2014-02-08,0.0528418624779
2014-02-09,0.0210017504207
2014-02-10,0.0566572437264
2014-02-11,0.0258359843802
2014-02-12,0.014333427279
2014-02-13,0.0388364170861
2014-02-14,0.0505796489287
2014-02-15,0.0459928761463
2014-02-16,0.0596592020781
2014-02-17,0.126000008775
2014-02-18,0.0968910546178
2014-02-19,0.0859198508493
2014-02-20,0.117705133528
2014-02-21,0.113578003025
2014-02-22,0.070494822009
2014-02-23,0.0705138599699
2014-02-24,0.0375774659538
2014-02-25,0.0514532258582
2014-02-26,-6.811210047e-05
2014-02-27,0.0419214179968
2014-02-28,0.00238089582109
2014-03-01,0.0232362869871
2014-03-02,0.0564369575056
2014-03-03,-0.00214282438789
2014-03-04,0.0108392302924
2014-03-05,0.0329436841842
2014-03-06,0.0808505476201
2014-03-07,0.0519256560524
2014-03-08,0.0965617882165
2014-03-09,0.141762949517
2014-03-10,0.110866861297
2014-03-11,0.107610237968
2014-03-12,0.0966619111006
2014-03-13,0.0346036319369
2014-03-14,-0.00926426147881
2014-03-15,0.0255464321326
2014-03-16,0.00634271221467
2014-03-17,0.101170075956
2014-03-18,0.0996700061721
2014-03-19,0.0913122841888
2014-03-20,0.0544146858067
2014-03-21,0.084486826279
2014-03-22,0.0227316071324
2014-03-23,0.025429391218
2014-03-24,0.0383667565486
2014-03-25,0.0210310319852
2014-03-26,0.0516414396371
2014-03-27,0.0415121326903
2014-03-28,0.0711611413236
2014-03-29,0.105253699685
2014-03-30,0.111772106499
2014-03-31,0.100124486709
2014-04-01,0.118801339939
2014-04-02,0.0973327447521
2014-04-03,0.0922271427308
2014-04-04,0.0992863453619
2014-04-05,0.0834847930596
2014-04-06,0.0675657291303
2014-04-07,0.0964408814809
2014-04-08,0.0618767373451
2014-04-09,0.0775331539932
2014-04-10,0.0757515116078
2014-04-11,0.0870243868379
2014-04-12,0.0880398605502
2014-04-13,0.0848825819828
2014-04-14,0.0760311438304
2014-04-15,0.0700242686801
2014-04-16,0.0512592764093
2014-04-17,0.0498247948454
2014-04-18,0.0405648927633
2014-04-19,0.0439058365142
2014-04-20,0.0321676461279
2014-04-21,0.0237748511706
2014-04-22,0.0239052486115
2014-04-23,0.0285911817159
2014-04-24,0.025359688861
2014-04-25,0.0158910442416
2014-04-26,0.00122741698248
2014-04-27,-0.000265470439155
2014-04-28,0.0071871351461
2014-04-29,0.0205638740062
2014-04-30,0.0195001523221
2014-05-01,0.0305951147694
2014-05-02,0.0234682465542
2014-05-03,0.00892450678079
2014-05-04,0.00840538158548
2014-05-05,0.00533842626179
2014-05-06,0.014723398088
2014-05-07,0.0106126580496
2014-05-08,0.0296817646046
2014-05-09,0.0191186799653
2014-05-10,-0.000843978513989
2014-05-11,0.00183348674274
2014-05-12,-0.0116106465879
2014-05-13,-0.0180451772969
2014-05-14,-0.0195039427059
2014-05-15,-0.0343278126552
2014-05-16,-0.0413756821785
2014-05-17,-0.0280481264354
2014-05-18,-0.0331746345892
2014-05-19,-0.026401517499
2014-05-20,-0.0173112671149
2014-05-21,-0.0203275754562
2014-05-22,-0.027043165141
2014-05-23,-0.0409922655614
2014-05-24,-0.0385355711966
2014-05-25,-0.0511084156574
2014-05-26,-0.0402471278831
2014-05-27,-0.0516274311619
2014-05-28,-0.0462591002563
2014-05-29,-0.0638316283435
2014-05-30,-0.06163080942
2014-05-31,-0.0624089646886
2014-06-01,-0.0417770399758
2014-06-02,-0.0458378937909
2014-06-03,-0.0376198800327
2014-06-04,-0.0237404862926
2014-06-05,-0.030500385665
2014-06-06,-0.0272739847534
2014-06-07,-0.0264291075385
2014-06-08,-0.031349387062
2014-06-09,-0.0343540899614
2014-06-10,-0.039494384259
2014-06-11,-0.0358112152717
2014-06-12,-0.0253117479981
2014-06-13,-0.0245759020991
2014-06-14,-0.0362774398817
2014-06-15,-0.0423370846028
2014-06-16,-0.0412820814946
2014-06-17,-0.0182270840593
2014-06-18,-0.0321483238333
2014-06-19,-0.0317238478908
2014-06-20,-0.0640110759398
2014-06-21,-0.0753240573665
2014-06-22,-0.0530315058468
2014-06-23,-0.0439074834143
2014-06-24,-0.0383921592156
2014-06-25,-0.0330999876594
2014-06-26,-0.0339976687231
2014-06-27,-0.0279395113825
2014-06-28,-0.0213209140247
2014-06-29,-0.0228535511322
2014-06-30,-0.0104070494921
2014-07-01,-0.015644472178
2014-07-02,-0.0124394576507
2014-07-03,0.00023355500119
2014-07-04,0.00123217105833
2014-07-05,0.00293084476317
2014-07-06,-0.00728104857743
2014-07-07,0.00100059803271
2014-07-08,0.0010138403729
2014-07-09,-0.00888959416122
2014-07-10,-0.0176621971764
2014-07-11,-0.00409247077289
2014-07-12,-0.00870424682837
2014-07-13,-0.00989779918743
2014-07-14,0.048874469671
2014-07-15,0.0744811639032
2014-07-16,0.078253292922
2014-07-17,0.0236657778934
2014-07-18,0.0418400928227
2014-07-19,0.0593907257742
2014-07-20,0.0554305068348
2014-07-21,0.045221312038
2014-07-22,0.101051986125
2014-07-23,0.0678177976464
2014-07-24,0.0519866404648
2014-07-25,0.0552621783715
2014-07-26,0.0313098315765
2014-07-27,0.0962599979686
2014-07-28,0.00780486232446
2014-07-29,0.0507227074642
2014-07-30,0.103252648447
2014-07-31,0.130668488319
2014-08-01,0.154195972528
2014-08-02,0.148351029345
2014-08-03,0.0849348364399
2014-08-04,0.117412772632
2014-08-05,0.129464731502
2014-08-06,0.144452632777
2014-08-07,0.136435643205
2014-08-08,0.0902182064942
2014-08-09,0.0554974848803
2014-08-10,0.0226495112425
2014-08-11,-0.00941229314122
2014-08-12,0.0100624977924
2014-08-13,0.040923431102
2014-08-14,0.0283515983154
2014-08-15,-0.00109165764818
2014-08-16,0.0669687958393
2014-08-17,0.0667630784319
2014-08-18,0.103914623009
2014-08-19,0.0989546709688
2014-08-20,0.0999957124729
2014-08-21,0.105948425665
2014-08-22,0.116790029505
2014-08-23,0.101929478918
2014-08-24,0.117671606264
2014-08-25,0.108860249019
2014-08-26,0.0981755834076
2014-08-27,0.112623495882
2014-08-28,0.090755526618
2014-08-29,0.104885069359
2014-08-30,0.10316421887
2014-08-31,0.0913975832153
2014-09-01,0.0642060254699
2014-09-02,0.0658697754944
2014-09-03,0.0645541425487
2014-09-04,0.0647773618599
2014-09-05,0.0463816969712
2014-09-06,0.0668937721989
2014-09-07,0.0527761079165
2014-09-08,0.0506829533024
2014-09-09,0.0501702714164
2014-09-10,0.0513130858971
2014-09-11,0.0617929387917
2014-09-12,0.0289830027981
2014-09-13,0.028492439772
2014-09-14,0.053710276261
2014-09-15,0.0667640758244
2014-09-16,0.0556889488294
2014-09-17,0.0371595617742
2014-09-18,0.0496866473225
2014-09-19,0.0509826001256
2014-09-20,0.0758251666096
2014-09-21,0.0726233469962
2014-09-22,0.0630417068317
2014-09-23,0.0536066721392
2014-09-24,0.0697832034326
2014-09-25,0.0648078449084
2014-09-26,0.0614273797186
2014-09-27,0.0690097472717
2014-09-28,0.0715027392557
2014-09-29,0.0694147666132
2014-09-30,0.0733540022229
2014-10-01,0.0759758027221
2014-10-02,0.0676027908579
2014-10-03,0.071244811314
2014-10-04,0.066491240119
2014-10-05,0.0679090417022
2014-10-06,0.0632058886641
2014-10-07,0.0621562558186
2014-10-08,0.0541996119417
2014-10-09,0.0705145514151
2014-10-10,0.0686719609782
2014-10-11,0.066616876935
2014-10-12,0.0777548774462
2014-10-13,0.0557341826033
2014-10-14,0.0514786811425
2014-10-15,0.0532935062182
2014-10-16,0.0635680873864
2014-10-17,0.0514696827049
2014-10-18,0.054105069544
2014-10-19,0.067513523665
2014-10-20,0.0659584691882
2014-10-21,0.0469637294435
2014-10-22,0.0870985046408
2014-10-23,0.0771483438836
2014-10-24,0.0676642994319
2014-10-25,0.0523306498515
2014-10-26,0.0710025910544
2014-10-27,0.0585185966194
2014-10-28,0.0562049568086
2014-10-29,0.0510586072228
2014-10-30,0.047619422188
2014-10-31,0.0604156402199
2014-11-01,0.0645187701258
2014-11-02,0.0687326848931
2014-11-03,0.0612097730806
2014-11-04,0.0649736319482
2014-11-05,0.0491651983745
2014-11-06,0.050901574869
2014-11-07,0.0417221609193
2014-11-08,0.0212033419655
2014-11-09,-0.0144762064798
2014-11-10,-0.00442062391958
2014-11-11,-0.0289540891583
2014-11-12,-0.0185300944347
2014-11-13,-0.0322623808338
2014-11-14,-0.0340797301276
2014-11-15,-0.0348341196498
2014-11-16,-0.0277861106174
2014-11-17,-0.0397592450896
2014-11-18,-0.0293760989225
2014-11-19,-0.0315831984661
2014-11-20,-0.0428060067376
2014-11-21,-0.00625348148268
2014-11-22,-0.0197045364372
2014-11-23,0.00159773779257
2014-11-24,0.00370016585397
2014-11-25,-0.00776894440087
2014-11-26,0.00403890049364
2014-11-27,-0.00392023587238
2014-11-28,-0.0315058450725
2014-11-29,-0.0133929795789
2014-11-30,-0.0129293928798
2014-12-01,0.0013466610344
2014-12-02,-0.0186099916116
2014-12-03,-0.0127938086947
2014-12-04,-0.0173443747451
2014-12-05,0.00339752841048
2014-12-06,-0.0165331557709
2014-12-07,-0.0102394001755
2014-12-08,-0.00057546889919
2014-12-09,0.0092067195907
2014-12-10,0.0197588396555
2014-12-11,0.0315933906987
2014-12-12,0.0378123471935
2014-12-13,0.043313830621
2014-12-14,0.0558518432216
2014-12-15,0.0505516950929
2014-12-16,0.0445038278926
2014-12-17,0.0550710069687
2014-12-18,0.0575000548199
2014-12-19,0.0644456685451
2014-12-20,0.0676432155314
2014-12-21,0.0832049498549
2014-12-22,0.0737069383301
2014-12-23,0.0793518175853
2014-12-24,0.0815066558808
2014-12-25,0.0656179872943
2014-12-26,0.0882460569074
2014-12-27,0.0851634905349
2014-12-28,0.0847223143589
2014-12-29,0.0647489834927
2014-12-30,0.0597158297198
2014-12-31,0.0427181162595
2015-01-01,-0.0104969287425
2015-01-02,0.00680098259602
2015-01-03,0.0357185111672
2015-01-04,-0.0039967209206
2015-01-05,-0.00467981974142
2015-01-06,-0.00869674393824
2015-01-07,0.0295369777463
2015-01-08,0.0211151284241
2015-01-09,0.0729776067261
2015-01-10,0.0809262316067
2015-01-11,0.0597399752045
2015-01-12,0.0421215398049
2015-01-13,-0.017149398542
2015-01-14,0.0217421219385
2015-01-15,0.0287128937783
2015-01-16,0.00010404098628
2015-01-17,0.00736774683419
2015-01-18,-0.0174507593229
2015-01-19,0.00425515414839
2015-01-20,0.0154872747307
2015-01-21,0.0181669906702
2015-01-22,-0.0160179359485
2015-01-23,0.0200166894029
2015-01-24,-0.00479897740806
2015-01-25,0.0299034274956
2015-01-26,-0.00135185132306
2015-01-27,0.0101935278246
2015-01-28,0.0324237767865
2015-01-29,0.0313264265704
2015-01-30,0.0254652786769
2015-01-31,0.0161944313115
2015-02-01,0.00396323848971
2015-02-02,0.0395857709482
2015-02-03,0.0140537499576
2015-02-04,0.0364810346564
2015-02-05,0.0195112359361
2015-02-06,0.0410910287748
2015-02-07,0.0698710624365
2015-02-08,0.0517239147357
2015-02-09,0.0737125445891
2015-02-10,-0.00269390535133
2015-02-11,0.00189284227201
2015-02-12,0.0376597328808
2015-02-13,0.0725268739793
2015-02-14,0.0947426632691
2015-02-15,0.0759506915155
2015-02-16,0.0829648625055
2015-02-17,0.0361666614675
2015-02-18,0.083739293418
2015-02-19,0.108538197505
2015-02-20,0.0605949712533
2015-02-21,0.101337635417
2015-02-22,0.0422020686384
2015-02-23,0.0654288743273
2015-02-24,0.0197765399129
2015-02-25,0.0469157566655
2015-02-26,0.0593773736952
2015-02-27,0.102820910627
2015-02-28,0.0831121479161
2015-03-01,-0.00283326039876
2015-03-02,0.0897083558777
2015-03-03,0.0725135504222
2015-03-04,0.0210878479074
2015-03-05,0.0728632969576
2015-03-06,0.060153108757
2015-03-07,0.0746734255845
2015-03-08,0.059602642928
2015-03-09,0.128675843205
2015-03-10,0.0761028432058
2015-03-11,0.0726140660951
2015-03-12,0.0401688688107
2015-03-13,0.135776725592
2015-03-14,0.139236544831
2015-03-15,0.107108295276
2015-03-16,0.126204186732
2015-03-17,0.0665228221073
2015-03-18,0.0687383310518
2015-03-19,0.0829675352375
2015-03-20,0.0662228576822
2015-03-21,0.080211177561
2015-03-22,0.0861542258194
2015-03-23,0.0580555863251
2015-03-24,0.0962130343252
2015-03-25,0.0604801925847
2015-03-26,0.057652741631
2015-03-27,0.0874203345205
2015-03-28,0.0662335465022
2015-03-29,0.0505543079466
2015-03-30,0.028647988892
2015-03-31,0.0371197381624
2015-04-01,0.0378209279216
2015-04-02,0.0147315113909
2015-04-03,0.0353575332467
2015-04-04,0.0447874432408
2015-04-05,0.0346842804873
2015-04-06,0.0551603387668
2015-04-07,0.00420590237941
2015-04-08,0.0430452312712
2015-04-09,0.0308675434535
2015-04-10,-0.00738668620675
2015-04-11,0.00784175866722
2015-04-12,0.0132242944719
2015-04-13,0.0255288856153
2015-04-14,0.0195594372443
2015-04-15,0.0228585578347
2015-04-16,0.0166504422679
2015-04-17,-0.013557187692
2015-04-18,-0.0198645149178
2015-04-19,0.0173463989141
2015-04-20,-0.0263641100283
2015-04-21,-0.0118905569574
2015-04-22,0.00813505823491
2015-04-23,-0.0359504878279
2015-04-24,-0.0338039186189
2015-04-25,-0.0446746801929
2015-04-26,-0.0373820581251
2015-04-27,-0.043519932229
2015-04-28,-0.0560047110002
2015-04-29,-0.0868745864324
2015-04-30,-0.0879307029719
2015-05-01,-0.100603571594
2015-05-02,-0.0849137419736
2015-05-03,-0.0898140259449
2015-05-04,-0.112397202231
2015-05-05,-0.0872492799156
2015-05-06,-0.107613961547
2015-05-07,-0.0915682263638
2015-05-08,-0.0980499889445
2015-05-09,-0.10240347272
2015-05-10,-0.104031965818
2015-05-11,-0.128814540991
2015-05-12,-0.133441658919
2015-05-13,-0.13611096936
2015-05-14,-0.104522453253
2015-05-15,-0.0542098561195
2015-05-16,-0.0891618362964
2015-05-17,-0.0228430337406
2015-05-18,-0.0893119417146
2015-05-19,-0.0907443961461
2015-05-20,-0.0791911174423
2015-05-21,-0.0810782002852
2015-05-22,-0.0547084807975
2015-05-23,-0.080905208732
2015-05-24,-0.0884678957947
2015-05-25,-0.0561251641637
2015-05-26,-0.0913178295597
2015-05-27,-0.0612765255986
2015-05-28,-0.0415140754745
2015-05-29,-0.0810783738141
2015-05-30,-0.0473766722713
2015-05-31,-0.075499880237
2015-06-01,-0.0671602299065
2015-06-02,-0.0665632025998
2015-06-03,-0.0521989017628
2015-06-04,-0.00969062658933
2015-06-05,-0.0312844163444
2015-06-06,-0.0146563802229
2015-06-07,0.0384277464803
2015-06-08,-0.0439281084261
2015-06-09,-0.0108386296021
2015-06-10,-0.00701033367271
2015-06-11,-0.0349471040673
2015-06-12,-0.0458787295128
2015-06-13,-0.063443938035
2015-06-14,-0.0768919946555
2015-06-15,-0.0706016059808
2015-06-16,-0.082529456322
2015-06-17,-0.104819233102
2015-06-18,-0.0783041453236
2015-06-19,-0.109158855065
2015-06-20,-0.0709602964791
2015-06-21,-0.0650979050468
2015-06-22,-0.0811246046133
2015-06-23,-0.08925037905
2015-06-24,-0.101247746472
2015-06-25,-0.0591859762806
2015-06-26,-0.0675812854302
2015-06-27,-0.0850718097033
2015-06-28,-0.0810460226023
2015-06-29,-0.0478919012969
2015-06-30,-0.0827479750643
2015-07-01,-0.0604626045401
2015-07-02,-0.0622050037343
2015-07-03,-0.0856065608744
2015-07-04,-0.0851030680669
2015-07-05,-0.0791197850895
2015-07-06,-0.084487623205
2015-07-07,-0.0906258770952
2015-07-08,-0.0815520383917
2015-07-09,-0.0748186262196
2015-07-10,-0.0678970699784
2015-07-11,-0.0816768833611
2015-07-12,-0.0739342077124
2015-07-13,-0.0709357545927
2015-07-14,-0.0812402828649
2015-07-15,-0.0693078875478
2015-07-16,-0.0895996773381
2015-07-17,-0.0708929845836
2015-07-18,-0.0771661973906
2015-07-19,-0.067658550709
2015-07-20,-0.0816376769062
2015-07-21,-0.079430646928
2015-07-22,-0.0875136287859
2015-07-23,-0.0871104489747
2015-07-24,-0.0665206029138
2015-07-25,-0.0695142704601
2015-07-26,-0.0506563380021
2015-07-27,-0.0612554846293
2015-07-28,-0.0714400538659
2015-07-29,-0.0753917399832
2015-07-30,-0.0940124700674
2015-07-31,-0.0638605445277
2015-08-01,-0.0672393288595
2015-08-02,-0.0663813024603
2015-08-03,-0.0701115232263
2015-08-04,-0.0590466664779
2015-08-05,-0.0498587492205
2015-08-06,-0.0467105972451
2015-08-07,-0.0392989255607
2015-08-08,-0.0403115722564
2015-08-09,-0.0415046318495
2015-08-10,-0.0495979800475
2015-08-11,-0.0360977587213
2015-08-12,-0.0461920917367
2015-08-13,-0.0369992226303
2015-08-14,-0.032099212873
2015-08-15,-0.037140443931
2015-08-16,-0.0379683019691
2015-08-17,-0.0415668984176
2015-08-18,-0.0330477144548
2015-08-19,-0.0384148816621
2015-08-20,-0.0170871170049
2015-08-21,-0.0249290395027
2015-08-22,-0.0272108015828
2015-08-23,-0.00428352181378
2015-08-24,-0.0163269564347
2015-08-25,-0.0200906029276
2015-08-26,-0.00572085033001
2015-08-27,0.0162605446545
2015-08-28,0.00778416786639
2015-08-29,-0.0103679246611
2015-08-30,-0.0156748313011
2015-08-31,0.00460983504919
2015-09-01,-0.00424599166473
2015-09-02,0.00850543430722
2015-09-03,0.00583850313199
2015-09-04,-0.0151294662111
2015-09-05,-0.00239272539509
2015-09-06,0.0112512612295
2015-09-07,-0.0326250777658
2015-09-08,-0.00893841426074
2015-09-09,-0.00566742248177
2015-09-10,-0.00645367316781
2015-09-11,-0.00843943152804
2015-09-12,-0.00924257428358
2015-09-13,0.00158489466508
2015-09-14,-0.0160781831892
2015-09-15,-0.00600365818488
2015-09-16,-0.0124531092992
2015-09-17,-0.00446967544126
2015-09-18,-0.00419375574022
2015-09-19,-0.00572718192941
2015-09-20,-0.0072314499191
2015-09-21,-0.00578479949139
2015-09-22,0.0171809677784
2015-09-23,-0.00935361995954
2015-09-24,0.0119390617274
2015-09-25,-0.00524311484538
2015-09-26,-0.00598762227933
2015-09-27,0.00917980377193
2015-09-28,-0.00652476697569
2015-09-29,0.00442772999945
2015-09-30,0.00275240152531
2015-10-01,0.00265603586239
2015-10-02,-0.0184467454639
2015-10-03,-0.00431459061878
2015-10-04,-0.018451220244
2015-10-05,-0.0247904316204
2015-10-06,-0.0303071808336
2015-10-07,-0.0222009386336
2015-10-08,-0.0358926016105
2015-10-09,-0.0251275661797
2015-10-10,-0.0395087305537
2015-10-11,-0.0273485657278
2015-10-12,-0.0541389085428
2015-10-13,-0.0595379913286
2015-10-14,-0.0330654535147
2015-10-15,-0.0240919268478
2015-10-16,-0.0147288407554
2015-10-17,-0.0198801508631
2015-10-18,-0.0327401137468
2015-10-19,-0.0386883506158
2015-10-20,-0.0296813209589
2015-10-21,-0.0363744538517
2015-10-22,-0.0299232855801
2015-10-23,-0.014012364667
2015-10-24,-0.0430993788804
2015-10-25,-0.0525339054079
2015-10-26,-0.0563638992764
2015-10-27,-0.0511463426309
2015-10-28,-0.0453231593859
2015-10-29,-0.0512686982409
2015-10-30,-0.040182666277
2015-10-31,-0.015445622385
2015-11-01,-0.0376128694816
2015-11-02,-0.0755647154258
2015-11-03,-0.0766161754206
2015-11-04,-0.103992432515
2015-11-05,-0.0598347232837
2015-11-06,-0.0896204425134
2015-11-07,-0.103847650677
2015-11-08,-0.11400034306
2015-11-09,-0.131073210896
2015-11-10,-0.118856363776
2015-11-11,-0.116236442882
2015-11-12,-0.108123624396
2015-11-13,-0.132849056913
2015-11-14,-0.116895721818
2015-11-15,-0.105416139267
2015-11-16,-0.108421484371
2015-11-17,-0.105692839226
2015-11-18,-0.0835897347531
2015-11-19,-0.0800695426514
2015-11-20,-0.10467530089
2015-11-21,-0.0671908813693
2015-11-22,-0.0476455266817
2015-11-23,-0.0862741779224
2015-11-24,-0.0876879690438
2015-11-25,-0.0875085818453
2015-11-26,-0.0892639692616
2015-11-27,-0.0719570769166
2015-11-28,-0.0511855662364
2015-11-29,-0.0524126587026
2015-11-30,-0.0792153252403
2015-12-01,-0.06692530795
2015-12-02,-0.060964742068
2015-12-03,-0.076118274126
2015-12-04,-0.0962953439841
2015-12-05,-0.125276214364
2015-12-06,-0.139292061972
2015-12-07,-0.131071709052
2015-12-08,-0.153911270656
2015-12-09,-0.109211923621
2015-12-10,-0.146081849293
2015-12-11,-0.0928078914266
2015-12-12,-0.0676585335543
2015-12-13,-0.061542530183
2015-12-14,-0.0911921603903
2015-12-15,-0.0875553728759
2015-12-16,-0.0708803726988
2015-12-17,-0.0498145508404
2015-12-18,-0.0481056351604
2015-12-19,-0.0478977606006
2015-12-20,-0.00843941096354
2015-12-21,0.0295366711733
2015-12-22,0.0131816982662
2015-12-23,0.00327704587672
2015-12-24,0.00063550123738
2015-12-25,0.0104542516134
2015-12-26,0.0237060725543
2015-12-27,0.0124525856831
2015-12-28,0.0257935504825
2015-12-29,0.0153875229283
2015-12-30,0.0182772612488
2015-12-31,0.00201562262629
2016-01-01,0.00261983429638
2016-01-02,-0.00727443963707
2016-01-03,-0.0240990970331
2016-01-04,0.0115231625713
2016-01-05,0.0184769023071
2016-01-06,-0.0112364266348
2016-01-07,-0.0153698926852
2016-01-08,-0.00776424135973
2016-01-09,-0.0202211539649
2016-01-10,-0.0154962857849
2016-01-11,-0.0325939876523
2016-01-12,-0.0198017134071
2016-01-13,-0.00971195452454
2016-01-14,-0.000890483852455
2016-01-15,0.0165203465441
2016-01-16,0.0207630181354
2016-01-17,0.0395170092452
2016-01-18,0.033729552913
2016-01-19,0.0433890639567
2016-01-20,0.0474547686168
2016-01-21,0.0422623218383
2016-01-22,0.0180309830881
2016-01-23,0.058898933244
2016-01-24,0.0633784678155
2016-01-25,0.0550894454834
2016-01-26,0.0568814987806
2016-01-27,0.0419366405787
2016-01-28,0.0444178069441
2016-01-29,0.0459713456038
2016-01-30,0.0568980380075
2016-01-31,0.0561504969292
2016-02-01,0.0488093507557
2016-02-02,0.0668220543381
2016-02-03,0.0537337661514
2016-02-04,0.0432341767134
2016-02-05,0.0487901416912
2016-02-06,0.0542939572089
2016-02-07,0.0467415913432
2016-02-08,0.0522029784539
2016-02-09,0.0376751934072
2016-02-10,0.0491012380085
2016-02-11,0.0603712258909
2016-02-12,0.0378370570307
2016-02-13,0.0256059535554
2016-02-14,0.0281190785843
2016-02-15,0.0320817589311
2016-02-16,0.0300389651782
2016-02-17,0.0205564321044
2016-02-18,-0.0253072191919
2016-02-19,-0.00294791317991
2016-02-20,0.00295330094363
2016-02-21,0.00736404721532
2016-02-22,0.0342405229712
2016-02-23,0.0322992929644
2016-02-24,0.0216902617163
2016-02-25,0.00945768202318
2016-02-26,0.00593262588007
2016-02-27,0.00274016243444
2016-02-28,0.0152318237093
2016-02-29,0.0231209399119
2016-03-01,0.0439011573071
2016-03-02,0.0543911824714
2016-03-03,0.0288372293752
2016-03-04,0.068355023871
2016-03-05,0.0725009639366
2016-03-06,0.0628895845629
2016-03-07,0.0906478777996
2016-03-08,0.0765559299987
2016-03-09,0.0668497511851
2016-03-10,0.072286050989
2016-03-11,0.0848261340772
2016-03-12,0.0565356360557
2016-03-13,0.0817773929533
2016-03-14,0.0926584508505
2016-03-15,0.0890574644001
2016-03-16,0.0753667939145
2016-03-17,0.110722276992
2016-03-18,0.111646117137
2016-03-19,0.115591483075
2016-03-20,0.0681501383872
2016-03-21,0.0544107523177
2016-03-22,0.0745597621541
2016-03-23,0.0550917707526
2016-03-24,0.0478335952835
2016-03-25,0.0420621563806
2016-03-26,0.0559383535578
2016-03-27,0.0588896904785
2016-03-28,0.0224416461012
2016-03-29,0.0521219260206
2016-03-30,0.0280451603199
2016-03-31,0.0355979694147
2016-04-01,0.0239542631024
2016-04-02,0.00890193293567
2016-04-03,-0.0111724329295
2016-04-04,0.00994887798765
2016-04-05,0.0158625226635
2016-04-06,-0.00710805455838
2016-04-07,-0.0110004419688
2016-04-08,0.00426720809393
2016-04-09,0.0342699094137
2016-04-10,0.0217877449263
2016-04-11,0.00397942794327
2016-04-12,-0.0131698701953
2016-04-13,-0.0212420394421
2016-04-14,-0.0159962698105
2016-04-15,-0.00843013897303
2016-04-16,0.0437700641358
2016-04-17,0.0179088025619
2016-04-18,0.00883932461674
2016-04-19,0.0348012378756
2016-04-20,-0.0337765386341
2016-04-21,-0.027168440517
2016-04-22,-0.0463239606455
2016-04-23,-0.049278369951
2016-04-24,-0.0151831070994
2016-04-25,-0.0162648456348
2016-04-26,0.040406342958
2016-04-27,0.0373019245011
2016-04-28,0.0533651403482
2016-04-29,0.0427242609654
2016-04-30,0.0185066364391
2016-05-01,-0.0258266324128
2016-05-02,0.0124046267336
2016-05-03,0.0103553706456
2016-05-04,0.0121485998194
2016-05-05,-0.00373896437874
2016-05-06,-0.0193787092135
2016-05-07,-0.0302390653063
2016-05-08,-0.0260078265554
2016-05-09,-0.0429968806222
2016-05-10,-0.0466136342486
2016-05-11,-0.0481329711736
2016-05-12,-0.0494659868691
2016-05-13,-0.0554345711715
2016-05-14,-0.063094012899
2016-05-15,-0.0612891766327
2016-05-16,-0.0519206621854
2016-05-17,-0.0552139223463
2016-05-18,-0.0802962191516
2016-05-19,-0.0923979299465
2016-05-20,-0.0876499573107
2016-05-21,-0.127858914133
2016-05-22,-0.0841688535729
2016-05-23,-0.0298120535405
2016-05-24,-0.0867947866964
2016-05-25,-0.0487393177858
2016-05-26,-0.0757806522389
2016-05-27,-0.0482778007892
2016-05-28,-0.0589331939723
2016-05-29,-0.0267226820192
2016-05-30,-0.0745691584496
2016-05-31,-0.0572358052265
2016-06-01,-0.0439449909652
2016-06-02,-0.0359831927689
2016-06-03,-0.0524482375928
2016-06-04,-0.0134321062567
2016-06-05,-0.00623520582328
2016-06-06,0.00487285187443
2016-06-07,-0.0306884563626
2016-06-08,-0.00584897849337
2016-06-09,-0.0202527403971
2016-06-10,-0.0313563834104
2016-06-11,-0.0145204288824
2016-06-12,-0.0294814297174
2016-06-13,-0.0133122350785
2016-06-14,-0.0157935427513
2016-06-15,-0.0220408933224
2016-06-16,-0.0234146686898
2016-06-17,-0.0101425872311
2016-06-18,-0.029878282529
2016-06-19,-0.0132751572689
2016-06-20,-0.0147474752062
2016-06-21,-0.00241593506717
2016-06-22,-0.00415002350108
2016-06-23,0.00505364418812
2016-06-24,0.00648968927486
2016-06-25,0.00740746986452
2016-06-26,-0.0257471457868
2016-06-27,-0.0222332384453
2016-06-28,-0.0440130121401
2016-06-29,-0.019434453713
2016-06-30,-0.0416817243926
2016-07-01,-0.0212160307836
2016-07-02,-0.035276662581
2016-07-03,-0.0134066339614
2016-07-04,-0.0381341391354
2016-07-05,-0.0393521552882
2016-07-06,-0.0267309272495
2016-07-07,-0.0207141734575
2016-07-08,-0.0196529640388
2016-07-09,-0.0038774639521
2016-07-10,0.0248699505143
2016-07-11,0.0393551894658
2016-07-12,0.0169276014821
2016-07-13,0.0242888730316
2016-07-14,0.0231510648995
2016-07-15,0.036372184694
2016-07-16,0.0447054365096
2016-07-17,0.0457047489511
2016-07-18,0.0465948301915
2016-07-19,0.0322833865334
2016-07-20,0.00524410120732
2016-07-21,0.02123767397
2016-07-22,0.010938514111
2016-07-23,0.00910160159372
2016-07-24,0.0314574791592
2016-07-25,0.0379831329551
2016-07-26,0.0342034113658
2016-07-27,0.0572824845785
2016-07-28,0.078622955629
2016-07-29,0.0624853843494
2016-07-30,0.0746651723956
2016-07-31,0.0887527148682
2016-08-01,0.0709789034444
2016-08-02,0.0754970558563
2016-08-03,0.0531700771117
2016-08-04,0.0510540983897
2016-08-05,0.0516137628602
2016-08-06,0.0577087623499
2016-08-07,0.0683948515512
2016-08-08,0.0517083701894
2016-08-09,0.063615999109
2016-08-10,0.049187737008
2016-08-11,0.0620229391065
2016-08-12,0.0540727562124
2016-08-13,0.0651054591747
2016-08-14,0.0423515578366
2016-08-15,0.0524008431064
2016-08-16,0.0480062659883
2016-08-17,0.0471991603712
2016-08-18,0.0463516924437
2016-08-19,0.0420894502474
2016-08-20,0.0282577847532
2016-08-21,0.0236927800145
2016-08-22,0.0279918290831
2016-08-23,0.0313132749072
2016-08-24,0.0301837679728
2016-08-25,0.0515386883858
2016-08-26,0.0433142383287
2016-08-27,0.0336080759004
2016-08-28,0.0413377519728
2016-08-29,0.0482515131215
2016-08-30,0.0497278453707
2016-08-31,0.0556049924515
2016-09-01,0.0672428005568
2016-09-02,0.0736969613221
2016-09-03,0.0773521718905
2016-09-04,0.0743877991437
2016-09-05,0.0781420916864
2016-09-06,0.0777196130021
2016-09-07,0.0803060789539
2016-09-08,0.0775370013084
2016-09-09,0.0755540911829
2016-09-10,0.0835456162845
2016-09-11,0.0829162952221
2016-09-12,0.086488684454
2016-09-13,0.0787215284296
2016-09-14,0.0672892332433
2016-09-15,0.0717880610215
2016-09-16,0.0796341396642
2016-09-17,0.0820474642476
2016-09-18,0.0680128588214
2016-09-19,0.0728439688599
2016-09-20,0.0633477260562
2016-09-21,0.0756302743516
2016-09-22,0.0573637200154
2016-09-23,0.0685472678354
2016-09-24,0.0749289852565
2016-09-25,0.0669662876857
2016-09-26,0.0655457768835
2016-09-27,0.0631761892127
2016-09-28,0.0579741478024
2016-09-29,0.0573410151139
2016-09-30,0.052229769334
2016-10-01,0.0630360114846
2016-10-02,0.0531714295722
2016-10-03,0.0677507025255
2016-10-04,0.0667516024541
2016-10-05,0.0560535704559
2016-10-06,0.0516242781657
2016-10-07,0.0418958124038
2016-10-08,0.0720457242035
2016-10-09,0.0540113006355
2016-10-10,0.0583438545101
2016-10-11,0.047705401097
2016-10-12,0.0351638922053
2016-10-13,0.0242711544229
2016-10-14,0.0215090207226
2016-10-15,0.0200793771472
2016-10-16,0.0274619420842
2016-10-17,0.0395192707806
2016-10-18,0.0344091916244
2016-10-19,0.014393361274
2016-10-20,0.0253101843179
2016-10-21,0.0234514628411
2016-10-22,0.0343734319792
2016-10-23,0.0319883364869
2016-10-24,0.0253309895901
2016-10-25,0.0411679467656
2016-10-26,0.025166511568
2016-10-27,0.038022611366
2016-10-28,0.0427113802504
2016-10-29,0.0354148334022
2016-10-30,0.029182794136
2016-10-31,0.0323282949487
2016-11-01,0.0283333083432
2016-11-02,0.022036849032
2016-11-03,0.0242037442545
2016-11-04,0.0359371884036
2016-11-05,0.0269485859274
2016-11-06,0.0294496065389
2016-11-07,0.0227357352108
2016-11-08,0.00301883658861
2016-11-09,0.00568663761643
2016-11-10,0.0104063850309
2016-11-11,0.0166727339375
2016-11-12,0.0156120822109
2016-11-13,0.045207371209
2016-11-14,0.0478238906891
2016-11-15,0.0625298035896
2016-11-16,0.0498020885403
2016-11-17,0.0503130125898
2016-11-18,0.0555046901378
2016-11-19,0.0481685331106
2016-11-20,0.0301906806814
2016-11-21,0.0292578857388
2016-11-22,0.00729819392307
2016-11-23,-0.000548880835662
2016-11-24,-0.00170055104248
2016-11-25,0.0107239272459
2016-11-26,-0.0117696213426
2016-11-27,0.0152588994874
2016-11-28,0.0034302791615
2016-11-29,0.0113554500135
2016-11-30,0.0273806003914
2016-12-01,0.0379968470437
2016-12-02,0.0468633893194
2016-12-03,0.0755152192717
2016-12-04,0.0838192571852
2016-12-05,0.0888072450216
2016-12-06,0.103484103193
2016-12-07,0.0879979426557
2016-12-08,0.088447635815
2016-12-09,0.0653254316445
2016-12-10,0.0587118079244
2016-12-11,0.0712734077661
2016-12-12,0.0600666953861
2016-12-13,0.0765024019871
2016-12-14,0.0896464810879
2016-12-15,0.0884238286246
2016-12-16,0.0991330906416
2016-12-17,0.0977184672384
2016-12-18,0.109470381472
2016-12-19,0.133651879062
2016-12-20,0.0851415671412
2016-12-21,0.0701462573208
2016-12-22,0.0549627762996
2016-12-23,0.0598803221503
2016-12-24,0.0625180354377
2016-12-25,0.102700639431
2016-12-26,0.089988508891
2016-12-27,0.0985854304988
2016-12-28,0.105161107191
2016-12-29,0.0978404491477
2016-12-30,0.111491591512
2016-12-31,0.106229507962
2017-01-01,0.105998613169
2017-01-02,0.121115281822
2017-01-03,0.140607133972
2017-01-04,0.162431545297
2017-01-05,0.129631019068
2017-01-06,0.120881693617
2017-01-07,0.116845437541
2017-01-08,0.115837005284
2017-01-09,0.0884720446265
2017-01-10,0.129493795254
2017-01-11,0.116532559816
2017-01-12,0.140517373617
2017-01-13,0.119160343087
2017-01-14,0.133712183757
2017-01-15,0.12902195336
2017-01-16,0.133076958799
2017-01-17,0.129404723906
2017-01-18,0.141348490975
2017-01-19,0.126248241637
2017-01-20,0.138145816182
2017-01-21,0.107063381431
2017-01-22,0.08574324039
2017-01-23,0.0782492268059
2017-01-24,0.0648153550163
2017-01-25,0.0569699563138
2017-01-26,0.0341368397058
2017-01-27,0.0426121375331
2017-01-28,0.0477115270765
2017-01-29,0.0282860715943
2017-01-30,0.0504528621116
2017-01-31,0.0544271258565
2017-02-01,0.0383610066633
2017-02-02,0.049359675758
2017-02-03,0.0360888091392
2017-02-04,0.0413533610372
2017-02-05,0.0345903495868
2017-02-06,0.0280279050773
2017-02-07,0.019546762343
2017-02-08,0.00809612986525
2017-02-09,0.036790258428
2017-02-10,0.0281274534544
2017-02-11,0.0104655192706
2017-02-12,0.0312833900113
2017-02-13,0.0136178971185
2017-02-14,0.0435429124705
2017-02-15,0.0210461509527
2017-02-16,0.0225881283528
2017-02-17,0.0235554187582
2017-02-18,0.0362228191382
2017-02-19,0.00552203223517
2017-02-20,0.0273989219915
2017-02-21,0.0066648306538
2017-02-22,0.0286457892628
2017-02-23,0.011933119789
2017-02-24,0.00973644247588
2017-02-25,-0.0131705066454
2017-02-26,-0.0233594830605
2017-02-27,-0.0475515367202
2017-02-28,-0.0748320533658
2017-03-01,-0.0692471854671
2017-03-02,-0.0366890845388
2017-03-03,0.0145560824533
2017-03-04,-0.04241614448
2017-03-05,-0.0728996261796
2017-03-06,-0.0676847164039
2017-03-07,-0.0678979133072
2017-03-08,-0.0732205320897
2017-03-09,-0.0634537490597
2017-03-10,-0.0622572437695
2017-03-11,-0.0531165489705
2017-03-12,-0.0408862476832
2017-03-13,-0.0440636774663
2017-03-14,-0.0505571026751
2017-03-15,-0.0419712476417
2017-03-16,-0.0512319819151
2017-03-17,-0.0365022642649
2017-03-18,-0.0128010603117
2017-03-19,0.00908368415697
2017-03-20,-0.0161482021696
2017-03-21,-0.00327143781662
2017-03-22,-0.0276116207131
2017-03-23,-0.0142412244009
2017-03-24,-0.0002898601468
2017-03-25,-0.0175996411425
2017-03-26,-0.0103441873482
2017-03-27,-0.024400949388
2017-03-28,-0.0221854287938
2017-03-29,-0.046862798251
2017-03-30,-0.0456764132654
2017-03-31,-0.0262428193188
2017-04-01,-0.0287178200074
2017-04-02,-0.0348963061077
2017-04-03,-0.0318484695845
2017-04-04,-0.00359523336445
2017-04-05,-0.0225118530977
2017-04-06,0.00879405565695
2017-04-07,-0.0115127780274
2017-04-08,-0.00560399276885
2017-04-09,-0.0064169072301
2017-04-10,-0.00629656887028
2017-04-11,-0.0298634367386
2017-04-12,-0.0261158671239
2017-04-13,-0.0298984452008
2017-04-14,-0.00546921161417
2017-04-15,-0.0372209359549
2017-04-16,-0.0541956754734
2017-04-17,-0.06020518083
2017-04-18,-0.0522285337855
2017-04-19,-0.0578408424822
2017-04-20,-0.0682088342887
2017-04-21,-0.0676382156735
2017-04-22,-0.0496110240745
2017-04-23,-0.049376300754
2017-04-24,-0.0399632845829
2017-04-25,-0.0197265389046
2017-04-26,-0.0519140134271
2017-04-27,-0.0541171924108
2017-04-28,-0.0930159309326
2017-04-29,-0.0905668812822
2017-04-30,-0.109448675122
2017-05-01,-0.111888253321
2017-05-02,-0.104900831309
2017-05-03,-0.124272379642
2017-05-04,-0.121706011978
2017-05-05,-0.121265408516
2017-05-06,-0.132986328989
2017-05-07,-0.143206342107
2017-05-08,-0.140674521158
2017-05-09,-0.148293562515
2017-05-10,-0.153667855745
2017-05-11,-0.144709421211
2017-05-12,-0.159574275535
2017-05-13,-0.169423175436
2017-05-14,-0.141024828347
2017-05-15,-0.15873525536
2017-05-16,-0.15276957662
2017-05-17,-0.162645836591
2017-05-18,-0.169019887585
2017-05-19,-0.166365400761
2017-05-20,-0.161619416905
2017-05-21,-0.150575807996
2017-05-22,-0.153750967543
2017-05-23,-0.149428637908
2017-05-24,-0.139004718721
2017-05-25,-0.137089755099
2017-05-26,-0.151116492786
2017-05-27,-0.139496501833
2017-05-28,-0.143181789097
2017-05-29,-0.123343895753
2017-05-30,-0.130005713194
2017-05-31,-0.133767042727
2017-06-01,-0.128276658114
2017-06-02,-0.119562923056
2017-06-03,-0.115894795528
2017-06-04,-0.106414645907
2017-06-05,-0.103024436123
2017-06-06,-0.0977852995436
2017-06-07,-0.107915894287
2017-06-08,-0.109470748497
2017-06-09,-0.109077114162
2017-06-10,-0.104580861999
2017-06-11,-0.104150360019
2017-06-12,-0.0873503731828
2017-06-13,-0.0862441467531
2017-06-14,-0.0790679705804
2017-06-15,-0.074780264303
2017-06-16,-0.0778553766625
2017-06-17,-0.0889675245856
2017-06-18,-0.106046700498
2017-06-19,-0.0915511200268
2017-06-20,-0.0900994468401
2017-06-21,-0.0591681179171
2017-06-22,-0.0570275590514
2017-06-23,-0.0673323988558
2017-06-24,-0.0701987197123
2017-06-25,-0.0726912600814
2017-06-26,-0.070713261335
2017-06-27,-0.0728230494881
2017-06-28,-0.0813097524476
2017-06-29,-0.0926156549525
2017-06-30,-0.0727895992727
2017-07-01,-0.0764364835797
2017-07-02,-0.0861047707262
2017-07-03,-0.0834083114447
2017-07-04,-0.103649591447
2017-07-05,-0.0883662229959
2017-07-06,-0.0851249456284
2017-07-07,-0.0850372746425
2017-07-08,-0.0868181367419
2017-07-09,-0.0609430423828
2017-07-10,-0.0792520244815
2017-07-11,-0.0695081107921
2017-07-12,-0.0626721691433
2017-07-13,-0.0529711834386
2017-07-14,-0.0489989178596
2017-07-15,-0.0581720781472
2017-07-16,-0.0529921718428
2017-07-17,-0.0412809799028
2017-07-18,-0.0370276452201
2017-07-19,-0.0271423736286
2017-07-20,-0.032859930073
2017-07-21,-0.027787656848
2017-07-22,-0.0274747883047
2017-07-23,-0.0282996140309
2017-07-24,-0.0321832601122
2017-07-25,-0.0233074964556
2017-07-26,-0.0242908356596
2017-07-27,-0.0126851067436
2017-07-28,-0.0226932921465
2017-07-29,-0.022668390501
2017-07-30,-0.0165287045313
2017-07-31,-0.0131997278226
2017-08-01,-0.00867243946337
2017-08-02,0.00584272803136
2017-08-03,0.0045622325842
2017-08-04,0.00211379004554
2017-08-05,0.0100308817927
2017-08-06,0.0124084044776
2017-08-07,0.0197643777741
2017-08-08,0.0273462675468
2017-08-09,0.0276444163065
2017-08-10,0.022598493172
2017-08-11,0.0226116288758
2017-08-12,0.0168778361005
2017-08-13,0.0175450141447
2017-08-14,0.0235165831283
2017-08-15,0.0285077882336
2017-08-16,0.0304321810126
2017-08-17,0.0275732150957
2017-08-18,0.0237859803662
2017-08-19,0.0216623810857
2017-08-20,0.00189225335415
2017-08-21,0.0117480555007
2017-08-22,0.0137650036494
2017-08-23,0.019514482235
2017-08-24,0.0221877684087
2017-08-25,0.0287994621344
2017-08-26,0.028970349661
2017-08-27,0.0260593971725
2017-08-28,0.0225109558435
2017-08-29,0.0201948950805
2017-08-30,0.0308557067921
2017-08-31,0.0322867681645
2017-09-01,0.0363239296318
2017-09-02,0.0364765029107
2017-09-03,0.039883002047
2017-09-04,0.0401094541226
2017-09-05,0.0445213148574
2017-09-06,0.0394795379621
2017-09-07,0.0362668788926
2017-09-08,0.0378299395985
2017-09-09,0.0464674660584
2017-09-10,0.0433731116986
2017-09-11,0.0469672695032
2017-09-12,0.0449331941559
2017-09-13,0.0430986035633
2017-09-14,0.0427083374319
2017-09-15,0.0476142994009
2017-09-16,0.0480074058351
2017-09-17,0.0549030522398
2017-09-18,0.0464853840941
2017-09-19,0.0268667435244
2017-09-20,0.0223374942609
2017-09-21,0.016012899064
2017-09-22,0.000228210015022
2017-09-23,-5.84352213181e-05
2017-09-24,0.00563718952815
2017-09-25,0.0117634614358
2017-09-26,0.015654518414
2017-09-27,0.0138579676451
2017-09-28,0.0152982140221
2017-09-29,0.0157185481611
2017-09-30,0.00812533939348
2017-10-01,0.0109785413289
2017-10-02,0.0116958108267
2017-10-03,0.00667466772663
2017-10-04,-0.00633413635681
2017-10-05,0.000494929277211
2017-10-06,-0.00421620764479
2017-10-07,-0.0197787605298
2017-10-08,-0.0269029172554
2017-10-09,-0.0153908543009
2017-10-10,-0.0207854120348
2017-10-11,-0.0162362775024
2017-10-12,-0.0115277798975
2017-10-13,-0.00955730262457
2017-10-14,-0.0115449136365
2017-10-15,-0.0235862827112
2017-10-16,-0.00861200607724
2017-10-17,-0.00913012979596
2017-10-18,-0.0124392119405
2017-10-19,-0.0229582903358
2017-10-20,-0.0035291607909
2017-10-21,-0.00478586734741
2017-10-22,-0.0116801032921
2017-10-23,-0.0204762273228
2017-10-24,-0.0218393221054
2017-10-25,-0.018168350763
2017-10-26,-0.015295821564
2017-10-27,-0.0236257106662
2017-10-28,-0.0151937179123
2017-10-29,-0.0144264841932
2017-10-30,-0.0106550709361
2017-10-31,-0.00735108769035
2017-11-01,-0.0158902072394
2017-11-02,-0.0179180444822
2017-11-03,-0.0175022255231
2017-11-04,-0.0260200755475
2017-11-05,-0.0361252240957
2017-11-06,-0.0319482454226
2017-11-07,-0.0473107001363
2017-11-08,-0.0449279143123
2017-11-09,-0.051492741801
2017-11-10,-0.0495109775094
2017-11-11,-0.0324894122813
2017-11-12,-0.0378904902375
2017-11-13,-0.0239097927958
2017-11-14,-0.0484410744298
2017-11-15,-0.0325029830623
2017-11-16,-0.0414411131973
2017-11-17,-0.0304949656284
2017-11-18,-0.0167696035298
2017-11-19,-0.0224311214289
2017-11-20,-0.0396823644898
2017-11-21,-0.0159605564005
2017-11-22,-0.0283314385407
2017-11-23,0.00499271871416
2017-11-24,-0.0356370771676
2017-11-25,0.00273326676089
2017-11-26,-0.00055501487985
2017-11-27,0.0186923881888
2017-11-28,0.0390174239761
2017-11-29,0.0346471483468
2017-11-30,0.0329695319401
2017-12-01,0.0224583343945
2017-12-02,0.0132623183414
2017-12-03,0.00841217094892
2017-12-04,0.0161469153441
2017-12-05,0.0314546547052
2017-12-06,0.0307763747585
2017-12-07,0.0574565684664
2017-12-08,0.0488950272637
2017-12-09,0.0468340978934
2017-12-10,0.0496309288256
2017-12-11,0.0613684637811
2017-12-12,0.0753630451465
2017-12-13,0.054877243002
2017-12-14,0.0461944562968
2017-12-15,0.0408462517188
2017-12-16,0.0557378307843
2017-12-17,0.0601023184968
2017-12-18,0.0488882673234
2017-12-19,0.0355686122812
2017-12-20,0.0421657462638
2017-12-21,0.074927616348
2017-12-22,0.0922695188667
2017-12-23,0.0318149239423
2017-12-24,0.0642083689191
2017-12-25,0.059343502814
2017-12-26,0.0902758251729
2017-12-27,0.0971499188728
2017-12-28,0.113749491525
2017-12-29,0.142412782896
2017-12-30,0.138995779861
2017-12-31,0.0968692351633
2018-01-01,0.0623511923922
2018-01-02,0.0828707628757
2018-01-03,0.107053393042
2018-01-04,0.0706717943967
2018-01-05,0.0692117112773
2018-01-06,0.0715285058628
2018-01-07,0.100312572508
2018-01-08,0.062565515255
2018-01-09,0.0284807027327
2018-01-10,0.0157215570476
2018-01-11,0.0592920222956
2018-01-12,0.0455378105414
2018-01-13,0.0540179774914
2018-01-14,-0.0136576406903
2018-01-15,0.0425672498552
2018-01-16,0.0475210872856
2018-01-17,0.00565138500596
2018-01-18,0.051305256254
2018-01-19,0.00155926586052
2018-01-20,0.0797053612479
2018-01-21,0.090424938371
2018-01-22,0.0881594722531
2018-01-23,0.0575418587653
2018-01-24,0.0940311704981
2018-01-25,0.0539189350612
2018-01-26,0.0843579194358
2018-01-27,0.129850795612
2018-01-28,0.05953979718
2018-01-29,0.00708483589238
2018-01-30,0.0465117738277
2018-01-31,0.0262747861415
2018-02-01,0.0208097839194
2018-02-02,-0.0064994438499
2018-02-03,-0.00320470256917
2018-02-04,0.070043340183
2018-02-05,0.0456134401504
2018-02-06,0.0591236934631
2018-02-07,0.0181569447842
2018-02-08,0.0573181728189
2018-02-09,0.0430540353596
2018-02-10,0.109658261949
2018-02-11,0.0948206869085
2018-02-12,0.0861786779536
2018-02-13,0.0481179454572
2018-02-14,0.0653672949242
2018-02-15,0.0615938351567
2018-02-16,0.0399300800462
2018-02-17,0.030600091211
2018-02-18,0.0969365004273
2018-02-19,0.121900062608
2018-02-20,0.118271878929
2018-02-21,0.130112531841
2018-02-22,0.111120342754
2018-02-23,0.0780486188138
2018-02-24,0.0690438516825
2018-02-25,0.0678314430586
2018-02-26,0.10783504165
2018-02-27,0.105540772645
2018-02-28,0.0535553356585
2018-03-01,0.0743910832415
2018-03-02,0.0760573095761
2018-03-03,0.102467052162
2018-03-04,0.0652653881394
2018-03-05,0.0484949002058
2018-03-06,0.0601940225139
2018-03-07,0.0604264819511
2018-03-08,0.0402011873975
2018-03-09,-0.0413947226403
2018-03-10,0.0118427776035
2018-03-11,0.0361021451417
2018-03-12,-0.0126379619598
2018-03-13,0.0117339133263
2018-03-14,-0.0416885877179
2018-03-15,-0.0144359883266
2018-03-16,-0.0517162569198
2018-03-17,-0.02983871474
2018-03-18,-0.00665535589409
2018-03-19,0.0306847608936
2018-03-20,-0.0188470069629
2018-03-21,-0.0119291528788
2018-03-22,0.00372534562062
2018-03-23,-0.0252673087625
2018-03-24,0.0144613942922
2018-03-25,-0.013162695963
2018-03-26,-0.00687221617608
2018-03-27,-0.0493131732671
2018-03-28,-0.0366282367303
2018-03-29,-0.0232500910966
2018-03-30,0.00447550566488
2018-03-31,-0.00695195033923
2018-04-01,-0.0268550252031
2018-04-02,-0.0279955888047
2018-04-03,-0.0270937977196
2018-04-04,-0.0202685658987
2018-04-05,-0.0472832399584
2018-04-06,-0.0777608691422
2018-04-07,-0.053910881224
2018-04-08,-0.0704395114896
2018-04-09,-0.0342013021105
2018-04-10,-0.045066647711
2018-04-11,-0.0451485385451
2018-04-12,-0.0743128828653
2018-04-13,-0.109726848383
2018-04-14,-0.0915972676345
2018-04-15,-0.103018231304
2018-04-16,-0.0862453685111
2018-04-17,-0.0936434838713
2018-04-18,-0.0868945372602
2018-04-19,-0.106595579339
2018-04-20,-0.0772144237752
2018-04-21,-0.0590827257152
2018-04-22,-0.0589407133261
2018-04-23,-0.0696649193548
2018-04-24,-0.0506628857761
2018-04-25,-0.0639103924851
2018-04-26,-0.0624947816726
2018-04-27,-0.0637635342977
2018-04-28,-0.0610128413083
2018-04-29,-0.0561743137433
2018-04-30,-0.0199435093815
2018-05-01,-0.0584107077019
2018-05-02,-0.0505303596808
2018-05-03,-0.0456842843136
2018-05-04,-0.055750245414
2018-05-05,-0.0631022435446
2018-05-06,-0.0652309103593
2018-05-07,-0.0719700366697
2018-05-08,-0.0631684984817
2018-05-09,-0.0631818111039
2018-05-10,-0.0653089767769
2018-05-11,-0.0759604100862
2018-05-12,-0.0689722638319
2018-05-13,-0.0606574310902
2018-05-14,-0.05165521622
2018-05-15,-0.0756293243724
2018-05-16,-0.0853543215364
2018-05-17,-0.093654516841
2018-05-18,-0.117886180555
2018-05-19,-0.0953458257615
2018-05-20,-0.084727199725
2018-05-21,-0.0923875805139
2018-05-22,-0.0695665919336
2018-05-23,-0.0662249737677
2018-05-24,-0.0746007773956
2018-05-25,-0.0763565877082
2018-05-26,-0.0773582366186
2018-05-27,-0.0833141888513
2018-05-28,-0.0788774619718
2018-05-29,-0.0823554033701
2018-05-30,-0.0644854943322
2018-05-31,-0.0669305600052
2018-06-01,-0.0996594595458
2018-06-02,-0.0821457002132
2018-06-03,-0.0770408371956
2018-06-04,-0.074224217056
2018-06-05,-0.0917360222642
2018-06-06,-0.0752895167839
2018-06-07,-0.0804976919807
2018-06-08,-0.0867604708251
2018-06-09,-0.088487677039
2018-06-10,-0.081061474062
2018-06-11,-0.0860522799294
2018-06-12,-0.0961889573778
2018-06-13,-0.0991482662463
2018-06-14,-0.0967141357448
2018-06-15,-0.0808398139709
2018-06-16,-0.0872337930386
2018-06-17,-0.0853775529965
2018-06-18,-0.0948461695347
2018-06-19,-0.0832773545161
2018-06-20,-0.0724290479456
2018-06-21,-0.0971231885811
2018-06-22,-0.0897165096732
2018-06-23,-0.090152398436
2018-06-24,-0.0769665170162
2018-06-25,-0.077854648354
2018-06-26,-0.0753353005173
2018-06-27,-0.0682059198452
2018-06-28,-0.109296702683
2018-06-29,-0.0798138596047
2018-06-30,-0.0828417220605
2018-07-01,-0.0855040178268
2018-07-02,-0.0819220373725
2018-07-03,-0.0723933266985
2018-07-04,-0.0663614359645
2018-07-05,-0.0693489746177
2018-07-06,-0.0693256584239
2018-07-07,-0.0626328664924
2018-07-08,-0.0703549613708
2018-07-09,-0.0784693290758
2018-07-10,-0.0808148682024
2018-07-11,-0.0902490772934
2018-07-12,-0.0773430193198
2018-07-13,-0.0943202766661
2018-07-14,-0.0786655182749
2018-07-15,-0.0819822194708
2018-07-16,-0.103065543298
2018-07-17,-0.111221514645
2018-07-18,-0.111207786356
2018-07-19,-0.125734778249
2018-07-20,-0.126375588412
2018-07-21,-0.121941733254
2018-07-22,-0.118240908604
2018-07-23,-0.139544764524
2018-07-24,-0.145985790684
2018-07-25,-0.134483504758
2018-07-26,-0.144490899826
2018-07-27,-0.14165333301
2018-07-28,-0.141854694214
2018-07-29,-0.145777381184
2018-07-30,-0.119249037823
2018-07-31,-0.135552585624
2018-08-01,-0.128890244643
2018-08-02,-0.123601196759
2018-08-03,-0.110169907803
2018-08-04,-0.112653748126
2018-08-05,-0.107628728112
2018-08-06,-0.105240038394
2018-08-07,-0.109906346196
2018-08-08,-0.106899915049
2018-08-09,-0.118069120736
2018-08-10,-0.100849598381
2018-08-11,-0.109183585981
2018-08-12,-0.108526865673
2018-08-13,-0.0995639550514
2018-08-14,-0.114427423363
2018-08-15,-0.10891823586
2018-08-16,-0.0965554333153
2018-08-17,-0.107014720877
2018-08-18,-0.103111043882
2018-08-19,-0.103131001245
2018-08-20,-0.108836072762
2018-08-21,-0.104975397317
2018-08-22,-0.105792856174
2018-08-23,-0.114646454098
2018-08-24,-0.121916329572
2018-08-25,-0.100378011806
2018-08-26,-0.072142032173
2018-08-27,-0.14488393869
2018-08-28,-0.126292077918
2018-08-29,-0.133699188189
2018-08-30,-0.126366082325
2018-08-31,-0.117182548795
2018-09-01,-0.106917773699
2018-09-02,-0.107698275565
2018-09-03,-0.100820988227
2018-09-04,-0.101507870313
2018-09-05,-0.104767726441
2018-09-06,-0.0949407575444
2018-09-07,-0.104322865512
2018-09-08,-0.111028181683
2018-09-09,-0.0916451290628
2018-09-10,-0.0918513739716
2018-09-11,-0.0867407051671
2018-09-12,-0.0866584743909
2018-09-13,-0.0903254301894
2018-09-14,-0.0901594047319
2018-09-15,-0.0875090533116
2018-09-16,-0.0781399119168
2018-09-17,-0.0696887175543
2018-09-18,-0.044939411683
2018-09-19,-0.0371787277154
2018-09-20,-0.0617741481818
2018-09-21,-0.0698936749701
2018-09-22,-0.0637661120045
2018-09-23,-0.043997092247
2018-09-24,-0.0789538115155
2018-09-25,-0.061365218158
2018-09-26,-0.0573073380942
2018-09-27,-0.0626493575681
2018-09-28,-0.0716516145138
2018-09-29,-0.0694779352022
2018-09-30,-0.0688089617724
2018-10-01,-0.0691791590115
2018-10-02,-0.107513400123
2018-10-03,-0.120567790347
2018-10-04,-0.110629807325
2018-10-05,-0.0956847159069
2018-10-06,-0.163012355805
2018-10-07,-0.207539348249
2018-10-08,-0.254435605895
2018-10-09,-0.30767954428
2018-10-10,-0.296070119943
2018-10-11,-0.311619452871
2018-10-12,-0.288532479027
2018-10-13,-0.316986016083
2018-10-14,-0.313120685338
2018-10-15,-0.370336950077
2018-10-16,-0.325519317288
2018-10-17,-0.299657620472
2018-10-18,-0.204338748733
2018-10-19,-0.249786333181
2018-10-20,-0.164178267335
2018-10-21,-0.225562742666
2018-10-22,-0.253581370452
2018-10-23,-0.267970825015
2018-10-24,-0.299822924765
2018-10-25,-0.337062865414
2018-10-26,-0.369087678534
2018-10-27,-0.357584865062
2018-10-28,-0.35251135626
2018-10-29,-0.359127186463
2018-10-30,-0.379705137962
2018-10-31,-0.377782108615
2018-11-01,-0.355838699022
2018-11-02,-0.271547446521
2018-11-03,-0.266233374887
2018-11-04,-0.240453768741
2018-11-05,-0.22268018049
2018-11-06,-0.176832442934
2018-11-07,-0.144920530449
2018-11-08,-0.177677536317
2018-11-09,-0.209569524369
2018-11-10,-0.193742968684
2018-11-11,-0.155874434115
2018-11-12,-0.185295286357
2018-11-13,-0.192869441156
2018-11-14,-0.185824941882
2018-11-15,-0.229206194416
2018-11-16,-0.221854327638
2018-11-17,-0.216894299703
2018-11-18,-0.272047715798
2018-11-19,-0.273946339794
2018-11-20,-0.266104996932
2018-11-21,-0.259156763669
2018-11-22,-0.301672437142
2018-11-23,-0.297881887463
2018-11-24,-0.27184598722
2018-11-25,-0.263688103825
2018-11-26,-0.282673523584
2018-11-27,-0.25542093088
2018-11-28,-0.272731985412
2018-11-29,-0.258932988333
2018-11-30,-0.227019782983
2018-12-01,-0.191827099845
2018-12-02,-0.224843801357
2018-12-03,-0.214599449083
2018-12-04,-0.249236154275
2018-12-05,-0.227120371246
2018-12-06,-0.239964216838
2018-12-07,-0.23666310215
2018-12-08,-0.248314347504
2018-12-09,-0.258347572018
2018-12-10,-0.264483967232
2018-12-11,-0.240336611385
2018-12-12,-0.248107165659
2018-12-13,-0.248193763283
2018-12-14,-0.231003231312
2018-12-15,-0.194622924663
2018-12-16,-0.226645747759
2018-12-17,-0.226448202387
2018-12-18,-0.234325327711
2018-12-19,-0.207525341077
2018-12-20,-0.252651002565
2018-12-21,-0.252444920042
2018-12-22,-0.238646099553
2018-12-23,-0.246109278701
2018-12-24,-0.251335088653
2018-12-25,-0.264094653729
2018-12-26,-0.191431014826
2018-12-27,-0.133672104617
2018-12-28,-0.0461385777835
2018-12-29,-0.0207119690872
2018-12-30,-0.0893330854906
2018-12-31,-0.0451407337458
2019-01-01,-0.0652129090212
2019-01-02,-0.0537842805949
2019-01-03,0.0866128825354
2019-01-04,-0.0247721407725
2019-01-05,-0.042918133928
2019-01-06,-0.0135988489187
2019-01-07,-0.0973851103021
2019-01-08,-0.0647416818018
2019-01-09,-0.0617230408976
2019-01-10,-0.0347198847481
2019-01-11,-0.0745605726745
2019-01-12,-0.0255856386118
2019-01-13,-0.0861906738632
2019-01-14,0.0136985733261
2019-01-15,-0.106738239657
2019-01-16,-0.0730705279206
2019-01-17,-0.0442653669364
2019-01-18,-0.0406941783819
2019-01-19,-0.0552972718178
2019-01-20,-0.0279180447817
2019-01-21,-0.129616862625
2019-01-22,-0.0754826198462
2019-01-23,-0.07238692445
2019-01-24,-0.192194301103
2019-01-25,-0.0228690145287
2019-01-26,-0.0882499245453
2019-01-27,-0.0674169250593
2019-01-28,-0.0448426831863
2019-01-29,-0.0317522477837
2019-01-30,-0.00729321843073
2019-01-31,-0.106760395077
2019-02-01,-0.0188559481025
2019-02-02,-0.0671569347378
2019-02-03,-0.0735428699482
2019-02-04,0.0264271549065
2019-02-05,-0.0659951349699
2019-02-06,0.0527870996632
2019-02-07,-0.0763087716432
2019-02-08,-0.00536240507815
2019-02-09,-0.0128619583328
2019-02-10,-0.0637824179054
2019-02-11,-0.0291679600067
2019-02-12,-0.0310502261907
2019-02-13,-0.0193944623447
2019-02-14,-0.0212606483629
2019-02-15,-0.00947379581271
2019-02-16,-0.0231097380969
2019-02-17,0.00334228241549
2019-02-18,0.0586758809874
2019-02-19,0.0110055148905
2019-02-20,0.0559912322425
2019-02-21,-0.0169397707208
2019-02-22,0.0103643494114
2019-02-23,0.045789075663
2019-02-24,0.0132179658586
2019-02-25,0.050182835956
2019-02-26,-0.0130047219456
2019-02-27,0.0430276150029
2019-02-28,0.0419136692638
2019-03-01,-0.0307460508949
2019-03-02,0.0280732772218
2019-03-03,0.0369385206374
2019-03-04,-0.0298161455734
2019-03-05,-0.0162265532739
2019-03-06,0.0412617258491
2019-03-07,0.00811789125548
2019-03-08,-0.0610754053146
2019-03-09,-0.0126052894663
2019-03-10,-0.0701100258287
2019-03-11,0.00281081675743
2019-03-12,0.0359207737536
2019-03-13,0.018986559717
2019-03-14,0.0842399167224
2019-03-15,0.0132195964523
2019-03-16,0.0341283317933
2019-03-17,0.0393644530876
2019-03-18,0.032050942134
2019-03-19,0.0382895506766
2019-03-20,-0.0398216498589
2019-03-21,0.0269573858191
2019-03-22,0.00368897974024
2019-03-23,0.0242221880984
2019-03-24,-0.0563709901633
2019-03-25,0.00899488017086
2019-03-26,-0.0581237786508
2019-03-27,0.00499538603514
2019-03-28,0.0326174112399
2019-03-29,0.00365074582628
2019-03-30,-0.0329226030431
2019-03-31,-0.0315164418503
2019-04-01,-0.0933504075805
2019-04-02,-0.0334631808584
2019-04-03,0.0264604872767
2019-04-04,-0.00606285589605
2019-04-05,-0.00300378292861
2019-04-06,0.0643497535898
2019-04-07,0.0340575682737
2019-04-08,-0.064620629471
2019-04-09,-0.0652744493078
2019-04-10,-0.0639681671654
2019-04-11,-0.0403194482067
2019-04-12,-0.0301236643687
2019-04-13,-0.0273495200189
2019-04-14,-0.0549648301127
2019-04-15,0.0249254459831
2019-04-16,0.0197305328247
2019-04-17,0.00442598549402
2019-04-18,0.0203989077991
2019-04-19,0.0622350151741
2019-04-20,0.0973477057457
2019-04-21,0.0717328222314
2019-04-22,0.000764869816805
2019-04-23,-0.00851832178089
2019-04-24,0.00224039701359
2019-04-25,0.00652823012233
2019-04-26,-0.0557347539343
2019-04-27,0.0018370179417
2019-04-28,-0.0347035636229
2019-04-29,-0.0136450182893
2019-04-30,0.0446915191453
2019-05-01,0.0953461481994
2019-05-02,-0.0218916764811
2019-05-03,-0.0461129491443
2019-05-04,-0.0527825515027
2019-05-05,-0.071380169301
2019-05-06,-0.0443551080758
2019-05-07,0.0107627686207
2019-05-08,-0.045793312584
2019-05-09,0.0186942926377
2019-05-10,-0.0144726531625
2019-05-11,-0.0323836823206
2019-05-12,-0.0740992065163
2019-05-13,-0.0906125163832
2019-05-14,-0.032281556497
2019-05-15,-0.0645824017988
2019-05-16,-0.0362137034271
2019-05-17,-0.129766096778
2019-05-18,-0.11135040006
2019-05-19,-0.108366613936
2019-05-20,-0.0315458382245
2019-05-21,-0.0148959776581
2019-05-22,-0.0258725316868
2019-05-23,-0.00670028161614
2019-05-24,-0.0522064591564
2019-05-25,-0.0440391786321
2019-05-26,-0.0948422023841
2019-05-27,-0.0883334724265
2019-05-28,-0.105110678482
2019-05-29,-0.117517980781
2019-05-30,-0.0687320067863
2019-05-31,-0.0403583305663
2019-06-01,-0.0570978989059
2019-06-02,-0.0393500291077
2019-06-03,-0.0200354028695
2019-06-04,-0.034391646118
2019-06-05,-0.0318918854347
2019-06-06,-0.0423493538113
2019-06-07,-0.029726545634
2019-06-08,-0.00784115360461
2019-06-09,-0.0517527648968
2019-06-10,-0.012257805585
2019-06-11,-0.062298978691
2019-06-12,-0.0737080094137
2019-06-13,-0.0641310215472
2019-06-14,-0.0159413220036
2019-06-15,-0.011676196885
2019-06-16,-0.00689750356977
2019-06-17,-0.0141036976248
2019-06-18,-0.0463937171891
2019-06-19,-0.000920745231103
2019-06-20,0.0267399608788
2019-06-21,0.0273578382125
2019-06-22,-0.0383369869423
2019-06-23,0.0265581843267
2019-06-24,-0.0702069454795
2019-06-25,-0.0250980935897
2019-06-26,0.0181840818013
2019-06-27,-0.027266594629
2019-06-28,0.00243664980863
2019-06-29,-0.0365740570891
2019-06-30,-0.0355474179254
2019-07-01,0.00252221985609
2019-07-02,-0.0113566647371
2019-07-03,-0.0330007048641
2019-07-04,-0.0675434466629
2019-07-05,-0.012186043511
2019-07-06,-0.0376112172037
2019-07-07,-0.0206258146865
2019-07-08,-0.0170374710108
2019-07-09,-0.0527869431596
2019-07-10,-0.0121805315275
2019-07-11,-0.0191404304477
2019-07-12,-0.00632882093724
2019-07-13,-0.0227468613443
2019-07-14,-0.0039910349434
2019-07-15,-0.0217415929449
2019-07-16,-0.0265966420279
2019-07-17,-0.0359960079914
2019-07-18,0.0125683121337
2019-07-19,-0.0441431609991
2019-07-20,-0.0188048269208
2019-07-21,0.0384092662223
2019-07-22,0.0533958402961
2019-07-23,0.0236213775689
2019-07-24,
2019-07-25,0.0231655357959
2019-07-26,0.0176531751949
2019-07-27,0.000804688728805
2019-07-28,-0.052679466099
2019-07-29,0.00806325077167
2019-07-30,-0.0102636154256
2019-07-31,0.0184126609206
2019-08-01,-0.00895563280382
2019-08-02,-0.0156823789265
2019-08-03,-0.0474078631601
2019-08-04,0.0601734329732
2019-08-05,0.0269910726056
2019-08-06,0.0269403992837
2019-08-07,0.0474076025866
2019-08-08,0.0039952333627
2019-08-09,-0.0428858638624
2019-08-10,0.043633978276
2019-08-11,0.0416262217814
2019-08-12,-0.00317754513171
2019-08-13,0.0198587503485
2019-08-14,0.0196516164436
2019-08-15,0.0174936815208
2019-08-16,0.00133010218627
2019-08-17,0.0119777721482
2019-08-18,0.00809499015695
2019-08-19,0.0243967011367
2019-08-20,0.0261585757621
2019-08-21,0.0603895582352
2019-08-22,0.0481660086837
2019-08-23,0.0363402996003
2019-08-24,0.0683844705941
2019-08-25,0.0424016313384
2019-08-26,0.0926599716189
2019-08-27,0.056876454066
2019-08-28,0.0492199523825
2019-08-29,0.00617134385877
2019-08-30,0.0528780410075
2019-08-31,0.0705534860981
2019-09-01,0.0465833626382
2019-09-02,0.0315368052133
2019-09-03,0.0216969395338
2019-09-04,0.013231390401
2019-09-05,0.0233688945187
2019-09-06,0.0315314234139
2019-09-07,0.0465197585728
2019-09-08,0.0926477082368
2019-09-09,-0.0206805392634
2019-09-10,0.00973840054866
2019-09-11,0.0124993858329
2019-09-12,-0.0122527766756
2019-09-13,0.00192837170685
2019-09-14,-0.0172256940449
2019-09-15,-0.0131531335727
2019-09-16,0.0240922891401
2019-09-17,-0.0104667085656
2019-09-18,-0.00438779226869
2019-09-19,-0.0189698173508
2019-09-20,-0.0282434794814
2019-09-21,-0.0238997723115
2019-09-22,-0.013208446919
2019-09-23,-0.0145541437944
2019-09-24,-0.0138293759336
2019-09-25,-0.0269153180073
2019-09-26,-0.0305777618783
2019-09-27,0.0137315489771
2019-09-28,-0.0131170976337
2019-09-29,-0.0104935505837
2019-09-30,0.016346391227
2019-10-01,-0.0156126090513
2019-10-02,0.0201491746907
2019-10-03,0.0281329314284
2019-10-04,-0.000459295174823
2019-10-05,-0.00254758620068
2019-10-06,0.016642630455
2019-10-07,0.0429607532915
2019-10-08,0.0109485528668
2019-10-09,0.0215027408782
2019-10-10,0.0139331030695
2019-10-11,-0.00524379149725
2019-10-12,0.0159882124713
2019-10-13,0.027815988554
2019-10-14,0.0174198752646
2019-10-15,0.00264341170125
2019-10-16,0.00410982023571
2019-10-17,0.0262170381022
2019-10-18,0.0136482787437
2019-10-19,-0.0110137021905
2019-10-20,0.00623723045621
2019-10-21,-0.000276030277609
2019-10-22,-0.00504325409045
2019-10-23,0.0198315964297
2019-10-24,0.0232842140274
2019-10-25,0.0341256030171
2019-10-26,-0.0235891073264
2019-10-27,0.00918594877129
2019-10-28,-0.0158385652445
2019-10-29,-0.0131820201322
2019-10-30,-0.0365182284435
2019-10-31,-0.0136293573711
2019-11-01,-0.00716241650575
2019-11-02,-0.00464184395213
2019-11-03,0.00304633045278
2019-11-04,0.0127641940589
2019-11-05,0.00675532485867
2019-11-06,0.00216698155554
2019-11-07,-0.0208766509701
2019-11-08,-0.020698640459
2019-11-09,0.0138698086121
2019-11-10,-0.00515944907613
2019-11-11,-0.00530176377258
2019-11-12,-0.00586751890405
2019-11-13,-0.0246954142694
2019-11-14,-0.00429357518289
2019-11-15,-0.0278969864619
2019-11-16,-0.0224445712353
2019-11-17,-0.000175925084106
2019-11-18,-0.0367466272345
2019-11-19,-0.00767738517804
2019-11-20,-0.0138521798551
2019-11-21,0.00177929936054
2019-11-22,-0.014385753921
2019-11-23,0.0360225531591
2019-11-24,0.00178638239281
2019-11-25,0.0135640325162
2019-11-26,-0.00282516802591
2019-11-27,-0.0382006366005
2019-11-28,0.00773466025937
2019-11-29,-0.0102648287487
2019-11-30,0.00948069767104
2019-12-01,-0.0168415228659
2019-12-02,0.0144835623805
2019-12-03,0.0321623454651
2019-12-04,0.0211965490579
2019-12-05,0.0267702128684
2019-12-06,0.0188353904811
2019-12-07,0.0300939666229
2019-12-08,-9.69164319798e-05
2019-12-09,0.0289431006956
2019-12-10,0.0743450236703
2019-12-11,0.060290615935
2019-12-12,0.0515661006576
2019-12-13,0.0904541568375
2019-12-14,0.0641359370692
2019-12-15,0.0744607565413
2019-12-16,0.0982614776239
2019-12-17,0.104011675416
2019-12-18,0.0797350594656
2019-12-19,0.0574057099385
2019-12-20,0.0511179927757
2019-12-21,0.0599408248963
2019-12-22,0.020252623333
2019-12-23,-0.00127607674296
2019-12-24,0.0682861894499
2019-12-25,0.0430878471237
2019-12-26,0.0545021585756
2019-12-27,0.0946429684304
2019-12-28,0.063518320023
2019-12-29,0.106444066351
2019-12-30,0.0907974317202
2019-12-31,0.139220835566
2020-01-01,0.109813004778
2020-01-02,0.137349887149
2020-01-03,0.165587891037
2020-01-04,0.102213468128
2020-01-05,0.117504377216
2020-01-06,0.12247381276
2020-01-07,0.151580668048
2020-01-08,0.137367455077
2020-01-09,0.152152854368
2020-01-10,0.147077167785
2020-01-11,0.134057907814
2020-01-12,0.132186175734
2020-01-13,0.146006072516
2020-01-14,0.161094874493
2020-01-15,0.188855539264
2020-01-16,0.199764908652
2020-01-17,0.181574149854
2020-01-18,0.186583415814
2020-01-19,0.160426202548
2020-01-20,0.152197734499
2020-01-21,0.14157708701
2020-01-22,0.154425401661
2020-01-23,0.137896059152
2020-01-24,0.109200758933
2020-01-25,0.129463454669
2020-01-26,0.10813342897
2020-01-27,0.0816832087476
2020-01-28,0.0789791833766
2020-01-29,0.0967611459609
2020-01-30,0.126170896206
2020-01-31,0.0856534128032
2020-02-01,0.11432990578
2020-02-02,0.126210410818
2020-02-03,0.140858703145
2020-02-04,0.115889627937
2020-02-05,0.123053092702
2020-02-06,0.110640411466
2020-02-07,0.134751759364
2020-02-08,0.155445672674
2020-02-09,0.165782719189
2020-02-10,0.167158241797
2020-02-11,0.167276027831
2020-02-12,0.149876845616
2020-02-13,0.131078991779
2020-02-14,0.151423817947
2020-02-15,0.144550859483
2020-02-16,0.136135304712
2020-02-17,0.13200393276
2020-02-18,0.130912947609
2020-02-19,0.141888217968
2020-02-20,0.147344418269
2020-02-21,0.149400790256
2020-02-22,0.136742409853
2020-02-23,0.144795280327
2020-02-24,0.147894912053
2020-02-25,0.138432915703
2020-02-26,0.11821715045
2020-02-27,0.125795025276
2020-02-28,0.107441835232
2020-02-29,0.121536057571
2020-03-01,0.112276894726
2020-03-02,0.124578027131
2020-03-03,0.112141684174
2020-03-04,0.118086662236
2020-03-05,0.122109042138
2020-03-06,0.107704942202
2020-03-07,0.0892096806021
2020-03-08,0.0702667859144
2020-03-09,0.0817328413802
2020-03-10,0.11739484532
2020-03-11,0.0946594426756
2020-03-12,0.0940208534534
2020-03-13,0.122032889346
2020-03-14,0.0802688599075
2020-03-15,0.0577349552542
2020-03-16,0.0569941581398
2020-03-17,0.0845528993735
2020-03-18,0.08098365296
2020-03-19,0.074337124815
2020-03-20,0.0606178956115
2020-03-21,0.0216818365623
2020-03-22,0.0180836134575
2020-03-23,0.0210666920393
2020-03-24,0.0376997588868
2020-03-25,0.0195118576466
2020-03-26,-0.0135615286312
2020-03-27,0.0349730599268
2020-03-28,0.0131359685822
2020-03-29,0.00927277815552
2020-03-30,-0.0226215638828
2020-03-31,0.05158410833
2020-04-01,0.0276984001005
2020-04-02,0.0340928689815
2020-04-03,0.0696279198067
2020-04-04,0.0698266314829
2020-04-05,0.0622026833013
2020-04-06,0.0192424269163
2020-04-07,0.00207753055498
2020-04-08,0.0370992744825
2020-04-09,0.0238459189443
2020-04-10,0.0424245465386
2020-04-11,0.0517908062166
2020-04-12,0.0129904274756
2020-04-13,0.033173425352
2020-04-14,0.00907907637778
2020-04-15,0.0249575211717
2020-04-16,0.0164682039941
2020-04-17,0.0244289116706
2020-04-18,0.0127505339133
2020-04-19,-0.0133529356945
2020-04-20,0.0161353582109
2020-04-21,-0.00321210916319
2020-04-22,-0.0171597015404
2020-04-23,-0.0331185408596
2020-04-24,-0.00976424664085
2020-04-25,-0.014560767346
2020-04-26,-0.0189896713546
2020-04-27,-0.0288240906612
2020-04-28,-0.00698454130783
2020-04-29,-0.00704772311017
2020-04-30,0.0272851118132
2020-05-01,-0.00178904536717
2020-05-02,-0.0015592878154
2020-05-03,-0.0278404400955
2020-05-04,-0.0286492404895
2020-05-05,-0.0345622195128
2020-05-06,-0.0227084642159
2020-05-07,-0.0286654827522
2020-05-08,-0.00646309887067
2020-05-09,-0.00680176068017
2020-05-10,0.0140491503433
2020-05-11,-0.000404215721316
2020-05-12,0.017197159658
2020-05-13,0.00489895275668
2020-05-14,-0.0193755388649
2020-05-15,-0.0134235233996
2020-05-16,-0.0194248939184
2020-05-17,-0.0277927207157
2020-05-18,-0.00751571775495
2020-05-19,0.00576563545774
2020-05-20,0.00951475861688
2020-05-21,0.00142389420305
2020-05-22,-0.0045420133809
2020-05-23,-0.00915211668959
2020-05-24,-0.0143357174815
2020-05-25,-0.0179889928767
2020-05-26,-0.00525053774204
2020-05-27,-0.005891318577
2020-05-28,0.0141799732872
2020-05-29,0.0228652498214
2020-05-30,-0.00560055532317
2020-05-31,-0.00698558366577
2020-06-01,0.0146541005575
2020-06-02,0.00906700848587
2020-06-03,0.016917307208
2020-06-04,0.00551417718697
2020-06-05,-0.0234711932406
2020-06-06,-0.00256573832076
2020-06-07,0.00794653953339
2020-06-08,-0.00453265115595
2020-06-09,-0.00896965944232
2020-06-10,-0.00322131673436
2020-06-11,0.00388837908171
2020-06-12,0.0464591361636
2020-06-13,0.0361090559075
2020-06-14,0.0340246150716
2020-06-15,0.0164303932831
2020-06-16,0.000444546779394
2020-06-17,0.0082015439001
2020-06-18,0.00304933687033
2020-06-19,-0.0109937151896
2020-06-20,-0.0111503566739
2020-06-21,0.00614378678518
2020-06-22,0.0191750166204
2020-06-23,0.0123609636929
2020-06-24,0.00161795871897
2020-06-25,0.0399012193768
2020-06-26,0.0336664566188
2020-06-27,0.0301426055445
2020-06-28,0.0300543045933
2020-06-29,0.0232121718608
2020-06-30,0.0340126619872
2020-07-01,0.0347309951753
2020-07-02,0.0230357950453
2020-07-03,0.0294767553069
2020-07-04,0.0481407943643
2020-07-05,0.039028411228
2020-07-06,0.044183429051
2020-07-07,0.0453787855097
2020-07-08,0.0325643593259
2020-07-09,0.0413564759968
2020-07-10,0.045510796865
2020-07-11,0.0436995213966
2020-07-12,0.0505147359017
2020-07-13,0.0677757450548
2020-07-14,0.073001648336
2020-07-15,0.0684954979699
2020-07-16,0.0684106381261
2020-07-17,0.0608996640796
2020-07-18,0.0585169918751
2020-07-19,0.0544127583768
2020-07-20,0.050345561792
2020-07-21,0.0412927065446
2020-07-22,0.0436306945062
2020-07-23,0.0404665168834
2020-07-24,0.0444698834583
2020-07-25,0.0504737934007
2020-07-26,0.0500862582048
2020-07-27,0.0494946997995
2020-07-28,0.046071611817
2020-07-29,0.0562467304034
2020-07-30,0.0547864467006
2020-07-31,0.0590398417423
2020-08-01,0.0796054593169
2020-08-02,0.0779830137869
2020-08-03,0.0795587857499
2020-08-04,0.0829395720025
2020-08-05,0.0760319507
2020-08-06,0.0727508769892
2020-08-07,0.0711585784783
2020-08-08,0.0663297619547
2020-08-09,0.058565103533
2020-08-10,0.0588817071062
2020-08-11,0.0685624341243
2020-08-12,0.0631468256652
2020-08-13,0.0601659167233
2020-08-14,0.0587023994321
2020-08-15,0.0637904341767
2020-08-16,0.0695586817257
2020-08-17,0.0694693290772
2020-08-18,0.0714144642881
2020-08-19,0.073843990718
2020-08-20,0.0698305504914
2020-08-21,0.0702943592921
2020-08-22,0.0673101098145
2020-08-23,0.0686523031081
2020-08-24,0.0824923075873
2020-08-25,0.089368550555
2020-08-26,0.092727390343
2020-08-27,0.094559818716
2020-08-28,0.0938630041391
2020-08-29,0.0965554647999
2020-08-30,0.0981418176667
2020-08-31,0.100516385737
2020-09-01,0.102836856582
2020-09-02,0.106655351956
2020-09-03,0.115585511537
2020-09-04,0.117171014554
2020-09-05,0.11566758186
2020-09-06,0.119476679979
2020-09-07,0.113273890564
2020-09-08,0.128569545495
2020-09-09,0.136129802627
2020-09-10,0.130051231838
2020-09-11,0.136095019074
2020-09-12,0.129551827441
2020-09-13,0.123436473311
2020-09-14,0.12198727877
2020-09-15,0.124604728162
2020-09-16,0.116287696769
2020-09-17,0.104421861982
2020-09-18,0.0973668898182
2020-09-19,0.102145761527
2020-09-20,0.105453247423
2020-09-21,0.101090839879
2020-09-22,0.106026222109
2020-09-23,0.106560027812
2020-09-24,0.0842531719552
2020-09-25,0.0706089621265
2020-09-26,0.0457243831329
2020-09-27,0.0227974081532
2020-09-28,-0.00573595394596
2020-09-29,-0.0137738327253
2020-09-30,-0.0135387282315
2020-10-01,-0.0107196357532
2020-10-02,-0.0128924279042
2020-10-03,-0.0140045342837
2020-10-04,-0.00962347141285
2020-10-05,-0.00473807687615
2020-10-06,-0.00936365552181
2020-10-07,-0.00916749139197
2020-10-08,-0.0191752613212
2020-10-09,-0.0280582127085
2020-10-10,-0.0325456794858
2020-10-11,-0.0395717560465
2020-10-12,-0.0362290690301
2020-10-13,-0.0314062989066
2020-10-14,-0.0148199619222
2020-10-15,-0.0106098935094
2020-10-16,-0.00910748247513
2020-10-17,-0.00329688286807
2020-10-18,-0.00607599618566
2020-10-19,0.00248986589818
2020-10-20,0.00510119690367
2020-10-21,0.00794126679211
2020-10-22,0.0102088477758
2020-10-23,0.0180799512967
2020-10-24,0.00799784114829
2020-10-25,0.00728182900581
2020-10-26,-0.00199031414756
2020-10-27,0.00221043964603
2020-10-28,0.00247295355622
2020-10-29,-0.00198125742958
2020-10-30,-0.00378660908002
2020-10-31,-0.00710918129257
2020-11-01,-0.00861721688523
2020-11-02,-0.00681121610518
2020-11-03,-0.00670448124451
2020-11-04,-0.00179689153173
2020-11-05,0.00663363171169
2020-11-06,0.000575857719724
2020-11-07,-0.00102209913473
2020-11-08,-0.0042765327337
2020-11-09,-0.00623588813137
2020-11-10,-0.00574900027949
2020-11-11,0.0020745862724
2020-11-12,0.00817971907589
2020-11-13,0.006069000824
2020-11-14,0.00972454963947
2020-11-15,0.00994496101781
2020-11-16,0.0085990987671
2020-11-17,0.00567352995555
2020-11-18,0.00104491690539
2020-11-19,-0.00374278377319
2020-11-20,-0.00165284052061
2020-11-21,0.00244126426999
2020-11-22,0.00853586470009
2020-11-23,0.00685916926457
2020-11-24,0.0132513247386
2020-11-25,0.00756800551578
2020-11-26,0.00251132059649
2020-11-27,0.00967550404793
2020-11-28,0.0161496137753
2020-11-29,0.0136119774217
2020-11-30,0.0143000554747
2020-12-01,0.0201009766186
2020-12-02,0.0190982850839
2020-12-03,0.0217760942887
2020-12-04,0.0271376289744
2020-12-05,0.036549612245
2020-12-06,0.0450766701814
2020-12-07,0.0256104321443
2020-12-08,0.0192253451281
2020-12-09,0.05536684602
2020-12-10,0.0246100830305
2020-12-11,0.0510127412604
2020-12-12,0.0448905079712
2020-12-13,0.00831014822656
2020-12-14,0.0290931813903
2020-12-15,0.047812726097
2020-12-16,0.0632224420053
2020-12-17,0.0938569873456
2020-12-18,0.0553098039748
2020-12-19,0.124881537357
2020-12-20,0.0229255608194
2020-12-21,0.0343023711123
2020-12-22,0.0384536170595
2020-12-23,0.0141259760069
2020-12-24,0.0532832905881
2020-12-25,-0.0220726656665
2020-12-26,0.0252185849483
2020-12-27,0.0287351834642
2020-12-28,0.041256791344
2020-12-29,0.0572392266608
2020-12-30,0.108954113904
2020-12-31,0.0764318568638
2021-01-01,0.0216994828217
2021-01-02,0.070581637481
2021-01-03,0.0580592189999
2021-01-04,0.049672990892
2021-01-05,0.0365692617825
2021-01-06,0.0180532939825
2021-01-07,0.0694805766637
2021-01-08,0.0762187919746
2021-01-09,0.0310758081789
2021-01-10,0.0410968700162
2021-01-11,0.00926435935288
2021-01-12,0.00375885975286
2021-01-13,0.000377945969353
2021-01-14,0.0503873917118
2021-01-15,0.0602882276466
2021-01-16,0.0311890832123
2021-01-17,0.00614659506354
2021-01-18,-0.00210807941648
2021-01-19,0.0116426458929
2021-01-20,0.0319993570548
2021-01-21,0.0362835179134
2021-01-22,0.0365237514298
2021-01-23,0.024439274305
2021-01-24,0.0458878223352
2021-01-25,0.0744340740441
2021-01-26,0.117955060568
2021-01-27,0.0839232255169
2021-01-28,0.0688938655631
2021-01-29,0.0948371043964
2021-01-30,0.0585784110039
2021-01-31,0.070554055222
2021-02-01,0.104686740168
2021-02-02,0.0283030026594
2021-02-03,0.0413802969173
2021-02-04,0.0546366489836
2021-02-05,0.0774207740706
2021-02-06,0.0778830827707
2021-02-07,0.0313308290123
2021-02-08,0.00372343033337
2021-02-09,0.00144328698211
2021-02-10,0.0115879030158
2021-02-11,0.0490232275698
2021-02-12,0.0139535851698
2021-02-13,0.0279640612944
2021-02-14,0.0226281433437
2021-02-15,0.0540989784108
2021-02-16,0.0235033887251
2021-02-17,0.00126392800002
2021-02-18,0.01985293038
2021-02-19,0.0410125522164
2021-02-20,0.0790686481698
2021-02-21,-0.00860784071445
2021-02-22,0.0414730916426
2021-02-23,0.0535954484551
2021-02-24,0.0615295862338
2021-02-25,0.0324417937239
2021-02-26,0.0545198419184
2021-02-27,0.051754493897
2021-02-28,0.10405997521
2021-03-01,0.0620498641956
2021-03-02,0.0595552213944
2021-03-03,0.0269868306654
2021-03-04,0.0107359799785
2021-03-05,-0.0114414857832
2021-03-06,0.0178733155418
2021-03-07,0.0840910298233
2021-03-08,0.0423522188567
2021-03-09,0.0929290102509
2021-03-10,0.126339322481
2021-03-11,0.0744232391147
2021-03-12,0.0408942148895
2021-03-13,-0.00596641767191
2021-03-14,0.0928014775546
2021-03-15,0.0175028102322
2021-03-16,0.117737850613
2021-03-17,0.0611475233034
2021-03-18,-0.0146136148218
2021-03-19,0.0535778194159
2021-03-20,0.0779235062685
2021-03-21,0.0196802292144
2021-03-22,-0.0615312920234
2021-03-23,0.0367696637581
2021-03-24,0.0049528313466
2021-03-25,-0.0198699352403
2021-03-26,0.00467301690596
2021-03-27,0.0836724681136
2021-03-28,-0.00977881274436
2021-03-29,-0.0242959418845
2021-03-30,0.0854005859415
2021-03-31,0.0696966438912
2021-04-01,0.0526890620029
2021-04-02,0.0677144511378
2021-04-03,0.115953576382
2021-04-04,0.0952336488235
2021-04-05,0.0468505045168
2021-04-06,0.0575120328099
2021-04-07,0.0988233762483
2021-04-08,0.00848308618812
2021-04-09,0.0675260073471
2021-04-10,0.127085111945
2021-04-11,0.0137008411889
2021-04-12,0.153632007099
2021-04-13,0.100688497245
2021-04-14,0.137003976544
2021-04-15,0.108574054984
2021-04-16,0.101204687413
2021-04-17,0.168011556915
2021-04-18,0.175955408094
2021-04-19,0.104866603331
2021-04-20,-0.0169738446367
2021-04-21,0.10146892618
2021-04-22,-0.000147386420586
2021-04-23,-0.044135630847
2021-04-24,-0.0165930917743
2021-04-25,0.213521711636
2021-04-26,0.0415051995908
2021-04-27,0.0834559722371
2021-04-28,0.120981347136
2021-04-29,0.0885018753259
2021-04-30,0.0457067615602
2021-05-01,0.0704329682679
2021-05-02,0.0109467432941
2021-05-03,0.0521788647498
2021-05-04,0.0782199545286
2021-05-05,0.0343409852575
2021-05-06,-0.0224980186062
2021-05-07,-0.0587604390399
2021-05-08,-0.103004895854
2021-05-09,-0.00191121191812
2021-05-10,0.0186734400793
2021-05-11,-0.0185665745849
2021-05-12,-0.0316835434247
2021-05-13,0.0187099637608
2021-05-14,0.0135234036886
2021-05-15,0.00586541002519
2021-05-16,0.0317020078751
2021-05-17,0.0282850392658
2021-05-18,0.0677193002035
2021-05-19,0.0686854760209
2021-05-20,0.0883841154514
2021-05-21,0.109726945517
2021-05-22,0.0526918617845
2021-05-23,0.0664248804486
2021-05-24,0.0890203145366
2021-05-25,0.0688550568214
2021-05-26,0.0569456875887
2021-05-27,-0.00787190225815
2021-05-28,0.0188659516764
2021-05-29,0.0437610727737
2021-05-30,0.0649271952296
2021-05-31,0.0189683020001
2021-06-01,0.0440687226498
2021-06-02,0.0376587923356
2021-06-03,0.0500058984276
2021-06-04,0.0467694592455
2021-06-05,0.0710360488693
2021-06-06,0.054485755246
2021-06-07,0.0726389449031
2021-06-08,0.0494274059103
2021-06-09,0.0297566624067
2021-06-10,0.0270043844325
2021-06-11,-0.0429205633225
2021-06-12,0.0031509588485
2021-06-13,-0.0102909500777
2021-06-14,0.0473645163463
2021-06-15,0.0440647866158
2021-06-16,0.0522377152354
2021-06-17,0.0364176615753
2021-06-18,0.0510559473903
2021-06-19,0.120116693681
2021-06-20,0.0771927458192
2021-06-21,0.0693607010323
2021-06-22,0.0571475786043
2021-06-23,0.0708214669991
2021-06-24,0.0788164153576
2021-06-25,0.0410312806227
2021-06-26,0.0643913467153
2021-06-27,0.06080893855
2021-06-28,0.0828263141837
2021-06-29,0.101577506389
2021-06-30,0.133143185384
2021-07-01,0.0599673693769
2021-07-02,0.0830542034868
2021-07-03,0.0719286407263
2021-07-04,0.0863767835364
2021-07-05,0.126029739232
2021-07-06,0.114564404055
2021-07-07,0.0920151179039
2021-07-08,0.0944551276134
2021-07-09,0.0480731951013
2021-07-10,0.0267578557999
2021-07-11,0.0629956720001
2021-07-12,0.0749321708939
2021-07-13,0.0618660107366
2021-07-14,0.0766709757513
2021-07-15,0.092070773897
2021-07-16,0.0792682608348
2021-07-17,0.0925984431263
2021-07-18,0.0945017924666
2021-07-19,0.0980828188697
2021-07-20,0.11320770484
2021-07-21,0.0611796034091
2021-07-22,0.0612721480265
2021-07-23,0.0694008421071
2021-07-24,0.0936930239667
2021-07-25,0.13610873026
2021-07-26,0.0910684924071
2021-07-27,0.0941283389813
2021-07-28,0.0654515148123
2021-07-29,0.0838001696796
2021-07-30,0.14752470015
2021-07-31,0.125995456182
2021-08-01,0.127589856782
2021-08-02,0.111333135603
2021-08-03,0.136283558591
2021-08-04,0.14578323154
2021-08-05,0.112838903012
2021-08-06,0.0599515385317
2021-08-07,0.0923250052682
2021-08-08,0.182627056199
2021-08-09,0.128687674723
2021-08-10,0.108207245111
2021-08-11,0.124856186126
2021-08-12,0.0984289152208
2021-08-13,0.0819992382663
2021-08-14,-0.0481613970103
2021-08-15,0.0518306320701
2021-08-16,0.0537509755839
2021-08-17,0.0488797606612
2021-08-18,0.060713310912
2021-08-19,0.0851186911669
2021-08-20,0.0435137544981
2021-08-21,0.0605763607356
2021-08-22,-0.0178768739449
2021-08-23,0.0605201518859
2021-08-24,0.0908465509422
2021-08-25,0.1221707143
2021-08-26,0.123346769641
2021-08-27,0.124194375965
2021-08-28,0.0867056447355
2021-08-29,0.191695197493
2021-08-30,0.1749353891
2021-08-31,0.196309501382
2021-09-01,0.154144084272
2021-09-02,0.101426145847
2021-09-03,0.0760781515468
2021-09-04,0.0750700739397
2021-09-05,0.113499701161
2021-09-06,0.117618508588
2021-09-07,0.109370546711
2021-09-08,0.0226233245736
2021-09-09,0.113630404052
2021-09-10,0.0901603701099
2021-09-11,0.133440133648
2021-09-12,0.106647228153
2021-09-13,0.118418846818
2021-09-14,0.0724369865735
2021-09-15,0.0745844510418
2021-09-16,0.0897927427013
2021-09-17,0.135342151931
2021-09-18,0.0857756318775
2021-09-19,0.139542765834
2021-09-20,0.0879352764493
2021-09-21,0.136956604901
2021-09-22,0.0794686399709
2021-09-23,0.138171653105
2021-09-24,0.104866348743
2021-09-25,0.0959120194455
2021-09-26,0.158417187372
2021-09-27,0.10349925608
2021-09-28,0.102627142502
2021-09-29,0.160423955891
2021-09-30,0.149030054455
2021-10-01,0.117527389671
2021-10-02,0.0999565729206
2021-10-03,0.092568961286
2021-10-04,0.126481608512
2021-10-05,0.106539500628
2021-10-06,0.118719394752
2021-10-07,0.115977843882
2021-10-08,0.0867139214992
2021-10-09,0.0741278532653
2021-10-10,0.0100109979358
2021-10-11,0.148480107795
2021-10-12,0.140228110577
2021-10-13,0.0907998261807
2021-10-14,0.0784058930873
2021-10-15,0.0753033484523
2021-10-16,0.0871501510034
2021-10-17,0.0739369194457
2021-10-18,0.0651643592153
2021-10-19,0.0883823102702
2021-10-20,0.113004556298
2021-10-21,0.139679020598
2021-10-22,0.123130735642
2021-10-23,0.109116719717
2021-10-24,0.135113251886
2021-10-25,0.0869957105825
2021-10-26,0.0550242139511
2021-10-27,0.056219580879
2021-10-28,0.0472063974794
2021-10-29,0.0585460269778
2021-10-30,0.0287186155861
2021-10-31,0.00769373711657
2021-11-01,0.0290643023851
2021-11-02,0.0436339727266
2021-11-03,0.0387940556458
2021-11-04,0.0354796460173
2021-11-05,0.0386763599841
2021-11-06,0.0182007974727
2021-11-07,0.0222930675371
2021-11-08,0.00657651867805
2021-11-09,0.00852627853619
2021-11-10,0.000479127138765
2021-11-11,0.0144314899633
2021-11-12,0.0108119416244
2021-11-13,0.0619764715872
2021-11-14,0.0380832074592
2021-11-15,0.0157137628321
2021-11-16,0.0492152018948
2021-11-17,0.0382055548044
2021-11-18,0.0460385435383
2021-11-19,0.0383247544012
2021-11-20,0.0526937144275
2021-11-21,0.0323179778836
2021-11-22,0.0434483518537
2021-11-23,0.00574043253389
2021-11-24,0.0100539046122
2021-11-25,-0.00519556113128
2021-11-26,0.00869887609899
2021-11-27,0.0153668159423
2021-11-28,0.0349940373062
2021-11-29,0.0420180967302
2021-11-30,0.0475619521452
2021-12-01,0.0431323310597
2021-12-02,0.0698385089744
2021-12-03,0.0255092899687
2021-12-04,0.0532505880146
2021-12-05,0.0770520314544
2021-12-06,0.0809580601432
2021-12-07,0.0437600647489
2021-12-08,0.0733575551207
2021-12-09,0.123720638106
2021-12-10,0.0902616563356
2021-12-11,0.0970402891262
2021-12-12,0.0487061753738
2021-12-13,0.0798968728645
2021-12-14,-0.00832424564769
2021-12-15,0.0162835880537
2021-12-16,0.079653548903
2021-12-17,0.0652460096803
2021-12-18,0.0595603281724
2021-12-19,0.0728216870293
2021-12-20,0.0405082442155
2021-12-21,0.0714171295627
2021-12-22,0.0739573539476
2021-12-23,0.079414494738
2021-12-24,0.0562452532454
2021-12-25,0.0474927475634
2021-12-26,-0.0189749948007
2021-12-27,-0.0238133852688
2021-12-28,0.0175926217833
2021-12-29,0.0106554606545
2021-12-30,0.041462705446
2021-12-31,0.00830762021547
2022-01-01,-0.019237643342
2022-01-02,-0.0144927223717
2022-01-03,-0.00874513978438
2022-01-04,-0.00756794294519
2022-01-05,0.023054514943
2022-01-06,0.0152837192982
2022-01-07,0.014411023067
2022-01-08,0.0159490872214
2022-01-09,0.017736075011
2022-01-10,0.0357048190873
2022-01-11,0.0630402287428
2022-01-12,0.0426721732165
2022-01-13,0.0672135805642
2022-01-14,0.082004474178
2022-01-15,0.060546260019
2022-01-16,0.0540888687338
2022-01-17,0.0704161431998
2022-01-18,0.0598770148635
2022-01-19,0.0663317079664
2022-01-20,0.112364383647
2022-01-21,0.059686817136
2022-01-22,0.0856609661223
2022-01-23,0.0944440876805
2022-01-24,0.0777788471574
2022-01-25,0.105638474495
2022-01-26,0.130953733725
2022-01-27,0.153877173322
2022-01-28,0.147319916347
2022-01-29,0.130897318461
2022-01-30,0.165317436744
2022-01-31,0.168210966291
2022-02-01,0.119671333672
2022-02-02,0.114290076686
2022-02-03,0.127336482718
2022-02-04,0.128737836329
2022-02-05,0.13131419193
2022-02-06,0.121299795318
2022-02-07,0.0815387020407
2022-02-08,0.109618948697
2022-02-09,0.0867484838146
2022-02-10,0.113032921088
2022-02-11,0.0875176711856
2022-02-12,0.101708694305
2022-02-13,0.101243723538
2022-02-14,0.0692376427648
2022-02-15,0.0770937877482
2022-02-16,0.0777585064403
2022-02-17,0.0972701838756
2022-02-18,0.0921382903304
2022-02-19,0.112319693429
2022-02-20,0.1002375002
2022-02-21,0.104584914663
2022-02-22,0.0861631053803
2022-02-23,0.0873169245319
2022-02-24,0.080547761959
2022-02-25,0.101113523612
2022-02-26,0.0707899295412
2022-02-27,0.0928810142529
2022-02-28,0.0937855408785
2022-03-01,0.0853205943407
2022-03-02,0.0661775163124
2022-03-03,0.122383099331
2022-03-04,0.110591896919
2022-03-05,0.10524653039
2022-03-06,0.122683942347
2022-03-07,0.137287538428
2022-03-08,0.0945142248991
2022-03-09,0.109143422489
2022-03-10,0.133940091429
2022-03-11,0.143149237324
2022-03-12,0.145522846287
2022-03-13,0.141539378184
2022-03-14,0.113125467291
2022-03-15,0.11544276582
2022-03-16,0.0835583087752
2022-03-17,0.101223158063
2022-03-18,0.0995506523974
2022-03-19,0.0985853752628
2022-03-20,0.0951086883848
2022-03-21,0.0683360010767
2022-03-22,0.0895213392757
2022-03-23,0.0838868727127
2022-03-24,0.0775767433825
2022-03-25,0.0820184559614
2022-03-26,0.117359911731
2022-03-27,0.106719719069
2022-03-28,0.108107841148
2022-03-29,0.108380240195
2022-03-30,0.0698710854681
2022-03-31,0.0869484012985
2022-04-01,0.0581873007829
2022-04-02,0.0448189304706
2022-04-03,0.0391108173697
2022-04-04,0.0615770878286
2022-04-05,0.0483726316595
2022-04-06,0.0751234401215
2022-04-07,0.0806933611378
2022-04-08,0.0570110841644
2022-04-09,0.0282462089537
2022-04-10,0.0415521776154
2022-04-11,0.0505561697837
2022-04-12,0.0555185395553
2022-04-13,0.0402467462078
2022-04-14,0.0333834850844
2022-04-15,0.0259184083495
2022-04-16,0.0170169498368
2022-04-17,0.00481086841805
2022-04-18,0.0189633175467
2022-04-19,-0.00311811967693
2022-04-20,0.00223656550305
2022-04-21,0.016016306662
2022-04-22,0.0269061440521
2022-04-23,0.00587018748888
2022-04-24,-0.00987964903915
2022-04-25,-0.00049572888809
2022-04-26,0.0075161157297
2022-04-27,0.0106390329008
2022-04-28,-0.00605150137812
2022-04-29,0.00638722114098
2022-04-30,0.0150102673918
2022-05-01,0.00814081288244
2022-05-02,-0.0111816621361
2022-05-03,0.0103828543705
2022-05-04,0.0152130413445
2022-05-05,0.00936476010707
2022-05-06,-0.00862862929976
2022-05-07,-0.00624339187228
2022-05-08,0.00349061778867
2022-05-09,-0.00765615386316
2022-05-10,-0.000978027776023
2022-05-11,0.0121445059409
2022-05-12,-0.017905033368
2022-05-13,-0.0534592514255
2022-05-14,-0.0557159049799
2022-05-15,-0.0178730339455
2022-05-16,0.0182447241996
2022-05-17,-0.0252393527282
2022-05-18,0.0413880372352
2022-05-19,0.055643673008
2022-05-20,-0.0406532762132
2022-05-21,-0.00882991299241
2022-05-22,-0.0443225234475
2022-05-23,0.00590204213554
2022-05-24,-0.0413472048146
2022-05-25,-0.0488327885129
2022-05-26,-0.016962410189
2022-05-27,-0.00479239364173
2022-05-28,0.00896347218668
2022-05-29,-0.0352917646864
2022-05-30,-0.0735675920846
2022-05-31,-0.0365920775753
2022-06-01,0.0058019756871
2022-06-02,0.0585669798529
2022-06-03,-0.0306453735294
2022-06-04,0.0478143723952
2022-06-05,0.0462639979546
2022-06-06,0.0417077070423
2022-06-07,0.0215424316585
2022-06-08,-0.00059913715295
2022-06-09,0.0180584279157
2022-06-10,0.0287651382492
2022-06-11,0.00336657596722
2022-06-12,0.0116763077475
2022-06-13,0.00516618210562
2022-06-14,-0.0211451065974
2022-06-15,-0.0165323641502
2022-06-16,-0.0236074566673
2022-06-17,-0.0277092740041
2022-06-18,-0.0397940498425
2022-06-19,-0.035887325967
2022-06-20,-0.0433324550646
2022-06-21,-0.0297596317217
2022-06-22,-0.0404655602468
2022-06-23,-0.0487720893392
2022-06-24,-0.0532274235209
2022-06-25,-0.04708750125
2022-06-26,-0.0484113106704
2022-06-27,-0.0378876039954
2022-06-28,-0.0467654357482
2022-06-29,-0.0142258481468
2022-06-30,-0.0202550689971
2022-07-01,0.000226142741632
2022-07-02,-0.0117074704489
2022-07-03,0.00072779309247
2022-07-04,-0.0186583035193
2022-07-05,-0.0174700882718
2022-07-06,-0.00556519631091
2022-07-07,-0.0203948620262
2022-07-08,-0.0222566661344
2022-07-09,-0.0313295898506
2022-07-10,-0.0498052170647
2022-07-11,-0.0400475786907
2022-07-12,-0.0569810965381
2022-07-13,-0.0382393601597
2022-07-14,-0.0301490026104
2022-07-15,-0.0206712501688
2022-07-16,-0.0285000672335
2022-07-17,-0.052651072344
2022-07-18,-0.0332279105572
2022-07-19,-0.0444331983684
2022-07-20,-0.0428495523758
2022-07-21,-0.048782145491
2022-07-22,-0.0282793595704
2022-07-23,-0.0260907637934
2022-07-24,-0.0204778666112
2022-07-25,-0.0196937654039
2022-07-26,-0.0268374890147
2022-07-27,-0.0195563654839
2022-07-28,-0.0235968043438
2022-07-29,-0.0116188952098
2022-07-30,-0.0228860666075
2022-07-31,-0.0187430510343
2022-08-01,-0.0136586058921
2022-08-02,-0.0108641912425
2022-08-03,-0.00333947291273
2022-08-04,-0.0231105405918
2022-08-05,-0.0372200614501
2022-08-06,-0.0489368250475
2022-08-07,-0.0371727919969
2022-08-08,-0.0430211008226
2022-08-09,-0.041759700585
2022-08-10,-0.0300478348795
2022-08-11,-0.0341484709656
2022-08-12,-0.0234926598955
2022-08-13,-0.0286213819661
2022-08-14,-0.00939805792633
2022-08-15,-0.0267563438812
2022-08-16,-0.0248224217043
2022-08-17,-0.0188930448308
2022-08-18,-0.00235055216625
2022-08-19,-0.0228555945195
2022-08-20,-0.00566839405882
2022-08-21,-0.024719602017
2022-08-22,0.00262711107173
2022-08-23,0.00770972683357
2022-08-24,0.00471052830524
2022-08-25,0.00681088197045
2022-08-26,0.00839632813692
2022-08-27,-0.0044688188389
2022-08-28,-0.0211171155179
2022-08-29,0.00496433750585
2022-08-30,-0.0171294085959
2022-08-31,-0.00969910485329
2022-09-01,0.00463210433779
2022-09-02,0.00906318341724
2022-09-03,0.0145697850312
2022-09-04,0.00807920819724
2022-09-05,0.000824916189615
2022-09-06,0.0120591460117
2022-09-07,-0.00178983723398
2022-09-08,0.00486994518299
2022-09-09,0.0117102452123
2022-09-10,0.00910783806087
2022-09-11,0.0182341876438
2022-09-12,0.0167457563184
2022-09-13,0.0342612835026
2022-09-14,0.0231263379083
2022-09-15,0.0175657553348
2022-09-16,0.0275501406971
2022-09-17,-0.00755244043767
2022-09-18,0.0112154456997
2022-09-19,0.00336140955935
2022-09-20,-0.0236364185714
2022-09-21,-0.0218473716704
2022-09-22,0.00498091837138
2022-09-23,-0.0101810497942
2022-09-24,-0.0217055603602
2022-09-25,-0.0128571617105
2022-09-26,-0.0147617171429
2022-09-27,-0.0318560603681
2022-09-28,-0.0339064587769
2022-09-29,0.00749740725334
2022-09-30,-0.0201119189986
2022-10-01,-0.0308964643523
2022-10-02,-0.0184266587419
2022-10-03,-0.0243399361556
2022-10-04,-0.0133034253011
2022-10-05,0.00262886924782
2022-10-06,-0.00548795039802
2022-10-07,-0.0286411022488
2022-10-08,-0.0156594675352
2022-10-09,-0.0212475227281
2022-10-10,-0.0231510642646
2022-10-11,-0.01959568043
2022-10-12,-0.0250314292968
2022-10-13,-0.0173430127768
2022-10-14,-0.010223070302
2022-10-15,-0.0249288950363
2022-10-16,-0.0230300184612
2022-10-17,-0.0252931495528
2022-10-18,-0.0303375795931
2022-10-19,-0.0329642193707
2022-10-20,-0.00917844194599
2022-10-21,-0.001544391919
2022-10-22,-0.0194228471265
2022-10-23,-0.0275135922539
2022-10-24,-0.0183959666323
2022-10-25,-0.0146293322491
2022-10-26,-0.0239307627692
2022-10-27,-0.0309763886283
2022-10-28,-0.00489132082432
2022-10-29,-0.021409139736
2022-10-30,-0.017559524482
2022-10-31,-0.0135612476405
2022-11-01,-0.0140982711684
2022-11-02,-0.0144543210326
2022-11-03,-0.0205658386002
2022-11-04,-0.0292731477435
2022-11-05,-0.0185797392335
2022-11-06,-0.0226501051009
2022-11-07,-0.0194780309867
2022-11-08,-0.0257388143035
2022-11-09,-0.00069538084559
2022-11-10,-0.00130653967045
