solid Created by Gmsh
facet normal 0 0 1
  outer loop
    vertex 0 0 -15000
    vertex 9999.999999989075 0 -15000
    vertex 7320.508075678656 7320.508075678613 -15000
  endloop
endfacet
facet normal 0 0 1
  outer loop
    vertex 0 9999.999999988911 -15000
    vertex 0 0 -15000
    vertex 7320.508075678656 7320.508075678613 -15000
  endloop
endfacet
facet normal 0 0 1
  outer loop
    vertex 90000.00000001039 0 -15000
    vertex 100000 0 -15000
    vertex 92679.49192432129 7320.508075678549 -15000
  endloop
endfacet
facet normal 0 -0 1
  outer loop
    vertex 100000 0 -15000
    vertex 100000 9999.999999989075 -15000
    vertex 92679.49192432129 7320.508075678549 -15000
  endloop
endfacet
facet normal 0 0 1
  outer loop
    vertex 100000 100000 -15000
    vertex 90000.00000001109 100000 -15000
    vertex 92679.49192431946 92679.49192431929 -15000
  endloop
endfacet
facet normal 0 -0 1
  outer loop
    vertex 100000 90000.00000001039 -15000
    vertex 100000 100000 -15000
    vertex 92679.49192431946 92679.49192431929 -15000
  endloop
endfacet
facet normal 0 0 1
  outer loop
    vertex 9999.999999988911 100000 -15000
    vertex 0 100000 -15000
    vertex 7320.50807568066 92679.49192431934 -15000
  endloop
endfacet
facet normal 0 0 1
  outer loop
    vertex 0 100000 -15000
    vertex 0 90000.00000001109 -15000
    vertex 7320.50807568066 92679.49192431934 -15000
  endloop
endfacet
facet normal 0 0 1
  outer loop
    vertex 9999.999999989075 0 -15000
    vertex 19999.99999997229 0 -15000
    vertex 15059.32316991255 8294.9740414756 -15000
  endloop
endfacet
facet normal 0 -0 1
  outer loop
    vertex 9999.999999989075 0 -15000
    vertex 15059.32316991255 8294.9740414756 -15000
    vertex 7320.508075678656 7320.508075678613 -15000
  endloop
endfacet
facet normal 0 0 1
  outer loop
    vertex 19999.99999997229 0 -15000
    vertex 29999.99999996189 0 -15000
    vertex 25089.11011037035 8675.295442458493 -15000
  endloop
endfacet
facet normal -0 0 1
  outer loop
    vertex 15059.32316991255 8294.9740414756 -15000
    vertex 19999.99999997229 0 -15000
    vertex 25089.11011037035 8675.295442458493 -15000
  endloop
endfacet
facet normal 0 0 1
  outer loop
    vertex 29999.99999996189 0 -15000
    vertex 39999.99999995151 0 -15000
    vertex 34999.9999999567 8660.254037835388 -15000
  endloop
endfacet
facet normal 0 -0 1
  outer loop
    vertex 29999.99999996189 0 -15000
    vertex 34999.9999999567 8660.254037835388 -15000
    vertex 25089.11011037035 8675.295442458493 -15000
  endloop
endfacet
facet normal 0 0 1
  outer loop
    vertex 39999.99999995151 0 -15000
    vertex 49999.99999994253 0 -15000
    vertex 44947.33817709904 8422.59029859896 -15000
  endloop
endfacet
facet normal 0 0 1
  outer loop
    vertex 34999.9999999567 8660.254037835388 -15000
    vertex 39999.99999995151 0 -15000
    vertex 44947.33817709904 8422.59029859896 -15000
  endloop
endfacet
facet normal 0 0 1
  outer loop
    vertex 49999.99999994253 0 -15000
    vertex 60000.00000000347 0 -15000
    vertex 54684.02906281613 8477.828132226377 -15000
  endloop
endfacet
facet normal 0 -0 1
  outer loop
    vertex 49999.99999994253 0 -15000
    vertex 54684.02906281613 8477.828132226377 -15000
    vertex 44947.33817709904 8422.59029859896 -15000
  endloop
endfacet
facet normal 0 0 1
  outer loop
    vertex 60000.00000000347 0 -15000
    vertex 70000.00000003117 0 -15000
    vertex 65289.83889292958 10058.16044006502 -15000
  endloop
endfacet
facet normal -0 0 1
  outer loop
    vertex 54684.02906281613 8477.828132226377 -15000
    vertex 60000.00000000347 0 -15000
    vertex 65289.83889292958 10058.16044006502 -15000
  endloop
endfacet
facet normal 0 0 1
  outer loop
    vertex 70000.00000003117 0 -15000
    vertex 80000.00000002078 0 -15000
    vertex 75867.25654708629 8962.961249550955 -15000
  endloop
endfacet
facet normal 0 -0 1
  outer loop
    vertex 70000.00000003117 0 -15000
    vertex 75867.25654708629 8962.961249550955 -15000
    vertex 65289.83889292958 10058.16044006502 -15000
  endloop
endfacet
facet normal 0 0 1
  outer loop
    vertex 80000.00000002078 0 -15000
    vertex 90000.00000001039 0 -15000
    vertex 85087.58804920691 8323.676569979749 -15000
  endloop
endfacet
facet normal 0 0 1
  outer loop
    vertex 75867.25654708629 8962.961249550955 -15000
    vertex 80000.00000002078 0 -15000
    vertex 85087.58804920691 8323.676569979749 -15000
  endloop
endfacet
facet normal 0 0 1
  outer loop
    vertex 85087.58804920691 8323.676569979749 -15000
    vertex 90000.00000001039 0 -15000
    vertex 92679.49192432129 7320.508075678549 -15000
  endloop
endfacet
facet normal 0 0 1
  outer loop
    vertex 90000.00000001109 100000 -15000
    vertex 80000.00000002218 100000 -15000
    vertex 84081.74380943121 90943.02752558512 -15000
  endloop
endfacet
facet normal 0 0 1
  outer loop
    vertex 90000.00000001109 100000 -15000
    vertex 84081.74380943121 90943.02752558512 -15000
    vertex 92679.49192431946 92679.49192431929 -15000
  endloop
endfacet
facet normal 0 0 1
  outer loop
    vertex 80000.00000002218 100000 -15000
    vertex 70000.00000003327 100000 -15000
    vertex 74695.29976339817 93421.67152647482 -15000
  endloop
endfacet
facet normal 0 0 1
  outer loop
    vertex 84081.74380943121 90943.02752558512 -15000
    vertex 80000.00000002218 100000 -15000
    vertex 74695.29976339817 93421.67152647482 -15000
  endloop
endfacet
facet normal 0 0 1
  outer loop
    vertex 70000.00000003327 100000 -15000
    vertex 60000.00000004434 100000 -15000
    vertex 65092.01999018817 91114.5697928114 -15000
  endloop
endfacet
facet normal 0 0 1
  outer loop
    vertex 70000.00000003327 100000 -15000
    vertex 65092.01999018817 91114.5697928114 -15000
    vertex 74695.29976339817 93421.67152647482 -15000
  endloop
endfacet
facet normal 0 0 1
  outer loop
    vertex 60000.00000004434 100000 -15000
    vertex 50000.000000054 100000 -15000
    vertex 55000.00000004916 93474.37364685581 -15000
  endloop
endfacet
facet normal 0 0 1
  outer loop
    vertex 65092.01999018817 91114.5697928114 -15000
    vertex 60000.00000004434 100000 -15000
    vertex 55000.00000004916 93474.37364685581 -15000
  endloop
endfacet
facet normal 0 0 1
  outer loop
    vertex 50000.000000054 100000 -15000
    vertex 39999.99999999375 100000 -15000
    vertex 46057.42807370418 90763.20725887355 -15000
  endloop
endfacet
facet normal 0 0 1
  outer loop
    vertex 50000.000000054 100000 -15000
    vertex 46057.42807370418 90763.20725887355 -15000
    vertex 55000.00000004916 93474.37364685581 -15000
  endloop
endfacet
facet normal 0 0 1
  outer loop
    vertex 39999.99999999375 100000 -15000
    vertex 29999.99999996675 100000 -15000
    vertex 34999.99999998025 92335.81319172961 -15000
  endloop
endfacet
facet normal 0 0 1
  outer loop
    vertex 46057.42807370418 90763.20725887355 -15000
    vertex 39999.99999999375 100000 -15000
    vertex 34999.99999998025 92335.81319172961 -15000
  endloop
endfacet
facet normal 0 0 1
  outer loop
    vertex 29999.99999996675 100000 -15000
    vertex 19999.99999997784 100000 -15000
    vertex 25173.76911181753 92370.16865464282 -15000
  endloop
endfacet
facet normal 0 0 1
  outer loop
    vertex 29999.99999996675 100000 -15000
    vertex 25173.76911181753 92370.16865464282 -15000
    vertex 34999.99999998025 92335.81319172961 -15000
  endloop
endfacet
facet normal 0 0 1
  outer loop
    vertex 19999.99999997784 100000 -15000
    vertex 9999.999999988911 100000 -15000
    vertex 15343.39606945132 92217.93048359282 -15000
  endloop
endfacet
facet normal 0 0 1
  outer loop
    vertex 25173.76911181753 92370.16865464282 -15000
    vertex 19999.99999997784 100000 -15000
    vertex 15343.39606945132 92217.93048359282 -15000
  endloop
endfacet
facet normal 0 0 1
  outer loop
    vertex 15343.39606945132 92217.93048359282 -15000
    vertex 9999.999999988911 100000 -15000
    vertex 7320.50807568066 92679.49192431934 -15000
  endloop
endfacet
facet normal 0 0 1
  outer loop
    vertex 0 90000.00000001109 -15000
    vertex 0 80000.00000002218 -15000
    vertex 9549.528281021809 84455.59454104399 -15000
  endloop
endfacet
facet normal -0 0 1
  outer loop
    vertex 0 90000.00000001109 -15000
    vertex 9549.528281021809 84455.59454104399 -15000
    vertex 7320.50807568066 92679.49192431934 -15000
  endloop
endfacet
facet normal 0 0 1
  outer loop
    vertex 0 80000.00000002218 -15000
    vertex 0 70000.00000003327 -15000
    vertex 8154.625002684799 74590.01150420893 -15000
  endloop
endfacet
facet normal 0 0 1
  outer loop
    vertex 9549.528281021809 84455.59454104399 -15000
    vertex 0 80000.00000002218 -15000
    vertex 8154.625002684799 74590.01150420893 -15000
  endloop
endfacet
facet normal 0 0 1
  outer loop
    vertex 0 70000.00000003327 -15000
    vertex 0 60000.00000004434 -15000
    vertex 8660.254037834789 65000.0000000388 -15000
  endloop
endfacet
facet normal -0 0 1
  outer loop
    vertex 0 70000.00000003327 -15000
    vertex 8660.254037834789 65000.0000000388 -15000
    vertex 8154.625002684799 74590.01150420893 -15000
  endloop
endfacet
facet normal 0 0 1
  outer loop
    vertex 0 60000.00000004434 -15000
    vertex 0 50000.000000054 -15000
    vertex 8660.254037860726 55000.00000002206 -15000
  endloop
endfacet
facet normal 0 0 1
  outer loop
    vertex 8660.254037834789 65000.0000000388 -15000
    vertex 0 60000.00000004434 -15000
    vertex 8660.254037860726 55000.00000002206 -15000
  endloop
endfacet
facet normal 0 0 1
  outer loop
    vertex 0 50000.000000054 -15000
    vertex 0 39999.99999999375 -15000
    vertex 8660.254037851893 45000.00000002388 -15000
  endloop
endfacet
facet normal -0 0 1
  outer loop
    vertex 0 50000.000000054 -15000
    vertex 8660.254037851893 45000.00000002388 -15000
    vertex 8660.254037860726 55000.00000002206 -15000
  endloop
endfacet
facet normal 0 0 1
  outer loop
    vertex 0 39999.99999999375 -15000
    vertex 0 29999.99999996675 -15000
    vertex 8660.254037868666 35000.00000001195 -15000
  endloop
endfacet
facet normal 0 0 1
  outer loop
    vertex 8660.254037851893 45000.00000002388 -15000
    vertex 0 39999.99999999375 -15000
    vertex 8660.254037868666 35000.00000001195 -15000
  endloop
endfacet
facet normal 0 0 1
  outer loop
    vertex 0 29999.99999996675 -15000
    vertex 0 19999.99999997784 -15000
    vertex 7959.225689649395 25402.11967674627 -15000
  endloop
endfacet
facet normal -0 0 1
  outer loop
    vertex 0 29999.99999996675 -15000
    vertex 7959.225689649395 25402.11967674627 -15000
    vertex 8660.254037868666 35000.00000001195 -15000
  endloop
endfacet
facet normal 0 0 1
  outer loop
    vertex 0 19999.99999997784 -15000
    vertex 0 9999.999999988911 -15000
    vertex 9385.434397694946 15590.66101390071 -15000
  endloop
endfacet
facet normal 0 0 1
  outer loop
    vertex 7959.225689649395 25402.11967674627 -15000
    vertex 0 19999.99999997784 -15000
    vertex 9385.434397694946 15590.66101390071 -15000
  endloop
endfacet
facet normal 0 0 1
  outer loop
    vertex 9385.434397694946 15590.66101390071 -15000
    vertex 0 9999.999999988911 -15000
    vertex 7320.508075678656 7320.508075678613 -15000
  endloop
endfacet
facet normal 0 -0 1
  outer loop
    vertex 100000 9999.999999989075 -15000
    vertex 100000 19999.99999997229 -15000
    vertex 91532.27954945498 15042.37369278918 -15000
  endloop
endfacet
facet normal 0 0 1
  outer loop
    vertex 100000 9999.999999989075 -15000
    vertex 91532.27954945498 15042.37369278918 -15000
    vertex 92679.49192432129 7320.508075678549 -15000
  endloop
endfacet
facet normal 0 -0 1
  outer loop
    vertex 100000 19999.99999997229 -15000
    vertex 100000 29999.99999996189 -15000
    vertex 91371.83489338332 25007.0622821021 -15000
  endloop
endfacet
facet normal 0 -0 1
  outer loop
    vertex 91532.27954945498 15042.37369278918 -15000
    vertex 100000 19999.99999997229 -15000
    vertex 91371.83489338332 25007.0622821021 -15000
  endloop
endfacet
facet normal 0 -0 1
  outer loop
    vertex 100000 29999.99999996189 -15000
    vertex 100000 39999.99999995151 -15000
    vertex 91339.74596216682 34999.99999996057 -15000
  endloop
endfacet
facet normal 0 0 1
  outer loop
    vertex 100000 29999.99999996189 -15000
    vertex 91339.74596216682 34999.99999996057 -15000
    vertex 91371.83489338332 25007.0622821021 -15000
  endloop
endfacet
facet normal 0 -0 1
  outer loop
    vertex 100000 39999.99999995151 -15000
    vertex 100000 49999.99999994253 -15000
    vertex 91339.79063143797 44999.92263050061 -15000
  endloop
endfacet
facet normal 0 0 1
  outer loop
    vertex 91339.74596216682 34999.99999996057 -15000
    vertex 100000 39999.99999995151 -15000
    vertex 91339.79063143797 44999.92263050061 -15000
  endloop
endfacet
facet normal 0 -0 1
  outer loop
    vertex 100000 49999.99999994253 -15000
    vertex 100000 60000.00000000347 -15000
    vertex 91339.74596215255 54999.99999996932 -15000
  endloop
endfacet
facet normal 0 0 1
  outer loop
    vertex 100000 49999.99999994253 -15000
    vertex 91339.74596215255 54999.99999996932 -15000
    vertex 91339.79063143797 44999.92263050061 -15000
  endloop
endfacet
facet normal 0 -0 1
  outer loop
    vertex 100000 60000.00000000347 -15000
    vertex 100000 70000.00000003117 -15000
    vertex 91347.61045201067 64986.37830396563 -15000
  endloop
endfacet
facet normal 0 0 1
  outer loop
    vertex 91339.74596215255 54999.99999996932 -15000
    vertex 100000 60000.00000000347 -15000
    vertex 91347.61045201067 64986.37830396563 -15000
  endloop
endfacet
facet normal 0 -0 1
  outer loop
    vertex 100000 70000.00000003117 -15000
    vertex 100000 80000.00000002078 -15000
    vertex 91386.93290132972 74918.26982386835 -15000
  endloop
endfacet
facet normal 0 0 1
  outer loop
    vertex 100000 70000.00000003117 -15000
    vertex 91386.93290132972 74918.26982386835 -15000
    vertex 91347.61045201067 64986.37830396563 -15000
  endloop
endfacet
facet normal 0 -0 1
  outer loop
    vertex 100000 80000.00000002078 -15000
    vertex 100000 90000.00000001039 -15000
    vertex 91787.24624827305 84693.21218966393 -15000
  endloop
endfacet
facet normal 0 0 1
  outer loop
    vertex 91386.93290132972 74918.26982386835 -15000
    vertex 100000 80000.00000002078 -15000
    vertex 91787.24624827305 84693.21218966393 -15000
  endloop
endfacet
facet normal 0 0 1
  outer loop
    vertex 91787.24624827305 84693.21218966393 -15000
    vertex 100000 90000.00000001039 -15000
    vertex 92679.49192431946 92679.49192431929 -15000
  endloop
endfacet
facet normal 0 -0 1
  outer loop
    vertex 91339.74596215255 54999.99999996932 -15000
    vertex 91347.61045201067 64986.37830396563 -15000
    vertex 82680.80267261145 59997.72971729959 -15000
  endloop
endfacet
facet normal 0 0 1
  outer loop
    vertex 91339.74596215255 54999.99999996932 -15000
    vertex 82680.80267261145 59997.72971729959 -15000
    vertex 82679.71038236763 49999.62161952132 -15000
  endloop
endfacet
facet normal 0 0 1
  outer loop
    vertex 91339.74596215255 54999.99999996932 -15000
    vertex 82679.71038236763 49999.62161952132 -15000
    vertex 91339.79063143797 44999.92263050061 -15000
  endloop
endfacet
facet normal 0 0 1
  outer loop
    vertex 55946.8564371461 85249.60444089543 -15000
    vertex 46057.42807370418 90763.20725887355 -15000
    vertex 47378.05524299311 79921.14874707855 -15000
  endloop
endfacet
facet normal -0 0 1
  outer loop
    vertex 46057.42807370418 90763.20725887355 -15000
    vertex 55946.8564371461 85249.60444089543 -15000
    vertex 55000.00000004916 93474.37364685581 -15000
  endloop
endfacet
facet normal 0 0 1
  outer loop
    vertex 47378.05524299311 79921.14874707855 -15000
    vertex 46057.42807370418 90763.20725887355 -15000
    vertex 38038.86475353507 83704.18180236853 -15000
  endloop
endfacet
facet normal 0 -0 1
  outer loop
    vertex 38038.86475353507 83704.18180236853 -15000
    vertex 46057.42807370418 90763.20725887355 -15000
    vertex 34999.99999998025 92335.81319172961 -15000
  endloop
endfacet
facet normal 0 0 1
  outer loop
    vertex 8660.254037851893 45000.00000002388 -15000
    vertex 8660.254037868666 35000.00000001195 -15000
    vertex 15358.98384865748 39999.99999997293 -15000
  endloop
endfacet
facet normal 0 0 1
  outer loop
    vertex 8660.254037860726 55000.00000002206 -15000
    vertex 8660.254037851893 45000.00000002388 -15000
    vertex 15358.98384861706 50000.00000001705 -15000
  endloop
endfacet
facet normal -0 0 1
  outer loop
    vertex 8660.254037851893 45000.00000002388 -15000
    vertex 15358.98384865748 39999.99999997293 -15000
    vertex 15358.98384861706 50000.00000001705 -15000
  endloop
endfacet
facet normal 0 0 1
  outer loop
    vertex 54684.02906281613 8477.828132226377 -15000
    vertex 65289.83889292958 10058.16044006502 -15000
    vertex 58268.72022646229 16338.89105859869 -15000
  endloop
endfacet
facet normal 0 0 1
  outer loop
    vertex 44947.33817709904 8422.59029859896 -15000
    vertex 54684.02906281613 8477.828132226377 -15000
    vertex 48997.98535414294 18320.13645876371 -15000
  endloop
endfacet
facet normal 0 0 1
  outer loop
    vertex 48997.98535414294 18320.13645876371 -15000
    vertex 54684.02906281613 8477.828132226377 -15000
    vertex 58268.72022646229 16338.89105859869 -15000
  endloop
endfacet
facet normal -0 0 1
  outer loop
    vertex 82679.54148194077 39999.91416365842 -15000
    vertex 91339.74596216682 34999.99999996057 -15000
    vertex 91339.79063143797 44999.92263050061 -15000
  endloop
endfacet
facet normal 0 0 1
  outer loop
    vertex 91339.74596216682 34999.99999996057 -15000
    vertex 82679.54148194077 39999.91416365842 -15000
    vertex 82514.67257379429 29803.75606458473 -15000
  endloop
endfacet
facet normal 0 0 1
  outer loop
    vertex 91371.83489338332 25007.0622821021 -15000
    vertex 91339.74596216682 34999.99999996057 -15000
    vertex 82514.67257379429 29803.75606458473 -15000
  endloop
endfacet
facet normal 0 0 1
  outer loop
    vertex 74302.73501731607 85050.76031397746 -15000
    vertex 65092.01999018817 91114.5697928114 -15000
    vertex 65216.28070748508 80327.20996947255 -15000
  endloop
endfacet
facet normal -0 0 1
  outer loop
    vertex 65092.01999018817 91114.5697928114 -15000
    vertex 74302.73501731607 85050.76031397746 -15000
    vertex 74695.29976339817 93421.67152647482 -15000
  endloop
endfacet
facet normal 0 0 1
  outer loop
    vertex 65216.28070748508 80327.20996947255 -15000
    vertex 65092.01999018817 91114.5697928114 -15000
    vertex 55946.8564371461 85249.60444089543 -15000
  endloop
endfacet
facet normal 0 -0 1
  outer loop
    vertex 55946.8564371461 85249.60444089543 -15000
    vertex 65092.01999018817 91114.5697928114 -15000
    vertex 55000.00000004916 93474.37364685581 -15000
  endloop
endfacet
facet normal 0 0 1
  outer loop
    vertex 34999.9999999567 8660.254037835388 -15000
    vertex 30475.33749244635 18901.85627584436 -15000
    vertex 25089.11011037035 8675.295442458493 -15000
  endloop
endfacet
facet normal 0 0 1
  outer loop
    vertex 30475.33749244635 18901.85627584436 -15000
    vertex 34999.9999999567 8660.254037835388 -15000
    vertex 39927.854851043 15930.63755851876 -15000
  endloop
endfacet
facet normal -0 0 1
  outer loop
    vertex 34999.9999999567 8660.254037835388 -15000
    vertex 44947.33817709904 8422.59029859896 -15000
    vertex 39927.854851043 15930.63755851876 -15000
  endloop
endfacet
facet normal 0 0 1
  outer loop
    vertex 8660.254037834789 65000.0000000388 -15000
    vertex 8660.254037860726 55000.00000002206 -15000
    vertex 15358.98384860097 60000.00000003222 -15000
  endloop
endfacet
facet normal 0 0 1
  outer loop
    vertex 8154.625002684799 74590.01150420893 -15000
    vertex 8660.254037834789 65000.0000000388 -15000
    vertex 15358.9838485855 70000.00000003331 -15000
  endloop
endfacet
facet normal -0 0 1
  outer loop
    vertex 8660.254037834789 65000.0000000388 -15000
    vertex 15358.98384860097 60000.00000003222 -15000
    vertex 15358.9838485855 70000.00000003331 -15000
  endloop
endfacet
facet normal 0 0 1
  outer loop
    vertex 25173.76911181753 92370.16865464282 -15000
    vertex 15343.39606945132 92217.93048359282 -15000
    vertex 21157.96382946041 83922.52876173262 -15000
  endloop
endfacet
facet normal 0 0 1
  outer loop
    vertex 34999.99999998025 92335.81319172961 -15000
    vertex 25173.76911181753 92370.16865464282 -15000
    vertex 30535.66266600979 86460.00335728188 -15000
  endloop
endfacet
facet normal 0 0 1
  outer loop
    vertex 25173.76911181753 92370.16865464282 -15000
    vertex 21157.96382946041 83922.52876173262 -15000
    vertex 30535.66266600979 86460.00335728188 -15000
  endloop
endfacet
facet normal 0 -0 1
  outer loop
    vertex 91347.61045201067 64986.37830396563 -15000
    vertex 91386.93290132972 74918.26982386835 -15000
    vertex 82688.88562051841 69983.72964083846 -15000
  endloop
endfacet
facet normal 0 0 1
  outer loop
    vertex 82688.88562051841 69983.72964083846 -15000
    vertex 91386.93290132972 74918.26982386835 -15000
    vertex 82969.8176169075 80059.10765557463 -15000
  endloop
endfacet
facet normal -0 0 1
  outer loop
    vertex 82969.8176169075 80059.10765557463 -15000
    vertex 91386.93290132972 74918.26982386835 -15000
    vertex 91787.24624827305 84693.21218966393 -15000
  endloop
endfacet
facet normal 0 0 1
  outer loop
    vertex 8660.254037868666 35000.00000001195 -15000
    vertex 7959.225689649395 25402.11967674627 -15000
    vertex 15358.98384867014 29999.99999993034 -15000
  endloop
endfacet
facet normal 0 0 1
  outer loop
    vertex 7959.225689649395 25402.11967674627 -15000
    vertex 9385.434397694946 15590.66101390071 -15000
    vertex 14971.9836739728 22462.0185985506 -15000
  endloop
endfacet
facet normal 0 0 1
  outer loop
    vertex 15358.98384867014 29999.99999993034 -15000
    vertex 7959.225689649395 25402.11967674627 -15000
    vertex 14971.9836739728 22462.0185985506 -15000
  endloop
endfacet
facet normal -0 0 1
  outer loop
    vertex 65289.83889292958 10058.16044006502 -15000
    vertex 75867.25654708629 8962.961249550955 -15000
    vertex 73014.42841489305 16740.38105675782 -15000
  endloop
endfacet
facet normal 0 0 1
  outer loop
    vertex 81833.62612864404 18487.92240331584 -15000
    vertex 75867.25654708629 8962.961249550955 -15000
    vertex 85087.58804920691 8323.676569979749 -15000
  endloop
endfacet
facet normal 0 -0 1
  outer loop
    vertex 75867.25654708629 8962.961249550955 -15000
    vertex 81833.62612864404 18487.92240331584 -15000
    vertex 73014.42841489305 16740.38105675782 -15000
  endloop
endfacet
facet normal 0 0 1
  outer loop
    vertex 91532.27954945498 15042.37369278918 -15000
    vertex 91371.83489338332 25007.0622821021 -15000
    vertex 81833.62612864404 18487.92240331584 -15000
  endloop
endfacet
facet normal 0 0 1
  outer loop
    vertex 91532.27954945498 15042.37369278918 -15000
    vertex 81833.62612864404 18487.92240331584 -15000
    vertex 85087.58804920691 8323.676569979749 -15000
  endloop
endfacet
facet normal 0 0 1
  outer loop
    vertex 91532.27954945498 15042.37369278918 -15000
    vertex 85087.58804920691 8323.676569979749 -15000
    vertex 92679.49192432129 7320.508075678549 -15000
  endloop
endfacet
facet normal 0 0 1
  outer loop
    vertex 15059.32316991255 8294.9740414756 -15000
    vertex 25089.11011037035 8675.295442458493 -15000
    vertex 19999.99999997234 16194.68829959562 -15000
  endloop
endfacet
facet normal -0 0 1
  outer loop
    vertex 9385.434397694946 15590.66101390071 -15000
    vertex 15059.32316991255 8294.9740414756 -15000
    vertex 19999.99999997234 16194.68829959562 -15000
  endloop
endfacet
facet normal 0 0 1
  outer loop
    vertex 15059.32316991255 8294.9740414756 -15000
    vertex 9385.434397694946 15590.66101390071 -15000
    vertex 7320.508075678656 7320.508075678613 -15000
  endloop
endfacet
facet normal 0 -0 1
  outer loop
    vertex 82969.8176169075 80059.10765557463 -15000
    vertex 84081.74380943121 90943.02752558512 -15000
    vertex 74302.73501731607 85050.76031397746 -15000
  endloop
endfacet
facet normal 0 0 1
  outer loop
    vertex 84081.74380943121 90943.02752558512 -15000
    vertex 82969.8176169075 80059.10765557463 -15000
    vertex 91787.24624827305 84693.21218966393 -15000
  endloop
endfacet
facet normal 0 0 1
  outer loop
    vertex 74302.73501731607 85050.76031397746 -15000
    vertex 84081.74380943121 90943.02752558512 -15000
    vertex 74695.29976339817 93421.67152647482 -15000
  endloop
endfacet
facet normal -0 0 1
  outer loop
    vertex 84081.74380943121 90943.02752558512 -15000
    vertex 91787.24624827305 84693.21218966393 -15000
    vertex 92679.49192431946 92679.49192431929 -15000
  endloop
endfacet
facet normal 0 0 1
  outer loop
    vertex 9549.528281021809 84455.59454104399 -15000
    vertex 8154.625002684799 74590.01150420893 -15000
    vertex 15255.76292423785 77593.6269613824 -15000
  endloop
endfacet
facet normal 0 0 1
  outer loop
    vertex 15343.39606945132 92217.93048359282 -15000
    vertex 9549.528281021809 84455.59454104399 -15000
    vertex 21157.96382946041 83922.52876173262 -15000
  endloop
endfacet
facet normal 0 -0 1
  outer loop
    vertex 9549.528281021809 84455.59454104399 -15000
    vertex 15343.39606945132 92217.93048359282 -15000
    vertex 7320.50807568066 92679.49192431934 -15000
  endloop
endfacet
facet normal 0 0 1
  outer loop
    vertex 21157.96382946041 83922.52876173262 -15000
    vertex 9549.528281021809 84455.59454104399 -15000
    vertex 15255.76292423785 77593.6269613824 -15000
  endloop
endfacet
facet normal 0 0 1
  outer loop
    vertex 82680.80267261145 59997.72971729959 -15000
    vertex 91347.61045201067 64986.37830396563 -15000
    vertex 82688.88562051841 69983.72964083846 -15000
  endloop
endfacet
facet normal 0 -0 1
  outer loop
    vertex 82679.71038236763 49999.62161952132 -15000
    vertex 82680.80267261145 59997.72971729959 -15000
    vertex 74019.49275419535 54999.55855611139 -15000
  endloop
endfacet
facet normal 0 -0 1
  outer loop
    vertex 74019.49275419535 54999.55855611139 -15000
    vertex 82680.80267261145 59997.72971729959 -15000
    vertex 74019.23788644279 64999.99999997289 -15000
  endloop
endfacet
facet normal 0 -0 1
  outer loop
    vertex 82680.80267261145 59997.72971729959 -15000
    vertex 82688.88562051841 69983.72964083846 -15000
    vertex 74019.23788644279 64999.99999997289 -15000
  endloop
endfacet
facet normal 0 0 1
  outer loop
    vertex 82679.71038236763 49999.62161952132 -15000
    vertex 74019.49275419535 54999.55855611139 -15000
    vertex 74019.31677411028 44999.86336258624 -15000
  endloop
endfacet
facet normal 0 0 1
  outer loop
    vertex 82679.71038236763 49999.62161952132 -15000
    vertex 74019.31677411028 44999.86336258624 -15000
    vertex 82679.54148194077 39999.91416365842 -15000
  endloop
endfacet
facet normal 0 0 1
  outer loop
    vertex 82679.71038236763 49999.62161952132 -15000
    vertex 82679.54148194077 39999.91416365842 -15000
    vertex 91339.79063143797 44999.92263050061 -15000
  endloop
endfacet
facet normal 0 -0 1
  outer loop
    vertex 74019.31677411028 44999.86336258624 -15000
    vertex 74019.49275419535 54999.55855611139 -15000
    vertex 65359.03947453193 49999.90365308509 -15000
  endloop
endfacet
facet normal 0 -0 1
  outer loop
    vertex 65359.03947453193 49999.90365308509 -15000
    vertex 74019.49275419535 54999.55855611139 -15000
    vertex 65311.43281559215 59984.43274148587 -15000
  endloop
endfacet
facet normal -0 0 1
  outer loop
    vertex 65311.43281559215 59984.43274148587 -15000
    vertex 74019.49275419535 54999.55855611139 -15000
    vertex 74019.23788644279 64999.99999997289 -15000
  endloop
endfacet
facet normal 0 0 1
  outer loop
    vertex 74019.31677411028 44999.86336258624 -15000
    vertex 65359.03947453193 49999.90365308509 -15000
    vertex 65366.86151282862 39994.32894975376 -15000
  endloop
endfacet
facet normal 0 0 1
  outer loop
    vertex 82679.54148194077 39999.91416365842 -15000
    vertex 74019.31677411028 44999.86336258624 -15000
    vertex 74002.81434853145 35042.09139912338 -15000
  endloop
endfacet
facet normal 0 0 1
  outer loop
    vertex 74019.31677411028 44999.86336258624 -15000
    vertex 65366.86151282862 39994.32894975376 -15000
    vertex 74002.81434853145 35042.09139912338 -15000
  endloop
endfacet
facet normal 0 0 1
  outer loop
    vertex 65359.03947453193 49999.90365308509 -15000
    vertex 65311.43281559215 59984.43274148587 -15000
    vertex 56672.51530097269 54965.69527919152 -15000
  endloop
endfacet
facet normal 0 0 1
  outer loop
    vertex 65359.03947453193 49999.90365308509 -15000
    vertex 56672.51530097269 54965.69527919152 -15000
    vertex 56694.36999681902 44994.26648868316 -15000
  endloop
endfacet
facet normal 0 0 1
  outer loop
    vertex 65359.03947453193 49999.90365308509 -15000
    vertex 56694.36999681902 44994.26648868316 -15000
    vertex 65366.86151282862 39994.32894975376 -15000
  endloop
endfacet
facet normal 0 -0 1
  outer loop
    vertex 56672.51530097269 54965.69527919152 -15000
    vertex 65311.43281559215 59984.43274148587 -15000
    vertex 56609.96445850357 64939.47943783603 -15000
  endloop
endfacet
facet normal 0 0 1
  outer loop
    vertex 65267.66329650825 70085.98745197758 -15000
    vertex 65311.43281559215 59984.43274148587 -15000
    vertex 74019.23788644279 64999.99999997289 -15000
  endloop
endfacet
facet normal 0 0 1
  outer loop
    vertex 65311.43281559215 59984.43274148587 -15000
    vertex 65267.66329650825 70085.98745197758 -15000
    vertex 56609.96445850357 64939.47943783603 -15000
  endloop
endfacet
facet normal 0 0 1
  outer loop
    vertex 56694.36999681902 44994.26648868316 -15000
    vertex 56672.51530097269 54965.69527919152 -15000
    vertex 48033.38005233144 49993.32696127066 -15000
  endloop
endfacet
facet normal 0 -0 1
  outer loop
    vertex 48033.38005233144 49993.32696127066 -15000
    vertex 56672.51530097269 54965.69527919152 -15000
    vertex 48014.95879257933 59961.47625349718 -15000
  endloop
endfacet
facet normal -0 0 1
  outer loop
    vertex 48014.95879257933 59961.47625349718 -15000
    vertex 56672.51530097269 54965.69527919152 -15000
    vertex 56609.96445850357 64939.47943783603 -15000
  endloop
endfacet
facet normal 0 0 1
  outer loop
    vertex 56694.36999681902 44994.26648868316 -15000
    vertex 48033.38005233144 49993.32696127066 -15000
    vertex 48038.47577297642 39999.99999995087 -15000
  endloop
endfacet
facet normal 0 0 1
  outer loop
    vertex 56694.36999681902 44994.26648868316 -15000
    vertex 48038.47577297642 39999.99999995087 -15000
    vertex 56698.00317515233 34999.0444147517 -15000
  endloop
endfacet
facet normal 0 0 1
  outer loop
    vertex 56694.36999681902 44994.26648868316 -15000
    vertex 56698.00317515233 34999.0444147517 -15000
    vertex 65366.86151282862 39994.32894975376 -15000
  endloop
endfacet
facet normal 0 0 1
  outer loop
    vertex 48038.47577297642 39999.99999995087 -15000
    vertex 48033.38005233144 49993.32696127066 -15000
    vertex 39385.73570921829 44984.49867588058 -15000
  endloop
endfacet
facet normal 0 0 1
  outer loop
    vertex 48033.38005233144 49993.32696127066 -15000
    vertex 48014.95879257933 59961.47625349718 -15000
    vertex 39373.45295162422 54992.46720241113 -15000
  endloop
endfacet
facet normal 0 0 1
  outer loop
    vertex 48033.38005233144 49993.32696127066 -15000
    vertex 39373.45295162422 54992.46720241113 -15000
    vertex 39385.73570921829 44984.49867588058 -15000
  endloop
endfacet
facet normal 0 0 1
  outer loop
    vertex 56698.00317515233 34999.0444147517 -15000
    vertex 48038.47577297642 39999.99999995087 -15000
    vertex 48365.27537153919 29553.258748379 -15000
  endloop
endfacet
facet normal 0 0 1
  outer loop
    vertex 48365.27537153919 29553.258748379 -15000
    vertex 48038.47577297642 39999.99999995087 -15000
    vertex 39432.68833490388 34925.54312468407 -15000
  endloop
endfacet
facet normal 0 -0 1
  outer loop
    vertex 39432.68833490388 34925.54312468407 -15000
    vertex 48038.47577297642 39999.99999995087 -15000
    vertex 39385.73570921829 44984.49867588058 -15000
  endloop
endfacet
facet normal 0 0 1
  outer loop
    vertex 39373.45295162422 54992.46720241113 -15000
    vertex 48014.95879257933 59961.47625349718 -15000
    vertex 39428.94617910943 64896.30119838543 -15000
  endloop
endfacet
facet normal -0 0 1
  outer loop
    vertex 39428.94617910943 64896.30119838543 -15000
    vertex 48014.95879257933 59961.47625349718 -15000
    vertex 48038.47577294902 69999.9999999221 -15000
  endloop
endfacet
facet normal 0 0 1
  outer loop
    vertex 48038.47577294902 69999.9999999221 -15000
    vertex 48014.95879257933 59961.47625349718 -15000
    vertex 56609.96445850357 64939.47943783603 -15000
  endloop
endfacet
facet normal 0 -0 1
  outer loop
    vertex 39373.45295162422 54992.46720241113 -15000
    vertex 39428.94617910943 64896.30119838543 -15000
    vertex 30725.62697403437 59981.46140007413 -15000
  endloop
endfacet
facet normal 0 0 1
  outer loop
    vertex 39373.45295162422 54992.46720241113 -15000
    vertex 30725.62697403437 59981.46140007413 -15000
    vertex 30718.44944616953 49995.65476703228 -15000
  endloop
endfacet
facet normal 0 0 1
  outer loop
    vertex 39373.45295162422 54992.46720241113 -15000
    vertex 30718.44944616953 49995.65476703228 -15000
    vertex 39385.73570921829 44984.49867588058 -15000
  endloop
endfacet
facet normal 0 -0 1
  outer loop
    vertex 39428.94617910943 64896.30119838543 -15000
    vertex 48038.47577294902 69999.9999999221 -15000
    vertex 39175.90689913352 74518.95713488382 -15000
  endloop
endfacet
facet normal 0 -0 1
  outer loop
    vertex 30725.62697403437 59981.46140007413 -15000
    vertex 39428.94617910943 64896.30119838543 -15000
    vertex 30695.44009257769 69731.70879357164 -15000
  endloop
endfacet
facet normal -0 0 1
  outer loop
    vertex 30695.44009257769 69731.70879357164 -15000
    vertex 39428.94617910943 64896.30119838543 -15000
    vertex 39175.90689913352 74518.95713488382 -15000
  endloop
endfacet
facet normal 0 0 1
  outer loop
    vertex 56698.00317515233 34999.0444147517 -15000
    vertex 48365.27537153919 29553.258748379 -15000
    vertex 57012.7639737557 24838.33026195278 -15000
  endloop
endfacet
facet normal 0 0 1
  outer loop
    vertex 56698.00317515233 34999.0444147517 -15000
    vertex 57012.7639737557 24838.33026195278 -15000
    vertex 65411.20176986865 29972.89577943741 -15000
  endloop
endfacet
facet normal -0 0 1
  outer loop
    vertex 56698.00317515233 34999.0444147517 -15000
    vertex 65411.20176986865 29972.89577943741 -15000
    vertex 65366.86151282862 39994.32894975376 -15000
  endloop
endfacet
facet normal 0 0 1
  outer loop
    vertex 48365.27537153919 29553.258748379 -15000
    vertex 39432.68833490388 34925.54312468407 -15000
    vertex 39872.31651683446 24646.04358241571 -15000
  endloop
endfacet
facet normal 0 0 1
  outer loop
    vertex 57012.7639737557 24838.33026195278 -15000
    vertex 48365.27537153919 29553.258748379 -15000
    vertex 48997.98535414294 18320.13645876371 -15000
  endloop
endfacet
facet normal 0 0 1
  outer loop
    vertex 48365.27537153919 29553.258748379 -15000
    vertex 39872.31651683446 24646.04358241571 -15000
    vertex 48997.98535414294 18320.13645876371 -15000
  endloop
endfacet
facet normal 0 0 1
  outer loop
    vertex 39872.31651683446 24646.04358241571 -15000
    vertex 39432.68833490388 34925.54312468407 -15000
    vertex 30717.96769731356 29999.99999994464 -15000
  endloop
endfacet
facet normal 0 0 1
  outer loop
    vertex 30717.96769731356 29999.99999994464 -15000
    vertex 39432.68833490388 34925.54312468407 -15000
    vertex 30728.37808442372 39984.28276123264 -15000
  endloop
endfacet
facet normal 0 0 1
  outer loop
    vertex 39432.68833490388 34925.54312468407 -15000
    vertex 39385.73570921829 44984.49867588058 -15000
    vertex 30728.37808442372 39984.28276123264 -15000
  endloop
endfacet
facet normal 0 -0 1
  outer loop
    vertex 48038.47577294902 69999.9999999221 -15000
    vertex 56475.85225768344 75386.03524575182 -15000
    vertex 47378.05524299311 79921.14874707855 -15000
  endloop
endfacet
facet normal 0 0 1
  outer loop
    vertex 56475.85225768344 75386.03524575182 -15000
    vertex 48038.47577294902 69999.9999999221 -15000
    vertex 56609.96445850357 64939.47943783603 -15000
  endloop
endfacet
facet normal 0 0 1
  outer loop
    vertex 48038.47577294902 69999.9999999221 -15000
    vertex 47378.05524299311 79921.14874707855 -15000
    vertex 39175.90689913352 74518.95713488382 -15000
  endloop
endfacet
facet normal 0 0 1
  outer loop
    vertex 30725.62697403437 59981.46140007413 -15000
    vertex 30695.44009257769 69731.70879357164 -15000
    vertex 22057.7136594457 64999.99999990324 -15000
  endloop
endfacet
facet normal 0 -0 1
  outer loop
    vertex 30718.44944616953 49995.65476703228 -15000
    vertex 30725.62697403437 59981.46140007413 -15000
    vertex 22057.71365945477 54999.99999991307 -15000
  endloop
endfacet
facet normal 0 -0 1
  outer loop
    vertex 22057.71365945477 54999.99999991307 -15000
    vertex 30725.62697403437 59981.46140007413 -15000
    vertex 22057.7136594457 64999.99999990324 -15000
  endloop
endfacet
facet normal 0 -0 1
  outer loop
    vertex 22057.7136594457 64999.99999990324 -15000
    vertex 30695.44009257769 69731.70879357164 -15000
    vertex 22057.71365943674 74999.99999989316 -15000
  endloop
endfacet
facet normal -0 0 1
  outer loop
    vertex 22057.71365943674 74999.99999989316 -15000
    vertex 30695.44009257769 69731.70879357164 -15000
    vertex 30086.69316981899 78869.52981159167 -15000
  endloop
endfacet
facet normal 0 -0 1
  outer loop
    vertex 30695.44009257769 69731.70879357164 -15000
    vertex 39175.90689913352 74518.95713488382 -15000
    vertex 30086.69316981899 78869.52981159167 -15000
  endloop
endfacet
facet normal 0 0 1
  outer loop
    vertex 30718.44944616953 49995.65476703228 -15000
    vertex 22057.71365945477 54999.99999991307 -15000
    vertex 22057.71365946373 44999.99999992288 -15000
  endloop
endfacet
facet normal 0 0 1
  outer loop
    vertex 30718.44944616953 49995.65476703228 -15000
    vertex 22057.71365946373 44999.99999992288 -15000
    vertex 30728.37808442372 39984.28276123264 -15000
  endloop
endfacet
facet normal 0 0 1
  outer loop
    vertex 39385.73570921829 44984.49867588058 -15000
    vertex 30718.44944616953 49995.65476703228 -15000
    vertex 30728.37808442372 39984.28276123264 -15000
  endloop
endfacet
facet normal 0 0 1
  outer loop
    vertex 22057.71365946373 44999.99999992288 -15000
    vertex 22057.71365945477 54999.99999991307 -15000
    vertex 15358.98384861706 50000.00000001705 -15000
  endloop
endfacet
facet normal 0 0 1
  outer loop
    vertex 22057.71365945477 54999.99999991307 -15000
    vertex 22057.7136594457 64999.99999990324 -15000
    vertex 15358.98384860097 60000.00000003222 -15000
  endloop
endfacet
facet normal 0 -0 1
  outer loop
    vertex 15358.98384861706 50000.00000001705 -15000
    vertex 22057.71365945477 54999.99999991307 -15000
    vertex 15358.98384860097 60000.00000003222 -15000
  endloop
endfacet
facet normal 0 0 1
  outer loop
    vertex 65411.20176986865 29972.89577943741 -15000
    vertex 57012.7639737557 24838.33026195278 -15000
    vertex 65358.98384866711 19999.99999998557 -15000
  endloop
endfacet
facet normal 0 0 1
  outer loop
    vertex 65358.98384866711 19999.99999998557 -15000
    vertex 57012.7639737557 24838.33026195278 -15000
    vertex 58268.72022646229 16338.89105859869 -15000
  endloop
endfacet
facet normal 0 0 1
  outer loop
    vertex 57012.7639737557 24838.33026195278 -15000
    vertex 48997.98535414294 18320.13645876371 -15000
    vertex 58268.72022646229 16338.89105859869 -15000
  endloop
endfacet
facet normal 0 0 1
  outer loop
    vertex 65411.20176986865 29972.89577943741 -15000
    vertex 65358.98384866711 19999.99999998557 -15000
    vertex 73860.47262809941 25285.54613934807 -15000
  endloop
endfacet
facet normal -0 0 1
  outer loop
    vertex 65411.20176986865 29972.89577943741 -15000
    vertex 73860.47262809941 25285.54613934807 -15000
    vertex 74002.81434853145 35042.09139912338 -15000
  endloop
endfacet
facet normal 0 0 1
  outer loop
    vertex 65366.86151282862 39994.32894975376 -15000
    vertex 65411.20176986865 29972.89577943741 -15000
    vertex 74002.81434853145 35042.09139912338 -15000
  endloop
endfacet
facet normal 0 0 1
  outer loop
    vertex 39872.31651683446 24646.04358241571 -15000
    vertex 30717.96769731356 29999.99999994464 -15000
    vertex 30475.33749244635 18901.85627584436 -15000
  endloop
endfacet
facet normal 0 0 1
  outer loop
    vertex 39872.31651683446 24646.04358241571 -15000
    vertex 30475.33749244635 18901.85627584436 -15000
    vertex 39927.854851043 15930.63755851876 -15000
  endloop
endfacet
facet normal 0 0 1
  outer loop
    vertex 48997.98535414294 18320.13645876371 -15000
    vertex 39872.31651683446 24646.04358241571 -15000
    vertex 39927.854851043 15930.63755851876 -15000
  endloop
endfacet
facet normal 0 -0 1
  outer loop
    vertex 30475.33749244635 18901.85627584436 -15000
    vertex 30717.96769731356 29999.99999994464 -15000
    vertex 22156.27443387718 25122.62400258007 -15000
  endloop
endfacet
facet normal 0 -0 1
  outer loop
    vertex 22156.27443387718 25122.62400258007 -15000
    vertex 30717.96769731356 29999.99999994464 -15000
    vertex 22057.71365947339 34999.99999993142 -15000
  endloop
endfacet
facet normal -0 0 1
  outer loop
    vertex 22057.71365947339 34999.99999993142 -15000
    vertex 30717.96769731356 29999.99999994464 -15000
    vertex 30728.37808442372 39984.28276123264 -15000
  endloop
endfacet
facet normal 0 0 1
  outer loop
    vertex 73860.47262809941 25285.54613934807 -15000
    vertex 65358.98384866711 19999.99999998557 -15000
    vertex 73014.42841489305 16740.38105675782 -15000
  endloop
endfacet
facet normal 0 0 1
  outer loop
    vertex 65358.98384866711 19999.99999998557 -15000
    vertex 65289.83889292958 10058.16044006502 -15000
    vertex 73014.42841489305 16740.38105675782 -15000
  endloop
endfacet
facet normal 0 -0 1
  outer loop
    vertex 65289.83889292958 10058.16044006502 -15000
    vertex 65358.98384866711 19999.99999998557 -15000
    vertex 58268.72022646229 16338.89105859869 -15000
  endloop
endfacet
facet normal -0 0 1
  outer loop
    vertex 73860.47262809941 25285.54613934807 -15000
    vertex 81833.62612864404 18487.92240331584 -15000
    vertex 82514.67257379429 29803.75606458473 -15000
  endloop
endfacet
facet normal 0 0 1
  outer loop
    vertex 81833.62612864404 18487.92240331584 -15000
    vertex 73860.47262809941 25285.54613934807 -15000
    vertex 73014.42841489305 16740.38105675782 -15000
  endloop
endfacet
facet normal 0 0 1
  outer loop
    vertex 74002.81434853145 35042.09139912338 -15000
    vertex 73860.47262809941 25285.54613934807 -15000
    vertex 82514.67257379429 29803.75606458473 -15000
  endloop
endfacet
facet normal 0 0 1
  outer loop
    vertex 22057.71365946373 44999.99999992288 -15000
    vertex 22057.71365947339 34999.99999993142 -15000
    vertex 30728.37808442372 39984.28276123264 -15000
  endloop
endfacet
facet normal 0 0 1
  outer loop
    vertex 22057.71365947339 34999.99999993142 -15000
    vertex 22057.71365946373 44999.99999992288 -15000
    vertex 15358.98384865748 39999.99999997293 -15000
  endloop
endfacet
facet normal 0 -0 1
  outer loop
    vertex 15358.98384865748 39999.99999997293 -15000
    vertex 22057.71365946373 44999.99999992288 -15000
    vertex 15358.98384861706 50000.00000001705 -15000
  endloop
endfacet
facet normal 0 0 1
  outer loop
    vertex 30475.33749244635 18901.85627584436 -15000
    vertex 22156.27443387718 25122.62400258007 -15000
    vertex 19999.99999997234 16194.68829959562 -15000
  endloop
endfacet
facet normal 0 -0 1
  outer loop
    vertex 25089.11011037035 8675.295442458493 -15000
    vertex 30475.33749244635 18901.85627584436 -15000
    vertex 19999.99999997234 16194.68829959562 -15000
  endloop
endfacet
facet normal 0 0 1
  outer loop
    vertex 22156.27443387718 25122.62400258007 -15000
    vertex 22057.71365947339 34999.99999993142 -15000
    vertex 15358.98384867014 29999.99999993034 -15000
  endloop
endfacet
facet normal 0 -0 1
  outer loop
    vertex 19999.99999997234 16194.68829959562 -15000
    vertex 22156.27443387718 25122.62400258007 -15000
    vertex 14971.9836739728 22462.0185985506 -15000
  endloop
endfacet
facet normal 0 0 1
  outer loop
    vertex 22156.27443387718 25122.62400258007 -15000
    vertex 15358.98384867014 29999.99999993034 -15000
    vertex 14971.9836739728 22462.0185985506 -15000
  endloop
endfacet
facet normal 0 -0 1
  outer loop
    vertex 82688.88562051841 69983.72964083846 -15000
    vertex 82969.8176169075 80059.10765557463 -15000
    vertex 73994.23795286739 75008.41147443137 -15000
  endloop
endfacet
facet normal 0 0 1
  outer loop
    vertex 82688.88562051841 69983.72964083846 -15000
    vertex 73994.23795286739 75008.41147443137 -15000
    vertex 74019.23788644279 64999.99999997289 -15000
  endloop
endfacet
facet normal 0 0 1
  outer loop
    vertex 73994.23795286739 75008.41147443137 -15000
    vertex 82969.8176169075 80059.10765557463 -15000
    vertex 74302.73501731607 85050.76031397746 -15000
  endloop
endfacet
facet normal 0 -0 1
  outer loop
    vertex 73994.23795286739 75008.41147443137 -15000
    vertex 74302.73501731607 85050.76031397746 -15000
    vertex 65216.28070748508 80327.20996947255 -15000
  endloop
endfacet
facet normal 0 0 1
  outer loop
    vertex 73994.23795286739 75008.41147443137 -15000
    vertex 65216.28070748508 80327.20996947255 -15000
    vertex 65267.66329650825 70085.98745197758 -15000
  endloop
endfacet
facet normal 0 0 1
  outer loop
    vertex 73994.23795286739 75008.41147443137 -15000
    vertex 65267.66329650825 70085.98745197758 -15000
    vertex 74019.23788644279 64999.99999997289 -15000
  endloop
endfacet
facet normal 0 0 1
  outer loop
    vertex 65216.28070748508 80327.20996947255 -15000
    vertex 55946.8564371461 85249.60444089543 -15000
    vertex 56475.85225768344 75386.03524575182 -15000
  endloop
endfacet
facet normal 0 0 1
  outer loop
    vertex 65216.28070748508 80327.20996947255 -15000
    vertex 56475.85225768344 75386.03524575182 -15000
    vertex 65267.66329650825 70085.98745197758 -15000
  endloop
endfacet
facet normal 0 0 1
  outer loop
    vertex 56475.85225768344 75386.03524575182 -15000
    vertex 55946.8564371461 85249.60444089543 -15000
    vertex 47378.05524299311 79921.14874707855 -15000
  endloop
endfacet
facet normal 0 0 1
  outer loop
    vertex 65267.66329650825 70085.98745197758 -15000
    vertex 56475.85225768344 75386.03524575182 -15000
    vertex 56609.96445850357 64939.47943783603 -15000
  endloop
endfacet
facet normal 0 0 1
  outer loop
    vertex 47378.05524299311 79921.14874707855 -15000
    vertex 38038.86475353507 83704.18180236853 -15000
    vertex 39175.90689913352 74518.95713488382 -15000
  endloop
endfacet
facet normal 0 0 1
  outer loop
    vertex 39175.90689913352 74518.95713488382 -15000
    vertex 38038.86475353507 83704.18180236853 -15000
    vertex 30086.69316981899 78869.52981159167 -15000
  endloop
endfacet
facet normal 0 0 1
  outer loop
    vertex 38038.86475353507 83704.18180236853 -15000
    vertex 34999.99999998025 92335.81319172961 -15000
    vertex 30535.66266600979 86460.00335728188 -15000
  endloop
endfacet
facet normal 0 0 1
  outer loop
    vertex 30086.69316981899 78869.52981159167 -15000
    vertex 38038.86475353507 83704.18180236853 -15000
    vertex 30535.66266600979 86460.00335728188 -15000
  endloop
endfacet
facet normal -0 0 1
  outer loop
    vertex 8660.254037868666 35000.00000001195 -15000
    vertex 15358.98384867014 29999.99999993034 -15000
    vertex 15358.98384865748 39999.99999997293 -15000
  endloop
endfacet
facet normal 0 -0 1
  outer loop
    vertex 44947.33817709904 8422.59029859896 -15000
    vertex 48997.98535414294 18320.13645876371 -15000
    vertex 39927.854851043 15930.63755851876 -15000
  endloop
endfacet
facet normal -0 0 1
  outer loop
    vertex 8660.254037860726 55000.00000002206 -15000
    vertex 15358.98384861706 50000.00000001705 -15000
    vertex 15358.98384860097 60000.00000003222 -15000
  endloop
endfacet
facet normal 0 0 1
  outer loop
    vertex 82679.54148194077 39999.91416365842 -15000
    vertex 74002.81434853145 35042.09139912338 -15000
    vertex 82514.67257379429 29803.75606458473 -15000
  endloop
endfacet
facet normal 0 -0 1
  outer loop
    vertex 15358.98384867014 29999.99999993034 -15000
    vertex 22057.71365947339 34999.99999993142 -15000
    vertex 15358.98384865748 39999.99999997293 -15000
  endloop
endfacet
facet normal 0 0 1
  outer loop
    vertex 81833.62612864404 18487.92240331584 -15000
    vertex 91371.83489338332 25007.0622821021 -15000
    vertex 82514.67257379429 29803.75606458473 -15000
  endloop
endfacet
facet normal 0 0 1
  outer loop
    vertex 22057.7136594457 64999.99999990324 -15000
    vertex 22057.71365943674 74999.99999989316 -15000
    vertex 15358.9838485855 70000.00000003331 -15000
  endloop
endfacet
facet normal 0 -0 1
  outer loop
    vertex 15358.98384860097 60000.00000003222 -15000
    vertex 22057.7136594457 64999.99999990324 -15000
    vertex 15358.9838485855 70000.00000003331 -15000
  endloop
endfacet
facet normal 0 -0 1
  outer loop
    vertex 22057.71365943674 74999.99999989316 -15000
    vertex 30086.69316981899 78869.52981159167 -15000
    vertex 21157.96382946041 83922.52876173262 -15000
  endloop
endfacet
facet normal 0 0 1
  outer loop
    vertex 22057.71365943674 74999.99999989316 -15000
    vertex 21157.96382946041 83922.52876173262 -15000
    vertex 15255.76292423785 77593.6269613824 -15000
  endloop
endfacet
facet normal 0 -0 1
  outer loop
    vertex 15358.9838485855 70000.00000003331 -15000
    vertex 22057.71365943674 74999.99999989316 -15000
    vertex 15255.76292423785 77593.6269613824 -15000
  endloop
endfacet
facet normal -0 0 1
  outer loop
    vertex 8154.625002684799 74590.01150420893 -15000
    vertex 15358.9838485855 70000.00000003331 -15000
    vertex 15255.76292423785 77593.6269613824 -15000
  endloop
endfacet
facet normal 0 0 1
  outer loop
    vertex 9385.434397694946 15590.66101390071 -15000
    vertex 19999.99999997234 16194.68829959562 -15000
    vertex 14971.9836739728 22462.0185985506 -15000
  endloop
endfacet
facet normal -0 0 1
  outer loop
    vertex 21157.96382946041 83922.52876173262 -15000
    vertex 30086.69316981899 78869.52981159167 -15000
    vertex 30535.66266600979 86460.00335728188 -15000
  endloop
endfacet
facet normal -0 -1 0
  outer loop
    vertex 1063.258889399056 0 603.9243218102672
    vertex 0 0 722.7210083007812
    vertex 0 0 -1688.29568334187
  endloop
endfacet
facet normal 0 -1 -0
  outer loop
    vertex 100000 0 -2259.22998046875
    vertex 94112.48111817411 0 -7640.424832356662
    vertex 100000 0 -8629.614990234375
  endloop
endfacet
facet normal 0 -1 0
  outer loop
    vertex 92266.65384396732 0 -2237.880497352403
    vertex 94112.48111817411 0 -7640.424832356662
    vertex 100000 0 -2259.22998046875
  endloop
endfacet
facet normal 0 -1 0
  outer loop
    vertex 9999.999999989075 0 -15000
    vertex 3607.034295016381 0 -9045.504084612729
    vertex 0 0 -15000
  endloop
endfacet
facet normal 0 -1 0
  outer loop
    vertex 0 0 -15000
    vertex 3607.034295016381 0 -9045.504084612729
    vertex 0 0 -9941.742446859953
  endloop
endfacet
facet normal 0 -1 0
  outer loop
    vertex 100000 0 -15000
    vertex 96028.12027954611 0 -11567.50995564776
    vertex 90000.00000001039 0 -15000
  endloop
endfacet
facet normal 0 -1 -0
  outer loop
    vertex 100000 0 -8629.614990234375
    vertex 96028.12027954611 0 -11567.50995564776
    vertex 100000 0 -15000
  endloop
endfacet
facet normal 0 -1 0
  outer loop
    vertex 19999.99999997229 0 -15000
    vertex 11603.01374054849 0 -8901.01584468787
    vertex 9999.999999989075 0 -15000
  endloop
endfacet
facet normal 0 -1 0
  outer loop
    vertex 9999.999999989075 0 -15000
    vertex 7859.792835924472 0 -8460.265438655217
    vertex 3607.034295016381 0 -9045.504084612729
  endloop
endfacet
facet normal -0 -1 0
  outer loop
    vertex 11603.01374054849 0 -8901.01584468787
    vertex 7859.792835924472 0 -8460.265438655217
    vertex 9999.999999989075 0 -15000
  endloop
endfacet
facet normal 0 -1 0
  outer loop
    vertex 29999.99999996189 0 -15000
    vertex 23059.1283537297 0 -9372.311635005633
    vertex 19999.99999997229 0 -15000
  endloop
endfacet
facet normal 0 -1 -0
  outer loop
    vertex 17183.08619797323 0 -7014.305065017412
    vertex 11603.01374054849 0 -8901.01584468787
    vertex 19999.99999997229 0 -15000
  endloop
endfacet
facet normal 0 -1 0
  outer loop
    vertex 19999.99999997229 0 -15000
    vertex 23059.1283537297 0 -9372.311635005633
    vertex 17183.08619797323 0 -7014.305065017412
  endloop
endfacet
facet normal 0 -1 0
  outer loop
    vertex 39999.99999995151 0 -15000
    vertex 33315.02697204297 0 -10181.72999452161
    vertex 29999.99999996189 0 -15000
  endloop
endfacet
facet normal 0 -1 0
  outer loop
    vertex 29999.99999996189 0 -15000
    vertex 33315.02697204297 0 -10181.72999452161
    vertex 28268.02868262276 0 -7949.80570507401
  endloop
endfacet
facet normal 0 -1 -0
  outer loop
    vertex 28268.02868262276 0 -7949.80570507401
    vertex 23059.1283537297 0 -9372.311635005633
    vertex 29999.99999996189 0 -15000
  endloop
endfacet
facet normal 0 -1 0
  outer loop
    vertex 49999.99999994253 0 -15000
    vertex 44631.09475127581 0 -9036.039813488251
    vertex 39999.99999995151 0 -15000
  endloop
endfacet
facet normal 0 -1 0
  outer loop
    vertex 44631.09475127581 0 -9036.039813488251
    vertex 38497.84205060492 0 -9948.061774287118
    vertex 39999.99999995151 0 -15000
  endloop
endfacet
facet normal 0 -1 0
  outer loop
    vertex 39999.99999995151 0 -15000
    vertex 38497.84205060492 0 -9948.061774287118
    vertex 33315.02697204297 0 -10181.72999452161
  endloop
endfacet
facet normal 0 -1 0
  outer loop
    vertex 60000.00000000347 0 -15000
    vertex 51716.53267379884 0 -8438.046021458453
    vertex 49999.99999994253 0 -15000
  endloop
endfacet
facet normal 0 -1 0
  outer loop
    vertex 49999.99999994253 0 -15000
    vertex 51716.53267379884 0 -8438.046021458453
    vertex 44631.09475127581 0 -9036.039813488251
  endloop
endfacet
facet normal 0 -1 0
  outer loop
    vertex 70000.00000003117 0 -15000
    vertex 62849.19022603754 0 -8191.653473840057
    vertex 60000.00000000347 0 -15000
  endloop
endfacet
facet normal 0 -1 -0
  outer loop
    vertex 57876.37956932068 0 -7726.74863583273
    vertex 51716.53267379884 0 -8438.046021458453
    vertex 60000.00000000347 0 -15000
  endloop
endfacet
facet normal 0 -1 0
  outer loop
    vertex 60000.00000000347 0 -15000
    vertex 62849.19022603754 0 -8191.653473840057
    vertex 57876.37956932068 0 -7726.74863583273
  endloop
endfacet
facet normal 0 -1 0
  outer loop
    vertex 80000.00000002078 0 -15000
    vertex 73887.52600957293 0 -10152.44405421655
    vertex 70000.00000003117 0 -15000
  endloop
endfacet
facet normal -0 -1 0
  outer loop
    vertex 73887.52600957293 0 -10152.44405421655
    vertex 69007.90332641671 0 -7592.098630405992
    vertex 70000.00000003117 0 -15000
  endloop
endfacet
facet normal 0 -1 -0
  outer loop
    vertex 69007.90332641671 0 -7592.098630405992
    vertex 62849.19022603754 0 -8191.653473840057
    vertex 70000.00000003117 0 -15000
  endloop
endfacet
facet normal 0 -1 0
  outer loop
    vertex 90000.00000001039 0 -15000
    vertex 84645.97805474699 0 -10469.02370373852
    vertex 80000.00000002078 0 -15000
  endloop
endfacet
facet normal 0 -1 0
  outer loop
    vertex 80000.00000002078 0 -15000
    vertex 78470.39014707788 0 -7008.983621600418
    vertex 73887.52600957293 0 -10152.44405421655
  endloop
endfacet
facet normal -0 -1 0
  outer loop
    vertex 84645.97805474699 0 -10469.02370373852
    vertex 78470.39014707788 0 -7008.983621600418
    vertex 80000.00000002078 0 -15000
  endloop
endfacet
facet normal 0 -1 0
  outer loop
    vertex 90000.00000001039 0 -15000
    vertex 94112.48111817411 0 -7640.424832356662
    vertex 88678.16874142161 0 -7217.887875476192
  endloop
endfacet
facet normal 0 -1 -0
  outer loop
    vertex 88678.16874142161 0 -7217.887875476192
    vertex 84645.97805474699 0 -10469.02370373852
    vertex 90000.00000001039 0 -15000
  endloop
endfacet
facet normal 0 -1 0
  outer loop
    vertex 90000.00000001039 0 -15000
    vertex 96028.12027954611 0 -11567.50995564776
    vertex 94112.48111817411 0 -7640.424832356662
  endloop
endfacet
facet normal 0 -1 0
  outer loop
    vertex 94112.48111817411 0 -7640.424832356662
    vertex 96028.12027954611 0 -11567.50995564776
    vertex 100000 0 -8629.614990234375
  endloop
endfacet
facet normal 0 -1 0
  outer loop
    vertex 0 0 -9941.742446859953
    vertex 3607.034295016381 0 -9045.504084612729
    vertex 0 0 -6274.378084460526
  endloop
endfacet
facet normal 0 -1 0
  outer loop
    vertex 0 0 -6274.378084460526
    vertex 2525.754582648792 0 -4412.920411184997
    vertex 0 0 -1688.29568334187
  endloop
endfacet
facet normal 0 -1 0
  outer loop
    vertex 3607.034295016381 0 -9045.504084612729
    vertex 2525.754582648792 0 -4412.920411184997
    vertex 0 0 -6274.378084460526
  endloop
endfacet
facet normal 0 -1 0
  outer loop
    vertex 0 0 -1688.29568334187
    vertex 1840.715019605246 0 -746.5454575124442
    vertex 1063.258889399056 0 603.9243218102672
  endloop
endfacet
facet normal 0 -1 0
  outer loop
    vertex 2525.754582648792 0 -4412.920411184997
    vertex 2375.299810077593 0 -2116.632986432888
    vertex 0 0 -1688.29568334187
  endloop
endfacet
facet normal 0 -1 0
  outer loop
    vertex 0 0 -1688.29568334187
    vertex 2375.299810077593 0 -2116.632986432888
    vertex 1840.715019605246 0 -746.5454575124442
  endloop
endfacet
facet normal 0 -1 0
  outer loop
    vertex 1063.258889399056 0 603.9243218102672
    vertex 1840.715019605246 0 -746.5454575124442
    vertex 2546.645716944432 0 487.2693073738083
  endloop
endfacet
facet normal 0 -1 0
  outer loop
    vertex 2546.645716944432 0 487.2693073738083
    vertex 3365.601060613571 0 -902.6845601946104
    vertex 4233.909660736505 0 456.9844377034782
  endloop
endfacet
facet normal 0 -1 -0
  outer loop
    vertex 2546.645716944432 0 487.2693073738083
    vertex 1840.715019605246 0 -746.5454575124442
    vertex 3365.601060613571 0 -902.6845601946104
  endloop
endfacet
facet normal 0 -1 0
  outer loop
    vertex 4233.909660736505 0 456.9844377034782
    vertex 5181.357151667991 0 -1105.165329828566
    vertex 6343.073778208513 0 573.1391255257088
  endloop
endfacet
facet normal 0 -1 0
  outer loop
    vertex 3365.601060613571 0 -902.6845601946104
    vertex 5181.357151667991 0 -1105.165329828566
    vertex 4233.909660736505 0 456.9844377034782
  endloop
endfacet
facet normal 0 -1 0
  outer loop
    vertex 6343.073778208513 0 573.1391255257088
    vertex 7456.832812792737 0 -1337.927341690161
    vertex 8614.168051365215 0 547.0685136881243
  endloop
endfacet
facet normal 0 -1 -0
  outer loop
    vertex 6343.073778208513 0 573.1391255257088
    vertex 5181.357151667991 0 -1105.165329828566
    vertex 7456.832812792737 0 -1337.927341690161
  endloop
endfacet
facet normal 0 -1 0
  outer loop
    vertex 8614.168051365215 0 547.0685136881243
    vertex 9454.589138844 0 -1283.462303250605
    vertex 10942.73067371421 0 503.5853726703065
  endloop
endfacet
facet normal 0 -1 0
  outer loop
    vertex 7456.832812792737 0 -1337.927341690161
    vertex 9454.589138844 0 -1283.462303250605
    vertex 8614.168051365215 0 547.0685136881243
  endloop
endfacet
facet normal 0 -1 0
  outer loop
    vertex 10942.73067371421 0 503.5853726703065
    vertex 11781.46810833981 0 -2096.743026435385
    vertex 13629.80934380481 0 262.8666199617244
  endloop
endfacet
facet normal 0 -1 -0
  outer loop
    vertex 10942.73067371421 0 503.5853726703065
    vertex 9454.589138844 0 -1283.462303250605
    vertex 11781.46810833981 0 -2096.743026435385
  endloop
endfacet
facet normal 0 -1 0
  outer loop
    vertex 13629.80934380481 0 262.8666199617244
    vertex 15115.76737455963 0 -2740.333328633696
    vertex 16710.49882529629 0 174.8134857352073
  endloop
endfacet
facet normal 0 -1 0
  outer loop
    vertex 11781.46810833981 0 -2096.743026435385
    vertex 15115.76737455963 0 -2740.333328633696
    vertex 13629.80934380481 0 262.8666199617244
  endloop
endfacet
facet normal 0 -1 0
  outer loop
    vertex 16710.49882529629 0 174.8134857352073
    vertex 18527.21634582756 0 -2291.137624016671
    vertex 20278.15482759557 0 221.9465087086516
  endloop
endfacet
facet normal 0 -1 -0
  outer loop
    vertex 16710.49882529629 0 174.8134857352073
    vertex 15115.76737455963 0 -2740.333328633696
    vertex 18527.21634582756 0 -2291.137624016671
  endloop
endfacet
facet normal 0 -1 0
  outer loop
    vertex 20278.15482759557 0 221.9465087086516
    vertex 21799.51313006271 0 -2048.517205031506
    vertex 22940.12469405044 0 398.9593099593865
  endloop
endfacet
facet normal 0 -1 -0
  outer loop
    vertex 20278.15482759557 0 221.9465087086516
    vertex 18527.21634582756 0 -2291.137624016671
    vertex 21799.51313006271 0 -2048.517205031506
  endloop
endfacet
facet normal 0 -1 0
  outer loop
    vertex 22940.12469405044 0 398.9593099593865
    vertex 24014.08779479112 0 -1462.478664913999
    vertex 25022.06627789359 0 401.5558187754279
  endloop
endfacet
facet normal 0 -1 0
  outer loop
    vertex 21799.51313006271 0 -2048.517205031506
    vertex 24014.08779479112 0 -1462.478664913999
    vertex 22940.12469405044 0 398.9593099593865
  endloop
endfacet
facet normal 0 -1 0
  outer loop
    vertex 25022.06627789359 0 401.5558187754279
    vertex 25891.53977614717 0 -1606.903566005464
    vertex 26677.46853522496 0 365.6229066495846
  endloop
endfacet
facet normal 0 -1 -0
  outer loop
    vertex 25022.06627789359 0 401.5558187754279
    vertex 24014.08779479112 0 -1462.478664913999
    vertex 25891.53977614717 0 -1606.903566005464
  endloop
endfacet
facet normal 0 -1 0
  outer loop
    vertex 26677.46853522496 0 365.6229066495846
    vertex 27428.81568555653 0 -1062.745887807886
    vertex 28022.23983555326 0 438.1231043069776
  endloop
endfacet
facet normal 0 -1 0
  outer loop
    vertex 25891.53977614717 0 -1606.903566005464
    vertex 27428.81568555653 0 -1062.745887807886
    vertex 26677.46853522496 0 365.6229066495846
  endloop
endfacet
facet normal 0 -1 0
  outer loop
    vertex 28022.23983555326 0 438.1231043069776
    vertex 28884.04594183312 0 -770.3744676036197
    vertex 29574.81297576682 0 543.4052136844659
  endloop
endfacet
facet normal 0 -1 0
  outer loop
    vertex 27428.81568555653 0 -1062.745887807886
    vertex 28884.04594183312 0 -770.3744676036197
    vertex 28022.23983555326 0 438.1231043069776
  endloop
endfacet
facet normal 0 -1 0
  outer loop
    vertex 29574.81297576682 0 543.4052136844659
    vertex 30347.53830369466 0 -1686.246553564963
    vertex 31377.24033025896 0 432.2341355337283
  endloop
endfacet
facet normal 0 -1 -0
  outer loop
    vertex 29574.81297576682 0 543.4052136844659
    vertex 28884.04594183312 0 -770.3744676036197
    vertex 30347.53830369466 0 -1686.246553564963
  endloop
endfacet
facet normal 0 -1 0
  outer loop
    vertex 31377.24033025896 0 432.2341355337283
    vertex 32485.391863684 0 -1641.852467883907
    vertex 33880.9682570024 0 268.6463336674631
  endloop
endfacet
facet normal 0 -1 0
  outer loop
    vertex 30347.53830369466 0 -1686.246553564963
    vertex 32485.391863684 0 -1641.852467883907
    vertex 31377.24033025896 0 432.2341355337283
  endloop
endfacet
facet normal 0 -1 0
  outer loop
    vertex 33880.9682570024 0 268.6463336674631
    vertex 35061.26495953593 0 -2511.612037797914
    vertex 37028.05931055482 0 118.6933085017887
  endloop
endfacet
facet normal 0 -1 -0
  outer loop
    vertex 33880.9682570024 0 268.6463336674631
    vertex 32485.391863684 0 -1641.852467883907
    vertex 35061.26495953593 0 -2511.612037797914
  endloop
endfacet
facet normal 0 -1 0
  outer loop
    vertex 37028.05931055482 0 118.6933085017887
    vertex 38927.92598242264 0 -3034.582524367379
    vertex 41344.78321239023 0 71.60755515752622
  endloop
endfacet
facet normal 0 -1 0
  outer loop
    vertex 35061.26495953593 0 -2511.612037797914
    vertex 38927.92598242264 0 -3034.582524367379
    vertex 37028.05931055482 0 118.6933085017887
  endloop
endfacet
facet normal 0 -1 0
  outer loop
    vertex 41344.78321239023 0 71.60755515752622
    vertex 43599.55659393707 0 -3578.019162434392
    vertex 46415.57391160219 0 39.21018198968037
  endloop
endfacet
facet normal 0 -1 -0
  outer loop
    vertex 41344.78321239023 0 71.60755515752622
    vertex 38927.92598242264 0 -3034.582524367379
    vertex 43599.55659393707 0 -3578.019162434392
  endloop
endfacet
facet normal 0 -1 0
  outer loop
    vertex 46415.57391160219 0 39.21018198968037
    vertex 48285.7724734962 0 -4017.080881611364
    vertex 50144.67206765841 0 168.3468009821245
  endloop
endfacet
facet normal 0 -1 0
  outer loop
    vertex 43599.55659393707 0 -3578.019162434392
    vertex 48285.7724734962 0 -4017.080881611364
    vertex 46415.57391160219 0 39.21018198968037
  endloop
endfacet
facet normal 0 -1 0
  outer loop
    vertex 50144.67206765841 0 168.3468009821245
    vertex 51818.28168520024 0 -3153.985601246525
    vertex 53635.20014759075 0 186.8869194395242
  endloop
endfacet
facet normal 0 -1 0
  outer loop
    vertex 48285.7724734962 0 -4017.080881611364
    vertex 51818.28168520024 0 -3153.985601246525
    vertex 50144.67206765841 0 168.3468009821245
  endloop
endfacet
facet normal 0 -1 0
  outer loop
    vertex 53635.20014759075 0 186.8869194395242
    vertex 55309.23106345703 0 -3670.034823584458
    vertex 57534.74721683247 0 166.7774357366156
  endloop
endfacet
facet normal 0 -1 -0
  outer loop
    vertex 53635.20014759075 0 186.8869194395242
    vertex 51818.28168520024 0 -3153.985601246525
    vertex 55309.23106345703 0 -3670.034823584458
  endloop
endfacet
facet normal 0 -1 0
  outer loop
    vertex 57534.74721683247 0 166.7774357366156
    vertex 59988.275382969 0 -3666.218467178772
    vertex 62640.26016277158 0 105.2947541478503
  endloop
endfacet
facet normal 0 -1 0
  outer loop
    vertex 55309.23106345703 0 -3670.034823584458
    vertex 59988.275382969 0 -3666.218467178772
    vertex 57534.74721683247 0 166.7774357366156
  endloop
endfacet
facet normal 0 -1 0
  outer loop
    vertex 62640.26016277158 0 105.2947541478503
    vertex 65259.23588995219 0 -3641.096436204447
    vertex 67936.52283541723 0 63.84828974664187
  endloop
endfacet
facet normal 0 -1 -0
  outer loop
    vertex 62640.26016277158 0 105.2947541478503
    vertex 59988.275382969 0 -3666.218467178772
    vertex 65259.23588995219 0 -3641.096436204447
  endloop
endfacet
facet normal 0 -1 0
  outer loop
    vertex 67936.52283541723 0 63.84828974664187
    vertex 69762.59605536018 0 -2857.36942293559
    vertex 71721.05881601843 0 -23.20641693255253
  endloop
endfacet
facet normal 0 -1 -0
  outer loop
    vertex 67936.52283541723 0 63.84828974664187
    vertex 65259.23588995219 0 -3641.096436204447
    vertex 69762.59605536018 0 -2857.36942293559
  endloop
endfacet
facet normal 0 -1 0
  outer loop
    vertex 71721.05881601843 0 -23.20641693255253
    vertex 72938.64118095049 0 -2402.816163908266
    vertex 74580.17947395243 0 -150.705995108699
  endloop
endfacet
facet normal 0 -1 0
  outer loop
    vertex 69762.59605536018 0 -2857.36942293559
    vertex 72938.64118095049 0 -2402.816163908266
    vertex 71721.05881601843 0 -23.20641693255253
  endloop
endfacet
facet normal 0 -1 0
  outer loop
    vertex 74580.17947395243 0 -150.705995108699
    vertex 75668.46607316218 0 -3146.259482805887
    vertex 77190.43969166437 0 -580.9901335643103
  endloop
endfacet
facet normal 0 -1 -0
  outer loop
    vertex 74580.17947395243 0 -150.705995108699
    vertex 72938.64118095049 0 -2402.816163908266
    vertex 75668.46607316218 0 -3146.259482805887
  endloop
endfacet
facet normal 0 -1 0
  outer loop
    vertex 77190.43969166437 0 -580.9901335643103
    vertex 78360.85578145766 0 -3139.170241880416
    vertex 79969.53175858474 0 -1325.774811496282
  endloop
endfacet
facet normal 0 -1 0
  outer loop
    vertex 75668.46607316218 0 -3146.259482805887
    vertex 78360.85578145766 0 -3139.170241880416
    vertex 77190.43969166437 0 -580.9901335643103
  endloop
endfacet
facet normal 0 -1 0
  outer loop
    vertex 79969.53175858474 0 -1325.774811496282
    vertex 80600.58880980776 0 -3661.251739773265
    vertex 82821.09070749818 0 -1723.668379433404
  endloop
endfacet
facet normal 0 -1 -0
  outer loop
    vertex 79969.53175858474 0 -1325.774811496282
    vertex 78360.85578145766 0 -3139.170241880416
    vertex 80600.58880980776 0 -3661.251739773265
  endloop
endfacet
facet normal 0 -1 0
  outer loop
    vertex 82821.09070749818 0 -1723.668379433404
    vertex 83801.54438128613 0 -5290.254012373191
    vertex 86747.57909681844 0 -2074.868875977859
  endloop
endfacet
facet normal 0 -1 -0
  outer loop
    vertex 82821.09070749818 0 -1723.668379433404
    vertex 80600.58880980776 0 -3661.251739773265
    vertex 83801.54438128613 0 -5290.254012373191
  endloop
endfacet
facet normal 0 -1 0
  outer loop
    vertex 86747.57909681844 0 -2074.868875977859
    vertex 88678.16874142161 0 -7217.887875476192
    vertex 92266.65384396732 0 -2237.880497352403
  endloop
endfacet
facet normal 0 -1 0
  outer loop
    vertex 83801.54438128613 0 -5290.254012373191
    vertex 88678.16874142161 0 -7217.887875476192
    vertex 86747.57909681844 0 -2074.868875977859
  endloop
endfacet
facet normal 0 -1 0
  outer loop
    vertex 88678.16874142161 0 -7217.887875476192
    vertex 94112.48111817411 0 -7640.424832356662
    vertex 92266.65384396732 0 -2237.880497352403
  endloop
endfacet
facet normal 0 -1 0
  outer loop
    vertex 5181.357151667991 0 -1105.165329828566
    vertex 6174.3068992099 0 -2926.123751084946
    vertex 7456.832812792737 0 -1337.927341690161
  endloop
endfacet
facet normal 0 -1 0
  outer loop
    vertex 7456.832812792737 0 -1337.927341690161
    vertex 8477.746048008035 0 -4033.295034485913
    vertex 9454.589138844 0 -1283.462303250605
  endloop
endfacet
facet normal 0 -1 -0
  outer loop
    vertex 7456.832812792737 0 -1337.927341690161
    vertex 6174.3068992099 0 -2926.123751084946
    vertex 8477.746048008035 0 -4033.295034485913
  endloop
endfacet
facet normal 0 -1 0
  outer loop
    vertex 11781.46810833981 0 -2096.743026435385
    vertex 12847.06158314149 0 -5212.006656836995
    vertex 15115.76737455963 0 -2740.333328633696
  endloop
endfacet
facet normal 0 -1 -0
  outer loop
    vertex 9454.589138844 0 -1283.462303250605
    vertex 8477.746048008035 0 -4033.295034485913
    vertex 11781.46810833981 0 -2096.743026435385
  endloop
endfacet
facet normal 0 -1 0
  outer loop
    vertex 8477.746048008035 0 -4033.295034485913
    vertex 12847.06158314149 0 -5212.006656836995
    vertex 11781.46810833981 0 -2096.743026435385
  endloop
endfacet
facet normal 0 -1 0
  outer loop
    vertex 3607.034295016381 0 -9045.504084612729
    vertex 5611.170096060381 0 -5321.512229489574
    vertex 2525.754582648792 0 -4412.920411184997
  endloop
endfacet
facet normal 0 -1 0
  outer loop
    vertex 3607.034295016381 0 -9045.504084612729
    vertex 7859.792835924472 0 -8460.265438655217
    vertex 5611.170096060381 0 -5321.512229489574
  endloop
endfacet
facet normal 0 -1 0
  outer loop
    vertex 1840.715019605246 0 -746.5454575124442
    vertex 2375.299810077593 0 -2116.632986432888
    vertex 3365.601060613571 0 -902.6845601946104
  endloop
endfacet
facet normal 0 -1 0
  outer loop
    vertex 3365.601060613571 0 -902.6845601946104
    vertex 4144.428387520353 0 -2832.718819930516
    vertex 5181.357151667991 0 -1105.165329828566
  endloop
endfacet
facet normal 0 -1 -0
  outer loop
    vertex 3365.601060613571 0 -902.6845601946104
    vertex 2375.299810077593 0 -2116.632986432888
    vertex 4144.428387520353 0 -2832.718819930516
  endloop
endfacet
facet normal 0 -1 0
  outer loop
    vertex 24417.19509580171 0 -4457.487682267842
    vertex 27977.82505359987 0 -3212.307869724402
    vertex 25891.53977614717 0 -1606.903566005464
  endloop
endfacet
facet normal -0 -1 0
  outer loop
    vertex 25891.53977614717 0 -1606.903566005464
    vertex 24014.08779479112 0 -1462.478664913999
    vertex 24417.19509580171 0 -4457.487682267842
  endloop
endfacet
facet normal 0 -1 0
  outer loop
    vertex 27977.82505359987 0 -3212.307869724402
    vertex 27428.81568555653 0 -1062.745887807886
    vertex 25891.53977614717 0 -1606.903566005464
  endloop
endfacet
facet normal 0 -1 0
  outer loop
    vertex 27977.82505359987 0 -3212.307869724402
    vertex 31759.94746792803 0 -4712.284217257852
    vertex 30347.53830369466 0 -1686.246553564963
  endloop
endfacet
facet normal -0 -1 0
  outer loop
    vertex 30347.53830369466 0 -1686.246553564963
    vertex 28884.04594183312 0 -770.3744676036197
    vertex 27977.82505359987 0 -3212.307869724402
  endloop
endfacet
facet normal 0 -1 0
  outer loop
    vertex 31759.94746792803 0 -4712.284217257852
    vertex 32485.391863684 0 -1641.852467883907
    vertex 30347.53830369466 0 -1686.246553564963
  endloop
endfacet
facet normal 0 -1 0
  outer loop
    vertex 18527.21634582756 0 -2291.137624016671
    vertex 20696.74217963256 0 -4981.760561674413
    vertex 21799.51313006271 0 -2048.517205031506
  endloop
endfacet
facet normal 0 -1 0
  outer loop
    vertex 20696.74217963256 0 -4981.760561674413
    vertex 24417.19509580171 0 -4457.487682267842
    vertex 21799.51313006271 0 -2048.517205031506
  endloop
endfacet
facet normal 0 -1 0
  outer loop
    vertex 24417.19509580171 0 -4457.487682267842
    vertex 24014.08779479112 0 -1462.478664913999
    vertex 21799.51313006271 0 -2048.517205031506
  endloop
endfacet
facet normal 0 -1 0
  outer loop
    vertex 35061.26495953593 0 -2511.612037797914
    vertex 36356.92220218977 0 -6360.640043263331
    vertex 38927.92598242264 0 -3034.582524367379
  endloop
endfacet
facet normal 0 -1 -0
  outer loop
    vertex 35061.26495953593 0 -2511.612037797914
    vertex 31759.94746792803 0 -4712.284217257852
    vertex 36356.92220218977 0 -6360.640043263331
  endloop
endfacet
facet normal -0 -1 0
  outer loop
    vertex 35061.26495953593 0 -2511.612037797914
    vertex 32485.391863684 0 -1641.852467883907
    vertex 31759.94746792803 0 -4712.284217257852
  endloop
endfacet
facet normal -0 -1 0
  outer loop
    vertex 75668.46607316218 0 -3146.259482805887
    vertex 72938.64118095049 0 -2402.816163908266
    vertex 72960.90548625923 0 -5836.5395017586
  endloop
endfacet
facet normal 0 -1 0
  outer loop
    vertex 72960.90548625923 0 -5836.5395017586
    vertex 78470.39014707788 0 -7008.983621600418
    vertex 75668.46607316218 0 -3146.259482805887
  endloop
endfacet
facet normal 0 -1 0
  outer loop
    vertex 75668.46607316218 0 -3146.259482805887
    vertex 78470.39014707788 0 -7008.983621600418
    vertex 78360.85578145766 0 -3139.170241880416
  endloop
endfacet
facet normal 0 -1 0
  outer loop
    vertex 65259.23588995219 0 -3641.096436204447
    vertex 69007.90332641671 0 -7592.098630405992
    vertex 69762.59605536018 0 -2857.36942293559
  endloop
endfacet
facet normal 0 -1 0
  outer loop
    vertex 69007.90332641671 0 -7592.098630405992
    vertex 72960.90548625923 0 -5836.5395017586
    vertex 69762.59605536018 0 -2857.36942293559
  endloop
endfacet
facet normal 0 -1 0
  outer loop
    vertex 72960.90548625923 0 -5836.5395017586
    vertex 72938.64118095049 0 -2402.816163908266
    vertex 69762.59605536018 0 -2857.36942293559
  endloop
endfacet
facet normal 0 -1 0
  outer loop
    vertex 55309.23106345703 0 -3670.034823584458
    vertex 57876.37956932068 0 -7726.74863583273
    vertex 59988.275382969 0 -3666.218467178772
  endloop
endfacet
facet normal 0 -1 -0
  outer loop
    vertex 55309.23106345703 0 -3670.034823584458
    vertex 51716.53267379884 0 -8438.046021458453
    vertex 57876.37956932068 0 -7726.74863583273
  endloop
endfacet
facet normal 0 -1 -0
  outer loop
    vertex 51818.28168520024 0 -3153.985601246525
    vertex 51716.53267379884 0 -8438.046021458453
    vertex 55309.23106345703 0 -3670.034823584458
  endloop
endfacet
facet normal 0 -1 0
  outer loop
    vertex 43599.55659393707 0 -3578.019162434392
    vertex 44631.09475127581 0 -9036.039813488251
    vertex 48285.7724734962 0 -4017.080881611364
  endloop
endfacet
facet normal 0 -1 0
  outer loop
    vertex 38927.92598242264 0 -3034.582524367379
    vertex 40636.01463802761 0 -6656.861999126609
    vertex 43599.55659393707 0 -3578.019162434392
  endloop
endfacet
facet normal 0 -1 -0
  outer loop
    vertex 43599.55659393707 0 -3578.019162434392
    vertex 40636.01463802761 0 -6656.861999126609
    vertex 44631.09475127581 0 -9036.039813488251
  endloop
endfacet
facet normal 0 -1 0
  outer loop
    vertex 83801.54438128613 0 -5290.254012373191
    vertex 84645.97805474699 0 -10469.02370373852
    vertex 88678.16874142161 0 -7217.887875476192
  endloop
endfacet
facet normal 0 -1 -0
  outer loop
    vertex 80600.58880980776 0 -3661.251739773265
    vertex 78470.39014707788 0 -7008.983621600418
    vertex 83801.54438128613 0 -5290.254012373191
  endloop
endfacet
facet normal 0 -1 -0
  outer loop
    vertex 83801.54438128613 0 -5290.254012373191
    vertex 78470.39014707788 0 -7008.983621600418
    vertex 84645.97805474699 0 -10469.02370373852
  endloop
endfacet
facet normal 0 -1 0
  outer loop
    vertex 5611.170096060381 0 -5321.512229489574
    vertex 4144.428387520353 0 -2832.718819930516
    vertex 2525.754582648792 0 -4412.920411184997
  endloop
endfacet
facet normal -0 -1 0
  outer loop
    vertex 4144.428387520353 0 -2832.718819930516
    vertex 2375.299810077593 0 -2116.632986432888
    vertex 2525.754582648792 0 -4412.920411184997
  endloop
endfacet
facet normal 0 -1 0
  outer loop
    vertex 5611.170096060381 0 -5321.512229489574
    vertex 7859.792835924472 0 -8460.265438655217
    vertex 8477.746048008035 0 -4033.295034485913
  endloop
endfacet
facet normal -0 -1 0
  outer loop
    vertex 8477.746048008035 0 -4033.295034485913
    vertex 6174.3068992099 0 -2926.123751084946
    vertex 5611.170096060381 0 -5321.512229489574
  endloop
endfacet
facet normal 0 -1 0
  outer loop
    vertex 5611.170096060381 0 -5321.512229489574
    vertex 6174.3068992099 0 -2926.123751084946
    vertex 4144.428387520353 0 -2832.718819930516
  endloop
endfacet
facet normal 0 -1 0
  outer loop
    vertex 44631.09475127581 0 -9036.039813488251
    vertex 51716.53267379884 0 -8438.046021458453
    vertex 48285.7724734962 0 -4017.080881611364
  endloop
endfacet
facet normal 0 -1 0
  outer loop
    vertex 48285.7724734962 0 -4017.080881611364
    vertex 51716.53267379884 0 -8438.046021458453
    vertex 51818.28168520024 0 -3153.985601246525
  endloop
endfacet
facet normal 0 -1 -0
  outer loop
    vertex 18527.21634582756 0 -2291.137624016671
    vertex 17183.08619797323 0 -7014.305065017412
    vertex 20696.74217963256 0 -4981.760561674413
  endloop
endfacet
facet normal 0 -1 0
  outer loop
    vertex 18527.21634582756 0 -2291.137624016671
    vertex 15115.76737455963 0 -2740.333328633696
    vertex 17183.08619797323 0 -7014.305065017412
  endloop
endfacet
facet normal 0 -1 0
  outer loop
    vertex 17183.08619797323 0 -7014.305065017412
    vertex 23059.1283537297 0 -9372.311635005633
    vertex 20696.74217963256 0 -4981.760561674413
  endloop
endfacet
facet normal 0 -1 0
  outer loop
    vertex 20696.74217963256 0 -4981.760561674413
    vertex 23059.1283537297 0 -9372.311635005633
    vertex 24417.19509580171 0 -4457.487682267842
  endloop
endfacet
facet normal 0 -1 -0
  outer loop
    vertex 15115.76737455963 0 -2740.333328633696
    vertex 12847.06158314149 0 -5212.006656836995
    vertex 17183.08619797323 0 -7014.305065017412
  endloop
endfacet
facet normal -0 -1 0
  outer loop
    vertex 17183.08619797323 0 -7014.305065017412
    vertex 12847.06158314149 0 -5212.006656836995
    vertex 11603.01374054849 0 -8901.01584468787
  endloop
endfacet
facet normal 0 -1 0
  outer loop
    vertex 24417.19509580171 0 -4457.487682267842
    vertex 28268.02868262276 0 -7949.80570507401
    vertex 27977.82505359987 0 -3212.307869724402
  endloop
endfacet
facet normal 0 -1 -0
  outer loop
    vertex 24417.19509580171 0 -4457.487682267842
    vertex 23059.1283537297 0 -9372.311635005633
    vertex 28268.02868262276 0 -7949.80570507401
  endloop
endfacet
facet normal 0 -1 0
  outer loop
    vertex 27977.82505359987 0 -3212.307869724402
    vertex 28268.02868262276 0 -7949.80570507401
    vertex 31759.94746792803 0 -4712.284217257852
  endloop
endfacet
facet normal 0 -1 0
  outer loop
    vertex 27977.82505359987 0 -3212.307869724402
    vertex 28884.04594183312 0 -770.3744676036197
    vertex 27428.81568555653 0 -1062.745887807886
  endloop
endfacet
facet normal 0 -1 0
  outer loop
    vertex 36356.92220218977 0 -6360.640043263331
    vertex 40636.01463802761 0 -6656.861999126609
    vertex 38927.92598242264 0 -3034.582524367379
  endloop
endfacet
facet normal 0 -1 0
  outer loop
    vertex 31759.94746792803 0 -4712.284217257852
    vertex 33315.02697204297 0 -10181.72999452161
    vertex 36356.92220218977 0 -6360.640043263331
  endloop
endfacet
facet normal 0 -1 0
  outer loop
    vertex 36356.92220218977 0 -6360.640043263331
    vertex 38497.84205060492 0 -9948.061774287118
    vertex 40636.01463802761 0 -6656.861999126609
  endloop
endfacet
facet normal 0 -1 0
  outer loop
    vertex 33315.02697204297 0 -10181.72999452161
    vertex 38497.84205060492 0 -9948.061774287118
    vertex 36356.92220218977 0 -6360.640043263331
  endloop
endfacet
facet normal 0 -1 0
  outer loop
    vertex 4144.428387520353 0 -2832.718819930516
    vertex 6174.3068992099 0 -2926.123751084946
    vertex 5181.357151667991 0 -1105.165329828566
  endloop
endfacet
facet normal 0 -1 0
  outer loop
    vertex 59988.275382969 0 -3666.218467178772
    vertex 62849.19022603754 0 -8191.653473840057
    vertex 65259.23588995219 0 -3641.096436204447
  endloop
endfacet
facet normal 0 -1 -0
  outer loop
    vertex 65259.23588995219 0 -3641.096436204447
    vertex 62849.19022603754 0 -8191.653473840057
    vertex 69007.90332641671 0 -7592.098630405992
  endloop
endfacet
facet normal 0 -1 0
  outer loop
    vertex 78360.85578145766 0 -3139.170241880416
    vertex 78470.39014707788 0 -7008.983621600418
    vertex 80600.58880980776 0 -3661.251739773265
  endloop
endfacet
facet normal 0 -1 0
  outer loop
    vertex 28268.02868262276 0 -7949.80570507401
    vertex 33315.02697204297 0 -10181.72999452161
    vertex 31759.94746792803 0 -4712.284217257852
  endloop
endfacet
facet normal 0 -1 -0
  outer loop
    vertex 40636.01463802761 0 -6656.861999126609
    vertex 38497.84205060492 0 -9948.061774287118
    vertex 44631.09475127581 0 -9036.039813488251
  endloop
endfacet
facet normal 0 -1 0
  outer loop
    vertex 11603.01374054849 0 -8901.01584468787
    vertex 12847.06158314149 0 -5212.006656836995
    vertex 8477.746048008035 0 -4033.295034485913
  endloop
endfacet
facet normal 0 -1 -0
  outer loop
    vertex 8477.746048008035 0 -4033.295034485913
    vertex 7859.792835924472 0 -8460.265438655217
    vertex 11603.01374054849 0 -8901.01584468787
  endloop
endfacet
facet normal 0 -1 0
  outer loop
    vertex 57876.37956932068 0 -7726.74863583273
    vertex 62849.19022603754 0 -8191.653473840057
    vertex 59988.275382969 0 -3666.218467178772
  endloop
endfacet
facet normal 0 -1 0
  outer loop
    vertex 73887.52600957293 0 -10152.44405421655
    vertex 72960.90548625923 0 -5836.5395017586
    vertex 69007.90332641671 0 -7592.098630405992
  endloop
endfacet
facet normal 0 -1 0
  outer loop
    vertex 73887.52600957293 0 -10152.44405421655
    vertex 78470.39014707788 0 -7008.983621600418
    vertex 72960.90548625923 0 -5836.5395017586
  endloop
endfacet
facet normal 1 0 0
  outer loop
    vertex 100000 100000 -166.1799926757812
    vertex 100000 95913.19710964787 -511.562157065591
    vertex 100000 100000 -6381.607224766878
  endloop
endfacet
facet normal 1 0 0
  outer loop
    vertex 100000 0 -2259.22998046875
    vertex 100000 0 -8629.614990234375
    vertex 100000 6347.576935127336 -8642.426630311853
  endloop
endfacet
facet normal 1 0 0
  outer loop
    vertex 100000 9573.803416539649 -2191.853009864443
    vertex 100000 0 -2259.22998046875
    vertex 100000 6347.576935127336 -8642.426630311853
  endloop
endfacet
facet normal 1 0 0
  outer loop
    vertex 100000 0 -8629.614990234375
    vertex 100000 0 -15000
    vertex 100000 6347.576935127336 -8642.426630311853
  endloop
endfacet
facet normal 1 0 0
  outer loop
    vertex 100000 0 -15000
    vertex 100000 9999.999999989075 -15000
    vertex 100000 6347.576935127336 -8642.426630311853
  endloop
endfacet
facet normal 1 0 -0
  outer loop
    vertex 100000 100000 -15000
    vertex 100000 100000 -6381.607224766878
    vertex 100000 93781.44054794603 -8131.092667408877
  endloop
endfacet
facet normal 1 0 0
  outer loop
    vertex 100000 90000.00000001039 -15000
    vertex 100000 100000 -15000
    vertex 100000 93781.44054794603 -8131.092667408877
  endloop
endfacet
facet normal 1 0 0
  outer loop
    vertex 100000 100000 -6381.607224766878
    vertex 100000 95913.19710964787 -511.562157065591
    vertex 100000 94623.61662175335 -3720.796857114451
  endloop
endfacet
facet normal 1 0 0
  outer loop
    vertex 100000 100000 -6381.607224766878
    vertex 100000 94623.61662175335 -3720.796857114451
    vertex 100000 93781.44054794603 -8131.092667408877
  endloop
endfacet
facet normal 1 0 0
  outer loop
    vertex 100000 9999.999999989075 -15000
    vertex 100000 19999.99999997229 -15000
    vertex 100000 14803.86799463132 -8505.877593941361
  endloop
endfacet
facet normal 1 0 -0
  outer loop
    vertex 100000 9999.999999989075 -15000
    vertex 100000 14803.86799463132 -8505.877593941361
    vertex 100000 6347.576935127336 -8642.426630311853
  endloop
endfacet
facet normal 1 0 0
  outer loop
    vertex 100000 19999.99999997229 -15000
    vertex 100000 29999.99999996189 -15000
    vertex 100000 24367.41350676254 -8443.442661642715
  endloop
endfacet
facet normal 1 -0 0
  outer loop
    vertex 100000 14803.86799463132 -8505.877593941361
    vertex 100000 19999.99999997229 -15000
    vertex 100000 24367.41350676254 -8443.442661642715
  endloop
endfacet
facet normal 1 0 0
  outer loop
    vertex 100000 29999.99999996189 -15000
    vertex 100000 39999.99999995151 -15000
    vertex 100000 34100.87343110846 -8391.178744292803
  endloop
endfacet
facet normal 1 -0 0
  outer loop
    vertex 100000 24367.41350676254 -8443.442661642715
    vertex 100000 29999.99999996189 -15000
    vertex 100000 34100.87343110846 -8391.178744292803
  endloop
endfacet
facet normal 1 0 0
  outer loop
    vertex 100000 39999.99999995151 -15000
    vertex 100000 49999.99999994253 -15000
    vertex 100000 43991.19475840036 -8388.963498464822
  endloop
endfacet
facet normal 1 -0 0
  outer loop
    vertex 100000 34100.87343110846 -8391.178744292803
    vertex 100000 39999.99999995151 -15000
    vertex 100000 43991.19475840036 -8388.963498464822
  endloop
endfacet
facet normal 1 0 0
  outer loop
    vertex 100000 49999.99999994253 -15000
    vertex 100000 60000.00000000347 -15000
    vertex 100000 53686.65983459858 -8250.260086718579
  endloop
endfacet
facet normal 1 0 -0
  outer loop
    vertex 100000 49999.99999994253 -15000
    vertex 100000 53686.65983459858 -8250.260086718579
    vertex 100000 43991.19475840036 -8388.963498464822
  endloop
endfacet
facet normal 1 0 0
  outer loop
    vertex 100000 60000.00000000347 -15000
    vertex 100000 70000.00000003117 -15000
    vertex 100000 63593.65837938522 -8237.23411082414
  endloop
endfacet
facet normal 1 0 -0
  outer loop
    vertex 100000 60000.00000000347 -15000
    vertex 100000 63593.65837938522 -8237.23411082414
    vertex 100000 53686.65983459858 -8250.260086718579
  endloop
endfacet
facet normal 1 0 0
  outer loop
    vertex 100000 70000.00000003117 -15000
    vertex 100000 80000.00000002078 -15000
    vertex 100000 72425.44817822018 -7606.986560034427
  endloop
endfacet
facet normal 1 0 -0
  outer loop
    vertex 100000 70000.00000003117 -15000
    vertex 100000 72425.44817822018 -7606.986560034427
    vertex 100000 63593.65837938522 -8237.23411082414
  endloop
endfacet
facet normal 1 0 0
  outer loop
    vertex 100000 80000.00000002078 -15000
    vertex 100000 90000.00000001039 -15000
    vertex 100000 83710.30405409697 -9864.300398374467
  endloop
endfacet
facet normal 1 0 0
  outer loop
    vertex 100000 80000.00000002078 -15000
    vertex 100000 79627.2957411589 -5470.706928461213
    vertex 100000 72425.44817822018 -7606.986560034427
  endloop
endfacet
facet normal 1 0 0
  outer loop
    vertex 100000 79627.2957411589 -5470.706928461213
    vertex 100000 80000.00000002078 -15000
    vertex 100000 83710.30405409697 -9864.300398374467
  endloop
endfacet
facet normal 1 0 -0
  outer loop
    vertex 100000 90000.00000001039 -15000
    vertex 100000 93781.44054794603 -8131.092667408877
    vertex 100000 88344.36178256292 -7319.667258142224
  endloop
endfacet
facet normal 1 0 0
  outer loop
    vertex 100000 90000.00000001039 -15000
    vertex 100000 88344.36178256292 -7319.667258142224
    vertex 100000 83710.30405409697 -9864.300398374467
  endloop
endfacet
facet normal 1 0 0
  outer loop
    vertex 100000 19147.00980220378 -2067.104558002551
    vertex 100000 9573.803416539649 -2191.853009864443
    vertex 100000 14803.86799463132 -8505.877593941361
  endloop
endfacet
facet normal 1 0 0
  outer loop
    vertex 100000 14803.86799463132 -8505.877593941361
    vertex 100000 9573.803416539649 -2191.853009864443
    vertex 100000 6347.576935127336 -8642.426630311853
  endloop
endfacet
facet normal 1 0 0
  outer loop
    vertex 100000 28720.5320198232 -1998.885781141682
    vertex 100000 19147.00980220378 -2067.104558002551
    vertex 100000 24367.41350676254 -8443.442661642715
  endloop
endfacet
facet normal 1 0 0
  outer loop
    vertex 100000 19147.00980220378 -2067.104558002551
    vertex 100000 14803.86799463132 -8505.877593941361
    vertex 100000 24367.41350676254 -8443.442661642715
  endloop
endfacet
facet normal 1 0 0
  outer loop
    vertex 100000 38294.17954797117 -1958.593047870529
    vertex 100000 28720.5320198232 -1998.885781141682
    vertex 100000 34100.87343110846 -8391.178744292803
  endloop
endfacet
facet normal 1 0 0
  outer loop
    vertex 100000 28720.5320198232 -1998.885781141682
    vertex 100000 24367.41350676254 -8443.442661642715
    vertex 100000 34100.87343110846 -8391.178744292803
  endloop
endfacet
facet normal 1 0 0
  outer loop
    vertex 100000 47865.45573682995 -1733.749111907018
    vertex 100000 38294.17954797117 -1958.593047870529
    vertex 100000 43991.19475840036 -8388.963498464822
  endloop
endfacet
facet normal 1 0 0
  outer loop
    vertex 100000 38294.17954797117 -1958.593047870529
    vertex 100000 34100.87343110846 -8391.178744292803
    vertex 100000 43991.19475840036 -8388.963498464822
  endloop
endfacet
facet normal 1 0 0
  outer loop
    vertex 100000 57437.72937924995 -1584.426322478413
    vertex 100000 47865.45573682995 -1733.749111907018
    vertex 100000 53686.65983459858 -8250.260086718579
  endloop
endfacet
facet normal 1 0 0
  outer loop
    vertex 100000 53686.65983459858 -8250.260086718579
    vertex 100000 47865.45573682995 -1733.749111907018
    vertex 100000 43991.19475840036 -8388.963498464822
  endloop
endfacet
facet normal 1 0 0
  outer loop
    vertex 100000 67009.90040745992 -1401.996610533511
    vertex 100000 57437.72937924995 -1584.426322478413
    vertex 100000 63593.65837938522 -8237.23411082414
  endloop
endfacet
facet normal 1 0 0
  outer loop
    vertex 100000 63593.65837938522 -8237.23411082414
    vertex 100000 57437.72937924995 -1584.426322478413
    vertex 100000 53686.65983459858 -8250.260086718579
  endloop
endfacet
facet normal 1 0 0
  outer loop
    vertex 100000 75575.28201042664 -1168.651727813804
    vertex 100000 67009.90040745992 -1401.996610533511
    vertex 100000 72425.44817822018 -7606.986560034427
  endloop
endfacet
facet normal 1 0 0
  outer loop
    vertex 100000 72425.44817822018 -7606.986560034427
    vertex 100000 67009.90040745992 -1401.996610533511
    vertex 100000 63593.65837938522 -8237.23411082414
  endloop
endfacet
facet normal 1 0 0
  outer loop
    vertex 100000 81894.23843615694 -1053.38574098921
    vertex 100000 75575.28201042664 -1168.651727813804
    vertex 100000 79627.2957411589 -5470.706928461213
  endloop
endfacet
facet normal 1 0 0
  outer loop
    vertex 100000 79627.2957411589 -5470.706928461213
    vertex 100000 75575.28201042664 -1168.651727813804
    vertex 100000 72425.44817822018 -7606.986560034427
  endloop
endfacet
facet normal 1 0 0
  outer loop
    vertex 100000 86451.01703100327 -1034.079783714568
    vertex 100000 81894.23843615694 -1053.38574098921
    vertex 100000 84639.74587060395 -4684.383513223323
  endloop
endfacet
facet normal 1 0 0
  outer loop
    vertex 100000 84639.74587060395 -4684.383513223323
    vertex 100000 81894.23843615694 -1053.38574098921
    vertex 100000 79627.2957411589 -5470.706928461213
  endloop
endfacet
facet normal 1 0 0
  outer loop
    vertex 100000 89798.14523913963 -883.0345963828595
    vertex 100000 86451.01703100327 -1034.079783714568
    vertex 100000 88078.09608726285 -3549.518128749583
  endloop
endfacet
facet normal 1 0 0
  outer loop
    vertex 100000 86451.01703100327 -1034.079783714568
    vertex 100000 84639.74587060395 -4684.383513223323
    vertex 100000 88078.09608726285 -3549.518128749583
  endloop
endfacet
facet normal 1 0 0
  outer loop
    vertex 100000 92835.85646508209 -744.9430037873983
    vertex 100000 89798.14523913963 -883.0345963828595
    vertex 100000 91157.21051300447 -3826.425492284942
  endloop
endfacet
facet normal 1 0 0
  outer loop
    vertex 100000 91157.21051300447 -3826.425492284942
    vertex 100000 89798.14523913963 -883.0345963828595
    vertex 100000 88078.09608726285 -3549.518128749583
  endloop
endfacet
facet normal 1 0 0
  outer loop
    vertex 100000 95913.19710964787 -511.562157065591
    vertex 100000 92835.85646508209 -744.9430037873983
    vertex 100000 94623.61662175335 -3720.796857114451
  endloop
endfacet
facet normal 1 0 0
  outer loop
    vertex 100000 92835.85646508209 -744.9430037873983
    vertex 100000 91157.21051300447 -3826.425492284942
    vertex 100000 94623.61662175335 -3720.796857114451
  endloop
endfacet
facet normal 1 0 0
  outer loop
    vertex 100000 94623.61662175335 -3720.796857114451
    vertex 100000 91157.21051300447 -3826.425492284942
    vertex 100000 93781.44054794603 -8131.092667408877
  endloop
endfacet
facet normal 1 0 0
  outer loop
    vertex 100000 93781.44054794603 -8131.092667408877
    vertex 100000 91157.21051300447 -3826.425492284942
    vertex 100000 88344.36178256292 -7319.667258142224
  endloop
endfacet
facet normal 1 0 -0
  outer loop
    vertex 100000 88344.36178256292 -7319.667258142224
    vertex 100000 91157.21051300447 -3826.425492284942
    vertex 100000 88078.09608726285 -3549.518128749583
  endloop
endfacet
facet normal 1 0 0
  outer loop
    vertex 100000 84639.74587060395 -4684.383513223323
    vertex 100000 79627.2957411589 -5470.706928461213
    vertex 100000 83710.30405409697 -9864.300398374467
  endloop
endfacet
facet normal 1 -0 0
  outer loop
    vertex 100000 84639.74587060395 -4684.383513223323
    vertex 100000 88344.36178256292 -7319.667258142224
    vertex 100000 88078.09608726285 -3549.518128749583
  endloop
endfacet
facet normal 1 0 0
  outer loop
    vertex 100000 88344.36178256292 -7319.667258142224
    vertex 100000 84639.74587060395 -4684.383513223323
    vertex 100000 83710.30405409697 -9864.300398374467
  endloop
endfacet
facet normal 0 1 0
  outer loop
    vertex 0 100000 -7305.991183005052
    vertex 0 100000 -940.5150146484375
    vertex 3799.003351058725 100000 -4758.916133965273
  endloop
endfacet
facet normal -0 1 0
  outer loop
    vertex 0 100000 -940.5150146484375
    vertex 5908.697591768643 100000 -770.8017477049768
    vertex 3799.003351058725 100000 -4758.916133965273
  endloop
endfacet
facet normal 0 1 0
  outer loop
    vertex 100000 100000 -166.1799926757812
    vertex 100000 100000 -6381.607224766878
    vertex 97546.80643348933 100000 -2973.398715679305
  endloop
endfacet
facet normal 0 1 0
  outer loop
    vertex 97602.34204380625 100000 41.18717685966202
    vertex 100000 100000 -166.1799926757812
    vertex 97546.80643348933 100000 -2973.398715679305
  endloop
endfacet
facet normal 0 1 0
  outer loop
    vertex 100000 100000 -15000
    vertex 90000.00000001109 100000 -15000
    vertex 91895.18947198612 100000 -9141.805465579784
  endloop
endfacet
facet normal 0 1 0
  outer loop
    vertex 100000 100000 -6381.607224766878
    vertex 100000 100000 -15000
    vertex 96156.08932381579 100000 -6863.308959661424
  endloop
endfacet
facet normal 0 1 0
  outer loop
    vertex 100000 100000 -15000
    vertex 91895.18947198612 100000 -9141.805465579784
    vertex 96156.08932381579 100000 -6863.308959661424
  endloop
endfacet
facet normal 0 1 0
  outer loop
    vertex 9999.999999988911 100000 -15000
    vertex 0 100000 -15000
    vertex 5146.369853322005 100000 -9946.358697732328
  endloop
endfacet
facet normal 0 1 0
  outer loop
    vertex 0 100000 -15000
    vertex 0 100000 -7305.991183005052
    vertex 5146.369853322005 100000 -9946.358697732328
  endloop
endfacet
facet normal 0 1 0
  outer loop
    vertex 90000.00000001109 100000 -15000
    vertex 80000.00000002218 100000 -15000
    vertex 84848.3607121564 100000 -8779.454666903337
  endloop
endfacet
facet normal 0 1 -0
  outer loop
    vertex 90000.00000001109 100000 -15000
    vertex 84848.3607121564 100000 -8779.454666903337
    vertex 91895.18947198612 100000 -9141.805465579784
  endloop
endfacet
facet normal 0 1 0
  outer loop
    vertex 80000.00000002218 100000 -15000
    vertex 70000.00000003327 100000 -15000
    vertex 77575.65945505837 100000 -8588.234659854557
  endloop
endfacet
facet normal 0 1 0
  outer loop
    vertex 84848.3607121564 100000 -8779.454666903337
    vertex 80000.00000002218 100000 -15000
    vertex 77575.65945505837 100000 -8588.234659854557
  endloop
endfacet
facet normal 0 1 0
  outer loop
    vertex 70000.00000003327 100000 -15000
    vertex 60000.00000004434 100000 -15000
    vertex 64414.02799000406 100000 -9169.748022175863
  endloop
endfacet
facet normal 0 1 0
  outer loop
    vertex 77575.65945505837 100000 -8588.234659854557
    vertex 70000.00000003327 100000 -15000
    vertex 71180.80048647673 100000 -8102.130513761389
  endloop
endfacet
facet normal 0 1 -0
  outer loop
    vertex 70000.00000003327 100000 -15000
    vertex 64414.02799000406 100000 -9169.748022175863
    vertex 71180.80048647673 100000 -8102.130513761389
  endloop
endfacet
facet normal 0 1 0
  outer loop
    vertex 60000.00000004434 100000 -15000
    vertex 50000.000000054 100000 -15000
    vertex 55829.19506939097 100000 -7363.839309652185
  endloop
endfacet
facet normal 0 1 -0
  outer loop
    vertex 60000.00000004434 100000 -15000
    vertex 55829.19506939097 100000 -7363.839309652185
    vertex 64414.02799000406 100000 -9169.748022175863
  endloop
endfacet
facet normal 0 1 0
  outer loop
    vertex 50000.000000054 100000 -15000
    vertex 39999.99999999375 100000 -15000
    vertex 44710.15578834909 100000 -9084.741474002742
  endloop
endfacet
facet normal 0 1 0
  outer loop
    vertex 50000.000000054 100000 -15000
    vertex 44710.15578834909 100000 -9084.741474002742
    vertex 49467.01097655439 100000 -7035.867239874702
  endloop
endfacet
facet normal 0 1 -0
  outer loop
    vertex 50000.000000054 100000 -15000
    vertex 49467.01097655439 100000 -7035.867239874702
    vertex 55829.19506939097 100000 -7363.839309652185
  endloop
endfacet
facet normal 0 1 0
  outer loop
    vertex 39999.99999999375 100000 -15000
    vertex 29999.99999996675 100000 -15000
    vertex 35099.32345914331 100000 -10312.2393706333
  endloop
endfacet
facet normal 0 1 0
  outer loop
    vertex 44710.15578834909 100000 -9084.741474002742
    vertex 39999.99999999375 100000 -15000
    vertex 39329.96574339482 100000 -8644.725768378841
  endloop
endfacet
facet normal 0 1 0
  outer loop
    vertex 39329.96574339482 100000 -8644.725768378841
    vertex 39999.99999999375 100000 -15000
    vertex 35099.32345914331 100000 -10312.2393706333
  endloop
endfacet
facet normal 0 1 0
  outer loop
    vertex 29999.99999996675 100000 -15000
    vertex 19999.99999997784 100000 -15000
    vertex 25526.19958233198 100000 -8838.421959152787
  endloop
endfacet
facet normal 0 1 0
  outer loop
    vertex 30918.09674726609 100000 -7051.948030394293
    vertex 29999.99999996675 100000 -15000
    vertex 25526.19958233198 100000 -8838.421959152787
  endloop
endfacet
facet normal 0 1 0
  outer loop
    vertex 29999.99999996675 100000 -15000
    vertex 30918.09674726609 100000 -7051.948030394293
    vertex 35099.32345914331 100000 -10312.2393706333
  endloop
endfacet
facet normal 0 1 0
  outer loop
    vertex 19999.99999997784 100000 -15000
    vertex 9999.999999988911 100000 -15000
    vertex 13478.09486954727 100000 -8617.987471981596
  endloop
endfacet
facet normal 0 1 0
  outer loop
    vertex 19999.99999997784 100000 -15000
    vertex 13478.09486954727 100000 -8617.987471981596
    vertex 19945.88539990245 100000 -7486.139772817012
  endloop
endfacet
facet normal 0 1 -0
  outer loop
    vertex 19999.99999997784 100000 -15000
    vertex 19945.88539990245 100000 -7486.139772817012
    vertex 25526.19958233198 100000 -8838.421959152787
  endloop
endfacet
facet normal 0 1 0
  outer loop
    vertex 13478.09486954727 100000 -8617.987471981596
    vertex 9999.999999988911 100000 -15000
    vertex 5146.369853322005 100000 -9946.358697732328
  endloop
endfacet
facet normal 0 1 0
  outer loop
    vertex 97546.80643348933 100000 -2973.398715679305
    vertex 100000 100000 -6381.607224766878
    vertex 96156.08932381579 100000 -6863.308959661424
  endloop
endfacet
facet normal -0 1 0
  outer loop
    vertex 0 100000 -7305.991183005052
    vertex 3799.003351058725 100000 -4758.916133965273
    vertex 5146.369853322005 100000 -9946.358697732328
  endloop
endfacet
facet normal 0 1 0
  outer loop
    vertex 95890.34945895059 100000 105.5070635451858
    vertex 97602.34204380625 100000 41.18717685966202
    vertex 96412.70444335329 100000 -1470.758262494291
  endloop
endfacet
facet normal -0 1 0
  outer loop
    vertex 96412.70444335329 100000 -1470.758262494291
    vertex 97602.34204380625 100000 41.18717685966202
    vertex 97546.80643348933 100000 -2973.398715679305
  endloop
endfacet
facet normal 0 1 0
  outer loop
    vertex 94659.6448516419 100000 222.0142056286362
    vertex 95890.34945895059 100000 105.5070635451858
    vertex 94939.84869446204 100000 -1135.856883143796
  endloop
endfacet
facet normal -0 1 0
  outer loop
    vertex 94939.84869446204 100000 -1135.856883143796
    vertex 95890.34945895059 100000 105.5070635451858
    vertex 96412.70444335329 100000 -1470.758262494291
  endloop
endfacet
facet normal 0 1 0
  outer loop
    vertex 93526.23341607956 100000 451.7621637028276
    vertex 94659.6448516419 100000 222.0142056286362
    vertex 93634.59328679484 100000 -739.7999808465548
  endloop
endfacet
facet normal 0 1 0
  outer loop
    vertex 94659.6448516419 100000 222.0142056286362
    vertex 94939.84869446204 100000 -1135.856883143796
    vertex 93634.59328679484 100000 -739.7999808465548
  endloop
endfacet
facet normal 0 1 0
  outer loop
    vertex 91449.26122924501 100000 833.3562947877468
    vertex 93526.23341607956 100000 451.7621637028276
    vertex 92394.37332649698 100000 -571.245207821835
  endloop
endfacet
facet normal -0 1 0
  outer loop
    vertex 92394.37332649698 100000 -571.245207821835
    vertex 93526.23341607956 100000 451.7621637028276
    vertex 93634.59328679484 100000 -739.7999808465548
  endloop
endfacet
facet normal -0 1 0
  outer loop
    vertex 90579.80546816703 100000 830.3984457019417
    vertex 91449.26122924501 100000 833.3562947877468
    vertex 91197.51364091356 100000 -221.8727694906347
  endloop
endfacet
facet normal 0 1 0
  outer loop
    vertex 91449.26122924501 100000 833.3562947877468
    vertex 92394.37332649698 100000 -571.245207821835
    vertex 91197.51364091356 100000 -221.8727694906347
  endloop
endfacet
facet normal -0 1 0
  outer loop
    vertex 89713.12356396226 100000 660.3158153814881
    vertex 90579.80546816703 100000 830.3984457019417
    vertex 90064.25917056233 100000 -53.63213639088534
  endloop
endfacet
facet normal -0 1 0
  outer loop
    vertex 90064.25917056233 100000 -53.63213639088534
    vertex 90579.80546816703 100000 830.3984457019417
    vertex 91197.51364091356 100000 -221.8727694906347
  endloop
endfacet
facet normal -0 1 0
  outer loop
    vertex 88592.42048067796 100000 486.6532805557449
    vertex 89713.12356396226 100000 660.3158153814881
    vertex 89262.64789440819 100000 -267.6914822837125
  endloop
endfacet
facet normal 0 1 0
  outer loop
    vertex 89713.12356396226 100000 660.3158153814881
    vertex 90064.25917056233 100000 -53.63213639088534
    vertex 89262.64789440819 100000 -267.6914822837125
  endloop
endfacet
facet normal -0 1 0
  outer loop
    vertex 87353.08445128355 100000 333.2394278973603
    vertex 88592.42048067796 100000 486.6532805557449
    vertex 88014.81751977409 100000 -1046.686220240482
  endloop
endfacet
facet normal 0 1 0
  outer loop
    vertex 88014.81751977409 100000 -1046.686220240482
    vertex 88592.42048067796 100000 486.6532805557449
    vertex 89262.64789440819 100000 -267.6914822837125
  endloop
endfacet
facet normal 0 1 0
  outer loop
    vertex 86282.34051612974 100000 401.8489448541021
    vertex 87353.08445128355 100000 333.2394278973603
    vertex 86782.90697949824 100000 -391.1907846271264
  endloop
endfacet
facet normal 0 1 0
  outer loop
    vertex 87353.08445128355 100000 333.2394278973603
    vertex 88014.81751977409 100000 -1046.686220240482
    vertex 86782.90697949824 100000 -391.1907846271264
  endloop
endfacet
facet normal 0 1 0
  outer loop
    vertex 85448.45845869795 100000 448.1566925211596
    vertex 86282.34051612974 100000 401.8489448541021
    vertex 86005.50418331336 100000 -298.7851199010256
  endloop
endfacet
facet normal -0 1 0
  outer loop
    vertex 86005.50418331336 100000 -298.7851199010256
    vertex 86282.34051612974 100000 401.8489448541021
    vertex 86782.90697949824 100000 -391.1907846271264
  endloop
endfacet
facet normal -0 1 0
  outer loop
    vertex 84604.08016808174 100000 362.4283232830711
    vertex 85448.45845869795 100000 448.1566925211596
    vertex 85199.50993730163 100000 -654.5007857995247
  endloop
endfacet
facet normal 0 1 0
  outer loop
    vertex 85199.50993730163 100000 -654.5007857995247
    vertex 85448.45845869795 100000 448.1566925211596
    vertex 86005.50418331336 100000 -298.7851199010256
  endloop
endfacet
facet normal -0 1 0
  outer loop
    vertex 83478.61657311187 100000 177.1836194759195
    vertex 84604.08016808174 100000 362.4283232830711
    vertex 84131.17504327535 100000 -760.7889378473261
  endloop
endfacet
facet normal 0 1 0
  outer loop
    vertex 84604.08016808174 100000 362.4283232830711
    vertex 85199.50993730163 100000 -654.5007857995247
    vertex 84131.17504327535 100000 -760.7889378473261
  endloop
endfacet
facet normal -0 1 0
  outer loop
    vertex 82183.07293772642 100000 87.4736201612305
    vertex 83478.61657311187 100000 177.1836194759195
    vertex 83055.99753684639 100000 -1248.841427437582
  endloop
endfacet
facet normal 0 1 0
  outer loop
    vertex 83055.99753684639 100000 -1248.841427437582
    vertex 83478.61657311187 100000 177.1836194759195
    vertex 84131.17504327535 100000 -760.7889378473261
  endloop
endfacet
facet normal 0 1 0
  outer loop
    vertex 80730.10202408391 100000 124.8411141521526
    vertex 82183.07293772642 100000 87.4736201612305
    vertex 81434.28495966076 100000 -1395.043537562256
  endloop
endfacet
facet normal 0 1 0
  outer loop
    vertex 82183.07293772642 100000 87.4736201612305
    vertex 83055.99753684639 100000 -1248.841427437582
    vertex 81434.28495966076 100000 -1395.043537562256
  endloop
endfacet
facet normal -0 1 0
  outer loop
    vertex 79018.51387872326 100000 123.8630935230917
    vertex 80730.10202408391 100000 124.8411141521526
    vertex 79474.59981242809 100000 -1223.082333019063
  endloop
endfacet
facet normal -0 1 0
  outer loop
    vertex 79474.59981242809 100000 -1223.082333019063
    vertex 80730.10202408391 100000 124.8411141521526
    vertex 81434.28495966076 100000 -1395.043537562256
  endloop
endfacet
facet normal 0 1 0
  outer loop
    vertex 76987.77561943544 100000 162.4702942021503
    vertex 79018.51387872326 100000 123.8630935230917
    vertex 79474.59981242809 100000 -1223.082333019063
  endloop
endfacet
facet normal -0 1 0
  outer loop
    vertex 74143.933039613 100000 112.8132040842925
    vertex 76987.77561943544 100000 162.4702942021503
    vertex 75238.00127500774 100000 -2396.764464294104
  endloop
endfacet
facet normal 0 1 0
  outer loop
    vertex 76987.77561943544 100000 162.4702942021503
    vertex 79474.59981242809 100000 -1223.082333019063
    vertex 77971.05357021208 100000 -3745.284318491207
  endloop
endfacet
facet normal -0 1 0
  outer loop
    vertex 75238.00127500774 100000 -2396.764464294104
    vertex 76987.77561943544 100000 162.4702942021503
    vertex 77971.05357021208 100000 -3745.284318491207
  endloop
endfacet
facet normal -0 1 0
  outer loop
    vertex 70188.09103224173 100000 31.94607511255999
    vertex 74143.933039613 100000 112.8132040842925
    vertex 72195.01492613497 100000 -3100.466119428766
  endloop
endfacet
facet normal 0 1 0
  outer loop
    vertex 74143.933039613 100000 112.8132040842925
    vertex 75238.00127500774 100000 -2396.764464294104
    vertex 72195.01492613497 100000 -3100.466119428766
  endloop
endfacet
facet normal -0 1 0
  outer loop
    vertex 64628.90445807014 100000 -68.37769409555875
    vertex 70188.09103224173 100000 31.94607511255999
    vertex 67482.85299652343 100000 -4138.422998514865
  endloop
endfacet
facet normal 0 1 0
  outer loop
    vertex 67482.85299652343 100000 -4138.422998514865
    vertex 70188.09103224173 100000 31.94607511255999
    vertex 72195.01492613497 100000 -3100.466119428766
  endloop
endfacet
facet normal -0 1 0
  outer loop
    vertex 58279.25752779982 100000 -93.60048377339349
    vertex 64628.90445807014 100000 -68.37769409555875
    vertex 61087.55774888654 100000 -3932.889766514456
  endloop
endfacet
facet normal 0 1 0
  outer loop
    vertex 64628.90445807014 100000 -68.37769409555875
    vertex 67482.85299652343 100000 -4138.422998514865
    vertex 61087.55774888654 100000 -3932.889766514456
  endloop
endfacet
facet normal 0 1 0
  outer loop
    vertex 53674.8670051826 100000 -45.71768364748409
    vertex 58279.25752779982 100000 -93.60048377339349
    vertex 56105.8532870026 100000 -2928.831249586606
  endloop
endfacet
facet normal 0 1 0
  outer loop
    vertex 58279.25752779982 100000 -93.60048377339349
    vertex 61087.55774888654 100000 -3932.889766514456
    vertex 56105.8532870026 100000 -2928.831249586606
  endloop
endfacet
facet normal -0 1 0
  outer loop
    vertex 50395.07451653584 100000 -51.04718600681304
    vertex 53674.8670051826 100000 -45.71768364748409
    vertex 52419.71696176183 100000 -3168.718807966943
  endloop
endfacet
facet normal 0 1 0
  outer loop
    vertex 52419.71696176183 100000 -3168.718807966943
    vertex 53674.8670051826 100000 -45.71768364748409
    vertex 56105.8532870026 100000 -2928.831249586606
  endloop
endfacet
facet normal 0 1 0
  outer loop
    vertex 46404.71742691883 100000 -18.95171972257952
    vertex 50395.07451653584 100000 -51.04718600681304
    vertex 47571.79511144821 100000 -1452.912132024073
  endloop
endfacet
facet normal 0 1 0
  outer loop
    vertex 50395.07451653584 100000 -51.04718600681304
    vertex 52419.71696176183 100000 -3168.718807966943
    vertex 48788.40601155777 100000 -3234.817817611064
  endloop
endfacet
facet normal 0 1 0
  outer loop
    vertex 50395.07451653584 100000 -51.04718600681304
    vertex 48788.40601155777 100000 -3234.817817611064
    vertex 47571.79511144821 100000 -1452.912132024073
  endloop
endfacet
facet normal 0 1 0
  outer loop
    vertex 45220.03236619189 100000 5.096552043927245
    vertex 46404.71742691883 100000 -18.95171972257952
    vertex 45786.78786868381 100000 -1267.416069753627
  endloop
endfacet
facet normal -0 1 0
  outer loop
    vertex 45786.78786868381 100000 -1267.416069753627
    vertex 46404.71742691883 100000 -18.95171972257952
    vertex 47571.79511144821 100000 -1452.912132024073
  endloop
endfacet
facet normal 0 1 0
  outer loop
    vertex 44310.30095425167 100000 114.8670430725693
    vertex 45220.03236619189 100000 5.096552043927245
    vertex 44440.69432710459 100000 -801.5854337546449
  endloop
endfacet
facet normal 0 1 0
  outer loop
    vertex 45220.03236619189 100000 5.096552043927245
    vertex 45786.78786868381 100000 -1267.416069753627
    vertex 44440.69432710459 100000 -801.5854337546449
  endloop
endfacet
facet normal 0 1 0
  outer loop
    vertex 43566.50334813815 100000 304.4664105878439
    vertex 44310.30095425167 100000 114.8670430725693
    vertex 43660.86322330635 100000 -305.297215987801
  endloop
endfacet
facet normal -0 1 0
  outer loop
    vertex 43660.86322330635 100000 -305.297215987801
    vertex 44310.30095425167 100000 114.8670430725693
    vertex 44440.69432710459 100000 -801.5854337546449
  endloop
endfacet
facet normal 0 1 0
  outer loop
    vertex 42914.96881733232 100000 465.9349815694821
    vertex 43566.50334813815 100000 304.4664105878439
    vertex 42943.1858314556 100000 -103.9378572185585
  endloop
endfacet
facet normal 0 1 0
  outer loop
    vertex 43566.50334813815 100000 304.4664105878439
    vertex 43660.86322330635 100000 -305.297215987801
    vertex 42943.1858314556 100000 -103.9378572185585
  endloop
endfacet
facet normal -0 1 0
  outer loop
    vertex 42327.25027303398 100000 302.0285156595116
    vertex 42914.96881733232 100000 465.9349815694821
    vertex 42943.1858314556 100000 -103.9378572185585
  endloop
endfacet
facet normal -0 1 0
  outer loop
    vertex 41709.95686162752 100000 163.19650556282
    vertex 42327.25027303398 100000 302.0285156595116
    vertex 42157.83148656222 100000 -487.2064629055958
  endloop
endfacet
facet normal 0 1 0
  outer loop
    vertex 42327.25027303398 100000 302.0285156595116
    vertex 42943.1858314556 100000 -103.9378572185585
    vertex 42157.83148656222 100000 -487.2064629055958
  endloop
endfacet
facet normal -0 1 0
  outer loop
    vertex 40877.8820593918 100000 48.46268305215803
    vertex 41709.95686162752 100000 163.19650556282
    vertex 41293.04408753032 100000 -507.9794257118042
  endloop
endfacet
facet normal 0 1 0
  outer loop
    vertex 41293.04408753032 100000 -507.9794257118042
    vertex 41709.95686162752 100000 163.19650556282
    vertex 42157.83148656222 100000 -487.2064629055958
  endloop
endfacet
facet normal 0 1 0
  outer loop
    vertex 39842.03560360142 100000 57.52493019131656
    vertex 40877.8820593918 100000 48.46268305215803
    vertex 40449.42813278409 100000 -791.2786120752437
  endloop
endfacet
facet normal 0 1 0
  outer loop
    vertex 40877.8820593918 100000 48.46268305215803
    vertex 41293.04408753032 100000 -507.9794257118042
    vertex 40449.42813278409 100000 -791.2786120752437
  endloop
endfacet
facet normal -0 1 0
  outer loop
    vertex 38725.96968569797 100000 37.89046157880043
    vertex 39842.03560360142 100000 57.52493019131656
    vertex 39034.1042405331 100000 -695.3798791698973
  endloop
endfacet
facet normal -0 1 0
  outer loop
    vertex 39034.1042405331 100000 -695.3798791698973
    vertex 39842.03560360142 100000 57.52493019131656
    vertex 40449.42813278409 100000 -791.2786120752437
  endloop
endfacet
facet normal -0 1 0
  outer loop
    vertex 37810.36269847254 100000 26.83328735664971
    vertex 38725.96968569797 100000 37.89046157880043
    vertex 39034.1042405331 100000 -695.3798791698973
  endloop
endfacet
facet normal -0 1 0
  outer loop
    vertex 36985.00581185558 100000 11.901774974877
    vertex 37810.36269847254 100000 26.83328735664971
    vertex 37425.70315155829 100000 -1529.409880195434
  endloop
endfacet
facet normal 0 1 0
  outer loop
    vertex 37810.36269847254 100000 26.83328735664971
    vertex 39034.1042405331 100000 -695.3798791698973
    vertex 37425.70315155829 100000 -1529.409880195434
  endloop
endfacet
facet normal -0 1 0
  outer loop
    vertex 34608.16924207238 100000 -28.43387496318525
    vertex 36985.00581185558 100000 11.901774974877
    vertex 35744.94093982947 100000 -2227.000123987654
  endloop
endfacet
facet normal 0 1 0
  outer loop
    vertex 35744.94093982947 100000 -2227.000123987654
    vertex 36985.00581185558 100000 11.901774974877
    vertex 37425.70315155829 100000 -1529.409880195434
  endloop
endfacet
facet normal 0 1 0
  outer loop
    vertex 29916.29445729384 100000 -23.14136126367073
    vertex 34608.16924207238 100000 -28.43387496318525
    vertex 32259.18972240954 100000 -2722.668733091771
  endloop
endfacet
facet normal 0 1 0
  outer loop
    vertex 34608.16924207238 100000 -28.43387496318525
    vertex 35744.94093982947 100000 -2227.000123987654
    vertex 32259.18972240954 100000 -2722.668733091771
  endloop
endfacet
facet normal -0 1 0
  outer loop
    vertex 26066.31563686615 100000 -112.0514840435256
    vertex 29916.29445729384 100000 -23.14136126367073
    vertex 28071.6073659343 100000 -3825.430298321079
  endloop
endfacet
facet normal 0 1 0
  outer loop
    vertex 29916.29445729384 100000 -23.14136126367073
    vertex 32259.18972240954 100000 -2722.668733091771
    vertex 28071.6073659343 100000 -3825.430298321079
  endloop
endfacet
facet normal -0 1 0
  outer loop
    vertex 22068.94331391894 100000 -309.7323888527208
    vertex 26066.31563686615 100000 -112.0514840435256
    vertex 23743.54804943822 100000 -4204.350221980427
  endloop
endfacet
facet normal 0 1 0
  outer loop
    vertex 23743.54804943822 100000 -4204.350221980427
    vertex 26066.31563686615 100000 -112.0514840435256
    vertex 28071.6073659343 100000 -3825.430298321079
  endloop
endfacet
facet normal -0 1 0
  outer loop
    vertex 18230.70648567477 100000 -589.1959836734698
    vertex 22068.94331391894 100000 -309.7323888527208
    vertex 20092.85906804666 100000 -3365.739701902085
  endloop
endfacet
facet normal 0 1 0
  outer loop
    vertex 22068.94331391894 100000 -309.7323888527208
    vertex 23743.54804943822 100000 -4204.350221980427
    vertex 20092.85906804666 100000 -3365.739701902085
  endloop
endfacet
facet normal -0 1 0
  outer loop
    vertex 13943.20053945253 100000 -674.4814958976862
    vertex 18230.70648567477 100000 -589.1959836734698
    vertex 16475.21209129894 100000 -4239.280142186795
  endloop
endfacet
facet normal 0 1 0
  outer loop
    vertex 16475.21209129894 100000 -4239.280142186795
    vertex 18230.70648567477 100000 -589.1959836734698
    vertex 20092.85906804666 100000 -3365.739701902085
  endloop
endfacet
facet normal -0 1 0
  outer loop
    vertex 10327.90225085199 100000 -743.6836949354478
    vertex 13943.20053945253 100000 -674.4814958976862
    vertex 12681.75921611926 100000 -3745.036117756561
  endloop
endfacet
facet normal 0 1 0
  outer loop
    vertex 13943.20053945253 100000 -674.4814958976862
    vertex 16475.21209129894 100000 -4239.280142186795
    vertex 12681.75921611926 100000 -3745.036117756561
  endloop
endfacet
facet normal -0 1 0
  outer loop
    vertex 5908.697591768643 100000 -770.8017477049768
    vertex 10327.90225085199 100000 -743.6836949354478
    vertex 8515.439050100853 100000 -4755.64095252683
  endloop
endfacet
facet normal 0 1 0
  outer loop
    vertex 8515.439050100853 100000 -4755.64095252683
    vertex 10327.90225085199 100000 -743.6836949354478
    vertex 12681.75921611926 100000 -3745.036117756561
  endloop
endfacet
facet normal 0 1 0
  outer loop
    vertex 5908.697591768643 100000 -770.8017477049768
    vertex 8515.439050100853 100000 -4755.64095252683
    vertex 3799.003351058725 100000 -4758.916133965273
  endloop
endfacet
facet normal 0 1 0
  outer loop
    vertex 92394.37332649698 100000 -571.245207821835
    vertex 93280.34901618771 100000 -2066.210466513551
    vertex 91349.8640173059 100000 -1905.481689145318
  endloop
endfacet
facet normal 0 1 -0
  outer loop
    vertex 93280.34901618771 100000 -2066.210466513551
    vertex 92394.37332649698 100000 -571.245207821835
    vertex 93634.59328679484 100000 -739.7999808465548
  endloop
endfacet
facet normal 0 1 0
  outer loop
    vertex 92394.37332649698 100000 -571.245207821835
    vertex 91349.8640173059 100000 -1905.481689145318
    vertex 91197.51364091356 100000 -221.8727694906347
  endloop
endfacet
facet normal 0 1 0
  outer loop
    vertex 85199.50993730163 100000 -654.5007857995247
    vertex 86328.91470861001 100000 -1285.784064008515
    vertex 84669.15120799343 100000 -2129.092480044276
  endloop
endfacet
facet normal 0 1 0
  outer loop
    vertex 86328.91470861001 100000 -1285.784064008515
    vertex 85199.50993730163 100000 -654.5007857995247
    vertex 86005.50418331336 100000 -298.7851199010256
  endloop
endfacet
facet normal 0 1 0
  outer loop
    vertex 85199.50993730163 100000 -654.5007857995247
    vertex 84669.15120799343 100000 -2129.092480044276
    vertex 84131.17504327535 100000 -760.7889378473261
  endloop
endfacet
facet normal 0 1 0
  outer loop
    vertex 86941.23445337499 100000 -2941.902498647501
    vertex 88014.81751977409 100000 -1046.686220240482
    vertex 89396.34049849279 100000 -2859.033155129713
  endloop
endfacet
facet normal 0 1 0
  outer loop
    vertex 88014.81751977409 100000 -1046.686220240482
    vertex 86941.23445337499 100000 -2941.902498647501
    vertex 86328.91470861001 100000 -1285.784064008515
  endloop
endfacet
facet normal 0 1 -0
  outer loop
    vertex 89396.34049849279 100000 -2859.033155129713
    vertex 88014.81751977409 100000 -1046.686220240482
    vertex 89610.7476906025 100000 -1210.795638615773
  endloop
endfacet
facet normal 0 1 0
  outer loop
    vertex 88014.81751977409 100000 -1046.686220240482
    vertex 86328.91470861001 100000 -1285.784064008515
    vertex 86782.90697949824 100000 -391.1907846271264
  endloop
endfacet
facet normal 0 1 0
  outer loop
    vertex 89610.7476906025 100000 -1210.795638615773
    vertex 88014.81751977409 100000 -1046.686220240482
    vertex 89262.64789440819 100000 -267.6914822837125
  endloop
endfacet
facet normal 0 1 0
  outer loop
    vertex 83055.99753684639 100000 -1248.841427437582
    vertex 84669.15120799343 100000 -2129.092480044276
    vertex 82524.58898174558 100000 -3146.190297973424
  endloop
endfacet
facet normal 0 1 0
  outer loop
    vertex 84669.15120799343 100000 -2129.092480044276
    vertex 83055.99753684639 100000 -1248.841427437582
    vertex 84131.17504327535 100000 -760.7889378473261
  endloop
endfacet
facet normal 0 1 0
  outer loop
    vertex 83055.99753684639 100000 -1248.841427437582
    vertex 82524.58898174558 100000 -3146.190297973424
    vertex 81434.28495966076 100000 -1395.043537562256
  endloop
endfacet
facet normal 0 1 0
  outer loop
    vertex 79474.59981242809 100000 -1223.082333019063
    vertex 81434.28495966076 100000 -1395.043537562256
    vertex 80588.84154314215 100000 -2961.066836995707
  endloop
endfacet
facet normal 0 1 0
  outer loop
    vertex 77971.05357021208 100000 -3745.284318491207
    vertex 79474.59981242809 100000 -1223.082333019063
    vertex 80588.84154314215 100000 -2961.066836995707
  endloop
endfacet
facet normal -0 1 0
  outer loop
    vertex 72195.01492613497 100000 -3100.466119428766
    vertex 75238.00127500774 100000 -2396.764464294104
    vertex 74813.58719684932 100000 -5402.065275873025
  endloop
endfacet
facet normal 0 1 0
  outer loop
    vertex 75238.00127500774 100000 -2396.764464294104
    vertex 77971.05357021208 100000 -3745.284318491207
    vertex 74813.58719684932 100000 -5402.065275873025
  endloop
endfacet
facet normal -0 1 0
  outer loop
    vertex 40449.42813278409 100000 -791.2786120752437
    vertex 41293.04408753032 100000 -507.9794257118042
    vertex 41578.46377750576 100000 -1655.088871198756
  endloop
endfacet
facet normal 0 1 -0
  outer loop
    vertex 41578.46377750576 100000 -1655.088871198756
    vertex 41293.04408753032 100000 -507.9794257118042
    vertex 42157.83148656222 100000 -487.2064629055958
  endloop
endfacet
facet normal 0 1 0
  outer loop
    vertex 39034.1042405331 100000 -695.3798791698973
    vertex 40449.42813278409 100000 -791.2786120752437
    vertex 39683.97625895942 100000 -2211.93125675855
  endloop
endfacet
facet normal -0 1 0
  outer loop
    vertex 37425.70315155829 100000 -1529.409880195434
    vertex 39034.1042405331 100000 -695.3798791698973
    vertex 39683.97625895942 100000 -2211.93125675855
  endloop
endfacet
facet normal -0 1 0
  outer loop
    vertex 32259.18972240954 100000 -2722.668733091771
    vertex 35744.94093982947 100000 -2227.000123987654
    vertex 35248.55480509511 100000 -5864.523054393384
  endloop
endfacet
facet normal 0 1 0
  outer loop
    vertex 35248.55480509511 100000 -5864.523054393384
    vertex 35744.94093982947 100000 -2227.000123987654
    vertex 38168.84079250117 100000 -4140.214987024296
  endloop
endfacet
facet normal 0 1 0
  outer loop
    vertex 38168.84079250117 100000 -4140.214987024296
    vertex 35744.94093982947 100000 -2227.000123987654
    vertex 37425.70315155829 100000 -1529.409880195434
  endloop
endfacet
facet normal 0 1 0
  outer loop
    vertex 44440.69432710459 100000 -801.5854337546449
    vertex 45786.78786868381 100000 -1267.416069753627
    vertex 44720.04365634789 100000 -2399.229750520963
  endloop
endfacet
facet normal -0 1 0
  outer loop
    vertex 44720.04365634789 100000 -2399.229750520963
    vertex 45786.78786868381 100000 -1267.416069753627
    vertex 46483.9897335448 100000 -2692.327867026281
  endloop
endfacet
facet normal 0 1 -0
  outer loop
    vertex 46483.9897335448 100000 -2692.327867026281
    vertex 45786.78786868381 100000 -1267.416069753627
    vertex 47571.79511144821 100000 -1452.912132024073
  endloop
endfacet
facet normal 0 1 0
  outer loop
    vertex 94939.84869446204 100000 -1135.856883143796
    vertex 96412.70444335329 100000 -1470.758262494291
    vertex 95209.76502040066 100000 -3225.555890165148
  endloop
endfacet
facet normal 0 1 0
  outer loop
    vertex 94939.84869446204 100000 -1135.856883143796
    vertex 95209.76502040066 100000 -3225.555890165148
    vertex 93280.34901618771 100000 -2066.210466513551
  endloop
endfacet
facet normal 0 1 0
  outer loop
    vertex 94939.84869446204 100000 -1135.856883143796
    vertex 93280.34901618771 100000 -2066.210466513551
    vertex 93634.59328679484 100000 -739.7999808465548
  endloop
endfacet
facet normal 0 1 0
  outer loop
    vertex 89610.7476906025 100000 -1210.795638615773
    vertex 90064.25917056233 100000 -53.63213639088534
    vertex 91197.51364091356 100000 -221.8727694906347
  endloop
endfacet
facet normal 0 1 0
  outer loop
    vertex 90064.25917056233 100000 -53.63213639088534
    vertex 89610.7476906025 100000 -1210.795638615773
    vertex 89262.64789440819 100000 -267.6914822837125
  endloop
endfacet
facet normal -0 1 0
  outer loop
    vertex 48788.40601155777 100000 -3234.817817611064
    vertex 52419.71696176183 100000 -3168.718807966943
    vertex 49467.01097655439 100000 -7035.867239874702
  endloop
endfacet
facet normal -0 1 0
  outer loop
    vertex 49467.01097655439 100000 -7035.867239874702
    vertex 52419.71696176183 100000 -3168.718807966943
    vertex 55829.19506939097 100000 -7363.839309652185
  endloop
endfacet
facet normal 0 1 -0
  outer loop
    vertex 55829.19506939097 100000 -7363.839309652185
    vertex 52419.71696176183 100000 -3168.718807966943
    vertex 56105.8532870026 100000 -2928.831249586606
  endloop
endfacet
facet normal -0 1 0
  outer loop
    vertex 19945.88539990245 100000 -7486.139772817012
    vertex 23743.54804943822 100000 -4204.350221980427
    vertex 25526.19958233198 100000 -8838.421959152787
  endloop
endfacet
facet normal 0 1 0
  outer loop
    vertex 23743.54804943822 100000 -4204.350221980427
    vertex 19945.88539990245 100000 -7486.139772817012
    vertex 20092.85906804666 100000 -3365.739701902085
  endloop
endfacet
facet normal 0 1 -0
  outer loop
    vertex 25526.19958233198 100000 -8838.421959152787
    vertex 23743.54804943822 100000 -4204.350221980427
    vertex 28071.6073659343 100000 -3825.430298321079
  endloop
endfacet
facet normal 0 1 0
  outer loop
    vertex 12681.75921611926 100000 -3745.036117756561
    vertex 16475.21209129894 100000 -4239.280142186795
    vertex 13478.09486954727 100000 -8617.987471981596
  endloop
endfacet
facet normal 0 1 0
  outer loop
    vertex 13478.09486954727 100000 -8617.987471981596
    vertex 16475.21209129894 100000 -4239.280142186795
    vertex 19945.88539990245 100000 -7486.139772817012
  endloop
endfacet
facet normal 0 1 -0
  outer loop
    vertex 19945.88539990245 100000 -7486.139772817012
    vertex 16475.21209129894 100000 -4239.280142186795
    vertex 20092.85906804666 100000 -3365.739701902085
  endloop
endfacet
facet normal 0 1 0
  outer loop
    vertex 32259.18972240954 100000 -2722.668733091771
    vertex 35248.55480509511 100000 -5864.523054393384
    vertex 30918.09674726609 100000 -7051.948030394293
  endloop
endfacet
facet normal 0 1 0
  outer loop
    vertex 32259.18972240954 100000 -2722.668733091771
    vertex 30918.09674726609 100000 -7051.948030394293
    vertex 28071.6073659343 100000 -3825.430298321079
  endloop
endfacet
facet normal -0 1 0
  outer loop
    vertex 35248.55480509511 100000 -5864.523054393384
    vertex 38168.84079250117 100000 -4140.214987024296
    vertex 39329.96574339482 100000 -8644.725768378841
  endloop
endfacet
facet normal -0 1 0
  outer loop
    vertex 30918.09674726609 100000 -7051.948030394293
    vertex 35248.55480509511 100000 -5864.523054393384
    vertex 35099.32345914331 100000 -10312.2393706333
  endloop
endfacet
facet normal 0 1 0
  outer loop
    vertex 35248.55480509511 100000 -5864.523054393384
    vertex 39329.96574339482 100000 -8644.725768378841
    vertex 35099.32345914331 100000 -10312.2393706333
  endloop
endfacet
facet normal -0 1 0
  outer loop
    vertex 8515.439050100853 100000 -4755.64095252683
    vertex 12681.75921611926 100000 -3745.036117756561
    vertex 13478.09486954727 100000 -8617.987471981596
  endloop
endfacet
facet normal 0 1 0
  outer loop
    vertex 8515.439050100853 100000 -4755.64095252683
    vertex 13478.09486954727 100000 -8617.987471981596
    vertex 5146.369853322005 100000 -9946.358697732328
  endloop
endfacet
facet normal -0 1 0
  outer loop
    vertex 3799.003351058725 100000 -4758.916133965273
    vertex 8515.439050100853 100000 -4755.64095252683
    vertex 5146.369853322005 100000 -9946.358697732328
  endloop
endfacet
facet normal 0 1 0
  outer loop
    vertex 61087.55774888654 100000 -3932.889766514456
    vertex 67482.85299652343 100000 -4138.422998514865
    vertex 64414.02799000406 100000 -9169.748022175863
  endloop
endfacet
facet normal -0 1 0
  outer loop
    vertex 67482.85299652343 100000 -4138.422998514865
    vertex 72195.01492613497 100000 -3100.466119428766
    vertex 71180.80048647673 100000 -8102.130513761389
  endloop
endfacet
facet normal 0 1 0
  outer loop
    vertex 64414.02799000406 100000 -9169.748022175863
    vertex 67482.85299652343 100000 -4138.422998514865
    vertex 71180.80048647673 100000 -8102.130513761389
  endloop
endfacet
facet normal -0 1 0
  outer loop
    vertex 55829.19506939097 100000 -7363.839309652185
    vertex 61087.55774888654 100000 -3932.889766514456
    vertex 64414.02799000406 100000 -9169.748022175863
  endloop
endfacet
facet normal 0 1 0
  outer loop
    vertex 61087.55774888654 100000 -3932.889766514456
    vertex 55829.19506939097 100000 -7363.839309652185
    vertex 56105.8532870026 100000 -2928.831249586606
  endloop
endfacet
facet normal 0 1 0
  outer loop
    vertex 91895.18947198612 100000 -9141.805465579784
    vertex 84848.3607121564 100000 -8779.454666903337
    vertex 88373.62419931225 100000 -5355.668797199722
  endloop
endfacet
facet normal 0 1 0
  outer loop
    vertex 88373.62419931225 100000 -5355.668797199722
    vertex 84848.3607121564 100000 -8779.454666903337
    vertex 84609.12084708408 100000 -4672.098321162158
  endloop
endfacet
facet normal 0 1 0
  outer loop
    vertex 84848.3607121564 100000 -8779.454666903337
    vertex 77575.65945505837 100000 -8588.234659854557
    vertex 81116.70003189308 100000 -5266.128737575451
  endloop
endfacet
facet normal 0 1 0
  outer loop
    vertex 84609.12084708408 100000 -4672.098321162158
    vertex 84848.3607121564 100000 -8779.454666903337
    vertex 81116.70003189308 100000 -5266.128737575451
  endloop
endfacet
facet normal 0 1 -0
  outer loop
    vertex 91895.18947198612 100000 -9141.805465579784
    vertex 88373.62419931225 100000 -5355.668797199722
    vertex 92284.77501701874 100000 -4457.48646177743
  endloop
endfacet
facet normal 0 1 0
  outer loop
    vertex 91895.18947198612 100000 -9141.805465579784
    vertex 92284.77501701874 100000 -4457.48646177743
    vertex 96156.08932381579 100000 -6863.308959661424
  endloop
endfacet
facet normal 0 1 0
  outer loop
    vertex 49467.01097655439 100000 -7035.867239874702
    vertex 44710.15578834909 100000 -9084.741474002742
    vertex 45487.2942385447 100000 -5153.94245656101
  endloop
endfacet
facet normal 0 1 0
  outer loop
    vertex 45487.2942385447 100000 -5153.94245656101
    vertex 44710.15578834909 100000 -9084.741474002742
    vertex 41447.31745887409 100000 -4460.215310887674
  endloop
endfacet
facet normal 0 1 0
  outer loop
    vertex 41447.31745887409 100000 -4460.215310887674
    vertex 44710.15578834909 100000 -9084.741474002742
    vertex 39329.96574339482 100000 -8644.725768378841
  endloop
endfacet
facet normal 0 1 -0
  outer loop
    vertex 38168.84079250117 100000 -4140.214987024296
    vertex 37425.70315155829 100000 -1529.409880195434
    vertex 39683.97625895942 100000 -2211.93125675855
  endloop
endfacet
facet normal 0 1 0
  outer loop
    vertex 38168.84079250117 100000 -4140.214987024296
    vertex 41447.31745887409 100000 -4460.215310887674
    vertex 39329.96574339482 100000 -8644.725768378841
  endloop
endfacet
facet normal 0 1 0
  outer loop
    vertex 41447.31745887409 100000 -4460.215310887674
    vertex 38168.84079250117 100000 -4140.214987024296
    vertex 39683.97625895942 100000 -2211.93125675855
  endloop
endfacet
facet normal 0 1 0
  outer loop
    vertex 48788.40601155777 100000 -3234.817817611064
    vertex 49467.01097655439 100000 -7035.867239874702
    vertex 45487.2942385447 100000 -5153.94245656101
  endloop
endfacet
facet normal 0 1 0
  outer loop
    vertex 48788.40601155777 100000 -3234.817817611064
    vertex 45487.2942385447 100000 -5153.94245656101
    vertex 46483.9897335448 100000 -2692.327867026281
  endloop
endfacet
facet normal 0 1 0
  outer loop
    vertex 48788.40601155777 100000 -3234.817817611064
    vertex 46483.9897335448 100000 -2692.327867026281
    vertex 47571.79511144821 100000 -1452.912132024073
  endloop
endfacet
facet normal 0 1 0
  outer loop
    vertex 88373.62419931225 100000 -5355.668797199722
    vertex 84609.12084708408 100000 -4672.098321162158
    vertex 86941.23445337499 100000 -2941.902498647501
  endloop
endfacet
facet normal 0 1 0
  outer loop
    vertex 92284.77501701874 100000 -4457.48646177743
    vertex 88373.62419931225 100000 -5355.668797199722
    vertex 89396.34049849279 100000 -2859.033155129713
  endloop
endfacet
facet normal 0 1 -0
  outer loop
    vertex 88373.62419931225 100000 -5355.668797199722
    vertex 86941.23445337499 100000 -2941.902498647501
    vertex 89396.34049849279 100000 -2859.033155129713
  endloop
endfacet
facet normal 0 1 0
  outer loop
    vertex 81116.70003189308 100000 -5266.128737575451
    vertex 77575.65945505837 100000 -8588.234659854557
    vertex 77971.05357021208 100000 -3745.284318491207
  endloop
endfacet
facet normal 0 1 0
  outer loop
    vertex 77575.65945505837 100000 -8588.234659854557
    vertex 71180.80048647673 100000 -8102.130513761389
    vertex 74813.58719684932 100000 -5402.065275873025
  endloop
endfacet
facet normal 0 1 0
  outer loop
    vertex 77971.05357021208 100000 -3745.284318491207
    vertex 77575.65945505837 100000 -8588.234659854557
    vertex 74813.58719684932 100000 -5402.065275873025
  endloop
endfacet
facet normal 0 1 0
  outer loop
    vertex 71180.80048647673 100000 -8102.130513761389
    vertex 72195.01492613497 100000 -3100.466119428766
    vertex 74813.58719684932 100000 -5402.065275873025
  endloop
endfacet
facet normal 0 1 0
  outer loop
    vertex 30918.09674726609 100000 -7051.948030394293
    vertex 25526.19958233198 100000 -8838.421959152787
    vertex 28071.6073659343 100000 -3825.430298321079
  endloop
endfacet
facet normal 0 1 0
  outer loop
    vertex 43132.78253225028 100000 -2893.753448052584
    vertex 45487.2942385447 100000 -5153.94245656101
    vertex 41447.31745887409 100000 -4460.215310887674
  endloop
endfacet
facet normal 0 1 0
  outer loop
    vertex 45487.2942385447 100000 -5153.94245656101
    vertex 43132.78253225028 100000 -2893.753448052584
    vertex 44720.04365634789 100000 -2399.229750520963
  endloop
endfacet
facet normal 0 1 -0
  outer loop
    vertex 45487.2942385447 100000 -5153.94245656101
    vertex 44720.04365634789 100000 -2399.229750520963
    vertex 46483.9897335448 100000 -2692.327867026281
  endloop
endfacet
facet normal 0 1 0
  outer loop
    vertex 43132.78253225028 100000 -2893.753448052584
    vertex 41578.46377750576 100000 -1655.088871198756
    vertex 43095.08808822013 100000 -1121.457644526788
  endloop
endfacet
facet normal 0 1 0
  outer loop
    vertex 41578.46377750576 100000 -1655.088871198756
    vertex 43132.78253225028 100000 -2893.753448052584
    vertex 41447.31745887409 100000 -4460.215310887674
  endloop
endfacet
facet normal 0 1 -0
  outer loop
    vertex 43132.78253225028 100000 -2893.753448052584
    vertex 43095.08808822013 100000 -1121.457644526788
    vertex 44720.04365634789 100000 -2399.229750520963
  endloop
endfacet
facet normal 0 1 0
  outer loop
    vertex 42943.1858314556 100000 -103.9378572185585
    vertex 43660.86322330635 100000 -305.297215987801
    vertex 43095.08808822013 100000 -1121.457644526788
  endloop
endfacet
facet normal 0 1 0
  outer loop
    vertex 43660.86322330635 100000 -305.297215987801
    vertex 44440.69432710459 100000 -801.5854337546449
    vertex 43095.08808822013 100000 -1121.457644526788
  endloop
endfacet
facet normal 0 1 0
  outer loop
    vertex 42943.1858314556 100000 -103.9378572185585
    vertex 43095.08808822013 100000 -1121.457644526788
    vertex 42157.83148656222 100000 -487.2064629055958
  endloop
endfacet
facet normal -0 1 0
  outer loop
    vertex 43095.08808822013 100000 -1121.457644526788
    vertex 44440.69432710459 100000 -801.5854337546449
    vertex 44720.04365634789 100000 -2399.229750520963
  endloop
endfacet
facet normal 0 1 0
  outer loop
    vertex 40449.42813278409 100000 -791.2786120752437
    vertex 41578.46377750576 100000 -1655.088871198756
    vertex 39683.97625895942 100000 -2211.93125675855
  endloop
endfacet
facet normal 0 1 0
  outer loop
    vertex 43095.08808822013 100000 -1121.457644526788
    vertex 41578.46377750576 100000 -1655.088871198756
    vertex 42157.83148656222 100000 -487.2064629055958
  endloop
endfacet
facet normal 0 1 0
  outer loop
    vertex 41578.46377750576 100000 -1655.088871198756
    vertex 41447.31745887409 100000 -4460.215310887674
    vertex 39683.97625895942 100000 -2211.93125675855
  endloop
endfacet
facet normal 0 1 0
  outer loop
    vertex 84609.12084708408 100000 -4672.098321162158
    vertex 81116.70003189308 100000 -5266.128737575451
    vertex 82524.58898174558 100000 -3146.190297973424
  endloop
endfacet
facet normal 0 1 0
  outer loop
    vertex 86941.23445337499 100000 -2941.902498647501
    vertex 84609.12084708408 100000 -4672.098321162158
    vertex 84669.15120799343 100000 -2129.092480044276
  endloop
endfacet
facet normal 0 1 0
  outer loop
    vertex 84669.15120799343 100000 -2129.092480044276
    vertex 84609.12084708408 100000 -4672.098321162158
    vertex 82524.58898174558 100000 -3146.190297973424
  endloop
endfacet
facet normal 0 1 0
  outer loop
    vertex 95209.76502040066 100000 -3225.555890165148
    vertex 92284.77501701874 100000 -4457.48646177743
    vertex 93280.34901618771 100000 -2066.210466513551
  endloop
endfacet
facet normal -0 1 0
  outer loop
    vertex 92284.77501701874 100000 -4457.48646177743
    vertex 95209.76502040066 100000 -3225.555890165148
    vertex 96156.08932381579 100000 -6863.308959661424
  endloop
endfacet
facet normal 0 1 0
  outer loop
    vertex 93280.34901618771 100000 -2066.210466513551
    vertex 92284.77501701874 100000 -4457.48646177743
    vertex 91349.8640173059 100000 -1905.481689145318
  endloop
endfacet
facet normal 0 1 0
  outer loop
    vertex 92284.77501701874 100000 -4457.48646177743
    vertex 89396.34049849279 100000 -2859.033155129713
    vertex 91349.8640173059 100000 -1905.481689145318
  endloop
endfacet
facet normal 0 1 0
  outer loop
    vertex 95209.76502040066 100000 -3225.555890165148
    vertex 96412.70444335329 100000 -1470.758262494291
    vertex 97546.80643348933 100000 -2973.398715679305
  endloop
endfacet
facet normal -0 1 0
  outer loop
    vertex 95209.76502040066 100000 -3225.555890165148
    vertex 97546.80643348933 100000 -2973.398715679305
    vertex 96156.08932381579 100000 -6863.308959661424
  endloop
endfacet
facet normal 0 1 0
  outer loop
    vertex 82524.58898174558 100000 -3146.190297973424
    vertex 81116.70003189308 100000 -5266.128737575451
    vertex 80588.84154314215 100000 -2961.066836995707
  endloop
endfacet
facet normal 0 1 0
  outer loop
    vertex 81116.70003189308 100000 -5266.128737575451
    vertex 77971.05357021208 100000 -3745.284318491207
    vertex 80588.84154314215 100000 -2961.066836995707
  endloop
endfacet
facet normal 0 1 0
  outer loop
    vertex 86328.91470861001 100000 -1285.784064008515
    vertex 86941.23445337499 100000 -2941.902498647501
    vertex 84669.15120799343 100000 -2129.092480044276
  endloop
endfacet
facet normal 0 1 0
  outer loop
    vertex 91349.8640173059 100000 -1905.481689145318
    vertex 89396.34049849279 100000 -2859.033155129713
    vertex 89610.7476906025 100000 -1210.795638615773
  endloop
endfacet
facet normal 0 1 -0
  outer loop
    vertex 86328.91470861001 100000 -1285.784064008515
    vertex 86005.50418331336 100000 -298.7851199010256
    vertex 86782.90697949824 100000 -391.1907846271264
  endloop
endfacet
facet normal 0 1 0
  outer loop
    vertex 91349.8640173059 100000 -1905.481689145318
    vertex 89610.7476906025 100000 -1210.795638615773
    vertex 91197.51364091356 100000 -221.8727694906347
  endloop
endfacet
facet normal 0 1 0
  outer loop
    vertex 81434.28495966076 100000 -1395.043537562256
    vertex 82524.58898174558 100000 -3146.190297973424
    vertex 80588.84154314215 100000 -2961.066836995707
  endloop
endfacet
facet normal -1 0 0
  outer loop
    vertex 0 100000 -7305.991183005052
    vertex 0 97092.72223101648 -3738.002819129362
    vertex 0 100000 -940.5150146484375
  endloop
endfacet
facet normal -1 -0 0
  outer loop
    vertex 0 100000 -940.5150146484375
    vertex 0 97092.72223101648 -3738.002819129362
    vertex 0 95973.02749629712 -307.3879430724427
  endloop
endfacet
facet normal -1 0 0
  outer loop
    vertex 0 0 722.7210083007812
    vertex 0 1085.828741266592 -398.9658710852391
    vertex 0 0 -1688.29568334187
  endloop
endfacet
facet normal -1 -0 -0
  outer loop
    vertex 0 887.5738599223979 522.1106803743463
    vertex 0 1085.828741266592 -398.9658710852391
    vertex 0 0 722.7210083007812
  endloop
endfacet
facet normal -1 0 0
  outer loop
    vertex 0 0 -15000
    vertex 0 4032.294400987064 -11512.7783417245
    vertex 0 9999.999999988911 -15000
  endloop
endfacet
facet normal -1 0 0
  outer loop
    vertex 0 0 -9941.742446859953
    vertex 0 4032.294400987064 -11512.7783417245
    vertex 0 0 -15000
  endloop
endfacet
facet normal -1 0 0
  outer loop
    vertex 0 90000.00000001109 -15000
    vertex 0 94784.78827837731 -7671.486353317392
    vertex 0 100000 -15000
  endloop
endfacet
facet normal -1 0 0
  outer loop
    vertex 0 100000 -15000
    vertex 0 94784.78827837731 -7671.486353317392
    vertex 0 100000 -7305.991183005052
  endloop
endfacet
facet normal -1 0 0
  outer loop
    vertex 0 80000.00000002218 -15000
    vertex 0 82279.71033478821 -8084.849189656974
    vertex 0 90000.00000001109 -15000
  endloop
endfacet
facet normal -1 0 0
  outer loop
    vertex 0 82279.71033478821 -8084.849189656974
    vertex 0 88813.07494171582 -8557.958809114269
    vertex 0 90000.00000001109 -15000
  endloop
endfacet
facet normal -1 0 0
  outer loop
    vertex 0 88813.07494171582 -8557.958809114269
    vertex 0 94784.78827837731 -7671.486353317392
    vertex 0 90000.00000001109 -15000
  endloop
endfacet
facet normal -1 0 0
  outer loop
    vertex 0 70000.00000003327 -15000
    vertex 0 76001.797751848 -9601.145552345411
    vertex 0 80000.00000002218 -15000
  endloop
endfacet
facet normal -1 0 0
  outer loop
    vertex 0 76001.797751848 -9601.145552345411
    vertex 0 82279.71033478821 -8084.849189656974
    vertex 0 80000.00000002218 -15000
  endloop
endfacet
facet normal -1 0 0
  outer loop
    vertex 0 60000.00000004434 -15000
    vertex 0 67042.20445474303 -7583.761218284846
    vertex 0 70000.00000003327 -15000
  endloop
endfacet
facet normal -1 0 0
  outer loop
    vertex 0 70000.00000003327 -15000
    vertex 0 71565.50606117568 -8469.835583803344
    vertex 0 76001.797751848 -9601.145552345411
  endloop
endfacet
facet normal -1 0 0
  outer loop
    vertex 0 67042.20445474303 -7583.761218284846
    vertex 0 71565.50606117568 -8469.835583803344
    vertex 0 70000.00000003327 -15000
  endloop
endfacet
facet normal -1 0 0
  outer loop
    vertex 0 50000.000000054 -15000
    vertex 0 55091.80568669768 -8787.022112846071
    vertex 0 60000.00000004434 -15000
  endloop
endfacet
facet normal -1 0 0
  outer loop
    vertex 0 60000.00000004434 -15000
    vertex 0 60805.05573419319 -6905.084023397956
    vertex 0 67042.20445474303 -7583.761218284846
  endloop
endfacet
facet normal -1 0 0
  outer loop
    vertex 0 60000.00000004434 -15000
    vertex 0 55091.80568669768 -8787.022112846071
    vertex 0 60805.05573419319 -6905.084023397956
  endloop
endfacet
facet normal -1 0 0
  outer loop
    vertex 0 39999.99999999375 -15000
    vertex 0 44080.12826493383 -9231.169586416756
    vertex 0 50000.000000054 -15000
  endloop
endfacet
facet normal -1 0 0
  outer loop
    vertex 0 44080.12826493383 -9231.169586416756
    vertex 0 49502.64919419111 -7646.705366225578
    vertex 0 50000.000000054 -15000
  endloop
endfacet
facet normal -1 0 0
  outer loop
    vertex 0 50000.000000054 -15000
    vertex 0 49502.64919419111 -7646.705366225578
    vertex 0 55091.80568669768 -8787.022112846071
  endloop
endfacet
facet normal -1 0 0
  outer loop
    vertex 0 29999.99999996675 -15000
    vertex 0 34233.91621741266 -10284.71121950556
    vertex 0 39999.99999999375 -15000
  endloop
endfacet
facet normal -1 0 0
  outer loop
    vertex 0 39999.99999999375 -15000
    vertex 0 38404.4455876212 -7998.187481991994
    vertex 0 44080.12826493383 -9231.169586416756
  endloop
endfacet
facet normal -1 0 0
  outer loop
    vertex 0 39999.99999999375 -15000
    vertex 0 34233.91621741266 -10284.71121950556
    vertex 0 38404.4455876212 -7998.187481991994
  endloop
endfacet
facet normal -1 0 0
  outer loop
    vertex 0 19999.99999997784 -15000
    vertex 0 25228.05705395557 -10583.57150395475
    vertex 0 29999.99999996675 -15000
  endloop
endfacet
facet normal -1 0 0
  outer loop
    vertex 0 29272.2146464021 -8066.069367937824
    vertex 0 34233.91621741266 -10284.71121950556
    vertex 0 29999.99999996675 -15000
  endloop
endfacet
facet normal -1 0 0
  outer loop
    vertex 0 29999.99999996675 -15000
    vertex 0 25228.05705395557 -10583.57150395475
    vertex 0 29272.2146464021 -8066.069367937824
  endloop
endfacet
facet normal -1 0 0
  outer loop
    vertex 0 9999.999999988911 -15000
    vertex 0 15375.89183239969 -8838.914422734862
    vertex 0 19999.99999997784 -15000
  endloop
endfacet
facet normal -1 0 0
  outer loop
    vertex 0 15375.89183239969 -8838.914422734862
    vertex 0 21356.47322646212 -8330.439355522631
    vertex 0 19999.99999997784 -15000
  endloop
endfacet
facet normal -1 0 -0
  outer loop
    vertex 0 21356.47322646212 -8330.439355522631
    vertex 0 25228.05705395557 -10583.57150395475
    vertex 0 19999.99999997784 -15000
  endloop
endfacet
facet normal -1 0 0
  outer loop
    vertex 0 9999.999999988911 -15000
    vertex 0 10388.25061484754 -7247.90448706884
    vertex 0 15375.89183239969 -8838.914422734862
  endloop
endfacet
facet normal -1 0 0
  outer loop
    vertex 0 4032.294400987064 -11512.7783417245
    vertex 0 6804.065941387051 -9451.559677546758
    vertex 0 9999.999999988911 -15000
  endloop
endfacet
facet normal -1 0 0
  outer loop
    vertex 0 6804.065941387051 -9451.559677546758
    vertex 0 10388.25061484754 -7247.90448706884
    vertex 0 9999.999999988911 -15000
  endloop
endfacet
facet normal -1 0 0
  outer loop
    vertex 0 0 -6274.378084460526
    vertex 0 3165.000847370566 -8052.276049490659
    vertex 0 0 -9941.742446859953
  endloop
endfacet
facet normal -1 0 -0
  outer loop
    vertex 0 3165.000847370566 -8052.276049490659
    vertex 0 4032.294400987064 -11512.7783417245
    vertex 0 0 -9941.742446859953
  endloop
endfacet
facet normal -1 0 0
  outer loop
    vertex 0 0 -1688.29568334187
    vertex 0 2415.29176316381 -4317.771147408068
    vertex 0 0 -6274.378084460526
  endloop
endfacet
facet normal -1 0 0
  outer loop
    vertex 0 0 -6274.378084460526
    vertex 0 2415.29176316381 -4317.771147408068
    vertex 0 3165.000847370566 -8052.276049490659
  endloop
endfacet
facet normal -1 0 0
  outer loop
    vertex 0 0 -1688.29568334187
    vertex 0 1971.388335574166 -1919.534391273528
    vertex 0 2415.29176316381 -4317.771147408068
  endloop
endfacet
facet normal -1 0 -0
  outer loop
    vertex 0 1085.828741266592 -398.9658710852391
    vertex 0 1971.388335574166 -1919.534391273528
    vertex 0 0 -1688.29568334187
  endloop
endfacet
facet normal -1 -0 0
  outer loop
    vertex 0 100000 -7305.991183005052
    vertex 0 94784.78827837731 -7671.486353317392
    vertex 0 97092.72223101648 -3738.002819129362
  endloop
endfacet
facet normal -1 -0 0
  outer loop
    vertex 0 95973.02749629712 -307.3879430724427
    vertex 0 94277.2928465752 -2849.939765724542
    vertex 0 92324.61807371331 -41.8797935650345
  endloop
endfacet
facet normal -1 0 -0
  outer loop
    vertex 0 95973.02749629712 -307.3879430724427
    vertex 0 97092.72223101648 -3738.002819129362
    vertex 0 94277.2928465752 -2849.939765724542
  endloop
endfacet
facet normal -1 0 0
  outer loop
    vertex 0 92324.61807371331 -41.8797935650345
    vertex 0 90430.89090196675 -3837.769319142042
    vertex 0 89191.78939031585 -43.15352810157083
  endloop
endfacet
facet normal -1 -0 0
  outer loop
    vertex 0 94277.2928465752 -2849.939765724542
    vertex 0 90430.89090196675 -3837.769319142042
    vertex 0 92324.61807371331 -41.8797935650345
  endloop
endfacet
facet normal -1 -0 0
  outer loop
    vertex 0 89191.78939031585 -43.15352810157083
    vertex 0 87253.40407546388 -2195.874827584143
    vertex 0 85380.88182161313 14.37561770785343
  endloop
endfacet
facet normal -1 0 -0
  outer loop
    vertex 0 89191.78939031585 -43.15352810157083
    vertex 0 90430.89090196675 -3837.769319142042
    vertex 0 87253.40407546388 -2195.874827584143
  endloop
endfacet
facet normal -1 -0 0
  outer loop
    vertex 0 85380.88182161313 14.37561770785343
    vertex 0 85070.10170166739 -1887.874216313901
    vertex 0 84154.47257967222 30.82608254518566
  endloop
endfacet
facet normal -1 0 0
  outer loop
    vertex 0 87253.40407546388 -2195.874827584143
    vertex 0 85070.10170166739 -1887.874216313901
    vertex 0 85380.88182161313 14.37561770785343
  endloop
endfacet
facet normal -1 -0 0
  outer loop
    vertex 0 84154.47257967222 30.82608254518566
    vertex 0 83244.79306405435 -1222.492461652588
    vertex 0 82861.21918537856 147.6992297760213
  endloop
endfacet
facet normal -1 0 -0
  outer loop
    vertex 0 84154.47257967222 30.82608254518566
    vertex 0 85070.10170166739 -1887.874216313901
    vertex 0 83244.79306405435 -1222.492461652588
  endloop
endfacet
facet normal -1 -0 0
  outer loop
    vertex 0 82861.21918537856 147.6992297760213
    vertex 0 82204.89190987297 -703.8480024492942
    vertex 0 81816.17621207908 267.3685318727904
  endloop
endfacet
facet normal -1 0 0
  outer loop
    vertex 0 83244.79306405435 -1222.492461652588
    vertex 0 82204.89190987297 -703.8480024492942
    vertex 0 82861.21918537856 147.6992297760213
  endloop
endfacet
facet normal -1 -0 0
  outer loop
    vertex 0 81816.17621207908 267.3685318727904
    vertex 0 81196.0635801965 -629.7392217800769
    vertex 0 80936.061460317 453.5312464422581
  endloop
endfacet
facet normal -1 0 -0
  outer loop
    vertex 0 81816.17621207908 267.3685318727904
    vertex 0 82204.89190987297 -703.8480024492942
    vertex 0 81196.0635801965 -629.7392217800769
  endloop
endfacet
facet normal -1 -0 0
  outer loop
    vertex 0 80936.061460317 453.5312464422581
    vertex 0 80234.4923557539 -287.2870433138868
    vertex 0 80157.16450352434 661.8822603262544
  endloop
endfacet
facet normal -1 0 0
  outer loop
    vertex 0 81196.0635801965 -629.7392217800769
    vertex 0 80234.4923557539 -287.2870433138868
    vertex 0 80936.061460317 453.5312464422581
  endloop
endfacet
facet normal -1 0 0
  outer loop
    vertex 0 80157.16450352434 661.8822603262544
    vertex 0 79682.04975488568 73.78885394739723
    vertex 0 79436.13800023921 594.4824495176797
  endloop
endfacet
facet normal -1 0 0
  outer loop
    vertex 0 80234.4923557539 -287.2870433138868
    vertex 0 79682.04975488568 73.78885394739723
    vertex 0 80157.16450352434 661.8822603262544
  endloop
endfacet
facet normal -1 0 0
  outer loop
    vertex 0 79436.13800023921 594.4824495176797
    vertex 0 79110.15010086821 70.93829743675012
    vertex 0 78815.05855270413 537.1682012496728
  endloop
endfacet
facet normal -1 0 -0
  outer loop
    vertex 0 79436.13800023921 594.4824495176797
    vertex 0 79682.04975488568 73.78885394739723
    vertex 0 79110.15010086821 70.93829743675012
  endloop
endfacet
facet normal -1 -0 0
  outer loop
    vertex 0 78815.05855270413 537.1682012496728
    vertex 0 78362.84373524367 -153.6730995431369
    vertex 0 78242.5610178909 621.7890779439556
  endloop
endfacet
facet normal -1 -0 0
  outer loop
    vertex 0 79110.15010086821 70.93829743675012
    vertex 0 78362.84373524367 -153.6730995431369
    vertex 0 78815.05855270413 537.1682012496728
  endloop
endfacet
facet normal -1 0 0
  outer loop
    vertex 0 78242.5610178909 621.7890779439556
    vertex 0 77649.28961621318 24.28732626944571
    vertex 0 77707.6422017443 618.3903534653887
  endloop
endfacet
facet normal -1 0 0
  outer loop
    vertex 0 78362.84373524367 -153.6730995431369
    vertex 0 77649.28961621318 24.28732626944571
    vertex 0 78242.5610178909 621.7890779439556
  endloop
endfacet
facet normal -1 0 0
  outer loop
    vertex 0 77707.6422017443 618.3903534653887
    vertex 0 77649.28961621318 24.28732626944571
    vertex 0 77187.37442072904 548.5397041795452
  endloop
endfacet
facet normal -1 -0 0
  outer loop
    vertex 0 77187.37442072904 548.5397041795452
    vertex 0 76874.58470492451 -33.81107828956476
    vertex 0 76627.24597865819 572.6804657142218
  endloop
endfacet
facet normal -1 -0 0
  outer loop
    vertex 0 77649.28961621318 24.28732626944571
    vertex 0 76874.58470492451 -33.81107828956476
    vertex 0 77187.37442072904 548.5397041795452
  endloop
endfacet
facet normal -1 -0 0
  outer loop
    vertex 0 76627.24597865819 572.6804657142218
    vertex 0 76283.68424648116 101.4777144615252
    vertex 0 75968.90730726912 656.4596189480845
  endloop
endfacet
facet normal -1 0 -0
  outer loop
    vertex 0 76627.24597865819 572.6804657142218
    vertex 0 76874.58470492451 -33.81107828956476
    vertex 0 76283.68424648116 101.4777144615252
  endloop
endfacet
facet normal -1 -0 0
  outer loop
    vertex 0 75968.90730726912 656.4596189480845
    vertex 0 75609.68309831824 -109.7003800709316
    vertex 0 75167.89703751984 677.7032091831591
  endloop
endfacet
facet normal -1 -0 0
  outer loop
    vertex 0 76283.68424648116 101.4777144615252
    vertex 0 75609.68309831824 -109.7003800709316
    vertex 0 75968.90730726912 656.4596189480845
  endloop
endfacet
facet normal -1 -0 0
  outer loop
    vertex 0 75167.89703751984 677.7032091831591
    vertex 0 74604.62085688498 35.14853764954957
    vertex 0 74268.89485267363 867.3727309543497
  endloop
endfacet
facet normal -1 0 -0
  outer loop
    vertex 0 75167.89703751984 677.7032091831591
    vertex 0 75609.68309831824 -109.7003800709316
    vertex 0 74604.62085688498 35.14853764954957
  endloop
endfacet
facet normal -1 -0 0
  outer loop
    vertex 0 74268.89485267363 867.3727309543497
    vertex 0 73663.5992100713 142.1269696998676
    vertex 0 73392.92752428098 979.7125640922984
  endloop
endfacet
facet normal -1 0 0
  outer loop
    vertex 0 74604.62085688498 35.14853764954957
    vertex 0 73663.5992100713 142.1269696998676
    vertex 0 74268.89485267363 867.3727309543497
  endloop
endfacet
facet normal -1 0 0
  outer loop
    vertex 0 73392.92752428098 979.7125640922984
    vertex 0 72932.88662368673 358.8221508784164
    vertex 0 72625.35044632251 977.3993118942431
  endloop
endfacet
facet normal -1 0 0
  outer loop
    vertex 0 73663.5992100713 142.1269696998676
    vertex 0 72932.88662368673 358.8221508784164
    vertex 0 73392.92752428098 979.7125640922984
  endloop
endfacet
facet normal -1 0 0
  outer loop
    vertex 0 72625.35044632251 977.3993118942431
    vertex 0 72251.98326631739 260.7887368800936
    vertex 0 71886.75031370307 929.7694823642578
  endloop
endfacet
facet normal -1 0 -0
  outer loop
    vertex 0 72625.35044632251 977.3993118942431
    vertex 0 72932.88662368673 358.8221508784164
    vertex 0 72251.98326631739 260.7887368800936
  endloop
endfacet
facet normal -1 -0 0
  outer loop
    vertex 0 71886.75031370307 929.7694823642578
    vertex 0 71340.87267713598 290.2382468370997
    vertex 0 70965.7457908315 960.4676128295038
  endloop
endfacet
facet normal -1 0 0
  outer loop
    vertex 0 72251.98326631739 260.7887368800936
    vertex 0 71340.87267713598 290.2382468370997
    vertex 0 71886.75031370307 929.7694823642578
  endloop
endfacet
facet normal -1 -0 0
  outer loop
    vertex 0 70965.7457908315 960.4676128295038
    vertex 0 70335.03376925214 30.66390880562324
    vertex 0 69724.48718972471 973.8316862495478
  endloop
endfacet
facet normal -1 0 -0
  outer loop
    vertex 0 70965.7457908315 960.4676128295038
    vertex 0 71340.87267713598 290.2382468370997
    vertex 0 70335.03376925214 30.66390880562324
  endloop
endfacet
facet normal -1 -0 0
  outer loop
    vertex 0 69724.48718972471 973.8316862495478
    vertex 0 69019.29044720712 -44.7887177737864
    vertex 0 68485.80742036241 1176.299621729587
  endloop
endfacet
facet normal -1 -0 0
  outer loop
    vertex 0 70335.03376925214 30.66390880562324
    vertex 0 69019.29044720712 -44.7887177737864
    vertex 0 69724.48718972471 973.8316862495478
  endloop
endfacet
facet normal -1 -0 0
  outer loop
    vertex 0 68485.80742036241 1176.299621729587
    vertex 0 67734.09985423007 200.4848555645698
    vertex 0 67477.16256275392 1281.448416734768
  endloop
endfacet
facet normal -1 0 -0
  outer loop
    vertex 0 68485.80742036241 1176.299621729587
    vertex 0 69019.29044720712 -44.7887177737864
    vertex 0 67734.09985423007 200.4848555645698
  endloop
endfacet
facet normal -1 0 0
  outer loop
    vertex 0 67477.16256275392 1281.448416734768
    vertex 0 66770.34838585528 543.3665927864791
    vertex 0 66450.04994781828 1225.338059811188
  endloop
endfacet
facet normal -1 0 0
  outer loop
    vertex 0 67734.09985423007 200.4848555645698
    vertex 0 66770.34838585528 543.3665927864791
    vertex 0 67477.16256275392 1281.448416734768
  endloop
endfacet
facet normal -1 -0 0
  outer loop
    vertex 0 66450.04994781828 1225.338059811188
    vertex 0 65912.00500568176 539.2948619330072
    vertex 0 65148.83530725729 1233.642157123152
  endloop
endfacet
facet normal -1 -0 0
  outer loop
    vertex 0 66770.34838585528 543.3665927864791
    vertex 0 65912.00500568176 539.2948619330072
    vertex 0 66450.04994781828 1225.338059811188
  endloop
endfacet
facet normal -1 0 0
  outer loop
    vertex 0 65148.83530725729 1233.642157123152
    vertex 0 64794.44564776081 74.35572112697203
    vertex 0 63949.06151197706 1018.380705294917
  endloop
endfacet
facet normal -1 0 -0
  outer loop
    vertex 0 65148.83530725729 1233.642157123152
    vertex 0 65912.00500568176 539.2948619330072
    vertex 0 64794.44564776081 74.35572112697203
  endloop
endfacet
facet normal -1 0 0
  outer loop
    vertex 0 63949.06151197706 1018.380705294917
    vertex 0 63665.93752179333 -671.9645512253087
    vertex 0 62580.19682648928 824.7669945308273
  endloop
endfacet
facet normal -1 -0 0
  outer loop
    vertex 0 64794.44564776081 74.35572112697203
    vertex 0 63665.93752179333 -671.9645512253087
    vertex 0 63949.06151197706 1018.380705294917
  endloop
endfacet
facet normal -1 -0 0
  outer loop
    vertex 0 62580.19682648928 824.7669945308273
    vertex 0 61820.44949598416 -957.4070630386592
    vertex 0 61069.07105215511 843.084428316399
  endloop
endfacet
facet normal -1 0 -0
  outer loop
    vertex 0 62580.19682648928 824.7669945308273
    vertex 0 63665.93752179333 -671.9645512253087
    vertex 0 61820.44949598416 -957.4070630386592
  endloop
endfacet
facet normal -1 -0 0
  outer loop
    vertex 0 61069.07105215511 843.084428316399
    vertex 0 60082.54512331072 -679.2628886049555
    vertex 0 59007.60893370865 901.7822914638166
  endloop
endfacet
facet normal -1 0 0
  outer loop
    vertex 0 61820.44949598416 -957.4070630386592
    vertex 0 60082.54512331072 -679.2628886049555
    vertex 0 61069.07105215511 843.084428316399
  endloop
endfacet
facet normal -1 0 0
  outer loop
    vertex 0 59007.60893370865 901.7822914638166
    vertex 0 57994.42635949329 -1356.089433851426
    vertex 0 56484.39336790799 779.4662986765636
  endloop
endfacet
facet normal -1 0 -0
  outer loop
    vertex 0 59007.60893370865 901.7822914638166
    vertex 0 60082.54512331072 -679.2628886049555
    vertex 0 57994.42635949329 -1356.089433851426
  endloop
endfacet
facet normal -1 0 0
  outer loop
    vertex 0 56484.39336790799 779.4662986765636
    vertex 0 55072.62499656522 -1806.816946792835
    vertex 0 52862.29531977688 635.8320385320907
  endloop
endfacet
facet normal -1 -0 0
  outer loop
    vertex 0 57994.42635949329 -1356.089433851426
    vertex 0 55072.62499656522 -1806.816946792835
    vertex 0 56484.39336790799 779.4662986765636
  endloop
endfacet
facet normal -1 0 0
  outer loop
    vertex 0 52862.29531977688 635.8320385320907
    vertex 0 51166.28474560712 -570.506507363667
    vertex 0 51529.00740755384 599.9759516161124
  endloop
endfacet
facet normal -1 0 0
  outer loop
    vertex 0 52862.29531977688 635.8320385320907
    vertex 0 52580.06807739235 -2030.637670131677
    vertex 0 51166.28474560712 -570.506507363667
  endloop
endfacet
facet normal -1 -0 0
  outer loop
    vertex 0 55072.62499656522 -1806.816946792835
    vertex 0 52580.06807739235 -2030.637670131677
    vertex 0 52862.29531977688 635.8320385320907
  endloop
endfacet
facet normal -1 0 0
  outer loop
    vertex 0 51529.00740755384 599.9759516161124
    vertex 0 51166.28474560712 -570.506507363667
    vertex 0 50263.21596470272 535.4352761270499
  endloop
endfacet
facet normal -1 -0 0
  outer loop
    vertex 0 50263.21596470272 535.4352761270499
    vertex 0 49093.9011530421 -363.9654269390193
    vertex 0 49217.07605240666 675.1019625907836
  endloop
endfacet
facet normal -1 0 -0
  outer loop
    vertex 0 50263.21596470272 535.4352761270499
    vertex 0 51166.28474560712 -570.506507363667
    vertex 0 49093.9011530421 -363.9654269390193
  endloop
endfacet
facet normal -1 -0 0
  outer loop
    vertex 0 49217.07605240666 675.1019625907836
    vertex 0 49093.9011530421 -363.9654269390193
    vertex 0 48217.92979655712 708.4118400068847
  endloop
endfacet
facet normal -1 0 0
  outer loop
    vertex 0 48217.92979655712 708.4118400068847
    vertex 0 47705.46946402188 -322.9426151665529
    vertex 0 47110.49734148953 629.2098627344141
  endloop
endfacet
facet normal -1 0 0
  outer loop
    vertex 0 49093.9011530421 -363.9654269390193
    vertex 0 47705.46946402188 -322.9426151665529
    vertex 0 48217.92979655712 708.4118400068847
  endloop
endfacet
facet normal -1 0 0
  outer loop
    vertex 0 47110.49734148953 629.2098627344141
    vertex 0 46280.66706757002 -604.5757486603177
    vertex 0 45620.25935865155 541.3278483023095
  endloop
endfacet
facet normal -1 0 -0
  outer loop
    vertex 0 47110.49734148953 629.2098627344141
    vertex 0 47705.46946402188 -322.9426151665529
    vertex 0 46280.66706757002 -604.5757486603177
  endloop
endfacet
facet normal -1 -0 0
  outer loop
    vertex 0 45620.25935865155 541.3278483023095
    vertex 0 44667.92507171631 -667.3505962331998
    vertex 0 43935.95238029012 686.1855707618831
  endloop
endfacet
facet normal -1 -0 0
  outer loop
    vertex 0 46280.66706757002 -604.5757486603177
    vertex 0 44667.92507171631 -667.3505962331998
    vertex 0 45620.25935865155 541.3278483023095
  endloop
endfacet
facet normal -1 0 0
  outer loop
    vertex 0 43935.95238029012 686.1855707618831
    vertex 0 42049.20841702179 -960.5047996755798
    vertex 0 40149.87277316512 671.6459504074211
  endloop
endfacet
facet normal -1 0 -0
  outer loop
    vertex 0 43935.95238029012 686.1855707618831
    vertex 0 44667.92507171631 -667.3505962331998
    vertex 0 42049.20841702179 -960.5047996755798
  endloop
endfacet
facet normal -1 0 0
  outer loop
    vertex 0 40149.87277316512 671.6459504074211
    vertex 0 37891.36905541469 -1240.902870731257
    vertex 0 38509.07993861017 525.8440882349057
  endloop
endfacet
facet normal -1 -0 0
  outer loop
    vertex 0 42049.20841702179 -960.5047996755798
    vertex 0 39861.10298466623 -2738.283792302887
    vertex 0 40149.87277316512 671.6459504074211
  endloop
endfacet
facet normal -1 0 0
  outer loop
    vertex 0 40149.87277316512 671.6459504074211
    vertex 0 39861.10298466623 -2738.283792302887
    vertex 0 37891.36905541469 -1240.902870731257
  endloop
endfacet
facet normal -1 0 0
  outer loop
    vertex 0 38509.07993861017 525.8440882349057
    vertex 0 37891.36905541469 -1240.902870731257
    vertex 0 36395.05706163611 349.5240936196031
  endloop
endfacet
facet normal -1 0 0
  outer loop
    vertex 0 36395.05706163611 349.5240936196031
    vertex 0 35292.69627717721 -1865.671871273105
    vertex 0 33798.26161851431 295.3511282033443
  endloop
endfacet
facet normal -1 -0 0
  outer loop
    vertex 0 37891.36905541469 -1240.902870731257
    vertex 0 35292.69627717721 -1865.671871273105
    vertex 0 36395.05706163611 349.5240936196031
  endloop
endfacet
facet normal -1 0 0
  outer loop
    vertex 0 33798.26161851431 295.3511282033443
    vertex 0 32543.67521764135 -1883.949177568788
    vertex 0 31283.63899080396 292.2046697157475
  endloop
endfacet
facet normal -1 0 -0
  outer loop
    vertex 0 33798.26161851431 295.3511282033443
    vertex 0 35292.69627717721 -1865.671871273105
    vertex 0 32543.67521764135 -1883.949177568788
  endloop
endfacet
facet normal -1 -0 0
  outer loop
    vertex 0 31283.63899080396 292.2046697157475
    vertex 0 29657.65083157823 -1364.226625571759
    vertex 0 28725.88778964762 352.1538075719518
  endloop
endfacet
facet normal -1 0 0
  outer loop
    vertex 0 32543.67521764135 -1883.949177568788
    vertex 0 29657.65083157823 -1364.226625571759
    vertex 0 31283.63899080396 292.2046697157475
  endloop
endfacet
facet normal -1 -0 0
  outer loop
    vertex 0 28725.88778964762 352.1538075719518
    vertex 0 27477.8735960495 -1328.903366856004
    vertex 0 26461.19785778859 501.3597547605852
  endloop
endfacet
facet normal -1 0 -0
  outer loop
    vertex 0 28725.88778964762 352.1538075719518
    vertex 0 29657.65083157823 -1364.226625571759
    vertex 0 27477.8735960495 -1328.903366856004
  endloop
endfacet
facet normal -1 -0 0
  outer loop
    vertex 0 26461.19785778859 501.3597547605852
    vertex 0 25610.12385440346 -864.0359351359335
    vertex 0 24669.79701257449 592.421683132459
  endloop
endfacet
facet normal -1 0 0
  outer loop
    vertex 0 27477.8735960495 -1328.903366856004
    vertex 0 25610.12385440346 -864.0359351359335
    vertex 0 26461.19785778859 501.3597547605852
  endloop
endfacet
facet normal -1 0 0
  outer loop
    vertex 0 24669.79701257449 592.421683132459
    vertex 0 23926.46860784158 -1125.344281257274
    vertex 0 22983.71888686064 445.3726282797411
  endloop
endfacet
facet normal -1 0 -0
  outer loop
    vertex 0 24669.79701257449 592.421683132459
    vertex 0 25610.12385440346 -864.0359351359335
    vertex 0 23926.46860784158 -1125.344281257274
  endloop
endfacet
facet normal -1 -0 0
  outer loop
    vertex 0 22983.71888686064 445.3726282797411
    vertex 0 21734.98585371614 -1198.221190679622
    vertex 0 21025.39998405989 557.6007817222969
  endloop
endfacet
facet normal -1 -0 0
  outer loop
    vertex 0 23926.46860784158 -1125.344281257274
    vertex 0 21734.98585371614 -1198.221190679622
    vertex 0 22983.71888686064 445.3726282797411
  endloop
endfacet
facet normal -1 0 0
  outer loop
    vertex 0 21025.39998405989 557.6007817222969
    vertex 0 20033.62452144943 -801.4261882451609
    vertex 0 19193.1290708505 502.9913950960429
  endloop
endfacet
facet normal -1 0 -0
  outer loop
    vertex 0 21025.39998405989 557.6007817222969
    vertex 0 21734.98585371614 -1198.221190679622
    vertex 0 20033.62452144943 -801.4261882451609
  endloop
endfacet
facet normal -1 0 0
  outer loop
    vertex 0 19193.1290708505 502.9913950960429
    vertex 0 18408.30090834271 -886.229360078317
    vertex 0 17775.75482511914 500.3597832408142
  endloop
endfacet
facet normal -1 -0 0
  outer loop
    vertex 0 20033.62452144943 -801.4261882451609
    vertex 0 18408.30090834271 -886.229360078317
    vertex 0 19193.1290708505 502.9913950960429
  endloop
endfacet
facet normal -1 -0 0
  outer loop
    vertex 0 17775.75482511914 500.3597832408142
    vertex 0 16827.74915480391 -224.6928204609765
    vertex 0 16704.28919815795 666.5496498171278
  endloop
endfacet
facet normal -1 0 -0
  outer loop
    vertex 0 17775.75482511914 500.3597832408142
    vertex 0 18408.30090834271 -886.229360078317
    vertex 0 16827.74915480391 -224.6928204609765
  endloop
endfacet
facet normal -1 -0 -0
  outer loop
    vertex 0 16704.28919815795 666.5496498171278
    vertex 0 16827.74915480391 -224.6928204609765
    vertex 0 15709.02054853562 779.2064141288495
  endloop
endfacet
facet normal -1 -0 0
  outer loop
    vertex 0 15709.02054853562 779.2064141288495
    vertex 0 15321.42431062211 -515.1108700694019
    vertex 0 14475.93046532695 806.0639868412794
  endloop
endfacet
facet normal -1 -0 0
  outer loop
    vertex 0 16827.74915480391 -224.6928204609765
    vertex 0 15321.42431062211 -515.1108700694019
    vertex 0 15709.02054853562 779.2064141288495
  endloop
endfacet
facet normal -1 0 0
  outer loop
    vertex 0 14475.93046532695 806.0639868412794
    vertex 0 13823.08869991778 -304.8809139687438
    vertex 0 13104.02625993277 795.6848473672583
  endloop
endfacet
facet normal -1 0 0
  outer loop
    vertex 0 15321.42431062211 -515.1108700694019
    vertex 0 13823.08869991778 -304.8809139687438
    vertex 0 14475.93046532695 806.0639868412794
  endloop
endfacet
facet normal -1 0 0
  outer loop
    vertex 0 13104.02625993277 795.6848473672583
    vertex 0 12462.056274771 -841.8526814409948
    vertex 0 11282.24045378114 677.3217837836289
  endloop
endfacet
facet normal -1 0 -0
  outer loop
    vertex 0 13104.02625993277 795.6848473672583
    vertex 0 13823.08869991778 -304.8809139687438
    vertex 0 12462.056274771 -841.8526814409948
  endloop
endfacet
facet normal -1 0 0
  outer loop
    vertex 0 11282.24045378114 677.3217837836289
    vertex 0 10253.10457349472 -1145.122987950882
    vertex 0 8824.658100669425 559.452752117984
  endloop
endfacet
facet normal -1 -0 0
  outer loop
    vertex 0 12462.056274771 -841.8526814409948
    vertex 0 10253.10457349472 -1145.122987950882
    vertex 0 11282.24045378114 677.3217837836289
  endloop
endfacet
facet normal -1 0 0
  outer loop
    vertex 0 8824.658100669425 559.452752117984
    vertex 0 7611.154439948665 -1328.016768678538
    vertex 0 6149.025667913548 441.9578555674463
  endloop
endfacet
facet normal -1 0 -0
  outer loop
    vertex 0 8824.658100669425 559.452752117984
    vertex 0 10253.10457349472 -1145.122987950882
    vertex 0 7611.154439948665 -1328.016768678538
  endloop
endfacet
facet normal -1 0 0
  outer loop
    vertex 0 6149.025667913548 441.9578555674463
    vertex 0 5195.019872890856 -1034.54643855097
    vertex 0 4183.601444692656 403.2382291194293
  endloop
endfacet
facet normal -1 0 0
  outer loop
    vertex 0 7611.154439948665 -1328.016768678538
    vertex 0 5195.019872890856 -1034.54643855097
    vertex 0 6149.025667913548 441.9578555674463
  endloop
endfacet
facet normal -1 -0 0
  outer loop
    vertex 0 4183.601444692656 403.2382291194293
    vertex 0 3686.285015983383 -660.391942228558
    vertex 0 2784.055233831765 438.0222129887509
  endloop
endfacet
facet normal -1 0 -0
  outer loop
    vertex 0 4183.601444692656 403.2382291194293
    vertex 0 5195.019872890856 -1034.54643855097
    vertex 0 3686.285015983383 -660.391942228558
  endloop
endfacet
facet normal -1 0 0
  outer loop
    vertex 0 2784.055233831765 438.0222129887509
    vertex 0 2459.062739379042 -752.4797318907188
    vertex 0 1784.993113500576 372.8665580013893
  endloop
endfacet
facet normal -1 -0 0
  outer loop
    vertex 0 3686.285015983383 -660.391942228558
    vertex 0 2459.062739379042 -752.4797318907188
    vertex 0 2784.055233831765 438.0222129887509
  endloop
endfacet
facet normal -1 -0 0
  outer loop
    vertex 0 1784.993113500576 372.8665580013893
    vertex 0 1085.828741266592 -398.9658710852391
    vertex 0 887.5738599223979 522.1106803743463
  endloop
endfacet
facet normal -1 0 -0
  outer loop
    vertex 0 1784.993113500576 372.8665580013893
    vertex 0 2459.062739379042 -752.4797318907188
    vertex 0 1085.828741266592 -398.9658710852391
  endloop
endfacet
facet normal -1 0 -0
  outer loop
    vertex 0 76283.68424648116 101.4777144615252
    vertex 0 76393.78159047515 -808.2655624969439
    vertex 0 75609.68309831824 -109.7003800709316
  endloop
endfacet
facet normal -1 -0 0
  outer loop
    vertex 0 76874.58470492451 -33.81107828956476
    vertex 0 76393.78159047515 -808.2655624969439
    vertex 0 76283.68424648116 101.4777144615252
  endloop
endfacet
facet normal -1 0 -0
  outer loop
    vertex 0 72251.98326631739 260.7887368800936
    vertex 0 72730.57267144142 -565.9168281744201
    vertex 0 71482.03281937653 -847.3581390930512
  endloop
endfacet
facet normal -1 0 0
  outer loop
    vertex 0 71482.03281937653 -847.3581390930512
    vertex 0 71340.87267713598 290.2382468370997
    vertex 0 72251.98326631739 260.7887368800936
  endloop
endfacet
facet normal -1 0 0
  outer loop
    vertex 0 72932.88662368673 358.8221508784164
    vertex 0 72730.57267144142 -565.9168281744201
    vertex 0 72251.98326631739 260.7887368800936
  endloop
endfacet
facet normal -1 0 -0
  outer loop
    vertex 0 79110.15010086821 70.93829743675012
    vertex 0 79151.61859451271 -801.2044774029174
    vertex 0 78362.84373524367 -153.6730995431369
  endloop
endfacet
facet normal -1 0 0
  outer loop
    vertex 0 79110.15010086821 70.93829743675012
    vertex 0 79682.04975488568 73.78885394739723
    vertex 0 79151.61859451271 -801.2044774029174
  endloop
endfacet
facet normal -1 -0 0
  outer loop
    vertex 0 69019.29044720712 -44.7887177737864
    vertex 0 67964.03709678564 -1170.563342612263
    vertex 0 67734.09985423007 200.4848555645698
  endloop
endfacet
facet normal -1 0 0
  outer loop
    vertex 0 67964.03709678564 -1170.563342612263
    vertex 0 66396.34573971707 -380.2282211827554
    vertex 0 67734.09985423007 200.4848555645698
  endloop
endfacet
facet normal -1 0 0
  outer loop
    vertex 0 66396.34573971707 -380.2282211827554
    vertex 0 66770.34838585528 543.3665927864791
    vertex 0 67734.09985423007 200.4848555645698
  endloop
endfacet
facet normal -1 -0 0
  outer loop
    vertex 0 81196.0635801965 -629.7392217800769
    vertex 0 80218.93027485943 -1580.777853423074
    vertex 0 80234.4923557539 -287.2870433138868
  endloop
endfacet
facet normal -1 0 -0
  outer loop
    vertex 0 81196.0635801965 -629.7392217800769
    vertex 0 81775.88431261439 -1811.68630492279
    vertex 0 80218.93027485943 -1580.777853423074
  endloop
endfacet
facet normal -1 0 0
  outer loop
    vertex 0 81196.0635801965 -629.7392217800769
    vertex 0 82204.89190987297 -703.8480024492942
    vertex 0 81775.88431261439 -1811.68630492279
  endloop
endfacet
facet normal -1 0 -0
  outer loop
    vertex 0 83244.79306405435 -1222.492461652588
    vertex 0 83276.75580777213 -3319.157623952457
    vertex 0 81775.88431261439 -1811.68630492279
  endloop
endfacet
facet normal -1 0 0
  outer loop
    vertex 0 81775.88431261439 -1811.68630492279
    vertex 0 82204.89190987297 -703.8480024492942
    vertex 0 83244.79306405435 -1222.492461652588
  endloop
endfacet
facet normal -1 0 0
  outer loop
    vertex 0 83244.79306405435 -1222.492461652588
    vertex 0 85070.10170166739 -1887.874216313901
    vertex 0 83276.75580777213 -3319.157623952457
  endloop
endfacet
facet normal -1 0 -0
  outer loop
    vertex 0 64794.44564776081 74.35572112697203
    vertex 0 65213.29241515207 -1644.684486455617
    vertex 0 63665.93752179333 -671.9645512253087
  endloop
endfacet
facet normal -1 -0 0
  outer loop
    vertex 0 66396.34573971707 -380.2282211827554
    vertex 0 65213.29241515207 -1644.684486455617
    vertex 0 64794.44564776081 74.35572112697203
  endloop
endfacet
facet normal -1 0 0
  outer loop
    vertex 0 64794.44564776081 74.35572112697203
    vertex 0 65912.00500568176 539.2948619330072
    vertex 0 66396.34573971707 -380.2282211827554
  endloop
endfacet
facet normal -1 0 -0
  outer loop
    vertex 0 61820.44949598416 -957.4070630386592
    vertex 0 63798.00159843442 -3282.839498983326
    vertex 0 60521.16977521239 -2827.684665914907
  endloop
endfacet
facet normal -1 0 0
  outer loop
    vertex 0 60521.16977521239 -2827.684665914907
    vertex 0 60082.54512331072 -679.2628886049555
    vertex 0 61820.44949598416 -957.4070630386592
  endloop
endfacet
facet normal -1 0 0
  outer loop
    vertex 0 61820.44949598416 -957.4070630386592
    vertex 0 63665.93752179333 -671.9645512253087
    vertex 0 63798.00159843442 -3282.839498983326
  endloop
endfacet
facet normal -1 -0 0
  outer loop
    vertex 0 90430.89090196675 -3837.769319142042
    vertex 0 86117.44959290831 -5002.147613745708
    vertex 0 87253.40407546388 -2195.874827584143
  endloop
endfacet
facet normal -1 0 0
  outer loop
    vertex 0 86117.44959290831 -5002.147613745708
    vertex 0 85070.10170166739 -1887.874216313901
    vertex 0 87253.40407546388 -2195.874827584143
  endloop
endfacet
facet normal -1 -0 0
  outer loop
    vertex 0 7611.154439948665 -1328.016768678538
    vertex 0 6296.204930837141 -2825.454432407331
    vertex 0 5195.019872890856 -1034.54643855097
  endloop
endfacet
facet normal -1 0 0
  outer loop
    vertex 0 10253.10457349472 -1145.122987950882
    vertex 0 8694.01703364101 -3551.31315465918
    vertex 0 7611.154439948665 -1328.016768678538
  endloop
endfacet
facet normal -1 0 -0
  outer loop
    vertex 0 7611.154439948665 -1328.016768678538
    vertex 0 8694.01703364101 -3551.31315465918
    vertex 0 6296.204930837141 -2825.454432407331
  endloop
endfacet
facet normal -1 0 0
  outer loop
    vertex 0 12462.056274771 -841.8526814409948
    vertex 0 11672.63781051039 -3272.759412687768
    vertex 0 10253.10457349472 -1145.122987950882
  endloop
endfacet
facet normal -1 0 -0
  outer loop
    vertex 0 12462.056274771 -841.8526814409948
    vertex 0 13969.64664547976 -2015.870837044005
    vertex 0 11672.63781051039 -3272.759412687768
  endloop
endfacet
facet normal -1 0 0
  outer loop
    vertex 0 12462.056274771 -841.8526814409948
    vertex 0 13823.08869991778 -304.8809139687438
    vertex 0 13969.64664547976 -2015.870837044005
  endloop
endfacet
facet normal -1 0 -0
  outer loop
    vertex 0 16827.74915480391 -224.6928204609765
    vertex 0 16865.68343125191 -2327.985430594918
    vertex 0 15321.42431062211 -515.1108700694019
  endloop
endfacet
facet normal -1 -0 0
  outer loop
    vertex 0 18408.30090834271 -886.229360078317
    vertex 0 16865.68343125191 -2327.985430594918
    vertex 0 16827.74915480391 -224.6928204609765
  endloop
endfacet
facet normal -1 -0 0
  outer loop
    vertex 0 21734.98585371614 -1198.221190679622
    vertex 0 19638.05204852526 -2429.694747414724
    vertex 0 20033.62452144943 -801.4261882451609
  endloop
endfacet
facet normal -1 0 0
  outer loop
    vertex 0 20033.62452144943 -801.4261882451609
    vertex 0 19638.05204852526 -2429.694747414724
    vertex 0 18408.30090834271 -886.229360078317
  endloop
endfacet
facet normal -1 0 0
  outer loop
    vertex 0 23926.46860784158 -1125.344281257274
    vertex 0 22287.75045241946 -4079.400197572884
    vertex 0 21734.98585371614 -1198.221190679622
  endloop
endfacet
facet normal -1 0 -0
  outer loop
    vertex 0 23926.46860784158 -1125.344281257274
    vertex 0 25515.28219776314 -2959.713465459434
    vertex 0 22287.75045241946 -4079.400197572884
  endloop
endfacet
facet normal -1 0 0
  outer loop
    vertex 0 23926.46860784158 -1125.344281257274
    vertex 0 25610.12385440346 -864.0359351359335
    vertex 0 25515.28219776314 -2959.713465459434
  endloop
endfacet
facet normal -1 0 0
  outer loop
    vertex 0 57994.42635949329 -1356.089433851426
    vertex 0 57503.03730687268 -4399.009745076857
    vertex 0 55072.62499656522 -1806.816946792835
  endloop
endfacet
facet normal -1 0 -0
  outer loop
    vertex 0 57994.42635949329 -1356.089433851426
    vertex 0 60521.16977521239 -2827.684665914907
    vertex 0 57503.03730687268 -4399.009745076857
  endloop
endfacet
facet normal -1 0 0
  outer loop
    vertex 0 57994.42635949329 -1356.089433851426
    vertex 0 60082.54512331072 -679.2628886049555
    vertex 0 60521.16977521239 -2827.684665914907
  endloop
endfacet
facet normal -1 -0 0
  outer loop
    vertex 0 5195.019872890856 -1034.54643855097
    vertex 0 3896.758434061385 -2440.159522641743
    vertex 0 3686.285015983383 -660.391942228558
  endloop
endfacet
facet normal -1 0 -0
  outer loop
    vertex 0 3686.285015983383 -660.391942228558
    vertex 0 3896.758434061385 -2440.159522641743
    vertex 0 2459.062739379042 -752.4797318907188
  endloop
endfacet
facet normal -1 -0 0
  outer loop
    vertex 0 29657.65083157823 -1364.226625571759
    vertex 0 29067.31639135469 -3926.215721043585
    vertex 0 27477.8735960495 -1328.903366856004
  endloop
endfacet
facet normal -1 0 -0
  outer loop
    vertex 0 27477.8735960495 -1328.903366856004
    vertex 0 29067.31639135469 -3926.215721043585
    vertex 0 25515.28219776314 -2959.713465459434
  endloop
endfacet
facet normal -1 0 0
  outer loop
    vertex 0 25515.28219776314 -2959.713465459434
    vertex 0 25610.12385440346 -864.0359351359335
    vertex 0 27477.8735960495 -1328.903366856004
  endloop
endfacet
facet normal -1 -0 0
  outer loop
    vertex 0 51166.28474560712 -570.506507363667
    vertex 0 50483.81166707558 -2252.266191790652
    vertex 0 49093.9011530421 -363.9654269390193
  endloop
endfacet
facet normal -1 0 0
  outer loop
    vertex 0 47824.35196145061 -1983.793602974726
    vertex 0 47705.46946402188 -322.9426151665529
    vertex 0 49093.9011530421 -363.9654269390193
  endloop
endfacet
facet normal -1 0 -0
  outer loop
    vertex 0 49093.9011530421 -363.9654269390193
    vertex 0 50483.81166707558 -2252.266191790652
    vertex 0 47824.35196145061 -1983.793602974726
  endloop
endfacet
facet normal -1 -0 0
  outer loop
    vertex 0 52580.06807739235 -2030.637670131677
    vertex 0 50483.81166707558 -2252.266191790652
    vertex 0 51166.28474560712 -570.506507363667
  endloop
endfacet
facet normal -1 0 -0
  outer loop
    vertex 0 46280.66706757002 -604.5757486603177
    vertex 0 47824.35196145061 -1983.793602974726
    vertex 0 44744.95866937732 -2398.293461509606
  endloop
endfacet
facet normal -1 0 0
  outer loop
    vertex 0 44744.95866937732 -2398.293461509606
    vertex 0 44667.92507171631 -667.3505962331998
    vertex 0 46280.66706757002 -604.5757486603177
  endloop
endfacet
facet normal -1 0 0
  outer loop
    vertex 0 46280.66706757002 -604.5757486603177
    vertex 0 47705.46946402188 -322.9426151665529
    vertex 0 47824.35196145061 -1983.793602974726
  endloop
endfacet
facet normal -1 0 -0
  outer loop
    vertex 0 42049.20841702179 -960.5047996755798
    vertex 0 44744.95866937732 -2398.293461509606
    vertex 0 41613.43288941815 -5269.01212743104
  endloop
endfacet
facet normal -1 0 0
  outer loop
    vertex 0 41613.43288941815 -5269.01212743104
    vertex 0 39861.10298466623 -2738.283792302887
    vertex 0 42049.20841702179 -960.5047996755798
  endloop
endfacet
facet normal -1 0 0
  outer loop
    vertex 0 42049.20841702179 -960.5047996755798
    vertex 0 44667.92507171631 -667.3505962331998
    vertex 0 44744.95866937732 -2398.293461509606
  endloop
endfacet
facet normal -1 0 0
  outer loop
    vertex 0 37891.36905541469 -1240.902870731257
    vertex 0 37094.35441110095 -4199.155744993325
    vertex 0 35292.69627717721 -1865.671871273105
  endloop
endfacet
facet normal -1 -0 0
  outer loop
    vertex 0 39861.10298466623 -2738.283792302887
    vertex 0 37094.35441110095 -4199.155744993325
    vertex 0 37891.36905541469 -1240.902870731257
  endloop
endfacet
facet normal -1 0 0
  outer loop
    vertex 0 2415.29176316381 -4317.771147408068
    vertex 0 5942.749832207606 -5488.620839161731
    vertex 0 3165.000847370566 -8052.276049490659
  endloop
endfacet
facet normal -1 0 -0
  outer loop
    vertex 0 5942.749832207606 -5488.620839161731
    vertex 0 6804.065941387051 -9451.559677546758
    vertex 0 3165.000847370566 -8052.276049490659
  endloop
endfacet
facet normal -1 0 0
  outer loop
    vertex 0 3165.000847370566 -8052.276049490659
    vertex 0 6804.065941387051 -9451.559677546758
    vertex 0 4032.294400987064 -11512.7783417245
  endloop
endfacet
facet normal -1 0 0
  outer loop
    vertex 0 35292.69627717721 -1865.671871273105
    vertex 0 33492.92085307949 -5359.299247597992
    vertex 0 32543.67521764135 -1883.949177568788
  endloop
endfacet
facet normal -1 0 0
  outer loop
    vertex 0 33492.92085307949 -5359.299247597992
    vertex 0 29067.31639135469 -3926.215721043585
    vertex 0 32543.67521764135 -1883.949177568788
  endloop
endfacet
facet normal -1 -0 0
  outer loop
    vertex 0 32543.67521764135 -1883.949177568788
    vertex 0 29067.31639135469 -3926.215721043585
    vertex 0 29657.65083157823 -1364.226625571759
  endloop
endfacet
facet normal -1 0 -0
  outer loop
    vertex 0 94277.2928465752 -2849.939765724542
    vertex 0 94784.78827837731 -7671.486353317392
    vertex 0 90430.89090196675 -3837.769319142042
  endloop
endfacet
facet normal -1 -0 0
  outer loop
    vertex 0 97092.72223101648 -3738.002819129362
    vertex 0 94784.78827837731 -7671.486353317392
    vertex 0 94277.2928465752 -2849.939765724542
  endloop
endfacet
facet normal -1 0 0
  outer loop
    vertex 0 2415.29176316381 -4317.771147408068
    vertex 0 3896.758434061385 -2440.159522641743
    vertex 0 5942.749832207606 -5488.620839161731
  endloop
endfacet
facet normal -1 0 0
  outer loop
    vertex 0 2415.29176316381 -4317.771147408068
    vertex 0 1971.388335574166 -1919.534391273528
    vertex 0 3896.758434061385 -2440.159522641743
  endloop
endfacet
facet normal -1 0 0
  outer loop
    vertex 0 5942.749832207606 -5488.620839161731
    vertex 0 10388.25061484754 -7247.90448706884
    vertex 0 6804.065941387051 -9451.559677546758
  endloop
endfacet
facet normal -1 0 0
  outer loop
    vertex 0 5942.749832207606 -5488.620839161731
    vertex 0 8694.01703364101 -3551.31315465918
    vertex 0 10388.25061484754 -7247.90448706884
  endloop
endfacet
facet normal -1 0 0
  outer loop
    vertex 0 3896.758434061385 -2440.159522641743
    vertex 0 6296.204930837141 -2825.454432407331
    vertex 0 5942.749832207606 -5488.620839161731
  endloop
endfacet
facet normal -1 0 -0
  outer loop
    vertex 0 6296.204930837141 -2825.454432407331
    vertex 0 8694.01703364101 -3551.31315465918
    vertex 0 5942.749832207606 -5488.620839161731
  endloop
endfacet
facet normal -1 0 0
  outer loop
    vertex 0 57503.03730687268 -4399.009745076857
    vertex 0 52871.48976502815 -4305.434233347246
    vertex 0 55072.62499656522 -1806.816946792835
  endloop
endfacet
facet normal -1 0 0
  outer loop
    vertex 0 52871.48976502815 -4305.434233347246
    vertex 0 52580.06807739235 -2030.637670131677
    vertex 0 55072.62499656522 -1806.816946792835
  endloop
endfacet
facet normal -1 -0 0
  outer loop
    vertex 0 57503.03730687268 -4399.009745076857
    vertex 0 55091.80568669768 -8787.022112846071
    vertex 0 52871.48976502815 -4305.434233347246
  endloop
endfacet
facet normal -1 0 -0
  outer loop
    vertex 0 60521.16977521239 -2827.684665914907
    vertex 0 60805.05573419319 -6905.084023397956
    vertex 0 57503.03730687268 -4399.009745076857
  endloop
endfacet
facet normal -1 -0 0
  outer loop
    vertex 0 60805.05573419319 -6905.084023397956
    vertex 0 55091.80568669768 -8787.022112846071
    vertex 0 57503.03730687268 -4399.009745076857
  endloop
endfacet
facet normal -1 0 0
  outer loop
    vertex 0 55091.80568669768 -8787.022112846071
    vertex 0 49502.64919419111 -7646.705366225578
    vertex 0 52871.48976502815 -4305.434233347246
  endloop
endfacet
facet normal -1 0 0
  outer loop
    vertex 0 49502.64919419111 -7646.705366225578
    vertex 0 49366.77429993321 -4259.259709987578
    vertex 0 52871.48976502815 -4305.434233347246
  endloop
endfacet
facet normal -1 0 0
  outer loop
    vertex 0 49366.77429993321 -4259.259709987578
    vertex 0 50483.81166707558 -2252.266191790652
    vertex 0 52871.48976502815 -4305.434233347246
  endloop
endfacet
facet normal -1 0 0
  outer loop
    vertex 0 52871.48976502815 -4305.434233347246
    vertex 0 50483.81166707558 -2252.266191790652
    vertex 0 52580.06807739235 -2030.637670131677
  endloop
endfacet
facet normal -1 0 0
  outer loop
    vertex 0 76001.797751848 -9601.145552345411
    vertex 0 78069.37622389298 -5463.887648479893
    vertex 0 82279.71033478821 -8084.849189656974
  endloop
endfacet
facet normal -1 0 0
  outer loop
    vertex 0 76001.797751848 -9601.145552345411
    vertex 0 74206.8707897608 -5170.630057026786
    vertex 0 78069.37622389298 -5463.887648479893
  endloop
endfacet
facet normal -1 0 0
  outer loop
    vertex 0 71565.50606117568 -8469.835583803344
    vertex 0 74206.8707897608 -5170.630057026786
    vertex 0 76001.797751848 -9601.145552345411
  endloop
endfacet
facet normal -1 0 0
  outer loop
    vertex 0 67042.20445474303 -7583.761218284846
    vertex 0 67385.89428136914 -3339.56022867918
    vertex 0 70585.37513524972 -4811.704109532287
  endloop
endfacet
facet normal -1 0 -0
  outer loop
    vertex 0 70585.37513524972 -4811.704109532287
    vertex 0 71565.50606117568 -8469.835583803344
    vertex 0 67042.20445474303 -7583.761218284846
  endloop
endfacet
facet normal -1 0 0
  outer loop
    vertex 0 67042.20445474303 -7583.761218284846
    vertex 0 60805.05573419319 -6905.084023397956
    vertex 0 63798.00159843442 -3282.839498983326
  endloop
endfacet
facet normal -1 0 0
  outer loop
    vertex 0 63798.00159843442 -3282.839498983326
    vertex 0 67385.89428136914 -3339.56022867918
    vertex 0 67042.20445474303 -7583.761218284846
  endloop
endfacet
facet normal -1 0 0
  outer loop
    vertex 0 78069.37622389298 -5463.887648479893
    vertex 0 80508.04024966154 -3501.669286567373
    vertex 0 82279.71033478821 -8084.849189656974
  endloop
endfacet
facet normal -1 0 0
  outer loop
    vertex 0 82279.71033478821 -8084.849189656974
    vertex 0 86117.44959290831 -5002.147613745708
    vertex 0 88813.07494171582 -8557.958809114269
  endloop
endfacet
facet normal -1 0 0
  outer loop
    vertex 0 82279.71033478821 -8084.849189656974
    vertex 0 80508.04024966154 -3501.669286567373
    vertex 0 83276.75580777213 -3319.157623952457
  endloop
endfacet
facet normal -1 0 -0
  outer loop
    vertex 0 83276.75580777213 -3319.157623952457
    vertex 0 86117.44959290831 -5002.147613745708
    vertex 0 82279.71033478821 -8084.849189656974
  endloop
endfacet
facet normal -1 0 0
  outer loop
    vertex 0 67385.89428136914 -3339.56022867918
    vertex 0 69877.50963151241 -1810.038279063507
    vertex 0 70585.37513524972 -4811.704109532287
  endloop
endfacet
facet normal -1 0 0
  outer loop
    vertex 0 69877.50963151241 -1810.038279063507
    vertex 0 72364.48214891065 -2313.160464888726
    vertex 0 70585.37513524972 -4811.704109532287
  endloop
endfacet
facet normal -1 0 -0
  outer loop
    vertex 0 72364.48214891065 -2313.160464888726
    vertex 0 74206.8707897608 -5170.630057026786
    vertex 0 70585.37513524972 -4811.704109532287
  endloop
endfacet
facet normal -1 0 0
  outer loop
    vertex 0 70585.37513524972 -4811.704109532287
    vertex 0 74206.8707897608 -5170.630057026786
    vertex 0 71565.50606117568 -8469.835583803344
  endloop
endfacet
facet normal -1 0 0
  outer loop
    vertex 0 70335.03376925214 30.66390880562324
    vertex 0 69877.50963151241 -1810.038279063507
    vertex 0 69019.29044720712 -44.7887177737864
  endloop
endfacet
facet normal -1 0 -0
  outer loop
    vertex 0 70335.03376925214 30.66390880562324
    vertex 0 71482.03281937653 -847.3581390930512
    vertex 0 69877.50963151241 -1810.038279063507
  endloop
endfacet
facet normal -1 0 0
  outer loop
    vertex 0 70335.03376925214 30.66390880562324
    vertex 0 71340.87267713598 290.2382468370997
    vertex 0 71482.03281937653 -847.3581390930512
  endloop
endfacet
facet normal -1 -0 0
  outer loop
    vertex 0 79151.61859451271 -801.2044774029174
    vertex 0 77691.69354034199 -1156.980753023926
    vertex 0 78362.84373524367 -153.6730995431369
  endloop
endfacet
facet normal -1 -0 0
  outer loop
    vertex 0 78362.84373524367 -153.6730995431369
    vertex 0 77691.69354034199 -1156.980753023926
    vertex 0 77649.28961621318 24.28732626944571
  endloop
endfacet
facet normal -1 0 0
  outer loop
    vertex 0 80234.4923557539 -287.2870433138868
    vertex 0 80218.93027485943 -1580.777853423074
    vertex 0 79151.61859451271 -801.2044774029174
  endloop
endfacet
facet normal -1 0 0
  outer loop
    vertex 0 79151.61859451271 -801.2044774029174
    vertex 0 79682.04975488568 73.78885394739723
    vertex 0 80234.4923557539 -287.2870433138868
  endloop
endfacet
facet normal -1 -0 0
  outer loop
    vertex 0 80218.93027485943 -1580.777853423074
    vertex 0 78742.75692607503 -2530.338036156462
    vertex 0 79151.61859451271 -801.2044774029174
  endloop
endfacet
facet normal -1 0 0
  outer loop
    vertex 0 78742.75692607503 -2530.338036156462
    vertex 0 77691.69354034199 -1156.980753023926
    vertex 0 79151.61859451271 -801.2044774029174
  endloop
endfacet
facet normal -1 0 0
  outer loop
    vertex 0 77691.69354034199 -1156.980753023926
    vertex 0 76874.58470492451 -33.81107828956476
    vertex 0 77649.28961621318 24.28732626944571
  endloop
endfacet
facet normal -1 0 0
  outer loop
    vertex 0 15375.89183239969 -8838.914422734862
    vertex 0 18497.96712397192 -5284.90611731744
    vertex 0 21356.47322646212 -8330.439355522631
  endloop
endfacet
facet normal -1 0 0
  outer loop
    vertex 0 15375.89183239969 -8838.914422734862
    vertex 0 13872.81517420301 -5230.03160749921
    vertex 0 18497.96712397192 -5284.90611731744
  endloop
endfacet
facet normal -1 0 0
  outer loop
    vertex 0 10388.25061484754 -7247.90448706884
    vertex 0 13872.81517420301 -5230.03160749921
    vertex 0 15375.89183239969 -8838.914422734862
  endloop
endfacet
facet normal -1 0 0
  outer loop
    vertex 0 18497.96712397192 -5284.90611731744
    vertex 0 22287.75045241946 -4079.400197572884
    vertex 0 21356.47322646212 -8330.439355522631
  endloop
endfacet
facet normal -1 0 -0
  outer loop
    vertex 0 22287.75045241946 -4079.400197572884
    vertex 0 25511.59739696903 -6521.348796313293
    vertex 0 21356.47322646212 -8330.439355522631
  endloop
endfacet
facet normal -1 0 0
  outer loop
    vertex 0 25511.59739696903 -6521.348796313293
    vertex 0 25228.05705395557 -10583.57150395475
    vertex 0 21356.47322646212 -8330.439355522631
  endloop
endfacet
facet normal -1 0 0
  outer loop
    vertex 0 38404.4455876212 -7998.187481991994
    vertex 0 41613.43288941815 -5269.01212743104
    vertex 0 44080.12826493383 -9231.169586416756
  endloop
endfacet
facet normal -1 0 0
  outer loop
    vertex 0 41613.43288941815 -5269.01212743104
    vertex 0 46034.16660908706 -4904.523894082777
    vertex 0 44080.12826493383 -9231.169586416756
  endloop
endfacet
facet normal -1 0 -0
  outer loop
    vertex 0 46034.16660908706 -4904.523894082777
    vertex 0 49502.64919419111 -7646.705366225578
    vertex 0 44080.12826493383 -9231.169586416756
  endloop
endfacet
facet normal -1 0 0
  outer loop
    vertex 0 33492.92085307949 -5359.299247597992
    vertex 0 37094.35441110095 -4199.155744993325
    vertex 0 38404.4455876212 -7998.187481991994
  endloop
endfacet
facet normal -1 -0 0
  outer loop
    vertex 0 38404.4455876212 -7998.187481991994
    vertex 0 34233.91621741266 -10284.71121950556
    vertex 0 33492.92085307949 -5359.299247597992
  endloop
endfacet
facet normal -1 0 0
  outer loop
    vertex 0 38404.4455876212 -7998.187481991994
    vertex 0 37094.35441110095 -4199.155744993325
    vertex 0 41613.43288941815 -5269.01212743104
  endloop
endfacet
facet normal -1 0 0
  outer loop
    vertex 0 29272.2146464021 -8066.069367937824
    vertex 0 29067.31639135469 -3926.215721043585
    vertex 0 33492.92085307949 -5359.299247597992
  endloop
endfacet
facet normal -1 0 -0
  outer loop
    vertex 0 33492.92085307949 -5359.299247597992
    vertex 0 34233.91621741266 -10284.71121950556
    vertex 0 29272.2146464021 -8066.069367937824
  endloop
endfacet
facet normal -1 0 0
  outer loop
    vertex 0 29272.2146464021 -8066.069367937824
    vertex 0 25511.59739696903 -6521.348796313293
    vertex 0 29067.31639135469 -3926.215721043585
  endloop
endfacet
facet normal -1 -0 0
  outer loop
    vertex 0 29272.2146464021 -8066.069367937824
    vertex 0 25228.05705395557 -10583.57150395475
    vertex 0 25511.59739696903 -6521.348796313293
  endloop
endfacet
facet normal -1 0 -0
  outer loop
    vertex 0 5195.019872890856 -1034.54643855097
    vertex 0 6296.204930837141 -2825.454432407331
    vertex 0 3896.758434061385 -2440.159522641743
  endloop
endfacet
facet normal -1 -0 0
  outer loop
    vertex 0 63798.00159843442 -3282.839498983326
    vertex 0 60805.05573419319 -6905.084023397956
    vertex 0 60521.16977521239 -2827.684665914907
  endloop
endfacet
facet normal -1 0 0
  outer loop
    vertex 0 63798.00159843442 -3282.839498983326
    vertex 0 65213.29241515207 -1644.684486455617
    vertex 0 67385.89428136914 -3339.56022867918
  endloop
endfacet
facet normal -1 0 0
  outer loop
    vertex 0 63665.93752179333 -671.9645512253087
    vertex 0 65213.29241515207 -1644.684486455617
    vertex 0 63798.00159843442 -3282.839498983326
  endloop
endfacet
facet normal -1 0 0
  outer loop
    vertex 0 67385.89428136914 -3339.56022867918
    vertex 0 67964.03709678564 -1170.563342612263
    vertex 0 69877.50963151241 -1810.038279063507
  endloop
endfacet
facet normal -1 0 0
  outer loop
    vertex 0 67385.89428136914 -3339.56022867918
    vertex 0 65213.29241515207 -1644.684486455617
    vertex 0 67964.03709678564 -1170.563342612263
  endloop
endfacet
facet normal -1 -0 0
  outer loop
    vertex 0 11672.63781051039 -3272.759412687768
    vertex 0 8694.01703364101 -3551.31315465918
    vertex 0 10253.10457349472 -1145.122987950882
  endloop
endfacet
facet normal -1 0 0
  outer loop
    vertex 0 13969.64664547976 -2015.870837044005
    vertex 0 13872.81517420301 -5230.03160749921
    vertex 0 11672.63781051039 -3272.759412687768
  endloop
endfacet
facet normal -1 0 0
  outer loop
    vertex 0 10388.25061484754 -7247.90448706884
    vertex 0 8694.01703364101 -3551.31315465918
    vertex 0 11672.63781051039 -3272.759412687768
  endloop
endfacet
facet normal -1 0 -0
  outer loop
    vertex 0 11672.63781051039 -3272.759412687768
    vertex 0 13872.81517420301 -5230.03160749921
    vertex 0 10388.25061484754 -7247.90448706884
  endloop
endfacet
facet normal -1 0 0
  outer loop
    vertex 0 13969.64664547976 -2015.870837044005
    vertex 0 13823.08869991778 -304.8809139687438
    vertex 0 15321.42431062211 -515.1108700694019
  endloop
endfacet
facet normal -1 0 -0
  outer loop
    vertex 0 15321.42431062211 -515.1108700694019
    vertex 0 16865.68343125191 -2327.985430594918
    vertex 0 13969.64664547976 -2015.870837044005
  endloop
endfacet
facet normal -1 -0 0
  outer loop
    vertex 0 16865.68343125191 -2327.985430594918
    vertex 0 13872.81517420301 -5230.03160749921
    vertex 0 13969.64664547976 -2015.870837044005
  endloop
endfacet
facet normal -1 0 -0
  outer loop
    vertex 0 78742.75692607503 -2530.338036156462
    vertex 0 80508.04024966154 -3501.669286567373
    vertex 0 78069.37622389298 -5463.887648479893
  endloop
endfacet
facet normal -1 0 0
  outer loop
    vertex 0 78069.37622389298 -5463.887648479893
    vertex 0 76399.56587541467 -2770.930234665025
    vertex 0 78742.75692607503 -2530.338036156462
  endloop
endfacet
facet normal -1 0 0
  outer loop
    vertex 0 78069.37622389298 -5463.887648479893
    vertex 0 74206.8707897608 -5170.630057026786
    vertex 0 76399.56587541467 -2770.930234665025
  endloop
endfacet
facet normal -1 0 -0
  outer loop
    vertex 0 35292.69627717721 -1865.671871273105
    vertex 0 37094.35441110095 -4199.155744993325
    vertex 0 33492.92085307949 -5359.299247597992
  endloop
endfacet
facet normal -1 0 -0
  outer loop
    vertex 0 90430.89090196675 -3837.769319142042
    vertex 0 94784.78827837731 -7671.486353317392
    vertex 0 88813.07494171582 -8557.958809114269
  endloop
endfacet
facet normal -1 0 0
  outer loop
    vertex 0 88813.07494171582 -8557.958809114269
    vertex 0 86117.44959290831 -5002.147613745708
    vertex 0 90430.89090196675 -3837.769319142042
  endloop
endfacet
facet normal -1 -0 0
  outer loop
    vertex 0 2459.062739379042 -752.4797318907188
    vertex 0 1971.388335574166 -1919.534391273528
    vertex 0 1085.828741266592 -398.9658710852391
  endloop
endfacet
facet normal -1 -0 0
  outer loop
    vertex 0 81775.88431261439 -1811.68630492279
    vertex 0 80508.04024966154 -3501.669286567373
    vertex 0 80218.93027485943 -1580.777853423074
  endloop
endfacet
facet normal -1 0 -0
  outer loop
    vertex 0 80218.93027485943 -1580.777853423074
    vertex 0 80508.04024966154 -3501.669286567373
    vertex 0 78742.75692607503 -2530.338036156462
  endloop
endfacet
facet normal -1 -0 0
  outer loop
    vertex 0 83276.75580777213 -3319.157623952457
    vertex 0 80508.04024966154 -3501.669286567373
    vertex 0 81775.88431261439 -1811.68630492279
  endloop
endfacet
facet normal -1 0 0
  outer loop
    vertex 0 83276.75580777213 -3319.157623952457
    vertex 0 85070.10170166739 -1887.874216313901
    vertex 0 86117.44959290831 -5002.147613745708
  endloop
endfacet
facet normal -1 0 0
  outer loop
    vertex 0 18497.96712397192 -5284.90611731744
    vertex 0 19638.05204852526 -2429.694747414724
    vertex 0 22287.75045241946 -4079.400197572884
  endloop
endfacet
facet normal -1 0 0
  outer loop
    vertex 0 18497.96712397192 -5284.90611731744
    vertex 0 13872.81517420301 -5230.03160749921
    vertex 0 16865.68343125191 -2327.985430594918
  endloop
endfacet
facet normal -1 0 0
  outer loop
    vertex 0 16865.68343125191 -2327.985430594918
    vertex 0 19638.05204852526 -2429.694747414724
    vertex 0 18497.96712397192 -5284.90611731744
  endloop
endfacet
facet normal -1 0 0
  outer loop
    vertex 0 3896.758434061385 -2440.159522641743
    vertex 0 1971.388335574166 -1919.534391273528
    vertex 0 2459.062739379042 -752.4797318907188
  endloop
endfacet
facet normal -1 -0 0
  outer loop
    vertex 0 78742.75692607503 -2530.338036156462
    vertex 0 76399.56587541467 -2770.930234665025
    vertex 0 77691.69354034199 -1156.980753023926
  endloop
endfacet
facet normal -1 0 0
  outer loop
    vertex 0 76399.56587541467 -2770.930234665025
    vertex 0 76393.78159047515 -808.2655624969439
    vertex 0 77691.69354034199 -1156.980753023926
  endloop
endfacet
facet normal -1 0 0
  outer loop
    vertex 0 77691.69354034199 -1156.980753023926
    vertex 0 76393.78159047515 -808.2655624969439
    vertex 0 76874.58470492451 -33.81107828956476
  endloop
endfacet
facet normal -1 0 0
  outer loop
    vertex 0 22287.75045241946 -4079.400197572884
    vertex 0 19638.05204852526 -2429.694747414724
    vertex 0 21734.98585371614 -1198.221190679622
  endloop
endfacet
facet normal -1 0 0
  outer loop
    vertex 0 25515.28219776314 -2959.713465459434
    vertex 0 25511.59739696903 -6521.348796313293
    vertex 0 22287.75045241946 -4079.400197572884
  endloop
endfacet
facet normal -1 0 0
  outer loop
    vertex 0 69877.50963151241 -1810.038279063507
    vertex 0 67964.03709678564 -1170.563342612263
    vertex 0 69019.29044720712 -44.7887177737864
  endloop
endfacet
facet normal -1 0 0
  outer loop
    vertex 0 69877.50963151241 -1810.038279063507
    vertex 0 71482.03281937653 -847.3581390930512
    vertex 0 72364.48214891065 -2313.160464888726
  endloop
endfacet
facet normal -1 0 -0
  outer loop
    vertex 0 73841.13938002544 -1036.420381902314
    vertex 0 74461.99233183391 -2763.746805472816
    vertex 0 72364.48214891065 -2313.160464888726
  endloop
endfacet
facet normal -1 0 0
  outer loop
    vertex 0 72364.48214891065 -2313.160464888726
    vertex 0 72730.57267144142 -565.9168281744201
    vertex 0 73841.13938002544 -1036.420381902314
  endloop
endfacet
facet normal -1 -0 0
  outer loop
    vertex 0 74461.99233183391 -2763.746805472816
    vertex 0 74206.8707897608 -5170.630057026786
    vertex 0 72364.48214891065 -2313.160464888726
  endloop
endfacet
facet normal -1 0 0
  outer loop
    vertex 0 71482.03281937653 -847.3581390930512
    vertex 0 72730.57267144142 -565.9168281744201
    vertex 0 72364.48214891065 -2313.160464888726
  endloop
endfacet
facet normal -1 -0 0
  outer loop
    vertex 0 74604.62085688498 35.14853764954957
    vertex 0 73841.13938002544 -1036.420381902314
    vertex 0 73663.5992100713 142.1269696998676
  endloop
endfacet
facet normal -1 0 -0
  outer loop
    vertex 0 74604.62085688498 35.14853764954957
    vertex 0 75239.20755127931 -1320.725798170964
    vertex 0 73841.13938002544 -1036.420381902314
  endloop
endfacet
facet normal -1 0 0
  outer loop
    vertex 0 74604.62085688498 35.14853764954957
    vertex 0 75609.68309831824 -109.7003800709316
    vertex 0 75239.20755127931 -1320.725798170964
  endloop
endfacet
facet normal -1 0 0
  outer loop
    vertex 0 73841.13938002544 -1036.420381902314
    vertex 0 72730.57267144142 -565.9168281744201
    vertex 0 73663.5992100713 142.1269696998676
  endloop
endfacet
facet normal -1 -0 0
  outer loop
    vertex 0 73663.5992100713 142.1269696998676
    vertex 0 72730.57267144142 -565.9168281744201
    vertex 0 72932.88662368673 358.8221508784164
  endloop
endfacet
facet normal -1 -0 0
  outer loop
    vertex 0 75239.20755127931 -1320.725798170964
    vertex 0 74461.99233183391 -2763.746805472816
    vertex 0 73841.13938002544 -1036.420381902314
  endloop
endfacet
facet normal -1 0 -0
  outer loop
    vertex 0 75239.20755127931 -1320.725798170964
    vertex 0 76399.56587541467 -2770.930234665025
    vertex 0 74461.99233183391 -2763.746805472816
  endloop
endfacet
facet normal -1 0 0
  outer loop
    vertex 0 75239.20755127931 -1320.725798170964
    vertex 0 76393.78159047515 -808.2655624969439
    vertex 0 76399.56587541467 -2770.930234665025
  endloop
endfacet
facet normal -1 0 -0
  outer loop
    vertex 0 75609.68309831824 -109.7003800709316
    vertex 0 76393.78159047515 -808.2655624969439
    vertex 0 75239.20755127931 -1320.725798170964
  endloop
endfacet
facet normal -1 -0 0
  outer loop
    vertex 0 76399.56587541467 -2770.930234665025
    vertex 0 74206.8707897608 -5170.630057026786
    vertex 0 74461.99233183391 -2763.746805472816
  endloop
endfacet
facet normal -1 0 0
  outer loop
    vertex 0 41613.43288941815 -5269.01212743104
    vertex 0 44744.95866937732 -2398.293461509606
    vertex 0 46034.16660908706 -4904.523894082777
  endloop
endfacet
facet normal -1 0 0
  outer loop
    vertex 0 41613.43288941815 -5269.01212743104
    vertex 0 37094.35441110095 -4199.155744993325
    vertex 0 39861.10298466623 -2738.283792302887
  endloop
endfacet
facet normal -1 0 0
  outer loop
    vertex 0 46034.16660908706 -4904.523894082777
    vertex 0 49366.77429993321 -4259.259709987578
    vertex 0 49502.64919419111 -7646.705366225578
  endloop
endfacet
facet normal -1 0 0
  outer loop
    vertex 0 46034.16660908706 -4904.523894082777
    vertex 0 47824.35196145061 -1983.793602974726
    vertex 0 49366.77429993321 -4259.259709987578
  endloop
endfacet
facet normal -1 0 0
  outer loop
    vertex 0 44744.95866937732 -2398.293461509606
    vertex 0 47824.35196145061 -1983.793602974726
    vertex 0 46034.16660908706 -4904.523894082777
  endloop
endfacet
facet normal -1 0 0
  outer loop
    vertex 0 47824.35196145061 -1983.793602974726
    vertex 0 50483.81166707558 -2252.266191790652
    vertex 0 49366.77429993321 -4259.259709987578
  endloop
endfacet
facet normal -1 0 -0
  outer loop
    vertex 0 18408.30090834271 -886.229360078317
    vertex 0 19638.05204852526 -2429.694747414724
    vertex 0 16865.68343125191 -2327.985430594918
  endloop
endfacet
facet normal -1 -0 0
  outer loop
    vertex 0 67964.03709678564 -1170.563342612263
    vertex 0 65213.29241515207 -1644.684486455617
    vertex 0 66396.34573971707 -380.2282211827554
  endloop
endfacet
facet normal -1 0 0
  outer loop
    vertex 0 66396.34573971707 -380.2282211827554
    vertex 0 65912.00500568176 539.2948619330072
    vertex 0 66770.34838585528 543.3665927864791
  endloop
endfacet
facet normal -1 -0 0
  outer loop
    vertex 0 29067.31639135469 -3926.215721043585
    vertex 0 25511.59739696903 -6521.348796313293
    vertex 0 25515.28219776314 -2959.713465459434
  endloop
endfacet
endsolid Created by Gmsh
