#These data are freely available under tha Creative Commons Attribution 4.0 International Licence (CC BY 4.0)
# when using the data please cite:
# Petricca, Patrizio (2018): Revised dataset of known faults in Italy. GFZ Data Services. http://doi.org/10.5880/fidgeo.2018.003
#
#
#lon lat -> nodes order=(lower-left;upper-left;upper-right;lower-right;lower-left)
> A1
5.958092 46.989774
6.255997 46.989774
6.255997 47.214606
5.958092 47.214606
5.958092 46.989774
> A2
5.958092 46.764943
6.255997 46.764943
6.255997 46.989774
5.958092 46.989774
5.958092 46.764943
> A3
5.958092 46.540111
6.255997 46.540111
6.255997 46.764943
5.958092 46.764943
5.958092 46.540111
> A4
5.958092 46.31528
6.255997 46.31528
6.255997 46.540111
5.958092 46.540111
5.958092 46.31528
> A5
5.958092 46.090449
6.255997 46.090449
6.255997 46.31528
5.958092 46.31528
5.958092 46.090449
> A6
5.958092 45.865617
6.255997 45.865617
6.255997 46.090449
5.958092 46.090449
5.958092 45.865617
> A7
5.958092 45.640786
6.255997 45.640786
6.255997 45.865617
5.958092 45.865617
5.958092 45.640786
> A8
5.958092 45.415954
6.255997 45.415954
6.255997 45.640786
5.958092 45.640786
5.958092 45.415954
> A9
5.958092 45.191123
6.255997 45.191123
6.255997 45.415954
5.958092 45.415954
5.958092 45.191123
> A10
5.958092 44.966291
6.255997 44.966291
6.255997 45.191123
5.958092 45.191123
5.958092 44.966291
> A11#3.35
5.958092 44.74146
6.255997 44.74146
6.255997 44.966291
5.958092 44.966291
5.958092 44.74146
> A12#7.98
5.958092 44.516628
6.255997 44.516628
6.255997 44.74146
5.958092 44.74146
5.958092 44.516628
> A13#2.8
5.958092 44.291797
6.255997 44.291797
6.255997 44.516628
5.958092 44.516628
5.958092 44.291797
> A14#3.39
5.958092 44.066965
6.255997 44.066965
6.255997 44.291797
5.958092 44.291797
5.958092 44.066965
> A15
5.958092 43.842134
6.255997 43.842134
6.255997 44.066965
5.958092 44.066965
5.958092 43.842134
> A16
5.958092 43.617303
6.255997 43.617303
6.255997 43.842134
5.958092 43.842134
5.958092 43.617303
> A17
5.958092 43.392471
6.255997 43.392471
6.255997 43.617303
5.958092 43.617303
5.958092 43.392471
> A18
5.958092 43.16764
6.255997 43.16764
6.255997 43.392471
5.958092 43.392471
5.958092 43.16764
> A19
5.958092 42.942808
6.255997 42.942808
6.255997 43.16764
5.958092 43.16764
5.958092 42.942808
> A20
5.958092 42.717977
6.255997 42.717977
6.255997 42.942808
5.958092 42.942808
5.958092 42.717977
> A21
5.958092 42.493145
6.255997 42.493145
6.255997 42.717977
5.958092 42.717977
5.958092 42.493145
> A22
5.958092 42.268314
6.255997 42.268314
6.255997 42.493145
5.958092 42.493145
5.958092 42.268314
> A23
5.958092 42.043482
6.255997 42.043482
6.255997 42.268314
5.958092 42.268314
5.958092 42.043482
> A24
5.958092 41.818651
6.255997 41.818651
6.255997 42.043482
5.958092 42.043482
5.958092 41.818651
> A25
5.958092 41.593819
6.255997 41.593819
6.255997 41.818651
5.958092 41.818651
5.958092 41.593819
> A26
5.958092 41.368988
6.255997 41.368988
6.255997 41.593819
5.958092 41.593819
5.958092 41.368988
> A27
5.958092 41.144156
6.255997 41.144156
6.255997 41.368988
5.958092 41.368988
5.958092 41.144156
> A28
5.958092 40.919325
6.255997 40.919325
6.255997 41.144156
5.958092 41.144156
5.958092 40.919325
> A29
5.958092 40.694494
6.255997 40.694494
6.255997 40.919325
5.958092 40.919325
5.958092 40.694494
> A30
5.958092 40.469662
6.255997 40.469662
6.255997 40.694494
5.958092 40.694494
5.958092 40.469662
> A31
5.958092 40.244831
6.255997 40.244831
6.255997 40.469662
5.958092 40.469662
5.958092 40.244831
> A32
5.958092 40.019999
6.255997 40.019999
6.255997 40.244831
5.958092 40.244831
5.958092 40.019999
> A33
5.958092 39.795168
6.255997 39.795168
6.255997 40.019999
5.958092 40.019999
5.958092 39.795168
> A34
5.958092 39.570336
6.255997 39.570336
6.255997 39.795168
5.958092 39.795168
5.958092 39.570336
> A35
5.958092 39.345505
6.255997 39.345505
6.255997 39.570336
5.958092 39.570336
5.958092 39.345505
> A36
5.958092 39.120673
6.255997 39.120673
6.255997 39.345505
5.958092 39.345505
5.958092 39.120673
> A37
5.958092 38.895842
6.255997 38.895842
6.255997 39.120673
5.958092 39.120673
5.958092 38.895842
> A38
5.958092 38.67101
6.255997 38.67101
6.255997 38.895842
5.958092 38.895842
5.958092 38.67101
> A39
5.958092 38.446179
6.255997 38.446179
6.255997 38.67101
5.958092 38.67101
5.958092 38.446179
> A40
5.958092 38.221348
6.255997 38.221348
6.255997 38.446179
5.958092 38.446179
5.958092 38.221348
> A41
5.958092 37.996516
6.255997 37.996516
6.255997 38.221348
5.958092 38.221348
5.958092 37.996516
> A42
5.958092 37.771685
6.255997 37.771685
6.255997 37.996516
5.958092 37.996516
5.958092 37.771685
> A43
5.958092 37.546853
6.255997 37.546853
6.255997 37.771685
5.958092 37.771685
5.958092 37.546853
> A44
5.958092 37.322022
6.255997 37.322022
6.255997 37.546853
5.958092 37.546853
5.958092 37.322022
> A45
5.958092 37.09719
6.255997 37.09719
6.255997 37.322022
5.958092 37.322022
5.958092 37.09719
> A46
5.958092 36.872359
6.255997 36.872359
6.255997 37.09719
5.958092 37.09719
5.958092 36.872359
> A47
5.958092 36.647527
6.255997 36.647527
6.255997 36.872359
5.958092 36.872359
5.958092 36.647527
> A48
5.958092 36.422696
6.255997 36.422696
6.255997 36.647527
5.958092 36.647527
5.958092 36.422696
> A49
5.958092 36.197864
6.255997 36.197864
6.255997 36.422696
5.958092 36.422696
5.958092 36.197864
> A50
5.958092 35.973033
6.255997 35.973033
6.255997 36.197864
5.958092 36.197864
5.958092 35.973033
> A51
5.958092 35.748202
6.255997 35.748202
6.255997 35.973033
5.958092 35.973033
5.958092 35.748202
> A52
5.958092 35.52337
6.255997 35.52337
6.255997 35.748202
5.958092 35.748202
5.958092 35.52337
> A53
5.958092 35.298539
6.255997 35.298539
6.255997 35.52337
5.958092 35.52337
5.958092 35.298539
> A54
5.958092 35.073707
6.255997 35.073707
6.255997 35.298539
5.958092 35.298539
5.958092 35.073707
> A55
5.958092 34.848876
6.255997 34.848876
6.255997 35.073707
5.958092 35.073707
5.958092 34.848876
> A56
5.958092 34.624044
6.255997 34.624044
6.255997 34.848876
5.958092 34.848876
5.958092 34.624044
> B1
6.255997 46.989774
6.553901 46.989774
6.553901 47.214606
6.255997 47.214606
6.255997 46.989774
> B2#6.97
6.255997 46.764943
6.553901 46.764943
6.553901 46.989774
6.255997 46.989774
6.255997 46.764943
> B3#13.71
6.255997 46.540111
6.553901 46.540111
6.553901 46.764943
6.255997 46.764943
6.255997 46.540111
> B4#13.71
6.255997 46.31528
6.553901 46.31528
6.553901 46.540111
6.255997 46.540111
6.255997 46.31528
> B5
6.255997 46.090449
6.553901 46.090449
6.553901 46.31528
6.255997 46.31528
6.255997 46.090449
> B6#3.52
6.255997 45.865617
6.553901 45.865617
6.553901 46.090449
6.255997 46.090449
6.255997 45.865617
> B7
6.255997 45.640786
6.553901 45.640786
6.553901 45.865617
6.255997 45.865617
6.255997 45.640786
> B8#13.53
6.255997 45.415954
6.553901 45.415954
6.553901 45.640786
6.255997 45.640786
6.255997 45.415954
> B9
6.255997 45.191123
6.553901 45.191123
6.553901 45.415954
6.255997 45.415954
6.255997 45.191123
> B10#12
6.255997 44.966291
6.553901 44.966291
6.553901 45.191123
6.255997 45.191123
6.255997 44.966291
> B11#6.64
6.255997 44.74146
6.553901 44.74146
6.553901 44.966291
6.255997 44.966291
6.255997 44.74146
> B12#6.56
6.255997 44.516628
6.553901 44.516628
6.553901 44.74146
6.255997 44.74146
6.255997 44.516628
> B13
6.255997 44.291797
6.553901 44.291797
6.553901 44.516628
6.255997 44.516628
6.255997 44.291797
> B14#13.09
6.255997 44.066965
6.553901 44.066965
6.553901 44.291797
6.255997 44.291797
6.255997 44.066965
> B15#13.09
6.255997 43.842134
6.553901 43.842134
6.553901 44.066965
6.255997 44.066965
6.255997 43.842134
> B16
6.255997 43.617303
6.553901 43.617303
6.553901 43.842134
6.255997 43.842134
6.255997 43.617303
> B17
6.255997 43.392471
6.553901 43.392471
6.553901 43.617303
6.255997 43.617303
6.255997 43.392471
> B18
6.255997 43.16764
6.553901 43.16764
6.553901 43.392471
6.255997 43.392471
6.255997 43.16764
> B19
6.255997 42.942808
6.553901 42.942808
6.553901 43.16764
6.255997 43.16764
6.255997 42.942808
> B20
6.255997 42.717977
6.553901 42.717977
6.553901 42.942808
6.255997 42.942808
6.255997 42.717977
> B21
6.255997 42.493145
6.553901 42.493145
6.553901 42.717977
6.255997 42.717977
6.255997 42.493145
> B22
6.255997 42.268314
6.553901 42.268314
6.553901 42.493145
6.255997 42.493145
6.255997 42.268314
> B23
6.255997 42.043482
6.553901 42.043482
6.553901 42.268314
6.255997 42.268314
6.255997 42.043482
> B24
6.255997 41.818651
6.553901 41.818651
6.553901 42.043482
6.255997 42.043482
6.255997 41.818651
> B25
6.255997 41.593819
6.553901 41.593819
6.553901 41.818651
6.255997 41.818651
6.255997 41.593819
> B26
6.255997 41.368988
6.553901 41.368988
6.553901 41.593819
6.255997 41.593819
6.255997 41.368988
> B27
6.255997 41.144156
6.553901 41.144156
6.553901 41.368988
6.255997 41.368988
6.255997 41.144156
> B28
6.255997 40.919325
6.553901 40.919325
6.553901 41.144156
6.255997 41.144156
6.255997 40.919325
> B29#32.61
6.255997 40.694494
6.553901 40.694494
6.553901 40.919325
6.255997 40.919325
6.255997 40.694494
> B30
6.255997 40.469662
6.553901 40.469662
6.553901 40.694494
6.255997 40.694494
6.255997 40.469662
> B31
6.255997 40.244831
6.553901 40.244831
6.553901 40.469662
6.255997 40.469662
6.255997 40.244831
> B32
6.255997 40.019999
6.553901 40.019999
6.553901 40.244831
6.255997 40.244831
6.255997 40.019999
> B33
6.255997 39.795168
6.553901 39.795168
6.553901 40.019999
6.255997 40.019999
6.255997 39.795168
> B34
6.255997 39.570336
6.553901 39.570336
6.553901 39.795168
6.255997 39.795168
6.255997 39.570336
> B35
6.255997 39.345505
6.553901 39.345505
6.553901 39.570336
6.255997 39.570336
6.255997 39.345505
> B36
6.255997 39.120673
6.553901 39.120673
6.553901 39.345505
6.255997 39.345505
6.255997 39.120673
> B37
6.255997 38.895842
6.553901 38.895842
6.553901 39.120673
6.255997 39.120673
6.255997 38.895842
> B38
6.255997 38.67101
6.553901 38.67101
6.553901 38.895842
6.255997 38.895842
6.255997 38.67101
> B39
6.255997 38.446179
6.553901 38.446179
6.553901 38.67101
6.255997 38.67101
6.255997 38.446179
> B40
6.255997 38.221348
6.553901 38.221348
6.553901 38.446179
6.255997 38.446179
6.255997 38.221348
> B41
6.255997 37.996516
6.553901 37.996516
6.553901 38.221348
6.255997 38.221348
6.255997 37.996516
> B42
6.255997 37.771685
6.553901 37.771685
6.553901 37.996516
6.255997 37.996516
6.255997 37.771685
> B43
6.255997 37.546853
6.553901 37.546853
6.553901 37.771685
6.255997 37.771685
6.255997 37.546853
> B44
6.255997 37.322022
6.553901 37.322022
6.553901 37.546853
6.255997 37.546853
6.255997 37.322022
> B45
6.255997 37.09719
6.553901 37.09719
6.553901 37.322022
6.255997 37.322022
6.255997 37.09719
> B46
6.255997 36.872359
6.553901 36.872359
6.553901 37.09719
6.255997 37.09719
6.255997 36.872359
> B47
6.255997 36.647527
6.553901 36.647527
6.553901 36.872359
6.255997 36.872359
6.255997 36.647527
> B48
6.255997 36.422696
6.553901 36.422696
6.553901 36.647527
6.255997 36.647527
6.255997 36.422696
> B49
6.255997 36.197864
6.553901 36.197864
6.553901 36.422696
6.255997 36.422696
6.255997 36.197864
> B50
6.255997 35.973033
6.553901 35.973033
6.553901 36.197864
6.255997 36.197864
6.255997 35.973033
> B51
6.255997 35.748202
6.553901 35.748202
6.553901 35.973033
6.255997 35.973033
6.255997 35.748202
> B52
6.255997 35.52337
6.553901 35.52337
6.553901 35.748202
6.255997 35.748202
6.255997 35.52337
> B53
6.255997 35.298539
6.553901 35.298539
6.553901 35.52337
6.255997 35.52337
6.255997 35.298539
> B54
6.255997 35.073707
6.553901 35.073707
6.553901 35.298539
6.255997 35.298539
6.255997 35.073707
> B55
6.255997 34.848876
6.553901 34.848876
6.553901 35.073707
6.255997 35.073707
6.255997 34.848876
> B56
6.255997 34.624044
6.553901 34.624044
6.553901 34.848876
6.255997 34.848876
6.255997 34.624044
> C1
6.553901 46.989774
6.851806 46.989774
6.851806 47.214606
6.553901 47.214606
6.553901 46.989774
> C2#6.97
6.553901 46.764943
6.851806 46.764943
6.851806 46.989774
6.553901 46.989774
6.553901 46.764943
> C3#13.71
6.553901 46.540111
6.851806 46.540111
6.851806 46.764943
6.553901 46.764943
6.553901 46.540111
> C4#5.93
6.553901 46.31528
6.851806 46.31528
6.851806 46.540111
6.553901 46.540111
6.553901 46.31528
> C5
6.553901 46.090449
6.851806 46.090449
6.851806 46.31528
6.553901 46.31528
6.553901 46.090449
> C6#13.89
6.553901 45.865617
6.851806 45.865617
6.851806 46.090449
6.553901 46.090449
6.553901 45.865617
> C7
6.553901 45.640786
6.851806 45.640786
6.851806 45.865617
6.553901 45.865617
6.553901 45.640786
> C8
6.553901 45.415954
6.851806 45.415954
6.851806 45.640786
6.553901 45.640786
6.553901 45.415954
> C9
6.553901 45.191123
6.851806 45.191123
6.851806 45.415954
6.553901 45.415954
6.553901 45.191123
> C10#3.44
6.553901 44.966291
6.851806 44.966291
6.851806 45.191123
6.553901 45.191123
6.553901 44.966291
> C11#3.37
6.553901 44.74146
6.851806 44.74146
6.851806 44.966291
6.553901 44.966291
6.553901 44.74146
> C12#60.69
6.553901 44.516628
6.851806 44.516628
6.851806 44.74146
6.553901 44.74146
6.553901 44.516628
> C13#60.69
6.553901 44.291797
6.851806 44.291797
6.851806 44.516628
6.553901 44.516628
6.553901 44.291797
> C14
6.553901 44.066965
6.851806 44.066965
6.851806 44.291797
6.553901 44.291797
6.553901 44.066965
> C15
6.553901 43.842134
6.851806 43.842134
6.851806 44.066965
6.553901 44.066965
6.553901 43.842134
> C16
6.553901 43.617303
6.851806 43.617303
6.851806 43.842134
6.553901 43.842134
6.553901 43.617303
> C17
6.553901 43.392471
6.851806 43.392471
6.851806 43.617303
6.553901 43.617303
6.553901 43.392471
> C18
6.553901 43.16764
6.851806 43.16764
6.851806 43.392471
6.553901 43.392471
6.553901 43.16764
> C19
6.553901 42.942808
6.851806 42.942808
6.851806 43.16764
6.553901 43.16764
6.553901 42.942808
> C20
6.553901 42.717977
6.851806 42.717977
6.851806 42.942808
6.553901 42.942808
6.553901 42.717977
> C21
6.553901 42.493145
6.851806 42.493145
6.851806 42.717977
6.553901 42.717977
6.553901 42.493145
> C22
6.553901 42.268314
6.851806 42.268314
6.851806 42.493145
6.553901 42.493145
6.553901 42.268314
> C23
6.553901 42.043482
6.851806 42.043482
6.851806 42.268314
6.553901 42.268314
6.553901 42.043482
> C24
6.553901 41.818651
6.851806 41.818651
6.851806 42.043482
6.553901 42.043482
6.553901 41.818651
> C25#21.79
6.553901 41.593819
6.851806 41.593819
6.851806 41.818651
6.553901 41.818651
6.553901 41.593819
> C26
6.553901 41.368988
6.851806 41.368988
6.851806 41.593819
6.553901 41.593819
6.553901 41.368988
> C27
6.553901 41.144156
6.851806 41.144156
6.851806 41.368988
6.553901 41.368988
6.553901 41.144156
> C28
6.553901 40.919325
6.851806 40.919325
6.851806 41.144156
6.553901 41.144156
6.553901 40.919325
> C29#32.71
6.553901 40.694494
6.851806 40.694494
6.851806 40.919325
6.553901 40.919325
6.553901 40.694494
> C30
6.553901 40.469662
6.851806 40.469662
6.851806 40.694494
6.553901 40.694494
6.553901 40.469662
> C31
6.553901 40.244831
6.851806 40.244831
6.851806 40.469662
6.553901 40.469662
6.553901 40.244831
> C32
6.553901 40.019999
6.851806 40.019999
6.851806 40.244831
6.553901 40.244831
6.553901 40.019999
> C33#24.35
6.553901 39.795168
6.851806 39.795168
6.851806 40.019999
6.553901 40.019999
6.553901 39.795168
> C34
6.553901 39.570336
6.851806 39.570336
6.851806 39.795168
6.553901 39.795168
6.553901 39.570336
> C35
6.553901 39.345505
6.851806 39.345505
6.851806 39.570336
6.553901 39.570336
6.553901 39.345505
> C36
6.553901 39.120673
6.851806 39.120673
6.851806 39.345505
6.553901 39.345505
6.553901 39.120673
> C37
6.553901 38.895842
6.851806 38.895842
6.851806 39.120673
6.553901 39.120673
6.553901 38.895842
> C38
6.553901 38.67101
6.851806 38.67101
6.851806 38.895842
6.553901 38.895842
6.553901 38.67101
> C39
6.553901 38.446179
6.851806 38.446179
6.851806 38.67101
6.553901 38.67101
6.553901 38.446179
> C40
6.553901 38.221348
6.851806 38.221348
6.851806 38.446179
6.553901 38.446179
6.553901 38.221348
> C41
6.553901 37.996516
6.851806 37.996516
6.851806 38.221348
6.553901 38.221348
6.553901 37.996516
> C42
6.553901 37.771685
6.851806 37.771685
6.851806 37.996516
6.553901 37.996516
6.553901 37.771685
> C43
6.553901 37.546853
6.851806 37.546853
6.851806 37.771685
6.553901 37.771685
6.553901 37.546853
> C44
6.553901 37.322022
6.851806 37.322022
6.851806 37.546853
6.553901 37.546853
6.553901 37.322022
> C45
6.553901 37.09719
6.851806 37.09719
6.851806 37.322022
6.553901 37.322022
6.553901 37.09719
> C46
6.553901 36.872359
6.851806 36.872359
6.851806 37.09719
6.553901 37.09719
6.553901 36.872359
> C47
6.553901 36.647527
6.851806 36.647527
6.851806 36.872359
6.553901 36.872359
6.553901 36.647527
> C48
6.553901 36.422696
6.851806 36.422696
6.851806 36.647527
6.553901 36.647527
6.553901 36.422696
> C49
6.553901 36.197864
6.851806 36.197864
6.851806 36.422696
6.553901 36.422696
6.553901 36.197864
> C50
6.553901 35.973033
6.851806 35.973033
6.851806 36.197864
6.553901 36.197864
6.553901 35.973033
> C51
6.553901 35.748202
6.851806 35.748202
6.851806 35.973033
6.553901 35.973033
6.553901 35.748202
> C52
6.553901 35.52337
6.851806 35.52337
6.851806 35.748202
6.553901 35.748202
6.553901 35.52337
> C53
6.553901 35.298539
6.851806 35.298539
6.851806 35.52337
6.553901 35.52337
6.553901 35.298539
> C54
6.553901 35.073707
6.851806 35.073707
6.851806 35.298539
6.553901 35.298539
6.553901 35.073707
> C55
6.553901 34.848876
6.851806 34.848876
6.851806 35.073707
6.553901 35.073707
6.553901 34.848876
> C56
6.553901 34.624044
6.851806 34.624044
6.851806 34.848876
6.553901 34.848876
6.553901 34.624044
> D1
6.851806 46.989774
7.14971 46.989774
7.14971 47.214606
6.851806 47.214606
6.851806 46.989774
> D2
6.851806 46.764943
7.14971 46.764943
7.14971 46.989774
6.851806 46.989774
6.851806 46.764943
> D3#7.68
6.851806 46.540111
7.14971 46.540111
7.14971 46.764943
6.851806 46.764943
6.851806 46.540111
> D4#7.68
6.851806 46.31528
7.14971 46.31528
7.14971 46.540111
6.851806 46.540111
6.851806 46.31528
> D5
6.851806 46.090449
7.14971 46.090449
7.14971 46.31528
6.851806 46.31528
6.851806 46.090449
> D6#2.27
6.851806 45.865617
7.14971 45.865617
7.14971 46.090449
6.851806 46.090449
6.851806 45.865617
> D7#2.45
6.851806 45.640786
7.14971 45.640786
7.14971 45.865617
6.851806 45.865617
6.851806 45.640786
> D8
6.851806 45.415954
7.14971 45.415954
7.14971 45.640786
6.851806 45.640786
6.851806 45.415954
> D9
6.851806 45.191123
7.14971 45.191123
7.14971 45.415954
6.851806 45.415954
6.851806 45.191123
> D10
6.851806 44.966291
7.14971 44.966291
7.14971 45.191123
6.851806 45.191123
6.851806 44.966291
> D11
6.851806 44.74146
7.14971 44.74146
7.14971 44.966291
6.851806 44.966291
6.851806 44.74146
> D12#4.18
6.851806 44.516628
7.14971 44.516628
7.14971 44.74146
6.851806 44.74146
6.851806 44.516628
> D13#60.69
6.851806 44.291797
7.14971 44.291797
7.14971 44.516628
6.851806 44.516628
6.851806 44.291797
> D14#60.69
6.851806 44.066965
7.14971 44.066965
7.14971 44.291797
6.851806 44.291797
6.851806 44.066965
> D15
6.851806 43.842134
7.14971 43.842134
7.14971 44.066965
6.851806 44.066965
6.851806 43.842134
> D16#7.8
6.851806 43.617303
7.14971 43.617303
7.14971 43.842134
6.851806 43.842134
6.851806 43.617303
> D17#10.28
6.851806 43.392471
7.14971 43.392471
7.14971 43.617303
6.851806 43.617303
6.851806 43.392471
> D18
6.851806 43.16764
7.14971 43.16764
7.14971 43.392471
6.851806 43.392471
6.851806 43.16764
> D19
6.851806 42.942808
7.14971 42.942808
7.14971 43.16764
6.851806 43.16764
6.851806 42.942808
> D20
6.851806 42.717977
7.14971 42.717977
7.14971 42.942808
6.851806 42.942808
6.851806 42.717977
> D21
6.851806 42.493145
7.14971 42.493145
7.14971 42.717977
6.851806 42.717977
6.851806 42.493145
> D22
6.851806 42.268314
7.14971 42.268314
7.14971 42.493145
6.851806 42.493145
6.851806 42.268314
> D23
6.851806 42.043482
7.14971 42.043482
7.14971 42.268314
6.851806 42.268314
6.851806 42.043482
> D24
6.851806 41.818651
7.14971 41.818651
7.14971 42.043482
6.851806 42.043482
6.851806 41.818651
> D25#26.38
6.851806 41.593819
7.14971 41.593819
7.14971 41.818651
6.851806 41.818651
6.851806 41.593819
> D26#26.38
6.851806 41.368988
7.14971 41.368988
7.14971 41.593819
6.851806 41.593819
6.851806 41.368988
> D27
6.851806 41.144156
7.14971 41.144156
7.14971 41.368988
6.851806 41.368988
6.851806 41.144156
> D28
6.851806 40.919325
7.14971 40.919325
7.14971 41.144156
6.851806 41.144156
6.851806 40.919325
> D29
6.851806 40.694494
7.14971 40.694494
7.14971 40.919325
6.851806 40.919325
6.851806 40.694494
> D30
6.851806 40.469662
7.14971 40.469662
7.14971 40.694494
6.851806 40.694494
6.851806 40.469662
> D31
6.851806 40.244831
7.14971 40.244831
7.14971 40.469662
6.851806 40.469662
6.851806 40.244831
> D32
6.851806 40.019999
7.14971 40.019999
7.14971 40.244831
6.851806 40.244831
6.851806 40.019999
> D33#24.35
6.851806 39.795168
7.14971 39.795168
7.14971 40.019999
6.851806 40.019999
6.851806 39.795168
> D34
6.851806 39.570336
7.14971 39.570336
7.14971 39.795168
6.851806 39.795168
6.851806 39.570336
> D35
6.851806 39.345505
7.14971 39.345505
7.14971 39.570336
6.851806 39.570336
6.851806 39.345505
> D36
6.851806 39.120673
7.14971 39.120673
7.14971 39.345505
6.851806 39.345505
6.851806 39.120673
> D37
6.851806 38.895842
7.14971 38.895842
7.14971 39.120673
6.851806 39.120673
6.851806 38.895842
> D38
6.851806 38.67101
7.14971 38.67101
7.14971 38.895842
6.851806 38.895842
6.851806 38.67101
> D39
6.851806 38.446179
7.14971 38.446179
7.14971 38.67101
6.851806 38.67101
6.851806 38.446179
> D40
6.851806 38.221348
7.14971 38.221348
7.14971 38.446179
6.851806 38.446179
6.851806 38.221348
> D41
6.851806 37.996516
7.14971 37.996516
7.14971 38.221348
6.851806 38.221348
6.851806 37.996516
> D42
6.851806 37.771685
7.14971 37.771685
7.14971 37.996516
6.851806 37.996516
6.851806 37.771685
> D43
6.851806 37.546853
7.14971 37.546853
7.14971 37.771685
6.851806 37.771685
6.851806 37.546853
> D44
6.851806 37.322022
7.14971 37.322022
7.14971 37.546853
6.851806 37.546853
6.851806 37.322022
> D45
6.851806 37.09719
7.14971 37.09719
7.14971 37.322022
6.851806 37.322022
6.851806 37.09719
> D46
6.851806 36.872359
7.14971 36.872359
7.14971 37.09719
6.851806 37.09719
6.851806 36.872359
> D47
6.851806 36.647527
7.14971 36.647527
7.14971 36.872359
6.851806 36.872359
6.851806 36.647527
> D48
6.851806 36.422696
7.14971 36.422696
7.14971 36.647527
6.851806 36.647527
6.851806 36.422696
> D49
6.851806 36.197864
7.14971 36.197864
7.14971 36.422696
6.851806 36.422696
6.851806 36.197864
> D50
6.851806 35.973033
7.14971 35.973033
7.14971 36.197864
6.851806 36.197864
6.851806 35.973033
> D51
6.851806 35.748202
7.14971 35.748202
7.14971 35.973033
6.851806 35.973033
6.851806 35.748202
> D52
6.851806 35.52337
7.14971 35.52337
7.14971 35.748202
6.851806 35.748202
6.851806 35.52337
> D53
6.851806 35.298539
7.14971 35.298539
7.14971 35.52337
6.851806 35.52337
6.851806 35.298539
> D54
6.851806 35.073707
7.14971 35.073707
7.14971 35.298539
6.851806 35.298539
6.851806 35.073707
> D55
6.851806 34.848876
7.14971 34.848876
7.14971 35.073707
6.851806 35.073707
6.851806 34.848876
> D56
6.851806 34.624044
7.14971 34.624044
7.14971 34.848876
6.851806 34.848876
6.851806 34.624044
> E1
7.14971 46.989774
7.447615 46.989774
7.447615 47.214606
7.14971 47.214606
7.14971 46.989774
> E2
7.14971 46.764943
7.447615 46.764943
7.447615 46.989774
7.14971 46.989774
7.14971 46.764943
> E3#3.78
7.14971 46.540111
7.447615 46.540111
7.447615 46.764943
7.14971 46.764943
7.14971 46.540111
> E4#3.88
7.14971 46.31528
7.447615 46.31528
7.447615 46.540111
7.14971 46.540111
7.14971 46.31528
> E5
7.14971 46.090449
7.447615 46.090449
7.447615 46.31528
7.14971 46.31528
7.14971 46.090449
> E6
7.14971 45.865617
7.447615 45.865617
7.447615 46.090449
7.14971 46.090449
7.14971 45.865617
> E7#33.62
7.14971 45.640786
7.447615 45.640786
7.447615 45.865617
7.14971 45.865617
7.14971 45.640786
> E8
7.14971 45.415954
7.447615 45.415954
7.447615 45.640786
7.14971 45.640786
7.14971 45.415954
> E9
7.14971 45.191123
7.447615 45.191123
7.447615 45.415954
7.14971 45.415954
7.14971 45.191123
> E10
7.14971 44.966291
7.447615 44.966291
7.447615 45.191123
7.14971 45.191123
7.14971 44.966291
> E11
7.14971 44.74146
7.447615 44.74146
7.447615 44.966291
7.14971 44.966291
7.14971 44.74146
> E12#22.24
7.14971 44.516628
7.447615 44.516628
7.447615 44.74146
7.14971 44.74146
7.14971 44.516628
> E13#10
7.14971 44.291797
7.447615 44.291797
7.447615 44.516628
7.14971 44.516628
7.14971 44.291797
> E14#60.69
7.14971 44.066965
7.447615 44.066965
7.447615 44.291797
7.14971 44.291797
7.14971 44.066965
> E15
7.14971 43.842134
7.447615 43.842134
7.447615 44.066965
7.14971 44.066965
7.14971 43.842134
> E16#35.49
7.14971 43.617303
7.447615 43.617303
7.447615 43.842134
7.14971 43.842134
7.14971 43.617303
> E17#16.8
7.14971 43.392471
7.447615 43.392471
7.447615 43.617303
7.14971 43.617303
7.14971 43.392471
> E18#16.8
7.14971 43.16764
7.447615 43.16764
7.447615 43.392471
7.14971 43.392471
7.14971 43.16764
> E19
7.14971 42.942808
7.447615 42.942808
7.447615 43.16764
7.14971 43.16764
7.14971 42.942808
> E20
7.14971 42.717977
7.447615 42.717977
7.447615 42.942808
7.14971 42.942808
7.14971 42.717977
> E21#27.29
7.14971 42.493145
7.447615 42.493145
7.447615 42.717977
7.14971 42.717977
7.14971 42.493145
> E22#27.29
7.14971 42.268314
7.447615 42.268314
7.447615 42.493145
7.14971 42.493145
7.14971 42.268314
> E23
7.14971 42.043482
7.447615 42.043482
7.447615 42.268314
7.14971 42.268314
7.14971 42.043482
> E24
7.14971 41.818651
7.447615 41.818651
7.447615 42.043482
7.14971 42.043482
7.14971 41.818651
> E25
7.14971 41.593819
7.447615 41.593819
7.447615 41.818651
7.14971 41.818651
7.14971 41.593819
> E26
7.14971 41.368988
7.447615 41.368988
7.447615 41.593819
7.14971 41.593819
7.14971 41.368988
> E27
7.14971 41.144156
7.447615 41.144156
7.447615 41.368988
7.14971 41.368988
7.14971 41.144156
> E28
7.14971 40.919325
7.447615 40.919325
7.447615 41.144156
7.14971 41.144156
7.14971 40.919325
> E29
7.14971 40.694494
7.447615 40.694494
7.447615 40.919325
7.14971 40.919325
7.14971 40.694494
> E30
7.14971 40.469662
7.447615 40.469662
7.447615 40.694494
7.14971 40.694494
7.14971 40.469662
> E31#89.35
7.14971 40.244831
7.447615 40.244831
7.447615 40.469662
7.14971 40.469662
7.14971 40.244831
> E32#89.35
7.14971 40.019999
7.447615 40.019999
7.447615 40.244831
7.14971 40.244831
7.14971 40.019999
> E33#19.66
7.14971 39.795168
7.447615 39.795168
7.447615 40.019999
7.14971 40.019999
7.14971 39.795168
> E34#85.52
7.14971 39.570336
7.447615 39.570336
7.447615 39.795168
7.14971 39.795168
7.14971 39.570336
> E35#85.52
7.14971 39.345505
7.447615 39.345505
7.447615 39.570336
7.14971 39.570336
7.14971 39.345505
> E36#85.52
7.14971 39.120673
7.447615 39.120673
7.447615 39.345505
7.14971 39.345505
7.14971 39.120673
> E37#85.52
7.14971 38.895842
7.447615 38.895842
7.447615 39.120673
7.14971 39.120673
7.14971 38.895842
> E38
7.14971 38.67101
7.447615 38.67101
7.447615 38.895842
7.14971 38.895842
7.14971 38.67101
> E39
7.14971 38.446179
7.447615 38.446179
7.447615 38.67101
7.14971 38.67101
7.14971 38.446179
> E40
7.14971 38.221348
7.447615 38.221348
7.447615 38.446179
7.14971 38.446179
7.14971 38.221348
> E41
7.14971 37.996516
7.447615 37.996516
7.447615 38.221348
7.14971 38.221348
7.14971 37.996516
> E42
7.14971 37.771685
7.447615 37.771685
7.447615 37.996516
7.14971 37.996516
7.14971 37.771685
> E43
7.14971 37.546853
7.447615 37.546853
7.447615 37.771685
7.14971 37.771685
7.14971 37.546853
> E44
7.14971 37.322022
7.447615 37.322022
7.447615 37.546853
7.14971 37.546853
7.14971 37.322022
> E45
7.14971 37.09719
7.447615 37.09719
7.447615 37.322022
7.14971 37.322022
7.14971 37.09719
> E46
7.14971 36.872359
7.447615 36.872359
7.447615 37.09719
7.14971 37.09719
7.14971 36.872359
> E47
7.14971 36.647527
7.447615 36.647527
7.447615 36.872359
7.14971 36.872359
7.14971 36.647527
> E48
7.14971 36.422696
7.447615 36.422696
7.447615 36.647527
7.14971 36.647527
7.14971 36.422696
> E49
7.14971 36.197864
7.447615 36.197864
7.447615 36.422696
7.14971 36.422696
7.14971 36.197864
> E50
7.14971 35.973033
7.447615 35.973033
7.447615 36.197864
7.14971 36.197864
7.14971 35.973033
> E51
7.14971 35.748202
7.447615 35.748202
7.447615 35.973033
7.14971 35.973033
7.14971 35.748202
> E52
7.14971 35.52337
7.447615 35.52337
7.447615 35.748202
7.14971 35.748202
7.14971 35.52337
> E53
7.14971 35.298539
7.447615 35.298539
7.447615 35.52337
7.14971 35.52337
7.14971 35.298539
> E54
7.14971 35.073707
7.447615 35.073707
7.447615 35.298539
7.14971 35.298539
7.14971 35.073707
> E55
7.14971 34.848876
7.447615 34.848876
7.447615 35.073707
7.14971 35.073707
7.14971 34.848876
> E56
7.14971 34.624044
7.447615 34.624044
7.447615 34.848876
7.14971 34.848876
7.14971 34.624044
> F1
7.447615 46.989774
7.74552 46.989774
7.74552 47.214606
7.447615 47.214606
7.447615 46.989774
> F2
7.447615 46.764943
7.74552 46.764943
7.74552 46.989774
7.447615 46.989774
7.447615 46.764943
> F3
7.447615 46.540111
7.74552 46.540111
7.74552 46.764943
7.447615 46.764943
7.447615 46.540111
> F4
7.447615 46.31528
7.74552 46.31528
7.74552 46.540111
7.447615 46.540111
7.447615 46.31528
> F5
7.447615 46.090449
7.74552 46.090449
7.74552 46.31528
7.447615 46.31528
7.447615 46.090449
> F6#18.48
7.447615 45.865617
7.74552 45.865617
7.74552 46.090449
7.447615 46.090449
7.447615 45.865617
> F7#33.62
7.447615 45.640786
7.74552 45.640786
7.74552 45.865617
7.447615 45.865617
7.447615 45.640786
> F8
7.447615 45.415954
7.74552 45.415954
7.74552 45.640786
7.447615 45.640786
7.447615 45.415954
> F9
7.447615 45.191123
7.74552 45.191123
7.74552 45.415954
7.447615 45.415954
7.447615 45.191123
> F10#14.34
7.447615 44.966291
7.74552 44.966291
7.74552 45.191123
7.447615 45.191123
7.447615 44.966291
> F11
7.447615 44.74146
7.74552 44.74146
7.74552 44.966291
7.447615 44.966291
7.447615 44.74146
> F12
7.447615 44.516628
7.74552 44.516628
7.74552 44.74146
7.447615 44.74146
7.447615 44.516628
> F13
7.447615 44.291797
7.74552 44.291797
7.74552 44.516628
7.447615 44.516628
7.447615 44.291797
> F14#26.29
7.447615 44.066965
7.74552 44.066965
7.74552 44.291797
7.447615 44.291797
7.447615 44.066965
> F15#36.79
7.447615 43.842134
7.74552 43.842134
7.74552 44.066965
7.447615 44.066965
7.447615 43.842134
> F16#35.49
7.447615 43.617303
7.74552 43.617303
7.74552 43.842134
7.447615 43.842134
7.447615 43.617303
> F17#22.94
7.447615 43.392471
7.74552 43.392471
7.74552 43.617303
7.447615 43.617303
7.447615 43.392471
> F18
7.447615 43.16764
7.74552 43.16764
7.74552 43.392471
7.447615 43.392471
7.447615 43.16764
> F19
7.447615 42.942808
7.74552 42.942808
7.74552 43.16764
7.447615 43.16764
7.447615 42.942808
> F20
7.447615 42.717977
7.74552 42.717977
7.74552 42.942808
7.447615 42.942808
7.447615 42.717977
> F21
7.447615 42.493145
7.74552 42.493145
7.74552 42.717977
7.447615 42.717977
7.447615 42.493145
> F22
7.447615 42.268314
7.74552 42.268314
7.74552 42.493145
7.447615 42.493145
7.447615 42.268314
> F23
7.447615 42.043482
7.74552 42.043482
7.74552 42.268314
7.447615 42.268314
7.447615 42.043482
> F24
7.447615 41.818651
7.74552 41.818651
7.74552 42.043482
7.447615 42.043482
7.447615 41.818651
> F25
7.447615 41.593819
7.74552 41.593819
7.74552 41.818651
7.447615 41.818651
7.447615 41.593819
> F26
7.447615 41.368988
7.74552 41.368988
7.74552 41.593819
7.447615 41.593819
7.447615 41.368988
> F27
7.447615 41.144156
7.74552 41.144156
7.74552 41.368988
7.447615 41.368988
7.447615 41.144156
> F28
7.447615 40.919325
7.74552 40.919325
7.74552 41.144156
7.447615 41.144156
7.447615 40.919325
> F29#89.35
7.447615 40.694494
7.74552 40.694494
7.74552 40.919325
7.447615 40.919325
7.447615 40.694494
> F30#89.35
7.447615 40.469662
7.74552 40.469662
7.74552 40.694494
7.447615 40.694494
7.447615 40.469662
> F31#89.35
7.447615 40.244831
7.74552 40.244831
7.74552 40.469662
7.447615 40.469662
7.447615 40.244831
> F32#18.89
7.447615 40.019999
7.74552 40.019999
7.74552 40.244831
7.447615 40.244831
7.447615 40.019999
> F33#46.84
7.447615 39.795168
7.74552 39.795168
7.74552 40.019999
7.447615 40.019999
7.447615 39.795168
> F34#46.84
7.447615 39.570336
7.74552 39.570336
7.74552 39.795168
7.447615 39.795168
7.447615 39.570336
> F35#18.85
7.447615 39.345505
7.74552 39.345505
7.74552 39.570336
7.447615 39.570336
7.447615 39.345505
> F36#27.13
7.447615 39.120673
7.74552 39.120673
7.74552 39.345505
7.447615 39.345505
7.447615 39.120673
> F37#32.11
7.447615 38.895842
7.74552 38.895842
7.74552 39.120673
7.447615 39.120673
7.447615 38.895842
> F38
7.447615 38.67101
7.74552 38.67101
7.74552 38.895842
7.447615 38.895842
7.447615 38.67101
> F39
7.447615 38.446179
7.74552 38.446179
7.74552 38.67101
7.447615 38.67101
7.447615 38.446179
> F40
7.447615 38.221348
7.74552 38.221348
7.74552 38.446179
7.447615 38.446179
7.447615 38.221348
> F41
7.447615 37.996516
7.74552 37.996516
7.74552 38.221348
7.447615 38.221348
7.447615 37.996516
> F42
7.447615 37.771685
7.74552 37.771685
7.74552 37.996516
7.447615 37.996516
7.447615 37.771685
> F43
7.447615 37.546853
7.74552 37.546853
7.74552 37.771685
7.447615 37.771685
7.447615 37.546853
> F44
7.447615 37.322022
7.74552 37.322022
7.74552 37.546853
7.447615 37.546853
7.447615 37.322022
> F45
7.447615 37.09719
7.74552 37.09719
7.74552 37.322022
7.447615 37.322022
7.447615 37.09719
> F46
7.447615 36.872359
7.74552 36.872359
7.74552 37.09719
7.447615 37.09719
7.447615 36.872359
> F47
7.447615 36.647527
7.74552 36.647527
7.74552 36.872359
7.447615 36.872359
7.447615 36.647527
> F48
7.447615 36.422696
7.74552 36.422696
7.74552 36.647527
7.447615 36.647527
7.447615 36.422696
> F49
7.447615 36.197864
7.74552 36.197864
7.74552 36.422696
7.447615 36.422696
7.447615 36.197864
> F50
7.447615 35.973033
7.74552 35.973033
7.74552 36.197864
7.447615 36.197864
7.447615 35.973033
> F51
7.447615 35.748202
7.74552 35.748202
7.74552 35.973033
7.447615 35.973033
7.447615 35.748202
> F52
7.447615 35.52337
7.74552 35.52337
7.74552 35.748202
7.447615 35.748202
7.447615 35.52337
> F53
7.447615 35.298539
7.74552 35.298539
7.74552 35.52337
7.447615 35.52337
7.447615 35.298539
> F54
7.447615 35.073707
7.74552 35.073707
7.74552 35.298539
7.447615 35.298539
7.447615 35.073707
> F55
7.447615 34.848876
7.74552 34.848876
7.74552 35.073707
7.447615 35.073707
7.447615 34.848876
> F56
7.447615 34.624044
7.74552 34.624044
7.74552 34.848876
7.447615 34.848876
7.447615 34.624044
> G1
7.74552 46.989774
8.043424 46.989774
8.043424 47.214606
7.74552 47.214606
7.74552 46.989774
> G2
7.74552 46.764943
8.043424 46.764943
8.043424 46.989774
7.74552 46.989774
7.74552 46.764943
> G3
7.74552 46.540111
8.043424 46.540111
8.043424 46.764943
7.74552 46.764943
7.74552 46.540111
> G4
7.74552 46.31528
8.043424 46.31528
8.043424 46.540111
7.74552 46.540111
7.74552 46.31528
> G5
7.74552 46.090449
8.043424 46.090449
8.043424 46.31528
7.74552 46.31528
7.74552 46.090449
> G6
7.74552 45.865617
8.043424 45.865617
8.043424 46.090449
7.74552 46.090449
7.74552 45.865617
> G7#33.62
7.74552 45.640786
8.043424 45.640786
8.043424 45.865617
7.74552 45.865617
7.74552 45.640786
> G8
7.74552 45.415954
8.043424 45.415954
8.043424 45.640786
7.74552 45.640786
7.74552 45.415954
> G9
7.74552 45.191123
8.043424 45.191123
8.043424 45.415954
7.74552 45.415954
7.74552 45.191123
> G10#15.32
7.74552 44.966291
8.043424 44.966291
8.043424 45.191123
7.74552 45.191123
7.74552 44.966291
> G11
7.74552 44.74146
8.043424 44.74146
8.043424 44.966291
7.74552 44.966291
7.74552 44.74146
> G12
7.74552 44.516628
8.043424 44.516628
8.043424 44.74146
7.74552 44.74146
7.74552 44.516628
> G13
7.74552 44.291797
8.043424 44.291797
8.043424 44.516628
7.74552 44.516628
7.74552 44.291797
> G14#11.24
7.74552 44.066965
8.043424 44.066965
8.043424 44.291797
7.74552 44.291797
7.74552 44.066965
> G15#36.79
7.74552 43.842134
8.043424 43.842134
8.043424 44.066965
7.74552 44.066965
7.74552 43.842134
> G16#36.79
7.74552 43.617303
8.043424 43.617303
8.043424 43.842134
7.74552 43.842134
7.74552 43.617303
> G17#29.54
7.74552 43.392471
8.043424 43.392471
8.043424 43.617303
7.74552 43.617303
7.74552 43.392471
> G18
7.74552 43.16764
8.043424 43.16764
8.043424 43.392471
7.74552 43.392471
7.74552 43.16764
> G19
7.74552 42.942808
8.043424 42.942808
8.043424 43.16764
7.74552 43.16764
7.74552 42.942808
> G20
7.74552 42.717977
8.043424 42.717977
8.043424 42.942808
7.74552 42.942808
7.74552 42.717977
> G21#42.33
7.74552 42.493145
8.043424 42.493145
8.043424 42.717977
7.74552 42.717977
7.74552 42.493145
> G22#42.33
7.74552 42.268314
8.043424 42.268314
8.043424 42.493145
7.74552 42.493145
7.74552 42.268314
> G23#42.33
7.74552 42.043482
8.043424 42.043482
8.043424 42.268314
7.74552 42.268314
7.74552 42.043482
> G24
7.74552 41.818651
8.043424 41.818651
8.043424 42.043482
7.74552 42.043482
7.74552 41.818651
> G25
7.74552 41.593819
8.043424 41.593819
8.043424 41.818651
7.74552 41.818651
7.74552 41.593819
> G26
7.74552 41.368988
8.043424 41.368988
8.043424 41.593819
7.74552 41.593819
7.74552 41.368988
> G27#20.1
7.74552 41.144156
8.043424 41.144156
8.043424 41.368988
7.74552 41.368988
7.74552 41.144156
> G28#21.2
7.74552 40.919325
8.043424 40.919325
8.043424 41.144156
7.74552 41.144156
7.74552 40.919325
> G29#41.66
7.74552 40.694494
8.043424 40.694494
8.043424 40.919325
7.74552 40.919325
7.74552 40.694494
> G30#41.66
7.74552 40.469662
8.043424 40.469662
8.043424 40.694494
7.74552 40.694494
7.74552 40.469662
> G31#12.36
7.74552 40.244831
8.043424 40.244831
8.043424 40.469662
7.74552 40.469662
7.74552 40.244831
> G32#2.93
7.74552 40.019999
8.043424 40.019999
8.043424 40.244831
7.74552 40.244831
7.74552 40.019999
> G33#12.95
7.74552 39.795168
8.043424 39.795168
8.043424 40.019999
7.74552 40.019999
7.74552 39.795168
> G34
7.74552 39.570336
8.043424 39.570336
8.043424 39.795168
7.74552 39.795168
7.74552 39.570336
> G35#25.68
7.74552 39.345505
8.043424 39.345505
8.043424 39.570336
7.74552 39.570336
7.74552 39.345505
> G36#22.01
7.74552 39.120673
8.043424 39.120673
8.043424 39.345505
7.74552 39.345505
7.74552 39.120673
> G37#8.29
7.74552 38.895842
8.043424 38.895842
8.043424 39.120673
7.74552 39.120673
7.74552 38.895842
> G38#14.38
7.74552 38.67101
8.043424 38.67101
8.043424 38.895842
7.74552 38.895842
7.74552 38.67101
> G39
7.74552 38.446179
8.043424 38.446179
8.043424 38.67101
7.74552 38.67101
7.74552 38.446179
> G40
7.74552 38.221348
8.043424 38.221348
8.043424 38.446179
7.74552 38.446179
7.74552 38.221348
> G41
7.74552 37.996516
8.043424 37.996516
8.043424 38.221348
7.74552 38.221348
7.74552 37.996516
> G42
7.74552 37.771685
8.043424 37.771685
8.043424 37.996516
7.74552 37.996516
7.74552 37.771685
> G43
7.74552 37.546853
8.043424 37.546853
8.043424 37.771685
7.74552 37.771685
7.74552 37.546853
> G44
7.74552 37.322022
8.043424 37.322022
8.043424 37.546853
7.74552 37.546853
7.74552 37.322022
> G45
7.74552 37.09719
8.043424 37.09719
8.043424 37.322022
7.74552 37.322022
7.74552 37.09719
> G46
7.74552 36.872359
8.043424 36.872359
8.043424 37.09719
7.74552 37.09719
7.74552 36.872359
> G47
7.74552 36.647527
8.043424 36.647527
8.043424 36.872359
7.74552 36.872359
7.74552 36.647527
> G48
7.74552 36.422696
8.043424 36.422696
8.043424 36.647527
7.74552 36.647527
7.74552 36.422696
> G49
7.74552 36.197864
8.043424 36.197864
8.043424 36.422696
7.74552 36.422696
7.74552 36.197864
> G50
7.74552 35.973033
8.043424 35.973033
8.043424 36.197864
7.74552 36.197864
7.74552 35.973033
> G51
7.74552 35.748202
8.043424 35.748202
8.043424 35.973033
7.74552 35.973033
7.74552 35.748202
> G52
7.74552 35.52337
8.043424 35.52337
8.043424 35.748202
7.74552 35.748202
7.74552 35.52337
> G53
7.74552 35.298539
8.043424 35.298539
8.043424 35.52337
7.74552 35.52337
7.74552 35.298539
> G54
7.74552 35.073707
8.043424 35.073707
8.043424 35.298539
7.74552 35.298539
7.74552 35.073707
> G55
7.74552 34.848876
8.043424 34.848876
8.043424 35.073707
7.74552 35.073707
7.74552 34.848876
> G56
7.74552 34.624044
8.043424 34.624044
8.043424 34.848876
7.74552 34.848876
7.74552 34.624044
> H1
8.043424 46.989774
8.341329 46.989774
8.341329 47.214606
8.043424 47.214606
8.043424 46.989774
> H2
8.043424 46.764943
8.341329 46.764943
8.341329 46.989774
8.043424 46.989774
8.043424 46.764943
> H3
8.043424 46.540111
8.341329 46.540111
8.341329 46.764943
8.043424 46.764943
8.043424 46.540111
> H4
8.043424 46.31528
8.341329 46.31528
8.341329 46.540111
8.043424 46.540111
8.043424 46.31528
> H5
8.043424 46.090449
8.341329 46.090449
8.341329 46.31528
8.043424 46.31528
8.043424 46.090449
> H6
8.043424 45.865617
8.341329 45.865617
8.341329 46.090449
8.043424 46.090449
8.043424 45.865617
> H7
8.043424 45.640786
8.341329 45.640786
8.341329 45.865617
8.043424 45.865617
8.043424 45.640786
> H8
8.043424 45.415954
8.341329 45.415954
8.341329 45.640786
8.043424 45.640786
8.043424 45.415954
> H9#27.81
8.043424 45.191123
8.341329 45.191123
8.341329 45.415954
8.043424 45.415954
8.043424 45.191123
> H10#25.45
8.043424 44.966291
8.341329 44.966291
8.341329 45.191123
8.043424 45.191123
8.043424 44.966291
> H11
8.043424 44.74146
8.341329 44.74146
8.341329 44.966291
8.043424 44.966291
8.043424 44.74146
> H12
8.043424 44.516628
8.341329 44.516628
8.341329 44.74146
8.043424 44.74146
8.043424 44.516628
> H13#8.2
8.043424 44.291797
8.341329 44.291797
8.341329 44.516628
8.043424 44.516628
8.043424 44.291797
> H14#11.85
8.043424 44.066965
8.341329 44.066965
8.341329 44.291797
8.043424 44.291797
8.043424 44.066965
> H15#27.99
8.043424 43.842134
8.341329 43.842134
8.341329 44.066965
8.043424 44.066965
8.043424 43.842134
> H16#27.99
8.043424 43.617303
8.341329 43.617303
8.341329 43.842134
8.043424 43.842134
8.043424 43.617303
> H17#29.54
8.043424 43.392471
8.341329 43.392471
8.341329 43.617303
8.043424 43.617303
8.043424 43.392471
> H18
8.043424 43.16764
8.341329 43.16764
8.341329 43.392471
8.043424 43.392471
8.043424 43.16764
> H19
8.043424 42.942808
8.341329 42.942808
8.341329 43.16764
8.043424 43.16764
8.043424 42.942808
> H20#27.15
8.043424 42.717977
8.341329 42.717977
8.341329 42.942808
8.043424 42.942808
8.043424 42.717977
> H21#64.54
8.043424 42.493145
8.341329 42.493145
8.341329 42.717977
8.043424 42.717977
8.043424 42.493145
> H22#64.54
8.043424 42.268314
8.341329 42.268314
8.341329 42.493145
8.043424 42.493145
8.043424 42.268314
> H23#64.54
8.043424 42.043482
8.341329 42.043482
8.341329 42.268314
8.043424 42.268314
8.043424 42.043482
> H24#22.12
8.043424 41.818651
8.341329 41.818651
8.341329 42.043482
8.043424 42.043482
8.043424 41.818651
> H25#22.12
8.043424 41.593819
8.341329 41.593819
8.341329 41.818651
8.043424 41.818651
8.043424 41.593819
> H26
8.043424 41.368988
8.341329 41.368988
8.341329 41.593819
8.043424 41.593819
8.043424 41.368988
> H27#18.9
8.043424 41.144156
8.341329 41.144156
8.341329 41.368988
8.043424 41.368988
8.043424 41.144156
> H28#37.66
8.043424 40.919325
8.341329 40.919325
8.341329 41.144156
8.043424 41.144156
8.043424 40.919325
> H29#37.66
8.043424 40.694494
8.341329 40.694494
8.341329 40.919325
8.043424 40.919325
8.043424 40.694494
> H30#13.76
8.043424 40.469662
8.341329 40.469662
8.341329 40.694494
8.043424 40.694494
8.043424 40.469662
> H31#20.36
8.043424 40.244831
8.341329 40.244831
8.341329 40.469662
8.043424 40.469662
8.043424 40.244831
> H32#21.17
8.043424 40.019999
8.341329 40.019999
8.341329 40.244831
8.043424 40.244831
8.043424 40.019999
> H33#21.17
8.043424 39.795168
8.341329 39.795168
8.341329 40.019999
8.043424 40.019999
8.043424 39.795168
> H34#16.4
8.043424 39.570336
8.341329 39.570336
8.341329 39.795168
8.043424 39.795168
8.043424 39.570336
> H35#20.7
8.043424 39.345505
8.341329 39.345505
8.341329 39.570336
8.043424 39.570336
8.043424 39.345505
> H36#20.7
8.043424 39.120673
8.341329 39.120673
8.341329 39.345505
8.043424 39.345505
8.043424 39.120673
> H37#16.56
8.043424 38.895842
8.341329 38.895842
8.341329 39.120673
8.043424 39.120673
8.043424 38.895842
> H38
8.043424 38.67101
8.341329 38.67101
8.341329 38.895842
8.043424 38.895842
8.043424 38.67101
> H39
8.043424 38.446179
8.341329 38.446179
8.341329 38.67101
8.043424 38.67101
8.043424 38.446179
> H40
8.043424 38.221348
8.341329 38.221348
8.341329 38.446179
8.043424 38.446179
8.043424 38.221348
> H41
8.043424 37.996516
8.341329 37.996516
8.341329 38.221348
8.043424 38.221348
8.043424 37.996516
> H42
8.043424 37.771685
8.341329 37.771685
8.341329 37.996516
8.043424 37.996516
8.043424 37.771685
> H43
8.043424 37.546853
8.341329 37.546853
8.341329 37.771685
8.043424 37.771685
8.043424 37.546853
> H44
8.043424 37.322022
8.341329 37.322022
8.341329 37.546853
8.043424 37.546853
8.043424 37.322022
> H45
8.043424 37.09719
8.341329 37.09719
8.341329 37.322022
8.043424 37.322022
8.043424 37.09719
> H46
8.043424 36.872359
8.341329 36.872359
8.341329 37.09719
8.043424 37.09719
8.043424 36.872359
> H47
8.043424 36.647527
8.341329 36.647527
8.341329 36.872359
8.043424 36.872359
8.043424 36.647527
> H48
8.043424 36.422696
8.341329 36.422696
8.341329 36.647527
8.043424 36.647527
8.043424 36.422696
> H49
8.043424 36.197864
8.341329 36.197864
8.341329 36.422696
8.043424 36.422696
8.043424 36.197864
> H50
8.043424 35.973033
8.341329 35.973033
8.341329 36.197864
8.043424 36.197864
8.043424 35.973033
> H51
8.043424 35.748202
8.341329 35.748202
8.341329 35.973033
8.043424 35.973033
8.043424 35.748202
> H52
8.043424 35.52337
8.341329 35.52337
8.341329 35.748202
8.043424 35.748202
8.043424 35.52337
> H53
8.043424 35.298539
8.341329 35.298539
8.341329 35.52337
8.043424 35.52337
8.043424 35.298539
> H54
8.043424 35.073707
8.341329 35.073707
8.341329 35.298539
8.043424 35.298539
8.043424 35.073707
> H55
8.043424 34.848876
8.341329 34.848876
8.341329 35.073707
8.043424 35.073707
8.043424 34.848876
> H56
8.043424 34.624044
8.341329 34.624044
8.341329 34.848876
8.043424 34.848876
8.043424 34.624044
> I1
8.341329 46.989774
8.639233 46.989774
8.639233 47.214606
8.341329 47.214606
8.341329 46.989774
> I2
8.341329 46.764943
8.639233 46.764943
8.639233 46.989774
8.341329 46.989774
8.341329 46.764943
> I3
8.341329 46.540111
8.639233 46.540111
8.639233 46.764943
8.341329 46.764943
8.341329 46.540111
> I4
8.341329 46.31528
8.639233 46.31528
8.639233 46.540111
8.341329 46.540111
8.341329 46.31528
> I5
8.341329 46.090449
8.639233 46.090449
8.639233 46.31528
8.341329 46.31528
8.341329 46.090449
> I6
8.341329 45.865617
8.639233 45.865617
8.639233 46.090449
8.341329 46.090449
8.341329 45.865617
> I7
8.341329 45.640786
8.639233 45.640786
8.639233 45.865617
8.341329 45.865617
8.341329 45.640786
> I8
8.341329 45.415954
8.639233 45.415954
8.639233 45.640786
8.341329 45.640786
8.341329 45.415954
> I9#27.81
8.341329 45.191123
8.639233 45.191123
8.639233 45.415954
8.341329 45.415954
8.341329 45.191123
> I10#27.81
8.341329 44.966291
8.639233 44.966291
8.639233 45.191123
8.341329 45.191123
8.341329 44.966291
> I11
8.341329 44.74146
8.639233 44.74146
8.639233 44.966291
8.341329 44.966291
8.341329 44.74146
> I12#12.35
8.341329 44.516628
8.639233 44.516628
8.639233 44.74146
8.341329 44.74146
8.341329 44.516628
> I13#12.35
8.341329 44.291797
8.639233 44.291797
8.639233 44.516628
8.341329 44.516628
8.341329 44.291797
> I14#13.71
8.341329 44.066965
8.639233 44.066965
8.639233 44.291797
8.341329 44.291797
8.341329 44.066965
> I15#13.71
8.341329 43.842134
8.639233 43.842134
8.639233 44.066965
8.341329 44.066965
8.341329 43.842134
> I16#19.18
8.341329 43.617303
8.639233 43.617303
8.639233 43.842134
8.341329 43.842134
8.341329 43.617303
> I17
8.341329 43.392471
8.639233 43.392471
8.639233 43.617303
8.341329 43.617303
8.341329 43.392471
> I18#7.8
8.341329 43.16764
8.639233 43.16764
8.639233 43.392471
8.341329 43.392471
8.341329 43.16764
> I19#21.85
8.341329 42.942808
8.639233 42.942808
8.639233 43.16764
8.341329 43.16764
8.341329 42.942808
> I20#64.54
8.341329 42.717977
8.639233 42.717977
8.639233 42.942808
8.341329 42.942808
8.341329 42.717977
> I21#64.54
8.341329 42.493145
8.639233 42.493145
8.639233 42.717977
8.341329 42.717977
8.341329 42.493145
> I22#24.26
8.341329 42.268314
8.639233 42.268314
8.639233 42.493145
8.341329 42.493145
8.341329 42.268314
> I23#15.26
8.341329 42.043482
8.639233 42.043482
8.639233 42.268314
8.341329 42.268314
8.341329 42.043482
> I24#22.12
8.341329 41.818651
8.639233 41.818651
8.639233 42.043482
8.341329 42.043482
8.341329 41.818651
> I25#41.19
8.341329 41.593819
8.639233 41.593819
8.639233 41.818651
8.341329 41.818651
8.341329 41.593819
> I26#41.19
8.341329 41.368988
8.639233 41.368988
8.639233 41.593819
8.341329 41.593819
8.341329 41.368988
> I27#18.9
8.341329 41.144156
8.639233 41.144156
8.639233 41.368988
8.341329 41.368988
8.341329 41.144156
> I28#10.46
8.341329 40.919325
8.639233 40.919325
8.639233 41.144156
8.341329 41.144156
8.341329 40.919325
> I29#15.28
8.341329 40.694494
8.639233 40.694494
8.639233 40.919325
8.341329 40.919325
8.341329 40.694494
> I30#19.82
8.341329 40.469662
8.639233 40.469662
8.639233 40.694494
8.341329 40.694494
8.341329 40.469662
> I31#19.82
8.341329 40.244831
8.639233 40.244831
8.639233 40.469662
8.341329 40.469662
8.341329 40.244831
> I32#18.04
8.341329 40.019999
8.639233 40.019999
8.639233 40.244831
8.341329 40.244831
8.341329 40.019999
> I33#17.92
8.341329 39.795168
8.639233 39.795168
8.639233 40.019999
8.341329 40.019999
8.341329 39.795168
> I34#17.92
8.341329 39.570336
8.639233 39.570336
8.639233 39.795168
8.341329 39.795168
8.341329 39.570336
> I35#6.07
8.341329 39.345505
8.639233 39.345505
8.639233 39.570336
8.341329 39.570336
8.341329 39.345505
> I36#18.08
8.341329 39.120673
8.639233 39.120673
8.639233 39.345505
8.341329 39.345505
8.341329 39.120673
> I37#31.27
8.341329 38.895842
8.639233 38.895842
8.639233 39.120673
8.341329 39.120673
8.341329 38.895842
> I38#16.56
8.341329 38.67101
8.639233 38.67101
8.639233 38.895842
8.341329 38.895842
8.341329 38.67101
> I39
8.341329 38.446179
8.639233 38.446179
8.639233 38.67101
8.341329 38.67101
8.341329 38.446179
> I40
8.341329 38.221348
8.639233 38.221348
8.639233 38.446179
8.341329 38.446179
8.341329 38.221348
> I41
8.341329 37.996516
8.639233 37.996516
8.639233 38.221348
8.341329 38.221348
8.341329 37.996516
> I42
8.341329 37.771685
8.639233 37.771685
8.639233 37.996516
8.341329 37.996516
8.341329 37.771685
> I43
8.341329 37.546853
8.639233 37.546853
8.639233 37.771685
8.341329 37.771685
8.341329 37.546853
> I44
8.341329 37.322022
8.639233 37.322022
8.639233 37.546853
8.341329 37.546853
8.341329 37.322022
> I45
8.341329 37.09719
8.639233 37.09719
8.639233 37.322022
8.341329 37.322022
8.341329 37.09719
> I46
8.341329 36.872359
8.639233 36.872359
8.639233 37.09719
8.341329 37.09719
8.341329 36.872359
> I47
8.341329 36.647527
8.639233 36.647527
8.639233 36.872359
8.341329 36.872359
8.341329 36.647527
> I48
8.341329 36.422696
8.639233 36.422696
8.639233 36.647527
8.341329 36.647527
8.341329 36.422696
> I49
8.341329 36.197864
8.639233 36.197864
8.639233 36.422696
8.341329 36.422696
8.341329 36.197864
> I50
8.341329 35.973033
8.639233 35.973033
8.639233 36.197864
8.341329 36.197864
8.341329 35.973033
> I51
8.341329 35.748202
8.639233 35.748202
8.639233 35.973033
8.341329 35.973033
8.341329 35.748202
> I52
8.341329 35.52337
8.639233 35.52337
8.639233 35.748202
8.341329 35.748202
8.341329 35.52337
> I53
8.341329 35.298539
8.639233 35.298539
8.639233 35.52337
8.341329 35.52337
8.341329 35.298539
> I54
8.341329 35.073707
8.639233 35.073707
8.639233 35.298539
8.341329 35.298539
8.341329 35.073707
> I55
8.341329 34.848876
8.639233 34.848876
8.639233 35.073707
8.341329 35.073707
8.341329 34.848876
> I56
8.341329 34.624044
8.639233 34.624044
8.639233 34.848876
8.341329 34.848876
8.341329 34.624044
> J1
8.639233 46.989774
8.937138 46.989774
8.937138 47.214606
8.639233 47.214606
8.639233 46.989774
> J2
8.639233 46.764943
8.937138 46.764943
8.937138 46.989774
8.639233 46.989774
8.639233 46.764943
> J3
8.639233 46.540111
8.937138 46.540111
8.937138 46.764943
8.639233 46.764943
8.639233 46.540111
> J4
8.639233 46.31528
8.937138 46.31528
8.937138 46.540111
8.639233 46.540111
8.639233 46.31528
> J5
8.639233 46.090449
8.937138 46.090449
8.937138 46.31528
8.639233 46.31528
8.639233 46.090449
> J6
8.639233 45.865617
8.937138 45.865617
8.937138 46.090449
8.639233 46.090449
8.639233 45.865617
> J7#47.17
8.639233 45.640786
8.937138 45.640786
8.937138 45.865617
8.639233 45.865617
8.639233 45.640786
> J8
8.639233 45.415954
8.937138 45.415954
8.937138 45.640786
8.639233 45.640786
8.639233 45.415954
> J9
8.639233 45.191123
8.937138 45.191123
8.937138 45.415954
8.639233 45.415954
8.639233 45.191123
> J10#23.72
8.639233 44.966291
8.937138 44.966291
8.937138 45.191123
8.639233 45.191123
8.639233 44.966291
> J11#23.72
8.639233 44.74146
8.937138 44.74146
8.937138 44.966291
8.639233 44.966291
8.639233 44.74146
> J12#4.12
8.639233 44.516628
8.937138 44.516628
8.937138 44.74146
8.639233 44.74146
8.639233 44.516628
> J13#11.3
8.639233 44.291797
8.937138 44.291797
8.937138 44.516628
8.639233 44.516628
8.639233 44.291797
> J14
8.639233 44.066965
8.937138 44.066965
8.937138 44.291797
8.639233 44.291797
8.639233 44.066965
> J15#6.23
8.639233 43.842134
8.937138 43.842134
8.937138 44.066965
8.639233 44.066965
8.639233 43.842134
> J16#9.53
8.639233 43.617303
8.937138 43.617303
8.937138 43.842134
8.639233 43.842134
8.639233 43.617303
> J17#5.27
8.639233 43.392471
8.937138 43.392471
8.937138 43.617303
8.639233 43.617303
8.639233 43.392471
> J18#5.27
8.639233 43.16764
8.937138 43.16764
8.937138 43.392471
8.639233 43.392471
8.639233 43.16764
> J19
8.639233 42.942808
8.937138 42.942808
8.937138 43.16764
8.639233 43.16764
8.639233 42.942808
> J20
8.639233 42.717977
8.937138 42.717977
8.937138 42.942808
8.639233 42.942808
8.639233 42.717977
> J21#21.36
8.639233 42.493145
8.937138 42.493145
8.937138 42.717977
8.639233 42.717977
8.639233 42.493145
> J22#8.36
8.639233 42.268314
8.937138 42.268314
8.937138 42.493145
8.639233 42.493145
8.639233 42.268314
> J23#41.68
8.639233 42.043482
8.937138 42.043482
8.937138 42.268314
8.639233 42.268314
8.639233 42.043482
> J24#41.68
8.639233 41.818651
8.937138 41.818651
8.937138 42.043482
8.639233 42.043482
8.639233 41.818651
> J25#44.53
8.639233 41.593819
8.937138 41.593819
8.937138 41.818651
8.639233 41.818651
8.639233 41.593819
> J26#41.19
8.639233 41.368988
8.937138 41.368988
8.937138 41.593819
8.639233 41.593819
8.639233 41.368988
> J27#7.13
8.639233 41.144156
8.937138 41.144156
8.937138 41.368988
8.639233 41.368988
8.639233 41.144156
> J28#13.47
8.639233 40.919325
8.937138 40.919325
8.937138 41.144156
8.639233 41.144156
8.639233 40.919325
> J29#13.47
8.639233 40.694494
8.937138 40.694494
8.937138 40.919325
8.639233 40.919325
8.639233 40.694494
> J30#21.07
8.639233 40.469662
8.937138 40.469662
8.937138 40.694494
8.639233 40.694494
8.639233 40.469662
> J31#21.07
8.639233 40.244831
8.937138 40.244831
8.937138 40.469662
8.639233 40.469662
8.639233 40.244831
> J32#18.04
8.639233 40.019999
8.937138 40.019999
8.937138 40.244831
8.639233 40.244831
8.639233 40.019999
> J33#24.43
8.639233 39.795168
8.937138 39.795168
8.937138 40.019999
8.639233 40.019999
8.639233 39.795168
> J34#51.95
8.639233 39.570336
8.937138 39.570336
8.937138 39.795168
8.639233 39.795168
8.639233 39.570336
> J35#51.95
8.639233 39.345505
8.937138 39.345505
8.937138 39.570336
8.639233 39.570336
8.639233 39.345505
> J36#18.08
8.639233 39.120673
8.937138 39.120673
8.937138 39.345505
8.639233 39.345505
8.639233 39.120673
> J37#31.27
8.639233 38.895842
8.937138 38.895842
8.937138 39.120673
8.639233 39.120673
8.639233 38.895842
> J38#4.04
8.639233 38.67101
8.937138 38.67101
8.937138 38.895842
8.639233 38.895842
8.639233 38.67101
> J39
8.639233 38.446179
8.937138 38.446179
8.937138 38.67101
8.639233 38.67101
8.639233 38.446179
> J40
8.639233 38.221348
8.937138 38.221348
8.937138 38.446179
8.639233 38.446179
8.639233 38.221348
> J41
8.639233 37.996516
8.937138 37.996516
8.937138 38.221348
8.639233 38.221348
8.639233 37.996516
> J42
8.639233 37.771685
8.937138 37.771685
8.937138 37.996516
8.639233 37.996516
8.639233 37.771685
> J43
8.639233 37.546853
8.937138 37.546853
8.937138 37.771685
8.639233 37.771685
8.639233 37.546853
> J44
8.639233 37.322022
8.937138 37.322022
8.937138 37.546853
8.639233 37.546853
8.639233 37.322022
> J45
8.639233 37.09719
8.937138 37.09719
8.937138 37.322022
8.639233 37.322022
8.639233 37.09719
> J46
8.639233 36.872359
8.937138 36.872359
8.937138 37.09719
8.639233 37.09719
8.639233 36.872359
> J47
8.639233 36.647527
8.937138 36.647527
8.937138 36.872359
8.639233 36.872359
8.639233 36.647527
> J48
8.639233 36.422696
8.937138 36.422696
8.937138 36.647527
8.639233 36.647527
8.639233 36.422696
> J49
8.639233 36.197864
8.937138 36.197864
8.937138 36.422696
8.639233 36.422696
8.639233 36.197864
> J50
8.639233 35.973033
8.937138 35.973033
8.937138 36.197864
8.639233 36.197864
8.639233 35.973033
> J51
8.639233 35.748202
8.937138 35.748202
8.937138 35.973033
8.639233 35.973033
8.639233 35.748202
> J52
8.639233 35.52337
8.937138 35.52337
8.937138 35.748202
8.639233 35.748202
8.639233 35.52337
> J53
8.639233 35.298539
8.937138 35.298539
8.937138 35.52337
8.639233 35.52337
8.639233 35.298539
> J54
8.639233 35.073707
8.937138 35.073707
8.937138 35.298539
8.639233 35.298539
8.639233 35.073707
> J55
8.639233 34.848876
8.937138 34.848876
8.937138 35.073707
8.639233 35.073707
8.639233 34.848876
> J56
8.639233 34.624044
8.937138 34.624044
8.937138 34.848876
8.639233 34.848876
8.639233 34.624044
> K1
8.937138 46.989774
9.235043 46.989774
9.235043 47.214606
8.937138 47.214606
8.937138 46.989774
> K2
8.937138 46.764943
9.235043 46.764943
9.235043 46.989774
8.937138 46.989774
8.937138 46.764943
> K3
8.937138 46.540111
9.235043 46.540111
9.235043 46.764943
8.937138 46.764943
8.937138 46.540111
> K4
8.937138 46.31528
9.235043 46.31528
9.235043 46.540111
8.937138 46.540111
8.937138 46.31528
> K5#5.17
8.937138 46.090449
9.235043 46.090449
9.235043 46.31528
8.937138 46.31528
8.937138 46.090449
> K6
8.937138 45.865617
9.235043 45.865617
9.235043 46.090449
8.937138 46.090449
8.937138 45.865617
> K7#47.17
8.937138 45.640786
9.235043 45.640786
9.235043 45.865617
8.937138 45.865617
8.937138 45.640786
> K8
8.937138 45.415954
9.235043 45.415954
9.235043 45.640786
8.937138 45.640786
8.937138 45.415954
> K9
8.937138 45.191123
9.235043 45.191123
9.235043 45.415954
8.937138 45.415954
8.937138 45.191123
> K10#47.82
8.937138 44.966291
9.235043 44.966291
9.235043 45.191123
8.937138 45.191123
8.937138 44.966291
> K11#32.89
8.937138 44.74146
9.235043 44.74146
9.235043 44.966291
8.937138 44.966291
8.937138 44.74146
> K12#10.98
8.937138 44.516628
9.235043 44.516628
9.235043 44.74146
8.937138 44.74146
8.937138 44.516628
> K13#4.78
8.937138 44.291797
9.235043 44.291797
9.235043 44.516628
8.937138 44.516628
8.937138 44.291797
> K14#4.95
8.937138 44.066965
9.235043 44.066965
9.235043 44.291797
8.937138 44.291797
8.937138 44.066965
> K15#6
8.937138 43.842134
9.235043 43.842134
9.235043 44.066965
8.937138 44.066965
8.937138 43.842134
> K16#8.36
8.937138 43.617303
9.235043 43.617303
9.235043 43.842134
8.937138 43.842134
8.937138 43.617303
> K17#10.77
8.937138 43.392471
9.235043 43.392471
9.235043 43.617303
8.937138 43.617303
8.937138 43.392471
> K18#5.99
8.937138 43.16764
9.235043 43.16764
9.235043 43.392471
8.937138 43.392471
8.937138 43.16764
> K19
8.937138 42.942808
9.235043 42.942808
9.235043 43.16764
8.937138 43.16764
8.937138 42.942808
> K20
8.937138 42.717977
9.235043 42.717977
9.235043 42.942808
8.937138 42.942808
8.937138 42.717977
> K21#7.46
8.937138 42.493145
9.235043 42.493145
9.235043 42.717977
8.937138 42.717977
8.937138 42.493145
> K22#21.42
8.937138 42.268314
9.235043 42.268314
9.235043 42.493145
8.937138 42.493145
8.937138 42.268314
> K23#41.68
8.937138 42.043482
9.235043 42.043482
9.235043 42.268314
8.937138 42.268314
8.937138 42.043482
> K24#29.8
8.937138 41.818651
9.235043 41.818651
9.235043 42.043482
8.937138 42.043482
8.937138 41.818651
> K25#44.53
8.937138 41.593819
9.235043 41.593819
9.235043 41.818651
8.937138 41.818651
8.937138 41.593819
> K26#41.19
8.937138 41.368988
9.235043 41.368988
9.235043 41.593819
8.937138 41.593819
8.937138 41.368988
> K27
8.937138 41.144156
9.235043 41.144156
9.235043 41.368988
8.937138 41.368988
8.937138 41.144156
> K28#41.45
8.937138 40.919325
9.235043 40.919325
9.235043 41.144156
8.937138 41.144156
8.937138 40.919325
> K29#46.94
8.937138 40.694494
9.235043 40.694494
9.235043 40.919325
8.937138 40.919325
8.937138 40.694494
> K30#46.94
8.937138 40.469662
9.235043 40.469662
9.235043 40.694494
8.937138 40.694494
8.937138 40.469662
> K31#82.34
8.937138 40.244831
9.235043 40.244831
9.235043 40.469662
8.937138 40.469662
8.937138 40.244831
> K32#82.34
8.937138 40.019999
9.235043 40.019999
9.235043 40.244831
8.937138 40.244831
8.937138 40.019999
> K33#13.77
8.937138 39.795168
9.235043 39.795168
9.235043 40.019999
8.937138 40.019999
8.937138 39.795168
> K34#3.74
8.937138 39.570336
9.235043 39.570336
9.235043 39.795168
8.937138 39.795168
8.937138 39.570336
> K35#51.95
8.937138 39.345505
9.235043 39.345505
9.235043 39.570336
8.937138 39.570336
8.937138 39.345505
> K36#51.95
8.937138 39.120673
9.235043 39.120673
9.235043 39.345505
8.937138 39.345505
8.937138 39.120673
> K37#36.84
8.937138 38.895842
9.235043 38.895842
9.235043 39.120673
8.937138 39.120673
8.937138 38.895842
> K38#10.74
8.937138 38.67101
9.235043 38.67101
9.235043 38.895842
8.937138 38.895842
8.937138 38.67101
> K39
8.937138 38.446179
9.235043 38.446179
9.235043 38.67101
8.937138 38.67101
8.937138 38.446179
> K40
8.937138 38.221348
9.235043 38.221348
9.235043 38.446179
8.937138 38.446179
8.937138 38.221348
> K41
8.937138 37.996516
9.235043 37.996516
9.235043 38.221348
8.937138 38.221348
8.937138 37.996516
> K42
8.937138 37.771685
9.235043 37.771685
9.235043 37.996516
8.937138 37.996516
8.937138 37.771685
> K43
8.937138 37.546853
9.235043 37.546853
9.235043 37.771685
8.937138 37.771685
8.937138 37.546853
> K44
8.937138 37.322022
9.235043 37.322022
9.235043 37.546853
8.937138 37.546853
8.937138 37.322022
> K45
8.937138 37.09719
9.235043 37.09719
9.235043 37.322022
8.937138 37.322022
8.937138 37.09719
> K46
8.937138 36.872359
9.235043 36.872359
9.235043 37.09719
8.937138 37.09719
8.937138 36.872359
> K47
8.937138 36.647527
9.235043 36.647527
9.235043 36.872359
8.937138 36.872359
8.937138 36.647527
> K48
8.937138 36.422696
9.235043 36.422696
9.235043 36.647527
8.937138 36.647527
8.937138 36.422696
> K49
8.937138 36.197864
9.235043 36.197864
9.235043 36.422696
8.937138 36.422696
8.937138 36.197864
> K50
8.937138 35.973033
9.235043 35.973033
9.235043 36.197864
8.937138 36.197864
8.937138 35.973033
> K51
8.937138 35.748202
9.235043 35.748202
9.235043 35.973033
8.937138 35.973033
8.937138 35.748202
> K52
8.937138 35.52337
9.235043 35.52337
9.235043 35.748202
8.937138 35.748202
8.937138 35.52337
> K53
8.937138 35.298539
9.235043 35.298539
9.235043 35.52337
8.937138 35.52337
8.937138 35.298539
> K54
8.937138 35.073707
9.235043 35.073707
9.235043 35.298539
8.937138 35.298539
8.937138 35.073707
> K55
8.937138 34.848876
9.235043 34.848876
9.235043 35.073707
8.937138 35.073707
8.937138 34.848876
> K56
8.937138 34.624044
9.235043 34.624044
9.235043 34.848876
8.937138 34.848876
8.937138 34.624044
> L1
9.235043 46.989774
9.532947 46.989774
9.532947 47.214606
9.235043 47.214606
9.235043 46.989774
> L2
9.235043 46.764943
9.532947 46.764943
9.532947 46.989774
9.235043 46.989774
9.235043 46.764943
> L3
9.235043 46.540111
9.532947 46.540111
9.532947 46.764943
9.235043 46.764943
9.235043 46.540111
> L4#10.51
9.235043 46.31528
9.532947 46.31528
9.532947 46.540111
9.235043 46.540111
9.235043 46.31528
> L5#12.82
9.235043 46.090449
9.532947 46.090449
9.532947 46.31528
9.235043 46.31528
9.235043 46.090449
> L6
9.235043 45.865617
9.532947 45.865617
9.532947 46.090449
9.235043 46.090449
9.235043 45.865617
> L7#27.28
9.235043 45.640786
9.532947 45.640786
9.532947 45.865617
9.235043 45.865617
9.235043 45.640786
> L8#26.71
9.235043 45.415954
9.532947 45.415954
9.532947 45.640786
9.235043 45.640786
9.235043 45.415954
> L9#47.82
9.235043 45.191123
9.532947 45.191123
9.532947 45.415954
9.235043 45.415954
9.235043 45.191123
> L10#47.82
9.235043 44.966291
9.532947 44.966291
9.532947 45.191123
9.235043 45.191123
9.235043 44.966291
> L11#41.87
9.235043 44.74146
9.532947 44.74146
9.532947 44.966291
9.235043 44.966291
9.235043 44.74146
> L12#50.23
9.235043 44.516628
9.532947 44.516628
9.532947 44.74146
9.235043 44.74146
9.235043 44.516628
> L13#10.49
9.235043 44.291797
9.532947 44.291797
9.532947 44.516628
9.235043 44.516628
9.235043 44.291797
> L14#4.6
9.235043 44.066965
9.532947 44.066965
9.532947 44.291797
9.235043 44.291797
9.235043 44.066965
> L15
9.235043 43.842134
9.532947 43.842134
9.532947 44.066965
9.235043 44.066965
9.235043 43.842134
> L16#8.36
9.235043 43.617303
9.532947 43.617303
9.532947 43.842134
9.235043 43.842134
9.235043 43.617303
> L17#9.3
9.235043 43.392471
9.532947 43.392471
9.532947 43.617303
9.235043 43.617303
9.235043 43.392471
> L18#7.5
9.235043 43.16764
9.532947 43.16764
9.532947 43.392471
9.235043 43.392471
9.235043 43.16764
> L19
9.235043 42.942808
9.532947 42.942808
9.532947 43.16764
9.235043 43.16764
9.235043 42.942808
> L20#5.95
9.235043 42.717977
9.532947 42.717977
9.532947 42.942808
9.235043 42.942808
9.235043 42.717977
> L21#5.95
9.235043 42.493145
9.532947 42.493145
9.532947 42.717977
9.235043 42.717977
9.235043 42.493145
> L22#4.46
9.235043 42.268314
9.532947 42.268314
9.532947 42.493145
9.235043 42.493145
9.235043 42.268314
> L23#4.44
9.235043 42.043482
9.532947 42.043482
9.532947 42.268314
9.235043 42.268314
9.235043 42.043482
> L24#44.53
9.235043 41.818651
9.532947 41.818651
9.532947 42.043482
9.235043 42.043482
9.235043 41.818651
> L25#44.53
9.235043 41.593819
9.532947 41.593819
9.532947 41.818651
9.235043 41.818651
9.235043 41.593819
> L26#6.36
9.235043 41.368988
9.532947 41.368988
9.532947 41.593819
9.235043 41.593819
9.235043 41.368988
> L27#13.52
9.235043 41.144156
9.532947 41.144156
9.532947 41.368988
9.235043 41.368988
9.235043 41.144156
> L28#41.45
9.235043 40.919325
9.532947 40.919325
9.532947 41.144156
9.235043 41.144156
9.235043 40.919325
> L29#46.94
9.235043 40.694494
9.532947 40.694494
9.532947 40.919325
9.235043 40.919325
9.235043 40.694494
> L30#34.73
9.235043 40.469662
9.532947 40.469662
9.532947 40.694494
9.235043 40.694494
9.235043 40.469662
> L31#82.34
9.235043 40.244831
9.532947 40.244831
9.532947 40.469662
9.235043 40.469662
9.235043 40.244831
> L32#45.81
9.235043 40.019999
9.532947 40.019999
9.532947 40.244831
9.235043 40.244831
9.235043 40.019999
> L33#45.81
9.235043 39.795168
9.532947 39.795168
9.532947 40.019999
9.235043 40.019999
9.235043 39.795168
> L34
9.235043 39.570336
9.532947 39.570336
9.532947 39.795168
9.235043 39.795168
9.235043 39.570336
> L35
9.235043 39.345505
9.532947 39.345505
9.532947 39.570336
9.235043 39.570336
9.235043 39.345505
> L36#15.01
9.235043 39.120673
9.532947 39.120673
9.532947 39.345505
9.235043 39.345505
9.235043 39.120673
> L37#15.01
9.235043 38.895842
9.532947 38.895842
9.532947 39.120673
9.235043 39.120673
9.235043 38.895842
> L38
9.235043 38.67101
9.532947 38.67101
9.532947 38.895842
9.235043 38.895842
9.235043 38.67101
> L39
9.235043 38.446179
9.532947 38.446179
9.532947 38.67101
9.235043 38.67101
9.235043 38.446179
> L40
9.235043 38.221348
9.532947 38.221348
9.532947 38.446179
9.235043 38.446179
9.235043 38.221348
> L41
9.235043 37.996516
9.532947 37.996516
9.532947 38.221348
9.235043 38.221348
9.235043 37.996516
> L42
9.235043 37.771685
9.532947 37.771685
9.532947 37.996516
9.235043 37.996516
9.235043 37.771685
> L43
9.235043 37.546853
9.532947 37.546853
9.532947 37.771685
9.235043 37.771685
9.235043 37.546853
> L44
9.235043 37.322022
9.532947 37.322022
9.532947 37.546853
9.235043 37.546853
9.235043 37.322022
> L45
9.235043 37.09719
9.532947 37.09719
9.532947 37.322022
9.235043 37.322022
9.235043 37.09719
> L46
9.235043 36.872359
9.532947 36.872359
9.532947 37.09719
9.235043 37.09719
9.235043 36.872359
> L47
9.235043 36.647527
9.532947 36.647527
9.532947 36.872359
9.235043 36.872359
9.235043 36.647527
> L48
9.235043 36.422696
9.532947 36.422696
9.532947 36.647527
9.235043 36.647527
9.235043 36.422696
> L49
9.235043 36.197864
9.532947 36.197864
9.532947 36.422696
9.235043 36.422696
9.235043 36.197864
> L50
9.235043 35.973033
9.532947 35.973033
9.532947 36.197864
9.235043 36.197864
9.235043 35.973033
> L51
9.235043 35.748202
9.532947 35.748202
9.532947 35.973033
9.235043 35.973033
9.235043 35.748202
> L52
9.235043 35.52337
9.532947 35.52337
9.532947 35.748202
9.235043 35.748202
9.235043 35.52337
> L53
9.235043 35.298539
9.532947 35.298539
9.532947 35.52337
9.235043 35.52337
9.235043 35.298539
> L54
9.235043 35.073707
9.532947 35.073707
9.532947 35.298539
9.235043 35.298539
9.235043 35.073707
> L55
9.235043 34.848876
9.532947 34.848876
9.532947 35.073707
9.235043 35.073707
9.235043 34.848876
> L56
9.235043 34.624044
9.532947 34.624044
9.532947 34.848876
9.235043 34.848876
9.235043 34.624044
> M1
9.532947 46.989774
9.830852 46.989774
9.830852 47.214606
9.532947 47.214606
9.532947 46.989774
> M2
9.532947 46.764943
9.830852 46.764943
9.830852 46.989774
9.532947 46.989774
9.532947 46.764943
> M3
9.532947 46.540111
9.830852 46.540111
9.830852 46.764943
9.532947 46.764943
9.532947 46.540111
> M4#6.21
9.532947 46.31528
9.830852 46.31528
9.830852 46.540111
9.532947 46.540111
9.532947 46.31528
> M5#12.79
9.532947 46.090449
9.830852 46.090449
9.830852 46.31528
9.532947 46.31528
9.532947 46.090449
> M6#10.07
9.532947 45.865617
9.830852 45.865617
9.830852 46.090449
9.532947 46.090449
9.532947 45.865617
> M7#35.69
9.532947 45.640786
9.830852 45.640786
9.830852 45.865617
9.532947 45.865617
9.532947 45.640786
> M8#26.63
9.532947 45.415954
9.830852 45.415954
9.830852 45.640786
9.532947 45.640786
9.532947 45.415954
> M9#40.01
9.532947 45.191123
9.830852 45.191123
9.830852 45.415954
9.532947 45.415954
9.532947 45.191123
> M10#40.01
9.532947 44.966291
9.830852 44.966291
9.830852 45.191123
9.532947 45.191123
9.532947 44.966291
> M11#26.84
9.532947 44.74146
9.830852 44.74146
9.830852 44.966291
9.532947 44.966291
9.532947 44.74146
> M12#50.23
9.532947 44.516628
9.830852 44.516628
9.830852 44.74146
9.532947 44.74146
9.532947 44.516628
> M13#50.23
9.532947 44.291797
9.830852 44.291797
9.830852 44.516628
9.532947 44.516628
9.532947 44.291797
> M14#26.3
9.532947 44.066965
9.830852 44.066965
9.830852 44.291797
9.532947 44.291797
9.532947 44.066965
> M15#10.26
9.532947 43.842134
9.830852 43.842134
9.830852 44.066965
9.532947 44.066965
9.532947 43.842134
> M16
9.532947 43.617303
9.830852 43.617303
9.830852 43.842134
9.532947 43.842134
9.532947 43.617303
> M17#8.71
9.532947 43.392471
9.830852 43.392471
9.830852 43.617303
9.532947 43.617303
9.532947 43.392471
> M18#8.71
9.532947 43.16764
9.830852 43.16764
9.830852 43.392471
9.532947 43.392471
9.532947 43.16764
> M19#4.77
9.532947 42.942808
9.830852 42.942808
9.830852 43.16764
9.532947 43.16764
9.532947 42.942808
> M20#3.89
9.532947 42.717977
9.830852 42.717977
9.830852 42.942808
9.532947 42.942808
9.532947 42.717977
> M21#13.34
9.532947 42.493145
9.830852 42.493145
9.830852 42.717977
9.532947 42.717977
9.532947 42.493145
> M22#5.77
9.532947 42.268314
9.830852 42.268314
9.830852 42.493145
9.532947 42.493145
9.532947 42.268314
> M23#4.03
9.532947 42.043482
9.830852 42.043482
9.830852 42.268314
9.532947 42.268314
9.532947 42.043482
> M24
9.532947 41.818651
9.830852 41.818651
9.830852 42.043482
9.532947 42.043482
9.532947 41.818651
> M25
9.532947 41.593819
9.830852 41.593819
9.830852 41.818651
9.532947 41.818651
9.532947 41.593819
> M26#8.62
9.532947 41.368988
9.830852 41.368988
9.830852 41.593819
9.532947 41.593819
9.532947 41.368988
> M27#13.64
9.532947 41.144156
9.830852 41.144156
9.830852 41.368988
9.532947 41.368988
9.532947 41.144156
> M28#18.44
9.532947 40.919325
9.830852 40.919325
9.830852 41.144156
9.532947 41.144156
9.532947 40.919325
> M29#11.8
9.532947 40.694494
9.830852 40.694494
9.830852 40.919325
9.532947 40.919325
9.532947 40.694494
> M30#82.34
9.532947 40.469662
9.830852 40.469662
9.830852 40.694494
9.532947 40.694494
9.532947 40.469662
> M31#82.34
9.532947 40.244831
9.830852 40.244831
9.830852 40.469662
9.532947 40.469662
9.532947 40.244831
> M32#27.73
9.532947 40.019999
9.830852 40.019999
9.830852 40.244831
9.532947 40.244831
9.532947 40.019999
> M33#45.81
9.532947 39.795168
9.830852 39.795168
9.830852 40.019999
9.532947 40.019999
9.532947 39.795168
> M34#6.34
9.532947 39.570336
9.830852 39.570336
9.830852 39.795168
9.532947 39.795168
9.532947 39.570336
> M35#9.81
9.532947 39.345505
9.830852 39.345505
9.830852 39.570336
9.532947 39.570336
9.532947 39.345505
> M36#9.16
9.532947 39.120673
9.830852 39.120673
9.830852 39.345505
9.532947 39.345505
9.532947 39.120673
> M37#21.17
9.532947 38.895842
9.830852 38.895842
9.830852 39.120673
9.532947 39.120673
9.532947 38.895842
> M38#21.17
9.532947 38.67101
9.830852 38.67101
9.830852 38.895842
9.532947 38.895842
9.532947 38.67101
> M39
9.532947 38.446179
9.830852 38.446179
9.830852 38.67101
9.532947 38.67101
9.532947 38.446179
> M40
9.532947 38.221348
9.830852 38.221348
9.830852 38.446179
9.532947 38.446179
9.532947 38.221348
> M41
9.532947 37.996516
9.830852 37.996516
9.830852 38.221348
9.532947 38.221348
9.532947 37.996516
> M42
9.532947 37.771685
9.830852 37.771685
9.830852 37.996516
9.532947 37.996516
9.532947 37.771685
> M43
9.532947 37.546853
9.830852 37.546853
9.830852 37.771685
9.532947 37.771685
9.532947 37.546853
> M44
9.532947 37.322022
9.830852 37.322022
9.830852 37.546853
9.532947 37.546853
9.532947 37.322022
> M45
9.532947 37.09719
9.830852 37.09719
9.830852 37.322022
9.532947 37.322022
9.532947 37.09719
> M46
9.532947 36.872359
9.830852 36.872359
9.830852 37.09719
9.532947 37.09719
9.532947 36.872359
> M47
9.532947 36.647527
9.830852 36.647527
9.830852 36.872359
9.532947 36.872359
9.532947 36.647527
> M48
9.532947 36.422696
9.830852 36.422696
9.830852 36.647527
9.532947 36.647527
9.532947 36.422696
> M49
9.532947 36.197864
9.830852 36.197864
9.830852 36.422696
9.532947 36.422696
9.532947 36.197864
> M50
9.532947 35.973033
9.830852 35.973033
9.830852 36.197864
9.532947 36.197864
9.532947 35.973033
> M51
9.532947 35.748202
9.830852 35.748202
9.830852 35.973033
9.532947 35.973033
9.532947 35.748202
> M52
9.532947 35.52337
9.830852 35.52337
9.830852 35.748202
9.532947 35.748202
9.532947 35.52337
> M53
9.532947 35.298539
9.830852 35.298539
9.830852 35.52337
9.532947 35.52337
9.532947 35.298539
> M54
9.532947 35.073707
9.830852 35.073707
9.830852 35.298539
9.532947 35.298539
9.532947 35.073707
> M55
9.532947 34.848876
9.830852 34.848876
9.830852 35.073707
9.532947 35.073707
9.532947 34.848876
> M56
9.532947 34.624044
9.830852 34.624044
9.830852 34.848876
9.532947 34.848876
9.532947 34.624044
> N1#6.33
9.830852 46.989774
10.128756 46.989774
10.128756 47.214606
9.830852 47.214606
9.830852 46.989774
> N2
9.830852 46.764943
10.128756 46.764943
10.128756 46.989774
9.830852 46.989774
9.830852 46.764943
> N3#5.86
9.830852 46.540111
10.128756 46.540111
10.128756 46.764943
9.830852 46.764943
9.830852 46.540111
> N4
9.830852 46.31528
10.128756 46.31528
10.128756 46.540111
9.830852 46.540111
9.830852 46.31528
> N5#2.76
9.830852 46.090449
10.128756 46.090449
10.128756 46.31528
9.830852 46.31528
9.830852 46.090449
> N6#16.4
9.830852 45.865617
10.128756 45.865617
10.128756 46.090449
9.830852 46.090449
9.830852 45.865617
> N7#35.69
9.830852 45.640786
10.128756 45.640786
10.128756 45.865617
9.830852 45.865617
9.830852 45.640786
> N8#30.05
9.830852 45.415954
10.128756 45.415954
10.128756 45.640786
9.830852 45.640786
9.830852 45.415954
> N9#23.61
9.830852 45.191123
10.128756 45.191123
10.128756 45.415954
9.830852 45.415954
9.830852 45.191123
> N10#58.38
9.830852 44.966291
10.128756 44.966291
10.128756 45.191123
9.830852 45.191123
9.830852 44.966291
> N11#31.77
9.830852 44.74146
10.128756 44.74146
10.128756 44.966291
9.830852 44.966291
9.830852 44.74146
> N12#49.29
9.830852 44.516628
10.128756 44.516628
10.128756 44.74146
9.830852 44.74146
9.830852 44.516628
> N13#27.75
9.830852 44.291797
10.128756 44.291797
10.128756 44.516628
9.830852 44.516628
9.830852 44.291797
> N14#15.69
9.830852 44.066965
10.128756 44.066965
10.128756 44.291797
9.830852 44.291797
9.830852 44.066965
> N15#20.78
9.830852 43.842134
10.128756 43.842134
10.128756 44.066965
9.830852 44.066965
9.830852 43.842134
> N16
9.830852 43.617303
10.128756 43.617303
10.128756 43.842134
9.830852 43.842134
9.830852 43.617303
> N17#22.8
9.830852 43.392471
10.128756 43.392471
10.128756 43.617303
9.830852 43.617303
9.830852 43.392471
> N18#9.95
9.830852 43.16764
10.128756 43.16764
10.128756 43.392471
9.830852 43.392471
9.830852 43.16764
> N19
9.830852 42.942808
10.128756 42.942808
10.128756 43.16764
9.830852 43.16764
9.830852 42.942808
> N20#20.5
9.830852 42.717977
10.128756 42.717977
10.128756 42.942808
9.830852 42.942808
9.830852 42.717977
> N21#20.5
9.830852 42.493145
10.128756 42.493145
10.128756 42.717977
9.830852 42.717977
9.830852 42.493145
> N22#16.91
9.830852 42.268314
10.128756 42.268314
10.128756 42.493145
9.830852 42.493145
9.830852 42.268314
> N23#16.15
9.830852 42.043482
10.128756 42.043482
10.128756 42.268314
9.830852 42.268314
9.830852 42.043482
> N24#16.15
9.830852 41.818651
10.128756 41.818651
10.128756 42.043482
9.830852 42.043482
9.830852 41.818651
> N25#14.61
9.830852 41.593819
10.128756 41.593819
10.128756 41.818651
9.830852 41.818651
9.830852 41.593819
> N26#19.64
9.830852 41.368988
10.128756 41.368988
10.128756 41.593819
9.830852 41.593819
9.830852 41.368988
> N27#18.77
9.830852 41.144156
10.128756 41.144156
10.128756 41.368988
9.830852 41.368988
9.830852 41.144156
> N28#21.43
9.830852 40.919325
10.128756 40.919325
10.128756 41.144156
9.830852 41.144156
9.830852 40.919325
> N29#40.95
9.830852 40.694494
10.128756 40.694494
10.128756 40.919325
9.830852 40.919325
9.830852 40.694494
> N30#40.95
9.830852 40.469662
10.128756 40.469662
10.128756 40.694494
9.830852 40.694494
9.830852 40.469662
> N31#9.31
9.830852 40.244831
10.128756 40.244831
10.128756 40.469662
9.830852 40.469662
9.830852 40.244831
> N32#28.14
9.830852 40.019999
10.128756 40.019999
10.128756 40.244831
9.830852 40.244831
9.830852 40.019999
> N33#28.14
9.830852 39.795168
10.128756 39.795168
10.128756 40.019999
9.830852 40.019999
9.830852 39.795168
> N34#6.86
9.830852 39.570336
10.128756 39.570336
10.128756 39.795168
9.830852 39.795168
9.830852 39.570336
> N35#7.35
9.830852 39.345505
10.128756 39.345505
10.128756 39.570336
9.830852 39.570336
9.830852 39.345505
> N36#14.1
9.830852 39.120673
10.128756 39.120673
10.128756 39.345505
9.830852 39.345505
9.830852 39.120673
> N37#15.8
9.830852 38.895842
10.128756 38.895842
10.128756 39.120673
9.830852 39.120673
9.830852 38.895842
> N38#21.17
9.830852 38.67101
10.128756 38.67101
10.128756 38.895842
9.830852 38.895842
9.830852 38.67101
> N39
9.830852 38.446179
10.128756 38.446179
10.128756 38.67101
9.830852 38.67101
9.830852 38.446179
> N40
9.830852 38.221348
10.128756 38.221348
10.128756 38.446179
9.830852 38.446179
9.830852 38.221348
> N41
9.830852 37.996516
10.128756 37.996516
10.128756 38.221348
9.830852 38.221348
9.830852 37.996516
> N42
9.830852 37.771685
10.128756 37.771685
10.128756 37.996516
9.830852 37.996516
9.830852 37.771685
> N43
9.830852 37.546853
10.128756 37.546853
10.128756 37.771685
9.830852 37.771685
9.830852 37.546853
> N44
9.830852 37.322022
10.128756 37.322022
10.128756 37.546853
9.830852 37.546853
9.830852 37.322022
> N45
9.830852 37.09719
10.128756 37.09719
10.128756 37.322022
9.830852 37.322022
9.830852 37.09719
> N46
9.830852 36.872359
10.128756 36.872359
10.128756 37.09719
9.830852 37.09719
9.830852 36.872359
> N47
9.830852 36.647527
10.128756 36.647527
10.128756 36.872359
9.830852 36.872359
9.830852 36.647527
> N48
9.830852 36.422696
10.128756 36.422696
10.128756 36.647527
9.830852 36.647527
9.830852 36.422696
> N49
9.830852 36.197864
10.128756 36.197864
10.128756 36.422696
9.830852 36.422696
9.830852 36.197864
> N50
9.830852 35.973033
10.128756 35.973033
10.128756 36.197864
9.830852 36.197864
9.830852 35.973033
> N51
9.830852 35.748202
10.128756 35.748202
10.128756 35.973033
9.830852 35.973033
9.830852 35.748202
> N52
9.830852 35.52337
10.128756 35.52337
10.128756 35.748202
9.830852 35.748202
9.830852 35.52337
> N53
9.830852 35.298539
10.128756 35.298539
10.128756 35.52337
9.830852 35.52337
9.830852 35.298539
> N54
9.830852 35.073707
10.128756 35.073707
10.128756 35.298539
9.830852 35.298539
9.830852 35.073707
> N55
9.830852 34.848876
10.128756 34.848876
10.128756 35.073707
9.830852 35.073707
9.830852 34.848876
> N56
9.830852 34.624044
10.128756 34.624044
10.128756 34.848876
9.830852 34.848876
9.830852 34.624044
> O1#6.33
10.128756 46.989774
10.426661 46.989774
10.426661 47.214606
10.128756 47.214606
10.128756 46.989774
> O2#8.78
10.128756 46.764943
10.426661 46.764943
10.426661 46.989774
10.128756 46.989774
10.128756 46.764943
> O3#8.78
10.128756 46.540111
10.426661 46.540111
10.426661 46.764943
10.128756 46.764943
10.128756 46.540111
> O4#22.94
10.128756 46.31528
10.426661 46.31528
10.426661 46.540111
10.128756 46.540111
10.128756 46.31528
> O5#13.59
10.128756 46.090449
10.426661 46.090449
10.426661 46.31528
10.128756 46.31528
10.128756 46.090449
> O6#16.4
10.128756 45.865617
10.426661 45.865617
10.426661 46.090449
10.128756 46.090449
10.128756 45.865617
> O7#8.24
10.128756 45.640786
10.426661 45.640786
10.426661 45.865617
10.128756 45.865617
10.128756 45.640786
> O8#30.05
10.128756 45.415954
10.426661 45.415954
10.426661 45.640786
10.128756 45.640786
10.128756 45.415954
> O9#24.21
10.128756 45.191123
10.426661 45.191123
10.426661 45.415954
10.128756 45.415954
10.128756 45.191123
> O10#58.38
10.128756 44.966291
10.426661 44.966291
10.426661 45.191123
10.128756 45.191123
10.128756 44.966291
> O11#58.38
10.128756 44.74146
10.426661 44.74146
10.426661 44.966291
10.128756 44.966291
10.128756 44.74146
> O12#75.28
10.128756 44.516628
10.426661 44.516628
10.426661 44.74146
10.128756 44.74146
10.128756 44.516628
> O13#27.75
10.128756 44.291797
10.426661 44.291797
10.426661 44.516628
10.128756 44.516628
10.128756 44.291797
> O14#25.28
10.128756 44.066965
10.426661 44.066965
10.426661 44.291797
10.128756 44.291797
10.128756 44.066965
> O15#22.73
10.128756 43.842134
10.426661 43.842134
10.426661 44.066965
10.128756 44.066965
10.128756 43.842134
> O16#27.52
10.128756 43.617303
10.426661 43.617303
10.426661 43.842134
10.128756 43.842134
10.128756 43.617303
> O17#10.02
10.128756 43.392471
10.426661 43.392471
10.426661 43.617303
10.128756 43.617303
10.128756 43.392471
> O18#10.02
10.128756 43.16764
10.426661 43.16764
10.426661 43.392471
10.128756 43.392471
10.128756 43.16764
> O19
10.128756 42.942808
10.426661 42.942808
10.426661 43.16764
10.128756 43.16764
10.128756 42.942808
> O20#2.04
10.128756 42.717977
10.426661 42.717977
10.426661 42.942808
10.128756 42.942808
10.128756 42.717977
> O21#8.84
10.128756 42.493145
10.426661 42.493145
10.426661 42.717977
10.128756 42.717977
10.128756 42.493145
> O22#15.81
10.128756 42.268314
10.426661 42.268314
10.426661 42.493145
10.128756 42.493145
10.128756 42.268314
> O23#17.06
10.128756 42.043482
10.426661 42.043482
10.426661 42.268314
10.128756 42.268314
10.128756 42.043482
> O24#17.59
10.128756 41.818651
10.426661 41.818651
10.426661 42.043482
10.128756 42.043482
10.128756 41.818651
> O25#15.45
10.128756 41.593819
10.426661 41.593819
10.426661 41.818651
10.128756 41.818651
10.128756 41.593819
> O26#19.64
10.128756 41.368988
10.426661 41.368988
10.426661 41.593819
10.128756 41.593819
10.128756 41.368988
> O27#18.67
10.128756 41.144156
10.426661 41.144156
10.426661 41.368988
10.128756 41.368988
10.128756 41.144156
> O28#11.6
10.128756 40.919325
10.426661 40.919325
10.426661 41.144156
10.128756 41.144156
10.128756 40.919325
> O29#10.01
10.128756 40.694494
10.426661 40.694494
10.426661 40.919325
10.128756 40.919325
10.128756 40.694494
> O30#15.91
10.128756 40.469662
10.426661 40.469662
10.426661 40.694494
10.128756 40.694494
10.128756 40.469662
> O31#15.91
10.128756 40.244831
10.426661 40.244831
10.426661 40.469662
10.128756 40.469662
10.128756 40.244831
> O32#8.73
10.128756 40.019999
10.426661 40.019999
10.426661 40.244831
10.128756 40.244831
10.128756 40.019999
> O33#17.28
10.128756 39.795168
10.426661 39.795168
10.426661 40.019999
10.128756 40.019999
10.128756 39.795168
> O34#31.05
10.128756 39.570336
10.426661 39.570336
10.426661 39.795168
10.128756 39.795168
10.128756 39.570336
> O35#31.05
10.128756 39.345505
10.426661 39.345505
10.426661 39.570336
10.128756 39.570336
10.128756 39.345505
> O36#27.4
10.128756 39.120673
10.426661 39.120673
10.426661 39.345505
10.128756 39.345505
10.128756 39.120673
> O37#20.73
10.128756 38.895842
10.426661 38.895842
10.426661 39.120673
10.128756 39.120673
10.128756 38.895842
> O38#11.75
10.128756 38.67101
10.426661 38.67101
10.426661 38.895842
10.128756 38.895842
10.128756 38.67101
> O39
10.128756 38.446179
10.426661 38.446179
10.426661 38.67101
10.128756 38.67101
10.128756 38.446179
> O40
10.128756 38.221348
10.426661 38.221348
10.426661 38.446179
10.128756 38.446179
10.128756 38.221348
> O41
10.128756 37.996516
10.426661 37.996516
10.426661 38.221348
10.128756 38.221348
10.128756 37.996516
> O42
10.128756 37.771685
10.426661 37.771685
10.426661 37.996516
10.128756 37.996516
10.128756 37.771685
> O43
10.128756 37.546853
10.426661 37.546853
10.426661 37.771685
10.128756 37.771685
10.128756 37.546853
> O44
10.128756 37.322022
10.426661 37.322022
10.426661 37.546853
10.128756 37.546853
10.128756 37.322022
> O45
10.128756 37.09719
10.426661 37.09719
10.426661 37.322022
10.128756 37.322022
10.128756 37.09719
> O46
10.128756 36.872359
10.426661 36.872359
10.426661 37.09719
10.128756 37.09719
10.128756 36.872359
> O47
10.128756 36.647527
10.426661 36.647527
10.426661 36.872359
10.128756 36.872359
10.128756 36.647527
> O48
10.128756 36.422696
10.426661 36.422696
10.426661 36.647527
10.128756 36.647527
10.128756 36.422696
> O49
10.128756 36.197864
10.426661 36.197864
10.426661 36.422696
10.128756 36.422696
10.128756 36.197864
> O50
10.128756 35.973033
10.426661 35.973033
10.426661 36.197864
10.128756 36.197864
10.128756 35.973033
> O51
10.128756 35.748202
10.426661 35.748202
10.426661 35.973033
10.128756 35.973033
10.128756 35.748202
> O52
10.128756 35.52337
10.426661 35.52337
10.426661 35.748202
10.128756 35.748202
10.128756 35.52337
> O53
10.128756 35.298539
10.426661 35.298539
10.426661 35.52337
10.128756 35.52337
10.128756 35.298539
> O54
10.128756 35.073707
10.426661 35.073707
10.426661 35.298539
10.128756 35.298539
10.128756 35.073707
> O55
10.128756 34.848876
10.426661 34.848876
10.426661 35.073707
10.128756 35.073707
10.128756 34.848876
> O56
10.128756 34.624044
10.426661 34.624044
10.426661 34.848876
10.128756 34.848876
10.128756 34.624044
> P1#19.52
10.426661 46.989774
10.724566 46.989774
10.724566 47.214606
10.426661 47.214606
10.426661 46.989774
> P2#19.52
10.426661 46.764943
10.724566 46.764943
10.724566 46.989774
10.426661 46.989774
10.426661 46.764943
> P3#17.91
10.426661 46.540111
10.724566 46.540111
10.724566 46.764943
10.426661 46.764943
10.426661 46.540111
> P4#22.94
10.426661 46.31528
10.724566 46.31528
10.724566 46.540111
10.426661 46.540111
10.426661 46.31528
> P5#5.3
10.426661 46.090449
10.724566 46.090449
10.724566 46.31528
10.426661 46.31528
10.426661 46.090449
> P6#7.8
10.426661 45.865617
10.724566 45.865617
10.724566 46.090449
10.426661 46.090449
10.426661 45.865617
> P7#36.21
10.426661 45.640786
10.724566 45.640786
10.724566 45.865617
10.426661 45.865617
10.426661 45.640786
> P8#36.21
10.426661 45.415954
10.724566 45.415954
10.724566 45.640786
10.426661 45.640786
10.426661 45.415954
> P9#36.89
10.426661 45.191123
10.724566 45.191123
10.724566 45.415954
10.426661 45.415954
10.426661 45.191123
> P10#19.91
10.426661 44.966291
10.724566 44.966291
10.724566 45.191123
10.426661 45.191123
10.426661 44.966291
> P11#82.73
10.426661 44.74146
10.724566 44.74146
10.724566 44.966291
10.426661 44.966291
10.426661 44.74146
> P12#100.2
10.426661 44.516628
10.724566 44.516628
10.724566 44.74146
10.426661 44.74146
10.426661 44.516628
> P13#27.73
10.426661 44.291797
10.724566 44.291797
10.724566 44.516628
10.426661 44.516628
10.426661 44.291797
> P14#25.28
10.426661 44.066965
10.724566 44.066965
10.724566 44.291797
10.426661 44.291797
10.426661 44.066965
> P15#20.15
10.426661 43.842134
10.724566 43.842134
10.724566 44.066965
10.426661 44.066965
10.426661 43.842134
> P16#27.52
10.426661 43.617303
10.724566 43.617303
10.724566 43.842134
10.426661 43.842134
10.426661 43.617303
> P17#15.19
10.426661 43.392471
10.724566 43.392471
10.724566 43.617303
10.426661 43.617303
10.426661 43.392471
> P18#7.41
10.426661 43.16764
10.724566 43.16764
10.724566 43.392471
10.426661 43.392471
10.426661 43.16764
> P19#6.91
10.426661 42.942808
10.724566 42.942808
10.724566 43.16764
10.426661 43.16764
10.426661 42.942808
> P20#5.86
10.426661 42.717977
10.724566 42.717977
10.724566 42.942808
10.426661 42.942808
10.426661 42.717977
> P21
10.426661 42.493145
10.724566 42.493145
10.724566 42.717977
10.426661 42.717977
10.426661 42.493145
> P22
10.426661 42.268314
10.724566 42.268314
10.724566 42.493145
10.426661 42.493145
10.426661 42.268314
> P23#8.73
10.426661 42.043482
10.724566 42.043482
10.724566 42.268314
10.426661 42.268314
10.426661 42.043482
> P24#25.13
10.426661 41.818651
10.724566 41.818651
10.724566 42.043482
10.426661 42.043482
10.426661 41.818651
> P25#25.13
10.426661 41.593819
10.724566 41.593819
10.724566 41.818651
10.426661 41.818651
10.426661 41.593819
> P26#24.09
10.426661 41.368988
10.724566 41.368988
10.724566 41.593819
10.426661 41.593819
10.426661 41.368988
> P27#24.09
10.426661 41.144156
10.724566 41.144156
10.724566 41.368988
10.426661 41.368988
10.426661 41.144156
> P28#22.08
10.426661 40.919325
10.724566 40.919325
10.724566 41.144156
10.426661 41.144156
10.426661 40.919325
> P29#16.65
10.426661 40.694494
10.724566 40.694494
10.724566 40.919325
10.426661 40.919325
10.426661 40.694494
> P30#20.4
10.426661 40.469662
10.724566 40.469662
10.724566 40.694494
10.426661 40.694494
10.426661 40.469662
> P31#18.73
10.426661 40.244831
10.724566 40.244831
10.724566 40.469662
10.426661 40.469662
10.426661 40.244831
> P32#22.39
10.426661 40.019999
10.724566 40.019999
10.724566 40.244831
10.426661 40.244831
10.426661 40.019999
> P33#45.36
10.426661 39.795168
10.724566 39.795168
10.724566 40.019999
10.426661 40.019999
10.426661 39.795168
> P34#45.36
10.426661 39.570336
10.724566 39.570336
10.724566 39.795168
10.426661 39.795168
10.426661 39.570336
> P35#45.36
10.426661 39.345505
10.724566 39.345505
10.724566 39.570336
10.426661 39.570336
10.426661 39.345505
> P36
10.426661 39.120673
10.724566 39.120673
10.724566 39.345505
10.426661 39.345505
10.426661 39.120673
> P37#25.58
10.426661 38.895842
10.724566 38.895842
10.724566 39.120673
10.426661 39.120673
10.426661 38.895842
> P38#21.98
10.426661 38.67101
10.724566 38.67101
10.724566 38.895842
10.426661 38.895842
10.426661 38.67101
> P39
10.426661 38.446179
10.724566 38.446179
10.724566 38.67101
10.426661 38.67101
10.426661 38.446179
> P40
10.426661 38.221348
10.724566 38.221348
10.724566 38.446179
10.426661 38.446179
10.426661 38.221348
> P41
10.426661 37.996516
10.724566 37.996516
10.724566 38.221348
10.426661 38.221348
10.426661 37.996516
> P42
10.426661 37.771685
10.724566 37.771685
10.724566 37.996516
10.426661 37.996516
10.426661 37.771685
> P43
10.426661 37.546853
10.724566 37.546853
10.724566 37.771685
10.426661 37.771685
10.426661 37.546853
> P44
10.426661 37.322022
10.724566 37.322022
10.724566 37.546853
10.426661 37.546853
10.426661 37.322022
> P45
10.426661 37.09719
10.724566 37.09719
10.724566 37.322022
10.426661 37.322022
10.426661 37.09719
> P46
10.426661 36.872359
10.724566 36.872359
10.724566 37.09719
10.426661 37.09719
10.426661 36.872359
> P47
10.426661 36.647527
10.724566 36.647527
10.724566 36.872359
10.426661 36.872359
10.426661 36.647527
> P48
10.426661 36.422696
10.724566 36.422696
10.724566 36.647527
10.426661 36.647527
10.426661 36.422696
> P49
10.426661 36.197864
10.724566 36.197864
10.724566 36.422696
10.426661 36.422696
10.426661 36.197864
> P50
10.426661 35.973033
10.724566 35.973033
10.724566 36.197864
10.426661 36.197864
10.426661 35.973033
> P51
10.426661 35.748202
10.724566 35.748202
10.724566 35.973033
10.426661 35.973033
10.426661 35.748202
> P52
10.426661 35.52337
10.724566 35.52337
10.724566 35.748202
10.426661 35.748202
10.426661 35.52337
> P53
10.426661 35.298539
10.724566 35.298539
10.724566 35.52337
10.426661 35.52337
10.426661 35.298539
> P54
10.426661 35.073707
10.724566 35.073707
10.724566 35.298539
10.426661 35.298539
10.426661 35.073707
> P55
10.426661 34.848876
10.724566 34.848876
10.724566 35.073707
10.426661 35.073707
10.426661 34.848876
> P56
10.426661 34.624044
10.724566 34.624044
10.724566 34.848876
10.426661 34.848876
10.426661 34.624044
> Q1
10.724566 46.989774
11.02247 46.989774
11.02247 47.214606
10.724566 47.214606
10.724566 46.989774
> Q2#12.5
10.724566 46.764943
11.02247 46.764943
11.02247 46.989774
10.724566 46.989774
10.724566 46.764943
> Q3
10.724566 46.540111
11.02247 46.540111
11.02247 46.764943
10.724566 46.764943
10.724566 46.540111
> Q4#11.65
10.724566 46.31528
11.02247 46.31528
11.02247 46.540111
10.724566 46.540111
10.724566 46.31528
> Q5#16.1
10.724566 46.090449
11.02247 46.090449
11.02247 46.31528
10.724566 46.31528
10.724566 46.090449
> Q6#36.21
10.724566 45.865617
11.02247 45.865617
11.02247 46.090449
10.724566 46.090449
10.724566 45.865617
> Q7#36.21
10.724566 45.640786
11.02247 45.640786
11.02247 45.865617
10.724566 45.865617
10.724566 45.640786
> Q8#36.94
10.724566 45.415954
11.02247 45.415954
11.02247 45.640786
10.724566 45.640786
10.724566 45.415954
> Q9#36.89
10.724566 45.191123
11.02247 45.191123
11.02247 45.415954
10.724566 45.415954
10.724566 45.191123
> Q10#11.91
10.724566 44.966291
11.02247 44.966291
11.02247 45.191123
10.724566 45.191123
10.724566 44.966291
> Q11#82.73
10.724566 44.74146
11.02247 44.74146
11.02247 44.966291
10.724566 44.966291
10.724566 44.74146
> Q12#100.2
10.724566 44.516628
11.02247 44.516628
11.02247 44.74146
10.724566 44.74146
10.724566 44.516628
> Q13#75.28
10.724566 44.291797
11.02247 44.291797
11.02247 44.516628
10.724566 44.516628
10.724566 44.291797
> Q14#20.94
10.724566 44.066965
11.02247 44.066965
11.02247 44.291797
10.724566 44.291797
10.724566 44.066965
> Q15#45.04
10.724566 43.842134
11.02247 43.842134
11.02247 44.066965
10.724566 44.066965
10.724566 43.842134
> Q16#16.77
10.724566 43.617303
11.02247 43.617303
11.02247 43.842134
10.724566 43.842134
10.724566 43.617303
> Q17#7.11
10.724566 43.392471
11.02247 43.392471
11.02247 43.617303
10.724566 43.617303
10.724566 43.392471
> Q18#17.76
10.724566 43.16764
11.02247 43.16764
11.02247 43.392471
10.724566 43.392471
10.724566 43.16764
> Q19#12.38
10.724566 42.942808
11.02247 42.942808
11.02247 43.16764
10.724566 43.16764
10.724566 42.942808
> Q20#5.27
10.724566 42.717977
11.02247 42.717977
11.02247 42.942808
10.724566 42.942808
10.724566 42.717977
> Q21#4.46
10.724566 42.493145
11.02247 42.493145
11.02247 42.717977
10.724566 42.717977
10.724566 42.493145
> Q22#10.9
10.724566 42.268314
11.02247 42.268314
11.02247 42.493145
10.724566 42.493145
10.724566 42.268314
> Q23#10.78
10.724566 42.043482
11.02247 42.043482
11.02247 42.268314
10.724566 42.268314
10.724566 42.043482
> Q24#12.95
10.724566 41.818651
11.02247 41.818651
11.02247 42.043482
10.724566 42.043482
10.724566 41.818651
> Q25#12.95
10.724566 41.593819
11.02247 41.593819
11.02247 41.818651
10.724566 41.818651
10.724566 41.593819
> Q26#23.19
10.724566 41.368988
11.02247 41.368988
11.02247 41.593819
10.724566 41.593819
10.724566 41.368988
> Q27#22.34
10.724566 41.144156
11.02247 41.144156
11.02247 41.368988
10.724566 41.368988
10.724566 41.144156
> Q28#14.73
10.724566 40.919325
11.02247 40.919325
11.02247 41.144156
10.724566 41.144156
10.724566 40.919325
> Q29#18.17
10.724566 40.694494
11.02247 40.694494
11.02247 40.919325
10.724566 40.919325
10.724566 40.694494
> Q30#18.17
10.724566 40.469662
11.02247 40.469662
11.02247 40.694494
10.724566 40.694494
10.724566 40.469662
> Q31#20.01
10.724566 40.244831
11.02247 40.244831
11.02247 40.469662
10.724566 40.469662
10.724566 40.244831
> Q32#22.39
10.724566 40.019999
11.02247 40.019999
11.02247 40.244831
10.724566 40.244831
10.724566 40.019999
> Q33#4.95
10.724566 39.795168
11.02247 39.795168
11.02247 40.019999
10.724566 40.019999
10.724566 39.795168
> Q34#13.21
10.724566 39.570336
11.02247 39.570336
11.02247 39.795168
10.724566 39.795168
10.724566 39.570336
> Q35#21.53
10.724566 39.345505
11.02247 39.345505
11.02247 39.570336
10.724566 39.570336
10.724566 39.345505
> Q36#21.53
10.724566 39.120673
11.02247 39.120673
11.02247 39.345505
10.724566 39.345505
10.724566 39.120673
> Q37#25.58
10.724566 38.895842
11.02247 38.895842
11.02247 39.120673
10.724566 39.120673
10.724566 38.895842
> Q38#9.67
10.724566 38.67101
11.02247 38.67101
11.02247 38.895842
10.724566 38.895842
10.724566 38.67101
> Q39#13.48
10.724566 38.446179
11.02247 38.446179
11.02247 38.67101
10.724566 38.67101
10.724566 38.446179
> Q40
10.724566 38.221348
11.02247 38.221348
11.02247 38.446179
10.724566 38.446179
10.724566 38.221348
> Q41#10.83
10.724566 37.996516
11.02247 37.996516
11.02247 38.221348
10.724566 38.221348
10.724566 37.996516
> Q42#15.84
10.724566 37.771685
11.02247 37.771685
11.02247 37.996516
10.724566 37.996516
10.724566 37.771685
> Q43#15.26
10.724566 37.546853
11.02247 37.546853
11.02247 37.771685
10.724566 37.771685
10.724566 37.546853
> Q44
10.724566 37.322022
11.02247 37.322022
11.02247 37.546853
10.724566 37.546853
10.724566 37.322022
> Q45
10.724566 37.09719
11.02247 37.09719
11.02247 37.322022
10.724566 37.322022
10.724566 37.09719
> Q46
10.724566 36.872359
11.02247 36.872359
11.02247 37.09719
10.724566 37.09719
10.724566 36.872359
> Q47
10.724566 36.647527
11.02247 36.647527
11.02247 36.872359
10.724566 36.872359
10.724566 36.647527
> Q48
10.724566 36.422696
11.02247 36.422696
11.02247 36.647527
10.724566 36.647527
10.724566 36.422696
> Q49
10.724566 36.197864
11.02247 36.197864
11.02247 36.422696
10.724566 36.422696
10.724566 36.197864
> Q50
10.724566 35.973033
11.02247 35.973033
11.02247 36.197864
10.724566 36.197864
10.724566 35.973033
> Q51
10.724566 35.748202
11.02247 35.748202
11.02247 35.973033
10.724566 35.973033
10.724566 35.748202
> Q52
10.724566 35.52337
11.02247 35.52337
11.02247 35.748202
10.724566 35.748202
10.724566 35.52337
> Q53
10.724566 35.298539
11.02247 35.298539
11.02247 35.52337
10.724566 35.52337
10.724566 35.298539
> Q54
10.724566 35.073707
11.02247 35.073707
11.02247 35.298539
10.724566 35.298539
10.724566 35.073707
> Q55
10.724566 34.848876
11.02247 34.848876
11.02247 35.073707
10.724566 35.073707
10.724566 34.848876
> Q56
10.724566 34.624044
11.02247 34.624044
11.02247 34.848876
10.724566 34.848876
10.724566 34.624044
> R1#10.15
11.02247 46.989774
11.320375 46.989774
11.320375 47.214606
11.02247 47.214606
11.02247 46.989774
> R2#12.5
11.02247 46.764943
11.320375 46.764943
11.320375 46.989774
11.02247 46.989774
11.02247 46.764943
> R3#18.28
11.02247 46.540111
11.320375 46.540111
11.320375 46.764943
11.02247 46.764943
11.02247 46.540111
> R4#31.95
11.02247 46.31528
11.320375 46.31528
11.320375 46.540111
11.02247 46.540111
11.02247 46.31528
> R5#31.95
11.02247 46.090449
11.320375 46.090449
11.320375 46.31528
11.02247 46.31528
11.02247 46.090449
> R6#124.8
11.02247 45.865617
11.320375 45.865617
11.320375 46.090449
11.02247 46.090449
11.02247 45.865617
> R7#124.8
11.02247 45.640786
11.320375 45.640786
11.320375 45.865617
11.02247 45.865617
11.02247 45.640786
> R8#36.94
11.02247 45.415954
11.320375 45.415954
11.320375 45.640786
11.02247 45.640786
11.02247 45.415954
> R9#36.94
11.02247 45.191123
11.320375 45.191123
11.320375 45.415954
11.02247 45.415954
11.02247 45.191123
> R10#18.19
11.02247 44.966291
11.320375 44.966291
11.320375 45.191123
11.02247 45.191123
11.02247 44.966291
> R11#125.7
11.02247 44.74146
11.320375 44.74146
11.320375 44.966291
11.02247 44.966291
11.02247 44.74146
> R12#53.86
11.02247 44.516628
11.320375 44.516628
11.320375 44.74146
11.02247 44.74146
11.02247 44.516628
> R13#100.2
11.02247 44.291797
11.320375 44.291797
11.320375 44.516628
11.02247 44.516628
11.02247 44.291797
> R14#24.38
11.02247 44.066965
11.320375 44.066965
11.320375 44.291797
11.02247 44.291797
11.02247 44.066965
> R15#45.04
11.02247 43.842134
11.320375 43.842134
11.320375 44.066965
11.02247 44.066965
11.02247 43.842134
> R16#45.04
11.02247 43.617303
11.320375 43.617303
11.320375 43.842134
11.02247 43.842134
11.02247 43.617303
> R17#15.81
11.02247 43.392471
11.320375 43.392471
11.320375 43.617303
11.02247 43.617303
11.02247 43.392471
> R18#17.76
11.02247 43.16764
11.320375 43.16764
11.320375 43.392471
11.02247 43.392471
11.02247 43.16764
> R19#17.76
11.02247 42.942808
11.320375 42.942808
11.320375 43.16764
11.02247 43.16764
11.02247 42.942808
> R20#7.6
11.02247 42.717977
11.320375 42.717977
11.320375 42.942808
11.02247 42.942808
11.02247 42.717977
> R21#4
11.02247 42.493145
11.320375 42.493145
11.320375 42.717977
11.02247 42.717977
11.02247 42.493145
> R22#6.75
11.02247 42.268314
11.320375 42.268314
11.320375 42.493145
11.02247 42.493145
11.02247 42.268314
> R23#8.88
11.02247 42.043482
11.320375 42.043482
11.320375 42.268314
11.02247 42.268314
11.02247 42.043482
> R24#17.71
11.02247 41.818651
11.320375 41.818651
11.320375 42.043482
11.02247 42.043482
11.02247 41.818651
> R25#11.57
11.02247 41.593819
11.320375 41.593819
11.320375 41.818651
11.02247 41.818651
11.02247 41.593819
> R26#23.19
11.02247 41.368988
11.320375 41.368988
11.320375 41.593819
11.02247 41.593819
11.02247 41.368988
> R27#23.27
11.02247 41.144156
11.320375 41.144156
11.320375 41.368988
11.02247 41.368988
11.02247 41.144156
> R28#14.73
11.02247 40.919325
11.320375 40.919325
11.320375 41.144156
11.02247 41.144156
11.02247 40.919325
> R29#10.25
11.02247 40.694494
11.320375 40.694494
11.320375 40.919325
11.02247 40.919325
11.02247 40.694494
> R30#23.98
11.02247 40.469662
11.320375 40.469662
11.320375 40.694494
11.02247 40.694494
11.02247 40.469662
> R31#21.4
11.02247 40.244831
11.320375 40.244831
11.320375 40.469662
11.02247 40.469662
11.02247 40.244831
> R32#21.4
11.02247 40.019999
11.320375 40.019999
11.320375 40.244831
11.02247 40.244831
11.02247 40.019999
> R33#20.8
11.02247 39.795168
11.320375 39.795168
11.320375 40.019999
11.02247 40.019999
11.02247 39.795168
> R34#11.81
11.02247 39.570336
11.320375 39.570336
11.320375 39.795168
11.02247 39.795168
11.02247 39.570336
> R35#19.04
11.02247 39.345505
11.320375 39.345505
11.320375 39.570336
11.02247 39.570336
11.02247 39.345505
> R36#15.02
11.02247 39.120673
11.320375 39.120673
11.320375 39.345505
11.02247 39.345505
11.02247 39.120673
> R37#28.95
11.02247 38.895842
11.320375 38.895842
11.320375 39.120673
11.02247 39.120673
11.02247 38.895842
> R38#16.45
11.02247 38.67101
11.320375 38.67101
11.320375 38.895842
11.02247 38.895842
11.02247 38.67101
> R39#13.48
11.02247 38.446179
11.320375 38.446179
11.320375 38.67101
11.02247 38.67101
11.02247 38.446179
> R40#19.85
11.02247 38.221348
11.320375 38.221348
11.320375 38.446179
11.02247 38.446179
11.02247 38.221348
> R41#9.25
11.02247 37.996516
11.320375 37.996516
11.320375 38.221348
11.02247 38.221348
11.02247 37.996516
> R42#15.84
11.02247 37.771685
11.320375 37.771685
11.320375 37.996516
11.02247 37.996516
11.02247 37.771685
> R43#15.26
11.02247 37.546853
11.320375 37.546853
11.320375 37.771685
11.02247 37.771685
11.02247 37.546853
> R44#17.03
11.02247 37.322022
11.320375 37.322022
11.320375 37.546853
11.02247 37.546853
11.02247 37.322022
> R45#17.03
11.02247 37.09719
11.320375 37.09719
11.320375 37.322022
11.02247 37.322022
11.02247 37.09719
> R46
11.02247 36.872359
11.320375 36.872359
11.320375 37.09719
11.02247 37.09719
11.02247 36.872359
> R47
11.02247 36.647527
11.320375 36.647527
11.320375 36.872359
11.02247 36.872359
11.02247 36.647527
> R48
11.02247 36.422696
11.320375 36.422696
11.320375 36.647527
11.02247 36.647527
11.02247 36.422696
> R49#123.5
11.02247 36.197864
11.320375 36.197864
11.320375 36.422696
11.02247 36.422696
11.02247 36.197864
> R50
11.02247 35.973033
11.320375 35.973033
11.320375 36.197864
11.02247 36.197864
11.02247 35.973033
> R51#96.19
11.02247 35.748202
11.320375 35.748202
11.320375 35.973033
11.02247 35.973033
11.02247 35.748202
> R52
11.02247 35.52337
11.320375 35.52337
11.320375 35.748202
11.02247 35.748202
11.02247 35.52337
> R53
11.02247 35.298539
11.320375 35.298539
11.320375 35.52337
11.02247 35.52337
11.02247 35.298539
> R54
11.02247 35.073707
11.320375 35.073707
11.320375 35.298539
11.02247 35.298539
11.02247 35.073707
> R55
11.02247 34.848876
11.320375 34.848876
11.320375 35.073707
11.02247 35.073707
11.02247 34.848876
> R56
11.02247 34.624044
11.320375 34.624044
11.320375 34.848876
11.02247 34.848876
11.02247 34.624044
> S1
11.320375 46.989774
11.618279 46.989774
11.618279 47.214606
11.320375 47.214606
11.320375 46.989774
> S2#30.32
11.320375 46.764943
11.618279 46.764943
11.618279 46.989774
11.320375 46.989774
11.320375 46.764943
> S3#8.82
11.320375 46.540111
11.618279 46.540111
11.618279 46.764943
11.320375 46.764943
11.320375 46.540111
> S4#7.89
11.320375 46.31528
11.618279 46.31528
11.618279 46.540111
11.320375 46.540111
11.320375 46.31528
> S5#23.17
11.320375 46.090449
11.618279 46.090449
11.618279 46.31528
11.320375 46.31528
11.320375 46.090449
> S6#31.99
11.320375 45.865617
11.618279 45.865617
11.618279 46.090449
11.320375 46.090449
11.320375 45.865617
> S7#124.8
11.320375 45.640786
11.618279 45.640786
11.618279 45.865617
11.320375 45.865617
11.320375 45.640786
> S8#124.8
11.320375 45.415954
11.618279 45.415954
11.618279 45.640786
11.320375 45.640786
11.320375 45.415954
> S9#16.99
11.320375 45.191123
11.618279 45.191123
11.618279 45.415954
11.320375 45.415954
11.320375 45.191123
> S10#63.73
11.320375 44.966291
11.618279 44.966291
11.618279 45.191123
11.320375 45.191123
11.320375 44.966291
> S11#125.7
11.320375 44.74146
11.618279 44.74146
11.618279 44.966291
11.320375 44.966291
11.320375 44.74146
> S12#100.2
11.320375 44.516628
11.618279 44.516628
11.618279 44.74146
11.320375 44.74146
11.320375 44.516628
> S13#100.2
11.320375 44.291797
11.618279 44.291797
11.618279 44.516628
11.320375 44.516628
11.320375 44.291797
> S14#26.36
11.320375 44.066965
11.618279 44.066965
11.618279 44.291797
11.320375 44.291797
11.320375 44.066965
> S15#26.36
11.320375 43.842134
11.618279 43.842134
11.618279 44.066965
11.320375 44.066965
11.320375 43.842134
> S16#45.04
11.320375 43.617303
11.618279 43.617303
11.618279 43.842134
11.320375 43.842134
11.320375 43.617303
> S17#23.59
11.320375 43.392471
11.618279 43.392471
11.618279 43.617303
11.320375 43.617303
11.320375 43.392471
> S18#13.94
11.320375 43.16764
11.618279 43.16764
11.618279 43.392471
11.320375 43.392471
11.320375 43.16764
> S19#4.07
11.320375 42.942808
11.618279 42.942808
11.618279 43.16764
11.320375 43.16764
11.320375 42.942808
> S20#5.88
11.320375 42.717977
11.618279 42.717977
11.618279 42.942808
11.320375 42.942808
11.320375 42.717977
> S21#8.13
11.320375 42.493145
11.618279 42.493145
11.618279 42.717977
11.320375 42.717977
11.320375 42.493145
> S22#9.1
11.320375 42.268314
11.618279 42.268314
11.618279 42.493145
11.320375 42.493145
11.320375 42.268314
> S23#10.47
11.320375 42.043482
11.618279 42.043482
11.618279 42.268314
11.320375 42.268314
11.320375 42.043482
> S24#17.74
11.320375 41.818651
11.618279 41.818651
11.618279 42.043482
11.320375 42.043482
11.320375 41.818651
> S25#21.26
11.320375 41.593819
11.618279 41.593819
11.618279 41.818651
11.320375 41.818651
11.320375 41.593819
> S26#21.26
11.320375 41.368988
11.618279 41.368988
11.618279 41.593819
11.320375 41.593819
11.320375 41.368988
> S27#20.11
11.320375 41.144156
11.618279 41.144156
11.618279 41.368988
11.320375 41.368988
11.320375 41.144156
> S28#24.01
11.320375 40.919325
11.618279 40.919325
11.618279 41.144156
11.320375 41.144156
11.320375 40.919325
> S29#14.5
11.320375 40.694494
11.618279 40.694494
11.618279 40.919325
11.320375 40.919325
11.320375 40.694494
> S30#21.54
11.320375 40.469662
11.618279 40.469662
11.618279 40.694494
11.320375 40.694494
11.320375 40.469662
> S31#21.54
11.320375 40.244831
11.618279 40.244831
11.618279 40.469662
11.320375 40.469662
11.320375 40.244831
> S32#20.64
11.320375 40.019999
11.618279 40.019999
11.618279 40.244831
11.320375 40.244831
11.320375 40.019999
> S33#41.5
11.320375 39.795168
11.618279 39.795168
11.618279 40.019999
11.320375 40.019999
11.320375 39.795168
> S34#41.5
11.320375 39.570336
11.618279 39.570336
11.618279 39.795168
11.320375 39.795168
11.320375 39.570336
> S35#28.33
11.320375 39.345505
11.618279 39.345505
11.618279 39.570336
11.320375 39.570336
11.320375 39.345505
> S36#28.33
11.320375 39.120673
11.618279 39.120673
11.618279 39.345505
11.320375 39.345505
11.320375 39.120673
> S37#28.95
11.320375 38.895842
11.618279 38.895842
11.618279 39.120673
11.320375 39.120673
11.320375 38.895842
> S38#28.95
11.320375 38.67101
11.618279 38.67101
11.618279 38.895842
11.320375 38.895842
11.320375 38.67101
> S39#22.78
11.320375 38.446179
11.618279 38.446179
11.618279 38.67101
11.320375 38.67101
11.320375 38.446179
> S40#19.85
11.320375 38.221348
11.618279 38.221348
11.618279 38.446179
11.320375 38.446179
11.320375 38.221348
> S41
11.320375 37.996516
11.618279 37.996516
11.618279 38.221348
11.320375 38.221348
11.320375 37.996516
> S42
11.320375 37.771685
11.618279 37.771685
11.618279 37.996516
11.320375 37.996516
11.320375 37.771685
> S43
11.320375 37.546853
11.618279 37.546853
11.618279 37.771685
11.320375 37.771685
11.320375 37.546853
> S44#14.94
11.320375 37.322022
11.618279 37.322022
11.618279 37.546853
11.320375 37.546853
11.320375 37.322022
> S45#27.79
11.320375 37.09719
11.618279 37.09719
11.618279 37.322022
11.320375 37.322022
11.320375 37.09719
> S46#35.11
11.320375 36.872359
11.618279 36.872359
11.618279 37.09719
11.320375 37.09719
11.320375 36.872359
> S47#35.11
11.320375 36.647527
11.618279 36.647527
11.618279 36.872359
11.320375 36.872359
11.320375 36.647527
> S48
11.320375 36.422696
11.618279 36.422696
11.618279 36.647527
11.320375 36.647527
11.320375 36.422696
> S49#123.5
11.320375 36.197864
11.618279 36.197864
11.618279 36.422696
11.320375 36.422696
11.320375 36.197864
> S50
11.320375 35.973033
11.618279 35.973033
11.618279 36.197864
11.320375 36.197864
11.320375 35.973033
> S51#96.19
11.320375 35.748202
11.618279 35.748202
11.618279 35.973033
11.320375 35.973033
11.320375 35.748202
> S52
11.320375 35.52337
11.618279 35.52337
11.618279 35.748202
11.320375 35.748202
11.320375 35.52337
> S53
11.320375 35.298539
11.618279 35.298539
11.618279 35.52337
11.320375 35.52337
11.320375 35.298539
> S54
11.320375 35.073707
11.618279 35.073707
11.618279 35.298539
11.320375 35.298539
11.320375 35.073707
> S55
11.320375 34.848876
11.618279 34.848876
11.618279 35.073707
11.320375 35.073707
11.320375 34.848876
> S56
11.320375 34.624044
11.618279 34.624044
11.618279 34.848876
11.320375 34.848876
11.320375 34.624044
> T1
11.618279 46.989774
11.916184 46.989774
11.916184 47.214606
11.618279 47.214606
11.618279 46.989774
> T2#35.68
11.618279 46.764943
11.916184 46.764943
11.916184 46.989774
11.618279 46.989774
11.618279 46.764943
> T3#13.15
11.618279 46.540111
11.916184 46.540111
11.916184 46.764943
11.618279 46.764943
11.618279 46.540111
> T4#23.17
11.618279 46.31528
11.916184 46.31528
11.916184 46.540111
11.618279 46.540111
11.618279 46.31528
> T5#48.66
11.618279 46.090449
11.916184 46.090449
11.916184 46.31528
11.618279 46.31528
11.618279 46.090449
> T6#41.17
11.618279 45.865617
11.916184 45.865617
11.916184 46.090449
11.618279 46.090449
11.618279 45.865617
> T7#56.7
11.618279 45.640786
11.916184 45.640786
11.916184 45.865617
11.618279 45.865617
11.618279 45.640786
> T8#56.7
11.618279 45.415954
11.916184 45.415954
11.916184 45.640786
11.618279 45.640786
11.618279 45.415954
> T9#124.8
11.618279 45.191123
11.916184 45.191123
11.916184 45.415954
11.618279 45.415954
11.618279 45.191123
> T10
11.618279 44.966291
11.916184 44.966291
11.916184 45.191123
11.618279 45.191123
11.618279 44.966291
> T11#125.7
11.618279 44.74146
11.916184 44.74146
11.916184 44.966291
11.618279 44.966291
11.618279 44.74146
> T12#125.7
11.618279 44.516628
11.916184 44.516628
11.916184 44.74146
11.618279 44.74146
11.618279 44.516628
> T13#100.2
11.618279 44.291797
11.916184 44.291797
11.916184 44.516628
11.618279 44.516628
11.618279 44.291797
> T14#65.45
11.618279 44.066965
11.916184 44.066965
11.916184 44.291797
11.618279 44.291797
11.618279 44.066965
> T15#32.26
11.618279 43.842134
11.916184 43.842134
11.916184 44.066965
11.618279 44.066965
11.618279 43.842134
> T16#18.5
11.618279 43.617303
11.916184 43.617303
11.916184 43.842134
11.618279 43.842134
11.618279 43.617303
> T17#18.5
11.618279 43.392471
11.916184 43.392471
11.916184 43.617303
11.618279 43.617303
11.618279 43.392471
> T18#26.65
11.618279 43.16764
11.916184 43.16764
11.916184 43.392471
11.618279 43.392471
11.618279 43.16764
> T19#15.68
11.618279 42.942808
11.916184 42.942808
11.916184 43.16764
11.618279 43.16764
11.618279 42.942808
> T20#10.12
11.618279 42.717977
11.916184 42.717977
11.916184 42.942808
11.618279 42.942808
11.618279 42.717977
> T21#13.38
11.618279 42.493145
11.916184 42.493145
11.916184 42.717977
11.618279 42.717977
11.618279 42.493145
> T22
11.618279 42.268314
11.916184 42.268314
11.916184 42.493145
11.618279 42.493145
11.618279 42.268314
> T23#10.47
11.618279 42.043482
11.916184 42.043482
11.916184 42.268314
11.618279 42.268314
11.618279 42.043482
> T24#10.47
11.618279 41.818651
11.916184 41.818651
11.916184 42.043482
11.618279 42.043482
11.618279 41.818651
> T25#21.26
11.618279 41.593819
11.916184 41.593819
11.916184 41.818651
11.618279 41.818651
11.618279 41.593819
> T26#23.4
11.618279 41.368988
11.916184 41.368988
11.916184 41.593819
11.618279 41.593819
11.618279 41.368988
> T27#23.4
11.618279 41.144156
11.916184 41.144156
11.916184 41.368988
11.618279 41.368988
11.618279 41.144156
> T28#25.31
11.618279 40.919325
11.916184 40.919325
11.916184 41.144156
11.618279 41.144156
11.618279 40.919325
> T29#25.31
11.618279 40.694494
11.916184 40.694494
11.916184 40.919325
11.618279 40.919325
11.618279 40.694494
> T30#18.81
11.618279 40.469662
11.916184 40.469662
11.916184 40.694494
11.618279 40.694494
11.618279 40.469662
> T31#21.54
11.618279 40.244831
11.916184 40.244831
11.916184 40.469662
11.618279 40.469662
11.618279 40.244831
> T32#12.73
11.618279 40.019999
11.916184 40.019999
11.916184 40.244831
11.618279 40.244831
11.618279 40.019999
> T33#31.54
11.618279 39.795168
11.916184 39.795168
11.916184 40.019999
11.618279 40.019999
11.618279 39.795168
> T34#38.12
11.618279 39.570336
11.916184 39.570336
11.916184 39.795168
11.618279 39.795168
11.618279 39.570336
> T35#21.54
11.618279 39.345505
11.916184 39.345505
11.916184 39.570336
11.618279 39.570336
11.618279 39.345505
> T36#23.31
11.618279 39.120673
11.916184 39.120673
11.916184 39.345505
11.618279 39.345505
11.618279 39.120673
> T37#19.66
11.618279 38.895842
11.916184 38.895842
11.916184 39.120673
11.618279 39.120673
11.618279 38.895842
> T38#30.11
11.618279 38.67101
11.916184 38.67101
11.916184 38.895842
11.618279 38.895842
11.618279 38.67101
> T39#18.22
11.618279 38.446179
11.916184 38.446179
11.916184 38.67101
11.618279 38.67101
11.618279 38.446179
> T40#16.62
11.618279 38.221348
11.916184 38.221348
11.916184 38.446179
11.618279 38.446179
11.618279 38.221348
> T41#16.62
11.618279 37.996516
11.916184 37.996516
11.916184 38.221348
11.618279 38.221348
11.618279 37.996516
> T42
11.618279 37.771685
11.916184 37.771685
11.916184 37.996516
11.618279 37.996516
11.618279 37.771685
> T43
11.618279 37.546853
11.916184 37.546853
11.916184 37.771685
11.618279 37.771685
11.618279 37.546853
> T44
11.618279 37.322022
11.916184 37.322022
11.916184 37.546853
11.618279 37.546853
11.618279 37.322022
> T45#27.79
11.618279 37.09719
11.916184 37.09719
11.916184 37.322022
11.618279 37.322022
11.618279 37.09719
> T46#82.98
11.618279 36.872359
11.916184 36.872359
11.916184 37.09719
11.618279 37.09719
11.618279 36.872359
> T47#85.91
11.618279 36.647527
11.916184 36.647527
11.916184 36.872359
11.618279 36.872359
11.618279 36.647527
> T48#85.91
11.618279 36.422696
11.916184 36.422696
11.916184 36.647527
11.618279 36.647527
11.618279 36.422696
> T49#123.5
11.618279 36.197864
11.916184 36.197864
11.916184 36.422696
11.618279 36.422696
11.618279 36.197864
> T50#123.5
11.618279 35.973033
11.916184 35.973033
11.916184 36.197864
11.618279 36.197864
11.618279 35.973033
> T51#96.19
11.618279 35.748202
11.916184 35.748202
11.916184 35.973033
11.618279 35.973033
11.618279 35.748202
> T52#96.19
11.618279 35.52337
11.916184 35.52337
11.916184 35.748202
11.618279 35.748202
11.618279 35.52337
> T53
11.618279 35.298539
11.916184 35.298539
11.916184 35.52337
11.618279 35.52337
11.618279 35.298539
> T54
11.618279 35.073707
11.916184 35.073707
11.916184 35.298539
11.618279 35.298539
11.618279 35.073707
> T55
11.618279 34.848876
11.916184 34.848876
11.916184 35.073707
11.618279 35.073707
11.618279 34.848876
> T56
11.618279 34.624044
11.916184 34.624044
11.916184 34.848876
11.618279 34.848876
11.618279 34.624044
> U1
11.916184 46.989774
12.214089 46.989774
12.214089 47.214606
11.916184 47.214606
11.916184 46.989774
> U2#35.68
11.916184 46.764943
12.214089 46.764943
12.214089 46.989774
11.916184 46.989774
11.916184 46.764943
> U3#32.67
11.916184 46.540111
12.214089 46.540111
12.214089 46.764943
11.916184 46.764943
11.916184 46.540111
> U4#20.58
11.916184 46.31528
12.214089 46.31528
12.214089 46.540111
11.916184 46.540111
11.916184 46.31528
> U5#55.05
11.916184 46.090449
12.214089 46.090449
12.214089 46.31528
11.916184 46.31528
11.916184 46.090449
> U6#55.31
11.916184 45.865617
12.214089 45.865617
12.214089 46.090449
11.916184 46.090449
11.916184 45.865617
> U7#57.87
11.916184 45.640786
12.214089 45.640786
12.214089 45.865617
11.916184 45.865617
11.916184 45.640786
> U8#55.31
11.916184 45.415954
12.214089 45.415954
12.214089 45.640786
11.916184 45.640786
11.916184 45.415954
> U9#124.8
11.916184 45.191123
12.214089 45.191123
12.214089 45.415954
11.916184 45.415954
11.916184 45.191123
> U10#124.8
11.916184 44.966291
12.214089 44.966291
12.214089 45.191123
11.916184 45.191123
11.916184 44.966291
> U11#78.74
11.916184 44.74146
12.214089 44.74146
12.214089 44.966291
11.916184 44.966291
11.916184 44.74146
> U12#125.7
11.916184 44.516628
12.214089 44.516628
12.214089 44.74146
11.916184 44.74146
11.916184 44.516628
> U13#125.7
11.916184 44.291797
12.214089 44.291797
12.214089 44.516628
11.916184 44.516628
11.916184 44.291797
> U14#72.87
11.916184 44.066965
12.214089 44.066965
12.214089 44.291797
11.916184 44.291797
11.916184 44.066965
> U15#22.93
11.916184 43.842134
12.214089 43.842134
12.214089 44.066965
11.916184 44.066965
11.916184 43.842134
> U16#32.26
11.916184 43.617303
12.214089 43.617303
12.214089 43.842134
11.916184 43.842134
11.916184 43.617303
> U17#49.13
11.916184 43.392471
12.214089 43.392471
12.214089 43.617303
11.916184 43.617303
11.916184 43.392471
> U18#49.13
11.916184 43.16764
12.214089 43.16764
12.214089 43.392471
11.916184 43.392471
11.916184 43.16764
> U19#26.65
11.916184 42.942808
12.214089 42.942808
12.214089 43.16764
11.916184 43.16764
11.916184 42.942808
> U20#3.76
11.916184 42.717977
12.214089 42.717977
12.214089 42.942808
11.916184 42.942808
11.916184 42.717977
> U21#10.49
11.916184 42.493145
12.214089 42.493145
12.214089 42.717977
11.916184 42.717977
11.916184 42.493145
> U22#9.05
11.916184 42.268314
12.214089 42.268314
12.214089 42.493145
11.916184 42.493145
11.916184 42.268314
> U23#6.02
11.916184 42.043482
12.214089 42.043482
12.214089 42.268314
11.916184 42.268314
11.916184 42.043482
> U24#6.02
11.916184 41.818651
12.214089 41.818651
12.214089 42.043482
11.916184 42.043482
11.916184 41.818651
> U25
11.916184 41.593819
12.214089 41.593819
12.214089 41.818651
11.916184 41.818651
11.916184 41.593819
> U26
11.916184 41.368988
12.214089 41.368988
12.214089 41.593819
11.916184 41.593819
11.916184 41.368988
> U27#13.48
11.916184 41.144156
12.214089 41.144156
12.214089 41.368988
11.916184 41.368988
11.916184 41.144156
> U28#14.18
11.916184 40.919325
12.214089 40.919325
12.214089 41.144156
11.916184 41.144156
11.916184 40.919325
> U29#28.23
11.916184 40.694494
12.214089 40.694494
12.214089 40.919325
11.916184 40.919325
11.916184 40.694494
> U30#28.23
11.916184 40.469662
12.214089 40.469662
12.214089 40.694494
11.916184 40.694494
11.916184 40.469662
> U31#14.55
11.916184 40.244831
12.214089 40.244831
12.214089 40.469662
11.916184 40.469662
11.916184 40.244831
> U32#23.94
11.916184 40.019999
12.214089 40.019999
12.214089 40.244831
11.916184 40.244831
11.916184 40.019999
> U33#24.43
11.916184 39.795168
12.214089 39.795168
12.214089 40.019999
11.916184 40.019999
11.916184 39.795168
> U34#38.12
11.916184 39.570336
12.214089 39.570336
12.214089 39.795168
11.916184 39.795168
11.916184 39.570336
> U35#21.54
11.916184 39.345505
12.214089 39.345505
12.214089 39.570336
11.916184 39.570336
11.916184 39.345505
> U36#19.66
11.916184 39.120673
12.214089 39.120673
12.214089 39.345505
11.916184 39.345505
11.916184 39.120673
> U37#19.66
11.916184 38.895842
12.214089 38.895842
12.214089 39.120673
11.916184 39.120673
11.916184 38.895842
> U38
11.916184 38.67101
12.214089 38.67101
12.214089 38.895842
11.916184 38.895842
11.916184 38.67101
> U39#30.11
11.916184 38.446179
12.214089 38.446179
12.214089 38.67101
11.916184 38.67101
11.916184 38.446179
> U40#16.28
11.916184 38.221348
12.214089 38.221348
12.214089 38.446179
11.916184 38.446179
11.916184 38.221348
> U41
11.916184 37.996516
12.214089 37.996516
12.214089 38.221348
11.916184 38.221348
11.916184 37.996516
> U42
11.916184 37.771685
12.214089 37.771685
12.214089 37.996516
11.916184 37.996516
11.916184 37.771685
> U43
11.916184 37.546853
12.214089 37.546853
12.214089 37.771685
11.916184 37.771685
11.916184 37.546853
> U44
11.916184 37.322022
12.214089 37.322022
12.214089 37.546853
11.916184 37.546853
11.916184 37.322022
> U45
11.916184 37.09719
12.214089 37.09719
12.214089 37.322022
11.916184 37.322022
11.916184 37.09719
> U46#82.98
11.916184 36.872359
12.214089 36.872359
12.214089 37.09719
11.916184 37.09719
11.916184 36.872359
> U47#82.98
11.916184 36.647527
12.214089 36.647527
12.214089 36.872359
11.916184 36.872359
11.916184 36.647527
> U48#85.91
11.916184 36.422696
12.214089 36.422696
12.214089 36.647527
11.916184 36.647527
11.916184 36.422696
> U49#6.81
11.916184 36.197864
12.214089 36.197864
12.214089 36.422696
11.916184 36.422696
11.916184 36.197864
> U50#123.5
11.916184 35.973033
12.214089 35.973033
12.214089 36.197864
11.916184 36.197864
11.916184 35.973033
> U51#123.5
11.916184 35.748202
12.214089 35.748202
12.214089 35.973033
11.916184 35.973033
11.916184 35.748202
> U52#96.19
11.916184 35.52337
12.214089 35.52337
12.214089 35.748202
11.916184 35.748202
11.916184 35.52337
> U53
11.916184 35.298539
12.214089 35.298539
12.214089 35.52337
11.916184 35.52337
11.916184 35.298539
> U54
11.916184 35.073707
12.214089 35.073707
12.214089 35.298539
11.916184 35.298539
11.916184 35.073707
> U55
11.916184 34.848876
12.214089 34.848876
12.214089 35.073707
11.916184 35.073707
11.916184 34.848876
> U56
11.916184 34.624044
12.214089 34.624044
12.214089 34.848876
11.916184 34.848876
11.916184 34.624044
> V1
12.214089 46.989774
12.511993 46.989774
12.511993 47.214606
12.214089 47.214606
12.214089 46.989774
> V2#35.68
12.214089 46.764943
12.511993 46.764943
12.511993 46.989774
12.214089 46.989774
12.214089 46.764943
> V3#32.67
12.214089 46.540111
12.511993 46.540111
12.511993 46.764943
12.214089 46.764943
12.214089 46.540111
> V4#34.19
12.214089 46.31528
12.511993 46.31528
12.511993 46.540111
12.214089 46.540111
12.214089 46.31528
> V5#55.05
12.214089 46.090449
12.511993 46.090449
12.511993 46.31528
12.214089 46.31528
12.214089 46.090449
> V6#62.82
12.214089 45.865617
12.511993 45.865617
12.511993 46.090449
12.214089 46.090449
12.214089 45.865617
> V7#57.87
12.214089 45.640786
12.511993 45.640786
12.511993 45.865617
12.214089 45.865617
12.214089 45.640786
> V8#55.31
12.214089 45.415954
12.511993 45.415954
12.511993 45.640786
12.214089 45.640786
12.214089 45.415954
> V9
12.214089 45.191123
12.511993 45.191123
12.511993 45.415954
12.214089 45.415954
12.214089 45.191123
> V10
12.214089 44.966291
12.511993 44.966291
12.511993 45.191123
12.214089 45.191123
12.214089 44.966291
> V11#30.81
12.214089 44.74146
12.511993 44.74146
12.511993 44.966291
12.214089 44.966291
12.214089 44.74146
> V12#30.81
12.214089 44.516628
12.511993 44.516628
12.511993 44.74146
12.214089 44.74146
12.214089 44.516628
> V13#29.91
12.214089 44.291797
12.511993 44.291797
12.511993 44.516628
12.214089 44.516628
12.214089 44.291797
> V14#72.87
12.214089 44.066965
12.511993 44.066965
12.511993 44.291797
12.214089 44.291797
12.214089 44.066965
> V15#26.38
12.214089 43.842134
12.511993 43.842134
12.511993 44.066965
12.214089 44.066965
12.214089 43.842134
> V16#15.05
12.214089 43.617303
12.511993 43.617303
12.511993 43.842134
12.214089 43.842134
12.214089 43.617303
> V17#17.81
12.214089 43.392471
12.511993 43.392471
12.511993 43.617303
12.214089 43.617303
12.214089 43.392471
> V18#49.13
12.214089 43.16764
12.511993 43.16764
12.511993 43.392471
12.214089 43.392471
12.214089 43.16764
> V19#49.13
12.214089 42.942808
12.511993 42.942808
12.511993 43.16764
12.214089 43.16764
12.214089 42.942808
> V20#51.45
12.214089 42.717977
12.511993 42.717977
12.511993 42.942808
12.214089 42.942808
12.214089 42.717977
> V21#20.97
12.214089 42.493145
12.511993 42.493145
12.511993 42.717977
12.214089 42.717977
12.214089 42.493145
> V22#3.09
12.214089 42.268314
12.511993 42.268314
12.511993 42.493145
12.214089 42.493145
12.214089 42.268314
> V23#5.62
12.214089 42.043482
12.511993 42.043482
12.511993 42.268314
12.214089 42.268314
12.214089 42.043482
> V24#2.2
12.214089 41.818651
12.511993 41.818651
12.511993 42.043482
12.214089 42.043482
12.214089 41.818651
> V25
12.214089 41.593819
12.511993 41.593819
12.511993 41.818651
12.214089 41.818651
12.214089 41.593819
> V26
12.214089 41.368988
12.511993 41.368988
12.511993 41.593819
12.214089 41.593819
12.214089 41.368988
> V27#19.51
12.214089 41.144156
12.511993 41.144156
12.511993 41.368988
12.214089 41.368988
12.214089 41.144156
> V28#15.83
12.214089 40.919325
12.511993 40.919325
12.511993 41.144156
12.214089 41.144156
12.214089 40.919325
> V29#19.32
12.214089 40.694494
12.511993 40.694494
12.511993 40.919325
12.214089 40.919325
12.214089 40.694494
> V30#19.28
12.214089 40.469662
12.511993 40.469662
12.511993 40.694494
12.214089 40.694494
12.214089 40.469662
> V31#33.11
12.214089 40.244831
12.511993 40.244831
12.511993 40.469662
12.214089 40.469662
12.214089 40.244831
> V32#33.11
12.214089 40.019999
12.511993 40.019999
12.511993 40.244831
12.214089 40.244831
12.214089 40.019999
> V33#33.11
12.214089 39.795168
12.511993 39.795168
12.511993 40.019999
12.214089 40.019999
12.214089 39.795168
> V34#12.52
12.214089 39.570336
12.511993 39.570336
12.511993 39.795168
12.214089 39.795168
12.214089 39.570336
> V35#18.49
12.214089 39.345505
12.511993 39.345505
12.511993 39.570336
12.214089 39.570336
12.214089 39.345505
> V36#22.78
12.214089 39.120673
12.511993 39.120673
12.511993 39.345505
12.214089 39.345505
12.214089 39.120673
> V37#22.78
12.214089 38.895842
12.511993 38.895842
12.511993 39.120673
12.214089 39.120673
12.214089 38.895842
> V38
12.214089 38.67101
12.511993 38.67101
12.511993 38.895842
12.214089 38.895842
12.214089 38.67101
> V39
12.214089 38.446179
12.511993 38.446179
12.511993 38.67101
12.214089 38.67101
12.214089 38.446179
> V40
12.214089 38.221348
12.511993 38.221348
12.511993 38.446179
12.214089 38.446179
12.214089 38.221348
> V41#29.95
12.214089 37.996516
12.511993 37.996516
12.511993 38.221348
12.214089 38.221348
12.214089 37.996516
> V42#31.98
12.214089 37.771685
12.511993 37.771685
12.511993 37.996516
12.214089 37.996516
12.214089 37.771685
> V43#30.82
12.214089 37.546853
12.511993 37.546853
12.511993 37.771685
12.214089 37.771685
12.214089 37.546853
> V44
12.214089 37.322022
12.511993 37.322022
12.511993 37.546853
12.214089 37.546853
12.214089 37.322022
> V45
12.214089 37.09719
12.511993 37.09719
12.511993 37.322022
12.214089 37.322022
12.214089 37.09719
> V46#14.05
12.214089 36.872359
12.511993 36.872359
12.511993 37.09719
12.214089 37.09719
12.214089 36.872359
> V47#82.98
12.214089 36.647527
12.511993 36.647527
12.511993 36.872359
12.214089 36.872359
12.214089 36.647527
> V48#85.91
12.214089 36.422696
12.511993 36.422696
12.511993 36.647527
12.214089 36.647527
12.214089 36.422696
> V49#85.91
12.214089 36.197864
12.511993 36.197864
12.511993 36.422696
12.214089 36.422696
12.214089 36.197864
> V50#12.44
12.214089 35.973033
12.511993 35.973033
12.511993 36.197864
12.214089 36.197864
12.214089 35.973033
> V51#123.5
12.214089 35.748202
12.511993 35.748202
12.511993 35.973033
12.214089 35.973033
12.214089 35.748202
> V52
12.214089 35.52337
12.511993 35.52337
12.511993 35.748202
12.214089 35.748202
12.214089 35.52337
> V53
12.214089 35.298539
12.511993 35.298539
12.511993 35.52337
12.214089 35.52337
12.214089 35.298539
> V54
12.214089 35.073707
12.511993 35.073707
12.511993 35.298539
12.214089 35.298539
12.214089 35.073707
> V55
12.214089 34.848876
12.511993 34.848876
12.511993 35.073707
12.214089 35.073707
12.214089 34.848876
> V56
12.214089 34.624044
12.511993 34.624044
12.511993 34.848876
12.214089 34.848876
12.214089 34.624044
> W1
12.511993 46.989774
12.809898 46.989774
12.809898 47.214606
12.511993 47.214606
12.511993 46.989774
> W2
12.511993 46.764943
12.809898 46.764943
12.809898 46.989774
12.511993 46.989774
12.511993 46.764943
> W3#5.95
12.511993 46.540111
12.809898 46.540111
12.809898 46.764943
12.511993 46.764943
12.511993 46.540111
> W4#76.33
12.511993 46.31528
12.809898 46.31528
12.809898 46.540111
12.511993 46.540111
12.511993 46.31528
> W5#55.05
12.511993 46.090449
12.809898 46.090449
12.809898 46.31528
12.511993 46.31528
12.511993 46.090449
> W6#62.82
12.511993 45.865617
12.809898 45.865617
12.809898 46.090449
12.511993 46.090449
12.511993 45.865617
> W7#62.82
12.511993 45.640786
12.809898 45.640786
12.809898 45.865617
12.511993 45.865617
12.511993 45.640786
> W8
12.511993 45.415954
12.809898 45.415954
12.809898 45.640786
12.511993 45.640786
12.511993 45.415954
> W9
12.511993 45.191123
12.809898 45.191123
12.809898 45.415954
12.511993 45.415954
12.511993 45.191123
> W10
12.511993 44.966291
12.809898 44.966291
12.809898 45.191123
12.511993 45.191123
12.511993 44.966291
> W11
12.511993 44.74146
12.809898 44.74146
12.809898 44.966291
12.511993 44.966291
12.511993 44.74146
> W12
12.511993 44.516628
12.809898 44.516628
12.809898 44.74146
12.511993 44.74146
12.511993 44.516628
> W13#13.29
12.511993 44.291797
12.809898 44.291797
12.809898 44.516628
12.511993 44.516628
12.511993 44.291797
> W14#144.7
12.511993 44.066965
12.809898 44.066965
12.809898 44.291797
12.511993 44.291797
12.511993 44.066965
> W15#144.7
12.511993 43.842134
12.809898 43.842134
12.809898 44.066965
12.511993 44.066965
12.511993 43.842134
> W16#19.04
12.511993 43.617303
12.809898 43.617303
12.809898 43.842134
12.511993 43.842134
12.511993 43.617303
> W17#21.71
12.511993 43.392471
12.809898 43.392471
12.809898 43.617303
12.511993 43.617303
12.511993 43.392471
> W18#21.74
12.511993 43.16764
12.809898 43.16764
12.809898 43.392471
12.511993 43.392471
12.511993 43.16764
> W19#41.22
12.511993 42.942808
12.809898 42.942808
12.809898 43.16764
12.511993 43.16764
12.511993 42.942808
> W20#51.45
12.511993 42.717977
12.809898 42.717977
12.809898 42.942808
12.511993 42.942808
12.511993 42.717977
> W21#51.45
12.511993 42.493145
12.809898 42.493145
12.809898 42.717977
12.511993 42.717977
12.511993 42.493145
> W22#19.94
12.511993 42.268314
12.809898 42.268314
12.809898 42.493145
12.511993 42.493145
12.511993 42.268314
> W23#7.05
12.511993 42.043482
12.809898 42.043482
12.809898 42.268314
12.511993 42.268314
12.511993 42.043482
> W24#7.38
12.511993 41.818651
12.809898 41.818651
12.809898 42.043482
12.511993 42.043482
12.511993 41.818651
> W25#10.16
12.511993 41.593819
12.809898 41.593819
12.809898 41.818651
12.511993 41.818651
12.511993 41.593819
> W26#12.96
12.511993 41.368988
12.809898 41.368988
12.809898 41.593819
12.511993 41.593819
12.511993 41.368988
> W27#12.96
12.511993 41.144156
12.809898 41.144156
12.809898 41.368988
12.511993 41.368988
12.511993 41.144156
> W28#9.47
12.511993 40.919325
12.809898 40.919325
12.809898 41.144156
12.511993 41.144156
12.511993 40.919325
> W29#21.49
12.511993 40.694494
12.809898 40.694494
12.809898 40.919325
12.511993 40.919325
12.511993 40.694494
> W30#13.68
12.511993 40.469662
12.809898 40.469662
12.809898 40.694494
12.511993 40.694494
12.511993 40.469662
> W31#11.56
12.511993 40.244831
12.809898 40.244831
12.809898 40.469662
12.511993 40.469662
12.511993 40.244831
> W32#12.33
12.511993 40.019999
12.809898 40.019999
12.809898 40.244831
12.511993 40.244831
12.511993 40.019999
> W33#13.48
12.511993 39.795168
12.809898 39.795168
12.809898 40.019999
12.511993 40.019999
12.511993 39.795168
> W34#22.34
12.511993 39.570336
12.809898 39.570336
12.809898 39.795168
12.511993 39.795168
12.511993 39.570336
> W35#22.96
12.511993 39.345505
12.809898 39.345505
12.809898 39.570336
12.511993 39.570336
12.511993 39.345505
> W36#22.96
12.511993 39.120673
12.809898 39.120673
12.809898 39.345505
12.511993 39.345505
12.511993 39.120673
> W37#11.02
12.511993 38.895842
12.809898 38.895842
12.809898 39.120673
12.511993 39.120673
12.511993 38.895842
> W38#45.8
12.511993 38.67101
12.809898 38.67101
12.809898 38.895842
12.511993 38.895842
12.511993 38.67101
> W39#45.8
12.511993 38.446179
12.809898 38.446179
12.809898 38.67101
12.511993 38.67101
12.511993 38.446179
> W40#12.58
12.511993 38.221348
12.809898 38.221348
12.809898 38.446179
12.511993 38.446179
12.511993 38.221348
> W41#29.95
12.511993 37.996516
12.809898 37.996516
12.809898 38.221348
12.511993 38.221348
12.511993 37.996516
> W42#31.98
12.511993 37.771685
12.809898 37.771685
12.809898 37.996516
12.511993 37.996516
12.511993 37.771685
> W43#19.65
12.511993 37.546853
12.809898 37.546853
12.809898 37.771685
12.511993 37.771685
12.511993 37.546853
> W44#83.43
12.511993 37.322022
12.809898 37.322022
12.809898 37.546853
12.511993 37.546853
12.511993 37.322022
> W45#83.43
12.511993 37.09719
12.809898 37.09719
12.809898 37.322022
12.511993 37.322022
12.511993 37.09719
> W46#83.43
12.511993 36.872359
12.809898 36.872359
12.809898 37.09719
12.511993 37.09719
12.511993 36.872359
> W47#60.05
12.511993 36.647527
12.809898 36.647527
12.809898 36.872359
12.511993 36.872359
12.511993 36.647527
> W48#6.84
12.511993 36.422696
12.809898 36.422696
12.809898 36.647527
12.511993 36.647527
12.511993 36.422696
> W49#85.91
12.511993 36.197864
12.809898 36.197864
12.809898 36.422696
12.511993 36.422696
12.511993 36.197864
> W50#17.58
12.511993 35.973033
12.809898 35.973033
12.809898 36.197864
12.511993 36.197864
12.511993 35.973033
> W51#23.5
12.511993 35.748202
12.809898 35.748202
12.809898 35.973033
12.511993 35.973033
12.511993 35.748202
> W52#50.67
12.511993 35.52337
12.809898 35.52337
12.809898 35.748202
12.511993 35.748202
12.511993 35.52337
> W53#15.41
12.511993 35.298539
12.809898 35.298539
12.809898 35.52337
12.511993 35.52337
12.511993 35.298539
> W54
12.511993 35.073707
12.809898 35.073707
12.809898 35.298539
12.511993 35.298539
12.511993 35.073707
> W55
12.511993 34.848876
12.809898 34.848876
12.809898 35.073707
12.511993 35.073707
12.511993 34.848876
> W56
12.511993 34.624044
12.809898 34.624044
12.809898 34.848876
12.511993 34.848876
12.511993 34.624044
> X1
12.809898 46.989774
13.107802 46.989774
13.107802 47.214606
12.809898 47.214606
12.809898 46.989774
> X2#15.3
12.809898 46.764943
13.107802 46.764943
13.107802 46.989774
12.809898 46.989774
12.809898 46.764943
> X3#2.72
12.809898 46.540111
13.107802 46.540111
13.107802 46.764943
12.809898 46.764943
12.809898 46.540111
> X4#76.33
12.809898 46.31528
13.107802 46.31528
13.107802 46.540111
12.809898 46.540111
12.809898 46.31528
> X5#68.94
12.809898 46.090449
13.107802 46.090449
13.107802 46.31528
12.809898 46.31528
12.809898 46.090449
> X6#26.94
12.809898 45.865617
13.107802 45.865617
13.107802 46.090449
12.809898 46.090449
12.809898 45.865617
> X7#62.82
12.809898 45.640786
13.107802 45.640786
13.107802 45.865617
12.809898 45.865617
12.809898 45.640786
> X8#62.82
12.809898 45.415954
13.107802 45.415954
13.107802 45.640786
12.809898 45.640786
12.809898 45.415954
> X9
12.809898 45.191123
13.107802 45.191123
13.107802 45.415954
12.809898 45.415954
12.809898 45.191123
> X10
12.809898 44.966291
13.107802 44.966291
13.107802 45.191123
12.809898 45.191123
12.809898 44.966291
> X11
12.809898 44.74146
13.107802 44.74146
13.107802 44.966291
12.809898 44.966291
12.809898 44.74146
> X12
12.809898 44.516628
13.107802 44.516628
13.107802 44.74146
12.809898 44.74146
12.809898 44.516628
> X13
12.809898 44.291797
13.107802 44.291797
13.107802 44.516628
12.809898 44.516628
12.809898 44.291797
> X14#33.4
12.809898 44.066965
13.107802 44.066965
13.107802 44.291797
12.809898 44.291797
12.809898 44.066965
> X15#144.7
12.809898 43.842134
13.107802 43.842134
13.107802 44.066965
12.809898 44.066965
12.809898 43.842134
> X16#89.29
12.809898 43.617303
13.107802 43.617303
13.107802 43.842134
12.809898 43.842134
12.809898 43.617303
> X17#14.16
12.809898 43.392471
13.107802 43.392471
13.107802 43.617303
12.809898 43.617303
12.809898 43.392471
> X18#18.88
12.809898 43.16764
13.107802 43.16764
13.107802 43.392471
12.809898 43.392471
12.809898 43.16764
> X19#16.33
12.809898 42.942808
13.107802 42.942808
13.107802 43.16764
12.809898 43.16764
12.809898 42.942808
> X20#23.98
12.809898 42.717977
13.107802 42.717977
13.107802 42.942808
12.809898 42.942808
12.809898 42.717977
> X21#14.49
12.809898 42.493145
13.107802 42.493145
13.107802 42.717977
12.809898 42.717977
12.809898 42.493145
> X22#23.92
12.809898 42.268314
13.107802 42.268314
13.107802 42.493145
12.809898 42.493145
12.809898 42.268314
> X23#23.92
12.809898 42.043482
13.107802 42.043482
13.107802 42.268314
12.809898 42.268314
12.809898 42.043482
> X24#10.55
12.809898 41.818651
13.107802 41.818651
13.107802 42.043482
12.809898 42.043482
12.809898 41.818651
> X25#7.46
12.809898 41.593819
13.107802 41.593819
13.107802 41.818651
12.809898 41.818651
12.809898 41.593819
> X26#9.37
12.809898 41.368988
13.107802 41.368988
13.107802 41.593819
12.809898 41.593819
12.809898 41.368988
> X27#2.42
12.809898 41.144156
13.107802 41.144156
13.107802 41.368988
12.809898 41.368988
12.809898 41.144156
> X28#8.35
12.809898 40.919325
13.107802 40.919325
13.107802 41.144156
12.809898 41.144156
12.809898 40.919325
> X29#22.8
12.809898 40.694494
13.107802 40.694494
13.107802 40.919325
12.809898 40.919325
12.809898 40.694494
> X30#22.8
12.809898 40.469662
13.107802 40.469662
13.107802 40.694494
12.809898 40.694494
12.809898 40.469662
> X31#19
12.809898 40.244831
13.107802 40.244831
13.107802 40.469662
12.809898 40.469662
12.809898 40.244831
> X32#19
12.809898 40.019999
13.107802 40.019999
13.107802 40.244831
12.809898 40.244831
12.809898 40.019999
> X33#24.47
12.809898 39.795168
13.107802 39.795168
13.107802 40.019999
12.809898 40.019999
12.809898 39.795168
> X34#24.47
12.809898 39.570336
13.107802 39.570336
13.107802 39.795168
12.809898 39.795168
12.809898 39.570336
> X35#16.13
12.809898 39.345505
13.107802 39.345505
13.107802 39.570336
12.809898 39.570336
12.809898 39.345505
> X36#21.52
12.809898 39.120673
13.107802 39.120673
13.107802 39.345505
12.809898 39.345505
12.809898 39.120673
> X37#44.24
12.809898 38.895842
13.107802 38.895842
13.107802 39.120673
12.809898 39.120673
12.809898 38.895842
> X38#44.24
12.809898 38.67101
13.107802 38.67101
13.107802 38.895842
12.809898 38.895842
12.809898 38.67101
> X39#59.05
12.809898 38.446179
13.107802 38.446179
13.107802 38.67101
12.809898 38.67101
12.809898 38.446179
> X40#59.05
12.809898 38.221348
13.107802 38.221348
13.107802 38.446179
12.809898 38.446179
12.809898 38.221348
> X41#16.03
12.809898 37.996516
13.107802 37.996516
13.107802 38.221348
12.809898 38.221348
12.809898 37.996516
> X42#18.86
12.809898 37.771685
13.107802 37.771685
13.107802 37.996516
12.809898 37.996516
12.809898 37.771685
> X43#83.43
12.809898 37.546853
13.107802 37.546853
13.107802 37.771685
12.809898 37.771685
12.809898 37.546853
> X44#83.43
12.809898 37.322022
13.107802 37.322022
13.107802 37.546853
12.809898 37.546853
12.809898 37.322022
> X45#58.63
12.809898 37.09719
13.107802 37.09719
13.107802 37.322022
12.809898 37.322022
12.809898 37.09719
> X46#60.05
12.809898 36.872359
13.107802 36.872359
13.107802 37.09719
12.809898 37.09719
12.809898 36.872359
> X47#87.87
12.809898 36.647527
13.107802 36.647527
13.107802 36.872359
12.809898 36.872359
12.809898 36.647527
> X48#87.87
12.809898 36.422696
13.107802 36.422696
13.107802 36.647527
12.809898 36.647527
12.809898 36.422696
> X49#25.93
12.809898 36.197864
13.107802 36.197864
13.107802 36.422696
12.809898 36.422696
12.809898 36.197864
> X50#31.54
12.809898 35.973033
13.107802 35.973033
13.107802 36.197864
12.809898 36.197864
12.809898 35.973033
> X51#31.54
12.809898 35.748202
13.107802 35.748202
13.107802 35.973033
12.809898 35.973033
12.809898 35.748202
> X52#50.67
12.809898 35.52337
13.107802 35.52337
13.107802 35.748202
12.809898 35.748202
12.809898 35.52337
> X53#50.67
12.809898 35.298539
13.107802 35.298539
13.107802 35.52337
12.809898 35.52337
12.809898 35.298539
> X54
12.809898 35.073707
13.107802 35.073707
13.107802 35.298539
12.809898 35.298539
12.809898 35.073707
> X55
12.809898 34.848876
13.107802 34.848876
13.107802 35.073707
12.809898 35.073707
12.809898 34.848876
> X56
12.809898 34.624044
13.107802 34.624044
13.107802 34.848876
12.809898 34.848876
12.809898 34.624044
> Y1
13.107802 46.989774
13.405707 46.989774
13.405707 47.214606
13.107802 47.214606
13.107802 46.989774
> Y2#15.3
13.107802 46.764943
13.405707 46.764943
13.405707 46.989774
13.107802 46.989774
13.107802 46.764943
> Y3#18.33
13.107802 46.540111
13.405707 46.540111
13.405707 46.764943
13.107802 46.764943
13.107802 46.540111
> Y4#76.33
13.107802 46.31528
13.405707 46.31528
13.405707 46.540111
13.107802 46.540111
13.107802 46.31528
> Y5#68.94
13.107802 46.090449
13.405707 46.090449
13.405707 46.31528
13.107802 46.31528
13.107802 46.090449
> Y6#68.94
13.107802 45.865617
13.405707 45.865617
13.405707 46.090449
13.107802 46.090449
13.107802 45.865617
> Y7#52.57
13.107802 45.640786
13.405707 45.640786
13.405707 45.865617
13.107802 45.865617
13.107802 45.640786
> Y8
13.107802 45.415954
13.405707 45.415954
13.405707 45.640786
13.107802 45.640786
13.107802 45.415954
> Y9
13.107802 45.191123
13.405707 45.191123
13.405707 45.415954
13.107802 45.415954
13.107802 45.191123
> Y10
13.107802 44.966291
13.405707 44.966291
13.405707 45.191123
13.107802 45.191123
13.107802 44.966291
> Y11
13.107802 44.74146
13.405707 44.74146
13.405707 44.966291
13.107802 44.966291
13.107802 44.74146
> Y12
13.107802 44.516628
13.405707 44.516628
13.405707 44.74146
13.107802 44.74146
13.107802 44.516628
> Y13
13.107802 44.291797
13.405707 44.291797
13.405707 44.516628
13.107802 44.516628
13.107802 44.291797
> Y14
13.107802 44.066965
13.405707 44.066965
13.405707 44.291797
13.107802 44.291797
13.107802 44.066965
> Y15#144.7
13.107802 43.842134
13.405707 43.842134
13.405707 44.066965
13.107802 44.066965
13.107802 43.842134
> Y16#144.7
13.107802 43.617303
13.405707 43.617303
13.405707 43.842134
13.107802 43.842134
13.107802 43.617303
> Y17#89.29
13.107802 43.392471
13.405707 43.392471
13.405707 43.617303
13.107802 43.617303
13.107802 43.392471
> Y18#9.2
13.107802 43.16764
13.405707 43.16764
13.405707 43.392471
13.107802 43.392471
13.107802 43.16764
> Y19#14.69
13.107802 42.942808
13.405707 42.942808
13.405707 43.16764
13.107802 43.16764
13.107802 42.942808
> Y20#23.98
13.107802 42.717977
13.405707 42.717977
13.405707 42.942808
13.107802 42.942808
13.107802 42.717977
> Y21#17.05
13.107802 42.493145
13.405707 42.493145
13.405707 42.717977
13.107802 42.717977
13.107802 42.493145
> Y22#17.05
13.107802 42.268314
13.405707 42.268314
13.405707 42.493145
13.107802 42.493145
13.107802 42.268314
> Y23#23.92
13.107802 42.043482
13.405707 42.043482
13.405707 42.268314
13.107802 42.268314
13.107802 42.043482
> Y24#19.51
13.107802 41.818651
13.405707 41.818651
13.405707 42.043482
13.107802 42.043482
13.107802 41.818651
> Y25#5.65
13.107802 41.593819
13.405707 41.593819
13.405707 41.818651
13.107802 41.818651
13.107802 41.593819
> Y26#5.61
13.107802 41.368988
13.405707 41.368988
13.405707 41.593819
13.107802 41.593819
13.107802 41.368988
> Y27#3.87
13.107802 41.144156
13.405707 41.144156
13.405707 41.368988
13.107802 41.368988
13.107802 41.144156
> Y28#17.12
13.107802 40.919325
13.405707 40.919325
13.405707 41.144156
13.107802 41.144156
13.107802 40.919325
> Y29#17.96
13.107802 40.694494
13.405707 40.694494
13.405707 40.919325
13.107802 40.919325
13.107802 40.694494
> Y30#17.96
13.107802 40.469662
13.405707 40.469662
13.405707 40.694494
13.107802 40.694494
13.107802 40.469662
> Y31#14.36
13.107802 40.244831
13.405707 40.244831
13.405707 40.469662
13.107802 40.469662
13.107802 40.244831
> Y32#19.42
13.107802 40.019999
13.405707 40.019999
13.405707 40.244831
13.107802 40.244831
13.107802 40.019999
> Y33#18.07
13.107802 39.795168
13.405707 39.795168
13.405707 40.019999
13.107802 40.019999
13.107802 39.795168
> Y34#15.19
13.107802 39.570336
13.405707 39.570336
13.405707 39.795168
13.107802 39.795168
13.107802 39.570336
> Y35#17.99
13.107802 39.345505
13.405707 39.345505
13.405707 39.570336
13.107802 39.570336
13.107802 39.345505
> Y36#17.99
13.107802 39.120673
13.405707 39.120673
13.405707 39.345505
13.107802 39.345505
13.107802 39.120673
> Y37#7.43
13.107802 38.895842
13.405707 38.895842
13.405707 39.120673
13.107802 39.120673
13.107802 38.895842
> Y38#44.24
13.107802 38.67101
13.405707 38.67101
13.405707 38.895842
13.107802 38.895842
13.107802 38.67101
> Y39#59.05
13.107802 38.446179
13.405707 38.446179
13.405707 38.67101
13.107802 38.67101
13.107802 38.446179
> Y40
13.107802 38.221348
13.405707 38.221348
13.405707 38.446179
13.107802 38.446179
13.107802 38.221348
> Y41#7.88
13.107802 37.996516
13.405707 37.996516
13.405707 38.221348
13.107802 38.221348
13.107802 37.996516
> Y42#12.55
13.107802 37.771685
13.405707 37.771685
13.405707 37.996516
13.107802 37.996516
13.107802 37.771685
> Y43#31.1
13.107802 37.546853
13.405707 37.546853
13.405707 37.771685
13.107802 37.771685
13.107802 37.546853
> Y44#22.73
13.107802 37.322022
13.405707 37.322022
13.405707 37.546853
13.107802 37.546853
13.107802 37.322022
> Y45#31.84
13.107802 37.09719
13.405707 37.09719
13.405707 37.322022
13.107802 37.322022
13.107802 37.09719
> Y46#21.85
13.107802 36.872359
13.405707 36.872359
13.405707 37.09719
13.107802 37.09719
13.107802 36.872359
> Y47#44.15
13.107802 36.647527
13.405707 36.647527
13.405707 36.872359
13.107802 36.872359
13.107802 36.647527
> Y48#87.87
13.107802 36.422696
13.405707 36.422696
13.405707 36.647527
13.107802 36.647527
13.107802 36.422696
> Y49#57.37
13.107802 36.197864
13.405707 36.197864
13.405707 36.422696
13.107802 36.422696
13.107802 36.197864
> Y50
13.107802 35.973033
13.405707 35.973033
13.405707 36.197864
13.107802 36.197864
13.107802 35.973033
> Y51#37.7
13.107802 35.748202
13.405707 35.748202
13.405707 35.973033
13.107802 35.973033
13.107802 35.748202
> Y52#37.7
13.107802 35.52337
13.405707 35.52337
13.405707 35.748202
13.107802 35.748202
13.107802 35.52337
> Y53#107.3
13.107802 35.298539
13.405707 35.298539
13.405707 35.52337
13.107802 35.52337
13.107802 35.298539
> Y54#45.69
13.107802 35.073707
13.405707 35.073707
13.405707 35.298539
13.107802 35.298539
13.107802 35.073707
> Y55
13.107802 34.848876
13.405707 34.848876
13.405707 35.073707
13.107802 35.073707
13.107802 34.848876
> Y56
13.107802 34.624044
13.405707 34.624044
13.405707 34.848876
13.107802 34.848876
13.107802 34.624044
> Z1
13.405707 46.989774
13.703612 46.989774
13.703612 47.214606
13.405707 47.214606
13.405707 46.989774
> Z2
13.405707 46.764943
13.703612 46.764943
13.703612 46.989774
13.405707 46.989774
13.405707 46.764943
> Z3#6.36
13.405707 46.540111
13.703612 46.540111
13.703612 46.764943
13.405707 46.764943
13.405707 46.540111
> Z4#76.33
13.405707 46.31528
13.703612 46.31528
13.703612 46.540111
13.405707 46.540111
13.405707 46.31528
> Z5#28.31
13.405707 46.090449
13.703612 46.090449
13.703612 46.31528
13.405707 46.31528
13.405707 46.090449
> Z6#68.94
13.405707 45.865617
13.703612 45.865617
13.703612 46.090449
13.405707 46.090449
13.405707 45.865617
> Z7#52.57
13.405707 45.640786
13.703612 45.640786
13.703612 45.865617
13.405707 45.865617
13.405707 45.640786
> Z8#52.57
13.405707 45.415954
13.703612 45.415954
13.703612 45.640786
13.405707 45.640786
13.405707 45.415954
> Z9
13.405707 45.191123
13.703612 45.191123
13.703612 45.415954
13.405707 45.415954
13.405707 45.191123
> Z10
13.405707 44.966291
13.703612 44.966291
13.703612 45.191123
13.405707 45.191123
13.405707 44.966291
> Z11
13.405707 44.74146
13.703612 44.74146
13.703612 44.966291
13.405707 44.966291
13.405707 44.74146
> Z12
13.405707 44.516628
13.703612 44.516628
13.703612 44.74146
13.405707 44.74146
13.405707 44.516628
> Z13
13.405707 44.291797
13.703612 44.291797
13.703612 44.516628
13.405707 44.516628
13.405707 44.291797
> Z14
13.405707 44.066965
13.703612 44.066965
13.703612 44.291797
13.405707 44.291797
13.405707 44.066965
> Z15
13.405707 43.842134
13.703612 43.842134
13.703612 44.066965
13.405707 44.066965
13.405707 43.842134
> Z16#144.7
13.405707 43.617303
13.703612 43.617303
13.703612 43.842134
13.405707 43.842134
13.405707 43.617303
> Z17#144.7
13.405707 43.392471
13.703612 43.392471
13.703612 43.617303
13.405707 43.617303
13.405707 43.392471
> Z18#144.7
13.405707 43.16764
13.703612 43.16764
13.703612 43.392471
13.405707 43.392471
13.405707 43.16764
> Z19
13.405707 42.942808
13.703612 42.942808
13.703612 43.16764
13.405707 43.16764
13.405707 42.942808
> Z20#5.81
13.405707 42.717977
13.703612 42.717977
13.703612 42.942808
13.405707 42.942808
13.405707 42.717977
> Z21#23.93
13.405707 42.493145
13.703612 42.493145
13.703612 42.717977
13.405707 42.717977
13.405707 42.493145
> Z22#17.02
13.405707 42.268314
13.703612 42.268314
13.703612 42.493145
13.405707 42.493145
13.405707 42.268314
> Z23#12.52
13.405707 42.043482
13.703612 42.043482
13.703612 42.268314
13.405707 42.268314
13.405707 42.043482
> Z24#21.73
13.405707 41.818651
13.703612 41.818651
13.703612 42.043482
13.405707 42.043482
13.405707 41.818651
> Z25#21.73
13.405707 41.593819
13.703612 41.593819
13.703612 41.818651
13.405707 41.818651
13.405707 41.593819
> Z26#17.54
13.405707 41.368988
13.703612 41.368988
13.703612 41.593819
13.405707 41.593819
13.405707 41.368988
> Z27#4.18
13.405707 41.144156
13.703612 41.144156
13.703612 41.368988
13.405707 41.368988
13.405707 41.144156
> Z28#18.72
13.405707 40.919325
13.703612 40.919325
13.703612 41.144156
13.405707 41.144156
13.405707 40.919325
> Z29#8.63
13.405707 40.694494
13.703612 40.694494
13.703612 40.919325
13.405707 40.919325
13.405707 40.694494
> Z30#13.19
13.405707 40.469662
13.703612 40.469662
13.703612 40.694494
13.405707 40.694494
13.405707 40.469662
> Z31#18.04
13.405707 40.244831
13.703612 40.244831
13.703612 40.469662
13.405707 40.469662
13.405707 40.244831
> Z32#29.76
13.405707 40.019999
13.703612 40.019999
13.703612 40.244831
13.405707 40.244831
13.405707 40.019999
> Z33#29.76
13.405707 39.795168
13.703612 39.795168
13.703612 40.019999
13.405707 40.019999
13.405707 39.795168
> Z34#33.5
13.405707 39.570336
13.703612 39.570336
13.703612 39.795168
13.405707 39.795168
13.405707 39.570336
> Z35#33.5
13.405707 39.345505
13.703612 39.345505
13.703612 39.570336
13.405707 39.570336
13.405707 39.345505
> Z36#16.27
13.405707 39.120673
13.703612 39.120673
13.703612 39.345505
13.405707 39.345505
13.405707 39.120673
> Z37#5.11
13.405707 38.895842
13.703612 38.895842
13.703612 39.120673
13.405707 39.120673
13.405707 38.895842
> Z38#59.05
13.405707 38.67101
13.703612 38.67101
13.703612 38.895842
13.405707 38.895842
13.405707 38.67101
> Z39#69.18
13.405707 38.446179
13.703612 38.446179
13.703612 38.67101
13.405707 38.67101
13.405707 38.446179
> Z40#69.18
13.405707 38.221348
13.703612 38.221348
13.703612 38.446179
13.405707 38.446179
13.405707 38.221348
> Z41#10.89
13.405707 37.996516
13.703612 37.996516
13.703612 38.221348
13.405707 38.221348
13.405707 37.996516
> Z42#10.8
13.405707 37.771685
13.703612 37.771685
13.703612 37.996516
13.405707 37.996516
13.405707 37.771685
> Z43#33.45
13.405707 37.546853
13.703612 37.546853
13.703612 37.771685
13.405707 37.771685
13.405707 37.546853
> Z44#15.08
13.405707 37.322022
13.703612 37.322022
13.703612 37.546853
13.405707 37.546853
13.405707 37.322022
> Z45#31.84
13.405707 37.09719
13.703612 37.09719
13.703612 37.322022
13.405707 37.322022
13.405707 37.09719
> Z46#41.5
13.405707 36.872359
13.703612 36.872359
13.703612 37.09719
13.405707 37.09719
13.405707 36.872359
> Z47#44.15
13.405707 36.647527
13.703612 36.647527
13.703612 36.872359
13.405707 36.872359
13.405707 36.647527
> Z48#87.87
13.405707 36.422696
13.703612 36.422696
13.703612 36.647527
13.405707 36.647527
13.405707 36.422696
> Z49#87.87
13.405707 36.197864
13.703612 36.197864
13.703612 36.422696
13.405707 36.422696
13.405707 36.197864
> Z50#40.37
13.405707 35.973033
13.703612 35.973033
13.703612 36.197864
13.405707 36.197864
13.405707 35.973033
> Z51#29.14
13.405707 35.748202
13.703612 35.748202
13.703612 35.973033
13.405707 35.973033
13.405707 35.748202
> Z52#37
13.405707 35.52337
13.703612 35.52337
13.703612 35.748202
13.405707 35.748202
13.405707 35.52337
> Z53#107.3
13.405707 35.298539
13.703612 35.298539
13.703612 35.52337
13.405707 35.52337
13.405707 35.298539
> Z54#107.3
13.405707 35.073707
13.703612 35.073707
13.703612 35.298539
13.405707 35.298539
13.405707 35.073707
> Z55#45.69
13.405707 34.848876
13.703612 34.848876
13.703612 35.073707
13.405707 35.073707
13.405707 34.848876
> Z56
13.405707 34.624044
13.703612 34.624044
13.703612 34.848876
13.405707 34.848876
13.405707 34.624044
> AA1
13.703612 46.989774
14.001516 46.989774
14.001516 47.214606
13.703612 47.214606
13.703612 46.989774
> AA2
13.703612 46.764943
14.001516 46.764943
14.001516 46.989774
13.703612 46.989774
13.703612 46.764943
> AA3
13.703612 46.540111
14.001516 46.540111
14.001516 46.764943
13.703612 46.764943
13.703612 46.540111
> AA4#76.33
13.703612 46.31528
14.001516 46.31528
14.001516 46.540111
13.703612 46.540111
13.703612 46.31528
> AA5#12.09
13.703612 46.090449
14.001516 46.090449
14.001516 46.31528
13.703612 46.31528
13.703612 46.090449
> AA6#68.94
13.703612 45.865617
14.001516 45.865617
14.001516 46.090449
13.703612 46.090449
13.703612 45.865617
> AA7#13.77
13.703612 45.640786
14.001516 45.640786
14.001516 45.865617
13.703612 45.865617
13.703612 45.640786
> AA8#13.38
13.703612 45.415954
14.001516 45.415954
14.001516 45.640786
13.703612 45.640786
13.703612 45.415954
> AA9
13.703612 45.191123
14.001516 45.191123
14.001516 45.415954
13.703612 45.415954
13.703612 45.191123
> AA10
13.703612 44.966291
14.001516 44.966291
14.001516 45.191123
13.703612 45.191123
13.703612 44.966291
> AA11
13.703612 44.74146
14.001516 44.74146
14.001516 44.966291
13.703612 44.966291
13.703612 44.74146
> AA12
13.703612 44.516628
14.001516 44.516628
14.001516 44.74146
13.703612 44.74146
13.703612 44.516628
> AA13
13.703612 44.291797
14.001516 44.291797
14.001516 44.516628
13.703612 44.516628
13.703612 44.291797
> AA14
13.703612 44.066965
14.001516 44.066965
14.001516 44.291797
13.703612 44.291797
13.703612 44.066965
> AA15
13.703612 43.842134
14.001516 43.842134
14.001516 44.066965
13.703612 44.066965
13.703612 43.842134
> AA16
13.703612 43.617303
14.001516 43.617303
14.001516 43.842134
13.703612 43.842134
13.703612 43.617303
> AA17
13.703612 43.392471
14.001516 43.392471
14.001516 43.617303
13.703612 43.617303
13.703612 43.392471
> AA18#116.5
13.703612 43.16764
14.001516 43.16764
14.001516 43.392471
13.703612 43.392471
13.703612 43.16764
> AA19#116.5
13.703612 42.942808
14.001516 42.942808
14.001516 43.16764
13.703612 43.16764
13.703612 42.942808
> AA20#116.5
13.703612 42.717977
14.001516 42.717977
14.001516 42.942808
13.703612 42.942808
13.703612 42.717977
> AA21#116.5
13.703612 42.493145
14.001516 42.493145
14.001516 42.717977
13.703612 42.717977
13.703612 42.493145
> AA22#12.75
13.703612 42.268314
14.001516 42.268314
14.001516 42.493145
13.703612 42.493145
13.703612 42.268314
> AA23#20.64
13.703612 42.043482
14.001516 42.043482
14.001516 42.268314
13.703612 42.268314
13.703612 42.043482
> AA24#20.64
13.703612 41.818651
14.001516 41.818651
14.001516 42.043482
13.703612 42.043482
13.703612 41.818651
> AA25#35.12
13.703612 41.593819
14.001516 41.593819
14.001516 41.818651
13.703612 41.818651
13.703612 41.593819
> AA26#24.42
13.703612 41.368988
14.001516 41.368988
14.001516 41.593819
13.703612 41.593819
13.703612 41.368988
> AA27#24.42
13.703612 41.144156
14.001516 41.144156
14.001516 41.368988
13.703612 41.368988
13.703612 41.144156
> AA28#18.72
13.703612 40.919325
14.001516 40.919325
14.001516 41.144156
13.703612 41.144156
13.703612 40.919325
> AA29#4.61
13.703612 40.694494
14.001516 40.694494
14.001516 40.919325
13.703612 40.919325
13.703612 40.694494
> AA30#13.92
13.703612 40.469662
14.001516 40.469662
14.001516 40.694494
13.703612 40.694494
13.703612 40.469662
> AA31#14.06
13.703612 40.244831
14.001516 40.244831
14.001516 40.469662
13.703612 40.469662
13.703612 40.244831
> AA32#14.49
13.703612 40.019999
14.001516 40.019999
14.001516 40.244831
13.703612 40.244831
13.703612 40.019999
> AA33#29.76
13.703612 39.795168
14.001516 39.795168
14.001516 40.019999
13.703612 40.019999
13.703612 39.795168
> AA34#33.93
13.703612 39.570336
14.001516 39.570336
14.001516 39.795168
13.703612 39.795168
13.703612 39.570336
> AA35#33.93
13.703612 39.345505
14.001516 39.345505
14.001516 39.570336
13.703612 39.570336
13.703612 39.345505
> AA36#14.24
13.703612 39.120673
14.001516 39.120673
14.001516 39.345505
13.703612 39.345505
13.703612 39.120673
> AA37
13.703612 38.895842
14.001516 38.895842
14.001516 39.120673
13.703612 39.120673
13.703612 38.895842
> AA38#69.18
13.703612 38.67101
14.001516 38.67101
14.001516 38.895842
13.703612 38.895842
13.703612 38.67101
> AA39#69.18
13.703612 38.446179
14.001516 38.446179
14.001516 38.67101
13.703612 38.67101
13.703612 38.446179
> AA40
13.703612 38.221348
14.001516 38.221348
14.001516 38.446179
13.703612 38.446179
13.703612 38.221348
> AA41#4.98
13.703612 37.996516
14.001516 37.996516
14.001516 38.221348
13.703612 38.221348
13.703612 37.996516
> AA42#33.45
13.703612 37.771685
14.001516 37.771685
14.001516 37.996516
13.703612 37.996516
13.703612 37.771685
> AA43#33.45
13.703612 37.546853
14.001516 37.546853
14.001516 37.771685
13.703612 37.771685
13.703612 37.546853
> AA44#12.47
13.703612 37.322022
14.001516 37.322022
14.001516 37.546853
13.703612 37.546853
13.703612 37.322022
> AA45#17.75
13.703612 37.09719
14.001516 37.09719
14.001516 37.322022
13.703612 37.322022
13.703612 37.09719
> AA46#41.5
13.703612 36.872359
14.001516 36.872359
14.001516 37.09719
13.703612 37.09719
13.703612 36.872359
> AA47
13.703612 36.647527
14.001516 36.647527
14.001516 36.872359
13.703612 36.872359
13.703612 36.647527
> AA48#34.72
13.703612 36.422696
14.001516 36.422696
14.001516 36.647527
13.703612 36.647527
13.703612 36.422696
> AA49#40.37
13.703612 36.197864
14.001516 36.197864
14.001516 36.422696
13.703612 36.422696
13.703612 36.197864
> AA50#40.37
13.703612 35.973033
14.001516 35.973033
14.001516 36.197864
13.703612 36.197864
13.703612 35.973033
> AA51#30.84
13.703612 35.748202
14.001516 35.748202
14.001516 35.973033
13.703612 35.973033
13.703612 35.748202
> AA52#6.14
13.703612 35.52337
14.001516 35.52337
14.001516 35.748202
13.703612 35.748202
13.703612 35.52337
> AA53
13.703612 35.298539
14.001516 35.298539
14.001516 35.52337
13.703612 35.52337
13.703612 35.298539
> AA54#107.3
13.703612 35.073707
14.001516 35.073707
14.001516 35.298539
13.703612 35.298539
13.703612 35.073707
> AA55
13.703612 34.848876
14.001516 34.848876
14.001516 35.073707
13.703612 35.073707
13.703612 34.848876
> AA56
13.703612 34.624044
14.001516 34.624044
14.001516 34.848876
13.703612 34.848876
13.703612 34.624044
> AB1
14.001516 46.989774
14.299421 46.989774
14.299421 47.214606
14.001516 47.214606
14.001516 46.989774
> AB2
14.001516 46.764943
14.299421 46.764943
14.299421 46.989774
14.001516 46.989774
14.001516 46.764943
> AB3
14.001516 46.540111
14.299421 46.540111
14.299421 46.764943
14.001516 46.764943
14.001516 46.540111
> AB4
14.001516 46.31528
14.299421 46.31528
14.299421 46.540111
14.001516 46.540111
14.001516 46.31528
> AB5
14.001516 46.090449
14.299421 46.090449
14.299421 46.31528
14.001516 46.31528
14.001516 46.090449
> AB6
14.001516 45.865617
14.299421 45.865617
14.299421 46.090449
14.001516 46.090449
14.001516 45.865617
> AB7
14.001516 45.640786
14.299421 45.640786
14.299421 45.865617
14.001516 45.865617
14.001516 45.640786
> AB8
14.001516 45.415954
14.299421 45.415954
14.299421 45.640786
14.001516 45.640786
14.001516 45.415954
> AB9
14.001516 45.191123
14.299421 45.191123
14.299421 45.415954
14.001516 45.415954
14.001516 45.191123
> AB10
14.001516 44.966291
14.299421 44.966291
14.299421 45.191123
14.001516 45.191123
14.001516 44.966291
> AB11
14.001516 44.74146
14.299421 44.74146
14.299421 44.966291
14.001516 44.966291
14.001516 44.74146
> AB12
14.001516 44.516628
14.299421 44.516628
14.299421 44.74146
14.001516 44.74146
14.001516 44.516628
> AB13
14.001516 44.291797
14.299421 44.291797
14.299421 44.516628
14.001516 44.516628
14.001516 44.291797
> AB14
14.001516 44.066965
14.299421 44.066965
14.299421 44.291797
14.001516 44.291797
14.001516 44.066965
> AB15
14.001516 43.842134
14.299421 43.842134
14.299421 44.066965
14.001516 44.066965
14.001516 43.842134
> AB16
14.001516 43.617303
14.299421 43.617303
14.299421 43.842134
14.001516 43.842134
14.001516 43.617303
> AB17#11.96
14.001516 43.392471
14.299421 43.392471
14.299421 43.617303
14.001516 43.617303
14.001516 43.392471
> AB18
14.001516 43.16764
14.299421 43.16764
14.299421 43.392471
14.001516 43.392471
14.001516 43.16764
> AB19#30.42
14.001516 42.942808
14.299421 42.942808
14.299421 43.16764
14.001516 43.16764
14.001516 42.942808
> AB20#30.42
14.001516 42.717977
14.299421 42.717977
14.299421 42.942808
14.001516 42.942808
14.001516 42.717977
> AB21#116.5
14.001516 42.493145
14.299421 42.493145
14.299421 42.717977
14.001516 42.717977
14.001516 42.493145
> AB22#116.5
14.001516 42.268314
14.299421 42.268314
14.299421 42.493145
14.001516 42.493145
14.001516 42.268314
> AB23#14.13
14.001516 42.043482
14.299421 42.043482
14.299421 42.268314
14.001516 42.268314
14.001516 42.043482
> AB24#14.13
14.001516 41.818651
14.299421 41.818651
14.299421 42.043482
14.001516 42.043482
14.001516 41.818651
> AB25#35.12
14.001516 41.593819
14.299421 41.593819
14.299421 41.818651
14.001516 41.818651
14.001516 41.593819
> AB26#28.69
14.001516 41.368988
14.299421 41.368988
14.299421 41.593819
14.001516 41.593819
14.001516 41.368988
> AB27#19.29
14.001516 41.144156
14.299421 41.144156
14.299421 41.368988
14.001516 41.368988
14.001516 41.144156
> AB28#44.47
14.001516 40.919325
14.299421 40.919325
14.299421 41.144156
14.001516 41.144156
14.001516 40.919325
> AB29#34
14.001516 40.694494
14.299421 40.694494
14.299421 40.919325
14.001516 40.919325
14.001516 40.694494
> AB30#16.85
14.001516 40.469662
14.299421 40.469662
14.299421 40.694494
14.001516 40.694494
14.001516 40.469662
> AB31#21.55
14.001516 40.244831
14.299421 40.244831
14.299421 40.469662
14.001516 40.469662
14.001516 40.244831
> AB32#28.59
14.001516 40.019999
14.299421 40.019999
14.299421 40.244831
14.001516 40.244831
14.001516 40.019999
> AB33#29.74
14.001516 39.795168
14.299421 39.795168
14.299421 40.019999
14.001516 40.019999
14.001516 39.795168
> AB34#33.93
14.001516 39.570336
14.299421 39.570336
14.299421 39.795168
14.001516 39.795168
14.001516 39.570336
> AB35#25.54
14.001516 39.345505
14.299421 39.345505
14.299421 39.570336
14.001516 39.570336
14.001516 39.345505
> AB36#18.78
14.001516 39.120673
14.299421 39.120673
14.299421 39.345505
14.001516 39.345505
14.001516 39.120673
> AB37#18.78
14.001516 38.895842
14.299421 38.895842
14.299421 39.120673
14.001516 39.120673
14.001516 38.895842
> AB38#69.18
14.001516 38.67101
14.299421 38.67101
14.299421 38.895842
14.001516 38.895842
14.001516 38.67101
> AB39
14.001516 38.446179
14.299421 38.446179
14.299421 38.67101
14.001516 38.67101
14.001516 38.446179
> AB40#2.5
14.001516 38.221348
14.299421 38.221348
14.299421 38.446179
14.001516 38.446179
14.001516 38.221348
> AB41#11.83
14.001516 37.996516
14.299421 37.996516
14.299421 38.221348
14.001516 38.221348
14.001516 37.996516
> AB42#33.45
14.001516 37.771685
14.299421 37.771685
14.299421 37.996516
14.001516 37.996516
14.001516 37.771685
> AB43#25.49
14.001516 37.546853
14.299421 37.546853
14.299421 37.771685
14.001516 37.771685
14.001516 37.546853
> AB44#16.98
14.001516 37.322022
14.299421 37.322022
14.299421 37.546853
14.001516 37.546853
14.001516 37.322022
> AB45#17.75
14.001516 37.09719
14.299421 37.09719
14.299421 37.322022
14.001516 37.322022
14.001516 37.09719
> AB46#20.58
14.001516 36.872359
14.299421 36.872359
14.299421 37.09719
14.001516 37.09719
14.001516 36.872359
> AB47
14.001516 36.647527
14.299421 36.647527
14.299421 36.872359
14.001516 36.872359
14.001516 36.647527
> AB48
14.001516 36.422696
14.299421 36.422696
14.299421 36.647527
14.001516 36.647527
14.001516 36.422696
> AB49
14.001516 36.197864
14.299421 36.197864
14.299421 36.422696
14.001516 36.422696
14.001516 36.197864
> AB50#30.84
14.001516 35.973033
14.299421 35.973033
14.299421 36.197864
14.001516 36.197864
14.001516 35.973033
> AB51#29.81
14.001516 35.748202
14.299421 35.748202
14.299421 35.973033
14.001516 35.973033
14.001516 35.748202
> AB52#29.54
14.001516 35.52337
14.299421 35.52337
14.299421 35.748202
14.001516 35.748202
14.001516 35.52337
> AB53
14.001516 35.298539
14.299421 35.298539
14.299421 35.52337
14.001516 35.52337
14.001516 35.298539
> AB54#107.3
14.001516 35.073707
14.299421 35.073707
14.299421 35.298539
14.001516 35.298539
14.001516 35.073707
> AB55
14.001516 34.848876
14.299421 34.848876
14.299421 35.073707
14.001516 35.073707
14.001516 34.848876
> AB56
14.001516 34.624044
14.299421 34.624044
14.299421 34.848876
14.001516 34.848876
14.001516 34.624044
> AC1
14.299421 46.989774
14.597325 46.989774
14.597325 47.214606
14.299421 47.214606
14.299421 46.989774
> AC2
14.299421 46.764943
14.597325 46.764943
14.597325 46.989774
14.299421 46.989774
14.299421 46.764943
> AC3
14.299421 46.540111
14.597325 46.540111
14.597325 46.764943
14.299421 46.764943
14.299421 46.540111
> AC4
14.299421 46.31528
14.597325 46.31528
14.597325 46.540111
14.299421 46.540111
14.299421 46.31528
> AC5
14.299421 46.090449
14.597325 46.090449
14.597325 46.31528
14.299421 46.31528
14.299421 46.090449
> AC6
14.299421 45.865617
14.597325 45.865617
14.597325 46.090449
14.299421 46.090449
14.299421 45.865617
> AC7
14.299421 45.640786
14.597325 45.640786
14.597325 45.865617
14.299421 45.865617
14.299421 45.640786
> AC8
14.299421 45.415954
14.597325 45.415954
14.597325 45.640786
14.299421 45.640786
14.299421 45.415954
> AC9
14.299421 45.191123
14.597325 45.191123
14.597325 45.415954
14.299421 45.415954
14.299421 45.191123
> AC10
14.299421 44.966291
14.597325 44.966291
14.597325 45.191123
14.299421 45.191123
14.299421 44.966291
> AC11
14.299421 44.74146
14.597325 44.74146
14.597325 44.966291
14.299421 44.966291
14.299421 44.74146
> AC12
14.299421 44.516628
14.597325 44.516628
14.597325 44.74146
14.299421 44.74146
14.299421 44.516628
> AC13
14.299421 44.291797
14.597325 44.291797
14.597325 44.516628
14.299421 44.516628
14.299421 44.291797
> AC14
14.299421 44.066965
14.597325 44.066965
14.597325 44.291797
14.299421 44.291797
14.299421 44.066965
> AC15
14.299421 43.842134
14.597325 43.842134
14.597325 44.066965
14.299421 44.066965
14.299421 43.842134
> AC16
14.299421 43.617303
14.597325 43.617303
14.597325 43.842134
14.299421 43.842134
14.299421 43.617303
> AC17
14.299421 43.392471
14.597325 43.392471
14.597325 43.617303
14.299421 43.617303
14.299421 43.392471
> AC18#14.52
14.299421 43.16764
14.597325 43.16764
14.597325 43.392471
14.299421 43.392471
14.299421 43.16764
> AC19#21.71
14.299421 42.942808
14.597325 42.942808
14.597325 43.16764
14.299421 43.16764
14.299421 42.942808
> AC20
14.299421 42.717977
14.597325 42.717977
14.597325 42.942808
14.299421 42.942808
14.299421 42.717977
> AC21
14.299421 42.493145
14.597325 42.493145
14.597325 42.717977
14.299421 42.717977
14.299421 42.493145
> AC22#6.97
14.299421 42.268314
14.597325 42.268314
14.597325 42.493145
14.299421 42.493145
14.299421 42.268314
> AC23#11.81
14.299421 42.043482
14.597325 42.043482
14.597325 42.268314
14.299421 42.268314
14.299421 42.043482
> AC24#9.51
14.299421 41.818651
14.597325 41.818651
14.597325 42.043482
14.299421 42.043482
14.299421 41.818651
> AC25#5.21
14.299421 41.593819
14.597325 41.593819
14.597325 41.818651
14.299421 41.818651
14.299421 41.593819
> AC26#28.69
14.299421 41.368988
14.597325 41.368988
14.597325 41.593819
14.299421 41.593819
14.299421 41.368988
> AC27#27.03
14.299421 41.144156
14.597325 41.144156
14.597325 41.368988
14.299421 41.368988
14.299421 41.144156
> AC28#44.47
14.299421 40.919325
14.597325 40.919325
14.597325 41.144156
14.299421 41.144156
14.299421 40.919325
> AC29#34
14.299421 40.694494
14.597325 40.694494
14.597325 40.919325
14.299421 40.919325
14.299421 40.694494
> AC30#25.71
14.299421 40.469662
14.597325 40.469662
14.597325 40.694494
14.299421 40.694494
14.299421 40.469662
> AC31#21.55
14.299421 40.244831
14.597325 40.244831
14.597325 40.469662
14.299421 40.469662
14.299421 40.244831
> AC32#28.59
14.299421 40.019999
14.597325 40.019999
14.597325 40.244831
14.299421 40.244831
14.299421 40.019999
> AC33#13.58
14.299421 39.795168
14.597325 39.795168
14.597325 40.019999
14.299421 40.019999
14.299421 39.795168
> AC34#11.67
14.299421 39.570336
14.597325 39.570336
14.597325 39.795168
14.299421 39.795168
14.299421 39.570336
> AC35#22.51
14.299421 39.345505
14.597325 39.345505
14.597325 39.570336
14.299421 39.570336
14.299421 39.345505
> AC36#15.25
14.299421 39.120673
14.597325 39.120673
14.597325 39.345505
14.299421 39.345505
14.299421 39.120673
> AC37
14.299421 38.895842
14.597325 38.895842
14.597325 39.120673
14.299421 39.120673
14.299421 38.895842
> AC38#46.38
14.299421 38.67101
14.597325 38.67101
14.597325 38.895842
14.299421 38.895842
14.299421 38.67101
> AC39#46.38
14.299421 38.446179
14.597325 38.446179
14.597325 38.67101
14.299421 38.67101
14.299421 38.446179
> AC40
14.299421 38.221348
14.597325 38.221348
14.597325 38.446179
14.299421 38.446179
14.299421 38.221348
> AC41#3.62
14.299421 37.996516
14.597325 37.996516
14.597325 38.221348
14.299421 38.221348
14.299421 37.996516
> AC42#12.1
14.299421 37.771685
14.597325 37.771685
14.597325 37.996516
14.299421 37.996516
14.299421 37.771685
> AC43#6.07
14.299421 37.546853
14.597325 37.546853
14.597325 37.771685
14.299421 37.771685
14.299421 37.546853
> AC44#6.3
14.299421 37.322022
14.597325 37.322022
14.597325 37.546853
14.299421 37.546853
14.299421 37.322022
> AC45#3.04
14.299421 37.09719
14.597325 37.09719
14.597325 37.322022
14.299421 37.322022
14.299421 37.09719
> AC46#30.14
14.299421 36.872359
14.597325 36.872359
14.597325 37.09719
14.299421 37.09719
14.299421 36.872359
> AC47#30.14
14.299421 36.647527
14.597325 36.647527
14.597325 36.872359
14.299421 36.872359
14.299421 36.647527
> AC48#33.88
14.299421 36.422696
14.597325 36.422696
14.597325 36.647527
14.299421 36.647527
14.299421 36.422696
> AC49#30.14
14.299421 36.197864
14.597325 36.197864
14.597325 36.422696
14.299421 36.422696
14.299421 36.197864
> AC50#29.81
14.299421 35.973033
14.597325 35.973033
14.597325 36.197864
14.299421 36.197864
14.299421 35.973033
> AC51#27.5
14.299421 35.748202
14.597325 35.748202
14.597325 35.973033
14.299421 35.973033
14.299421 35.748202
> AC52#29.54
14.299421 35.52337
14.597325 35.52337
14.597325 35.748202
14.299421 35.748202
14.299421 35.52337
> AC53
14.299421 35.298539
14.597325 35.298539
14.597325 35.52337
14.299421 35.52337
14.299421 35.298539
> AC54#37.8
14.299421 35.073707
14.597325 35.073707
14.597325 35.298539
14.299421 35.298539
14.299421 35.073707
> AC55#34.86
14.299421 34.848876
14.597325 34.848876
14.597325 35.073707
14.299421 35.073707
14.299421 34.848876
> AC56
14.299421 34.624044
14.597325 34.624044
14.597325 34.848876
14.299421 34.848876
14.299421 34.624044
> AD1
14.597325 46.989774
14.89523 46.989774
14.89523 47.214606
14.597325 47.214606
14.597325 46.989774
> AD2
14.597325 46.764943
14.89523 46.764943
14.89523 46.989774
14.597325 46.989774
14.597325 46.764943
> AD3
14.597325 46.540111
14.89523 46.540111
14.89523 46.764943
14.597325 46.764943
14.597325 46.540111
> AD4
14.597325 46.31528
14.89523 46.31528
14.89523 46.540111
14.597325 46.540111
14.597325 46.31528
> AD5
14.597325 46.090449
14.89523 46.090449
14.89523 46.31528
14.597325 46.31528
14.597325 46.090449
> AD6
14.597325 45.865617
14.89523 45.865617
14.89523 46.090449
14.597325 46.090449
14.597325 45.865617
> AD7#13.36
14.597325 45.640786
14.89523 45.640786
14.89523 45.865617
14.597325 45.865617
14.597325 45.640786
> AD8#13.36
14.597325 45.415954
14.89523 45.415954
14.89523 45.640786
14.597325 45.640786
14.597325 45.415954
> AD9
14.597325 45.191123
14.89523 45.191123
14.89523 45.415954
14.597325 45.415954
14.597325 45.191123
> AD10
14.597325 44.966291
14.89523 44.966291
14.89523 45.191123
14.597325 45.191123
14.597325 44.966291
> AD11
14.597325 44.74146
14.89523 44.74146
14.89523 44.966291
14.597325 44.966291
14.597325 44.74146
> AD12
14.597325 44.516628
14.89523 44.516628
14.89523 44.74146
14.597325 44.74146
14.597325 44.516628
> AD13
14.597325 44.291797
14.89523 44.291797
14.89523 44.516628
14.597325 44.516628
14.597325 44.291797
> AD14
14.597325 44.066965
14.89523 44.066965
14.89523 44.291797
14.597325 44.291797
14.597325 44.066965
> AD15
14.597325 43.842134
14.89523 43.842134
14.89523 44.066965
14.597325 44.066965
14.597325 43.842134
> AD16
14.597325 43.617303
14.89523 43.617303
14.89523 43.842134
14.597325 43.842134
14.597325 43.617303
> AD17
14.597325 43.392471
14.89523 43.392471
14.89523 43.617303
14.597325 43.617303
14.597325 43.392471
> AD18
14.597325 43.16764
14.89523 43.16764
14.89523 43.392471
14.597325 43.392471
14.597325 43.16764
> AD19#35.4
14.597325 42.942808
14.89523 42.942808
14.89523 43.16764
14.597325 43.16764
14.597325 42.942808
> AD20#21.71
14.597325 42.717977
14.89523 42.717977
14.89523 42.942808
14.597325 42.942808
14.597325 42.717977
> AD21
14.597325 42.493145
14.89523 42.493145
14.89523 42.717977
14.597325 42.717977
14.597325 42.493145
> AD22
14.597325 42.268314
14.89523 42.268314
14.89523 42.493145
14.597325 42.493145
14.597325 42.268314
> AD23#57.41
14.597325 42.043482
14.89523 42.043482
14.89523 42.268314
14.597325 42.268314
14.597325 42.043482
> AD24#18.29
14.597325 41.818651
14.89523 41.818651
14.89523 42.043482
14.597325 42.043482
14.597325 41.818651
> AD25#7.12
14.597325 41.593819
14.89523 41.593819
14.89523 41.818651
14.597325 41.818651
14.597325 41.593819
> AD26#7.79
14.597325 41.368988
14.89523 41.368988
14.89523 41.593819
14.597325 41.593819
14.597325 41.368988
> AD27#16.16
14.597325 41.144156
14.89523 41.144156
14.89523 41.368988
14.597325 41.368988
14.597325 41.144156
> AD28#44.47
14.597325 40.919325
14.89523 40.919325
14.89523 41.144156
14.597325 41.144156
14.597325 40.919325
> AD29#13.11
14.597325 40.694494
14.89523 40.694494
14.89523 40.919325
14.597325 40.919325
14.597325 40.694494
> AD30#23.69
14.597325 40.469662
14.89523 40.469662
14.89523 40.694494
14.597325 40.694494
14.597325 40.469662
> AD31#17.96
14.597325 40.244831
14.89523 40.244831
14.89523 40.469662
14.597325 40.469662
14.597325 40.244831
> AD32#20.4
14.597325 40.019999
14.89523 40.019999
14.89523 40.244831
14.597325 40.244831
14.597325 40.019999
> AD33#14.53
14.597325 39.795168
14.89523 39.795168
14.89523 40.019999
14.597325 40.019999
14.597325 39.795168
> AD34#11.67
14.597325 39.570336
14.89523 39.570336
14.89523 39.795168
14.597325 39.795168
14.597325 39.570336
> AD35#38.05
14.597325 39.345505
14.89523 39.345505
14.89523 39.570336
14.597325 39.570336
14.597325 39.345505
> AD36#18.55
14.597325 39.120673
14.89523 39.120673
14.89523 39.345505
14.597325 39.345505
14.597325 39.120673
> AD37#3.71
14.597325 38.895842
14.89523 38.895842
14.89523 39.120673
14.597325 39.120673
14.597325 38.895842
> AD38
14.597325 38.67101
14.89523 38.67101
14.89523 38.895842
14.597325 38.895842
14.597325 38.67101
> AD39#46.38
14.597325 38.446179
14.89523 38.446179
14.89523 38.67101
14.597325 38.67101
14.597325 38.446179
> AD40
14.597325 38.221348
14.89523 38.221348
14.89523 38.446179
14.597325 38.446179
14.597325 38.221348
> AD41#8.02
14.597325 37.996516
14.89523 37.996516
14.89523 38.221348
14.597325 38.221348
14.597325 37.996516
> AD42#8.07
14.597325 37.771685
14.89523 37.771685
14.89523 37.996516
14.597325 37.996516
14.597325 37.771685
> AD43#5.28
14.597325 37.546853
14.89523 37.546853
14.89523 37.771685
14.597325 37.771685
14.597325 37.546853
> AD44#4
14.597325 37.322022
14.89523 37.322022
14.89523 37.546853
14.597325 37.546853
14.597325 37.322022
> AD45#22.33
14.597325 37.09719
14.89523 37.09719
14.89523 37.322022
14.597325 37.322022
14.597325 37.09719
> AD46#30.14
14.597325 36.872359
14.89523 36.872359
14.89523 37.09719
14.597325 37.09719
14.597325 36.872359
> AD47#19.35
14.597325 36.647527
14.89523 36.647527
14.89523 36.872359
14.597325 36.872359
14.597325 36.647527
> AD48#33.88
14.597325 36.422696
14.89523 36.422696
14.89523 36.647527
14.597325 36.647527
14.597325 36.422696
> AD49
14.597325 36.197864
14.89523 36.197864
14.89523 36.422696
14.597325 36.422696
14.597325 36.197864
> AD50
14.597325 35.973033
14.89523 35.973033
14.89523 36.197864
14.597325 36.197864
14.597325 35.973033
> AD51
14.597325 35.748202
14.89523 35.748202
14.89523 35.973033
14.597325 35.973033
14.597325 35.748202
> AD52
14.597325 35.52337
14.89523 35.52337
14.89523 35.748202
14.597325 35.748202
14.597325 35.52337
> AD53
14.597325 35.298539
14.89523 35.298539
14.89523 35.52337
14.597325 35.52337
14.597325 35.298539
> AD54#37.8
14.597325 35.073707
14.89523 35.073707
14.89523 35.298539
14.597325 35.298539
14.597325 35.073707
> AD55#37.8
14.597325 34.848876
14.89523 34.848876
14.89523 35.073707
14.597325 35.073707
14.597325 34.848876
> AD56
14.597325 34.624044
14.89523 34.624044
14.89523 34.848876
14.597325 34.848876
14.597325 34.624044
> AE1
14.89523 46.989774
15.193135 46.989774
15.193135 47.214606
14.89523 47.214606
14.89523 46.989774
> AE2
14.89523 46.764943
15.193135 46.764943
15.193135 46.989774
14.89523 46.989774
14.89523 46.764943
> AE3
14.89523 46.540111
15.193135 46.540111
15.193135 46.764943
14.89523 46.764943
14.89523 46.540111
> AE4
14.89523 46.31528
15.193135 46.31528
15.193135 46.540111
14.89523 46.540111
14.89523 46.31528
> AE5
14.89523 46.090449
15.193135 46.090449
15.193135 46.31528
14.89523 46.31528
14.89523 46.090449
> AE6
14.89523 45.865617
15.193135 45.865617
15.193135 46.090449
14.89523 46.090449
14.89523 45.865617
> AE7
14.89523 45.640786
15.193135 45.640786
15.193135 45.865617
14.89523 45.865617
14.89523 45.640786
> AE8#13.36
14.89523 45.415954
15.193135 45.415954
15.193135 45.640786
14.89523 45.640786
14.89523 45.415954
> AE9#2.2
14.89523 45.191123
15.193135 45.191123
15.193135 45.415954
14.89523 45.415954
14.89523 45.191123
> AE10#2.89
14.89523 44.966291
15.193135 44.966291
15.193135 45.191123
14.89523 45.191123
14.89523 44.966291
> AE11#11.27
14.89523 44.74146
15.193135 44.74146
15.193135 44.966291
14.89523 44.966291
14.89523 44.74146
> AE12#8.23
14.89523 44.516628
15.193135 44.516628
15.193135 44.74146
14.89523 44.74146
14.89523 44.516628
> AE13
14.89523 44.291797
15.193135 44.291797
15.193135 44.516628
14.89523 44.516628
14.89523 44.291797
> AE14
14.89523 44.066965
15.193135 44.066965
15.193135 44.291797
14.89523 44.291797
14.89523 44.066965
> AE15
14.89523 43.842134
15.193135 43.842134
15.193135 44.066965
14.89523 44.066965
14.89523 43.842134
> AE16
14.89523 43.617303
15.193135 43.617303
15.193135 43.842134
14.89523 43.842134
14.89523 43.617303
> AE17
14.89523 43.392471
15.193135 43.392471
15.193135 43.617303
14.89523 43.617303
14.89523 43.392471
> AE18
14.89523 43.16764
15.193135 43.16764
15.193135 43.392471
14.89523 43.392471
14.89523 43.16764
> AE19#35.4
14.89523 42.942808
15.193135 42.942808
15.193135 43.16764
14.89523 43.16764
14.89523 42.942808
> AE20#35.4
14.89523 42.717977
15.193135 42.717977
15.193135 42.942808
14.89523 42.942808
14.89523 42.717977
> AE21#26.99
14.89523 42.493145
15.193135 42.493145
15.193135 42.717977
14.89523 42.717977
14.89523 42.493145
> AE22
14.89523 42.268314
15.193135 42.268314
15.193135 42.493145
14.89523 42.493145
14.89523 42.268314
> AE23#57.41
14.89523 42.043482
15.193135 42.043482
15.193135 42.268314
14.89523 42.268314
14.89523 42.043482
> AE24#17.26
14.89523 41.818651
15.193135 41.818651
15.193135 42.043482
14.89523 42.043482
14.89523 41.818651
> AE25#9.72
14.89523 41.593819
15.193135 41.593819
15.193135 41.818651
14.89523 41.818651
14.89523 41.593819
> AE26#10.76
14.89523 41.368988
15.193135 41.368988
15.193135 41.593819
14.89523 41.593819
14.89523 41.368988
> AE27#18.11
14.89523 41.144156
15.193135 41.144156
15.193135 41.368988
14.89523 41.368988
14.89523 41.144156
> AE28#19.19
14.89523 40.919325
15.193135 40.919325
15.193135 41.144156
14.89523 41.144156
14.89523 40.919325
> AE29#13.2
14.89523 40.694494
15.193135 40.694494
15.193135 40.919325
14.89523 40.919325
14.89523 40.694494
> AE30#27.48
14.89523 40.469662
15.193135 40.469662
15.193135 40.694494
14.89523 40.694494
14.89523 40.469662
> AE31#10.97
14.89523 40.244831
15.193135 40.244831
15.193135 40.469662
14.89523 40.469662
14.89523 40.244831
> AE32#10.48
14.89523 40.019999
15.193135 40.019999
15.193135 40.244831
14.89523 40.244831
14.89523 40.019999
> AE33#8.82
14.89523 39.795168
15.193135 39.795168
15.193135 40.019999
14.89523 40.019999
14.89523 39.795168
> AE34#11.13
14.89523 39.570336
15.193135 39.570336
15.193135 39.795168
14.89523 39.795168
14.89523 39.570336
> AE35#38.05
14.89523 39.345505
15.193135 39.345505
15.193135 39.570336
14.89523 39.570336
14.89523 39.345505
> AE36#18.55
14.89523 39.120673
15.193135 39.120673
15.193135 39.345505
14.89523 39.345505
14.89523 39.120673
> AE37#14.95
14.89523 38.895842
15.193135 38.895842
15.193135 39.120673
14.89523 39.120673
14.89523 38.895842
> AE38#14.09
14.89523 38.67101
15.193135 38.67101
15.193135 38.895842
14.89523 38.895842
14.89523 38.67101
> AE39#50.86
14.89523 38.446179
15.193135 38.446179
15.193135 38.67101
14.89523 38.67101
14.89523 38.446179
> AE40#50.86
14.89523 38.221348
15.193135 38.221348
15.193135 38.446179
14.89523 38.446179
14.89523 38.221348
> AE41#50.86
14.89523 37.996516
15.193135 37.996516
15.193135 38.221348
14.89523 38.221348
14.89523 37.996516
> AE42#12.27
14.89523 37.771685
15.193135 37.771685
15.193135 37.996516
14.89523 37.996516
14.89523 37.771685
> AE43#33.84
14.89523 37.546853
15.193135 37.546853
15.193135 37.771685
14.89523 37.771685
14.89523 37.546853
> AE44#33.84
14.89523 37.322022
15.193135 37.322022
15.193135 37.546853
14.89523 37.546853
14.89523 37.322022
> AE45#16.28
14.89523 37.09719
15.193135 37.09719
15.193135 37.322022
14.89523 37.322022
14.89523 37.09719
> AE46#18.67
14.89523 36.872359
15.193135 36.872359
15.193135 37.09719
14.89523 37.09719
14.89523 36.872359
> AE47#21.32
14.89523 36.647527
15.193135 36.647527
15.193135 36.872359
14.89523 36.872359
14.89523 36.647527
> AE48
14.89523 36.422696
15.193135 36.422696
15.193135 36.647527
14.89523 36.647527
14.89523 36.422696
> AE49
14.89523 36.197864
15.193135 36.197864
15.193135 36.422696
14.89523 36.422696
14.89523 36.197864
> AE50
14.89523 35.973033
15.193135 35.973033
15.193135 36.197864
14.89523 36.197864
14.89523 35.973033
> AE51
14.89523 35.748202
15.193135 35.748202
15.193135 35.973033
14.89523 35.973033
14.89523 35.748202
> AE52
14.89523 35.52337
15.193135 35.52337
15.193135 35.748202
14.89523 35.748202
14.89523 35.52337
> AE53
14.89523 35.298539
15.193135 35.298539
15.193135 35.52337
14.89523 35.52337
14.89523 35.298539
> AE54
14.89523 35.073707
15.193135 35.073707
15.193135 35.298539
14.89523 35.298539
14.89523 35.073707
> AE55#37.8
14.89523 34.848876
15.193135 34.848876
15.193135 35.073707
14.89523 35.073707
14.89523 34.848876
> AE56
14.89523 34.624044
15.193135 34.624044
15.193135 34.848876
14.89523 34.848876
14.89523 34.624044
> AF1
15.193135 46.989774
15.491039 46.989774
15.491039 47.214606
15.193135 47.214606
15.193135 46.989774
> AF2
15.193135 46.764943
15.491039 46.764943
15.491039 46.989774
15.193135 46.989774
15.193135 46.764943
> AF3
15.193135 46.540111
15.491039 46.540111
15.491039 46.764943
15.193135 46.764943
15.193135 46.540111
> AF4
15.193135 46.31528
15.491039 46.31528
15.491039 46.540111
15.193135 46.540111
15.193135 46.31528
> AF5
15.193135 46.090449
15.491039 46.090449
15.491039 46.31528
15.193135 46.31528
15.193135 46.090449
> AF6
15.193135 45.865617
15.491039 45.865617
15.491039 46.090449
15.193135 46.090449
15.193135 45.865617
> AF7
15.193135 45.640786
15.491039 45.640786
15.491039 45.865617
15.193135 45.865617
15.193135 45.640786
> AF8
15.193135 45.415954
15.491039 45.415954
15.491039 45.640786
15.193135 45.640786
15.193135 45.415954
> AF9
15.193135 45.191123
15.491039 45.191123
15.491039 45.415954
15.193135 45.415954
15.193135 45.191123
> AF10
15.193135 44.966291
15.491039 44.966291
15.491039 45.191123
15.193135 45.191123
15.193135 44.966291
> AF11
15.193135 44.74146
15.491039 44.74146
15.491039 44.966291
15.193135 44.966291
15.193135 44.74146
> AF12#3
15.193135 44.516628
15.491039 44.516628
15.491039 44.74146
15.193135 44.74146
15.193135 44.516628
> AF13#13.68
15.193135 44.291797
15.491039 44.291797
15.491039 44.516628
15.193135 44.516628
15.193135 44.291797
> AF14
15.193135 44.066965
15.491039 44.066965
15.491039 44.291797
15.193135 44.291797
15.193135 44.066965
> AF15
15.193135 43.842134
15.491039 43.842134
15.491039 44.066965
15.193135 44.066965
15.193135 43.842134
> AF16
15.193135 43.617303
15.491039 43.617303
15.491039 43.842134
15.193135 43.842134
15.193135 43.617303
> AF17
15.193135 43.392471
15.491039 43.392471
15.491039 43.617303
15.193135 43.617303
15.193135 43.392471
> AF18
15.193135 43.16764
15.491039 43.16764
15.491039 43.392471
15.193135 43.392471
15.193135 43.16764
> AF19
15.193135 42.942808
15.491039 42.942808
15.491039 43.16764
15.193135 43.16764
15.193135 42.942808
> AF20
15.193135 42.717977
15.491039 42.717977
15.491039 42.942808
15.193135 42.942808
15.193135 42.717977
> AF21#26.99
15.193135 42.493145
15.491039 42.493145
15.491039 42.717977
15.193135 42.717977
15.193135 42.493145
> AF22
15.193135 42.268314
15.491039 42.268314
15.491039 42.493145
15.193135 42.493145
15.193135 42.268314
> AF23#57.41
15.193135 42.043482
15.491039 42.043482
15.491039 42.268314
15.193135 42.268314
15.193135 42.043482
> AF24#17.26
15.193135 41.818651
15.491039 41.818651
15.491039 42.043482
15.193135 42.043482
15.193135 41.818651
> AF25#33.97
15.193135 41.593819
15.491039 41.593819
15.491039 41.818651
15.193135 41.818651
15.193135 41.593819
> AF26#35.63
15.193135 41.368988
15.491039 41.368988
15.491039 41.593819
15.193135 41.593819
15.193135 41.368988
> AF27#21.7
15.193135 41.144156
15.491039 41.144156
15.491039 41.368988
15.193135 41.368988
15.193135 41.144156
> AF28#19.99
15.193135 40.919325
15.491039 40.919325
15.491039 41.144156
15.193135 41.144156
15.193135 40.919325
> AF29#20.28
15.193135 40.694494
15.491039 40.694494
15.491039 40.919325
15.193135 40.919325
15.193135 40.694494
> AF30#27.48
15.193135 40.469662
15.491039 40.469662
15.491039 40.694494
15.193135 40.694494
15.193135 40.469662
> AF31#27.48
15.193135 40.244831
15.491039 40.244831
15.491039 40.469662
15.193135 40.469662
15.193135 40.244831
> AF32#11.03
15.193135 40.019999
15.491039 40.019999
15.491039 40.244831
15.193135 40.244831
15.193135 40.019999
> AF33#9.26
15.193135 39.795168
15.491039 39.795168
15.491039 40.019999
15.193135 40.019999
15.193135 39.795168
> AF34#21.63
15.193135 39.570336
15.491039 39.570336
15.491039 39.795168
15.193135 39.795168
15.193135 39.570336
> AF35#32.98
15.193135 39.345505
15.491039 39.345505
15.491039 39.570336
15.193135 39.570336
15.193135 39.345505
> AF36#32.98
15.193135 39.120673
15.491039 39.120673
15.491039 39.345505
15.193135 39.345505
15.193135 39.120673
> AF37#14.19
15.193135 38.895842
15.491039 38.895842
15.491039 39.120673
15.193135 39.120673
15.193135 38.895842
> AF38#21.57
15.193135 38.67101
15.491039 38.67101
15.491039 38.895842
15.193135 38.895842
15.193135 38.67101
> AF39#12.93
15.193135 38.446179
15.491039 38.446179
15.491039 38.67101
15.193135 38.67101
15.193135 38.446179
> AF40#12.65
15.193135 38.221348
15.491039 38.221348
15.491039 38.446179
15.193135 38.446179
15.193135 38.221348
> AF41#46.64
15.193135 37.996516
15.491039 37.996516
15.491039 38.221348
15.193135 38.221348
15.193135 37.996516
> AF42#46.64
15.193135 37.771685
15.491039 37.771685
15.491039 37.996516
15.193135 37.996516
15.193135 37.771685
> AF43#59.2
15.193135 37.546853
15.491039 37.546853
15.491039 37.771685
15.193135 37.771685
15.193135 37.546853
> AF44#81.87
15.193135 37.322022
15.491039 37.322022
15.491039 37.546853
15.193135 37.546853
15.193135 37.322022
> AF45#81.87
15.193135 37.09719
15.491039 37.09719
15.491039 37.322022
15.193135 37.322022
15.193135 37.09719
> AF46#81.87
15.193135 36.872359
15.491039 36.872359
15.491039 37.09719
15.193135 37.09719
15.193135 36.872359
> AF47#81.87
15.193135 36.647527
15.491039 36.647527
15.491039 36.872359
15.193135 36.872359
15.193135 36.647527
> AF48#24.46
15.193135 36.422696
15.491039 36.422696
15.491039 36.647527
15.193135 36.647527
15.193135 36.422696
> AF49#28.01
15.193135 36.197864
15.491039 36.197864
15.491039 36.422696
15.193135 36.422696
15.193135 36.197864
> AF50#28.01
15.193135 35.973033
15.491039 35.973033
15.491039 36.197864
15.193135 36.197864
15.193135 35.973033
> AF51
15.193135 35.748202
15.491039 35.748202
15.491039 35.973033
15.193135 35.973033
15.193135 35.748202
> AF52
15.193135 35.52337
15.491039 35.52337
15.491039 35.748202
15.193135 35.748202
15.193135 35.52337
> AF53
15.193135 35.298539
15.491039 35.298539
15.491039 35.52337
15.193135 35.52337
15.193135 35.298539
> AF54
15.193135 35.073707
15.491039 35.073707
15.491039 35.298539
15.193135 35.298539
15.193135 35.073707
> AF55
15.193135 34.848876
15.491039 34.848876
15.491039 35.073707
15.193135 35.073707
15.193135 34.848876
> AF56
15.193135 34.624044
15.491039 34.624044
15.491039 34.848876
15.193135 34.848876
15.193135 34.624044
> AG1
15.491039 46.989774
15.788944 46.989774
15.788944 47.214606
15.491039 47.214606
15.491039 46.989774
> AG2
15.491039 46.764943
15.788944 46.764943
15.788944 46.989774
15.491039 46.989774
15.491039 46.764943
> AG3
15.491039 46.540111
15.788944 46.540111
15.788944 46.764943
15.491039 46.764943
15.491039 46.540111
> AG4
15.491039 46.31528
15.788944 46.31528
15.788944 46.540111
15.491039 46.540111
15.491039 46.31528
> AG5
15.491039 46.090449
15.788944 46.090449
15.788944 46.31528
15.491039 46.31528
15.491039 46.090449
> AG6
15.491039 45.865617
15.788944 45.865617
15.788944 46.090449
15.491039 46.090449
15.491039 45.865617
> AG7
15.491039 45.640786
15.788944 45.640786
15.788944 45.865617
15.491039 45.865617
15.491039 45.640786
> AG8
15.491039 45.415954
15.788944 45.415954
15.788944 45.640786
15.491039 45.640786
15.491039 45.415954
> AG9
15.491039 45.191123
15.788944 45.191123
15.788944 45.415954
15.491039 45.415954
15.491039 45.191123
> AG10
15.491039 44.966291
15.788944 44.966291
15.788944 45.191123
15.491039 45.191123
15.491039 44.966291
> AG11
15.491039 44.74146
15.788944 44.74146
15.788944 44.966291
15.491039 44.966291
15.491039 44.74146
> AG12
15.491039 44.516628
15.788944 44.516628
15.788944 44.74146
15.491039 44.74146
15.491039 44.516628
> AG13#13.68
15.491039 44.291797
15.788944 44.291797
15.788944 44.516628
15.491039 44.516628
15.491039 44.291797
> AG14
15.491039 44.066965
15.788944 44.066965
15.788944 44.291797
15.491039 44.291797
15.491039 44.066965
> AG15
15.491039 43.842134
15.788944 43.842134
15.788944 44.066965
15.491039 44.066965
15.491039 43.842134
> AG16
15.491039 43.617303
15.788944 43.617303
15.788944 43.842134
15.491039 43.842134
15.491039 43.617303
> AG17
15.491039 43.392471
15.788944 43.392471
15.788944 43.617303
15.491039 43.617303
15.491039 43.392471
> AG18
15.491039 43.16764
15.788944 43.16764
15.788944 43.392471
15.491039 43.392471
15.491039 43.16764
> AG19#4.89
15.491039 42.942808
15.788944 42.942808
15.788944 43.16764
15.491039 43.16764
15.491039 42.942808
> AG20#4.89
15.491039 42.717977
15.788944 42.717977
15.788944 42.942808
15.491039 42.942808
15.491039 42.717977
> AG21
15.491039 42.493145
15.788944 42.493145
15.788944 42.717977
15.491039 42.717977
15.491039 42.493145
> AG22
15.491039 42.268314
15.788944 42.268314
15.788944 42.493145
15.491039 42.493145
15.491039 42.268314
> AG23#57.41
15.491039 42.043482
15.788944 42.043482
15.788944 42.268314
15.491039 42.268314
15.491039 42.043482
> AG24#11.7
15.491039 41.818651
15.788944 41.818651
15.788944 42.043482
15.491039 42.043482
15.491039 41.818651
> AG25#33.97
15.491039 41.593819
15.788944 41.593819
15.788944 41.818651
15.491039 41.818651
15.491039 41.593819
> AG26#35.63
15.491039 41.368988
15.788944 41.368988
15.788944 41.593819
15.491039 41.593819
15.491039 41.368988
> AG27#34.1
15.491039 41.144156
15.788944 41.144156
15.788944 41.368988
15.491039 41.368988
15.491039 41.144156
> AG28#19.99
15.491039 40.919325
15.788944 40.919325
15.788944 41.144156
15.491039 41.144156
15.491039 40.919325
> AG29#10.33
15.491039 40.694494
15.788944 40.694494
15.788944 40.919325
15.491039 40.919325
15.491039 40.694494
> AG30#23.36
15.491039 40.469662
15.788944 40.469662
15.788944 40.694494
15.491039 40.694494
15.491039 40.469662
> AG31#28.74
15.491039 40.244831
15.788944 40.244831
15.788944 40.469662
15.491039 40.469662
15.491039 40.244831
> AG32#28.74
15.491039 40.019999
15.788944 40.019999
15.788944 40.244831
15.491039 40.244831
15.491039 40.019999
> AG33#7.21
15.491039 39.795168
15.788944 39.795168
15.788944 40.019999
15.491039 40.019999
15.491039 39.795168
> AG34#21.63
15.491039 39.570336
15.788944 39.570336
15.788944 39.795168
15.491039 39.795168
15.491039 39.570336
> AG35#17.52
15.491039 39.345505
15.788944 39.345505
15.788944 39.570336
15.491039 39.570336
15.491039 39.345505
> AG36#32.98
15.491039 39.120673
15.788944 39.120673
15.788944 39.345505
15.491039 39.345505
15.491039 39.120673
> AG37#32.98
15.491039 38.895842
15.788944 38.895842
15.788944 39.120673
15.491039 39.120673
15.491039 38.895842
> AG38#21.57
15.491039 38.67101
15.788944 38.67101
15.788944 38.895842
15.491039 38.895842
15.491039 38.67101
> AG39#13.82
15.491039 38.446179
15.788944 38.446179
15.788944 38.67101
15.491039 38.67101
15.491039 38.446179
> AG40#26.6
15.491039 38.221348
15.788944 38.221348
15.788944 38.446179
15.491039 38.446179
15.491039 38.221348
> AG41#46.64
15.491039 37.996516
15.788944 37.996516
15.788944 38.221348
15.491039 38.221348
15.491039 37.996516
> AG42#62.34
15.491039 37.771685
15.788944 37.771685
15.788944 37.996516
15.491039 37.996516
15.491039 37.771685
> AG43#62.34
15.491039 37.546853
15.788944 37.546853
15.788944 37.771685
15.491039 37.771685
15.491039 37.546853
> AG44#59.2
15.491039 37.322022
15.788944 37.322022
15.788944 37.546853
15.491039 37.546853
15.491039 37.322022
> AG45#59.2
15.491039 37.09719
15.788944 37.09719
15.788944 37.322022
15.491039 37.322022
15.491039 37.09719
> AG46#55.63
15.491039 36.872359
15.788944 36.872359
15.788944 37.09719
15.491039 37.09719
15.491039 36.872359
> AG47#55.63
15.491039 36.647527
15.788944 36.647527
15.788944 36.872359
15.491039 36.872359
15.491039 36.647527
> AG48#46.32
15.491039 36.422696
15.788944 36.422696
15.788944 36.647527
15.491039 36.647527
15.491039 36.422696
> AG49#8.89
15.491039 36.197864
15.788944 36.197864
15.788944 36.422696
15.491039 36.422696
15.491039 36.197864
> AG50#26.86
15.491039 35.973033
15.788944 35.973033
15.788944 36.197864
15.491039 36.197864
15.491039 35.973033
> AG51#25.75
15.491039 35.748202
15.788944 35.748202
15.788944 35.973033
15.491039 35.973033
15.491039 35.748202
> AG52#25.87
15.491039 35.52337
15.788944 35.52337
15.788944 35.748202
15.491039 35.748202
15.491039 35.52337
> AG53
15.491039 35.298539
15.788944 35.298539
15.788944 35.52337
15.491039 35.52337
15.491039 35.298539
> AG54
15.491039 35.073707
15.788944 35.073707
15.788944 35.298539
15.491039 35.298539
15.491039 35.073707
> AG55
15.491039 34.848876
15.788944 34.848876
15.788944 35.073707
15.491039 35.073707
15.491039 34.848876
> AG56
15.491039 34.624044
15.788944 34.624044
15.788944 34.848876
15.491039 34.848876
15.491039 34.624044
> AH1
15.788944 46.989774
16.086848 46.989774
16.086848 47.214606
15.788944 47.214606
15.788944 46.989774
> AH2
15.788944 46.764943
16.086848 46.764943
16.086848 46.989774
15.788944 46.989774
15.788944 46.764943
> AH3
15.788944 46.540111
16.086848 46.540111
16.086848 46.764943
15.788944 46.764943
15.788944 46.540111
> AH4
15.788944 46.31528
16.086848 46.31528
16.086848 46.540111
15.788944 46.540111
15.788944 46.31528
> AH5
15.788944 46.090449
16.086848 46.090449
16.086848 46.31528
15.788944 46.31528
15.788944 46.090449
> AH6
15.788944 45.865617
16.086848 45.865617
16.086848 46.090449
15.788944 46.090449
15.788944 45.865617
> AH7
15.788944 45.640786
16.086848 45.640786
16.086848 45.865617
15.788944 45.865617
15.788944 45.640786
> AH8
15.788944 45.415954
16.086848 45.415954
16.086848 45.640786
15.788944 45.640786
15.788944 45.415954
> AH9
15.788944 45.191123
16.086848 45.191123
16.086848 45.415954
15.788944 45.415954
15.788944 45.191123
> AH10
15.788944 44.966291
16.086848 44.966291
16.086848 45.191123
15.788944 45.191123
15.788944 44.966291
> AH11
15.788944 44.74146
16.086848 44.74146
16.086848 44.966291
15.788944 44.966291
15.788944 44.74146
> AH12
15.788944 44.516628
16.086848 44.516628
16.086848 44.74146
15.788944 44.74146
15.788944 44.516628
> AH13
15.788944 44.291797
16.086848 44.291797
16.086848 44.516628
15.788944 44.516628
15.788944 44.291797
> AH14
15.788944 44.066965
16.086848 44.066965
16.086848 44.291797
15.788944 44.291797
15.788944 44.066965
> AH15
15.788944 43.842134
16.086848 43.842134
16.086848 44.066965
15.788944 44.066965
15.788944 43.842134
> AH16
15.788944 43.617303
16.086848 43.617303
16.086848 43.842134
15.788944 43.842134
15.788944 43.617303
> AH17
15.788944 43.392471
16.086848 43.392471
16.086848 43.617303
15.788944 43.617303
15.788944 43.392471
> AH18
15.788944 43.16764
16.086848 43.16764
16.086848 43.392471
15.788944 43.392471
15.788944 43.16764
> AH19#8.67
15.788944 42.942808
16.086848 42.942808
16.086848 43.16764
15.788944 43.16764
15.788944 42.942808
> AH20#8.67
15.788944 42.717977
16.086848 42.717977
16.086848 42.942808
15.788944 42.942808
15.788944 42.717977
> AH21#7.85
15.788944 42.493145
16.086848 42.493145
16.086848 42.717977
15.788944 42.717977
15.788944 42.493145
> AH22
15.788944 42.268314
16.086848 42.268314
16.086848 42.493145
15.788944 42.493145
15.788944 42.268314
> AH23
15.788944 42.043482
16.086848 42.043482
16.086848 42.268314
15.788944 42.268314
15.788944 42.043482
> AH24#21.33
15.788944 41.818651
16.086848 41.818651
16.086848 42.043482
15.788944 42.043482
15.788944 41.818651
> AH25#47.69
15.788944 41.593819
16.086848 41.593819
16.086848 41.818651
15.788944 41.818651
15.788944 41.593819
> AH26#26.55
15.788944 41.368988
16.086848 41.368988
16.086848 41.593819
15.788944 41.593819
15.788944 41.368988
> AH27#34.1
15.788944 41.144156
16.086848 41.144156
16.086848 41.368988
15.788944 41.368988
15.788944 41.144156
> AH28#34.1
15.788944 40.919325
16.086848 40.919325
16.086848 41.144156
15.788944 41.144156
15.788944 40.919325
> AH29#6.8
15.788944 40.694494
16.086848 40.694494
16.086848 40.919325
15.788944 40.919325
15.788944 40.694494
> AH30#8.68
15.788944 40.469662
16.086848 40.469662
16.086848 40.694494
15.788944 40.694494
15.788944 40.469662
> AH31#23.22
15.788944 40.244831
16.086848 40.244831
16.086848 40.469662
15.788944 40.469662
15.788944 40.244831
> AH32#18.87
15.788944 40.019999
16.086848 40.019999
16.086848 40.244831
15.788944 40.244831
15.788944 40.019999
> AH33#18.87
15.788944 39.795168
16.086848 39.795168
16.086848 40.019999
15.788944 40.019999
15.788944 39.795168
> AH34#23.13
15.788944 39.570336
16.086848 39.570336
16.086848 39.795168
15.788944 39.795168
15.788944 39.570336
> AH35#23.13
15.788944 39.345505
16.086848 39.345505
16.086848 39.570336
15.788944 39.570336
15.788944 39.345505
> AH36#15.75
15.788944 39.120673
16.086848 39.120673
16.086848 39.345505
15.788944 39.345505
15.788944 39.120673
> AH37#15.75
15.788944 38.895842
16.086848 38.895842
16.086848 39.120673
15.788944 39.120673
15.788944 38.895842
> AH38#11.83
15.788944 38.67101
16.086848 38.67101
16.086848 38.895842
15.788944 38.895842
15.788944 38.67101
> AH39#29.37
15.788944 38.446179
16.086848 38.446179
16.086848 38.67101
15.788944 38.67101
15.788944 38.446179
> AH40#29.37
15.788944 38.221348
16.086848 38.221348
16.086848 38.446179
15.788944 38.446179
15.788944 38.221348
> AH41#15.04
15.788944 37.996516
16.086848 37.996516
16.086848 38.221348
15.788944 38.221348
15.788944 37.996516
> AH42#14.38
15.788944 37.771685
16.086848 37.771685
16.086848 37.996516
15.788944 37.996516
15.788944 37.771685
> AH43#62.34
15.788944 37.546853
16.086848 37.546853
16.086848 37.771685
15.788944 37.771685
15.788944 37.546853
> AH44#51.55
15.788944 37.322022
16.086848 37.322022
16.086848 37.546853
15.788944 37.546853
15.788944 37.322022
> AH45#51.16
15.788944 37.09719
16.086848 37.09719
16.086848 37.322022
15.788944 37.322022
15.788944 37.09719
> AH46#62.6
15.788944 36.872359
16.086848 36.872359
16.086848 37.09719
15.788944 37.09719
15.788944 36.872359
> AH47#62.6
15.788944 36.647527
16.086848 36.647527
16.086848 36.872359
15.788944 36.872359
15.788944 36.647527
> AH48#24.14
15.788944 36.422696
16.086848 36.422696
16.086848 36.647527
15.788944 36.647527
15.788944 36.422696
> AH49
15.788944 36.197864
16.086848 36.197864
16.086848 36.422696
15.788944 36.422696
15.788944 36.197864
> AH50
15.788944 35.973033
16.086848 35.973033
16.086848 36.197864
15.788944 36.197864
15.788944 35.973033
> AH51
15.788944 35.748202
16.086848 35.748202
16.086848 35.973033
15.788944 35.973033
15.788944 35.748202
> AH52#25.87
15.788944 35.52337
16.086848 35.52337
16.086848 35.748202
15.788944 35.748202
15.788944 35.52337
> AH53
15.788944 35.298539
16.086848 35.298539
16.086848 35.52337
15.788944 35.52337
15.788944 35.298539
> AH54
15.788944 35.073707
16.086848 35.073707
16.086848 35.298539
15.788944 35.298539
15.788944 35.073707
> AH55
15.788944 34.848876
16.086848 34.848876
16.086848 35.073707
15.788944 35.073707
15.788944 34.848876
> AH56
15.788944 34.624044
16.086848 34.624044
16.086848 34.848876
15.788944 34.848876
15.788944 34.624044
> AI1
16.086848 46.989774
16.384753 46.989774
16.384753 47.214606
16.086848 47.214606
16.086848 46.989774
> AI2
16.086848 46.764943
16.384753 46.764943
16.384753 46.989774
16.086848 46.989774
16.086848 46.764943
> AI3
16.086848 46.540111
16.384753 46.540111
16.384753 46.764943
16.086848 46.764943
16.086848 46.540111
> AI4
16.086848 46.31528
16.384753 46.31528
16.384753 46.540111
16.086848 46.540111
16.086848 46.31528
> AI5
16.086848 46.090449
16.384753 46.090449
16.384753 46.31528
16.086848 46.31528
16.086848 46.090449
> AI6
16.086848 45.865617
16.384753 45.865617
16.384753 46.090449
16.086848 46.090449
16.086848 45.865617
> AI7
16.086848 45.640786
16.384753 45.640786
16.384753 45.865617
16.086848 45.865617
16.086848 45.640786
> AI8
16.086848 45.415954
16.384753 45.415954
16.384753 45.640786
16.086848 45.640786
16.086848 45.415954
> AI9
16.086848 45.191123
16.384753 45.191123
16.384753 45.415954
16.086848 45.415954
16.086848 45.191123
> AI10
16.086848 44.966291
16.384753 44.966291
16.384753 45.191123
16.086848 45.191123
16.086848 44.966291
> AI11
16.086848 44.74146
16.384753 44.74146
16.384753 44.966291
16.086848 44.966291
16.086848 44.74146
> AI12
16.086848 44.516628
16.384753 44.516628
16.384753 44.74146
16.086848 44.74146
16.086848 44.516628
> AI13
16.086848 44.291797
16.384753 44.291797
16.384753 44.516628
16.086848 44.516628
16.086848 44.291797
> AI14
16.086848 44.066965
16.384753 44.066965
16.384753 44.291797
16.086848 44.291797
16.086848 44.066965
> AI15
16.086848 43.842134
16.384753 43.842134
16.384753 44.066965
16.086848 44.066965
16.086848 43.842134
> AI16
16.086848 43.617303
16.384753 43.617303
16.384753 43.842134
16.086848 43.842134
16.086848 43.617303
> AI17
16.086848 43.392471
16.384753 43.392471
16.384753 43.617303
16.086848 43.617303
16.086848 43.392471
> AI18
16.086848 43.16764
16.384753 43.16764
16.384753 43.392471
16.086848 43.392471
16.086848 43.16764
> AI19
16.086848 42.942808
16.384753 42.942808
16.384753 43.16764
16.086848 43.16764
16.086848 42.942808
> AI20
16.086848 42.717977
16.384753 42.717977
16.384753 42.942808
16.086848 42.942808
16.086848 42.717977
> AI21#7.85
16.086848 42.493145
16.384753 42.493145
16.384753 42.717977
16.086848 42.717977
16.086848 42.493145
> AI22#4.18
16.086848 42.268314
16.384753 42.268314
16.384753 42.493145
16.086848 42.493145
16.086848 42.268314
> AI23
16.086848 42.043482
16.384753 42.043482
16.384753 42.268314
16.086848 42.268314
16.086848 42.043482
> AI24#14.66
16.086848 41.818651
16.384753 41.818651
16.384753 42.043482
16.086848 42.043482
16.086848 41.818651
> AI25#47.69
16.086848 41.593819
16.384753 41.593819
16.384753 41.818651
16.086848 41.818651
16.086848 41.593819
> AI26
16.086848 41.368988
16.384753 41.368988
16.384753 41.593819
16.086848 41.593819
16.086848 41.368988
> AI27#14.8
16.086848 41.144156
16.384753 41.144156
16.384753 41.368988
16.086848 41.368988
16.086848 41.144156
> AI28#14.8
16.086848 40.919325
16.384753 40.919325
16.384753 41.144156
16.086848 41.144156
16.086848 40.919325
> AI29#9.52
16.086848 40.694494
16.384753 40.694494
16.384753 40.919325
16.086848 40.919325
16.086848 40.694494
> AI30#18.45
16.086848 40.469662
16.384753 40.469662
16.384753 40.694494
16.086848 40.694494
16.086848 40.469662
> AI31#12.02
16.086848 40.244831
16.384753 40.244831
16.384753 40.469662
16.086848 40.469662
16.086848 40.244831
> AI32#11.77
16.086848 40.019999
16.384753 40.019999
16.384753 40.244831
16.086848 40.244831
16.086848 40.019999
> AI33#18.98
16.086848 39.795168
16.384753 39.795168
16.384753 40.019999
16.086848 40.019999
16.086848 39.795168
> AI34#34.46
16.086848 39.570336
16.384753 39.570336
16.384753 39.795168
16.086848 39.795168
16.086848 39.570336
> AI35#34.46
16.086848 39.345505
16.384753 39.345505
16.384753 39.570336
16.086848 39.570336
16.086848 39.345505
> AI36#34.52
16.086848 39.120673
16.384753 39.120673
16.384753 39.345505
16.086848 39.345505
16.086848 39.120673
> AI37#32.44
16.086848 38.895842
16.384753 38.895842
16.384753 39.120673
16.086848 39.120673
16.086848 38.895842
> AI38#16.5
16.086848 38.67101
16.384753 38.67101
16.384753 38.895842
16.086848 38.895842
16.086848 38.67101
> AI39#29.37
16.086848 38.446179
16.384753 38.446179
16.384753 38.67101
16.086848 38.67101
16.086848 38.446179
> AI40#23.8
16.086848 38.221348
16.384753 38.221348
16.384753 38.446179
16.086848 38.446179
16.086848 38.221348
> AI41#17.38
16.086848 37.996516
16.384753 37.996516
16.384753 38.221348
16.086848 38.221348
16.086848 37.996516
> AI42#12.59
16.086848 37.771685
16.384753 37.771685
16.384753 37.996516
16.086848 37.996516
16.086848 37.771685
> AI43#17.24
16.086848 37.546853
16.384753 37.546853
16.384753 37.771685
16.086848 37.771685
16.086848 37.546853
> AI44#51.55
16.086848 37.322022
16.384753 37.322022
16.384753 37.546853
16.086848 37.546853
16.086848 37.322022
> AI45#46.81
16.086848 37.09719
16.384753 37.09719
16.384753 37.322022
16.086848 37.322022
16.086848 37.09719
> AI46#46.81
16.086848 36.872359
16.384753 36.872359
16.384753 37.09719
16.086848 37.09719
16.086848 36.872359
> AI47#62.6
16.086848 36.647527
16.384753 36.647527
16.384753 36.872359
16.086848 36.872359
16.086848 36.647527
> AI48#113.8
16.086848 36.422696
16.384753 36.422696
16.384753 36.647527
16.086848 36.647527
16.086848 36.422696
> AI49
16.086848 36.197864
16.384753 36.197864
16.384753 36.422696
16.086848 36.422696
16.086848 36.197864
> AI50
16.086848 35.973033
16.384753 35.973033
16.384753 36.197864
16.086848 36.197864
16.086848 35.973033
> AI51
16.086848 35.748202
16.384753 35.748202
16.384753 35.973033
16.086848 35.973033
16.086848 35.748202
> AI52
16.086848 35.52337
16.384753 35.52337
16.384753 35.748202
16.086848 35.748202
16.086848 35.52337
> AI53
16.086848 35.298539
16.384753 35.298539
16.384753 35.52337
16.086848 35.52337
16.086848 35.298539
> AI54
16.086848 35.073707
16.384753 35.073707
16.384753 35.298539
16.086848 35.298539
16.086848 35.073707
> AI55
16.086848 34.848876
16.384753 34.848876
16.384753 35.073707
16.086848 35.073707
16.086848 34.848876
> AI56
16.086848 34.624044
16.384753 34.624044
16.384753 34.848876
16.086848 34.848876
16.086848 34.624044
> AJ1
16.384753 46.989774
16.682658 46.989774
16.682658 47.214606
16.384753 47.214606
16.384753 46.989774
> AJ2
16.384753 46.764943
16.682658 46.764943
16.682658 46.989774
16.384753 46.989774
16.384753 46.764943
> AJ3
16.384753 46.540111
16.682658 46.540111
16.682658 46.764943
16.384753 46.764943
16.384753 46.540111
> AJ4
16.384753 46.31528
16.682658 46.31528
16.682658 46.540111
16.384753 46.540111
16.384753 46.31528
> AJ5
16.384753 46.090449
16.682658 46.090449
16.682658 46.31528
16.384753 46.31528
16.384753 46.090449
> AJ6
16.384753 45.865617
16.682658 45.865617
16.682658 46.090449
16.384753 46.090449
16.384753 45.865617
> AJ7
16.384753 45.640786
16.682658 45.640786
16.682658 45.865617
16.384753 45.865617
16.384753 45.640786
> AJ8
16.384753 45.415954
16.682658 45.415954
16.682658 45.640786
16.384753 45.640786
16.384753 45.415954
> AJ9
16.384753 45.191123
16.682658 45.191123
16.682658 45.415954
16.384753 45.415954
16.384753 45.191123
> AJ10
16.384753 44.966291
16.682658 44.966291
16.682658 45.191123
16.384753 45.191123
16.384753 44.966291
> AJ11
16.384753 44.74146
16.682658 44.74146
16.682658 44.966291
16.384753 44.966291
16.384753 44.74146
> AJ12
16.384753 44.516628
16.682658 44.516628
16.682658 44.74146
16.384753 44.74146
16.384753 44.516628
> AJ13
16.384753 44.291797
16.682658 44.291797
16.682658 44.516628
16.384753 44.516628
16.384753 44.291797
> AJ14
16.384753 44.066965
16.682658 44.066965
16.682658 44.291797
16.384753 44.291797
16.384753 44.066965
> AJ15
16.384753 43.842134
16.682658 43.842134
16.682658 44.066965
16.384753 44.066965
16.384753 43.842134
> AJ16
16.384753 43.617303
16.682658 43.617303
16.682658 43.842134
16.384753 43.842134
16.384753 43.617303
> AJ17
16.384753 43.392471
16.682658 43.392471
16.682658 43.617303
16.384753 43.617303
16.384753 43.392471
> AJ18
16.384753 43.16764
16.682658 43.16764
16.682658 43.392471
16.384753 43.392471
16.384753 43.16764
> AJ19
16.384753 42.942808
16.682658 42.942808
16.682658 43.16764
16.384753 43.16764
16.384753 42.942808
> AJ20
16.384753 42.717977
16.682658 42.717977
16.682658 42.942808
16.384753 42.942808
16.384753 42.717977
> AJ21#4.87
16.384753 42.493145
16.682658 42.493145
16.682658 42.717977
16.384753 42.717977
16.384753 42.493145
> AJ22#6.47
16.384753 42.268314
16.682658 42.268314
16.682658 42.493145
16.384753 42.493145
16.384753 42.268314
> AJ23
16.384753 42.043482
16.682658 42.043482
16.682658 42.268314
16.384753 42.268314
16.384753 42.043482
> AJ24
16.384753 41.818651
16.682658 41.818651
16.682658 42.043482
16.384753 42.043482
16.384753 41.818651
> AJ25#47.69
16.384753 41.593819
16.682658 41.593819
16.682658 41.818651
16.384753 41.818651
16.384753 41.593819
> AJ26#15.7
16.384753 41.368988
16.682658 41.368988
16.682658 41.593819
16.384753 41.593819
16.384753 41.368988
> AJ27#4.85
16.384753 41.144156
16.682658 41.144156
16.682658 41.368988
16.384753 41.368988
16.384753 41.144156
> AJ28#19.61
16.384753 40.919325
16.682658 40.919325
16.682658 41.144156
16.384753 41.144156
16.384753 40.919325
> AJ29#13.05
16.384753 40.694494
16.682658 40.694494
16.682658 40.919325
16.384753 40.919325
16.384753 40.694494
> AJ30#7.74
16.384753 40.469662
16.682658 40.469662
16.682658 40.694494
16.384753 40.694494
16.384753 40.469662
> AJ31#7.93
16.384753 40.244831
16.682658 40.244831
16.682658 40.469662
16.384753 40.469662
16.384753 40.244831
> AJ32#15.13
16.384753 40.019999
16.682658 40.019999
16.682658 40.244831
16.384753 40.244831
16.384753 40.019999
> AJ33#9.21
16.384753 39.795168
16.682658 39.795168
16.682658 40.019999
16.384753 40.019999
16.384753 39.795168
> AJ34#20.76
16.384753 39.570336
16.682658 39.570336
16.682658 39.795168
16.384753 39.795168
16.384753 39.570336
> AJ35#9.37
16.384753 39.345505
16.682658 39.345505
16.682658 39.570336
16.384753 39.570336
16.384753 39.345505
> AJ36#34.52
16.384753 39.120673
16.682658 39.120673
16.682658 39.345505
16.384753 39.345505
16.384753 39.120673
> AJ37#32.44
16.384753 38.895842
16.682658 38.895842
16.682658 39.120673
16.384753 39.120673
16.384753 38.895842
> AJ38#32.44
16.384753 38.67101
16.682658 38.67101
16.682658 38.895842
16.384753 38.895842
16.384753 38.67101
> AJ39#40.6
16.384753 38.446179
16.682658 38.446179
16.682658 38.67101
16.384753 38.67101
16.384753 38.446179
> AJ40#25.38
16.384753 38.221348
16.682658 38.221348
16.682658 38.446179
16.384753 38.446179
16.384753 38.221348
> AJ41#15.51
16.384753 37.996516
16.682658 37.996516
16.682658 38.221348
16.384753 38.221348
16.384753 37.996516
> AJ42#14.23
16.384753 37.771685
16.682658 37.771685
16.682658 37.996516
16.384753 37.996516
16.384753 37.771685
> AJ43#28.62
16.384753 37.546853
16.682658 37.546853
16.682658 37.771685
16.384753 37.771685
16.384753 37.546853
> AJ44#51.55
16.384753 37.322022
16.682658 37.322022
16.682658 37.546853
16.384753 37.546853
16.384753 37.322022
> AJ45#16.88
16.384753 37.09719
16.682658 37.09719
16.682658 37.322022
16.384753 37.322022
16.384753 37.09719
> AJ46#20.14
16.384753 36.872359
16.682658 36.872359
16.682658 37.09719
16.384753 37.09719
16.384753 36.872359
> AJ47#60.2
16.384753 36.647527
16.682658 36.647527
16.682658 36.872359
16.384753 36.872359
16.384753 36.647527
> AJ48#113.8
16.384753 36.422696
16.682658 36.422696
16.682658 36.647527
16.384753 36.647527
16.384753 36.422696
> AJ49
16.384753 36.197864
16.682658 36.197864
16.682658 36.422696
16.384753 36.422696
16.384753 36.197864
> AJ50
16.384753 35.973033
16.682658 35.973033
16.682658 36.197864
16.384753 36.197864
16.384753 35.973033
> AJ51
16.384753 35.748202
16.682658 35.748202
16.682658 35.973033
16.384753 35.973033
16.384753 35.748202
> AJ52
16.384753 35.52337
16.682658 35.52337
16.682658 35.748202
16.384753 35.748202
16.384753 35.52337
> AJ53
16.384753 35.298539
16.682658 35.298539
16.682658 35.52337
16.384753 35.52337
16.384753 35.298539
> AJ54
16.384753 35.073707
16.682658 35.073707
16.682658 35.298539
16.384753 35.298539
16.384753 35.073707
> AJ55
16.384753 34.848876
16.682658 34.848876
16.682658 35.073707
16.384753 35.073707
16.384753 34.848876
> AJ56
16.384753 34.624044
16.682658 34.624044
16.682658 34.848876
16.384753 34.848876
16.384753 34.624044
> AK1
16.682658 46.989774
16.980562 46.989774
16.980562 47.214606
16.682658 47.214606
16.682658 46.989774
> AK2
16.682658 46.764943
16.980562 46.764943
16.980562 46.989774
16.682658 46.989774
16.682658 46.764943
> AK3
16.682658 46.540111
16.980562 46.540111
16.980562 46.764943
16.682658 46.764943
16.682658 46.540111
> AK4
16.682658 46.31528
16.980562 46.31528
16.980562 46.540111
16.682658 46.540111
16.682658 46.31528
> AK5
16.682658 46.090449
16.980562 46.090449
16.980562 46.31528
16.682658 46.31528
16.682658 46.090449
> AK6
16.682658 45.865617
16.980562 45.865617
16.980562 46.090449
16.682658 46.090449
16.682658 45.865617
> AK7
16.682658 45.640786
16.980562 45.640786
16.980562 45.865617
16.682658 45.865617
16.682658 45.640786
> AK8
16.682658 45.415954
16.980562 45.415954
16.980562 45.640786
16.682658 45.640786
16.682658 45.415954
> AK9
16.682658 45.191123
16.980562 45.191123
16.980562 45.415954
16.682658 45.415954
16.682658 45.191123
> AK10
16.682658 44.966291
16.980562 44.966291
16.980562 45.191123
16.682658 45.191123
16.682658 44.966291
> AK11
16.682658 44.74146
16.980562 44.74146
16.980562 44.966291
16.682658 44.966291
16.682658 44.74146
> AK12
16.682658 44.516628
16.980562 44.516628
16.980562 44.74146
16.682658 44.74146
16.682658 44.516628
> AK13
16.682658 44.291797
16.980562 44.291797
16.980562 44.516628
16.682658 44.516628
16.682658 44.291797
> AK14
16.682658 44.066965
16.980562 44.066965
16.980562 44.291797
16.682658 44.291797
16.682658 44.066965
> AK15
16.682658 43.842134
16.980562 43.842134
16.980562 44.066965
16.682658 44.066965
16.682658 43.842134
> AK16
16.682658 43.617303
16.980562 43.617303
16.980562 43.842134
16.682658 43.842134
16.682658 43.617303
> AK17
16.682658 43.392471
16.980562 43.392471
16.980562 43.617303
16.682658 43.617303
16.682658 43.392471
> AK18
16.682658 43.16764
16.980562 43.16764
16.980562 43.392471
16.682658 43.392471
16.682658 43.16764
> AK19
16.682658 42.942808
16.980562 42.942808
16.980562 43.16764
16.682658 43.16764
16.682658 42.942808
> AK20
16.682658 42.717977
16.980562 42.717977
16.980562 42.942808
16.682658 42.942808
16.682658 42.717977
> AK21#4.87
16.682658 42.493145
16.980562 42.493145
16.980562 42.717977
16.682658 42.717977
16.682658 42.493145
> AK22
16.682658 42.268314
16.980562 42.268314
16.980562 42.493145
16.682658 42.493145
16.682658 42.268314
> AK23
16.682658 42.043482
16.980562 42.043482
16.980562 42.268314
16.682658 42.268314
16.682658 42.043482
> AK24
16.682658 41.818651
16.980562 41.818651
16.980562 42.043482
16.682658 42.043482
16.682658 41.818651
> AK25#26.45
16.682658 41.593819
16.980562 41.593819
16.980562 41.818651
16.682658 41.818651
16.682658 41.593819
> AK26#15.7
16.682658 41.368988
16.980562 41.368988
16.980562 41.593819
16.682658 41.593819
16.682658 41.368988
> AK27#35.34
16.682658 41.144156
16.980562 41.144156
16.980562 41.368988
16.682658 41.368988
16.682658 41.144156
> AK28#13.54
16.682658 40.919325
16.980562 40.919325
16.980562 41.144156
16.682658 41.144156
16.682658 40.919325
> AK29#19.86
16.682658 40.694494
16.980562 40.694494
16.980562 40.919325
16.682658 40.919325
16.682658 40.694494
> AK30#6.99
16.682658 40.469662
16.980562 40.469662
16.980562 40.694494
16.682658 40.694494
16.682658 40.469662
> AK31#28.74
16.682658 40.244831
16.980562 40.244831
16.980562 40.469662
16.682658 40.469662
16.682658 40.244831
> AK32#28.74
16.682658 40.019999
16.980562 40.019999
16.980562 40.244831
16.682658 40.244831
16.682658 40.019999
> AK33#7.45
16.682658 39.795168
16.980562 39.795168
16.980562 40.019999
16.682658 40.019999
16.682658 39.795168
> AK34#12.32
16.682658 39.570336
16.980562 39.570336
16.980562 39.795168
16.682658 39.795168
16.682658 39.570336
> AK35#15.63
16.682658 39.345505
16.980562 39.345505
16.980562 39.570336
16.682658 39.570336
16.682658 39.345505
> AK36#31.88
16.682658 39.120673
16.980562 39.120673
16.980562 39.345505
16.682658 39.345505
16.682658 39.120673
> AK37#31.88
16.682658 38.895842
16.980562 38.895842
16.980562 39.120673
16.682658 39.120673
16.682658 38.895842
> AK38#15.83
16.682658 38.67101
16.980562 38.67101
16.980562 38.895842
16.682658 38.895842
16.682658 38.67101
> AK39#40.6
16.682658 38.446179
16.980562 38.446179
16.980562 38.67101
16.682658 38.67101
16.682658 38.446179
> AK40#14.89
16.682658 38.221348
16.980562 38.221348
16.980562 38.446179
16.682658 38.446179
16.682658 38.221348
> AK41#16.96
16.682658 37.996516
16.980562 37.996516
16.980562 38.221348
16.682658 38.221348
16.682658 37.996516
> AK42#14.43
16.682658 37.771685
16.980562 37.771685
16.980562 37.996516
16.682658 37.996516
16.682658 37.771685
> AK43#34.61
16.682658 37.546853
16.980562 37.546853
16.980562 37.771685
16.682658 37.771685
16.682658 37.546853
> AK44#34.61
16.682658 37.322022
16.980562 37.322022
16.980562 37.546853
16.682658 37.546853
16.682658 37.322022
> AK45#18.51
16.682658 37.09719
16.980562 37.09719
16.980562 37.322022
16.682658 37.322022
16.682658 37.09719
> AK46#16.52
16.682658 36.872359
16.980562 36.872359
16.980562 37.09719
16.682658 37.09719
16.682658 36.872359
> AK47#60.2
16.682658 36.647527
16.980562 36.647527
16.980562 36.872359
16.682658 36.872359
16.682658 36.647527
> AK48#113.8
16.682658 36.422696
16.980562 36.422696
16.980562 36.647527
16.682658 36.647527
16.682658 36.422696
> AK49
16.682658 36.197864
16.980562 36.197864
16.980562 36.422696
16.682658 36.422696
16.682658 36.197864
> AK50
16.682658 35.973033
16.980562 35.973033
16.980562 36.197864
16.682658 36.197864
16.682658 35.973033
> AK51
16.682658 35.748202
16.980562 35.748202
16.980562 35.973033
16.682658 35.973033
16.682658 35.748202
> AK52
16.682658 35.52337
16.980562 35.52337
16.980562 35.748202
16.682658 35.748202
16.682658 35.52337
> AK53
16.682658 35.298539
16.980562 35.298539
16.980562 35.52337
16.682658 35.52337
16.682658 35.298539
> AK54
16.682658 35.073707
16.980562 35.073707
16.980562 35.298539
16.682658 35.298539
16.682658 35.073707
> AK55
16.682658 34.848876
16.980562 34.848876
16.980562 35.073707
16.682658 35.073707
16.682658 34.848876
> AK56
16.682658 34.624044
16.980562 34.624044
16.980562 34.848876
16.682658 34.848876
16.682658 34.624044
> AL1
16.980562 46.989774
17.278467 46.989774
17.278467 47.214606
16.980562 47.214606
16.980562 46.989774
> AL2
16.980562 46.764943
17.278467 46.764943
17.278467 46.989774
16.980562 46.989774
16.980562 46.764943
> AL3
16.980562 46.540111
17.278467 46.540111
17.278467 46.764943
16.980562 46.764943
16.980562 46.540111
> AL4
16.980562 46.31528
17.278467 46.31528
17.278467 46.540111
16.980562 46.540111
16.980562 46.31528
> AL5
16.980562 46.090449
17.278467 46.090449
17.278467 46.31528
16.980562 46.31528
16.980562 46.090449
> AL6
16.980562 45.865617
17.278467 45.865617
17.278467 46.090449
16.980562 46.090449
16.980562 45.865617
> AL7
16.980562 45.640786
17.278467 45.640786
17.278467 45.865617
16.980562 45.865617
16.980562 45.640786
> AL8
16.980562 45.415954
17.278467 45.415954
17.278467 45.640786
16.980562 45.640786
16.980562 45.415954
> AL9
16.980562 45.191123
17.278467 45.191123
17.278467 45.415954
16.980562 45.415954
16.980562 45.191123
> AL10
16.980562 44.966291
17.278467 44.966291
17.278467 45.191123
16.980562 45.191123
16.980562 44.966291
> AL11
16.980562 44.74146
17.278467 44.74146
17.278467 44.966291
16.980562 44.966291
16.980562 44.74146
> AL12
16.980562 44.516628
17.278467 44.516628
17.278467 44.74146
16.980562 44.74146
16.980562 44.516628
> AL13
16.980562 44.291797
17.278467 44.291797
17.278467 44.516628
16.980562 44.516628
16.980562 44.291797
> AL14
16.980562 44.066965
17.278467 44.066965
17.278467 44.291797
16.980562 44.291797
16.980562 44.066965
> AL15
16.980562 43.842134
17.278467 43.842134
17.278467 44.066965
16.980562 44.066965
16.980562 43.842134
> AL16
16.980562 43.617303
17.278467 43.617303
17.278467 43.842134
16.980562 43.842134
16.980562 43.617303
> AL17
16.980562 43.392471
17.278467 43.392471
17.278467 43.617303
16.980562 43.617303
16.980562 43.392471
> AL18
16.980562 43.16764
17.278467 43.16764
17.278467 43.392471
16.980562 43.392471
16.980562 43.16764
> AL19
16.980562 42.942808
17.278467 42.942808
17.278467 43.16764
16.980562 43.16764
16.980562 42.942808
> AL20
16.980562 42.717977
17.278467 42.717977
17.278467 42.942808
16.980562 42.942808
16.980562 42.717977
> AL21
16.980562 42.493145
17.278467 42.493145
17.278467 42.717977
16.980562 42.717977
16.980562 42.493145
> AL22
16.980562 42.268314
17.278467 42.268314
17.278467 42.493145
16.980562 42.493145
16.980562 42.268314
> AL23
16.980562 42.043482
17.278467 42.043482
17.278467 42.268314
16.980562 42.268314
16.980562 42.043482
> AL24
16.980562 41.818651
17.278467 41.818651
17.278467 42.043482
16.980562 42.043482
16.980562 41.818651
> AL25#6.73
16.980562 41.593819
17.278467 41.593819
17.278467 41.818651
16.980562 41.818651
16.980562 41.593819
> AL26#9.27
16.980562 41.368988
17.278467 41.368988
17.278467 41.593819
16.980562 41.593819
16.980562 41.368988
> AL27#35.34
16.980562 41.144156
17.278467 41.144156
17.278467 41.368988
16.980562 41.368988
16.980562 41.144156
> AL28#8.76
16.980562 40.919325
17.278467 40.919325
17.278467 41.144156
16.980562 41.144156
16.980562 40.919325
> AL29#16.7
16.980562 40.694494
17.278467 40.694494
17.278467 40.919325
16.980562 40.919325
16.980562 40.694494
> AL30#16.7
16.980562 40.469662
17.278467 40.469662
17.278467 40.694494
16.980562 40.694494
16.980562 40.469662
> AL31#6.57
16.980562 40.244831
17.278467 40.244831
17.278467 40.469662
16.980562 40.469662
16.980562 40.244831
> AL32#36.52
16.980562 40.019999
17.278467 40.019999
17.278467 40.244831
16.980562 40.244831
16.980562 40.019999
> AL33#5.31
16.980562 39.795168
17.278467 39.795168
17.278467 40.019999
16.980562 40.019999
16.980562 39.795168
> AL34#16.42
16.980562 39.570336
17.278467 39.570336
17.278467 39.795168
16.980562 39.795168
16.980562 39.570336
> AL35#15.91
16.980562 39.345505
17.278467 39.345505
17.278467 39.570336
16.980562 39.570336
16.980562 39.345505
> AL36#16.25
16.980562 39.120673
17.278467 39.120673
17.278467 39.345505
16.980562 39.345505
16.980562 39.120673
> AL37#5.91
16.980562 38.895842
17.278467 38.895842
17.278467 39.120673
16.980562 39.120673
16.980562 38.895842
> AL38#26.48
16.980562 38.67101
17.278467 38.67101
17.278467 38.895842
16.980562 38.895842
16.980562 38.67101
> AL39#40.6
16.980562 38.446179
17.278467 38.446179
17.278467 38.67101
16.980562 38.67101
16.980562 38.446179
> AL40#27.04
16.980562 38.221348
17.278467 38.221348
17.278467 38.446179
16.980562 38.446179
16.980562 38.221348
> AL41#27.04
16.980562 37.996516
17.278467 37.996516
17.278467 38.221348
16.980562 38.221348
16.980562 37.996516
> AL42#29.25
16.980562 37.771685
17.278467 37.771685
17.278467 37.996516
16.980562 37.996516
16.980562 37.771685
> AL43#32.72
16.980562 37.546853
17.278467 37.546853
17.278467 37.771685
16.980562 37.771685
16.980562 37.546853
> AL44#32.72
16.980562 37.322022
17.278467 37.322022
17.278467 37.546853
16.980562 37.546853
16.980562 37.322022
> AL45#34.61
16.980562 37.09719
17.278467 37.09719
17.278467 37.322022
16.980562 37.322022
16.980562 37.09719
> AL46#60.2
16.980562 36.872359
17.278467 36.872359
17.278467 37.09719
16.980562 37.09719
16.980562 36.872359
> AL47#113.8
16.980562 36.647527
17.278467 36.647527
17.278467 36.872359
16.980562 36.872359
16.980562 36.647527
> AL48#113.8
16.980562 36.422696
17.278467 36.422696
17.278467 36.647527
16.980562 36.647527
16.980562 36.422696
> AL49
16.980562 36.197864
17.278467 36.197864
17.278467 36.422696
16.980562 36.422696
16.980562 36.197864
> AL50
16.980562 35.973033
17.278467 35.973033
17.278467 36.197864
16.980562 36.197864
16.980562 35.973033
> AL51
16.980562 35.748202
17.278467 35.748202
17.278467 35.973033
16.980562 35.973033
16.980562 35.748202
> AL52
16.980562 35.52337
17.278467 35.52337
17.278467 35.748202
16.980562 35.748202
16.980562 35.52337
> AL53
16.980562 35.298539
17.278467 35.298539
17.278467 35.52337
16.980562 35.52337
16.980562 35.298539
> AL54
16.980562 35.073707
17.278467 35.073707
17.278467 35.298539
16.980562 35.298539
16.980562 35.073707
> AL55
16.980562 34.848876
17.278467 34.848876
17.278467 35.073707
16.980562 35.073707
16.980562 34.848876
> AL56
16.980562 34.624044
17.278467 34.624044
17.278467 34.848876
16.980562 34.848876
16.980562 34.624044
> AM1
17.278467 46.989774
17.576371 46.989774
17.576371 47.214606
17.278467 47.214606
17.278467 46.989774
> AM2
17.278467 46.764943
17.576371 46.764943
17.576371 46.989774
17.278467 46.989774
17.278467 46.764943
> AM3
17.278467 46.540111
17.576371 46.540111
17.576371 46.764943
17.278467 46.764943
17.278467 46.540111
> AM4
17.278467 46.31528
17.576371 46.31528
17.576371 46.540111
17.278467 46.540111
17.278467 46.31528
> AM5
17.278467 46.090449
17.576371 46.090449
17.576371 46.31528
17.278467 46.31528
17.278467 46.090449
> AM6
17.278467 45.865617
17.576371 45.865617
17.576371 46.090449
17.278467 46.090449
17.278467 45.865617
> AM7
17.278467 45.640786
17.576371 45.640786
17.576371 45.865617
17.278467 45.865617
17.278467 45.640786
> AM8
17.278467 45.415954
17.576371 45.415954
17.576371 45.640786
17.278467 45.640786
17.278467 45.415954
> AM9
17.278467 45.191123
17.576371 45.191123
17.576371 45.415954
17.278467 45.415954
17.278467 45.191123
> AM10
17.278467 44.966291
17.576371 44.966291
17.576371 45.191123
17.278467 45.191123
17.278467 44.966291
> AM11
17.278467 44.74146
17.576371 44.74146
17.576371 44.966291
17.278467 44.966291
17.278467 44.74146
> AM12
17.278467 44.516628
17.576371 44.516628
17.576371 44.74146
17.278467 44.74146
17.278467 44.516628
> AM13
17.278467 44.291797
17.576371 44.291797
17.576371 44.516628
17.278467 44.516628
17.278467 44.291797
> AM14
17.278467 44.066965
17.576371 44.066965
17.576371 44.291797
17.278467 44.291797
17.278467 44.066965
> AM15
17.278467 43.842134
17.576371 43.842134
17.576371 44.066965
17.278467 44.066965
17.278467 43.842134
> AM16
17.278467 43.617303
17.576371 43.617303
17.576371 43.842134
17.278467 43.842134
17.278467 43.617303
> AM17
17.278467 43.392471
17.576371 43.392471
17.576371 43.617303
17.278467 43.617303
17.278467 43.392471
> AM18
17.278467 43.16764
17.576371 43.16764
17.576371 43.392471
17.278467 43.392471
17.278467 43.16764
> AM19
17.278467 42.942808
17.576371 42.942808
17.576371 43.16764
17.278467 43.16764
17.278467 42.942808
> AM20
17.278467 42.717977
17.576371 42.717977
17.576371 42.942808
17.278467 42.942808
17.278467 42.717977
> AM21
17.278467 42.493145
17.576371 42.493145
17.576371 42.717977
17.278467 42.717977
17.278467 42.493145
> AM22
17.278467 42.268314
17.576371 42.268314
17.576371 42.493145
17.278467 42.493145
17.278467 42.268314
> AM23
17.278467 42.043482
17.576371 42.043482
17.576371 42.268314
17.278467 42.268314
17.278467 42.043482
> AM24
17.278467 41.818651
17.576371 41.818651
17.576371 42.043482
17.278467 42.043482
17.278467 41.818651
> AM25
17.278467 41.593819
17.576371 41.593819
17.576371 41.818651
17.278467 41.818651
17.278467 41.593819
> AM26#9.27
17.278467 41.368988
17.576371 41.368988
17.576371 41.593819
17.278467 41.593819
17.278467 41.368988
> AM27
17.278467 41.144156
17.576371 41.144156
17.576371 41.368988
17.278467 41.368988
17.278467 41.144156
> AM28#14.4
17.278467 40.919325
17.576371 40.919325
17.576371 41.144156
17.278467 41.144156
17.278467 40.919325
> AM29#19.21
17.278467 40.694494
17.576371 40.694494
17.576371 40.919325
17.278467 40.919325
17.278467 40.694494
> AM30#18.56
17.278467 40.469662
17.576371 40.469662
17.576371 40.694494
17.278467 40.694494
17.278467 40.469662
> AM31#18.56
17.278467 40.244831
17.576371 40.244831
17.576371 40.469662
17.278467 40.469662
17.278467 40.244831
> AM32#36.52
17.278467 40.019999
17.576371 40.019999
17.576371 40.244831
17.278467 40.244831
17.278467 40.019999
> AM33#36.52
17.278467 39.795168
17.576371 39.795168
17.576371 40.019999
17.278467 40.019999
17.278467 39.795168
> AM34#16.42
17.278467 39.570336
17.576371 39.570336
17.576371 39.795168
17.278467 39.795168
17.278467 39.570336
> AM35#15.91
17.278467 39.345505
17.576371 39.345505
17.576371 39.570336
17.278467 39.570336
17.278467 39.345505
> AM36#16.25
17.278467 39.120673
17.576371 39.120673
17.576371 39.345505
17.278467 39.345505
17.278467 39.120673
> AM37#13.37
17.278467 38.895842
17.576371 38.895842
17.576371 39.120673
17.278467 39.120673
17.278467 38.895842
> AM38#13.97
17.278467 38.67101
17.576371 38.67101
17.576371 38.895842
17.278467 38.895842
17.278467 38.67101
> AM39#15
17.278467 38.446179
17.576371 38.446179
17.576371 38.67101
17.278467 38.67101
17.278467 38.446179
> AM40#18.98
17.278467 38.221348
17.576371 38.221348
17.576371 38.446179
17.278467 38.446179
17.278467 38.221348
> AM41#18.98
17.278467 37.996516
17.576371 37.996516
17.576371 38.221348
17.278467 38.221348
17.278467 37.996516
> AM42#103.2
17.278467 37.771685
17.576371 37.771685
17.576371 37.996516
17.278467 37.996516
17.278467 37.771685
> AM43#92.09
17.278467 37.546853
17.576371 37.546853
17.576371 37.771685
17.278467 37.771685
17.278467 37.546853
> AM44#86.91
17.278467 37.322022
17.576371 37.322022
17.576371 37.546853
17.278467 37.546853
17.278467 37.322022
> AM45#131.4
17.278467 37.09719
17.576371 37.09719
17.576371 37.322022
17.278467 37.322022
17.278467 37.09719
> AM46#113.8
17.278467 36.872359
17.576371 36.872359
17.576371 37.09719
17.278467 37.09719
17.278467 36.872359
> AM47#113.8
17.278467 36.647527
17.576371 36.647527
17.576371 36.872359
17.278467 36.872359
17.278467 36.647527
> AM48
17.278467 36.422696
17.576371 36.422696
17.576371 36.647527
17.278467 36.647527
17.278467 36.422696
> AM49
17.278467 36.197864
17.576371 36.197864
17.576371 36.422696
17.278467 36.422696
17.278467 36.197864
> AM50
17.278467 35.973033
17.576371 35.973033
17.576371 36.197864
17.278467 36.197864
17.278467 35.973033
> AM51
17.278467 35.748202
17.576371 35.748202
17.576371 35.973033
17.278467 35.973033
17.278467 35.748202
> AM52
17.278467 35.52337
17.576371 35.52337
17.576371 35.748202
17.278467 35.748202
17.278467 35.52337
> AM53
17.278467 35.298539
17.576371 35.298539
17.576371 35.52337
17.278467 35.52337
17.278467 35.298539
> AM54
17.278467 35.073707
17.576371 35.073707
17.576371 35.298539
17.278467 35.298539
17.278467 35.073707
> AM55
17.278467 34.848876
17.576371 34.848876
17.576371 35.073707
17.278467 35.073707
17.278467 34.848876
> AM56
17.278467 34.624044
17.576371 34.624044
17.576371 34.848876
17.278467 34.848876
17.278467 34.624044
> AN1
17.576371 46.989774
17.874276 46.989774
17.874276 47.214606
17.576371 47.214606
17.576371 46.989774
> AN2
17.576371 46.764943
17.874276 46.764943
17.874276 46.989774
17.576371 46.989774
17.576371 46.764943
> AN3
17.576371 46.540111
17.874276 46.540111
17.874276 46.764943
17.576371 46.764943
17.576371 46.540111
> AN4
17.576371 46.31528
17.874276 46.31528
17.874276 46.540111
17.576371 46.540111
17.576371 46.31528
> AN5
17.576371 46.090449
17.874276 46.090449
17.874276 46.31528
17.576371 46.31528
17.576371 46.090449
> AN6
17.576371 45.865617
17.874276 45.865617
17.874276 46.090449
17.576371 46.090449
17.576371 45.865617
> AN7
17.576371 45.640786
17.874276 45.640786
17.874276 45.865617
17.576371 45.865617
17.576371 45.640786
> AN8
17.576371 45.415954
17.874276 45.415954
17.874276 45.640786
17.576371 45.640786
17.576371 45.415954
> AN9
17.576371 45.191123
17.874276 45.191123
17.874276 45.415954
17.576371 45.415954
17.576371 45.191123
> AN10
17.576371 44.966291
17.874276 44.966291
17.874276 45.191123
17.576371 45.191123
17.576371 44.966291
> AN11
17.576371 44.74146
17.874276 44.74146
17.874276 44.966291
17.576371 44.966291
17.576371 44.74146
> AN12
17.576371 44.516628
17.874276 44.516628
17.874276 44.74146
17.576371 44.74146
17.576371 44.516628
> AN13
17.576371 44.291797
17.874276 44.291797
17.874276 44.516628
17.576371 44.516628
17.576371 44.291797
> AN14
17.576371 44.066965
17.874276 44.066965
17.874276 44.291797
17.576371 44.291797
17.576371 44.066965
> AN15
17.576371 43.842134
17.874276 43.842134
17.874276 44.066965
17.576371 44.066965
17.576371 43.842134
> AN16
17.576371 43.617303
17.874276 43.617303
17.874276 43.842134
17.576371 43.842134
17.576371 43.617303
> AN17#5.97
17.576371 43.392471
17.874276 43.392471
17.874276 43.617303
17.576371 43.617303
17.576371 43.392471
> AN18
17.576371 43.16764
17.874276 43.16764
17.874276 43.392471
17.576371 43.392471
17.576371 43.16764
> AN19
17.576371 42.942808
17.874276 42.942808
17.874276 43.16764
17.576371 43.16764
17.576371 42.942808
> AN20
17.576371 42.717977
17.874276 42.717977
17.874276 42.942808
17.576371 42.942808
17.576371 42.717977
> AN21
17.576371 42.493145
17.874276 42.493145
17.874276 42.717977
17.576371 42.717977
17.576371 42.493145
> AN22
17.576371 42.268314
17.874276 42.268314
17.874276 42.493145
17.576371 42.493145
17.576371 42.268314
> AN23
17.576371 42.043482
17.874276 42.043482
17.874276 42.268314
17.576371 42.268314
17.576371 42.043482
> AN24
17.576371 41.818651
17.874276 41.818651
17.874276 42.043482
17.576371 42.043482
17.576371 41.818651
> AN25
17.576371 41.593819
17.874276 41.593819
17.874276 41.818651
17.576371 41.818651
17.576371 41.593819
> AN26
17.576371 41.368988
17.874276 41.368988
17.874276 41.593819
17.576371 41.593819
17.576371 41.368988
> AN27
17.576371 41.144156
17.874276 41.144156
17.874276 41.368988
17.576371 41.368988
17.576371 41.144156
> AN28#26.05
17.576371 40.919325
17.874276 40.919325
17.874276 41.144156
17.576371 41.144156
17.576371 40.919325
> AN29#19.21
17.576371 40.694494
17.874276 40.694494
17.874276 40.919325
17.576371 40.919325
17.576371 40.694494
> AN30#8.53
17.576371 40.469662
17.874276 40.469662
17.874276 40.694494
17.576371 40.694494
17.576371 40.469662
> AN31#8.7
17.576371 40.244831
17.874276 40.244831
17.874276 40.469662
17.576371 40.469662
17.576371 40.244831
> AN32#41.47
17.576371 40.019999
17.874276 40.019999
17.874276 40.244831
17.576371 40.244831
17.576371 40.019999
> AN33#32.34
17.576371 39.795168
17.874276 39.795168
17.874276 40.019999
17.576371 40.019999
17.576371 39.795168
> AN34#32.34
17.576371 39.570336
17.874276 39.570336
17.874276 39.795168
17.576371 39.795168
17.576371 39.570336
> AN35#11.18
17.576371 39.345505
17.874276 39.345505
17.874276 39.570336
17.576371 39.570336
17.576371 39.345505
> AN36#13.74
17.576371 39.120673
17.874276 39.120673
17.874276 39.345505
17.576371 39.345505
17.576371 39.120673
> AN37#43.11
17.576371 38.895842
17.874276 38.895842
17.874276 39.120673
17.576371 39.120673
17.576371 38.895842
> AN38#28.91
17.576371 38.67101
17.874276 38.67101
17.874276 38.895842
17.576371 38.895842
17.576371 38.67101
> AN39#15
17.576371 38.446179
17.874276 38.446179
17.874276 38.67101
17.576371 38.67101
17.576371 38.446179
> AN40#12.65
17.576371 38.221348
17.874276 38.221348
17.874276 38.446179
17.576371 38.446179
17.576371 38.221348
> AN41#103.2
17.576371 37.996516
17.874276 37.996516
17.874276 38.221348
17.576371 38.221348
17.576371 37.996516
> AN42#103.2
17.576371 37.771685
17.874276 37.771685
17.874276 37.996516
17.576371 37.996516
17.576371 37.771685
> AN43#92.09
17.576371 37.546853
17.874276 37.546853
17.874276 37.771685
17.576371 37.771685
17.576371 37.546853
> AN44#131.4
17.576371 37.322022
17.874276 37.322022
17.874276 37.546853
17.576371 37.546853
17.576371 37.322022
> AN45#131.4
17.576371 37.09719
17.874276 37.09719
17.874276 37.322022
17.576371 37.322022
17.576371 37.09719
> AN46
17.576371 36.872359
17.874276 36.872359
17.874276 37.09719
17.576371 37.09719
17.576371 36.872359
> AN47
17.576371 36.647527
17.874276 36.647527
17.874276 36.872359
17.576371 36.872359
17.576371 36.647527
> AN48
17.576371 36.422696
17.874276 36.422696
17.874276 36.647527
17.576371 36.647527
17.576371 36.422696
> AN49
17.576371 36.197864
17.874276 36.197864
17.874276 36.422696
17.576371 36.422696
17.576371 36.197864
> AN50
17.576371 35.973033
17.874276 35.973033
17.874276 36.197864
17.576371 36.197864
17.576371 35.973033
> AN51
17.576371 35.748202
17.874276 35.748202
17.874276 35.973033
17.576371 35.973033
17.576371 35.748202
> AN52
17.576371 35.52337
17.874276 35.52337
17.874276 35.748202
17.576371 35.748202
17.576371 35.52337
> AN53
17.576371 35.298539
17.874276 35.298539
17.874276 35.52337
17.576371 35.52337
17.576371 35.298539
> AN54
17.576371 35.073707
17.874276 35.073707
17.874276 35.298539
17.576371 35.298539
17.576371 35.073707
> AN55
17.576371 34.848876
17.874276 34.848876
17.874276 35.073707
17.576371 35.073707
17.576371 34.848876
> AN56
17.576371 34.624044
17.874276 34.624044
17.874276 34.848876
17.576371 34.848876
17.576371 34.624044
> AO1
17.874276 46.989774
18.172181 46.989774
18.172181 47.214606
17.874276 47.214606
17.874276 46.989774
> AO2
17.874276 46.764943
18.172181 46.764943
18.172181 46.989774
17.874276 46.989774
17.874276 46.764943
> AO3
17.874276 46.540111
18.172181 46.540111
18.172181 46.764943
17.874276 46.764943
17.874276 46.540111
> AO4
17.874276 46.31528
18.172181 46.31528
18.172181 46.540111
17.874276 46.540111
17.874276 46.31528
> AO5
17.874276 46.090449
18.172181 46.090449
18.172181 46.31528
17.874276 46.31528
17.874276 46.090449
> AO6
17.874276 45.865617
18.172181 45.865617
18.172181 46.090449
17.874276 46.090449
17.874276 45.865617
> AO7
17.874276 45.640786
18.172181 45.640786
18.172181 45.865617
17.874276 45.865617
17.874276 45.640786
> AO8
17.874276 45.415954
18.172181 45.415954
18.172181 45.640786
17.874276 45.640786
17.874276 45.415954
> AO9
17.874276 45.191123
18.172181 45.191123
18.172181 45.415954
17.874276 45.415954
17.874276 45.191123
> AO10
17.874276 44.966291
18.172181 44.966291
18.172181 45.191123
17.874276 45.191123
17.874276 44.966291
> AO11
17.874276 44.74146
18.172181 44.74146
18.172181 44.966291
17.874276 44.966291
17.874276 44.74146
> AO12
17.874276 44.516628
18.172181 44.516628
18.172181 44.74146
17.874276 44.74146
17.874276 44.516628
> AO13
17.874276 44.291797
18.172181 44.291797
18.172181 44.516628
17.874276 44.516628
17.874276 44.291797
> AO14
17.874276 44.066965
18.172181 44.066965
18.172181 44.291797
17.874276 44.291797
17.874276 44.066965
> AO15
17.874276 43.842134
18.172181 43.842134
18.172181 44.066965
17.874276 44.066965
17.874276 43.842134
> AO16
17.874276 43.617303
18.172181 43.617303
18.172181 43.842134
17.874276 43.842134
17.874276 43.617303
> AO17#5.97
17.874276 43.392471
18.172181 43.392471
18.172181 43.617303
17.874276 43.617303
17.874276 43.392471
> AO18
17.874276 43.16764
18.172181 43.16764
18.172181 43.392471
17.874276 43.392471
17.874276 43.16764
> AO19
17.874276 42.942808
18.172181 42.942808
18.172181 43.16764
17.874276 43.16764
17.874276 42.942808
> AO20
17.874276 42.717977
18.172181 42.717977
18.172181 42.942808
17.874276 42.942808
17.874276 42.717977
> AO21
17.874276 42.493145
18.172181 42.493145
18.172181 42.717977
17.874276 42.717977
17.874276 42.493145
> AO22
17.874276 42.268314
18.172181 42.268314
18.172181 42.493145
17.874276 42.493145
17.874276 42.268314
> AO23
17.874276 42.043482
18.172181 42.043482
18.172181 42.268314
17.874276 42.268314
17.874276 42.043482
> AO24
17.874276 41.818651
18.172181 41.818651
18.172181 42.043482
17.874276 42.043482
17.874276 41.818651
> AO25
17.874276 41.593819
18.172181 41.593819
18.172181 41.818651
17.874276 41.818651
17.874276 41.593819
> AO26
17.874276 41.368988
18.172181 41.368988
18.172181 41.593819
17.874276 41.593819
17.874276 41.368988
> AO27
17.874276 41.144156
18.172181 41.144156
18.172181 41.368988
17.874276 41.368988
17.874276 41.144156
> AO28#26.05
17.874276 40.919325
18.172181 40.919325
18.172181 41.144156
17.874276 41.144156
17.874276 40.919325
> AO29
17.874276 40.694494
18.172181 40.694494
18.172181 40.919325
17.874276 40.919325
17.874276 40.694494
> AO30
17.874276 40.469662
18.172181 40.469662
18.172181 40.694494
17.874276 40.694494
17.874276 40.469662
> AO31#10.92
17.874276 40.244831
18.172181 40.244831
18.172181 40.469662
17.874276 40.469662
17.874276 40.244831
> AO32#41.47
17.874276 40.019999
18.172181 40.019999
18.172181 40.244831
17.874276 40.244831
17.874276 40.019999
> AO33#41.47
17.874276 39.795168
18.172181 39.795168
18.172181 40.019999
17.874276 40.019999
17.874276 39.795168
> AO34#15.22
17.874276 39.570336
18.172181 39.570336
18.172181 39.795168
17.874276 39.795168
17.874276 39.570336
> AO35#19.08
17.874276 39.345505
18.172181 39.345505
18.172181 39.570336
17.874276 39.570336
17.874276 39.345505
> AO36#19.08
17.874276 39.120673
18.172181 39.120673
18.172181 39.345505
17.874276 39.345505
17.874276 39.120673
> AO37#43.11
17.874276 38.895842
18.172181 38.895842
18.172181 39.120673
17.874276 39.120673
17.874276 38.895842
> AO38#43.11
17.874276 38.67101
18.172181 38.67101
18.172181 38.895842
17.874276 38.895842
17.874276 38.67101
> AO39#103.2
17.874276 38.446179
18.172181 38.446179
18.172181 38.67101
17.874276 38.67101
17.874276 38.446179
> AO40#103.2
17.874276 38.221348
18.172181 38.221348
18.172181 38.446179
17.874276 38.446179
17.874276 38.221348
> AO41#103.2
17.874276 37.996516
18.172181 37.996516
18.172181 38.221348
17.874276 38.221348
17.874276 37.996516
> AO42#92.09
17.874276 37.771685
18.172181 37.771685
18.172181 37.996516
17.874276 37.996516
17.874276 37.771685
> AO43#131.4
17.874276 37.546853
18.172181 37.546853
18.172181 37.771685
17.874276 37.771685
17.874276 37.546853
> AO44#131.4
17.874276 37.322022
18.172181 37.322022
18.172181 37.546853
17.874276 37.546853
17.874276 37.322022
> AO45#92.93
17.874276 37.09719
18.172181 37.09719
18.172181 37.322022
17.874276 37.322022
17.874276 37.09719
> AO46#81.82
17.874276 36.872359
18.172181 36.872359
18.172181 37.09719
17.874276 37.09719
17.874276 36.872359
> AO47#8.62
17.874276 36.647527
18.172181 36.647527
18.172181 36.872359
17.874276 36.872359
17.874276 36.647527
> AO48
17.874276 36.422696
18.172181 36.422696
18.172181 36.647527
17.874276 36.647527
17.874276 36.422696
> AO49
17.874276 36.197864
18.172181 36.197864
18.172181 36.422696
17.874276 36.422696
17.874276 36.197864
> AO50
17.874276 35.973033
18.172181 35.973033
18.172181 36.197864
17.874276 36.197864
17.874276 35.973033
> AO51
17.874276 35.748202
18.172181 35.748202
18.172181 35.973033
17.874276 35.973033
17.874276 35.748202
> AO52
17.874276 35.52337
18.172181 35.52337
18.172181 35.748202
17.874276 35.748202
17.874276 35.52337
> AO53
17.874276 35.298539
18.172181 35.298539
18.172181 35.52337
17.874276 35.52337
17.874276 35.298539
> AO54
17.874276 35.073707
18.172181 35.073707
18.172181 35.298539
17.874276 35.298539
17.874276 35.073707
> AO55
17.874276 34.848876
18.172181 34.848876
18.172181 35.073707
17.874276 35.073707
17.874276 34.848876
> AO56
17.874276 34.624044
18.172181 34.624044
18.172181 34.848876
17.874276 34.848876
17.874276 34.624044
> AP1
18.172181 46.989774
18.470085 46.989774
18.470085 47.214606
18.172181 47.214606
18.172181 46.989774
> AP2
18.172181 46.764943
18.470085 46.764943
18.470085 46.989774
18.172181 46.989774
18.172181 46.764943
> AP3
18.172181 46.540111
18.470085 46.540111
18.470085 46.764943
18.172181 46.764943
18.172181 46.540111
> AP4
18.172181 46.31528
18.470085 46.31528
18.470085 46.540111
18.172181 46.540111
18.172181 46.31528
> AP5
18.172181 46.090449
18.470085 46.090449
18.470085 46.31528
18.172181 46.31528
18.172181 46.090449
> AP6
18.172181 45.865617
18.470085 45.865617
18.470085 46.090449
18.172181 46.090449
18.172181 45.865617
> AP7
18.172181 45.640786
18.470085 45.640786
18.470085 45.865617
18.172181 45.865617
18.172181 45.640786
> AP8
18.172181 45.415954
18.470085 45.415954
18.470085 45.640786
18.172181 45.640786
18.172181 45.415954
> AP9
18.172181 45.191123
18.470085 45.191123
18.470085 45.415954
18.172181 45.415954
18.172181 45.191123
> AP10
18.172181 44.966291
18.470085 44.966291
18.470085 45.191123
18.172181 45.191123
18.172181 44.966291
> AP11
18.172181 44.74146
18.470085 44.74146
18.470085 44.966291
18.172181 44.966291
18.172181 44.74146
> AP12
18.172181 44.516628
18.470085 44.516628
18.470085 44.74146
18.172181 44.74146
18.172181 44.516628
> AP13
18.172181 44.291797
18.470085 44.291797
18.470085 44.516628
18.172181 44.516628
18.172181 44.291797
> AP14
18.172181 44.066965
18.470085 44.066965
18.470085 44.291797
18.172181 44.291797
18.172181 44.066965
> AP15
18.172181 43.842134
18.470085 43.842134
18.470085 44.066965
18.172181 44.066965
18.172181 43.842134
> AP16
18.172181 43.617303
18.470085 43.617303
18.470085 43.842134
18.172181 43.842134
18.172181 43.617303
> AP17
18.172181 43.392471
18.470085 43.392471
18.470085 43.617303
18.172181 43.617303
18.172181 43.392471
> AP18
18.172181 43.16764
18.470085 43.16764
18.470085 43.392471
18.172181 43.392471
18.172181 43.16764
> AP19
18.172181 42.942808
18.470085 42.942808
18.470085 43.16764
18.172181 43.16764
18.172181 42.942808
> AP20#7.35
18.172181 42.717977
18.470085 42.717977
18.470085 42.942808
18.172181 42.942808
18.172181 42.717977
> AP21
18.172181 42.493145
18.470085 42.493145
18.470085 42.717977
18.172181 42.717977
18.172181 42.493145
> AP22
18.172181 42.268314
18.470085 42.268314
18.470085 42.493145
18.172181 42.493145
18.172181 42.268314
> AP23
18.172181 42.043482
18.470085 42.043482
18.470085 42.268314
18.172181 42.268314
18.172181 42.043482
> AP24
18.172181 41.818651
18.470085 41.818651
18.470085 42.043482
18.172181 42.043482
18.172181 41.818651
> AP25
18.172181 41.593819
18.470085 41.593819
18.470085 41.818651
18.172181 41.818651
18.172181 41.593819
> AP26
18.172181 41.368988
18.470085 41.368988
18.470085 41.593819
18.172181 41.593819
18.172181 41.368988
> AP27
18.172181 41.144156
18.470085 41.144156
18.470085 41.368988
18.172181 41.368988
18.172181 41.144156
> AP28
18.172181 40.919325
18.470085 40.919325
18.470085 41.144156
18.172181 41.144156
18.172181 40.919325
> AP29
18.172181 40.694494
18.470085 40.694494
18.470085 40.919325
18.172181 40.919325
18.172181 40.694494
> AP30
18.172181 40.469662
18.470085 40.469662
18.470085 40.694494
18.172181 40.694494
18.172181 40.469662
> AP31#10.92
18.172181 40.244831
18.470085 40.244831
18.470085 40.469662
18.172181 40.469662
18.172181 40.244831
> AP32#17.44
18.172181 40.019999
18.470085 40.019999
18.470085 40.244831
18.172181 40.244831
18.172181 40.019999
> AP33#17.44
18.172181 39.795168
18.470085 39.795168
18.470085 40.019999
18.172181 40.019999
18.172181 39.795168
> AP34#21.94
18.172181 39.570336
18.470085 39.570336
18.470085 39.795168
18.172181 39.795168
18.172181 39.570336
> AP35#18.12
18.172181 39.345505
18.470085 39.345505
18.470085 39.570336
18.172181 39.570336
18.172181 39.345505
> AP36#14.61
18.172181 39.120673
18.470085 39.120673
18.470085 39.345505
18.172181 39.345505
18.172181 39.120673
> AP37#14.61
18.172181 38.895842
18.470085 38.895842
18.470085 39.120673
18.172181 39.120673
18.172181 38.895842
> AP38
18.172181 38.67101
18.470085 38.67101
18.470085 38.895842
18.172181 38.895842
18.172181 38.67101
> AP39#39.63
18.172181 38.446179
18.470085 38.446179
18.470085 38.67101
18.172181 38.67101
18.172181 38.446179
> AP40#39.63
18.172181 38.221348
18.470085 38.221348
18.470085 38.446179
18.172181 38.446179
18.172181 38.221348
> AP41#131.4
18.172181 37.996516
18.470085 37.996516
18.470085 38.221348
18.172181 38.221348
18.172181 37.996516
> AP42#131.4
18.172181 37.771685
18.470085 37.771685
18.470085 37.996516
18.172181 37.996516
18.172181 37.771685
> AP43#131.4
18.172181 37.546853
18.470085 37.546853
18.470085 37.771685
18.172181 37.771685
18.172181 37.546853
> AP44#92.93
18.172181 37.322022
18.470085 37.322022
18.470085 37.546853
18.172181 37.546853
18.172181 37.322022
> AP45#92.93
18.172181 37.09719
18.470085 37.09719
18.470085 37.322022
18.172181 37.322022
18.172181 37.09719
> AP46#81.82
18.172181 36.872359
18.470085 36.872359
18.470085 37.09719
18.172181 37.09719
18.172181 36.872359
> AP47#6.59
18.172181 36.647527
18.470085 36.647527
18.470085 36.872359
18.172181 36.872359
18.172181 36.647527
> AP48
18.172181 36.422696
18.470085 36.422696
18.470085 36.647527
18.172181 36.647527
18.172181 36.422696
> AP49
18.172181 36.197864
18.470085 36.197864
18.470085 36.422696
18.172181 36.422696
18.172181 36.197864
> AP50
18.172181 35.973033
18.470085 35.973033
18.470085 36.197864
18.172181 36.197864
18.172181 35.973033
> AP51
18.172181 35.748202
18.470085 35.748202
18.470085 35.973033
18.172181 35.973033
18.172181 35.748202
> AP52
18.172181 35.52337
18.470085 35.52337
18.470085 35.748202
18.172181 35.748202
18.172181 35.52337
> AP53
18.172181 35.298539
18.470085 35.298539
18.470085 35.52337
18.172181 35.52337
18.172181 35.298539
> AP54
18.172181 35.073707
18.470085 35.073707
18.470085 35.298539
18.172181 35.298539
18.172181 35.073707
> AP55
18.172181 34.848876
18.470085 34.848876
18.470085 35.073707
18.172181 35.073707
18.172181 34.848876
> AP56
18.172181 34.624044
18.470085 34.624044
18.470085 34.848876
18.172181 34.848876
18.172181 34.624044
> AQ1
18.470085 46.989774
18.76799 46.989774
18.76799 47.214606
18.470085 47.214606
18.470085 46.989774
> AQ2
18.470085 46.764943
18.76799 46.764943
18.76799 46.989774
18.470085 46.989774
18.470085 46.764943
> AQ3
18.470085 46.540111
18.76799 46.540111
18.76799 46.764943
18.470085 46.764943
18.470085 46.540111
> AQ4
18.470085 46.31528
18.76799 46.31528
18.76799 46.540111
18.470085 46.540111
18.470085 46.31528
> AQ5
18.470085 46.090449
18.76799 46.090449
18.76799 46.31528
18.470085 46.31528
18.470085 46.090449
> AQ6
18.470085 45.865617
18.76799 45.865617
18.76799 46.090449
18.470085 46.090449
18.470085 45.865617
> AQ7
18.470085 45.640786
18.76799 45.640786
18.76799 45.865617
18.470085 45.865617
18.470085 45.640786
> AQ8
18.470085 45.415954
18.76799 45.415954
18.76799 45.640786
18.470085 45.640786
18.470085 45.415954
> AQ9
18.470085 45.191123
18.76799 45.191123
18.76799 45.415954
18.470085 45.415954
18.470085 45.191123
> AQ10
18.470085 44.966291
18.76799 44.966291
18.76799 45.191123
18.470085 45.191123
18.470085 44.966291
> AQ11
18.470085 44.74146
18.76799 44.74146
18.76799 44.966291
18.470085 44.966291
18.470085 44.74146
> AQ12
18.470085 44.516628
18.76799 44.516628
18.76799 44.74146
18.470085 44.74146
18.470085 44.516628
> AQ13
18.470085 44.291797
18.76799 44.291797
18.76799 44.516628
18.470085 44.516628
18.470085 44.291797
> AQ14
18.470085 44.066965
18.76799 44.066965
18.76799 44.291797
18.470085 44.291797
18.470085 44.066965
> AQ15
18.470085 43.842134
18.76799 43.842134
18.76799 44.066965
18.470085 44.066965
18.470085 43.842134
> AQ16
18.470085 43.617303
18.76799 43.617303
18.76799 43.842134
18.470085 43.842134
18.470085 43.617303
> AQ17
18.470085 43.392471
18.76799 43.392471
18.76799 43.617303
18.470085 43.617303
18.470085 43.392471
> AQ18
18.470085 43.16764
18.76799 43.16764
18.76799 43.392471
18.470085 43.392471
18.470085 43.16764
> AQ19
18.470085 42.942808
18.76799 42.942808
18.76799 43.16764
18.470085 43.16764
18.470085 42.942808
> AQ20
18.470085 42.717977
18.76799 42.717977
18.76799 42.942808
18.470085 42.942808
18.470085 42.717977
> AQ21
18.470085 42.493145
18.76799 42.493145
18.76799 42.717977
18.470085 42.717977
18.470085 42.493145
> AQ22
18.470085 42.268314
18.76799 42.268314
18.76799 42.493145
18.470085 42.493145
18.470085 42.268314
> AQ23
18.470085 42.043482
18.76799 42.043482
18.76799 42.268314
18.470085 42.268314
18.470085 42.043482
> AQ24
18.470085 41.818651
18.76799 41.818651
18.76799 42.043482
18.470085 42.043482
18.470085 41.818651
> AQ25
18.470085 41.593819
18.76799 41.593819
18.76799 41.818651
18.470085 41.818651
18.470085 41.593819
> AQ26
18.470085 41.368988
18.76799 41.368988
18.76799 41.593819
18.470085 41.593819
18.470085 41.368988
> AQ27
18.470085 41.144156
18.76799 41.144156
18.76799 41.368988
18.470085 41.368988
18.470085 41.144156
> AQ28
18.470085 40.919325
18.76799 40.919325
18.76799 41.144156
18.470085 41.144156
18.470085 40.919325
> AQ29
18.470085 40.694494
18.76799 40.694494
18.76799 40.919325
18.470085 40.919325
18.470085 40.694494
> AQ30
18.470085 40.469662
18.76799 40.469662
18.76799 40.694494
18.470085 40.694494
18.470085 40.469662
> AQ31
18.470085 40.244831
18.76799 40.244831
18.76799 40.469662
18.470085 40.469662
18.470085 40.244831
> AQ32#8.26
18.470085 40.019999
18.76799 40.019999
18.76799 40.244831
18.470085 40.244831
18.470085 40.019999
> AQ33#9.23
18.470085 39.795168
18.76799 39.795168
18.76799 40.019999
18.470085 40.019999
18.470085 39.795168
> AQ34#47.05
18.470085 39.570336
18.76799 39.570336
18.76799 39.795168
18.470085 39.795168
18.470085 39.570336
> AQ35#47.05
18.470085 39.345505
18.76799 39.345505
18.76799 39.570336
18.470085 39.570336
18.470085 39.345505
> AQ36#40.06
18.470085 39.120673
18.76799 39.120673
18.76799 39.345505
18.470085 39.345505
18.470085 39.120673
> AQ37
18.470085 38.895842
18.76799 38.895842
18.76799 39.120673
18.470085 39.120673
18.470085 38.895842
> AQ38
18.470085 38.67101
18.76799 38.67101
18.76799 38.895842
18.470085 38.895842
18.470085 38.67101
> AQ39
18.470085 38.446179
18.76799 38.446179
18.76799 38.67101
18.470085 38.67101
18.470085 38.446179
> AQ40
18.470085 38.221348
18.76799 38.221348
18.76799 38.446179
18.470085 38.446179
18.470085 38.221348
> AQ41
18.470085 37.996516
18.76799 37.996516
18.76799 38.221348
18.470085 38.221348
18.470085 37.996516
> AQ42
18.470085 37.771685
18.76799 37.771685
18.76799 37.996516
18.470085 37.996516
18.470085 37.771685
> AQ43#92.93
18.470085 37.546853
18.76799 37.546853
18.76799 37.771685
18.470085 37.771685
18.470085 37.546853
> AQ44#92.93
18.470085 37.322022
18.76799 37.322022
18.76799 37.546853
18.470085 37.546853
18.470085 37.322022
> AQ45#81.82
18.470085 37.09719
18.76799 37.09719
18.76799 37.322022
18.470085 37.322022
18.470085 37.09719
> AQ46#58.81
18.470085 36.872359
18.76799 36.872359
18.76799 37.09719
18.470085 37.09719
18.470085 36.872359
> AQ47#9.03
18.470085 36.647527
18.76799 36.647527
18.76799 36.872359
18.470085 36.872359
18.470085 36.647527
> AQ48
18.470085 36.422696
18.76799 36.422696
18.76799 36.647527
18.470085 36.647527
18.470085 36.422696
> AQ49
18.470085 36.197864
18.76799 36.197864
18.76799 36.422696
18.470085 36.422696
18.470085 36.197864
> AQ50
18.470085 35.973033
18.76799 35.973033
18.76799 36.197864
18.470085 36.197864
18.470085 35.973033
> AQ51
18.470085 35.748202
18.76799 35.748202
18.76799 35.973033
18.470085 35.973033
18.470085 35.748202
> AQ52
18.470085 35.52337
18.76799 35.52337
18.76799 35.748202
18.470085 35.748202
18.470085 35.52337
> AQ53
18.470085 35.298539
18.76799 35.298539
18.76799 35.52337
18.470085 35.52337
18.470085 35.298539
> AQ54
18.470085 35.073707
18.76799 35.073707
18.76799 35.298539
18.470085 35.298539
18.470085 35.073707
> AQ55
18.470085 34.848876
18.76799 34.848876
18.76799 35.073707
18.470085 35.073707
18.470085 34.848876
> AQ56
18.470085 34.624044
18.76799 34.624044
18.76799 34.848876
18.470085 34.848876
18.470085 34.624044
> AR1
18.76799 46.989774
19.065894 46.989774
19.065894 47.214606
18.76799 47.214606
18.76799 46.989774
> AR2
18.76799 46.764943
19.065894 46.764943
19.065894 46.989774
18.76799 46.989774
18.76799 46.764943
> AR3
18.76799 46.540111
19.065894 46.540111
19.065894 46.764943
18.76799 46.764943
18.76799 46.540111
> AR4
18.76799 46.31528
19.065894 46.31528
19.065894 46.540111
18.76799 46.540111
18.76799 46.31528
> AR5
18.76799 46.090449
19.065894 46.090449
19.065894 46.31528
18.76799 46.31528
18.76799 46.090449
> AR6
18.76799 45.865617
19.065894 45.865617
19.065894 46.090449
18.76799 46.090449
18.76799 45.865617
> AR7
18.76799 45.640786
19.065894 45.640786
19.065894 45.865617
18.76799 45.865617
18.76799 45.640786
> AR8
18.76799 45.415954
19.065894 45.415954
19.065894 45.640786
18.76799 45.640786
18.76799 45.415954
> AR9
18.76799 45.191123
19.065894 45.191123
19.065894 45.415954
18.76799 45.415954
18.76799 45.191123
> AR10
18.76799 44.966291
19.065894 44.966291
19.065894 45.191123
18.76799 45.191123
18.76799 44.966291
> AR11
18.76799 44.74146
19.065894 44.74146
19.065894 44.966291
18.76799 44.966291
18.76799 44.74146
> AR12
18.76799 44.516628
19.065894 44.516628
19.065894 44.74146
18.76799 44.74146
18.76799 44.516628
> AR13
18.76799 44.291797
19.065894 44.291797
19.065894 44.516628
18.76799 44.516628
18.76799 44.291797
> AR14
18.76799 44.066965
19.065894 44.066965
19.065894 44.291797
18.76799 44.291797
18.76799 44.066965
> AR15
18.76799 43.842134
19.065894 43.842134
19.065894 44.066965
18.76799 44.066965
18.76799 43.842134
> AR16
18.76799 43.617303
19.065894 43.617303
19.065894 43.842134
18.76799 43.842134
18.76799 43.617303
> AR17
18.76799 43.392471
19.065894 43.392471
19.065894 43.617303
18.76799 43.617303
18.76799 43.392471
> AR18
18.76799 43.16764
19.065894 43.16764
19.065894 43.392471
18.76799 43.392471
18.76799 43.16764
> AR19
18.76799 42.942808
19.065894 42.942808
19.065894 43.16764
18.76799 43.16764
18.76799 42.942808
> AR20
18.76799 42.717977
19.065894 42.717977
19.065894 42.942808
18.76799 42.942808
18.76799 42.717977
> AR21
18.76799 42.493145
19.065894 42.493145
19.065894 42.717977
18.76799 42.717977
18.76799 42.493145
> AR22
18.76799 42.268314
19.065894 42.268314
19.065894 42.493145
18.76799 42.493145
18.76799 42.268314
> AR23
18.76799 42.043482
19.065894 42.043482
19.065894 42.268314
18.76799 42.268314
18.76799 42.043482
> AR24
18.76799 41.818651
19.065894 41.818651
19.065894 42.043482
18.76799 42.043482
18.76799 41.818651
> AR25
18.76799 41.593819
19.065894 41.593819
19.065894 41.818651
18.76799 41.818651
18.76799 41.593819
> AR26
18.76799 41.368988
19.065894 41.368988
19.065894 41.593819
18.76799 41.593819
18.76799 41.368988
> AR27
18.76799 41.144156
19.065894 41.144156
19.065894 41.368988
18.76799 41.368988
18.76799 41.144156
> AR28
18.76799 40.919325
19.065894 40.919325
19.065894 41.144156
18.76799 41.144156
18.76799 40.919325
> AR29
18.76799 40.694494
19.065894 40.694494
19.065894 40.919325
18.76799 40.919325
18.76799 40.694494
> AR30
18.76799 40.469662
19.065894 40.469662
19.065894 40.694494
18.76799 40.694494
18.76799 40.469662
> AR31
18.76799 40.244831
19.065894 40.244831
19.065894 40.469662
18.76799 40.469662
18.76799 40.244831
> AR32
18.76799 40.019999
19.065894 40.019999
19.065894 40.244831
18.76799 40.244831
18.76799 40.019999
> AR33
18.76799 39.795168
19.065894 39.795168
19.065894 40.019999
18.76799 40.019999
18.76799 39.795168
> AR34#22.46
18.76799 39.570336
19.065894 39.570336
19.065894 39.795168
18.76799 39.795168
18.76799 39.570336
> AR35#48.97
18.76799 39.345505
19.065894 39.345505
19.065894 39.570336
18.76799 39.570336
18.76799 39.345505
> AR36#48.97
18.76799 39.120673
19.065894 39.120673
19.065894 39.345505
18.76799 39.345505
18.76799 39.120673
> AR37#17.32
18.76799 38.895842
19.065894 38.895842
19.065894 39.120673
18.76799 39.120673
18.76799 38.895842
> AR38
18.76799 38.67101
19.065894 38.67101
19.065894 38.895842
18.76799 38.895842
18.76799 38.67101
> AR39
18.76799 38.446179
19.065894 38.446179
19.065894 38.67101
18.76799 38.67101
18.76799 38.446179
> AR40
18.76799 38.221348
19.065894 38.221348
19.065894 38.446179
18.76799 38.446179
18.76799 38.221348
> AR41
18.76799 37.996516
19.065894 37.996516
19.065894 38.221348
18.76799 38.221348
18.76799 37.996516
> AR42
18.76799 37.771685
19.065894 37.771685
19.065894 37.996516
18.76799 37.996516
18.76799 37.771685
> AR43#57.24
18.76799 37.546853
19.065894 37.546853
19.065894 37.771685
18.76799 37.771685
18.76799 37.546853
> AR44#51.37
18.76799 37.322022
19.065894 37.322022
19.065894 37.546853
18.76799 37.546853
18.76799 37.322022
> AR45#51.37
18.76799 37.09719
19.065894 37.09719
19.065894 37.322022
18.76799 37.322022
18.76799 37.09719
> AR46#51.37
18.76799 36.872359
19.065894 36.872359
19.065894 37.09719
18.76799 37.09719
18.76799 36.872359
> AR47
18.76799 36.647527
19.065894 36.647527
19.065894 36.872359
18.76799 36.872359
18.76799 36.647527
> AR48
18.76799 36.422696
19.065894 36.422696
19.065894 36.647527
18.76799 36.647527
18.76799 36.422696
> AR49
18.76799 36.197864
19.065894 36.197864
19.065894 36.422696
18.76799 36.422696
18.76799 36.197864
> AR50
18.76799 35.973033
19.065894 35.973033
19.065894 36.197864
18.76799 36.197864
18.76799 35.973033
> AR51
18.76799 35.748202
19.065894 35.748202
19.065894 35.973033
18.76799 35.973033
18.76799 35.748202
> AR52
18.76799 35.52337
19.065894 35.52337
19.065894 35.748202
18.76799 35.748202
18.76799 35.52337
> AR53
18.76799 35.298539
19.065894 35.298539
19.065894 35.52337
18.76799 35.52337
18.76799 35.298539
> AR54
18.76799 35.073707
19.065894 35.073707
19.065894 35.298539
18.76799 35.298539
18.76799 35.073707
> AR55
18.76799 34.848876
19.065894 34.848876
19.065894 35.073707
18.76799 35.073707
18.76799 34.848876
> AR56
18.76799 34.624044
19.065894 34.624044
19.065894 34.848876
18.76799 34.848876
18.76799 34.624044
> AS1
19.065894 46.989774
19.363799 46.989774
19.363799 47.214606
19.065894 47.214606
19.065894 46.989774
> AS2
19.065894 46.764943
19.363799 46.764943
19.363799 46.989774
19.065894 46.989774
19.065894 46.764943
> AS3
19.065894 46.540111
19.363799 46.540111
19.363799 46.764943
19.065894 46.764943
19.065894 46.540111
> AS4
19.065894 46.31528
19.363799 46.31528
19.363799 46.540111
19.065894 46.540111
19.065894 46.31528
> AS5
19.065894 46.090449
19.363799 46.090449
19.363799 46.31528
19.065894 46.31528
19.065894 46.090449
> AS6
19.065894 45.865617
19.363799 45.865617
19.363799 46.090449
19.065894 46.090449
19.065894 45.865617
> AS7
19.065894 45.640786
19.363799 45.640786
19.363799 45.865617
19.065894 45.865617
19.065894 45.640786
> AS8
19.065894 45.415954
19.363799 45.415954
19.363799 45.640786
19.065894 45.640786
19.065894 45.415954
> AS9
19.065894 45.191123
19.363799 45.191123
19.363799 45.415954
19.065894 45.415954
19.065894 45.191123
> AS10
19.065894 44.966291
19.363799 44.966291
19.363799 45.191123
19.065894 45.191123
19.065894 44.966291
> AS11
19.065894 44.74146
19.363799 44.74146
19.363799 44.966291
19.065894 44.966291
19.065894 44.74146
> AS12
19.065894 44.516628
19.363799 44.516628
19.363799 44.74146
19.065894 44.74146
19.065894 44.516628
> AS13
19.065894 44.291797
19.363799 44.291797
19.363799 44.516628
19.065894 44.516628
19.065894 44.291797
> AS14
19.065894 44.066965
19.363799 44.066965
19.363799 44.291797
19.065894 44.291797
19.065894 44.066965
> AS15
19.065894 43.842134
19.363799 43.842134
19.363799 44.066965
19.065894 44.066965
19.065894 43.842134
> AS16
19.065894 43.617303
19.363799 43.617303
19.363799 43.842134
19.065894 43.842134
19.065894 43.617303
> AS17
19.065894 43.392471
19.363799 43.392471
19.363799 43.617303
19.065894 43.617303
19.065894 43.392471
> AS18
19.065894 43.16764
19.363799 43.16764
19.363799 43.392471
19.065894 43.392471
19.065894 43.16764
> AS19
19.065894 42.942808
19.363799 42.942808
19.363799 43.16764
19.065894 43.16764
19.065894 42.942808
> AS20
19.065894 42.717977
19.363799 42.717977
19.363799 42.942808
19.065894 42.942808
19.065894 42.717977
> AS21
19.065894 42.493145
19.363799 42.493145
19.363799 42.717977
19.065894 42.717977
19.065894 42.493145
> AS22
19.065894 42.268314
19.363799 42.268314
19.363799 42.493145
19.065894 42.493145
19.065894 42.268314
> AS23
19.065894 42.043482
19.363799 42.043482
19.363799 42.268314
19.065894 42.268314
19.065894 42.043482
> AS24
19.065894 41.818651
19.363799 41.818651
19.363799 42.043482
19.065894 42.043482
19.065894 41.818651
> AS25
19.065894 41.593819
19.363799 41.593819
19.363799 41.818651
19.065894 41.818651
19.065894 41.593819
> AS26
19.065894 41.368988
19.363799 41.368988
19.363799 41.593819
19.065894 41.593819
19.065894 41.368988
> AS27
19.065894 41.144156
19.363799 41.144156
19.363799 41.368988
19.065894 41.368988
19.065894 41.144156
> AS28
19.065894 40.919325
19.363799 40.919325
19.363799 41.144156
19.065894 41.144156
19.065894 40.919325
> AS29
19.065894 40.694494
19.363799 40.694494
19.363799 40.919325
19.065894 40.919325
19.065894 40.694494
> AS30
19.065894 40.469662
19.363799 40.469662
19.363799 40.694494
19.065894 40.694494
19.065894 40.469662
> AS31
19.065894 40.244831
19.363799 40.244831
19.363799 40.469662
19.065894 40.469662
19.065894 40.244831
> AS32
19.065894 40.019999
19.363799 40.019999
19.363799 40.244831
19.065894 40.244831
19.065894 40.019999
> AS33
19.065894 39.795168
19.363799 39.795168
19.363799 40.019999
19.065894 40.019999
19.065894 39.795168
> AS34#48.97
19.065894 39.570336
19.363799 39.570336
19.363799 39.795168
19.065894 39.795168
19.065894 39.570336
> AS35#48.97
19.065894 39.345505
19.363799 39.345505
19.363799 39.570336
19.065894 39.570336
19.065894 39.345505
> AS36
19.065894 39.120673
19.363799 39.120673
19.363799 39.345505
19.065894 39.345505
19.065894 39.120673
> AS37
19.065894 38.895842
19.363799 38.895842
19.363799 39.120673
19.065894 39.120673
19.065894 38.895842
> AS38
19.065894 38.67101
19.363799 38.67101
19.363799 38.895842
19.065894 38.895842
19.065894 38.67101
> AS39
19.065894 38.446179
19.363799 38.446179
19.363799 38.67101
19.065894 38.67101
19.065894 38.446179
> AS40
19.065894 38.221348
19.363799 38.221348
19.363799 38.446179
19.065894 38.446179
19.065894 38.221348
> AS41#57.24
19.065894 37.996516
19.363799 37.996516
19.363799 38.221348
19.065894 38.221348
19.065894 37.996516
> AS42#57.24
19.065894 37.771685
19.363799 37.771685
19.363799 37.996516
19.065894 37.996516
19.065894 37.771685
> AS43#57.24
19.065894 37.546853
19.363799 37.546853
19.363799 37.771685
19.065894 37.771685
19.065894 37.546853
> AS44
19.065894 37.322022
19.363799 37.322022
19.363799 37.546853
19.065894 37.546853
19.065894 37.322022
> AS45
19.065894 37.09719
19.363799 37.09719
19.363799 37.322022
19.065894 37.322022
19.065894 37.09719
> AS46
19.065894 36.872359
19.363799 36.872359
19.363799 37.09719
19.065894 37.09719
19.065894 36.872359
> AS47
19.065894 36.647527
19.363799 36.647527
19.363799 36.872359
19.065894 36.872359
19.065894 36.647527
> AS48
19.065894 36.422696
19.363799 36.422696
19.363799 36.647527
19.065894 36.647527
19.065894 36.422696
> AS49
19.065894 36.197864
19.363799 36.197864
19.363799 36.422696
19.065894 36.422696
19.065894 36.197864
> AS50
19.065894 35.973033
19.363799 35.973033
19.363799 36.197864
19.065894 36.197864
19.065894 35.973033
> AS51
19.065894 35.748202
19.363799 35.748202
19.363799 35.973033
19.065894 35.973033
19.065894 35.748202
> AS52
19.065894 35.52337
19.363799 35.52337
19.363799 35.748202
19.065894 35.748202
19.065894 35.52337
> AS53
19.065894 35.298539
19.363799 35.298539
19.363799 35.52337
19.065894 35.52337
19.065894 35.298539
> AS54
19.065894 35.073707
19.363799 35.073707
19.363799 35.298539
19.065894 35.298539
19.065894 35.073707
> AS55
19.065894 34.848876
19.363799 34.848876
19.363799 35.073707
19.065894 35.073707
19.065894 34.848876
> AS56
19.065894 34.624044
19.363799 34.624044
19.363799 34.848876
19.065894 34.848876
19.065894 34.624044
> AT1
19.363799 46.989774
19.661704 46.989774
19.661704 47.214606
19.363799 47.214606
19.363799 46.989774
> AT2
19.363799 46.764943
19.661704 46.764943
19.661704 46.989774
19.363799 46.989774
19.363799 46.764943
> AT3
19.363799 46.540111
19.661704 46.540111
19.661704 46.764943
19.363799 46.764943
19.363799 46.540111
> AT4
19.363799 46.31528
19.661704 46.31528
19.661704 46.540111
19.363799 46.540111
19.363799 46.31528
> AT5
19.363799 46.090449
19.661704 46.090449
19.661704 46.31528
19.363799 46.31528
19.363799 46.090449
> AT6
19.363799 45.865617
19.661704 45.865617
19.661704 46.090449
19.363799 46.090449
19.363799 45.865617
> AT7
19.363799 45.640786
19.661704 45.640786
19.661704 45.865617
19.363799 45.865617
19.363799 45.640786
> AT8
19.363799 45.415954
19.661704 45.415954
19.661704 45.640786
19.363799 45.640786
19.363799 45.415954
> AT9
19.363799 45.191123
19.661704 45.191123
19.661704 45.415954
19.363799 45.415954
19.363799 45.191123
> AT10
19.363799 44.966291
19.661704 44.966291
19.661704 45.191123
19.363799 45.191123
19.363799 44.966291
> AT11
19.363799 44.74146
19.661704 44.74146
19.661704 44.966291
19.363799 44.966291
19.363799 44.74146
> AT12
19.363799 44.516628
19.661704 44.516628
19.661704 44.74146
19.363799 44.74146
19.363799 44.516628
> AT13
19.363799 44.291797
19.661704 44.291797
19.661704 44.516628
19.363799 44.516628
19.363799 44.291797
> AT14
19.363799 44.066965
19.661704 44.066965
19.661704 44.291797
19.363799 44.291797
19.363799 44.066965
> AT15
19.363799 43.842134
19.661704 43.842134
19.661704 44.066965
19.363799 44.066965
19.363799 43.842134
> AT16
19.363799 43.617303
19.661704 43.617303
19.661704 43.842134
19.363799 43.842134
19.363799 43.617303
> AT17
19.363799 43.392471
19.661704 43.392471
19.661704 43.617303
19.363799 43.617303
19.363799 43.392471
> AT18
19.363799 43.16764
19.661704 43.16764
19.661704 43.392471
19.363799 43.392471
19.363799 43.16764
> AT19
19.363799 42.942808
19.661704 42.942808
19.661704 43.16764
19.363799 43.16764
19.363799 42.942808
> AT20
19.363799 42.717977
19.661704 42.717977
19.661704 42.942808
19.363799 42.942808
19.363799 42.717977
> AT21
19.363799 42.493145
19.661704 42.493145
19.661704 42.717977
19.363799 42.717977
19.363799 42.493145
> AT22
19.363799 42.268314
19.661704 42.268314
19.661704 42.493145
19.363799 42.493145
19.363799 42.268314
> AT23
19.363799 42.043482
19.661704 42.043482
19.661704 42.268314
19.363799 42.268314
19.363799 42.043482
> AT24
19.363799 41.818651
19.661704 41.818651
19.661704 42.043482
19.363799 42.043482
19.363799 41.818651
> AT25
19.363799 41.593819
19.661704 41.593819
19.661704 41.818651
19.363799 41.818651
19.363799 41.593819
> AT26
19.363799 41.368988
19.661704 41.368988
19.661704 41.593819
19.363799 41.593819
19.363799 41.368988
> AT27
19.363799 41.144156
19.661704 41.144156
19.661704 41.368988
19.363799 41.368988
19.363799 41.144156
> AT28
19.363799 40.919325
19.661704 40.919325
19.661704 41.144156
19.363799 41.144156
19.363799 40.919325
> AT29
19.363799 40.694494
19.661704 40.694494
19.661704 40.919325
19.363799 40.919325
19.363799 40.694494
> AT30
19.363799 40.469662
19.661704 40.469662
19.661704 40.694494
19.363799 40.694494
19.363799 40.469662
> AT31
19.363799 40.244831
19.661704 40.244831
19.661704 40.469662
19.363799 40.469662
19.363799 40.244831
> AT32
19.363799 40.019999
19.661704 40.019999
19.661704 40.244831
19.363799 40.244831
19.363799 40.019999
> AT33
19.363799 39.795168
19.661704 39.795168
19.661704 40.019999
19.363799 40.019999
19.363799 39.795168
> AT34
19.363799 39.570336
19.661704 39.570336
19.661704 39.795168
19.363799 39.795168
19.363799 39.570336
> AT35
19.363799 39.345505
19.661704 39.345505
19.661704 39.570336
19.363799 39.570336
19.363799 39.345505
> AT36
19.363799 39.120673
19.661704 39.120673
19.661704 39.345505
19.363799 39.345505
19.363799 39.120673
> AT37
19.363799 38.895842
19.661704 38.895842
19.661704 39.120673
19.363799 39.120673
19.363799 38.895842
> AT38
19.363799 38.67101
19.661704 38.67101
19.661704 38.895842
19.363799 38.895842
19.363799 38.67101
> AT39
19.363799 38.446179
19.661704 38.446179
19.661704 38.67101
19.363799 38.67101
19.363799 38.446179
> AT40
19.363799 38.221348
19.661704 38.221348
19.661704 38.446179
19.363799 38.446179
19.363799 38.221348
> AT41
19.363799 37.996516
19.661704 37.996516
19.661704 38.221348
19.363799 38.221348
19.363799 37.996516
> AT42
19.363799 37.771685
19.661704 37.771685
19.661704 37.996516
19.363799 37.996516
19.363799 37.771685
> AT43
19.363799 37.546853
19.661704 37.546853
19.661704 37.771685
19.363799 37.771685
19.363799 37.546853
> AT44
19.363799 37.322022
19.661704 37.322022
19.661704 37.546853
19.363799 37.546853
19.363799 37.322022
> AT45
19.363799 37.09719
19.661704 37.09719
19.661704 37.322022
19.363799 37.322022
19.363799 37.09719
> AT46
19.363799 36.872359
19.661704 36.872359
19.661704 37.09719
19.363799 37.09719
19.363799 36.872359
> AT47
19.363799 36.647527
19.661704 36.647527
19.661704 36.872359
19.363799 36.872359
19.363799 36.647527
> AT48
19.363799 36.422696
19.661704 36.422696
19.661704 36.647527
19.363799 36.647527
19.363799 36.422696
> AT49
19.363799 36.197864
19.661704 36.197864
19.661704 36.422696
19.363799 36.422696
19.363799 36.197864
> AT50
19.363799 35.973033
19.661704 35.973033
19.661704 36.197864
19.363799 36.197864
19.363799 35.973033
> AT51
19.363799 35.748202
19.661704 35.748202
19.661704 35.973033
19.363799 35.973033
19.363799 35.748202
> AT52
19.363799 35.52337
19.661704 35.52337
19.661704 35.748202
19.363799 35.748202
19.363799 35.52337
> AT53
19.363799 35.298539
19.661704 35.298539
19.661704 35.52337
19.363799 35.52337
19.363799 35.298539
> AT54
19.363799 35.073707
19.661704 35.073707
19.661704 35.298539
19.363799 35.298539
19.363799 35.073707
> AT55
19.363799 34.848876
19.661704 34.848876
19.661704 35.073707
19.363799 35.073707
19.363799 34.848876
> AT56
19.363799 34.624044
19.661704 34.624044
19.661704 34.848876
19.363799 34.848876
19.363799 34.624044
>
